timestamp,cpu_total_pct,cpu_core_min,cpu_core_max,cpu_cores_csv,cpu_freq_min_mhz,cpu_freq_max_mhz,cpu_freq_csv,igpu_pct,igpu_ded_mb,igpu_shared_mb,nvidia_gpu_pct,nvidia_mem_pct,nvidia_mem_used_mb,nvidia_mem_total_mb,nvidia_temp_c,nvidia_power_w,nvidia_sm_clk_mhz,nvidia_mem_clk_mhz,nvidia_pcie_gen,nvidia_pcie_width,nvidia_throttle,nvidia_pcie_rx_kbs,nvidia_pcie_tx_kbs,nvidia_pstate,nvidia_power_limit_w,nvidia_sm_clk_max_mhz,nvidia_mem_clk_max_mhz,nvidia_sm_clk_eff_pct,nvidia_mem_clk_eff_pct,nvidia_power_eff_pct,npu_pct,npu_ded_mb,npu_shared_mb,npu_process_count,npu_infer_ms,cpu_throttle_pct,soc_temp_c,rapl_cpu_w,rapl_igpu_w,rapl_npu_w,rapl_soc_w,ram_used_gb,ram_total_gb,l0_gpu_busy,l0_xve_active,l0_xve_stall,l0_xve_occupancy,l0_l3_stall,l0_gpu_freq_mhz,l0_mem_read_gbs,l0_mem_write_gbs,l0_compute_busy,l0_copy_busy,l0_render_busy,zes_gpu_busy,zes_compute_busy,zes_render_busy,zes_copy_busy,zes_media_busy,zes_freq_mhz,zes_mem_used_mb,zes_temp_c,zes_power_w,dram_read_gbs,dram_write_gbs,dram_total_gbs,l3miss_millions,ia_dram_bw_gbs,nonia_dram_bw_gbs,bw_source,dram_page_hit_rate_rd,dram_page_hit_rate_wr,dram_rd_latency_imc_clks,dram_rd_latency_ns,imc_freq_ghz
2026-09-23 14:10:41.577,23.8,0,75,25;60;75;40;25;0;20;0;50;20;0;0;40;25;0;0,1992,4653,4614;4631;4653;4559;2884;2904;2714;2519;3014;2956;2172;2285;2012;2130;1992;2338,6.2,0.0,934.3,0,0,0,0,0,0.0,0,0,0,0,0,0,0,0,0.0,0,0,0,0,0,0.0,0.0,0.0,0,0,0,65.1,0.0,0.0,0.0,0.0,13.6,63.4,72.5482392013073,3.349824197590351,16.0384863615036,16.04740035533905,0.9933799664431717,1799.0,0.0,0.0,0.0,0.0,50.073156843252946,0.0,0.0,0.0,0.0,0.0,450.0,929.6,0.0,0.0,,,,,,,,,,,,
2026-09-23 14:10:42.577,18.6,2,84,43;31;84;8;30;9;10;9;33;10;3;5;8;10;2;3,2080,4701,4652;4666;4701;4632;3009;3118;3217;3260;3029;3084;3090;3240;2080;2147;2528;2641,4.7,0.0,930.7,0,0,0,0,0,0.0,0,0,0,0,0,0,0,0,0.0,0,0,0,0,0,0.0,0.0,0.0,0,0,0,67.1,0.0,0.0,0.0,0.0,13.7,63.4,73.42791809274557,3.7706772468922916,14.749591625912089,12.863921099005731,0.6320499336878368,1118.4835680751173,0.0,0.0,0.0,0.0,49.51203539319546,0.0,0.0,0.0,0.0,0.0,450.0,929.6,0.0,0.0,,,,,,,,,,,,
2026-09-23 14:10:43.577,12.6,0,70,33;14;70;9;18;5;0;0;25;2;0;0;23;0;2;0,981,4659,4184;4338;4561;4659;2785;2408;2381;1562;2618;2339;1604;1463;1454;1194;1137;981,4.7,0.0,930.7,0,0,0,0,0,0.0,0,0,0,0,0,0,0,0,0.0,0,0,0,0,0,0.0,0.0,0.0,0,0,0,64.1,22.6,0.56,0.39,29.25,13.7,63.4,83.59838981893327,4.284253173735407,17.22275366253323,16.366484134727052,1.210127876395321,1180.6666666666667,0.0,0.0,0.5562438091470135,0.060370752546522355,49.6408528423092,0.9,0.0,0.0,0.0,0.0,450.0,930.7,0.0,0.0,,,,,,,,,,,,
2026-09-23 14:10:44.578,14.7,0,91,37;28;91;8;23;8;0;0;32;0;0;0;6;3;0;0,948,4681,4253;4555;4629;4681;3014;2244;2422;3032;2823;1980;2051;2074;1284;1020;1011;948,4.4,0.0,928.1,0,0,0,0,0,0.0,0,0,0,0,0,0,0,0,0.0,0,0,0,0,0,0.0,0.0,0.0,0,0,0,61.1,22.6,0.56,0.39,29.25,13.9,63.4,69.18621043750218,4.550006688748087,17.967417335510255,17.433472450801304,1.5793067041546704,1268.4285714285713,0.0,0.0,0.5717882754653693,0.0048091844149998255,49.87618507916906,0.7,0.0,0.0,0.0,0.0,450.0,928.1,0.0,0.0,,,,,,,,,,,,
2026-09-23 14:10:45.581,18.0,0,94,42;39;94;11;28;5;3;5;44;6;0;0;12;0;0;0,984,4727,4544;4696;4709;4727;3263;2388;2224;3140;3271;2625;2832;1809;1564;1279;1072;984,4.1,0.0,945.1,0,0,0,0,0,0.0,0,0,0,0,0,0,0,0,0.0,0,0,0,0,0,0.0,0.0,0.0,0,0,0,61.1,22.6,0.56,0.39,29.25,14.3,63.4,76.7626045536874,4.353051072960426,17.362222014344887,16.455831132488807,1.1256811875955741,1152.5532994923858,0.0,0.0,0.0,0.0,52.000558624299345,0.7,0.0,0.0,0.0,0.0,450.0,945.1,0.0,0.0,,,,,,,,,,,,
2026-09-23 14:10:46.581,19.4,0,89,29;45;89;8;38;8;0;0;34;3;0;0;56;0;0;0,1583,4726,4502;4662;4692;4726;3163;2654;2288;2280;3233;2386;2524;2074;2737;1583;2370;1649,4.4,0.0,1196.1,0,0,0,0,0,0.0,0,0,0,0,0,0,0,0,0.0,0,0,0,0,0,0.0,0.0,0.0,0,0,0,56.1,22.6,0.56,0.39,29.25,15.9,63.4,75.78922915694737,4.015038379569455,16.823475530241975,15.536385553824429,1.0001761082608522,1133.4059405940593,0.0,0.0,0.0,0.0,50.70778357525273,0.7,0.0,0.0,0.0,0.0,450.0,945.1,0.0,0.0,,,,,,,,,,,,
2026-09-23 14:10:47.582,13.5,0,94,42;12;94;5;29;2;0;0;23;2;0;0;8;0;0;0,999,4717,4211;4613;4670;4717;3122;2764;2630;2249;3075;2299;2673;2091;1557;1138;1012;999,4.7,0.0,3269.5,0,0,0,0,0,0.0,0,0,0,0,0,0,0,0,0.0,0,0,0,0,0,0.0,0.0,0.0,0,0,0,56.1,19.18,0.21,0.4,24.05,18.0,63.4,73.97480151836689,4.138317237550822,17.472963705429663,16.33957966459103,1.262516221241542,1142.5897435897436,0.0,0.0,0.0,0.0,50.449432270419905,0.7,0.0,0.0,0.0,0.0,450.0,2794.0,0.0,0.0,,,,,,,,,,,,
2026-09-23 14:10:48.582,21.2,0,77,33;25;77;12;36;19;22;14;27;30;12;0;17;9;5;0,1965,4640,4472;4595;4620;4640;3138;3260;3282;3360;3087;3191;3301;2800;2719;2811;1965;1991,4.5,0.0,4868.9,0,0,0,0,0,0.0,0,0,0,0,0,0,0,0,0.0,0,0,0,0,0,0.0,0.0,0.0,0,0,0,52.1,19.18,0.21,0.4,24.05,17.8,63.4,77.09388118725644,3.8946486545067156,16.181634215076574,14.601034795696085,0.8114393259621165,1149.2392344497607,0.0,0.0,0.0,0.0,50.46529667881545,0.7,0.0,0.0,0.0,0.0,450.0,4840.2,0.0,0.0,,,,,,,,,,,,
2026-09-23 14:10:49.582,6.9,0,42,22;5;42;6;12;3;0;0;20;0;0;0;2;0;0;0,1028,4672,3390;4148;4376;4672;2014;1682;1283;1254;1810;1409;1320;1355;1153;1114;1028;1128,4.7,0.0,4879.7,0,0,0,0,0,0.0,0,0,0,0,0,0,0,0,0.0,0,0,0,0,0,0.0,0.0,0.0,0,0,0,39.1,19.18,0.21,0.4,24.05,17.8,63.4,72.37493114960499,3.9881223862799695,16.96113042831421,15.6647106442696,1.2088938277008054,1184.128205128205,0.0,0.0,0.0,0.0,50.424151361294285,0.8,0.4,0.0,0.0,0.0,450.0,4878.7,0.0,0.0,,,,,,,,,,,,
2026-09-23 14:10:50.583,8.2,0,48,27;5;48;3;22;3;0;0;17;0;0;0;6;0;0;0,1017,4681,3670;4071;4415;4681;2152;1696;1954;1721;2189;2712;1395;1800;1153;1017;1146;1066,4.8,0.0,4879.7,0,0,0,0,0,0.0,0,0,0,0,0,0,0,0,0.0,0,0,0,0,0,0.0,0.0,0.0,0,0,0,39.1,19.18,0.21,0.4,24.05,17.8,63.4,98.18355699018998,3.740833792594845,15.305668782389334,13.744827392426403,1.013802088581529,1108.5693779904307,0.0,0.0,0.0,0.0,50.499385340504666,0.7,0.0,0.0,0.0,0.0,450.0,4879.7,0.0,0.0,,,,,,,,,,,,
2026-09-23 14:10:51.583,12.7,0,75,33;16;75;5;28;6;2;0;24;2;0;0;12;0;0;0,912,4696,4050;4569;4566;4696;2852;2806;2316;2083;2788;2596;2009;1769;1952;1266;1045;912,5.4,0.0,4889.2,0,0,0,0,0,0.0,0,0,0,0,0,0,0,0,0.0,0,0,0,0,0,0.0,0.0,0.0,0,0,0,50.1,12.15,0.11,0.35,15.99,17.9,63.4,97.83500144186985,4.522652349863829,19.27204356568583,18.25390776355615,1.5193463846347217,1152.6516853932585,0.0,0.0,0.0,0.0,50.220416595301266,0.7,0.0,0.0,0.0,0.0,450.0,4878.7,0.0,0.0,,,,,,,,,,,,
2026-09-23 14:10:52.584,8.1,0,48,29;8;48;6;18;3;0;0;12;2;0;0;3;0;0;0,992,4598,3531;4281;4423;4598;2303;1523;2134;2965;2296;1705;1352;1486;1637;1134;1021;992,4.9,0.0,4883.9,0,0,0,0,0,0.0,0,0,0,0,0,0,0,0,0.0,0,0,0,0,0,0.0,0.0,0.0,0,0,0,41.1,12.15,0.11,0.35,15.99,17.9,63.4,97.93584851312903,4.189134851305527,17.370038886809482,16.178604940649684,1.6036609530454766,1133.63687150838,0.0,0.0,0.0,0.0,50.53666005837185,0.8,0.0,0.0,0.0,0.0,450.0,4886.6,0.0,0.0,,,,,,,,,,,,
2026-09-23 14:10:53.584,8.0,0,53,23;9;53;5;19;2;0;0;16;0;0;0;2;0;0;0,862,4438,3756;4287;4322;4438;2361;1909;1893;1954;2366;2417;1879;1774;981;1036;862;1027,6.9,0.0,4884.4,0,0,0,0,0,0.0,0,0,0,0,0,0,0,0,0.0,0,0,0,0,0,0.0,0.0,0.0,0,0,0,38.1,12.15,0.11,0.35,15.99,18.0,63.4,95.91284664874802,5.674769228435881,19.19761503923873,18.389731642837347,1.5527870641833665,1380.336405529954,0.0,0.0,12.032250377268012,0.0,45.942785574734984,0.8,0.0,0.0,0.0,0.0,450.0,4886.6,0.0,0.0,,,,,,,,,,,,
2026-09-23 14:10:54.585,25.6,2,88,52;48;88;27;36;30;11;8;41;18;3;5;34;5;3;2,1243,4170,3957;3959;4170;4017;2902;2830;2775;2785;2788;2737;2838;2410;1575;1344;1243;1787,6.9,0.0,4884.4,0,0,0,0,0,0.0,0,0,0,0,0,0,0,0,0.0,0,0,0,0,0,0.0,0.0,0.0,0,0,0,45.1,12.15,0.11,0.35,15.99,18.0,63.4,96.73574612829421,8.91757238018637,30.703610330290264,29.118663236103536,17.71709539023564,1799.0,0.0,0.0,41.373288535159084,0.0,38.47661223928745,3.5,19.5,0.0,0.0,0.0,450.0,4899.2,0.0,0.0,3.704,1.432,5.136,23.228,1.487,3.649,emon,0.881,0.679,22.0,10.3,2.13
2026-09-23 14:10:55.585,19.5,2,78,52;39;78;18;25;11;6;8;38;8;2;3;18;2;2;5,1298,4180,3998;4046;4180;4048;2843;2479;2895;3050;2854;2764;3087;3279;1446;1577;1393;1298,97.0,0.0,4899.2,0,0,0,0,0,0.0,0,0,0,0,0,0,0,0,0.0,0,0,0,0,0,0.0,0.0,0.0,0,0,0,44.1,12.26,5.08,0.37,24.21,18.0,63.4,97.72629860745434,9.19831427047636,32.900026356161334,31.342435448646228,18.60564985774337,1804.4054054054054,0.0,0.0,40.4357990519639,0.26415751247332364,37.54024708905935,14.0,95.0,0.0,0.0,0.0,450.0,4899.2,0.0,0.0,3.704,1.432,5.136,23.228,1.487,3.649,emon,0.881,0.679,22.0,10.3,2.13
2026-09-23 14:10:56.585,7.3,0,45,28;5;45;0;17;0;0;0;17;0;0;0;4;0;0;0,1116,4193,3156;3562;4193;3993;1846;1803;1623;1194;1830;1910;1462;1380;1142;1162;1116;1174,55.2,0.0,4920.6,0,0,0,0,0,0.0,0,0,0,0,0,0,0,0,0.0,0,0,0,0,0,0.0,0.0,0.0,0,0,0,41.1,12.26,5.08,0.37,24.21,18.0,63.4,76.68843475747224,2.755237346726519,11.545532911871943,9.908494363264474,0.6001524326232923,1120.256038647343,0.0,0.0,0.0,0.0,51.458309279979716,10.9,72.7,0.0,0.0,0.0,450.0,4920.6,0.0,0.0,3.704,1.432,5.136,23.228,1.487,3.649,emon,0.881,0.679,22.0,10.3,2.13
2026-09-23 14:10:57.586,6.3,0,29,22;8;29;3;15;2;0;0;16;2;0;0;5;0;0;0,945,3490,2146;2622;3490;2538;1362;1532;997;945;1307;2495;1251;1296;1192;1171;1083;1030,4.8,0.0,4916.6,0,0,0,0,0,0.0,0,0,0,0,0,0,0,0,0.0,0,0,0,0,0,0.0,0.0,0.0,0,0,0,36.1,12.26,5.08,0.37,24.21,18.0,63.4,72.47578697545188,8.298643120048967,23.154244124889374,23.1652008623683,1.0771371175690416,1141.4107142857142,0.0,0.0,0.0,0.0,51.97003888378718,0.7,0.0,0.0,0.0,0.0,450.0,4916.6,0.0,0.0,3.704,1.432,5.136,23.228,1.487,3.649,emon,0.881,0.679,22.0,10.3,2.13
2026-09-23 14:10:58.586,7.0,0,31,15;8;31;6;12;3;0;0;15;0;0;0;21;0;0;0,1039,3126,2157;2328;3126;2095;1329;1314;1148;1133;1506;1085;1072;1039;2449;1175;1078;1154,4.8,0.0,4905.9,0,0,0,0,0,0.0,0,0,0,0,0,0,0,0,0.0,0,0,0,0,0,0.0,0.0,0.0,0,0,0,34.1,12.26,5.08,0.37,24.21,18.0,63.4,98.4425557454427,9.852058860636724,24.483267890779597,24.87281560139698,0.8256413626357946,1180.578947368421,0.0,0.0,0.0,0.0,54.768070158728385,0.7,0.0,0.0,0.0,0.0,450.0,4908.6,0.0,0.0,3.704,1.432,5.136,23.228,1.487,3.649,emon,0.881,0.679,22.0,10.3,2.13
2026-09-23 14:10:59.586,10.6,0,38,18;12;38;12;16;8;5;8;15;10;3;0;18;6;0;0,1181,4389,3391;3884;4140;4389;1983;2552;2751;2987;2015;2959;2865;2117;1817;2243;1181;1429,4.5,0.0,4905.9,0,0,0,0,0,0.0,0,0,0,0,0,0,0,0,0.0,0,0,0,0,0,0.0,0.0,0.0,0,0,0,47.1,6.12,0.67,0.34,10.38,18.0,63.4,98.48522041783188,8.844756069000471,20.336595301375244,19.437515075911175,0.4762720891391809,1114.909090909091,0.0,0.0,0.0,0.0,54.156436717871465,0.7,0.0,0.0,0.0,0.0,450.0,4905.9,0.0,0.0,3.704,1.432,5.136,23.228,1.487,3.649,emon,0.881,0.679,22.0,10.3,2.13
2026-09-23 14:11:00.587,11.1,0,47,25;18;47;6;23;5;0;0;31;2;0;0;12;3;3;3,1597,4248,3691;4188;4248;4010;2543;2138;2059;1720;2504;2615;1941;1917;1876;1597;1601;1612,5.1,0.0,4903.9,0,0,0,0,0,0.0,0,0,0,0,0,0,0,0,0.0,0,0,0,0,0,0.0,0.0,0.0,0,0,0,39.1,6.12,0.67,0.34,10.38,18.3,63.4,98.05284443730893,8.716786783075204,20.625063761420872,20.07285522468712,0.6948458129185778,1147.695652173913,0.0,0.0,0.0,0.0,51.60546707964462,0.7,0.0,0.0,0.0,0.0,450.0,4905.9,0.0,0.0,3.704,1.432,5.136,23.228,1.487,3.649,emon,0.881,0.679,22.0,10.3,2.13
2026-09-23 14:11:01.587,24.2,6,90,48;24;90;21;24;12;11;8;24;14;6;6;26;25;25;25,1557,4409,4152;4155;4409;4209;2032;1571;1628;2092;2436;2427;1676;1638;1570;1557;1626;1622,10.9,0.0,9858.4,0,0,0,0,0,0.0,0,0,0,0,0,0,0,0,0.0,0,0,0,0,0,0.0,0.0,0.0,0,0,0,51.1,6.12,0.67,0.34,10.38,23.5,63.4,96.3837090286554,20.533788206920125,16.889263957154515,29.80521132275949,0.20532653999031425,1727.7581699346406,0.0,0.0,25.240363644827095,0.0,28.514580176835818,3.2,8.9,0.0,0.0,0.0,450.0,5624.5,0.0,0.0,3.704,1.432,5.136,23.228,1.487,3.649,emon,0.881,0.679,22.0,10.3,2.13
2026-09-23 14:11:02.587,10.1,0,53,53;17;39;5;26;0;0;0;16;0;0;0;6;0;0;0,910,3203,3030;3203;3082;3036;2039;1713;1147;2188;2049;1477;2326;2243;1170;971;910;927,2.5,0.0,10593.7,0,0,0,0,0,0.0,0,0,0,0,0,0,0,0,0.0,0,0,0,0,0,0.0,0.0,0.0,0,0,0,44.1,11.82,6.62,0.37,22.66,23.5,63.4,100.00903710335359,24.920568711141065,16.51753997481992,34.24230528272054,0.7168610149455745,1814.2466367713005,0.0,0.0,34.369469770026754,0.0,37.01915286858551,9.4,61.5,0.0,0.0,0.0,450.0,10593.7,0.0,0.0,3.704,1.432,5.136,23.228,1.487,3.649,emon,0.881,0.679,22.0,10.3,2.13
2026-09-23 14:11:03.588,11.5,0,59,59;12;38;2;41;5;0;0;25;0;0;0;2;0;0;0,942,3514,3069;3514;2998;3146;1763;1383;1370;2697;1784;1728;2028;1269;1174;1048;1046;942,2.3,0.0,10594.7,0,0,0,0,0,0.0,0,0,0,0,0,0,0,0,0.0,0,0,0,0,0,0.0,0.0,0.0,0,0,0,42.1,11.82,6.62,0.37,22.66,23.5,63.4,99.99647467232606,21.879743887199247,20.10985077282773,33.93640153985387,0.8341836085070067,1843.1704035874438,0.0,0.0,33.48591144676863,0.0,36.81664440021272,14.2,97.1,0.0,0.0,0.0,450.0,10593.7,0.0,0.0,3.704,1.432,5.136,23.228,1.487,3.649,emon,0.881,0.679,22.0,10.3,2.13
2026-09-23 14:11:04.588,11.2,0,48,42;17;48;8;20;3;0;0;34;0;0;0;6;0;0;0,909,3208,3207;2912;3055;3208;1990;1621;1122;2467;1752;1498;1505;1414;1240;1001;989;909,2.3,0.0,10594.7,0,0,0,0,0,0.0,0,0,0,0,0,0,0,0,0.0,0,0,0,0,0,0.0,0.0,0.0,0,0,0,41.1,11.82,6.62,0.37,22.66,23.5,63.4,100.0009660009128,19.479181796882244,21.391215210085484,32.43074492003713,0.809897450425266,1847.5074626865671,0.0,0.0,37.60677221525502,0.0,38.17832814506007,14.2,97.2,0.0,0.0,0.0,450.0,10590.6,0.0,0.0,3.704,1.432,5.136,23.228,1.487,3.649,emon,0.881,0.679,22.0,10.3,2.13
2026-09-23 14:11:05.588,12.3,0,45,45;25;42;9;22;3;2;0;22;9;3;0;9;3;2;2,897,3150,2922;3056;2860;3150;1729;1435;1249;1555;1886;1518;1061;1623;1121;1046;1005;897,2.2,0.0,10589.5,0,0,0,0,0,0.0,0,0,0,0,0,0,0,0,0.0,0,0,0,0,0,0.0,0.0,0.0,0,0,0,43.1,11.82,6.62,0.37,22.66,23.5,63.4,100.00337360881049,24.668036415768228,16.390709755792898,34.14913126851436,0.7690043050249575,1849.0,0.0,0.0,35.331912962075336,0.0,36.639149747706,14.2,97.1,0.0,0.0,0.0,450.0,10592.2,0.0,0.0,3.704,1.432,5.136,23.228,1.487,3.649,emon,0.881,0.679,22.0,10.3,2.13
2026-09-23 14:11:06.589,12.3,0,48,48;23;42;6;23;0;0;2;36;5;0;0;10;0;2;0,988,3584,3158;3312;3022;3584;1855;1579;1730;2205;1781;1951;1036;1324;1220;988;989;1074,2.2,0.0,10590.5,0,0,0,0,0,0.0,0,0,0,0,0,0,0,0,0.0,0,0,0,0,0,0.0,0.0,0.0,0,0,0,43.1,5.49,24.11,0.36,34.45,23.5,63.4,100.00687421738894,23.7794623110664,16.058698212643534,33.13508956393921,0.7062240922239443,1849.0,0.0,0.0,38.945950251942314,0.0,39.62148345408053,14.2,97.2,0.0,0.0,0.0,450.0,10593.2,0.0,0.0,4.322,3.367,7.689,20.568,1.316,6.373,emon,0.621,0.544,237.1,110.2,2.152
2026-09-23 14:11:07.590,10.1,0,48,48;15;41;5;14;2;0;0;36;2;0;0;0;0;0;0,908,3601,3008;3601;3091;3493;1651;1365;1491;1174;1960;1895;2232;1267;1096;1047;1331;908,2.2,0.0,10589.5,0,0,0,0,0,0.0,0,0,0,0,0,0,0,0,0.0,0,0,0,0,0,0.0,0.0,0.0,0,0,0,41.1,5.49,24.11,0.36,34.45,23.5,63.4,99.96902094336704,22.23882039897729,20.09609822827484,34.362564805914595,0.6611711722203236,1837.4816753926702,0.0,0.0,32.29618022388033,0.0,32.483517218272276,14.2,97.1,0.0,0.0,0.0,450.0,10589.5,0.0,0.0,4.322,3.367,7.689,20.568,1.316,6.373,emon,0.621,0.544,237.1,110.2,2.152
2026-09-23 14:11:08.590,12.1,0,49,38;27;49;8;22;12;0;2;14;5;0;0;9;6;0;0,992,3505,2978;3194;3080;3505;1757;1928;1872;1225;1705;1431;1532;3120;1250;1166;999;992,2.3,0.0,10589.5,0,0,0,0,0,0.0,0,0,0,0,0,0,0,0,0.0,0,0,0,0,0,0.0,0.0,0.0,0,0,0,42.1,5.49,24.11,0.36,34.45,23.5,63.4,100.01042893088075,28.924536022352132,14.435748094637718,37.42544805086576,0.4226924154808271,1820.8934911242604,0.0,0.0,31.72923703931724,0.0,31.43716358245406,14.2,97.2,0.0,0.0,0.0,450.0,10589.5,0.0,0.0,4.322,3.367,7.689,20.568,1.316,6.373,emon,0.621,0.544,237.1,110.2,2.152
2026-09-23 14:11:09.591,13.2,0,52,16;52;47;8;2;33;4;0;2;31;2;2;0;12;2;2,807,3206,3206;3056;2968;3133;1198;1659;1622;1309;858;1856;1373;1386;857;1036;854;807,2.4,0.0,10589.5,0,0,0,0,0,0.0,0,0,0,0,0,0,0,0,0.0,0,0,0,0,0,0.0,0.0,0.0,0,0,0,41.1,5.49,24.11,0.36,34.45,23.5,63.4,100.00736727033343,32.884967971254476,13.972930567605156,41.28637416331799,0.17091123528125418,1799.0,0.0,0.0,32.21416264749888,0.0,27.057159941995817,14.2,97.2,0.0,0.0,0.0,450.0,10589.5,0.0,0.0,4.322,3.367,7.689,20.568,1.316,6.373,emon,0.621,0.544,237.1,110.2,2.152
2026-09-23 14:11:10.591,10.4,0,58,14;58;41;6;0;22;2;0;0;17;0;0;0;6;0;0,726,3493,3493;3032;3087;3102;1323;1799;1510;1379;1185;1904;1687;1263;726;1157;1042;813,2.6,0.0,10590.5,0,0,0,0,0,0.0,0,0,0,0,0,0,0,0,0.0,0,0,0,0,0,0.0,0.0,0.0,0,0,0,40.1,5.21,24.06,0.36,33.89,23.5,63.4,99.99150375940809,23.75761732882255,17.61984915713386,32.87418556225848,0.7863739183889585,1799.0,0.0,0.0,36.305435037777166,0.0,35.891228068985896,14.2,97.1,0.0,0.0,0.0,450.0,10589.5,0.0,0.0,4.322,3.367,7.689,20.568,1.316,6.373,emon,0.621,0.544,237.1,110.2,2.152
2026-09-23 14:11:11.592,11.4,0,52,16;52;36;8;0;35;3;0;0;25;2;0;0;6;0;0,814,3631,3151;3177;3428;3631;1351;1693;1728;1365;1279;1909;1704;1547;814;1072;893;846,2.6,0.0,10589.1,0,0,0,0,0,0.0,0,0,0,0,0,0,0,0,0.0,0,0,0,0,0,0.0,0.0,0.0,0,0,0,42.1,5.21,24.06,0.36,33.89,23.5,63.4,100.00451288467798,23.140302258700597,16.95302943912618,32.112392631042134,0.763445290712974,1799.0,0.0,0.0,37.28623908585204,0.0,38.68457361017391,14.2,97.1,0.0,0.0,0.0,450.0,10589.1,0.0,0.0,4.322,3.367,7.689,20.568,1.316,6.373,emon,0.621,0.544,237.1,110.2,2.152
2026-09-23 14:11:12.592,11.9,0,50,22;50;43;3;0;27;5;0;0;27;5;0;0;10;0;0,1102,3699,3289;3001;3192;3699;1333;1748;1479;2062;1353;1878;1683;2622;1102;1256;1118;1210,2.5,0.0,10588.8,0,0,0,0,0,0.0,0,0,0,0,0,0,0,0,0.0,0,0,0,0,0,0.0,0.0,0.0,0,0,0,42.1,5.21,24.06,0.36,33.89,23.5,63.4,99.95981523982381,21.162017707909524,19.330100889436928,31.01565700289906,0.8410029722841708,1799.0,0.0,0.0,37.99714971693623,0.0,39.617888686474494,14.2,97.1,0.0,0.0,0.0,450.0,10588.5,0.0,0.0,4.322,3.367,7.689,20.568,1.316,6.373,emon,0.621,0.544,237.1,110.2,2.152
2026-09-23 14:11:13.593,11.9,0,75,5;75;34;3;0;22;5;0;2;27;5;0;0;14;0;0,837,3451,3451;3330;3081;3194;1525;1732;1326;1687;1862;1842;2006;1114;964;1078;837;964,2.3,0.0,10589.8,0,0,0,0,0,0.0,0,0,0,0,0,0,0,0,0.0,0,0,0,0,0,0.0,0.0,0.0,0,0,0,39.1,5.21,24.06,0.36,33.89,23.5,63.4,100.01555214739861,23.680888022930223,18.571582661283777,34.91817522651338,0.7314241985730985,1799.0,0.0,0.0,36.07179765151913,0.0,35.31908411453176,14.2,97.0,0.0,0.0,0.0,450.0,10588.8,0.0,0.0,4.322,3.367,7.689,20.568,1.316,6.373,emon,0.621,0.544,237.1,110.2,2.152
2026-09-23 14:11:14.593,13.0,0,49,15;48;49;14;0;27;8;3;0;31;2;2;0;8;0;2,972,3218,3139;2622;2967;3218;1439;1834;1899;1540;2094;1948;2119;2685;972;1318;1249;1158,2.3,0.0,10589.8,0,0,0,0,0,0.0,0,0,0,0,0,0,0,0,0.0,0,0,0,0,0,0.0,0.0,0.0,0,0,0,40.1,5.95,22.95,0.36,33.81,23.5,63.4,100.04989836531686,26.45640944264676,16.232664552453446,35.65089524214126,0.676678496953015,1799.0,0.0,0.0,35.936840345611,0.0,35.18470311568585,14.2,97.1,0.0,0.0,0.0,450.0,10588.8,0.0,0.0,4.322,3.367,7.689,20.568,1.316,6.373,emon,0.621,0.544,237.1,110.2,2.152
2026-09-23 14:11:15.594,10.6,0,58,8;58;42;5;0;14;3;0;0;33;0;0;0;8;0;0,753,3215,3214;2730;2944;3215;1431;1766;1573;1382;1432;1870;1487;1570;753;1114;951;921,2.4,0.0,10589.8,0,0,0,0,0,0.0,0,0,0,0,0,0,0,0,0.0,0,0,0,0,0,0.0,0.0,0.0,0,0,0,41.1,5.95,22.95,0.36,33.81,23.5,63.4,99.88092398528316,25.30972860817424,15.294662885043932,33.100672603805286,0.6082313593321228,1799.0,0.0,0.0,33.68291740869464,0.0,35.29823887852721,14.2,97.0,0.0,0.0,0.0,450.0,10588.7,0.0,0.0,4.322,3.367,7.689,20.568,1.316,6.373,emon,0.621,0.544,237.1,110.2,2.152
2026-09-23 14:11:16.595,10.7,0,55,11;55;52;3;0;16;0;0;0;25;0;0;0;9;0;0,721,3371,3196;3020;3218;3371;1252;1888;1427;1467;1434;1902;1270;1973;721;1179;956;895,2.3,0.0,10589.7,0,0,0,0,0,0.0,0,0,0,0,0,0,0,0,0.0,0,0,0,0,0,0.0,0.0,0.0,0,0,0,39.1,5.95,22.95,0.36,33.81,23.5,63.4,99.9969826564994,23.391144238332267,18.94026034878146,34.49329470210178,0.5855510145493392,1801.6881720430108,0.0,0.0,32.10332051402969,0.0,31.771239528472897,14.2,97.1,0.0,0.0,0.0,450.0,10588.6,0.0,0.0,4.322,3.367,7.689,20.568,1.316,6.373,emon,0.621,0.544,237.1,110.2,2.152
2026-09-23 14:11:17.595,13.5,0,46,20;42;46;12;0;33;3;0;0;42;3;0;2;8;2;2,798,3196,3196;3053;3051;3038;1212;1545;1469;1580;1314;1678;1630;2122;798;1210;1088;809,2.2,0.0,10589.6,0,0,0,0,0,0.0,0,0,0,0,0,0,0,0,0.0,0,0,0,0,0,0.0,0.0,0.0,0,0,0,41.1,5.95,22.95,0.36,33.81,23.5,63.4,99.99414703811425,34.31079362786335,13.477414521618165,42.16837435183318,0.15260990980364705,1799.0,0.0,0.0,30.883308512448888,0.0,23.612409623947155,14.2,97.1,0.0,0.0,0.0,450.0,10588.6,0.0,0.0,4.096,3.285,7.381,18.236,1.167,6.214,emon,0.625,0.552,250.1,117.2,2.134
2026-09-23 14:11:18.595,10.1,0,48,15;40;48;3;0;20;6;0;0;16;2;0;0;11;0;0,936,3517,2945;2895;2999;3517;1745;1701;1807;1170;2512;1821;2451;1539;936;1123;1034;1052,2.4,0.0,10588.6,0,0,0,0,0,0.0,0,0,0,0,0,0,0,0,0.0,0,0,0,0,0,0.0,0.0,0.0,0,0,0,41.1,5.1,23.48,0.36,33.12,23.5,63.4,99.99006117374525,19.04891224926628,23.92101651812912,33.596943183366314,1.030572219956303,1804.5045871559632,0.0,0.0,34.70828684131346,0.0,37.217264653737885,14.2,97.2,0.0,0.0,0.0,450.0,10588.6,0.0,0.0,4.096,3.285,7.381,18.236,1.167,6.214,emon,0.625,0.552,250.1,117.2,2.134
2026-09-23 14:11:19.596,10.3,0,58,14;58;26;6;0;23;6;0;0;22;5;0;0;3;0;0,954,3276,3276;2881;2926;3107;1345;1577;1285;1409;1536;1847;1490;1216;1085;1044;954;1009,2.5,0.0,10588.6,0,0,0,0,0,0.0,0,0,0,0,0,0,0,0,0.0,0,0,0,0,0,0.0,0.0,0.0,0,0,0,40.1,5.1,23.48,0.36,33.12,23.5,63.4,99.98838588169643,23.388763441650994,16.707317633044962,32.84149711168542,0.5946206596195318,1800.0204081632653,0.0,0.0,35.80347665064797,0.0,39.15847591095003,14.2,97.1,0.0,0.0,0.0,450.0,10588.6,0.0,0.0,4.096,3.285,7.381,18.236,1.167,6.214,emon,0.625,0.552,250.1,117.2,2.134
2026-09-23 14:11:20.596,10.3,0,55,15;55;33;2;0;31;5;0;0;17;0;0;0;8;0;0,876,3488,2734;2884;3169;3488;1638;1648;1557;1309;1284;2158;1649;1324;919;1170;876;1044,2.6,0.0,10589.6,0,0,0,0,0,0.0,0,0,0,0,0,0,0,0,0.0,0,0,0,0,0,0.0,0.0,0.0,0,0,0,43.1,5.1,23.48,0.36,33.12,23.5,63.4,99.98708359139864,25.090424085028285,15.41964010234739,34.40497211672243,0.6610759265761876,1830.967213114754,0.0,0.0,34.32655684086952,0.0,37.20197763552637,14.2,97.1,0.0,0.0,0.0,450.0,10588.6,0.0,0.0,4.096,3.285,7.381,18.236,1.167,6.214,emon,0.625,0.552,250.1,117.2,2.134
2026-09-23 14:11:21.596,11.8,0,55,18;55;38;5;0;27;3;2;0;33;2;0;0;6;0;0,653,3598,3598;3040;3136;3592;1746;1997;1560;2172;2217;1946;1801;1809;653;1139;834;964,2.6,0.0,10588.7,0,0,0,0,0,0.0,0,0,0,0,0,0,0,0,0.0,0,0,0,0,0,0.0,0.0,0.0,0,0,0,43.1,5.36,23.47,0.36,33.72,23.5,63.4,99.9985302445156,18.527248247724415,21.027233523870606,29.781296610345247,0.8652831526089679,1836.5816993464052,0.0,0.0,37.215096670084215,0.0,39.11108250774234,14.2,97.1,0.0,0.0,0.0,450.0,10588.6,0.0,0.0,4.096,3.285,7.381,18.236,1.167,6.214,emon,0.625,0.552,250.1,117.2,2.134
2026-09-23 14:11:22.597,10.7,0,50,8;50;36;8;0;28;3;0;0;37;0;0;0;2;0;0,904,3212,2872;2605;2986;3212;1299;1868;1679;1442;1607;2086;1691;1468;952;1148;904;1021,2.3,0.0,10588.7,0,0,0,0,0,0.0,0,0,0,0,0,0,0,0,0.0,0,0,0,0,0,0.0,0.0,0.0,0,0,0,42.1,5.36,23.47,0.36,33.72,23.5,63.4,99.99441534573914,23.897160016610975,16.88623116104329,32.89973439209041,0.7004972351161519,1831.7868852459017,0.0,0.0,36.360172203822124,0.0,37.03072710064589,14.2,97.0,0.0,0.0,0.0,450.0,10588.7,0.0,0.0,4.096,3.285,7.381,18.236,1.167,6.214,emon,0.625,0.552,250.1,117.2,2.134
2026-09-23 14:11:23.597,12.0,0,51,12;46;33;10;0;34;2;0;0;51;2;0;0;4;0;0,835,3264,2956;2964;2950;3264;2307;1881;1377;2652;2602;1938;1535;1529;835;1104;948;1052,2.3,0.0,10589.7,0,0,0,0,0,0.0,0,0,0,0,0,0,0,0,0.0,0,0,0,0,0,0.0,0.0,0.0,0,0,0,42.1,5.36,23.47,0.36,33.72,23.5,63.4,100.00153482504908,27.600700150097385,15.337139065495602,36.91095108398931,0.6056074923504768,1844.4314720812183,0.0,0.0,34.369600316773166,0.0,32.447960448139064,14.2,97.2,0.0,0.0,0.0,450.0,10588.7,0.0,0.0,4.096,3.285,7.381,18.236,1.167,6.214,emon,0.625,0.552,250.1,117.2,2.134
2026-09-23 14:11:24.598,14.6,0,48,18;48;48;14;0;38;2;2;0;40;8;0;0;14;2;2,944,3522,3522;3108;2841;3156;1371;1756;1693;1565;1368;1869;1540;1207;944;1067;980;1007,2.3,0.0,10589.7,0,0,0,0,0,0.0,0,0,0,0,0,0,0,0,0.0,0,0,0,0,0,0.0,0.0,0.0,0,0,0,42.1,5.36,23.47,0.36,33.72,23.5,63.4,100.00134361621946,27.175930337265655,17.613059413987536,35.400856656737105,0.7526531267097643,1834.4651162790697,0.0,0.0,31.199896644898367,0.0,30.158148861340567,14.2,97.2,0.0,0.0,0.0,450.0,10588.7,0.0,0.0,4.096,3.285,7.381,18.236,1.167,6.214,emon,0.625,0.552,250.1,117.2,2.134
2026-09-23 14:11:25.598,11.0,0,51,8;51;38;8;2;14;3;2;0;33;5;0;0;9;3;2,815,3366,3051;2724;2980;3366;2225;1823;1994;2166;1174;1924;1928;1197;879;1187;815;867,2.2,0.0,10589.7,0,0,0,0,0,0.0,0,0,0,0,0,0,0,0,0.0,0,0,0,0,0,0.0,0.0,0.0,0,0,0,40.1,4.96,23.76,0.36,33.48,23.5,63.4,99.99607386095771,27.19835755578403,20.12586658740866,39.474867748392036,0.4398457125311011,1815.551724137931,0.0,0.0,30.78089891428385,0.0,25.253099832061782,14.2,97.1,0.0,0.0,0.0,450.0,10588.7,0.0,0.0,4.096,3.285,7.381,18.236,1.167,6.214,emon,0.625,0.552,250.1,117.2,2.134
2026-09-23 14:11:26.599,11.6,0,50,18;50;36;6;0;23;0;0;0;26;2;0;0;24;0;0,948,3090,2833;2830;3033;3090;1656;1895;1611;1309;1813;1832;2320;1849;948;2166;1146;1107,2.3,0.0,10589.7,0,0,0,0,0,0.0,0,0,0,0,0,0,0,0,0.0,0,0,0,0,0,0.0,0.0,0.0,0,0,0,41.1,4.96,23.76,0.36,33.48,23.5,63.4,99.99527487247548,24.022768681448824,17.46133768355593,33.259650233387944,0.8139211814751491,1799.6382978723404,0.0,0.0,36.05311033868409,0.0,36.33015010097856,14.2,97.2,0.0,0.0,0.0,450.0,10588.7,0.0,0.0,4.096,3.285,7.381,18.236,1.167,6.214,emon,0.625,0.552,250.1,117.2,2.134
2026-09-23 14:11:27.599,11.0,0,64,11;64;38;9;0;25;0;0;0;24;2;0;0;4;0;0,937,3559,3559;2875;3001;3044;3205;1702;1357;1441;1477;2085;2288;1717;1099;1062;937;998,2.3,0.0,10588.7,0,0,0,0,0,0.0,0,0,0,0,0,0,0,0,0.0,0,0,0,0,0,0.0,0.0,0.0,0,0,0,41.1,4.96,23.76,0.36,33.48,23.5,63.4,99.9764678576761,19.88543958640234,21.64701009092252,32.315926600339985,0.7813562844708669,1802.719008264463,0.0,0.0,35.45118217126847,0.0,35.263183323835335,14.2,97.1,0.0,0.0,0.0,450.0,10588.7,0.0,0.0,4.096,3.285,7.381,18.236,1.167,6.214,emon,0.625,0.552,250.1,117.2,2.134
2026-09-23 14:11:28.599,11.9,0,58,20;58;34;5;0;25;0;0;0;42;0;0;0;6;0;0,891,3567,3303;2908;3187;3567;1359;1637;1429;1222;1435;1836;1404;2519;933;1118;973;891,2.6,0.0,10588.6,0,0,0,0,0,0.0,0,0,0,0,0,0,0,0,0.0,0,0,0,0,0,0.0,0.0,0.0,0,0,0,40.1,4.96,23.76,0.36,33.48,23.5,63.4,100.02423802128544,25.632992503216006,16.42059422036012,35.20336337035729,0.7600772964543905,1800.851851851852,0.0,0.0,35.01124149389324,0.0,37.595595665324794,14.2,97.1,0.0,0.0,0.0,450.0,10588.6,0.0,0.0,4.096,3.285,7.381,18.236,1.167,6.214,emon,0.625,0.552,250.1,117.2,2.134
2026-09-23 14:11:29.600,12.5,0,54,20;54;42;2;0;32;8;2;0;29;2;2;0;9;0;0,794,3624,2769;2811;3129;3624;1182;1753;1598;1988;2092;2035;2032;3132;904;1104;936;794,2.5,0.0,10588.6,0,0,0,0,0,0.0,0,0,0,0,0,0,0,0,0.0,0,0,0,0,0,0.0,0.0,0.0,0,0,0,41.1,5.32,23.49,0.36,33.49,23.5,63.4,99.99724040311925,25.260257982805435,16.652370359216416,34.960247224431576,0.8255606916297874,1799.420168067227,0.0,0.0,34.763787986702845,0.0,36.40437853090278,14.2,97.1,0.0,0.0,0.0,450.0,10588.6,0.0,0.0,3.977,3.174,7.151,17.372,1.112,6.039,emon,0.629,0.561,253.9,117.8,2.155
2026-09-23 14:11:30.600,13.2,0,53,17;53;33;9;5;22;8;3;3;34;5;3;0;13;2;2,1460,3503,3396;3084;2986;3503;3215;1873;2487;3065;3010;1959;3015;2863;1877;1460;1482;1646,2.6,0.0,10588.6,0,0,0,0,0,0.0,0,0,0,0,0,0,0,0,0.0,0,0,0,0,0,0.0,0.0,0.0,0,0,0,41.1,5.32,23.49,0.36,33.49,23.5,63.4,99.99813486537117,18.83980455516986,21.636697979288805,30.159831585471267,0.9481870677908303,1799.5836575875487,0.0,0.0,35.69465190697106,0.0,38.677603916776604,14.2,97.1,0.0,0.0,0.0,450.0,10588.6,0.0,0.0,3.977,3.174,7.151,17.372,1.112,6.039,emon,0.629,0.561,253.9,117.8,2.155
2026-09-23 14:11:31.600,11.8,0,52,6;52;43;5;0;20;2;0;0;42;3;0;0;16;0;0,874,3517,3517;2931;3106;3321;1246;1689;1223;1993;1563;1997;1738;874;965;1080;894;877,2.5,0.0,10588.7,0,0,0,0,0,0.0,0,0,0,0,0,0,0,0,0.0,0,0,0,0,0,0.0,0.0,0.0,0,0,0,42.1,5.32,23.49,0.36,33.49,23.5,63.4,99.99988488305974,25.714299772422024,14.599142647996734,34.26069815947285,0.4751370841370039,1799.0,0.0,0.0,37.45431145898141,0.0,37.60539130968614,14.2,97.0,0.0,0.0,0.0,450.0,10588.6,0.0,0.0,3.977,3.174,7.151,17.372,1.112,6.039,emon,0.629,0.561,253.9,117.8,2.155
2026-09-23 14:11:32.601,11.2,0,52,8;49;52;6;0;20;3;2;0;31;0;0;0;8;0;0,902,3425,3388;2973;3236;3425;1501;1678;1415;2187;1148;1972;1771;1062;902;1123;972;944,2.3,0.0,10588.7,0,0,0,0,0,0.0,0,0,0,0,0,0,0,0,0.0,0,0,0,0,0,0.0,0.0,0.0,0,0,0,43.1,5.32,23.49,0.36,33.49,23.4,63.4,99.99952309890833,29.21241208486384,14.616682881083568,37.510663510700844,0.18887693954465193,1822.1843575418995,0.0,0.0,32.769718431147055,0.0,31.77362894940183,14.2,97.0,0.0,0.0,0.0,450.0,10588.7,0.0,0.0,3.977,3.174,7.151,17.372,1.112,6.039,emon,0.629,0.561,253.9,117.8,2.155
2026-09-23 14:11:33.601,10.8,0,64,8;64;34;6;0;22;2;0;0;29;2;0;0;7;0;0,821,3412,3143;2921;3073;3412;2661;2063;1452;2001;1267;1776;1497;1260;967;1117;949;821,2.2,0.0,10589.7,0,0,0,0,0,0.0,0,0,0,0,0,0,0,0,0.0,0,0,0,0,0,0.0,0.0,0.0,0,0,0,41.1,5.5,23.02,0.36,33.36,23.4,63.4,99.99785393404673,24.658935544866484,20.248186025274805,36.59554718380951,0.4191887206524184,1804.421686746988,0.0,0.0,31.74563336267321,0.0,27.05642140452023,14.2,97.1,0.0,0.0,0.0,450.0,10588.7,0.0,0.0,3.977,3.174,7.151,17.372,1.112,6.039,emon,0.629,0.561,253.9,117.8,2.155
2026-09-23 14:11:34.624,10.5,0,56,11;56;34;8;0;20;2;2;0;25;0;0;0;12;0;0,1023,3233,2803;2689;2838;3233;1456;1660;1680;1525;1501;1935;1858;1222;1085;1263;1023;1128,2.2,0.0,10589.7,0,0,0,0,0,0.0,0,0,0,0,0,0,0,0,0.0,0,0,0,0,0,0.0,0.0,0.0,0,0,0,42.1,5.5,23.02,0.36,33.36,23.6,63.4,100.00543902671501,25.12336050558274,16.425293140215416,34.53522625953367,0.6418543166723357,1819.0913242009133,0.0,0.0,35.012780643811396,0.0,36.11147627835417,14.2,97.2,0.0,0.0,0.0,450.0,10588.7,0.0,0.0,3.977,3.174,7.151,17.372,1.112,6.039,emon,0.629,0.561,253.9,117.8,2.155
2026-09-23 14:11:35.625,11.6,0,52,12;52;42;8;0;29;3;0;0;26;3;0;0;9;0;0,738,3280,3159;2954;2998;3280;1073;1637;1366;1276;1336;1807;2227;1638;858;1080;1046;738,2.2,0.0,10589.7,0,0,0,0,0,0.0,0,0,0,0,0,0,0,0,0.0,0,0,0,0,0,0.0,0.0,0.0,0,0,0,41.1,5.5,23.02,0.36,33.36,23.4,63.4,100.01994323730469,22.00085956414238,19.791464512164776,32.83624861574071,0.8612100947130885,1801.1367521367522,0.0,0.0,35.35980636196243,0.0,35.875591273713844,14.2,97.2,0.0,0.0,0.0,450.0,10588.7,0.0,0.0,3.977,3.174,7.151,17.372,1.112,6.039,emon,0.629,0.561,253.9,117.8,2.155
2026-09-23 14:11:36.625,12.7,0,53,20;53;43;8;0;25;3;2;0;37;2;0;0;8;3;0,977,3384,3210;3011;3063;3384;1833;2016;1486;1524;1204;1749;1946;1395;1033;1148;980;977,2.4,0.0,10589.7,0,0,0,0,0,0.0,0,0,0,0,0,0,0,0,0.0,0,0,0,0,0,0.0,0.0,0.0,0,0,0,41.1,5.5,23.02,0.36,33.36,23.4,63.4,100.02287997229625,21.62057293110559,20.4476058781147,34.12690604534947,0.7489506003944294,1805.9915254237287,0.0,0.0,35.060745371495756,0.0,35.835620412902976,14.2,97.1,0.0,0.0,0.0,450.0,10588.6,0.0,0.0,3.977,3.174,7.151,17.372,1.112,6.039,emon,0.629,0.561,253.9,117.8,2.155
2026-09-23 14:11:37.625,10.9,0,55,11;55;54;2;0;23;6;0;0;19;0;0;0;5;0;0,865,3440,3440;3004;3106;3375;1290;1759;1963;1564;1160;1963;1532;1442;865;1098;882;918,2.5,0.0,10588.6,0,0,0,0,0,0.0,0,0,0,0,0,0,0,0,0.0,0,0,0,0,0,0.0,0.0,0.0,0,0,0,42.1,5.38,23.82,0.36,33.81,23.5,63.4,99.98583496757176,25.8027388057631,16.655344602336054,35.22557197789783,0.7912315056011404,1814.0,0.0,0.0,36.390945905841804,0.0,36.14891047416577,14.2,97.2,0.0,0.0,0.0,450.0,10588.6,0.0,0.0,3.977,3.174,7.151,17.372,1.112,6.039,emon,0.629,0.561,253.9,117.8,2.155
2026-09-23 14:11:38.626,12.1,0,47,26;47;41;6;2;23;5;0;0;19;12;0;0;8;5;0,843,3440,3042;2861;3138;3440;2700;1864;1434;1190;1217;1841;1523;1199;843;1062;1309;916,2.5,0.0,10588.6,0,0,0,0,0,0.0,0,0,0,0,0,0,0,0,0.0,0,0,0,0,0,0.0,0.0,0.0,0,0,0,41.1,5.38,23.82,0.36,33.81,23.5,63.4,100.00850255957477,26.168724007717415,15.706772910405512,35.16760999869266,0.7281331736509387,1800.8264840182649,0.0,0.0,35.93798654918563,0.0,35.89757512088096,14.2,97.2,0.0,0.0,0.0,450.0,10588.6,0.0,0.0,3.977,3.174,7.151,17.372,1.112,6.039,emon,0.629,0.561,253.9,117.8,2.155
2026-09-23 14:11:39.626,10.8,0,47,47;12;41;6;0;0;27;0;0;0;32;2;0;0;6;0,1008,3194,2605;3194;2852;2993;1551;1264;2002;1938;1143;1189;1972;1714;1033;1008;1097;1023,2.4,0.0,10588.6,0,0,0,0,0,0.0,0,0,0,0,0,0,0,0,0.0,0,0,0,0,0,0.0,0.0,0.0,0,0,0,41.1,5.38,23.82,0.36,33.81,23.5,63.4,99.99318382177461,24.092632663676913,19.61279625839062,36.0231092471755,0.5342486392486883,1804.6179775280898,0.0,0.0,33.52494152897859,0.0,30.314333959588154,14.2,97.1,0.0,0.0,0.0,450.0,10588.6,0.0,0.0,3.977,3.174,7.151,17.372,1.112,6.039,emon,0.629,0.561,253.9,117.8,2.155
2026-09-23 14:11:40.626,10.5,0,51,48;17;51;3;0;0;15;0;0;0;31;2;0;0;2;0,920,3412,3185;3412;3184;3406;1298;1289;2062;1818;1243;1327;1633;1595;968;920;1029;981,2.6,0.0,10589.6,0,0,0,0,0,0.0,0,0,0,0,0,0,0,0,0.0,0,0,0,0,0,0.0,0.0,0.0,0,0,0,42.1,5.38,23.82,0.36,33.81,23.5,63.4,100.06091110964856,29.605172999753023,14.524801679404385,37.947292756603424,0.44242157539666954,1799.0,0.0,0.0,32.32281438269125,0.0,29.420546400230233,14.2,97.1,0.0,0.0,0.0,450.0,10588.6,0.0,0.0,3.977,3.174,7.151,17.372,1.112,6.039,emon,0.629,0.561,253.9,117.8,2.155
2026-09-23 14:11:41.627,11.9,0,55,55;21;39;6;0;0;23;3;0;0;20;0;0;0;21;0,975,3497,2834;2846;3150;3497;2191;1966;1866;1670;1769;1361;2115;2087;1166;975;2123;1137,2.5,0.0,10588.6,0,0,0,0,0,0.0,0,0,0,0,0,0,0,0,0.0,0,0,0,0,0,0.0,0.0,0.0,0,0,0,43.1,5.26,23.26,0.36,33.42,23.4,63.4,100.0067419778733,29.1647153301608,15.307078807126908,37.472205246044766,0.4392782865324989,1847.8095238095239,0.0,0.0,33.715281659523804,0.0,30.196812645206723,14.2,97.1,0.0,0.0,0.0,450.0,10588.6,0.0,0.0,12.32,4.543,16.863,19.432,1.244,15.619,emon,0.64,0.633,78.4,36.8,2.13
2026-09-23 14:11:42.649,12.0,0,62,62;18;42;9;0;0;20;6;0;0;27;0;0;0;9;0,846,3289,2891;3185;2989;3289;1259;1230;1811;1530;1188;1306;1700;2023;997;1125;1189;846,2.3,0.0,10588.7,0,0,0,0,0,0.0,0,0,0,0,0,0,0,0,0.0,0,0,0,0,0,0.0,0.0,0.0,0,0,0,42.1,5.26,23.26,0.36,33.42,23.6,63.4,99.9872915874156,24.44042124410427,16.617704557355985,33.66513390683158,0.6152841605845291,1838.922480620155,0.0,0.0,37.496488191786604,0.0,38.114905516326786,14.2,97.1,0.0,0.0,0.0,450.0,10588.6,0.0,0.0,12.32,4.543,16.863,19.432,1.244,15.619,emon,0.64,0.633,78.4,36.8,2.13
2026-09-23 14:11:43.649,11.0,0,64,64;11;39;3;2;0;22;3;2;2;17;2;0;0;11;0,1027,3197,3012;3197;3089;3184;1451;1478;1816;1858;1933;3163;2024;1332;1050;1030;1229;1027,2.3,0.0,10588.7,0,0,0,0,0,0.0,0,0,0,0,0,0,0,0,0.0,0,0,0,0,0,0.0,0.0,0.0,0,0,0,43.1,5.26,23.26,0.36,33.42,23.5,63.4,99.97923752024204,24.709038376305173,16.82048471165106,33.872500912549626,0.706803875621644,1844.5696202531647,0.0,0.0,35.765160811594434,0.0,35.11598930830719,14.2,97.1,0.0,0.0,0.0,450.0,10591.4,0.0,0.0,12.32,4.543,16.863,19.432,1.244,15.619,emon,0.64,0.633,78.4,36.8,2.13
2026-09-23 14:11:44.650,11.8,0,55,55;11;36;8;0;0;28;3;0;0;34;0;0;0;14;0,697,3397,3051;3397;2959;3225;1817;1147;1829;1693;1543;1500;1924;1757;848;697;1177;865,2.3,0.0,10588.7,0,0,0,0,0,0.0,0,0,0,0,0,0,0,0,0.0,0,0,0,0,0,0.0,0.0,0.0,0,0,0,42.1,5.26,23.26,0.36,33.42,23.5,63.4,99.99750206388276,22.65875027570793,20.840696499265473,33.03051551572722,0.8526906555654995,1828.5258620689656,0.0,0.0,34.79881351912928,0.0,36.0324622243502,14.2,97.2,0.0,0.0,0.0,450.0,10588.7,0.0,0.0,12.32,4.543,16.863,19.432,1.244,15.619,emon,0.64,0.633,78.4,36.8,2.13
2026-09-23 14:11:45.650,10.2,0,56,56;9;37;3;0;0;27;2;0;0;23;0;0;0;6;0,765,3186,3186;3184;2722;3054;1181;1470;1608;1641;1362;1413;1723;1449;961;765;1168;903,2.3,0.0,10588.7,0,0,0,0,0,0.0,0,0,0,0,0,0,0,0,0.0,0,0,0,0,0,0.0,0.0,0.0,0,0,0,41.1,5.43,24.25,0.36,34.24,23.5,63.4,100.00025355351436,21.488774820811464,20.754572034914258,34.22458870128378,0.7491071173473709,1831.034632034632,0.0,0.0,34.93774648868777,0.0,36.470162226795715,14.2,97.1,0.0,0.0,0.0,450.0,10589.6,0.0,0.0,12.32,4.543,16.863,19.432,1.244,15.619,emon,0.64,0.633,78.4,36.8,2.13
2026-09-23 14:11:46.651,11.2,0,54,54;8;42;5;0;0;31;6;0;0;27;0;0;0;6;0,918,3249,2747;3249;2998;3146;1804;1280;1676;1742;1327;1341;1824;1726;997;918;1150;928,2.3,0.0,10589.6,0,0,0,0,0,0.0,0,0,0,0,0,0,0,0,0.0,0,0,0,0,0,0.0,0.0,0.0,0,0,0,41.1,5.43,24.25,0.36,34.24,23.5,63.4,99.96976581839628,29.20548833265554,14.807940940524256,37.97231399770393,0.47857614742527,1799.0,0.0,0.0,31.738839439008125,0.0,32.447229649943715,14.2,97.2,0.0,0.0,0.0,450.0,10588.6,0.0,0.0,12.32,4.543,16.863,19.432,1.244,15.619,emon,0.64,0.633,78.4,36.8,2.13
2026-09-23 14:11:47.651,10.6,0,59,59;14;32;3;2;0;25;0;0;0;23;2;0;0;9;0,1066,3243,2986;2993;2800;3243;1866;1646;1626;1327;2224;2059;1890;2568;1101;1079;1148;1066,2.3,0.0,10588.6,0,0,0,0,0,0.0,0,0,0,0,0,0,0,0,0.0,0,0,0,0,0,0.0,0.0,0.0,0,0,0,41.1,5.43,24.25,0.36,34.24,23.5,63.4,100.00022133109496,27.907051541640893,15.018775116537036,36.48599777608803,0.4137381395881938,1800.0309278350514,0.0,0.0,35.397512169002155,0.0,33.480783387845534,14.2,97.1,0.0,0.0,0.0,450.0,10588.6,0.0,0.0,12.32,4.543,16.863,19.432,1.244,15.619,emon,0.64,0.633,78.4,36.8,2.13
2026-09-23 14:11:48.651,11.0,0,57,57;17;39;6;2;0;14;2;2;0;28;3;0;0;6;0,814,3468,2725;3468;3120;3279;1730;1126;1902;1372;1481;1673;1747;2039;814;875;1146;926,2.4,0.0,10588.6,0,0,0,0,0,0.0,0,0,0,0,0,0,0,0,0.0,0,0,0,0,0,0.0,0.0,0.0,0,0,0,40.1,5.43,24.25,0.36,34.24,23.5,63.4,99.99584563852054,23.825598766733158,19.778592311847977,34.99259097423209,0.6741869486228438,1810.111111111111,0.0,0.0,30.228195329726407,0.0,29.463558780065966,14.2,97.1,0.0,0.0,0.0,450.0,10589.6,0.0,0.0,12.32,4.543,16.863,19.432,1.244,15.619,emon,0.64,0.633,78.4,36.8,2.13
2026-09-23 14:11:49.652,10.7,0,51,51;16;37;2;0;0;16;9;0;0;32;2;0;0;6;2,938,3367,2833;3367;2979;3150;2827;2828;1734;1496;2592;2718;1896;1784;938;1034;1195;1759,2.5,0.0,10588.6,0,0,0,0,0,0.0,0,0,0,0,0,0,0,0,0.0,0,0,0,0,0,0.0,0.0,0.0,0,0,0,41.1,5.12,23.41,0.36,33.3,23.5,63.4,99.96969180636935,31.97322795179063,13.880793372790018,40.24814076077791,0.3217041438451198,1799.0,0.0,0.0,33.11193105428089,0.0,28.785241096833623,14.2,97.2,0.0,0.0,0.0,450.0,10588.6,0.0,0.0,12.32,4.543,16.863,19.432,1.244,15.619,emon,0.64,0.633,78.4,36.8,2.13
2026-09-23 14:11:50.677,13.1,0,52,42;18;52;12;0;0;34;2;0;0;34;3;2;0;11;0,787,3962,3737;3735;3443;3962;2728;1260;2244;1997;2518;1470;2659;2812;889;787;1044;928,100.0,0.0,10589.6,0,0,0,0,0,0.0,0,0,0,0,0,0,0,0,0.0,0,0,0,0,0,0.0,0.0,0.0,0,0,0,38.1,5.12,23.41,0.36,33.3,23.6,63.4,98.64489104357632,14.268952137502756,26.306614899635314,29.284156886230814,6.2686382067283954,1799.0,0.0,0.0,38.13133001303978,0.0,35.06881039064307,14.2,96.8,0.0,0.0,0.0,450.0,10589.6,0.0,0.0,12.32,4.543,16.863,19.432,1.244,15.619,emon,0.64,0.633,78.4,36.8,2.13
2026-09-23 14:11:51.678,11.9,0,48,48;22;40;6;0;0;24;2;0;0;35;0;0;0;13;0,630,3886,3880;3886;3383;3741;2151;1464;2051;1757;1574;1359;2626;2299;925;630;1066;814,99.1,0.0,10592.4,0,0,0,0,0,0.0,0,0,0,0,0,0,0,0,0.0,0,0,0,0,0,0.0,0.0,0.0,0,0,0,39.1,5.12,23.41,0.36,33.3,23.5,63.4,96.41974290270005,12.501841769682882,31.570913086842445,32.7646549283017,17.12794621404342,1799.0,0.0,0.0,37.51902516159301,0.0,33.73365274583269,14.0,95.8,0.0,0.0,0.0,450.0,10589.7,0.0,0.0,12.32,4.543,16.863,19.432,1.244,15.619,emon,0.64,0.633,78.4,36.8,2.13
2026-09-23 14:11:52.678,14.2,0,48,48;22;45;16;0;0;32;3;0;0;44;3;0;0;16;0,655,4069,3945;4069;3596;3951;2279;1489;2359;1935;2378;1303;2579;2328;823;655;942;860,98.5,0.0,10589.6,0,0,0,0,0,0.0,0,0,0,0,0,0,0,0,0.0,0,0,0,0,0,0.0,0.0,0.0,0,0,0,41.1,5.12,23.41,0.36,33.3,23.5,63.4,96.3471061722707,11.84935177823497,30.035681002473428,30.557691457716086,15.795506890032883,1799.0,0.0,0.0,38.239827681250745,0.0,35.04468332736419,14.0,95.3,0.0,0.0,0.0,450.0,10589.6,0.0,0.0,12.32,4.543,16.863,19.432,1.244,15.619,emon,0.64,0.633,78.4,36.8,2.13
2026-09-23 14:11:53.679,13.0,0,55,55;12;38;6;2;0;37;6;0;0;36;2;2;0;11;2,748,4011,3979;4011;3524;3978;2732;1809;2687;2041;2067;1256;2429;2100;748;808;1119;991,99.1,0.0,10589.6,0,0,0,0,0,0.0,0,0,0,0,0,0,0,0,0.0,0,0,0,0,0,0.0,0.0,0.0,0,0,0,39.1,8.51,14.33,0.39,32.17,23.5,63.4,94.85967167314277,12.296866103273677,28.828396525488323,29.999529325728673,14.845130296094888,1799.0,0.0,0.0,35.63482429669145,0.0,32.958135442253486,14.0,95.5,0.0,0.0,0.0,450.0,10589.6,0.0,0.0,107.146,1.125,108.271,25.617,1.639,106.632,emon,0.603,0.394,145.6,68.0,2.141
2026-09-23 14:11:54.679,14.7,0,62,62;15;51;8;2;0;42;8;2;0;30;5;0;2;10;2,755,4161,4027;4161;3400;3944;1760;1528;2053;1680;2363;1197;2258;2565;755;786;993;952,99.1,0.0,10589.6,0,0,0,0,0,0.0,0,0,0,0,0,0,0,0,0.0,0,0,0,0,0,0.0,0.0,0.0,0,0,0,40.1,8.51,14.33,0.39,32.17,23.5,63.4,95.16976559502739,13.01089736282648,29.34161313545136,31.19313540529637,15.525605567438262,1799.0,0.0,0.0,36.045269495656804,0.0,28.610749409756345,14.0,95.4,0.0,0.0,0.0,450.0,10589.7,0.0,0.0,107.146,1.125,108.271,25.617,1.639,106.632,emon,0.603,0.394,145.6,68.0,2.141
2026-09-23 14:11:55.680,13.5,0,58,58;16;54;8;2;0;37;3;2;0;26;0;0;0;11;0,636,4192,3894;4043;3583;4192;2404;2215;2314;1802;2087;1391;2246;2217;636;884;1091;826,100.0,0.0,10589.7,0,0,0,0,0,0.0,0,0,0,0,0,0,0,0,0.0,0,0,0,0,0,0.0,0.0,0.0,0,0,0,39.1,8.51,14.33,0.39,32.17,23.5,63.4,94.59131233489259,12.949386487160115,28.852639051193886,30.70580119687192,13.595908499263386,1799.0,0.0,0.0,31.775744942770192,0.0,24.383795180954813,14.0,95.8,0.0,0.0,0.0,450.0,10590.7,0.0,0.0,107.146,1.125,108.271,25.617,1.639,106.632,emon,0.603,0.394,145.6,68.0,2.141
2026-09-23 14:11:56.680,13.2,0,62,62;22;42;9;3;0;22;3;0;0;20;3;0;0;26;0,747,4050,3953;4050;3423;3762;2153;3266;2295;2184;2938;3261;2227;2609;986;747;2156;935,93.9,0.0,10590.5,0,0,0,0,0,0.0,0,0,0,0,0,0,0,0,0.0,0,0,0,0,0,0.0,0.0,0.0,0,0,0,40.1,8.51,14.33,0.39,32.17,23.5,63.4,93.10685143607003,13.893495017119816,29.66265101841518,32.32595527103969,14.982765072413853,1799.0,0.0,0.0,33.534192645821186,0.0,22.040720533015474,14.0,95.7,0.0,0.0,0.0,450.0,10589.5,0.0,0.0,107.146,1.125,108.271,25.617,1.639,106.632,emon,0.603,0.394,145.6,68.0,2.141
2026-09-23 14:11:57.681,11.9,0,46,46;31;42;5;2;0;22;5;0;0;31;0;0;0;8;0,752,4013,3893;3956;3518;4013;2169;1826;2242;1845;1694;1757;2334;2315;905;981;1044;752,99.6,0.0,10589.5,0,0,0,0,0,0.0,0,0,0,0,0,0,0,0,0.0,0,0,0,0,0,0.0,0.0,0.0,0,0,0,39.1,9.52,12.36,0.4,32.4,23.5,63.4,96.68571278155873,12.002182955517597,30.580715529287804,31.159400846284278,16.425017479999163,1799.0,0.0,0.0,37.74442964848819,0.0,35.88741178707748,14.0,95.6,0.0,0.0,0.0,450.0,10589.5,0.0,0.0,107.146,1.125,108.271,25.617,1.639,106.632,emon,0.603,0.394,145.6,68.0,2.141
2026-09-23 14:11:58.681,11.7,0,49,49;20;38;5;0;0;30;0;0;0;36;3;0;0;6;0,580,4014,3963;3966;3395;4014;2434;2626;2210;1733;2148;1356;2716;1547;780;580;981;918,100.0,0.0,10589.5,0,0,0,0,0,0.0,0,0,0,0,0,0,0,0,0.0,0,0,0,0,0,0.0,0.0,0.0,0,0,0,40.1,9.52,12.36,0.4,32.4,23.5,63.4,95.84889002933836,11.789558437009129,29.81987423583081,30.59386581828197,15.169929798437577,1799.0,0.0,0.0,36.446650498044235,0.0,33.07802273715689,14.0,95.3,0.0,0.0,0.0,450.0,10589.5,0.0,0.0,107.146,1.125,108.271,25.617,1.639,106.632,emon,0.603,0.394,145.6,68.0,2.141
2026-09-23 14:11:59.682,18.1,2,52,52;41;45;15;9;5;25;8;6;3;38;14;2;5;14;8,1277,4088,3956;4088;3555;3873;2868;3176;2588;2552;3086;3187;2679;2608;1449;2085;1277;1995,100.0,0.0,10590.5,0,0,0,0,0,0.0,0,0,0,0,0,0,0,0,0.0,0,0,0,0,0,0.0,0.0,0.0,0,0,0,44.1,9.52,12.36,0.4,32.4,23.5,63.4,97.9380165941575,11.659211989199997,29.158393977261056,30.079713570684486,13.78047839091981,1799.0,0.0,0.0,34.047478719694794,0.0,34.605833247338786,14.0,95.7,0.0,0.0,0.0,450.0,10590.5,0.0,0.0,107.146,1.125,108.271,25.617,1.639,106.632,emon,0.603,0.394,145.6,68.0,2.141
2026-09-23 14:12:00.682,12.2,0,48,48;30;45;6;0;0;22;5;0;0;20;6;0;2;11;2,848,4022,3910;4022;3735;3930;2900;2398;2432;1845;1476;1991;2585;2038;848;974;1070;848,99.8,0.0,9550.2,0,0,0,0,0,0.0,0,0,0,0,0,0,0,0,0.0,0,0,0,0,0,0.0,0.0,0.0,0,0,0,41.1,9.52,12.36,0.4,32.4,22.8,63.4,96.66750911028699,11.756093495171077,29.01841205225549,29.6772368531486,16.06285888216888,1799.0,0.0,0.0,39.34279535574719,0.0,34.809400235074285,14.0,95.6,0.0,0.0,0.0,450.0,9554.8,0.0,0.0,107.146,1.125,108.271,25.617,1.639,106.632,emon,0.603,0.394,145.6,68.0,2.141
2026-09-23 14:12:01.683,17.3,0,69,69;30;45;11;5;3;34;3;3;8;28;10;0;2;23;3,1345,4032,4032;3977;3606;3949;2882;3128;2663;2395;2917;3148;2367;2832;1419;1469;1345;2257,93.1,0.0,9547.0,0,0,0,0,0,0.0,0,0,0,0,0,0,0,0,0.0,0,0,0,0,0,0.0,0.0,0.0,0,0,0,43.1,9.52,12.36,0.4,32.4,22.8,63.4,96.361648308363,12.683078070638622,30.081918245987875,31.441115051679226,15.60030979586906,1799.0,0.0,0.0,36.31187826675502,0.0,33.37934188256262,14.0,95.8,0.0,0.0,0.0,450.0,9547.0,0.0,0.0,107.146,1.125,108.271,25.617,1.639,106.632,emon,0.603,0.394,145.6,68.0,2.141
2026-09-23 14:12:02.685,12.5,0,49,49;12;45;12;0;0;41;5;0;0;22;2;0;2;11;0,879,3934,3898;3857;3500;3934;2102;1753;2305;2576;2776;3013;2191;1764;879;1018;1027;885,97.5,0.0,9548.1,0,0,0,0,0,0.0,0,0,0,0,0,0,0,0,0.0,0,0,0,0,0,0.0,0.0,0.0,0,0,0,41.1,9.52,12.36,0.4,32.4,22.8,63.4,93.83494993680861,14.43311630225763,29.671725784860005,32.66611761000098,14.680986733471112,1799.0,0.0,0.0,32.126006828967434,0.0,21.1100631943654,14.0,95.6,0.0,0.0,0.0,450.0,9548.1,0.0,0.0,107.146,1.125,108.271,25.617,1.639,106.632,emon,0.603,0.394,145.6,68.0,2.141
2026-09-23 14:12:03.686,11.9,0,65,65;19;33;9;2;0;30;3;0;0;19;2;0;0;8;2,703,4027,4027;3891;3357;3893;1813;1801;2312;1730;2230;1600;2132;2390;837;703;1053;928,97.5,0.0,9547.0,0,0,0,0,0,0.0,0,0,0,0,0,0,0,0,0.0,0,0,0,0,0,0.0,0.0,0.0,0,0,0,41.1,9.52,12.36,0.4,32.4,22.6,63.4,95.82747341402425,11.665341941052235,29.531667875763553,29.79068965392325,14.83864764305263,1799.0,0.0,0.0,36.184623846749076,0.0,36.75508178030533,14.0,95.6,0.0,0.0,0.0,450.0,9547.0,0.0,0.0,107.146,1.125,108.271,25.617,1.639,106.632,emon,0.603,0.394,145.6,68.0,2.141
2026-09-23 14:12:04.686,10.8,0,52,52;20;30;5;0;0;30;6;0;0;27;2;0;0;3;0,749,4058,3948;4058;3294;3794;2128;1120;2352;2308;2381;1464;2280;1994;749;884;962;861,97.5,0.0,9547.0,0,0,0,0,0,0.0,0,0,0,0,0,0,0,0,0.0,0,0,0,0,0,0.0,0.0,0.0,0,0,0,39.1,9.52,12.36,0.4,32.4,22.6,63.4,95.80222107702335,11.853396611213189,29.31221388875659,30.454613409093636,14.55308062693692,1799.0,0.0,0.0,34.90438146909483,0.0,31.654465088088585,14.0,95.7,0.0,0.0,0.0,450.0,9547.0,0.0,0.0,107.146,1.125,108.271,25.617,1.639,106.632,emon,0.603,0.394,145.6,68.0,2.141
2026-09-23 14:12:05.687,13.7,0,65,65;22;45;8;3;0;23;3;2;0;32;3;0;0;14;0,634,3997,3997;3905;3480;3874;3121;2840;2313;2108;1774;1892;2508;2224;690;634;1111;761,97.4,0.0,9547.0,0,0,0,0,0,0.0,0,0,0,0,0,0,0,0,0.0,0,0,0,0,0,0.0,0.0,0.0,0,0,0,40.1,0.0,0.0,0.0,0.0,22.6,63.4,94.73204005013949,12.246465163585968,29.51402294286624,30.13011897981915,13.791324843438225,1799.0,0.0,0.0,33.35376855075675,0.0,31.579764386899814,14.0,95.4,0.0,0.0,0.0,450.0,9547.0,0.0,0.0,107.846,1.062,108.908,27.963,1.79,107.118,emon,0.598,0.314,145.2,67.4,2.154
2026-09-23 14:12:06.687,13.4,0,53,53;23;39;8;0;0;22;6;0;0;33;5;0;0;25;0,1003,3975,3872;3975;3354;3794;3028;3186;2310;2425;1289;2092;2218;1683;1112;1003;2089;1253,99.8,0.0,9547.0,0,0,0,0,0,0.0,0,0,0,0,0,0,0,0,0.0,0,0,0,0,0,0.0,0.0,0.0,0,0,0,40.1,0.0,0.0,0.0,0.0,22.4,63.4,94.64490023903225,12.965928082610818,28.36610186819869,30.30602434489894,13.745850740783457,1799.0,0.0,0.0,32.7072423609797,0.0,28.499413566406922,14.0,95.7,0.0,0.0,0.0,450.0,9548.0,0.0,0.0,107.846,1.062,108.908,27.963,1.79,107.118,emon,0.598,0.314,145.2,67.4,2.154
2026-09-23 14:12:07.688,12.4,0,51,51;30;41;5;0;0;25;2;0;0;36;0;0;0;11;0,770,4034,3956;4034;3384;3796;1171;1209;2151;2126;2202;1245;2546;1921;914;783;1099;770,97.1,0.0,9546.8,0,0,0,0,0,0.0,0,0,0,0,0,0,0,0,0.0,0,0,0,0,0,0.0,0.0,0.0,0,0,0,41.1,0.0,0.0,0.0,0.0,22.4,63.4,92.67213427350762,13.69997002766206,29.140115338764833,31.710333579209415,14.446629691827162,1799.0,0.0,0.0,32.95407410150687,0.0,22.84878273408387,14.0,95.3,0.0,0.0,0.0,450.0,9546.8,0.0,0.0,107.846,1.062,108.908,27.963,1.79,107.118,emon,0.598,0.314,145.2,67.4,2.154
2026-09-23 14:12:08.688,13.7,0,42,40;41;42;14;2;0;18;14;0;0;24;11;0;0;16;0,802,4039,3936;4039;3469;3983;2924;2670;2318;2199;2127;2647;2598;2644;805;802;962;895,99.2,0.0,9547.8,0,0,0,0,0,0.0,0,0,0,0,0,0,0,0,0.0,0,0,0,0,0,0.0,0.0,0.0,0,0,0,39.1,0.0,0.0,0.0,0.0,22.4,63.4,94.73363068470589,13.769463387164441,28.920321265419762,31.830634253365652,13.755995368523585,1799.0,0.0,0.0,31.72534170902365,0.0,22.425955342973204,14.0,95.5,0.0,0.0,0.0,450.0,9547.8,0.0,0.0,107.846,1.062,108.908,27.963,1.79,107.118,emon,0.598,0.314,145.2,67.4,2.154
2026-09-23 14:12:09.688,16.2,2,64,18;64;47;14;3;3;2;30;5;5;2;41;2;2;2;22,779,3997,3896;3997;3485;3738;2027;2752;3028;2309;2072;1691;2573;2550;779;800;806;965,97.7,0.0,9546.8,0,0,0,0,0,0.0,0,0,0,0,0,0,0,0,0.0,0,0,0,0,0,0.0,0.0,0.0,0,0,0,40.1,9.26,12.43,0.4,32.18,22.4,63.4,95.41844995331218,11.882262331682421,28.803479044207634,30.050419647488315,13.994498539474288,1799.0,0.0,0.0,32.74955471258127,0.0,32.95227626997732,14.0,95.6,0.0,0.0,0.0,450.0,9546.8,0.0,0.0,107.846,1.062,108.908,27.963,1.79,107.118,emon,0.598,0.314,145.2,67.4,2.154
2026-09-23 14:12:10.688,10.7,0,56,9;56;31;3;3;0;0;28;3;0;0;30;0;0;0;8,776,4070,4070;3937;3408;3889;1864;1289;1305;2265;1825;1262;2509;2638;915;776;983;966,98.0,0.0,9546.8,0,0,0,0,0,0.0,0,0,0,0,0,0,0,0,0.0,0,0,0,0,0,0.0,0.0,0.0,0,0,0,39.1,9.26,12.43,0.4,32.18,22.4,63.4,95.46893292974191,12.65384626339572,30.64274882652845,31.55695409912512,15.763004213987118,1799.0,0.0,0.0,35.36450928529521,0.0,32.736307617848986,14.0,95.4,0.0,0.0,0.0,450.0,9546.8,0.0,0.0,107.846,1.062,108.908,27.963,1.79,107.118,emon,0.598,0.314,145.2,67.4,2.154
2026-09-23 14:12:11.689,11.8,0,56,17;56;39;3;2;0;0;42;3;0;0;16;0;0;0;11,647,4000,4000;3835;3407;3729;2282;1931;2147;2612;1781;2226;1701;2490;733;712;647;1026,97.2,0.0,9546.8,0,0,0,0,0,0.0,0,0,0,0,0,0,0,0,0.0,0,0,0,0,0,0.0,0.0,0.0,0,0,0,40.1,9.26,12.43,0.4,32.18,22.4,63.4,95.30960553510603,12.4470923632294,30.543895579077223,31.631952220732106,15.830721273674627,1799.0,0.0,0.0,36.844838425698796,0.0,31.432129689723592,14.0,95.5,0.0,0.0,0.0,450.0,9546.8,0.0,0.0,107.846,1.062,108.908,27.963,1.79,107.118,emon,0.598,0.314,145.2,67.4,2.154
2026-09-23 14:12:12.689,12.8,0,71,17;71;42;5;0;0;0;33;6;0;0;22;0;0;0;9,731,4067,4067;3975;3454;3958;2423;2685;2183;2267;1977;2206;2782;2159;731;931;1021;1026,100.0,0.0,9546.8,0,0,0,0,0,0.0,0,0,0,0,0,0,0,0,0.0,0,0,0,0,0,0.0,0.0,0.0,0,0,0,41.1,9.26,12.43,0.4,32.18,22.4,63.4,95.29269254981698,12.515268058133074,28.75599698690109,30.316352391075263,14.31752404797665,1799.0,0.0,0.0,34.517031337643544,0.0,30.80457653164161,14.0,95.8,0.0,0.0,0.0,450.0,9546.8,0.0,0.0,107.846,1.062,108.908,27.963,1.79,107.118,emon,0.598,0.314,145.2,67.4,2.154
2026-09-23 14:12:13.690,12.2,0,49,29;49;42;5;3;0;0;29;3;2;0;22;0;0;0;11,762,3992,3964;3791;3371;3992;2007;2586;2528;2454;1919;3099;2647;2233;799;762;812;963,100.0,0.0,9546.8,0,0,0,0,0,0.0,0,0,0,0,0,0,0,0,0.0,0,0,0,0,0,0.0,0.0,0.0,0,0,0,39.1,9.19,12.52,0.4,32.18,22.4,63.4,94.35245935662279,13.069392646491094,28.86179806190787,31.300482793051064,13.541074847061079,1799.0,0.0,0.0,30.971169018998147,0.0,25.679130363389394,14.0,95.5,0.0,0.0,0.0,450.0,9546.8,0.0,0.0,107.846,1.062,108.908,27.963,1.79,107.118,emon,0.598,0.314,145.2,67.4,2.154
2026-09-23 14:12:14.690,12.3,0,66,23;66;39;3;2;0;0;22;3;0;0;23;0;2;0;15,728,4078,4078;3982;3454;3986;2704;1384;1262;2168;1819;1715;1948;2201;728;887;784;1004,96.8,0.0,9546.8,0,0,0,0,0,0.0,0,0,0,0,0,0,0,0,0.0,0,0,0,0,0,0.0,0.0,0.0,0,0,0,40.1,9.19,12.52,0.4,32.18,22.4,63.4,94.74475916041884,13.454654482396883,29.41422975673232,31.478217958918837,15.49173662662506,1799.0,0.0,0.0,36.60887800107688,0.0,28.783184706939565,14.0,95.8,0.0,0.0,0.0,450.0,9546.8,0.0,0.0,107.846,1.062,108.908,27.963,1.79,107.118,emon,0.598,0.314,145.2,67.4,2.154
2026-09-23 14:12:15.690,12.5,0,64,12;64;46;5;0;0;0;26;2;2;0;34;0;0;0;9,789,3946,3946;3851;3517;3803;2034;2387;1380;2560;1312;1607;1178;2610;789;871;934;1004,97.5,0.0,9546.8,0,0,0,0,0,0.0,0,0,0,0,0,0,0,0,0.0,0,0,0,0,0,0.0,0.0,0.0,0,0,0,39.1,9.19,12.52,0.4,32.18,22.4,63.4,94.27914025193901,13.774073528987104,28.5768675855411,31.643316658594276,13.419250114510456,1799.0,0.0,0.0,32.13270089247575,0.0,21.35686694498184,14.0,95.7,0.0,0.0,0.0,450.0,9546.8,0.0,0.0,107.846,1.062,108.908,27.963,1.79,107.118,emon,0.598,0.314,145.2,67.4,2.154
2026-09-23 14:12:16.690,11.2,0,67,6;67;38;3;0;0;0;16;0;0;0;39;0;0;0;10,771,3952,3841;3893;3448;3952;2196;2695;1466;2142;2415;1857;2309;2748;897;817;771;1068,100.0,0.0,9546.8,0,0,0,0,0,0.0,0,0,0,0,0,0,0,0,0.0,0,0,0,0,0,0.0,0.0,0.0,0,0,0,39.1,9.19,12.52,0.4,32.18,22.4,63.4,95.60218631021128,11.651165888586938,29.624719322627822,30.063992492932726,15.208455956097216,1799.0,0.0,0.0,36.833114783639246,0.0,36.09730290058311,14.0,95.3,0.0,0.0,0.0,450.0,9546.8,0.0,0.0,107.742,0.927,108.669,26.509,1.697,106.972,emon,0.598,0.373,145.0,67.4,2.151
2026-09-23 14:12:17.691,13.0,0,60,20;60;47;6;2;0;0;23;6;0;0;31;0;0;0;12,778,3923,3923;3909;3470;3920;1871;1192;1183;2186;2381;1828;2114;2693;820;917;778;1005,100.0,0.0,9546.8,0,0,0,0,0,0.0,0,0,0,0,0,0,0,0,0.0,0,0,0,0,0,0.0,0.0,0.0,0,0,0,40.1,9.24,12.57,0.4,32.32,22.4,63.4,96.11530761447241,12.179575488405481,30.403572650566645,31.45316964149263,15.997010062107305,1799.0,0.0,0.0,36.56287728183823,0.0,35.70149406928908,14.0,95.6,0.0,0.0,0.0,450.0,9546.8,0.0,0.0,107.742,0.927,108.669,26.509,1.697,106.972,emon,0.598,0.373,145.0,67.4,2.151
2026-09-23 14:12:18.692,13.0,0,55,19;55;42;16;0;0;0;29;6;2;0;29;2;0;0;9,861,4135,4135;3942;3371;3760;2343;2318;2342;2290;1832;2667;1915;2404;861;910;932;984,99.6,0.0,9546.8,0,0,0,0,0,0.0,0,0,0,0,0,0,0,0,0.0,0,0,0,0,0,0.0,0.0,0.0,0,0,0,39.1,9.24,12.57,0.4,32.32,22.4,63.4,95.92096199809689,11.681780551687801,28.93336713900917,29.536818610057747,14.650171146932223,1799.0,0.0,0.0,35.22451652409445,0.0,36.46263507862701,14.0,95.4,0.0,0.0,0.0,450.0,9546.8,0.0,0.0,107.742,0.927,108.669,26.509,1.697,106.972,emon,0.598,0.373,145.0,67.4,2.151
2026-09-23 14:12:19.692,13.0,0,54,22;54;50;6;0;0;0;30;2;0;0;33;0;0;0;11,755,3958,3958;3925;3521;3950;1780;2533;2485;2492;2457;1897;1495;2432;755;958;821;1013,100.0,0.0,9547.8,0,0,0,0,0,0.0,0,0,0,0,0,0,0,0,0.0,0,0,0,0,0,0.0,0.0,0.0,0,0,0,40.1,9.24,12.57,0.4,32.32,22.4,63.4,94.66683835659212,12.817268354126515,27.954913265713788,30.021689047453727,13.842930418213161,1799.0,0.0,0.0,34.333361019495676,0.0,26.71821378654596,14.0,95.5,0.0,0.0,0.0,450.0,9547.8,0.0,0.0,107.742,0.927,108.669,26.509,1.697,106.972,emon,0.598,0.373,145.0,67.4,2.151
2026-09-23 14:12:20.693,14.4,0,53,25;52;53;12;0;2;0;33;3;0;2;32;0;0;0;15,684,4054,4054;4011;3575;3957;1784;2493;1684;2336;2135;1964;2451;2242;1071;684;876;1193,91.7,0.0,9546.8,0,0,0,0,0,0.0,0,0,0,0,0,0,0,0,0.0,0,0,0,0,0,0.0,0.0,0.0,0,0,0,41.1,9.24,12.57,0.4,32.32,22.4,63.4,95.36367870015758,13.333305166477137,29.71280901240451,31.459711044394812,15.484790497609149,1799.0,0.0,0.0,36.48749662493564,0.0,29.004355007262273,13.9,95.1,0.0,0.0,0.0,450.0,9549.5,0.0,0.0,107.742,0.927,108.669,26.509,1.697,106.972,emon,0.598,0.373,145.0,67.4,2.151
2026-09-23 14:12:21.693,14.9,0,86,22;37;86;15;2;0;0;24;5;0;0;34;0;0;0;14,754,4177,3838;3893;4177;3994;1642;1794;1452;1775;2288;2673;2496;2157;793;897;754;1075,99.9,0.0,9546.8,0,0,0,0,0,0.0,0,0,0,0,0,0,0,0,0.0,0,0,0,0,0,0.0,0.0,0.0,0,0,0,43.1,9.61,12.52,0.4,32.6,22.4,63.4,93.84835554794832,14.15017137579112,29.1452303935181,31.904431381686166,14.374735711100088,1803.2613636363637,0.0,0.0,33.343283744695576,0.0,22.588098373582955,14.0,95.4,0.0,0.0,0.0,450.0,9549.5,0.0,0.0,107.742,0.927,108.669,26.509,1.697,106.972,emon,0.598,0.373,145.0,67.4,2.151
2026-09-23 14:12:22.693,13.4,0,83,14;39;83;9;3;2;0;26;2;0;2;30;2;0;0;5,840,4196,3685;3633;4196;4099;2126;2482;1687;1845;2118;2711;1858;2100;842;840;849;988,99.9,0.0,9546.8,0,0,0,0,0,0.0,0,0,0,0,0,0,0,0,0.0,0,0,0,0,0,0.0,0.0,0.0,0,0,0,43.1,9.61,12.52,0.4,32.6,22.4,63.4,95.47066704119955,12.198932178897252,30.26967663722379,30.80343030510204,15.860229396713631,1800.607142857143,0.0,0.0,37.44306087186144,0.0,31.571911970475607,13.9,95.3,0.0,0.0,0.0,450.0,9547.8,0.0,0.0,107.742,0.927,108.669,26.509,1.697,106.972,emon,0.598,0.373,145.0,67.4,2.151
2026-09-23 14:12:23.694,12.1,0,94,14;38;94;5;3;0;0;12;0;2;0;13;0;0;0;12,463,4288,3658;3517;4288;4122;2094;2224;1406;1838;2134;1818;2562;2310;769;846;463;1119,98.4,0.0,9547.8,0,0,0,0,0,0.0,0,0,0,0,0,0,0,0,0.0,0,0,0,0,0,0.0,0.0,0.0,0,0,0,42.1,9.61,12.52,0.4,32.6,22.4,63.4,95.6850055212706,12.293592984479865,30.649293977190073,31.816077911780333,16.346125951286037,1799.3521126760563,0.0,0.0,37.610139169361325,0.0,33.70557159877741,14.0,95.7,0.0,0.0,0.0,450.0,9546.8,0.0,0.0,107.742,0.927,108.669,26.509,1.697,106.972,emon,0.598,0.373,145.0,67.4,2.151
2026-09-23 14:12:24.694,13.0,0,89,17;33;89;11;0;0;0;23;5;0;0;17;0;0;0;12,746,4296,3942;3630;4296;4060;1961;3062;1995;1795;2336;1812;2692;2220;834;872;746;1263,93.4,0.0,9546.8,0,0,0,0,0,0.0,0,0,0,0,0,0,0,0,0.0,0,0,0,0,0,0.0,0.0,0.0,0,0,0,42.1,10.44,12.63,0.4,33.56,22.4,63.4,95.09974052877766,12.409339576551005,29.546281574743066,31.010189947226774,14.674646146367248,1799.0,0.0,0.0,34.2688451712917,0.0,33.36459016911863,13.9,95.2,0.0,0.0,0.0,450.0,9546.8,0.0,0.0,107.742,0.927,108.669,26.509,1.697,106.972,emon,0.598,0.373,145.0,67.4,2.151
2026-09-23 14:12:25.695,13.0,0,89,12;29;89;11;5;0;0;24;0;0;0;28;0;0;0;9,651,4352,3718;3707;4352;4190;1846;1919;2316;1803;2091;2650;2127;2199;779;842;651;1020,98.1,0.0,9546.8,0,0,0,0,0,0.0,0,0,0,0,0,0,0,0,0.0,0,0,0,0,0,0.0,0.0,0.0,0,0,0,42.1,10.44,12.63,0.4,33.56,22.4,63.4,95.10980479739537,13.135359098142553,28.566438120659267,30.760097969915265,14.265573457736417,1799.0,0.0,0.0,33.143587068959235,0.0,27.65206079271336,14.0,95.6,0.0,0.0,0.0,450.0,9546.8,0.0,0.0,107.742,0.927,108.669,26.509,1.697,106.972,emon,0.598,0.373,145.0,67.4,2.151
2026-09-23 14:12:26.695,13.8,0,91,15;35;91;5;0;2;2;23;3;2;2;25;0;0;0;17,728,4261,3806;3670;4261;4126;1272;2046;2539;1660;1789;2679;2246;2021;909;926;728;1085,100.0,0.0,9546.8,0,0,0,0,0,0.0,0,0,0,0,0,0,0,0,0.0,0,0,0,0,0,0.0,0.0,0.0,0,0,0,41.1,10.44,12.63,0.4,33.56,22.4,63.4,93.98721954302134,13.05631050081725,27.81539148243551,30.359790844663145,13.463083149855814,1799.0,0.0,0.0,33.35191504999069,0.0,25.870403191710707,14.0,95.5,0.0,0.0,0.0,450.0,9546.8,0.0,0.0,107.742,0.927,108.669,26.509,1.697,106.972,emon,0.598,0.373,145.0,67.4,2.151
2026-09-23 14:12:27.696,13.1,0,86,25;35;86;5;2;0;0;18;8;0;2;20;0;2;0;8,624,4263,3804;3528;4263;4112;1774;1558;1389;1761;1603;1430;1356;2266;752;889;624;1049,100.0,0.0,9547.8,0,0,0,0,0,0.0,0,0,0,0,0,0,0,0,0.0,0,0,0,0,0,0.0,0.0,0.0,0,0,0,41.1,10.44,12.63,0.4,33.56,22.4,63.4,93.9995026834633,13.682894514316855,29.569139045217764,32.1220484353278,14.558748635503909,1799.0,0.0,0.0,32.97994028262252,0.0,24.338197219371146,13.9,95.1,0.0,0.0,0.0,450.0,9547.8,0.0,0.0,107.742,0.927,108.669,26.509,1.697,106.972,emon,0.598,0.373,145.0,67.4,2.151
2026-09-23 14:12:28.697,12.3,0,89,11;29;89;6;3;0;0;16;8;0;0;20;0;0;0;15,730,4213,3918;3787;4213;4015;2283;2188;1459;2007;2033;2090;1761;2148;730;833;824;1171,96.5,0.0,9546.8,0,0,0,0,0,0.0,0,0,0,0,0,0,0,0,0.0,0,0,0,0,0,0.0,0.0,0.0,0,0,0,43.1,10.69,12.67,0.4,33.88,22.4,63.4,93.8843590459045,13.256065525376174,28.6025603064621,31.05277386384693,14.308033525430579,1804.357142857143,0.0,0.0,34.571286493266115,0.0,22.824775090396894,14.0,95.6,0.0,0.0,0.0,450.0,9546.8,0.0,0.0,108.095,1.057,109.151,22.266,1.425,107.726,emon,0.603,0.367,145.0,67.3,2.155
2026-09-23 14:12:29.697,13.7,0,88,9;36;88;12;3;0;0;20;5;0;0;32;0;0;0;14,695,4209,3676;3573;4209;4112;1787;1390;1551;1952;2566;2516;2085;2443;798;860;695;1071,100.0,0.0,9546.8,0,0,0,0,0,0.0,0,0,0,0,0,0,0,0,0.0,0,0,0,0,0,0.0,0.0,0.0,0,0,0,43.1,10.69,12.67,0.4,33.88,22.4,63.4,96.12695885071388,12.00938718120854,29.403989331080364,29.815329845593524,13.994760057975789,1799.0,0.0,0.0,34.896242661107905,0.0,33.626880567048566,14.0,95.3,0.0,0.0,0.0,450.0,9546.8,0.0,0.0,108.095,1.057,109.151,22.266,1.425,107.726,emon,0.603,0.367,145.0,67.3,2.155
2026-09-23 14:12:30.697,8.7,0,54,5;31;54;3;0;0;0;15;2;0;0;18;0;0;2;9,874,4038,3501;3229;4038;3788;1876;1206;1014;1646;2084;1661;1145;1959;874;947;884;1190,24.9,0.0,9547.8,0,0,0,0,0,0.0,0,0,0,0,0,0,0,0,0.0,0,0,0,0,0,0.0,0.0,0.0,0,0,0,36.1,10.69,12.67,0.4,33.88,22.4,63.4,89.78438528103403,11.888634443698027,29.01165948107396,30.136077277583652,12.131377201024433,1796.2772277227723,0.0,0.0,30.901917565385766,0.0,38.54053766242688,7.2,47.1,0.0,0.0,0.0,450.0,9547.8,0.0,0.0,108.095,1.057,109.151,22.266,1.425,107.726,emon,0.603,0.367,145.0,67.3,2.155
2026-09-23 14:12:31.697,4.8,0,25,0;18;25;3;5;0;0;8;0;2;0;11;0;0;0;5,1082,3321,2334;2226;3321;2817;1941;1194;1312;1391;1217;2205;1249;1308;1115;1163;1082;1129,4.6,0.0,9546.8,0,0,0,0,0,0.0,0,0,0,0,0,0,0,0,0.0,0,0,0,0,0,0.0,0.0,0.0,0,0,0,33.1,10.69,12.67,0.4,33.88,22.4,63.4,77.3882948401812,6.710106939278744,20.827018862640536,19.675602002421748,0.86301718493662,1143.2567567567567,0.0,0.0,0.0,0.0,52.95683857466321,0.7,0.0,0.0,0.0,0.0,450.0,9546.8,0.0,0.0,108.095,1.057,109.151,22.266,1.425,107.726,emon,0.603,0.367,145.0,67.3,2.155
2026-09-23 14:12:32.698,7.4,0,33,8;29;33;3;2;0;0;22;0;0;0;14;2;0;0;6,977,2985,1851;1916;2872;2985;2426;1021;977;1263;1522;1240;1089;1234;1130;1149;1084;1153,4.6,0.0,9546.8,0,0,0,0,0,0.0,0,0,0,0,0,0,0,0,0.0,0,0,0,0,0,0.0,0.0,0.0,0,0,0,33.1,6.33,4.72,0.35,16.73,22.4,63.4,98.55934051231101,8.809857276302797,23.819826938487864,23.780937949816387,0.7990244230119666,1166.5925925925926,0.0,0.0,0.0,0.0,53.10130192753341,0.7,0.0,0.0,0.0,0.0,450.0,9546.8,0.0,0.0,108.095,1.057,109.151,22.266,1.425,107.726,emon,0.603,0.367,145.0,67.3,2.155
2026-09-23 14:12:33.699,7.0,0,38,5;23;38;3;0;0;0;16;2;0;0;23;0;2;0;2,875,3337,2825;2341;3337;2642;1745;1218;1297;1427;1193;1096;1078;1402;979;1131;875;1107,4.2,0.0,9546.8,0,0,0,0,0,0.0,0,0,0,0,0,0,0,0,0.0,0,0,0,0,0,0.0,0.0,0.0,0,0,0,33.1,6.33,4.72,0.35,16.73,22.4,63.4,98.05982052838361,8.025696150182435,21.378505059966333,20.360939364880323,0.6778259773008931,1160.5740740740741,0.0,0.0,0.0,0.0,51.24178621228094,0.7,0.0,0.0,0.0,0.0,450.0,9546.8,0.0,0.0,108.095,1.057,109.151,22.266,1.425,107.726,emon,0.603,0.367,145.0,67.3,2.155
2026-09-23 14:12:34.699,7.7,0,37,5;23;37;3;5;2;0;17;3;2;2;18;2;2;0;5,1197,3644,3552;2833;3496;3644;2590;2015;1939;1720;2459;2766;1693;1635;1929;1197;1254;1445,4.3,0.0,9546.8,0,0,0,0,0,0.0,0,0,0,0,0,0,0,0,0.0,0,0,0,0,0,0.0,0.0,0.0,0,0,0,34.1,6.33,4.72,0.35,16.73,22.4,63.4,98.51966229607078,9.18730486890155,21.812590236757316,21.730825993068077,0.4842694067377962,1127.4313725490197,0.0,0.0,0.0,0.0,53.287308515871274,0.7,0.0,0.0,0.0,0.0,450.0,9546.9,0.0,0.0,108.095,1.057,109.151,22.266,1.425,107.726,emon,0.603,0.367,145.0,67.3,2.155
2026-09-23 14:12:35.699,11.2,0,67,14;26;67;9;0;0;0;15;3;0;0;26;0;0;0;19,1099,3286,3286;2770;3227;3161;1388;1099;1410;1950;2120;1358;1562;2095;1890;2058;1664;2243,4.2,0.0,9546.9,0,0,0,0,0,0.0,0,0,0,0,0,0,0,0,0.0,0,0,0,0,0,0.0,0.0,0.0,0,0,0,39.1,6.33,4.72,0.35,16.73,22.8,63.4,95.84396708639045,28.493597505684185,15.984881913751588,37.457085060894045,0.33814941379228514,1749.0,0.0,0.0,25.93226533606708,9.504302921151757,28.191078983267413,8.3,45.8,0.0,0.0,0.0,450.0,9631.0,0.0,0.0,108.095,1.057,109.151,22.266,1.425,107.726,emon,0.603,0.367,145.0,67.3,2.155
2026-09-23 14:12:36.700,10.3,0,95,9;16;95;0;0;0;0;19;0;0;0;12;0;0;0;12,928,3407,3407;2409;3132;3394;1936;2043;1684;2082;2348;2685;2404;2028;1077;1026;928;1325,2.3,0.0,9633.7,0,0,0,0,0,0.0,0,0,0,0,0,0,0,0,0.0,0,0,0,0,0,0.0,0.0,0.0,0,0,0,42.1,5.33,8.6,0.35,17.62,22.8,63.4,99.99695498701455,32.723637649978414,15.323910334835881,41.75649568308955,0.12820958805041036,1842.840579710145,0.0,0.0,30.89515064794408,0.0,23.612366635433357,14.2,97.3,0.0,0.0,0.0,450.0,9631.0,0.0,0.0,108.095,1.057,109.151,22.266,1.425,107.726,emon,0.603,0.367,145.0,67.3,2.155
2026-09-23 14:12:37.702,11.9,0,86,16;19;86;12;2;0;0;17;3;3;0;22;0;0;0;11,831,3697,3697;2948;2880;3140;2477;1305;1628;2315;1781;1986;2323;2252;932;831;982;1127,2.3,0.0,9630.9,0,0,0,0,0,0.0,0,0,0,0,0,0,0,0,0.0,0,0,0,0,0,0.0,0.0,0.0,0,0,0,44.1,5.33,8.6,0.35,17.62,22.9,63.4,99.99076984333543,24.208502282128443,17.322557972962002,33.646651757775615,0.6976032473059055,1847.4905660377358,0.0,0.0,37.282836807421674,0.0,36.78208862668459,14.2,97.1,0.0,0.0,0.0,450.0,9630.9,0.0,0.0,108.095,1.057,109.151,22.266,1.425,107.726,emon,0.603,0.367,145.0,67.3,2.155
2026-09-23 14:12:38.702,10.8,0,85,17;12;85;8;5;0;0;16;6;0;0;14;2;0;0;8,712,3182,3182;2694;2991;2972;1523;1098;1499;2024;1538;1188;1305;2017;1090;955;712;1321,2.4,0.0,9631.9,0,0,0,0,0,0.0,0,0,0,0,0,0,0,0,0.0,0,0,0,0,0,0.0,0.0,0.0,0,0,0,45.1,5.33,8.6,0.35,17.62,22.7,63.4,99.99930649444836,24.178124301906426,17.36741877353492,33.83010255445202,0.6934476774568648,1849.0,0.0,0.0,34.787693103857556,0.0,35.019213258005,14.2,97.2,0.0,0.0,0.0,450.0,9631.9,0.0,0.0,108.095,1.057,109.151,22.266,1.425,107.726,emon,0.603,0.367,145.0,67.3,2.155
2026-09-23 14:12:39.702,12.0,0,86,27;15;86;6;14;2;0;0;19;0;0;0;20;3;0;0,939,3349,3267;2923;3000;3349;2151;2392;1478;1453;1878;1783;1780;1117;1532;1291;939;1087,2.4,0.0,9631.9,0,0,0,0,0,0.0,0,0,0,0,0,0,0,0,0.0,0,0,0,0,0,0.0,0.0,0.0,0,0,0,45.1,5.33,8.6,0.35,17.62,22.7,63.4,100.00243290492466,24.68486473247485,16.85453218829875,33.81363903271909,0.7636283372045372,1849.0,0.0,0.0,37.059392639481445,0.0,35.6220324612793,14.2,97.3,0.0,0.0,0.0,450.0,9631.9,0.0,0.0,108.095,1.057,109.151,22.266,1.425,107.726,emon,0.603,0.367,145.0,67.3,2.155
2026-09-23 14:12:40.703,11.9,0,92,25;18;92;6;20;2;0;0;17;3;2;2;5;0;0;0,964,3217,3217;2801;2931;2910;2059;2636;1277;1723;1965;1944;2059;1951;1205;964;1122;971,2.2,0.0,9630.9,0,0,0,0,0,0.0,0,0,0,0,0,0,0,0,0.0,0,0,0,0,0,0.0,0.0,0.0,0,0,0,46.1,5.85,25.19,0.37,35.93,22.7,63.4,99.97232376032578,23.593003090325887,17.728650467220323,32.9685664635587,0.6606723195933676,1849.0,0.0,0.0,34.96439856941534,0.0,35.62867100322367,14.2,97.2,0.0,0.0,0.0,450.0,9630.9,0.0,0.0,108.095,1.057,109.151,22.266,1.425,107.726,emon,0.603,0.367,145.0,67.3,2.155
2026-09-23 14:12:41.704,10.4,0,94,30;6;94;2;14;0;0;0;20;0;0;0;0;0;0;0,848,3268,3268;2681;3118;3009;2124;1565;1462;1874;1981;1616;1392;1325;1111;848;886;942,2.2,0.0,9630.9,0,0,0,0,0,0.0,0,0,0,0,0,0,0,0,0.0,0,0,0,0,0,0.0,0.0,0.0,0,0,0,46.1,5.85,25.19,0.37,35.93,22.4,63.4,99.97458457059638,25.792620670951383,15.408560004345206,34.32278689256934,0.5962230027371714,1849.0,0.0,0.0,34.3005630695326,0.0,34.49581509134466,14.2,97.2,0.0,0.0,0.0,450.0,9630.9,0.0,0.0,10.018,3.415,13.433,20.653,1.322,12.111,emon,0.57,0.59,120.1,56.4,2.129
2026-09-23 14:12:42.704,10.9,0,89,23;11;89;5;20;2;0;0;12;3;0;0;9;0;0;0,748,3330,3049;2537;3098;3330;2066;2574;1482;1213;1962;1769;1250;1264;1210;1055;952;748,2.1,0.0,9630.9,0,0,0,0,0,0.0,0,0,0,0,0,0,0,0,0.0,0,0,0,0,0,0.0,0.0,0.0,0,0,0,44.1,5.85,25.19,0.37,35.93,22.4,63.4,99.97555854521602,28.962883873966085,16.11588063082063,38.471299326563454,0.6262066819626524,1849.0,0.0,0.0,32.33071453311671,0.0,29.40694652214957,14.2,97.3,0.0,0.0,0.0,450.0,9630.9,0.0,0.0,10.018,3.415,13.433,20.653,1.322,12.111,emon,0.57,0.59,120.1,56.4,2.129
2026-09-23 14:12:43.704,9.7,0,94,27;8;94;2;6;0;0;0;12;2;0;0;5;0;0;0,654,3144,3144;2800;2683;2664;2213;1922;1558;1532;1809;1853;1807;871;1090;870;813;654,2.1,0.0,9630.9,0,0,0,0,0,0.0,0,0,0,0,0,0,0,0,0.0,0,0,0,0,0,0.0,0.0,0.0,0,0,0,43.1,5.85,25.19,0.37,35.93,22.5,63.4,99.98812148744697,31.614312998111675,15.07685946865587,40.5219499512224,0.3448734532498958,1845.3576158940398,0.0,0.0,30.870591399765615,0.0,26.94389909278757,14.2,97.2,0.0,0.0,0.0,450.0,9631.9,0.0,0.0,10.018,3.415,13.433,20.653,1.322,12.111,emon,0.57,0.59,120.1,56.4,2.129
2026-09-23 14:12:44.705,13.3,0,78,39;12;78;14;20;3;0;0;25;6;0;0;15;0;0;0,660,3976,3303;2769;3866;3976;2150;1861;2748;1354;2120;1672;1999;1439;1162;824;1049;660,2.2,0.0,9631.9,0,0,0,0,0,0.0,0,0,0,0,0,0,0,0,0.0,0,0,0,0,0,0.0,0.0,0.0,0,0,0,41.1,6.02,24.1,0.38,35.36,22.5,63.4,93.86539840211674,13.496520011695292,28.30264976559853,30.797325567095257,12.800509372265173,1802.3163265306123,0.0,0.0,34.04764274727168,0.0,24.440846227510686,14.1,96.0,0.0,0.0,0.0,450.0,9630.9,0.0,0.0,10.018,3.415,13.433,20.653,1.322,12.111,emon,0.57,0.59,120.1,56.4,2.129
2026-09-23 14:12:45.705,13.4,0,85,39;8;85;8;16;3;0;0;27;8;5;0;17;0;0;0,840,4256,3238;2668;4256;4185;2401;3012;1746;1819;2125;1821;1527;1388;1238;840;1048;869,98.1,0.0,9630.9,0,0,0,0,0,0.0,0,0,0,0,0,0,0,0,0.0,0,0,0,0,0,0.0,0.0,0.0,0,0,0,41.1,6.02,24.1,0.38,35.36,22.6,63.4,95.82399018907728,12.36651408115664,30.43207463157494,31.462973450016612,15.675790534924872,1799.0,0.0,0.0,37.18864492389476,0.0,31.67097222731637,14.0,95.4,0.0,0.0,0.0,450.0,9631.8,0.0,0.0,10.018,3.415,13.433,20.653,1.322,12.111,emon,0.57,0.59,120.1,56.4,2.129
2026-09-23 14:12:46.705,12.4,0,95,20;12;95;9;19;2;0;0;25;3;2;0;11;0;0;0,646,4280,3615;3055;4280;4114;2084;1837;1813;1234;2139;1994;2079;2144;1137;723;646;781,100.0,0.0,9630.8,0,0,0,0,0,0.0,0,0,0,0,0,0,0,0,0.0,0,0,0,0,0,0.0,0.0,0.0,0,0,0,41.1,6.02,24.1,0.38,35.36,22.5,63.4,96.1418816418237,12.33837482732222,30.261070711335886,31.51004197239206,15.159967590974512,1799.0,0.0,0.0,36.63201761617297,0.0,31.959846995540786,14.0,95.6,0.0,0.0,0.0,450.0,9630.8,0.0,0.0,10.018,3.415,13.433,20.653,1.322,12.111,emon,0.57,0.59,120.1,56.4,2.129
2026-09-23 14:12:47.706,14.1,0,98,35;9;98;5;20;2;0;0;25;0;2;2;27;2;0;0,873,4275,3605;3066;4275;4042;2195;2330;1462;1436;2238;1928;1613;1253;2160;1070;873;897,95.9,0.0,9630.8,0,0,0,0,0,0.0,0,0,0,0,0,0,0,0,0.0,0,0,0,0,0,0.0,0.0,0.0,0,0,0,39.1,6.02,24.1,0.38,35.36,22.5,63.4,96.59357165387752,11.27892131919529,30.07167365453691,30.059771316839907,15.908219879945557,1799.0,0.0,0.0,37.49199731790825,0.0,37.71280488702057,14.0,95.3,0.0,0.0,0.0,450.0,9630.8,0.0,0.0,10.018,3.415,13.433,20.653,1.322,12.111,emon,0.57,0.59,120.1,56.4,2.129
2026-09-23 14:12:48.707,13.6,0,91,35;20;91;6;22;3;0;0;25;2;0;0;15;0;0;0,646,4266,3625;3034;4266;4192;2407;2249;2780;1222;2570;1957;1769;1751;1069;895;744;646,100.0,0.0,9630.8,0,0,0,0,0,0.0,0,0,0,0,0,0,0,0,0.0,0,0,0,0,0,0.0,0.0,0.0,0,0,0,40.1,10.27,12.49,0.4,33.26,22.5,63.4,95.07214483515969,12.915892977861624,29.518213433438333,31.127733835982607,15.740229044880333,1799.0,0.0,0.0,36.54116981815153,0.0,29.32394105716917,14.0,95.3,0.0,0.0,0.0,450.0,9630.8,0.0,0.0,10.018,3.415,13.433,20.653,1.322,12.111,emon,0.57,0.59,120.1,56.4,2.129
2026-09-23 14:12:49.708,12.2,0,88,28;9;88;12;19;0;2;2;23;2;3;2;6;0;0;0,910,4267,3636;3061;4267;4119;2179;1952;2361;2340;2237;1521;2460;1061;1055;925;913;910,92.2,0.0,9622.3,0,0,0,0,0,0.0,0,0,0,0,0,0,0,0,0.0,0,0,0,0,0,0.0,0.0,0.0,0,0,0,40.1,10.27,12.49,0.4,33.26,22.5,63.4,93.12399132647107,13.110135916040171,28.253353279439647,30.605767283008326,13.642733749226858,1799.0,0.0,0.0,31.51450272865553,0.0,25.56103657770331,14.0,95.8,0.0,0.0,0.0,450.0,9630.8,0.0,0.0,10.018,3.415,13.433,20.653,1.322,12.111,emon,0.57,0.59,120.1,56.4,2.129
2026-09-23 14:12:50.708,11.6,0,98,29;14;98;8;9;0;0;0;18;0;0;0;9;0;0;0,695,4238,3507;2918;4238;4107;2245;2054;2141;1589;2439;2467;2255;1592;1183;793;751;695,99.9,0.0,9622.3,0,0,0,0,0,0.0,0,0,0,0,0,0,0,0,0.0,0,0,0,0,0,0.0,0.0,0.0,0,0,0,41.1,10.27,12.49,0.4,33.26,22.5,63.4,94.78777207647052,12.385366070608143,27.90273211098143,29.436369087547064,13.587867703014386,1799.0,0.0,0.0,36.06970108081857,0.0,27.629309495225503,14.0,95.5,0.0,0.0,0.0,450.0,9622.3,0.0,0.0,10.018,3.415,13.433,20.653,1.322,12.111,emon,0.57,0.59,120.1,56.4,2.129
2026-09-23 14:12:51.708,11.5,0,89,33;17;89;3;21;0;0;0;17;0;0;0;5;0;0;0,743,4301,3740;3041;4301;4224;2192;2103;1301;1340;2147;1795;1507;1488;1094;743;764;906,93.2,0.0,9623.3,0,0,0,0,0,0.0,0,0,0,0,0,0,0,0,0.0,0,0,0,0,0,0.0,0.0,0.0,0,0,0,42.1,10.27,12.49,0.4,33.26,22.5,63.4,93.304842080193,13.61049958798317,27.975552409887314,30.973156128185746,13.458920284902312,1799.0,0.0,0.0,32.03948518489862,0.0,21.069173432501227,14.0,95.4,0.0,0.0,0.0,450.0,9622.3,0.0,0.0,10.018,3.415,13.433,20.653,1.322,12.111,emon,0.57,0.59,120.1,56.4,2.129
2026-09-23 14:12:52.709,14.3,0,91,35;21;91;14;22;0;0;0;21;6;4;2;11;2;0;2,771,4243,3582;3072;4243;4055;2363;2139;2984;1309;2371;2248;2592;3279;1163;1111;771;920,100.0,0.0,9637.7,0,0,0,0,0,0.0,0,0,0,0,0,0,0,0,0.0,0,0,0,0,0,0.0,0.0,0.0,0,0,0,40.1,10.33,12.52,0.4,33.3,22.5,63.4,96.73559728556988,12.044002062205859,30.425350067857043,31.1914165941694,16.744125543478756,1799.0,0.0,0.0,38.16174364597932,0.0,35.806245932111686,14.0,95.6,0.0,0.0,0.0,450.0,9623.3,0.0,0.0,107.421,1.14,108.562,28.077,1.797,106.765,emon,0.598,0.296,145.1,67.6,2.148
2026-09-23 14:12:53.709,12.3,0,92,33;9;92;6;16;0;0;0;24;3;0;2;9;2;0;0,660,4304,3446;3160;4304;4114;1970;1908;1694;1579;2351;1685;1447;1081;1075;1041;743;660,100.0,0.0,9637.7,0,0,0,0,0,0.0,0,0,0,0,0,0,0,0,0.0,0,0,0,0,0,0.0,0.0,0.0,0,0,0,41.1,10.33,12.52,0.4,33.3,22.5,63.4,95.24312655131023,12.596085211386283,30.7523105930399,31.591975815980522,16.255643956619316,1799.0,0.0,0.0,36.97077704437025,0.0,31.990439990729957,14.0,95.3,0.0,0.0,0.0,450.0,9635.0,0.0,0.0,107.421,1.14,108.562,28.077,1.797,106.765,emon,0.598,0.296,145.1,67.6,2.148
2026-09-23 14:12:54.709,12.8,0,94,33;14;94;0;21;0;0;0;22;5;0;0;16;0;2;0,752,4265,3571;3026;4265;3964;2152;2335;1940;1438;2353;2215;1260;1346;1144;824;885;752,97.4,0.0,9635.0,0,0,0,0,0,0.0,0,0,0,0,0,0,0,0,0.0,0,0,0,0,0,0.0,0.0,0.0,0,0,0,41.1,10.33,12.52,0.4,33.3,22.5,63.4,95.04121317276879,12.309629026482561,29.837577043544677,30.890041327370064,15.225821694122656,1799.0,0.0,0.0,36.40180477742124,0.0,32.188130433016134,13.9,95.1,0.0,0.0,0.0,450.0,9635.0,0.0,0.0,107.421,1.14,108.562,28.077,1.797,106.765,emon,0.598,0.296,145.1,67.6,2.148
2026-09-23 14:12:55.710,12.5,0,95,26;11;95;5;23;5;0;0;20;3;0;0;8;4;0;0,647,4195,3562;2836;4195;4095;2353;2102;1701;1683;2499;2575;1984;1896;1116;835;1178;647,97.6,0.0,9576.7,0,0,0,0,0,0.0,0,0,0,0,0,0,0,0,0.0,0,0,0,0,0,0.0,0.0,0.0,0,0,0,41.1,10.33,12.52,0.4,33.3,22.5,63.4,95.12242920203896,12.784058795031523,29.383024179054143,30.685254359233703,15.91672134661779,1799.0,0.0,0.0,36.10385149740161,0.0,32.04334248141208,14.0,95.3,0.0,0.0,0.0,450.0,9577.7,0.0,0.0,107.421,1.14,108.562,28.077,1.797,106.765,emon,0.598,0.296,145.1,67.6,2.148
2026-09-23 14:12:56.710,13.3,0,97,25;12;97;3;25;0;0;0;33;2;0;0;16;2;0;0,731,4264,3412;3070;4264;4113;2317;2062;2017;1342;2556;2045;1828;1873;1185;892;907;731,99.3,0.0,9576.7,0,0,0,0,0,0.0,0,0,0,0,0,0,0,0,0.0,0,0,0,0,0,0.0,0.0,0.0,0,0,0,42.1,10.34,12.49,0.4,33.35,22.5,63.4,94.15021442665773,13.535291266353692,29.433632041893752,31.97238061474819,14.214687853248096,1799.0,0.0,0.0,33.22344122392892,0.0,23.933108739237237,14.0,95.3,0.0,0.0,0.0,450.0,9576.7,0.0,0.0,107.421,1.14,108.562,28.077,1.797,106.765,emon,0.598,0.296,145.1,67.6,2.148
2026-09-23 14:12:57.711,12.9,0,86,28;14;86;9;26;2;0;0;27;3;0;0;11;0;0;0,790,4362,3563;3099;4362;4260;1965;2092;1802;2330;2310;1920;1555;1785;1083;880;790;885,96.2,0.0,9576.7,0,0,0,0,0,0.0,0,0,0,0,0,0,0,0,0.0,0,0,0,0,0,0.0,0.0,0.0,0,0,0,43.1,10.34,12.49,0.4,33.35,22.5,63.4,94.04693356285925,13.80816457780969,28.881462049225103,31.964701251005348,13.820603469123498,1799.0,0.0,0.0,32.471025768004395,0.0,21.04478029731494,14.0,95.3,0.0,0.0,0.0,450.0,9576.7,0.0,0.0,107.421,1.14,108.562,28.077,1.797,106.765,emon,0.598,0.296,145.1,67.6,2.148
2026-09-23 14:12:58.727,12.2,0,98,25;15;98;3;20;0;0;0;25;3;0;0;6;0;0;0,677,4167,3371;3060;4167;4062;2328;1830;1375;1234;2384;1597;1847;1681;1162;823;677;889,100.0,0.0,9576.7,0,0,0,0,0,0.0,0,0,0,0,0,0,0,0,0.0,0,0,0,0,0,0.0,0.0,0.0,0,0,0,42.1,10.34,12.49,0.4,33.35,22.6,63.4,96.38099437660814,11.666639872799333,29.29896827862395,29.602772670042633,15.385542645982955,1799.0,0.0,0.0,37.10214429496141,0.0,34.418976280525534,14.0,95.6,0.0,0.0,0.0,450.0,9579.4,0.0,0.0,107.421,1.14,108.562,28.077,1.797,106.765,emon,0.598,0.296,145.1,67.6,2.148
2026-09-23 14:12:59.727,16.3,0,97,35;22;97;14;17;14;3;5;22;8;6;3;9;3;3;0,1632,4230,3850;3537;4230;4008;2570;2939;3122;3293;2552;2299;3010;3216;1632;2348;2272;2075,92.6,0.0,9577.7,0,0,0,0,0,0.0,0,0,0,0,0,0,0,0,0.0,0,0,0,0,0,0.0,0.0,0.0,0,0,0,44.1,10.34,12.49,0.4,33.35,22.5,63.4,95.85260624538437,12.500836752862813,30.623169707728486,31.997978437183445,16.19016932664703,1799.0,0.0,0.0,35.544148860805244,0.0,33.09178544358724,14.0,95.2,0.0,0.0,0.0,450.0,9576.7,0.0,0.0,107.421,1.14,108.562,28.077,1.797,106.765,emon,0.598,0.296,145.1,67.6,2.148
2026-09-23 14:13:00.728,12.9,0,95,33;17;95;11;17;2;0;0;16;5;0;0;11;0;0;0,609,4224,3601;3269;4224;3893;2315;2448;2650;1978;2402;2514;2261;1783;1249;803;831;609,100.0,0.0,9576.7,0,0,0,0,0,0.0,0,0,0,0,0,0,0,0,0.0,0,0,0,0,0,0.0,0.0,0.0,0,0,0,43.1,10.88,12.44,0.4,33.9,22.4,63.4,96.10841133647834,11.651267223164272,29.58132651095954,29.564740133885376,15.634979614408497,1799.0,0.0,0.0,37.65967579178822,0.0,35.63437268019133,14.0,95.7,0.0,0.0,0.0,450.0,9577.7,0.0,0.0,107.421,1.14,108.562,28.077,1.797,106.765,emon,0.598,0.296,145.1,67.6,2.148
2026-09-23 14:13:01.728,12.3,0,95,25;8;95;8;16;2;0;0;20;11;0;0;8;2;3;0,749,4291,3464;2982;4291;4166;2205;2091;1499;1470;2394;1965;1496;1399;1132;984;749;923,97.0,0.0,9576.7,0,0,0,0,0,0.0,0,0,0,0,0,0,0,0,0.0,0,0,0,0,0,0.0,0.0,0.0,0,0,0,41.1,10.88,12.44,0.4,33.9,22.4,63.4,95.29303863721016,12.973729172713545,29.667826822170845,31.166156341377487,15.880547194144665,1799.0,0.0,0.0,36.22378433154673,0.0,29.858188442964092,14.0,95.6,0.0,0.0,0.0,450.0,9576.7,0.0,0.0,107.421,1.14,108.562,28.077,1.797,106.765,emon,0.598,0.296,145.1,67.6,2.148
2026-09-23 14:13:02.729,14.2,0,89,38;14;89;8;20;0;0;3;23;6;0;0;25;0;0;0,889,4091,3383;2981;4091;4074;2491;2375;2727;2482;2262;1973;1359;1269;2158;1340;894;889,97.0,0.0,9576.7,0,0,0,0,0,0.0,0,0,0,0,0,0,0,0,0.0,0,0,0,0,0,0.0,0.0,0.0,0,0,0,39.1,10.88,12.44,0.4,33.9,22.4,63.4,92.4951202381741,14.573196514170956,29.9302509941838,32.95001008090648,15.100396340210203,1799.0,0.0,0.0,33.320535298479214,0.0,22.56807138924391,14.0,95.3,0.0,0.0,0.0,450.0,9576.7,0.0,0.0,107.421,1.14,108.562,28.077,1.797,106.765,emon,0.598,0.296,145.1,67.6,2.148
2026-09-23 14:13:03.729,12.2,0,86,37;9;86;11;19;2;0;0;11;6;0;2;11;2;0;0,830,4294,3599;2938;4294;4223;2057;1488;1755;1771;2053;1717;1723;1355;1034;873;954;830,98.4,0.0,9576.6,0,0,0,0,0,0.0,0,0,0,0,0,0,0,0,0.0,0,0,0,0,0,0.0,0.0,0.0,0,0,0,40.1,10.88,12.44,0.4,33.9,22.4,63.4,93.80282579442506,13.431318237416205,28.85853506672767,30.87263091533415,14.439158494514162,1799.0,0.0,0.0,35.31590047662937,0.0,23.508241438175002,14.0,95.6,0.0,0.0,0.0,450.0,9576.6,0.0,0.0,107.421,1.14,108.562,28.077,1.797,106.765,emon,0.598,0.296,145.1,67.6,2.148
2026-09-23 14:13:04.730,11.8,0,83,37;9;83;8;16;2;0;0;19;2;0;0;14;0;0;0,728,4323,3357;2941;4323;3969;2295;2741;2703;1619;2383;2106;1578;1825;1152;728;907;773,96.6,0.0,9576.6,0,0,0,0,0,0.0,0,0,0,0,0,0,0,0,0.0,0,0,0,0,0,0.0,0.0,0.0,0,0,0,40.1,10.24,12.52,0.4,33.34,22.4,63.4,92.79309128911308,14.341215997097198,29.63212024629786,32.71739340766092,14.355984568302885,1799.0,0.0,0.0,32.41675579885617,0.0,21.237126257877012,14.0,95.4,0.0,0.0,0.0,450.0,9576.6,0.0,0.0,107.734,1.782,109.517,26.534,1.698,107.819,emon,0.602,0.598,145.3,67.4,2.155
2026-09-23 14:13:05.730,18.5,3,91,38;27;91;20;25;6;5;10;23;10;12;3;12;5;6;3,1222,4240,3741;3363;4240;4027;2387;3020;2796;3006;2541;2897;3224;3099;1521;1222;2056;1551,98.4,0.0,9576.6,0,0,0,0,0,0.0,0,0,0,0,0,0,0,0,0.0,0,0,0,0,0,0.0,0.0,0.0,0,0,0,41.1,10.24,12.52,0.4,33.34,22.4,63.4,95.10696107614785,12.739207913873543,31.367715325206518,32.69052913028281,16.8023231025727,1799.0,0.0,0.0,36.62327532798645,0.0,32.4853277824656,14.0,95.5,0.0,0.0,0.0,450.0,9576.6,0.0,0.0,107.734,1.782,109.517,26.534,1.698,107.819,emon,0.602,0.598,145.3,67.4,2.155
2026-09-23 14:13:06.731,12.4,0,78,28;14;78;12;27;0;0;0;27;5;0;0;8;0;0;0,783,4278,3569;3036;4278;4136;2298;2267;1303;1318;2077;2108;1887;2629;1138;913;837;783,96.1,0.0,9576.6,0,0,0,0,0,0.0,0,0,0,0,0,0,0,0,0.0,0,0,0,0,0,0.0,0.0,0.0,0,0,0,41.1,10.24,12.52,0.4,33.34,22.4,63.4,95.16512820283876,12.15303219202195,29.4907224383063,30.71190293218571,14.844189295061787,1799.0,0.0,0.0,36.9392658745415,0.0,31.41958349169718,14.0,95.3,0.0,0.0,0.0,450.0,9576.6,0.0,0.0,107.734,1.782,109.517,26.534,1.698,107.819,emon,0.602,0.598,145.3,67.4,2.155
2026-09-23 14:13:07.731,14.7,0,92,33;18;92;11;27;5;0;0;22;6;0;0;16;2;3;0,1058,4213,3532;3255;4213;3987;2426;2058;1163;1377;2241;2086;2126;2925;1260;1200;1060;1058,100.0,0.0,9576.6,0,0,0,0,0,0.0,0,0,0,0,0,0,0,0,0.0,0,0,0,0,0,0.0,0.0,0.0,0,0,0,41.1,10.24,12.52,0.4,33.34,22.4,63.4,96.30607956684895,11.917630168537013,29.255694959844863,29.753645016632465,14.899030606528479,1799.0,0.0,0.0,37.571902853830125,0.0,33.764122733300255,14.0,95.3,0.0,0.0,0.0,450.0,9576.6,0.0,0.0,107.734,1.782,109.517,26.534,1.698,107.819,emon,0.602,0.598,145.3,67.4,2.155
2026-09-23 14:13:08.732,13.2,0,94,30;14;94;9;16;4;0;0;24;2;0;0;15;3;0;0,763,4292,3577;2929;4292;4212;2664;1995;1476;1501;2348;2133;1994;1995;1112;966;819;763,92.6,0.0,9576.7,0,0,0,0,0,0.0,0,0,0,0,0,0,0,0,0.0,0,0,0,0,0,0.0,0.0,0.0,0,0,0,42.1,10.64,12.56,0.4,33.71,22.4,63.4,94.46340665423755,12.584212121978691,27.32673738998117,29.45488455486529,13.292754178378479,1799.0,0.0,0.0,34.3460144652048,0.0,26.690267861595892,14.0,95.5,0.0,0.0,0.0,450.0,9576.7,0.0,0.0,107.734,1.782,109.517,26.534,1.698,107.819,emon,0.602,0.598,145.3,67.4,2.155
2026-09-23 14:13:09.732,14.6,0,89,17;20;89;12;0;27;2;0;0;33;9;3;0;16;2;3,841,4360,3188;2750;4360;4176;1337;2435;1940;1733;2380;2526;2045;2216;850;1308;1460;841,98.7,0.0,9576.7,0,0,0,0,0,0.0,0,0,0,0,0,0,0,0,0.0,0,0,0,0,0,0.0,0.0,0.0,0,0,0,43.1,10.64,12.56,0.4,33.71,22.4,63.4,94.55086271120952,13.336046777074584,28.695604057839283,31.06075663284327,14.61465589963616,1799.0,0.0,0.0,35.45921068761023,0.0,25.404945314322976,14.0,95.5,0.0,0.0,0.0,450.0,9576.7,0.0,0.0,107.734,1.782,109.517,26.534,1.698,107.819,emon,0.602,0.598,145.3,67.4,2.155
2026-09-23 14:13:10.732,12.7,0,82,23;22;82;9;0;20;8;0;0;22;2;0;0;14;2;0,773,4357,3593;3012;4357;4220;1693;2359;1504;2055;2791;2533;1764;1894;773;1159;1007;811,100.0,0.0,9577.6,0,0,0,0,0,0.0,0,0,0,0,0,0,0,0,0.0,0,0,0,0,0,0.0,0.0,0.0,0,0,0,43.1,10.64,12.56,0.4,33.71,22.4,63.4,93.36738485026072,14.847474339496658,29.80915085666151,33.1843903553055,15.066677505262644,1799.0,0.0,0.0,33.54701693039331,0.0,20.25614767464394,14.0,95.7,0.0,0.0,0.0,450.0,9576.6,0.0,0.0,107.734,1.782,109.517,26.534,1.698,107.819,emon,0.602,0.598,145.3,67.4,2.155
2026-09-23 14:13:11.738,11.5,0,94,19;19;94;6;0;18;0;0;0;12;3;0;0;12;0;0,750,4389,3614;2877;4389;4106;2341;2446;2296;1917;2265;2365;1953;1486;750;1060;808;859,92.1,0.0,9577.6,0,0,0,0,0,0.0,0,0,0,0,0,0,0,0,0.0,0,0,0,0,0,0.0,0.0,0.0,0,0,0,44.1,10.64,12.56,0.4,33.71,22.5,63.4,92.78118355774585,14.60488599612389,29.345085968205957,32.72774425553687,14.381833937157083,1799.0,0.0,0.0,32.498401789697475,0.0,21.36746226186953,14.0,95.6,0.0,0.0,0.0,450.0,9576.6,0.0,0.0,107.734,1.782,109.517,26.534,1.698,107.819,emon,0.602,0.598,145.3,67.4,2.155
2026-09-23 14:13:12.739,11.4,0,97,9;22;97;3;0;14;2;0;0;19;2;0;0;14;0;0,745,4295,3330;2946;4295;4055;2009;2378;2404;2360;2625;2580;2047;2272;829;1233;835;745,92.1,0.0,9577.6,0,0,0,0,0,0.0,0,0,0,0,0,0,0,0,0.0,0,0,0,0,0,0.0,0.0,0.0,0,0,0,41.1,10.33,12.55,0.4,33.41,22.4,63.4,96.13971483821686,11.370874355800046,28.875576251421492,28.707435791056376,14.295622342572615,1799.0,0.0,0.0,36.70258271039431,0.0,36.58068207486629,14.0,95.6,0.0,0.0,0.0,450.0,9576.6,0.0,0.0,107.734,1.782,109.517,26.534,1.698,107.819,emon,0.602,0.598,145.3,67.4,2.155
2026-09-23 14:13:13.740,12.0,0,94,17;26;94;6;0;14;0;0;0;17;3;0;0;14;0;2,640,4415,3394;2854;4415;4191;1358;2313;1963;1267;2673;2445;1824;1543;640;1158;1024;857,100.0,0.0,9576.7,0,0,0,0,0,0.0,0,0,0,0,0,0,0,0,0.0,0,0,0,0,0,0.0,0.0,0.0,0,0,0,42.1,10.33,12.55,0.4,33.41,22.4,63.4,95.12954459062482,12.238326666255793,29.683874839795504,31.020060571274538,14.494973138988133,1799.0,0.0,0.0,35.541168037596805,0.0,32.274986032688,14.0,95.3,0.0,0.0,0.0,450.0,9576.7,0.0,0.0,107.734,1.782,109.517,26.534,1.698,107.819,emon,0.602,0.598,145.3,67.4,2.155
2026-09-23 14:13:14.740,13.7,0,88,19;37;88;9;0;27;0;2;0;22;3;0;0;11;2;0,736,4294,3607;2925;4294;4201;1372;2125;1493;1934;1707;2650;2206;2014;736;1202;927;845,92.9,0.0,9577.7,0,0,0,0,0,0.0,0,0,0,0,0,0,0,0,0.0,0,0,0,0,0,0.0,0.0,0.0,0,0,0,41.1,10.33,12.55,0.4,33.41,22.4,63.4,94.45589541616263,12.791094512419981,29.0562025507981,30.665717150757295,14.695830693675411,1799.0,0.0,0.0,35.54108454482587,0.0,26.883894086276246,14.0,95.3,0.0,0.0,0.0,450.0,9576.7,0.0,0.0,107.734,1.782,109.517,26.534,1.698,107.819,emon,0.602,0.598,145.3,67.4,2.155
2026-09-23 14:13:15.741,13.4,0,97,19;35;97;8;0;21;0;0;0;25;0;0;0;9;0;0,655,4323,3556;3002;4323;4064;3319;2240;2211;2580;1991;2338;2608;1804;655;1129;1026;889,93.9,0.0,9576.6,0,0,0,0,0,0.0,0,0,0,0,0,0,0,0,0.0,0,0,0,0,0,0.0,0.0,0.0,0,0,0,42.1,10.33,12.55,0.4,33.41,22.4,63.4,94.76161376466142,12.939037662926824,28.950293523200013,30.438611363793942,14.686351701272454,1799.0,0.0,0.0,36.495252182557586,0.0,29.77735929197628,14.0,95.6,0.0,0.0,0.0,450.0,9576.6,0.0,0.0,107.734,1.782,109.517,26.534,1.698,107.819,emon,0.602,0.598,145.3,67.4,2.155
2026-09-23 14:13:16.741,14.7,0,88,21;37;88;14;0;26;2;2;2;23;9;0;0;11;2;0,757,4352,3389;2914;4352;4304;3011;2472;2156;1685;2511;2525;2221;2833;757;1079;1029;847,98.2,0.0,9576.7,0,0,0,0,0,0.0,0,0,0,0,0,0,0,0,0.0,0,0,0,0,0,0.0,0.0,0.0,0,0,0,42.1,10.4,12.56,0.4,33.48,22.4,63.4,94.47445051556542,13.16018567891075,28.91405587813684,31.136149046871633,14.660543846083982,1799.0,0.0,0.0,34.65044028795424,0.0,25.645356898480877,14.0,95.6,0.0,0.0,0.0,450.0,9576.7,0.0,0.0,107.755,1.197,108.952,24.31,1.556,107.396,emon,0.599,0.357,144.7,67.4,2.148
2026-09-23 14:13:17.741,12.2,0,97,16;25;97;3;0;21;2;0;0;23;2;0;0;8;0;0,749,4320,3726;2971;4320;4054;1983;2407;2312;1823;1410;2286;1742;1865;763;1138;844;749,99.3,0.0,9576.7,0,0,0,0,0,0.0,0,0,0,0,0,0,0,0,0.0,0,0,0,0,0,0.0,0.0,0.0,0,0,0,41.1,10.4,12.56,0.4,33.48,22.4,63.4,93.67831589341164,13.743145039379597,29.954800829291344,32.162929614782335,15.255809321412817,1799.0,0.0,0.0,34.33260990431765,0.0,26.924398286374235,14.0,95.5,0.0,0.0,0.0,450.0,9576.7,0.0,0.0,107.755,1.197,108.952,24.31,1.556,107.396,emon,0.599,0.357,144.7,67.4,2.148
2026-09-23 14:13:18.754,13.9,0,92,15;25;92;6;0;33;0;0;0;25;5;0;0;22;0;0,798,4275,3289;2731;4275;4094;1167;2459;1965;1896;2205;2263;2076;2130;923;2025;882;798,94.6,0.0,9577.7,0,0,0,0,0,0.0,0,0,0,0,0,0,0,0,0.0,0,0,0,0,0,0.0,0.0,0.0,0,0,0,41.1,10.4,12.56,0.4,33.48,22.5,63.4,94.84260368347168,12.166033619495323,30.604228210579826,31.63455895984182,15.737590018429783,1799.0,0.0,0.0,34.9318227495282,0.0,34.031285219502465,13.9,95.1,0.0,0.0,0.0,450.0,9576.7,0.0,0.0,107.755,1.197,108.952,24.31,1.556,107.396,emon,0.599,0.357,144.7,67.4,2.148
2026-09-23 14:13:19.754,13.0,0,98,22;23;98;6;0;22;2;0;0;17;6;0;0;12;0;0,750,4210,3673;2941;4210;3804;2261;2443;2226;1635;1905;2477;2029;1723;750;1194;893;879,100.0,0.0,9576.7,0,0,0,0,0,0.0,0,0,0,0,0,0,0,0,0.0,0,0,0,0,0,0.0,0.0,0.0,0,0,0,41.1,10.4,12.56,0.4,33.48,22.4,63.4,95.83108225713174,12.247724296211446,30.26896331417892,31.14331864612177,15.304824495768521,1799.0,0.0,0.0,37.741371531761416,0.0,36.98932298525762,14.0,95.2,0.0,0.0,0.0,450.0,9576.7,0.0,0.0,107.755,1.197,108.952,24.31,1.556,107.396,emon,0.599,0.357,144.7,67.4,2.148
2026-09-23 14:13:20.754,13.5,0,95,12;36;95;6;0;24;3;3;0;25;3;0;0;8;0;0,668,4345,3375;3126;4345;4128;1383;2323;2338;1675;1552;2684;2198;2567;787;1095;668;816,91.2,0.0,9576.8,0,0,0,0,0,0.0,0,0,0,0,0,0,0,0,0.0,0,0,0,0,0,0.0,0.0,0.0,0,0,0,42.1,10.09,12.54,0.4,33.16,22.4,63.4,96.11879794948452,11.75355213890887,29.823368450005848,29.952734226506347,14.642667958332511,1799.0,0.0,0.0,38.40972038050246,0.0,35.623494317760354,14.0,95.2,0.0,0.0,0.0,450.0,9576.7,0.0,0.0,107.755,1.197,108.952,24.31,1.556,107.396,emon,0.599,0.357,144.7,67.4,2.148
2026-09-23 14:13:21.755,12.8,0,97,12;23;97;2;0;27;2;0;0;25;5;0;0;12;0;0,532,4259,3837;3328;4259;4086;1376;2211;1823;1529;2123;2517;1657;2198;532;1059;919;658,98.1,0.0,9576.8,0,0,0,0,0,0.0,0,0,0,0,0,0,0,0,0.0,0,0,0,0,0,0.0,0.0,0.0,0,0,0,42.1,10.09,12.54,0.4,33.16,22.4,63.4,94.9772211625738,13.823765411032635,30.01374362510385,32.433334303712385,15.451759612690703,1799.0,0.0,0.0,33.36558604705853,0.0,27.15599647790727,14.0,95.6,0.0,0.0,0.0,450.0,9576.8,0.0,0.0,107.755,1.197,108.952,24.31,1.556,107.396,emon,0.599,0.357,144.7,67.4,2.148
2026-09-23 14:13:22.756,11.2,0,92,14;17;92;5;0;14;0;0;0;25;2;0;0;11;0;0,762,4250,3525;3072;4250;4110;1302;2158;2262;1743;2775;2559;2102;2200;829;945;762;839,98.1,0.0,9576.8,0,0,0,0,0,0.0,0,0,0,0,0,0,0,0,0.0,0,0,0,0,0,0.0,0.0,0.0,0,0,0,40.1,10.09,12.54,0.4,33.16,22.4,63.4,93.83346070615869,13.909583138007866,29.227023312920018,31.97808560697656,14.05895970236314,1799.0,0.0,0.0,33.521285770323715,0.0,24.192965918651087,14.0,95.3,0.0,0.0,0.0,450.0,9576.8,0.0,0.0,107.755,1.197,108.952,24.31,1.556,107.396,emon,0.599,0.357,144.7,67.4,2.148
2026-09-23 14:13:23.757,12.2,0,97,5;26;97;6;0;27;0;0;0;19;3;0;0;12;0;0,836,4215,3636;3234;4215;3910;1425;2540;2335;1493;1868;2567;1967;1710;842;1190;836;892,100.0,0.0,9576.8,0,0,0,0,0,0.0,0,0,0,0,0,0,0,0,0.0,0,0,0,0,0,0.0,0.0,0.0,0,0,0,40.1,10.09,12.54,0.4,33.16,22.4,63.4,95.41837981541951,13.438888867298761,30.159196738666957,31.893120269659494,15.830067357702388,1799.0,0.0,0.0,36.338380348844865,0.0,29.316967026007415,14.0,95.7,0.0,0.0,0.0,450.0,9576.7,0.0,0.0,107.755,1.197,108.952,24.31,1.556,107.396,emon,0.599,0.357,144.7,67.4,2.148
2026-09-23 14:13:24.757,13.1,0,89,18;28;89;9;0;23;0;0;0;20;0;0;0;22;0;0,890,4295,3709;3279;4295;4151;2516;2316;1785;1953;1690;2471;1815;2894;1245;1398;1059;890,100.0,0.0,9576.7,0,0,0,0,0,0.0,0,0,0,0,0,0,0,0,0.0,0,0,0,0,0,0.0,0.0,0.0,0,0,0,57.1,10.25,12.59,0.4,33.37,22.4,63.4,81.70044974825247,14.268629740893356,27.49190752293036,31.007613577493807,10.478306750907912,1759.9756097560976,0.0,0.0,23.878476482145942,0.0,27.111654909681604,14.0,95.3,0.0,0.0,0.0,450.0,9577.7,0.0,0.0,107.755,1.197,108.952,24.31,1.556,107.396,emon,0.599,0.357,144.7,67.4,2.148
2026-09-23 14:13:25.757,12.6,0,83,5;39;83;5;0;16;0;0;0;16;2;0;0;34;3;0,1169,4606,3966;4212;4582;4606;1693;2197;1708;1940;1296;2216;2438;1201;1255;2127;1169;1411,13.3,0.0,9576.7,0,0,0,0,0,0.0,0,0,0,0,0,0,0,0,0.0,0,0,0,0,0,0.0,0.0,0.0,0,0,0,91.1,10.25,12.59,0.4,33.37,22.4,63.4,77.13882293701172,9.04108009186387,22.56415811920166,22.636853440880774,0.9157930063888198,1141.4,0.0,0.0,0.0,0.0,53.87800913167,5.4,34.3,0.0,0.0,0.0,450.0,9576.7,0.0,0.0,107.755,1.197,108.952,24.31,1.556,107.396,emon,0.599,0.357,144.7,67.4,2.148
2026-09-23 14:13:26.758,12.0,0,68,3;26;45;68;0;18;0;0;0;17;0;0;0;16;0;0,1163,4648,4242;3860;4648;4610;2317;2286;2099;1374;2864;2456;2178;1880;1163;2311;1221;1187,4.3,0.0,9576.7,0,0,0,0,0,0.0,0,0,0,0,0,0,0,0,0.0,0,0,0,0,0,0.0,0.0,0.0,0,0,0,93.1,10.25,12.59,0.4,33.37,22.4,63.4,75.85206943363339,7.084654276815618,19.499840777415734,18.588993524479402,0.5670643127381623,1143.8051948051948,0.0,0.0,0.0,0.0,52.856013997082975,0.6,0.0,0.0,0.0,0.0,450.0,9576.7,0.0,0.0,107.755,1.197,108.952,24.31,1.556,107.396,emon,0.599,0.357,144.7,67.4,2.148
2026-09-23 14:13:27.758,12.3,0,67,12;23;42;67;0;12;3;0;0;16;8;2;2;9;0;0,1041,4645,3963;3815;4645;4611;2248;2327;2460;1290;1288;2342;1944;2530;1041;1377;1160;1106,4.5,0.0,9576.8,0,0,0,0,0,0.0,0,0,0,0,0,0,0,0,0.0,0,0,0,0,0,0.0,0.0,0.0,0,0,0,93.1,10.25,12.59,0.4,33.37,22.4,63.4,93.9721267868138,7.390790032562594,19.692362430710464,18.641372676634187,0.6953457797919225,1116.2955974842766,0.0,0.0,0.0,0.0,53.212934561448655,0.6,0.0,0.0,0.0,0.0,450.0,9576.8,0.0,0.0,36.756,0.89,37.647,27.216,1.742,35.905,emon,0.605,0.315,283.1,132.1,2.143
2026-09-23 14:13:28.758,11.7,0,60,11;41;28;60;0;20;2;0;0;12;5;0;0;9;0;0,1014,4620,4334;4341;4620;4581;1549;2184;2037;2810;1410;2153;2037;2739;1014;1509;1183;1148,4.4,0.0,9576.7,0,0,0,0,0,0.0,0,0,0,0,0,0,0,0,0.0,0,0,0,0,0,0.0,0.0,0.0,0,0,0,93.1,20.42,1.14,0.35,25.68,22.4,63.4,98.36590620676677,8.758523492297778,18.456048570076625,18.4266468167305,0.29376803100531107,1151.0833333333333,0.0,0.0,0.0,0.0,52.833552906910576,0.6,0.0,0.0,0.0,0.0,450.0,9576.7,0.0,0.0,36.756,0.89,37.647,27.216,1.742,35.905,emon,0.605,0.315,283.1,132.1,2.143
2026-09-23 14:13:29.759,9.4,0,53,18;53;31;6;0;17;0;0;0;14;2;0;0;10;0;0,1089,4355,4355;4182;4020;3895;2649;2012;2046;1636;2383;1907;1919;2444;1117;1333;1109;1089,4.5,0.0,9576.7,0,0,0,0,0,0.0,0,0,0,0,0,0,0,0,0.0,0,0,0,0,0,0.0,0.0,0.0,0,0,0,54.1,20.42,1.14,0.35,25.68,22.4,63.4,98.12772392740055,9.698997529717733,20.089118003845215,20.226024164229024,0.48625952675962364,1140.8367346938776,0.0,0.0,0.0,0.0,51.31945270026217,0.6,0.0,0.0,0.0,0.0,450.0,9576.7,0.0,0.0,36.756,0.89,37.647,27.216,1.742,35.905,emon,0.605,0.315,283.1,132.1,2.143
2026-09-23 14:13:30.760,6.0,0,33,5;21;33;3;0;17;0;0;0;14;0;0;0;2;2;0,1001,3327,2374;2305;3327;2987;1001;1251;1198;1086;2305;1267;1305;1738;1028;1200;1070;1084,4.6,0.0,9576.7,0,0,0,0,0,0.0,0,0,0,0,0,0,0,0,0.0,0,0,0,0,0,0.0,0.0,0.0,0,0,0,36.1,20.42,1.14,0.35,25.68,22.4,63.4,98.46521622794015,11.845631473653373,26.456744716280983,27.924861164320085,0.5959115653164363,1171.0238095238096,0.0,0.0,0.0,0.0,53.82746658474207,0.6,0.0,0.0,0.0,0.0,450.0,9576.7,0.0,0.0,36.756,0.89,37.647,27.216,1.742,35.905,emon,0.605,0.315,283.1,132.1,2.143
2026-09-23 14:13:31.760,6.8,0,34,3;24;34;5;0;16;0;0;0;23;0;0;0;5;0;0,1067,3591,2615;2478;3591;2845;1629;1260;1367;1744;1318;1306;1261;1236;1067;1159;1109;1151,4.3,0.0,9576.8,0,0,0,0,0,0.0,0,0,0,0,0,0,0,0,0.0,0,0,0,0,0,0.0,0.0,0.0,0,0,0,37.1,20.42,1.14,0.35,25.68,22.4,63.4,98.27110280354817,10.914535306493441,24.101537793477377,24.946583172480267,0.34289510758283237,1169.0,0.0,0.0,0.0,0.0,50.87750445504983,0.7,0.0,0.0,0.0,0.0,450.0,9576.8,0.0,0.0,36.756,0.89,37.647,27.216,1.742,35.905,emon,0.605,0.315,283.1,132.1,2.143
2026-09-23 14:13:32.760,5.8,0,31,6;15;31;5;0;14;0;0;0;17;0;0;0;5;0;0,947,3321,2492;2008;3321;3095;999;1237;1273;1395;1088;1238;1242;1423;1067;1206;947;1077,4.5,0.0,9577.8,0,0,0,0,0,0.0,0,0,0,0,0,0,0,0,0.0,0,0,0,0,0,0.0,0.0,0.0,0,0,0,38.1,9.7,0.1,0.33,12.86,22.4,63.4,98.46624369164036,11.50286693896537,26.374615198945346,27.748885522150015,0.5194316447795407,1202.4246575342465,0.0,0.0,0.0,0.0,52.26105158582126,0.7,0.0,0.0,0.0,0.0,450.0,9577.8,0.0,0.0,36.756,0.89,37.647,27.216,1.742,35.905,emon,0.605,0.315,283.1,132.1,2.143
2026-09-23 14:13:33.761,6.0,0,25,6;25;25;5;0;16;0;0;0;12;2;0;0;6;0;0,894,3388,2941;3262;3388;2275;1053;1245;2070;926;944;1220;1133;1070;894;1175;939;975,4.5,0.0,9577.8,0,0,0,0,0,0.0,0,0,0,0,0,0,0,0,0.0,0,0,0,0,0,0.0,0.0,0.0,0,0,0,34.1,9.7,0.1,0.33,12.86,22.4,63.4,98.28625032978672,12.499876699139994,27.115591541413337,29.257474899291992,0.3411069930955437,1199.0,0.0,0.0,0.0,0.0,50.16852983784291,0.7,0.0,0.0,0.0,0.0,450.0,9576.8,0.0,0.0,36.756,0.89,37.647,27.216,1.742,35.905,emon,0.605,0.315,283.1,132.1,2.143
2026-09-23 14:13:34.761,7.8,0,53,8;20;53;3;0;17;0;0;0;17;0;0;0;6;0;0,760,3721,2710;2956;3721;3274;1145;1790;1123;1277;1198;1792;1420;1316;843;1097;760;828,4.5,0.0,9576.8,0,0,0,0,0,0.0,0,0,0,0,0,0,0,0,0.0,0,0,0,0,0,0.0,0.0,0.0,0,0,0,39.1,9.7,0.1,0.33,12.86,23.0,63.4,95.22854344367981,26.68708038568497,17.048481388092043,36.084749126434325,0.1498170445623691,1667.0,0.0,0.0,20.32638035520402,13.125267562866211,32.329003816395705,0.7,0.0,0.0,0.0,0.0,450.0,9576.7,0.0,0.0,36.756,0.89,37.647,27.216,1.742,35.905,emon,0.605,0.315,283.1,132.1,2.143
2026-09-23 14:13:35.761,10.1,0,94,6;23;94;2;0;19;0;0;0;8;2;0;0;10;0;0,762,3171,3171;2608;2795;3017;1206;2000;1573;1208;1888;2037;1697;1601;867;1368;1104;762,20.3,0.0,9794.8,0,0,0,0,0,0.0,0,0,0,0,0,0,0,0,0.0,0,0,0,0,0,0.0,0.0,0.0,0,0,0,42.1,9.7,0.1,0.33,12.86,23.0,63.4,99.98200555495274,23.607404097657913,17.54108955143901,33.06483437035064,0.8879449185199073,1828.2181069958847,0.0,0.0,35.737395207674545,0.0,34.302800917598276,12.3,73.1,0.0,0.0,0.0,450.0,9742.1,0.0,0.0,36.756,0.89,37.647,27.216,1.742,35.905,emon,0.605,0.315,283.1,132.1,2.143
2026-09-23 14:13:36.761,12.4,0,91,22;21;91;9;0;19;3;0;0;17;6;0;0;9;0;0,964,3309,2978;2291;3259;3309;1381;2250;2324;1348;1516;2153;1897;2407;1047;1226;1014;964,2.3,0.0,9742.1,0,0,0,0,0,0.0,0,0,0,0,0,0,0,0,0.0,0,0,0,0,0,0.0,0.0,0.0,0,0,0,44.1,5.1,9.28,0.35,18.04,23.0,63.4,100.00300549663429,23.548264701423985,17.077448889563314,32.56142961405791,0.8662386608381489,1849.0,0.0,0.0,39.75879317393408,0.0,38.32289509262333,14.2,97.3,0.0,0.0,0.0,450.0,9742.1,0.0,0.0,36.756,0.89,37.647,27.216,1.742,35.905,emon,0.605,0.315,283.1,132.1,2.143
2026-09-23 14:13:37.762,17.1,0,89,19;41;89;16;3;28;6;3;6;28;11;8;3;11;2;0,1616,3550,3261;2941;3211;3550;3272;2319;3081;3128;3310;2409;2318;2924;1714;1616;1729;1651,2.2,0.0,9742.1,0,0,0,0,0,0.0,0,0,0,0,0,0,0,0,0.0,0,0,0,0,0,0.0,0.0,0.0,0,0,0,44.1,5.1,9.28,0.35,18.04,22.9,63.4,99.99857046751849,24.062382678909277,18.131523304280982,34.74933768525324,0.6852446601369915,1849.0,0.0,0.0,33.94009414553824,0.0,36.45776244599797,14.2,97.2,0.0,0.0,0.0,450.0,9742.1,0.0,0.0,36.756,0.89,37.647,27.216,1.742,35.905,emon,0.605,0.315,283.1,132.1,2.143
2026-09-23 14:13:38.762,10.8,0,95,16;15;95;2;0;16;8;0;0;10;6;0;0;3;2;0,825,3624,3624;2756;3312;3434;1280;2117;1717;1978;1244;2053;1922;2566;825;1167;1184;892,2.3,0.0,9742.1,0,0,0,0,0,0.0,0,0,0,0,0,0,0,0,0.0,0,0,0,0,0,0.0,0.0,0.0,0,0,0,45.1,5.1,9.28,0.35,18.04,22.9,63.4,100.0055731185759,25.67567683112892,16.049500929586817,34.81027072698179,0.5148419522294643,1849.0,0.0,0.0,31.694342056408082,0.0,31.883732507867645,14.2,97.3,0.0,0.0,0.0,450.0,9742.1,0.0,0.0,36.756,0.89,37.647,27.216,1.742,35.905,emon,0.605,0.315,283.1,132.1,2.143
2026-09-23 14:13:39.762,11.9,0,94,30;6;94;6;0;0;15;2;2;0;14;2;0;0;20;0,835,3301,3301;2706;2786;3108;2107;1452;2195;2424;2534;1456;2275;1767;1420;835;1215;1042,2.4,0.0,9742.1,0,0,0,0,0,0.0,0,0,0,0,0,0,0,0,0.0,0,0,0,0,0,0.0,0.0,0.0,0,0,0,44.1,5.1,9.28,0.35,18.04,22.9,63.4,99.9989497162575,28.0108318182878,16.45277789720269,38.62071654547093,0.512240149143022,1849.0,0.0,0.0,32.363820052425496,0.0,31.25025639058545,14.2,97.3,0.0,0.0,0.0,450.0,9744.8,0.0,0.0,12.385,3.978,16.362,18.13,1.16,15.202,emon,0.596,0.625,100.4,47.2,2.13
2026-09-23 14:13:40.762,10.9,0,95,27;14;95;3;0;0;11;0;0;0;14;2;0;0;8;0,908,3707,3707;2702;2822;2956;1741;2267;1929;1503;1357;1504;1945;1463;908;912;1138;1015,2.4,0.0,9742.1,0,0,0,0,0,0.0,0,0,0,0,0,0,0,0,0.0,0,0,0,0,0,0.0,0.0,0.0,0,0,0,44.1,6.01,25.14,0.38,36.15,22.6,63.4,100.02600519405388,30.52375176169487,14.80706524848938,39.33230550337282,0.5681223533310066,1848.6894409937888,0.0,0.0,31.483859043626218,0.0,27.499102023556706,14.2,97.3,0.0,0.0,0.0,450.0,9742.1,0.0,0.0,12.385,3.978,16.362,18.13,1.16,15.202,emon,0.596,0.625,100.4,47.2,2.13
2026-09-23 14:13:41.763,11.2,0,98,31;2;98;6;0;0;12;0;0;0;15;5;0;0;8;2,856,3348,3348;2367;2951;3295;1353;1250;1829;2069;2363;1452;2118;1856;856;960;1170;962,2.3,0.0,9743.1,0,0,0,0,0,0.0,0,0,0,0,0,0,0,0,0.0,0,0,0,0,0,0.0,0.0,0.0,0,0,0,43.1,6.01,25.14,0.38,36.15,22.6,63.4,100.0013657099084,30.68459397035686,14.92942279803602,39.63073627254631,0.46930022550676065,1841.0886075949368,0.0,0.0,32.06425691034079,0.0,27.21313232934182,14.2,97.3,0.0,0.0,0.0,450.0,9743.1,0.0,0.0,12.385,3.978,16.362,18.13,1.16,15.202,emon,0.596,0.625,100.4,47.2,2.13
2026-09-23 14:13:42.763,11.1,0,100,35;3;100;3;0;0;12;0;0;0;9;2;0;0;12;0,719,3243,3243;2503;3024;3087;1565;1661;1872;2016;1334;1505;1898;1512;721;719;1154;1019,2.2,0.0,9743.1,0,0,0,0,0,0.0,0,0,0,0,0,0,0,0,0.0,0,0,0,0,0,0.0,0.0,0.0,0,0,0,44.1,6.01,25.14,0.38,36.15,22.6,63.4,99.99731688568558,33.67914816953134,14.474863335706186,42.17181672911713,0.15019790322749296,1813.1304347826087,0.0,0.0,30.901652308464374,0.0,23.61196752872986,14.2,97.3,0.0,0.0,0.0,450.0,9743.1,0.0,0.0,12.385,3.978,16.362,18.13,1.16,15.202,emon,0.596,0.625,100.4,47.2,2.13
2026-09-23 14:13:43.764,13.2,0,73,32;15;73;11;0;0;26;6;3;2;26;6;2;0;8;2,807,3574,3574;2670;3015;2836;1743;1225;1971;2061;2450;1036;1941;1556;931;807;1082;852,2.2,0.0,9742.1,0,0,0,0,0,0.0,0,0,0,0,0,0,0,0,0.0,0,0,0,0,0,0.0,0.0,0.0,0,0,0,41.1,6.01,25.14,0.38,36.15,22.6,63.4,100.05275780236342,22.760793561237623,17.488295287631004,32.39789613891827,0.6646774351471778,1804.1236749116608,0.0,0.0,36.69593334385661,0.0,37.932237138400666,14.2,97.2,0.0,0.0,0.0,450.0,9742.1,0.0,0.0,12.385,3.978,16.362,18.13,1.16,15.202,emon,0.596,0.625,100.4,47.2,2.13
2026-09-23 14:13:44.764,12.2,0,97,28;11;97;6;0;0;17;0;2;0;23;0;2;0;8;2,857,3320,3320;2520;2741;3063;1436;1603;1994;1404;1589;1481;1934;1601;1031;857;1119;1040,2.2,0.0,9742.1,0,0,0,0,0,0.0,0,0,0,0,0,0,0,0,0.0,0,0,0,0,0,0.0,0.0,0.0,0,0,0,41.1,5.87,24.52,0.38,35.29,22.6,63.4,99.99959239809532,24.06640562185959,17.2572323595445,33.733796969408125,0.6754546371603928,1799.0,0.0,0.0,36.17172332567082,0.0,34.09538743280845,14.2,97.1,0.0,0.0,0.0,450.0,9743.1,0.0,0.0,12.385,3.978,16.362,18.13,1.16,15.202,emon,0.596,0.625,100.4,47.2,2.13
2026-09-23 14:13:45.764,12.4,0,92,25;9;92;3;2;0;20;2;0;0;25;5;0;0;16;0,890,3126,3126;2579;2885;2800;890;1269;1898;2284;2969;1415;2191;1937;1036;985;2322;927,2.2,0.0,9741.8,0,0,0,0,0,0.0,0,0,0,0,0,0,0,0,0.0,0,0,0,0,0,0.0,0.0,0.0,0,0,0,41.1,5.87,24.52,0.38,35.29,22.6,63.4,100.00428651379,21.50515664374576,17.200331632552608,31.129796785116195,0.7999744362197816,1799.0,0.0,0.0,38.662501816364426,0.0,40.67518687770495,14.2,97.1,0.0,0.0,0.0,450.0,9740.8,0.0,0.0,12.385,3.978,16.362,18.13,1.16,15.202,emon,0.596,0.625,100.4,47.2,2.13
2026-09-23 14:13:46.765,11.1,0,95,25;17;95;8;0;0;17;0;0;0;12;2;0;0;2;0,733,3476,2896;2666;2943;3476;2091;1614;1965;1717;1545;1854;2262;1621;802;733;1404;1046,2.2,0.0,9740.8,0,0,0,0,0,0.0,0,0,0,0,0,0,0,0,0.0,0,0,0,0,0,0.0,0.0,0.0,0,0,0,41.1,5.87,24.52,0.38,35.29,22.6,63.4,99.99913700421651,27.989743505876202,15.168813267101845,36.85588281663755,0.8062584988462428,1799.0,0.0,0.0,34.22912070695626,0.0,30.841348227261506,14.2,97.1,0.0,0.0,0.0,450.0,9741.8,0.0,0.0,12.385,3.978,16.362,18.13,1.16,15.202,emon,0.596,0.625,100.4,47.2,2.13
2026-09-23 14:13:47.766,11.6,0,95,25;14;95;5;0;0;17;2;0;0;25;0;0;0;3;0,726,3475,3475;2951;2822;2937;1400;1576;2005;1697;1650;1367;2260;1892;817;726;1154;868,2.5,0.0,9740.8,0,0,0,0,0,0.0,0,0,0,0,0,0,0,0,0.0,0,0,0,0,0,0.0,0.0,0.0,0,0,0,40.1,5.87,24.52,0.38,35.29,22.6,63.4,99.99268397718373,27.570542522558554,15.127930898477535,36.415885903752674,0.5960104596930197,1799.0,0.0,0.0,34.531167798846184,0.0,32.25116605007918,14.2,97.1,0.0,0.0,0.0,450.0,9740.8,0.0,0.0,12.385,3.978,16.362,18.13,1.16,15.202,emon,0.596,0.625,100.4,47.2,2.13
2026-09-23 14:13:48.766,11.5,0,91,27;8;91;6;0;0;23;3;2;0;16;2;0;0;8;0,758,3305,3305;2506;2975;3213;2218;1249;1927;2174;2088;2326;1932;2199;771;758;1213;889,2.3,0.0,9740.8,0,0,0,0,0,0.0,0,0,0,0,0,0,0,0,0.0,0,0,0,0,0,0.0,0.0,0.0,0,0,0,41.1,5.25,23.72,0.38,33.84,22.6,63.4,99.99542547951282,32.93758048138148,14.732234605601136,41.2919277137434,0.15008761464211512,1799.0,0.0,0.0,30.74692618673746,0.0,23.662487894585226,14.2,97.2,0.0,0.0,0.0,450.0,9740.8,0.0,0.0,12.385,3.978,16.362,18.13,1.16,15.202,emon,0.596,0.625,100.4,47.2,2.13
2026-09-23 14:13:49.767,11.5,0,94,31;9;94;6;0;0;19;0;0;0;16;3;0;0;6;0,964,3484,3484;2687;2660;2772;2031;1289;2124;2605;2155;1202;2116;1884;1046;964;1071;1024,2.5,0.0,9740.8,0,0,0,0,0,0.0,0,0,0,0,0,0,0,0,0.0,0,0,0,0,0,0.0,0.0,0.0,0,0,0,42.1,5.25,23.72,0.38,33.84,22.6,63.4,99.99787762560652,26.02659265740436,16.107400054354304,35.1537921367873,0.7202317190644719,1799.0,0.0,0.0,36.215215339586386,0.0,34.097189021226384,14.2,97.1,0.0,0.0,0.0,450.0,9740.8,0.0,0.0,12.385,3.978,16.362,18.13,1.16,15.202,emon,0.596,0.625,100.4,47.2,2.13
2026-09-23 14:13:50.767,13.1,0,94,37;9;94;9;0;0;14;3;0;2;17;5;2;2;17;0,786,3406,3406;2607;3022;2778;2858;1256;1948;2928;1654;2676;1937;1800;786;835;1164;817,2.3,0.0,9740.8,0,0,0,0,0,0.0,0,0,0,0,0,0,0,0,0.0,0,0,0,0,0,0.0,0.0,0.0,0,0,0,42.1,5.25,23.72,0.38,33.84,22.6,63.4,99.98986996241979,32.2720940385546,14.385709924357277,40.723149572099956,0.1491180985700339,1799.0,0.0,0.0,29.75780656403596,0.0,24.009957223598445,14.2,97.1,0.0,0.0,0.0,450.0,9740.8,0.0,0.0,12.385,3.978,16.362,18.13,1.16,15.202,emon,0.596,0.625,100.4,47.2,2.13
2026-09-23 14:13:51.768,11.8,0,96,29;8;96;6;0;0;19;0;0;0;25;2;0;0;5;0,725,4055,3703;3238;4055;3852;2159;1258;2293;2257;1541;1579;2195;1760;748;775;995;725,100.0,0.0,9742.8,0,0,0,0,0,0.0,0,0,0,0,0,0,0,0,0.0,0,0,0,0,0,0.0,0.0,0.0,0,0,0,43.1,5.25,23.72,0.38,33.84,22.6,63.4,96.89747160308215,16.44391118665891,24.49422545699897,30.56275414453477,8.460831186232365,1810.6326530612246,0.0,0.0,36.21487430227179,0.0,32.7540486141638,14.1,96.6,0.0,0.0,0.0,450.0,9742.8,0.0,0.0,11.375,3.716,15.091,19.861,1.271,13.82,emon,0.609,0.605,102.9,48.0,2.145
2026-09-23 14:13:52.768,12.3,0,95,31;5;95;2;0;0;22;3;0;0;20;3;0;0;16;0,670,4248,3591;2912;4248;4050;1807;2735;2164;1952;1904;1625;2080;1578;729;929;1217;670,92.6,0.0,9741.8,0,0,0,0,0,0.0,0,0,0,0,0,0,0,0,0.0,0,0,0,0,0,0.0,0.0,0.0,0,0,0,40.1,6.86,21.47,0.38,34.31,22.6,63.4,95.94775677880934,12.590316378680479,29.764185967464602,31.428114639655238,13.988759200238894,1799.0,0.0,0.0,32.98487085254014,0.0,31.479611568581404,14.0,95.7,0.0,0.0,0.0,450.0,9741.8,0.0,0.0,11.375,3.716,15.091,19.861,1.271,13.82,emon,0.609,0.605,102.9,48.0,2.145
2026-09-23 14:13:53.768,14.5,0,89,34;20;89;5;0;0;28;0;0;0;32;3;2;0;17;2,890,4181,3715;3144;4181;3987;1326;1404;2319;2164;2259;1317;2003;1848;981;890;1029;1068,98.9,0.0,9741.8,0,0,0,0,0,0.0,0,0,0,0,0,0,0,0,0.0,0,0,0,0,0,0.0,0.0,0.0,0,0,0,40.1,6.86,21.47,0.38,34.31,22.6,63.4,94.85992345459964,13.451933713544399,29.424287450422934,31.378714651689616,14.832027489193417,1799.0,0.0,0.0,34.270485193167445,0.0,28.449759417567492,14.0,95.5,0.0,0.0,0.0,450.0,9741.8,0.0,0.0,11.375,3.716,15.091,19.861,1.271,13.82,emon,0.609,0.605,102.9,48.0,2.145
2026-09-23 14:13:54.769,13.9,0,88,33;15;88;8;0;0;28;2;5;0;24;0;3;3;12;2,839,4196,3637;2963;4196;4116;1341;1469;2273;2066;1967;1332;2129;1861;839;877;1077;857,98.9,0.0,9741.8,0,0,0,0,0,0.0,0,0,0,0,0,0,0,0,0.0,0,0,0,0,0,0.0,0.0,0.0,0,0,0,41.1,6.86,21.47,0.38,34.31,22.6,63.4,93.96992698614149,13.157664883242928,28.54797027681185,30.74799770520379,14.203126778691143,1799.0,0.0,0.0,33.20838787249213,0.0,25.657105841252818,14.0,95.4,0.0,0.0,0.0,450.0,9741.8,0.0,0.0,11.375,3.716,15.091,19.861,1.271,13.82,emon,0.609,0.605,102.9,48.0,2.145
2026-09-23 14:13:55.770,11.5,0,95,29;6;95;11;0;0;20;0;0;0;11;3;0;0;8;0,814,4267,3738;2978;4267;4002;2165;1986;2420;1691;2472;1313;2233;1950;863;821;1018;814,99.5,0.0,9741.8,0,0,0,0,0,0.0,0,0,0,0,0,0,0,0,0.0,0,0,0,0,0,0.0,0.0,0.0,0,0,0,41.1,6.86,21.47,0.38,34.31,22.6,63.4,93.05346488166641,13.760646947485569,28.37054132629227,31.33503806361785,14.218723680762636,1799.0,0.0,0.0,32.258192146583305,0.0,22.98478407985812,14.0,95.5,0.0,0.0,0.0,450.0,9742.8,0.0,0.0,11.375,3.716,15.091,19.861,1.271,13.82,emon,0.609,0.605,102.9,48.0,2.145
2026-09-23 14:13:56.770,12.7,0,91,27;20;91;10;0;0;16;2;2;0;17;9;0;0;11;0,864,4264,3617;2945;4264;4045;1061;1377;2169;1780;1874;1507;2258;2046;864;943;1262;870,99.7,0.0,9741.8,0,0,0,0,0,0.0,0,0,0,0,0,0,0,0,0.0,0,0,0,0,0,0.0,0.0,0.0,0,0,0,42.1,10.23,12.76,0.4,33.51,22.6,63.4,93.46359425524007,14.14760922425953,29.046405271343563,31.89434901398161,14.760087630347066,1799.0,0.0,0.0,34.62309423839653,0.0,23.204032251971196,14.0,95.4,0.0,0.0,0.0,450.0,9741.8,0.0,0.0,11.375,3.716,15.091,19.861,1.271,13.82,emon,0.609,0.605,102.9,48.0,2.145
2026-09-23 14:13:57.781,13.8,0,95,35;19;95;4;0;0;25;2;0;0;28;3;0;0;9;0,741,4309,3451;2951;4309;4300;2077;2808;2158;2917;2431;2066;2284;1884;776;741;1107;842,100.0,0.0,9741.8,0,0,0,0,0,0.0,0,0,0,0,0,0,0,0,0.0,0,0,0,0,0,0.0,0.0,0.0,0,0,0,41.1,10.23,12.76,0.4,33.51,22.6,63.4,93.2025770115596,14.045523547357128,28.814855985744025,31.786879324143932,13.713260860455232,1799.0,0.0,0.0,32.671774009038614,0.0,20.802204397196572,14.0,95.4,0.0,0.0,0.0,450.0,9741.8,0.0,0.0,11.375,3.716,15.091,19.861,1.271,13.82,emon,0.609,0.605,102.9,48.0,2.145
2026-09-23 14:13:58.781,12.0,0,97,34;6;97;6;0;0;17;2;0;0;19;0;0;0;11;0,723,4262,3718;2854;4262;4139;1395;1499;2166;2129;1136;1983;2203;1833;723;933;1108;776,98.3,0.0,9741.8,0,0,0,0,0,0.0,0,0,0,0,0,0,0,0,0.0,0,0,0,0,0,0.0,0.0,0.0,0,0,0,41.1,10.23,12.76,0.4,33.51,22.6,63.4,95.1887601584923,12.216319000140226,29.478397298634537,30.18040621407875,13.08053722726257,1799.0,0.0,0.0,35.26751710048392,0.0,30.123329193198913,14.0,95.4,0.0,0.0,0.0,450.0,9741.8,0.0,0.0,11.375,3.716,15.091,19.861,1.271,13.82,emon,0.609,0.605,102.9,48.0,2.145
2026-09-23 14:13:59.781,21.1,5,95,46;23;95;16;6;8;31;8;5;8;34;11;5;6;29;8,1469,4187,3769;3448;4187;3946;2994;3150;2570;2561;2981;2938;2735;2719;2274;2114;1469;1887,94.6,0.0,9741.8,0,0,0,0,0,0.0,0,0,0,0,0,0,0,0,0.0,0,0,0,0,0,0.0,0.0,0.0,0,0,0,45.1,10.91,12.68,0.4,34.18,22.6,63.4,95.95464269272581,11.686378932083974,28.90152427536285,29.03180890561578,13.76462731915554,1799.0,0.0,0.0,36.19667852055114,0.0,36.11318564018373,14.0,95.3,0.0,0.0,0.0,450.0,9741.8,0.0,0.0,11.375,3.716,15.091,19.861,1.271,13.82,emon,0.609,0.605,102.9,48.0,2.145
2026-09-23 14:14:00.782,17.4,0,83,44;17;83;25;2;0;31;6;0;2;33;3;0;0;31;2,800,4181,3641;3155;4181;3708;1602;1744;2194;2057;1757;2739;2346;2077;1107;800;2085;1896,97.9,0.0,9741.8,0,0,0,0,0,0.0,0,0,0,0,0,0,0,0,0.0,0,0,0,0,0,0.0,0.0,0.0,0,0,0,43.1,10.91,12.68,0.4,34.18,22.6,63.4,94.99025967793587,12.741421332980833,28.68848072973072,30.481726593696155,15.111610138390818,1799.0,0.0,0.0,34.91718050482898,0.0,30.48918901890394,14.0,95.4,0.0,0.0,0.0,450.0,9741.8,0.0,0.0,11.375,3.716,15.091,19.861,1.271,13.82,emon,0.609,0.605,102.9,48.0,2.145
2026-09-23 14:14:01.782,11.9,0,92,35;12;92;8;0;0;19;0;0;0;16;3;0;0;6;0,726,4280,3694;2991;4280;4236;1504;1997;2119;2106;2010;1346;2168;2187;726;728;1049;842,81.1,0.0,9577.2,0,0,0,0,0,0.0,0,0,0,0,0,0,0,0,0.0,0,0,0,0,0,0.0,0.0,0.0,0,0,0,43.1,10.91,12.68,0.4,34.18,22.6,63.4,94.72867912377043,13.48120527020816,29.167632621497358,31.92727796461782,14.480452554015985,1799.0,0.0,0.0,32.39956614096406,0.0,25.07899768959491,14.0,95.2,0.0,0.0,0.0,450.0,9577.2,0.0,0.0,11.375,3.716,15.091,19.861,1.271,13.82,emon,0.609,0.605,102.9,48.0,2.145
2026-09-23 14:14:02.782,12.3,0,95,26;12;95;3;0;0;17;3;2;0;20;5;0;0;14;0,673,4262,3613;3077;4262;4020;2148;1284;2458;2451;1909;1597;2050;2211;673;687;1095;849,98.9,0.0,9577.3,0,0,0,0,0,0.0,0,0,0,0,0,0,0,0,0.0,0,0,0,0,0,0.0,0.0,0.0,0,0,0,41.1,10.91,12.68,0.4,34.18,22.6,63.4,92.93655036862303,15.193409931368944,30.365326462722408,34.028219525407,15.02825153510018,1799.0,0.0,0.0,32.69208906393458,0.0,21.093348313764693,14.0,95.8,0.0,0.0,0.0,450.0,9577.3,0.0,0.0,11.375,3.716,15.091,19.861,1.271,13.82,emon,0.609,0.605,102.9,48.0,2.145
2026-09-23 14:14:03.782,11.8,0,97,22;16;97;6;0;0;20;2;0;0;16;2;0;0;9;0,703,4285,3451;2886;4285;4095;2000;2224;2519;2786;1941;1662;2162;1882;887;703;1096;879,98.9,0.0,9577.3,0,0,0,0,0,0.0,0,0,0,0,0,0,0,0,0.0,0,0,0,0,0,0.0,0.0,0.0,0,0,0,40.1,10.4,12.78,0.4,33.75,22.6,63.4,94.05693205276339,13.851185264250281,29.577738761901855,32.02146341245953,15.458774617144671,1799.0,0.0,0.0,35.524207446461375,0.0,25.14638660844788,14.0,95.6,0.0,0.0,0.0,450.0,9576.2,0.0,0.0,107.796,1.082,108.877,42.167,2.699,106.178,emon,0.578,0.535,144.3,67.3,2.144
2026-09-23 14:14:04.783,11.2,0,92,25;11;92;2;0;0;14;2;0;0;20;2;0;0;8;5,689,4159,3541;2839;4159;3999;1468;1390;2312;2237;1559;1710;2226;1877;970;689;1068;915,88.6,0.0,9576.2,0,0,0,0,0,0.0,0,0,0,0,0,0,0,0,0.0,0,0,0,0,0,0.0,0.0,0.0,0,0,0,41.1,10.4,12.78,0.4,33.75,22.7,63.4,95.56660453768542,12.244283678754485,29.55809524067997,31.01884305814322,14.773891640595929,1799.0,0.0,0.0,36.07295462309407,0.0,31.509109513318375,14.0,95.4,0.0,0.0,0.0,450.0,9576.2,0.0,0.0,107.796,1.082,108.877,42.167,2.699,106.178,emon,0.578,0.535,144.3,67.3,2.144
2026-09-23 14:14:05.784,12.7,0,94,33;11;94;3;0;0;22;3;0;0;21;5;0;0;12;0,646,4265,3515;2986;4265;4123;2216;2092;2411;2492;2774;1690;2255;1923;814;646;1203;918,97.5,0.0,9576.2,0,0,0,0,0,0.0,0,0,0,0,0,0,0,0,0.0,0,0,0,0,0,0.0,0.0,0.0,0,0,0,41.1,10.4,12.78,0.4,33.75,22.6,63.4,96.11627664150107,12.348911709024504,30.192995917388583,30.782434001843505,15.308649674684645,1799.0,0.0,0.0,37.947823059019804,0.0,36.990704066288615,14.0,95.3,0.0,0.0,0.0,450.0,9576.2,0.0,0.0,107.796,1.082,108.877,42.167,2.699,106.178,emon,0.578,0.535,144.3,67.3,2.144
2026-09-23 14:14:06.784,11.9,0,94,23;18;94;9;0;0;16;0;0;0;16;5;0;0;10;0,723,4229,3605;3335;4229;4116;3164;2520;2582;2748;1782;2704;2387;2074;723;743;1167;777,93.3,0.0,9576.2,0,0,0,0,0,0.0,0,0,0,0,0,0,0,0,0.0,0,0,0,0,0,0.0,0.0,0.0,0,0,0,42.1,10.4,12.78,0.4,33.75,22.6,63.4,95.86650451390366,12.212422561773565,30.379851702796785,30.61149669365075,15.3853333155597,1799.0,0.0,0.0,37.42706549251996,0.0,36.43189612973296,14.0,95.6,0.0,0.0,0.0,450.0,9576.2,0.0,0.0,107.796,1.082,108.877,42.167,2.699,106.178,emon,0.578,0.535,144.3,67.3,2.144
2026-09-23 14:14:07.785,13.8,0,86,33;19;86;17;0;0;23;3;0;0;22;5;0;0;14;0,718,4248,3799;3189;4248;4081;1930;2528;2407;1804;2765;2788;2434;2298;718;888;1213;887,100.0,0.0,9576.2,0,0,0,0,0,0.0,0,0,0,0,0,0,0,0,0.0,0,0,0,0,0,0.0,0.0,0.0,0,0,0,41.1,10.3,12.78,0.4,33.64,22.4,63.4,94.88856624022063,13.171283243583764,28.71348116223904,30.70482310358547,13.820444426135571,1799.0,0.0,0.0,32.52565311654466,0.0,30.523421052534168,14.0,95.4,0.0,0.0,0.0,450.0,9576.2,0.0,0.0,107.796,1.082,108.877,42.167,2.699,106.178,emon,0.578,0.535,144.3,67.3,2.144
2026-09-23 14:14:08.785,11.4,0,92,20;15;92;5;0;0;10;5;0;0;12;12;0;0;3;8,563,4298,3616;2773;4298;4237;1955;2501;2435;1979;1548;1620;2218;2473;1001;563;1030;1156,91.0,0.0,9576.2,0,0,0,0,0,0.0,0,0,0,0,0,0,0,0,0.0,0,0,0,0,0,0.0,0.0,0.0,0,0,0,41.1,10.3,12.78,0.4,33.64,22.5,63.4,95.09028363111543,13.265324539863846,28.207919165273992,30.49239942086179,13.384011645469723,1799.0,0.0,0.0,34.525040146024764,0.0,25.77809580054069,14.0,95.3,0.0,0.0,0.0,450.0,9576.2,0.0,0.0,107.796,1.082,108.877,42.167,2.699,106.178,emon,0.578,0.535,144.3,67.3,2.144
2026-09-23 14:14:09.786,16.9,2,89,26;37;89;11;10;8;3;21;9;3;3;23;2;3;2;20,1271,4265,3652;3038;4265;3886;2716;3154;3130;2632;2790;3126;3081;2708;1910;1944;1271;1305,100.0,0.0,9576.2,0,0,0,0,0,0.0,0,0,0,0,0,0,0,0,0.0,0,0,0,0,0,0.0,0.0,0.0,0,0,0,43.1,10.3,12.78,0.4,33.64,22.5,63.4,94.84857493928335,13.997931176941227,30.839563503427414,32.80501717712405,16.44926930913358,1799.0,0.0,0.0,36.26772246960984,0.0,27.59091368711735,14.0,95.3,0.0,0.0,0.0,450.0,9576.2,0.0,0.0,107.796,1.082,108.877,42.167,2.699,106.178,emon,0.578,0.535,144.3,67.3,2.144
2026-09-23 14:14:10.787,13.7,0,86,18;40;86;6;5;0;0;29;2;0;0;19;2;0;0;12,723,4165,3635;3051;4165;3970;1925;2188;2382;2477;1962;1719;1670;2250;860;723;881;1204,100.0,0.0,9577.2,0,0,0,0,0,0.0,0,0,0,0,0,0,0,0,0.0,0,0,0,0,0,0.0,0.0,0.0,0,0,0,42.1,10.3,12.78,0.4,33.64,22.5,63.4,93.5266213179952,14.702516724391536,29.41401904195712,33.02497695164127,14.655363628640771,1799.0,0.0,0.0,33.54548024264735,0.0,20.264268585146297,14.0,95.8,0.0,0.0,0.0,450.0,9577.2,0.0,0.0,107.796,1.082,108.877,42.167,2.699,106.178,emon,0.578,0.535,144.3,67.3,2.144
2026-09-23 14:14:11.788,12.1,0,95,11;30;95;3;3;0;0;22;2;0;0;19;0;0;0;9,847,4323,3788;3045;4323;4015;2230;2622;2264;2812;2196;1537;1521;2351;933;847;856;1095,92.8,0.0,9577.2,0,0,0,0,0,0.0,0,0,0,0,0,0,0,0,0.0,0,0,0,0,0,0.0,0.0,0.0,0,0,0,44.1,10.55,12.66,0.4,33.76,22.4,63.4,95.2816194880423,12.500781806789943,30.151661690137562,31.644402068554204,14.832913055542665,1799.0,0.0,0.0,33.85309224706826,0.0,34.474616966818935,14.0,95.5,0.0,0.0,0.0,450.0,9577.2,0.0,0.0,107.796,1.082,108.877,42.167,2.699,106.178,emon,0.578,0.535,144.3,67.3,2.144
2026-09-23 14:14:12.788,14.4,0,92,16;26;92;11;6;0;0;27;5;0;0;27;0;0;0;20,957,4263,3925;2995;4263;4254;2192;3030;1806;2684;2026;2238;3142;2364;1131;971;957;1126,100.0,0.0,9576.2,0,0,0,0,0,0.0,0,0,0,0,0,0,0,0,0.0,0,0,0,0,0,0.0,0.0,0.0,0,0,0,41.1,10.55,12.66,0.4,33.76,22.4,63.4,95.68100115527277,12.63925042639122,29.300816920788392,31.138241207794003,15.554876590569409,1799.0,0.0,0.0,37.24961412118991,0.0,33.4663535933185,14.0,95.8,0.0,0.0,0.0,450.0,9576.2,0.0,0.0,107.796,1.082,108.877,42.167,2.699,106.178,emon,0.578,0.535,144.3,67.3,2.144
2026-09-23 14:14:13.788,12.0,0,92,17;26;92;6;2;0;0;20;2;0;0;22;0;0;0;5,675,4262,3698;2762;4262;4083;2496;2006;2755;2466;2205;1989;1763;2136;967;817;675;1006,100.0,0.0,9576.2,0,0,0,0,0,0.0,0,0,0,0,0,0,0,0,0.0,0,0,0,0,0,0.0,0.0,0.0,0,0,0,41.1,10.55,12.66,0.4,33.76,22.4,63.4,94.19680585002448,13.582321175864028,28.509073362531254,31.306431196453445,14.695791123991047,1799.0,0.0,0.0,34.95393535919307,0.0,26.045822817424554,14.0,95.8,0.0,0.0,0.0,450.0,9576.2,0.0,0.0,107.796,1.082,108.877,42.167,2.699,106.178,emon,0.578,0.535,144.3,67.3,2.144
2026-09-23 14:14:14.789,15.3,0,83,25;38;83;12;2;0;0;27;6;0;0;23;0;0;0;29,937,4219,3638;2904;4219;4032;2211;2294;2181;2433;1938;1373;1440;2295;956;937;998;1788,98.3,0.0,9576.2,0,0,0,0,0,0.0,0,0,0,0,0,0,0,0,0.0,0,0,0,0,0,0.0,0.0,0.0,0,0,0,41.1,10.55,12.66,0.4,33.76,22.4,63.4,95.28986561802071,13.559824205637678,27.84202465373026,30.17301283133142,13.934170388035092,1799.0,0.0,0.0,36.03748093299708,0.0,28.159732104866354,14.0,95.4,0.0,0.0,0.0,450.0,9578.9,0.0,0.0,107.854,1.134,108.988,26.08,1.669,107.319,emon,0.598,0.345,144.5,67.6,2.137
2026-09-23 14:14:15.790,14.2,0,92,17;28;92;6;9;0;2;20;5;0;0;26;0;3;0;18,840,4281,3546;3017;4281;4044;2117;2996;1299;2607;2910;1504;1503;2509;928;840;847;1212,98.8,0.0,9576.2,0,0,0,0,0,0.0,0,0,0,0,0,0,0,0,0.0,0,0,0,0,0,0.0,0.0,0.0,0,0,0,41.1,10.02,12.64,0.4,33.25,22.4,63.4,95.41165270670405,13.690258823756901,29.58677455389275,31.918587450500368,15.658956246063957,1799.0,0.0,0.0,36.66825245263688,0.0,28.240112243301592,14.0,95.6,0.0,0.0,0.0,450.0,9576.2,0.0,0.0,107.854,1.134,108.988,26.08,1.669,107.319,emon,0.598,0.345,144.5,67.6,2.137
2026-09-23 14:14:16.790,14.0,0,97,17;33;97;9;5;3;0;27;2;0;0;29;0;0;0;3,651,4227,3839;3138;4227;4008;2086;3266;1938;2572;2253;1704;1593;2432;798;832;651;1009,99.0,0.0,9576.2,0,0,0,0,0,0.0,0,0,0,0,0,0,0,0,0.0,0,0,0,0,0,0.0,0.0,0.0,0,0,0,41.1,10.02,12.64,0.4,33.25,22.4,63.4,91.71204055962937,14.491183696168193,28.78588873616765,32.48679018288516,13.90572807230474,1799.0,0.0,0.0,32.414203762794905,0.0,20.58558943261539,14.0,95.7,0.0,0.0,0.0,450.0,9577.2,0.0,0.0,107.854,1.134,108.988,26.08,1.669,107.319,emon,0.598,0.345,144.5,67.6,2.137
2026-09-23 14:14:17.790,11.9,0,91,11;29;91;3;2;0;0;23;0;2;0;22;0;0;0;8,722,4303,3702;2786;4303;4150;2012;2380;1839;2363;1782;2066;1571;2368;825;776;722;1066,100.0,0.0,9576.2,0,0,0,0,0,0.0,0,0,0,0,0,0,0,0,0.0,0,0,0,0,0,0.0,0.0,0.0,0,0,0,41.1,10.02,12.64,0.4,33.25,22.4,63.4,95.40611074657502,12.231066043675549,29.175897503555014,30.31721851736018,15.9946727524828,1799.0,0.0,0.0,38.124802205360474,0.0,35.509538176871885,14.0,95.2,0.0,0.0,0.0,450.0,9576.2,0.0,0.0,107.854,1.134,108.988,26.08,1.669,107.319,emon,0.598,0.345,144.5,67.6,2.137
2026-09-23 14:14:18.790,16.2,0,77,27;46;77;28;5;2;0;30;0;0;0;30;2;0;0;14,682,4356,3405;2902;4356;4224;2452;2166;1737;2585;2391;1988;1887;2513;907;839;682;1036,91.2,0.0,9576.2,0,0,0,0,0,0.0,0,0,0,0,0,0,0,0,0.0,0,0,0,0,0,0.0,0.0,0.0,0,0,0,42.1,10.02,12.64,0.4,33.25,22.4,63.4,95.30042221634476,12.159385245903913,28.703318884196104,29.925492417701967,14.445381928945856,1799.0,0.0,0.0,36.587667972494465,0.0,33.484422059509384,14.0,95.4,0.0,0.0,0.0,450.0,9576.2,0.0,0.0,107.854,1.134,108.988,26.08,1.669,107.319,emon,0.598,0.345,144.5,67.6,2.137
2026-09-23 14:14:19.791,13.3,0,83,18;28;83;9;0;0;0;32;3;0;2;28;2;0;2;8,771,4300,3531;2920;4300;4224;2264;2471;1575;2481;2306;2988;2538;2118;839;771;827;1031,100.0,0.0,9577.2,0,0,0,0,0,0.0,0,0,0,0,0,0,0,0,0.0,0,0,0,0,0,0.0,0.0,0.0,0,0,0,41.1,10.15,12.73,0.4,33.43,22.4,63.4,94.8991933411699,12.591006376394411,29.60390607758266,31.578364109726458,14.731129918489756,1799.0,0.0,0.0,36.055550773930925,0.0,31.508295670951977,14.0,95.4,0.0,0.0,0.0,450.0,9577.2,0.0,0.0,107.854,1.134,108.988,26.08,1.669,107.319,emon,0.598,0.345,144.5,67.6,2.137
2026-09-23 14:14:20.792,11.8,0,91,11;25;91;5;0;0;0;27;0;0;0;22;0;0;0;9,752,4342,3702;3031;4342;4131;2416;1309;2013;2589;2214;2859;1913;2241;752;983;833;1110,100.0,0.0,9576.2,0,0,0,0,0,0.0,0,0,0,0,0,0,0,0,0.0,0,0,0,0,0,0.0,0.0,0.0,0,0,0,43.1,10.15,12.73,0.4,33.43,22.4,63.4,93.99781756449228,14.09746199716447,29.438496623376402,32.19905710912714,14.557585673105686,1799.0,0.0,0.0,33.171513038145314,0.0,26.701303215434866,14.0,95.5,0.0,0.0,0.0,450.0,9576.2,0.0,0.0,107.854,1.134,108.988,26.08,1.669,107.319,emon,0.598,0.345,144.5,67.6,2.137
2026-09-23 14:14:21.792,12.7,0,95,17;28;95;6;0;2;0;22;0;0;0;23;0;0;0;9,985,4336,3676;2990;4336;4149;2290;2724;1686;2532;1728;1527;1645;2283;985;1014;994;1143,93.4,0.0,9576.2,0,0,0,0,0,0.0,0,0,0,0,0,0,0,0,0.0,0,0,0,0,0,0.0,0.0,0.0,0,0,0,43.1,10.15,12.73,0.4,33.43,22.4,63.4,94.91558908970556,13.821373097424473,28.354116061580516,31.086322895277327,14.982882851203817,1799.0,0.0,0.0,35.85923209469442,0.0,28.4483096900518,14.0,95.6,0.0,0.0,0.0,450.0,9576.2,0.0,0.0,107.854,1.134,108.988,26.08,1.669,107.319,emon,0.598,0.345,144.5,67.6,2.137
2026-09-23 14:14:22.793,14.8,0,85,17;36;85;12;3;2;3;22;2;0;0;31;5;2;0;18,842,4303,3793;3110;4303;4136;2064;1744;2846;2566;1921;1716;1492;2310;1062;842;928;1148,96.1,0.0,9576.2,0,0,0,0,0,0.0,0,0,0,0,0,0,0,0,0.0,0,0,0,0,0,0.0,0.0,0.0,0,0,0,43.1,10.15,12.73,0.4,33.43,22.4,63.4,94.2144811252753,13.754256028755831,28.82358877767843,31.65238984242185,15.21946345038574,1799.0,0.0,0.0,35.05936762363611,0.0,27.073118435786203,14.0,95.5,0.0,0.0,0.0,450.0,9576.2,0.0,0.0,107.854,1.134,108.988,26.08,1.669,107.319,emon,0.598,0.345,144.5,67.6,2.137
2026-09-23 14:14:23.793,13.3,0,89,19;31;89;8;5;0;2;18;0;2;0;27;2;0;2;11,812,4236,3760;2948;4236;4058;2254;2456;3095;2283;2459;1524;2653;2211;1310;812;939;1283,96.1,0.0,9576.2,0,0,0,0,0,0.0,0,0,0,0,0,0,0,0,0.0,0,0,0,0,0,0.0,0.0,0.0,0,0,0,40.1,10.23,12.73,0.4,33.49,22.4,63.4,93.93542985654459,15.039195119971183,29.348869847088324,33.1678103564716,14.592198684720731,1799.0,0.0,0.0,33.34196925854946,0.0,20.499009226480066,14.0,95.8,0.0,0.0,0.0,450.0,9576.2,0.0,0.0,107.854,1.134,108.988,26.08,1.669,107.319,emon,0.598,0.345,144.5,67.6,2.137
2026-09-23 14:14:24.794,13.1,0,86,23;27;86;8;11;0;0;22;2;0;0;22;0;0;0;9,817,4230,3345;2837;4230;3957;2457;2134;1391;2529;1586;1782;2147;2309;817;825;899;1081,98.6,0.0,9576.2,0,0,0,0,0,0.0,0,0,0,0,0,0,0,0,0.0,0,0,0,0,0,0.0,0.0,0.0,0,0,0,41.1,10.23,12.73,0.4,33.49,22.4,63.4,96.45858154180927,12.042695199249817,28.70490744619384,29.457287966752126,14.351322854781314,1799.0,0.0,0.0,38.274288773649914,0.0,35.799564047349726,14.0,95.6,0.0,0.0,0.0,450.0,9576.2,0.0,0.0,107.854,1.134,108.988,26.08,1.669,107.319,emon,0.598,0.345,144.5,67.6,2.137
2026-09-23 14:14:25.794,11.3,0,95,11;17;95;6;6;2;0;16;2;0;0;19;0;0;0;8,727,4297,3453;2759;4297;4211;2288;1754;2808;2501;1772;2687;1907;2286;836;885;727;1166,100.0,0.0,9576.2,0,0,0,0,0,0.0,0,0,0,0,0,0,0,0,0.0,0,0,0,0,0,0.0,0.0,0.0,0,0,0,41.1,10.23,12.73,0.4,33.49,22.4,63.4,96.01511919454776,12.096123758331624,29.81392715396462,31.067724071852453,14.976368189076364,1799.0,0.0,0.0,36.15917021366717,0.0,35.719031483429994,14.0,95.3,0.0,0.0,0.0,450.0,9577.2,0.0,0.0,107.854,1.134,108.988,26.08,1.669,107.319,emon,0.598,0.345,144.5,67.6,2.137
2026-09-23 14:14:26.795,14.1,0,88,20;29;88;14;3;0;0;23;0;0;0;25;0;0;0;23,824,4291,3654;3172;4291;4258;1945;2067;1882;2628;2010;1677;1650;2427;824;1251;1059;1090,95.1,0.0,9578.9,0,0,0,0,0,0.0,0,0,0,0,0,0,0,0,0.0,0,0,0,0,0,0.0,0.0,0.0,0,0,0,41.1,10.23,12.73,0.4,33.49,22.5,63.4,95.30696479155093,12.40358561935443,29.42024249408622,30.508270541481597,15.819908664466775,1799.0,0.0,0.0,37.67980987662022,0.0,36.16919209693578,14.0,95.4,0.0,0.0,0.0,450.0,9576.2,0.0,0.0,106.879,1.198,108.077,26.499,1.696,106.381,emon,0.598,0.345,145.8,68.4,2.131
2026-09-23 14:14:27.795,13.4,0,94,17;30;94;0;6;3;2;25;2;0;0;27;0;0;0;9,825,4349,3741;3049;4349;4130;2262;2701;2284;2422;2135;2277;1775;2437;860;825;869;1114,100.0,0.0,9576.2,0,0,0,0,0,0.0,0,0,0,0,0,0,0,0,0.0,0,0,0,0,0,0.0,0.0,0.0,0,0,0,42.1,10.23,12.72,0.4,33.47,22.4,63.4,93.85731321015382,13.612732590942327,28.67700551765893,31.198216501715148,13.791677080259975,1799.0,0.0,0.0,33.37484137480161,0.0,25.06252143555207,13.9,95.2,0.0,0.0,0.0,450.0,9576.2,0.0,0.0,106.879,1.198,108.077,26.499,1.696,106.381,emon,0.598,0.345,145.8,68.4,2.131
2026-09-23 14:14:28.796,12.5,0,89,16;25;89;9;3;0;0;28;0;0;0;19;0;0;0;12,814,4314,3724;2922;4314;4273;2487;2555;2846;2517;1772;3035;2728;2355;870;814;1016;1088,100.0,0.0,9576.2,0,0,0,0,0,0.0,0,0,0,0,0,0,0,0,0.0,0,0,0,0,0,0.0,0.0,0.0,0,0,0,42.1,10.23,12.72,0.4,33.47,22.4,63.4,94.00980438356814,14.077809900207365,28.80546266804247,31.809670138041206,13.79796606393369,1799.0,0.0,0.0,33.50540048442781,0.0,25.456426024217585,14.1,96.0,0.0,0.0,0.0,450.0,9576.2,0.0,0.0,106.879,1.198,108.077,26.499,1.696,106.381,emon,0.598,0.345,145.8,68.4,2.131
2026-09-23 14:14:29.797,12.2,0,95,16;25;95;2;0;0;0;23;0;0;0;19;0;0;0;16,696,4334,3722;2920;4334;4178;2094;1706;2840;2520;2184;1546;1495;2332;856;910;696;1152,100.0,0.0,9576.2,0,0,0,0,0,0.0,0,0,0,0,0,0,0,0,0.0,0,0,0,0,0,0.0,0.0,0.0,0,0,0,42.1,10.23,12.72,0.4,33.47,22.4,63.4,93.23268239498138,14.654562385256092,29.134300486246744,32.71811523569955,14.556966464200782,1799.0,0.0,0.0,33.702192311309695,0.0,23.156839525776963,14.0,95.7,0.0,0.0,0.0,450.0,9576.2,0.0,0.0,106.879,1.198,108.077,26.499,1.696,106.381,emon,0.598,0.345,145.8,68.4,2.131
2026-09-23 14:14:30.805,12.7,0,91,9;22;91;9;5;3;0;34;3;0;0;15;0;0;0;11,806,4329,3301;2751;4329;3982;2189;2477;2602;2477;2207;1769;1722;2475;810;946;806;1765,100.0,0.0,9576.2,0,0,0,0,0,0.0,0,0,0,0,0,0,0,0,0.0,0,0,0,0,0,0.0,0.0,0.0,0,0,0,43.1,10.23,12.72,0.4,33.47,22.6,63.4,96.03475926662314,11.82865073727765,30.858719500591015,31.364665697309476,15.737747118670237,1799.0,0.0,0.0,35.08216082765078,0.0,36.685724266121824,14.0,95.3,0.0,0.0,0.0,450.0,9576.2,0.0,0.0,106.879,1.198,108.077,26.499,1.696,106.381,emon,0.598,0.345,145.8,68.4,2.131
2026-09-23 14:14:31.805,14.5,0,85,28;27;85;9;3;0;0;31;0;0;0;31;2;0;0;16,730,4262,3757;3503;4262;4182;1864;1790;2344;2642;1903;2550;1657;2491;972;944;730;1223,91.4,0.0,9576.2,0,0,0,0,0,0.0,0,0,0,0,0,0,0,0,0.0,0,0,0,0,0,0.0,0.0,0.0,0,0,0,46.1,10.16,12.68,0.4,33.37,19.6,63.4,95.60919256420696,12.221807899050713,28.89570659497643,29.99494215679656,13.84326742509695,1799.0,0.0,0.0,35.97400756482966,0.0,32.188118399786376,12.2,82.8,0.0,0.0,0.0,450.0,8992.1,0.0,0.0,106.879,1.198,108.077,26.499,1.696,106.381,emon,0.598,0.345,145.8,68.4,2.131
2026-09-23 14:14:32.806,12.8,0,59,17;46;59;8;3;0;2;20;3;0;0;17;0;0;0;30,1121,4493,4452;4163;4493;4476;2339;2517;2162;2350;2905;2783;1855;2428;1366;1381;1121;2662,4.2,0.0,900.6,0,0,0,0,0,0.0,0,0,0,0,0,0,0,0,0.0,0,0,0,0,0,0.0,0.0,0.0,0,0,0,44.1,10.16,12.68,0.4,33.37,14.0,63.4,73.8207208843705,6.969537743176362,19.26999470832185,18.110114555736505,0.7517654164424,1208.6273291925465,0.0,0.0,0.0,0.0,51.806874888763986,0.6,0.0,0.0,0.0,0.0,450.0,900.6,0.0,0.0,106.879,1.198,108.077,26.499,1.696,106.381,emon,0.598,0.345,145.8,68.4,2.131
2026-09-23 14:14:33.806,13.4,0,82,32;43;82;6;3;2;0;16;2;0;0;17;0;0;0;12,1039,4657,4600;4559;4657;4583;2127;2779;2377;2412;2522;2956;2733;2106;1039;1060;1084;1481,4.2,0.0,900.6,0,0,0,0,0,0.0,0,0,0,0,0,0,0,0,0.0,0,0,0,0,0,0.0,0.0,0.0,0,0,0,67.1,10.16,12.68,0.4,33.37,14.2,63.4,75.24236043992933,11.681261170860175,23.577083912524547,24.78574161215143,0.7429179767350433,1157.7912087912089,0.0,0.0,0.0,0.0,53.01354864239693,0.6,0.0,0.0,0.0,0.0,450.0,902.6,0.0,0.0,106.879,1.198,108.077,26.499,1.696,106.381,emon,0.598,0.345,145.8,68.4,2.131
2026-09-23 14:14:34.806,17.2,0,97,48;56;97;5;6;2;2;22;0;0;0;27;2;0;0;9,1232,4729,4711;4698;4715;4729;2375;3099;1807;2844;2541;3080;2522;2713;1232;1703;1246;1813,3.9,0.0,902.6,0,0,0,0,0,0.0,0,0,0,0,0,0,0,0,0.0,0,0,0,0,0,0.0,0.0,0.0,0,0,0,61.1,10.16,12.68,0.4,33.37,15.1,63.4,94.65606278109263,12.753314596432519,23.71359388512301,25.285564462104475,0.35445995721264734,1175.5060240963855,0.0,0.0,0.0,0.0,53.25542344942868,0.6,0.0,0.0,0.0,0.0,450.0,1791.6,0.0,0.0,106.879,1.198,108.077,26.499,1.696,106.381,emon,0.598,0.345,145.8,68.4,2.131
2026-09-23 14:14:35.807,10.3,0,89,17;20;89;6;0;0;0;14;0;0;0;11;0;0;0;8,984,4726,4556;4086;4705;4726;2363;1907;1884;2713;2567;1514;1938;2963;1326;984;1063;1576,3.5,0.0,1977.0,0,0,0,0,0,0.0,0,0,0,0,0,0,0,0,0.0,0,0,0,0,0,0.0,0.0,0.0,0,0,0,57.1,17.56,0.61,0.39,22.59,16.9,63.4,98.29449942452567,13.608443478814193,24.91012932913644,26.919570476668223,0.2682905103025925,1179.0,0.0,0.0,0.0,0.0,51.68859765167747,0.6,0.0,0.0,0.0,0.0,450.0,3757.6,0.0,0.0,106.879,1.198,108.077,26.499,1.696,106.381,emon,0.598,0.345,145.8,68.4,2.131
2026-09-23 14:14:36.808,22.5,0,80,22;38;80;16;35;25;17;30;31;2;0;33;22;0;0;12,1430,4726,4639;4535;4714;4726;3284;3363;3350;3135;3329;3023;2885;3158;2790;1977;1430;2539,4.1,0.0,4127.6,0,0,0,0,0,0.0,0,0,0,0,0,0,0,0,0.0,0,0,0,0,0,0.0,0.0,0.0,0,0,0,55.1,17.56,0.61,0.39,22.59,17.9,63.4,98.39087977776161,10.032249679520296,21.43446118785785,21.40573022973079,0.40585388483486895,1167.2692307692307,0.0,0.0,0.0,0.0,52.1935167583422,0.6,0.0,0.0,0.0,0.0,450.0,3757.6,0.0,0.0,106.879,1.198,108.077,26.499,1.696,106.381,emon,0.598,0.345,145.8,68.4,2.131
2026-09-23 14:14:37.808,6.8,0,47,5;23;47;0;2;0;0;9;2;0;0;11;0;0;0;11,1130,4093,3196;3094;4093;3701;1554;2395;2442;1689;2099;1952;1813;1677;1622;1221;1130;1347,6.6,0.0,4808.2,0,0,0,0,0,0.0,0,0,0,0,0,0,0,0,0.0,0,0,0,0,0,0.0,0.0,0.0,0,0,0,39.1,17.56,0.61,0.39,22.59,17.8,63.4,72.61032416603781,11.8866616038533,25.078060385468717,26.185463363474067,0.41399630723092495,1165.8831168831168,0.0,0.0,0.0,0.0,52.12224525039072,0.6,0.0,0.0,0.0,0.0,450.0,4797.5,0.0,0.0,106.879,1.198,108.077,26.499,1.696,106.381,emon,0.598,0.345,145.8,68.4,2.131
2026-09-23 14:14:38.809,7.1,0,28,18;13;28;6;9;0;0;8;6;0;0;8;2;0;0;16,1045,3323,2192;2576;3323;2365;1220;1232;1569;1316;1307;1704;1117;1315;1147;1702;1045;2320,4.5,0.0,4808.4,0,0,0,0,0,0.0,0,0,0,0,0,0,0,0,0.0,0,0,0,0,0,0.0,0.0,0.0,0,0,0,35.1,17.56,0.61,0.39,22.59,17.8,63.4,81.53527146577835,13.019195139408112,26.57126373052597,28.899333894252777,0.4048121753428404,1199.0,0.0,0.0,0.0,0.0,50.106285068555735,0.7,0.2,0.0,0.0,0.0,450.0,4808.4,0.0,0.0,1.483,0.634,2.117,57.63,3.688,0,emon,0.907,0.843,50.4,24.2,2.082
2026-09-23 14:14:39.820,5.9,0,30,30;2;26;0;14;2;0;0;20;0;0;0;2;0;0;0,961,2942,2000;2253;2942;2187;1255;1785;2715;961;1541;1923;1227;1223;1216;1155;1103;1122,4.8,0.0,4808.4,0,0,0,0,0,0.0,0,0,0,0,0,0,0,0,0.0,0,0,0,0,0,0.0,0.0,0.0,0,0,0,33.1,10.46,0.13,0.35,14.16,17.9,63.4,98.43862066735754,6.926817053140929,20.93039332069717,19.727341192794015,0.767417994745473,1167.5314685314686,0.0,0.0,0.0,0.0,52.823792476545684,0.7,0.0,0.0,0.0,0.0,450.0,4808.4,0.0,0.0,1.483,0.634,2.117,57.63,3.688,0,emon,0.907,0.843,50.4,24.2,2.082
2026-09-23 14:14:40.820,5.9,0,28,18;6;28;5;18;3;0;0;12;2;0;0;2;0;0;0,1023,3188,2220;2406;3188;2667;1293;1173;1023;1210;1463;1533;2330;1227;1283;1238;1259;1540,5.4,0.0,4808.4,0,0,0,0,0,0.0,0,0,0,0,0,0,0,0,0.0,0,0,0,0,0,0.0,0.0,0.0,0,0,0,34.1,10.46,0.13,0.35,14.16,17.8,63.4,98.18915294956517,6.607634199216861,20.726832459907275,19.495759902370942,0.6861432252028592,1128.054054054054,0.0,0.0,0.0,0.0,53.04654293316039,0.7,0.0,0.0,0.0,0.0,450.0,4808.4,0.0,0.0,1.483,0.634,2.117,57.63,3.688,0,emon,0.907,0.843,50.4,24.2,2.082
2026-09-23 14:14:41.821,7.9,0,41,20;11;41;3;15;2;2;0;18;5;2;3;5;0;0;0,1287,4153,2794;3629;3739;4153;1713;2785;2948;3072;1740;2970;3010;2954;1864;1287;1780;2567,4.2,0.0,4808.4,0,0,0,0,0,0.0,0,0,0,0,0,0,0,0,0.0,0,0,0,0,0,0.0,0.0,0.0,0,0,0,37.1,10.46,0.13,0.35,14.16,17.8,63.4,98.55208948308771,9.409720792587509,22.376540097323332,23.01907702752135,0.7584458704474276,1179.4545454545455,0.0,0.0,0.0,0.0,53.04738161279396,0.7,0.0,0.0,0.0,0.0,450.0,4808.4,0.0,0.0,1.483,0.634,2.117,57.63,3.688,0,emon,0.907,0.843,50.4,24.2,2.082
2026-09-23 14:14:42.821,21.9,0,88,40;36;88;16;31;16;6;0;34;3;0;0;75;6;2;0,936,4099,3466;3787;4099;3871;2274;1838;1945;1066;2366;1782;1689;2467;1562;1194;951;936,90.1,0.0,4819.7,0,0,0,0,0,0.0,0,0,0,0,0,0,0,0,0.0,0,0,0,0,0,0.0,0.0,0.0,0,0,0,43.1,10.46,0.13,0.35,14.16,17.8,63.4,93.00948636233807,9.9523440775686,23.805502180542266,24.179204503598157,8.88482142445147,1722.6607142857142,0.0,0.0,30.703387324166084,0.0,27.39978927668829,0.6,0.0,0.0,0.0,0.0,450.0,4808.4,0.0,0.0,1.483,0.634,2.117,57.63,3.688,0,emon,0.907,0.843,50.4,24.2,2.082
2026-09-23 14:14:43.821,14.3,0,94,32;22;94;8;23;5;2;0;17;0;0;0;19;3;5;0,679,4258,3262;3841;4258;4013;2603;2094;2104;2403;2303;2146;1428;1252;1317;888;1089;679,100.0,0.0,4837.0,0,0,0,0,0,0.0,0,0,0,0,0,0,0,0,0.0,0,0,0,0,0,0.0,0.0,0.0,0,0,0,45.1,7.24,3.29,0.35,15.91,17.8,63.4,95.05555818820822,11.360420312443427,29.941028443389925,30.12890375996458,15.743689139566287,1799.0,0.0,0.0,33.99660451122527,0.0,27.57015068097771,11.7,79.1,0.0,0.0,0.0,450.0,4819.7,0.0,0.0,1.483,0.634,2.117,57.63,3.688,0,emon,0.907,0.843,50.4,24.2,2.082
2026-09-23 14:14:44.822,7.6,0,47,17;8;47;3;20;3;0;0;18;0;0;0;6;0;0;0,929,3832,2347;2746;3832;3476;1856;1888;1422;1549;1694;1367;1554;1363;1074;965;929;1036,100.0,0.0,4837.0,0,0,0,0,0,0.0,0,0,0,0,0,0,0,0,0.0,0,0,0,0,0,0.0,0.0,0.0,0,0,0,35.1,7.24,3.29,0.35,15.91,17.8,63.4,68.23846191083881,11.845940094388707,26.347837018295074,27.8270371531097,0.4621951748921559,1390.5492957746478,0.0,0.0,0.0,0.0,50.783705401640965,14.1,95.5,0.0,0.0,0.0,450.0,4837.0,0.0,0.0,1.483,0.634,2.117,57.63,3.688,0,emon,0.907,0.843,50.4,24.2,2.082
2026-09-23 14:14:45.822,4.9,0,28,9;11;28;3;11;0;0;0;11;0;0;0;5;0;0;0,1149,3275,2305;2409;3275;2659;1307;1300;1226;1197;1375;1604;1188;1189;1205;1176;1149;1154,4.2,0.0,4837.0,0,0,0,0,0,0.0,0,0,0,0,0,0,0,0,0.0,0,0,0,0,0,0.0,0.0,0.0,0,0,0,34.1,7.24,3.29,0.35,15.91,17.8,63.4,71.2234737517986,9.597873341292143,23.768472737454353,23.640619405723633,0.6579528003641555,1194.212765957447,0.0,0.0,0.0,0.0,52.26546266342097,1.9,9.2,0.0,0.0,0.0,450.0,4837.0,0.0,0.0,1.483,0.634,2.117,57.63,3.688,0,emon,0.907,0.843,50.4,24.2,2.082
2026-09-23 14:14:46.823,7.7,0,33,17;8;33;6;24;0;0;0;24;2;0;0;9;0;0;0,963,3501,2436;2462;3501;2431;1259;1068;963;1222;1426;1094;1182;1156;1177;1078;1095;1094,4.3,0.0,4837.0,0,0,0,0,0,0.0,0,0,0,0,0,0,0,0,0.0,0,0,0,0,0,0.0,0.0,0.0,0,0,0,35.1,7.24,3.29,0.35,15.91,17.8,63.4,81.81215958228478,12.528130575326772,26.40877638596755,28.617106393667367,0.4316773157132467,1199.0,0.0,0.0,0.0,0.0,49.34684190624035,0.7,0.0,0.0,0.0,0.0,450.0,4837.0,0.0,0.0,1.483,0.634,2.117,57.63,3.688,0,emon,0.907,0.843,50.4,24.2,2.082
2026-09-23 14:14:47.823,7.5,0,34,22;11;34;2;19;8;2;0;17;2;0;0;6;0;0;0,1060,3490,2458;2977;3490;2972;1321;1207;1095;1060;1254;1061;1188;1117;1170;1181;1171;1188,4.4,0.0,4837.0,0,0,0,0,0,0.0,0,0,0,0,0,0,0,0,0.0,0,0,0,0,0,0.0,0.0,0.0,0,0,0,34.1,5.85,2.45,0.34,12.85,17.8,63.4,98.30800265357608,12.38991585988847,26.578414069281685,28.66672854953342,0.40339977705725544,1199.0,0.0,0.0,0.0,0.0,50.96253868322524,0.7,0.0,0.0,0.0,0.0,450.0,4837.0,0.0,0.0,1.483,0.634,2.117,57.63,3.688,0,emon,0.907,0.843,50.4,24.2,2.082
2026-09-23 14:14:48.824,5.6,0,34,18;5;34;0;14;0;0;0;15;0;0;0;3;0;0;0,976,3236,2218;2387;3236;2912;1261;1102;976;1382;1214;1326;1179;1206;1194;1083;1145;1060,4.6,0.0,4836.9,0,0,0,0,0,0.0,0,0,0,0,0,0,0,0,0.0,0,0,0,0,0,0.0,0.0,0.0,0,0,0,33.1,5.85,2.45,0.34,12.85,17.8,63.4,98.31500363349915,12.266438484191895,26.965780794620514,28.9915372133255,0.5604856119907708,1199.0,0.0,0.0,0.0,0.0,50.1676864142064,0.7,0.0,0.0,0.0,0.0,450.0,4836.9,0.0,0.0,1.483,0.634,2.117,57.63,3.688,0,emon,0.907,0.843,50.4,24.2,2.082
2026-09-23 14:14:49.824,11.7,0,83,39;20;83;2;20;0;0;0;20;0;0;0;3;0;0;0,801,4484,4004;4232;4484;4327;2492;1710;2147;2394;2539;1519;1855;1685;1203;865;801;977,15.9,0.0,5480.5,0,0,0,0,0,0.0,0,0,0,0,0,0,0,0,0.0,0,0,0,0,0,0.0,0.0,0.0,0,0,0,51.1,5.85,2.45,0.34,12.85,23.5,63.4,87.59089432760726,7.836168769091844,19.64277114875095,18.820860658967216,0.7989207660446186,1488.8255813953488,0.0,0.0,8.774758159848759,10.416136542031932,48.58770846192298,0.7,0.0,0.0,0.0,0.0,450.0,4836.9,0.0,0.0,1.483,0.634,2.117,57.63,3.688,0,emon,0.907,0.843,50.4,24.2,2.082
2026-09-23 14:14:50.825,11.0,0,57,57;8;42;5;27;3;0;2;25;5;0;0;5;0;0;0,803,3409,3268;3409;2944;3117;2141;1813;1616;1403;1520;1321;1175;1216;1204;906;832;803,3.5,0.0,10545.9,0,0,0,0,0,0.0,0,0,0,0,0,0,0,0,0.0,0,0,0,0,0,0.0,0.0,0.0,0,0,0,41.1,5.85,2.45,0.34,12.85,23.4,63.4,99.97785514617063,25.045091514157722,16.031974029828266,34.08243227806915,0.6642391105691143,1799.0,0.0,0.0,36.45703847355108,0.0,36.570376507629106,7.7,41.0,0.0,0.0,0.0,450.0,10545.9,0.0,0.0,3.396,2.147,5.543,15.927,1.019,4.524,emon,0.898,0.664,27.5,12.9,2.126
2026-09-23 14:14:51.825,11.7,0,52,52;15;47;8;23;3;0;0;27;0;0;0;11;0;0;0,798,3267,2867;3267;2966;3166;1780;1760;2505;1273;1893;1371;1076;1069;1312;883;843;798,2.5,0.0,10545.9,0,0,0,0,0,0.0,0,0,0,0,0,0,0,0,0.0,0,0,0,0,0,0.0,0.0,0.0,0,0,0,43.1,7.02,8.71,0.35,19.32,23.4,63.4,99.97298765440244,22.503640429212435,20.564463838371072,35.52165622678963,0.6348877687435094,1845.2162162162163,0.0,0.0,33.34234840370513,0.0,31.911981436763764,14.2,97.1,0.0,0.0,0.0,450.0,10545.9,0.0,0.0,3.396,2.147,5.543,15.927,1.019,4.524,emon,0.898,0.664,27.5,12.9,2.126
2026-09-23 14:14:52.825,13.4,0,58,58;31;38;8;33;2;0;0;25;0;0;0;20;0;0;0,951,3354,2649;3090;2944;3354;2053;2036;1777;1309;1831;1710;1764;1988;2136;1874;951;1077,2.3,0.0,10541.8,0,0,0,0,0,0.0,0,0,0,0,0,0,0,0,0.0,0,0,0,0,0,0.0,0.0,0.0,0,0,0,43.1,7.02,8.71,0.35,19.32,23.4,63.4,99.99711180437961,25.96562005649206,16.966355355502348,36.21434473962032,0.584657016253842,1849.0,0.0,0.0,33.35073331521429,0.0,34.366825147513055,14.2,97.2,0.0,0.0,0.0,450.0,10545.9,0.0,0.0,3.396,2.147,5.543,15.927,1.019,4.524,emon,0.898,0.664,27.5,12.9,2.126
2026-09-23 14:14:53.826,12.3,0,50,50;22;42;6;27;0;0;0;34;5;0;0;10;0;2;0,874,3285,2968;3160;3165;3285;1964;1591;1686;1830;1821;1474;2818;2706;1090;947;1042;874,2.2,0.0,10542.8,0,0,0,0,0,0.0,0,0,0,0,0,0,0,0,0.0,0,0,0,0,0,0.0,0.0,0.0,0,0,0,45.1,7.02,8.71,0.35,19.32,23.4,63.4,99.99210538090887,31.484047452642304,14.386352783924824,40.158602978732134,0.39995477287212033,1849.0,0.0,0.0,30.13743249428257,0.0,28.176744749387556,14.2,97.2,0.0,0.0,0.0,450.0,10541.8,0.0,0.0,3.396,2.147,5.543,15.927,1.019,4.524,emon,0.898,0.664,27.5,12.9,2.126
2026-09-23 14:14:54.826,12.0,0,51,51;14;42;9;23;8;2;0;30;6;0;0;3;2;3;0,949,3421,3170;3316;3056;3421;1794;1465;965;1233;1902;1298;1229;1174;1116;998;1126;949,2.2,0.0,10542.8,0,0,0,0,0,0.0,0,0,0,0,0,0,0,0,0.0,0,0,0,0,0,0.0,0.0,0.0,0,0,0,43.1,7.02,8.71,0.35,19.32,23.4,63.4,99.99178867063661,32.7326971275219,15.04214424499567,39.87289450825124,0.2293609391182553,1849.0,0.0,0.0,30.876357009425167,0.0,23.604380603285804,14.2,97.2,0.0,0.0,0.0,450.0,10541.8,0.0,0.0,3.396,2.147,5.543,15.927,1.019,4.524,emon,0.898,0.664,27.5,12.9,2.126
2026-09-23 14:14:55.826,11.3,0,57,57;11;41;5;19;0;0;0;42;2;0;0;5;0;0;0,849,3399,2802;3399;2985;2887;1712;1759;1485;1247;2015;1596;1651;1671;1160;992;1013;849,2.2,0.0,10541.8,0,0,0,0,0,0.0,0,0,0,0,0,0,0,0,0.0,0,0,0,0,0,0.0,0.0,0.0,0,0,0,42.1,5.27,24.25,0.36,34.47,23.4,63.4,100.00406412834668,27.21023763531316,20.246576225670584,39.547769783187086,0.31024509740068856,1845.7153284671533,0.0,0.0,30.380558450645122,0.0,23.77669056984562,14.2,97.2,0.0,0.0,0.0,450.0,10541.8,0.0,0.0,3.396,2.147,5.543,15.927,1.019,4.524,emon,0.898,0.664,27.5,12.9,2.126
2026-09-23 14:14:56.829,11.5,0,43,42;14;38;9;43;2;2;2;25;2;0;0;6;0;0;0,801,3729,3171;3729;2924;3055;1719;1704;1939;3181;1698;1627;1277;1717;1155;864;801;1045,2.3,0.0,10541.8,0,0,0,0,0,0.0,0,0,0,0,0,0,0,0,0.0,0,0,0,0,0,0.0,0.0,0.0,0,0,0,42.1,5.27,24.25,0.36,34.47,23.4,63.4,100.01293353757997,34.15700127421946,13.739648034607155,41.89374238166256,0.11870657989377345,1849.0,0.0,0.0,30.883590955300715,0.0,23.608890696327485,14.2,97.2,0.0,0.0,0.0,450.0,10541.8,0.0,0.0,3.396,2.147,5.543,15.927,1.019,4.524,emon,0.898,0.664,27.5,12.9,2.126
2026-09-23 14:14:57.830,11.8,0,52,52;14;48;8;25;2;0;0;29;2;0;0;9;0;0;0,756,3328,3138;3328;3119;3154;1844;1458;1876;2370;1842;1474;1542;1620;1128;1004;951;756,2.4,0.0,10541.8,0,0,0,0,0,0.0,0,0,0,0,0,0,0,0,0.0,0,0,0,0,0,0.0,0.0,0.0,0,0,0,42.1,5.27,24.25,0.36,34.47,23.4,63.4,99.99206962133114,19.567846362294976,21.272355873594172,31.626049406090274,0.8662425945494545,1830.6205533596838,0.0,0.0,36.28328300086347,0.0,36.99021498258951,14.2,97.2,0.0,0.0,0.0,450.0,10541.8,0.0,0.0,3.396,2.147,5.543,15.927,1.019,4.524,emon,0.898,0.664,27.5,12.9,2.126
2026-09-23 14:14:58.830,11.0,0,50,50;11;48;6;30;2;0;0;14;3;0;0;10;0;3;0,706,3289,3056;3289;3064;3075;1825;1525;1467;2457;1949;1400;1482;1762;1381;860;706;799,2.5,0.0,10544.5,0,0,0,0,0,0.0,0,0,0,0,0,0,0,0,0.0,0,0,0,0,0,0.0,0.0,0.0,0,0,0,40.1,5.27,24.25,0.36,34.47,23.4,63.4,99.97009834621264,25.048282224442,16.036995063657347,34.53717743942271,0.6656293223632257,1838.3478260869565,0.0,0.0,34.18628989983674,0.0,35.78431373746049,14.2,97.2,0.0,0.0,0.0,450.0,10541.8,0.0,0.0,3.396,2.147,5.543,15.927,1.019,4.524,emon,0.898,0.664,27.5,12.9,2.126
2026-09-23 14:14:59.830,13.5,0,64,64;16;46;9;42;3;5;2;19;3;0;2;3;0;3;0,1188,3859,3331;3582;3244;3859;2112;2471;2990;2667;2430;2665;2822;3301;1503;1188;2337;1275,2.7,0.0,10542.5,0,0,0,0,0,0.0,0,0,0,0,0,0,0,0,0.0,0,0,0,0,0,0.0,0.0,0.0,0,0,0,42.1,5.15,23.97,0.36,33.96,23.4,63.4,99.97495106579785,29.142005722770556,14.718674666103832,37.78401569583837,0.5304236148115506,1799.0,0.0,0.0,34.06321585458768,0.0,31.991563413486066,14.2,97.2,0.0,0.0,0.0,450.0,10541.7,0.0,0.0,3.396,2.147,5.543,15.927,1.019,4.524,emon,0.898,0.664,27.5,12.9,2.126
2026-09-23 14:15:00.831,10.2,0,52,52;17;35;6;22;2;0;0;25;0;0;0;5;0;0;0,946,3340,3093;3340;2929;3151;1664;1579;1741;2064;2085;2157;1656;1348;1155;946;1206;1067,2.6,0.0,10540.8,0,0,0,0,0,0.0,0,0,0,0,0,0,0,0,0.0,0,0,0,0,0,0.0,0.0,0.0,0,0,0,40.1,5.15,23.97,0.36,33.96,23.4,63.4,100.07287376040505,21.749345535554347,20.096581662268864,32.61472726890019,0.6704866301977919,1799.0,0.0,0.0,33.68694720799214,0.0,34.67719770076951,14.2,97.2,0.0,0.0,0.0,450.0,10540.8,0.0,0.0,3.396,2.147,5.543,15.927,1.019,4.524,emon,0.898,0.664,27.5,12.9,2.126
2026-09-23 14:15:01.831,11.1,0,52,52;16;40;5;19;2;0;0;34;0;0;0;11;0;0;0,814,3561,2988;3185;3225;3561;2002;1877;1563;1487;1869;1780;2117;1720;1105;981;875;814,2.4,0.0,10540.9,0,0,0,0,0,0.0,0,0,0,0,0,0,0,0,0.0,0,0,0,0,0,0.0,0.0,0.0,0,0,0,39.1,5.15,23.97,0.36,33.96,23.4,63.4,100.00084766772909,25.231644305545803,17.155121201768928,35.34716406765334,0.49881235606447205,1799.0,0.0,0.0,36.55469337021804,0.0,35.77258861692192,14.2,97.0,0.0,0.0,0.0,450.0,10540.8,0.0,0.0,3.396,2.147,5.543,15.927,1.019,4.524,emon,0.898,0.664,27.5,12.9,2.126
2026-09-23 14:15:02.831,11.2,0,57,57;6;54;5;19;2;0;0;32;0;0;0;5;0;0;0,781,3295,3165;3179;3197;3295;1986;1433;1961;1438;1791;1546;1253;1174;1117;863;848;781,2.4,0.0,10541.9,0,0,0,0,0,0.0,0,0,0,0,0,0,0,0,0.0,0,0,0,0,0,0.0,0.0,0.0,0,0,0,41.1,6.36,23.02,0.36,34.22,23.4,63.4,100.00042780298386,34.24873017916714,13.318809474471712,42.01786414376141,0.1584747161063617,1799.0,0.0,0.0,30.382300046926883,0.0,23.77841880901234,14.2,97.0,0.0,0.0,0.0,450.0,10541.9,0.0,0.0,3.396,2.147,5.543,15.927,1.019,4.524,emon,0.898,0.664,27.5,12.9,2.126
2026-09-23 14:15:03.832,10.2,0,42,42;17;39;5;19;3;0;0;31;0;0;0;8;0;0;0,827,3346,2966;3326;2994;3346;1878;1699;1792;1001;1875;2045;1036;1143;1145;916;968;827,2.4,0.0,10540.9,0,0,0,0,0,0.0,0,0,0,0,0,0,0,0,0.0,0,0,0,0,0,0.0,0.0,0.0,0,0,0,40.1,6.36,23.02,0.36,34.22,23.4,63.4,100.00583062582459,30.795506663669812,15.643737802442336,38.14949032723509,0.5300903950589678,1799.0,0.0,0.0,30.88882445312099,0.0,26.274690852029465,14.2,97.2,0.0,0.0,0.0,450.0,10540.9,0.0,0.0,18.144,4.822,22.965,24.72,1.582,21.383,emon,0.633,0.537,98.5,45.8,2.149
2026-09-23 14:15:04.832,10.5,0,52,52;9;47;9;17;2;0;0;28;2;0;0;3;0;0;0,994,3584,3064;3191;3168;3584;1568;1343;1170;1238;1983;2269;1356;1428;1151;994;1017;1047,2.4,0.0,10540.9,0,0,0,0,0,0.0,0,0,0,0,0,0,0,0,0.0,0,0,0,0,0,0.0,0.0,0.0,0,0,0,41.1,6.36,23.02,0.36,34.22,23.4,63.4,99.99277019500732,27.220018055703903,19.87444978952408,39.546155505710175,0.33017368151599336,1799.0,0.0,0.0,29.607733591162187,0.0,24.747291389400036,14.2,97.1,0.0,0.0,0.0,450.0,10540.9,0.0,0.0,18.144,4.822,22.965,24.72,1.582,21.383,emon,0.633,0.537,98.5,45.8,2.149
2026-09-23 14:15:05.832,10.1,0,46,40;18;46;5;30;2;0;0;14;0;0;0;6;0;0;0,774,3271,3058;3271;2784;2995;1660;1623;1989;1583;1557;1296;1240;1248;1207;963;851;774,2.4,0.0,10541.9,0,0,0,0,0,0.0,0,0,0,0,0,0,0,0,0.0,0,0,0,0,0,0.0,0.0,0.0,0,0,0,41.1,6.36,23.02,0.36,34.22,23.4,63.4,99.98471623250883,24.699298574869864,17.23953008706167,33.98141701519489,0.8657027056337585,1799.0,0.0,0.0,35.02248061261008,0.0,35.70916144395497,14.2,97.2,0.0,0.0,0.0,450.0,10540.9,0.0,0.0,18.144,4.822,22.965,24.72,1.582,21.383,emon,0.633,0.537,98.5,45.8,2.149
2026-09-23 14:15:06.832,11.8,0,64,64;17;38;6;26;3;0;0;28;0;0;0;5;2;0;0,821,3506,2941;3506;3006;3151;1980;1549;1393;1276;1790;1663;1057;1433;1249;966;912;821,2.3,0.0,10540.6,0,0,0,0,0,0.0,0,0,0,0,0,0,0,0,0.0,0,0,0,0,0,0.0,0.0,0.0,0,0,0,41.1,5.39,23.28,0.36,33.17,23.4,63.4,99.98175554353047,21.482738076754643,20.017450042371827,33.091539850503935,0.7759163762950073,1799.0,0.0,0.0,34.88797540168043,0.0,34.786678567785465,14.2,97.1,0.0,0.0,0.0,450.0,10540.6,0.0,0.0,18.144,4.822,22.965,24.72,1.582,21.383,emon,0.633,0.537,98.5,45.8,2.149
2026-09-23 14:15:07.833,12.0,0,61,61;8;34;5;38;5;2;2;23;3;0;0;9;2;2;0,703,3387,2792;3051;3049;3387;1829;1589;2827;2343;2074;1977;1855;3239;1124;934;955;703,2.5,0.0,10540.6,0,0,0,0,0,0.0,0,0,0,0,0,0,0,0,0.0,0,0,0,0,0,0.0,0.0,0.0,0,0,0,42.1,5.39,23.28,0.36,33.17,23.4,63.4,99.99348804868501,27.955601758527003,15.425509459670932,36.60014475282581,0.4170790308144415,1799.0,0.0,0.0,32.539146560067636,0.0,31.835861522327665,14.2,97.1,0.0,0.0,0.0,450.0,10540.6,0.0,0.0,18.144,4.822,22.965,24.72,1.582,21.383,emon,0.633,0.537,98.5,45.8,2.149
2026-09-23 14:15:08.833,12.1,0,42,25;35;42;3;16;15;2;0;21;11;0;2;20;2;0;0,924,3204,2914;2827;3084;3204;1726;1611;1506;1759;2044;1934;1468;2477;2345;1099;1010;924,2.5,0.0,10540.6,0,0,0,0,0,0.0,0,0,0,0,0,0,0,0,0.0,0,0,0,0,0,0.0,0.0,0.0,0,0,0,42.1,5.39,23.28,0.36,33.17,23.4,63.4,99.995784826446,29.256866361651767,14.630407673573634,37.85279120496142,0.44674897934065055,1844.029239766082,0.0,0.0,31.94791763239916,0.0,32.08373943586362,14.2,97.2,0.0,0.0,0.0,450.0,10540.6,0.0,0.0,18.144,4.822,22.965,24.72,1.582,21.383,emon,0.633,0.537,98.5,45.8,2.149
2026-09-23 14:15:09.834,10.8,0,52,17;52;38;8;0;21;2;0;0;31;2;0;0;3;0;0,757,3451,3451;3121;3031;3310;2060;1837;1807;1006;1838;1549;1071;1878;757;1171;1042;1144,2.4,0.0,10540.6,0,0,0,0,0,0.0,0,0,0,0,0,0,0,0,0.0,0,0,0,0,0,0.0,0.0,0.0,0,0,0,42.1,5.39,23.28,0.36,33.17,23.4,63.4,100.06951113100405,24.6695535129948,19.90535194049647,36.81753904068911,0.42423132136694075,1838.1975308641975,0.0,0.0,31.257477648901165,0.0,29.827009438150537,14.2,97.2,0.0,0.0,0.0,450.0,10540.6,0.0,0.0,18.144,4.822,22.965,24.72,1.582,21.383,emon,0.633,0.537,98.5,45.8,2.149
2026-09-23 14:15:10.834,11.7,0,55,19;55;38;12;0;23;2;0;0;31;2;0;0;8;0;0,712,3531,2506;2599;3252;3531;2845;2063;1812;2614;1506;1718;1611;2586;712;1075;1027;756,2.4,0.0,10540.6,0,0,0,0,0,0.0,0,0,0,0,0,0,0,0,0.0,0,0,0,0,0,0.0,0.0,0.0,0,0,0,43.1,5.25,23.45,0.36,33.58,23.4,63.4,100.00632654536854,29.965008371086284,14.057739249684595,38.494790540838785,0.3845928443161855,1849.0,0.0,0.0,33.31721027677254,0.0,30.646427212896015,14.2,97.3,0.0,0.0,0.0,450.0,10540.6,0.0,0.0,18.144,4.822,22.965,24.72,1.582,21.383,emon,0.633,0.537,98.5,45.8,2.149
2026-09-23 14:15:11.834,12.0,0,69,11;69;44;6;0;20;2;0;0;35;2;0;0;2;2;0,893,3521,3280;2952;2941;3521;2143;1867;1404;2029;1559;1919;2423;2325;999;1343;981;893,2.5,0.0,10541.6,0,0,0,0,0,0.0,0,0,0,0,0,0,0,0,0.0,0,0,0,0,0,0.0,0.0,0.0,0,0,0,43.1,5.25,23.45,0.36,33.58,23.4,63.4,99.99641197315161,33.71476489910181,13.726024200950844,41.721383689106375,0.17638179605178858,1847.5507246376812,0.0,0.0,30.159206653081313,0.0,24.33253563667877,14.2,97.2,0.0,0.0,0.0,450.0,10541.6,0.0,0.0,18.144,4.822,22.965,24.72,1.582,21.383,emon,0.633,0.537,98.5,45.8,2.149
2026-09-23 14:15:12.835,14.7,0,66,20;66;40;12;2;23;5;2;5;37;2;3;0;15;3;0,1159,3627,3588;3182;3282;3627;2468;1974;2323;2559;2960;2172;2698;3078;1159;1515;2177;1457,2.3,0.0,10540.6,0,0,0,0,0,0.0,0,0,0,0,0,0,0,0,0.0,0,0,0,0,0,0.0,0.0,0.0,0,0,0,43.1,5.25,23.45,0.36,33.58,23.4,63.4,99.9947942529021,23.596815018467396,21.0350598399922,36.16536954794563,0.7465967527396009,1830.9209039548023,0.0,0.0,34.84107900749218,0.0,30.967999896517956,14.2,97.1,0.0,0.0,0.0,450.0,10540.6,0.0,0.0,18.144,4.822,22.965,24.72,1.582,21.383,emon,0.633,0.537,98.5,45.8,2.149
2026-09-23 14:15:13.835,10.6,0,50,6;50;42;3;0;20;2;0;0;39;2;0;0;5;0;0,699,3228,3093;3135;3020;3228;2007;1846;1575;2755;1321;1802;1416;2241;699;1049;841;967,2.2,0.0,10540.6,0,0,0,0,0,0.0,0,0,0,0,0,0,0,0,0.0,0,0,0,0,0,0.0,0.0,0.0,0,0,0,42.1,5.25,23.45,0.36,33.58,23.4,63.4,100.0039674562189,25.1509368350863,16.711301683845008,34.453913771518145,0.5910702291583734,1849.0,0.0,0.0,35.723319417274986,0.0,35.558983340038374,14.2,97.1,0.0,0.0,0.0,450.0,10540.6,0.0,0.0,18.144,4.822,22.965,24.72,1.582,21.383,emon,0.633,0.537,98.5,45.8,2.149
2026-09-23 14:15:14.836,11.3,0,54,8;54;34;2;0;36;2;0;0;30;2;0;0;15;0;0,804,3545,2892;2698;3272;3545;1252;1619;1386;1111;1608;1930;1507;1514;841;1111;820;804,2.3,0.0,10541.6,0,0,0,0,0,0.0,0,0,0,0,0,0,0,0,0.0,0,0,0,0,0,0.0,0.0,0.0,0,0,0,42.1,5.69,23.86,0.36,34.42,23.4,63.4,99.98481454849244,25.62135027165059,17.64150312393904,33.462282590940596,0.9189212167596755,1830.4583333333333,0.0,0.0,36.567204868978784,0.0,35.924512487375566,14.2,97.2,0.0,0.0,0.0,450.0,10541.6,0.0,0.0,4.041,3.325,7.366,19.177,1.227,6.139,emon,0.632,0.568,252.4,117.4,2.15
2026-09-23 14:15:15.836,11.2,0,64,8;64;37;8;0;31;2;0;0;26;0;0;0;5;0;0,635,3268,3268;2767;2637;3049;1449;1792;1535;1634;2983;1752;1778;2758;635;1116;1059;1020,2.3,0.0,10541.6,0,0,0,0,0,0.0,0,0,0,0,0,0,0,0,0.0,0,0,0,0,0,0.0,0.0,0.0,0,0,0,41.1,5.69,23.86,0.36,34.42,23.4,63.4,100.04716567993164,22.49017938617617,20.26876887559891,34.427749266922476,0.6851163679730962,1808.0,0.0,0.0,32.86503446041374,0.0,32.481143266106336,14.2,97.1,0.0,0.0,0.0,450.0,10541.6,0.0,0.0,4.041,3.325,7.366,19.177,1.227,6.139,emon,0.632,0.568,252.4,117.4,2.15
2026-09-23 14:15:16.836,13.1,0,67,14;67;41;9;2;34;5;2;0;33;2;0;0;2;0;0,875,3477,3477;3200;3091;3464;1408;1804;1650;1827;1403;1809;1588;1310;889;1150;920;875,2.3,0.0,10541.6,0,0,0,0,0,0.0,0,0,0,0,0,0,0,0,0.0,0,0,0,0,0,0.0,0.0,0.0,0,0,0,42.1,5.69,23.86,0.36,34.42,23.4,63.4,99.97267164584406,29.278638848912216,14.365359003672342,37.68129680185261,0.25968423816110536,1849.0,0.0,0.0,31.505748275594932,0.0,30.931735995040214,14.2,97.2,0.0,0.0,0.0,450.0,10540.6,0.0,0.0,4.041,3.325,7.366,19.177,1.227,6.139,emon,0.632,0.568,252.4,117.4,2.15
2026-09-23 14:15:17.837,12.4,0,49,17;49;47;6;0;48;3;0;0;27;2;0;0;0;0;0,949,3558,3558;3099;3158;3464;1078;1755;1482;2093;1614;1789;1643;1181;949;1139;1128;961,2.4,0.0,10540.6,0,0,0,0,0,0.0,0,0,0,0,0,0,0,0,0.0,0,0,0,0,0,0.0,0.0,0.0,0,0,0,41.1,5.14,24.07,0.36,33.76,23.4,63.4,100.01033039212976,31.182906176156873,13.952444175504288,39.630060806589306,0.4853005543081734,1801.2012578616352,0.0,0.0,31.214262900967736,0.0,28.214146415385144,14.2,97.2,0.0,0.0,0.0,450.0,10541.6,0.0,0.0,4.041,3.325,7.366,19.177,1.227,6.139,emon,0.632,0.568,252.4,117.4,2.15
2026-09-23 14:15:18.838,12.7,0,57,20;57;35;9;0;25;0;0;0;35;3;0;2;14;2;0,855,3450,3177;2707;3050;3450;1805;1814;1887;2549;1463;1806;1756;1231;855;1126;903;953,2.6,0.0,10540.6,0,0,0,0,0,0.0,0,0,0,0,0,0,0,0,0.0,0,0,0,0,0,0.0,0.0,0.0,0,0,0,40.1,5.14,24.07,0.36,33.76,23.4,63.4,99.96946535496353,25.039687532823898,20.089695577676586,36.92230480599265,0.5445526690650301,1799.0,0.0,0.0,32.18233864400347,0.0,29.89099272399766,14.2,97.0,0.0,0.0,0.0,450.0,10540.6,0.0,0.0,4.041,3.325,7.366,19.177,1.227,6.139,emon,0.632,0.568,252.4,117.4,2.15
2026-09-23 14:15:19.838,11.3,0,58,9;58;43;6;0;22;3;0;0;35;3;0;0;2;0;0,947,3293,2562;2518;3009;3293;1550;1990;1633;1897;1425;1811;1866;1413;1271;1217;1031;947,2.6,0.0,10540.6,0,0,0,0,0,0.0,0,0,0,0,0,0,0,0,0.0,0,0,0,0,0,0.0,0.0,0.0,0,0,0,41.1,5.14,24.07,0.36,33.76,23.4,63.4,99.996094756074,29.387622960034633,14.100173248039496,37.519252628415494,0.23056330179263437,1799.0,0.0,0.0,34.43765299130937,0.0,31.26877798160134,14.2,97.1,0.0,0.0,0.0,450.0,10540.6,0.0,0.0,4.041,3.325,7.366,19.177,1.227,6.139,emon,0.632,0.568,252.4,117.4,2.15
2026-09-23 14:15:20.838,12.0,0,57,17;57;45;8;0;20;3;0;0;33;2;0;0;8;0;0,904,3394,3394;2770;3030;3276;1361;1747;2247;1849;1308;1993;1718;1250;922;1239;964;904,2.5,0.0,10540.6,0,0,0,0,0,0.0,0,0,0,0,0,0,0,0,0.0,0,0,0,0,0,0.0,0.0,0.0,0,0,0,42.1,5.14,24.07,0.36,33.76,23.4,63.4,99.99764069033341,34.38084505645322,13.351499938629043,41.948211428145285,0.11130540922257892,1799.0,0.0,0.0,30.737856698937346,0.0,23.65949331444334,14.2,97.1,0.0,0.0,0.0,450.0,10540.6,0.0,0.0,4.041,3.325,7.366,19.177,1.227,6.139,emon,0.632,0.568,252.4,117.4,2.15
2026-09-23 14:15:21.839,12.2,0,68,8;68;42;6;0;16;6;0;3;34;2;0;0;10;2;0,821,3333,3125;2601;3047;3333;1209;1896;1965;1447;1162;1808;1725;1190;985;1061;860;821,2.4,0.0,10540.6,0,0,0,0,0,0.0,0,0,0,0,0,0,0,0,0.0,0,0,0,0,0,0.0,0.0,0.0,0,0,0,41.1,5.16,22.83,0.36,32.79,23.4,63.4,100.08953874153003,24.64689839386234,16.415275224991014,33.94847182771028,0.6684392990305481,1799.438596491228,0.0,0.0,34.526912968091075,0.0,36.93489373872314,14.2,97.1,0.0,0.0,0.0,450.0,10540.6,0.0,0.0,4.041,3.325,7.366,19.177,1.227,6.139,emon,0.632,0.568,252.4,117.4,2.15
2026-09-23 14:15:22.839,11.0,0,50,12;50;47;6;0;22;3;0;0;30;0;0;0;5;0;0,820,3389,3389;3038;2943;3115;1542;2001;1787;1939;1272;1841;1676;1189;820;1175;991;973,2.3,0.0,10540.6,0,0,0,0,0,0.0,0,0,0,0,0,0,0,0,0.0,0,0,0,0,0,0.0,0.0,0.0,0,0,0,43.1,5.16,22.83,0.36,32.79,23.4,63.4,99.97055974615829,25.78724670865561,15.793199562291218,34.84926632942739,0.6674179701700741,1802.52422907489,0.0,0.0,35.1085656538097,0.0,36.21354290458589,14.2,97.1,0.0,0.0,0.0,450.0,10540.6,0.0,0.0,4.041,3.325,7.366,19.177,1.227,6.139,emon,0.632,0.568,252.4,117.4,2.15
2026-09-23 14:15:23.839,12.0,0,49,19;49;47;9;0;31;0;0;0;22;5;0;0;9;0;0,846,3141,2914;2846;3000;3141;1726;1812;1793;2159;2103;1938;1973;1585;1198;1249;932;846,2.3,0.0,10540.6,0,0,0,0,0,0.0,0,0,0,0,0,0,0,0,0.0,0,0,0,0,0,0.0,0.0,0.0,0,0,0,41.1,5.16,22.83,0.36,32.79,23.4,63.4,99.98537328687765,21.793977445717584,18.068977924221652,31.35392442288793,0.786783429354003,1819.3389830508474,0.0,0.0,36.342903247698985,0.0,36.5485255271158,14.2,97.1,0.0,0.0,0.0,450.0,10540.6,0.0,0.0,4.041,3.325,7.366,19.177,1.227,6.139,emon,0.632,0.568,252.4,117.4,2.15
2026-09-23 14:15:24.840,15.1,0,52,25;44;52;8;0;28;8;2;0;39;2;2;2;28;3;2,927,3592,3237;2664;3041;3592;1632;1661;1603;2256;1270;1705;1451;1349;1087;2108;927;945,2.3,0.0,10540.6,0,0,0,0,0,0.0,0,0,0,0,0,0,0,0,0.0,0,0,0,0,0,0.0,0.0,0.0,0,0,0,40.1,5.16,22.83,0.36,32.79,23.4,63.4,99.98747860092715,25.475552856316227,19.1279593375792,38.325455790901756,0.47751470034414656,1800.2048192771085,0.0,0.0,31.105775656358126,0.0,30.139745752401538,14.2,97.1,0.0,0.0,0.0,450.0,10541.6,0.0,0.0,4.041,3.325,7.366,19.177,1.227,6.139,emon,0.632,0.568,252.4,117.4,2.15
2026-09-23 14:15:25.840,10.7,0,62,17;62;35;8;0;28;2;0;0;15;0;0;0;5;0;0,995,3437,3206;2694;3052;3437;1756;1943;1692;1551;1230;1734;1807;2004;1049;1125;995;1076,2.2,0.0,10541.6,0,0,0,0,0,0.0,0,0,0,0,0,0,0,0,0.0,0,0,0,0,0,0.0,0.0,0.0,0,0,0,41.1,5.09,23.39,0.36,33.08,23.4,63.4,100.00217067695664,29.227700433431718,14.696043179420654,37.35973868014927,0.38127548071349454,1799.0,0.0,0.0,32.7338909376078,0.0,28.575181560430487,14.2,97.1,0.0,0.0,0.0,450.0,10540.6,0.0,0.0,4.041,3.325,7.366,19.177,1.227,6.139,emon,0.632,0.568,252.4,117.4,2.15
2026-09-23 14:15:26.840,12.6,0,46,32;31;46;16;0;20;8;0;0;32;5;0;0;9;2;0,813,3424,3352;2760;3019;3424;1237;1753;2208;2850;1372;2048;1883;2007;814;1155;860;813,2.4,0.0,10540.6,0,0,0,0,0,0.0,0,0,0,0,0,0,0,0,0.0,0,0,0,0,0,0.0,0.0,0.0,0,0,0,42.1,5.09,23.39,0.36,33.08,23.4,63.4,99.99775829181804,33.19382494604671,13.658201979590462,41.0830681507404,0.2107642927969044,1839.909090909091,0.0,0.0,31.1993088084501,0.0,25.606048081259157,14.2,97.1,0.0,0.0,0.0,450.0,10540.6,0.0,0.0,5.63,7.107,12.736,19.686,1.26,11.476,emon,0.595,0.565,181.9,85.1,2.139
2026-09-23 14:15:27.841,12.0,0,52,9;46;52;11;0;34;2;0;0;24;0;0;0;12;0;2,762,3252,2995;2941;3137;3252;1458;1779;1638;1519;1492;1687;1983;1640;762;1124;1065;981,2.4,0.0,10540.6,0,0,0,0,0,0.0,0,0,0,0,0,0,0,0,0.0,0,0,0,0,0,0.0,0.0,0.0,0,0,0,40.1,5.09,23.39,0.36,33.08,23.4,63.4,100.00286326996267,27.504049833506755,19.975476678103618,39.51113298494522,0.31239173403775244,1835.3013698630136,0.0,0.0,30.603173236030933,0.0,23.70967520416191,14.2,97.2,0.0,0.0,0.0,450.0,10541.6,0.0,0.0,5.63,7.107,12.736,19.686,1.26,11.476,emon,0.595,0.565,181.9,85.1,2.139
2026-09-23 14:15:28.851,11.5,0,57,12;57;49;3;0;22;2;0;0;25;0;0;0;16;0;0,856,3008,3008;2821;2975;2910;1171;1995;1289;1455;1154;1878;2175;1222;856;1221;882;954,2.4,0.0,10540.6,0,0,0,0,0,0.0,0,0,0,0,0,0,0,0,0.0,0,0,0,0,0,0.0,0.0,0.0,0,0,0,42.1,5.09,23.39,0.36,33.08,23.5,63.4,99.99765635293627,24.79233822111218,15.815310774814515,34.024373552274135,0.7056659684028654,1849.0,0.0,0.0,35.629421995505545,0.0,36.72970966879847,14.2,97.2,0.0,0.0,0.0,450.0,10541.6,0.0,0.0,5.63,7.107,12.736,19.686,1.26,11.476,emon,0.595,0.565,181.9,85.1,2.139
2026-09-23 14:15:29.851,13.7,0,52,14;46;52;6;0;19;6;3;0;33;2;0;0;34;5;0,998,3633,3474;3419;3207;3633;1360;1851;1755;1550;1589;2055;1679;1664;1060;1637;1121;998,2.6,0.0,10541.6,0,0,0,0,0,0.0,0,0,0,0,0,0,0,0,0.0,0,0,0,0,0,0.0,0.0,0.0,0,0,0,43.1,5.57,23.83,0.36,34.33,23.4,63.4,99.99966769748264,20.1150842236488,21.460181567877058,32.770391403682645,0.8341697457686273,1829.1587301587301,0.0,0.0,35.2492012813473,0.0,35.522355170238114,14.2,97.2,0.0,0.0,0.0,450.0,10541.6,0.0,0.0,5.63,7.107,12.736,19.686,1.26,11.476,emon,0.595,0.565,181.9,85.1,2.139
2026-09-23 14:15:30.852,12.3,0,58,20;58;41;9;0;26;2;0;0;25;2;0;0;12;2;0,891,3315,3303;2996;3173;3315;1258;2007;1973;1747;3015;2161;1744;1880;892;1279;1008;891,2.5,0.0,10553.2,0,0,0,0,0,0.0,0,0,0,0,0,0,0,0,0.0,0,0,0,0,0,0.0,0.0,0.0,0,0,0,41.1,5.57,23.83,0.36,34.33,23.4,63.4,100.00933147447681,24.77600760159517,17.62724440669582,34.3080248507709,0.825954487728486,1825.923076923077,0.0,0.0,31.097671795054865,0.0,35.65336701070873,14.2,97.0,0.0,0.0,0.0,450.0,10553.2,0.0,0.0,5.63,7.107,12.736,19.686,1.26,11.476,emon,0.595,0.565,181.9,85.1,2.139
2026-09-23 14:15:31.852,11.1,0,56,6;56;47;5;0;28;2;2;0;25;2;0;0;6;0;0,759,3140,3140;3015;2924;3059;1428;1787;1537;1526;1164;1971;1741;1550;953;1016;759;768,2.4,0.0,10553.2,0,0,0,0,0,0.0,0,0,0,0,0,0,0,0,0.0,0,0,0,0,0,0.0,0.0,0.0,0,0,0,43.1,5.57,23.83,0.36,34.33,23.4,63.4,99.99914465006992,29.378343382464536,14.699358535236156,37.926130479080435,0.5420777790865602,1817.6390532544378,0.0,0.0,27.57523921415342,0.0,31.879832655255914,14.2,97.1,0.0,0.0,0.0,450.0,10553.2,0.0,0.0,5.63,7.107,12.736,19.686,1.26,11.476,emon,0.595,0.565,181.9,85.1,2.139
2026-09-23 14:15:32.852,11.9,0,47,16;38;47;6;0;36;3;3;0;25;5;0;0;9;0;2,763,3553,3553;3327;3128;3456;1200;1741;1618;1586;1282;1991;1708;1537;763;1144;907;1050,2.4,0.0,10553.2,0,0,0,0,0,0.0,0,0,0,0,0,0,0,0,0.0,0,0,0,0,0,0.0,0.0,0.0,0,0,0,42.1,5.57,23.83,0.36,34.33,23.4,63.4,100.00353538158328,25.21545642995557,19.086880083694016,36.06509136737779,0.6216443653521669,1800.1627906976744,0.0,0.0,30.052748501065274,0.0,29.08608027696516,14.2,97.1,0.0,0.0,0.0,450.0,10555.9,0.0,0.0,5.63,7.107,12.736,19.686,1.26,11.476,emon,0.595,0.565,181.9,85.1,2.139
2026-09-23 14:15:33.853,11.5,0,60,8;60;43;6;0;33;2;2;0;15;0;0;0;15;2;0,817,3103,3103;3029;3083;3083;1339;2016;1654;2032;1355;2106;2713;1434;817;1095;1005;902,2.3,0.0,10552.2,0,0,0,0,0,0.0,0,0,0,0,0,0,0,0,0.0,0,0,0,0,0,0.0,0.0,0.0,0,0,0,39.1,5.67,23.71,0.36,33.99,23.4,63.4,99.99966553871676,26.459664143390537,19.256638171509927,38.74612191597127,0.22491198766221704,1799.0,0.0,0.0,29.637653010217647,0.0,24.654355741082835,14.2,97.1,0.0,0.0,0.0,450.0,10552.2,0.0,0.0,5.63,7.107,12.736,19.686,1.26,11.476,emon,0.595,0.565,181.9,85.1,2.139
2026-09-23 14:15:34.853,10.7,0,63,9;63;41;2;0;33;0;0;0;21;2;0;0;0;0;0,713,3224,3224;3074;2825;3127;2021;1721;1313;1474;1100;1687;2012;1253;874;1076;841;713,2.3,0.0,10552.2,0,0,0,0,0,0.0,0,0,0,0,0,0,0,0,0.0,0,0,0,0,0,0.0,0.0,0.0,0,0,0,41.1,5.67,23.71,0.36,33.99,23.4,63.4,100.00192224899395,31.34546225502987,14.562203285678121,39.45778799377032,0.17352105147711583,1799.0,0.0,0.0,29.317183722648146,0.0,24.586046041670762,14.2,97.1,0.0,0.0,0.0,450.0,10553.2,0.0,0.0,5.63,7.107,12.736,19.686,1.26,11.476,emon,0.595,0.565,181.9,85.1,2.139
2026-09-23 14:15:35.853,11.0,0,71,11;71;36;6;0;27;3;0;0;18;3;0;0;0;0;0,998,3286,3286;2858;2847;3084;1755;1886;1853;2529;1283;2115;2792;1781;1059;1076;998;1022,2.3,0.0,10553.2,0,0,0,0,0,0.0,0,0,0,0,0,0,0,0,0.0,0,0,0,0,0,0.0,0.0,0.0,0,0,0,41.1,5.67,23.71,0.36,33.99,23.4,63.4,100.0023073545644,34.51659111237862,13.23129509368413,42.2683630392585,0.1513820353134627,1799.0,0.0,0.0,30.738381408105774,0.0,23.657544036408964,14.2,97.1,0.0,0.0,0.0,450.0,10553.2,0.0,0.0,5.63,7.107,12.736,19.686,1.26,11.476,emon,0.595,0.565,181.9,85.1,2.139
2026-09-23 14:15:36.854,12.7,0,61,13;61;44;8;0;29;0;0;0;29;2;2;2;12;2;2,636,3590,3590;3282;2963;3216;1226;1805;1297;2709;1261;1968;1193;1395;812;1122;833;636,2.5,0.0,10552.2,0,0,0,0,0,0.0,0,0,0,0,0,0,0,0,0.0,0,0,0,0,0,0.0,0.0,0.0,0,0,0,40.1,5.67,23.71,0.36,33.99,23.4,63.4,100.00108741991448,25.65867482713715,16.420466040722047,35.78880623539891,0.5973655579686917,1799.0,0.0,0.0,29.55737711584567,0.0,39.17710205630254,14.2,97.1,0.0,0.0,0.0,450.0,10552.2,0.0,0.0,5.63,7.107,12.736,19.686,1.26,11.476,emon,0.595,0.565,181.9,85.1,2.139
2026-09-23 14:15:37.854,13.2,0,66,11;66;42;12;3;31;5;2;0;27;2;0;0;10;0;0,814,3343,3343;3139;3080;3221;2064;1824;1679;2940;1554;1992;2381;2738;814;1044;838;878,2.2,0.0,10552.2,0,0,0,0,0,0.0,0,0,0,0,0,0,0,0,0.0,0,0,0,0,0,0.0,0.0,0.0,0,0,0,42.1,5.35,23.05,0.36,33.26,23.4,63.4,100.03544839917312,24.617855222220633,16.890779752918725,34.512710256607775,0.5793231381769353,1802.4934497816594,0.0,0.0,32.589245125167395,0.0,38.412188550200234,14.2,97.1,0.0,0.0,0.0,450.0,10552.2,0.0,0.0,5.63,7.107,12.736,19.686,1.26,11.476,emon,0.595,0.565,181.9,85.1,2.139
2026-09-23 14:15:38.854,12.8,0,50,30;47;50;5;0;13;15;2;0;19;20;2;0;3;0;0,777,3789,3743;3506;3351;3789;1688;1928;2085;1413;1288;2303;2117;1544;777;1012;968;912,2.6,0.0,10552.2,0,0,0,0,0,0.0,0,0,0,0,0,0,0,0,0.0,0,0,0,0,0,0.0,0.0,0.0,0,0,0,40.1,5.35,23.05,0.36,33.26,23.4,63.4,97.58002113881318,16.072468074662208,22.875767347605333,28.63259048099103,3.598032686053573,1801.608695652174,0.0,0.0,31.604750845322144,0.0,36.60465324298596,14.2,96.7,0.0,0.0,0.0,450.0,10553.1,0.0,0.0,11.004,4.304,15.308,18.721,1.198,14.11,emon,0.619,0.618,88.0,41.1,2.14
2026-09-23 14:15:39.855,12.4,0,54,54;25;46;6;0;0;25;5;0;0;31;2;0;0;6;0,672,4084,4064;4084;3382;3819;1866;1767;2119;1829;3201;2096;2345;2419;672;753;1055;823,100.0,0.0,10553.2,0,0,0,0,0,0.0,0,0,0,0,0,0,0,0,0.0,0,0,0,0,0,0.0,0.0,0.0,0,0,0,40.1,5.35,23.05,0.36,33.26,23.4,63.4,95.79710990047911,12.799415012652224,28.7148934642664,29.700872489995362,13.461435149241078,1799.0,0.0,0.0,33.372750482163234,0.0,28.18708559156966,14.0,95.6,0.0,0.0,0.0,450.0,10553.2,0.0,0.0,11.004,4.304,15.308,18.721,1.198,14.11,emon,0.619,0.618,88.0,41.1,2.14
2026-09-23 14:15:40.855,14.4,0,59,54;31;59;10;3;0;28;2;2;0;31;3;0;0;8;0,818,4037,3939;4037;3720;3903;1291;1173;2457;2280;1932;1550;2317;1846;818;826;937;829,100.0,0.0,10554.2,0,0,0,0,0,0.0,0,0,0,0,0,0,0,0,0.0,0,0,0,0,0,0.0,0.0,0.0,0,0,0,40.1,5.35,23.05,0.36,33.26,23.4,63.4,94.35300533784265,13.385652467379357,28.93792901064623,31.600221375252474,13.867972610911783,1799.0,0.0,0.0,32.490207039019005,0.0,22.350270620382883,14.0,95.8,0.0,0.0,0.0,450.0,10554.2,0.0,0.0,11.004,4.304,15.308,18.721,1.198,14.11,emon,0.619,0.618,88.0,41.1,2.14
2026-09-23 14:15:41.856,11.5,0,72,72;9;30;3;0;0;33;5;0;0;23;2;0;0;8;0,603,4055,4055;4040;3397;4010;2039;1959;2432;2134;2315;3172;2375;1731;603;745;992;648,100.0,0.0,10553.2,0,0,0,0,0,0.0,0,0,0,0,0,0,0,0,0.0,0,0,0,0,0,0.0,0.0,0.0,0,0,0,41.1,8.72,14.91,0.39,32.65,23.4,63.4,95.43827686623229,12.583792685789051,28.200084132767618,29.762567596816123,13.267701396653582,1799.0,0.0,0.0,32.24977212292995,0.0,30.616259573890257,14.0,95.5,0.0,0.0,0.0,450.0,10553.2,0.0,0.0,11.004,4.304,15.308,18.721,1.198,14.11,emon,0.619,0.618,88.0,41.1,2.14
2026-09-23 14:15:42.869,14.3,0,59,59;17;48;5;0;3;42;6;0;0;34;0;0;0;15;0,860,3954,3954;3936;3376;3873;2511;1831;2510;1801;1865;1335;2437;1825;907;860;1034;862,99.1,0.0,10565.8,0,0,0,0,0,0.0,0,0,0,0,0,0,0,0,0.0,0,0,0,0,0,0.0,0.0,0.0,0,0,0,40.1,8.72,14.91,0.39,32.65,23.6,63.4,96.30144672457166,11.644289663723637,28.27635029463277,29.42934941012796,13.033573219846575,1799.0,0.0,0.0,30.82454237435245,0.0,37.39104951486784,14.0,95.5,0.0,0.0,0.0,450.0,10565.8,0.0,0.0,11.004,4.304,15.308,18.721,1.198,14.11,emon,0.619,0.618,88.0,41.1,2.14
2026-09-23 14:15:43.869,12.4,0,66,66;14;45;8;0;0;33;2;0;0;20;0;0;0;11;0,774,4033,4016;4033;3341;3748;2419;2111;2175;1755;1992;1679;2160;1458;774;778;987;814,99.1,0.0,10565.8,0,0,0,0,0,0.0,0,0,0,0,0,0,0,0,0.0,0,0,0,0,0,0.0,0.0,0.0,0,0,0,40.1,8.72,14.91,0.39,32.65,23.5,63.4,95.33985861587524,11.593797936037182,28.140526222229003,29.428474888563155,12.075234824915649,1799.0,0.0,0.0,29.470136065462604,0.0,34.60630797064135,14.0,95.8,0.0,0.0,0.0,450.0,10565.8,0.0,0.0,11.004,4.304,15.308,18.721,1.198,14.11,emon,0.619,0.618,88.0,41.1,2.14
2026-09-23 14:15:44.870,11.2,0,56,56;12;33;5;2;0;30;6;0;0;33;0;0;0;3;0,739,3948,3948;3879;3293;3665;2571;1466;2435;2317;1561;1954;2551;1853;739;1032;990;820,100.0,0.0,10565.8,0,0,0,0,0,0.0,0,0,0,0,0,0,0,0,0.0,0,0,0,0,0,0.0,0.0,0.0,0,0,0,40.1,8.72,14.91,0.39,32.65,23.5,63.4,94.08697328483481,12.13462706053289,28.76014221659841,29.80545639666618,13.3197212265189,1799.0,0.0,0.0,32.47505088063728,0.0,29.793909795581783,14.0,95.7,0.0,0.0,0.0,450.0,10561.8,0.0,0.0,11.004,4.304,15.308,18.721,1.198,14.11,emon,0.619,0.618,88.0,41.1,2.14
2026-09-23 14:15:45.870,16.1,0,53,53;38;38;14;6;6;25;12;6;6;30;9;0;0;9;5,925,4058,4028;4058;3422;3963;3205;3006;2475;2382;3036;3185;2443;2991;925;1062;1296;1894,98.8,0.0,10561.7,0,0,0,0,0,0.0,0,0,0,0,0,0,0,0,0.0,0,0,0,0,0,0.0,0.0,0.0,0,0,0,42.1,9.25,12.5,0.4,32.26,23.4,63.4,95.28030814992667,12.524246038705934,28.921351914032265,30.006771176641436,12.833485981222019,1799.0,0.0,0.0,30.776254434155703,0.0,27.277481075313002,14.0,95.2,0.0,0.0,0.0,450.0,10561.7,0.0,0.0,11.004,4.304,15.308,18.721,1.198,14.11,emon,0.619,0.618,88.0,41.1,2.14
2026-09-23 14:15:46.871,12.3,0,56,56;23;43;3;0;0;25;2;0;0;38;2;0;0;5;0,761,3980,3932;3980;3370;3868;1855;1946;2163;1811;1802;2906;2528;1913;761;1012;1145;858,100.0,0.0,10561.6,0,0,0,0,0,0.0,0,0,0,0,0,0,0,0,0.0,0,0,0,0,0,0.0,0.0,0.0,0,0,0,41.1,9.25,12.5,0.4,32.26,23.4,63.4,94.392038970499,12.59386169655873,28.333349846475134,30.483467732268615,13.140078733284627,1799.0,0.0,0.0,30.793410791348116,0.0,25.307073553692558,14.1,96.0,0.0,0.0,0.0,450.0,10561.6,0.0,0.0,11.004,4.304,15.308,18.721,1.198,14.11,emon,0.619,0.618,88.0,41.1,2.14
2026-09-23 14:15:47.871,13.1,0,53,53;23;52;11;2;2;20;5;2;0;25;0;0;0;14;2,823,4114,4041;4114;3466;4003;1896;1869;2284;1656;1847;1793;2338;2174;826;823;1018;894,97.3,0.0,10554.1,0,0,0,0,0,0.0,0,0,0,0,0,0,0,0,0.0,0,0,0,0,0,0.0,0.0,0.0,0,0,0,41.1,9.25,12.5,0.4,32.26,23.4,63.4,93.43867028030482,13.886155613444068,29.28336811065674,31.936223566532135,13.878300706178628,1799.0,0.0,0.0,32.207495827087605,0.0,21.46025524491448,14.0,95.2,0.0,0.0,0.0,450.0,10554.1,0.0,0.0,11.004,4.304,15.308,18.721,1.198,14.11,emon,0.619,0.618,88.0,41.1,2.14
2026-09-23 14:15:48.872,13.7,0,55,55;26;55;6;0;0;27;0;0;0;39;2;0;0;9;0,837,4129,4020;4129;3454;3932;2348;2201;2326;2132;2335;1661;2454;1836;837;838;1009;954,97.5,0.0,10473.6,0,0,0,0,0,0.0,0,0,0,0,0,0,0,0,0.0,0,0,0,0,0,0.0,0.0,0.0,0,0,0,41.1,9.25,12.5,0.4,32.26,22.7,63.4,94.27729292349382,13.925027538429607,29.102806763215497,31.925246422941033,13.703805496746844,1799.0,0.0,0.0,31.658472185053554,0.0,21.965044067529313,14.0,95.7,0.0,0.0,0.0,450.0,9726.9,0.0,0.0,11.004,4.304,15.308,18.721,1.198,14.11,emon,0.619,0.618,88.0,41.1,2.14
2026-09-23 14:15:49.873,11.9,0,64,64;16;37;6;0;0;30;2;0;0;28;0;0;0;6;2,723,4104,4008;4104;3332;3721;2694;3158;2297;2484;2570;2019;2012;1716;723;892;1154;1079,96.1,0.0,9510.4,0,0,0,0,0,0.0,0,0,0,0,0,0,0,0,0.0,0,0,0,0,0,0.0,0.0,0.0,0,0,0,41.1,9.85,12.38,0.4,32.73,22.7,63.4,95.82700456712479,11.728110218256068,29.16624636802458,30.04605044312495,13.809781269499458,1799.0,0.0,0.0,33.352101766963,0.0,35.57874992086209,14.0,95.5,0.0,0.0,0.0,450.0,9510.4,0.0,0.0,106.683,0.865,107.548,26.688,1.708,105.84,emon,0.595,0.336,145.8,68.3,2.134
2026-09-23 14:15:50.873,13.5,0,72,72;19;46;9;2;0;22;11;0;0;19;8;0;0;8;0,857,4055,4055;3934;3431;3993;3153;3056;2493;2291;2619;2935;2062;2513;857;894;1333;918,89.1,0.0,9510.4,0,0,0,0,0,0.0,0,0,0,0,0,0,0,0,0.0,0,0,0,0,0,0.0,0.0,0.0,0,0,0,41.1,9.85,12.38,0.4,32.73,22.7,63.4,96.19542683950111,11.791083021833103,28.95700463118838,29.838055138601295,13.65074519774661,1799.0,0.0,0.0,31.247451223287065,0.0,36.37735479802609,13.9,95.1,0.0,0.0,0.0,450.0,9510.4,0.0,0.0,106.683,0.865,107.548,26.688,1.708,105.84,emon,0.595,0.336,145.8,68.3,2.134
2026-09-23 14:15:51.873,15.2,0,63,63;16;54;8;2;0;38;6;0;0;27;5;0;0;25;0,1038,3993,3993;3917;3452;3931;2813;2098;2738;2205;2809;1458;2387;2262;1038;1085;1990;1078,99.4,0.0,9511.4,0,0,0,0,0,0.0,0,0,0,0,0,0,0,0,0.0,0,0,0,0,0,0.0,0.0,0.0,0,0,0,42.1,9.85,12.38,0.4,32.73,22.5,63.4,94.9950994275651,12.33101337316077,27.82325179941671,29.787371452489236,13.323343585052019,1799.0,0.0,0.0,31.47084496602447,0.0,29.625726472411394,14.1,95.9,0.0,0.0,0.0,450.0,9511.4,0.0,0.0,106.683,0.865,107.548,26.688,1.708,105.84,emon,0.595,0.336,145.8,68.3,2.134
2026-09-23 14:15:52.874,12.8,0,55,55;14;45;9;0;0;38;0;0;0;31;0;0;0;12;0,792,4065,4065;3830;3463;3885;2908;3116;2461;1719;1571;2037;2126;1921;813;792;976;859,100.0,0.0,9510.4,0,0,0,0,0,0.0,0,0,0,0,0,0,0,0,0.0,0,0,0,0,0,0.0,0.0,0.0,0,0,0,40.1,9.85,12.38,0.4,32.73,22.5,63.4,95.2649598074664,12.937015815119585,28.18470863638253,30.309880070645235,12.841767750003747,1799.0,0.0,0.0,31.892413531487414,0.0,26.036004217372724,14.0,95.6,0.0,0.0,0.0,450.0,9510.4,0.0,0.0,106.683,0.865,107.548,26.688,1.708,105.84,emon,0.595,0.336,145.8,68.3,2.134
2026-09-23 14:15:53.874,11.3,0,66,66;16;42;11;0;0;12;0;0;0;23;0;0;0;10;0,608,3948,3922;3948;3248;3877;1945;2959;2153;2170;2151;2159;2374;1808;608;630;1012;795,100.0,0.0,9510.4,0,0,0,0,0,0.0,0,0,0,0,0,0,0,0,0.0,0,0,0,0,0,0.0,0.0,0.0,0,0,0,40.1,9.44,12.27,0.4,32.16,22.5,63.4,94.65973847284229,12.864060975901713,28.32225417325256,30.291346546911864,13.498021896064245,1799.0,0.0,0.0,30.656632566555412,0.0,29.364906862010354,14.0,95.6,0.0,0.0,0.0,450.0,9510.5,0.0,0.0,106.683,0.865,107.548,26.688,1.708,105.84,emon,0.595,0.336,145.8,68.3,2.134
2026-09-23 14:15:54.874,11.2,0,55,55;19;42;5;0;0;22;5;0;0;28;0;0;0;3;0,724,4009,4009;4006;3361;3726;2568;1956;2130;1715;2357;2090;2650;2251;1045;724;1006;865,99.5,0.0,9510.5,0,0,0,0,0,0.0,0,0,0,0,0,0,0,0,0.0,0,0,0,0,0,0.0,0.0,0.0,0,0,0,39.1,9.44,12.27,0.4,32.16,22.4,63.4,93.95382395471846,12.603317807224535,27.002119308426266,29.28424795638947,12.004303008859,1799.0,0.0,0.0,29.414401888784155,0.0,27.074984515031904,14.0,95.3,0.0,0.0,0.0,450.0,9510.5,0.0,0.0,106.683,0.865,107.548,26.688,1.708,105.84,emon,0.595,0.336,145.8,68.3,2.134
2026-09-23 14:15:55.874,11.3,0,56,56;28;30;3;0;0;23;0;0;0;33;0;0;0;8;0,874,4048,4048;3911;3451;3953;1748;1574;2250;2140;2609;3097;2355;1789;895;874;1017;970,97.6,0.0,9513.1,0,0,0,0,0,0.0,0,0,0,0,0,0,0,0,0.0,0,0,0,0,0,0.0,0.0,0.0,0,0,0,40.1,9.44,12.27,0.4,32.16,22.4,63.4,97.31419487125409,11.216196484990931,27.27182765629622,28.38488413045558,11.953473859056277,1799.0,0.0,0.0,30.634368336628878,0.0,39.23433002738531,14.0,95.5,0.0,0.0,0.0,450.0,9510.5,0.0,0.0,106.683,0.865,107.548,26.688,1.708,105.84,emon,0.595,0.336,145.8,68.3,2.134
2026-09-23 14:15:56.875,13.2,0,52,52;20;42;6;2;0;34;10;0;0;28;2;0;0;15;0,613,4058,3950;4058;3465;3883;3142;1876;2202;2463;2517;1470;2310;2334;714;613;945;871,97.6,0.0,9510.4,0,0,0,0,0,0.0,0,0,0,0,0,0,0,0,0.0,0,0,0,0,0,0.0,0.0,0.0,0,0,0,40.1,9.44,12.27,0.4,32.16,22.4,63.4,96.37400389043137,11.190046485278234,27.820764533844823,28.134145598572523,12.187250953905107,1799.0,0.0,0.0,31.306827995925346,0.0,37.7465324483417,14.0,95.3,0.0,0.0,0.0,450.0,9510.4,0.0,0.0,106.683,0.865,107.548,26.688,1.708,105.84,emon,0.595,0.336,145.8,68.3,2.134
2026-09-23 14:15:57.876,14.8,0,57,43;38;57;5;5;2;26;3;0;2;30;8;0;2;17;2,853,4015,4003;4015;3441;3844;1706;1322;2308;1965;2771;1237;2334;2006;1195;961;1116;853,100.0,0.0,9510.5,0,0,0,0,0,0.0,0,0,0,0,0,0,0,0,0.0,0,0,0,0,0,0.0,0.0,0.0,0,0,0,41.1,9.24,12.32,0.4,31.96,22.4,63.4,93.74808603922526,12.788129136374309,28.893702304930915,31.057860610314776,13.736703015828416,1799.0,0.0,0.0,30.338104149036198,0.0,27.681165984701515,13.9,95.2,0.0,0.0,0.0,450.0,9510.5,0.0,0.0,106.683,0.865,107.548,26.688,1.708,105.84,emon,0.595,0.336,145.8,68.3,2.134
2026-09-23 14:15:58.876,12.2,0,58,58;14;44;6;0;0;33;2;0;0;27;0;0;0;11;0,795,4060,3982;4060;3417;3944;2537;872;2418;1874;1996;2388;2179;1873;812;795;1013;941,100.0,0.0,9510.5,0,0,0,0,0,0.0,0,0,0,0,0,0,0,0,0.0,0,0,0,0,0,0.0,0.0,0.0,0,0,0,40.1,9.24,12.32,0.4,31.96,22.4,63.4,94.42192890541405,12.65348694505004,28.085571741302047,30.05061452998,13.098686938472627,1799.0,0.0,0.0,32.51349689051037,0.0,26.72282476665613,14.0,95.6,0.0,0.0,0.0,450.0,9510.5,0.0,0.0,106.683,0.865,107.548,26.688,1.708,105.84,emon,0.595,0.336,145.8,68.3,2.134
2026-09-23 14:15:59.877,19.2,3,63,63;27;53;19;13;5;40;12;6;5;25;12;3;6;14;3,1257,3985,3985;3932;3513;3976;2972;3251;2937;2818;3018;3335;2482;2978;1984;1690;1257;1584,100.0,0.0,9510.5,0,0,0,0,0,0.0,0,0,0,0,0,0,0,0,0.0,0,0,0,0,0,0.0,0.0,0.0,0,0,0,41.1,9.24,12.32,0.4,31.96,22.4,63.4,94.15987965193662,13.891471629792994,29.821020180528816,32.58930543336001,14.415127399292858,1799.0,0.0,0.0,32.22407902759733,0.0,21.410418390522615,14.0,95.3,0.0,0.0,0.0,450.0,9510.5,0.0,0.0,106.683,0.865,107.548,26.688,1.708,105.84,emon,0.595,0.336,145.8,68.3,2.134
2026-09-23 14:16:00.877,13.8,0,58,58;19;53;11;0;0;31;5;0;0;22;2;0;0;20;0,725,3960,3926;3960;3481;3937;1924;1854;2639;1987;1618;1792;2329;1780;855;725;991;942,93.3,0.0,9510.5,0,0,0,0,0,0.0,0,0,0,0,0,0,0,0,0.0,0,0,0,0,0,0.0,0.0,0.0,0,0,0,40.1,9.24,12.32,0.4,31.96,22.4,63.4,94.60659038249533,13.122855576023978,28.918971313172904,30.91617879078756,13.754849004804791,1799.0,0.0,0.0,32.67424070236009,0.0,27.295102460075267,14.0,95.3,0.0,0.0,0.0,450.0,9510.5,0.0,0.0,106.683,0.865,107.548,26.688,1.708,105.84,emon,0.595,0.336,145.8,68.3,2.134
2026-09-23 14:16:01.877,13.3,0,58,58;19;55;3;2;0;28;6;0;0;25;2;0;0;14;0,677,3940,3895;3931;3449;3940;1666;1137;2606;2285;1234;1218;2183;1822;677;958;1027;775,99.6,0.0,9510.5,0,0,0,0,0,0.0,0,0,0,0,0,0,0,0,0.0,0,0,0,0,0,0.0,0.0,0.0,0,0,0,41.1,9.24,12.32,0.4,31.96,22.4,63.4,96.80302878564277,12.072772925344024,28.49790984465752,30.03288474734183,12.889825878189608,1799.0,0.0,0.0,30.04823544485027,0.0,34.73901407282465,14.0,95.7,0.0,0.0,0.0,450.0,9510.5,0.0,0.0,107.06,1.42,108.481,27.036,1.73,106.751,emon,0.594,0.363,144.6,67.1,2.157
2026-09-23 14:16:02.878,11.6,0,54,54;19;33;9;0;0;30;0;2;0;27;3;0;0;10;0,698,4017,3961;3946;3410;4017;2495;2044;2408;2226;1716;3054;2444;2565;698;868;956;815,99.6,0.0,9510.5,0,0,0,0,0,0.0,0,0,0,0,0,0,0,0,0.0,0,0,0,0,0,0.0,0.0,0.0,0,0,0,39.1,9.24,12.32,0.4,31.96,22.4,63.4,95.59686227762413,11.791255635641438,29.51845350462137,29.694889154477217,14.732190856418038,1799.0,0.0,0.0,34.983025708214996,0.0,37.93994998947923,14.0,95.6,0.0,0.0,0.0,450.0,9510.5,0.0,0.0,107.06,1.42,108.481,27.036,1.73,106.751,emon,0.594,0.363,144.6,67.1,2.157
2026-09-23 14:16:03.878,11.6,0,57,57;17;28;9;0;0;23;3;0;0;30;2;2;0;14;2,784,4064,3986;4064;3282;3769;1460;1976;2046;1975;2491;2121;2581;2299;797;784;1067;997,91.4,0.0,9510.5,0,0,0,0,0,0.0,0,0,0,0,0,0,0,0,0.0,0,0,0,0,0,0.0,0.0,0.0,0,0,0,40.1,9.24,12.32,0.4,31.96,22.4,63.4,96.08187543167898,11.984508597171104,28.379804965093907,29.035985957139093,13.266331993904805,1799.0,0.0,0.0,32.32472178574261,0.0,33.46741112994568,14.1,95.9,0.0,0.0,0.0,450.0,9510.5,0.0,0.0,107.06,1.42,108.481,27.036,1.73,106.751,emon,0.594,0.363,144.6,67.1,2.157
2026-09-23 14:16:04.879,14.3,0,67,67;25;45;11;2;0;15;3;2;0;36;0;4;0;17;2,725,4163,4019;4163;3558;3983;2576;1832;2053;1817;3307;2000;2674;2956;725;872;959;883,100.0,0.0,9510.5,0,0,0,0,0,0.0,0,0,0,0,0,0,0,0,0.0,0,0,0,0,0,0.0,0.0,0.0,0,0,0,41.1,9.24,12.32,0.4,31.96,22.4,63.4,94.19902192736134,13.113947488222886,28.71998173056297,30.84136670480654,13.05971956562287,1799.0,0.0,0.0,31.422789631005674,0.0,25.65335798145863,14.0,95.3,0.0,0.0,0.0,450.0,9510.5,0.0,0.0,107.06,1.42,108.481,27.036,1.73,106.751,emon,0.594,0.363,144.6,67.1,2.157
2026-09-23 14:16:05.879,13.5,0,49,49;35;49;5;0;0;28;3;0;0;27;3;0;0;17;0,887,4047,3874;3920;3566;4047;2138;1241;2198;1877;2180;1331;2528;1539;969;887;1126;1008,99.6,0.0,9510.5,0,0,0,0,0,0.0,0,0,0,0,0,0,0,0,0.0,0,0,0,0,0,0.0,0.0,0.0,0,0,0,40.1,0.0,0.0,0.0,0.0,22.4,63.4,95.06741652064298,13.143622111504822,28.481981750409464,30.681615518183413,13.126214058070167,1799.0,0.0,0.0,31.805006477388147,0.0,23.962362921625207,14.0,95.8,0.0,0.0,0.0,450.0,9510.5,0.0,0.0,107.06,1.42,108.481,27.036,1.73,106.751,emon,0.594,0.363,144.6,67.1,2.157
2026-09-23 14:16:06.880,12.4,0,70,70;14;47;5;0;0;25;4;0;0;23;5;0;0;6;0,840,4039,3982;4039;3466;3980;2146;3004;2410;2200;2683;1329;2382;2041;892;840;1233;860,100.0,0.0,9510.5,0,0,0,0,0,0.0,0,0,0,0,0,0,0,0,0.0,0,0,0,0,0,0.0,0.0,0.0,0,0,0,40.1,0.0,0.0,0.0,0.0,22.4,63.4,93.27890806088503,14.216865024347415,29.482462850110284,32.61175940502649,14.657652622752492,1799.0,0.0,0.0,33.16219424989995,0.0,20.481067651098638,14.0,95.5,0.0,0.0,0.0,450.0,9510.5,0.0,0.0,107.06,1.42,108.481,27.036,1.73,106.751,emon,0.594,0.363,144.6,67.1,2.157
2026-09-23 14:16:07.881,12.9,0,69,69;14;36;9;0;0;40;3;0;0;27;0;0;0;8;0,829,3944,3891;3860;3444;3944;2408;1623;2399;1932;1874;2720;2317;1921;836;829;1026;975,97.3,0.0,9510.5,0,0,0,0,0,0.0,0,0,0,0,0,0,0,0,0.0,0,0,0,0,0,0.0,0.0,0.0,0,0,0,40.1,0.0,0.0,0.0,0.0,22.4,63.4,96.59215142550292,11.275491982425368,29.297360450397303,29.224543063636915,12.747623046459113,1799.0,0.0,0.0,32.64683631763946,0.0,39.118004824409866,14.0,95.4,0.0,0.0,0.0,450.0,9510.5,0.0,0.0,107.06,1.42,108.481,27.036,1.73,106.751,emon,0.594,0.363,144.6,67.1,2.157
2026-09-23 14:16:08.881,12.3,0,45,41;37;45;5;2;0;19;16;0;0;11;14;0;0;2;6,804,4014,4005;4014;3312;3800;2741;2698;2321;2536;2284;2188;2506;2006;804;848;1128;1078,99.2,0.0,9510.5,0,0,0,0,0,0.0,0,0,0,0,0,0,0,0,0.0,0,0,0,0,0,0.0,0.0,0.0,0,0,0,41.1,0.0,0.0,0.0,0.0,22.4,63.4,96.50799129832875,11.688488444333727,27.746395587921143,28.54141799309037,13.386624288763851,1799.0,0.0,0.0,32.60998496312648,0.0,37.61897905303205,14.0,95.6,0.0,0.0,0.0,450.0,9523.2,0.0,0.0,107.06,1.42,108.481,27.036,1.73,106.751,emon,0.594,0.363,144.6,67.1,2.157
2026-09-23 14:16:09.882,12.4,0,59,22;59;45;6;0;0;0;30;0;0;0;30;0;0;0;6,749,3983,3983;3799;3340;3684;2472;2960;2608;2520;2012;1889;2544;2339;1187;841;749;1189,100.0,0.0,9523.0,0,0,0,0,0,0.0,0,0,0,0,0,0,0,0,0.0,0,0,0,0,0,0.0,0.0,0.0,0,0,0,40.1,9.45,12.49,0.4,32.43,22.4,63.4,94.21138608712022,13.306524034529444,28.78781835238139,31.246580928884526,12.980600309878668,1799.0,0.0,0.0,29.385077715000158,0.0,27.599001107865103,14.0,95.5,0.0,0.0,0.0,450.0,9523.0,0.0,0.0,107.06,1.42,108.481,27.036,1.73,106.751,emon,0.594,0.363,144.6,67.1,2.157
2026-09-23 14:16:10.882,11.6,0,56,18;56;25;3;2;0;0;42;5;0;0;24;3;2;0;6,740,4024,3965;4024;3429;3749;1897;1430;1949;2475;2203;1689;3124;2269;740;974;797;988,100.0,0.0,9524.0,0,0,0,0,0,0.0,0,0,0,0,0,0,0,0,0.0,0,0,0,0,0,0.0,0.0,0.0,0,0,0,42.1,9.45,12.49,0.4,32.43,22.4,63.4,95.39496994146052,13.2767570129194,28.65237027119825,31.242676429815322,13.37849774181763,1799.0,0.0,0.0,30.873774798143714,0.0,24.534972744229385,14.0,95.8,0.0,0.0,0.0,450.0,9524.0,0.0,0.0,107.06,1.42,108.481,27.036,1.73,106.751,emon,0.594,0.363,144.6,67.1,2.157
2026-09-23 14:16:11.883,11.1,0,66,10;66;31;5;0;0;0;31;2;0;0;27;0;0;0;8,831,4133,4133;4006;3325;3821;2149;1332;1447;2309;2114;2070;2888;2272;870;893;831;936,100.0,0.0,9524.0,0,0,0,0,0,0.0,0,0,0,0,0,0,0,0,0.0,0,0,0,0,0,0.0,0.0,0.0,0,0,0,41.1,9.45,12.49,0.4,32.43,22.4,63.4,93.70294537723706,13.44790298843685,28.209592022903024,31.02061858000384,13.239366885830439,1799.0,0.0,0.0,31.54295089579768,0.0,24.059657253456617,14.0,95.5,0.0,0.0,0.0,450.0,9519.0,0.0,0.0,107.06,1.42,108.481,27.036,1.73,106.751,emon,0.594,0.363,144.6,67.1,2.157
2026-09-23 14:16:12.883,13.3,0,66,25;66;46;5;0;0;0;24;5;0;0;22;3;2;2;15,759,4119,4119;4045;3297;3856;2099;1678;1646;2111;2174;2100;2556;2418;778;759;1011;1147,100.0,0.0,9519.0,0,0,0,0,0,0.0,0,0,0,0,0,0,0,0,0.0,0,0,0,0,0,0.0,0.0,0.0,0,0,0,41.1,9.45,12.49,0.4,32.43,22.4,63.4,94.14804861068725,12.235213848021296,27.020266149308945,28.969659078386094,12.30158137416674,1799.0,0.0,0.0,29.246018220955932,0.0,28.403608599784526,14.0,95.4,0.0,0.0,0.0,450.0,9519.0,0.0,0.0,107.06,1.42,108.481,27.036,1.73,106.751,emon,0.594,0.363,144.6,67.1,2.157
2026-09-23 14:16:13.893,12.1,0,60,8;60;40;9;3;0;0;26;8;2;0;30;0;0;0;8,898,4094,4094;4058;3399;3884;2130;2241;1461;2099;2047;2198;1807;2424;945;898;907;982,100.0,0.0,9519.0,0,0,0,0,0,0.0,0,0,0,0,0,0,0,0,0.0,0,0,0,0,0,0.0,0.0,0.0,0,0,0,41.1,9.34,12.41,0.4,32.2,22.5,63.4,96.83057280217321,12.375558864648553,29.157591811881577,30.69553473077653,13.115725092804405,1799.0,0.0,0.0,30.045261925859915,0.0,34.940756460686984,14.1,96.1,0.0,0.0,0.0,450.0,9511.5,0.0,0.0,106.76,1.157,107.917,25.12,1.608,106.309,emon,0.598,0.328,145.6,68.1,2.138
2026-09-23 14:16:14.893,12.2,0,73,12;73;44;3;0;0;0;23;3;0;0;28;0;0;0;8,720,4222,4222;4062;3369;3864;2165;2601;1764;2100;2345;2211;2852;2254;936;720;729;973,99.5,0.0,9510.5,0,0,0,0,0,0.0,0,0,0,0,0,0,0,0,0.0,0,0,0,0,0,0.0,0.0,0.0,0,0,0,41.1,9.34,12.41,0.4,32.2,22.4,63.4,95.88445976387865,11.824920947196054,27.874618819911216,29.21203375786203,11.797944858293766,1799.0,0.0,0.0,31.092404062967276,0.0,33.7422601292746,14.0,95.8,0.0,0.0,0.0,450.0,9511.5,0.0,0.0,106.76,1.157,107.917,25.12,1.608,106.309,emon,0.598,0.328,145.6,68.1,2.138
2026-09-23 14:16:15.893,13.7,0,61,20;61;38;12;2;0;0;31;5;2;2;27;0;0;0;19,661,3966,3966;3941;3424;3930;2369;1275;1305;2328;1997;1913;2427;2483;879;661;877;947,100.0,0.0,9511.5,0,0,0,0,0,0.0,0,0,0,0,0,0,0,0,0.0,0,0,0,0,0,0.0,0.0,0.0,0,0,0,40.1,9.34,12.41,0.4,32.2,22.4,63.4,94.86862517361665,13.192089250142775,28.45870097558103,30.891113840754908,13.441458489615984,1799.0,0.0,0.0,30.9915556968962,0.0,27.633208508536583,14.0,95.8,0.0,0.0,0.0,450.0,9511.5,0.0,0.0,106.76,1.157,107.917,25.12,1.608,106.309,emon,0.598,0.328,145.6,68.1,2.138
2026-09-23 14:16:16.894,12.5,0,52,23;52;52;9;0;0;0;35;2;0;0;23;0;0;0;3,872,4041,4041;4031;3329;3860;2892;1940;1884;2260;2073;2690;2407;2353;898;882;872;954,100.0,0.0,9511.5,0,0,0,0,0,0.0,0,0,0,0,0,0,0,0,0.0,0,0,0,0,0,0.0,0.0,0.0,0,0,0,40.1,9.56,12.38,0.4,32.37,22.4,63.4,94.78279759803256,12.729789730755316,28.002233926800713,30.198357351016305,12.663058803488775,1799.0,0.0,0.0,29.357266272814687,0.0,26.562239051950872,14.0,95.5,0.0,0.0,0.0,450.0,9511.5,0.0,0.0,106.76,1.157,107.917,25.12,1.608,106.309,emon,0.598,0.328,145.6,68.1,2.138
2026-09-23 14:16:17.894,12.3,0,58,27;58;38;8;2;0;0;34;6;0;0;17;0;0;0;8,705,4067,4067;3960;3461;3913;2097;2979;2622;2245;2147;2931;2004;2338;870;881;705;996,100.0,0.0,9510.5,0,0,0,0,0,0.0,0,0,0,0,0,0,0,0,0.0,0,0,0,0,0,0.0,0.0,0.0,0,0,0,40.1,9.56,12.38,0.4,32.37,22.4,63.4,94.18077672593137,12.658381892051151,28.53777799454141,30.186266059650386,13.737229335541896,1799.0,0.0,0.0,33.48280393851604,0.0,31.085177701898733,13.9,95.1,0.0,0.0,0.0,450.0,9510.5,0.0,0.0,106.76,1.157,107.917,25.12,1.608,106.309,emon,0.598,0.328,145.6,68.1,2.138
2026-09-23 14:16:18.894,8.5,0,40,17;32;40;5;2;0;0;20;0;0;0;16;0;0;0;5,970,3935,3935;3851;3577;3832;1988;1364;1716;2257;2211;2900;1293;2208;1356;970;1270;1202,98.7,0.0,9510.5,0,0,0,0,0,0.0,0,0,0,0,0,0,0,0,0.0,0,0,0,0,0,0.0,0.0,0.0,0,0,0,39.1,9.56,12.38,0.4,32.37,22.4,63.4,83.22176190586977,13.49391211280527,28.29746076302935,30.796216136725374,9.950552382993186,1759.8527131782946,0.0,0.0,22.75326235938904,0.0,30.53649887097855,10.1,68.0,0.0,0.0,0.0,450.0,9510.5,0.0,0.0,106.76,1.157,107.917,25.12,1.608,106.309,emon,0.598,0.328,145.6,68.1,2.138
2026-09-23 14:16:19.895,8.1,0,41,9;23;41;9;2;2;0;12;5;2;0;15;5;2;0;3,1044,4412,4073;3074;3969;4412;2713;3247;2228;1897;2597;3174;2629;1633;2373;1044;1046;1712,4.4,0.0,9510.5,0,0,0,0,0,0.0,0,0,0,0,0,0,0,0,0.0,0,0,0,0,0,0.0,0.0,0.0,0,0,0,37.1,9.56,12.38,0.4,32.37,22.4,63.4,71.6184381434792,12.4862839440374,26.70238537537424,28.481531886677992,0.3197362439195307,1199.0,0.0,0.0,0.0,0.0,52.76340801817806,0.7,0.0,0.0,0.0,0.0,450.0,9510.5,0.0,0.0,106.76,1.157,107.917,25.12,1.608,106.309,emon,0.598,0.328,145.6,68.1,2.138
2026-09-23 14:16:20.895,5.7,0,28,3;22;28;5;0;0;0;16;0;0;0;13;2;0;0;3,903,3341,2704;2408;3341;2810;1269;1173;1177;1264;1401;1125;1138;1302;903;1082;1106;1060,4.6,0.0,9510.5,0,0,0,0,0,0.0,0,0,0,0,0,0,0,0,0.0,0,0,0,0,0,0.0,0.0,0.0,0,0,0,36.1,7.29,5.53,0.36,19.11,22.4,63.4,98.19631641094502,12.609606376061073,26.470386270376352,28.488361299954928,0.2975158859832356,1199.0,0.0,0.0,0.0,0.0,50.946254383371425,0.7,0.0,0.0,0.0,0.0,450.0,9510.5,0.0,0.0,106.76,1.157,107.917,25.12,1.608,106.309,emon,0.598,0.328,145.6,68.1,2.138
2026-09-23 14:16:21.896,6.9,0,34,6;24;34;2;0;0;0;16;2;0;0;16;2;2;2;6,1093,3165,2367;2260;3165;2466;1159;1168;1232;1350;1306;1242;1256;1282;1093;1110;1144;1122,4.1,0.0,9510.5,0,0,0,0,0,0.0,0,0,0,0,0,0,0,0,0.0,0,0,0,0,0,0.0,0.0,0.0,0,0,0,36.1,7.29,5.53,0.36,19.11,22.4,63.4,99.11689266526555,8.068596712549228,22.64563185694706,22.103244097925813,0.9969933940275117,1165.867469879518,0.0,0.0,0.0,0.0,59.447615639003644,0.7,0.0,0.0,0.0,0.0,450.0,9510.5,0.0,0.0,106.76,1.157,107.917,25.12,1.608,106.309,emon,0.598,0.328,145.6,68.1,2.138
2026-09-23 14:16:22.897,5.6,0,27,2;21;27;5;0;0;0;14;0;0;0;17;0;0;0;5,810,2769,1854;2074;2769;2335;1182;1125;1121;1249;2042;991;1607;1274;810;999;1011;1157,4.1,0.0,9510.5,0,0,0,0,0,0.0,0,0,0,0,0,0,0,0,0.0,0,0,0,0,0,0.0,0.0,0.0,0,0,0,31.1,7.29,5.53,0.36,19.11,22.4,63.4,98.56592097426906,10.658523324989911,25.105386594329218,26.130777629336926,0.614633887849226,1199.0,0.0,0.0,0.0,0.0,54.84468560522855,0.7,0.0,0.0,0.0,0.0,450.0,9510.5,0.0,0.0,106.76,1.157,107.917,25.12,1.608,106.309,emon,0.598,0.328,145.6,68.1,2.138
2026-09-23 14:16:23.897,7.6,0,38,6;34;38;6;0;0;0;19;2;0;0;12;0;0;0;5,869,3527,3527;3375;3445;3107;1054;2434;1452;1704;1830;2322;1395;1739;1071;911;869;1100,4.2,0.0,9510.5,0,0,0,0,0,0.0,0,0,0,0,0,0,0,0,0.0,0,0,0,0,0,0.0,0.0,0.0,0,0,0,37.1,7.29,5.53,0.36,19.11,22.8,63.4,98.81269476548681,10.348017772062207,24.057942844786734,24.079074313055795,0.4869510309231459,1180.132075471698,0.0,0.0,0.0,0.94340680680185,55.989561126479565,5.5,25.7,0.0,0.0,0.0,450.0,9594.6,0.0,0.0,106.76,1.157,107.917,25.12,1.608,106.309,emon,0.598,0.328,145.6,68.1,2.138
2026-09-23 14:16:24.897,11.8,0,58,23;58;49;5;0;0;0;21;2;2;0;22;0;0;0;8,890,3561,3561;2841;2980;3090;1893;1021;1221;1687;1888;1704;1712;2008;999;890;1033;1062,22.5,0.0,9594.6,0,0,0,0,0,0.0,0,0,0,0,0,0,0,0,0.0,0,0,0,0,0,0.0,0.0,0.0,0,0,0,41.1,4.73,6.36,0.34,14.39,22.8,63.4,100.00524817572699,30.36588634024648,14.768539525325002,39.172448294614654,0.24051175804297423,1803.575163398693,0.0,0.0,29.13959681892804,0.0,29.202912074129248,14.2,97.1,0.0,0.0,0.0,450.0,9594.6,0.0,0.0,106.76,1.157,107.917,25.12,1.608,106.309,emon,0.598,0.328,145.6,68.1,2.138
2026-09-23 14:16:25.897,11.2,0,62,17;62;39;5;2;0;0;23;3;0;2;20;2;0;0;5,900,3267,3267;3033;3076;3132;2514;1310;1534;1993;1900;2350;1650;2007;949;986;900;1127,2.7,0.0,9607.4,0,0,0,0,0,0.0,0,0,0,0,0,0,0,0,0.0,0,0,0,0,0,0.0,0.0,0.0,0,0,0,42.1,4.73,6.36,0.34,14.39,22.8,63.4,99.99706424122125,32.96821610860422,14.612749378446122,41.69130185624243,0.13911517794755562,1843.0140845070423,0.0,0.0,30.729962037128566,0.0,23.648643227910597,14.2,97.1,0.0,0.0,0.0,450.0,9607.2,0.0,0.0,10.029,3.341,13.37,17.335,1.109,12.261,emon,0.892,0.776,52.9,24.8,2.133
2026-09-23 14:16:26.898,11.6,0,52,5;47;52;9;8;0;0;23;2;2;0;33;0;0;0;8,807,3473,3473;3203;3007;3116;2309;980;1228;1924;1648;1427;1018;1809;858;836;807;1055,2.6,0.0,9608.2,0,0,0,0,0,0.0,0,0,0,0,0,0,0,0,0.0,0,0,0,0,0,0.0,0.0,0.0,0,0,0,44.1,4.73,6.36,0.34,14.39,22.7,63.4,100.00518229309942,32.553744148200664,15.367548467407763,41.728100521463745,0.17694060398187017,1849.0,0.0,0.0,30.73327817925921,0.0,23.6578510938291,14.2,97.1,0.0,0.0,0.0,450.0,9608.2,0.0,0.0,10.029,3.341,13.37,17.335,1.109,12.261,emon,0.892,0.776,52.9,24.8,2.133
2026-09-23 14:16:27.898,10.5,0,71,5;71;38;0;0;0;0;16;2;0;0;32;0;0;0;5,854,3455,3455;3382;2942;2993;2101;1485;2403;1963;1725;2290;2651;1748;915;968;854;976,2.7,0.0,9604.2,0,0,0,0,0,0.0,0,0,0,0,0,0,0,0,0.0,0,0,0,0,0,0.0,0.0,0.0,0,0,0,44.1,4.73,6.36,0.34,14.39,22.7,63.4,99.99739503207272,32.775441052162485,14.510260901222491,40.75172408639568,0.18431636604021162,1849.0,0.0,0.0,30.58482585471659,0.0,23.702663335145438,14.2,97.1,0.0,0.0,0.0,450.0,9608.2,0.0,0.0,10.029,3.341,13.37,17.335,1.109,12.261,emon,0.892,0.776,52.9,24.8,2.133
2026-09-23 14:16:28.906,10.6,0,58,9;58;38;6;0;0;0;22;4;0;0;26;0;0;0;6,878,3461,3240;2935;3062;3461;2254;1214;1963;1910;1555;1771;1930;1802;970;1049;878;1096,2.4,0.0,9604.1,0,0,0,0,0,0.0,0,0,0,0,0,0,0,0,0.0,0,0,0,0,0,0.0,0.0,0.0,0,0,0,45.1,5.67,25.09,0.36,35.3,22.8,63.4,99.99501873695687,23.053120519587406,17.21651004928432,33.35143340198689,0.938341472727421,1849.0,0.0,0.0,29.50594137160567,0.0,38.886398085351914,14.2,97.1,0.0,0.0,0.0,450.0,9604.2,0.0,0.0,10.029,3.341,13.37,17.335,1.109,12.261,emon,0.892,0.776,52.9,24.8,2.133
2026-09-23 14:16:29.906,10.7,0,55,12;55;31;5;2;0;0;25;3;2;0;28;0;0;0;9,770,3490,3081;3316;3005;3490;1814;2219;1369;1917;2081;1499;2816;1892;771;811;770;1214,2.4,0.0,9603.1,0,0,0,0,0,0.0,0,0,0,0,0,0,0,0,0.0,0,0,0,0,0,0.0,0.0,0.0,0,0,0,45.1,5.67,25.09,0.36,35.3,22.5,63.4,100.0251813922012,20.255199161688225,17.96816419049313,29.82542504197673,0.8894030017487303,1849.0,0.0,0.0,30.807928561932293,0.0,40.2614938214962,14.2,97.1,0.0,0.0,0.0,450.0,9604.1,0.0,0.0,10.029,3.341,13.37,17.335,1.109,12.261,emon,0.892,0.776,52.9,24.8,2.133
2026-09-23 14:16:30.906,11.4,0,63,9;63;35;8;2;0;0;22;0;0;0;22;0;2;0;20,800,3486,3486;3027;2976;3224;1689;1439;1807;1972;1658;1807;1293;1928;917;930;800;1187,2.3,0.0,9594.6,0,0,0,0,0,0.0,0,0,0,0,0,0,0,0,0.0,0,0,0,0,0,0.0,0.0,0.0,0,0,0,43.1,5.67,25.09,0.36,35.3,22.5,63.4,100.00085824365775,26.3096665868443,16.631761724119027,35.740043172849475,0.6388525875923301,1849.0,0.0,0.0,29.08464271841231,0.0,32.00254652886344,14.2,96.9,0.0,0.0,0.0,450.0,9603.1,0.0,0.0,10.029,3.341,13.37,17.335,1.109,12.261,emon,0.892,0.776,52.9,24.8,2.133
2026-09-23 14:16:31.907,9.8,0,66,12;66;30;2;0;0;0;27;3;0;0;12;2;0;2;2,923,3413,3413;3018;2997;3267;1530;1152;1399;1760;1625;1310;1286;1913;1002;923;1006;1129,2.3,0.0,9594.6,0,0,0,0,0,0.0,0,0,0,0,0,0,0,0,0.0,0,0,0,0,0,0.0,0.0,0.0,0,0,0,43.1,5.67,25.09,0.36,35.3,22.5,63.4,100.03063064397767,26.715460362865826,16.345485700424327,36.03997425908266,0.41048436207415234,1841.7325581395348,0.0,0.0,29.439952667496645,0.0,30.49152788822484,14.2,97.2,0.0,0.0,0.0,450.0,9594.6,0.0,0.0,10.029,3.341,13.37,17.335,1.109,12.261,emon,0.892,0.776,52.9,24.8,2.133
2026-09-23 14:16:32.907,11.8,0,60,20;60;41;5;0;0;0;20;2;0;0;23;0;0;0;17,931,3519,2787;3296;2903;3519;1758;2521;1977;1990;2015;2142;1195;2177;1159;1064;931;2244,2.3,0.0,9594.6,0,0,0,0,0,0.0,0,0,0,0,0,0,0,0,0.0,0,0,0,0,0,0.0,0.0,0.0,0,0,0,43.1,5.29,25.09,0.36,35.0,22.5,63.4,99.98829314993613,30.503703429638964,15.055901121793303,39.458145028765095,0.6172232847725211,1838.937106918239,0.0,0.0,30.589319581909795,0.0,27.56348046655423,14.2,97.0,0.0,0.0,0.0,450.0,9594.6,0.0,0.0,10.029,3.341,13.37,17.335,1.109,12.261,emon,0.892,0.776,52.9,24.8,2.133
2026-09-23 14:16:33.907,11.9,0,54,19;54;48;5;2;0;0;27;3;0;0;30;0;0;0;3,668,4091,4091;3985;3395;3895;2383;1985;1951;2523;1709;2056;1555;2450;806;844;668;953,100.0,0.0,9594.6,0,0,0,0,0,0.0,0,0,0,0,0,0,0,0,0.0,0,0,0,0,0,0.0,0.0,0.0,0,0,0,39.1,5.29,25.09,0.36,35.0,22.5,63.4,94.48419269682869,13.598703514883127,29.618612844477255,32.11965192310394,14.069753429447129,1799.0,0.0,0.0,30.509072940797846,0.0,26.87967529114756,14.1,96.4,0.0,0.0,0.0,450.0,9594.6,0.0,0.0,10.029,3.341,13.37,17.335,1.109,12.261,emon,0.892,0.776,52.9,24.8,2.133
2026-09-23 14:16:34.908,13.3,0,69,12;69;46;8;3;0;0;25;3;0;0;28;0;0;0;19,587,3980,3935;3980;3328;3722;2470;1321;1360;2381;2195;1562;2060;2443;1149;718;587;1086,99.6,0.0,9594.5,0,0,0,0,0,0.0,0,0,0,0,0,0,0,0,0.0,0,0,0,0,0,0.0,0.0,0.0,0,0,0,39.1,5.29,25.09,0.36,35.0,22.5,63.4,92.70552360469645,13.696403907103972,29.074240045113996,31.616147886623036,13.50492553633045,1799.0,0.0,0.0,32.21109373260565,0.0,21.388461649564718,14.0,95.5,0.0,0.0,0.0,450.0,9594.5,0.0,0.0,10.029,3.341,13.37,17.335,1.109,12.261,emon,0.892,0.776,52.9,24.8,2.133
2026-09-23 14:16:35.908,12.2,0,66,12;66;42;0;0;0;0;31;3;0;0;32;0;0;0;8,802,4087,4087;3988;3422;3975;2844;1263;1302;2536;2462;1782;2694;2339;899;901;802;952,100.0,0.0,9594.5,0,0,0,0,0,0.0,0,0,0,0,0,0,0,0,0.0,0,0,0,0,0,0.0,0.0,0.0,0,0,0,37.1,5.29,25.09,0.36,35.0,22.5,63.4,93.0020182763829,14.256051453071482,29.723890747743493,32.78922166824341,15.039292523440192,1799.0,0.0,0.0,33.34435443820925,0.0,21.538877834848115,14.0,95.6,0.0,0.0,0.0,450.0,9594.5,0.0,0.0,10.029,3.341,13.37,17.335,1.109,12.261,emon,0.892,0.776,52.9,24.8,2.133
2026-09-23 14:16:36.908,11.0,0,66,19;66;34;6;0;0;0;23;5;2;0;16;0;0;0;6,557,3985,3923;3985;3236;3732;2263;2721;1853;2288;1969;2244;1548;2045;829;595;557;1155,95.7,0.0,9594.5,0,0,0,0,0,0.0,0,0,0,0,0,0,0,0,0.0,0,0,0,0,0,0.0,0.0,0.0,0,0,0,39.1,9.1,12.97,0.4,32.22,22.4,63.4,95.15799443468903,11.89153737031897,28.276899336413905,29.46673193963414,11.914911021388518,1799.0,0.0,0.0,27.916232642556928,0.0,35.1245012084959,14.0,95.4,0.0,0.0,0.0,450.0,9594.5,0.0,0.0,10.029,3.341,13.37,17.335,1.109,12.261,emon,0.892,0.776,52.9,24.8,2.133
2026-09-23 14:16:37.909,14.4,0,66,22;66;48;17;3;0;0;23;5;3;0;38;0;0;0;6,731,4051,4051;3982;3415;3851;2130;1340;1451;2244;2145;1773;1883;2632;731;869;873;980,97.0,0.0,9594.5,0,0,0,0,0,0.0,0,0,0,0,0,0,0,0,0.0,0,0,0,0,0,0.0,0.0,0.0,0,0,0,39.1,9.1,12.97,0.4,32.22,22.5,63.4,94.62771393372132,12.422250956162676,27.795185892431586,29.770176520755697,12.900976342186835,1799.0,0.0,0.0,30.9696705413202,0.0,28.026454545149555,14.0,95.3,0.0,0.0,0.0,450.0,9594.5,0.0,0.0,105.895,1.064,106.959,27.112,1.735,105.224,emon,0.597,0.324,146.2,67.7,2.159
2026-09-23 14:16:38.909,13.1,0,51,37;32;51;6;19;0;0;17;20;0;0;11;6;0;0;11,777,4055,4055;3992;3401;3709;2305;1734;1591;2665;1682;1619;1845;2324;1061;777;1026;1118,100.0,0.0,9594.5,0,0,0,0,0,0.0,0,0,0,0,0,0,0,0,0.0,0,0,0,0,0,0.0,0.0,0.0,0,0,0,41.1,9.1,12.97,0.4,32.22,22.5,63.4,93.46758954389108,13.246891435158531,29.10319737943343,31.337918045607257,14.047445246341779,1799.0,0.0,0.0,33.50031343322377,0.0,25.30705074183355,14.0,95.3,0.0,0.0,0.0,450.0,9594.5,0.0,0.0,105.895,1.064,106.959,27.112,1.735,105.224,emon,0.597,0.324,146.2,67.7,2.159
2026-09-23 14:16:39.909,12.5,0,63,63;17;38;12;36;2;0;0;22;2;0;2;6;0;0;0,693,3994,3913;3905;3520;3994;2728;2145;1929;1869;2335;1773;1629;1652;938;847;772;693,98.3,0.0,9594.5,0,0,0,0,0,0.0,0,0,0,0,0,0,0,0,0.0,0,0,0,0,0,0.0,0.0,0.0,0,0,0,38.1,9.1,12.97,0.4,32.22,22.5,63.4,93.09918684429593,14.055039592653687,29.238855317322134,32.29529659092775,14.28519182512809,1799.0,0.0,0.0,33.142051431121665,0.0,21.44163505123024,14.0,95.6,0.0,0.0,0.0,450.0,9594.5,0.0,0.0,105.895,1.064,106.959,27.112,1.735,105.224,emon,0.597,0.324,146.2,67.7,2.159
2026-09-23 14:16:40.910,14.2,0,58,58;14;56;11;31;2;2;0;36;6;0;0;12;0;0;0,763,3999,3999;3755;3340;3911;2379;2091;1374;2571;2273;1754;2323;2519;1097;958;763;960,98.3,0.0,9594.5,0,0,0,0,0,0.0,0,0,0,0,0,0,0,0,0.0,0,0,0,0,0,0.0,0.0,0.0,0,0,0,38.1,9.41,12.45,0.4,32.25,22.5,63.4,93.57132693876822,13.3117338285471,29.325673108299572,31.123566651095945,13.82036737818271,1799.0,0.0,0.0,31.590175874114113,0.0,26.46572117970274,14.0,95.6,0.0,0.0,0.0,450.0,9594.5,0.0,0.0,105.895,1.064,106.959,27.112,1.735,105.224,emon,0.597,0.324,146.2,67.7,2.159
2026-09-23 14:16:41.910,11.2,0,69,69;6;33;3;35;0;0;0;26;0;0;0;6;0;0;0,864,4078,4052;4078;3245;3808;2478;2093;2960;2746;2034;1734;2624;2342;1109;864;876;865,100.0,0.0,9594.5,0,0,0,0,0,0.0,0,0,0,0,0,0,0,0,0.0,0,0,0,0,0,0.0,0.0,0.0,0,0,0,40.1,9.41,12.45,0.4,32.25,22.5,63.4,94.80339286793237,14.17804937801142,29.674145819126874,32.39905608385459,14.106498171703826,1799.0,0.0,0.0,32.04009270632436,0.0,21.661067127046742,14.0,95.7,0.0,0.0,0.0,450.0,9594.5,0.0,0.0,105.895,1.064,106.959,27.112,1.735,105.224,emon,0.597,0.324,146.2,67.7,2.159
2026-09-23 14:16:42.942,12.8,0,53,53;15;40;8;33;4;0;0;38;3;2;0;8;2;0;0,724,4079,3959;4079;3396;3912;2485;2219;1577;1667;2205;1602;2088;2753;997;858;980;724,99.1,0.0,9594.5,0,0,0,0,0,0.0,0,0,0,0,0,0,0,0,0.0,0,0,0,0,0,0.0,0.0,0.0,0,0,0,40.1,9.41,12.45,0.4,32.25,22.6,63.4,95.76924282217783,11.847850924276466,28.27991340628692,29.725990452818454,12.759821563334544,1811.6984126984128,0.0,0.0,29.685634898722157,0.0,35.45783653969019,14.1,96.1,0.0,0.0,0.0,450.0,9594.5,0.0,0.0,105.895,1.064,106.959,27.112,1.735,105.224,emon,0.597,0.324,146.2,67.7,2.159
2026-09-23 14:16:43.942,15.0,0,56,54;30;56;14;23;2;0;0;33;8;2;0;19;0;0;0,764,3978,3958;3978;3465;3807;2353;1829;2473;2731;2100;1861;2866;3408;1147;807;862;764,100.0,0.0,9540.2,0,0,0,0,0,0.0,0,0,0,0,0,0,0,0,0.0,0,0,0,0,0,0.0,0.0,0.0,0,0,0,41.1,9.41,12.45,0.4,32.25,22.5,63.4,96.70229678548824,11.238039530858185,27.569403368481407,28.24085261323934,12.528929076302845,1799.0,0.0,0.0,32.09209117683683,0.0,38.836024332934684,14.0,95.5,0.0,0.0,0.0,450.0,9540.2,0.0,0.0,105.895,1.064,106.959,27.112,1.735,105.224,emon,0.597,0.324,146.2,67.7,2.159
2026-09-23 14:16:44.943,12.9,0,57,57;26;50;5;31;0;0;0;29;5;0;0;5;0;0;0,868,4008,3973;4008;3440;4002;2359;2562;2580;1594;2441;1867;1838;1759;999;886;868;962,98.0,0.0,9540.2,0,0,0,0,0,0.0,0,0,0,0,0,0,0,0,0.0,0,0,0,0,0,0.0,0.0,0.0,0,0,0,41.1,9.19,12.59,0.4,32.26,22.5,63.4,94.8370161820384,12.89256365123449,28.441504472089044,30.448694585234794,12.85680168227279,1799.0,0.0,0.0,30.409731688365586,0.0,30.5409833410682,14.0,95.5,0.0,0.0,0.0,450.0,9540.2,0.0,0.0,105.895,1.064,106.959,27.112,1.735,105.224,emon,0.597,0.324,146.2,67.7,2.159
2026-09-23 14:16:45.943,12.2,0,52,52;19;42;6;28;0;0;0;41;2;0;0;6;0;0;0,842,4041,3958;4041;3437;3824;2373;1877;1606;2284;2691;2163;1753;2713;961;846;925;842,93.1,0.0,9541.4,0,0,0,0,0,0.0,0,0,0,0,0,0,0,0,0.0,0,0,0,0,0,0.0,0.0,0.0,0,0,0,40.1,9.19,12.59,0.4,32.26,22.5,63.4,93.11234483948674,14.339262163782694,29.437628355370947,32.513771286929945,14.7413483582639,1799.0,0.0,0.0,32.93743798013844,0.0,20.840795474323297,14.0,95.8,0.0,0.0,0.0,450.0,9540.2,0.0,0.0,105.895,1.064,106.959,27.112,1.735,105.224,emon,0.597,0.324,146.2,67.7,2.159
2026-09-23 14:16:46.944,12.5,0,46,44;27;46;6;36;0;0;0;31;2;0;0;8;0;0;0,773,3987,3865;3987;3391;3845;2463;2186;1668;1245;2614;2267;2754;2070;1031;773;831;982,98.0,0.0,9540.2,0,0,0,0,0,0.0,0,0,0,0,0,0,0,0,0.0,0,0,0,0,0,0.0,0.0,0.0,0,0,0,40.1,9.19,12.59,0.4,32.26,22.5,63.4,93.4548534154892,12.832697783670582,27.743733461540526,29.60240451681732,12.391299507405499,1799.0,0.0,0.0,31.246129234893118,0.0,26.859423777955513,14.0,95.6,0.0,0.0,0.0,450.0,9540.2,0.0,0.0,105.895,1.064,106.959,27.112,1.735,105.224,emon,0.597,0.324,146.2,67.7,2.159
2026-09-23 14:16:47.944,13.3,0,56,56;20;46;11;32;2;0;0;34;5;0;0;8;0;0;0,870,4047,4015;4047;3427;3961;2625;1826;1285;1638;2419;2003;2635;1644;959;945;870;900,92.7,0.0,9540.2,0,0,0,0,0,0.0,0,0,0,0,0,0,0,0,0.0,0,0,0,0,0,0.0,0.0,0.0,0,0,0,41.1,9.19,12.59,0.4,32.26,22.5,63.4,94.66525704481386,14.061124763705514,29.039942936463788,31.923952276056465,13.837678569675932,1799.0,0.0,0.0,32.81363283515516,0.0,20.83443189891775,14.0,95.2,0.0,0.0,0.0,450.0,9540.2,0.0,0.0,105.895,1.064,106.959,27.112,1.735,105.224,emon,0.597,0.324,146.2,67.7,2.159
2026-09-23 14:16:48.945,15.5,0,59,39;22;59;11;33;5;0;0;35;8;0;0;33;2;0;0,957,4091,3866;3850;4045;4091;2331;1928;1728;1694;2174;2066;1796;2432;2117;1146;957;1150,100.0,0.0,9540.2,0,0,0,0,0,0.0,0,0,0,0,0,0,0,0,0.0,0,0,0,0,0,0.0,0.0,0.0,0,0,0,43.1,9.26,12.4,0.4,32.19,22.4,63.4,93.37167864672992,13.524978199783636,28.961233839696767,31.90123530796596,13.566653119715237,1799.0,0.0,0.0,31.531136365304462,0.0,21.304563359421564,14.0,95.6,0.0,0.0,0.0,450.0,9540.2,0.0,0.0,106.129,1.208,107.337,29.307,1.876,105.461,emon,0.594,0.338,145.8,68.5,2.13
2026-09-23 14:16:49.945,11.4,0,95,29;8;95;2;18;0;0;0;23;2;0;0;5;0;0;0,542,4433,3647;3404;4433;4089;1884;1814;2868;2278;2042;1675;1933;2456;976;542;615;854,98.8,0.0,9540.2,0,0,0,0,0,0.0,0,0,0,0,0,0,0,0,0.0,0,0,0,0,0,0.0,0.0,0.0,0,0,0,41.1,9.26,12.4,0.4,32.19,22.4,63.4,95.96969379852933,11.70745058279102,28.661333386888977,29.504738449257136,12.01230134858888,1799.0,0.0,0.0,29.953726869706816,0.0,32.43496388589216,14.0,95.5,0.0,0.0,0.0,450.0,9540.2,0.0,0.0,106.129,1.208,107.337,29.307,1.876,105.461,emon,0.594,0.338,145.8,68.5,2.13
2026-09-23 14:16:50.946,12.0,0,86,36;9;86;9;22;0;0;0;17;3;0;0;9;0;0;0,752,4390,3597;3808;4390;4204;1959;1725;1576;1895;2192;1862;1477;1768;1107;948;918;752,99.3,0.0,9540.2,0,0,0,0,0,0.0,0,0,0,0,0,0,0,0,0.0,0,0,0,0,0,0.0,0.0,0.0,0,0,0,41.1,9.26,12.4,0.4,32.19,22.4,63.4,94.91965839025137,12.65937380000177,28.52904818938659,30.62806934601552,13.236726154183113,1799.0,0.0,0.0,29.62724692146724,0.0,28.456929016997893,14.0,95.4,0.0,0.0,0.0,450.0,9540.2,0.0,0.0,106.129,1.208,107.337,29.307,1.876,105.461,emon,0.594,0.338,145.8,68.5,2.13
2026-09-23 14:16:51.947,11.3,0,97,26;11;97;3;20;0;0;0;14;3;0;0;6;0;0;0,528,4397,3519;3415;4397;4174;1804;2154;1263;1241;1924;1758;1951;1637;1028;790;562;528,99.3,0.0,9540.2,0,0,0,0,0,0.0,0,0,0,0,0,0,0,0,0.0,0,0,0,0,0,0.0,0.0,0.0,0,0,0,41.1,9.26,12.4,0.4,32.19,22.4,63.4,94.72606301090934,12.496974987269839,28.069728416001254,30.14124218251302,13.091816548302516,1799.0,0.0,0.0,31.738700039771555,0.0,25.830408458392643,14.0,95.7,0.0,0.0,0.0,450.0,9540.2,0.0,0.0,106.129,1.208,107.337,29.307,1.876,105.461,emon,0.594,0.338,145.8,68.5,2.13
2026-09-23 14:16:52.947,12.0,0,86,27;19;86;6;12;0;0;2;23;5;0;0;12;0;0;0,791,4344,3577;3724;4344;4086;1802;1660;2577;2565;2107;1819;1420;1966;1185;886;791;912,92.4,0.0,9540.2,0,0,0,0,0,0.0,0,0,0,0,0,0,0,0,0.0,0,0,0,0,0,0.0,0.0,0.0,0,0,0,41.1,10.76,12.66,0.4,33.91,22.4,63.4,93.46357070443464,13.860206021185228,29.508782886566326,32.30186349886624,14.035628994976614,1799.0,0.0,0.0,32.47077023444005,0.0,23.915115084452435,14.0,95.8,0.0,0.0,0.0,450.0,9540.2,0.0,0.0,106.129,1.208,107.337,29.307,1.876,105.461,emon,0.594,0.338,145.8,68.5,2.13
2026-09-23 14:16:53.947,17.3,3,86,31;35;86;14;22;9;8;5;20;9;5;6;14;3;3;6,1703,4370,3773;3976;4370;4147;2006;3218;3351;3128;2432;2794;3269;2853;1703;1854;2204;2408,97.8,0.0,9540.2,0,0,0,0,0,0.0,0,0,0,0,0,0,0,0,0.0,0,0,0,0,0,0.0,0.0,0.0,0,0,0,43.1,10.76,12.66,0.4,33.91,22.4,63.4,93.47959801208141,14.324282391126765,29.797112442726313,32.94846548036087,14.472106331136338,1799.0,0.0,0.0,31.790918661580626,0.0,21.334221253051087,13.9,95.1,0.0,0.0,0.0,450.0,9540.2,0.0,0.0,106.129,1.208,107.337,29.307,1.876,105.461,emon,0.594,0.338,145.8,68.5,2.13
2026-09-23 14:16:54.948,11.4,0,89,27;14;89;3;11;2;0;0;22;3;2;0;11;0;0;0,760,4396,3565;3835;4396;4185;1860;1885;1327;1455;2393;2450;2300;1583;1027;877;760;861,100.0,0.0,9540.2,0,0,0,0,0,0.0,0,0,0,0,0,0,0,0,0.0,0,0,0,0,0,0.0,0.0,0.0,0,0,0,41.1,10.76,12.66,0.4,33.91,22.4,63.4,93.27024685409334,13.973177348242865,29.59112664328681,32.348622438642714,14.202426907440854,1799.0,0.0,0.0,32.631654670863,0.0,20.916402334894197,14.0,95.6,0.0,0.0,0.0,450.0,9540.2,0.0,0.0,106.129,1.208,107.337,29.307,1.876,105.461,emon,0.594,0.338,145.8,68.5,2.13
2026-09-23 14:16:55.948,11.4,0,86,34;19;86;3;11;2;0;0;16;5;0;0;6;0;2;0,731,4391,3619;3842;4391;4171;1758;1368;2155;1573;2106;1970;2517;2125;1018;921;731;747,91.7,0.0,9540.2,0,0,0,0,0,0.0,0,0,0,0,0,0,0,0,0.0,0,0,0,0,0,0.0,0.0,0.0,0,0,0,41.1,10.76,12.66,0.4,33.91,22.4,63.4,93.88854530538832,13.222325988042922,28.108886346362887,30.937715398697627,12.902779495405655,1799.0,0.0,0.0,32.31953101195838,0.0,20.857525078076424,14.0,95.3,0.0,0.0,0.0,450.0,9540.2,0.0,0.0,106.129,1.208,107.337,29.307,1.876,105.461,emon,0.594,0.338,145.8,68.5,2.13
2026-09-23 14:16:56.949,13.4,0,83,40;23;83;12;14;0;0;0;22;5;3;0;14;0;0;0,799,4350,3690;3905;4350;4146;1857;1772;3025;2546;2143;1662;2361;2737;1117;974;847;799,100.0,0.0,9540.2,0,0,0,0,0,0.0,0,0,0,0,0,0,0,0,0.0,0,0,0,0,0,0.0,0.0,0.0,0,0,0,42.1,11.07,12.66,0.4,34.21,22.4,63.4,95.69886482997882,11.43860699080965,29.0064676573444,29.746907298032657,12.942187178715281,1799.0,0.0,0.0,31.0217881351943,0.0,38.67436806029251,14.0,95.2,0.0,0.0,0.0,450.0,9540.2,0.0,0.0,106.129,1.208,107.337,29.307,1.876,105.461,emon,0.594,0.338,145.8,68.5,2.13
2026-09-23 14:16:57.949,11.6,0,88,32;9;88;5;22;2;0;0;17;5;0;0;6;0;0;0,823,4423,3665;3876;4423;4161;1843;1775;2139;2276;2043;1526;2037;1448;996;931;890;823,97.4,0.0,9540.2,0,0,0,0,0,0.0,0,0,0,0,0,0,0,0,0.0,0,0,0,0,0,0.0,0.0,0.0,0,0,0,43.1,11.07,12.66,0.4,34.21,22.4,63.4,94.76433264665089,12.402917658074236,28.408374621536723,30.308089970653544,12.480656379656054,1799.0,0.0,0.0,29.83589645424912,0.0,30.331525999716614,14.0,95.2,0.0,0.0,0.0,450.0,9540.2,0.0,0.0,106.129,1.208,107.337,29.307,1.876,105.461,emon,0.594,0.338,145.8,68.5,2.13
2026-09-23 14:16:58.949,11.5,0,97,20;20;97;3;11;0;0;0;19;0;2;0;12;0;0;0,787,4336,3627;3785;4336;4208;1858;1662;1784;1743;2135;1688;1573;1570;1086;787;809;1212,98.9,0.0,9541.2,0,0,0,0,0,0.0,0,0,0,0,0,0,0,0,0.0,0,0,0,0,0,0.0,0.0,0.0,0,0,0,43.1,11.07,12.66,0.4,34.21,22.4,63.4,94.94986707142421,12.791471868026115,28.99960574309031,30.946068107514154,13.047146735092005,1799.0,0.0,0.0,31.779697378800208,0.0,27.13738025342299,14.0,95.6,0.0,0.0,0.0,450.0,9540.2,0.0,0.0,106.129,1.208,107.337,29.307,1.876,105.461,emon,0.594,0.338,145.8,68.5,2.13
2026-09-23 14:16:59.950,17.1,3,95,42;27;95;11;18;8;6;8;27;3;8;5;5;3;3;5,1483,4351,3930;3998;4351;4084;2049;2598;2984;3214;2532;2491;3037;2997;1483;1636;2260;2078,93.5,0.0,9540.2,0,0,0,0,0,0.0,0,0,0,0,0,0,0,0,0.0,0,0,0,0,0,0.0,0.0,0.0,0,0,0,44.1,11.07,12.66,0.4,34.21,22.3,63.4,93.13547918922023,13.324881964603954,28.647430522269325,31.243608583568744,13.227490278411853,1799.0,0.0,0.0,30.92623229636933,0.0,22.096867523403642,14.0,95.5,0.0,0.0,0.0,450.0,9540.2,0.0,0.0,107.169,1.111,108.28,26.986,1.727,106.553,emon,0.598,0.354,145.7,68.3,2.132
2026-09-23 14:17:00.950,14.1,0,86,37;17;86;14;20;3;0;0;22;6;5;0;14;2;0;0,1000,4284,3570;3703;4284;4167;1807;1859;1078;1460;2408;1761;1850;1770;1069;1087;1080;1000,93.5,0.0,9540.2,0,0,0,0,0,0.0,0,0,0,0,0,0,0,0,0.0,0,0,0,0,0,0.0,0.0,0.0,0,0,0,42.1,11.36,12.69,0.4,34.62,22.3,63.4,93.58011357350783,13.091914543160001,28.112569256262347,30.539873375623213,13.194434315048516,1799.0,0.0,0.0,30.176532101777447,0.0,25.680461637186582,14.0,95.6,0.0,0.0,0.0,450.0,9540.2,0.0,0.0,107.169,1.111,108.28,26.986,1.727,106.553,emon,0.598,0.354,145.7,68.3,2.132
2026-09-23 14:17:01.951,13.5,0,88,35;14;88;8;34;3;0;0;17;6;0;0;11;0;0;0,656,4382,3725;3749;4382;4151;1711;2224;1243;1282;2163;1804;1896;2988;1110;767;745;656,100.0,0.0,9540.2,0,0,0,0,0,0.0,0,0,0,0,0,0,0,0,0.0,0,0,0,0,0,0.0,0.0,0.0,0,0,0,41.1,11.36,12.69,0.4,34.62,22.3,63.4,93.59136008201762,13.815564535643059,28.15410666643305,31.231121939849704,12.992811485743546,1799.0,0.0,0.0,32.331647795897496,0.0,21.125675661335798,14.0,95.4,0.0,0.0,0.0,450.0,9540.2,0.0,0.0,107.169,1.111,108.28,26.986,1.727,106.553,emon,0.598,0.354,145.7,68.3,2.132
2026-09-23 14:17:02.951,13.3,0,91,31;12;91;11;19;5;0;0;19;2;0;0;20;2;2;2,1044,4320,3489;3752;4320;4107;1692;1605;2632;1695;2354;1931;2946;2741;2389;1044;1919;1997,96.8,0.0,9540.2,0,0,0,0,0,0.0,0,0,0,0,0,0,0,0,0.0,0,0,0,0,0,0.0,0.0,0.0,0,0,0,42.1,11.36,12.69,0.4,34.62,22.4,63.4,93.46414726542443,13.74449206089678,28.728140048029804,31.68081338045946,14.082802069287018,1799.0,0.0,0.0,33.90208123696334,0.0,21.51379769237929,14.0,95.3,0.0,0.0,0.0,450.0,9540.2,0.0,0.0,107.169,1.111,108.28,26.986,1.727,106.553,emon,0.598,0.354,145.7,68.3,2.132
2026-09-23 14:17:03.952,12.2,0,88,27;11;88;5;24;2;0;3;23;3;2;0;9;0;0;0,739,4308,3681;3751;4308;4064;1702;1949;1230;1264;2148;1994;1211;1806;1111;947;739;910,92.9,0.0,9541.2,0,0,0,0,0,0.0,0,0,0,0,0,0,0,0,0.0,0,0,0,0,0,0.0,0.0,0.0,0,0,0,42.1,11.36,12.69,0.4,34.62,22.4,63.4,95.3269889792253,11.942722045422325,29.145758423465914,30.711597844958305,12.713797256430743,1800.310861423221,0.0,0.0,29.123499289762808,0.0,33.40474542912891,14.0,95.4,0.0,0.0,0.0,450.0,9540.2,0.0,0.0,107.169,1.111,108.28,26.986,1.727,106.553,emon,0.598,0.354,145.7,68.3,2.132
2026-09-23 14:17:04.952,12.7,0,97,25;14;97;8;23;2;0;0;19;5;0;0;11;0;0;0,803,4277,3699;3854;4277;4057;1983;2237;2858;2924;2337;1978;2078;1246;1203;1178;942;803,97.9,0.0,9540.2,0,0,0,0,0,0.0,0,0,0,0,0,0,0,0,0.0,0,0,0,0,0,0.0,0.0,0.0,0,0,0,42.1,10.63,12.71,0.4,33.88,22.3,63.4,94.55735324030725,13.029843907785889,28.713605158796934,31.022722151234884,13.48525335796223,1799.233644859813,0.0,0.0,32.13002315584231,0.0,26.705587617298708,14.0,95.7,0.0,0.0,0.0,450.0,9540.2,0.0,0.0,107.169,1.111,108.28,26.986,1.727,106.553,emon,0.598,0.354,145.7,68.3,2.132
2026-09-23 14:17:05.952,12.0,0,91,37;6;91;9;16;0;2;0;22;5;0;0;5;0;0;0,762,4385,3677;3640;4385;4050;1829;1737;1526;2378;2137;1621;1485;2553;1032;762;779;959,95.6,0.0,9540.2,0,0,0,0,0,0.0,0,0,0,0,0,0,0,0,0.0,0,0,0,0,0,0.0,0.0,0.0,0,0,0,42.1,10.63,12.71,0.4,33.88,22.3,63.4,94.48073338987815,13.320230011786542,28.11116386764678,30.25792343603141,12.607640283435076,1799.0,0.0,0.0,31.68520240693536,0.0,27.29300559038576,13.9,95.2,0.0,0.0,0.0,450.0,9540.2,0.0,0.0,107.169,1.111,108.28,26.986,1.727,106.553,emon,0.598,0.354,145.7,68.3,2.132
2026-09-23 14:17:06.953,12.0,0,95,28;16;95;2;22;0;0;0;23;2;0;0;5;0;0;0,913,4391,3558;3664;4391;4198;1762;1566;1581;1314;2148;1661;2459;1516;1023;916;957;913,95.5,0.0,9541.2,0,0,0,0,0,0.0,0,0,0,0,0,0,0,0,0.0,0,0,0,0,0,0.0,0.0,0.0,0,0,0,42.1,10.63,12.71,0.4,33.88,22.3,63.4,93.20551126091569,13.781902075129212,29.621250657177477,32.00029928217489,14.143304885084193,1799.0,0.0,0.0,33.18445369921546,0.0,22.59325200262376,14.0,95.3,0.0,0.0,0.0,450.0,9540.2,0.0,0.0,107.169,1.111,108.28,26.986,1.727,106.553,emon,0.598,0.354,145.7,68.3,2.132
2026-09-23 14:17:07.954,12.7,0,94,33;14;94;5;21;0;0;0;20;0;0;0;16;0;0;0,633,4396,3632;3856;4396;4192;1602;2100;2553;1460;2460;2134;2371;1897;1025;798;782;633,99.2,0.0,9541.3,0,0,0,0,0,0.0,0,0,0,0,0,0,0,0,0.0,0,0,0,0,0,0.0,0.0,0.0,0,0,0,43.1,10.63,12.71,0.4,33.88,22.3,63.4,93.74682968792162,13.675718997771803,29.29850279139845,31.958913668470554,13.560042364946812,1799.0,0.0,0.0,31.992213990503775,0.0,21.43759673165087,14.0,95.3,0.0,0.0,0.0,450.0,9541.3,0.0,0.0,107.169,1.111,108.28,26.986,1.727,106.553,emon,0.598,0.354,145.7,68.3,2.132
2026-09-23 14:17:08.954,12.1,0,84,26;29;84;5;11;9;0;0;8;11;2;0;6;3;0;0,806,4338,3527;3550;4338;4105;1995;2045;1490;1333;2184;2163;2365;2206;1225;1052;806;819,97.4,0.0,9541.2,0,0,0,0,0,0.0,0,0,0,0,0,0,0,0,0.0,0,0,0,0,0,0.0,0.0,0.0,0,0,0,43.1,10.85,12.66,0.4,34.0,22.3,63.4,93.84457072097322,13.867545008659363,28.98841905075571,31.54024195930232,13.91982043404942,1799.0,0.0,0.0,33.02432842906463,0.0,20.485246387229342,14.0,95.5,0.0,0.0,0.0,450.0,9541.2,0.0,0.0,107.169,1.111,108.28,26.986,1.727,106.553,emon,0.598,0.354,145.7,68.3,2.132
2026-09-23 14:17:09.961,12.0,0,96,11;26;96;6;5;18;2;0;0;20;3;0;0;6;0;0,721,4292,3676;3446;4292;4176;1298;2330;2613;1593;1653;2122;1723;2001;779;1222;933;721,98.1,0.0,9540.2,0,0,0,0,0,0.0,0,0,0,0,0,0,0,0,0.0,0,0,0,0,0,0.0,0.0,0.0,0,0,0,42.1,10.85,12.66,0.4,34.0,22.5,63.4,95.41967788012522,11.7360409563091,28.293729953945807,29.40519641154217,11.731208283464722,1799.0,0.0,0.0,28.971489390658814,0.0,33.647796161301756,14.0,95.4,0.0,0.0,0.0,450.0,9540.2,0.0,0.0,107.169,1.111,108.28,26.986,1.727,106.553,emon,0.598,0.354,145.7,68.3,2.132
2026-09-23 14:17:10.962,11.9,0,95,8;31;95;3;3;17;3;0;0;17;3;0;0;8;0;2,689,4318,3535;3572;4318;4173;1251;2199;2143;1168;1364;1888;2267;2022;689;1148;936;891,98.1,0.0,9540.2,0,0,0,0,0,0.0,0,0,0,0,0,0,0,0,0.0,0,0,0,0,0,0.0,0.0,0.0,0,0,0,41.1,10.85,12.66,0.4,34.0,22.3,63.4,96.42119314107028,11.998610923527316,29.049351120862095,29.83416479820555,12.48456076713279,1799.0,0.0,0.0,30.088999244022098,0.0,35.42583827555551,14.0,95.7,0.0,0.0,0.0,450.0,9540.2,0.0,0.0,107.169,1.111,108.28,26.986,1.727,106.553,emon,0.598,0.354,145.7,68.3,2.132
2026-09-23 14:17:11.962,12.6,0,88,11;31;88;8;5;18;2;0;0;19;2;0;0;20;0;0,723,4287,3672;3557;4287;4056;1268;2154;2658;1627;1071;2142;1918;2275;723;1042;817;805,98.3,0.0,9540.2,0,0,0,0,0,0.0,0,0,0,0,0,0,0,0,0.0,0,0,0,0,0,0.0,0.0,0.0,0,0,0,40.1,10.85,12.66,0.4,34.0,22.3,63.4,94.53652660629966,12.61456246545369,28.311981738697398,29.903542076864024,12.596328876591658,1799.0,0.0,0.0,30.34557242346081,0.0,27.729695508230396,14.0,95.2,0.0,0.0,0.0,450.0,9541.2,0.0,0.0,107.082,1.062,108.144,24.188,1.548,106.596,emon,0.602,0.303,145.8,68.3,2.135
2026-09-23 14:17:12.963,12.5,0,92,12;30;92;6;3;12;0;0;0;22;5;0;0;15;0;2,752,4355,3791;3459;4355;4165;1241;2006;1710;1804;1319;2179;2120;2980;853;1115;752;948,95.0,0.0,9540.2,0,0,0,0,0,0.0,0,0,0,0,0,0,0,0,0.0,0,0,0,0,0,0.0,0.0,0.0,0,0,0,41.1,10.35,12.71,0.4,33.56,22.3,63.4,93.66405504357581,13.652730205552835,28.971625056921265,31.974801231833066,13.637844614246312,1799.0,0.0,0.0,31.756634775556023,0.0,23.409072611494647,14.0,95.6,0.0,0.0,0.0,450.0,9540.2,0.0,0.0,107.082,1.062,108.144,24.188,1.548,106.596,emon,0.602,0.303,145.8,68.3,2.135
2026-09-23 14:17:13.963,12.3,0,53,11;27;45;53;5;17;2;0;0;23;3;0;0;11;0;0,1081,4588,4107;4209;4588;4549;1641;2256;1743;1539;2949;2381;2286;2178;1081;1429;1234;1242,70.7,0.0,9540.2,0,0,0,0,0,0.0,0,0,0,0,0,0,0,0,0.0,0,0,0,0,0,0.0,0.0,0.0,0,0,0,87.1,10.35,12.71,0.4,33.56,22.4,63.4,80.67809056399162,11.474449391084674,24.520337631827907,24.96818289866573,0.35565199340073794,1209.0877192982457,0.0,0.0,0.0,0.0,57.34466845744796,9.9,66.6,0.0,0.0,0.0,450.0,9540.2,0.0,0.0,107.082,1.062,108.144,24.188,1.548,106.596,emon,0.602,0.303,145.8,68.3,2.135
2026-09-23 14:17:14.963,11.4,0,51,17;51;21;44;0;18;2;0;0;19;6;0;0;5;0;0,1093,4596,4517;4394;4596;4504;1914;2480;2143;1401;1545;2246;2137;2135;1093;1348;1128;1110,4.5,0.0,9540.2,0,0,0,0,0,0.0,0,0,0,0,0,0,0,0,0.0,0,0,0,0,0,0.0,0.0,0.0,0,0,0,92.1,10.35,12.71,0.4,33.56,22.4,63.4,80.04584137452852,11.638232751740912,23.674224750711282,24.198360575448483,0.47974985810087506,1104.045871559633,0.0,0.0,0.0,0.0,57.22008128019921,0.7,0.0,0.0,0.0,0.0,450.0,9540.2,0.0,0.0,107.082,1.062,108.144,24.188,1.548,106.596,emon,0.602,0.303,145.8,68.3,2.135
2026-09-23 14:17:15.964,13.1,0,74,12;27;74;28;0;22;0;0;0;28;3;0;0;12;2;2,1063,4628,3997;3991;4628;4612;1741;2556;2362;2801;1398;2108;1950;2294;1063;1535;1272;1094,4.8,0.0,9540.2,0,0,0,0,0,0.0,0,0,0,0,0,0,0,0,0.0,0,0,0,0,0,0.0,0.0,0.0,0,0,0,93.1,18.69,3.42,0.36,27.42,22.4,63.4,98.39363411681293,13.42738526385941,25.68856934325336,27.825530675992574,0.23473130178491086,1174.3424657534247,0.0,0.0,0.0,0.0,52.295691057223166,0.7,0.0,0.0,0.0,0.0,450.0,9540.2,0.0,0.0,107.082,1.062,108.144,24.188,1.548,106.596,emon,0.602,0.303,145.8,68.3,2.135
2026-09-23 14:17:16.964,9.7,0,94,6;20;94;2;0;11;0;0;0;11;5;0;0;6;0;0,1159,4672,3917;4030;4611;4672;1737;2490;2231;1801;1593;2071;2329;1462;1686;1339;1265;1159,5.0,0.0,9540.2,0,0,0,0,0,0.0,0,0,0,0,0,0,0,0,0.0,0,0,0,0,0,0.0,0.0,0.0,0,0,0,93.1,18.69,3.42,0.36,27.42,22.4,63.4,98.52143999425377,12.767748441819737,25.15705777377617,26.5535356358784,0.35490023525127934,1191.6829268292684,0.0,0.0,0.0,0.0,53.952921175011774,0.7,0.0,0.0,0.0,0.0,450.0,9540.2,0.0,0.0,107.082,1.062,108.144,24.188,1.548,106.596,emon,0.602,0.303,145.8,68.3,2.135
2026-09-23 14:17:17.965,11.1,0,70,6;36;70;13;0;12;3;0;0;11;6;2;0;18;0;0,1421,4590,4412;4375;4579;4590;1708;2163;2138;2518;2515;1863;1960;1799;1489;2378;1421;1806,4.4,0.0,9540.1,0,0,0,0,0,0.0,0,0,0,0,0,0,0,0,0.0,0,0,0,0,0,0.0,0.0,0.0,0,0,0,92.1,18.69,3.42,0.36,27.42,22.3,63.4,98.43887590107165,12.33311959365873,25.06370308524684,26.648212884601794,0.4491917696665807,1199.0,0.0,0.0,0.0,0.0,51.58481604409845,0.7,0.0,0.0,0.0,0.0,450.0,9540.1,0.0,0.0,107.082,1.062,108.144,24.188,1.548,106.596,emon,0.602,0.303,145.8,68.3,2.135
2026-09-23 14:17:18.966,5.3,0,28,0;18;6;28;0;11;0;0;0;11;2;0;0;9;0;0,938,3762,2168;2648;2993;3762;1660;1292;1099;1241;1246;1244;1129;1217;938;1222;1126;1076,4.8,0.0,9540.2,0,0,0,0,0,0.0,0,0,0,0,0,0,0,0,0.0,0,0,0,0,0,0.0,0.0,0.0,0,0,0,41.1,18.69,3.42,0.36,27.42,22.3,63.4,99.20839173915023,8.619823318032685,23.10628379468864,22.227780448683237,0.49067803708005087,1177.2485875706216,0.0,0.0,0.0,0.0,60.36098429897411,0.7,0.0,0.0,0.0,0.0,450.0,9540.2,0.0,0.0,107.082,1.062,108.144,24.188,1.548,106.596,emon,0.602,0.303,145.8,68.3,2.135
2026-09-23 14:17:19.966,5.7,0,20,5;20;9;20;0;12;0;2;0;12;3;0;0;5;0;3,1025,3693,2726;2556;3407;3693;1217;1329;1445;1127;1468;1402;1312;1469;1025;1196;1114;1127,4.2,0.0,9540.2,0,0,0,0,0,0.0,0,0,0,0,0,0,0,0,0.0,0,0,0,0,0,0.0,0.0,0.0,0,0,0,38.1,13.4,0.09,0.34,16.7,22.4,63.4,98.71203078437097,10.138859928115126,25.332191408294992,25.891299144508913,0.654144160754345,1175.8041237113403,0.0,0.0,0.0,0.0,54.95222105531349,0.7,0.0,0.0,0.0,0.0,450.0,9540.2,0.0,0.0,107.082,1.062,108.144,24.188,1.548,106.596,emon,0.602,0.303,145.8,68.3,2.135
2026-09-23 14:17:20.966,6.8,0,31,8;24;10;31;0;23;2;0;0;8;0;0;0;3;0;0,1135,3331,2068;2115;3124;3331;3266;1372;1888;1527;2725;1387;1376;1210;1166;1135;1176;1169,4.4,0.0,9540.2,0,0,0,0,0,0.0,0,0,0,0,0,0,0,0,0.0,0,0,0,0,0,0.0,0.0,0.0,0,0,0,36.1,13.4,0.09,0.34,16.7,22.4,63.4,99.01139624644134,9.404759835009857,24.74345566559646,24.370681282701128,0.771835810998139,1193.915254237288,0.0,0.0,0.0,0.0,57.158583304260745,0.7,0.0,0.0,0.0,0.0,450.0,9540.2,0.0,0.0,107.082,1.062,108.144,24.188,1.548,106.596,emon,0.602,0.303,145.8,68.3,2.135
2026-09-23 14:17:21.967,6.1,0,36,4;17;8;36;0;20;0;0;0;6;0;0;0;6;0;0,1073,3100,1982;2152;2764;3100;1582;1550;1958;1323;1526;1282;1438;1405;1133;1073;1137;1181,4.4,0.0,9540.2,0,0,0,0,0,0.0,0,0,0,0,0,0,0,0,0.0,0,0,0,0,0,0.0,0.0,0.0,0,0,0,34.1,13.4,0.09,0.34,16.7,22.4,63.4,98.63449024873621,11.2299068786423,26.589065565782434,27.677283234105392,0.5649576512411895,1193.7058823529412,0.0,0.0,0.0,0.0,54.39768515912925,0.7,0.0,0.0,0.0,0.0,450.0,9553.9,0.0,0.0,107.082,1.062,108.144,24.188,1.548,106.596,emon,0.602,0.303,145.8,68.3,2.135
2026-09-23 14:17:22.967,5.2,0,26,2;15;6;26;0;14;0;0;0;14;0;0;0;5;2;0,1099,3442,2667;2377;3442;2993;1488;1459;1669;1241;2311;1518;1536;2919;1160;1162;1099;1141,4.5,0.0,9553.8,0,0,0,0,0,0.0,0,0,0,0,0,0,0,0,0.0,0,0,0,0,0,0.0,0.0,0.0,0,0,0,33.1,13.4,0.09,0.34,16.7,22.6,63.4,98.34136939415565,12.639655802800105,27.696377739539514,29.757017575777493,0.3978648925647856,1199.0,0.0,0.0,0.0,0.0,50.93185348166869,0.7,0.0,0.0,0.0,0.0,450.0,9552.8,0.0,0.0,107.082,1.062,108.144,24.188,1.548,106.596,emon,0.602,0.303,145.8,68.3,2.135
2026-09-23 14:17:23.968,11.1,0,89,9;34;89;12;0;14;2;0;0;9;2;0;0;6;0;0,702,3620,3423;3285;3620;3556;2424;1993;1537;1546;1928;2125;1780;1749;770;1106;774;702,22.4,0.0,9770.8,0,0,0,0,0,0.0,0,0,0,0,0,0,0,0,0.0,0,0,0,0,0,0.0,0.0,0.0,0,0,0,41.1,4.53,4.56,0.34,12.35,22.9,63.4,99.99992527522093,31.62416897883229,14.512763253340484,40.02219703856935,0.11659998971149854,1802.1914893617022,0.0,0.0,30.222366253744667,0.0,25.31510686263671,6.9,35.7,0.0,0.0,0.0,450.0,9766.8,0.0,0.0,107.082,1.062,108.144,24.188,1.548,106.596,emon,0.602,0.303,145.8,68.3,2.135
2026-09-23 14:17:24.968,10.0,0,95,17;23;95;5;0;9;0;0;0;6;2;0;0;3;0;0,852,3221,3221;3143;2929;2612;1522;2285;1970;2726;1273;1739;1551;1287;852;1143;899;880,2.4,0.0,9766.8,0,0,0,0,0,0.0,0,0,0,0,0,0,0,0,0.0,0,0,0,0,0,0.0,0.0,0.0,0,0,0,44.1,4.53,4.56,0.34,12.35,22.9,63.4,100.00372557709183,33.827069869939834,14.18591040459232,42.003183005512625,0.12676917945129285,1849.0,0.0,0.0,30.88517827220747,0.0,23.6137196533112,14.2,97.2,0.0,0.0,0.0,450.0,9766.8,0.0,0.0,1.547,1.107,2.654,17.372,1.112,1.542,emon,0.896,0.765,29.0,14.3,2.036
2026-09-23 14:17:25.968,10.0,0,94,8;22;94;6;0;8;2;0;0;8;3;0;0;9;0;0,733,3218,3103;3218;2911;2485;1464;2019;1867;2093;1296;1696;1801;2708;824;1095;948;733,2.4,0.0,9766.8,0,0,0,0,0,0.0,0,0,0,0,0,0,0,0,0.0,0,0,0,0,0,0.0,0.0,0.0,0,0,0,44.1,4.53,4.56,0.34,12.35,22.9,63.4,100.0032012271185,33.06904819934037,14.74256243844972,41.6615692751251,0.13671204323683234,1849.0,0.0,0.0,30.38363801724665,0.0,23.780923315915313,14.2,97.2,0.0,0.0,0.0,450.0,9766.8,0.0,0.0,1.547,1.107,2.654,17.372,1.112,1.542,emon,0.896,0.765,29.0,14.3,2.036
2026-09-23 14:17:26.969,12.2,0,98,11;27;98;9;2;19;2;3;3;9;6;2;2;2;2;0,1293,3539,3539;3361;3083;3135;2877;2345;2475;2472;2867;2058;2380;2541;1766;1293;2147;1646,2.7,0.0,9758.3,0,0,0,0,0,0.0,0,0,0,0,0,0,0,0,0.0,0,0,0,0,0,0.0,0.0,0.0,0,0,0,45.1,4.53,4.56,0.34,12.35,22.8,63.4,99.9997398480266,20.182682578344227,18.460561539040132,30.434260878433175,0.9621740665443583,1849.0,0.0,0.0,33.88458333323555,0.0,43.44221205240525,14.2,97.1,0.0,0.0,0.0,450.0,9758.3,0.0,0.0,1.547,1.107,2.654,17.372,1.112,1.542,emon,0.896,0.765,29.0,14.3,2.036
2026-09-23 14:17:27.969,11.6,0,89,14;29;89;8;0;17;0;0;0;18;2;0;0;8;0;0,1053,3242,3242;2957;3018;2744;1594;2149;2294;1412;1368;1803;1557;2113;1062;1178;1130;1053,2.3,0.0,9770.8,0,0,0,0,0,0.0,0,0,0,0,0,0,0,0,0.0,0,0,0,0,0,0.0,0.0,0.0,0,0,0,45.1,5.96,25.2,0.38,36.03,22.8,63.4,99.99092571214698,27.218621312287347,16.62086622879423,35.94511935217627,0.6256160215025062,1849.0,0.0,0.0,31.37724260758373,0.0,32.1602318350115,14.2,97.2,0.0,0.0,0.0,450.0,9770.8,0.0,0.0,1.547,1.107,2.654,17.372,1.112,1.542,emon,0.896,0.765,29.0,14.3,2.036
2026-09-23 14:17:28.970,11.3,0,78,14;37;78;11;0;19;2;0;0;8;6;0;0;6;0;0,914,3407,3276;3407;2994;2760;1542;2093;1897;1516;1613;1880;1817;1825;914;1125;1020;949,2.2,0.0,9766.8,0,0,0,0,0,0.0,0,0,0,0,0,0,0,0,0.0,0,0,0,0,0,0.0,0.0,0.0,0,0,0,45.1,5.96,25.2,0.38,36.03,22.8,63.4,100.00395298603945,28.390065044633246,17.548133817108923,38.15150594711304,0.3275794646989718,1849.0,0.0,0.0,30.5830883630156,0.0,28.74285269418509,14.2,97.2,0.0,0.0,0.0,450.0,9766.8,0.0,0.0,1.547,1.107,2.654,17.372,1.112,1.542,emon,0.896,0.765,29.0,14.3,2.036
2026-09-23 14:17:29.970,10.8,0,95,11;32;95;5;0;16;0;3;0;8;2;0;0;2;0;0,901,3309,3112;3160;3309;2890;1390;1800;1346;1208;1500;1781;1633;1392;901;1240;912;1046,2.2,0.0,9767.8,0,0,0,0,0,0.0,0,0,0,0,0,0,0,0,0.0,0,0,0,0,0,0.0,0.0,0.0,0,0,0,45.1,5.96,25.2,0.38,36.03,22.6,63.4,99.99642683330335,31.25732000162335,14.720870598366385,39.84197348356247,0.28136549750955675,1843.7368421052631,0.0,0.0,30.01305108399921,0.0,27.469412694903536,14.2,97.2,0.0,0.0,0.0,450.0,9767.8,0.0,0.0,1.547,1.107,2.654,17.372,1.112,1.542,emon,0.896,0.765,29.0,14.3,2.036
2026-09-23 14:17:30.971,16.5,0,66,22;46;66;14;0;41;3;0;0;39;6;0;2;22;3;0,911,3052,3052;2852;3029;2753;2711;2245;2265;1900;1921;2001;1739;1703;911;2489;1072;1233,2.1,0.0,9767.8,0,0,0,0,0,0.0,0,0,0,0,0,0,0,0,0.0,0,0,0,0,0,0.0,0.0,0.0,0,0,0,44.1,5.96,25.2,0.38,36.03,22.6,63.4,100.01867923615085,29.95561986781989,16.19476144328998,39.063832501696936,0.4225005377439936,1816.1974522292994,0.0,0.0,29.082111340300862,0.0,27.374510926117374,14.2,97.2,0.0,0.0,0.0,450.0,9767.8,0.0,0.0,1.547,1.107,2.654,17.372,1.112,1.542,emon,0.896,0.765,29.0,14.3,2.036
2026-09-23 14:17:31.971,14.1,0,62,22;42;62;15;0;39;2;0;0;25;5;3;2;8;2;0,853,3492,3492;3051;3118;2551;1241;2015;2203;1650;2015;1847;1909;2677;876;1067;853;925,2.1,0.0,9767.8,0,0,0,0,0,0.0,0,0,0,0,0,0,0,0,0.0,0,0,0,0,0,0.0,0.0,0.0,0,0,0,41.1,5.67,24.66,0.37,35.13,22.6,63.4,100.00118114523691,32.2702937665051,14.728260113768382,40.8963171815219,0.14697122616591315,1801.7397260273972,0.0,0.0,30.58937853537436,0.0,23.7095993730903,14.2,97.2,0.0,0.0,0.0,450.0,9759.3,0.0,0.0,1.547,1.107,2.654,17.372,1.112,1.542,emon,0.896,0.765,29.0,14.3,2.036
2026-09-23 14:17:32.971,11.5,0,89,12;35;89;6;0;9;3;0;0;19;2;2;0;5;2;0,898,3194,3130;2835;3194;2677;1597;1756;1727;1458;1406;1729;1866;1195;1094;1104;898;917,2.3,0.0,9758.3,0,0,0,0,0,0.0,0,0,0,0,0,0,0,0,0.0,0,0,0,0,0,0.0,0.0,0.0,0,0,0,41.1,5.67,24.66,0.37,35.13,22.6,63.4,100.00309893111108,32.71010756492615,14.8887042344456,41.0617733001709,0.14389679334323172,1799.0,0.0,0.0,30.04246172307938,0.0,24.36996454027363,14.2,97.2,0.0,0.0,0.0,450.0,9758.3,0.0,0.0,1.547,1.107,2.654,17.372,1.112,1.542,emon,0.896,0.765,29.0,14.3,2.036
2026-09-23 14:17:33.972,10.7,0,92,8;27;92;6;0;16;0;0;0;17;0;2;0;5;0;0,741,3349,3349;3183;3213;2816;1609;2028;2058;2042;2006;1783;1666;1421;800;1108;834;741,2.4,0.0,9757.7,0,0,0,0,0,0.0,0,0,0,0,0,0,0,0,0.0,0,0,0,0,0,0.0,0.0,0.0,0,0,0,41.1,5.67,24.66,0.37,35.13,22.6,63.4,99.9696434806375,33.746447296703565,14.396815594504861,41.79593938939712,0.17449282252859763,1799.0,0.0,0.0,30.599396543659488,0.0,24.641096747767946,14.2,97.1,0.0,0.0,0.0,450.0,9757.0,0.0,0.0,1.547,1.107,2.654,17.372,1.112,1.542,emon,0.896,0.765,29.0,14.3,2.036
2026-09-23 14:17:34.977,10.3,0,94,8;23;94;11;0;12;0;0;0;17;0;0;0;0;0;0,1000,3325,2854;2976;3325;2861;2536;1978;1601;1881;1849;1956;1976;1722;1000;1065;1010;1055,2.5,0.0,9757.0,0,0,0,0,0,0.0,0,0,0,0,0,0,0,0,0.0,0,0,0,0,0,0.0,0.0,0.0,0,0,0,41.1,5.67,24.66,0.37,35.13,22.7,63.4,99.99534473574259,21.983867133604136,17.608185724998876,33.06832125770852,0.7108977839585661,1799.0,0.0,0.0,30.328300309151683,0.0,42.047889015356375,14.2,97.1,0.0,0.0,0.0,450.0,9757.0,0.0,0.0,1.547,1.107,2.654,17.372,1.112,1.542,emon,0.896,0.765,29.0,14.3,2.036
2026-09-23 14:17:35.978,12.2,0,95,12;27;95;12;0;16;2;0;0;20;0;2;0;9;2;0,894,3282,3171;3282;2949;2704;3112;2006;1728;1639;1916;1922;1787;1770;894;1214;916;934,2.6,0.0,9758.0,0,0,0,0,0,0.0,0,0,0,0,0,0,0,0,0.0,0,0,0,0,0,0.0,0.0,0.0,0,0,0,41.1,5.8,23.97,0.38,34.51,22.6,63.4,99.99928238327439,27.398738249230224,15.104253043355168,36.379254448736035,0.6123270815697726,1799.0,0.0,0.0,31.667445711616576,0.0,34.555330002043064,14.2,97.2,0.0,0.0,0.0,450.0,9758.0,0.0,0.0,1.547,1.107,2.654,17.372,1.112,1.542,emon,0.896,0.765,29.0,14.3,2.036
2026-09-23 14:17:36.978,11.3,0,92,10;33;92;9;0;12;2;0;0;16;3;2;0;3;0;0,752,3252,3131;3252;3070;2742;1139;1732;1467;2164;1214;1735;1457;1553;752;1155;1003;869,2.6,0.0,9758.0,0,0,0,0,0,0.0,0,0,0,0,0,0,0,0,0.0,0,0,0,0,0,0.0,0.0,0.0,0,0,0,41.1,5.8,23.97,0.38,34.51,22.6,63.4,100.01579632966414,26.710680729365382,15.771752041319143,35.45986205201758,0.5400445596783159,1799.0,0.0,0.0,32.385947611274034,0.0,34.91366904739314,14.2,97.2,0.0,0.0,0.0,450.0,9758.0,0.0,0.0,11.416,3.679,15.095,18.021,1.153,13.942,emon,0.606,0.622,105.6,48.9,2.158
2026-09-23 14:17:37.979,11.7,0,91,12;34;91;6;0;19;3;0;0;19;3;0;0;0;0;0,902,3478,3478;3218;3253;2841;1267;1947;1353;2350;2118;1813;1546;2164;917;1105;922;902,2.3,0.0,9758.0,0,0,0,0,0,0.0,0,0,0,0,0,0,0,0,0.0,0,0,0,0,0,0.0,0.0,0.0,0,0,0,41.1,5.8,23.97,0.38,34.51,22.6,63.4,100.00432289420785,29.26168870606593,15.966031365580372,38.37801458618858,0.4912030059820065,1803.8701298701299,0.0,0.0,30.250981946578612,0.0,29.138814940620048,14.2,97.2,0.0,0.0,0.0,450.0,9758.0,0.0,0.0,11.416,3.679,15.095,18.021,1.153,13.942,emon,0.606,0.622,105.6,48.9,2.158
2026-09-23 14:17:38.979,10.8,0,89,26;12;89;2;0;10;11;0;0;6;14;0;0;2;2;0,975,3378,3305;3378;3232;2799;1645;2025;1960;1541;1226;2139;1697;1524;975;1054;1090;1043,2.5,0.0,9769.7,0,0,0,0,0,0.0,0,0,0,0,0,0,0,0,0.0,0,0,0,0,0,0.0,0.0,0.0,0,0,0,43.1,5.8,23.97,0.38,34.51,22.6,63.4,99.99445044027793,31.128928488976246,14.9524364535873,40.21114749521823,0.24476261309197023,1799.0,0.0,0.0,30.154547163464656,0.0,26.953810243256942,14.2,97.1,0.0,0.0,0.0,450.0,9769.7,0.0,0.0,11.416,3.679,15.095,18.021,1.153,13.942,emon,0.606,0.622,105.6,48.9,2.158
2026-09-23 14:17:39.980,14.6,0,86,28;28;86;15;0;0;28;5;2;2;27;5;0;0;8;2,838,3863,3404;3863;3615;3332;2212;1222;1985;2357;2486;1269;1918;2303;949;838;1042;979,100.0,0.0,9771.5,0,0,0,0,0,0.0,0,0,0,0,0,0,0,0,0.0,0,0,0,0,0,0.0,0.0,0.0,0,0,0,43.1,5.97,23.34,0.38,34.39,22.6,63.4,95.68874155756939,21.369999995702003,23.307696967598904,36.12936607577715,7.7539839461496305,1816.4698795180723,0.0,0.0,30.541751868336977,0.0,23.881284507580595,14.2,97.2,0.0,0.0,0.0,450.0,9770.5,0.0,0.0,11.416,3.679,15.095,18.021,1.153,13.942,emon,0.606,0.622,105.6,48.9,2.158
2026-09-23 14:17:40.980,11.3,0,91,28;11;91;8;0;0;17;0;0;0;20;2;0;0;5;0,872,4359,3465;3778;4359;4105;2239;2137;2231;2325;2339;1728;1780;1874;872;942;1036;949,97.2,0.0,9767.5,0,0,0,0,0,0.0,0,0,0,0,0,0,0,0,0.0,0,0,0,0,0,0.0,0.0,0.0,0,0,0,44.1,5.97,23.34,0.38,34.39,22.6,63.4,93.38532154438859,14.08720074343991,28.887770122895805,32.04635163922768,13.624469491384797,1799.0,0.0,0.0,32.043179236793115,0.0,21.284337874270427,14.0,95.3,0.0,0.0,0.0,450.0,9767.5,0.0,0.0,11.416,3.679,15.095,18.021,1.153,13.942,emon,0.606,0.622,105.6,48.9,2.158
2026-09-23 14:17:41.981,11.3,0,94,35;8;94;2;0;0;17;0;0;0;16;5;0;0;5;0,624,4381,3429;3492;4381;4014;2214;2033;2301;2210;2144;2060;1974;2113;791;935;1067;624,97.2,0.0,9767.5,0,0,0,0,0,0.0,0,0,0,0,0,0,0,0,0.0,0,0,0,0,0,0.0,0.0,0.0,0,0,0,42.1,5.97,23.34,0.38,34.39,22.6,63.4,93.79877938179487,14.236454087027003,29.175874892245517,32.27797423654728,14.019438265079863,1799.0,0.0,0.0,33.003179471372114,0.0,20.599899266149293,14.0,95.4,0.0,0.0,0.0,450.0,9766.5,0.0,0.0,11.416,3.679,15.095,18.021,1.153,13.942,emon,0.606,0.622,105.6,48.9,2.158
2026-09-23 14:17:42.981,11.2,0,98,22;6;98;5;0;0;16;0;0;0;19;5;0;0;9;0,705,4399,3510;3769;4399;3943;2484;1639;2011;1885;2061;2095;2039;2181;759;705;1038;756,98.9,0.0,9766.5,0,0,0,0,0,0.0,0,0,0,0,0,0,0,0,0.0,0,0,0,0,0,0.0,0.0,0.0,0,0,0,42.1,5.97,23.34,0.38,34.39,22.6,63.4,95.3185963592832,12.23143729157672,28.76047366573697,30.408852861336772,13.02538303571147,1799.0,0.0,0.0,30.83728106942634,0.0,32.609276675562725,14.0,95.3,0.0,0.0,0.0,450.0,9766.5,0.0,0.0,11.416,3.679,15.095,18.021,1.153,13.942,emon,0.606,0.622,105.6,48.9,2.158
2026-09-23 14:17:43.982,12.2,0,97,34;16;97;6;0;0;14;2;0;0;19;2;0;0;6;0,816,4307,3520;3625;4307;4043;3169;2142;2383;2802;3231;2742;2501;2259;893;816;1079;864,100.0,0.0,9758.0,0,0,0,0,0,0.0,0,0,0,0,0,0,0,0,0.0,0,0,0,0,0,0.0,0.0,0.0,0,0,0,43.1,10.86,12.83,0.4,34.2,22.6,63.4,95.67609752283133,12.056494599898636,27.376856197707326,28.093224319251807,12.23203373673906,1799.0,0.0,0.0,30.745543484465475,0.0,36.80138289790967,14.0,95.3,0.0,0.0,0.0,450.0,9758.0,0.0,0.0,11.416,3.679,15.095,18.021,1.153,13.942,emon,0.606,0.622,105.6,48.9,2.158
2026-09-23 14:17:44.982,11.6,0,91,30;9;91;5;0;0;26;2;0;0;14;3;0;0;6;0,599,4384,3621;3707;4384;4076;2067;1980;2080;2275;3152;2449;2282;1609;802;599;1119;735,95.9,0.0,9758.0,0,0,0,0,0,0.0,0,0,0,0,0,0,0,0,0.0,0,0,0,0,0,0.0,0.0,0.0,0,0,0,43.1,10.86,12.83,0.4,34.2,22.6,63.4,95.44464231748134,12.346909140862408,27.75929437763989,29.103274704364594,12.944691464225798,1799.0,0.0,0.0,31.140282931586626,0.0,34.0824559492105,14.0,95.3,0.0,0.0,0.0,450.0,9758.0,0.0,0.0,11.416,3.679,15.095,18.021,1.153,13.942,emon,0.606,0.622,105.6,48.9,2.158
2026-09-23 14:17:45.983,13.3,0,84,40;22;84;5;0;0;10;3;0;0;14;6;0;0;29;0,924,4287,3512;3723;4287;3871;1703;932;2237;2216;2782;1518;2177;2170;924;959;2020;1013,99.4,0.0,9758.0,0,0,0,0,0,0.0,0,0,0,0,0,0,0,0,0.0,0,0,0,0,0,0.0,0.0,0.0,0,0,0,42.1,10.86,12.83,0.4,34.2,22.6,63.4,94.56427672931126,13.492570290112583,28.98987952124309,31.57469955629903,13.70895350775842,1799.0,0.0,0.0,32.37790825665387,0.0,27.03928426373879,14.0,95.7,0.0,0.0,0.0,450.0,9760.7,0.0,0.0,11.416,3.679,15.095,18.021,1.153,13.942,emon,0.606,0.622,105.6,48.9,2.158
2026-09-23 14:17:46.983,11.7,0,89,34;12;89;5;0;0;12;3;0;0;22;3;0;0;6;0,762,4353,3535;3780;4353;3999;1395;1036;1987;2341;2354;1928;2209;2049;762;817;1017;844,93.3,0.0,9758.0,0,0,0,0,0,0.0,0,0,0,0,0,0,0,0,0.0,0,0,0,0,0,0.0,0.0,0.0,0,0,0,43.1,10.86,12.83,0.4,34.2,22.6,63.4,93.42097134642549,13.81917997768947,28.2924775658073,31.50041496884692,13.300869111422,1799.0,0.0,0.0,32.26150728502966,0.0,21.402961777569214,14.0,95.6,0.0,0.0,0.0,450.0,9758.0,0.0,0.0,11.416,3.679,15.095,18.021,1.153,13.942,emon,0.606,0.622,105.6,48.9,2.158
2026-09-23 14:17:47.983,11.0,0,91,29;9;91;5;0;0;17;2;0;0;14;0;0;0;9;0,828,4336,3506;3414;4336;4001;2253;2219;2312;2167;2450;2154;2285;2045;828;922;1285;1026,100.0,0.0,9759.0,0,0,0,0,0,0.0,0,0,0,0,0,0,0,0,0.0,0,0,0,0,0,0.0,0.0,0.0,0,0,0,43.1,10.71,12.83,0.4,34.09,22.6,63.4,91.81504124161825,14.37448147680029,29.01683677276435,32.578138097862286,14.05388561924758,1799.0,0.0,0.0,32.188905497490715,0.0,20.58229642563817,14.0,95.6,0.0,0.0,0.0,450.0,9759.0,0.0,0.0,11.416,3.679,15.095,18.021,1.153,13.942,emon,0.606,0.622,105.6,48.9,2.158
2026-09-23 14:17:48.984,11.9,0,95,28;22;95;8;0;0;12;0;0;0;19;3;0;0;3;0,818,4260,3397;3656;4260;3918;2988;2531;2229;2181;2631;2523;2419;1839;818;1056;1055;889,93.1,0.0,9760.7,0,0,0,0,0,0.0,0,0,0,0,0,0,0,0,0.0,0,0,0,0,0,0.0,0.0,0.0,0,0,0,43.1,10.71,12.83,0.4,34.09,22.6,63.4,94.98468519412474,12.58123439793795,28.268562910512156,30.519004434622037,12.950635071876684,1799.0,0.0,0.0,33.822867830149576,0.0,26.89942915578457,14.0,95.6,0.0,0.0,0.0,450.0,9758.0,0.0,0.0,108.053,1.051,109.104,25.814,1.652,107.452,emon,0.602,0.305,145.3,67.6,2.149
2026-09-23 14:17:49.985,10.9,0,95,28;8;95;5;0;0;12;2;0;0;16;3;0;0;6;0,655,4378,3460;3425;4378;3984;1805;1507;1880;1899;2740;2098;2308;1939;951;655;1043;879,100.0,0.0,9594.2,0,0,0,0,0,0.0,0,0,0,0,0,0,0,0,0.0,0,0,0,0,0,0.0,0.0,0.0,0,0,0,42.1,10.71,12.83,0.4,34.09,22.6,63.4,93.81616990433798,13.188571360100198,28.822764725596816,31.24632498787509,14.036678050334254,1799.0,0.0,0.0,31.803827576092402,0.0,28.695312255548068,14.0,95.6,0.0,0.0,0.0,450.0,9668.6,0.0,0.0,108.053,1.051,109.104,25.814,1.652,107.452,emon,0.602,0.305,145.3,67.6,2.149
2026-09-23 14:17:50.985,15.5,0,83,44;25;83;12;0;0;27;6;0;0;23;9;2;0;17;2,684,4342,3602;3782;4342;3923;2110;2515;2065;2038;2247;2126;2254;1904;1054;684;1066;822,100.0,0.0,9592.4,0,0,0,0,0,0.0,0,0,0,0,0,0,0,0,0.0,0,0,0,0,0,0.0,0.0,0.0,0,0,0,41.1,10.71,12.83,0.4,34.09,22.6,63.4,95.02700066566467,12.681745773533711,27.626548181245994,29.412417460266536,12.865398391672233,1799.0,0.0,0.0,32.29328240522578,0.0,30.662373398921115,14.0,95.6,0.0,0.0,0.0,450.0,9592.4,0.0,0.0,108.053,1.051,109.104,25.814,1.652,107.452,emon,0.602,0.305,145.3,67.6,2.149
2026-09-23 14:17:51.986,10.9,0,91,29;6;91;9;0;0;16;0;0;0;17;2;0;0;5;0,750,4367,3480;3589;4367;3983;1395;1749;1970;1876;2073;2033;2173;2283;926;750;1192;970,100.0,0.0,9592.4,0,0,0,0,0,0.0,0,0,0,0,0,0,0,0,0.0,0,0,0,0,0,0.0,0.0,0.0,0,0,0,42.1,10.46,12.92,0.4,33.88,22.6,63.4,94.74854119618733,13.819575475771368,29.57101589379211,31.978605694059905,14.17314648871737,1799.0,0.0,0.0,32.605467864132756,0.0,29.12054233601386,14.0,95.6,0.0,0.0,0.0,450.0,9592.4,0.0,0.0,108.053,1.051,109.104,25.814,1.652,107.452,emon,0.602,0.305,145.3,67.6,2.149
2026-09-23 14:17:52.986,10.3,0,94,20;9;94;2;0;0;17;0;0;0;9;3;0;0;9;0,811,4362,3476;3498;4362;3999;1966;1271;1996;2582;2338;2769;2201;1937;811;859;1031;862,93.2,0.0,9592.4,0,0,0,0,0,0.0,0,0,0,0,0,0,0,0,0.0,0,0,0,0,0,0.0,0.0,0.0,0,0,0,41.1,10.46,12.92,0.4,33.88,22.6,63.4,92.9693478661022,14.434961373778595,28.696375178194593,32.37769774732919,13.56570754731181,1799.0,0.0,0.0,31.98648212910041,0.0,22.816119896140936,14.0,95.7,0.0,0.0,0.0,450.0,9592.4,0.0,0.0,108.053,1.051,109.104,25.814,1.652,107.452,emon,0.602,0.305,145.3,67.6,2.149
2026-09-23 14:17:53.987,12.7,0,86,29;20;86;11;0;0;22;2;0;0;23;0;0;0;11;0,783,4281,3477;3843;4281;3923;1680;2128;2142;2973;1211;2035;2167;1835;783;811;1025;824,100.0,0.0,9592.4,0,0,0,0,0,0.0,0,0,0,0,0,0,0,0,0.0,0,0,0,0,0,0.0,0.0,0.0,0,0,0,42.1,10.46,12.92,0.4,33.88,22.6,63.4,93.72897503702774,13.475104615130098,28.481642496767382,31.09765364933135,13.733543700335293,1799.0,0.0,0.0,32.351807038013725,0.0,24.720549122040623,14.0,95.4,0.0,0.0,0.0,450.0,9592.4,0.0,0.0,108.053,1.051,109.104,25.814,1.652,107.452,emon,0.602,0.305,145.3,67.6,2.149
2026-09-23 14:17:54.987,17.3,0,78,44;22;78;14;6;2;27;3;0;2;36;2;3;5;29;5,826,4294,3583;3427;4294;3964;1329;1417;2429;2447;2227;1645;2281;2031;826;925;1194;845,100.0,0.0,9592.4,0,0,0,0,0,0.0,0,0,0,0,0,0,0,0,0.0,0,0,0,0,0,0.0,0.0,0.0,0,0,0,42.1,10.46,12.92,0.4,33.88,22.6,63.4,94.55941146465358,13.816086679476822,30.1183368795611,32.98679846965621,14.483211860308433,1799.0,0.0,0.0,33.36644904217522,0.0,24.529935695307877,14.0,95.8,0.0,0.0,0.0,450.0,9592.4,0.0,0.0,108.053,1.051,109.104,25.814,1.652,107.452,emon,0.602,0.305,145.3,67.6,2.149
2026-09-23 14:17:55.988,11.8,0,97,27;17;97;3;0;0;19;0;0;0;14;5;0;0;8;0,733,4388,3514;3693;4388;4094;2517;1990;2275;2384;2098;1855;2278;1837;733;984;991;969,93.1,0.0,9592.4,0,0,0,0,0,0.0,0,0,0,0,0,0,0,0,0.0,0,0,0,0,0,0.0,0.0,0.0,0,0,0,41.1,10.65,12.93,0.4,34.11,22.4,63.4,95.40176059739632,11.628564068431386,27.9596233165055,29.1501566967159,11.765095116118001,1799.0,0.0,0.0,29.321614511509573,0.0,39.81345527574243,14.0,95.4,0.0,0.0,0.0,450.0,9592.4,0.0,0.0,108.053,1.051,109.104,25.814,1.652,107.452,emon,0.602,0.305,145.3,67.6,2.149
2026-09-23 14:17:56.988,11.6,0,95,36;11;95;2;0;0;14;2;0;0;17;0;0;0;9;0,739,4351,3536;3671;4351;4061;2326;1466;1985;2072;1885;1421;2367;2193;878;739;1112;1329,99.1,0.0,9592.4,0,0,0,0,0,0.0,0,0,0,0,0,0,0,0,0.0,0,0,0,0,0,0.0,0.0,0.0,0,0,0,42.1,10.65,12.93,0.4,34.11,22.4,63.4,94.3052633553069,12.81279565106521,28.029516021590428,30.290883623097276,12.553697801502716,1799.0,0.0,0.0,30.660275798097118,0.0,27.60497530386892,14.0,95.6,0.0,0.0,0.0,450.0,9592.4,0.0,0.0,108.053,1.051,109.104,25.814,1.652,107.452,emon,0.602,0.305,145.3,67.6,2.149
2026-09-23 14:17:57.989,10.6,0,89,38;9;89;3;0;0;9;0;0;0;16;0;0;0;5;0,869,4355,3538;3849;4355;4034;1243;1251;2045;2534;2002;1407;2138;2169;869;993;1044;968,92.3,0.0,9592.4,0,0,0,0,0,0.0,0,0,0,0,0,0,0,0,0.0,0,0,0,0,0,0.0,0.0,0.0,0,0,0,43.1,10.65,12.93,0.4,34.11,22.4,63.4,93.4874473336953,13.84818256536707,29.133344349624522,31.977910642591702,14.03816955162203,1799.0,0.0,0.0,33.55309946418988,0.0,22.994017514362746,14.0,95.3,0.0,0.0,0.0,450.0,9592.4,0.0,0.0,108.053,1.051,109.104,25.814,1.652,107.452,emon,0.602,0.305,145.3,67.6,2.149
2026-09-23 14:17:58.989,14.0,0,98,39;16;98;9;0;0;20;2;0;0;26;3;2;0;9;0,828,4366,3732;3870;4366;4022;2348;1758;2314;2594;2075;1951;2389;2188;859;943;1012;828,93.3,0.0,9592.4,0,0,0,0,0,0.0,0,0,0,0,0,0,0,0,0.0,0,0,0,0,0,0.0,0.0,0.0,0,0,0,43.1,10.65,12.93,0.4,34.11,22.4,63.4,94.34167053916238,12.916087797470391,28.872945587201553,30.51785356185653,13.977459912781011,1799.0,0.0,0.0,33.45397159457101,0.0,31.821226987764067,14.0,95.4,0.0,0.0,0.0,450.0,9592.4,0.0,0.0,108.053,1.051,109.104,25.814,1.652,107.452,emon,0.602,0.305,145.3,67.6,2.149
2026-09-23 14:17:59.990,21.6,0,94,59;35;94;28;11;5;31;8;5;6;31;15;2;3;13;0,1402,4221,3923;3879;4221;3980;3176;3151;2500;2838;2933;3048;2542;2759;2166;1994;1402;1703,95.5,0.0,9592.4,0,0,0,0,0,0.0,0,0,0,0,0,0,0,0,0.0,0,0,0,0,0,0.0,0.0,0.0,0,0,0,47.1,11.24,12.84,0.4,34.66,22.4,63.4,93.62671711965261,13.485050435447452,28.47759872281612,31.08607031730226,12.505843109588332,1799.0,0.0,0.0,29.803476176933778,0.0,26.225612286687326,14.0,95.1,0.0,0.0,0.0,450.0,9592.4,0.0,0.0,108.572,1.195,109.766,27.097,1.734,108.032,emon,0.599,0.374,145.1,67.3,2.155
2026-09-23 14:18:00.991,14.9,0,86,37;22;86;9;0;0;32;3;2;0;26;2;3;0;14;3,607,4314,3431;3636;4314;3971;2241;1904;2211;2463;1465;3270;2092;1667;607;835;1087;801,95.9,0.0,9592.4,0,0,0,0,0,0.0,0,0,0,0,0,0,0,0,0.0,0,0,0,0,0,0.0,0.0,0.0,0,0,0,42.1,11.24,12.84,0.4,34.66,22.4,63.4,93.96727850498297,14.13563947157982,30.30955597315079,33.38143871013935,14.944331573866881,1799.0,0.0,0.0,33.70574583403098,0.0,23.985465567874968,14.0,95.5,0.0,0.0,0.0,450.0,9592.4,0.0,0.0,108.572,1.195,109.766,27.097,1.734,108.032,emon,0.599,0.374,145.1,67.3,2.155
2026-09-23 14:18:01.991,15.9,0,92,42;17;92;6;6;2;34;6;3;2;23;6;2;0;5;8,984,4243,3839;3964;4243;3975;3172;3183;2415;3040;2967;3124;2441;2808;1332;984;1716;2289,83.5,0.0,9592.4,0,0,0,0,0,0.0,0,0,0,0,0,0,0,0,0.0,0,0,0,0,0,0.0,0.0,0.0,0,0,0,41.1,11.24,12.84,0.4,34.66,22.4,63.4,96.32470423554722,11.92638774742436,29.05540306559981,30.24644062295556,14.554844306962092,1799.0,0.0,0.0,36.23620803530363,0.0,36.45261100989749,14.0,95.4,0.0,0.0,0.0,450.0,9592.4,0.0,0.0,108.572,1.195,109.766,27.097,1.734,108.032,emon,0.599,0.374,145.1,67.3,2.155
2026-09-23 14:18:02.991,12.9,0,95,38;6;95;9;0;0;29;0;0;0;25;0;0;0;5;0,970,4287,3750;3913;4287;3948;1404;1303;2240;1208;2429;1377;2190;1745;978;974;1023;970,83.5,0.0,9592.4,0,0,0,0,0,0.0,0,0,0,0,0,0,0,0,0.0,0,0,0,0,0,0.0,0.0,0.0,0,0,0,41.1,11.24,12.84,0.4,34.66,22.4,63.4,93.94440104822407,12.879659783679807,27.544352689666063,30.223466744871953,13.804535536554896,1799.0,0.0,0.0,33.54285468937695,0.0,26.930288979329607,14.0,95.7,0.0,0.0,0.0,450.0,9592.4,0.0,0.0,108.572,1.195,109.766,27.097,1.734,108.032,emon,0.599,0.374,145.1,67.3,2.155
2026-09-23 14:18:03.992,14.5,0,86,39;23;86;8;0;0;30;3;2;0;34;3;0;0;5;0,682,4336,3639;3856;4336;3949;1364;1668;2385;2431;2464;1647;2403;2281;855;682;938;897,100.0,0.0,9592.4,0,0,0,0,0,0.0,0,0,0,0,0,0,0,0,0.0,0,0,0,0,0,0.0,0.0,0.0,0,0,0,42.1,11.21,12.76,0.4,34.49,22.4,63.4,94.64241130665096,13.37139946943316,28.43990392395944,31.36971361860821,14.183852162983532,1799.0,0.0,0.0,33.70709843359737,0.0,24.78055573314621,14.1,96.1,0.0,0.0,0.0,450.0,9593.4,0.0,0.0,108.572,1.195,109.766,27.097,1.734,108.032,emon,0.599,0.374,145.1,67.3,2.155
2026-09-23 14:18:04.992,12.6,0,94,42;8;94;6;0;0;23;2;0;0;22;3;0;0;2;0,797,4211,3604;3641;4211;3908;1244;1296;2224;1715;1433;1624;2453;3104;1017;831;1166;797,86.9,0.0,9592.3,0,0,0,0,0,0.0,0,0,0,0,0,0,0,0,0.0,0,0,0,0,0,0.0,0.0,0.0,0,0,0,42.1,11.21,12.76,0.4,34.49,22.4,63.4,94.72237459502436,14.460413463413715,29.53859997879375,32.891874614087016,14.230062469564887,1799.0,0.0,0.0,32.79939055778562,0.0,20.912929988807512,14.0,95.8,0.0,0.0,0.0,450.0,9592.3,0.0,0.0,108.572,1.195,109.766,27.097,1.734,108.032,emon,0.599,0.374,145.1,67.3,2.155
2026-09-23 14:18:05.993,13.2,0,86,46;17;86;6;2;0;28;2;0;0;20;0;0;2;0;3,637,4260,3773;4245;4260;3971;1903;2672;2379;2335;1847;2175;2584;1990;785;637;989;941,100.0,0.0,9580.7,0,0,0,0,0,0.0,0,0,0,0,0,0,0,0,0.0,0,0,0,0,0,0.0,0.0,0.0,0,0,0,42.1,11.21,12.76,0.4,34.49,22.4,63.4,95.57328329677075,13.636969442017772,29.600948400729525,32.06161606595316,15.677736864812607,1799.0,0.0,0.0,36.62359905962634,0.0,29.548357662851192,14.0,95.7,0.0,0.0,0.0,450.0,9580.7,0.0,0.0,108.572,1.195,109.766,27.097,1.734,108.032,emon,0.599,0.374,145.1,67.3,2.155
2026-09-23 14:18:06.993,12.5,0,88,35;14;88;3;0;0;20;0;3;0;28;2;0;0;8;0,756,4164,3772;4050;4164;3935;1863;1281;2208;1977;2493;1527;2270;2012;846;756;939;796,100.0,0.0,9572.2,0,0,0,0,0,0.0,0,0,0,0,0,0,0,0,0.0,0,0,0,0,0,0.0,0.0,0.0,0,0,0,41.1,11.21,12.76,0.4,34.49,22.4,63.4,94.5021570112024,14.680645030056883,28.77975516947169,32.43897039064281,13.952057232703304,1799.0,0.0,0.0,32.56023077648189,0.0,21.21112934226126,14.0,95.6,0.0,0.0,0.0,450.0,9572.2,0.0,0.0,108.572,1.195,109.766,27.097,1.734,108.032,emon,0.599,0.374,145.1,67.3,2.155
2026-09-23 14:18:08.017,11.7,0,91,27;11;91;5;0;0;18;0;0;0;31;0;0;0;4;0,750,4290,3515;3524;4290;4084;1922;1503;2462;1545;2860;1503;2453;2079;750;873;1089;838,98.5,0.0,9572.2,0,0,0,0,0,0.0,0,0,0,0,0,0,0,0,0.0,0,0,0,0,0,0.0,0.0,0.0,0,0,0,42.1,10.8,12.77,0.4,34.03,22.5,63.4,96.04909205360535,12.560380626166353,29.75313435804349,31.392461763736538,15.87889828859046,1799.0,0.0,0.0,38.63257268110637,0.0,34.314216333470675,14.0,95.3,0.0,0.0,0.0,450.0,9572.2,0.0,0.0,108.572,1.195,109.766,27.097,1.734,108.032,emon,0.599,0.374,145.1,67.3,2.155
2026-09-23 14:18:09.018,13.6,0,86,34;29;86;3;0;0;13;14;0;0;19;11;0;0;5;3,771,4277,3827;3708;4277;3827;2361;1948;2785;2447;2172;1720;2183;2209;771;861;893;1040,97.1,0.0,9572.3,0,0,0,0,0,0.0,0,0,0,0,0,0,0,0,0.0,0,0,0,0,0,0.0,0.0,0.0,0,0,0,43.1,10.8,12.77,0.4,34.03,22.4,63.4,96.68825928370158,13.186816385220672,29.940626309909362,31.814324025128716,16.76618735350131,1799.0,0.0,0.0,38.11125806354032,0.0,34.14435103870162,14.0,95.7,0.0,0.0,0.0,450.0,9572.3,0.0,0.0,108.572,1.195,109.766,27.097,1.734,108.032,emon,0.599,0.374,145.1,67.3,2.155
2026-09-23 14:18:10.018,10.9,0,95,6;30;95;3;0;0;0;23;0;0;0;17;0;0;0;0,750,4208,4011;3704;4208;3969;2181;1713;2138;2486;1705;2225;1383;2247;923;829;750;929,93.6,0.0,9572.3,0,0,0,0,0,0.0,0,0,0,0,0,0,0,0,0.0,0,0,0,0,0,0.0,0.0,0.0,0,0,0,44.1,10.8,12.77,0.4,34.03,22.4,63.4,95.18241778222641,13.590477965652278,28.073750139463066,30.92843423119866,14.284086592606094,1799.0,0.0,0.0,34.03872015301396,0.0,26.243001090355715,14.1,96.0,0.0,0.0,0.0,450.0,9572.3,0.0,0.0,108.572,1.195,109.766,27.097,1.734,108.032,emon,0.599,0.374,145.1,67.3,2.155
2026-09-23 14:18:11.019,12.9,0,88,17;38;88;5;0;2;0;23;0;0;0;28;0;0;0;6,751,4163,3794;3823;4163;4025;2242;1984;2238;2576;1810;1759;1533;2430;819;847;751;920,93.4,0.0,9572.3,0,0,0,0,0,0.0,0,0,0,0,0,0,0,0,0.0,0,0,0,0,0,0.0,0.0,0.0,0,0,0,42.1,10.8,12.77,0.4,34.03,22.4,63.4,94.74078882174058,13.301824659676376,28.16366488445889,30.64855496842753,14.798698500137437,1799.0,0.0,0.0,36.71320440199184,0.0,27.21225685598499,14.0,95.5,0.0,0.0,0.0,450.0,9572.3,0.0,0.0,108.572,1.195,109.766,27.097,1.734,108.032,emon,0.599,0.374,145.1,67.3,2.155
2026-09-23 14:18:12.019,11.2,0,91,8;32;91;5;0;0;0;27;0;0;0;16;0;0;0;2,696,4146,3969;3719;4146;3870;2096;3131;1922;2426;2253;2410;2929;2552;873;849;696;1275,97.3,0.0,9572.2,0,0,0,0,0,0.0,0,0,0,0,0,0,0,0,0.0,0,0,0,0,0,0.0,0.0,0.0,0,0,0,40.1,10.95,12.78,0.4,34.24,22.4,63.4,96.09685652564016,13.987280723472287,28.890555052951193,31.76441752678006,15.113225758610445,1799.0,0.0,0.0,35.79025112151427,0.0,27.727149239636226,14.0,95.8,0.0,0.0,0.0,450.0,9572.2,0.0,0.0,108.325,1.149,109.474,23.421,1.499,107.975,emon,0.595,0.361,144.4,67.3,2.146
2026-09-23 14:18:13.019,10.5,0,91,0;30;91;5;0;0;0;20;0;0;0;22;0;0;0;0,749,4163,3842;3729;4163;3850;1850;1436;1348;2218;1482;1347;1943;2380;866;953;749;942,97.3,0.0,9572.2,0,0,0,0,0,0.0,0,0,0,0,0,0,0,0,0.0,0,0,0,0,0,0.0,0.0,0.0,0,0,0,41.1,10.95,12.78,0.4,34.24,22.4,63.4,94.0536015204021,14.77350346247355,29.257210867745535,33.02472262155442,14.335324071857723,1799.0,0.0,0.0,32.532148666860024,0.0,21.365845080107515,14.0,95.6,0.0,0.0,0.0,450.0,9572.2,0.0,0.0,108.325,1.149,109.474,23.421,1.499,107.975,emon,0.595,0.361,144.4,67.3,2.146
2026-09-23 14:18:14.020,14.2,0,89,16;42;89;11;0;2;0;27;3;0;0;32;0;0;0;6,839,4312,3747;3600;4312;3999;2159;3280;2563;2502;2102;2506;3219;2617;1307;839;982;1758,100.0,0.0,9572.3,0,0,0,0,0,0.0,0,0,0,0,0,0,0,0,0.0,0,0,0,0,0,0.0,0.0,0.0,0,0,0,41.1,10.95,12.78,0.4,34.24,22.4,63.4,95.03083711124602,13.10418475588695,30.078475531509945,32.19862366481906,14.380162715468378,1799.0,0.0,0.0,34.166863850531875,0.0,26.73586127965994,14.1,95.9,0.0,0.0,0.0,450.0,9572.3,0.0,0.0,108.325,1.149,109.474,23.421,1.499,107.975,emon,0.595,0.361,144.4,67.3,2.146
2026-09-23 14:18:15.021,12.8,0,92,17;35;92;3;3;0;0;27;0;0;0;23;0;0;0;5,862,4120,3958;3743;4120;4007;2577;2104;1093;2412;1564;1909;2464;2473;862;870;982;1017,98.9,0.0,9572.3,0,0,0,0,0,0.0,0,0,0,0,0,0,0,0,0.0,0,0,0,0,0,0.0,0.0,0.0,0,0,0,41.1,10.95,12.78,0.4,34.24,22.4,63.4,95.35032355046906,13.223003704232715,29.799235484241386,32.08685466383411,16.001283143309102,1799.0,0.0,0.0,36.17941150374183,0.0,28.30559518436592,14.0,95.7,0.0,0.0,0.0,450.0,9573.3,0.0,0.0,108.325,1.149,109.474,23.421,1.499,107.975,emon,0.595,0.361,144.4,67.3,2.146
2026-09-23 14:18:16.021,12.4,0,89,11;31;89;8;2;2;0;29;0;0;0;20;2;0;0;5,699,4215,3962;3764;4215;4046;1610;1870;2599;2014;1479;1950;1721;2408;884;831;699;947,2.4,0.0,9572.3,0,0,0,0,0,0.0,0,0,0,0,0,0,0,0,0.0,0,0,0,0,0,0.0,0.0,0.0,0,0,0,42.1,10.77,12.8,0.4,34.06,22.4,63.4,94.93366771340371,14.389756606444717,29.70159240245819,32.96211025238037,15.787056853212416,1799.0,0.0,0.0,35.36923909222707,0.0,25.97140874451403,14.0,95.8,0.0,0.0,0.0,450.0,9572.3,0.0,0.0,108.325,1.149,109.474,23.421,1.499,107.975,emon,0.595,0.361,144.4,67.3,2.146
2026-09-23 14:18:17.022,11.6,0,94,8;43;94;2;0;0;0;16;0;2;0;19;0;0;0;3,821,4192,3953;3728;4192;3880;2092;1263;1372;2281;1732;3175;1384;2281;1011;882;821;941,100.0,0.0,9572.3,0,0,0,0,0,0.0,0,0,0,0,0,0,0,0,0.0,0,0,0,0,0,0.0,0.0,0.0,0,0,0,41.1,10.77,12.8,0.4,34.06,22.4,63.4,93.34508214154086,14.36378821749835,29.247113102125926,32.67798007977615,14.52972737327218,1799.0,0.0,0.0,32.808690772092504,0.0,22.36260372848323,14.0,95.9,0.0,0.0,0.0,450.0,9572.3,0.0,0.0,108.325,1.149,109.474,23.421,1.499,107.975,emon,0.595,0.361,144.4,67.3,2.146
2026-09-23 14:18:18.022,11.7,0,95,9;34;95;3;2;0;0;22;0;0;0;20;0;0;0;2,806,4308,3986;3713;4308;4055;1766;2005;2040;2438;1791;1391;1336;2455;806;839;848;1028,100.0,0.0,9572.2,0,0,0,0,0,0.0,0,0,0,0,0,0,0,0,0.0,0,0,0,0,0,0.0,0.0,0.0,0,0,0,41.1,10.77,12.8,0.4,34.06,22.4,63.4,94.25075954693119,14.308110803365707,29.443063248185123,32.49300798699714,15.82675345467358,1799.0,0.0,0.0,36.445171203076406,0.0,28.661061026070225,14.0,95.4,0.0,0.0,0.0,450.0,9572.2,0.0,0.0,108.325,1.149,109.474,23.421,1.499,107.975,emon,0.595,0.361,144.4,67.3,2.146
2026-09-23 14:18:19.023,11.4,0,91,9;27;91;14;2;0;0;14;0;0;0;26;0;0;0;0,851,4276,3957;3643;4276;3976;2713;1905;1875;2572;2404;1986;1783;2429;851;864;891;998,100.0,0.0,9573.2,0,0,0,0,0,0.0,0,0,0,0,0,0,0,0,0.0,0,0,0,0,0,0.0,0.0,0.0,0,0,0,42.1,10.77,12.8,0.4,34.06,22.4,63.4,93.4066311120987,14.689563390754518,28.88892658551534,32.67325111230215,14.441659860667729,1799.0,0.0,0.0,33.74709706374311,0.0,20.01144285747432,14.0,95.9,0.0,0.0,0.0,450.0,9573.2,0.0,0.0,108.325,1.149,109.474,23.421,1.499,107.975,emon,0.595,0.361,144.4,67.3,2.146
2026-09-23 14:18:20.023,11.9,0,89,8;33;89;3;2;3;0;27;0;0;2;20;2;0;0;3,758,4219,3913;3596;4219;3893;2280;2421;2133;2498;1802;1651;1704;2350;1024;977;758;1052,93.9,0.0,9574.9,0,0,0,0,0,0.0,0,0,0,0,0,0,0,0,0.0,0,0,0,0,0,0.0,0.0,0.0,0,0,0,42.1,10.72,12.91,0.4,34.13,22.4,63.4,94.23798944010879,14.481008504015026,29.217370663267193,32.67304967244466,14.385302683259502,1799.0,0.0,0.0,34.33566622605519,0.0,22.199493052109027,14.1,96.0,0.0,0.0,0.0,450.0,9572.2,0.0,0.0,108.325,1.149,109.474,23.421,1.499,107.975,emon,0.595,0.361,144.4,67.3,2.146
2026-09-23 14:18:21.023,15.3,0,97,19;40;97;6;5;0;0;23;3;0;0;20;2;0;0;29,1064,4650,4575;4352;4650;4593;2268;2926;3138;2814;2742;2911;1775;2827;2305;1233;1064;2564,3.7,0.0,896.6,0,0,0,0,0,0.0,0,0,0,0,0,0,0,0,0.0,0,0,0,0,0,0.0,0.0,0.0,0,0,0,59.1,10.72,12.91,0.4,34.13,14.0,63.4,66.12193323287767,9.86545371582021,22.534947450627985,23.719073467801525,0.5887175270607671,1158.7938144329896,0.0,0.0,0.0,0.0,50.64165141851132,2.7,14.8,0.0,0.0,0.0,450.0,896.6,0.0,0.0,108.325,1.149,109.474,23.421,1.499,107.975,emon,0.595,0.361,144.4,67.3,2.146
2026-09-23 14:18:22.023,15.7,0,88,25;60;88;9;5;2;0;28;3;0;0;25;0;0;0;6,952,4723,4709;4644;4713;4723;2831;2644;2422;3091;2370;2164;2941;3012;1101;1050;952;1784,3.9,0.0,898.6,0,0,0,0,0,0.0,0,0,0,0,0,0,0,0,0.0,0,0,0,0,0,0.0,0.0,0.0,0,0,0,68.1,10.72,12.91,0.4,34.13,14.1,63.4,68.63412461515333,8.078629174208665,18.784750838748746,18.038545406255565,0.43353613968280175,1129.7377049180327,0.0,0.0,0.0,0.0,50.985305239095304,0.7,0.0,0.0,0.0,0.0,450.0,898.6,0.0,0.0,108.325,1.149,109.474,23.421,1.499,107.975,emon,0.595,0.361,144.4,67.3,2.146
2026-09-23 14:18:23.024,14.0,0,94,19;45;94;9;6;0;0;27;0;2;0;19;0;0;0;3,938,4727,4697;4551;4708;4727;2374;3062;2725;3122;2155;2483;2006;3053;1100;1037;938;1652,3.8,0.0,2443.5,0,0,0,0,0,0.0,0,0,0,0,0,0,0,0,0.0,0,0,0,0,0,0.0,0.0,0.0,0,0,0,57.1,10.72,12.91,0.4,34.13,15.8,63.4,98.12671905908829,11.73498758692772,23.303919743268917,24.94411907440577,0.5810782029756154,1115.6666666666667,0.0,0.0,0.0,0.0,50.201293345827324,0.6,0.0,0.0,0.0,0.0,450.0,2401.1,0.0,0.0,108.325,1.149,109.474,23.421,1.499,107.975,emon,0.595,0.361,144.4,67.3,2.146
2026-09-23 14:18:24.024,10.5,0,95,5;27;95;8;2;0;0;16;2;0;0;11;0;0;0;5,1002,4718,4218;4057;4690;4718;2442;2668;2016;2702;2143;1399;1335;2834;1002;1111;1057;1237,3.8,0.0,2443.5,0,0,0,0,0,0.0,0,0,0,0,0,0,0,0,0.0,0,0,0,0,0,0.0,0.0,0.0,0,0,0,56.1,18.24,2.48,0.4,26.19,17.9,63.4,97.9241212380899,12.626817922334414,24.611278508160567,26.61829657812376,0.33236232931046067,1163.8648648648648,0.0,0.0,0.0,0.0,50.20954162687869,0.6,0.0,0.0,0.0,0.0,450.0,4409.6,0.0,0.0,2.653,2.719,5.372,30.2,1.933,3.439,emon,0.599,0.931,1459.3,684.4,2.132
2026-09-23 14:18:25.025,19.1,0,62,34;30;62;13;18;17;25;25;26;8;2;22;9;0;0;14,1868,4693,4626;4417;4610;4693;3341;3296;3328;2931;3197;3231;2927;3061;2754;1906;1868;2732,4.2,0.0,4793.4,0,0,0,0,0,0.0,0,0,0,0,0,0,0,0,0.0,0,0,0,0,0,0.0,0.0,0.0,0,0,0,53.1,18.24,2.48,0.4,26.19,17.7,63.4,97.86093386695498,8.491258465512267,19.06399351553548,18.626764501917307,0.3169013593645234,1129.4761904761904,0.0,0.0,0.9553513583682832,0.0,48.780621002401624,0.7,0.2,0.0,0.0,0.0,450.0,4801.2,0.0,0.0,2.653,2.719,5.372,30.2,1.933,3.439,emon,0.599,0.931,1459.3,684.4,2.132
2026-09-23 14:18:26.025,5.3,0,33,3;27;33;3;2;0;0;6;0;0;0;9;0;0;0;2,973,3770,3260;2562;3561;3770;1263;1219;1175;1344;1190;1194;1224;1322;1124;973;1042;1072,6.7,0.0,4801.2,0,0,0,0,0,0.0,0,0,0,0,0,0,0,0,0.0,0,0,0,0,0,0.0,0.0,0.0,0,0,0,36.1,18.24,2.48,0.4,26.19,17.7,63.4,67.24720194935799,12.985553622245789,26.700676381587982,29.144671320915222,0.3205700389571575,1199.0,0.0,0.0,0.0,0.0,50.0562333681155,0.7,0.0,0.0,0.0,0.0,450.0,4801.2,0.0,0.0,2.653,2.719,5.372,30.2,1.933,3.439,emon,0.599,0.931,1459.3,684.4,2.132
2026-09-23 14:18:27.026,6.6,0,32,3;32;31;2;0;0;0;22;0;0;0;12;2;2;0;0,966,3553,3311;2524;3499;3553;1693;1328;1214;1712;1693;1264;1410;1640;1072;966;1000;1097,4.6,0.0,4802.2,0,0,0,0,0,0.0,0,0,0,0,0,0,0,0,0.0,0,0,0,0,0,0.0,0.0,0.0,0,0,0,35.1,18.24,2.48,0.4,26.19,17.7,63.4,96.79606557992788,12.433168381911058,26.493516599214995,28.68331844623272,0.3329931232567805,1199.0,0.0,0.0,0.0,0.0,49.40129951376181,0.7,0.0,0.0,0.0,0.0,450.0,4802.2,0.0,0.0,2.653,2.719,5.372,30.2,1.933,3.439,emon,0.599,0.931,1459.3,684.4,2.132
2026-09-23 14:18:28.027,4.7,0,31,0;23;31;0;0;0;0;11;0;0;0;8;0;0;0;2,1121,3981,2952;2376;3613;3981;1530;2052;1368;1367;1804;1782;1855;1286;1143;1301;1121;1192,4.8,0.0,4801.1,0,0,0,0,0,0.0,0,0,0,0,0,0,0,0,0.0,0,0,0,0,0,0.0,0.0,0.0,0,0,0,34.1,10.43,0.11,0.35,14.04,17.7,63.4,98.2091089101938,13.216847170316257,27.11976107083834,29.55180135873648,0.2936681189574301,1199.0,0.0,0.0,0.0,0.0,50.94380720303609,0.7,0.0,0.0,0.0,0.0,450.0,4801.1,0.0,0.0,2.653,2.719,5.372,30.2,1.933,3.439,emon,0.599,0.931,1459.3,684.4,2.132
2026-09-23 14:18:29.027,5.8,0,34,5;26;34;2;0;0;0;14;0;0;0;9;0;0;0;3,1004,3739,2721;2381;3332;3739;1646;1838;1852;1545;2344;2862;2819;1498;1123;1004;1123;1310,5.4,0.0,4801.1,0,0,0,0,0,0.0,0,0,0,0,0,0,0,0,0.0,0,0,0,0,0,0.0,0.0,0.0,0,0,0,34.1,10.43,0.11,0.35,14.04,17.7,63.4,97.83784729003906,11.51855810423692,25.179683736165366,26.395817124048868,0.7091676829786351,1171.0,0.0,0.0,0.0,0.0,50.86502382914225,0.7,0.0,0.0,0.0,0.0,450.0,4803.8,0.0,0.0,2.653,2.719,5.372,30.2,1.933,3.439,emon,0.599,0.931,1459.3,684.4,2.132
2026-09-23 14:18:30.027,8.1,0,48,5;22;48;6;3;0;0;20;2;0;0;19;2;0;2;3,900,4100,3390;3122;3783;4100;2112;2656;2317;2097;2971;1581;2765;2390;930;1001;900;1046,4.5,0.0,4801.2,0,0,0,0,0,0.0,0,0,0,0,0,0,0,0,0.0,0,0,0,0,0,0.0,0.0,0.0,0,0,0,40.1,10.43,0.11,0.35,14.04,17.7,63.4,93.85640191784795,10.022663146126208,25.36035367290591,25.4840632221454,9.163315579169545,1693.300518134715,0.0,0.0,30.772327230372248,0.0,35.0790021176006,2.3,11.8,0.0,0.0,0.0,450.0,4812.2,0.0,0.0,2.653,2.719,5.372,30.2,1.933,3.439,emon,0.599,0.931,1459.3,684.4,2.132
2026-09-23 14:18:31.028,12.9,0,55,17;55;53;12;3;0;0;26;2;0;0;33;0;2;0;3,833,4011,4010;3958;3610;4011;1576;1727;1682;2103;1861;1645;1427;2813;845;833;853;853,100.0,0.0,4812.2,0,0,0,0,0,0.0,0,0,0,0,0,0,0,0,0.0,0,0,0,0,0,0.0,0.0,0.0,0,0,0,41.1,6.19,3.15,0.35,14.38,17.7,63.4,94.84616430937234,12.30933390684047,32.327438424199315,32.14798653593003,19.38010580294718,1799.0,0.0,0.0,37.62067708817421,0.0,29.65940919083111,14.0,95.6,0.0,0.0,0.0,450.0,4812.2,0.0,0.0,2.653,2.719,5.372,30.2,1.933,3.439,emon,0.599,0.931,1459.3,684.4,2.132
2026-09-23 14:18:32.028,12.6,0,58,16;36;58;15;8;0;0;35;0;0;0;25;0;0;0;8,767,4123,3848;3870;3767;4123;1616;1648;2168;2399;1845;1513;1395;2384;999;900;767;1135,100.0,0.0,4829.2,0,0,0,0,0,0.0,0,0,0,0,0,0,0,0,0.0,0,0,0,0,0,0.0,0.0,0.0,0,0,0,43.1,6.19,3.15,0.35,14.38,17.7,63.4,94.29829531025004,11.466992185304493,29.827203421681016,30.15493477963739,16.07267577142058,1799.0,0.0,0.0,35.07271649293317,2.312179865660491,25.522464130548677,11.3,75.4,0.0,0.0,0.0,450.0,4828.2,0.0,0.0,2.653,2.719,5.372,30.2,1.933,3.439,emon,0.599,0.931,1459.3,684.4,2.132
2026-09-23 14:18:33.029,4.8,0,30,2;15;30;0;0;0;0;8;2;0;0;17;2;2;0;0,814,4218,3082;2329;3569;4218;1909;1141;1009;1425;2668;1002;909;1397;1049;1068;814;1099,4.2,0.0,4828.2,0,0,0,0,0,0.0,0,0,0,0,0,0,0,0,0.0,0,0,0,0,0,0.0,0.0,0.0,0,0,0,36.1,6.19,3.15,0.35,14.38,17.7,63.4,67.19783311731675,11.922187482171198,26.537410455591537,28.335980646750507,0.5944110449614955,1199.0,0.0,0.0,0.0,0.0,50.055837784510324,0.7,0.0,0.0,0.0,0.0,450.0,4828.2,0.0,0.0,2.653,2.719,5.372,30.2,1.933,3.439,emon,0.599,0.931,1459.3,684.4,2.132
2026-09-23 14:18:34.029,5.8,0,31,8;14;31;5;0;2;0;11;3;0;3;11;2;3;0;2,1085,4565,4078;3029;3839;4565;2882;1572;2892;1872;2488;3011;3264;1709;1397;1135;1085;1368,4.2,0.0,4828.2,0,0,0,0,0,0.0,0,0,0,0,0,0,0,0,0.0,0,0,0,0,0,0.0,0.0,0.0,0,0,0,35.1,6.19,3.15,0.35,14.38,17.7,63.4,66.17795675573214,12.006964860457769,24.02189050593846,25.58639845713763,0.32931926508059456,1190.5492957746478,0.0,0.0,0.0,0.0,49.35366965546994,0.6,0.0,0.0,0.0,0.0,450.0,4828.2,0.0,0.0,2.653,2.719,5.372,30.2,1.933,3.439,emon,0.599,0.931,1459.3,684.4,2.132
2026-09-23 14:18:35.030,5.6,0,34,2;20;34;6;0;0;0;16;2;0;0;8;0;2;0;0,658,3897,3233;2621;3480;3897;1271;1555;1321;1436;1527;1486;1175;1468;1030;1004;658;1037,4.4,0.0,4828.2,0,0,0,0,0,0.0,0,0,0,0,0,0,0,0,0.0,0,0,0,0,0,0.0,0.0,0.0,0,0,0,34.1,6.5,2.62,0.35,13.94,17.7,63.4,98.23976553640058,12.627636847957488,26.896928171957693,29.121567572316817,0.35326366252153213,1199.0,0.0,0.0,0.0,0.0,50.17318533168685,0.7,0.0,0.0,0.0,0.0,450.0,4828.2,0.0,0.0,2.653,2.719,5.372,30.2,1.933,3.439,emon,0.599,0.931,1459.3,684.4,2.132
2026-09-23 14:18:36.030,5.6,0,36,2;24;36;2;0;0;0;10;0;0;0;12;0;0;0;5,1043,3673,3288;2623;3673;3623;1267;1510;1161;1411;1479;1210;1209;1326;1058;1049;1067;1043,4.7,0.0,4828.2,0,0,0,0,0,0.0,0,0,0,0,0,0,0,0,0.0,0,0,0,0,0,0.0,0.0,0.0,0,0,0,34.1,6.5,2.62,0.35,13.94,17.7,63.4,97.97144069671631,10.43819278224837,23.77321231365204,24.67701060567051,0.3251821612895583,1172.75,0.0,0.0,0.0,0.0,50.19808169007301,0.7,0.0,0.0,0.0,0.0,450.0,4828.3,0.0,0.0,1.581,0.58,2.161,14.752,0.944,1.217,emon,0.622,0.967,472.5,222.9,2.119
2026-09-23 14:18:37.030,6.7,0,42,3;30;42;0;0;0;0;14;2;0;0;17;0;0;0;0,948,4233,3550;3157;3940;4233;2127;1926;1653;2064;1381;1646;1338;2200;1135;1079;948;1121,4.5,0.0,4828.3,0,0,0,0,0,0.0,0,0,0,0,0,0,0,0,0.0,0,0,0,0,0,0.0,0.0,0.0,0,0,0,40.1,6.5,2.62,0.35,13.94,19.4,63.4,92.16781108020103,12.308853368236594,25.375225027946577,27.42427864466628,0.3243119968165171,1363.3835616438357,0.0,0.0,5.536078862228737,10.83231604589175,45.38187842979255,0.7,0.0,0.0,0.0,0.0,450.0,4828.3,0.0,0.0,1.581,0.58,2.161,14.752,0.944,1.217,emon,0.622,0.967,472.5,222.9,2.119
2026-09-23 14:18:38.031,13.0,0,55,22;46;55;11;3;2;0;30;2;0;0;31;2;2;0;5,1031,4088,4088;3860;4066;3984;2027;2017;3106;2446;1646;1274;1682;2470;1101;1031;1110;1133,16.3,0.0,5636.5,0,0,0,0,0,0.0,0,0,0,0,0,0,0,0,0.0,0,0,0,0,0,0.0,0.0,0.0,0,0,0,43.1,6.5,2.62,0.35,13.94,23.4,63.4,100.00276294652967,34.43126819444739,13.273111514423205,42.12721896517104,0.11708107700004526,1799.0,0.0,0.0,30.882744986526802,0.0,23.6093796564779,2.4,4.2,0.0,0.0,0.0,450.0,5636.5,0.0,0.0,1.581,0.58,2.161,14.752,0.944,1.217,emon,0.622,0.967,472.5,222.9,2.119
2026-09-23 14:18:39.031,11.8,0,52,52;26;30;9;23;2;0;8;18;2;0;13;3;0;0;3,949,3277,3050;3277;2963;3132;1827;1391;1405;1582;1816;1900;1412;2024;1163;1019;949;1430,2.6,0.0,10550.0,0,0,0,0,0,0.0,0,0,0,0,0,0,0,0,0.0,0,0,0,0,0,0.0,0.0,0.0,0,0,0,40.1,7.18,8.08,0.35,18.82,23.4,63.4,99.99948086528659,25.684442970456566,20.22709094353442,37.83485684604765,0.590536127903692,1803.4025157232704,0.0,0.0,33.10786481603465,0.0,28.11496955791401,10.6,70.2,0.0,0.0,0.0,450.0,10550.0,0.0,0.0,1.581,0.58,2.161,14.752,0.944,1.217,emon,0.622,0.967,472.5,222.9,2.119
2026-09-23 14:18:40.032,11.9,0,53,53;12;39;6;42;5;0;0;23;0;0;0;11;0;0;0,825,3512,3253;3512;2881;2994;1788;2105;2027;1500;1693;1598;1181;1129;1187;989;874;825,2.5,0.0,10545.9,0,0,0,0,0,0.0,0,0,0,0,0,0,0,0,0.0,0,0,0,0,0,0.0,0.0,0.0,0,0,0,42.1,7.18,8.08,0.35,18.82,23.4,63.4,99.97140460544162,23.412817290256037,17.49624399296821,31.99605628777118,0.6050371971713113,1809.9126984126983,0.0,0.0,36.4256424062076,0.0,35.85476275710447,14.2,96.9,0.0,0.0,0.0,450.0,10549.9,0.0,0.0,1.581,0.58,2.161,14.752,0.944,1.217,emon,0.622,0.967,472.5,222.9,2.119
2026-09-23 14:18:41.033,12.6,0,47,47;14;37;3;31;8;2;0;41;3;0;0;11;3;2;2,884,3450,3287;3292;3077;3450;1828;1444;2141;1255;1731;1761;1611;2262;1036;884;1009;942,2.3,0.0,10541.8,0,0,0,0,0,0.0,0,0,0,0,0,0,0,0,0.0,0,0,0,0,0,0.0,0.0,0.0,0,0,0,43.1,7.18,8.08,0.35,18.82,23.4,63.4,99.99609756469727,24.424360572430555,18.668460313991833,36.184378589673706,0.5784038258365967,1839.8602150537633,0.0,0.0,33.24030656689247,0.0,30.68067469480862,14.2,97.2,0.0,0.0,0.0,450.0,10541.8,0.0,0.0,1.581,0.58,2.161,14.752,0.944,1.217,emon,0.622,0.967,472.5,222.9,2.119
2026-09-23 14:18:42.033,12.1,0,48,48;16;48;11;28;3;2;0;27;2;0;2;8;0;0;0,852,3403,3343;3403;3018;3352;1819;1696;1182;1369;1705;1491;1465;1092;1159;930;852;995,2.3,0.0,10542.8,0,0,0,0,0,0.0,0,0,0,0,0,0,0,0,0.0,0,0,0,0,0,0.0,0.0,0.0,0,0,0,42.1,7.18,8.08,0.35,18.82,23.4,63.4,99.99462962680393,28.174618463828747,15.479410273498958,37.171580625408225,0.43373633349935214,1849.0,0.0,0.0,32.04582251390287,0.0,30.149777213021014,14.2,97.2,0.0,0.0,0.0,450.0,10541.8,0.0,0.0,1.581,0.58,2.161,14.752,0.944,1.217,emon,0.622,0.967,472.5,222.9,2.119
2026-09-23 14:18:43.034,10.6,0,44,44;26;42;6;22;3;0;0;25;0;0;0;2;0;0;0,666,3332,3063;3202;3199;3332;1701;1475;1191;1029;1926;2191;1480;1397;1188;921;666;951,2.3,0.0,10542.8,0,0,0,0,0,0.0,0,0,0,0,0,0,0,0,0.0,0,0,0,0,0,0.0,0.0,0.0,0,0,0,44.1,5.54,23.84,0.36,34.24,23.4,63.4,100.00410499812672,31.79366094760784,13.876394208872094,40.190030248472524,0.3772336227421022,1849.0,0.0,0.0,30.59105512526753,0.0,27.532614669703303,14.2,97.2,0.0,0.0,0.0,450.0,10541.8,0.0,0.0,1.581,0.58,2.161,14.752,0.944,1.217,emon,0.622,0.967,472.5,222.9,2.119
2026-09-23 14:18:44.034,11.3,0,54,54;12;41;8;17;3;2;2;27;0;0;0;14;0;2;0,951,3187,3082;3187;2955;3071;1724;1465;2184;1861;2056;2580;1436;1910;1231;1314;1168;951,2.2,0.0,10542.8,0,0,0,0,0,0.0,0,0,0,0,0,0,0,0,0.0,0,0,0,0,0,0.0,0.0,0.0,0,0,0,42.1,5.54,23.84,0.36,34.24,23.4,63.4,99.99494437648825,27.04391682091845,19.861966417260366,39.22100024803044,0.36818325449712574,1833.5890410958905,0.0,0.0,30.56277945873085,0.0,25.14626694481782,14.2,97.2,0.0,0.0,0.0,450.0,10541.8,0.0,0.0,1.581,0.58,2.161,14.752,0.944,1.217,emon,0.622,0.967,472.5,222.9,2.119
2026-09-23 14:18:45.034,11.2,0,43,35;20;43;12;20;3;0;0;30;0;0;0;12;2;0;0,871,3177,2666;2961;2808;3097;1948;1512;1760;1812;1763;1926;1931;3177;1765;999;1182;871,2.2,0.0,10542.8,0,0,0,0,0,0.0,0,0,0,0,0,0,0,0,0.0,0,0,0,0,0,0.0,0.0,0.0,0,0,0,41.1,5.54,23.84,0.36,34.24,23.4,63.4,99.9973706231601,29.71295503948046,18.164731889531232,41.78363603785418,0.14746995171721,1841.0289855072465,0.0,0.0,30.16302415492364,0.0,24.32774845962885,14.2,97.1,0.0,0.0,0.0,450.0,10541.8,0.0,0.0,1.581,0.58,2.161,14.752,0.944,1.217,emon,0.622,0.967,472.5,222.9,2.119
2026-09-23 14:18:46.034,11.9,0,57,57;12;36;5;27;3;0;0;36;3;0;0;9;0;2;0,968,3591,3261;3591;2965;3172;1639;1349;1922;2491;1818;1352;1426;985;2054;1085;968;1208,2.5,0.0,10541.8,0,0,0,0,0,0.0,0,0,0,0,0,0,0,0,0.0,0,0,0,0,0,0.0,0.0,0.0,0,0,0,41.1,5.54,23.84,0.36,34.24,23.4,63.4,100.01481688363212,33.8032662664141,13.547083357402256,41.847116116115025,0.1477459056302905,1799.0,0.0,0.0,30.43986820246625,0.0,24.156745708547533,14.2,97.2,0.0,0.0,0.0,450.0,10541.8,0.0,0.0,1.581,0.58,2.161,14.752,0.944,1.217,emon,0.622,0.967,472.5,222.9,2.119
2026-09-23 14:18:47.035,11.7,0,50,50;16;49;5;29;2;0;0;27;2;0;0;9;0;0;0,869,3458,3096;3458;3082;3041;1804;1911;1283;1208;1835;1653;1168;1254;1176;977;1033;869,2.5,0.0,10541.8,0,0,0,0,0,0.0,0,0,0,0,0,0,0,0,0.0,0,0,0,0,0,0.0,0.0,0.0,0,0,0,41.1,5.5,23.61,0.36,34.02,23.3,63.4,99.99451775098369,32.89277942511287,13.902656857984779,40.54174877779327,0.20315965848981682,1799.0,0.0,0.0,30.366305194958283,0.0,23.78097322129094,14.2,97.1,0.0,0.0,0.0,450.0,10541.8,0.0,0.0,15.051,7.784,22.835,20.155,1.29,21.545,emon,0.688,0.631,66.1,30.8,2.144
2026-09-23 14:18:48.051,10.6,0,46,44;14;46;5;26;0;0;0;26;3;0;0;8;0;0;0,958,3228,2958;3173;3053;3228;1856;1862;1267;1155;1953;1681;1299;1309;1216;958;991;1185,2.5,0.0,10541.4,0,0,0,0,0,0.0,0,0,0,0,0,0,0,0,0.0,0,0,0,0,0,0.0,0.0,0.0,0,0,0,39.1,5.5,23.61,0.36,34.02,23.5,63.4,99.9753319422404,22.239386378662086,17.144997141682186,31.25032456090244,0.601299413296753,1799.0,0.0,0.0,38.42068428922898,0.0,40.33008930190289,14.2,97.1,0.0,0.0,0.0,450.0,10541.4,0.0,0.0,15.051,7.784,22.835,20.155,1.29,21.545,emon,0.688,0.631,66.1,30.8,2.144
2026-09-23 14:18:49.052,10.5,0,57,57;8;35;3;30;2;0;0;25;0;0;0;8;0;0;0,885,3362,2983;3362;2944;2988;1634;1337;1330;1299;1936;1955;2306;2455;1211;942;885;912,2.5,0.0,10541.8,0,0,0,0,0,0.0,0,0,0,0,0,0,0,0,0.0,0,0,0,0,0,0.0,0.0,0.0,0,0,0,41.1,5.5,23.61,0.36,34.02,23.4,63.4,99.94624305138221,26.456734658271458,15.384323751009427,35.69679173124142,0.8162096859958883,1799.0,0.0,0.0,32.1363503571743,0.0,34.91967756318388,14.2,97.0,0.0,0.0,0.0,450.0,10540.8,0.0,0.0,15.051,7.784,22.835,20.155,1.29,21.545,emon,0.688,0.631,66.1,30.8,2.144
2026-09-23 14:18:50.052,11.2,0,49,49;12;31;3;30;5;0;0;39;0;0;0;9;0;0;0,937,3540,3032;3540;3065;3302;1743;1427;1376;1333;1784;2035;1221;1543;1120;1062;940;937,2.5,0.0,10540.8,0,0,0,0,0,0.0,0,0,0,0,0,0,0,0,0.0,0,0,0,0,0,0.0,0.0,0.0,0,0,0,40.1,5.5,23.61,0.36,34.02,23.4,63.4,100.05622417074412,22.92027137905282,19.67400226568311,34.55879074234728,0.704720153269063,1799.0,0.0,0.0,35.046884466856575,0.0,34.168416110478056,14.2,97.1,0.0,0.0,0.0,450.0,10540.8,0.0,0.0,15.051,7.784,22.835,20.155,1.29,21.545,emon,0.688,0.631,66.1,30.8,2.144
2026-09-23 14:18:51.053,10.8,0,46,46;20;43;3;20;3;0;0;34;0;0;0;2;2;0;0,723,3440,3085;3440;3021;3299;1813;1669;2188;1714;1731;1754;1883;2897;1141;1015;723;1584,2.4,0.0,10544.3,0,0,0,0,0,0.0,0,0,0,0,0,0,0,0,0.0,0,0,0,0,0,0.0,0.0,0.0,0,0,0,40.1,5.16,23.39,0.36,33.11,23.4,63.4,100.00808447057551,28.551205180722967,14.67622817849571,37.14555621375753,0.40961313431034796,1799.0,0.0,0.0,33.88580348665445,0.0,31.399383210664443,14.2,97.1,0.0,0.0,0.0,450.0,10540.6,0.0,0.0,15.051,7.784,22.835,20.155,1.29,21.545,emon,0.688,0.631,66.1,30.8,2.144
2026-09-23 14:18:52.053,10.5,0,53,53;10;34;6;19;2;0;0;38;2;0;0;6;0;0;0,587,3122,3122;3019;2898;2901;1912;1516;2829;1208;1714;1717;1340;1429;1113;1081;788;587,2.3,0.0,10541.6,0,0,0,0,0,0.0,0,0,0,0,0,0,0,0,0.0,0,0,0,0,0,0.0,0.0,0.0,0,0,0,42.1,5.16,23.39,0.36,33.11,23.4,63.4,99.98740799362595,33.02189525644723,13.821569616730148,41.20788215181312,0.31067039339324914,1799.0,0.0,0.0,31.50401420701245,0.0,25.532504155496174,14.2,97.1,0.0,0.0,0.0,450.0,10540.6,0.0,0.0,15.051,7.784,22.835,20.155,1.29,21.545,emon,0.688,0.631,66.1,30.8,2.144
2026-09-23 14:18:53.054,11.2,0,86,27;15;86;8;18;3;0;0;17;0;2;0;3;0;0;0,659,3311,3203;3278;3311;3195;1427;1605;1715;1278;2017;1777;3117;1381;1099;976;659;923,2.3,0.0,10540.6,0,0,0,0,0,0.0,0,0,0,0,0,0,0,0,0.0,0,0,0,0,0,0.0,0.0,0.0,0,0,0,43.1,5.16,23.39,0.36,33.11,23.4,63.4,100.06843400275571,24.49308018249342,20.01302430410495,35.8948799097675,0.4197546877850104,1799.0,0.0,0.0,31.466153774362315,0.0,27.4473548530964,14.2,97.1,0.0,0.0,0.0,450.0,10540.6,0.0,0.0,15.051,7.784,22.835,20.155,1.29,21.545,emon,0.688,0.631,66.1,30.8,2.144
2026-09-23 14:18:54.054,11.3,0,92,26;16;92;5;19;2;0;0;14;3;0;0;5;0;0;0,775,3897,3260;3897;2841;3030;1775;2284;1747;1570;2148;1816;1089;1559;1313;927;775;934,2.3,0.0,10540.6,0,0,0,0,0,0.0,0,0,0,0,0,0,0,0,0.0,0,0,0,0,0,0.0,0.0,0.0,0,0,0,41.1,5.16,23.39,0.36,33.11,23.3,63.4,100.00560446664797,33.27092054718775,13.904270797756547,40.81854442839927,0.1340643089885513,1801.127659574468,0.0,0.0,30.255672910211093,0.0,23.83981687194463,14.2,97.1,0.0,0.0,0.0,450.0,10540.6,0.0,0.0,15.051,7.784,22.835,20.155,1.29,21.545,emon,0.688,0.631,66.1,30.8,2.144
2026-09-23 14:18:55.054,10.8,0,92,32;6;92;5;12;2;0;0;19;0;0;0;5;0;0;0,587,3485,3206;3485;3007;3308;1466;1541;1272;1598;2081;1935;2726;2006;1230;1072;878;587,2.3,0.0,10540.6,0,0,0,0,0,0.0,0,0,0,0,0,0,0,0,0.0,0,0,0,0,0,0.0,0.0,0.0,0,0,0,42.1,5.62,22.98,0.37,33.51,23.4,63.4,99.989598426266,34.87555918486222,13.125642047412153,42.40791492185731,0.1426361248140102,1801.1739130434783,0.0,0.0,30.88753892680414,0.0,23.618545711376246,14.2,97.1,0.0,0.0,0.0,450.0,10540.6,0.0,0.0,15.051,7.784,22.835,20.155,1.29,21.545,emon,0.688,0.631,66.1,30.8,2.144
2026-09-23 14:18:56.063,11.3,0,91,29;6;91;2;19;2;0;0;23;0;0;0;9;0;0;0,741,3493,3394;3493;2878;3397;1522;1816;1796;1530;1982;1856;1305;1519;1160;741;999;1047,2.5,0.0,10540.6,0,0,0,0,0,0.0,0,0,0,0,0,0,0,0,0.0,0,0,0,0,0,0.0,0.0,0.0,0,0,0,42.1,5.62,22.98,0.37,33.51,23.4,63.4,99.99747688677058,24.594316064676676,20.79972499575695,36.78801618824458,0.5110200802436587,1828.608938547486,0.0,0.0,33.3303715677115,0.0,30.83451850197747,14.2,97.2,0.0,0.0,0.0,450.0,10540.6,0.0,0.0,15.051,7.784,22.835,20.155,1.29,21.545,emon,0.688,0.631,66.1,30.8,2.144
2026-09-23 14:18:57.063,11.2,0,94,25;9;94;3;23;3;0;0;16;2;0;0;5;0;0;0,874,3138,3138;3091;2809;2870;1484;1939;1718;1283;2160;2467;1364;1406;1040;874;967;977,2.4,0.0,10540.6,0,0,0,0,0,0.0,0,0,0,0,0,0,0,0,0.0,0,0,0,0,0,0.0,0.0,0.0,0,0,0,43.1,5.62,22.98,0.37,33.51,23.4,63.4,99.99115563334433,27.189346532875174,15.097491825130623,35.99321406492045,0.46222759709811545,1801.8169014084508,0.0,0.0,34.18102144708577,0.0,33.04508556450446,14.2,97.2,0.0,0.0,0.0,450.0,10540.6,0.0,0.0,15.051,7.784,22.835,20.155,1.29,21.545,emon,0.688,0.631,66.1,30.8,2.144
2026-09-23 14:18:58.063,13.0,0,92,38;12;92;8;23;0;0;0;19;0;0;0;16;0;0;0,950,3657,3343;3657;3383;3120;1659;1902;2279;2599;2015;1625;1233;1269;1838;1028;950;1062,2.3,0.0,10540.6,0,0,0,0,0,0.0,0,0,0,0,0,0,0,0,0.0,0,0,0,0,0,0.0,0.0,0.0,0,0,0,43.1,5.62,22.98,0.37,33.51,23.4,63.4,100.05361263030166,25.503678804169486,17.18120629962431,33.74790565860928,0.5773954799296249,1840.2844036697247,0.0,0.0,35.69763457533207,0.0,32.56379260237623,14.2,97.2,0.0,0.0,0.0,450.0,10540.6,0.0,0.0,15.051,7.784,22.835,20.155,1.29,21.545,emon,0.688,0.631,66.1,30.8,2.144
2026-09-23 14:18:59.064,12.6,0,94,30;12;94;5;22;5;0;0;25;2;0;0;8;0;0;0,797,3417,3259;3417;2938;2909;1691;2206;1815;1755;1982;1316;1195;1197;1959;1083;1001;797,2.4,0.0,10540.6,0,0,0,0,0,0.0,0,0,0,0,0,0,0,0,0.0,0,0,0,0,0,0.0,0.0,0.0,0,0,0,42.1,5.94,23.98,0.38,34.78,23.4,63.4,99.99071435508488,25.699539895702458,20.25092508208077,37.55032246367736,0.5014767688699067,1834.2201257861636,0.0,0.0,31.86957993165666,0.0,26.848150177971295,14.2,97.2,0.0,0.0,0.0,450.0,10540.6,0.0,0.0,18.02,4.76,22.78,19.247,1.232,21.548,emon,0.815,0.632,56.6,26.6,2.132
2026-09-23 14:19:00.064,15.8,0,94,31;25;94;19;20;6;5;5;28;6;3;2;3;2;5;0,1190,3823,3456;3823;3401;3722;1791;2498;2528;2957;2229;2551;3101;3084;1190;2219;2012;1657,2.2,0.0,10540.6,0,0,0,0,0,0.0,0,0,0,0,0,0,0,0,0.0,0,0,0,0,0,0.0,0.0,0.0,0,0,0,44.1,5.94,23.98,0.38,34.78,23.4,63.4,100.00609144445968,32.86811617139268,13.63586087749429,40.357456834348916,0.09574081671539031,1846.945205479452,0.0,0.0,30.597219478179483,0.0,23.715604235851906,14.2,97.3,0.0,0.0,0.0,450.0,10540.6,0.0,0.0,18.02,4.76,22.78,19.247,1.232,21.548,emon,0.815,0.632,56.6,26.6,2.132
2026-09-23 14:19:01.065,12.1,0,97,27;14;97;6;17;0;0;0;17;6;0;0;8;2;0;0,839,3591,3323;3591;3052;3151;1685;1872;1674;2137;1972;1417;1162;1303;1171;929;929;839,2.3,0.0,10540.6,0,0,0,0,0,0.0,0,0,0,0,0,0,0,0,0.0,0,0,0,0,0,0.0,0.0,0.0,0,0,0,43.1,5.94,23.98,0.38,34.78,23.4,63.4,99.99827635178872,26.240353048266417,15.597287439425058,34.41526813893964,0.4839132197517389,1821.0183486238532,0.0,0.0,36.58084576817896,0.0,34.8560577062439,14.2,97.2,0.0,0.0,0.0,450.0,10540.6,0.0,0.0,18.02,4.76,22.78,19.247,1.232,21.548,emon,0.815,0.632,56.6,26.6,2.132
2026-09-23 14:19:02.065,12.0,0,80,36;16;80;8;19;2;0;0;22;2;0;0;6;0;3;0,807,3558,2930;3388;3539;3558;1558;1598;1791;1413;2032;2122;1878;1350;1073;807;863;964,2.1,0.0,10540.6,0,0,0,0,0,0.0,0,0,0,0,0,0,0,0,0.0,0,0,0,0,0,0.0,0.0,0.0,0,0,0,43.1,5.94,23.98,0.38,34.78,23.4,63.4,100.00460364601828,26.753180667951508,20.073330455012137,38.17621089885761,0.2508770991993657,1820.4285714285713,0.0,0.0,30.339822022047787,0.0,24.00332726047725,14.2,97.0,0.0,0.0,0.0,450.0,10540.6,0.0,0.0,18.02,4.76,22.78,19.247,1.232,21.548,emon,0.815,0.632,56.6,26.6,2.132
2026-09-23 14:19:03.065,10.9,0,97,23;9;97;5;17;3;0;0;14;3;0;0;3;0;0;0,959,3635,3157;3635;3180;3226;1700;2022;2487;1800;1997;2186;1287;1279;1111;1044;959;1057,2.1,0.0,10541.6,0,0,0,0,0,0.0,0,0,0,0,0,0,0,0,0.0,0,0,0,0,0,0.0,0.0,0.0,0,0,0,44.1,6.85,23.8,0.38,35.85,23.4,63.4,100.00388519955378,33.709227596756314,13.592542554340223,41.35485770232486,0.0969742977801357,1799.0,0.0,0.0,30.39603538010915,0.0,23.79021597185927,14.2,97.2,0.0,0.0,0.0,450.0,10540.6,0.0,0.0,18.02,4.76,22.78,19.247,1.232,21.548,emon,0.815,0.632,56.6,26.6,2.132
2026-09-23 14:19:04.066,12.0,0,91,33;6;91;0;22;3;0;0;25;2;0;0;11;0;0;0,911,3612,3218;3612;3035;2997;1723;2005;2718;2772;2038;1686;1533;1420;1341;930;1029;911,2.3,0.0,10540.6,0,0,0,0,0,0.0,0,0,0,0,0,0,0,0,0.0,0,0,0,0,0,0.0,0.0,0.0,0,0,0,43.1,6.85,23.8,0.38,35.85,23.4,63.4,99.98920869174069,33.598067992762346,13.455904442970066,41.50314574045678,0.17110594426447603,1799.0,0.0,0.0,32.617654300055605,0.0,25.770498769999183,14.2,97.1,0.0,0.0,0.0,450.0,10540.6,0.0,0.0,18.02,4.76,22.78,19.247,1.232,21.548,emon,0.815,0.632,56.6,26.6,2.132
2026-09-23 14:19:05.066,12.0,0,92,17;6;92;3;23;9;4;3;18;3;3;2;5;2;0;2,1154,3701,3411;3701;2772;3092;1918;2635;3185;3240;2051;2804;3072;3040;1282;1154;1709;1498,2.3,0.0,10540.6,0,0,0,0,0,0.0,0,0,0,0,0,0,0,0,0.0,0,0,0,0,0,0.0,0.0,0.0,0,0,0,41.1,6.85,23.8,0.38,35.85,23.4,63.4,100.04041436643017,24.853329101858698,16.314962312639977,34.245449118346585,0.6899204493533554,1799.0,0.0,0.0,35.83639511531314,0.0,36.3884648024427,14.2,97.1,0.0,0.0,0.0,450.0,10540.6,0.0,0.0,18.02,4.76,22.78,19.247,1.232,21.548,emon,0.815,0.632,56.6,26.6,2.132
2026-09-23 14:19:06.066,11.6,0,80,29;20;80;9;12;3;2;2;19;2;2;0;4;3;0;0,882,3684,3307;3684;2870;2997;1606;1648;1548;1343;2085;2509;1319;1290;1215;988;952;882,2.4,0.0,10540.6,0,0,0,0,0,0.0,0,0,0,0,0,0,0,0,0.0,0,0,0,0,0,0.0,0.0,0.0,0,0,0,42.1,6.85,23.8,0.38,35.85,23.3,63.4,99.99853177457243,28.47357573285699,14.487606808945939,36.95662233233452,0.4859860934090574,1799.0,0.0,0.0,32.81863462507372,0.0,31.362111533225246,14.2,97.1,0.0,0.0,0.0,450.0,10540.6,0.0,0.0,18.02,4.76,22.78,19.247,1.232,21.548,emon,0.815,0.632,56.6,26.6,2.132
2026-09-23 14:19:07.067,11.8,0,89,28;14;89;3;16;3;0;0;27;3;0;0;5;0;0;0,764,3729,3362;3729;2900;2970;1674;1670;2054;1622;2073;1933;3213;3058;1139;885;1020;764,2.3,0.0,10540.6,0,0,0,0,0,0.0,0,0,0,0,0,0,0,0,0.0,0,0,0,0,0,0.0,0.0,0.0,0,0,0,42.1,6.13,22.87,0.38,34.01,23.3,63.4,100.00563770104509,25.009043716717493,19.144448822539157,35.730787821237556,0.7570014797506124,1802.3149171270718,0.0,0.0,33.54825629837147,0.0,30.372450610992853,14.2,97.2,0.0,0.0,0.0,450.0,10540.6,0.0,0.0,18.02,4.76,22.78,19.247,1.232,21.548,emon,0.815,0.632,56.6,26.6,2.132
2026-09-23 14:19:08.067,11.6,0,92,29;8;92;9;16;3;0;0;19;0;0;0;10;0;0;0,674,3507,3376;3507;2979;3285;1694;1494;1899;1109;1926;1696;1653;1646;1210;857;674;847,2.5,0.0,10540.7,0,0,0,0,0,0.0,0,0,0,0,0,0,0,0,0.0,0,0,0,0,0,0.0,0.0,0.0,0,0,0,42.1,6.13,22.87,0.38,34.01,23.3,63.4,99.9952836426549,27.41436366426448,18.657676561823433,39.15385790553483,0.4732900886567977,1800.25786163522,0.0,0.0,30.64043903116535,0.0,25.635330335629895,14.2,97.1,0.0,0.0,0.0,450.0,10540.7,0.0,0.0,18.02,4.76,22.78,19.247,1.232,21.548,emon,0.815,0.632,56.6,26.6,2.132
2026-09-23 14:19:09.068,10.9,0,91,11;27;91;6;8;8;0;2;5;6;2;0;8;0;2;0,944,3342,3342;3188;2651;2819;1425;2043;1400;1530;2278;1827;1896;1873;1228;1338;1115;944,2.5,0.0,10540.7,0,0,0,0,0,0.0,0,0,0,0,0,0,0,0,0.0,0,0,0,0,0,0.0,0.0,0.0,0,0,0,42.1,6.13,22.87,0.38,34.01,23.3,63.4,99.99587099175704,32.279519003963,13.894464094387857,40.15722197294235,0.10529945123524062,1799.0,0.0,0.0,31.35496062456973,0.0,25.443037465044796,14.2,97.2,0.0,0.0,0.0,450.0,10540.7,0.0,0.0,18.02,4.76,22.78,19.247,1.232,21.548,emon,0.815,0.632,56.6,26.6,2.132
2026-09-23 14:19:10.068,11.5,0,97,6;25;97;3;5;14;6;0;0;19;0;0;0;9;0;0,647,3302,3302;3088;3211;3095;1213;1951;1826;2242;1606;2092;1522;1501;666;1120;803;647,2.4,0.0,10540.7,0,0,0,0,0,0.0,0,0,0,0,0,0,0,0,0.0,0,0,0,0,0,0.0,0.0,0.0,0,0,0,42.1,6.13,22.87,0.38,34.01,23.3,63.4,100.00927431037627,30.968668440109994,13.993128707609982,38.66927545903677,0.2698299173232033,1799.0,0.0,0.0,32.95775828419915,0.0,28.1473642142335,14.2,97.1,0.0,0.0,0.0,450.0,10540.7,0.0,0.0,18.02,4.76,22.78,19.247,1.232,21.548,emon,0.815,0.632,56.6,26.6,2.132
2026-09-23 14:19:11.069,12.1,0,92,11;37;92;2;3;14;2;0;0;22;0;0;0;11;0;0,779,3417,3417;2998;2992;3302;1240;1914;1687;1364;1356;1932;2452;1443;779;1180;870;1002,2.3,0.0,10541.7,0,0,0,0,0,0.0,0,0,0,0,0,0,0,0,0.0,0,0,0,0,0,0.0,0.0,0.0,0,0,0,41.1,5.7,23.51,0.38,34.06,23.3,63.4,99.993238579737,27.053297023250632,19.99064965607369,38.20123288402819,0.3167006355289319,1803.109589041096,0.0,0.0,30.59655571562455,0.0,23.71442136977965,14.2,97.1,0.0,0.0,0.0,450.0,10541.7,0.0,0.0,17.693,4.656,22.349,20.678,1.323,21.026,emon,0.812,0.619,56.2,26.1,2.153
2026-09-23 14:19:12.085,11.9,0,97,15;30;97;4;3;14;3;0;0;14;2;0;0;8;0;0,809,3426,3197;3426;2905;2715;1279;1896;2393;1880;1964;1873;1893;2424;809;1281;1158;828,2.5,0.0,10540.7,0,0,0,0,0,0.0,0,0,0,0,0,0,0,0,0.0,0,0,0,0,0,0.0,0.0,0.0,0,0,0,43.1,5.7,23.51,0.38,34.06,23.5,63.4,100.01337677870339,24.635784131985886,16.704955179516862,33.801888656264886,0.6319686137101939,1799.0,0.0,0.0,35.276153781271454,0.0,36.428659677435185,14.2,97.2,0.0,0.0,0.0,450.0,10540.7,0.0,0.0,17.693,4.656,22.349,20.678,1.323,21.026,emon,0.812,0.619,56.2,26.1,2.153
2026-09-23 14:19:13.085,11.2,0,89,14;22;89;6;3;20;5;0;0;14;0;0;0;6;0;0,811,3461,3290;3461;3125;2862;1223;2037;1863;1524;1181;1776;1371;1189;811;1165;1001;982,2.2,0.0,10541.7,0,0,0,0,0,0.0,0,0,0,0,0,0,0,0,0.0,0,0,0,0,0,0.0,0.0,0.0,0,0,0,44.1,5.7,23.51,0.38,34.06,23.4,63.4,100.01777174117717,23.56499403919232,19.486159956201593,35.091798280623365,0.8036488789682366,1803.2553191489362,0.0,0.0,33.8692970867727,0.0,32.804467178054125,14.2,97.2,0.0,0.0,0.0,450.0,10541.7,0.0,0.0,17.693,4.656,22.349,20.678,1.323,21.026,emon,0.812,0.619,56.2,26.1,2.153
2026-09-23 14:19:14.085,12.9,0,89,17;36;89;8;5;17;3;0;0;14;2;0;0;17;0;0,966,3582,3582;3544;3135;2951;1233;2033;1788;2171;1387;1867;1823;1408;1049;1231;966;1099,2.3,0.0,10540.6,0,0,0,0,0,0.0,0,0,0,0,0,0,0,0,0.0,0,0,0,0,0,0.0,0.0,0.0,0,0,0,43.1,5.7,23.51,0.38,34.06,23.3,63.4,100.0021482927526,24.967995079086997,15.629262118000288,33.74031158221569,0.5850248311447502,1830.8181818181818,0.0,0.0,37.861536712346144,0.0,37.29026965060692,14.2,97.2,0.0,0.0,0.0,450.0,10540.6,0.0,0.0,17.693,4.656,22.349,20.678,1.323,21.026,emon,0.812,0.619,56.2,26.1,2.153
2026-09-23 14:19:15.086,10.6,0,89,6;31;89;8;2;12;0;0;0;11;0;0;0;9;2;0,907,3269,3113;3269;2549;2881;1223;1917;1804;2202;2134;1860;2238;2111;912;1110;944;907,2.3,0.0,10540.6,0,0,0,0,0,0.0,0,0,0,0,0,0,0,0,0.0,0,0,0,0,0,0.0,0.0,0.0,0,0,0,44.1,6.01,23.3,0.38,34.45,23.3,63.4,99.9755120794457,31.131259344518185,14.248328408562994,39.763919092086425,0.3832821666981172,1847.7951807228915,0.0,0.0,31.727598259072604,0.0,28.93863469736699,14.2,97.1,0.0,0.0,0.0,450.0,10541.6,0.0,0.0,17.693,4.656,22.349,20.678,1.323,21.026,emon,0.812,0.619,56.2,26.1,2.153
2026-09-23 14:19:16.086,10.5,0,95,12;18;95;2;6;11;2;0;0;19;0;0;0;3;0;0,615,3531,3531;3262;2832;2519;1226;1900;1671;1631;1282;1719;2282;1246;615;1128;884;849,2.3,0.0,10540.6,0,0,0,0,0,0.0,0,0,0,0,0,0,0,0,0.0,0,0,0,0,0,0.0,0.0,0.0,0,0,0,42.1,6.01,23.3,0.38,34.45,23.4,63.4,100.00612367166055,27.695822180122942,19.531790543246913,39.530598601779424,0.5041382820439853,1799.0,0.0,0.0,30.866734119193517,0.0,24.74663271247342,14.2,97.3,0.0,0.0,0.0,450.0,10540.6,0.0,0.0,17.693,4.656,22.349,20.678,1.323,21.026,emon,0.812,0.619,56.2,26.1,2.153
2026-09-23 14:19:17.086,11.0,0,86,19;25;86;9;2;9;6;2;0;9;3;0;0;3;2;2,852,3618,3618;3533;2943;2841;1216;2004;1841;1315;1299;1703;1495;1630;1083;1162;852;852,2.3,0.0,10540.6,0,0,0,0,0,0.0,0,0,0,0,0,0,0,0,0.0,0,0,0,0,0,0.0,0.0,0.0,0,0,0,42.1,6.01,23.3,0.38,34.45,23.4,63.4,99.99904584213041,29.862931765301127,17.446902976909154,40.47818640588035,0.14144413406685205,1839.8450704225352,0.0,0.0,30.740836177067177,0.0,23.671993360474286,14.2,97.2,0.0,0.0,0.0,450.0,10541.6,0.0,0.0,17.693,4.656,22.349,20.678,1.323,21.026,emon,0.812,0.619,56.2,26.1,2.153
2026-09-23 14:19:18.087,11.3,0,86,17;27;86;8;8;9;3;0;0;14;0;0;2;8;0;0,804,3397,3397;3197;2955;2993;1278;2179;1723;1874;1418;1901;2456;1522;1077;1221;929;804,2.5,0.0,10540.6,0,0,0,0,0,0.0,0,0,0,0,0,0,0,0,0.0,0,0,0,0,0,0.0,0.0,0.0,0,0,0,42.1,6.01,23.3,0.38,34.45,23.4,63.4,99.99223340352377,29.425216699381256,14.679103775819142,37.64867520199881,0.3411561535567873,1832.3333333333333,0.0,0.0,35.37082036647739,0.0,30.447932976012492,14.2,97.1,0.0,0.0,0.0,450.0,10540.6,0.0,0.0,17.693,4.656,22.349,20.678,1.323,21.026,emon,0.812,0.619,56.2,26.1,2.153
2026-09-23 14:19:19.087,10.7,0,94,12;22;94;2;5;12;0;0;0;17;0;0;0;8;0;0,909,3368,3368;3201;2818;2589;1261;2189;1845;1707;2175;1855;2457;1827;996;1072;909;1013,2.3,0.0,10540.6,0,0,0,0,0,0.0,0,0,0,0,0,0,0,0,0.0,0,0,0,0,0,0.0,0.0,0.0,0,0,0,42.1,5.47,24.08,0.38,34.38,23.4,63.4,100.00931178348165,32.38878049145282,14.371534805902293,39.20287629248391,0.29263655245172937,1800.056338028169,0.0,0.0,30.746706187039692,0.0,23.66744560446479,14.2,97.2,0.0,0.0,0.0,450.0,10540.6,0.0,0.0,17.693,4.656,22.349,20.678,1.323,21.026,emon,0.812,0.619,56.2,26.1,2.153
2026-09-23 14:19:20.088,10.6,0,94,5;23;94;5;2;17;0;2;0;12;0;0;0;11;0;0,911,3276,3276;3240;3038;2959;1210;1771;1748;2492;1447;1782;1710;2873;991;1111;911;1021,2.5,0.0,10541.6,0,0,0,0,0,0.0,0,0,0,0,0,0,0,0,0.0,0,0,0,0,0,0.0,0.0,0.0,0,0,0,43.1,5.47,24.08,0.38,34.38,23.4,63.4,99.99071382852125,23.93754391509708,21.297970464716407,35.67757887997865,0.5088671031822475,1808.9476439790576,0.0,0.0,31.78981026150018,0.0,30.953119180729022,14.2,97.2,0.0,0.0,0.0,450.0,10541.6,0.0,0.0,17.693,4.656,22.349,20.678,1.323,21.026,emon,0.812,0.619,56.2,26.1,2.153
2026-09-23 14:19:21.088,12.1,0,92,8;26;92;12;6;16;5;0;0;17;3;0;0;8;0;0,960,3060,3058;3002;2931;3060;1249;2038;1756;2849;1468;1881;1861;2872;960;1196;1048;1039,2.3,0.0,10540.6,0,0,0,0,0,0.0,0,0,0,0,0,0,0,0,0.0,0,0,0,0,0,0.0,0.0,0.0,0,0,0,43.1,5.47,24.08,0.38,34.38,23.4,63.4,99.99403863701939,25.071136203055723,16.048903090894715,33.97962559260859,0.47176260496431976,1814.495867768595,0.0,0.0,36.27831445151386,0.0,35.627327260118584,14.2,97.1,0.0,0.0,0.0,450.0,10540.6,0.0,0.0,17.693,4.656,22.349,20.678,1.323,21.026,emon,0.812,0.619,56.2,26.1,2.153
2026-09-23 14:19:22.088,11.6,0,97,12;30;97;3;11;12;2;3;0;12;0;0;0;2;0;0,735,3502,3415;3502;2790;2823;1214;1947;1726;1440;1217;1772;1440;1516;899;1190;735;753,2.1,0.0,10540.6,0,0,0,0,0,0.0,0,0,0,0,0,0,0,0,0.0,0,0,0,0,0,0.0,0.0,0.0,0,0,0,43.1,5.47,24.08,0.38,34.38,23.3,63.4,99.99986131456163,21.363379941706857,19.77806910779741,32.856245853569774,0.45716211093925974,1800.3333333333333,0.0,0.0,34.597394503561986,0.0,32.92946356073435,14.2,97.1,0.0,0.0,0.0,450.0,10540.6,0.0,0.0,17.693,4.656,22.349,20.678,1.323,21.026,emon,0.812,0.619,56.2,26.1,2.153
2026-09-23 14:19:23.088,11.8,0,89,11;40;89;3;3;20;3;0;0;11;0;0;0;9;0;0,716,3422,3297;3422;3091;3109;1231;2023;1352;1278;1139;2021;2137;2268;793;1274;749;716,2.2,0.0,10540.6,0,0,0,0,0,0.0,0,0,0,0,0,0,0,0,0.0,0,0,0,0,0,0.0,0.0,0.0,0,0,0,43.1,5.49,23.32,0.38,33.85,23.4,63.4,100.05973944972403,27.469579284843892,14.978888416171667,35.74300021874667,0.2833458253886755,1799.0,0.0,0.0,34.69706540178526,0.0,33.797635542996254,14.2,97.1,0.0,0.0,0.0,450.0,10540.6,0.0,0.0,17.693,4.656,22.349,20.678,1.323,21.026,emon,0.812,0.619,56.2,26.1,2.153
2026-09-23 14:19:24.089,11.8,0,94,11;29;94;3;3;9;2;2;0;17;0;0;0;19;0;0,1055,3310,3310;3059;2918;2854;1223;2000;1944;1310;1176;1824;1418;1125;1076;2091;1080;1055,2.3,0.0,10540.6,0,0,0,0,0,0.0,0,0,0,0,0,0,0,0,0.0,0,0,0,0,0,0.0,0.0,0.0,0,0,0,42.1,5.49,23.32,0.38,33.85,23.4,63.4,99.99650076161261,30.09257207877691,13.869684755154278,38.096684203118734,0.29344195002214174,1821.554347826087,0.0,0.0,35.70900089767984,0.0,30.878755320673086,14.2,97.1,0.0,0.0,0.0,450.0,10540.6,0.0,0.0,17.576,4.515,22.091,18.357,1.175,20.916,emon,0.812,0.631,56.0,26.3,2.131
2026-09-23 14:19:25.089,11.8,0,97,12;27;97;3;6;12;5;0;0;14;0;0;0;9;3;0,876,3700,3700;3400;2841;3016;1217;1974;1835;1564;1490;1817;1876;1538;1612;1294;876;973,2.3,0.0,10540.6,0,0,0,0,0,0.0,0,0,0,0,0,0,0,0,0.0,0,0,0,0,0,0.0,0.0,0.0,0,0,0,41.1,5.49,23.32,0.38,33.85,23.4,63.4,100.0011720004147,27.356246572651276,19.54828667150785,38.986834643638296,0.2898720953205269,1803.4520547945206,0.0,0.0,30.600660580026993,0.0,23.718100796236772,14.2,97.2,0.0,0.0,0.0,450.0,10540.6,0.0,0.0,17.576,4.515,22.091,18.357,1.175,20.916,emon,0.812,0.631,56.0,26.3,2.131
2026-09-23 14:19:26.090,11.4,0,92,12;26;92;5;2;20;2;0;0;14;0;0;0;9;0;0,932,3161,3117;2938;3073;3161;1227;2144;1889;1714;1223;1724;2448;1761;932;1142;940;1080,2.2,0.0,10540.7,0,0,0,0,0,0.0,0,0,0,0,0,0,0,0,0.0,0,0,0,0,0,0.0,0.0,0.0,0,0,0,43.1,5.49,23.32,0.38,33.85,23.3,63.4,99.9993613027308,33.145118250464,14.168824098406047,40.40657676919533,0.1256928894546454,1812.8686131386862,0.0,0.0,30.388436218584296,0.0,23.790892197113198,14.2,97.3,0.0,0.0,0.0,450.0,10541.7,0.0,0.0,17.576,4.515,22.091,18.357,1.175,20.916,emon,0.812,0.631,56.0,26.3,2.131
2026-09-23 14:19:27.090,12.4,0,91,11;42;91;6;6;17;2;0;0;20;0;0;0;5;0;0,524,4310,3557;3563;4310;4179;1231;1926;1844;2523;2249;2092;2153;1980;900;1282;1767;524,100.0,0.0,10541.6,0,0,0,0,0,0.0,0,0,0,0,0,0,0,0,0.0,0,0,0,0,0,0.0,0.0,0.0,0,0,0,41.1,6.02,23.08,0.38,34.32,23.4,63.4,92.4061347749192,13.7354456151841,28.76662108801693,31.37341734164023,13.977132617996608,1799.0,0.0,0.0,32.19344295387094,0.0,21.175319088278393,14.1,96.1,0.0,0.0,0.0,450.0,10541.7,0.0,0.0,17.576,4.515,22.091,18.357,1.175,20.916,emon,0.812,0.631,56.0,26.3,2.131
2026-09-23 14:19:28.091,12.7,0,97,14;32;97;5;2;14;3;2;0;30;0;0;0;5;0;0,633,4263,3767;3546;4263;4211;1263;2172;1792;1400;2533;2010;2437;2175;664;1007;912;633,97.1,0.0,10541.6,0,0,0,0,0,0.0,0,0,0,0,0,0,0,0,0.0,0,0,0,0,0,0.0,0.0,0.0,0,0,0,41.1,6.02,23.08,0.38,34.32,23.4,63.4,94.71935274149921,12.354398354455862,29.61131682804039,30.803014384666543,14.087823352700955,1799.0,0.0,0.0,35.03764455585934,0.0,26.122102957059372,13.9,95.0,0.0,0.0,0.0,450.0,10541.6,0.0,0.0,17.576,4.515,22.091,18.357,1.175,20.916,emon,0.812,0.631,56.0,26.3,2.131
2026-09-23 14:19:29.091,11.9,0,91,11;25;91;5;3;19;2;0;0;25;0;0;0;9;2;0,1006,4190,3791;3623;4190;3923;1241;2026;1802;2127;1282;2052;1578;1299;1006;1109;1811;1447,97.7,0.0,10542.6,0,0,0,0,0,0.0,0,0,0,0,0,0,0,0,0.0,0,0,0,0,0,0.0,0.0,0.0,0,0,0,40.1,6.02,23.08,0.38,34.32,23.4,63.4,95.06512563427289,12.090430869604461,28.31456239471833,29.27174722912411,14.504865621620167,1799.0,0.0,0.0,36.58097666283672,0.0,29.677389393842265,14.0,95.4,0.0,0.0,0.0,450.0,10542.6,0.0,0.0,17.576,4.515,22.091,18.357,1.175,20.916,emon,0.812,0.631,56.0,26.3,2.131
2026-09-23 14:19:30.092,11.9,0,94,17;27;94;11;0;14;3;0;0;17;2;0;0;6;0;0,615,4293,3876;3549;4293;4198;1253;2233;2108;1530;1322;2172;1633;2594;885;1176;1030;615,98.6,0.0,10541.6,0,0,0,0,0,0.0,0,0,0,0,0,0,0,0,0.0,0,0,0,0,0,0.0,0.0,0.0,0,0,0,41.1,6.02,23.08,0.38,34.32,23.4,63.4,95.30856345183608,12.318479441234546,28.603729487761207,29.928396572831318,15.483377638136279,1799.0,0.0,0.0,36.900802121095296,0.0,33.399549878766365,14.0,95.3,0.0,0.0,0.0,450.0,10541.6,0.0,0.0,17.576,4.515,22.091,18.357,1.175,20.916,emon,0.812,0.631,56.0,26.3,2.131
2026-09-23 14:19:31.092,13.9,0,86,14;42;86;11;2;22;3;0;0;26;2;0;0;17;0;0,866,4267,3436;3362;4267;4176;1298;2221;2548;2668;1659;2036;2637;1999;1461;1170;866;915,97.9,0.0,10533.1,0,0,0,0,0,0.0,0,0,0,0,0,0,0,0,0.0,0,0,0,0,0,0.0,0.0,0.0,0,0,0,42.1,10.35,12.44,0.4,33.25,23.4,63.4,93.41552838683128,13.566720486540968,29.4722372541825,32.11432702218493,14.349502405481568,1799.0,0.0,0.0,32.64860835813018,0.0,25.86386507233135,14.0,95.7,0.0,0.0,0.0,450.0,10533.1,0.0,0.0,17.576,4.515,22.091,18.357,1.175,20.916,emon,0.812,0.631,56.0,26.3,2.131
2026-09-23 14:19:32.093,22.0,0,94,37;42;94;20;9;27;14;5;0;22;6;2;0;72;2;0,1011,4101,3759;3704;4101;3885;1404;2359;2330;1795;2079;2370;2090;1806;1308;1670;1157;1011,100.0,0.0,10533.1,0,0,0,0,0,0.0,0,0,0,0,0,0,0,0,0.0,0,0,0,0,0,0.0,0.0,0.0,0,0,0,43.1,10.35,12.44,0.4,33.25,23.4,63.4,93.21161393155442,13.179277073037117,28.898115030787093,31.053748817282155,13.87938752565892,1799.0,0.0,0.0,33.87983865451385,0.0,23.260924871708173,14.0,95.4,0.0,0.0,0.0,450.0,10533.1,0.0,0.0,17.576,4.515,22.091,18.357,1.175,20.916,emon,0.812,0.631,56.0,26.3,2.131
2026-09-23 14:19:33.093,15.9,0,91,14;38;91;14;6;26;12;2;0;23;3;2;3;20;0;0,824,4231,3683;3805;4231;3756;1310;2360;2461;1955;2220;2029;2017;1599;936;1213;952;824,92.0,0.0,10533.1,0,0,0,0,0,0.0,0,0,0,0,0,0,0,0,0.0,0,0,0,0,0,0.0,0.0,0.0,0,0,0,43.1,10.35,12.44,0.4,33.25,23.4,63.4,94.29931212133832,13.000356079148197,29.111509293317795,30.838576857138563,14.118308634359252,1799.0,0.0,0.0,34.608738215014995,0.0,26.793863114467463,13.9,95.1,0.0,0.0,0.0,450.0,10533.1,0.0,0.0,17.576,4.515,22.091,18.357,1.175,20.916,emon,0.812,0.631,56.0,26.3,2.131
2026-09-23 14:19:34.094,13.1,0,92,16;36;92;8;5;17;5;2;0;23;0;0;0;6;0;0,894,4193,3789;3738;4193;4097;1366;2356;2122;1858;3234;2485;2554;2301;1148;1187;894;1180,97.3,0.0,10545.9,0,0,0,0,0,0.0,0,0,0,0,0,0,0,0,0.0,0,0,0,0,0,0.0,0.0,0.0,0,0,0,40.1,10.35,12.44,0.4,33.25,23.4,63.4,94.44401939895666,13.186737273094868,29.46857993450956,31.33443143700084,14.293696480132988,1799.0,0.0,0.0,34.451286491302,0.0,27.98922335231312,14.0,95.6,0.0,0.0,0.0,450.0,10545.9,0.0,0.0,17.576,4.515,22.091,18.357,1.175,20.916,emon,0.812,0.631,56.0,26.3,2.131
2026-09-23 14:19:35.094,18.7,3,88,25;35;88;17;5;38;5;8;6;27;3;6;3;24;3;6,1359,4263,3898;3578;4263;4017;1888;2508;2066;3019;3293;2415;2251;3261;2251;1413;1359;1765,97.3,0.0,10545.9,0,0,0,0,0,0.0,0,0,0,0,0,0,0,0,0.0,0,0,0,0,0,0.0,0.0,0.0,0,0,0,42.1,11.04,12.41,0.4,34.11,23.4,63.4,93.67294551476394,12.711184318924305,29.776379856732813,30.968994337143283,14.417255921824143,1799.0,0.0,0.0,34.04242158114206,0.0,23.65387969699196,13.9,95.0,0.0,0.0,0.0,450.0,10545.9,0.0,0.0,17.576,4.515,22.091,18.357,1.175,20.916,emon,0.812,0.631,56.0,26.3,2.131
2026-09-23 14:19:36.095,11.7,0,92,9;33;92;8;9;16;2;0;0;14;0;0;0;5;0;0,754,4255,3563;3704;4255;4068;1260;2118;1824;1555;1136;2009;1729;1037;881;1011;754;824,91.7,0.0,10545.8,0,0,0,0,0,0.0,0,0,0,0,0,0,0,0,0.0,0,0,0,0,0,0.0,0.0,0.0,0,0,0,42.1,11.04,12.41,0.4,34.11,23.4,63.4,96.19472072794012,12.10032151506142,30.348064400153618,30.94053419179296,15.552867048662412,1799.0,0.0,0.0,35.89820306644574,0.0,34.69420637796644,14.0,95.7,0.0,0.0,0.0,450.0,10541.8,0.0,0.0,106.687,1.115,107.802,32.308,2.068,105.734,emon,0.597,0.389,146.4,68.3,2.145
2026-09-23 14:19:37.095,14.0,0,94,27;35;94;3;2;20;6;0;0;19;0;0;0;18;0;0,964,4222,3930;3647;4222;3960;1311;2315;2475;1501;1721;2109;2305;1927;964;1848;1006;1303,98.0,0.0,9718.5,0,0,0,0,0,0.0,0,0,0,0,0,0,0,0,0.0,0,0,0,0,0,0.0,0.0,0.0,0,0,0,42.1,11.04,12.41,0.4,34.11,22.6,63.4,93.78176707202948,13.222711367044345,29.831503090349216,32.07423102942485,15.378183503499598,1799.0,0.0,0.0,34.80454426608387,0.0,26.225029213320298,14.0,95.3,0.0,0.0,0.0,450.0,9499.1,0.0,0.0,106.687,1.115,107.802,32.308,2.068,105.734,emon,0.597,0.389,146.4,68.3,2.145
2026-09-23 14:19:38.096,12.9,0,92,11;43;92;6;3;27;0;0;0;14;0;0;0;9;0;0,677,4275,3666;3722;4275;4113;1323;2353;1958;2504;1347;2133;2004;1152;677;1759;910;977,99.3,0.0,9499.1,0,0,0,0,0,0.0,0,0,0,0,0,0,0,0,0.0,0,0,0,0,0,0.0,0.0,0.0,0,0,0,41.1,11.04,12.41,0.4,34.11,22.6,63.4,93.7508787005695,13.280802466772236,29.50639895776018,31.779263672840536,14.708777137971785,1799.0,0.0,0.0,33.696449689520755,0.0,25.29555702510646,14.0,95.3,0.0,0.0,0.0,450.0,9499.1,0.0,0.0,106.687,1.115,107.802,32.308,2.068,105.734,emon,0.597,0.389,146.4,68.3,2.145
2026-09-23 14:19:39.096,13.4,0,92,32;28;92;6;5;8;11;0;0;6;11;0;0;6;9;0,838,4229,3714;3761;4229;4198;1257;2021;2088;1939;2566;1940;1984;1292;838;1150;1065;1100,92.3,0.0,9499.1,0,0,0,0,0,0.0,0,0,0,0,0,0,0,0,0.0,0,0,0,0,0,0.0,0.0,0.0,0,0,0,42.1,10.93,12.47,0.4,34.02,22.6,63.4,94.78699352132513,13.588647723435722,29.85854149879293,32.18277037143707,14.749439517412572,1799.0,0.0,0.0,33.90797736331142,0.0,23.792812194669015,14.0,95.6,0.0,0.0,0.0,450.0,9499.1,0.0,0.0,106.687,1.115,107.802,32.308,2.068,105.734,emon,0.597,0.389,146.4,68.3,2.145
2026-09-23 14:19:40.096,11.3,0,94,20;12;94;9;0;0;18;3;0;0;16;2;0;0;6;0,845,4331,3393;3621;4331;4177;1308;1918;2178;2527;2283;1363;1872;1627;880;845;1071;903,98.5,0.0,9500.1,0,0,0,0,0,0.0,0,0,0,0,0,0,0,0,0.0,0,0,0,0,0,0.0,0.0,0.0,0,0,0,42.1,10.93,12.47,0.4,34.02,22.4,63.4,92.7761908575546,14.212807680285254,29.49982667523761,32.47657320111297,14.887383486612613,1799.0,0.0,0.0,33.54266504095705,0.0,20.220678822976687,14.0,95.3,0.0,0.0,0.0,450.0,9500.1,0.0,0.0,106.687,1.115,107.802,32.308,2.068,105.734,emon,0.597,0.389,146.4,68.3,2.145
2026-09-23 14:19:41.097,13.7,0,89,43;17;89;5;3;0;22;2;0;0;20;0;0;0;18;0,730,4268,3607;3794;4268;4187;1324;1574;2359;1789;1145;1314;2148;1778;835;730;1001;837,97.8,0.0,9499.1,0,0,0,0,0,0.0,0,0,0,0,0,0,0,0,0.0,0,0,0,0,0,0.0,0.0,0.0,0,0,0,42.1,10.93,12.47,0.4,34.02,22.4,63.4,94.43738354603057,13.560200220772199,30.32502738595596,32.225460046617854,15.373882356019498,1799.0,0.0,0.0,34.83594056068383,0.0,27.04038662361669,14.0,95.6,0.0,0.0,0.0,450.0,9499.1,0.0,0.0,106.687,1.115,107.802,32.308,2.068,105.734,emon,0.597,0.389,146.4,68.3,2.145
2026-09-23 14:19:42.097,13.9,0,92,26;20;92;6;6;0;20;6;0;0;20;2;2;0;20;2,811,4235,3758;3895;4235;4051;1311;1575;2264;2184;2063;1551;2238;1703;811;880;1215;956,98.8,0.0,9499.1,0,0,0,0,0,0.0,0,0,0,0,0,0,0,0,0.0,0,0,0,0,0,0.0,0.0,0.0,0,0,0,44.1,10.65,12.48,0.4,33.66,22.4,63.4,93.41455342895107,13.951751593853299,30.768747159054406,33.29282935293097,15.988661029483927,1799.0,0.0,0.0,35.62953581107339,0.0,22.996641825932066,14.0,95.5,0.0,0.0,0.0,450.0,9499.1,0.0,0.0,106.687,1.115,107.802,32.308,2.068,105.734,emon,0.597,0.389,146.4,68.3,2.145
2026-09-23 14:19:43.097,12.4,0,89,25;16;89;9;2;0;16;3;0;0;22;5;0;0;13;0,624,4274,3632;3616;4274;4128;1302;1409;2219;1894;1382;1492;2248;2527;624;975;1003;792,98.1,0.0,9499.1,0,0,0,0,0,0.0,0,0,0,0,0,0,0,0,0.0,0,0,0,0,0,0.0,0.0,0.0,0,0,0,43.1,10.65,12.48,0.4,33.66,22.4,63.4,95.25035649122194,12.16848839791636,29.022111121074175,30.528724461505117,15.259186083739696,1799.0,0.0,0.0,35.5631873997699,0.0,31.5066218559487,14.0,95.4,0.0,0.0,0.0,450.0,9499.1,0.0,0.0,106.687,1.115,107.802,32.308,2.068,105.734,emon,0.597,0.389,146.4,68.3,2.145
2026-09-23 14:19:44.098,11.7,0,89,26;12;89;11;2;0;17;2;0;0;20;0;0;0;8;0,630,4275,3423;3440;4275;4124;1382;2487;2335;2189;1771;1812;2156;2000;630;693;1114;806,97.5,0.0,9499.1,0,0,0,0,0,0.0,0,0,0,0,0,0,0,0,0.0,0,0,0,0,0,0.0,0.0,0.0,0,0,0,42.1,10.65,12.48,0.4,33.66,22.4,63.4,95.37061603523878,12.828114101634242,28.697953645357362,30.418447602815665,15.2196502469567,1799.0,0.0,0.0,36.90561037777528,0.0,30.452099512369394,14.0,95.3,0.0,0.0,0.0,450.0,9499.1,0.0,0.0,106.687,1.115,107.802,32.308,2.068,105.734,emon,0.597,0.389,146.4,68.3,2.145
2026-09-23 14:19:45.098,11.7,0,90,23;11;90;6;3;0;14;2;0;0;16;0;2;0;18;2,725,4266,3588;3913;4266;3939;1237;1412;2009;2099;1190;1242;2082;2150;1015;909;1149;725,97.5,0.0,9499.1,0,0,0,0,0,0.0,0,0,0,0,0,0,0,0,0.0,0,0,0,0,0,0.0,0.0,0.0,0,0,0,41.1,10.65,12.48,0.4,33.66,22.4,63.4,94.44278291645895,13.488804830559369,29.7361939082592,32.15378919170408,15.17965773841724,1799.0,0.0,0.0,33.36573430077113,0.0,25.072340785520183,14.0,95.6,0.0,0.0,0.0,450.0,9500.1,0.0,0.0,106.687,1.115,107.802,32.308,2.068,105.734,emon,0.597,0.389,146.4,68.3,2.145
2026-09-23 14:19:46.099,11.6,0,96,26;16;96;3;2;0;16;5;0;0;16;0;0;0;8;0,697,4253,3629;3890;4253;4053;1360;3217;2307;2389;2498;2683;2269;2293;898;697;1196;900,99.4,0.0,9499.1,0,0,0,0,0,0.0,0,0,0,0,0,0,0,0,0.0,0,0,0,0,0,0.0,0.0,0.0,0,0,0,41.1,10.41,12.53,0.4,33.42,22.3,63.4,96.28109801950909,12.493337057090164,28.423703286264622,29.788036837990926,14.33472727120915,1799.0,0.0,0.0,36.45659960232516,0.0,31.364931201772357,14.0,95.4,0.0,0.0,0.0,450.0,9499.1,0.0,0.0,106.687,1.115,107.802,32.308,2.068,105.734,emon,0.597,0.389,146.4,68.3,2.145
2026-09-23 14:19:47.099,12.7,0,92,30;19;92;8;6;0;11;2;0;0;18;2;0;0;17;0,659,4230,3610;3740;4230;4179;1299;1449;2157;1617;1374;1658;2097;1660;811;659;1071;858,92.5,0.0,9499.1,0,0,0,0,0,0.0,0,0,0,0,0,0,0,0,0.0,0,0,0,0,0,0.0,0.0,0.0,0,0,0,42.1,10.41,12.53,0.4,33.42,22.4,63.4,92.0755026599339,13.82963236127581,29.28116366795131,32.113114471435544,14.350910733001573,1799.0,0.0,0.0,31.825874911388382,0.0,20.940933610443025,13.9,95.2,0.0,0.0,0.0,450.0,9501.8,0.0,0.0,106.762,1.066,107.827,25.045,1.603,106.224,emon,0.599,0.38,146.9,68.9,2.134
2026-09-23 14:19:48.100,10.8,0,94,26;11;94;3;2;0;14;0;0;0;12;2;0;0;10;0,858,4168,3621;3668;4168;3986;1320;1580;2324;1858;2072;1317;2011;2002;911;938;1116;858,100.0,0.0,9499.1,0,0,0,0,0,0.0,0,0,0,0,0,0,0,0,0.0,0,0,0,0,0,0.0,0.0,0.0,0,0,0,40.1,10.41,12.53,0.4,33.42,22.4,63.4,92.68370782391409,13.662892806019341,28.768005600136316,31.44053860594717,13.851175428273972,1799.0,0.0,0.0,32.417071970205185,0.0,20.59698419981071,14.0,95.5,0.0,0.0,0.0,450.0,9499.1,0.0,0.0,106.762,1.066,107.827,25.045,1.603,106.224,emon,0.599,0.38,146.9,68.9,2.134
2026-09-23 14:19:49.100,12.3,0,92,28;14;92;2;0;0;20;6;0;0;16;0;0;0;18;0,873,4328,3544;3612;4328;4079;1339;2263;2264;2302;2275;1402;2039;2374;873;1187;1762;1027,96.8,0.0,9499.1,0,0,0,0,0,0.0,0,0,0,0,0,0,0,0,0.0,0,0,0,0,0,0.0,0.0,0.0,0,0,0,42.1,10.41,12.53,0.4,33.42,22.4,63.4,92.87687045465346,13.68964825299285,30.443479426529098,32.99297151892729,15.335886285397345,1799.0,0.0,0.0,33.53475172017478,0.0,22.108122387730123,14.0,95.6,0.0,0.0,0.0,450.0,9499.1,0.0,0.0,106.762,1.066,107.827,25.045,1.603,106.224,emon,0.599,0.38,146.9,68.9,2.134
2026-09-23 14:19:50.111,12.4,0,86,37;11;86;9;3;0;20;3;0;0;12;2;0;0;16;0,787,4317,3301;3708;4317;4207;1277;2533;2223;1829;1465;1273;1751;1776;809;787;1616;966,100.0,0.0,9500.1,0,0,0,0,0,0.0,0,0,0,0,0,0,0,0,0.0,0,0,0,0,0,0.0,0.0,0.0,0,0,0,42.1,10.34,12.47,0.4,33.32,22.5,63.4,95.26534318443268,12.315307851103436,31.482382490750282,32.41983136234264,16.60436133463161,1799.0,0.0,0.0,35.76065194016818,0.0,33.11893858682005,14.0,95.4,0.0,0.0,0.0,450.0,9500.1,0.0,0.0,106.762,1.066,107.827,25.045,1.603,106.224,emon,0.599,0.38,146.9,68.9,2.134
2026-09-23 14:19:51.112,12.5,0,92,32;18;92;3;5;0;20;2;0;0;19;2;0;0;8;0,661,4215,3546;3862;4215;3875;1304;1265;2267;2110;1507;1325;1981;2116;917;880;1127;661,100.0,0.0,9499.1,0,0,0,0,0,0.0,0,0,0,0,0,0,0,0,0.0,0,0,0,0,0,0.0,0.0,0.0,0,0,0,42.1,10.34,12.47,0.4,33.32,22.4,63.4,94.08603908157349,12.395119393780828,29.010796346187593,30.129200813174247,15.020526723980904,1799.0,0.0,0.0,36.66913989205286,0.0,33.644965314998245,14.0,95.5,0.0,0.0,0.0,450.0,9499.1,0.0,0.0,106.762,1.066,107.827,25.045,1.603,106.224,emon,0.599,0.38,146.9,68.9,2.134
2026-09-23 14:19:52.112,11.4,0,86,33;14;86;8;3;0;19;2;0;0;17;0;0;0;2;0,747,4287,3696;3632;4287;4047;1265;2066;2256;2267;1131;1626;2163;1827;790;747;1026;1013,88.3,0.0,9499.1,0,0,0,0,0,0.0,0,0,0,0,0,0,0,0,0.0,0,0,0,0,0,0.0,0.0,0.0,0,0,0,43.1,10.34,12.47,0.4,33.32,22.4,63.4,95.51545041826036,12.826055344968207,28.732806440475915,30.519577491813237,14.854448931051625,1799.0,0.0,0.0,35.51913301636775,0.0,28.419340284905378,14.0,95.7,0.0,0.0,0.0,450.0,9499.1,0.0,0.0,106.762,1.066,107.827,25.045,1.603,106.224,emon,0.599,0.38,146.9,68.9,2.134
2026-09-23 14:19:53.113,14.8,0,89,35;19;89;6;10;0;23;6;2;0;26;0;0;0;19;2,947,4245,3770;3768;4245;4042;1296;1159;2182;1971;1441;1604;2145;2108;1014;947;1269;1063,95.6,0.0,9500.3,0,0,0,0,0,0.0,0,0,0,0,0,0,0,0,0.0,0,0,0,0,0,0.0,0.0,0.0,0,0,0,42.1,10.34,12.47,0.4,33.32,22.4,63.4,94.00544462311134,13.895255303114988,28.742277906182107,31.661820556340594,13.971702310811267,1799.0,0.0,0.0,33.00298359802809,0.0,20.58769746733374,14.0,95.7,0.0,0.0,0.0,450.0,9500.3,0.0,0.0,106.762,1.066,107.827,25.045,1.603,106.224,emon,0.599,0.38,146.9,68.9,2.134
2026-09-23 14:19:54.113,13.9,0,92,32;11;92;5;9;0;25;9;0;0;23;3;0;0;12;2,849,4285,3551;3772;4285;4052;1249;1134;2156;1937;1795;1342;2105;1629;870;849;1013;1074,95.6,0.0,9500.3,0,0,0,0,0,0.0,0,0,0,0,0,0,0,0,0.0,0,0,0,0,0,0.0,0.0,0.0,0,0,0,41.1,10.51,12.53,0.4,33.51,22.4,63.4,92.97108162366428,13.771544204963433,29.143873497679994,31.944810081314255,14.009841806408796,1799.0,0.0,0.0,32.26127445512223,0.0,21.253099890579318,14.0,95.7,0.0,0.0,0.0,450.0,9500.1,0.0,0.0,106.762,1.066,107.827,25.045,1.603,106.224,emon,0.599,0.38,146.9,68.9,2.134
2026-09-23 14:19:55.113,13.8,0,91,28;20;91;9;9;0;19;3;0;0;27;2;0;0;12;0,781,4288,3522;3666;4288;4089;1292;1724;2166;2145;1304;1584;2042;1997;822;781;1039;850,100.0,0.0,9499.1,0,0,0,0,0,0.0,0,0,0,0,0,0,0,0,0.0,0,0,0,0,0,0.0,0.0,0.0,0,0,0,41.1,10.51,12.53,0.4,33.51,22.4,63.4,94.51554177749989,13.0198323088893,29.072068791749867,30.906575870513915,14.612255735244862,1799.0,0.0,0.0,35.21473892213517,0.0,28.774675522747007,14.0,95.3,0.0,0.0,0.0,450.0,9499.1,0.0,0.0,106.762,1.066,107.827,25.045,1.603,106.224,emon,0.599,0.38,146.9,68.9,2.134
2026-09-23 14:19:56.114,12.3,0,97,31;11;97;0;2;0;22;0;0;0;23;0;0;0;11;0,718,4281,3535;3640;4281;4155;1472;1713;2444;2353;3077;1693;2096;2163;718;944;1077;778,91.0,0.0,9499.1,0,0,0,0,0,0.0,0,0,0,0,0,0,0,0,0.0,0,0,0,0,0,0.0,0.0,0.0,0,0,0,41.1,10.51,12.53,0.4,33.51,22.4,63.4,93.94348859786987,13.26188312082342,29.05475929022976,31.174746159161106,14.304670563190463,1799.0,0.0,0.0,35.29563809577465,0.0,24.785811625470135,14.0,95.2,0.0,0.0,0.0,450.0,9499.1,0.0,0.0,106.762,1.066,107.827,25.045,1.603,106.224,emon,0.599,0.38,146.9,68.9,2.134
2026-09-23 14:19:57.114,13.4,0,91,24;17;91;6;9;0;22;3;0;0;26;0;0;0;16;0,785,4280,3744;3765;4280;4238;1313;2205;2115;2021;2950;1384;1931;2188;856;785;1103;934,96.7,0.0,9499.1,0,0,0,0,0,0.0,0,0,0,0,0,0,0,0,0.0,0,0,0,0,0,0.0,0.0,0.0,0,0,0,42.1,10.51,12.53,0.4,33.51,22.4,63.4,95.11362835621729,12.491134450217814,29.445208273600283,31.184490598445375,14.569291458509895,1799.0,0.0,0.0,35.27313878007058,0.0,27.949334523896948,14.0,95.4,0.0,0.0,0.0,450.0,9499.1,0.0,0.0,106.762,1.066,107.827,25.045,1.603,106.224,emon,0.599,0.38,146.9,68.9,2.134
2026-09-23 14:19:58.115,13.4,0,86,37;22;86;11;6;0;16;2;0;0;23;0;0;0;11;0,845,4265,3670;3676;4265;4109;1300;3220;2177;1801;1902;2405;2003;2436;845;860;1056;873,97.8,0.0,9499.1,0,0,0,0,0,0.0,0,0,0,0,0,0,0,0,0.0,0,0,0,0,0,0.0,0.0,0.0,0,0,0,41.1,10.54,12.59,0.4,33.62,22.4,63.4,95.46245774136314,12.185290608421472,28.579297251842192,29.888864117709897,14.424004782078187,1799.0,0.0,0.0,35.35089252019333,0.0,29.805768459378683,14.0,95.5,0.0,0.0,0.0,450.0,9499.1,0.0,0.0,106.762,1.066,107.827,25.045,1.603,106.224,emon,0.599,0.38,146.9,68.9,2.134
2026-09-23 14:19:59.115,12.2,0,92,31;20;92;2;0;0;22;3;0;0;20;0;0;0;5;0,655,4302,3346;3472;4302;4068;1347;2013;2384;1933;1123;1304;2112;2585;734;655;1127;887,100.0,0.0,9499.1,0,0,0,0,0,0.0,0,0,0,0,0,0,0,0,0.0,0,0,0,0,0,0.0,0.0,0.0,0,0,0,41.1,10.54,12.59,0.4,33.62,22.4,63.4,95.51048089289198,12.536370519115406,29.009630872747476,30.222306755338522,15.366876892774712,1809.5882352941176,0.0,0.0,36.76782248052129,0.0,33.414098960782475,14.0,95.7,0.0,0.0,0.0,450.0,9499.1,0.0,0.0,107.663,1.156,108.819,25.983,1.663,107.156,emon,0.602,0.368,146.1,67.7,2.157
2026-09-23 14:20:00.116,19.1,2,86,38;38;86;16;2;6;30;12;2;6;36;4;5;2;23;2,1495,4293,3823;3888;4293;3997;1912;3110;2519;2692;3035;3131;2637;2849;2022;2004;1519;1495,93.4,0.0,9500.3,0,0,0,0,0,0.0,0,0,0,0,0,0,0,0,0.0,0,0,0,0,0,0.0,0.0,0.0,0,0,0,44.1,10.54,12.59,0.4,33.62,22.4,63.4,94.00858202798025,13.709705091203961,28.684915553501675,31.464556394304548,13.85913278400898,1799.0,0.0,0.0,32.41164675162307,0.0,20.953738186380694,14.0,95.5,0.0,0.0,0.0,450.0,9500.3,0.0,0.0,107.663,1.156,108.819,25.983,1.663,107.156,emon,0.602,0.368,146.1,67.7,2.157
2026-09-23 14:20:01.116,15.0,0,78,30;17;78;12;5;0;20;6;2;0;37;3;0;2;28;0,901,4267,3763;4013;4267;4003;1361;1253;2176;2087;1892;1579;2061;2059;952;978;1051;901,98.9,0.0,9499.1,0,0,0,0,0,0.0,0,0,0,0,0,0,0,0,0.0,0,0,0,0,0,0.0,0.0,0.0,0,0,0,42.1,10.54,12.59,0.4,33.62,22.4,63.4,94.84428858990763,13.725456447450116,29.84772825825448,32.31853139049866,14.601849672877613,1799.0,0.0,0.0,33.21826316878729,0.0,25.877179122053633,14.0,95.6,0.0,0.0,0.0,450.0,9499.1,0.0,0.0,107.663,1.156,108.819,25.983,1.663,107.156,emon,0.602,0.368,146.1,67.7,2.157
2026-09-23 14:20:02.116,15.2,0,83,36;25;83;8;12;2;14;6;2;0;27;8;0;0;22;0,613,4223,3726;3874;4223;4181;1304;2230;2345;1903;2300;1601;2234;1854;876;613;1125;719,99.3,0.0,9499.1,0,0,0,0,0,0.0,0,0,0,0,0,0,0,0,0.0,0,0,0,0,0,0.0,0.0,0.0,0,0,0,43.1,10.54,12.59,0.4,33.62,22.4,63.4,94.32057181994121,14.042418896466836,29.19139859868192,32.205673656244386,14.142621968797911,1799.0,0.0,0.0,32.58908660241654,0.0,21.07356746967858,14.0,95.7,0.0,0.0,0.0,450.0,9499.1,0.0,0.0,107.663,1.156,108.819,25.983,1.663,107.156,emon,0.602,0.368,146.1,67.7,2.157
2026-09-23 14:20:03.117,14.2,0,86,34;12;86;8;0;0;27;6;0;0;35;2;3;2;12;2,793,4270,3578;3663;4270;4054;1315;1251;2392;2813;1329;1362;2298;2610;953;793;1316;931,100.0,0.0,9499.1,0,0,0,0,0,0.0,0,0,0,0,0,0,0,0,0.0,0,0,0,0,0,0.0,0.0,0.0,0,0,0,41.1,10.54,12.59,0.4,33.62,22.4,63.4,92.93069961736369,14.14592890633063,29.73063025135157,32.60170093221796,14.817031491482847,1799.0,0.0,0.0,32.957045275064154,0.0,21.34283199127991,14.0,95.7,0.0,0.0,0.0,450.0,9499.1,0.0,0.0,107.663,1.156,108.819,25.983,1.663,107.156,emon,0.602,0.368,146.1,67.7,2.157
2026-09-23 14:20:04.117,12.1,0,94,20;17;94;6;0;0;19;3;0;0;19;0;0;0;16;0,837,4290,3492;3475;4290;4032;1244;1653;2264;1953;1867;1233;2050;1998;885;837;1125;907,100.0,0.0,9499.1,0,0,0,0,0,0.0,0,0,0,0,0,0,0,0,0.0,0,0,0,0,0,0.0,0.0,0.0,0,0,0,41.1,10.54,12.59,0.4,33.62,22.4,63.4,94.93601789971663,13.328014706270285,30.43653612694222,32.63338881314366,15.425934474755264,1799.0,0.0,0.0,35.40521332385102,0.0,27.902802860003415,14.0,95.2,0.0,0.0,0.0,450.0,9499.1,0.0,0.0,107.663,1.156,108.819,25.983,1.663,107.156,emon,0.602,0.368,146.1,67.7,2.157
2026-09-23 14:20:05.118,10.4,0,89,29;11;89;5;0;0;19;2;0;0;12;0;0;0;0;0,807,4319,3620;3757;4319;4007;1256;1750;2234;2022;1807;1710;2037;1605;807;836;1158;827,97.3,0.0,9499.1,0,0,0,0,0,0.0,0,0,0,0,0,0,0,0,0.0,0,0,0,0,0,0.0,0.0,0.0,0,0,0,41.1,10.54,12.59,0.4,33.62,22.4,63.4,93.81877385790104,12.710084499269028,28.107480261091872,29.89078830869294,14.154564066241695,1799.0,0.0,0.0,35.36550136256058,0.0,29.063910198398155,14.0,95.5,0.0,0.0,0.0,450.0,9499.1,0.0,0.0,107.663,1.156,108.819,25.983,1.663,107.156,emon,0.602,0.368,146.1,67.7,2.157
2026-09-23 14:20:06.118,12.3,0,94,33;11;94;3;6;0;17;3;0;0;22;2;0;0;6;0,1137,4277,3698;3754;4277;4073;1257;1438;2013;1698;1880;1697;2140;2421;1283;1137;1146;1145,98.3,0.0,9499.1,0,0,0,0,0,0.0,0,0,0,0,0,0,0,0,0.0,0,0,0,0,0,0.0,0.0,0.0,0,0,0,42.1,0.0,0.0,0.0,0.0,22.4,63.4,94.53351947588799,13.223472554026506,28.222442450890174,30.51438907476572,13.327811913591965,1799.0,0.0,0.0,32.161694679867765,0.0,26.04476715564274,14.0,95.8,0.0,0.0,0.0,450.0,9499.1,0.0,0.0,107.663,1.156,108.819,25.983,1.663,107.156,emon,0.602,0.368,146.1,67.7,2.157
2026-09-23 14:20:07.118,7.6,0,38,22;12;38;5;2;0;11;2;2;2;17;3;2;0;6;0,1168,3845,3011;3711;3760;3845;3296;3339;1886;3065;2722;2854;1810;2767;1232;1168;2143;2171,46.9,0.0,9502.8,0,0,0,0,0,0.0,0,0,0,0,0,0,0,0,0.0,0,0,0,0,0,0.0,0.0,0.0,0,0,0,36.1,0.0,0.0,0.0,0.0,22.4,63.4,71.78992346431433,11.154048392884015,23.453377021832413,24.81421561673116,0.5203423867894211,1315.8539325842696,0.0,0.0,0.0,0.0,52.97514211704557,4.7,29.6,0.0,0.0,0.0,450.0,9500.1,0.0,0.0,107.663,1.156,108.819,25.983,1.663,107.156,emon,0.602,0.368,146.1,67.7,2.157
2026-09-23 14:20:08.119,5.9,0,37,18;3;37;0;0;0;12;3;0;0;12;2;0;0;6;0,953,3231,1964;2718;3231;2220;1080;1173;1254;1992;1155;1155;1222;1078;953;1167;1123;1103,4.9,0.0,9499.1,0,0,0,0,0,0.0,0,0,0,0,0,0,0,0,0.0,0,0,0,0,0,0.0,0.0,0.0,0,0,0,33.1,0.0,0.0,0.0,0.0,22.4,63.4,70.19591774811616,11.954815127358243,25.06371700441515,26.52973966662948,0.44069921549384455,1174.6756756756756,0.0,0.0,0.0,0.0,51.462776211669315,0.7,0.0,0.0,0.0,0.0,450.0,9499.1,0.0,0.0,107.663,1.156,108.819,25.983,1.663,107.156,emon,0.602,0.368,146.1,67.7,2.157
2026-09-23 14:20:09.119,5.5,0,29,11;12;29;6;0;0;6;6;0;0;6;8;0;0;0;3,1073,3357,2005;1999;3357;2951;1159;1195;1157;1186;1094;1135;1164;1200;1151;1158;1073;1120,4.7,0.0,9499.1,0,0,0,0,0,0.0,0,0,0,0,0,0,0,0,0.0,0,0,0,0,0,0.0,0.0,0.0,0,0,0,33.1,0.0,0.0,0.0,0.0,22.4,63.4,98.13499626746544,13.079855786837065,27.147147486760066,29.456216078538162,0.41277685640379785,1199.0,0.0,0.0,0.0,0.0,50.94998146524796,0.7,0.0,0.0,0.0,0.0,450.0,9499.1,0.0,0.0,107.663,1.156,108.819,25.983,1.663,107.156,emon,0.602,0.368,146.1,67.7,2.157
2026-09-23 14:20:10.119,5.6,0,28,5;18;28;2;0;0;0;12;0;0;0;16;0;2;0;6,1046,3661,2410;2485;3661;2511;1417;1271;1284;1253;1142;1190;1201;1351;1165;1046;1277;1259,4.3,0.0,9499.1,0,0,0,0,0,0.0,0,0,0,0,0,0,0,0,0.0,0,0,0,0,0,0.0,0.0,0.0,0,0,0,34.1,4.73,0.36,0.33,8.18,22.3,63.4,98.08865749835968,13.600083351135254,26.31019538640976,28.89448446035385,0.34191729990652675,1199.0,0.0,0.0,0.0,0.0,50.18114604591392,0.7,0.0,0.0,0.0,0.0,450.0,9499.1,0.0,0.0,0.949,0.569,1.518,16.647,1.065,0.453,emon,0.901,0.764,28.1,13.8,2.031
2026-09-23 14:20:11.120,6.4,0,30,4;27;30;3;2;0;0;16;3;0;0;14;0;0;0;5,992,3608,2486;2519;3608;2652;1329;1631;1884;1319;1324;1168;1317;1261;1092;1053;992;1227,4.5,0.0,9499.1,0,0,0,0,0,0.0,0,0,0,0,0,0,0,0,0.0,0,0,0,0,0,0.0,0.0,0.0,0,0,0,36.1,4.73,0.36,0.33,8.18,22.6,63.4,97.92531250462388,12.784846826033158,25.82375127618963,28.111904375480883,0.4057030371834778,1201.2727272727273,0.0,0.0,0.0,0.0,50.17202327829419,0.7,0.0,0.0,0.0,0.0,450.0,9499.1,0.0,0.0,0.949,0.569,1.518,16.647,1.065,0.453,emon,0.901,0.764,28.1,13.8,2.031
2026-09-23 14:20:12.120,11.1,0,91,12;25;91;8;0;0;0;12;0;0;0;19;0;0;0;11,988,3533,3533;3209;3491;3401;1901;2427;2111;1625;2066;2779;1799;2015;988;1005;1058;1156,2.2,0.0,9583.2,0,0,0,0,0,0.0,0,0,0,0,0,0,0,0,0.0,0,0,0,0,0,0.0,0.0,0.0,0,0,0,43.1,4.73,0.36,0.33,8.18,22.8,63.4,99.99536787945291,28.98805313134242,16.456366344638493,38.012954570838936,0.37978137847866217,1824.0,0.0,0.0,34.10174354182369,0.0,29.230696344806823,11.0,65.6,0.0,0.0,0.0,450.0,9583.2,0.0,0.0,0.949,0.569,1.518,16.647,1.065,0.453,emon,0.901,0.764,28.1,13.8,2.031
2026-09-23 14:20:13.136,11.3,0,85,14;22;85;12;0;0;0;18;2;2;0;18;0;0;0;9,804,3670,3380;3670;2794;2850;1457;1247;1544;1722;2146;1689;1487;2009;946;804;846;1079,2.1,0.0,9583.2,0,0,0,0,0,0.0,0,0,0,0,0,0,0,0,0.0,0,0,0,0,0,0.0,0.0,0.0,0,0,0,47.1,4.73,0.36,0.33,8.18,22.9,63.4,99.9800485704766,23.863275099767097,16.691022017940146,33.137718524600636,0.819474977025165,1846.7459016393443,0.0,0.0,34.343881941711544,0.0,36.31435551718172,14.2,97.1,0.0,0.0,0.0,450.0,9583.2,0.0,0.0,0.949,0.569,1.518,16.647,1.065,0.453,emon,0.901,0.764,28.1,13.8,2.031
2026-09-23 14:20:14.136,11.2,0,92,12;17;92;9;2;0;0;22;0;0;0;19;0;0;0;5,856,3421,3421;3062;3108;3152;1460;1237;1310;1568;2133;1943;2335;1905;968;971;856;1266,2.2,0.0,9583.2,0,0,0,0,0,0.0,0,0,0,0,0,0,0,0,0.0,0,0,0,0,0,0.0,0.0,0.0,0,0,0,45.1,5.85,17.35,0.36,27.36,22.8,63.4,100.00481496054745,30.139726738076238,15.970280632464844,39.119910731118104,0.6036442604267931,1849.0,0.0,0.0,33.52159184804351,0.0,28.842405238164655,14.2,97.3,0.0,0.0,0.0,450.0,9583.2,0.0,0.0,0.949,0.569,1.518,16.647,1.065,0.453,emon,0.901,0.764,28.1,13.8,2.031
2026-09-23 14:20:15.136,9.4,0,88,5;20;88;5;5;0;0;9;0;0;0;16;0;0;0;3,1015,3467,3467;3178;2841;3175;2941;1278;1163;1580;2169;2132;1451;2271;1025;1084;1015;1111,2.2,0.0,9583.2,0,0,0,0,0,0.0,0,0,0,0,0,0,0,0,0.0,0,0,0,0,0,0.0,0.0,0.0,0,0,0,45.1,5.85,17.35,0.36,27.36,22.7,63.4,99.99821094044468,26.506928375186888,15.765401801519227,36.328805589558264,0.5650274721456777,1849.0,0.0,0.0,37.62461565850556,0.0,34.668749682369366,14.2,97.1,0.0,0.0,0.0,450.0,9583.2,0.0,0.0,0.949,0.569,1.518,16.647,1.065,0.453,emon,0.901,0.764,28.1,13.8,2.031
2026-09-23 14:20:16.137,12.6,0,95,12;35;95;8;0;0;0;15;3;0;0;20;2;0;0;11,757,3398,3398;3268;3011;3306;1539;1184;1622;1590;1992;1574;2311;2209;968;827;757;1159,2.4,0.0,9583.2,0,0,0,0,0,0.0,0,0,0,0,0,0,0,0,0.0,0,0,0,0,0,0.0,0.0,0.0,0,0,0,45.1,5.85,17.35,0.36,27.36,22.7,63.4,100.00674488669948,25.558015544980503,15.800312935783152,34.555113535505114,0.5994946514320123,1849.0,0.0,0.0,36.74594227956371,0.0,34.084416485949596,14.2,97.1,0.0,0.0,0.0,450.0,9583.2,0.0,0.0,0.949,0.569,1.518,16.647,1.065,0.453,emon,0.901,0.764,28.1,13.8,2.031
2026-09-23 14:20:17.137,10.0,0,94,6;23;94;3;0;0;0;18;2;0;0;13;0;0;0;2,862,3484,3371;3484;3206;3207;1923;1335;1519;1577;1673;1935;1957;2069;1126;911;862;1134,2.3,0.0,9583.2,0,0,0,0,0,0.0,0,0,0,0,0,0,0,0,0.0,0,0,0,0,0,0.0,0.0,0.0,0,0,0,45.1,5.85,17.35,0.36,27.36,22.7,63.4,100.00425119602934,31.711926263816498,15.211462074983205,41.028795608814725,0.36448834161439264,1849.0,0.0,0.0,30.222984844422403,0.0,25.85857350334861,14.2,97.2,0.0,0.0,0.0,450.0,9584.2,0.0,0.0,0.949,0.569,1.518,16.647,1.065,0.453,emon,0.901,0.764,28.1,13.8,2.031
2026-09-23 14:20:18.137,11.5,0,91,8;30;91;2;0;0;0;16;0;2;0;22;0;0;0;15,773,3533,3506;3533;2970;3006;1721;1385;1645;1588;1910;1744;1380;2119;833;773;837;1228,2.4,0.0,9583.2,0,0,0,0,0,0.0,0,0,0,0,0,0,0,0,0.0,0,0,0,0,0,0.0,0.0,0.0,0,0,0,45.1,6.02,25.33,0.38,36.2,22.4,63.4,99.9971890906765,32.677109555022355,14.514731210388549,40.97935168383873,0.1695558918856901,1849.0,0.0,0.0,30.594643962378168,0.0,23.709489637220354,14.2,97.2,0.0,0.0,0.0,450.0,9585.9,0.0,0.0,0.949,0.569,1.518,16.647,1.065,0.453,emon,0.901,0.764,28.1,13.8,2.031
2026-09-23 14:20:19.138,12.3,0,91,12;38;91;5;2;0;0;22;3;0;2;18;0;0;0;6,731,3508,3508;3474;2923;2654;1414;1242;1255;1651;2063;1767;2386;1975;757;731;867;1175,2.4,0.0,9583.2,0,0,0,0,0,0.0,0,0,0,0,0,0,0,0,0.0,0,0,0,0,0,0.0,0.0,0.0,0,0,0,45.1,6.02,25.33,0.38,36.2,22.4,63.4,100.00016801016672,32.328264464650836,15.137428416524614,41.369594601222445,0.18630128005253418,1846.5,0.0,0.0,30.461730418979588,0.0,23.98272214418144,14.2,97.2,0.0,0.0,0.0,450.0,9583.2,0.0,0.0,0.949,0.569,1.518,16.647,1.065,0.453,emon,0.901,0.764,28.1,13.8,2.031
2026-09-23 14:20:20.138,11.6,0,81,19;37;81;9;0;0;0;17;2;0;0;14;0;0;0;6,592,3310,3262;3310;2659;2585;1681;1224;1533;1540;1891;1798;2134;2243;741;704;592;1229,2.3,0.0,9583.2,0,0,0,0,0,0.0,0,0,0,0,0,0,0,0,0.0,0,0,0,0,0,0.0,0.0,0.0,0,0,0,44.1,6.02,25.33,0.38,36.2,22.4,63.4,99.99816282668917,26.938416390693607,17.164208962775692,35.90797699412497,0.5761886316439192,1846.7722772277227,0.0,0.0,35.515157925405326,0.0,31.699426013655383,14.2,97.2,0.0,0.0,0.0,450.0,9583.2,0.0,0.0,0.949,0.569,1.518,16.647,1.065,0.453,emon,0.901,0.764,28.1,13.8,2.031
2026-09-23 14:20:21.156,13.9,0,91,21;27;91;12;0;0;0;30;5;0;0;26;0;0;0;11,561,4212,3734;3762;4212;4020;2009;1741;1393;1862;1959;2377;1831;2480;766;839;561;1133,96.8,0.0,9583.2,0,0,0,0,0,0.0,0,0,0,0,0,0,0,0,0.0,0,0,0,0,0,0.0,0.0,0.0,0,0,0,42.1,6.02,25.33,0.38,36.2,22.6,63.4,95.23989532481541,13.109715065114539,27.113000735188976,29.659012984935984,13.045239768527223,1831.9545454545455,0.0,0.0,35.140977961897576,0.0,34.14361335048437,14.0,95.6,0.0,0.0,0.0,450.0,9583.2,0.0,0.0,0.949,0.569,1.518,16.647,1.065,0.453,emon,0.901,0.764,28.1,13.8,2.031
2026-09-23 14:20:22.156,13.8,0,91,18;38;91;6;0;0;0;26;3;0;0;16;0;0;0;22,686,4235,3924;3784;4235;4143;2291;1918;1310;1729;2099;3000;1544;2393;719;686;709;1126,100.0,0.0,9583.1,0,0,0,0,0,0.0,0,0,0,0,0,0,0,0,0.0,0,0,0,0,0,0.0,0.0,0.0,0,0,0,42.1,7.92,19.68,0.38,34.81,22.4,63.4,95.07815926678703,12.591810497731098,28.264588132948322,29.985487240578482,14.480106805974833,1799.0,0.0,0.0,35.982094966882414,0.0,27.471776271822257,14.0,95.5,0.0,0.0,0.0,450.0,9583.1,0.0,0.0,58.081,2.417,60.498,16.019,1.025,59.473,emon,0.572,0.643,81.3,37.8,2.155
2026-09-23 14:20:23.157,11.5,0,95,11;30;95;5;0;0;0;16;2;0;0;18;0;0;0;6,737,4263,3595;3628;4263;4001;2721;2504;2030;1682;1793;2343;2165;2647;770;964;737;1205,97.0,0.0,9583.1,0,0,0,0,0,0.0,0,0,0,0,0,0,0,0,0.0,0,0,0,0,0,0.0,0.0,0.0,0,0,0,42.1,7.92,19.68,0.38,34.81,22.4,63.4,92.88491336244051,14.153054507052312,30.09972737004848,32.72491903252941,15.283121607016996,1799.0,0.0,0.0,33.1643914562304,0.0,22.77971451584828,14.0,95.4,0.0,0.0,0.0,450.0,9583.1,0.0,0.0,58.081,2.417,60.498,16.019,1.025,59.473,emon,0.572,0.643,81.3,37.8,2.155
2026-09-23 14:20:24.157,12.1,0,94,11;27;94;8;0;0;0;17;6;0;0;17;0;0;0;14,810,4286,3843;3642;4286;3981;2083;1820;1313;1920;2090;2493;2094;2255;1133;869;810;1260,99.0,0.0,9585.8,0,0,0,0,0,0.0,0,0,0,0,0,0,0,0,0.0,0,0,0,0,0,0.0,0.0,0.0,0,0,0,41.1,7.92,19.68,0.38,34.81,22.4,63.4,93.68889928412163,14.255567293057496,29.632985739872375,32.68749263368804,14.511044220699148,1799.0,0.0,0.0,32.592607154108144,0.0,21.063070395441883,14.0,95.8,0.0,0.0,0.0,450.0,9583.1,0.0,0.0,58.081,2.417,60.498,16.019,1.025,59.473,emon,0.572,0.643,81.3,37.8,2.155
2026-09-23 14:20:25.158,11.3,0,94,8;29;94;9;3;0;0;15;6;2;0;12;0;0;0;3,751,4293,3659;3496;4293;4083;2266;1418;2879;1670;1927;2271;2467;2564;1188;941;751;1160,99.0,0.0,9585.8,0,0,0,0,0,0.0,0,0,0,0,0,0,0,0,0.0,0,0,0,0,0,0.0,0.0,0.0,0,0,0,40.1,7.92,19.68,0.38,34.81,22.4,63.4,93.53104199247157,13.603073244399212,28.56367952265638,31.360173548789735,13.661425963678258,1799.0,0.0,0.0,32.85629741548799,0.0,20.592587038858525,14.0,95.6,0.0,0.0,0.0,450.0,9583.1,0.0,0.0,58.081,2.417,60.498,16.019,1.025,59.473,emon,0.572,0.643,81.3,37.8,2.155
2026-09-23 14:20:26.158,13.2,0,95,12;41;95;3;2;0;0;22;0;0;0;17;2;0;0;18,606,4188,3701;3731;4188;3945;2015;1555;1363;1765;2214;2009;1847;2392;751;606;670;1173,93.6,0.0,9583.1,0,0,0,0,0,0.0,0,0,0,0,0,0,0,0,0.0,0,0,0,0,0,0.0,0.0,0.0,0,0,0,40.1,10.44,12.6,0.4,33.49,22.4,63.4,94.78906875605486,13.537790575045712,29.034535349631795,31.117221507490896,14.491937115522367,1799.0,0.0,0.0,34.563859884774466,0.0,24.88087329347897,14.0,95.6,0.0,0.0,0.0,450.0,9583.1,0.0,0.0,58.081,2.417,60.498,16.019,1.025,59.473,emon,0.572,0.643,81.3,37.8,2.155
2026-09-23 14:20:27.159,13.3,0,91,14;36;91;3;0;0;0;25;0;0;0;24;2;0;0;18,634,4301,3592;3564;4301;4275;2216;1216;1189;1720;2155;2494;1242;2320;856;683;634;1232,99.3,0.0,9584.1,0,0,0,0,0,0.0,0,0,0,0,0,0,0,0,0.0,0,0,0,0,0,0.0,0.0,0.0,0,0,0,41.1,10.44,12.6,0.4,33.49,22.4,63.4,95.2500958442688,13.27340886464666,30.74939669353861,32.51864472738174,14.97726754742749,1799.0,0.0,0.0,35.08859836077208,0.0,27.635185542092902,14.0,95.9,0.0,0.0,0.0,450.0,9584.1,0.0,0.0,58.081,2.417,60.498,16.019,1.025,59.473,emon,0.572,0.643,81.3,37.8,2.155
2026-09-23 14:20:28.160,16.2,0,95,37;32;95;6;2;0;0;17;6;3;0;27;2;0;0;33,940,4169,3929;3668;4169;3928;2474;2795;2315;1910;2477;2765;2478;2434;1327;967;940;1623,98.2,0.0,9583.1,0,0,0,0,0,0.0,0,0,0,0,0,0,0,0,0.0,0,0,0,0,0,0.0,0.0,0.0,0,0,0,42.1,10.44,12.6,0.4,33.49,22.4,63.4,94.16271953702471,11.501574408165306,28.982026649506523,29.422072492964627,13.575185080417373,1799.0,0.0,0.0,34.62353649266282,0.0,30.136194679614878,14.0,95.4,0.0,0.0,0.0,450.0,9583.1,0.0,0.0,58.081,2.417,60.498,16.019,1.025,59.473,emon,0.572,0.643,81.3,37.8,2.155
2026-09-23 14:20:29.160,14.6,0,89,12;43;89;12;2;0;0;28;3;0;0;22;2;2;2;18,856,4240,3631;3744;4240;4017;2687;1950;1226;1610;2578;2719;2330;2424;1047;856;904;1214,99.8,0.0,9583.1,0,0,0,0,0,0.0,0,0,0,0,0,0,0,0,0.0,0,0,0,0,0,0.0,0.0,0.0,0,0,0,42.1,10.44,12.6,0.4,33.49,22.4,63.4,95.78858903576347,12.293260025654865,29.972077641417,30.523140569381855,16.261736880686573,1799.0,0.0,0.0,36.696199019331665,0.0,34.64864857519079,14.0,95.7,0.0,0.0,0.0,450.0,9583.1,0.0,0.0,58.081,2.417,60.498,16.019,1.025,59.473,emon,0.572,0.643,81.3,37.8,2.155
2026-09-23 14:20:30.161,12.4,0,88,20;32;88;9;3;0;0;15;6;0;0;19;0;0;0;6,850,4187,3956;3780;4187;4060;1779;1196;1214;1625;2362;1951;1415;2260;890;887;850;1094,97.7,0.0,9584.1,0,0,0,0,0,0.0,0,0,0,0,0,0,0,0,0.0,0,0,0,0,0,0.0,0.0,0.0,0,0,0,42.1,10.87,12.55,0.4,34.01,22.4,63.4,93.79811081509132,14.122347562579112,29.78738683495818,32.43341215047459,14.713646649346176,1799.0,0.0,0.0,32.5816303746417,0.0,22.996630651263754,14.0,95.5,0.0,0.0,0.0,450.0,9584.1,0.0,0.0,58.081,2.417,60.498,16.019,1.025,59.473,emon,0.572,0.643,81.3,37.8,2.155
2026-09-23 14:20:31.161,13.4,0,94,21;31;94;5;2;0;0;20;2;0;0;26;0;0;0;14,668,4238,3949;3787;4238;4108;2622;1019;971;1664;2102;2057;2105;2447;788;798;668;1126,97.6,0.0,9528.9,0,0,0,0,0,0.0,0,0,0,0,0,0,0,0,0.0,0,0,0,0,0,0.0,0.0,0.0,0,0,0,43.1,10.87,12.55,0.4,34.01,22.4,63.4,95.30523091072732,13.179884324531923,29.880671293177503,31.438827331776313,15.432909887529751,1799.0,0.0,0.0,36.49918413615211,0.0,29.36269769171495,14.0,95.5,0.0,0.0,0.0,450.0,9528.9,0.0,0.0,58.081,2.417,60.498,16.019,1.025,59.473,emon,0.572,0.643,81.3,37.8,2.155
2026-09-23 14:20:32.161,11.8,0,91,17;27;91;5;0;0;0;17;2;0;0;21;0;0;0;11,820,4289,3915;3696;4289;4120;1627;1602;1248;1606;2023;2534;1801;2422;827;866;820;1120,98.4,0.0,9520.3,0,0,0,0,0,0.0,0,0,0,0,0,0,0,0,0.0,0,0,0,0,0,0.0,0.0,0.0,0,0,0,44.1,10.87,12.55,0.4,34.01,22.4,63.4,92.84880654920231,13.951483225607346,29.502674094739962,32.529073278483175,14.210187206425788,1849.0,0.0,0.0,32.20632637463661,0.0,21.41156877849161,14.0,95.4,0.0,0.0,0.0,450.0,9520.3,0.0,0.0,58.081,2.417,60.498,16.019,1.025,59.473,emon,0.572,0.643,81.3,37.8,2.155
2026-09-23 14:20:33.162,13.8,0,84,20;37;84;8;0;0;0;26;2;2;0;31;0;0;0;11,728,4232,3954;3659;4232;4116;2004;1653;2121;1702;2494;1861;1977;2529;842;728;761;1167,98.5,0.0,9533.9,0,0,0,0,0,0.0,0,0,0,0,0,0,0,0,0.0,0,0,0,0,0,0.0,0.0,0.0,0,0,0,44.1,10.87,12.55,0.4,34.01,22.4,63.4,93.43605068497274,14.02547339426021,29.378228570412222,32.19943123258635,14.290971651287942,1832.0459770114942,0.0,0.0,32.58187863320626,0.0,21.065990352188237,14.0,95.5,0.0,0.0,0.0,450.0,9533.9,0.0,0.0,58.081,2.417,60.498,16.019,1.025,59.473,emon,0.572,0.643,81.3,37.8,2.155
2026-09-23 14:20:34.162,12.0,0,91,16;26;91;8;0;0;0;16;0;2;0;19;0;0;0;16,902,4241,3956;3669;4241;3900;1902;1472;2564;1692;2378;3019;2190;2408;913;902;935;1059,97.4,0.0,9532.9,0,0,0,0,0,0.0,0,0,0,0,0,0,0,0,0.0,0,0,0,0,0,0.0,0.0,0.0,0,0,0,45.1,10.57,12.67,0.4,33.81,22.4,63.4,94.14157716000435,13.729116157693143,30.88877234954645,33.338909796780285,15.648398616526386,1799.0,0.0,0.0,34.53192737176876,0.0,24.649101813038556,14.0,95.3,0.0,0.0,0.0,450.0,9532.9,0.0,0.0,107.031,1.11,108.141,24.024,1.538,106.603,emon,0.601,0.406,146.1,68.4,2.135
2026-09-23 14:20:35.162,10.7,0,92,5;26;92;5;0;0;0;14;0;0;0;17;0;0;0;12,719,4308,3809;3667;4308;4164;1434;1363;1339;1600;2231;2063;2732;2193;719;1088;740;1105,97.4,0.0,9532.9,0,0,0,0,0,0.0,0,0,0,0,0,0,0,0,0.0,0,0,0,0,0,0.0,0.0,0.0,0,0,0,42.1,10.57,12.67,0.4,33.81,22.4,63.4,94.33237619547067,13.043286765051702,29.978555577441984,31.937900482951807,14.87691854956326,1799.0,0.0,0.0,35.12678316006712,0.0,29.469624688335806,14.0,95.6,0.0,0.0,0.0,450.0,9530.0,0.0,0.0,107.031,1.11,108.141,24.024,1.538,106.603,emon,0.601,0.406,146.1,68.4,2.135
2026-09-23 14:20:36.163,11.2,0,91,12;31;91;5;0;0;0;19;2;0;0;11;0;0;0;9,750,4286,3908;3624;4286;4100;1933;2082;2286;1633;2031;1671;1977;2441;850;808;750;1040,92.4,0.0,9528.9,0,0,0,0,0,0.0,0,0,0,0,0,0,0,0,0.0,0,0,0,0,0,0.0,0.0,0.0,0,0,0,42.1,10.57,12.67,0.4,33.81,22.4,63.4,93.84355743645412,12.948494790017907,28.639970465965078,30.473059475270624,14.124033352917978,1799.0,0.0,0.0,33.84066552330319,0.0,27.503358457881163,14.0,95.7,0.0,0.0,0.0,450.0,9529.9,0.0,0.0,107.031,1.11,108.141,24.024,1.538,106.603,emon,0.601,0.406,146.1,68.4,2.135
2026-09-23 14:20:37.163,14.4,0,85,18;39;85;11;2;0;0;25;2;2;2;25;0;0;0;22,800,4292,3946;3861;4292;4151;2711;2906;2782;1720;2267;2558;2385;2429;851;800;803;1067,97.7,0.0,9529.8,0,0,0,0,0,0.0,0,0,0,0,0,0,0,0,0.0,0,0,0,0,0,0.0,0.0,0.0,0,0,0,42.1,10.57,12.67,0.4,33.81,22.4,63.4,93.72537918335352,13.679324522690896,29.575409216758533,32.13019099571766,14.693235232002841,1799.0,0.0,0.0,33.18851012402238,0.0,24.532761088544664,14.0,95.6,0.0,0.0,0.0,450.0,9529.8,0.0,0.0,107.031,1.11,108.141,24.024,1.538,106.603,emon,0.601,0.406,146.1,68.4,2.135
2026-09-23 14:20:38.164,17.7,2,92,33;45;92;16;5;2;3;19;10;6;6;25;5;2;2;15,1408,4165,3948;3864;4165;4021;3172;3061;3212;2279;2825;3164;3255;2743;2026;1531;2024;1408,100.0,0.0,9528.8,0,0,0,0,0,0.0,0,0,0,0,0,0,0,0,0.0,0,0,0,0,0,0.0,0.0,0.0,0,0,0,43.1,10.94,12.54,0.4,34.04,22.4,63.4,95.24627102995818,13.2412661814289,29.88435707789547,31.436590245450443,15.014754097838447,1799.0,0.0,0.0,35.709064408706254,0.0,28.26111501371652,14.0,95.7,0.0,0.0,0.0,450.0,9528.8,0.0,0.0,107.031,1.11,108.141,24.024,1.538,106.603,emon,0.601,0.406,146.1,68.4,2.135
2026-09-23 14:20:39.164,12.7,0,89,28;14;89;6;18;0;0;5;17;0;0;3;15;0;0;8,668,4252,3821;3960;4252;4060;2203;1658;1823;1696;2471;2320;2037;2599;1317;1147;668;1283,100.0,0.0,9528.8,0,0,0,0,0,0.0,0,0,0,0,0,0,0,0,0.0,0,0,0,0,0,0.0,0.0,0.0,0,0,0,42.1,10.94,12.54,0.4,34.04,22.4,63.4,94.74034606114678,13.998279289554572,28.352677721692167,31.730291309748758,13.222307576575195,1799.0,0.0,0.0,31.95433871563949,0.0,21.589323637809645,14.0,95.8,0.0,0.0,0.0,450.0,9528.8,0.0,0.0,107.031,1.11,108.141,24.024,1.538,106.603,emon,0.601,0.406,146.1,68.4,2.135
2026-09-23 14:20:40.165,11.9,0,94,31;6;94;5;19;0;0;0;22;3;0;0;11;0;0;0,696,4252,3749;3975;4252;4046;2266;1649;1923;1316;2719;2257;2718;2665;1126;1034;934;696,100.0,0.0,9528.8,0,0,0,0,0,0.0,0,0,0,0,0,0,0,0,0.0,0,0,0,0,0,0.0,0.0,0.0,0,0,0,41.1,10.94,12.54,0.4,34.04,22.4,63.4,94.04188793046134,14.213904653276716,29.093338327093438,31.723370908380865,13.718634019800268,1799.0,0.0,0.0,32.29097357560154,0.0,21.257608511938027,14.0,95.5,0.0,0.0,0.0,450.0,9528.8,0.0,0.0,107.031,1.11,108.141,24.024,1.538,106.603,emon,0.601,0.406,146.1,68.4,2.135
2026-09-23 14:20:41.165,14.4,0,91,23;22;91;5;17;8;0;5;20;11;3;0;25;2;0;0,1038,4199,3604;3952;4199;3972;2462;1985;2335;1382;2700;2387;2908;2868;1939;1038;1290;1110,100.0,0.0,9529.3,0,0,0,0,0,0.0,0,0,0,0,0,0,0,0,0.0,0,0,0,0,0,0.0,0.0,0.0,0,0,0,42.1,10.94,12.54,0.4,34.04,22.4,63.4,97.45623670221839,9.305563463466768,28.912871344669444,26.546546040317935,12.771880053143938,1799.0,0.0,0.0,36.41434691860329,0.0,37.07706246715996,14.0,95.2,0.0,0.0,0.0,450.0,9560.5,0.0,0.0,107.031,1.11,108.141,24.024,1.538,106.603,emon,0.601,0.406,146.1,68.4,2.135
2026-09-23 14:20:42.167,15.2,0,91,33;23;91;8;31;6;0;2;19;8;2;0;17;3;2;0,779,4229,3789;3921;4229;4050;2675;2078;2029;1463;2620;2385;2084;2297;1144;782;779;959,93.8,0.0,9560.5,0,0,0,0,0,0.0,0,0,0,0,0,0,0,0,0.0,0,0,0,0,0,0.0,0.0,0.0,0,0,0,42.1,11.52,12.54,0.4,34.65,22.4,63.4,98.35444816479882,9.37250068974753,27.537267631121292,26.263438893379295,14.578540414341502,1799.0,0.0,0.0,38.99507403726665,0.0,39.106096924716645,14.1,95.9,0.0,0.0,0.0,450.0,9560.5,0.0,0.0,107.031,1.11,108.141,24.024,1.538,106.603,emon,0.601,0.406,146.1,68.4,2.135
2026-09-23 14:20:43.167,14.5,0,94,48;12;94;11;30;0;0;0;20;5;0;0;11;2;0;0,992,4232,3776;3967;4232;4061;2325;2297;1973;1404;2418;2408;2441;2964;1222;1021;992;1792,82.8,0.0,9561.5,0,0,0,0,0,0.0,0,0,0,0,0,0,0,0,0.0,0,0,0,0,0,0.0,0.0,0.0,0,0,0,41.1,11.52,12.54,0.4,34.65,22.4,63.4,97.57794207369787,11.398971099686154,29.404839347629153,29.64789296810091,16.39827328200656,1799.0,0.0,0.0,37.58324438201666,0.0,36.554448557214975,14.1,95.8,0.0,0.0,0.0,450.0,9557.9,0.0,0.0,107.031,1.11,108.141,24.024,1.538,106.603,emon,0.601,0.406,146.1,68.4,2.135
2026-09-23 14:20:44.167,13.0,0,77,39;17;77;12;17;2;0;3;20;5;0;0;12;2;3;0,530,4328,3585;3948;4328;4131;2054;2138;1486;1267;2227;1734;1766;1617;1010;786;988;530,99.6,0.0,9557.9,0,0,0,0,0,0.0,0,0,0,0,0,0,0,0,0.0,0,0,0,0,0,0.0,0.0,0.0,0,0,0,41.1,11.52,12.54,0.4,34.65,22.4,63.4,94.41284683292562,12.945125386169689,27.89383707100695,29.788975977762178,12.349088315555656,1799.0,0.0,0.0,30.312372546115974,0.0,29.98727300529258,14.0,95.4,0.0,0.0,0.0,450.0,9557.9,0.0,0.0,107.031,1.11,108.141,24.024,1.538,106.603,emon,0.601,0.406,146.1,68.4,2.135
2026-09-23 14:20:45.168,12.3,0,92,30;14;92;6;16;0;0;2;22;5;0;0;9;0;0;0,611,4331,3506;3636;4331;4172;2041;2355;1761;1256;2292;1897;1942;2489;1092;1043;700;611,99.6,0.0,9557.9,0,0,0,0,0,0.0,0,0,0,0,0,0,0,0,0.0,0,0,0,0,0,0.0,0.0,0.0,0,0,0,42.1,11.52,12.54,0.4,34.65,22.4,63.4,95.44012651823263,12.88738944002353,28.083591502852144,30.002416711597316,12.590929728438171,1799.0,0.0,0.0,30.450389805884488,0.0,29.230855480034702,14.0,95.5,0.0,0.0,0.0,450.0,9553.9,0.0,0.0,107.031,1.11,108.141,24.024,1.538,106.603,emon,0.601,0.406,146.1,68.4,2.135
2026-09-23 14:20:46.168,14.6,0,84,40;16;84;8;14;5;0;10;19;8;2;2;18;2;4;3,693,4403,3474;3757;4403;4284;2127;1940;2119;1252;2121;1880;1644;1800;1007;1063;853;693,98.0,0.0,9553.9,0,0,0,0,0,0.0,0,0,0,0,0,0,0,0,0.0,0,0,0,0,0,0.0,0.0,0.0,0,0,0,43.1,11.04,12.59,0.4,34.15,22.4,63.4,92.75695463065263,13.624348638599718,28.17183413872352,31.103782259746566,13.453175726909558,1799.0,0.0,0.0,32.2751633523334,0.0,20.697697430485757,14.0,95.4,0.0,0.0,0.0,450.0,9553.9,0.0,0.0,107.877,1.112,108.989,29.962,1.918,107.071,emon,0.603,0.4,144.9,67.6,2.145
2026-09-23 14:20:47.169,13.0,0,91,38;9;91;8;22;0;0;5;17;0;0;0;16;3;0;0,778,4333,3683;3430;4333;4101;2034;1485;1255;1250;2058;1887;2037;1644;1192;927;899;778,100.0,0.0,9554.9,0,0,0,0,0,0.0,0,0,0,0,0,0,0,0,0.0,0,0,0,0,0,0.0,0.0,0.0,0,0,0,43.1,11.04,12.59,0.4,34.15,22.4,63.4,94.09851012284729,13.847387478269379,28.20569031814049,31.34069713504835,13.414573225438938,1799.0,0.0,0.0,32.019849210121166,0.0,22.211568235912114,14.0,95.4,0.0,0.0,0.0,450.0,9553.9,0.0,0.0,107.877,1.112,108.989,29.962,1.918,107.071,emon,0.603,0.4,144.9,67.6,2.145
2026-09-23 14:20:48.169,12.1,0,89,32;12;89;8;12;0;0;0;20;3;0;2;14;0;0;0,692,4405,3467;3440;4405;4162;1886;2762;2231;1268;2337;2450;2626;3154;1051;830;724;692,97.7,0.0,9552.4,0,0,0,0,0,0.0,0,0,0,0,0,0,0,0,0.0,0,0,0,0,0,0.0,0.0,0.0,0,0,0,42.1,11.04,12.59,0.4,34.15,22.4,63.4,95.93009146172761,11.665400170622334,29.043780695189994,29.85185446292612,12.36746341959473,1799.0,0.0,0.0,31.939079222526424,0.0,29.808538056923712,14.0,95.2,0.0,0.0,0.0,450.0,9552.4,0.0,0.0,107.877,1.112,108.989,29.962,1.918,107.071,emon,0.603,0.4,144.9,67.6,2.145
2026-09-23 14:20:49.170,12.5,0,84,36;14;84;8;19;0;0;6;18;6;0;0;8;0;0;0,587,4343,3393;3922;4343;4219;2218;1812;1431;1266;2352;1906;1602;1514;1075;818;737;587,100.0,0.0,9552.4,0,0,0,0,0,0.0,0,0,0,0,0,0,0,0,0.0,0,0,0,0,0,0.0,0.0,0.0,0,0,0,42.1,11.04,12.59,0.4,34.15,22.4,63.4,95.24375709036123,12.708825859139957,29.798277785985366,31.630530229470004,13.171432280597156,1799.0,0.0,0.0,31.625802318091786,0.0,29.60089177007191,14.0,95.6,0.0,0.0,0.0,450.0,9552.4,0.0,0.0,107.877,1.112,108.989,29.962,1.918,107.071,emon,0.603,0.4,144.9,67.6,2.145
2026-09-23 14:20:50.170,11.4,0,92,24;6;92;2;23;0;0;5;19;3;0;0;9;0;0;0,830,4430,3379;3599;4430;4258;2255;2142;2578;1265;2110;1678;1961;1971;1001;990;830;872,100.0,0.0,9552.4,0,0,0,0,0,0.0,0,0,0,0,0,0,0,0,0.0,0,0,0,0,0,0.0,0.0,0.0,0,0,0,43.1,10.62,12.76,0.4,33.96,22.4,63.4,93.9981288096351,12.780303053354835,28.29586678771611,30.327531302709716,12.859513841022107,1799.0,0.0,0.0,30.21308668128709,0.0,27.018038324862314,14.0,95.6,0.0,0.0,0.0,450.0,9552.4,0.0,0.0,107.877,1.112,108.989,29.962,1.918,107.071,emon,0.603,0.4,144.9,67.6,2.145
2026-09-23 14:20:51.170,13.0,0,94,30;18;94;3;22;0;0;3;27;0;0;0;11;0;0;0,615,4350,3599;3913;4350;4181;1948;1685;2136;1249;2185;1835;1578;1825;1080;883;652;615,92.2,0.0,9553.4,0,0,0,0,0,0.0,0,0,0,0,0,0,0,0,0.0,0,0,0,0,0,0.0,0.0,0.0,0,0,0,44.1,10.62,12.76,0.4,33.96,22.4,63.4,93.54453192690693,13.80989590993831,28.90713623339537,31.537291987863167,13.621764040616139,1799.0,0.0,0.0,31.59753580373421,0.0,23.702553452369536,14.0,95.8,0.0,0.0,0.0,450.0,9552.4,0.0,0.0,107.877,1.112,108.989,29.962,1.918,107.071,emon,0.603,0.4,144.9,67.6,2.145
2026-09-23 14:20:52.171,14.2,0,91,25;14;91;19;19;6;0;6;19;6;2;2;17;0;0;2,694,4366,3546;3701;4366;4134;2142;1884;1229;1257;2140;2200;2629;1572;1123;882;694;1007,98.4,0.0,9552.4,0,0,0,0,0,0.0,0,0,0,0,0,0,0,0,0.0,0,0,0,0,0,0.0,0.0,0.0,0,0,0,42.1,10.62,12.76,0.4,33.96,22.4,63.4,93.85367734306737,13.430845217492692,28.15145780937501,30.66326292490458,12.926950527766817,1799.0,0.0,0.0,31.988802430330235,0.0,21.924396245024706,14.0,95.6,0.0,0.0,0.0,450.0,9552.4,0.0,0.0,107.877,1.112,108.989,29.962,1.918,107.071,emon,0.603,0.4,144.9,67.6,2.145
2026-09-23 14:20:53.171,12.4,0,95,22;14;95;6;23;0;0;5;16;5;0;0;11;2;0;0,891,4301,3693;3641;4301;4058;2233;1709;1678;1300;2334;1794;1977;1692;1126;891;964;1281,100.0,0.0,9552.4,0,0,0,0,0,0.0,0,0,0,0,0,0,0,0,0.0,0,0,0,0,0,0.0,0.0,0.0,0,0,0,41.1,10.62,12.76,0.4,33.96,22.4,63.4,94.10589159102668,13.485500799403304,29.876475352332704,32.247196294580185,14.32629314254792,1799.0,0.0,0.0,32.738051705745356,0.0,25.70568372244485,14.0,95.4,0.0,0.0,0.0,450.0,9552.4,0.0,0.0,107.877,1.112,108.989,29.962,1.918,107.071,emon,0.603,0.4,144.9,67.6,2.145
2026-09-23 14:20:54.172,11.5,0,92,28;6;92;5;20;0;0;2;20;2;0;0;9;0;0;0,692,4304,3563;3578;4304;4250;1956;1811;1193;1242;2212;2147;2104;1770;1052;944;904;692,100.0,0.0,9552.4,0,0,0,0,0,0.0,0,0,0,0,0,0,0,0,0.0,0,0,0,0,0,0.0,0.0,0.0,0,0,0,41.1,10.7,12.79,0.4,34.01,22.4,63.4,94.34900513605855,13.666350030719336,29.049171979702898,31.560434910520236,13.423327982912411,1799.0,0.0,0.0,30.516244765041144,0.0,26.043183672577147,14.0,95.4,0.0,0.0,0.0,450.0,9552.4,0.0,0.0,107.877,1.112,108.989,29.962,1.918,107.071,emon,0.603,0.4,144.9,67.6,2.145
2026-09-23 14:20:55.172,14.6,0,88,45;9;88;2;20;2;0;9;28;2;0;0;30;0;0;0,1084,4259,3265;3185;4259;4084;2187;2753;1611;1277;2260;1877;2490;1999;2042;1084;1250;1108,92.5,0.0,9553.4,0,0,0,0,0,0.0,0,0,0,0,0,0,0,0,0.0,0,0,0,0,0,0.0,0.0,0.0,0,0,0,41.1,10.7,12.79,0.4,34.01,22.4,63.4,94.65707444116987,12.184975372984653,29.090243364202564,30.58416078207565,13.043435652685103,1799.0,0.0,0.0,31.779455026157063,0.0,30.15676334045382,14.1,95.9,0.0,0.0,0.0,450.0,9552.4,0.0,0.0,107.877,1.112,108.989,29.962,1.918,107.071,emon,0.603,0.4,144.9,67.6,2.145
2026-09-23 14:20:56.173,10.8,0,92,30;6;92;3;15;0;0;3;17;2;0;0;5;0;0;0,855,4350,3694;3635;4350;4192;2044;1948;1424;1256;2169;1988;2405;1254;1057;864;855;942,100.0,0.0,9552.4,0,0,0,0,0,0.0,0,0,0,0,0,0,0,0,0.0,0,0,0,0,0,0.0,0.0,0.0,0,0,0,42.1,10.7,12.79,0.4,34.01,22.4,63.4,94.18474855560522,12.93617258444171,28.501849870770595,30.904853844298767,13.017724654332806,1799.0,0.0,0.0,31.545156066632792,0.0,29.76031366977285,14.0,95.3,0.0,0.0,0.0,450.0,9555.1,0.0,0.0,107.877,1.112,108.989,29.962,1.918,107.071,emon,0.603,0.4,144.9,67.6,2.145
2026-09-23 14:20:57.173,13.1,0,92,29;12;92;3;26;0;0;6;25;2;0;0;14;0;0;0,807,4364,3477;3770;4364;4114;2150;2238;2197;1289;2250;2023;2217;1803;1054;807;820;1026,98.1,0.0,9552.4,0,0,0,0,0,0.0,0,0,0,0,0,0,0,0,0.0,0,0,0,0,0,0.0,0.0,0.0,0,0,0,42.1,10.7,12.79,0.4,34.01,22.4,63.4,93.95729531645775,13.34183670851402,29.430392501354216,31.06594178006053,14.26587638485711,1799.0,0.0,0.0,33.85471100642812,0.0,26.111883649770263,14.0,95.4,0.0,0.0,0.0,450.0,9552.4,0.0,0.0,107.809,1.081,108.89,28.539,1.826,107.064,emon,0.605,0.377,144.7,67.5,2.143
2026-09-23 14:20:58.173,11.7,0,86,31;14;86;5;14;0;0;2;18;5;0;0;12;2;0;0,718,4392,3475;3815;4392;4246;1964;1605;2702;1232;2197;1482;1456;1883;996;903;997;718,97.3,0.0,9553.4,0,0,0,0,0,0.0,0,0,0,0,0,0,0,0,0.0,0,0,0,0,0,0.0,0.0,0.0,0,0,0,41.1,10.5,12.61,0.4,33.68,22.4,63.4,94.61603401306479,13.470896809615873,27.950906322601643,30.564929028564595,13.150098092614966,1799.0,0.0,0.0,30.873394745399004,0.0,23.96050937308954,14.0,95.3,0.0,0.0,0.0,450.0,9552.4,0.0,0.0,107.809,1.081,108.89,28.539,1.826,107.064,emon,0.605,0.377,144.7,67.5,2.143
2026-09-23 14:20:59.174,12.1,0,89,32;17;89;5;17;0;0;2;27;3;0;0;2;0;0;0,655,4385,3574;3709;4385;4257;1987;1802;2111;1230;2451;2153;2266;1810;1042;655;772;665,100.0,0.0,9552.4,0,0,0,0,0,0.0,0,0,0,0,0,0,0,0,0.0,0,0,0,0,0,0.0,0.0,0.0,0,0,0,42.1,10.5,12.61,0.4,33.68,22.4,63.4,94.20479650389065,12.851295225948773,28.166289857300846,30.134894158013843,13.242746039750902,1799.0,0.0,0.0,31.719767073247667,0.0,26.393259889046988,14.0,95.6,0.0,0.0,0.0,450.0,9552.4,0.0,0.0,107.809,1.081,108.89,28.539,1.826,107.064,emon,0.605,0.377,144.7,67.5,2.143
2026-09-23 14:21:00.174,18.3,0,92,35;32;92;15;29;9;5;5;28;9;5;6;20;0;0;2,1330,4192,3890;3889;4192;4113;2500;3090;3301;1528;2584;2447;2928;3197;1330;1702;1772;2279,100.0,0.0,9552.4,0,0,0,0,0,0.0,0,0,0,0,0,0,0,0,0.0,0,0,0,0,0,0.0,0.0,0.0,0,0,0,43.1,10.5,12.61,0.4,33.68,22.4,63.4,94.45219589655215,13.231013735899559,28.9643044930238,31.251736008203945,13.087551638698923,1799.0,0.0,0.0,32.15817164533991,0.0,21.05862756071236,14.0,95.2,0.0,0.0,0.0,450.0,9552.4,0.0,0.0,107.809,1.081,108.89,28.539,1.826,107.064,emon,0.605,0.377,144.7,67.5,2.143
2026-09-23 14:21:01.174,13.4,0,94,27;20;94;8;17;5;0;2;25;5;0;0;14;0;0;0,1067,4514,3922;4186;4514;4495;2416;2565;1658;1613;2526;2000;1683;2636;1368;1091;1067;1095,18.9,0.0,9552.4,0,0,0,0,0,0.0,0,0,0,0,0,0,0,0,0.0,0,0,0,0,0,0.0,0.0,0.0,0,0,0,81.1,10.5,12.61,0.4,33.68,22.4,63.4,76.34070469651904,11.571117141470314,24.612787512370517,25.17464223049936,0.4284103800206573,1453.7619047619048,0.0,0.0,0.0,0.0,56.466055395223556,14.0,95.5,0.0,0.0,0.0,450.0,9552.4,0.0,0.0,107.809,1.081,108.89,28.539,1.826,107.064,emon,0.605,0.377,144.7,67.5,2.143
2026-09-23 14:21:02.175,10.7,0,88,26;9;88;5;12;5;0;0;16;8;0;0;3;0;0;0,1044,4640,4154;4337;4605;4640;2339;2581;1824;1851;2704;2156;2612;1969;1334;1294;1130;1044,4.0,0.0,9552.4,0,0,0,0,0,0.0,0,0,0,0,0,0,0,0,0.0,0,0,0,0,0,0.0,0.0,0.0,0,0,0,90.1,10.5,12.61,0.4,33.68,22.4,63.4,72.64078051084047,12.833052270404703,24.878921719340536,26.388646274418026,0.29153167158622273,1167.8311688311687,0.0,0.0,0.0,0.0,53.42792926283626,2.7,15.0,0.0,0.0,0.0,450.0,9552.4,0.0,0.0,107.809,1.081,108.89,28.539,1.826,107.064,emon,0.605,0.377,144.7,67.5,2.143
2026-09-23 14:21:03.176,11.1,0,94,22;11;94;8;8;3;0;0;18;5;0;0;10;0;0;0,1120,4686,4062;3933;4614;4686;1929;2791;2295;1582;2243;2185;2939;2851;1402;1203;1343;1120,4.0,0.0,9552.4,0,0,0,0,0,0.0,0,0,0,0,0,0,0,0,0.0,0,0,0,0,0,0.0,0.0,0.0,0,0,0,94.1,10.5,12.61,0.4,33.68,22.4,63.4,70.30308890006911,13.366865027958239,25.644702871080856,27.707046535653127,0.22770462194428956,1171.5352112676057,0.0,0.0,0.0,0.0,52.25176032506664,0.7,0.0,0.0,0.0,0.0,450.0,9552.4,0.0,0.0,107.809,1.081,108.89,28.539,1.826,107.064,emon,0.605,0.377,144.7,67.5,2.143
2026-09-23 14:21:04.176,11.2,0,95,16;13;95;6;16;0;0;0;23;6;0;0;4;0;0;0,1085,4654,3935;4114;4609;4654;2219;2664;1267;1654;2234;2602;2927;2058;1248;1145;1086;1085,4.3,0.0,9552.4,0,0,0,0,0,0.0,0,0,0,0,0,0,0,0,0.0,0,0,0,0,0,0.0,0.0,0.0,0,0,0,93.1,10.5,12.61,0.4,33.68,22.4,63.4,98.74801882348879,10.813826946409964,24.182478613323635,25.185207000736035,0.49811470527801605,1153.5454545454545,0.0,0.0,0.0,0.0,54.92175108660953,0.7,0.0,0.0,0.0,0.0,450.0,9552.4,0.0,0.0,107.809,1.081,108.89,28.539,1.826,107.064,emon,0.605,0.377,144.7,67.5,2.143
2026-09-23 14:21:05.176,10.8,0,91,25;9;91;6;14;0;0;0;14;3;0;0;9;2;0;0,1099,4661,3890;3883;4603;4661;2525;2474;1537;1967;2412;2607;3041;2200;1371;1192;1099;1119,4.3,0.0,9552.4,0,0,0,0,0,0.0,0,0,0,0,0,0,0,0,0.0,0,0,0,0,0,0.0,0.0,0.0,0,0,0,93.1,10.5,12.61,0.4,33.68,22.4,63.4,98.77893123448452,10.824460551786785,23.954265790564992,25.041752066846207,0.5761969675550402,1121.4299065420562,0.0,0.0,0.0,0.0,55.539785219269376,0.7,0.0,0.0,0.0,0.0,450.0,9552.4,0.0,0.0,107.809,1.081,108.89,28.539,1.826,107.064,emon,0.605,0.377,144.7,67.5,2.143
2026-09-23 14:21:06.177,6.1,0,42,18;8;42;0;8;0;0;0;16;0;2;0;3;0;2;0,929,4168,3355;3163;4168;4077;1432;1288;1746;1320;1357;1264;2692;929;1137;1045;1078;1081,4.4,0.0,9552.4,0,0,0,0,0,0.0,0,0,0,0,0,0,0,0,0.0,0,0,0,0,0,0.0,0.0,0.0,0,0,0,42.1,0.0,0.0,0.0,0.0,22.4,63.4,98.83936324346634,11.782064387911841,24.73254092534383,25.501585988771346,0.45468860847038395,1129.0,0.0,0.0,0.0,0.0,56.56154482279505,0.7,0.0,0.0,0.0,0.0,450.0,9552.4,0.0,0.0,107.809,1.081,108.89,28.539,1.826,107.064,emon,0.605,0.377,144.7,67.5,2.143
2026-09-23 14:21:07.177,6.0,0,31,22;8;31;3;6;0;0;0;19;2;0;0;2;2;2;0,1017,3479,2536;2761;3479;3010;1271;1249;1221;1241;1285;1290;1017;1152;1241;1102;1149;1166,4.8,0.0,9553.4,0,0,0,0,0,0.0,0,0,0,0,0,0,0,0,0.0,0,0,0,0,0,0.0,0.0,0.0,0,0,0,35.1,0.0,0.0,0.0,0.0,22.4,63.4,98.24014163326908,11.679442485818615,26.323297698776443,27.93351836018748,0.8427339371100262,1201.5974025974026,0.0,0.0,0.0,0.0,52.1883288366454,0.7,0.0,0.0,0.0,0.0,450.0,9553.4,0.0,0.0,107.809,1.081,108.89,28.539,1.826,107.064,emon,0.605,0.377,144.7,67.5,2.143
2026-09-23 14:21:08.178,5.3,0,35,11;8;35;2;14;0;0;0;9;0;0;0;5;0;2;0,1004,3691,2228;2776;3691;2859;1290;1540;1419;1228;1365;1567;1201;1103;1150;1004;1037;1085,5.0,0.0,9552.4,0,0,0,0,0,0.0,0,0,0,0,0,0,0,0,0.0,0,0,0,0,0,0.0,0.0,0.0,0,0,0,35.1,0.0,0.0,0.0,0.0,22.4,63.4,98.15886771678925,13.0075161755085,26.79597681760788,29.04809546470642,0.43953035712729616,1199.0,0.0,0.0,0.0,0.0,50.17758970800787,0.7,0.0,0.0,0.0,0.0,450.0,9552.4,0.0,0.0,107.809,1.081,108.89,28.539,1.826,107.064,emon,0.605,0.377,144.7,67.5,2.143
2026-09-23 14:21:09.178,6.4,0,33,6;21;33;0;2;12;2;0;2;14;2;2;0;8;0;0,906,3724,2598;2614;3724;2591;1137;1342;1235;1150;1137;1328;1173;1135;1100;1195;1044;906,4.6,0.0,9553.4,0,0,0,0,0,0.0,0,0,0,0,0,0,0,0,0.0,0,0,0,0,0,0.0,0.0,0.0,0,0,0,35.1,0.0,0.0,0.0,0.0,22.4,63.4,98.04746269112202,13.123941549614294,26.989891735475453,29.475691439500494,0.42415524329277754,1215.4179104477612,0.0,0.0,0.0,0.0,50.92596468929924,0.7,0.0,0.0,0.0,0.0,450.0,9553.4,0.0,0.0,1.064,0.592,1.656,22.472,1.438,0.218,emon,0.869,0.71,32.5,15.6,2.083
2026-09-23 14:21:10.178,6.2,0,28,6;20;28;5;0;16;0;0;0;20;0;2;0;3;0;0,1064,3351,2262;2414;3351;2635;1205;1234;1064;1212;1212;1216;1202;1218;1188;1136;1186;1149,4.9,0.0,9566.2,0,0,0,0,0,0.0,0,0,0,0,0,0,0,0,0.0,0,0,0,0,0,0.0,0.0,0.0,0,0,0,35.1,4.46,0.1,0.33,7.54,22.4,63.4,98.15605619060459,12.839196084150627,27.31103640883716,29.619740158764284,0.44059690315825445,1199.0,0.0,0.0,0.0,0.0,50.92656737477032,0.7,0.0,0.0,0.0,0.0,450.0,9566.2,0.0,0.0,1.064,0.592,1.656,22.472,1.438,0.218,emon,0.869,0.71,32.5,15.6,2.083
2026-09-23 14:21:11.178,9.9,0,78,11;25;78;8;0;20;0;0;0;11;2;0;0;5;0;0,1011,3416,3125;3380;3416;3273;1382;1650;1536;1333;1449;2107;1557;1253;1083;1141;1038;1011,24.4,0.0,9780.0,0,0,0,0,0,0.0,0,0,0,0,0,0,0,0,0.0,0,0,0,0,0,0.0,0.0,0.0,0,0,0,42.1,4.46,0.1,0.33,7.54,23.0,63.4,100.00774535050628,31.146593614672938,15.735289955815524,40.07635184213625,0.1861589532807892,1807.1560283687943,0.0,0.0,30.246574308239385,0.0,23.832342333087684,0.7,0.0,0.0,0.0,0.0,450.0,9574.2,0.0,0.0,1.064,0.592,1.656,22.472,1.438,0.218,emon,0.869,0.71,32.5,15.6,2.083
2026-09-23 14:21:12.179,13.3,0,97,16;27;97;12;5;15;2;0;3;14;6;5;3;3;3;2,1198,3542,3439;3542;3256;3445;3134;1710;2424;2522;2821;2337;1749;2515;2210;1198;2084;1829,2.1,0.0,9779.0,0,0,0,0,0,0.0,0,0,0,0,0,0,0,0,0.0,0,0,0,0,0,0.0,0.0,0.0,0,0,0,46.1,4.46,0.1,0.33,7.54,23.0,63.4,100.00368050469292,28.656843357103774,16.452079227235583,37.073026762323245,0.3795182523453453,1847.611111111111,0.0,0.0,33.75438959350706,0.0,27.65365235532566,14.6,90.1,0.0,0.0,0.0,450.0,9779.0,0.0,0.0,1.064,0.592,1.656,22.472,1.438,0.218,emon,0.869,0.71,32.5,15.6,2.083
2026-09-23 14:21:13.179,10.6,0,86,12;22;86;11;2;17;0;2;2;12;0;2;0;3;0;0,863,3521,3521;3156;3305;3412;2176;1736;2049;1628;1340;2141;1864;1373;908;1068;958;863,2.2,0.0,9779.0,0,0,0,0,0,0.0,0,0,0,0,0,0,0,0,0.0,0,0,0,0,0,0.0,0.0,0.0,0,0,0,47.1,4.46,0.1,0.33,7.54,23.0,63.4,100.00365127401149,26.331663553008532,17.484857734847576,36.144792847810905,0.5333353892548327,1849.0,0.0,0.0,31.21510180998891,0.0,31.312510302390944,14.2,97.2,0.0,0.0,0.0,450.0,9779.0,0.0,0.0,1.064,0.592,1.656,22.472,1.438,0.218,emon,0.869,0.71,32.5,15.6,2.083
2026-09-23 14:21:14.181,10.7,0,92,9;14;92;9;0;12;0;0;2;19;0;0;2;12;0;0,953,3423,3423;3254;2977;2988;1968;1575;2059;2742;3253;2118;1693;2349;1118;1187;953;1396,2.1,0.0,9779.0,0,0,0,0,0,0.0,0,0,0,0,0,0,0,0,0.0,0,0,0,0,0,0.0,0.0,0.0,0,0,0,45.1,6.28,18.81,0.36,29.48,23.0,63.4,99.97355042406794,28.033634690689087,15.728569686765502,36.655566539637434,0.6020660685201743,1849.0,0.0,0.0,30.541441778481534,0.0,31.95766159099796,14.2,97.2,0.0,0.0,0.0,450.0,9779.0,0.0,0.0,1.064,0.592,1.656,22.472,1.438,0.218,emon,0.869,0.71,32.5,15.6,2.083
2026-09-23 14:21:15.182,9.9,0,89,5;28;89;8;0;12;2;0;0;11;0;0;0;3;0;0,793,3173,2849;2915;3173;3114;2289;1540;2145;2311;2839;1914;1607;2551;793;1113;856;853,2.1,0.0,9779.0,0,0,0,0,0,0.0,0,0,0,0,0,0,0,0,0.0,0,0,0,0,0,0.0,0.0,0.0,0,0,0,44.1,6.28,18.81,0.36,29.48,22.8,63.4,99.98702095528326,28.64046757416965,16.366378727749254,38.323042451982666,0.433476079153393,1847.5207100591715,0.0,0.0,31.165633117350247,0.0,28.898070393352338,14.2,97.3,0.0,0.0,0.0,450.0,9780.0,0.0,0.0,1.064,0.592,1.656,22.472,1.438,0.218,emon,0.869,0.71,32.5,15.6,2.083
2026-09-23 14:21:16.182,11.0,0,89,9;28;89;3;0;17;2;0;0;17;2;2;0;6;0;0,788,3406,3406;3097;3067;3012;1665;1567;1582;1250;1391;2099;2103;2761;788;1176;948;1093,2.4,0.0,9770.5,0,0,0,0,0,0.0,0,0,0,0,0,0,0,0,0.0,0,0,0,0,0,0.0,0.0,0.0,0,0,0,44.1,6.28,18.81,0.36,29.48,22.8,63.4,99.9646939086914,31.266973105867702,14.976156611442565,39.732949005762734,0.1433575129819413,1845.0,0.0,0.0,31.098611818725864,0.0,26.388258007010805,14.2,97.2,0.0,0.0,0.0,450.0,9770.5,0.0,0.0,1.064,0.592,1.656,22.472,1.438,0.218,emon,0.869,0.71,32.5,15.6,2.083
2026-09-23 14:21:17.183,10.4,0,94,8;25;94;6;0;15;0;0;0;14;3;0;0;2;0;0,792,3326,3264;3326;3134;3299;1273;1596;1719;1145;1477;2214;2265;2303;801;1061;920;792,2.4,0.0,9771.5,0,0,0,0,0,0.0,0,0,0,0,0,0,0,0,0.0,0,0,0,0,0,0.0,0.0,0.0,0,0,0,44.1,6.28,18.81,0.36,29.48,22.6,63.4,99.99604366136634,33.609448861384735,14.45070411502451,41.848446141118586,0.15168932680904434,1847.5507246376812,0.0,0.0,30.895672472625755,0.0,23.62341789401177,14.2,97.2,0.0,0.0,0.0,450.0,9771.5,0.0,0.0,1.064,0.592,1.656,22.472,1.438,0.218,emon,0.869,0.71,32.5,15.6,2.083
2026-09-23 14:21:18.183,11.4,0,89,9;27;89;11;0;14;5;0;0;16;5;2;0;6;0;0,796,3311,3160;3311;3021;2747;2357;1593;2188;2100;2136;2297;1850;1847;881;1229;1062;796,2.6,0.0,9770.5,0,0,0,0,0,0.0,0,0,0,0,0,0,0,0,0.0,0,0,0,0,0,0.0,0.0,0.0,0,0,0,44.1,5.7,25.11,0.38,35.66,22.6,63.4,100.00724656742774,29.070468669837236,16.508102623231572,37.3561786610656,0.194968618295424,1838.5705521472394,0.0,0.0,30.49611552911268,0.0,26.206771382762575,14.2,97.2,0.0,0.0,0.0,450.0,9770.5,0.0,0.0,1.064,0.592,1.656,22.472,1.438,0.218,emon,0.869,0.71,32.5,15.6,2.083
2026-09-23 14:21:19.184,11.7,0,92,3;31;92;9;0;19;2;0;0;14;6;0;0;11;0;0,790,3302,3146;2918;3302;3286;2787;1542;1531;1813;2364;1977;1448;2383;790;1932;914;951,2.6,0.0,9770.5,0,0,0,0,0,0.0,0,0,0,0,0,0,0,0,0.0,0,0,0,0,0,0.0,0.0,0.0,0,0,0,44.1,5.7,25.11,0.38,35.66,22.6,63.4,100.00543769780737,32.91455843152791,14.908423792706788,41.454541394310276,0.12152881459434972,1799.3649635036497,0.0,0.0,30.388608206886065,0.0,23.78942333414036,14.2,97.1,0.0,0.0,0.0,450.0,9770.5,0.0,0.0,1.064,0.592,1.656,22.472,1.438,0.218,emon,0.869,0.71,32.5,15.6,2.083
2026-09-23 14:21:20.184,12.3,0,91,14;31;91;8;0;27;0;0;0;12;3;3;0;8;0;0,789,3483,3188;3033;3264;3483;1300;1746;2175;1698;1255;1792;1670;1308;789;1697;1068;881,2.3,0.0,9771.5,0,0,0,0,0,0.0,0,0,0,0,0,0,0,0,0.0,0,0,0,0,0,0.0,0.0,0.0,0,0,0,42.1,5.7,25.11,0.38,35.66,22.6,63.4,99.9969133793913,31.823624107221892,14.936607921360345,40.189556083931826,0.24564233446102096,1799.0,0.0,0.0,31.577401364715584,0.0,24.268426497205603,14.2,97.2,0.0,0.0,0.0,450.0,9771.5,0.0,0.0,1.064,0.592,1.656,22.472,1.438,0.218,emon,0.869,0.71,32.5,15.6,2.083
2026-09-23 14:21:21.184,13.0,0,98,11;29;98;6;0;22;2;0;0;23;3;2;0;9;2;2,823,3476,3476;3335;3134;3181;1319;1660;1989;1797;1462;2151;1564;2000;828;1106;823;909,2.3,0.0,9769.2,0,0,0,0,0,0.0,0,0,0,0,0,0,0,0,0.0,0,0,0,0,0,0.0,0.0,0.0,0,0,0,42.1,5.7,25.11,0.38,35.66,22.6,63.4,99.97997457163345,26.000932440436152,17.478864193538538,35.9475316747951,0.49017486080599293,1799.0,0.0,0.0,31.255050851269466,0.0,34.266144470079645,14.2,97.1,0.0,0.0,0.0,450.0,9770.2,0.0,0.0,1.064,0.592,1.656,22.472,1.438,0.218,emon,0.869,0.71,32.5,15.6,2.083
2026-09-23 14:21:22.185,11.0,0,95,6;32;95;8;0;17;0;0;0;12;0;2;0;3;0;0,892,3409,3409;3166;3368;3266;1318;1596;1492;2159;1660;2185;1798;2163;892;1113;1025;942,2.3,0.0,9769.2,0,0,0,0,0,0.0,0,0,0,0,0,0,0,0,0.0,0,0,0,0,0,0.0,0.0,0.0,0,0,0,42.1,5.85,23.99,0.38,34.69,22.6,63.4,100.00613550748226,25.059830915614747,18.465798541543563,34.57554750828351,0.602269513240075,1799.0,0.0,0.0,33.182598295252646,0.0,34.31130362648851,14.2,97.0,0.0,0.0,0.0,450.0,9769.2,0.0,0.0,11.329,6.749,18.077,18.98,1.215,16.862,emon,0.596,0.639,109.2,50.8,2.152
2026-09-23 14:21:23.185,11.4,0,88,6;30;88;6;0;15;0;0;0;28;2;0;0;8;0;0,858,3405,3405;3056;3097;3087;1261;1479;1604;1243;1140;1930;1500;1160;992;1066;858;865,2.2,0.0,9769.2,0,0,0,0,0,0.0,0,0,0,0,0,0,0,0,0.0,0,0,0,0,0,0.0,0.0,0.0,0,0,0,43.1,5.85,23.99,0.38,34.69,22.6,63.4,99.9927029996305,27.295677406844256,15.461342598940876,35.9897508831443,0.47986342022447165,1799.0,0.0,0.0,30.100333026444186,0.0,31.906054831612572,14.2,97.1,0.0,0.0,0.0,450.0,9769.2,0.0,0.0,11.329,6.749,18.077,18.98,1.215,16.862,emon,0.596,0.639,109.2,50.8,2.152
2026-09-23 14:21:24.186,11.5,0,84,12;30;84;8;2;15;0;0;0;20;2;0;0;9;0;0,745,3363,3284;3267;3210;3363;1419;1603;1462;2535;2207;2280;2264;2948;745;1212;1058;778,2.2,0.0,9769.2,0,0,0,0,0,0.0,0,0,0,0,0,0,0,0,0.0,0,0,0,0,0,0.0,0.0,0.0,0,0,0,43.1,5.85,23.99,0.38,34.69,22.6,63.4,100.00770876552518,26.633805748507463,16.214150079870752,35.729132100970624,0.4094560013013732,1799.0,0.0,0.0,33.5156411240855,0.0,32.55572258617831,14.2,97.1,0.0,0.0,0.0,450.0,9769.2,0.0,0.0,11.329,6.749,18.077,18.98,1.215,16.862,emon,0.596,0.639,109.2,50.8,2.152
2026-09-23 14:21:25.186,11.5,0,91,8;23;91;8;0;21;2;0;2;25;3;0;0;3;0;0,866,3248,3248;3121;3131;3102;1620;1484;1810;1648;1602;2082;1737;2370;947;1066;920;866,2.4,0.0,9769.2,0,0,0,0,0,0.0,0,0,0,0,0,0,0,0,0.0,0,0,0,0,0,0.0,0.0,0.0,0,0,0,41.1,5.85,23.99,0.38,34.69,22.6,63.4,100.00719446493379,31.98236645705311,15.403524674422352,40.33834005585799,0.1601462640753346,1799.0,0.0,0.0,30.24545994846824,0.0,23.840877505323142,14.2,97.2,0.0,0.0,0.0,450.0,9770.2,0.0,0.0,11.329,6.749,18.077,18.98,1.215,16.862,emon,0.596,0.639,109.2,50.8,2.152
2026-09-23 14:21:26.186,10.2,0,92,6;28;92;2;0;12;0;0;0;18;0;0;0;5;0;0,718,3210,3210;3125;3077;3027;1474;1649;1662;2028;1438;1943;1568;1652;718;1089;924;735,2.4,0.0,9769.2,0,0,0,0,0,0.0,0,0,0,0,0,0,0,0,0.0,0,0,0,0,0,0.0,0.0,0.0,0,0,0,42.1,5.72,23.95,0.38,34.38,22.6,63.4,99.99790719437273,32.74707691636804,14.80557507684786,40.859540279597454,0.12942684734597393,1799.0,0.0,0.0,30.60301679518227,0.0,23.715423533648302,14.2,97.2,0.0,0.0,0.0,450.0,9769.2,0.0,0.0,11.329,6.749,18.077,18.98,1.215,16.862,emon,0.596,0.639,109.2,50.8,2.152
2026-09-23 14:21:27.186,11.5,0,97,9;26;97;3;0;22;0;0;0;22;0;0;0;5;0;0,824,3776,3776;3502;3123;3116;1317;1757;1540;1764;1361;2180;1873;1583;950;1278;824;903,2.4,0.0,9769.2,0,0,0,0,0,0.0,0,0,0,0,0,0,0,0,0.0,0,0,0,0,0,0.0,0.0,0.0,0,0,0,43.1,5.72,23.95,0.38,34.38,22.6,63.4,98.74782715679763,27.999254508451983,17.580639422713936,38.248731216827,2.1172777477881644,1814.2597402597403,0.0,0.0,30.326821072057324,0.0,23.796258499068752,14.2,97.2,0.0,0.0,0.0,450.0,9770.2,0.0,0.0,11.329,6.749,18.077,18.98,1.215,16.862,emon,0.596,0.639,109.2,50.8,2.152
2026-09-23 14:21:28.187,13.3,0,94,23;33;94;3;0;18;3;0;0;18;0;3;2;14;0;2,665,4390,3868;3517;4390;4110;1330;1818;1738;1643;1520;2348;2232;2011;714;1131;714;665,2.7,0.0,9770.2,0,0,0,0,0,0.0,0,0,0,0,0,0,0,0,0.0,0,0,0,0,0,0.0,0.0,0.0,0,0,0,42.1,5.72,23.95,0.38,34.38,22.6,63.4,93.61829840687086,13.183037666704962,29.314623428403205,31.598444082967514,13.326808687246773,1799.0,0.0,0.0,31.469465217578065,0.0,26.82337299656666,14.1,96.1,0.0,0.0,0.0,450.0,9770.2,0.0,0.0,11.329,6.749,18.077,18.98,1.215,16.862,emon,0.596,0.639,109.2,50.8,2.152
2026-09-23 14:21:29.187,12.2,0,92,9;30;92;5;2;18;0;0;0;19;5;0;0;17;0;0,791,4373,3822;3630;4373;4207;2989;1879;2129;1888;1672;2137;1979;1618;839;1317;791;802,99.8,0.0,9770.2,0,0,0,0,0,0.0,0,0,0,0,0,0,0,0,0.0,0,0,0,0,0,0.0,0.0,0.0,0,0,0,43.1,5.72,23.95,0.38,34.38,22.6,63.4,95.18234175887763,12.073320996797845,28.898164553268284,30.159402606475588,12.42400373212135,1799.0,0.0,0.0,31.6659301016498,0.0,32.560123920640706,14.0,95.4,0.0,0.0,0.0,450.0,9770.2,0.0,0.0,11.329,6.749,18.077,18.98,1.215,16.862,emon,0.596,0.639,109.2,50.8,2.152
2026-09-23 14:21:30.188,12.6,0,88,17;32;88;3;0;23;2;0;0;20;3;0;0;12;2;0,782,4321,3895;3488;4321;3931;2674;1936;1986;2042;1598;2225;2348;1125;782;1144;895;971,91.8,0.0,9770.2,0,0,0,0,0,0.0,0,0,0,0,0,0,0,0,0.0,0,0,0,0,0,0.0,0.0,0.0,0,0,0,43.1,8.63,17.22,0.39,34.1,22.6,63.4,95.21407861383553,12.453193108312403,28.018908260724483,29.784660873886867,13.81034504049398,1799.0,0.0,0.0,33.19134721702809,0.0,31.72936737977306,14.0,95.7,0.0,0.0,0.0,450.0,9770.2,0.0,0.0,11.329,6.749,18.077,18.98,1.215,16.862,emon,0.596,0.639,109.2,50.8,2.152
2026-09-23 14:21:31.188,12.5,0,88,14;35;88;8;0;15;3;2;0;23;3;0;0;9;2;0,673,4388,3546;3470;4388;4161;2462;1863;2400;1601;1466;2170;2121;1461;806;1034;1105;673,100.0,0.0,9770.2,0,0,0,0,0,0.0,0,0,0,0,0,0,0,0,0.0,0,0,0,0,0,0.0,0.0,0.0,0,0,0,43.1,8.63,17.22,0.39,34.1,22.6,63.4,93.99197340659474,14.338606874013077,29.333001739304997,32.67639761580073,13.849111661628779,1799.0,0.0,0.0,32.451333049259595,0.0,23.22814936865163,14.0,95.6,0.0,0.0,0.0,450.0,9770.2,0.0,0.0,11.329,6.749,18.077,18.98,1.215,16.862,emon,0.596,0.639,109.2,50.8,2.152
2026-09-23 14:21:32.189,14.8,0,92,19;41;92;8;0;22;2;6;2;20;6;2;0;17;0;0,694,4298,3769;3528;4298;4099;1459;1939;2012;2205;2797;2148;2259;1562;694;1689;931;926,92.1,0.0,9770.2,0,0,0,0,0,0.0,0,0,0,0,0,0,0,0,0.0,0,0,0,0,0,0.0,0.0,0.0,0,0,0,43.1,8.63,17.22,0.39,34.1,22.6,63.4,94.45543966028426,14.464274615711636,29.382968680063883,32.85526470608181,14.15664386867235,1799.0,0.0,0.0,32.63763187208549,0.0,20.943456569903194,14.0,95.4,0.0,0.0,0.0,450.0,9770.2,0.0,0.0,11.329,6.749,18.077,18.98,1.215,16.862,emon,0.596,0.639,109.2,50.8,2.152
2026-09-23 14:21:33.189,12.0,0,91,6;39;91;6;0;20;0;0;0;20;0;0;0;9;0;0,796,4335,3620;3622;4335;4042;1293;1948;2104;1713;1532;2373;1653;1428;796;1221;1009;842,100.0,0.0,9770.2,0,0,0,0,0,0.0,0,0,0,0,0,0,0,0,0.0,0,0,0,0,0,0.0,0.0,0.0,0,0,0,44.1,8.63,17.22,0.39,34.1,22.6,63.4,94.31426165591587,14.28147983009165,29.186043457551435,32.435091733932495,14.047140084503388,1799.0,0.0,0.0,32.803068619352416,0.0,20.921289724207863,14.0,95.7,0.0,0.0,0.0,450.0,9770.2,0.0,0.0,11.329,6.749,18.077,18.98,1.215,16.862,emon,0.596,0.639,109.2,50.8,2.152
2026-09-23 14:21:34.190,13.5,0,91,11;38;91;8;0;22;3;0;0;25;0;0;0;20;0;0,710,4308,3691;3637;4308;4195;1900;1932;2414;2503;2715;2398;1921;2654;710;1180;810;800,98.2,0.0,9782.9,0,0,0,0,0,0.0,0,0,0,0,0,0,0,0,0.0,0,0,0,0,0,0.0,0.0,0.0,0,0,0,44.1,10.63,12.73,0.4,33.91,22.6,63.4,94.3741118776689,13.016729856371333,28.650175501447205,30.77901968387289,13.447431635641314,1799.0,0.0,0.0,31.989130022709148,0.0,28.44356176120131,14.0,95.4,0.0,0.0,0.0,450.0,9782.9,0.0,0.0,107.927,1.126,109.053,26.67,1.707,107.346,emon,0.602,0.408,145.5,67.6,2.152
2026-09-23 14:21:35.191,11.1,0,95,12;26;95;5;0;11;0;0;0;22;0;0;2;3;2;0,761,4381,3707;3454;4381;4190;1332;1805;2217;1897;2310;2287;1850;2631;855;1009;761;921,98.2,0.0,9782.9,0,0,0,0,0,0.0,0,0,0,0,0,0,0,0,0.0,0,0,0,0,0,0.0,0.0,0.0,0,0,0,42.1,10.63,12.73,0.4,33.91,22.6,63.4,95.7384281897649,12.751745538143481,29.123555670659094,30.912566043273852,13.292924900362308,1799.0,0.0,0.0,33.98012920829171,0.0,28.82505082124943,14.0,95.6,0.0,0.0,0.0,450.0,9783.7,0.0,0.0,107.927,1.126,109.053,26.67,1.707,107.346,emon,0.602,0.408,145.5,67.6,2.152
2026-09-23 14:21:36.191,13.4,0,83,18;37;83;9;0;21;2;0;0;22;3;2;0;18;0;0,613,4322,3704;3717;4322;4245;1421;1757;2152;1924;1981;2243;2071;2092;733;1116;660;613,91.6,0.0,9782.7,0,0,0,0,0,0.0,0,0,0,0,0,0,0,0,0.0,0,0,0,0,0,0.0,0.0,0.0,0,0,0,41.1,10.63,12.73,0.4,33.91,22.6,63.4,95.56708395711243,12.40108488141613,28.951269465523797,30.898002820700754,13.204251681587525,1799.0,0.0,0.0,33.51865059491175,0.0,30.96321676303361,14.0,95.6,0.0,0.0,0.0,450.0,9782.7,0.0,0.0,107.927,1.126,109.053,26.67,1.707,107.346,emon,0.602,0.408,145.5,67.6,2.152
2026-09-23 14:21:37.191,12.3,0,82,14;38;82;9;0;27;0;2;0;11;5;2;0;9;0;0,611,4367,3777;3651;4367;4106;1486;1970;2019;1501;1822;2223;2104;1744;774;1020;611;692,100.0,0.0,9778.7,0,0,0,0,0,0.0,0,0,0,0,0,0,0,0,0.0,0,0,0,0,0,0.0,0.0,0.0,0,0,0,42.1,10.63,12.73,0.4,33.91,22.6,63.4,93.98657550769192,12.789914568087884,27.42611191155655,29.03625925716811,12.506667488454175,1799.0,0.0,0.0,30.23441515914679,0.0,32.56230966609902,14.0,95.6,0.0,0.0,0.0,450.0,9778.7,0.0,0.0,107.927,1.126,109.053,26.67,1.707,107.346,emon,0.602,0.408,145.5,67.6,2.152
2026-09-23 14:21:38.192,13.0,0,91,16;25;91;9;2;21;2;2;2;23;3;0;0;12;2;0,609,4320,3762;3446;4320;4272;2301;1795;2358;1823;2161;2244;1999;2032;609;1058;889;729,95.5,0.0,9613.1,0,0,0,0,0,0.0,0,0,0,0,0,0,0,0,0.0,0,0,0,0,0,0.0,0.0,0.0,0,0,0,42.1,10.65,12.79,0.4,33.97,22.6,63.4,93.630972243578,13.969382435389054,29.609336363963592,32.556486280759174,14.179044485853938,1799.0,0.0,0.0,32.170199626082415,0.0,23.96993996049535,14.0,95.5,0.0,0.0,0.0,450.0,9613.1,0.0,0.0,107.927,1.126,109.053,26.67,1.707,107.346,emon,0.602,0.408,145.5,67.6,2.152
2026-09-23 14:21:39.192,12.6,0,86,42;14;86;3;0;5;18;0;2;0;18;4;0;0;8;2,775,4369,3705;3501;4369;4241;1827;1505;1939;1933;2680;2128;2109;2253;775;1132;1106;777,98.7,0.0,9607.2,0,0,0,0,0,0.0,0,0,0,0,0,0,0,0,0.0,0,0,0,0,0,0.0,0.0,0.0,0,0,0,43.1,10.65,12.79,0.4,33.97,22.6,63.4,93.53038819183206,13.421118496099549,28.817270565480694,31.310852205249624,13.618628734447272,1799.0,0.0,0.0,32.318875237376794,0.0,23.43308486085398,14.0,95.5,0.0,0.0,0.0,450.0,9604.6,0.0,0.0,107.927,1.126,109.053,26.67,1.707,107.346,emon,0.602,0.408,145.5,67.6,2.152
2026-09-23 14:21:40.193,11.8,0,92,22;12;92;14;0;3;14;4;0;0;17;2;0;0;8;0,709,4326,3632;3585;4326;4265;1980;1315;2279;1998;2161;2500;2463;2339;861;821;1081;709,92.4,0.0,9604.6,0,0,0,0,0,0.0,0,0,0,0,0,0,0,0,0.0,0,0,0,0,0,0.0,0.0,0.0,0,0,0,42.1,10.65,12.79,0.4,33.97,22.6,63.4,94.77940068569482,13.715101666963069,27.488869625860485,30.55266231563703,12.421504162290958,1799.0,0.0,0.0,31.277110027634485,0.0,24.976153130472103,14.0,95.5,0.0,0.0,0.0,450.0,9604.6,0.0,0.0,107.927,1.126,109.053,26.67,1.707,107.346,emon,0.602,0.408,145.5,67.6,2.152
2026-09-23 14:21:41.193,10.8,0,95,20;11;95;5;0;3;17;0;0;0;9;0;0;0;12;0,696,4321,3592;3747;4321;4061;1942;1266;2226;2093;1541;1335;1977;1953;696;763;1107;875,100.0,0.0,9604.6,0,0,0,0,0,0.0,0,0,0,0,0,0,0,0,0.0,0,0,0,0,0,0.0,0.0,0.0,0,0,0,42.1,10.65,12.79,0.4,33.97,22.6,63.4,93.95408276557923,13.157221343133978,27.975921968424228,30.199168276758282,12.603371223313735,1799.0,0.0,0.0,31.416341920016567,0.0,21.385726086305223,14.0,95.4,0.0,0.0,0.0,450.0,9604.6,0.0,0.0,107.927,1.126,109.053,26.67,1.707,107.346,emon,0.602,0.408,145.5,67.6,2.152
2026-09-23 14:21:42.193,11.6,0,94,20;20;94;3;0;0;16;0;0;0;17;2;0;0;14;0,622,4343,3437;3708;4343;4035;1516;1275;2101;2704;2383;1534;2236;2363;889;622;1164;924,99.5,0.0,9605.6,0,0,0,0,0,0.0,0,0,0,0,0,0,0,0,0.0,0,0,0,0,0,0.0,0.0,0.0,0,0,0,43.1,10.69,12.84,0.4,34.1,22.6,63.4,94.30041689532143,13.086529197295507,28.78670246146974,31.01121061359133,13.12368521408311,1799.0,0.0,0.0,32.27792272817099,0.0,25.165040114175955,14.0,95.8,0.0,0.0,0.0,450.0,9605.6,0.0,0.0,107.927,1.126,109.053,26.67,1.707,107.346,emon,0.602,0.408,145.5,67.6,2.152
2026-09-23 14:21:43.194,11.9,0,88,31;17;88;6;0;6;18;0;0;0;14;2;0;0;8;0,718,4397,3464;3764;4397;4190;2473;1268;2178;1533;1887;1433;1898;1586;793;718;1077;867,98.5,0.0,9604.6,0,0,0,0,0,0.0,0,0,0,0,0,0,0,0,0.0,0,0,0,0,0,0.0,0.0,0.0,0,0,0,44.1,10.69,12.84,0.4,34.1,22.4,63.4,95.2034952305407,12.997227075651857,29.619040785065618,31.925902138811995,13.656794353418173,1799.0,0.0,0.0,31.21193646040023,0.0,32.653511406438405,14.0,95.3,0.0,0.0,0.0,450.0,9604.6,0.0,0.0,107.927,1.126,109.053,26.67,1.707,107.346,emon,0.602,0.408,145.5,67.6,2.152
2026-09-23 14:21:44.201,13.8,0,83,37;31;83;8;0;2;14;2;0;0;19;6;0;0;20;0,580,4355,3541;3639;4355;3999;2313;1274;2176;2635;2121;1778;2244;2239;771;580;1138;844,91.0,0.0,9604.6,0,0,0,0,0,0.0,0,0,0,0,0,0,0,0,0.0,0,0,0,0,0,0.0,0.0,0.0,0,0,0,44.1,10.69,12.84,0.4,34.1,22.6,63.4,95.59775093749717,12.158998648449778,28.069686908081724,29.139386443855862,13.152144808103804,1799.0,0.0,0.0,31.75647770073265,0.0,35.31781811679423,14.0,95.3,0.0,0.0,0.0,450.0,9604.6,0.0,0.0,107.927,1.126,109.053,26.67,1.707,107.346,emon,0.602,0.408,145.5,67.6,2.152
2026-09-23 14:21:45.202,12.7,0,88,39;14;88;5;0;0;15;0;0;0;23;2;0;0;17;0,793,4299,3583;3741;4299;3998;2753;1296;2317;2576;1122;1973;2087;1757;843;793;1799;925,91.0,0.0,9604.6,0,0,0,0,0,0.0,0,0,0,0,0,0,0,0,0.0,0,0,0,0,0,0.0,0.0,0.0,0,0,0,42.1,10.61,12.84,0.4,33.99,22.4,63.4,95.32334058515487,12.620452788418099,28.33890354921741,29.60456880975154,13.631631207440684,1799.0,0.0,0.0,33.74852869580988,0.0,33.602016132409254,14.0,95.3,0.0,0.0,0.0,450.0,9604.6,0.0,0.0,107.366,1.111,108.477,25.053,1.603,106.874,emon,0.602,0.398,145.3,68.0,2.136
2026-09-23 14:21:46.202,17.4,2,94,36;25;94;12;6;11;21;5;5;3;20;10;2;3;23;3,1705,4264,3755;3882;4264;4034;3209;1996;2161;2904;3035;3282;2228;2877;1726;2090;1705;2270,95.6,0.0,9604.6,0,0,0,0,0,0.0,0,0,0,0,0,0,0,0,0.0,0,0,0,0,0,0.0,0.0,0.0,0,0,0,43.1,10.61,12.84,0.4,33.99,22.4,63.4,93.13763380050659,14.333353928897692,28.71934760135153,32.18036438071209,13.800876822383346,1799.0,0.0,0.0,32.47351318119478,0.0,20.480811112474285,14.0,95.6,0.0,0.0,0.0,450.0,9604.6,0.0,0.0,107.366,1.111,108.477,25.053,1.603,106.874,emon,0.602,0.398,145.3,68.0,2.136
2026-09-23 14:21:47.203,13.3,0,92,36;18;92;2;0;5;18;2;5;0;18;5;0;0;12;0,794,4356,3663;3873;4356;4047;1734;1252;2040;1970;1812;2563;2116;1761;1106;794;1045;911,95.3,0.0,9604.6,0,0,0,0,0,0.0,0,0,0,0,0,0,0,0,0.0,0,0,0,0,0,0.0,0.0,0.0,0,0,0,42.1,10.61,12.84,0.4,33.99,22.4,63.4,92.8296489634297,14.054909677160056,28.36589938944036,31.64260360937227,13.822029951197857,1799.0,0.0,0.0,32.21487361065233,0.0,20.831568380489692,13.9,95.1,0.0,0.0,0.0,450.0,9604.6,0.0,0.0,107.366,1.111,108.477,25.053,1.603,106.874,emon,0.602,0.398,145.3,68.0,2.136
2026-09-23 14:21:48.203,16.6,0,81,50;22;81;17;0;5;32;0;3;0;29;3;0;0;19;5,707,4324,3513;3486;4324;4144;2817;1289;2272;2765;1566;2159;2040;1906;707;723;1089;911,100.0,0.0,9604.5,0,0,0,0,0,0.0,0,0,0,0,0,0,0,0,0.0,0,0,0,0,0,0.0,0.0,0.0,0,0,0,42.1,10.61,12.84,0.4,33.99,22.4,63.4,94.34570342550676,13.775249168581771,28.37505716809149,31.665147056388378,13.315131944643023,1799.0,0.0,0.0,31.667763739787915,0.0,21.788446757530135,14.0,95.4,0.0,0.0,0.0,450.0,9604.5,0.0,0.0,107.366,1.111,108.477,25.053,1.603,106.874,emon,0.602,0.398,145.3,68.0,2.136
2026-09-23 14:21:49.204,14.2,0,88,32;14;88;9;0;6;28;3;0;0;22;5;2;0;15;3,615,4375,3471;3789;4375;4169;2081;1299;2326;2884;2493;1753;2296;2361;615;773;1148;799,94.9,0.0,9604.5,0,0,0,0,0,0.0,0,0,0,0,0,0,0,0,0.0,0,0,0,0,0,0.0,0.0,0.0,0,0,0,43.1,10.99,12.89,0.4,34.45,22.4,63.4,94.16944830465799,13.443384951225134,28.105478982732752,30.871394861828197,13.11129742209809,1799.0,0.0,0.0,31.729228750784937,0.0,24.23071047767404,14.0,95.4,0.0,0.0,0.0,450.0,9604.5,0.0,0.0,107.366,1.111,108.477,25.053,1.603,106.874,emon,0.602,0.398,145.3,68.0,2.136
2026-09-23 14:21:50.204,11.9,0,84,28;19;84;8;0;3;25;0;0;0;17;5;0;0;2;0,577,4364,3488;3745;4364;4271;2217;1281;2260;2135;1772;1446;2028;2258;577;796;989;816,96.2,0.0,9604.5,0,0,0,0,0,0.0,0,0,0,0,0,0,0,0,0.0,0,0,0,0,0,0.0,0.0,0.0,0,0,0,42.1,10.99,12.89,0.4,34.45,22.4,63.4,94.00187755347322,13.106620174333006,30.39643730574923,32.51802976250393,14.994396644286699,1799.0,0.0,0.0,33.780542765143466,0.0,30.10938405448495,14.0,95.5,0.0,0.0,0.0,450.0,9604.5,0.0,0.0,107.366,1.111,108.477,25.053,1.603,106.874,emon,0.602,0.398,145.3,68.0,2.136
2026-09-23 14:21:51.207,12.9,0,84,33;20;84;2;0;2;24;2;0;0;27;5;0;0;9;0,756,4315,3567;3533;4315;4110;2428;1261;2130;1662;2163;1234;2302;1930;756;845;1050;1001,100.0,0.0,9604.6,0,0,0,0,0,0.0,0,0,0,0,0,0,0,0,0.0,0,0,0,0,0,0.0,0.0,0.0,0,0,0,43.1,10.99,12.89,0.4,34.45,22.4,63.4,95.56110368414623,12.549205570258351,28.86690347320665,30.542355278764315,12.168330074153257,1799.0,0.0,0.0,30.355817084130642,0.0,34.505062692711334,13.9,95.0,0.0,0.0,0.0,450.0,9604.6,0.0,0.0,107.366,1.111,108.477,25.053,1.603,106.874,emon,0.602,0.398,145.3,68.0,2.136
2026-09-23 14:21:52.207,13.8,0,86,38;11;86;11;2;6;19;2;0;0;26;2;0;0;19;0,708,4399,3567;3655;4399;4096;2587;1243;2179;1673;1281;1660;2004;1924;731;875;1064;708,92.6,0.0,9604.6,0,0,0,0,0,0.0,0,0,0,0,0,0,0,0,0.0,0,0,0,0,0,0.0,0.0,0.0,0,0,0,43.1,10.99,12.89,0.4,34.45,22.4,63.4,93.51091134180581,13.091709328979451,29.240187511570127,31.04132411855433,14.501414087079958,1802.52422907489,0.0,0.0,32.479361173178845,0.0,30.8997393050473,14.0,95.3,0.0,0.0,0.0,450.0,9604.6,0.0,0.0,107.366,1.111,108.477,25.053,1.603,106.874,emon,0.602,0.398,145.3,68.0,2.136
2026-09-23 14:21:53.208,12.5,0,91,23;15;91;8;0;3;26;0;0;0;22;0;0;0;12;0,526,4367,3301;3960;4367;4205;1981;1264;2110;1683;1965;2076;2183;1843;871;526;1056;853,100.0,0.0,9605.6,0,0,0,0,0,0.0,0,0,0,0,0,0,0,0,0.0,0,0,0,0,0,0.0,0.0,0.0,0,0,0,42.1,10.63,12.92,0.4,34.08,22.4,63.4,92.58091634545623,14.398575821032454,28.937339363461835,32.60421363024388,13.373313968011972,1799.0,0.0,0.0,31.465574892373272,0.0,21.837256010244587,14.0,95.5,0.0,0.0,0.0,450.0,9605.6,0.0,0.0,107.366,1.111,108.477,25.053,1.603,106.874,emon,0.602,0.398,145.3,68.0,2.136
2026-09-23 14:21:54.208,12.2,0,94,29;9;94;6;0;12;20;0;0;0;16;0;0;0;8;0,801,4361,3465;3762;4361;4112;1676;1280;2283;2060;2269;1652;2125;1783;910;801;1100;832,92.1,0.0,9604.6,0,0,0,0,0,0.0,0,0,0,0,0,0,0,0,0.0,0,0,0,0,0,0.0,0.0,0.0,0,0,0,41.1,10.63,12.92,0.4,34.08,22.4,63.4,93.03185431490239,13.614735283629642,28.790292651382916,31.52321028356085,13.247377307737516,1799.0,0.0,0.0,31.291095366179416,0.0,24.10851464471924,13.9,95.1,0.0,0.0,0.0,450.0,9604.6,0.0,0.0,107.366,1.111,108.477,25.053,1.603,106.874,emon,0.602,0.398,145.3,68.0,2.136
2026-09-23 14:21:55.209,13.0,0,92,32;14;92;5;0;3;22;3;2;0;23;3;0;0;9;0,469,4308,3401;3640;4308;4151;1697;1228;1964;1704;1736;2149;1955;1833;803;469;1135;832,92.1,0.0,9604.6,0,0,0,0,0,0.0,0,0,0,0,0,0,0,0,0.0,0,0,0,0,0,0.0,0.0,0.0,0,0,0,41.1,10.63,12.92,0.4,34.08,22.4,63.4,92.62942972728185,14.050059395675282,28.26498343169689,31.327704953242627,13.438947833606175,1799.0,0.0,0.0,31.849893223853517,0.0,20.37920740767515,14.0,95.2,0.0,0.0,0.0,450.0,9605.6,0.0,0.0,107.366,1.111,108.477,25.053,1.603,106.874,emon,0.602,0.398,145.3,68.0,2.136
2026-09-23 14:21:56.209,11.7,0,89,34;3;89;6;0;5;20;0;0;0;20;2;3;0;5;0,777,4286,3595;3658;4286;4111;2089;1296;2416;1984;2205;1531;2027;1432;789;832;1032;777,92.3,0.0,9604.6,0,0,0,0,0,0.0,0,0,0,0,0,0,0,0,0.0,0,0,0,0,0,0.0,0.0,0.0,0,0,0,41.1,10.63,12.92,0.4,34.08,22.4,63.4,92.99019446108076,14.313922190666199,29.152130370669894,32.464755068884955,13.58991195362889,1799.0,0.0,0.0,32.06897476304374,0.0,22.002888434772224,14.0,95.2,0.0,0.0,0.0,450.0,9604.6,0.0,0.0,107.366,1.111,108.477,25.053,1.603,106.874,emon,0.602,0.398,145.3,68.0,2.136
2026-09-23 14:21:57.209,12.6,0,94,42;8;94;3;0;3;17;0;0;0;23;0;0;0;11;2,669,4385,3607;3529;4385;4139;2361;1285;2292;2577;1511;1273;2038;1987;742;669;1018;835,95.0,0.0,9605.6,0,0,0,0,0,0.0,0,0,0,0,0,0,0,0,0.0,0,0,0,0,0,0.0,0.0,0.0,0,0,0,42.1,10.42,12.9,0.4,33.81,22.4,63.4,94.86392903771511,13.044221001300354,28.392785875187364,31.1467724738426,12.644902615345538,1799.0,0.0,0.0,29.654381274875945,0.0,27.955903754610944,14.0,95.4,0.0,0.0,0.0,450.0,9605.6,0.0,0.0,107.677,1.124,108.801,24.885,1.593,107.208,emon,0.602,0.411,145.1,67.9,2.137
2026-09-23 14:21:58.210,13.6,0,88,28;17;88;6;0;5;23;2;0;0;30;3;0;0;16;0,807,4385,3616;3556;4385;4125;2349;1284;2133;2391;2676;2039;2052;2029;807;975;1965;1028,100.0,0.0,9605.6,0,0,0,0,0,0.0,0,0,0,0,0,0,0,0,0.0,0,0,0,0,0,0.0,0.0,0.0,0,0,0,42.1,10.42,12.9,0.4,33.81,22.4,63.4,94.06325465137675,12.38574626604174,29.475073727510743,31.31543779145863,13.393423029276843,1799.0,0.0,0.0,30.366234515679178,0.0,32.248050524352735,14.0,95.4,0.0,0.0,0.0,450.0,9605.6,0.0,0.0,107.677,1.124,108.801,24.885,1.593,107.208,emon,0.602,0.411,145.1,67.9,2.137
2026-09-23 14:21:59.210,13.2,0,89,36;11;89;9;0;5;23;0;2;2;22;0;0;0;12;2,845,4318,3638;3484;4318;4137;1981;1354;2204;2436;1728;3233;1938;1822;927;845;1691;1216,99.8,0.0,9604.6,0,0,0,0,0,0.0,0,0,0,0,0,0,0,0,0.0,0,0,0,0,0,0.0,0.0,0.0,0,0,0,42.1,10.42,12.9,0.4,33.81,22.4,63.4,95.33272709619432,13.376790389336973,27.229036341926882,29.7811008266262,12.660147990396668,1799.0,0.0,0.0,31.287103535965574,0.0,29.476860198444825,14.0,95.8,0.0,0.0,0.0,450.0,9604.6,0.0,0.0,107.677,1.124,108.801,24.885,1.593,107.208,emon,0.602,0.411,145.1,67.9,2.137
2026-09-23 14:22:00.211,19.3,2,98,41;31;98;17;5;9;28;8;5;5;22;16;8;2;14;2,1387,4242,3834;4006;4242;3920;3180;1914;2385;2763;2811;3236;2509;2595;1883;1430;1387;1406,100.0,0.0,9604.6,0,0,0,0,0,0.0,0,0,0,0,0,0,0,0,0.0,0,0,0,0,0,0.0,0.0,0.0,0,0,0,44.1,10.42,12.9,0.4,33.81,22.4,63.4,94.20468778335132,12.98036786333586,28.272486452872936,30.76303454947013,12.992856632434549,1799.0,0.0,0.0,31.128442091094957,0.0,26.345143610314224,13.9,95.0,0.0,0.0,0.0,450.0,9604.6,0.0,0.0,107.677,1.124,108.801,24.885,1.593,107.208,emon,0.602,0.411,145.1,67.9,2.137
2026-09-23 14:22:01.211,14.4,0,92,34;17;92;2;0;8;25;3;0;0;23;2;3;3;17;0,812,4326,3627;3787;4326;4078;1660;1283;2400;1961;3008;1372;2157;2268;812;1040;1141;869,100.0,0.0,9604.6,0,0,0,0,0,0.0,0,0,0,0,0,0,0,0,0.0,0,0,0,0,0,0.0,0.0,0.0,0,0,0,43.1,10.42,12.9,0.4,33.81,22.4,63.4,95.06487117178979,13.055974950848688,29.269819520654217,30.944222533474527,14.00636752658794,1799.0,0.0,0.0,32.140943823883596,0.0,32.3008480391632,14.0,95.3,0.0,0.0,0.0,450.0,9604.6,0.0,0.0,107.677,1.124,108.801,24.885,1.593,107.208,emon,0.602,0.411,145.1,67.9,2.137
2026-09-23 14:22:02.211,12.1,0,91,31;8;91;11;0;0;20;3;2;0;17;2;0;0;9;0,689,4362,3620;3811;4362;4166;2517;1271;2339;2161;2610;2396;2140;2198;689;747;1053;846,100.0,0.0,9604.6,0,0,0,0,0,0.0,0,0,0,0,0,0,0,0,0.0,0,0,0,0,0,0.0,0.0,0.0,0,0,0,44.1,10.42,12.9,0.4,33.81,22.4,63.4,93.96162646446588,13.25512901668405,28.270928601505904,30.614523380436882,12.75445152834093,1799.0,0.0,0.0,30.520588004774908,0.0,27.797066542142826,14.0,95.1,0.0,0.0,0.0,450.0,9604.6,0.0,0.0,107.677,1.124,108.801,24.885,1.593,107.208,emon,0.602,0.411,145.1,67.9,2.137
2026-09-23 14:22:03.212,11.4,0,95,25;11;95;2;0;0;17;2;0;0;16;0;0;0;16;0,668,4288,3548;3683;4288;4076;1591;1245;2184;1366;2382;1569;2255;2342;668;824;1127;795,91.3,0.0,9604.6,0,0,0,0,0,0.0,0,0,0,0,0,0,0,0,0.0,0,0,0,0,0,0.0,0.0,0.0,0,0,0,41.1,10.42,12.9,0.4,33.81,22.4,63.4,94.21271991007256,14.030653224600657,28.811514727319732,32.26682572896978,13.4565189413049,1799.0,0.0,0.0,31.727510316019895,0.0,22.144696152477405,14.0,95.3,0.0,0.0,0.0,450.0,9604.6,0.0,0.0,107.677,1.124,108.801,24.885,1.593,107.208,emon,0.602,0.411,145.1,67.9,2.137
2026-09-23 14:22:04.212,12.8,0,89,34;8;89;5;3;6;23;0;2;2;23;0;3;2;6;0,828,4360,3599;3846;4360;4266;2142;1268;2073;2177;2218;1570;2217;2347;842;888;1042;828,91.3,0.0,9604.6,0,0,0,0,0,0.0,0,0,0,0,0,0,0,0,0.0,0,0,0,0,0,0.0,0.0,0.0,0,0,0,41.1,10.42,12.9,0.4,33.81,22.4,63.4,94.38419598313772,13.376089859796373,28.785217374971467,31.553057437890196,12.761065680376301,1799.0,0.0,0.0,32.7444137127211,0.0,27.86055794642142,14.0,95.5,0.0,0.0,0.0,450.0,9604.6,0.0,0.0,107.677,1.124,108.801,24.885,1.593,107.208,emon,0.602,0.411,145.1,67.9,2.137
2026-09-23 14:22:05.212,11.1,0,91,22;14;91;2;2;3;15;0;0;0;17;2;0;0;11;0,578,4395,3523;3686;4395;4319;1531;1261;2123;2222;1419;1386;2117;1912;692;578;1022;657,97.8,0.0,9604.6,0,0,0,0,0,0.0,0,0,0,0,0,0,0,0,0.0,0,0,0,0,0,0.0,0.0,0.0,0,0,0,42.1,0.0,0.0,0.0,0.0,22.4,63.4,94.5850363129295,13.355852898703844,29.031176264384925,31.864181282814197,13.406301329925244,1799.0,0.0,0.0,31.648792526641785,0.0,29.987287020683006,14.0,95.4,0.0,0.0,0.0,450.0,9605.7,0.0,0.0,107.677,1.124,108.801,24.885,1.593,107.208,emon,0.602,0.411,145.1,67.9,2.137
2026-09-23 14:22:06.213,12.2,0,88,32;14;88;8;0;5;20;0;0;0;16;5;0;0;9;0,733,4386,3465;3344;4386;4156;1548;1277;2388;1199;2714;1493;1767;1851;745;733;1083;937,97.6,0.0,9604.6,0,0,0,0,0,0.0,0,0,0,0,0,0,0,0,0.0,0,0,0,0,0,0.0,0.0,0.0,0,0,0,42.1,0.0,0.0,0.0,0.0,22.4,63.4,94.8178243528218,13.32894557632812,28.561340539422755,31.182790779904142,14.136499543032146,1799.0,0.0,0.0,31.838830442162504,0.0,28.82429244848425,14.0,95.6,0.0,0.0,0.0,450.0,9604.6,0.0,0.0,107.677,1.124,108.801,24.885,1.593,107.208,emon,0.602,0.411,145.1,67.9,2.137
2026-09-23 14:22:07.213,11.9,0,91,31;17;91;9;0;3;17;2;0;0;14;0;0;0;5;2,790,4360,3622;3751;4360;4148;1218;1231;2004;1423;1363;1408;2044;1586;881;790;1078;791,92.3,0.0,9604.6,0,0,0,0,0,0.0,0,0,0,0,0,0,0,0,0.0,0,0,0,0,0,0.0,0.0,0.0,0,0,0,43.1,0.0,0.0,0.0,0.0,22.4,63.4,93.17722551118244,14.118271454110403,28.704892012883317,31.840992922809992,13.761085299140012,1799.0,0.0,0.0,32.79489707897962,0.0,20.823317461871987,14.0,95.5,0.0,0.0,0.0,450.0,9604.6,0.0,0.0,107.677,1.124,108.801,24.885,1.593,107.208,emon,0.602,0.411,145.1,67.9,2.137
2026-09-23 14:22:08.214,14.2,0,92,46;22;92;6;0;2;27;0;0;0;27;2;0;0;5;0,647,4606,4387;4463;4591;4606;2554;1583;2903;2754;3105;1880;2941;3014;647;894;1443;782,92.1,0.0,9596.3,0,0,0,0,0,0.0,0,0,0,0,0,0,0,0,0.0,0,0,0,0,0,0.0,0.0,0.0,0,0,0,57.1,0.0,0.0,0.0,0.0,14.0,63.4,81.76472915682876,13.464602233547913,27.16069592091075,30.152503633708285,8.215154835767814,1727.0701754385964,0.0,0.0,19.551076259349653,0.0,32.69499506592636,9.3,62.1,0.0,0.0,0.0,450.0,4282.3,0.0,0.0,107.677,1.124,108.801,24.885,1.593,107.208,emon,0.602,0.411,145.1,67.9,2.137
