timestamp,cpu_total_pct,cpu_core_min,cpu_core_max,cpu_cores_csv,cpu_freq_min_mhz,cpu_freq_max_mhz,cpu_freq_csv,igpu_pct,igpu_ded_mb,igpu_shared_mb,nvidia_gpu_pct,nvidia_mem_pct,nvidia_mem_used_mb,nvidia_mem_total_mb,nvidia_temp_c,nvidia_power_w,nvidia_sm_clk_mhz,nvidia_mem_clk_mhz,nvidia_pcie_gen,nvidia_pcie_width,nvidia_throttle,nvidia_pcie_rx_kbs,nvidia_pcie_tx_kbs,nvidia_pstate,nvidia_power_limit_w,nvidia_sm_clk_max_mhz,nvidia_mem_clk_max_mhz,nvidia_sm_clk_eff_pct,nvidia_mem_clk_eff_pct,nvidia_power_eff_pct,npu_pct,npu_ded_mb,npu_shared_mb,npu_process_count,npu_infer_ms,cpu_throttle_pct,soc_temp_c,rapl_cpu_w,rapl_igpu_w,rapl_npu_w,rapl_soc_w,ram_used_gb,ram_total_gb,l0_gpu_busy,l0_xve_active,l0_xve_stall,l0_xve_occupancy,l0_l3_stall,l0_gpu_freq_mhz,l0_mem_read_gbs,l0_mem_write_gbs,l0_compute_busy,l0_copy_busy,l0_render_busy,zes_gpu_busy,zes_compute_busy,zes_render_busy,zes_copy_busy,zes_media_busy,zes_freq_mhz,zes_mem_used_mb,zes_temp_c,zes_power_w,dram_read_gbs,dram_write_gbs,dram_total_gbs,l3miss_millions,ia_dram_bw_gbs,nonia_dram_bw_gbs,bw_source,dram_page_hit_rate_rd,dram_page_hit_rate_wr,dram_rd_latency_imc_clks,dram_rd_latency_ns,imc_freq_ghz
2026-09-29 22:57:52.003,4.5,0,75,0;25;0;0;0;0;0;0;0;0;0;0;75;0;0;0;0;0;0;0;0;0;0;0;0;0;0;25,1888,4611,4036;3867;4160;3684;2701;3129;2300;2715;1898;2524;2465;2492;4611;4515;3899;3927;2468;1888;2109;2559;2553;2727;2838;2476;2839;2913;2969;2903,0.2,0.0,30.9,0,0,0,0,0,0.0,0,0,0,0,0,0,0,0,0.0,0,0,0,0,0,0.0,0.0,0.0,0,0,0,40.1,0.0,0.0,0.0,0.0,17.9,95.4,0.0,0.0,0.0,0.0,0.0,0.0,0.0,0.0,0.0,0.0,0.0,16.9,0.0,0.0,0.0,0.0,450.0,30.9,0.0,0.0,,,,,,,,,,,,
2026-09-29 22:57:53.003,4.9,0,37,9;16;6;6;0;3;0;2;2;3;0;2;37;0;8;9;2;2;3;0;4;2;0;3;3;3;3;10,2410,4369,4369;3732;4044;3949;2624;2979;3166;2410;2577;2721;2559;2854;4328;4046;4090;4000;2887;3122;2655;3066;2902;2990;2697;2677;2640;2653;2563;2818,0.0,0.0,30.9,2,0,927,12227,30,30.6,2565,14001,5,16,0,0,0,0,0.0,0,0,0,0,0,0.0,0.0,0.0,0,0,0,35.1,0.0,0.0,0.32,0.0,17.8,95.4,0.0,0.0,0.0,0.0,0.0,0.0,0.0,0.0,0.0,0.0,0.0,16.9,0.0,0.0,0.0,0.0,450.0,30.9,0.0,0.0,,,,,,,,,,,,
2026-09-29 22:57:54.017,8.7,0,48,8;31;22;14;6;6;0;4;12;3;2;2;48;3;9;12;5;6;3;5;0;6;3;5;8;8;9;5,2596,4716,4428;3887;4471;4222;3467;2943;3088;2941;3189;2596;2882;3108;4468;4716;4146;4179;3209;2924;3120;2884;2881;2976;3088;2856;2709;2764;2815;2699,0.0,0.0,30.9,3,0,868,12227,30,30.6,2565,14001,5,16,0,0,0,0,0.0,0,0,0,0,0,0.0,0.0,0.0,0,0,0,37.1,0.0,0.0,0.32,0.0,18.0,95.4,0.0,0.0,0.0,0.0,0.0,0.0,0.0,0.0,0.0,0.0,0.0,2.0,0.0,0.0,0.0,2.2,450.0,30.9,0.0,0.0,,,,,,,,,,,,
2026-09-29 22:57:55.017,8.8,0,83,6;43;8;18;0;8;2;2;3;0;2;2;83;3;16;8;3;0;2;2;2;0;2;0;16;9;2;8,2338,4777,4476;4005;3996;4057;2442;3289;3126;3082;2935;3100;2604;2762;4678;4777;4196;4049;2747;2338;2994;2993;2987;2611;3054;2508;2978;2822;2896;2809,0.0,0.0,30.9,2,0,863,12227,30,30.6,2565,14001,5,16,0,0,0,0,0.0,0,0,0,0,0,0.0,0.0,0.0,0,0,0,47.1,0.0,0.0,0.32,0.0,17.9,95.4,0.0,0.0,0.0,0.0,0.0,0.0,0.0,0.0,0.0,0.0,0.0,2.1,0.0,0.0,0.0,2.5,450.0,30.9,0.0,0.0,,,,,,,,,,,,
2026-09-29 22:57:56.017,8.3,0,89,3;29;19;16;2;8;0;0;3;2;0;0;89;0;9;17;0;0;2;3;5;2;0;2;6;9;6;2,1522,4767,4277;4037;4492;4366;2664;3228;2210;1522;2709;2903;2963;2412;4754;4767;4317;4291;2017;2761;2854;2979;2695;2738;1646;2868;2662;2739;2727;2645,0.0,0.0,30.9,2,0,860,12227,30,30.6,2565,14001,5,16,0,0,0,0,0.0,0,0,0,0,0,0.0,0.0,0.0,0,0,0,50.1,0.0,0.0,0.32,0.0,17.9,95.4,0.0,0.0,0.0,0.0,0.0,0.0,0.0,0.0,0.0,0.0,0.0,3.0,0.0,0.0,0.0,3.6,450.0,30.9,0.0,0.0,,,,,,,,,,,,
2026-09-29 22:57:57.018,10.3,0,97,15;39;12;25;3;3;0;3;2;5;4;1;97;3;14;18;6;5;3;2;5;3;2;2;3;8;2;5,2376,4792,4636;4207;4377;4287;2975;3259;3088;3275;2824;2986;3021;3055;4740;4792;4383;4405;3313;2977;3194;3168;3102;3300;2597;2948;2448;2384;2376;2535,0.0,0.0,30.9,2,0,850,12227,30,30.6,2565,14001,5,16,0,0,0,0,0.0,0,0,0,0,0,0.0,0.0,0.0,0,0,0,50.1,0.0,0.0,0.32,0.0,17.9,95.4,0.0,0.0,0.0,0.0,0.0,0.0,0.0,0.0,0.0,0.0,0.0,3.0,0.0,0.0,0.0,3.7,450.0,30.9,0.0,0.0,,,,,,,,,,,,
2026-09-29 22:57:58.019,9.8,0,78,8;45;9;31;5;3;2;2;3;3;2;5;78;0;9;28;3;3;2;0;2;0;2;3;8;8;6;6,2482,4792,4516;4241;4377;4492;3141;3192;3052;2818;2878;2821;2638;3186;4692;4792;4278;4444;2862;2741;2750;2616;2712;2691;2482;2650;2841;2831;2926;2898,0.2,0.0,30.9,3,0,948,12227,30,30.6,2565,14001,5,16,0,0,0,0,0.0,0,0,0,0,0,0.0,0.0,0.0,0,0,0,44.1,0.0,0.0,0.32,0.0,18.0,95.4,0.0,0.0,0.0,0.0,0.0,0.0,0.0,0.0,0.0,0.0,0.0,3.0,0.0,0.0,0.0,3.6,450.0,30.9,0.0,0.0,,,,,,,,,,,,
2026-09-29 22:57:59.019,11.1,0,91,20;40;14;50;0;9;0;2;0;5;6;2;91;0;14;13;0;6;0;0;2;10;2;2;3;8;6;6,2274,4795,4629;4229;4395;4714;2452;3089;2772;2801;3061;2777;2847;2660;4779;4795;4257;4334;2665;2811;2747;2577;2602;2828;2744;2274;2763;2896;2878;2913,0.0,0.0,46.1,2,0,937,12227,30,30.6,2565,14001,5,16,0,0,0,0,0.0,0,0,0,0,0,0.0,0.0,0.0,0,0,0,55.1,0.0,0.0,0.33,0.0,18.2,95.4,0.0,0.0,0.0,0.0,0.0,0.0,0.0,0.0,0.0,0.0,0.0,2.3,0.0,0.0,0.0,3.0,450.0,30.9,0.0,0.0,,,,,,,,,,,,
2026-09-29 22:58:00.020,12.4,0,100,10;31;31;60;1;9;2;2;3;5;8;2;100;0;16;18;6;2;2;2;2;3;2;0;11;6;5;11,2567,4795,4521;4197;4757;4785;2880;3337;2848;2948;2789;2805;3006;3103;4795;4737;4403;4197;2837;2825;2950;3055;2782;2788;2567;2924;2759;2718;2754;2767,0.0,0.0,46.1,1,0,872,12227,30,30.6,2565,14001,5,16,0,0,0,0,0.0,0,0,0,0,0,0.0,0.0,0.0,0,0,0,60.1,0.0,0.0,0.33,0.0,18.9,95.4,0.0,0.0,0.0,0.0,0.0,0.0,0.0,0.0,0.0,0.0,0.0,2.1,0.0,0.0,0.0,2.3,450.0,57.1,0.0,0.0,,,,,,,,,,,,
2026-09-29 22:58:01.020,7.7,0,98,8;31;14;8;3;0;3;0;0;2;2;2;98;0;11;14;0;2;2;3;0;2;2;2;2;0;3;5,1866,4795,4445;3912;3973;3945;3149;2811;2700;2058;2980;3001;2957;2694;4795;4668;4035;4223;2316;2221;2836;2933;2287;2645;2436;1866;2608;2684;2775;2688,0.0,0.0,308.1,2,0,865,12227,30,30.6,2565,14001,5,16,0,0,0,0,0.0,0,0,0,0,0,0.0,0.0,0.0,0,0,0,51.1,0.0,0.0,0.33,0.0,19.6,95.4,0.0,0.0,0.0,0.0,0.0,0.0,0.0,0.0,0.0,0.0,0.0,3.1,0.0,0.0,0.0,4.1,450.0,308.1,0.0,0.0,,,,,,,,,,,,
2026-09-29 22:58:02.021,8.8,0,100,12;34;6;20;3;3;0;0;2;6;0;3;100;2;14;10;2;0;5;2;2;3;2;0;6;5;5;2,2300,4800,4531;4027;3951;4130;3143;3152;2947;2469;2657;2629;2612;2465;4800;4799;4289;4071;2300;2642;2431;2363;2546;2515;2414;2389;2431;2501;2685;2351,0.0,0.0,1266.4,2,0,859,12227,30,30.6,2565,14001,5,16,0,0,0,0,0.0,0,0,0,0,0,0.0,0.0,0.0,0,0,0,46.1,0.0,0.0,0.33,0.0,21.6,95.4,0.0,0.0,0.0,0.0,0.0,0.0,0.0,0.0,0.0,0.0,0.0,0.0,0.0,0.0,0.0,0.0,450.0,1744.0,0.0,0.0,,,,,,,,,,,,
2026-09-29 22:58:03.030,13.3,5,91,9;39;22;12;9;9;11;9;8;5;8;5;91;14;14;12;8;8;5;6;15;11;8;14;6;6;5;6,2711,4788,4506;3984;4385;4262;3485;3527;3644;3670;3624;3608;3590;3480;4788;4782;4291;4262;3526;3623;3592;3491;3509;3564;3524;3533;2783;2711;2764;2773,0.0,0.0,3330.7,1,0,872,12227,30,30.6,2565,14001,5,16,4,0,0,0,0.0,0,0,0,0,0,0.0,0.0,0.0,0,0,0,55.1,0.0,0.0,0.33,0.0,22.3,95.4,0.0,0.0,0.0,0.0,0.0,0.0,0.0,0.0,0.0,0.0,0.0,0.0,0.0,0.0,0.0,0.0,450.0,3951.9,0.0,0.0,,,,,,,,,,,,
2026-09-29 22:58:04.031,29.1,6,68,28;37;27;27;39;41;41;39;36;37;40;38;68;20;27;28;31;30;28;28;24;24;24;24;9;6;6;8,2781,4752,4505;4126;4392;4368;3778;3759;3744;3758;3761;3796;3790;3791;4675;4752;4385;4374;3622;3682;3703;3695;3653;3669;3677;3668;2841;2818;2781;2818,0.0,0.0,3952.4,1,0,867,12227,30,30.6,2565,14001,5,16,4,0,0,0,0.0,0,0,0,0,0,0.0,0.0,0.0,0,0,0,51.1,0.0,0.0,0.33,0.0,22.1,95.4,0.0,0.0,0.0,0.0,0.0,0.0,0.0,0.0,0.0,0.0,0.0,3.0,0.0,0.0,0.0,3.4,450.0,3952.4,0.0,0.0,4.403,2.632,7.035,64.937,4.156,2.879,emon,0.921,0.885,51.4,16.1,3.204
2026-09-29 22:58:05.031,5.1,0,29,2;29;2;3;3;3;3;5;3;6;6;4;28;2;8;8;3;3;2;2;3;5;5;6;2;0;0;0,1766,4346,4314;3642;3447;3217;2355;1766;2272;2049;2970;3267;3282;3157;4346;4345;3863;3581;1792;2071;2573;1920;2593;2698;2292;2180;2243;2038;1991;2161,0.6,0.0,3963.4,1,0,852,12227,30,30.6,2565,14001,5,16,0,0,0,0,0.0,0,0,0,0,0,0.0,0.0,0.0,0,0,0,37.1,0.0,0.0,0.32,0.0,22.1,95.4,97.67451858520508,0.0,0.0,0.0,1.799191951751709,1199.0,0.05881235841661692,0.7181580364704132,49.95315310359001,0.0,0.0,1.4,0.3,0.0,0.0,1.7,450.0,3963.4,0.0,0.0,4.403,2.632,7.035,64.937,4.156,2.879,emon,0.921,0.885,51.4,16.1,3.204
2026-09-29 22:58:06.031,3.6,0,30,5;29;5;3;0;2;2;2;0;0;0;3;30;2;5;5;0;0;0;0;0;0;2;2;0;5;3;0,1398,4333,4331;3508;3324;3590;2244;1403;1494;1431;1596;1398;1423;1401;4333;4298;3456;3010;1784;1880;2022;1696;1784;1675;1725;1694;2304;2647;2299;2181,0.0,0.0,3963.4,2,4,853,12227,30,30.6,2565,14001,2,16,0,0,0,0,0.0,0,0,0,0,0,0.0,0.0,0.0,0,0,0,35.1,0.0,0.0,0.32,0.0,22.1,95.4,97.67451858520508,0.0,0.0,0.0,1.799191951751709,1199.0,0.05881235841661692,0.7181580364704132,49.95315310359001,0.0,0.0,1.1,0.0,0.0,0.0,1.0,450.0,3963.4,0.0,0.0,4.403,2.632,7.035,64.937,4.156,2.879,emon,0.921,0.885,51.4,16.1,3.204
2026-09-29 22:58:07.032,3.2,0,31,2;20;2;3;0;0;0;0;2;0;0;0;31;2;6;5;0;0;0;0;2;2;0;3;2;3;3;3,1297,4374,4333;3477;3300;3498;2101;2335;2144;1585;1820;1297;1530;1681;4374;4104;3361;3566;1463;1322;1379;1807;1829;1832;1847;1911;2314;2370;2404;2277,0.0,0.0,3963.4,2,4,843,12227,30,30.6,2565,14001,1,16,0,0,0,0,0.0,0,0,0,0,0,0.0,0.0,0.0,0,0,0,35.1,0.0,0.0,0.32,0.0,22.1,95.4,97.67451858520508,0.0,0.0,0.0,1.799191951751709,1199.0,0.05881235841661692,0.7181580364704132,49.95315310359001,0.0,0.0,2.0,0.0,0.0,0.0,2.5,450.0,3963.4,0.0,0.0,4.403,2.632,7.035,64.937,4.156,2.879,emon,0.921,0.885,51.4,16.1,3.204
2026-09-29 22:58:08.032,3.2,0,33,8;27;0;8;0;2;0;0;0;0;0;0;33;0;2;3;0;0;0;0;0;2;2;0;3;0;2;0,1361,4573,4573;3674;3298;3656;1724;1665;2199;1735;1483;1402;1361;1642;4371;4055;3570;3101;1652;2030;1655;1854;1667;1924;1679;1494;2242;2394;2543;2152,0.0,0.0,3963.4,2,12,842,12227,30,30.6,2565,14001,1,16,0,0,0,0,0.0,0,0,0,0,0,0.0,0.0,0.0,0,0,0,35.1,0.0,0.0,0.32,0.0,22.1,95.4,97.67451858520508,0.0,0.0,0.0,1.799191951751709,1199.0,0.05881235841661692,0.7181580364704132,49.95315310359001,0.0,0.0,2.0,0.0,0.0,0.0,2.5,450.0,3963.4,0.0,0.0,4.403,2.632,7.035,64.937,4.156,2.879,emon,0.921,0.885,51.4,16.1,3.204
2026-09-29 22:58:09.033,4.7,0,48,2;29;5;3;2;0;0;0;2;5;0;2;48;5;5;8;2;1;3;2;2;0;0;2;3;3;0;0,1463,4636,4134;3764;3972;3524;2143;1766;1463;1469;1671;2460;1685;1622;4580;4636;3715;3819;1938;2122;1652;1661;1706;1823;1879;1805;2077;2372;2079;2258,0.0,0.0,3963.4,2,9,842,12227,30,30.6,2565,14001,1,16,0,0,0,0,0.0,0,0,0,0,0,0.0,0.0,0.0,0,0,0,38.1,0.0,0.0,0.32,0.0,22.0,95.4,97.67451858520508,0.0,0.0,0.0,1.799191951751709,1199.0,0.05881235841661692,0.7181580364704132,49.95315310359001,0.0,0.0,3.0,0.0,0.0,0.0,3.7,450.0,3963.4,0.0,0.0,4.403,2.632,7.035,64.937,4.156,2.879,emon,0.921,0.885,51.4,16.1,3.204
2026-09-29 22:58:10.033,9.5,0,98,23;26;11;14;2;3;0;2;2;0;4;0;98;9;16;18;3;3;3;2;6;2;2;0;8;3;5;3,2006,4799,4553;3598;4154;3885;2395;2879;2064;2360;2599;2648;2383;2570;4785;4799;4265;4084;3015;3147;2835;2698;2534;2006;2008;2398;2702;2716;2722;2740,51.6,0.0,3976.6,2,17,847,12227,30,30.6,2565,14001,1,16,0,0,0,0,0.0,0,0,0,0,0,0.0,0.0,0.0,0,0,0,39.1,0.0,0.0,0.32,0.0,22.1,95.4,80.14922563234965,37.26489151848687,38.4612791273329,59.954547034369575,32.372141944037544,2399.0,48.242694570087934,0.06320304771523094,77.81323520880606,0.0,0.0,59.7,57.4,0.0,0.0,2.9,450.0,3976.6,0.0,0.0,4.403,2.632,7.035,64.937,4.156,2.879,emon,0.921,0.885,51.4,16.1,3.204
2026-09-29 22:58:11.034,6.9,0,100,16;29;2;9;0;0;0;2;2;0;0;2;100;8;8;8;2;0;0;0;2;0;0;2;2;0;2;2,1432,4799,4576;3231;3837;4154;2383;2279;2021;2351;1548;2345;1482;2876;4798;4799;4139;3679;2451;1432;1914;2255;1875;2090;2075;2340;1902;1941;2049;2044,99.3,0.0,3976.6,2,8,844,12227,30,30.6,2565,14001,1,16,0,0,0,0,0.0,0,0,0,0,0,0.0,0.0,0.0,0,0,0,39.1,0.0,0.0,0.33,0.0,22.1,95.4,75.9206199447314,33.85439443588257,35.07087564468384,54.5709613164266,29.13542954126994,2399.0,43.79870408225785,0.0595634448788284,70.90264770854264,0.0,0.0,99.5,99.4,0.0,0.0,0.0,450.0,3976.6,0.0,0.0,4.403,2.632,7.035,64.937,4.156,2.879,emon,0.921,0.885,51.4,16.1,3.204
2026-09-29 22:58:12.034,7.6,0,100,5;32;6;9;0;0;2;2;5;2;3;0;100;8;5;14;0;0;0;2;4;2;0;2;3;3;3;3,1487,4797,4415;3401;3776;3781;2214;1487;1983;1706;2514;2244;2489;2226;4791;4797;3989;4076;2648;2282;1734;2065;2313;2344;2045;2507;2327;2502;2562;2521,84.6,0.0,3976.6,2,8,842,12227,30,10.2,2565,14001,1,16,0,0,0,0,0.0,0,0,0,0,0,0.0,0.0,0.0,0,0,0,39.1,0.0,0.0,0.33,0.0,22.1,95.4,79.73509211289256,35.15762007863898,36.747715397884974,56.93065040989926,30.94784164428711,2399.0,45.31699229494399,0.0886788984858676,73.72203206516018,1.1697779203716077,0.0,99.4,99.4,0.0,0.0,0.0,450.0,3976.6,0.0,0.0,4.403,2.632,7.035,64.937,4.156,2.879,emon,0.921,0.885,51.4,16.1,3.204
2026-09-29 22:58:13.051,8.1,0,95,12;35;8;6;2;8;3;3;3;0;3;5;95;8;8;12;2;2;0;0;3;6;2;4;0;0;0;0,2049,4780,4555;3374;3943;3651;3368;3197;3099;3112;3513;3177;3304;3254;4780;4771;4022;3893;2642;2611;2277;2305;3569;3430;3459;3331;2087;2112;2186;2049,98.4,0.0,3993.8,2,9,843,12227,30,10.2,2565,14001,1,16,0,0,0,0,0.0,0,0,0,0,0,0.0,0.0,0.0,0,0,0,39.1,0.0,0.0,0.33,0.0,22.2,95.4,72.67308864226707,32.945810317993164,34.76154415424053,53.576414548433746,29.29722521855281,2399.0,42.36354824511979,0.05810151845574952,69.27780837852221,0.0,0.0,99.2,98.8,0.0,0.0,0.0,450.0,3993.8,0.0,0.0,4.403,2.632,7.035,64.937,4.156,2.879,emon,0.921,0.885,51.4,16.1,3.204
2026-09-29 22:58:14.052,3.7,0,32,2;32;8;6;4;0;2;0;0;0;0;0;25;2;5;9;0;3;0;2;0;0;0;0;3;0;2;2,1352,4352,4352;3686;3601;3316;1559;1501;2172;1796;1769;2115;1411;1352;4310;4324;3629;3421;1882;1510;1495;1982;1791;1821;2007;1678;2427;2230;2163;2357,74.3,0.0,3993.8,2,8,843,12227,30,10.2,2565,14001,1,16,0,0,0,0,0.0,0,0,0,0,0,0.0,0.0,0.0,0,0,0,35.1,0.0,0.0,0.33,0.0,22.0,95.4,77.81610383228822,34.66834675181996,35.50573106245561,55.5819223577326,29.62118431079117,2399.0,44.52844377727888,0.062260603003034536,72.78689227730501,0.0,0.0,50.6,50.6,0.0,0.0,0.0,450.0,3993.8,0.0,0.0,64.452,1.14,65.592,36.975,2.366,63.226,emon,0.954,0.646,37.4,22.8,1.638
2026-09-29 22:58:15.052,3.9,0,38,2;30;5;5;0;2;0;0;0;2;0;0;38;2;8;3;3;0;2;0;2;2;0;0;2;2;5;0,1297,4476,4476;3764;3555;3378;1936;1776;1838;1819;1314;1812;1879;1677;4353;4405;3566;3380;1297;1828;1311;1300;1635;2067;1772;1487;2014;2098;2181;1988,0.0,0.0,3993.8,2,9,843,12227,30,10.2,2565,14001,1,16,0,0,0,0,0.0,0,0,0,0,0,0.0,0.0,0.0,0,0,0,35.1,0.0,0.0,0.32,0.0,22.0,95.4,59.280067443847656,0.0,0.0,0.0,0.29183119535446167,2299.0,0.06655310338828713,0.3811922147870064,50.02127805352211,0.0,0.0,1.1,0.0,0.0,0.0,1.0,450.0,3993.8,0.0,0.0,64.452,1.14,65.592,36.975,2.366,63.226,emon,0.954,0.646,37.4,22.8,1.638
2026-09-29 22:58:16.053,3.9,0,32,8;32;3;5;2;0;0;0;2;0;2;0;30;2;5;3;0;0;0;0;0;0;0;3;5;2;0;6,1227,4444,4444;3680;3823;3543;2068;2333;2247;2445;2370;1227;1478;1504;4369;4272;3865;3257;1556;2080;1705;1829;1999;1921;2138;1979;2424;1953;2043;2380,0.0,0.0,3993.8,2,18,843,12227,30,10.2,2565,14001,1,16,0,0,0,0,0.0,0,0,0,0,0,0.0,0.0,0.0,0,0,0,35.1,0.0,0.0,0.32,0.0,22.0,95.4,59.280067443847656,0.0,0.0,0.0,0.29183119535446167,2299.0,0.06655310338828713,0.3811922147870064,50.02127805352211,0.0,0.0,3.0,0.0,0.0,0.0,3.7,450.0,3993.8,0.0,0.0,64.452,1.14,65.592,36.975,2.366,63.226,emon,0.954,0.646,37.4,22.8,1.638
2026-09-29 22:58:17.053,3.8,0,39,2;23;11;8;3;0;3;0;0;0;0;0;39;3;6;2;0;0;2;0;0;0;0;0;2;0;2;3,1532,4471,4353;3534;3971;3585;2177;1532;2251;1678;1913;1809;2110;2247;4471;4368;3635;3186;2603;2122;2241;1699;2007;2102;2217;2346;2013;2021;2007;2190,0.0,0.0,3993.8,2,19,843,12227,30,10.2,2565,14001,1,16,0,0,0,0,0.0,0,0,0,0,0,0.0,0.0,0.0,0,0,0,34.1,0.0,0.0,0.32,0.0,22.0,95.4,59.280067443847656,0.0,0.0,0.0,0.29183119535446167,2299.0,0.06655310338828713,0.3811922147870064,50.02127805352211,0.0,0.0,3.0,0.0,0.0,0.0,3.7,450.0,3993.8,0.0,0.0,64.452,1.14,65.592,36.975,2.366,63.226,emon,0.954,0.646,37.4,22.8,1.638
2026-09-29 22:58:18.054,4.6,0,36,5;31;3;8;2;2;0;0;0;0;2;3;36;0;6;10;0;3;0;0;2;2;0;3;2;5;3;3,1319,4530,4530;3710;3398;3959;2277;2142;1354;1319;1872;2542;2411;2380;4391;4305;3825;3120;1697;1613;1883;2338;2062;1912;1863;1647;2255;2489;2278;2531,0.0,0.0,3993.8,2,12,843,12227,30,10.2,2565,14001,1,16,0,0,0,0,0.0,0,0,0,0,0,0.0,0.0,0.0,0,0,0,34.1,0.0,0.0,0.32,0.0,22.0,95.4,59.280067443847656,0.0,0.0,0.0,0.29183119535446167,2299.0,0.06655310338828713,0.3811922147870064,50.02127805352211,0.0,0.0,3.0,0.0,0.0,0.0,3.7,450.0,3993.8,0.0,0.0,64.452,1.14,65.592,36.975,2.366,63.226,emon,0.954,0.646,37.4,22.8,1.638
2026-09-29 22:58:19.054,9.3,0,98,24;36;8;13;0;2;3;0;6;5;3;0;98;4;20;17;2;2;0;0;2;2;3;5;3;0;2;2,1799,4792,4489;3695;4155;4219;3101;2791;2309;2516;2954;2557;3069;3061;4778;4792;4504;4402;2710;2554;1970;2846;1799;1872;2307;2237;2463;2216;2326;2322,19.4,0.0,5048.8,2,8,843,12227,30,10.2,2565,14001,1,16,0,0,0,0,0.0,0,0,0,0,0,0.0,0.0,0.0,0,0,0,40.1,0.0,0.0,0.32,0.0,23.4,95.4,89.09510408507452,32.255191438727906,38.449804835849335,55.53046675854259,10.452344661371576,2265.6666666666665,13.688851997033149,2.072230763060765,88.88903975247457,0.0,0.0,54.3,51.3,0.0,0.0,1.7,450.0,5407.5,0.0,0.0,64.452,1.14,65.592,36.975,2.366,63.226,emon,0.954,0.646,37.4,22.8,1.638
2026-09-29 22:58:20.055,8.8,0,100,6;33;11;5;0;3;4;0;2;0;2;0;100;14;17;11;3;0;0;3;5;3;0;3;6;5;6;5,1422,4800,4454;3244;4126;3873;2796;2145;2261;2558;2163;2437;2561;2019;4799;4800;4025;3998;2306;2330;1422;1729;2458;2458;1973;2752;2354;2356;2453;2568,0.0,0.0,5403.2,2,18,843,12227,30,10.2,2565,14001,1,16,0,0,0,0,0.0,0,0,0,0,0,0.0,0.0,0.0,0,0,0,38.1,0.0,0.0,0.32,0.0,23.4,95.4,100.0000015258789,44.20838623046875,55.768449783325195,79.41233673095704,11.493240070343017,2399.0,26.909489822387695,2.7710466176271438,100.0000015258789,0.0,0.0,100.0,100.0,0.0,0.0,0.0,450.0,5403.2,0.0,0.0,64.452,1.14,65.592,36.975,2.366,63.226,emon,0.954,0.646,37.4,22.8,1.638
2026-09-29 22:58:21.055,7.6,0,100,12;30;5;10;3;2;0;0;0;2;0;3;100;17;6;12;2;2;0;2;0;0;2;3;2;2;0;0,1392,4799,4598;3255;3490;3924;2546;2437;2033;1952;1892;2178;1392;2974;4799;4797;3793;4014;2105;3183;2864;2001;1991;1862;2436;2380;2028;2007;2074;1999,0.0,0.0,5403.2,3,9,842,12227,30,10.2,2565,14001,1,16,0,0,0,0,0.0,0,0,0,0,0,0.0,0.0,0.0,0,0,0,38.1,0.0,0.0,0.33,0.0,23.4,95.4,100.00000423855252,44.62820349799262,55.341269175211586,79.61409420437283,12.313537650638157,2399.0,24.83578003777398,2.522536519500944,100.00000423855252,0.0,0.0,100.0,100.0,0.0,0.0,0.0,450.0,5403.2,0.0,0.0,64.452,1.14,65.592,36.975,2.366,63.226,emon,0.954,0.646,37.4,22.8,1.638
2026-09-29 22:58:22.056,7.8,0,98,12;33;6;9;2;1;5;0;2;3;0;2;98;8;11;11;0;0;0;3;0;0;2;3;3;3;0;2,1511,4793,4415;3115;3909;3714;2207;2241;2427;1925;1865;2452;1804;2203;4793;4785;4279;4000;2469;1917;1511;2020;2120;1748;1870;2240;2366;2488;2457;2536,0.0,0.0,5403.2,3,11,842,12227,30,10.2,2565,14001,1,16,0,0,0,0,0.0,0,0,0,0,0,0.0,0.0,0.0,0,0,0,38.1,0.0,0.0,0.33,0.0,23.4,95.4,100.0000015258789,45.1913948059082,54.78423843383789,79.36038360595703,11.959592056274413,2399.0,27.572915077209473,3.1770150482654573,100.0000015258789,0.0,0.0,100.0,100.0,0.0,0.0,0.0,450.0,5403.2,0.0,0.0,64.452,1.14,65.592,36.975,2.366,63.226,emon,0.954,0.646,37.4,22.8,1.638
2026-09-29 22:58:23.056,7.7,0,100,14;30;4;8;6;0;2;5;3;0;0;0;100;6;18;9;0;1;0;0;0;2;2;0;2;3;0;2,1279,4797,4517;3283;3822;3947;2500;2204;2073;2762;2697;1899;1279;2561;4797;4791;3915;4230;2822;2291;1985;2057;2302;1829;2192;1698;2171;2025;1853;2013,0.0,0.0,5403.2,3,14,844,12227,30,10.2,2565,14001,1,16,0,0,0,0,0.0,0,0,0,0,0,0.0,0.0,0.0,0,0,0,38.1,0.0,0.0,0.33,0.0,23.4,95.4,100.0,44.375762176513675,55.578244018554685,79.19848937988282,11.759153509140015,2399.0,27.240337085723876,3.0805988192558287,100.0,0.0,0.0,100.0,100.0,0.0,0.0,0.0,450.0,5403.2,0.0,0.0,64.452,1.14,65.592,36.975,2.366,63.226,emon,0.954,0.646,37.4,22.8,1.638
2026-09-29 22:58:24.057,7.2,0,98,14;34;8;8;3;0;0;9;0;0;0;0;98;8;5;8;0;0;2;2;2;2;0;0;2;0;0;0,1599,4796,4568;3232;3823;3842;2004;1988;1687;2295;2477;2929;2855;2916;4795;4796;3890;3827;2252;2506;2396;2671;2476;1673;1599;2113;2444;2292;2235;2266,0.0,0.0,5403.2,3,9,843,12227,30,10.2,2565,14001,1,16,0,0,0,0,0.0,0,0,0,0,0,0.0,0.0,0.0,0,0,0,38.1,0.0,0.0,0.33,0.0,23.4,95.4,100.0000015258789,45.850796127319335,54.125437545776364,79.46165390014649,13.031956148147582,2399.0,24.188366508483888,2.4428297340869904,100.0000015258789,0.0,0.0,100.0,100.0,0.0,0.0,0.0,450.0,5403.2,0.0,0.0,28.303,3.899,32.202,26.458,1.693,30.509,emon,0.905,0.796,40.7,18.9,2.153
2026-09-29 22:58:25.057,7.9,0,100,3;33;8;13;2;3;0;2;2;2;0;0;100;9;18;6;2;0;0;3;2;2;2;3;2;3;3;2,1350,4799,4286;3204;3773;3836;2524;2316;2610;1909;2565;1375;1599;1350;4799;4799;4366;3753;1961;2516;1440;1412;2545;2349;2523;2295;2109;1960;2124;2034,0.0,0.0,5403.2,4,11,843,12227,30,10.2,2565,14001,1,16,0,0,0,0,0.0,0,0,0,0,0,0.0,0.0,0.0,0,0,0,38.1,0.0,0.0,0.33,0.0,23.4,95.4,100.00000254313152,45.08772998385959,54.88443459404839,79.42783525254991,12.421155134836832,2399.0,27.331112331814236,2.9280729393164315,100.00000254313152,0.0,0.0,100.0,100.0,0.0,0.0,0.0,450.0,5403.2,0.0,0.0,28.303,3.899,32.202,26.458,1.693,30.509,emon,0.905,0.796,40.7,18.9,2.153
2026-09-29 22:58:26.058,9.4,0,100,12;38;11;9;6;3;8;3;6;2;2;3;100;15;14;9;3;0;0;0;4;0;2;6;2;0;2;2,1775,4799,4460;3276;3496;3900;2868;2051;2522;2461;2481;1775;2461;2539;4797;4799;4112;3884;2212;2429;1998;2379;2327;2093;2458;2323;2437;2419;2318;2139,0.0,0.0,5403.2,4,10,842,12227,30,10.2,2565,14001,1,16,0,0,0,0,0.0,0,0,0,0,0,0.0,0.0,0.0,0,0,0,38.1,0.0,0.0,0.33,0.0,23.4,95.4,99.99999923706055,43.64711380004883,56.28804321289063,79.54538192749024,12.280583477020263,2399.0,26.740101909637453,2.8892700344324114,99.99999923706055,0.0,0.0,100.0,100.0,0.0,0.0,0.0,450.0,5403.2,0.0,0.0,28.303,3.899,32.202,26.458,1.693,30.509,emon,0.905,0.796,40.7,18.9,2.153
2026-09-29 22:58:27.058,7.6,0,98,9;26;5;9;0;3;0;0;1;2;0;0;98;8;9;16;0;3;3;0;2;7;0;2;2;3;3;2,1295,4798,4419;3203;4120;3985;2182;2356;1504;2224;2288;2608;2615;2136;4798;4797;4052;4035;1295;2708;1530;1894;1934;2414;1463;2046;1984;2136;2208;2086,0.0,0.0,5403.2,4,15,843,12227,30,10.2,2565,14001,1,16,0,0,0,0,0.0,0,0,0,0,0,0.0,0.0,0.0,0,0,0,38.1,0.0,0.0,0.33,0.0,23.4,95.4,100.00000305175782,45.37017478942871,54.59331359863281,79.40815887451171,12.79871687889099,2399.0,24.57518606185913,2.736442518234253,100.00000305175782,0.0,0.0,100.0,100.0,0.0,0.0,0.0,450.0,5403.2,0.0,0.0,28.303,3.899,32.202,26.458,1.693,30.509,emon,0.905,0.796,40.7,18.9,2.153
2026-09-29 22:58:28.058,8.1,0,100,12;32;6;8;0;5;2;3;3;5;0;0;100;8;13;5;2;3;3;5;3;0;0;2;3;3;0;2,1511,4797,4522;3281;4107;3932;1665;2181;2694;1944;2392;2807;1896;2375;4797;4796;3942;4033;2838;2365;2456;1885;2176;1550;1511;1932;2361;2393;2087;2213,0.0,0.0,5403.2,4,12,843,12227,30,10.2,2565,14001,1,16,0,0,0,0,0.0,0,0,0,0,0,0.0,0.0,0.0,0,0,0,38.1,0.0,0.0,0.33,0.0,23.4,95.4,100.00000381469727,44.964224624633786,54.997370910644534,79.28977890014649,12.268407440185547,2399.0,26.482408046722412,3.0781510353088377,99.9999984741211,0.0,0.0,100.0,100.0,0.0,0.0,0.0,450.0,5403.2,0.0,0.0,28.303,3.899,32.202,26.458,1.693,30.509,emon,0.905,0.796,40.7,18.9,2.153
2026-09-29 22:58:29.059,8.6,0,100,16;26;11;6;5;6;5;6;0;2;0;0;100;11;8;11;2;2;2;3;5;3;2;2;2;5;2;2,1855,4799,4603;3356;4164;3934;3112;3314;3485;3613;2148;1921;1855;2754;4798;4799;4075;4064;2422;2039;2510;2437;2426;2973;3188;2602;2149;2091;2064;2265,0.0,0.0,5402.3,5,10,843,12227,30,10.2,2565,14001,1,16,0,0,0,0,0.0,0,0,0,0,0,0.0,0.0,0.0,0,0,0,39.1,0.0,0.0,0.33,0.0,23.4,95.4,100.00000457763672,44.57416114807129,55.37225570678711,79.3569236755371,11.936914110183716,2399.0,27.909601402282714,2.9248210370540617,99.99999923706055,0.0,0.0,100.0,100.0,0.0,0.0,0.0,450.0,5402.3,0.0,0.0,28.303,3.899,32.202,26.458,1.693,30.509,emon,0.905,0.796,40.7,18.9,2.153
2026-09-29 22:58:30.059,7.3,0,100,11;34;3;14;3;2;0;0;3;1;0;2;100;3;8;11;2;0;0;0;0;0;0;2;0;3;3;2,1354,4796,4456;3222;3982;4105;2048;2564;1928;2586;2222;2028;1871;2454;4796;4793;4311;3869;1826;1546;1354;2295;2788;1948;1715;2331;2373;2158;2056;2224,0.0,0.0,5402.3,5,11,843,12227,30,10.2,2565,14001,1,16,0,0,0,0,0.0,0,0,0,0,0,0.0,0.0,0.0,0,0,0,38.1,0.0,0.0,0.33,0.0,23.4,95.4,100.00000076293945,43.705244827270505,56.25066146850586,79.62344055175781,13.07328667640686,2399.0,22.23500528335571,2.2813838005065916,100.0,0.0,0.0,100.0,100.0,0.0,0.0,0.0,450.0,5402.3,0.0,0.0,28.303,3.899,32.202,26.458,1.693,30.509,emon,0.905,0.796,40.7,18.9,2.153
2026-09-29 22:58:31.060,7.4,0,100,6;30;3;6;8;4;3;2;2;0;0;2;100;11;11;6;0;3;0;0;2;2;0;2;2;0;5;2,1273,4799,4462;3222;3534;3710;2268;1606;1779;1832;2395;2455;1494;2300;4798;4799;4202;4087;1815;2293;1273;1970;2452;1968;1666;2408;2087;2032;2205;1905,0.0,0.0,5402.3,4,10,843,12227,30,10.2,2565,14001,1,16,0,0,0,0,0.0,0,0,0,0,0,0.0,0.0,0.0,0,0,0,38.1,0.0,0.0,0.33,0.0,23.4,95.4,100.0,43.373185348510745,56.56242980957031,79.42379989624024,13.048614072799683,2399.0,24.350366020202635,2.7709125697612764,99.99999923706055,0.0,0.0,100.0,100.0,0.0,0.0,0.0,450.0,5402.3,0.0,0.0,28.303,3.899,32.202,26.458,1.693,30.509,emon,0.905,0.796,40.7,18.9,2.153
2026-09-29 22:58:32.060,7.5,0,100,9;30;8;11;5;0;2;0;0;0;2;2;100;9;15;6;2;0;3;0;0;0;0;2;2;3;0;2,1507,4799,4580;3348;3841;3976;1953;2375;2339;2026;1741;2454;2866;2657;4796;4799;4181;3805;2327;1507;2956;2042;1940;2122;1964;2563;2295;2326;2337;2270,0.0,0.0,5402.3,5,11,844,12227,30,10.2,2565,14001,1,16,0,0,0,0,0.0,0,0,0,0,0,0.0,0.0,0.0,0,0,0,38.1,0.0,0.0,0.33,0.0,23.4,95.4,100.00000254313152,43.60503260294596,56.32628716362847,79.58882395426433,12.325669076707628,2399.0,25.17582342359755,2.6628240081999035,100.000001695421,0.0,0.0,100.0,100.0,0.0,0.0,0.0,450.0,5402.3,0.0,0.0,28.303,3.899,32.202,26.458,1.693,30.509,emon,0.905,0.796,40.7,18.9,2.153
2026-09-29 22:58:33.061,8.4,0,100,6;35;8;8;3;0;2;9;2;0;2;2;100;16;10;9;3;0;2;6;2;2;0;0;3;3;3;3,1405,4799,4352;3250;4232;3972;2108;2043;1977;2469;2489;2000;2316;1941;4798;4799;3970;3924;2286;2092;1763;2560;2249;2342;1405;1436;2083;2079;2151;2129,0.0,0.0,5402.3,4,19,844,12227,30,10.2,2565,14001,1,16,0,0,0,0,0.0,0,0,0,0,0,0.0,0.0,0.0,0,0,0,38.1,0.0,0.0,0.33,0.0,23.4,95.4,92.078293800354,40.273742039998375,49.326526959737144,71.24297110239665,15.803783655166626,2399.0,26.451780869994156,2.0422033802994215,91.67110920014481,0.0,0.0,100.0,100.0,0.0,0.0,0.0,450.0,5402.3,0.0,0.0,28.303,3.899,32.202,26.458,1.693,30.509,emon,0.905,0.796,40.7,18.9,2.153
2026-09-29 22:58:34.061,7.6,0,100,5;20;6;11;3;5;0;3;0;2;3;6;100;9;8;11;1;2;0;0;0;2;2;2;5;2;5;2,1348,4797,4384;3239;3988;4018;2611;1864;1348;2367;2521;2781;2025;2598;4791;4797;3958;4196;2191;2528;1500;2454;1584;2119;2396;2081;2413;2343;2496;2283,100.0,0.0,5404.0,5,12,843,12227,30,10.2,2565,14001,1,16,0,0,0,0,0.0,0,0,0,0,0,0.0,0.0,0.0,0,0,0,39.1,0.0,0.0,0.33,0.0,23.4,95.4,79.11262817382813,40.7507719039917,32.63894958496094,58.110342025756836,25.823270416259767,2399.0,40.76806465672562,0.13864728644257412,75.05582470558583,0.0,0.0,99.6,99.6,0.0,0.0,0.0,450.0,5404.0,0.0,0.0,28.303,3.899,32.202,26.458,1.693,30.509,emon,0.905,0.796,40.7,18.9,2.153
2026-09-29 22:58:35.062,7.9,0,94,9;33;10;6;0;0;3;2;9;3;2;5;94;8;6;15;0;2;0;0;2;0;0;3;3;3;2;2,1658,4781,4443;3209;4112;4061;2794;2831;3360;2762;3056;2440;2344;2698;4781;4780;3816;3972;1716;2510;3093;1920;2596;1921;1658;2698;2234;2284;2109;2149,100.0,0.0,5404.0,5,11,842,12227,30,10.2,2565,14001,1,16,0,0,0,0,0.0,0,0,0,0,0,0.0,0.0,0.0,0,0,0,38.1,0.0,0.0,0.33,0.0,23.4,95.4,76.61380920410156,40.9119571685791,32.4508918762207,58.0796760559082,25.525183963775635,2399.0,40.45959334023355,0.14227501785499044,75.0205818803981,0.0,0.0,99.4,99.4,0.0,0.0,0.0,450.0,5404.0,0.0,0.0,27.182,3.486,30.668,26.322,1.685,28.983,emon,0.901,0.744,41.5,18.6,2.227
2026-09-29 22:58:36.062,9.5,0,95,11;26;18;19;3;2;3;5;3;2;2;4;95;14;9;14;2;2;2;2;2;2;3;0;9;6;5;5,1569,4776,4469;3222;4374;4212;2267;2636;2305;2377;2842;2773;2416;2420;4776;4770;3727;3864;1931;1884;1791;1569;2353;2195;2130;2366;2363;2242;2187;2375,100.0,0.0,5404.0,5,11,843,12227,30,10.2,2565,14001,1,16,0,0,0,0,0.0,0,0,0,0,0,0.0,0.0,0.0,0,0,0,39.1,0.0,0.0,0.33,0.0,23.4,95.4,77.12473132610322,40.53740978240967,32.027079010009764,57.4434907913208,25.038051795959472,2399.0,40.44013632906717,0.13862338316394016,75.0257665719837,0.0,0.0,99.3,99.2,0.0,0.0,0.0,450.0,5404.0,0.0,0.0,27.182,3.486,30.668,26.322,1.685,28.983,emon,0.901,0.744,41.5,18.6,2.227
2026-09-29 22:58:37.062,7.6,0,98,11;34;6;6;5;2;0;0;0;0;3;2;98;6;16;17;0;0;0;0;0;2;0;2;0;2;2;0,1630,4793,4565;3261;3925;3688;2876;1774;2005;2102;2075;2548;2589;2160;4793;4792;4146;4055;2234;1939;1740;1630;2115;2309;1779;1912;2081;2190;2364;2223,86.4,0.0,5404.0,3,9,844,12227,30,10.2,2565,14001,1,16,0,0,0,0,0.0,0,0,0,0,0,0.0,0.0,0.0,0,0,0,39.1,0.0,0.0,0.33,0.0,23.4,95.4,81.22722617785136,42.549282497829864,33.49118190341525,60.21168560451932,26.3185969458686,2399.0,42.42527583217533,0.14450362935248348,77.8246062439349,0.0,0.0,99.7,99.7,0.0,0.0,0.0,450.0,5404.0,0.0,0.0,27.182,3.486,30.668,26.322,1.685,28.983,emon,0.901,0.744,41.5,18.6,2.227
2026-09-29 22:58:38.063,8.5,0,100,17;25;15;19;2;2;0;2;2;0;5;2;100;16;8;8;2;0;0;3;2;0;0;2;5;2;3;0,1489,4799,4501;3244;3877;4343;2042;2115;2189;1813;2962;2098;2703;1649;4797;4799;4019;3546;1698;2671;1542;1828;1873;1489;2026;2217;2172;2214;2101;2254,100.0,0.0,5404.0,4,13,843,12227,30,9.5,2565,14001,1,16,0,0,0,0,0.0,0,0,0,0,0,0.0,0.0,0.0,0,0,0,39.1,0.0,0.0,0.33,0.0,23.4,95.4,79.77705264091492,42.12974294026693,33.604523340861,59.9750124613444,26.587113910251194,2399.0,42.308028939154205,0.1408223366468317,77.80315185628004,0.0,0.0,99.6,99.5,0.0,0.0,0.0,450.0,5404.0,0.0,0.0,27.182,3.486,30.668,26.322,1.685,28.983,emon,0.901,0.744,41.5,18.6,2.227
2026-09-29 22:58:39.064,8.4,0,100,9;35;16;9;0;0;0;0;2;0;0;8;100;14;16;9;0;0;2;0;3;0;2;2;5;0;3;3,1494,4799,4474;3165;4194;3918;2290;1545;1805;1657;2570;2652;1709;2364;4795;4799;4071;3840;2245;1812;1928;1884;1494;1695;1975;2553;2353;2199;2380;2029,75.8,0.0,5404.0,4,11,843,12227,30,9.8,2565,14001,1,16,0,0,0,0,0.0,0,0,0,0,0,0.0,0.0,0.0,0,0,0,39.1,0.0,0.0,0.33,0.0,23.4,95.4,79.69684991836547,40.33910732269287,31.73847179412842,57.055297470092775,24.853150844573975,2399.0,40.28868830666179,0.13823795153293758,75.06163373924792,0.0,0.0,99.7,99.7,0.0,0.0,0.0,450.0,5404.0,0.0,0.0,27.182,3.486,30.668,26.322,1.685,28.983,emon,0.901,0.744,41.5,18.6,2.227
2026-09-29 22:58:40.075,7.6,0,98,12;19;18;8;6;2;2;0;3;6;2;2;98;6;3;14;2;2;3;0;2;0;0;0;2;0;2;2,1527,4798,4475;3177;4003;3735;1988;2248;2361;2325;3090;2855;2682;2520;4795;4798;3718;4241;1828;2764;1916;1979;1905;2207;2434;1527;2452;2303;2285;2261,60.4,0.0,5404.0,2,14,843,12227,30,9.8,2565,14001,1,16,0,0,0,0,0.0,0,0,0,0,0,0.0,0.0,0.0,0,0,0,39.1,0.0,0.0,0.33,0.0,23.4,95.4,75.54114322228865,39.12165069580078,31.495738983154297,55.92751138860529,25.04683321172541,2399.0,39.52732788681963,0.1306448982372372,72.76618898287416,0.0,0.0,99.5,99.5,0.0,0.0,0.0,450.0,5404.0,0.0,0.0,27.182,3.486,30.668,26.322,1.685,28.983,emon,0.901,0.744,41.5,18.6,2.227
2026-09-29 22:58:41.076,8.1,0,100,15;33;8;8;2;2;0;0;0;2;1;3;100;6;9;11;2;2;2;2;2;0;0;0;6;5;5;5,1365,4799,4483;3381;4007;4150;2302;2239;1627;2080;2405;2583;2736;2710;4791;4799;4109;4166;1516;1809;2403;2106;1365;2196;1399;1894;2396;2295;2218;2086,100.0,0.0,5404.0,2,11,842,12227,30,9.8,2565,14001,1,16,0,0,0,0,0.0,0,0,0,0,0,0.0,0.0,0.0,0,0,0,39.1,0.0,0.0,0.33,0.0,23.4,95.4,74.7117971777916,38.90692631403605,30.324363072713215,54.79196230570475,23.467614730199177,2399.0,38.25582755539411,0.13713162023729333,70.8865377108256,0.0,0.0,99.4,99.3,0.0,0.0,0.0,450.0,5404.0,0.0,0.0,27.182,3.486,30.668,26.322,1.685,28.983,emon,0.901,0.744,41.5,18.6,2.227
2026-09-29 22:58:42.076,8.0,0,97,11;32;6;14;0;0;0;5;0;2;0;0;97;12;16;11;0;2;3;0;2;0;0;2;3;2;2;3,1216,4794,4512;3214;3904;4122;1870;1787;2152;2452;2351;2432;1979;2726;4792;4794;4213;4032;1711;2069;2535;2216;2042;1216;1463;1891;2341;2543;2246;2419,100.0,0.0,5404.0,2,18,843,12227,30,9.8,2565,14001,1,16,0,0,0,0,0.0,0,0,0,0,0,0.0,0.0,0.0,0,0,0,39.1,0.0,0.0,0.33,0.0,23.4,95.4,82.93805345892906,44.69687581062317,34.92190456390381,63.02440786361694,27.410794496536255,2399.0,44.43491283255571,0.15021506178891286,81.27221206156537,0.0,0.0,99.7,99.7,0.0,0.0,0.0,450.0,5404.0,0.0,0.0,27.182,3.486,30.668,26.322,1.685,28.983,emon,0.901,0.744,41.5,18.6,2.227
2026-09-29 22:58:43.077,7.7,0,100,12;29;16;6;0;3;0;5;2;3;0;2;100;8;5;11;0;2;0;0;0;0;0;3;3;3;3;2,1522,4789,4571;3326;4352;3922;1972;2366;2241;2713;1522;2378;1619;2344;4789;4783;3715;4067;1790;2459;1974;1673;2261;1856;2490;2613;2133;2109;2026;2035,100.0,0.0,5404.0,3,22,844,12227,30,9.8,2565,14001,1,16,0,0,0,0,0.0,0,0,0,0,0,0.0,0.0,0.0,0,0,0,40.1,0.0,0.0,0.33,0.0,22.9,95.4,75.86035570231351,39.31409905173562,31.202197334983133,55.81713676452637,24.47389134493741,2399.0,39.493202291540165,0.13174612954555248,72.76516795869578,0.0,0.0,99.5,99.4,0.0,0.0,0.0,450.0,5404.0,0.0,0.0,27.182,3.486,30.668,26.322,1.685,28.983,emon,0.901,0.744,41.5,18.6,2.227
2026-09-29 22:58:44.078,7.9,0,100,21;30;16;8;3;0;2;0;0;0;2;2;100;12;8;11;0;0;0;0;0;0;0;3;2;2;2;0,1619,4794,4598;3206;4197;3950;2558;2197;1887;2061;2562;1785;2093;2367;4792;4794;3991;4081;2100;1739;1619;2438;1701;2050;2639;2452;2234;2339;2306;2383,100.0,0.0,4359.2,2,10,842,12227,30,9.8,2565,14001,1,16,0,0,0,0,0.0,0,0,0,0,0,0.0,0.0,0.0,0,0,0,40.1,0.0,0.0,0.33,0.0,22.6,95.4,79.18996572494507,41.0604434967041,32.42322483062744,58.10677833557129,25.193866348266603,2399.0,40.81973146680393,0.1404123950866051,75.06071015745401,0.0,0.0,99.6,99.6,0.0,0.0,0.0,450.0,4359.2,0.0,0.0,27.182,3.486,30.668,26.322,1.685,28.983,emon,0.901,0.744,41.5,18.6,2.227
2026-09-29 22:58:45.078,7.8,0,100,3;28;5;12;2;3;0;5;1;0;5;0;100;11;11;9;2;0;0;3;2;3;0;2;5;2;3;3,1602,4798,4298;3285;3817;3946;2522;2464;2386;2239;2310;2718;2778;1602;4792;4798;4173;4260;2590;2682;2124;2360;2018;3138;2617;1836;2236;2173;2143;2218,100.0,0.0,4359.2,2,13,843,12227,30,9.8,2565,14001,1,16,0,0,0,0,0.0,0,0,0,0,0,0.0,0.0,0.0,0,0,0,39.1,0.0,0.0,0.33,0.0,22.6,95.4,80.18079747094049,42.61390240987142,33.45379236009386,60.14224073621962,26.233544031778973,2399.0,42.17031781037804,0.1444901671105375,77.80992213967774,0.0,0.0,99.6,99.6,0.0,0.0,0.0,450.0,4359.2,0.0,0.0,56.684,1.158,57.842,33.208,2.125,55.717,emon,0.955,0.673,36.2,22.1,1.638
2026-09-29 22:58:46.078,7.2,0,100,14;25;6;11;0;2;0;2;0;2;0;2;100;6;11;3;0;0;0;6;0;0;0;2;5;2;3;2,1541,4798,4537;3175;3931;4009;1910;1679;1689;2169;1753;1900;2586;2897;4793;4798;4125;4122;1646;2129;2158;2841;1656;1541;1786;1885;2349;2377;2523;2267,100.0,0.0,4359.2,2,12,843,12227,30,9.8,2565,14001,1,16,0,0,0,0,0.0,0,0,0,0,0,0.0,0.0,0.0,0,0,0,39.1,0.0,0.0,0.33,0.0,22.6,95.4,77.97759788036346,40.52007217407227,32.31225032806397,57.622549057006836,25.460809326171876,2399.0,40.955921286629746,0.13529594449792057,75.04139732941985,0.0,0.0,99.6,99.5,0.0,0.0,0.0,450.0,4359.2,0.0,0.0,56.684,1.158,57.842,33.208,2.125,55.717,emon,0.955,0.673,36.2,22.1,1.638
2026-09-29 22:58:47.079,7.7,0,100,25;23;11;11;0;2;0;2;2;0;0;0;100;2;11;11;2;2;2;0;0;0;2;0;2;2;3;5,1283,4791,4670;3300;3860;3876;2651;2223;2184;2079;2400;2451;1339;1400;4791;4784;3914;4003;2150;2778;2590;2169;1283;1426;2276;1910;2434;2231;2274;2322,100.0,0.0,4359.2,2,11,843,12227,30,9.7,2565,14001,1,16,0,0,0,0,0.0,0,0,0,0,0,0.0,0.0,0.0,0,0,0,40.1,0.0,0.0,0.33,0.0,22.4,95.4,82.19571232795715,42.72606319851346,33.49278661939833,60.27160178290473,26.164420233832466,2399.0,42.24995857491417,0.14545945541208816,77.83111739117238,0.0,0.0,99.7,99.7,0.0,0.0,0.0,450.0,4359.2,0.0,0.0,56.684,1.158,57.842,33.208,2.125,55.717,emon,0.955,0.673,36.2,22.1,1.638
2026-09-29 22:58:48.079,7.3,0,97,11;29;5;14;5;0;0;3;3;0;2;0;97;8;9;9;0;3;0;0;0;3;0;0;2;2;2;0,1295,4791,4486;3271;4020;4378;2163;2048;2132;1857;2385;2190;1554;2299;4791;4780;3991;4209;2080;1295;1860;2173;2060;2466;2252;2127;2180;2377;2255;1899,100.0,0.0,4359.2,2,8,843,12227,30,9.9,2565,14001,1,16,0,0,0,0,0.0,0,0,0,0,0,0.0,0.0,0.0,0,0,0,40.1,0.0,0.0,0.33,0.0,22.4,95.4,78.99654800891877,39.09434666633606,30.947997283935546,55.37102537155151,24.063378143310548,2399.0,39.13673442511936,0.1322234262828715,75.05159662608057,0.0,0.0,99.6,99.6,0.0,0.0,0.0,450.0,4359.2,0.0,0.0,56.684,1.158,57.842,33.208,2.125,55.717,emon,0.955,0.673,36.2,22.1,1.638
2026-09-29 22:58:49.079,7.5,0,100,14;23;12;3;0;2;3;0;3;0;0;8;100;12;9;14;0;2;0;2;2;0;0;0;0;0;2;0,1265,4793,4577;3361;3913;3859;2091;2186;2445;2174;2259;1960;2343;3277;4793;4784;3931;4162;1265;2482;1416;2647;2285;1495;2211;2338;2091;2146;2213;1889,100.0,0.0,4359.2,5,11,843,12227,30,9.9,2565,14001,1,16,0,0,0,0,0.0,0,0,0,0,0,0.0,0.0,0.0,0,0,0,39.1,0.0,0.0,0.33,0.0,22.4,95.4,78.68419574288761,42.240789750043085,32.83141775692211,59.35093599207261,25.381083320168887,2399.0,41.808474584640116,0.142158371355275,76.49513737835429,0.0,0.0,99.5,99.5,0.0,0.0,0.0,450.0,4359.2,0.0,0.0,56.684,1.158,57.842,33.208,2.125,55.717,emon,0.955,0.673,36.2,22.1,1.638
2026-09-29 22:58:50.080,7.4,0,98,11;26;12;10;2;3;0;0;0;3;0;2;98;6;14;8;2;0;0;0;2;0;0;2;3;2;2;2,1823,4784,4585;3422;4190;3805;2315;2273;2814;2280;2313;2570;2621;2622;4784;4780;4264;3687;2747;2689;2641;2000;2410;2267;2331;2493;2215;2110;2178;1823,100.0,0.0,4359.2,6,12,843,12227,30,9.9,2565,14001,1,16,0,0,0,0,0.0,0,0,0,0,0,0.0,0.0,0.0,0,0,0,39.1,0.0,0.0,0.33,0.0,22.4,95.4,79.07356662750244,41.07228260040283,31.968022727966307,57.735835266113284,24.745342826843263,2399.0,40.4027261627838,0.14226405582157894,75.04335880614818,0.0,0.0,99.6,99.5,0.0,0.0,0.0,450.0,4359.2,0.0,0.0,56.684,1.158,57.842,33.208,2.125,55.717,emon,0.955,0.673,36.2,22.1,1.638
2026-09-29 22:58:51.080,7.8,0,98,16;24;8;12;3;2;0;2;2;0;2;3;98;5;18;8;1;2;0;5;2;0;0;0;0;2;6;0,1404,4799,4582;3314;3792;4130;2346;1819;2077;1404;2273;2647;2272;2564;4798;4799;4181;4113;2017;2021;1435;2124;2376;2120;2287;2457;2391;2243;2306;2109,59.3,0.0,4359.2,5,16,843,12227,30,9.9,2565,14001,1,16,0,0,0,0,0.0,0,0,0,0,0,0.0,0.0,0.0,0,0,0,40.1,0.0,0.0,0.33,0.0,22.4,95.4,77.45363662242889,41.16691970825195,32.21389808654785,58.04013366699219,25.28319568634033,2399.0,40.98450712428894,0.13776074568741023,75.03435872793197,0.0,0.0,99.6,99.6,0.0,0.0,0.0,450.0,4359.2,0.0,0.0,56.684,1.158,57.842,33.208,2.125,55.717,emon,0.955,0.673,36.2,22.1,1.638
2026-09-29 22:58:52.081,6.7,0,97,9;14;8;8;6;0;2;5;0;3;0;0;97;9;5;8;0;0;0;0;2;3;5;2;2;3;0;0,1332,4787,4420;3089;3929;3777;3034;3197;2965;2758;2327;2950;2907;2162;4779;4787;3837;3932;1843;2458;1332;2246;2936;2562;3125;2579;2646;2597;2357;2190,100.0,0.0,4359.2,6,13,843,12227,30,9.9,2565,14001,1,16,0,0,0,0,0.0,0,0,0,0,0,0.0,0.0,0.0,0,0,0,39.1,0.0,0.0,0.33,0.0,22.4,95.4,81.24811723497179,41.36806403266059,33.276133643256294,59.03882874382867,26.892991807725693,2399.0,41.4183406465454,0.1381241966220033,77.81700460778342,0.0,0.0,99.4,99.4,0.0,0.0,0.0,450.0,4359.2,0.0,0.0,56.684,1.158,57.842,33.208,2.125,55.717,emon,0.955,0.673,36.2,22.1,1.638
2026-09-29 22:58:53.081,6.5,0,100,6;21;8;8;0;0;3;0;0;2;0;5;100;5;6;6;0;0;0;0;0;3;2;3;2;2;2;0,1688,4799,4475;3334;4035;4078;1853;2480;2459;2337;1962;2104;1918;2747;4796;4799;4088;3690;2979;2211;1808;1980;1690;2199;1688;2826;1919;2103;2116;2216,100.0,0.0,4359.9,5,12,843,12227,30,9.9,2565,14001,1,16,0,0,0,0,0.0,0,0,0,0,0,0.0,0.0,0.0,0,0,0,40.1,0.0,0.0,0.33,0.0,22.4,95.4,79.97555814849005,42.638672298855255,33.45155270894369,60.2461666531033,26.230792575412327,2399.0,42.51242092887534,0.1443337417052438,77.80690662976768,0.0,0.0,99.6,99.5,0.0,0.0,0.0,450.0,4359.9,0.0,0.0,56.684,1.158,57.842,33.208,2.125,55.717,emon,0.955,0.673,36.2,22.1,1.638
2026-09-29 22:58:54.082,7.6,0,95,15;26;11;15;2;0;0;5;2;2;0;0;95;5;3;12;2;2;0;3;0;0;0;2;3;5;3;2,1577,4791,4490;3284;4066;4142;2569;2346;2358;2152;2685;2216;3311;2850;4783;4791;3638;3998;2356;1577;2674;2672;1880;1637;1771;2539;2231;2352;2239;2231,92.7,0.0,4359.9,5,12,843,12227,30,9.9,2565,14001,1,16,0,0,0,0,0.0,0,0,0,0,0,0.0,0.0,0.0,0,0,0,40.1,0.0,0.0,0.33,0.0,22.4,95.4,74.1887248257796,39.069717248280845,30.011490265528362,54.6686216990153,23.29114357630412,2399.0,37.87358651859298,0.13847864465302942,70.87642710516229,0.0,0.0,99.4,99.3,0.0,0.0,0.0,450.0,4359.9,0.0,0.0,56.684,1.158,57.842,33.208,2.125,55.717,emon,0.955,0.673,36.2,22.1,1.638
2026-09-29 22:58:55.083,7.1,0,100,10;24;6;8;0;0;2;2;3;3;0;3;100;8;8;6;3;0;2;2;0;0;2;2;2;3;0;2,1812,4799,4577;3216;3927;3937;2298;1945;2838;2193;2492;2266;1879;2231;4794;4799;3945;3886;2237;1812;2683;2661;3125;1890;1829;2242;1942;2015;1962;2041,73.5,0.0,4359.9,5,16,843,12227,30,9.9,2565,14001,1,16,0,0,0,0,0.0,0,0,0,0,0,0.0,0.0,0.0,0,0,0,40.1,0.0,0.0,0.33,0.0,22.4,95.4,82.61580294370651,44.63524127006531,35.02985143661499,63.07626962661743,27.544392347335815,2399.0,44.47862165791594,0.15079004534345586,81.26686782995239,0.0,0.0,99.7,99.6,0.0,0.0,0.0,450.0,4359.9,0.0,0.0,56.684,1.158,57.842,33.208,2.125,55.717,emon,0.955,0.673,36.2,22.1,1.638
2026-09-29 22:58:56.083,8.8,0,98,11;22;14;12;4;4;6;6;2;2;2;3;98;14;8;19;0;2;2;2;2;3;0;4;0;2;2;3,1850,4786,4359;3380;4143;4148;3003;3279;3409;3033;3119;3093;3424;2989;4779;4786;4316;4216;2453;1850;2743;2194;2453;2269;2421;2332;2361;2303;2481;2122,91.8,0.0,4359.9,6,13,843,12227,30,9.9,2565,14001,1,16,0,0,0,0,0.0,0,0,0,0,0,0.0,0.0,0.0,0,0,0,40.1,0.0,0.0,0.33,0.0,22.4,95.4,79.94561515914069,42.581514570448135,33.33977402581109,60.0842153761122,26.34882132212321,2399.0,41.79437652197925,0.1479983853124496,77.80662581697106,0.0,0.0,99.6,99.6,0.0,0.0,0.0,450.0,4359.9,0.0,0.0,56.518,1.221,57.739,36.503,2.336,55.403,emon,0.954,0.683,35.7,22.3,1.601
2026-09-29 22:58:57.083,9.1,0,100,14;26;12;18;3;5;0;0;1;2;3;2;100;8;11;8;4;3;5;6;0;2;2;3;2;9;3;5,1555,4799,4544;3322;4187;4184;2608;1917;1953;2064;1665;2429;1736;1605;4795;4799;3873;3904;1795;2509;2222;2459;1805;2677;1555;2720;2160;2277;2127;2100,100.0,0.0,4359.9,3,16,844,12227,30,9.9,2565,14001,1,16,0,0,0,0,0.0,0,0,0,0,0,0.0,0.0,0.0,0,0,0,40.1,0.0,0.0,0.33,0.0,22.4,95.4,76.279278235002,39.001665115356445,30.926969181407582,55.40528072010387,24.326767227866434,2399.0,39.53516395980048,0.1312107699711553,72.77658574757251,0.0,0.0,99.7,99.6,0.0,0.0,0.0,450.0,4359.9,0.0,0.0,56.518,1.221,57.739,36.503,2.336,55.403,emon,0.954,0.683,35.7,22.3,1.601
2026-09-29 22:58:58.084,7.2,0,94,15;24;8;6;3;3;0;2;0;0;0;3;94;5;6;12;3;0;2;2;2;2;0;0;3;2;2;3,1815,4788,4553;3269;3987;3408;2359;2607;2263;2551;2156;2706;2287;2631;4781;4788;4262;4239;2991;3241;2853;1946;2729;2532;1815;2697;2232;2080;1878;2360,88.1,0.0,4359.9,5,19,843,12227,30,10.1,2565,14001,1,16,0,0,0,0,0.0,0,0,0,0,0,0.0,0.0,0.0,0,0,0,40.1,0.0,0.0,0.33,0.0,22.4,95.4,80.932772564888,37.979171943664554,29.907582092285157,53.74797401428223,23.6563777923584,2399.0,37.78670319240773,0.1611348566133529,75.06308969594538,0.0,0.0,99.7,99.6,0.0,0.0,0.0,450.0,4359.9,0.0,0.0,56.518,1.221,57.739,36.503,2.336,55.403,emon,0.954,0.683,35.7,22.3,1.601
2026-09-29 22:58:59.084,7.9,0,100,11;33;15;5;2;2;0;3;0;0;2;0;100;8;6;15;3;0;0;4;2;2;3;0;2;2;3;2,1777,4794,4448;3397;4110;3822;2395;2593;2868;2650;1777;2304;2427;2572;4794;4788;4037;3974;2750;2230;2120;2884;2375;2020;2433;2195;2172;2076;1895;1995,88.1,0.0,4359.9,3,13,843,12227,30,10.1,2565,14001,1,16,0,0,0,0,0.0,0,0,0,0,0,0.0,0.0,0.0,0,0,0,40.1,0.0,0.0,0.33,0.0,22.4,95.4,82.37407904201083,42.76060464647081,33.18809403313531,60.1104604932997,25.832610236273872,2399.0,42.26183054270223,0.1476219679073741,77.83790260222223,0.0,0.0,99.6,99.6,0.0,0.0,0.0,450.0,4359.9,0.0,0.0,56.518,1.221,57.739,36.503,2.336,55.403,emon,0.954,0.683,35.7,22.3,1.601
2026-09-29 22:59:00.085,7.9,0,100,15;25;11;3;2;0;0;3;3;3;2;2;100;14;12;2;0;2;2;2;3;0;0;0;3;3;6;5,1631,4798,4490;3377;4070;3708;2715;1631;2155;2388;1893;2369;2704;2339;4794;4798;3967;3784;2420;2537;2332;1825;3188;2250;2111;2424;2357;2329;2774;2506,87.9,0.0,4359.9,2,12,843,12227,30,10.1,2565,14001,1,16,0,0,0,0,0.0,0,0,0,0,0,0.0,0.0,0.0,0,0,0,40.1,0.0,0.0,0.33,0.0,22.4,95.4,81.3387684557173,42.72570482889811,33.29043049282498,60.16592280069987,26.13588735792372,2399.0,42.49914123919896,0.14566094198057222,77.82503861313064,0.0,0.0,99.8,99.8,0.0,0.0,0.0,450.0,4359.9,0.0,0.0,56.518,1.221,57.739,36.503,2.336,55.403,emon,0.954,0.683,35.7,22.3,1.601
2026-09-29 22:59:01.085,8.1,0,98,9;34;9;16;3;8;3;6;2;0;2;0;98;6;3;11;3;2;0;2;2;3;2;3;2;0;0;0,1553,4789,4542;3180;4176;4153;2173;2653;2802;2767;1784;1553;1805;2380;4789;4783;3823;4015;2456;2305;2065;1957;2828;2663;2385;2063;2348;2410;2208;2119,100.0,0.0,4359.9,2,9,843,12227,30,10.1,2565,14001,1,16,0,0,0,0,0.0,0,0,0,0,0,0.0,0.0,0.0,0,0,0,40.1,0.0,0.0,0.33,0.0,22.4,95.4,76.17809252305464,39.8905006755482,30.892698114568535,55.970460024746984,23.921832431446422,2399.0,38.83101176453585,0.1396819273200394,72.77302335033363,0.0,0.0,99.7,99.7,0.0,0.0,0.0,450.0,4359.9,0.0,0.0,56.518,1.221,57.739,36.503,2.336,55.403,emon,0.954,0.683,35.7,22.3,1.601
2026-09-29 22:59:02.092,7.4,0,98,6;30;6;14;2;2;0;2;3;6;0;0;98;5;8;5;3;0;0;3;0;0;2;3;2;3;3;2,1289,4796,4409;3332;3768;4164;1634;2712;1655;1930;3255;2539;2024;1604;4793;4796;4200;3779;2497;1421;1721;1860;1586;1289;1546;2273;2422;2344;2394;2089,100.0,0.0,4359.9,2,10,843,12227,30,10.1,2565,14001,1,16,0,0,0,0,0.0,0,0,0,0,0,0.0,0.0,0.0,0,0,0,40.1,0.0,0.0,0.33,0.0,22.4,95.4,83.46943492889405,43.73515294392904,34.42485860188802,61.87322285970052,27.138790639241538,2399.0,43.590941805718465,0.14868756529564658,80.04886869092782,0.0,0.0,99.6,99.6,0.0,0.0,0.0,450.0,4359.9,0.0,0.0,56.518,1.221,57.739,36.503,2.336,55.403,emon,0.954,0.683,35.7,22.3,1.601
2026-09-29 22:59:03.093,7.4,0,100,16;25;5;6;2;0;0;0;2;0;0;2;100;12;8;9;0;0;0;2;0;0;3;0;5;3;3;6,1450,4799,4569;3248;3670;3249;2572;1689;1450;2217;1919;2113;1644;1825;4795;4799;4100;4143;2697;2042;2316;1687;1569;2732;2725;2222;2267;2227;2177;2101,88.0,0.0,4359.9,2,10,843,12227,30,10.1,2565,14001,1,16,0,0,0,0,0.0,0,0,0,0,0,0.0,0.0,0.0,0,0,0,40.1,0.0,0.0,0.33,0.0,22.4,95.4,77.72689599990845,41.17553520202637,32.18733158111572,58.04897537231445,24.999911308288574,2399.0,41.00919414851815,0.13963432700838893,75.03199881613254,0.0,0.0,99.8,99.7,0.0,0.0,0.0,450.0,4359.9,0.0,0.0,56.518,1.221,57.739,36.503,2.336,55.403,emon,0.954,0.683,35.7,22.3,1.601
2026-09-29 22:59:04.093,7.7,0,95,11;32;9;10;2;3;2;0;0;2;0;2;95;19;11;6;0;0;0;2;0;0;2;3;2;0;2;3,1375,4798,4444;3148;4192;3855;2987;2386;2628;1375;1725;2654;1448;2204;4793;4798;3991;3987;1704;2623;2025;2286;1997;2909;2006;2053;2263;2337;2451;2375,100.0,0.0,4359.2,2,12,843,12227,30,10.1,2565,14001,1,16,0,0,0,0,0.0,0,0,0,0,0,0.0,0.0,0.0,0,0,0,40.1,0.0,0.0,0.33,0.0,22.4,95.4,83.76659141480923,44.533050537109375,34.901840925216675,62.794705390930176,27.19721794128418,2399.0,44.11908245829909,0.1510652446449967,81.2839462114498,0.0,0.0,99.6,99.6,0.0,0.0,0.0,450.0,4359.2,0.0,0.0,56.518,1.221,57.739,36.503,2.336,55.403,emon,0.954,0.683,35.7,22.3,1.601
2026-09-29 22:59:05.094,7.9,0,100,8;34;8;6;2;2;0;3;3;6;0;0;100;11;11;11;2;2;2;2;2;0;2;3;2;0;2;2,1367,4794,4444;3160;4080;4071;2083;2193;1981;2353;2657;2410;1367;1661;4789;4794;4199;4107;2683;2809;1937;1579;2149;2944;2374;1994;2176;2117;2166;2310,100.0,0.0,4359.2,2,16,843,12227,30,9.4,2565,14001,1,16,0,0,0,0,0.0,0,0,0,0,0,0.0,0.0,0.0,0,0,0,40.1,0.0,0.0,0.33,0.0,22.4,95.4,82.73736432393392,43.831301879882815,34.216782633463545,61.70308888753255,26.726615142822265,2399.0,43.58349200590359,0.1481057070971777,80.03826824675004,0.0,0.0,99.5,99.5,0.0,0.0,0.0,450.0,4359.2,0.0,0.0,56.518,1.221,57.739,36.503,2.336,55.403,emon,0.954,0.683,35.7,22.3,1.601
2026-09-29 22:59:06.094,7.1,0,100,11;30;5;5;0;2;2;2;0;0;0;3;100;5;9;8;0;2;2;3;3;3;0;0;2;3;0;2,1557,4797,4558;3497;3686;3831;2585;2400;2872;2611;1557;1608;1709;2316;4794;4797;3985;3805;2673;2538;1849;2440;2873;2322;1724;2166;2051;2078;2239;1994,100.0,0.0,4359.2,2,9,843,12227,30,9.4,2565,14001,1,16,0,0,0,0,0.0,0,0,0,0,0,0.0,0.0,0.0,0,0,0,40.1,0.0,0.0,0.33,0.0,22.4,95.4,83.85210192203522,44.90855073928833,34.546375036239624,62.775211811065674,26.549246788024902,2399.0,43.76139853824861,0.15534958240459673,81.28546420810744,0.0,0.0,99.6,99.6,0.0,0.0,0.0,450.0,4359.2,0.0,0.0,55.924,1.04,56.964,29.046,1.859,55.105,emon,0.959,0.701,36.1,22.2,1.629
2026-09-29 22:59:07.094,7.2,0,100,3;25;8;8;0;2;2;0;0;3;3;3;100;12;8;8;2;0;2;0;2;0;0;5;0;0;3;3,1556,4798,4170;3076;4248;3932;1556;2203;1805;1621;1924;1765;2579;1603;4798;4798;4191;4137;2077;1739;1834;2106;2150;2285;1789;2396;2312;2185;2136;2162,100.0,0.0,4359.2,2,12,843,12227,30,9.4,2565,14001,1,16,0,0,0,0,0.0,0,0,0,0,0,0.0,0.0,0.0,0,0,0,41.1,0.0,0.0,0.33,0.0,22.4,95.4,77.34234824180604,40.995357513427734,32.27096996307373,57.95144500732422,25.238958740234374,2399.0,41.09819241974619,0.13647534988122062,75.02743328101933,0.0,0.0,99.8,99.7,0.0,0.0,0.0,450.0,4359.2,0.0,0.0,55.924,1.04,56.964,29.046,1.859,55.105,emon,0.959,0.701,36.1,22.2,1.629
2026-09-29 22:59:08.095,7.0,0,95,11;30;9;5;2;0;0;2;0;0;0;0;95;9;8;6;2;0;0;0;0;0;0;5;3;8;2;2,1472,4799,4547;3356;4168;3983;3048;2508;1566;2722;1812;1764;1728;2192;4792;4799;4153;3760;2972;1625;1621;2740;2448;1472;2411;2916;2451;2439;2177;2346,100.0,0.0,4359.2,2,14,843,12227,30,9.4,2565,14001,1,16,0,0,0,0,0.0,0,0,0,0,0,0.0,0.0,0.0,0,0,0,41.1,0.0,0.0,0.33,0.0,22.4,95.4,81.90982926686605,42.80543441772461,34.543680063883464,60.998558807373044,26.691710154215496,2399.0,42.80641047793906,0.14525081420627733,80.02546461597085,0.0,0.0,99.5,99.5,0.0,0.0,0.0,450.0,4359.2,0.0,0.0,55.924,1.04,56.964,29.046,1.859,55.105,emon,0.959,0.701,36.1,22.2,1.629
2026-09-29 22:59:09.095,7.1,0,97,11;24;2;12;3;0;0;5;0;0;2;2;97;11;8;11;0;0;2;2;0;0;0;0;3;2;2;5,1312,4795,4538;3438;3871;4164;1915;1695;2290;2440;1615;1312;1586;2027;4795;4795;3964;4057;1897;2085;1848;2458;2341;2464;2422;1569;2198;2021;2109;2289,100.0,0.0,4359.2,2,9,843,12227,30,9.4,2565,14001,1,16,0,0,0,0,0.0,0,0,0,0,0,0.0,0.0,0.0,0,0,0,40.1,0.0,0.0,0.33,0.0,22.4,95.4,77.52327041192488,38.96323914961381,31.56235053322532,55.741019162264735,24.646162553267047,2399.0,39.21983367978034,0.13272180680227888,72.79347518238832,0.0,0.0,99.7,99.7,0.0,0.0,0.0,450.0,4359.2,0.0,0.0,55.924,1.04,56.964,29.046,1.859,55.105,emon,0.959,0.701,36.1,22.2,1.629
2026-09-29 22:59:10.095,8.4,0,97,17;32;8;11;2;7;1;0;2;1;1;3;97;11;6;14;2;2;2;2;3;0;0;2;3;5;3;2,1781,4792,4546;3313;3679;3988;2271;2949;2045;1852;2043;1897;2256;2040;4791;4792;3885;4192;1809;1781;2294;2616;2329;1800;2613;2330;2401;2052;2095;2085,92.0,0.0,4359.2,3,13,843,12227,30,9.4,2565,14001,1,16,0,0,0,0,0.0,0,0,0,0,0,0.0,0.0,0.0,0,0,0,40.1,0.0,0.0,0.33,0.0,22.4,95.4,82.4880133734809,42.797969818115234,33.28335613674588,60.14884991115994,25.993507597181534,2399.0,42.37959628268274,0.14616053621284664,77.84253529707591,0.0,0.0,99.7,99.7,0.0,0.0,0.0,450.0,4359.2,0.0,0.0,55.924,1.04,56.964,29.046,1.859,55.105,emon,0.959,0.701,36.1,22.2,1.629
2026-09-29 22:59:11.095,7.5,0,100,5;32;8;11;2;2;3;5;0;0;2;0;100;6;12;9;0;0;2;0;2;0;3;0;2;0;5;2,1348,4800,4371;3341;3790;4035;2987;1976;1760;3291;1348;2024;2497;1710;4799;4800;4194;4242;1981;2107;2492;2171;2141;1907;2286;1851;2194;1998;2379;2060,76.4,0.0,4359.2,3,10,843,12227,30,9.4,2565,14001,1,16,0,0,0,0,0.0,0,0,0,0,0,0.0,0.0,0.0,0,0,0,40.1,0.0,0.0,0.33,0.0,22.4,95.4,81.82766146130032,42.614907582600914,33.2009531656901,59.943094889322914,25.84063657124837,2399.0,42.23419863495251,0.1452067680398209,77.82413290109899,0.0,0.0,99.4,99.3,0.0,0.0,0.0,450.0,4359.2,0.0,0.0,55.924,1.04,56.964,29.046,1.859,55.105,emon,0.959,0.701,36.1,22.2,1.629
2026-09-29 22:59:12.096,6.7,0,100,8;27;6;9;3;3;0;0;0;0;0;0;100;8;8;6;0;2;0;0;0;3;2;0;0;0;2;0,1315,4794,4446;3273;3960;4230;2235;2570;1414;2608;1401;1315;1551;2549;4791;4794;4176;4103;2242;2947;1804;2069;2844;2024;1951;1358;2283;2273;2531;2400,88.5,0.0,4359.2,3,10,843,12227,30,9.4,2565,14001,1,16,0,0,0,0,0.0,0,0,0,0,0,0.0,0.0,0.0,0,0,0,41.1,0.0,0.0,0.33,0.0,22.4,95.4,78.87442605495453,40.37984848022461,31.14560956954956,56.506266593933105,24.159820461273192,2399.0,39.247750700305915,0.14069341415306552,75.0507144678384,0.0,0.0,99.8,99.8,0.0,0.0,0.0,450.0,4359.2,0.0,0.0,55.924,1.04,56.964,29.046,1.859,55.105,emon,0.959,0.701,36.1,22.2,1.629
2026-09-29 22:59:13.096,6.9,0,100,8;28;6;8;0;0;2;0;0;2;3;2;100;6;6;9;0;0;2;5;0;0;0;2;0;3;0;3,1453,4794,4525;3257;3868;4159;2252;2857;3220;2186;1795;2135;2820;2041;4794;4785;3806;3781;1740;1453;2539;1943;1578;1565;1761;2347;2286;2030;2102;2178,100.0,0.0,4359.9,2,9,843,12227,30,9.4,2565,14001,1,16,0,0,0,0,0.0,0,0,0,0,0,0.0,0.0,0.0,0,0,0,40.1,0.0,0.0,0.33,0.0,22.4,95.4,83.6179518699646,44.15120816230774,34.71974849700928,62.46213102340698,27.310118436813354,2399.0,44.13718053772027,0.15275030925113242,81.27779130358249,0.0,0.0,99.6,99.6,0.0,0.0,0.0,450.0,4359.2,0.0,0.0,55.924,1.04,56.964,29.046,1.859,55.105,emon,0.959,0.701,36.1,22.2,1.629
2026-09-29 22:59:14.097,6.9,0,92,6;32;3;10;2;0;0;2;2;2;0;3;92;6;6;10;0;0;0;0;0;0;0;8;2;3;2;5,1687,4778,4480;3211;4018;4167;2491;2282;1687;2365;1964;2271;2283;2518;4772;4778;4173;4206;2025;1760;2729;2768;1755;2163;1926;2751;2248;2479;2243;1896,90.8,0.0,4359.9,2,9,843,12227,30,9.4,2565,14001,1,16,0,0,0,0,0.0,0,0,0,0,0,0.0,0.0,0.0,0,0,0,40.1,0.0,0.0,0.33,0.0,22.4,95.4,80.70128022299872,41.81130621168349,33.6406675974528,59.63764360215929,26.155069245232475,2399.0,41.83426023455104,0.14501198002188984,77.81511421708598,0.0,0.0,99.6,99.6,0.0,0.0,0.0,450.0,4359.9,0.0,0.0,55.924,1.04,56.964,29.046,1.859,55.105,emon,0.959,0.701,36.1,22.2,1.629
2026-09-29 22:59:15.097,7.0,0,98,12;34;14;5;3;0;0;2;0;0;0;2;98;9;6;3;0;0;2;0;2;0;3;0;2;0;0;0,1360,4799,4575;3456;3941;4177;2569;2267;2120;2359;2356;1646;1446;2571;4791;4799;3701;3902;2610;2432;2187;2190;2105;1360;2329;1577;2017;2176;2156;2156,77.6,0.0,4359.9,2,10,842,12227,30,9.4,2565,14001,1,16,0,0,0,0,0.0,0,0,0,0,0,0.0,0.0,0.0,0,0,0,40.1,0.0,0.0,0.33,0.0,22.4,95.4,83.98257625102997,44.35690188407898,34.54243326187134,62.49227571487427,26.970283031463623,2399.0,44.222162050631596,0.15452669016667642,81.28713077260181,0.0,0.0,99.5,99.5,0.0,0.0,0.0,450.0,4359.9,0.0,0.0,55.924,1.04,56.964,29.046,1.859,55.105,emon,0.959,0.701,36.1,22.2,1.629
2026-09-29 22:59:16.097,8.8,0,100,12;42;12;11;2;0;0;2;6;2;0;0;100;9;17;11;0;1;0;0;0;0;5;2;2;6;2;5,1412,4799,4414;3256;4168;4079;2761;2467;1926;2519;2978;2783;2324;2470;4796;4799;4160;3863;1931;2594;2395;1981;1669;1412;2629;2025;2147;2354;2411;2169,100.0,0.0,4359.9,3,10,843,12227,30,9.9,2565,14001,1,16,0,0,0,0,0.0,0,0,0,0,0,0.0,0.0,0.0,0,0,0,40.1,0.0,0.0,0.33,0.0,22.4,95.4,71.78153703429483,37.58478910272772,29.291169600053266,52.95171390880238,22.774277426979758,2399.0,37.17427880001064,0.13313063367439265,68.23088394761594,0.0,0.0,99.5,99.5,0.0,0.0,0.0,450.0,4359.9,0.0,0.0,56.743,1.214,57.957,35.688,2.284,55.673,emon,0.954,0.667,36.0,22.5,1.602
2026-09-29 22:59:17.098,7.5,0,100,9;31;8;8;0;2;2;2;0;2;2;3;100;6;8;6;0;5;0;0;3;2;2;2;0;3;5;3,1395,4797,4571;3449;4169;3814;2543;2276;2761;1746;1793;1647;2604;2002;4795;4797;3910;3603;2637;2380;1395;2271;2529;2423;2788;2491;2293;2104;2128;2032,100.0,0.0,4359.9,3,11,843,12227,30,9.9,2565,14001,1,16,0,0,0,0,0.0,0,0,0,0,0,0.0,0.0,0.0,0,0,0,40.1,0.0,0.0,0.33,0.0,22.4,95.4,93.69497108459473,50.629119873046875,39.024937311808266,70.96863555908203,30.506025314331055,2399.0,49.496506636729464,0.17857876520914337,91.6894445369641,0.0,0.0,99.6,99.6,0.0,0.0,0.0,450.0,4359.9,0.0,0.0,56.743,1.214,57.957,35.688,2.284,55.673,emon,0.954,0.667,36.0,22.5,1.602
2026-09-29 22:59:18.098,8.8,0,97,14;37;9;12;0;3;2;3;0;0;0;0;97;12;11;8;5;2;2;9;2;2;0;3;5;5;5;2,1491,4798,4547;3323;3817;4047;2343;3363;1538;2345;2682;1847;1645;2228;4794;4798;4010;3743;2981;1491;1594;2814;1995;2055;1940;2484;2011;2091;2358;1986,100.0,0.0,4359.9,3,9,843,12227,30,9.9,2565,14001,1,16,0,0,0,0,0.0,0,0,0,0,0,0.0,0.0,0.0,0,0,0,40.1,0.0,0.0,0.33,0.0,22.4,95.4,77.98491790294648,41.288690376281735,32.16785659790039,58.17367439270019,24.966059112548827,2399.0,40.92946400248911,0.1454036251292564,75.03744257874787,0.0,0.0,99.8,99.8,0.0,0.0,0.0,450.0,4359.9,0.0,0.0,56.743,1.214,57.957,35.688,2.284,55.673,emon,0.954,0.667,36.0,22.5,1.602
2026-09-29 22:59:19.099,7.3,0,100,8;26;10;5;2;0;0;2;0;2;2;3;100;8;16;11;2;1;0;2;0;0;0;2;0;2;0;5,1576,4798,4377;3290;3963;3743;2338;1979;1858;2915;2805;1632;1602;2597;4793;4798;4249;4305;2035;1822;1576;2585;2547;2000;2404;2251;2487;2356;2047;2249,93.9,0.0,4359.9,2,14,842,12227,30,9.9,2565,14001,1,16,0,0,0,0,0.0,0,0,0,0,0,0.0,0.0,0.0,0,0,0,40.1,0.0,0.0,0.33,0.0,22.4,95.4,78.42018701813437,37.931162964213975,31.127234025435015,54.61089498346502,24.207541118968617,2399.0,38.44319804982727,0.14402399810073388,72.80049705369906,0.0,0.0,99.6,99.5,0.0,0.0,0.0,450.0,4359.9,0.0,0.0,56.743,1.214,57.957,35.688,2.284,55.673,emon,0.954,0.667,36.0,22.5,1.602
2026-09-29 22:59:20.099,8.1,0,100,12;29;14;15;2;3;3;0;0;0;0;2;100;10;6;8;0;3;0;4;0;0;0;4;3;3;3;2,1622,4792,4626;3297;4095;4100;1622;2701;2158;2280;2041;2676;1763;2153;4792;4788;3879;3794;2724;1963;1881;2613;2072;1726;2393;2499;2259;2186;2277;2034,88.9,0.0,4359.9,2,9,843,12227,30,9.9,2565,14001,1,16,0,0,0,0,0.0,0,0,0,0,0,0.0,0.0,0.0,0,0,0,40.1,0.0,0.0,0.33,0.0,22.4,95.4,86.80835688114166,47.60042027064732,36.46972165788923,66.54080854143415,28.281346457345144,2399.0,46.498242967080195,0.16756710852496326,85.72677751816809,0.0,0.0,99.7,99.6,0.0,0.0,0.0,450.0,4359.9,0.0,0.0,56.743,1.214,57.957,35.688,2.284,55.673,emon,0.954,0.667,36.0,22.5,1.602
2026-09-29 22:59:21.100,9.0,0,100,14;40;5;11;2;2;0;2;2;3;2;0;100;15;13;5;2;0;3;3;2;2;5;3;3;6;3;5,1627,4797,4628;3463;3393;3906;2171;2571;1779;1627;1897;1735;1760;2582;4794;4797;3986;3521;2315;2431;2234;2344;2265;2086;2121;2030;2216;2416;2215;2212,93.4,0.0,4359.9,2,9,843,12227,30,9.9,2565,14001,1,16,0,0,0,0,0.0,0,0,0,0,0,0.0,0.0,0.0,0,0,0,40.1,0.0,0.0,0.33,0.0,22.4,95.4,75.82602784850381,39.80608523975719,31.103378295898438,56.144810763272375,24.374716585332695,2399.0,39.452453871284064,0.13938099128956144,72.77087563344024,0.0,0.0,99.5,99.5,0.0,0.0,0.0,450.0,4359.9,0.0,0.0,56.743,1.214,57.957,35.688,2.284,55.673,emon,0.954,0.667,36.0,22.5,1.602
2026-09-29 22:59:22.100,7.7,0,100,9;34;9;14;3;2;0;0;0;0;0;5;100;5;6;11;2;0;0;0;0;0;1;0;6;2;4;3,1296,4789,4558;3246;4004;4175;2307;2341;3009;2242;1900;1296;1635;2373;4787;4789;3654;4232;2442;1705;1411;2493;1872;1598;2556;2333;2057;2083;2270;2019,29.1,0.0,4359.9,2,10,843,12227,30,9.9,2565,14001,1,16,0,0,0,0,0.0,0,0,0,0,0,0.0,0.0,0.0,0,0,0,40.1,0.0,0.0,0.33,0.0,22.4,95.4,77.87472499044318,40.59116082442434,30.888910393965872,56.569252817254316,23.641152231316816,2399.0,39.40372323460485,0.14988435846508333,73.74566556670163,0.0,0.0,99.7,99.7,0.0,0.0,0.0,450.0,4359.9,0.0,0.0,56.743,1.214,57.957,35.688,2.284,55.673,emon,0.954,0.667,36.0,22.5,1.602
2026-09-29 22:59:23.101,8.1,0,100,14;29;11;6;5;0;0;5;0;0;0;0;100;17;5;20;0;3;0;2;0;2;0;2;2;6;0;0,1649,4799,4504;3361;3941;3801;2961;1649;2839;2326;2211;1815;2248;2618;4799;4797;3692;4279;1744;2743;2537;2661;1946;2292;1880;2735;2185;2426;2343;2137,77.3,0.0,4359.2,3,10,843,12227,30,9.9,2565,14001,1,16,0,0,0,0,0.0,0,0,0,0,0,0.0,0.0,0.0,0,0,0,40.1,0.0,0.0,0.33,0.0,22.4,95.4,78.43327414989471,41.175239181518556,32.41725845336914,58.24850082397461,25.17816581726074,2399.0,41.06965642393916,0.1432322560576722,75.03898418489844,0.0,0.0,99.8,99.7,0.0,0.0,0.0,450.0,4359.9,0.0,0.0,56.743,1.214,57.957,35.688,2.284,55.673,emon,0.954,0.667,36.0,22.5,1.602
2026-09-29 22:59:24.119,7.7,0,98,8;29;9;11;2;3;0;3;0;0;0;3;98;9;9;12;0;0;0;0;0;2;0;0;8;3;3;3,1485,4797,4438;3188;3874;4028;2419;2472;1908;2849;1970;2038;1485;2315;4788;4797;3949;4118;2781;2922;2382;2608;1557;1832;1879;2150;2150;2261;2133;2234,100.0,0.0,4359.2,2,10,842,12227,30,9.9,2565,14001,1,16,0,0,0,0,0.0,0,0,0,0,0,0.0,0.0,0.0,0,0,0,40.1,0.0,0.0,0.33,0.0,22.4,95.4,80.40675600369771,41.247044775221084,32.38166989220513,58.27636379665799,25.38361030154758,2399.0,40.957484310738636,0.14357056965430579,77.811237566587,0.0,0.0,99.6,99.5,0.0,0.0,0.0,450.0,4359.2,0.0,0.0,56.743,1.214,57.957,35.688,2.284,55.673,emon,0.954,0.667,36.0,22.5,1.602
2026-09-29 22:59:25.120,7.5,0,100,10;23;8;9;4;0;0;2;0;0;3;2;100;12;12;8;0;2;0;0;2;2;0;2;2;3;3;3,1682,4800,4534;3240;3859;3951;1925;2929;2015;1779;1698;2326;2057;2525;4792;4800;4032;4168;2411;1983;1682;1858;2124;2383;2549;1986;2409;2284;2427;2129,100.0,0.0,4359.2,2,10,843,12227,30,9.9,2565,14001,1,16,0,0,0,0,0.0,0,0,0,0,0,0.0,0.0,0.0,0,0,0,40.1,0.0,0.0,0.33,0.0,22.4,95.4,82.50078270170424,42.582781897650825,33.131884045071075,59.896700117323135,25.671985096401638,2399.0,42.159956107860324,0.14982404603829813,77.8439085971978,0.0,0.0,99.7,99.7,0.0,0.0,0.0,450.0,4359.2,0.0,0.0,56.743,1.214,57.957,35.688,2.284,55.673,emon,0.954,0.667,36.0,22.5,1.602
2026-09-29 22:59:26.120,8.2,0,100,18;29;9;5;6;0;0;2;2;4;2;0;100;8;11;11;2;0;0;3;0;2;2;0;3;6;0;5,1657,4796,4580;3310;3641;3784;2922;2236;2150;2652;2430;2246;3278;2381;4796;4796;4018;4073;2606;1771;2833;2658;2074;1657;2398;2880;2309;2270;2335;2430,100.0,0.0,4359.2,3,14,843,12227,30,9.9,2565,14001,1,16,0,0,0,0,0.0,0,0,0,0,0,0.0,0.0,0.0,0,0,0,40.1,0.0,0.0,0.33,0.0,22.4,95.4,84.53631192445755,44.608415603637695,34.487271785736084,62.591405391693115,26.90526580810547,2399.0,44.28503845459636,0.15521501420880668,81.28931063879281,0.0,0.0,99.8,99.8,0.0,0.0,0.0,450.0,4359.2,0.0,0.0,56.743,1.214,57.957,35.688,2.284,55.673,emon,0.954,0.667,36.0,22.5,1.602
2026-09-29 22:59:27.121,8.3,0,98,19;25;6;8;0;3;5;3;2;2;2;3;98;12;14;14;0;0;0;0;3;0;0;2;3;5;3;2,1749,4797,4481;3327;3871;3903;2058;2318;1749;1850;2421;1930;2900;2557;4793;4797;4115;4125;2185;2455;2538;2516;2743;2082;2309;2054;2482;2266;2262;2305,86.9,0.0,4359.2,2,9,843,12227,30,9.9,2565,14001,1,16,0,0,0,0,0.0,0,0,0,0,0,0.0,0.0,0.0,0,0,0,40.1,0.0,0.0,0.33,0.0,22.4,95.4,78.80941553115845,41.47293243408203,31.98229522705078,58.1016242980957,24.694819831848143,2399.0,40.60893309892854,0.1472373681142926,75.05034152939916,0.0,0.0,99.7,99.7,0.0,0.0,0.0,450.0,4359.2,0.0,0.0,56.678,1.069,57.747,33.946,2.173,55.574,emon,0.954,0.566,35.9,22.4,1.598
2026-09-29 22:59:28.121,8.2,0,95,13;33;9;11;2;2;0;3;2;0;2;2;95;11;14;12;2;2;2;0;2;2;0;2;2;2;3;5,1631,4798,4432;3265;3931;4108;2151;2518;3180;2411;2066;1631;2509;2669;4788;4798;3898;3934;2253;1970;1981;2297;2075;2320;1982;2446;2180;2182;2108;2068,93.1,0.0,4359.2,2,11,842,12227,30,9.9,2565,14001,1,16,0,0,0,0,0.0,0,0,0,0,0,0.0,0.0,0.0,0,0,0,40.1,0.0,0.0,0.33,0.0,22.4,95.4,81.64268965191312,42.06291177537706,32.71274333530002,59.16673236423068,25.470802942911785,2399.0,41.673495157660604,0.1473816425487813,77.83209455385804,0.0,0.0,99.7,99.7,0.0,0.0,0.0,450.0,4359.2,0.0,0.0,56.678,1.069,57.747,33.946,2.173,55.574,emon,0.954,0.566,35.9,22.4,1.598
2026-09-29 22:59:29.121,9.3,0,98,15;32;12;12;6;3;2;3;2;5;3;2;98;20;14;11;5;0;0;2;0;3;3;0;0;3;2;2,1690,4795,4552;3329;3670;4040;2349;2404;1831;1962;2384;2871;3032;2481;4791;4795;4129;4016;2715;1690;1993;3038;2874;2071;2138;1997;2303;2165;2096;2402,100.0,0.0,4359.2,2,11,843,12227,30,9.9,2565,14001,1,16,0,0,0,0,0.0,0,0,0,0,0,0.0,0.0,0.0,0,0,0,40.1,0.0,0.0,0.33,0.0,22.4,95.4,80.6092980702718,43.23432074652778,33.13275061713325,60.404649098714195,25.595692422654892,2399.0,42.0661023900676,0.15340418169378406,77.81555293955736,0.0,0.0,99.7,99.7,0.0,0.0,0.0,450.0,4359.2,0.0,0.0,56.678,1.069,57.747,33.946,2.173,55.574,emon,0.954,0.566,35.9,22.4,1.598
2026-09-29 22:59:30.122,6.5,0,98,8;15;9;9;2;2;2;3;0;2;2;2;98;5;14;8;0;0;0;0;0;0;0;2;0;0;0;0,1385,4795,4459;3174;3878;4218;2109;2935;1986;2474;1822;2498;2029;2641;4790;4795;4266;4121;2048;1385;2631;1440;1935;1700;2955;2199;2181;2228;2046;2234,91.9,0.0,4359.2,3,10,842,12227,30,9.6,2565,14001,1,16,0,0,0,0,0.0,0,0,0,0,0,0.0,0.0,0.0,0,0,0,40.1,0.0,0.0,0.33,0.0,22.4,95.4,76.40439164638519,38.94430955251058,30.079519271850586,54.587138175964355,23.244056304295857,2399.0,37.809882471876335,0.14249825203053965,70.90768986971428,0.0,0.0,99.6,99.6,0.0,0.0,0.0,450.0,4359.2,0.0,0.0,56.678,1.069,57.747,33.946,2.173,55.574,emon,0.954,0.566,35.9,22.4,1.598
2026-09-29 22:59:31.123,7.9,0,98,8;36;6;6;0;0;0;2;3;0;0;2;98;8;6;9;8;2;3;5;2;3;3;3;2;2;3;2,1556,4796,4347;3278;3797;4022;1915;1556;2319;2444;2827;1612;2445;2126;4795;4796;3815;4135;1881;2229;2417;1838;2362;3136;2791;2630;2093;2041;2281;1963,91.9,0.0,4359.2,2,9,842,12227,30,9.6,2565,14001,1,16,0,0,0,0,0.0,0,0,0,0,0,0.0,0.0,0.0,0,0,0,40.1,0.0,0.0,0.33,0.0,22.4,95.4,77.60266056060792,41.20375995635986,31.87017478942871,57.714185333251955,24.5146577835083,2399.0,39.65218442298938,0.14622589193750174,75.03062993958592,0.0,0.0,99.5,99.5,0.0,0.0,0.0,450.0,4359.2,0.0,0.0,56.678,1.069,57.747,33.946,2.173,55.574,emon,0.954,0.566,35.9,22.4,1.598
2026-09-29 22:59:32.124,9.0,0,98,9;21;10;16;0;0;0;3;3;3;4;4;98;14;16;8;4;5;6;8;3;0;2;0;3;3;2;6,2074,4780,4420;3184;4056;4033;2417;2473;2744;2720;3461;3603;3514;3070;4780;4777;4159;3619;3725;3645;3662;3233;2936;2283;2499;2694;2176;2074;2335;2301,73.9,0.0,4359.2,2,10,843,12227,30,9.6,2565,14001,1,16,0,0,0,0,0.0,0,0,0,0,0,0.0,0.0,0.0,0,0,0,41.1,0.0,0.0,0.33,0.0,22.4,95.4,77.70614252090454,41.45090961456299,32.11599540710449,58.18958969116211,25.280858039855957,2399.0,40.404240085656056,0.14618278206326069,75.03422573171557,0.0,0.0,99.5,99.5,0.0,0.0,0.0,450.0,4359.2,0.0,0.0,56.678,1.069,57.747,33.946,2.173,55.574,emon,0.954,0.566,35.9,22.4,1.598
2026-09-29 22:59:33.124,7.3,0,98,6;27;8;14;0;2;0;2;0;0;0;6;98;9;9;9;2;0;2;0;2;0;0;2;2;2;3;0,1561,4799,4446;3337;3821;4133;2108;1976;1743;2841;2106;2498;2127;2828;4791;4799;3972;4084;2657;1561;2480;1961;2310;1948;3129;2547;2460;2282;2264;2315,100.0,0.0,4359.2,3,10,843,12227,30,9.6,2565,14001,1,16,0,0,0,0,0.0,0,0,0,0,0,0.0,0.0,0.0,0,0,0,40.1,0.0,0.0,0.33,0.0,22.4,95.4,74.49258895715077,37.74955860773722,29.879976113637287,53.5449423789978,23.77718122800191,2399.0,37.26897707915244,0.13209478667704388,70.87949518331637,0.0,0.0,99.7,99.6,0.0,0.0,0.0,450.0,4359.2,0.0,0.0,56.678,1.069,57.747,33.946,2.173,55.574,emon,0.954,0.566,35.9,22.4,1.598
2026-09-29 22:59:34.124,6.9,0,100,6;27;8;6;0;0;0;5;0;0;2;3;100;11;8;5;0;0;0;2;3;0;2;2;0;2;2;2,1363,4799,4335;3141;4027;4272;2050;2162;1389;1577;1860;1825;1717;2117;4795;4799;4207;3990;2213;1363;2254;2364;2610;2173;2733;2196;2023;2175;2179;2046,76.9,0.0,4359.9,2,12,842,12227,30,9.6,2565,14001,1,16,0,0,0,0,0.0,0,0,0,0,0,0.0,0.0,0.0,0,0,0,40.1,0.0,0.0,0.33,0.0,22.4,95.4,82.74829680124918,44.16240005493164,33.97704188028971,61.86814931233724,26.364568583170573,2399.0,43.42222048817202,0.15301744237852594,80.03700118660927,0.0,0.0,99.5,99.5,0.0,0.0,0.0,450.0,4359.9,0.0,0.0,56.678,1.069,57.747,33.946,2.173,55.574,emon,0.954,0.566,35.9,22.4,1.598
2026-09-29 22:59:35.125,7.1,0,97,12;22;9;10;0;0;0;0;2;2;0;3;97;5;18;5;0;0;2;0;2;0;0;3;2;3;3;2,1467,4789,4500;3190;4004;3745;2426;1517;1467;2377;2097;1608;2011;1737;4789;4789;4247;3752;2575;1671;2228;2177;2573;2018;2549;2523;1987;2295;2201;1964,100.0,0.0,4359.9,2,15,843,12227,30,9.6,2565,14001,1,16,0,0,0,0,0.0,0,0,0,0,0,0.0,0.0,0.0,0,0,0,40.1,0.0,0.0,0.33,0.0,22.4,95.4,84.70194256305695,42.53948962688446,32.78936380147934,59.62477362155914,25.578601837158203,2399.0,42.00863283983199,0.14749379715067334,81.2976652327925,0.0,0.0,99.7,99.7,0.0,0.0,0.0,450.0,4359.9,0.0,0.0,56.678,1.069,57.747,33.946,2.173,55.574,emon,0.954,0.566,35.9,22.4,1.598
2026-09-29 22:59:36.125,7.2,0,100,11;27;11;0;2;2;5;2;0;3;2;0;100;5;9;9;5;0;0;2;0;0;0;2;3;2;0;3,1397,4799,4480;3444;4069;3867;2713;2280;2612;2484;1942;2102;2114;2779;4798;4799;3984;4229;2932;1625;1482;1612;2682;1397;2554;2244;2273;2180;2124;1980,89.2,0.0,4359.9,3,9,843,12227,30,9.6,2565,14001,1,16,0,0,0,0,0.0,0,0,0,0,0,0.0,0.0,0.0,0,0,0,41.1,0.0,0.0,0.33,0.0,22.4,95.4,79.56342964172363,40.97993278503418,31.851089859008788,57.68543968200684,24.800505924224854,2399.0,40.628177898033755,0.1434309351723641,75.06345921456814,0.0,0.0,99.7,99.7,0.0,0.0,0.0,450.0,4359.9,0.0,0.0,56.678,1.069,57.747,33.946,2.173,55.574,emon,0.954,0.566,35.9,22.4,1.598
2026-09-29 22:59:37.125,6.8,0,98,8;15;6;5;5;2;0;2;2;2;2;0;98;11;8;9;0;2;5;0;2;0;2;0;3;2;2;2,1507,4799,4400;3100;3806;3994;2912;2143;2762;2377;1650;2813;2594;2117;4797;4799;4123;4200;2915;2764;2971;2409;1507;1675;2989;1556;2554;2434;2264;1992,100.0,0.0,4359.9,2,13,843,12227,30,9.6,2565,14001,1,16,0,0,0,0,0.0,0,0,0,0,0,0.0,0.0,0.0,0,0,0,40.1,0.0,0.0,0.33,0.0,22.4,95.4,81.0934797392951,42.63486671447754,33.177219814724396,60.044216579861114,26.12457349565294,2399.0,42.13190003370659,0.1474507940777888,77.82090119727783,0.0,0.0,99.7,99.6,0.0,0.0,0.0,450.0,4359.9,0.0,0.0,56.086,1.207,57.293,34.23,2.191,55.102,emon,0.955,0.678,35.9,22.2,1.619
2026-09-29 22:59:38.132,6.9,0,100,11;21;3;14;2;0;0;0;0;0;0;2;100;5;11;11;0;3;0;2;2;0;0;2;5;0;0;2,1324,4793,4517;3146;3992;4052;2487;2676;2417;1917;1778;2507;1324;2169;4793;4791;4133;4157;1981;2439;2192;2837;2044;1757;1356;2105;1922;2022;2036;1983,100.0,0.0,4359.9,2,10,843,12227,30,9.6,2565,14001,1,16,0,0,0,0,0.0,0,0,0,0,0,0.0,0.0,0.0,0,0,0,40.1,0.0,0.0,0.33,0.0,22.4,95.4,87.35764707837787,47.36620112827846,36.51028333391462,66.36879621233258,28.325464521135604,2399.0,45.876149514773196,0.16607016920378165,85.73675708313074,0.0,0.0,99.7,99.6,0.0,0.0,0.0,450.0,4359.9,0.0,0.0,56.086,1.207,57.293,34.23,2.191,55.102,emon,0.955,0.678,35.9,22.2,1.619
2026-09-29 22:59:39.132,8.3,0,100,9;26;11;5;2;2;3;0;5;0;3;0;100;18;13;9;0;2;2;2;3;0;2;0;4;6;3;3,1577,4798,4470;3319;4097;4086;2090;1721;2320;2554;1973;2088;1640;1577;4796;4798;3887;4277;2458;2535;2222;2669;2839;2126;2435;2112;2305;2262;2229;2428,100.0,0.0,4359.9,2,15,843,12227,30,9.6,2565,14001,1,16,0,0,0,0,0.0,0,0,0,0,0,0.0,0.0,0.0,0,0,0,41.1,0.0,0.0,0.33,0.0,22.4,95.4,80.59022940529718,42.25356568230523,32.70253329806857,59.35511610243056,25.571441226535374,2399.0,41.695048466480024,0.14692638066804242,77.81256255259116,0.0,0.0,99.7,99.6,0.0,0.0,0.0,450.0,4359.9,0.0,0.0,56.086,1.207,57.293,34.23,2.191,55.102,emon,0.955,0.678,35.9,22.2,1.619
2026-09-29 22:59:40.132,7.0,0,100,12;21;6;11;0;3;0;0;0;3;0;3;100;11;5;6;3;3;2;2;2;0;2;0;2;0;0;0,1740,4784,4589;3379;3893;4055;2410;2432;2998;1901;2510;1848;1886;2765;4784;4783;3986;3808;2438;2197;1740;2202;2827;2596;2756;2620;2112;1940;2167;2069,100.0,0.0,4359.9,2,12,843,12227,30,9.6,2565,14001,1,16,0,0,0,0,0.0,0,0,0,0,0,0.0,0.0,0.0,0,0,0,40.1,0.0,0.0,0.33,0.0,22.4,95.4,79.08199522495269,38.64719146823918,29.95203333776444,54.320406127138995,23.4900484085083,2399.0,38.34146758426796,0.13383109454298392,75.05435329191387,0.0,0.0,99.8,99.8,0.0,0.0,0.0,450.0,4359.9,0.0,0.0,56.086,1.207,57.293,34.23,2.191,55.102,emon,0.955,0.678,35.9,22.2,1.619
2026-09-29 22:59:41.133,6.8,0,98,5;23;5;8;8;0;0;0;0;2;0;2;98;9;6;12;2;2;5;0;2;0;0;2;2;2;0;0,1734,4795,4473;3376;3703;4104;2696;2263;1860;2202;2232;2570;2025;2454;4789;4795;4251;4107;2440;2080;2288;1734;1966;2155;2810;2481;2025;2377;2130;2014,92.3,0.0,4359.9,2,15,843,12227,30,9.6,2565,14001,1,16,0,0,0,0,0.0,0,0,0,0,0,0.0,0.0,0.0,0,0,0,40.1,0.0,0.0,0.33,0.0,22.4,95.4,79.83030202653673,42.54890505472819,32.98583581712511,59.79296620686849,25.740820566813152,2399.0,41.93650367550112,0.14738477127523059,77.8053639754653,0.0,0.0,99.4,99.4,0.0,0.0,0.0,450.0,4359.9,0.0,0.0,56.086,1.207,57.293,34.23,2.191,55.102,emon,0.955,0.678,35.9,22.2,1.619
2026-09-29 22:59:42.133,7.5,0,100,8;21;6;8;5;5;0;2;5;0;0;0;100;11;14;11;2;0;0;2;2;0;0;0;0;4;2;5,1337,4796,4510;3250;4055;3918;2574;2390;2175;2224;2134;2044;1966;2423;4794;4796;4130;4109;1562;2531;2305;1949;2437;1337;2154;2840;2181;1917;2012;2175,93.4,0.0,4359.9,3,10,843,12227,30,9.6,2565,14001,1,16,0,0,0,0,0.0,0,0,0,0,0,0.0,0.0,0.0,0,0,0,40.1,0.0,0.0,0.33,0.0,22.4,95.4,82.37957894007364,44.320858001708984,33.82223968505859,61.85428924560547,26.24034220377604,2399.0,43.266793432102226,0.15405221308271091,80.0307471871376,0.0,0.0,99.7,99.7,0.0,0.0,0.0,450.0,4359.9,0.0,0.0,56.086,1.207,57.293,34.23,2.191,55.102,emon,0.955,0.678,35.9,22.2,1.619
2026-09-29 22:59:43.133,7.5,0,97,11;21;8;9;5;0;0;0;0;2;2;0;97;14;12;9;0;0;0;2;2;0;0;3;0;5;2;6,1548,4797,4437;3351;3875;3524;2348;2291;2277;2523;2626;2790;1752;2224;4796;4797;4260;4177;2327;1657;1767;2979;1799;1548;1750;2333;2051;2170;2222;2473,92.9,0.0,4359.2,2,23,842,12227,30,9.6,2565,14001,1,16,0,0,0,0,0.0,0,0,0,0,0,0.0,0.0,0.0,0,0,0,40.1,0.0,0.0,0.33,0.0,22.4,95.4,79.8150344689687,43.17975955539279,33.04766549004449,60.26028527153863,25.578615294562447,2399.0,41.56811418458043,0.1528644231406765,77.80394828112588,0.0,0.0,99.6,99.6,0.0,0.0,0.0,450.0,4359.4,0.0,0.0,56.086,1.207,57.293,34.23,2.191,55.102,emon,0.955,0.678,35.9,22.2,1.619
2026-09-29 22:59:44.134,7.2,0,98,12;32;9;6;0;0;0;0;0;2;0;0;98;9;8;9;2;3;0;0;2;2;2;2;0;3;0;0,1825,4796,4553;3297;3981;3643;2157;2553;2247;1825;2178;2275;3274;2559;4792;4796;4072;4270;2221;2240;2002;2094;2163;2269;1919;2205;2013;1991;2091;1940,88.9,0.0,4359.2,3,10,842,12227,30,9.6,2565,14001,1,16,0,0,0,0,0.0,0,0,0,0,0,0.0,0.0,0.0,0,0,0,40.1,0.0,0.0,0.33,0.0,22.4,95.4,88.77475748743329,46.212137767246794,35.81894956316267,64.87371989658901,27.844049998692103,2399.0,45.418688373523764,0.15997082608685428,85.74962421719518,0.0,0.0,99.6,99.6,0.0,0.0,0.0,450.0,4359.2,0.0,0.0,56.086,1.207,57.293,34.23,2.191,55.102,emon,0.955,0.678,35.9,22.2,1.619
2026-09-29 22:59:45.134,6.7,0,100,11;11;3;11;3;2;0;0;0;3;2;2;100;8;11;6;0;0;0;2;5;0;2;2;2;3;2;2,1333,4799,4521;3366;3797;3740;2549;2918;1736;2085;2570;2359;2363;2233;4794;4799;4152;3730;1333;1546;2366;2228;2288;2026;2802;2399;2226;2232;2403;2193,88.9,0.0,4359.2,2,9,842,12227,30,9.6,2565,14001,1,16,0,0,0,0,0.0,0,0,0,0,0,0.0,0.0,0.0,0,0,0,40.1,0.0,0.0,0.33,0.0,22.4,95.4,79.53080916404724,42.600262535942925,33.34999254014757,60.07550726996528,26.116670184665256,2399.0,41.95203456585942,0.14689724763027495,77.79937640577555,0.0,0.0,99.8,99.7,0.0,0.0,0.0,450.0,4359.2,0.0,0.0,56.086,1.207,57.293,34.23,2.191,55.102,emon,0.955,0.678,35.9,22.2,1.619
2026-09-29 22:59:46.134,6.7,0,98,11;21;8;6;5;0;0;2;3;0;3;2;98;5;14;2;0;0;0;0;2;0;0;2;2;3;2;0,1560,4797,4556;3434;3791;3899;2206;2312;2212;2022;2261;2078;2197;2711;4795;4797;4224;3834;1560;1649;2511;1900;1973;1801;2311;2341;1889;2103;2078;1728,100.0,0.0,4359.2,2,10,843,12227,30,9.6,2565,14001,1,16,0,0,0,0,0.0,0,0,0,0,0,0.0,0.0,0.0,0,0,0,40.1,0.0,0.0,0.33,0.0,22.4,95.4,79.83004117012024,42.62823804219564,32.750236935085724,59.59000142415365,25.267273796929253,2399.0,41.5473767272326,0.14873377558413065,77.80757210155328,0.0,0.0,99.7,99.6,0.0,0.0,0.0,450.0,4359.2,0.0,0.0,56.086,1.207,57.293,34.23,2.191,55.102,emon,0.955,0.678,35.9,22.2,1.619
2026-09-29 22:59:47.135,4.3,0,41,5;18;6;8;0;2;0;0;0;2;0;2;41;8;11;3;0;2;0;0;2;0;0;0;5;5;3;2,1377,4576,4432;3612;3556;4045;2016;2130;1468;1562;1950;1866;1663;2389;4546;4576;4061;3413;1518;2035;1377;1482;1796;1780;1587;1595;2536;2647;2633;2624,94.9,0.0,4359.2,2,10,843,12227,30,9.6,2565,14001,1,16,0,0,0,0,0.0,0,0,0,0,0,0.0,0.0,0.0,0,0,0,38.1,0.0,0.0,0.33,0.0,22.4,95.4,74.76147641454425,37.77979333060129,30.01805877685547,53.700301034109934,23.525462453386613,2399.0,38.30111889549049,0.1303080344306571,71.46906982959315,0.0,0.0,88.4,88.3,0.0,0.0,0.0,450.0,4359.2,0.0,0.0,56.086,1.207,57.293,34.23,2.191,55.102,emon,0.955,0.678,35.9,22.2,1.619
2026-09-29 22:59:48.135,2.7,0,28,3;16;2;6;0;0;0;2;0;0;0;0;28;2;2;3;2;0;3;2;2;0;0;0;5;0;0;0,1416,4543,4543;3593;3712;3160;1504;1458;1558;1416;1693;1788;1857;1932;4314;4404;3642;3258;1891;1597;1784;1692;1580;1576;1659;1774;2371;2019;2005;2029,0.2,0.0,4359.2,2,10,843,12227,30,9.6,2565,14001,1,16,0,0,0,0,0.0,0,0,0,0,0,0.0,0.0,0.0,0,0,0,37.1,0.0,0.0,0.33,0.0,22.4,95.4,94.26408386230469,0.0,0.0,0.0,0.9132457971572876,2299.0,0.11414143908768892,0.6927414238452911,49.97835046797991,0.0,0.0,0.1,0.0,0.0,0.0,0.1,450.0,4359.2,0.0,0.0,56.165,1.417,57.582,36.057,2.308,55.274,emon,0.953,0.814,36.9,13.8,2.676
2026-09-29 22:59:49.135,3.7,0,38,4;22;5;8;0;0;2;5;2;0;0;2;38;2;3;5;0;0;0;0;0;0;0;0;2;2;3;0,1304,4439,4383;3648;3519;3830;1892;2110;1765;1964;2151;1833;1973;1746;4439;4424;3765;3543;1449;1329;1304;1385;2065;2093;2164;2053;2282;2097;2196;2170,0.0,0.0,4359.2,2,9,843,12227,30,9.6,2565,14001,1,16,0,0,0,0,0.0,0,0,0,0,0,0.0,0.0,0.0,0,0,0,37.1,0.0,0.0,0.32,0.0,22.4,95.4,94.26408386230469,0.0,0.0,0.0,0.9132457971572876,2299.0,0.11414143908768892,0.6927414238452911,49.97835046797991,0.0,0.0,2.0,0.0,0.0,0.0,2.2,450.0,4359.2,0.0,0.0,56.165,1.417,57.582,36.057,2.308,55.274,emon,0.953,0.814,36.9,13.8,2.676
2026-09-29 22:59:50.136,4.3,0,33,2;24;5;8;3;0;2;0;0;0;2;0;33;5;14;8;0;3;2;2;0;2;0;0;5;0;3;3,1484,4446,4327;3558;3738;3988;1698;1867;2078;1834;1668;2020;1953;1769;4357;4446;3710;3339;1908;1854;2086;2147;1739;1645;1602;1484;2313;1991;1972;1974,0.0,0.0,4359.2,2,12,843,12227,30,9.6,2565,14001,1,16,0,0,0,0,0.0,0,0,0,0,0,0.0,0.0,0.0,0,0,0,36.1,0.0,0.0,0.32,0.0,22.4,95.4,94.26408386230469,0.0,0.0,0.0,0.9132457971572876,2299.0,0.11414143908768892,0.6927414238452911,49.97835046797991,0.0,0.0,2.1,0.0,0.0,0.0,2.6,450.0,4359.2,0.0,0.0,56.165,1.417,57.582,36.057,2.308,55.274,emon,0.953,0.814,36.9,13.8,2.676
2026-09-29 22:59:51.136,3.9,0,38,11;19;6;2;0;0;0;3;2;2;0;3;38;0;2;3;0;2;0;3;0;0;0;0;6;2;5;2,1367,4448,4444;3460;3407;3116;2181;1670;1483;1889;1494;1563;1367;1600;4435;4448;3715;3498;2167;1613;1817;1761;2194;2502;2087;1896;2530;2214;2253;2494,0.0,0.0,4359.2,2,9,843,12227,30,9.6,2565,14001,1,16,0,0,0,0,0.0,0,0,0,0,0,0.0,0.0,0.0,0,0,0,36.1,0.0,0.0,0.32,0.0,22.4,95.4,94.26408386230469,0.0,0.0,0.0,0.9132457971572876,2299.0,0.11414143908768892,0.6927414238452911,49.97835046797991,0.0,0.0,2.0,0.0,0.0,0.0,2.5,450.0,4359.2,0.0,0.0,56.165,1.417,57.582,36.057,2.308,55.274,emon,0.953,0.814,36.9,13.8,2.676
2026-09-29 22:59:52.137,6.1,0,88,9;12;11;6;0;0;0;2;3;2;0;0;88;6;12;9;2;2;0;2;0;0;0;0;0;3;0;5,1730,4779,4436;3583;4104;3853;2121;1730;1775;2350;2156;2282;2429;2514;4767;4779;3924;3996;2019;2766;2647;2287;1968;1802;1909;2387;2077;1985;2012;2001,0.0,0.0,4359.2,3,10,843,12227,30,9.6,2565,14001,1,16,0,0,0,0,0.0,0,0,0,0,0,0.0,0.0,0.0,0,0,0,39.1,0.0,0.0,0.32,0.0,22.9,95.4,100.00000381469727,63.16330432891846,35.59201002120972,78.59213447570801,2.12195126991719,2399.0,5.338622644543648,0.7757181767374277,100.00000381469727,0.0,0.0,8.0,0.9,0.0,0.0,4.3,450.0,4424.6,0.0,0.0,56.165,1.417,57.582,36.057,2.308,55.274,emon,0.953,0.814,36.9,13.8,2.676
2026-09-29 22:59:53.137,8.1,0,100,11;32;12;11;0;5;2;6;6;5;0;0;100;9;5;8;0;2;0;0;2;0;5;0;3;3;0;0,1303,4799,4452;3357;4005;4157;2540;1744;1303;1827;2784;1756;2108;1868;4799;4795;3614;3441;2201;1980;1471;2686;1909;1986;2778;2458;2376;2298;2056;2276,0.0,0.0,4493.4,2,12,842,12227,30,9.6,2565,14001,1,16,0,0,0,0,0.0,0,0,0,0,0,0.0,0.0,0.0,0,0,0,38.1,0.0,0.0,0.33,0.0,22.9,95.4,100.0,62.71646995544434,37.15805187225342,79.6038429260254,2.4489884385839105,2399.0,7.548365777730941,0.9155249994248151,100.00000076293945,0.0,0.0,100.0,100.0,0.0,0.0,0.0,450.0,4493.4,0.0,0.0,56.165,1.417,57.582,36.057,2.308,55.274,emon,0.953,0.814,36.9,13.8,2.676
2026-09-29 22:59:54.138,6.7,0,100,8;29;6;6;0;0;0;2;0;0;0;2;100;9;5;6;0;0;0;0;0;2;2;3;3;2;2;2,1471,4795,4444;3374;3918;4108;2357;1615;1692;2103;2880;1471;1495;2179;4794;4795;3988;3941;2218;1925;1743;2146;2155;1919;2815;2326;2074;1970;2024;1971,0.0,0.0,4493.4,2,13,843,12227,30,9.6,2565,14001,1,16,0,0,0,0,0.0,0,0,0,0,0,0.0,0.0,0.0,0,0,0,39.1,0.0,0.0,0.33,0.0,22.9,95.4,99.99999923706055,61.468187713623045,38.247698593139646,79.51451873779297,2.432586083561182,2399.0,7.507075512409211,0.9007415600121021,100.0,0.0,0.0,100.0,100.0,0.0,0.0,0.0,450.0,4493.4,0.0,0.0,56.165,1.417,57.582,36.057,2.308,55.274,emon,0.953,0.814,36.9,13.8,2.676
2026-09-29 22:59:55.138,7.9,0,100,11;33;12;8;2;0;0;4;0;0;2;0;100;6;9;9;0;2;0;3;2;2;2;2;3;5;6;0,1632,4799,4575;3309;3974;3816;2003;1632;1886;1793;2146;2662;2512;2306;4799;4798;3835;4103;2034;1915;2267;2430;2930;1926;1949;2002;2068;2202;2257;1986,0.0,0.0,4493.4,3,10,842,12227,30,9.6,2565,14001,1,16,0,0,0,0,0.0,0,0,0,0,0,0.0,0.0,0.0,0,0,0,38.1,0.0,0.0,0.32,0.0,22.8,95.4,100.0,62.56521072387695,37.222517013549805,79.58186187744141,2.4301370883360507,2399.0,7.312757021188736,0.8856543984264136,100.00000534057617,0.0,0.0,100.0,100.0,0.0,0.0,0.0,450.0,4493.4,0.0,0.0,56.165,1.417,57.582,36.057,2.308,55.274,emon,0.953,0.814,36.9,13.8,2.676
2026-09-29 22:59:56.139,6.9,0,100,17;28;5;2;0;0;0;2;0;0;0;0;100;8;12;6;3;2;2;2;2;0;3;0;0;0;0;0,1625,4799,4535;3389;3825;3475;2026;1625;2725;1865;2697;2189;1699;2027;4799;4786;4274;4214;1895;2198;2192;2003;2704;1888;2347;2187;2210;2138;2072;2170,0.0,0.0,4493.4,3,10,843,12227,30,9.6,2565,14001,1,16,0,0,0,0,0.0,0,0,0,0,0,0.0,0.0,0.0,0,0,0,40.1,0.0,0.0,0.32,0.0,22.8,95.4,84.06594860553741,47.14794683456421,32.746342182159424,63.52049970626831,12.7736868315842,2399.0,21.67021433163609,0.518723227607552,81.2801121827215,0.0,0.0,100.0,100.0,0.0,0.0,0.0,450.0,4493.4,0.0,0.0,56.165,1.417,57.582,36.057,2.308,55.274,emon,0.953,0.814,36.9,13.8,2.676
2026-09-29 22:59:57.159,6.6,0,98,8;24;11;8;0;2;0;0;0;2;0;3;98;6;6;8;0;0;0;2;3;0;3;0;0;2;2;0,1428,4798,4384;3382;3866;3906;1900;2113;1967;1439;1428;1948;2440;2221;4794;4798;4139;4140;1764;2425;1770;2204;2844;1628;2023;2280;2135;2259;2267;2280,92.0,0.0,4493.5,2,9,843,12227,30,9.6,2565,14001,1,16,0,0,0,0,0.0,0,0,0,0,0,0.0,0.0,0.0,0,0,0,39.1,0.0,0.0,0.33,0.0,22.8,95.4,86.83809409822736,46.98411750793457,36.23486464364188,65.87897709437779,28.017869813101633,2399.0,45.85607330203389,0.16707308743415134,85.73008909236107,0.0,0.0,99.7,99.6,0.0,0.0,0.0,450.0,4493.5,0.0,0.0,56.165,1.417,57.582,36.057,2.308,55.274,emon,0.953,0.814,36.9,13.8,2.676
2026-09-29 22:59:58.160,7.0,0,97,14;27;8;2;2;2;0;0;3;2;2;0;97;6;14;11;2;0;0;0;2;0;0;0;2;2;0;2,1258,4789,4601;3335;3908;3519;2249;1836;2097;1931;3051;2423;2200;2941;4789;4784;4185;3928;1690;1258;1871;1820;2048;1626;1814;1755;2312;2320;2353;2059,100.0,0.0,4493.5,2,10,842,12227,30,9.6,2565,14001,1,16,0,0,0,0,0.0,0,0,0,0,0,0.0,0.0,0.0,0,0,0,40.1,0.0,0.0,0.33,0.0,22.5,95.4,77.27534527778626,40.76791362762451,31.918204307556152,57.59678955078125,25.20175952911377,2399.0,40.56802480829647,0.13973087995545938,75.02783237919212,0.0,0.0,99.7,99.6,0.0,0.0,0.0,450.0,4493.5,0.0,0.0,18.557,1.749,20.306,32.92,2.107,18.199,emon,0.934,0.818,35.7,22.3,1.598
2026-09-29 22:59:59.160,7.8,0,94,13;31;11;6;0;0;3;2;0;0;0;0;94;14;12;9;3;0;0;2;0;0;3;0;3;5;3;5,1625,4787,4474;3337;3972;3975;1760;2275;2267;2199;2289;2651;1739;2350;4784;4787;4152;4360;3089;1625;2249;1838;2499;1855;2320;1865;2267;2351;2395;2403,100.0,0.0,4493.5,2,10,843,12227,30,9.9,2565,14001,1,16,0,0,0,0,0.0,0,0,0,0,0,0.0,0.0,0.0,0,0,0,40.1,0.0,0.0,0.33,0.0,22.5,95.4,81.21189785003662,42.79707039727105,33.14912690056695,60.15483389960395,25.895214716593426,2399.0,42.148042524983694,0.14981169595072666,77.82510142690606,0.0,0.0,99.6,99.6,0.0,0.0,0.0,450.0,4493.5,0.0,0.0,18.557,1.749,20.306,32.92,2.107,18.199,emon,0.934,0.818,35.7,22.3,1.598
2026-09-29 23:00:00.160,7.4,0,98,5;27;9;11;2;3;2;2;4;4;4;2;98;5;6;3;2;0;2;2;0;3;2;2;2;2;3;3,1617,4796,4227;3145;4245;4255;2906;3137;2968;2940;3465;3512;3237;3316;4796;4795;3999;4194;2181;3225;2604;2256;2000;2470;1617;2746;2287;2274;2467;2751,100.0,0.0,4493.5,2,10,844,12227,30,9.9,2565,14001,1,16,0,0,0,0,0.0,0,0,0,0,0,0.0,0.0,0.0,0,0,0,41.1,0.0,0.0,0.33,0.0,22.5,95.4,84.71895205974579,45.21683144569397,34.345253467559814,62.978487968444824,26.672680854797363,2399.0,43.78753783607681,0.16026344243437052,81.29521928494796,0.0,0.0,99.7,99.7,0.0,0.0,0.0,450.0,4493.5,0.0,0.0,18.557,1.749,20.306,32.92,2.107,18.199,emon,0.934,0.818,35.7,22.3,1.598
2026-09-29 23:00:01.161,7.9,0,98,17;29;6;6;0;2;0;3;2;3;0;0;98;16;9;5;2;0;0;3;0;2;2;2;5;6;3;3,1733,4790,4600;3268;3824;4085;2741;2712;2956;3128;2370;2919;3081;2741;4790;4790;3919;3807;2300;2148;2202;2225;1733;2581;2260;2552;2166;2227;2304;2329,100.0,0.0,4493.5,2,13,843,12227,30,9.9,2565,14001,1,16,0,0,0,0,0.0,0,0,0,0,0,0.0,0.0,0.0,0,0,0,40.1,0.0,0.0,0.33,0.0,22.5,95.4,78.63000317053361,39.122532237659804,30.213109709999777,54.89678226817738,23.453879616477273,2399.0,38.33557494515447,0.1396541945974935,72.80860861526294,0.0,0.0,99.6,99.6,0.0,0.0,0.0,450.0,4493.5,0.0,0.0,18.557,1.749,20.306,32.92,2.107,18.199,emon,0.934,0.818,35.7,22.3,1.598
2026-09-29 23:00:02.161,6.9,0,98,14;27;8;6;0;0;0;0;2;0;0;0;98;8;6;12;4;0;3;0;0;0;0;2;0;2;0;0,1726,4795,4585;3402;3688;3947;1799;2223;2148;2492;2665;2555;2406;2222;4795;4791;3814;4163;1851;1853;1985;2288;1726;1844;2494;2652;2279;2338;2279;2248,100.0,0.0,4493.5,2,17,842,12227,30,9.9,2565,14001,1,16,0,0,0,0,0.0,0,0,0,0,0,0.0,0.0,0.0,0,0,0,40.1,0.0,0.0,0.33,0.0,22.5,95.4,83.82173306147257,44.435386912027994,33.78604965209961,61.9203384399414,26.332172648111978,2399.0,43.289100260954974,0.15555948563851416,80.05391071264943,0.0,0.0,99.6,99.6,0.0,0.0,0.0,450.0,4493.5,0.0,0.0,18.557,1.749,20.306,32.92,2.107,18.199,emon,0.934,0.818,35.7,22.3,1.598
2026-09-29 23:00:03.161,8.9,0,94,22;42;9;3;5;0;2;3;2;3;0;2;94;5;14;9;2;0;0;3;2;3;2;5;3;5;6;5,1716,4790,4587;3332;3888;4017;2481;2306;2033;2259;2159;2309;2038;2190;4781;4790;4165;3992;1716;2501;1868;2722;2910;1973;2153;2306;2058;2203;2095;1918,92.1,0.0,4493.5,3,10,843,12227,30,9.9,2565,14001,1,16,0,0,0,0,0.0,0,0,0,0,0,0.0,0.0,0.0,0,0,0,40.1,0.0,0.0,0.33,0.0,22.5,95.4,78.45022277832031,41.4048568725586,31.98122501373291,58.086328125,24.913803100585938,2399.0,40.36328249307699,0.14553297749953345,75.04461853392422,0.0,0.0,99.7,99.7,0.0,0.0,0.0,450.0,4493.5,0.0,0.0,18.557,1.749,20.306,32.92,2.107,18.199,emon,0.934,0.818,35.7,22.3,1.598
2026-09-29 23:00:04.162,8.0,0,100,12;32;6;5;2;3;2;5;2;0;0;2;100;11;8;12;0;0;2;0;0;3;0;5;2;3;3;5,1666,4791,4531;3171;3693;3973;2674;2454;1966;2657;2251;1666;2999;2214;4787;4791;4245;3996;2034;1909;2374;2379;1683;1920;1724;2826;2007;1941;2040;1973,92.1,0.0,4493.5,2,12,843,12227,30,9.9,2565,14001,1,16,0,0,0,0,0.0,0,0,0,0,0,0.0,0.0,0.0,0,0,0,40.1,0.0,0.0,0.33,0.0,22.5,95.4,80.21985827551947,42.01303354899088,33.460613038804794,59.704564836290146,25.647502793206108,2399.0,40.332475328268224,0.14946137714044502,77.80729341217213,0.0,0.0,99.5,99.5,0.0,0.0,0.0,450.0,4493.5,0.0,0.0,18.557,1.749,20.306,32.92,2.107,18.199,emon,0.934,0.818,35.7,22.3,1.598
2026-09-29 23:00:05.163,6.9,0,100,12;28;8;5;0;2;2;0;3;0;0;0;100;6;5;12;0;0;3;0;2;0;2;0;0;0;3;0,1347,4800,4541;3232;3925;3766;2359;2974;2718;2408;2068;1466;2842;2429;4796;4800;3964;4286;1821;1347;1936;1640;2621;1666;1969;1721;2358;2190;2536;2333,100.0,0.0,4493.5,2,11,843,12227,30,9.9,2565,14001,1,16,0,0,0,0,0.0,0,0,0,0,0,0.0,0.0,0.0,0,0,0,40.1,0.0,0.0,0.33,0.0,22.5,95.4,75.70590554584156,39.96094252846458,30.9752460826527,56.15836958451705,23.98440031571822,2399.0,39.44195161066653,0.13919570290652866,72.76936984096061,0.0,0.0,99.6,99.6,0.0,0.0,0.0,450.0,4493.5,0.0,0.0,18.557,1.749,20.306,32.92,2.107,18.199,emon,0.934,0.818,35.7,22.3,1.598
2026-09-29 23:00:06.164,7.2,0,100,14;31;8;8;0;0;0;6;0;2;0;0;100;6;9;6;2;0;0;2;0;0;0;3;2;2;0;2,1303,4797,4529;3360;4035;4196;2501;2246;2477;2358;2452;2493;2830;2118;4797;4797;3834;3802;2984;1543;1699;2398;1491;1303;1749;2434;2367;2411;2260;2215,90.3,0.0,4493.5,2,9,843,12227,30,9.9,2565,14001,1,16,0,0,0,0,0.0,0,0,0,0,0,0.0,0.0,0.0,0,0,0,40.1,0.0,0.0,0.33,0.0,22.5,95.4,79.93175090683832,42.9409311082628,33.06788126627604,60.10125435723199,25.539701567755806,2399.0,42.02463023851548,0.1484306325825552,77.80452544117968,0.0,0.0,99.6,99.5,0.0,0.0,0.0,450.0,4493.5,0.0,0.0,18.557,1.749,20.306,32.92,2.107,18.199,emon,0.934,0.818,35.7,22.3,1.598
2026-09-29 23:00:07.164,6.7,0,100,9;36;3;6;2;0;0;0;0;0;3;0;100;9;2;9;0;0;2;0;2;0;2;0;0;3;0;0,1529,4797,4478;3198;3609;4015;2219;1944;2412;2140;1529;1964;2530;2165;4796;4797;3953;4170;1831;1791;2175;2150;2905;2581;2794;2665;2269;2294;2414;2182,100.0,0.0,4390.4,2,9,843,12227,30,9.9,2565,14001,1,16,0,0,0,0,0.0,0,0,0,0,0,0.0,0.0,0.0,0,0,0,40.1,0.0,0.0,0.33,0.0,22.5,95.4,78.10040150989185,39.95879450711337,30.774108019742098,55.92374385486949,23.60009904341264,2399.0,38.81752477978907,0.1420124990399927,72.79877314377914,0.0,0.0,99.7,99.7,0.0,0.0,0.0,450.0,4388.9,0.0,0.0,18.557,1.749,20.306,32.92,2.107,18.199,emon,0.934,0.818,35.7,22.3,1.598
2026-09-29 23:00:08.164,7.0,0,100,11;26;8;8;5;2;2;0;0;7;0;0;100;5;5;14;0;2;2;0;0;0;0;3;0;0;0;0,1642,4791,4550;3443;3994;4104;2637;2207;2330;2893;2381;2354;1724;2168;4791;4787;4030;3978;1887;1642;2160;2586;1667;2536;1657;1831;2243;2214;2296;2216,100.0,0.0,4388.8,2,9,843,12227,30,9.9,2565,14001,1,16,0,0,0,0,0.0,0,0,0,0,0,0.0,0.0,0.0,0,0,0,40.1,0.0,0.0,0.33,0.0,22.5,95.4,81.41287792430205,39.1570005977855,29.87223232493681,54.58612195183249,23.062004538143384,2399.0,38.07996509118718,0.13899342674652443,76.53233513148392,0.0,0.0,99.7,99.7,0.0,0.0,0.0,450.0,4388.8,0.0,0.0,18.557,1.749,20.306,32.92,2.107,18.199,emon,0.934,0.818,35.7,22.3,1.598
2026-09-29 23:00:09.165,7.0,0,100,9;31;9;9;2;0;0;3;0;0;0;2;100;2;9;6;2;2;0;0;0;0;0;6;0;3;0;2,1545,4798,4455;3186;4288;3969;2394;2032;2237;2640;1586;1545;1560;2469;4798;4796;3972;4149;2743;2782;1759;2711;1693;1928;1816;2653;2557;2355;2188;2301,77.4,0.0,4388.8,2,10,842,12227,30,9.9,2565,14001,1,16,0,0,0,0,0.0,0,0,0,0,0,0.0,0.0,0.0,0,0,0,40.1,0.0,0.0,0.33,0.0,22.5,95.4,79.95661923620436,43.56373320685493,32.632655461629234,60.22086376614041,24.725274721781414,2399.0,41.31615550941529,0.15957505765577984,77.80283477902412,0.0,0.0,99.5,99.4,0.0,0.0,0.0,450.0,4388.8,0.0,0.0,55.741,1.181,56.922,34.643,2.217,54.705,emon,0.955,0.681,35.8,22.1,1.618
2026-09-29 23:00:10.165,7.7,0,100,9;37;18;5;0;0;3;0;3;5;2;3;100;9;2;12;0;0;2;0;2;0;0;0;2;0;0;3,1448,4799,4335;3176;4245;4212;1909;1770;2350;1776;2270;1793;1575;2103;4797;4799;3841;4169;1448;1719;2038;1696;2720;2155;2105;2178;2174;2073;2143;2185,100.0,0.0,4388.8,2,10,842,12227,30,9.6,2565,14001,1,16,0,0,0,0,0.0,0,0,0,0,0,0.0,0.0,0.0,0,0,0,40.1,0.0,0.0,0.33,0.0,22.5,95.4,80.04613216718037,41.872386084662544,33.21995480855306,59.42533450656467,26.127692010667587,2399.0,42.32424742171619,0.13971460915894973,77.80826657948394,0.0,0.0,99.6,99.6,0.0,0.0,0.0,450.0,4388.9,0.0,0.0,55.741,1.181,56.922,34.643,2.217,54.705,emon,0.955,0.681,35.8,22.1,1.618
2026-09-29 23:00:11.166,8.8,0,97,12;35;11;17;5;3;0;2;0;3;2;0;97;12;14;9;1;0;2;1;4;0;2;2;2;5;2;4,1794,4790,4465;3232;4128;3910;2226;2586;1794;2421;2601;2257;2344;2342;4790;4789;4240;3861;2259;2084;2652;2004;2747;1805;2311;2444;2066;2193;2092;2332,100.0,0.0,4388.9,2,9,843,12227,30,9.6,2565,14001,1,16,0,0,0,0,0.0,0,0,0,0,0,0.0,0.0,0.0,0,0,0,40.1,0.0,0.0,0.33,0.0,22.5,95.4,80.09880272547404,42.58007303873698,33.32340176900228,60.04109658135308,26.018877665201824,2399.0,41.846743515505096,0.1473090867770629,77.8106967376338,0.0,0.0,99.5,99.4,0.0,0.0,0.0,450.0,4388.9,0.0,0.0,55.741,1.181,56.922,34.643,2.217,54.705,emon,0.955,0.681,35.8,22.1,1.618
2026-09-29 23:00:12.166,6.8,0,98,5;33;5;6;3;0;0;2;0;0;0;0;98;5;11;8;0;0;0;2;2;3;2;2;3;2;2;0,1447,4800,4479;3313;3945;3965;2679;1623;3001;2590;2044;1865;1783;1727;4795;4800;4028;4138;2031;1447;2626;2224;2310;3025;2072;2071;2061;2066;2099;2066,100.0,0.0,4388.9,3,10,843,12227,30,9.6,2565,14001,1,16,0,0,0,0,0.0,0,0,0,0,0,0.0,0.0,0.0,0,0,0,40.1,0.0,0.0,0.33,0.0,22.4,95.4,85.364959359169,44.857300758361816,34.12844371795654,62.44127368927002,26.319350481033325,2399.0,43.464440762181766,0.15896702793543227,81.3042112402618,0.0,0.0,99.8,99.8,0.0,0.0,0.0,450.0,4388.9,0.0,0.0,55.741,1.181,56.922,34.643,2.217,54.705,emon,0.955,0.681,35.8,22.1,1.618
2026-09-29 23:00:13.167,7.9,0,100,5;34;12;5;5;3;2;0;2;3;2;3;100;8;5;8;3;2;2;1;6;2;2;0;2;0;3;3,1381,4793,4486;3194;4186;4173;3043;2562;2598;2134;1381;2909;2097;2279;4793;4793;3985;3733;3037;2390;2473;2624;2697;2297;2454;2410;2370;2278;2238;2291,100.0,0.0,4388.9,2,10,843,12227,30,9.6,2565,14001,1,16,0,0,0,0,0.0,0,0,0,0,0,0.0,0.0,0.0,0,0,0,40.1,0.0,0.0,0.33,0.0,22.4,95.4,80.17440756162007,42.009949154324005,32.526558770073784,58.965102937486435,25.391723950703938,2399.0,41.45426947982438,0.14427440061182198,77.80876227468252,0.0,0.0,99.5,99.5,0.0,0.0,0.0,450.0,4388.9,0.0,0.0,55.741,1.181,56.922,34.643,2.217,54.705,emon,0.955,0.681,35.8,22.1,1.618
2026-09-29 23:00:14.167,7.4,0,98,12;24;11;5;2;2;2;3;0;3;0;2;98;11;3;16;0;3;2;3;0;0;0;0;2;3;0;2,1664,4800,4541;3223;4076;3760;1664;1758;1715;2136;1992;2313;1955;2605;4799;4800;3875;4213;1878;1766;2008;1713;1998;2425;1667;2111;2173;2070;1896;2111,87.8,0.0,4388.9,3,10,843,12227,30,9.6,2565,14001,1,16,0,0,0,0,0.0,0,0,0,0,0,0.0,0.0,0.0,0,0,0,41.1,0.0,0.0,0.33,0.0,22.4,95.4,82.8847493827343,44.21264171600342,34.37370729446411,62.16083908081055,27.357770442962646,2399.0,43.228714012293494,0.1527087417198345,81.2719310913235,0.0,0.0,99.7,99.6,0.0,0.0,0.0,450.0,4388.9,0.0,0.0,55.741,1.181,56.922,34.643,2.217,54.705,emon,0.955,0.681,35.8,22.1,1.618
2026-09-29 23:00:15.168,7.5,0,98,14;29;11;5;2;0;0;0;2;3;2;2;98;6;8;9;0;2;2;2;0;0;2;0;2;5;3;3,1465,4795,4543;3373;4186;3566;2432;2487;2171;2072;2619;2217;2646;2535;4795;4792;4138;4111;2258;2472;2343;2404;2879;1465;3027;1768;2247;2433;2284;2230,100.0,0.0,4389.5,2,12,842,12227,30,9.6,2565,14001,1,16,0,0,0,0,0.0,0,0,0,0,0,0.0,0.0,0.0,0,0,0,40.1,0.0,0.0,0.33,0.0,22.4,95.4,76.73730112376965,40.63220395539936,31.508100007709704,57.099016289961966,24.62915631344444,2399.0,40.28502123794016,0.13986276950393067,73.72544712769358,0.0,0.0,99.6,99.6,0.0,0.0,0.0,450.0,4389.5,0.0,0.0,55.741,1.181,56.922,34.643,2.217,54.705,emon,0.955,0.681,35.8,22.1,1.618
2026-09-29 23:00:16.168,6.7,0,100,9;28;5;8;2;3;0;0;2;3;0;0;100;6;9;6;0;0;2;0;0;2;0;2;0;0;2;2,1361,4798,4581;3247;3876;3830;2093;2174;1591;2493;2134;2620;2138;2751;4797;4798;3824;4113;1997;1361;2353;2004;2107;2572;1793;2186;2005;2208;2226;2079,100.0,0.0,4389.5,2,10,843,12227,30,9.6,2565,14001,1,16,0,0,0,0,0.0,0,0,0,0,0,0.0,0.0,0.0,0,0,0,40.1,0.0,0.0,0.33,0.0,22.4,95.4,80.41451870070563,39.92446984185113,30.51403596666124,55.7634391784668,23.651707861158584,2399.0,39.091797500318435,0.1418899357215398,77.81200941983197,0.0,0.0,99.6,99.6,0.0,0.0,0.0,450.0,4389.5,0.0,0.0,55.741,1.181,56.922,34.643,2.217,54.705,emon,0.955,0.681,35.8,22.1,1.618
2026-09-29 23:00:17.168,6.9,0,100,6;34;5;9;2;2;0;2;2;0;0;2;100;2;8;12;0;2;0;2;0;0;0;0;2;0;2;3,1706,4792,4449;3338;3937;4139;2013;2289;1956;1875;2055;1955;2368;2599;4790;4792;4322;4100;2296;2455;1706;2493;2223;2120;2171;1939;2453;2247;2320;2188,73.3,0.0,4389.5,2,17,843,12227,30,9.6,2565,14001,1,16,0,0,0,0,0.0,0,0,0,0,0,0.0,0.0,0.0,0,0,0,40.1,0.0,0.0,0.33,0.0,22.4,95.4,75.15068663491144,40.16581302218967,30.68423737419976,56.06427764892578,23.56320201026069,2399.0,38.678260276271935,0.14405806516555864,72.26683273657949,0.0,0.0,99.6,99.5,0.0,0.0,0.0,450.0,4389.5,0.0,0.0,55.741,1.181,56.922,34.643,2.217,54.705,emon,0.955,0.681,35.8,22.1,1.618
2026-09-29 23:00:18.169,7.7,0,97,9;31;11;11;0;2;0;0;2;2;0;3;97;11;16;12;5;0;0;2;0;0;0;2;2;0;0;0,1427,4796,4452;3073;4153;4127;2260;2600;2128;2403;2337;1427;2607;2591;4787;4796;4219;4075;2316;1554;1712;2046;1737;2116;2168;2058;2044;1971;2092;2106,93.8,0.0,4389.5,3,9,842,12227,30,9.6,2565,14001,1,16,0,0,0,0,0.0,0,0,0,0,0,0.0,0.0,0.0,0,0,0,40.1,0.0,0.0,0.33,0.0,22.4,95.4,77.71777334213257,37.91370258331299,29.844068908691405,53.66542415618896,23.386070823669435,2399.0,37.53228109914344,0.13247917526168748,75.0344621481374,0.0,0.0,99.7,99.6,0.0,0.0,0.0,450.0,4389.5,0.0,0.0,55.741,1.181,56.922,34.643,2.217,54.705,emon,0.955,0.681,35.8,22.1,1.618
2026-09-29 23:00:19.188,8.3,0,100,15;27;12;11;3;0;2;2;3;3;2;2;100;6;6;11;0;2;0;2;2;2;2;3;3;3;2;10,1538,4796,4551;3170;4139;3853;2478;2541;2597;2132;1996;2222;1645;2196;4793;4796;3848;4006;1541;1690;1538;2915;1797;1979;2104;1843;2240;2285;2116;2394,93.8,0.0,4389.5,2,18,843,12227,30,9.6,2565,14001,1,16,0,0,0,0,0.0,0,0,0,0,0,0.0,0.0,0.0,0,0,0,40.1,0.0,0.0,0.33,0.0,22.4,95.4,79.7825042406718,43.24804072909885,33.050755182902016,60.37723583645291,25.801860173543293,2399.0,41.65933777447208,0.1541551845924308,77.80317972559068,0.0,0.0,99.7,99.7,0.0,0.0,0.0,450.0,4389.5,0.0,0.0,55.741,1.181,56.922,34.643,2.217,54.705,emon,0.955,0.681,35.8,22.1,1.618
2026-09-29 23:00:20.188,7.1,0,97,14;32;6;5;0;0;3;0;0;0;0;0;97;9;5;9;0;2;0;0;2;0;0;0;3;6;2;5,1428,4778,4540;3446;3682;3884;2500;2590;2197;2408;2309;2362;2361;2634;4778;4765;3796;4021;1938;2440;1428;1962;2225;2254;2205;2710;2607;2755;2640;2707,100.0,0.0,4389.5,2,9,846,12227,30,9.6,2565,14001,1,16,0,0,0,0,0.0,0,0,0,0,0,0.0,0.0,0.0,0,0,0,40.1,0.0,0.0,0.33,0.0,22.4,95.4,77.39781008958816,40.73496589660645,32.056860733032224,57.64386749267578,25.198942375183105,2399.0,40.61216362151608,0.13998260095249862,75.02646457701921,0.0,0.0,99.4,99.3,0.0,0.0,0.0,450.0,4389.5,0.0,0.0,55.768,1.209,56.978,34.947,2.237,54.741,emon,0.954,0.659,36.3,22.2,1.636
2026-09-29 23:00:21.189,7.9,0,100,8;24;12;9;3;2;0;3;0;2;0;3;100;14;11;9;0;0;0;3;2;3;0;5;0;2;3;3,1599,4799,4464;3209;3801;3896;2400;2300;1947;2473;1971;2097;1599;2260;4799;4796;4258;4184;2152;1785;2621;2602;2276;1804;1638;2820;2233;2238;2184;2300,90.4,0.0,4389.5,2,18,845,12227,30,10.0,2565,14001,1,16,0,0,0,0,0.0,0,0,0,0,0,0.0,0.0,0.0,0,0,0,40.1,0.0,0.0,0.33,0.0,22.4,95.4,83.15289039611817,40.92606293273469,30.946375706543524,56.863404069220024,23.91460189819336,2399.0,39.54375103310061,0.14752630762134988,80.04158795873325,0.0,0.0,99.7,99.7,0.0,0.0,0.0,450.0,4389.5,0.0,0.0,55.768,1.209,56.978,34.947,2.237,54.741,emon,0.954,0.659,36.3,22.2,1.636
2026-09-29 23:00:22.190,7.7,0,95,12;26;9;3;2;3;0;0;3;3;5;5;95;8;9;16;2;0;0;3;2;0;2;3;2;0;3;0,1385,4783,4443;3164;3920;3588;2279;2562;3043;2841;3187;3251;3333;3150;4783;4778;4050;4413;2788;2674;2168;2452;2439;1385;2878;2223;2195;2221;2124;2113,100.0,0.0,4389.5,2,13,845,12227,30,10.0,2565,14001,1,16,0,0,0,0,0.0,0,0,0,0,0,0.0,0.0,0.0,0,0,0,40.1,0.0,0.0,0.33,0.0,22.4,95.4,80.91221785545349,43.52596304151747,32.51970905727811,60.13450707329644,24.821589999728733,2399.0,41.159853033048826,0.16155003003465632,77.8208043165505,0.0,0.0,99.6,99.6,0.0,0.0,0.0,450.0,4389.5,0.0,0.0,55.768,1.209,56.978,34.947,2.237,54.741,emon,0.954,0.659,36.3,22.2,1.636
2026-09-29 23:00:23.190,7.7,0,97,11;25;8;16;3;3;0;2;2;0;2;2;97;8;12;9;2;2;7;0;0;0;2;0;0;3;0;2,1603,4794,4454;3128;3803;3961;1950;2902;1959;2575;1890;1603;1926;2239;4793;4794;4177;4113;2385;2240;2914;2526;1958;1797;2893;2145;2210;2427;2233;2302,100.0,0.0,4389.5,2,10,845,12227,30,10.0,2565,14001,1,16,0,0,0,0,0.0,0,0,0,0,0,0.0,0.0,0.0,0,0,0,40.1,0.0,0.0,0.33,0.0,22.4,95.4,76.25007263096896,39.982627868652344,30.970868370749734,56.164769259366125,24.088310848582875,2399.0,39.23872964479431,0.14031852420885116,72.77595677142116,0.0,0.0,99.4,99.4,0.0,0.0,0.0,450.0,4389.5,0.0,0.0,55.768,1.209,56.978,34.947,2.237,54.741,emon,0.954,0.659,36.3,22.2,1.636
2026-09-29 23:00:24.191,7.8,0,98,5;36;11;7;9;2;2;0;0;0;0;0;98;8;19;8;2;0;0;2;0;3;2;2;0;2;3;0,1648,4798,4439;3293;4259;3809;2509;1943;2374;3038;2065;1917;2212;2285;4793;4798;4360;4112;1757;1921;2641;1796;1648;2053;1984;2893;2240;1964;2223;1999,100.0,0.0,4389.5,3,10,845,12227,30,10.0,2565,14001,1,16,0,0,0,0,0.0,0,0,0,0,0,0.0,0.0,0.0,0,0,0,40.1,0.0,0.0,0.33,0.0,22.4,95.4,77.10378353595733,39.58561315536499,30.73342618942261,55.64174575805664,24.03494381904602,2399.0,38.84210603635874,0.13976835162611678,75.02671125605703,0.0,0.0,99.6,99.6,0.0,0.0,0.0,450.0,4389.5,0.0,0.0,55.768,1.209,56.978,34.947,2.237,54.741,emon,0.954,0.659,36.3,22.2,1.636
2026-09-29 23:00:25.191,8.1,0,95,18;38;11;15;5;1;2;6;0;3;0;0;95;6;9;8;0;0;0;0;0;1;0;0;3;0;3;2,1308,4792,4445;3143;4167;4262;2723;1330;1608;1848;2370;1710;2003;1889;4784;4792;4072;3904;1656;1908;1308;1660;1869;2182;1974;2008;2491;2276;2434;2249,93.9,0.0,4389.5,2,10,845,12227,30,10.0,2565,14001,1,16,0,0,0,0,0.0,0,0,0,0,0,0.0,0.0,0.0,0,0,0,40.1,0.0,0.0,0.33,0.0,22.4,95.4,86.83047219685146,47.00474875313895,36.46950612749372,66.0473267691476,28.611135755266464,2399.0,46.24891775826524,0.16174884785764984,85.72888495799687,0.0,0.0,99.6,99.6,0.0,0.0,0.0,450.0,4388.9,0.0,0.0,55.768,1.209,56.978,34.947,2.237,54.741,emon,0.954,0.659,36.3,22.2,1.636
2026-09-29 23:00:26.191,8.3,0,100,12;28;14;6;2;5;0;0;0;0;3;2;100;17;14;8;3;3;0;0;0;2;2;2;2;2;5;2,1659,4799,4547;3239;3906;3794;2717;2082;2364;2261;1659;2047;3140;2097;4796;4799;3981;3703;2694;2530;2214;2019;1907;2522;2966;2004;2024;2135;2287;2302,100.0,0.0,4388.9,3,10,845,12227,30,10.0,2565,14001,1,16,0,0,0,0,0.0,0,0,0,0,0,0.0,0.0,0.0,0,0,0,40.1,0.0,0.0,0.33,0.0,22.4,95.4,78.60624125003815,41.41691970825195,31.60488929748535,57.639003372192384,24.16646604537964,2399.0,38.999199260643216,0.15255769926588983,75.04824058189988,0.0,0.0,99.6,99.5,0.0,0.0,0.0,450.0,4388.9,0.0,0.0,55.768,1.209,56.978,34.947,2.237,54.741,emon,0.954,0.659,36.3,22.2,1.636
2026-09-29 23:00:27.192,8.1,0,100,8;39;6;9;5;0;0;3;3;0;2;5;100;9;9;9;0;2;2;2;2;3;3;0;0;3;0;3,1629,4799,4425;3314;3835;4182;2606;3038;1912;2634;1987;2309;1786;2893;4795;4799;3940;4023;2215;2442;1629;2093;2340;2318;2323;2427;2224;2244;2089;2321,100.0,0.0,4388.9,3,13,844,12227,30,10.0,2565,14001,1,16,0,0,0,0,0.0,0,0,0,0,0,0.0,0.0,0.0,0,0,0,40.1,0.0,0.0,0.33,0.0,22.4,95.4,80.3158193429311,39.97250196668837,30.6808893415663,55.85880364312066,23.8045842912462,2399.0,38.863991834436696,0.15399216692377296,72.69054183053474,0.0,0.0,99.6,99.6,0.0,0.0,0.0,450.0,4388.9,0.0,0.0,55.768,1.209,56.978,34.947,2.237,54.741,emon,0.954,0.659,36.3,22.2,1.636
2026-09-29 23:00:28.192,7.7,0,98,12;19;8;12;3;2;0;0;2;0;0;0;98;11;11;19;0;0;0;2;2;0;6;2;0;2;2;3,1564,4799,4486;3169;3811;3701;2496;2365;2308;2570;2720;2136;1941;2412;4790;4799;4173;4442;2521;1564;2380;1842;2678;2012;1908;2299;2052;2030;2012;2376,89.4,0.0,4388.9,3,10,845,12227,30,10.0,2565,14001,1,16,0,0,0,0,0.0,0,0,0,0,0,0.0,0.0,0.0,0,0,0,40.1,0.0,0.0,0.33,0.0,22.4,95.4,77.60434141159058,41.50125980377197,31.91475143432617,58.06542129516602,24.70415449142456,2399.0,40.56909065014916,0.14569365791976452,75.03213648274541,0.0,0.0,99.5,99.5,0.0,0.0,0.0,450.0,4388.9,0.0,0.0,55.768,1.209,56.978,34.947,2.237,54.741,emon,0.954,0.659,36.3,22.2,1.636
2026-09-29 23:00:29.193,7.3,0,98,16;24;11;2;0;3;5;0;2;0;0;5;98;5;11;5;0;0;3;2;0;0;3;0;3;2;6;0,1709,4792,4500;3401;3784;3765;1985;2345;2363;2033;2877;1709;2971;1827;4789;4792;4210;4064;1866;2017;2504;2767;2041;2098;2182;2849;2257;2411;2317;2026,100.0,0.0,4388.9,2,9,845,12227,30,10.0,2565,14001,1,16,0,0,0,0,0.0,0,0,0,0,0,0.0,0.0,0.0,0,0,0,41.1,0.0,0.0,0.33,0.0,22.4,95.4,74.47507127126057,39.43806457519531,30.10760988507952,54.950487409319194,23.27909060886928,2399.0,37.58172542331297,0.1431799273317059,71.46809411332721,0.0,0.0,99.4,99.4,0.0,0.0,0.0,450.0,4388.9,0.0,0.0,55.768,1.209,56.978,34.947,2.237,54.741,emon,0.954,0.659,36.3,22.2,1.636
2026-09-29 23:00:30.193,7.6,0,98,14;25;23;6;3;0;2;2;0;2;3;2;98;11;6;3;2;0;0;0;2;0;2;2;3;3;0;0,1711,4796,4510;3160;4109;3697;2280;2543;2157;2039;1711;2089;1972;2704;4793;4796;3849;3868;1833;1885;2384;2291;3064;2891;2927;2929;2006;2194;2040;2117,93.0,0.0,4388.9,3,10,846,12227,30,10.0,2565,14001,1,16,0,0,0,0,0.0,0,0,0,0,0,0.0,0.0,0.0,0,0,0,41.1,0.0,0.0,0.33,0.0,22.4,95.4,84.27364772558212,44.96917700767517,34.1519250869751,62.53019142150879,26.549339652061462,2399.0,43.156016156222904,0.16116406541550532,81.28573146136478,0.0,0.0,99.6,99.5,0.0,0.0,0.0,450.0,4388.9,0.0,0.0,55.908,1.257,57.165,38.317,2.452,54.713,emon,0.953,0.664,36.1,22.4,1.616
2026-09-29 23:00:31.193,7.7,0,98,8;31;8;13;0;3;0;3;2;3;0;0;98;12;11;12;0;1;0;0;0;0;3;2;2;2;2;2,1394,4795,4427;3163;4035;4199;2636;1753;1859;2234;2212;2483;1802;1394;4795;4791;3974;4223;1422;2035;2442;2049;1459;1509;3014;2234;2225;2416;2254;2075,100.0,0.0,4388.9,2,12,845,12227,30,10.0,2565,14001,1,16,0,0,0,0,0.0,0,0,0,0,0,0.0,0.0,0.0,0,0,0,40.1,0.0,0.0,0.33,0.0,22.4,95.4,75.88402097875422,40.72515574368563,30.48274629766291,56.23310019753196,23.07874228737571,2399.0,38.20886126051085,0.15154479108539157,72.76257878897542,0.0,0.0,99.5,99.4,0.0,0.0,0.0,450.0,4388.9,0.0,0.0,55.908,1.257,57.165,38.317,2.452,54.713,emon,0.953,0.664,36.1,22.4,1.616
2026-09-29 23:00:32.194,7.5,0,100,12;21;6;12;3;0;0;5;0;2;0;2;100;8;19;8;0;0;0;0;2;2;0;6;0;2;0;2,1556,4797,4561;3229;4043;4014;2308;1556;2194;2109;2045;2207;2679;2336;4797;4797;4141;4072;2051;2209;2540;2710;2023;2001;2051;2080;1891;1894;2132;1946,90.5,0.0,4388.9,2,13,845,12227,30,10.0,2565,14001,1,16,0,0,0,0,0.0,0,0,0,0,0,0.0,0.0,0.0,0,0,0,40.1,0.0,0.0,0.33,0.0,22.4,95.4,78.2030395900502,42.28648578419405,32.63566701552447,59.241753073299634,25.549269171322095,2399.0,41.21872698130113,0.14707192644367323,76.49263144109179,0.0,0.0,99.6,99.6,0.0,0.0,0.0,450.0,4388.9,0.0,0.0,55.908,1.257,57.165,38.317,2.452,54.713,emon,0.953,0.664,36.1,22.4,1.616
2026-09-29 23:00:33.194,8.1,0,100,9;41;8;9;0;2;2;3;3;2;0;2;100;8;14;6;0;0;2;0;0;0;5;2;3;2;5;0,1713,4798,4443;3453;3950;4104;2250;2169;2398;2146;2555;1968;2429;2779;4798;4798;4216;3653;2011;3129;2165;1713;1993;2401;2953;2665;2482;2412;2393;2356,100.0,0.0,4388.9,3,10,844,12227,30,10.0,2565,14001,1,16,0,0,0,0,0.0,0,0,0,0,0,0.0,0.0,0.0,0,0,0,40.1,0.0,0.0,0.33,0.0,22.4,95.4,76.12208138812672,38.66979165510698,30.296390186656605,54.57434064691717,23.799687558954414,2399.0,38.5112731428764,0.13326771670571444,72.77103203602813,0.0,0.0,99.5,99.5,0.0,0.0,0.0,450.0,4388.9,0.0,0.0,55.908,1.257,57.165,38.317,2.452,54.713,emon,0.953,0.664,36.1,22.4,1.616
2026-09-29 23:00:34.195,8.0,0,98,12;30;9;16;5;2;0;0;6;0;2;0;98;9;5;12;0;2;0;2;2;0;2;2;0;3;2;5,1384,4790,4481;3079;4091;4033;2185;2351;2839;1685;2437;1384;3473;2172;4788;4790;3691;4112;2294;1825;1583;2300;2332;1408;1599;2201;2157;2362;2309;2257,100.0,0.0,4388.9,2,15,845,12227,30,10.0,2565,14001,1,16,0,0,0,0,0.0,0,0,0,0,0,0.0,0.0,0.0,0,0,0,40.1,0.0,0.0,0.33,0.0,22.4,95.4,80.66267259915669,43.32383473714193,32.76952891879611,60.108306884765625,25.107195748223198,2399.0,41.411208076221456,0.15531070300170946,77.81778034443657,0.0,0.0,99.7,99.7,0.0,0.0,0.0,450.0,4388.9,0.0,0.0,55.908,1.257,57.165,38.317,2.452,54.713,emon,0.953,0.664,36.1,22.4,1.616
2026-09-29 23:00:35.195,9.0,0,98,22;31;16;9;3;5;1;2;3;2;3;5;98;8;14;6;3;3;3;3;0;0;2;0;0;2;3;5,1616,4787,4558;3388;4097;4178;2516;2784;3485;3090;1755;1616;2562;2017;4787;4785;4110;4057;3460;3554;3480;3418;2791;2785;3170;2753;2336;2188;2466;2374,100.0,0.0,4388.9,2,11,845,12227,30,9.6,2565,14001,1,16,0,0,0,0,0.0,0,0,0,0,0,0.0,0.0,0.0,0,0,0,41.1,0.0,0.0,0.33,0.0,22.4,95.4,82.41513991355896,45.151262044906616,34.603861570358276,63.01194620132446,26.968607306480408,2399.0,43.384818211481615,0.15919337510422338,81.26434030057862,0.0,0.0,99.5,99.5,0.0,0.0,0.0,450.0,4389.6,0.0,0.0,55.908,1.257,57.165,38.317,2.452,54.713,emon,0.953,0.664,36.1,22.4,1.616
2026-09-29 23:00:36.195,7.6,0,98,9;28;12;11;2;0;0;2;0;0;6;3;98;5;12;9;2;0;2;0;2;0;0;0;3;3;3;0,1424,4797,4532;3211;4111;4148;2143;2187;1677;2142;1576;1424;2420;2195;4794;4797;4283;4099;2010;2167;2113;2030;1830;2093;2373;1952;2147;2067;2155;2071,100.0,0.0,4389.6,3,10,846,12227,30,9.6,2565,14001,1,16,0,0,0,0,0.0,0,0,0,0,0,0.0,0.0,0.0,0,0,0,41.1,0.0,0.0,0.33,0.0,22.4,95.4,82.74804398417473,45.17402243614197,34.5533812046051,63.179287910461426,26.931127071380615,2399.0,44.20083684751444,0.1587182767689228,81.2704070424661,0.0,0.0,99.6,99.6,0.0,0.0,0.0,450.0,4389.6,0.0,0.0,55.908,1.257,57.165,38.317,2.452,54.713,emon,0.953,0.664,36.1,22.4,1.616
2026-09-29 23:00:37.195,8.3,0,98,17;30;6;9;0;2;2;0;3;0;2;2;98;9;15;16;0;0;0;5;2;2;3;3;3;2;2;2,1247,4799,4490;3264;4020;4095;2109;2520;2400;2211;2683;2165;2441;2132;4791;4799;4105;4159;1247;1717;1844;2000;2172;2461;2771;2235;2132;2456;2100;2509,100.0,0.0,4389.6,2,10,845,12227,30,9.6,2565,14001,1,16,0,0,0,0,0.0,0,0,0,0,0,0.0,0.0,0.0,0,0,0,41.1,0.0,0.0,0.33,0.0,22.4,95.4,79.0841252207756,40.576920700073245,31.425806999206543,57.06329975128174,24.36864423751831,2399.0,40.04501535380841,0.14328811394516378,75.05651474762708,0.0,0.0,99.5,99.5,0.0,0.0,0.0,450.0,4389.6,0.0,0.0,55.908,1.257,57.165,38.317,2.452,54.713,emon,0.953,0.664,36.1,22.4,1.616
2026-09-29 23:00:38.195,7.5,0,97,9;34;14;12;2;3;0;3;0;2;2;0;97;5;5;5;0;3;3;3;0;0;0;3;3;0;0;3,1677,4799,4548;3435;4008;4013;2109;2661;2343;2028;1888;2658;1677;2285;4798;4799;3563;3778;2088;2374;2398;2047;1755;1931;2030;2100;2109;2123;2123;2158,100.0,0.0,4389.6,2,13,845,12227,30,9.6,2565,14001,1,16,0,0,0,0,0.0,0,0,0,0,0,0.0,0.0,0.0,0,0,0,41.1,0.0,0.0,0.33,0.0,22.4,95.4,77.74620769023895,41.458177375793454,31.897702789306642,58.15362548828125,24.854380226135255,2399.0,41.03216291178251,0.14460185911739246,75.03415448442101,0.0,0.0,99.7,99.6,0.0,0.0,0.0,450.0,4389.6,0.0,0.0,55.908,1.257,57.165,38.317,2.452,54.713,emon,0.953,0.664,36.1,22.4,1.616
2026-09-29 23:00:39.196,8.1,0,97,8;38;5;9;2;4;2;3;3;2;1;0;97;12;14;11;0;0;2;6;0;0;2;3;0;2;0;0,1535,4794,4445;3134;3816;3931;1912;2809;1840;2215;2340;2292;2607;2097;4794;4794;4024;4078;2118;2403;2394;1748;2435;1913;1535;2159;2380;2470;2131;2366,100.0,0.0,4389.6,2,13,845,12227,30,9.6,2565,14001,1,16,0,0,0,0,0.0,0,0,0,0,0,0.0,0.0,0.0,0,0,0,41.1,0.0,0.0,0.33,0.0,22.4,95.4,80.0533049636417,43.36445109049479,33.01864899529351,60.490480211046005,25.544174194335938,2399.0,41.68985991648515,0.15500539891783977,77.80814859995411,0.0,0.0,99.5,99.5,0.0,0.0,0.0,450.0,4389.6,0.0,0.0,55.908,1.257,57.165,38.317,2.452,54.713,emon,0.953,0.664,36.1,22.4,1.616
2026-09-29 23:00:40.196,7.6,0,97,11;24;5;9;0;3;0;0;3;2;2;4;97;6;11;11;2;3;2;3;0;2;2;5;2;0;2;3,1332,4788,4536;3288;4066;3916;2014;1893;1332;1345;2213;2198;1943;2277;4787;4788;4052;4070;2518;2467;1589;2050;2346;2670;2475;2250;2450;2307;2283;2289,73.7,0.0,4389.6,2,14,845,12227,30,9.6,2565,14001,1,16,0,0,0,0,0.0,0,0,0,0,0,0.0,0.0,0.0,0,0,0,40.1,0.0,0.0,0.33,0.0,22.4,95.4,81.76480213801067,44.44064636230469,33.80064951578776,61.97323201497396,26.421712748209636,2399.0,42.70336591372422,0.15865300747876365,80.02137996355692,0.0,0.0,99.8,99.7,0.0,0.0,0.0,450.0,4389.6,0.0,0.0,55.908,1.257,57.165,38.317,2.452,54.713,emon,0.953,0.664,36.1,22.4,1.616
2026-09-29 23:00:41.196,6.9,0,98,5;34;8;6;2;0;3;3;0;0;0;2;98;2;8;14;0;0;0;2;0;0;0;4;2;0;2;0,1288,4796,4535;3316;4216;3594;2611;1805;2102;1830;2448;1568;2195;2553;4796;4793;3985;3885;1701;2344;1461;2346;2157;1315;1288;2281;2328;2426;2119;2278,100.0,0.0,4389.6,2,12,845,12227,30,9.6,2565,14001,1,16,0,0,0,0,0.0,0,0,0,0,0,0.0,0.0,0.0,0,0,0,40.1,0.0,0.0,0.33,0.0,22.4,95.4,75.27664442495866,38.27804548090155,29.53962655500932,53.69298072294755,22.813315174796365,2399.0,37.586230100645814,0.13544191694183444,72.75831730240448,0.0,0.0,99.2,99.2,0.0,0.0,0.0,450.0,4389.6,0.0,0.0,55.614,1.189,56.803,33.015,2.113,54.69,emon,0.955,0.677,36.1,22.2,1.628
2026-09-29 23:00:42.197,7.8,0,95,12;30;11;12;0;0;2;0;0;2;0;5;95;6;6;12;0;0;4;3;0;2;2;5;2;3;3;2,1475,4790,4511;3212;4017;4282;2271;2624;2639;1548;2531;2579;1579;2733;4787;4790;3562;3722;2306;2613;2830;2847;1475;2761;2291;2520;2422;2062;2083;2086,93.5,0.0,4389.6,2,10,845,12227,30,9.6,2565,14001,1,16,0,0,0,0,0.0,0,0,0,0,0,0.0,0.0,0.0,0,0,0,40.1,0.0,0.0,0.33,0.0,22.4,95.4,85.56969034671783,44.81436586380005,34.1648313999176,62.581008434295654,26.464856505393982,2399.0,43.84661202711868,0.15863660752074793,81.31022753100842,0.0,0.0,99.7,99.7,0.0,0.0,0.0,450.0,4389.6,0.0,0.0,55.614,1.189,56.803,33.015,2.113,54.69,emon,0.955,0.677,36.1,22.2,1.628
2026-09-29 23:00:43.197,7.7,0,98,16;29;9;15;4;0;0;5;0;0;0;0;98;5;11;8;0;3;0;2;0;0;0;3;0;2;2;3,1487,4798,4546;3409;3638;4038;2224;1487;2519;1895;2685;1977;2065;2453;4797;4798;4005;3988;1798;2451;2134;2365;1713;1749;1823;2569;2119;2116;2012;2280,92.8,0.0,4389.6,2,17,845,12227,30,9.6,2565,14001,1,16,0,0,0,0,0.0,0,0,0,0,0,0.0,0.0,0.0,0,0,0,41.1,0.0,0.0,0.33,0.0,22.4,95.4,87.30596821648734,47.93302917480469,36.01155635288784,66.46686390468052,27.77347333090646,2399.0,46.098229661367704,0.17092472328139202,85.73662294128111,0.0,0.0,99.7,99.7,0.0,0.0,0.0,450.0,4389.6,0.0,0.0,55.614,1.189,56.803,33.015,2.113,54.69,emon,0.955,0.677,36.1,22.2,1.628
2026-09-29 23:00:44.197,6.8,0,98,9;32;3;6;3;0;2;2;0;2;0;2;98;6;12;6;2;0;2;0;0;2;0;3;0;0;0;0,1592,4796,4515;3282;3793;3902;2204;1592;2089;2081;2121;1913;2505;1997;4791;4796;4099;3990;2294;2195;2543;2339;1992;2440;1623;2806;2189;2320;2132;2207,93.3,0.0,4389.6,3,10,844,12227,30,9.6,2565,14001,1,16,0,0,0,0,0.0,0,0,0,0,0,0.0,0.0,0.0,0,0,0,41.1,0.0,0.0,0.33,0.0,22.4,95.4,77.50492165088653,41.274496459960936,31.84867992401123,57.909593963623045,24.95546922683716,2399.0,39.99754239988397,0.14624737211270258,75.03293700739741,0.0,0.0,99.6,99.6,0.0,0.0,0.0,450.0,4389.6,0.0,0.0,55.614,1.189,56.803,33.015,2.113,54.69,emon,0.955,0.677,36.1,22.2,1.628
2026-09-29 23:00:45.198,7.2,0,100,5;31;11;8;0;2;0;5;0;0;2;2;100;3;12;11;0;0;0;2;0;0;5;0;2;2;0;2,1533,4798,4250;3265;4331;3982;1764;2205;1563;2664;2261;2769;2467;2364;4798;4796;4133;4076;1561;1963;1536;2196;2817;1533;2858;1648;2092;2023;2129;2113,100.0,0.0,4388.9,2,18,844,12227,30,9.6,2565,14001,1,16,0,0,0,0,0.0,0,0,0,0,0,0.0,0.0,0.0,0,0,0,41.1,0.0,0.0,0.33,0.0,22.4,95.4,81.20550470881992,43.44737307230631,32.720490561591255,60.29947408040365,25.16964626312256,2399.0,41.51663855156706,0.15666779689490795,77.82768257500396,0.0,0.0,99.7,99.6,0.0,0.0,0.0,450.0,4388.9,0.0,0.0,55.614,1.189,56.803,33.015,2.113,54.69,emon,0.955,0.677,36.1,22.2,1.628
2026-09-29 23:00:46.198,7.7,0,53,12;28;6;8;0;3;0;4;1;0;1;2;53;50;16;16;2;0;0;0;0;2;0;0;0;0;8;3,1736,4777,4534;3939;3733;3993;2115;2065;2288;2474;1838;2400;2767;2599;4560;4777;4309;4274;1966;1876;2194;1736;1977;1951;2302;2177;2559;2590;2442;2439,100.0,0.0,4388.9,2,11,845,12227,30,9.6,2565,14001,1,16,0,0,0,0,0.0,0,0,0,0,0,0.0,0.0,0.0,0,0,0,41.1,0.0,0.0,0.33,0.0,22.4,95.4,72.53087479135264,38.28696789948837,29.847946498704992,53.902775308360226,23.08857188017472,2399.0,36.82738487676556,0.1372841294935864,69.60346042170472,0.0,0.0,99.4,99.3,0.0,0.0,0.0,450.0,4388.9,0.0,0.0,55.614,1.189,56.803,33.015,2.113,54.69,emon,0.955,0.677,36.1,22.2,1.628
2026-09-29 23:00:47.211,7.6,0,58,2;37;15;14;6;0;0;2;3;3;0;5;22;58;15;14;0;0;0;2;2;0;0;2;3;0;5;6,1714,4768,4512;3963;4317;4142;2116;2032;2389;2422;2158;1825;1852;1784;4303;4768;4136;4112;2459;1714;2145;2413;2721;2637;2629;2616;2303;2279;2336;2106,100.0,0.0,4388.9,3,10,845,12227,30,9.6,2565,14001,1,16,0,0,0,0,0.0,0,0,0,0,0,0.0,0.0,0.0,0,0,0,40.1,0.0,0.0,0.33,0.0,22.4,95.4,79.49988069534302,41.64746379852295,31.61889514923096,57.9443172454834,24.258674335479736,2399.0,39.740905022912195,0.15138406720943748,75.06134342551232,0.0,0.0,99.7,99.7,0.0,0.0,0.0,450.0,4388.9,0.0,0.0,55.614,1.189,56.803,33.015,2.113,54.69,emon,0.955,0.677,36.1,22.2,1.628
2026-09-29 23:00:48.211,7.4,0,69,11;29;0;9;5;0;0;2;5;0;5;8;34;69;11;6;5;0;2;2;3;0;0;0;3;0;2;0,1514,4784,4595;4164;3610;4190;2122;2164;1664;1908;1973;1747;1864;2071;4435;4784;4148;3995;2842;3039;2482;2604;2868;1677;1514;1902;2393;2396;2262;2191,100.0,0.0,4388.9,2,10,846,12227,30,10.6,2565,14001,1,16,0,0,0,0,0.0,0,0,0,0,0,0.0,0.0,0.0,0,0,0,40.1,0.0,0.0,0.33,0.0,22.4,95.4,81.27974825435214,41.913323720296226,32.71325069003635,58.982631259494354,25.043907907274033,2399.0,41.101962450477814,0.14766663082668352,77.82700984262758,0.0,0.0,99.7,99.7,0.0,0.0,0.0,450.0,4388.9,0.0,0.0,55.614,1.189,56.803,33.015,2.113,54.69,emon,0.955,0.677,36.1,22.2,1.628
2026-09-29 23:00:49.212,7.4,0,64,5;34;9;3;8;2;2;3;6;2;3;2;23;64;14;11;3;0;2;0;0;2;0;5;2;2;0;2,1472,4785,4509;4145;4248;3707;3003;1555;1691;2646;3092;2863;3369;2631;4410;4785;4211;4182;2472;2152;1703;1472;2075;1853;2132;2616;2276;2232;2295;2464,95.6,0.0,4388.9,2,10,845,12227,30,10.6,2565,14001,1,16,0,0,0,0,0.0,0,0,0,0,0,0.0,0.0,0.0,0,0,0,40.1,0.0,0.0,0.33,0.0,22.4,95.4,78.49348289966584,41.09514331817627,31.82799663543701,57.726814651489256,24.702906131744385,2399.0,40.58135734258976,0.14282509993063286,75.04867436606438,0.0,0.0,99.4,99.4,0.0,0.0,0.0,450.0,4388.9,0.0,0.0,55.614,1.189,56.803,33.015,2.113,54.69,emon,0.955,0.677,36.1,22.2,1.628
2026-09-29 23:00:50.212,6.9,0,55,9;19;5;3;2;2;0;2;6;5;3;9;32;55;11;8;0;0;2;0;2;0;0;2;3;8;2;5,1285,4786,4479;4004;3891;3910;1626;1781;1963;1655;3179;3369;2762;3106;4373;4786;4216;4058;1285;1438;2642;1486;1954;1799;1437;2196;2529;2600;2430;2379,78.7,0.0,4388.9,2,10,845,12227,30,10.6,2565,14001,1,16,0,0,0,0,0.0,0,0,0,0,0,0.0,0.0,0.0,0,0,0,40.1,0.0,0.0,0.33,0.0,22.4,95.4,80.0834276676178,43.528585010104706,32.79274050394694,60.37110053168403,25.23798444535997,2399.0,41.836529965098535,0.15494133349663267,77.81009181671672,0.0,0.0,99.7,99.7,0.0,0.0,0.0,450.0,4388.9,0.0,0.0,55.614,1.189,56.803,33.015,2.113,54.69,emon,0.955,0.677,36.1,22.2,1.628
2026-09-29 23:00:51.212,6.9,0,52,14;35;8;8;0;3;0;3;0;3;0;2;38;52;8;9;0;3;2;0;3;0;0;0;0;0;0;2,1899,4760,4575;4152;4005;4061;2236;2365;2039;2216;2342;2425;2637;2088;4352;4760;4015;4023;2178;2709;2104;2156;2720;1899;2150;2052;2110;2229;1957;2068,94.3,0.0,4388.9,2,10,845,12227,30,10.6,2565,14001,1,16,0,0,0,0,0.0,0,0,0,0,0,0.0,0.0,0.0,0,0,0,40.1,0.0,0.0,0.33,0.0,22.4,95.4,78.4342318422654,42.55644607543945,32.284801707548255,59.2242862477022,24.978474560905905,2399.0,41.25095015184899,0.1493247480761698,76.49803378082373,0.0,0.0,99.7,99.6,0.0,0.0,0.0,450.0,4388.9,0.0,0.0,55.444,1.229,56.673,35.181,2.252,54.421,emon,0.955,0.664,36.1,22.4,1.609
2026-09-29 23:00:52.213,7.5,0,67,9;42;8;8;0;2;0;0;2;2;0;3;23;67;12;11;0;0;2;0;2;3;5;5;0;5;0;2,1682,4769,4574;4174;3753;3584;1928;2167;2132;2313;2001;2304;2521;2828;4381;4769;4252;4183;1682;2109;2946;2010;2756;2723;2564;2243;2233;2194;2014;2234,100.0,0.0,4388.9,2,16,845,12227,30,10.4,2565,14001,1,16,0,0,0,0,0.0,0,0,0,0,0,0.0,0.0,0.0,0,0,0,40.1,0.0,0.0,0.33,0.0,22.4,95.4,76.68251416683196,41.33998699188233,31.658421325683594,57.780280685424806,24.61556558609009,2399.0,40.20304825515486,0.14459991838084535,75.02048740368336,0.0,0.0,99.5,99.5,0.0,0.0,0.0,450.0,4388.9,0.0,0.0,55.444,1.229,56.673,35.181,2.252,54.421,emon,0.955,0.664,36.1,22.4,1.609
2026-09-29 23:00:53.213,7.4,0,56,9;25;8;8;2;5;2;5;2;2;0;3;33;56;14;9;3;3;0;3;3;2;5;5;0;2;0;2,1825,4778,4447;4036;4090;4165;2036;2361;1920;1886;1836;2394;2200;2164;4393;4778;4305;4170;1825;1950;2033;2105;2825;2630;2610;2139;2290;2362;2200;2404,93.8,0.0,4388.9,3,10,845,12227,30,10.4,2565,14001,1,16,0,0,0,0,0.0,0,0,0,0,0,0.0,0.0,0.0,0,0,0,40.1,0.0,0.0,0.33,0.0,22.4,95.4,92.42669224739075,51.138211250305176,38.475871086120605,70.87706438700359,29.919323921203613,2399.0,48.851106550428085,0.1815261838492006,91.67486411208908,0.0,0.0,99.8,99.8,0.0,0.0,0.0,450.0,4388.9,0.0,0.0,55.444,1.229,56.673,35.181,2.252,54.421,emon,0.955,0.664,36.1,22.4,1.609
2026-09-29 23:00:54.226,7.9,0,43,8;24;6;9;6;6;4;6;6;2;2;0;42;43;15;17;0;5;0;5;0;0;2;0;2;2;6;3,1542,4776,4458;4011;3767;4110;2799;3370;3364;2886;2367;1878;2901;1542;4347;4776;4246;4175;2085;1803;2615;1971;2282;1887;1809;2093;2402;2500;2517;2391,100.0,0.0,4388.9,2,10,844,12227,30,10.4,2565,14001,1,16,0,0,0,0,0.0,0,0,0,0,0,0.0,0.0,0.0,0,0,0,40.1,0.0,0.0,0.33,0.0,22.4,95.4,77.97693607807159,41.48983268737793,31.73907527923584,57.91106033325195,24.66060953140259,2399.0,39.6321054828004,0.14878393958788366,75.03940794169903,0.0,0.0,99.5,99.5,0.0,0.0,0.0,450.0,4388.9,0.0,0.0,55.444,1.229,56.673,35.181,2.252,54.421,emon,0.955,0.664,36.1,22.4,1.609
2026-09-29 23:00:55.227,7.0,0,61,9;23;9;14;2;2;2;3;0;2;2;2;32;61;11;6;0;2;0;2;3;2;2;2;0;3;2;2,1697,4766,4494;3913;4097;4318;2457;2762;2933;2584;1923;2264;2261;1697;4398;4766;4137;4161;1761;1720;2821;1869;1853;2166;2136;1885;2143;2072;2084;2015,93.8,0.0,4388.9,3,11,846,12227,30,10.4,2565,14001,1,16,0,0,0,0,0.0,0,0,0,0,0,0.0,0.0,0.0,0,0,0,40.1,0.0,0.0,0.33,0.0,22.4,95.4,76.60475640296936,41.372911262512204,31.971623992919923,58.07916946411133,24.74280729293823,2399.0,41.01660719754291,0.142356251005549,75.01842264086008,0.0,0.0,99.5,99.4,0.0,0.0,0.0,450.0,4388.9,0.0,0.0,55.444,1.229,56.673,35.181,2.252,54.421,emon,0.955,0.664,36.1,22.4,1.609
2026-09-29 23:00:56.227,7.7,0,52,14;25;3;17;2;2;0;11;3;0;0;2;35;52;17;17;0;0;0;2;0;2;0;3;0;6;2;5,1467,4768,4442;4134;3839;4030;1962;2647;1949;2645;2340;1537;1696;1524;4352;4768;4347;4325;1522;1467;2862;1895;2155;2497;2070;2059;2488;2535;2291;2541,100.0,0.0,4389.6,3,11,846,12227,30,10.4,2565,14001,1,16,0,0,0,0,0.0,0,0,0,0,0,0.0,0.0,0.0,0,0,0,40.1,0.0,0.0,0.33,0.0,22.4,95.4,77.67009316791187,39.664894104003906,30.37732627175071,55.46705627441406,23.566433906555176,2399.0,38.79731454102809,0.14167151748287407,72.79022217575799,0.0,0.0,99.6,99.5,0.0,0.0,0.0,450.0,4389.6,0.0,0.0,55.444,1.229,56.673,35.181,2.252,54.421,emon,0.955,0.664,36.1,22.4,1.609
2026-09-29 23:00:57.227,7.6,0,61,6;31;8;11;2;3;0;5;0;2;0;6;30;61;16;17;0;1;2;2;2;0;2;5;2;0;0;3,1731,4780,4412;4084;4259;4216;1974;2829;2548;2615;1731;1865;1972;2751;4407;4780;4068;4156;2743;2372;2267;2209;2042;1820;2046;2001;2275;2252;2203;2187,75.7,0.0,4389.6,4,16,846,12227,30,10.4,2565,14001,1,16,0,0,0,0,0.0,0,0,0,0,0,0.0,0.0,0.0,0,0,0,40.1,0.0,0.0,0.33,0.0,22.4,95.4,78.12728538513184,41.77654838562012,31.58362560272217,58.05935173034668,24.274201774597167,2399.0,39.97689230047981,0.15142190390033647,75.0354540284723,0.0,0.0,99.5,99.4,0.0,0.0,0.0,450.0,4389.6,0.0,0.0,55.444,1.229,56.673,35.181,2.252,54.421,emon,0.955,0.664,36.1,22.4,1.609
2026-09-29 23:00:58.228,8.0,0,52,12;21;9;18;3;0;0;0;2;5;3;6;39;52;6;9;2;3;2;3;0;2;8;0;2;8;3;6,1377,4781,4524;4015;4223;4112;2558;2626;2508;2292;2704;2106;2859;3028;4340;4781;3831;3961;2416;2316;2405;2564;1377;1655;2400;1635;2517;2570;2559;2251,100.0,0.0,4389.6,4,11,845,12227,30,10.5,2565,14001,1,16,0,0,0,0,0.0,0,0,0,0,0,0.0,0.0,0.0,0,0,0,40.1,0.0,0.0,0.33,0.0,22.4,95.4,78.4855213880539,41.86165657043457,31.427565574645996,58.00170211791992,24.165549945831298,2399.0,39.86831074788351,0.15296478066593408,75.04213774353266,0.0,0.0,99.5,99.5,0.0,0.0,0.0,450.0,4389.6,0.0,0.0,55.444,1.229,56.673,35.181,2.252,54.421,emon,0.955,0.664,36.1,22.4,1.609
2026-09-29 23:00:59.228,6.3,0,70,8;14;12;16;0;0;0;3;3;3;2;3;19;70;6;8;0;2;2;0;2;0;0;0;2;2;0;2,1415,4775,4368;3806;4359;4227;1471;1415;1488;2404;2380;2492;2251;2370;4354;4775;4112;4076;1720;2353;1664;2120;2238;2554;1920;2305;2347;2394;2311;2312,90.6,0.0,4389.6,4,11,845,12227,30,10.5,2565,14001,1,16,0,0,0,0,0.0,0,0,0,0,0,0.0,0.0,0.0,0,0,0,40.1,0.0,0.0,0.33,0.0,22.4,95.4,79.74014623959859,43.456232918633354,32.641073862711586,60.16639667087131,24.868687258826363,2399.0,40.02564219984278,0.1680366656380809,77.80375026663144,0.0,0.0,99.5,99.4,0.0,0.0,0.0,450.0,4389.6,0.0,0.0,55.444,1.229,56.673,35.181,2.252,54.421,emon,0.955,0.664,36.1,22.4,1.609
2026-09-29 23:01:00.229,7.2,0,59,6;29;11;12;3;3;3;0;0;2;0;0;28;59;14;6;0;0;0;2;0;0;3;2;3;8;2;6,1724,4766,4564;4088;4155;4041;3073;2846;2278;2173;2049;1724;2510;2404;4327;4766;4135;4000;2261;2014;2567;2550;2563;2967;2831;2676;2526;2704;2526;2572,95.9,0.0,4389.6,4,12,845,12227,30,10.5,2565,14001,1,16,0,0,0,0,0.0,0,0,0,0,0,0.0,0.0,0.0,0,0,0,41.1,0.0,0.0,0.33,0.0,22.4,95.4,78.2109697818756,41.07317752838135,31.764132690429687,57.68963356018067,24.71500720977783,2399.0,40.29118485781946,0.14497865681769326,75.0391558367759,0.0,0.0,99.7,99.6,0.0,0.0,0.0,450.0,4389.6,0.0,0.0,55.444,1.229,56.673,35.181,2.252,54.421,emon,0.955,0.664,36.1,22.4,1.609
2026-09-29 23:01:01.239,6.9,0,57,9;28;6;9;2;3;0;0;4;3;0;6;35;57;14;5;2;3;2;2;0;0;0;0;2;0;2;2,1686,4783,4542;4123;4057;4130;1765;2259;2064;2224;2621;2483;1995;2507;4454;4783;4032;3873;1968;1686;1835;1795;2023;2513;2828;2069;2162;1912;2347;1999,95.9,0.0,4389.6,6,15,846,12227,30,10.5,2565,14001,1,16,0,0,0,0,0.0,0,0,0,0,0,0.0,0.0,0.0,0,0,0,40.1,0.0,0.0,0.33,0.0,22.4,95.4,86.35938654627118,47.61875452314104,36.23930413382394,66.36062676565987,28.413079534258163,2399.0,45.245001796878306,0.17172636472553546,85.72165077419153,0.0,0.0,99.6,99.6,0.0,0.0,0.0,450.0,4389.6,0.0,0.0,55.517,1.211,56.729,36.7,2.349,54.38,emon,0.955,0.69,35.7,22.1,1.612
2026-09-29 23:01:02.239,6.8,0,63,2;23;8;12;2;0;0;2;1;0;2;2;35;63;3;12;2;0;0;2;0;0;0;0;5;4;6;6,1799,4775,4445;4060;4087;4080;2317;2543;1814;2328;2383;2072;2361;2264;4441;4775;3900;4096;1859;1818;2385;1799;2349;2277;2078;2105;2427;2216;2165;2316,91.3,0.0,4389.6,6,13,845,12227,30,10.5,2565,14001,1,16,0,0,0,0,0.0,0,0,0,0,0,0.0,0.0,0.0,0,0,0,40.1,0.0,0.0,0.33,0.0,22.4,95.4,77.40744428201155,39.17457684603605,29.65520121834495,54.454374139959164,22.95722952756015,2399.0,37.35506937556519,0.14491499627051366,72.78648666360162,0.0,0.0,99.6,99.6,0.0,0.0,0.0,450.0,4389.6,0.0,0.0,55.517,1.211,56.729,36.7,2.349,54.38,emon,0.955,0.69,35.7,22.1,1.612
2026-09-29 23:01:03.240,7.2,0,48,17;37;2;5;3;0;3;5;0;0;0;0;39;48;12;8;0;3;6;0;5;0;1;0;3;5;0;2,1366,4778,4652;4138;3644;3802;2615;2019;1698;2303;1368;1464;1366;2428;4405;4778;4266;4230;1737;2290;2705;2117;2123;1841;1749;1791;2132;2181;2284;2212,79.1,0.0,4389.6,6,13,846,12227,30,10.4,2565,14001,1,16,0,0,0,0,0.0,0,0,0,0,0,0.0,0.0,0.0,0,0,0,40.1,0.0,0.0,0.33,0.0,22.4,95.4,81.15833542082045,40.210940255059135,30.273237440321182,55.780965169270836,23.425045225355362,2399.0,38.522490278209766,0.14808239673988688,77.82123178326421,0.0,0.0,99.6,99.6,0.0,0.0,0.0,450.0,4389.6,0.0,0.0,55.517,1.211,56.729,36.7,2.349,54.38,emon,0.955,0.69,35.7,22.1,1.612
2026-09-29 23:01:04.240,8.4,0,42,10;26;6;6;0;3;2;2;8;8;9;8;33;42;18;16;8;6;6;5;0;0;3;2;5;2;0;2,1963,4770,4529;4121;3796;3957;1963;2442;2889;2370;3422;3199;3153;3313;4338;4770;4182;4134;3312;3286;3419;3170;2267;3023;2776;2461;2601;2531;2438;2602,79.0,0.0,4389.6,5,12,845,12227,30,10.4,2565,14001,1,16,0,0,0,0,0.0,0,0,0,0,0,0.0,0.0,0.0,0,0,0,41.1,0.0,0.0,0.33,0.0,22.4,95.4,79.9975496398078,43.23140313890245,32.864997439914276,60.20628907945421,25.87248992919922,2399.0,41.22458847270658,0.15612859047380173,77.80674934014678,0.0,0.0,99.6,99.6,0.0,0.0,0.0,450.0,4389.6,0.0,0.0,55.517,1.211,56.729,36.7,2.349,54.38,emon,0.955,0.69,35.7,22.1,1.612
2026-09-29 23:01:05.240,6.9,0,50,8;20;5;12;3;2;0;2;0;4;0;0;38;50;8;3;3;0;2;0;2;0;6;2;6;8;5;6,1478,4766,4398;4039;4246;4167;3082;2822;2275;2937;2064;2547;1633;1478;4251;4766;4144;3872;2169;1957;1659;2214;2640;2343;2728;2522;2601;2790;2543;2741,100.0,0.0,4389.6,5,27,844,12227,30,10.4,2565,14001,1,16,0,0,0,0,0.0,0,0,0,0,0,0.0,0.0,0.0,0,0,0,40.1,0.0,0.0,0.33,0.0,22.4,95.4,81.14463867081537,42.43345684475369,32.14835951063368,59.02762942843967,24.94715330335829,2399.0,41.01999879526233,0.15265217084541088,77.81953785237339,0.0,0.0,99.6,99.6,0.0,0.0,0.0,450.0,4389.6,0.0,0.0,55.517,1.211,56.729,36.7,2.349,54.38,emon,0.955,0.69,35.7,22.1,1.612
2026-09-29 23:01:06.241,7.6,0,50,13;31;3;11;8;0;0;2;1;1;4;3;34;50;6;14;2;0;0;0;5;5;3;6;6;2;0;2,1336,4774,4634;4197;3579;3796;1538;1425;1422;1888;3159;3265;2862;2802;4390;4774;3899;4178;1932;1336;1461;1716;2196;2006;2185;2592;2394;2452;2325;2306,95.2,0.0,4388.9,6,13,845,12227,31,10.4,2565,14001,1,16,0,0,0,0,0.0,0,0,0,0,0,0.0,0.0,0.0,0,0,0,41.1,0.0,0.0,0.33,0.0,22.4,95.4,80.34976249270969,41.79031605190701,32.457299868265785,58.75860362582736,25.284905221727158,2399.0,41.056959194690634,0.14743033821125412,77.81053357157442,0.0,0.0,99.7,99.7,0.0,0.0,0.0,450.0,4389.6,0.0,0.0,55.517,1.211,56.729,36.7,2.349,54.38,emon,0.955,0.69,35.7,22.1,1.612
2026-09-29 23:01:07.241,6.9,0,61,14;31;2;6;3;0;0;2;2;0;3;0;36;61;11;16;0;0;0;0;0;0;0;3;2;0;2;2,1594,4773,4543;4091;3948;3923;1966;1594;2274;2044;2916;2035;2771;2406;4322;4773;4294;4128;1719;2079;2084;1756;1994;1984;2331;2321;2186;2086;2129;2019,94.6,0.0,4388.9,6,13,846,12227,30,10.4,2565,14001,1,16,0,0,0,0,0.0,0,0,0,0,0,0.0,0.0,0.0,0,0,0,40.1,0.0,0.0,0.33,0.0,22.4,95.4,81.41475057601929,43.13066652086046,32.808690812852646,60.03487014770508,25.537021107143826,2399.0,41.24692258212276,0.15589260421175924,77.82392196274466,0.0,0.0,99.4,99.4,0.0,0.0,0.0,450.0,4388.9,0.0,0.0,55.517,1.211,56.729,36.7,2.349,54.38,emon,0.955,0.69,35.7,22.1,1.612
2026-09-29 23:01:08.249,7.4,0,62,2;36;9;9;3;2;3;6;0;2;2;0;25;62;5;8;0;3;0;0;3;2;2;2;5;8;6;6,1392,4769,4397;4066;4309;4256;2208;2218;2293;2267;2057;2095;2027;1737;4320;4769;3988;3810;1392;1820;1818;1566;2601;1910;2693;2040;2487;2659;2484;2400,47.3,0.0,4388.9,5,13,845,12227,30,10.4,2565,14001,1,16,0,0,0,0,0.0,0,0,0,0,0,0.0,0.0,0.0,0,0,0,40.1,0.0,0.0,0.33,0.0,22.4,95.4,77.48140912055969,40.33985614776611,31.42037353515625,56.724667358398435,25.029826831817626,2399.0,38.88429994015023,0.14490121710114182,75.03361643776297,0.0,0.0,99.6,99.5,0.0,0.0,0.0,450.0,4388.9,0.0,0.0,55.517,1.211,56.729,36.7,2.349,54.38,emon,0.955,0.69,35.7,22.1,1.612
2026-09-29 23:01:09.249,7.3,0,58,9;22;12;9;2;3;2;5;0;0;5;0;34;58;9;17;3;0;2;3;2;2;2;0;0;2;0;2,1612,4780,4394;4011;4182;4137;2304;2314;2545;2297;2123;2063;3092;1779;4436;4780;4036;4026;2526;1612;2000;2154;2844;2453;2142;2470;2202;2143;2218;2038,100.0,0.0,4388.9,4,16,846,12227,30,10.4,2565,14001,1,16,0,0,0,0,0.0,0,0,0,0,0,0.0,0.0,0.0,0,0,0,40.1,0.0,0.0,0.33,0.0,22.4,95.4,75.93063515966588,40.56993952664462,30.727947408502754,56.38047894564542,23.64694222536954,2399.0,39.014078424216926,0.14561703278873625,72.76970086585392,0.0,0.0,99.7,99.7,0.0,0.0,0.0,450.0,4388.9,0.0,0.0,55.517,1.211,56.729,36.7,2.349,54.38,emon,0.955,0.69,35.7,22.1,1.612
2026-09-29 23:01:10.250,7.7,0,57,11;29;8;12;2;6;6;3;3;5;3;5;33;57;8;6;3;4;2;3;0;2;2;3;0;0;0;0,1828,4773,4540;4084;4114;4067;2354;2093;2502;2344;2307;2964;3202;1851;4360;4773;3906;3787;2057;2344;2651;2095;2410;1983;2270;1828;2098;2366;2431;2093,79.0,0.0,4388.9,4,11,846,12227,30,10.4,2565,14001,1,16,0,0,0,0,0.0,0,0,0,0,0,0.0,0.0,0.0,0,0,0,41.1,0.0,0.0,0.33,0.0,22.4,95.4,75.16709203720093,38.07996597290039,29.464307594299317,53.43672904968262,22.907166290283204,2399.0,37.46258352383738,0.1348306124797091,70.03543891906739,0.0,0.0,99.4,99.4,0.0,0.0,0.0,450.0,4388.9,0.0,0.0,55.517,1.211,56.729,36.7,2.349,54.38,emon,0.955,0.69,35.7,22.1,1.612
2026-09-29 23:01:11.250,7.8,0,58,13;44;3;9;0;0;0;2;2;2;5;3;30;58;6;8;0;0;2;3;5;5;2;2;2;3;8;3,1936,4778,4665;4237;3850;3802;1936;1948;1990;2132;2274;3170;2665;2493;4373;4778;3909;3667;2104;2059;2089;2121;2221;2126;2478;2002;2130;2304;1954;2123,79.8,0.0,4388.9,3,21,845,12227,30,9.8,2565,14001,1,16,0,0,0,0,0.0,0,0,0,0,0,0.0,0.0,0.0,0,0,0,41.1,0.0,0.0,0.33,0.0,22.4,95.4,79.9266766442193,42.80053265889486,32.50802040100098,59.54701402452257,25.14825661977132,2399.0,41.28795462585145,0.15171500680864686,77.8085919469595,0.0,0.0,99.5,99.4,0.0,0.0,0.0,450.0,4388.9,0.0,0.0,55.517,1.211,56.729,36.7,2.349,54.38,emon,0.955,0.69,35.7,22.1,1.612
2026-09-29 23:01:12.250,7.7,0,67,9;27;22;14;3;2;2;0;4;0;2;3;22;67;8;9;0;0;2;0;3;2;4;2;2;0;2;6,1625,4782,4567;4185;4369;4175;2416;2305;2577;2366;1763;1939;1656;1925;4355;4782;3709;3843;1859;1911;1939;1625;2118;2402;2437;2315;2385;2399;2382;2256,61.1,0.0,4388.9,3,14,845,12227,30,9.8,2565,14001,1,16,0,0,0,0,0.0,0,0,0,0,0,0.0,0.0,0.0,0,0,0,41.1,0.0,0.0,0.33,0.0,22.4,95.4,78.58302583694459,38.66255226135254,29.526012420654297,53.9343936920166,22.85166015625,2399.0,37.46458836126258,0.13820531335659325,75.0462199974805,0.0,0.0,99.5,99.5,0.0,0.0,0.0,450.0,4388.9,0.0,0.0,55.249,1.036,56.285,30.353,1.943,54.342,emon,0.958,0.661,36.5,22.4,1.628
2026-09-29 23:01:13.251,7.3,0,62,8;31;11;11;4;3;2;5;0;3;0;2;27;62;5;12;2;2;8;3;0;2;2;0;0;0;0;3,1294,4779,4454;4082;4007;4214;2879;2921;2729;3265;2228;2000;1294;1825;4398;4779;3856;3948;2576;2378;2416;2579;1461;2071;1965;1722;2175;2310;2175;2108,95.1,0.0,4388.9,5,11,846,12227,30,9.8,2565,14001,1,16,0,0,0,0,0.0,0,0,0,0,0,0.0,0.0,0.0,0,0,0,40.1,0.0,0.0,0.33,0.0,22.4,95.4,76.5687191611842,40.7673877916838,31.351784555535566,57.0367825156764,24.481974350778682,2399.0,39.254951200708376,0.1455128705864282,73.72050187560289,0.0,0.0,99.5,99.4,0.0,0.0,0.0,450.0,4388.9,0.0,0.0,55.249,1.036,56.285,30.353,1.943,54.342,emon,0.958,0.661,36.5,22.4,1.628
2026-09-29 23:01:14.251,7.1,0,48,6;20;6;16;6;3;2;6;0;0;2;2;38;48;12;11;2;2;0;2;2;0;2;5;2;3;2;2,1628,4779,4430;3985;4014;4026;3373;2675;3302;3291;1972;1628;2004;1880;4370;4779;3887;3911;2701;2366;2069;2600;2381;2061;2573;2881;2386;2335;2325;2270,95.1,0.0,4388.9,3,12,845,12227,30,9.8,2565,14001,1,16,0,0,0,0,0.0,0,0,0,0,0,0.0,0.0,0.0,0,0,0,40.1,0.0,0.0,0.33,0.0,22.4,95.4,74.05900341272354,39.60206524531046,29.940158367156982,54.96494388580322,23.178921540578205,2399.0,37.368311673315475,0.14578015737545988,70.87014013792698,0.0,0.0,99.5,99.4,0.0,0.0,0.0,450.0,4388.9,0.0,0.0,55.249,1.036,56.285,30.353,1.943,54.342,emon,0.958,0.661,36.5,22.4,1.628
2026-09-29 23:01:15.259,7.7,0,51,6;34;8;11;0;3;6;5;0;2;0;2;32;51;15;20;0;0;2;2;3;2;4;0;2;2;3;3,1381,4785,4515;4090;3856;3920;2008;1843;2151;1967;1902;2281;1996;2012;4428;4785;4382;4324;1577;1381;2596;2155;2339;2020;2599;2084;2206;2188;2165;2303,95.6,0.0,4388.9,3,21,845,12227,30,9.8,2565,14001,1,16,0,0,0,0,0.0,0,0,0,0,0,0.0,0.0,0.0,0,0,0,41.1,0.0,0.0,0.33,0.0,22.4,95.4,78.29316263198852,40.78375034332275,31.664517974853517,57.33585739135742,24.990653133392335,2399.0,40.04585920660175,0.14294317675521598,75.03894687443972,0.0,0.0,99.5,99.4,0.0,0.0,0.0,450.0,4388.9,0.0,0.0,55.249,1.036,56.285,30.353,1.943,54.342,emon,0.958,0.661,36.5,22.4,1.628
2026-09-29 23:01:16.260,7.5,0,85,8;35;8;6;2;0;0;0;3;0;2;3;85;16;8;11;0;2;0;0;3;1;0;2;9;2;2;3,1652,4793,4288;3979;4149;4068;2052;1710;1652;2305;2893;2220;2417;2320;4745;4793;4182;4017;2498;1865;1948;2190;2099;2225;2189;2328;2953;2834;2839;2792,62.3,0.0,4388.9,2,13,845,12227,30,9.8,2565,14001,1,16,0,0,0,0,0.0,0,0,0,0,0,0.0,0.0,0.0,0,0,0,72.1,0.0,0.0,0.33,0.0,22.4,95.4,70.73303751762097,36.31072733952449,27.459064630361702,50.356161264272835,20.937016987743284,2399.0,34.493818059930796,0.13390920426732358,69.24770666477092,0.0,0.0,99.7,99.7,0.0,0.0,0.0,450.0,4388.9,0.0,0.0,55.249,1.036,56.285,30.353,1.943,54.342,emon,0.958,0.661,36.5,22.4,1.628
2026-09-29 23:01:17.260,8.9,0,100,2;31;11;6;5;2;0;0;3;2;3;3;100;0;11;3;2;0;5;5;0;0;9;5;11;0;2;31,1448,4808,4526;3940;4180;3911;2785;1992;2608;2211;1707;1789;2322;2362;4799;4808;4052;3595;1510;1448;1820;1898;2200;1941;2260;2338;3028;2941;2967;3072,0.0,0.0,4388.9,3,13,845,12227,30,9.8,2565,14001,1,16,0,0,0,0,0.0,0,0,0,0,0,0.0,0.0,0.0,0,0,0,83.1,0.0,0.0,0.33,0.0,22.4,95.4,94.36092758178711,0.0,0.0,0.0,0.8465373516082764,1699.0,0.09623569529503584,0.6343055367469788,50.11399991810322,0.0,0.0,18.6,18.5,0.0,0.0,0.1,450.0,4388.9,0.0,0.0,55.249,1.036,56.285,30.353,1.943,54.342,emon,0.958,0.661,36.5,22.4,1.628
2026-09-29 23:01:18.261,8.9,0,100,9;35;9;9;5;9;0;3;3;5;3;4;100;0;12;11;0;5;0;5;4;3;2;2;3;2;3;3,1790,4799,4535;4144;3912;4352;2138;2506;2042;2153;1796;2157;2007;1900;4799;4795;4031;3479;2357;2887;2047;2731;2101;1790;2233;2188;3006;2756;2787;2785,0.0,0.0,4388.9,2,9,845,12227,30,9.8,2565,14001,1,16,0,0,0,0,0.0,0,0,0,0,0,0.0,0.0,0.0,0,0,0,83.1,0.0,0.0,0.33,0.0,22.4,95.4,94.36092758178711,0.0,0.0,0.0,0.8465373516082764,1699.0,0.09623569529503584,0.6343055367469788,50.11399991810322,0.0,0.0,1.0,0.0,0.0,0.0,0.9,450.0,4388.9,0.0,0.0,55.249,1.036,56.285,30.353,1.943,54.342,emon,0.958,0.661,36.5,22.4,1.628
2026-09-29 23:01:19.262,8.5,0,100,14;39;6;9;0;0;2;3;0;0;0;2;100;5;11;6;0;0;2;0;2;7;5;5;5;6;6;5,1383,4798,4581;4264;3897;4139;1845;1807;1568;1804;1749;1667;1383;2305;4798;4798;4028;3643;2257;2797;2181;2196;2481;2762;2199;2245;2969;2879;2767;2793,0.0,0.0,4388.9,2,10,844,12227,30,9.8,2565,14001,1,16,0,0,0,0,0.0,0,0,0,0,0,0.0,0.0,0.0,0,0,0,82.1,0.0,0.0,0.33,0.0,22.4,95.4,94.36092758178711,0.0,0.0,0.0,0.8465373516082764,1699.0,0.09623569529503584,0.6343055367469788,50.11399991810322,0.0,0.0,2.0,0.0,0.0,0.0,2.5,450.0,4388.9,0.0,0.0,55.249,1.036,56.285,30.353,1.943,54.342,emon,0.958,0.661,36.5,22.4,1.628
2026-09-29 23:01:20.283,6.4,0,62,12;22;5;6;0;2;3;8;0;2;0;2;62;3;3;9;0;0;2;0;2;2;5;0;8;5;8;12,1547,4712,4590;3675;4094;3726;1695;1731;2045;2166;1625;1853;2062;1875;4702;4712;3317;3786;1652;1547;1739;2008;1807;1837;2001;2616;2937;2912;2995;2982,0.0,0.0,4388.9,2,19,846,12227,30,9.8,2565,14001,1,16,0,0,0,0,0.0,0,0,0,0,0,0.0,0.0,0.0,0,0,0,58.1,0.0,0.0,0.33,0.0,22.5,95.4,94.36092758178711,0.0,0.0,0.0,0.8465373516082764,1699.0,0.09623569529503584,0.6343055367469788,50.11399991810322,0.0,0.0,3.0,0.0,0.0,0.0,3.7,450.0,4388.9,0.0,0.0,55.249,1.036,56.285,30.353,1.943,54.342,emon,0.958,0.661,36.5,22.4,1.628
2026-09-29 23:01:21.284,5.2,0,34,8;34;10;3;2;2;2;2;2;3;2;0;34;3;6;9;2;2;3;3;3;1;4;0;0;0;8;0,1690,4445,4409;3683;3485;3373;2013;1891;1920;2073;2079;2190;1703;1910;4445;4444;3519;3596;1960;2046;2140;2329;1690;1940;1889;1751;2521;2506;2504;2540,0.0,0.0,4388.9,2,10,846,12227,30,9.8,2565,14001,1,16,0,0,0,0,0.0,0,0,0,0,0,0.0,0.0,0.0,0,0,0,39.1,0.0,0.0,0.33,0.0,22.4,95.4,94.36092758178711,0.0,0.0,0.0,0.8465373516082764,1699.0,0.09623569529503584,0.6343055367469788,50.11399991810322,0.0,0.0,3.0,0.0,0.0,0.0,3.7,450.0,4388.9,0.0,0.0,55.249,1.036,56.285,30.353,1.943,54.342,emon,0.958,0.661,36.5,22.4,1.628
2026-09-29 23:01:22.284,5.0,0,36,11;30;6;8;0;3;0;0;0;2;0;0;36;2;8;8;5;7;4;0;5;3;0;0;2;0;2;2,1259,4536,4427;3749;3744;3820;1588;1403;1342;1492;1387;1927;1259;1655;4536;4418;3539;3487;1867;2053;2196;2308;2157;2304;1522;2234;2135;2388;2336;2351,0.0,0.0,4388.9,2,9,846,12227,30,9.8,2565,14001,1,16,0,0,0,0,0.0,0,0,0,0,0,0.0,0.0,0.0,0,0,0,37.1,0.0,0.0,0.32,0.0,22.4,95.4,94.36092758178711,0.0,0.0,0.0,0.8465373516082764,1699.0,0.09623569529503584,0.6343055367469788,50.11399991810322,0.0,0.0,3.0,0.0,0.0,0.0,3.7,450.0,4388.9,0.0,0.0,55.249,1.036,56.285,30.353,1.943,54.342,emon,0.958,0.661,36.5,22.4,1.628
2026-09-29 23:01:23.285,4.9,0,31,9;30;8;5;4;2;2;0;3;1;2;2;31;0;3;9;0;5;0;0;3;2;0;2;3;2;5;6,1286,4540,4540;3650;3513;3718;1525;2382;2286;1843;1717;1286;1370;1451;4426;4481;3574;3560;1402;1514;1319;1396;1972;2186;2585;1308;2185;2011;2161;2032,0.0,0.0,4388.9,3,15,846,12227,30,9.8,2565,14001,1,16,0,0,0,0,0.0,0,0,0,0,0,0.0,0.0,0.0,0,0,0,37.1,0.0,0.0,0.32,0.0,22.4,95.4,94.36092758178711,0.0,0.0,0.0,0.8465373516082764,1699.0,0.09623569529503584,0.6343055367469788,50.11399991810322,0.0,0.0,2.1,0.0,0.0,0.0,2.5,450.0,4388.9,0.0,0.0,1.798,0.999,2.798,31.083,1.989,0.809,emon,0.905,0.868,51.1,16.0,3.188
2026-09-29 23:01:24.285,5.1,0,28,2;24;12;8;2;2;0;3;3;6;3;2;28;3;8;6;0;3;2;2;0;2;3;2;6;6;5;3,1272,4413,4346;3694;3922;3629;2006;1272;1428;2049;1709;1717;1659;1855;4329;4413;3871;3428;1865;1833;1525;1360;1782;1874;1934;1509;2584;2568;2268;2269,0.0,0.0,4388.9,2,10,846,12227,30,9.8,2565,14001,1,16,0,0,0,0,0.0,0,0,0,0,0,0.0,0.0,0.0,0,0,0,37.1,0.0,0.0,0.32,0.0,22.4,95.4,94.36092758178711,0.0,0.0,0.0,0.8465373516082764,1699.0,0.09623569529503584,0.6343055367469788,50.11399991810322,0.0,0.0,2.0,0.0,0.0,0.0,2.5,450.0,4388.9,0.0,0.0,1.798,0.999,2.798,31.083,1.989,0.809,emon,0.905,0.868,51.1,16.0,3.188
2026-09-29 23:01:25.286,6.3,0,58,8;44;3;16;2;3;0;2;2;5;0;0;58;5;14;3;0;0;0;0;0;2;2;0;2;3;0;5,1712,4738,4371;3728;3968;4071;1712;2412;1831;2011;2349;2544;1965;1981;4695;4738;4234;3854;1919;2065;1785;1987;2286;1848;2235;1947;2113;2336;2200;2155,10.7,0.0,4611.5,2,10,846,12227,30,9.8,2565,14001,1,16,0,0,0,0,0.0,0,0,0,0,0,0.0,0.0,0.0,0,0,0,40.1,0.0,0.0,0.32,0.0,23.0,95.4,94.36092758178711,0.0,0.0,0.0,0.8465373516082764,1699.0,0.09623569529503584,0.6343055367469788,50.11399991810322,0.0,0.0,3.0,0.0,0.0,0.0,3.7,450.0,4388.9,0.0,0.0,1.798,0.999,2.798,31.083,1.989,0.809,emon,0.905,0.868,51.1,16.0,3.188
2026-09-29 23:01:26.286,7.3,0,100,14;30;6;9;0;0;0;3;2;0;0;2;100;9;12;3;0;0;3;0;0;0;0;2;5;2;2;2,1556,4799,4491;3235;3835;4063;1657;2590;1556;2843;2866;2458;2402;2049;4798;4799;3960;3734;2358;2176;2113;2202;2352;2881;2617;2771;2553;2425;2470;2254,0.0,0.0,4611.5,3,10,847,12227,30,9.8,2565,14001,1,16,0,0,0,0,0.0,0,0,0,0,0,0.0,0.0,0.0,0,0,0,39.1,0.0,0.0,0.32,0.0,23.0,95.4,99.99999915228949,60.48091803656684,39.480946434868706,79.80762651231554,1.6359723210334778,2399.0,7.564338710572985,0.8415906586580806,100.000001695421,0.0,0.0,83.0,78.8,0.0,0.0,0.4,450.0,4611.5,0.0,0.0,1.798,0.999,2.798,31.083,1.989,0.809,emon,0.905,0.868,51.1,16.0,3.188
2026-09-29 23:01:27.287,8.1,0,100,11;25;6;20;5;0;1;4;3;5;2;0;100;6;10;9;0;5;0;0;0;2;1;3;0;3;2;3,1384,4798,4503;3248;4052;4315;2254;1776;1779;2878;2374;2375;2610;1706;4798;4797;3927;3812;1978;2580;1743;1476;1650;1455;1384;2188;2195;2139;2215;2048,0.0,0.0,4611.5,2,9,847,12227,30,9.8,2565,14001,1,16,0,0,0,0,0.0,0,0,0,0,0,0.0,0.0,0.0,0,0,0,39.1,0.0,0.0,0.32,0.0,23.0,95.4,99.99999618530273,61.166260147094725,38.80262756347656,79.81067352294922,1.5560329720377921,2399.0,6.9190706551074985,0.7430240720510483,100.0000015258789,0.0,0.0,100.0,100.0,0.0,0.0,0.0,450.0,4611.5,0.0,0.0,1.798,0.999,2.798,31.083,1.989,0.809,emon,0.905,0.868,51.1,16.0,3.188
2026-09-29 23:01:28.287,8.3,0,100,16;36;11;12;0;0;0;4;0;2;0;3;100;11;9;5;3;0;2;2;3;0;0;3;5;2;3;2,1606,4798,4537;3255;3866;4086;2068;2195;1859;1606;2114;2325;2393;2669;4796;4798;4151;3609;2217;2426;1963;2246;1828;1970;2034;1847;2222;2295;2445;2139,0.0,0.0,4611.5,3,9,846,12227,30,9.8,2565,14001,1,16,0,0,0,0,0.0,0,0,0,0,0,0.0,0.0,0.0,0,0,0,39.1,0.0,0.0,0.33,0.0,22.8,95.4,100.00000076293945,60.23660507202148,39.718718719482425,79.74881896972656,1.817558543384075,2399.0,8.376778262853623,0.9031781379133463,100.0000015258789,0.0,0.0,100.0,100.0,0.0,0.0,0.0,450.0,4611.5,0.0,0.0,1.798,0.999,2.798,31.083,1.989,0.809,emon,0.905,0.868,51.1,16.0,3.188
2026-09-29 23:01:29.288,7.3,0,100,9;32;6;15;2;0;0;3;1;3;2;0;100;8;8;9;0;0;0;0;2;2;0;0;0;0;0;2,1544,4799,4455;3218;3985;4131;1951;2772;2044;2814;2808;2380;2611;1945;4799;4797;4090;3800;2629;2070;2017;1757;2513;1544;1642;2347;1785;1942;1799;1745,0.0,0.0,4611.5,2,15,847,12227,30,9.8,2565,14001,1,16,0,0,0,0,0.0,0,0,0,0,0,0.0,0.0,0.0,0,0,0,39.1,0.0,0.0,0.33,0.0,22.8,95.4,100.00000076293945,61.18325576782227,38.78304214477539,79.81092987060546,1.5217656463384628,2399.0,6.853110229969024,0.7394634522497654,100.00000076293945,0.0,0.0,100.0,100.0,0.0,0.0,0.0,450.0,4611.5,0.0,0.0,1.798,0.999,2.798,31.083,1.989,0.809,emon,0.905,0.868,51.1,16.0,3.188
2026-09-29 23:01:30.288,7.0,0,100,11;23;3;9;2;0;0;2;2;0;0;0;100;6;16;11;0;2;0;2;0;3;3;0;0;2;0;2,1311,4799,4572;3222;3961;4042;2366;1621;1349;1947;2624;1517;1866;1461;4799;4797;4345;3963;1311;2593;1378;2478;1787;1513;2476;2124;2259;2385;2258;2114,0.0,0.0,4611.5,3,13,847,12227,30,9.8,2565,14001,1,16,0,0,0,0,0.0,0,0,0,0,0,0.0,0.0,0.0,0,0,0,39.1,0.0,0.0,0.33,0.0,22.8,95.4,99.99999542236328,59.77998275756836,40.17768898010254,79.77742385864258,2.0979283928871153,2399.0,9.158563089370727,0.9699356608092785,100.00000076293945,0.0,0.0,100.0,100.0,0.0,0.0,0.0,450.0,4611.5,0.0,0.0,1.798,0.999,2.798,31.083,1.989,0.809,emon,0.905,0.868,51.1,16.0,3.188
2026-09-29 23:01:31.289,7.4,0,100,12;30;11;9;2;3;0;0;3;3;2;0;100;6;2;11;0;0;0;3;3;0;0;2;2;2;3;0,1298,4799,4521;3127;3988;3897;2258;2662;1597;2533;2641;2832;2079;1524;4799;4798;3800;4177;1463;2476;1298;2665;2482;1923;2216;2666;2176;2147;1931;2098,0.0,0.0,4611.5,2,9,846,12227,30,9.8,2565,14001,1,16,0,0,0,0,0.0,0,0,0,0,0,0.0,0.0,0.0,0,0,0,39.1,0.0,0.0,0.33,0.0,22.6,95.4,100.0,61.24085121154785,38.730088806152345,79.84336776733399,1.419837725162506,2399.0,6.732345128059388,0.7177219055593014,100.0,0.0,0.0,100.0,100.0,0.0,0.0,0.0,450.0,4611.5,0.0,0.0,1.798,0.999,2.798,31.083,1.989,0.809,emon,0.905,0.868,51.1,16.0,3.188
2026-09-29 23:01:32.289,6.3,0,100,14;25;0;13;2;0;0;2;0;0;0;0;100;5;2;5;2;0;0;0;2;0;0;3;2;2;0;2,1273,4800,4589;3444;3760;4008;1883;1566;1598;1866;1601;2240;1623;2243;4798;4800;4014;3737;2654;1783;1460;1482;1740;1273;1761;1923;2441;2239;2318;2398,0.0,0.0,4611.5,2,12,846,12227,30,9.8,2565,14001,1,16,0,0,0,0,0.0,0,0,0,0,0,0.0,0.0,0.0,0,0,0,39.1,0.0,0.0,0.33,0.0,22.6,95.4,100.0,60.711052322387694,39.26219177246094,79.87239990234374,1.407603719830513,2399.0,6.534419202804566,0.6963918931782246,100.0,0.0,0.0,100.0,100.0,0.0,0.0,0.0,450.0,4611.5,0.0,0.0,1.798,0.999,2.798,31.083,1.989,0.809,emon,0.905,0.868,51.1,16.0,3.188
2026-09-29 23:01:33.290,7.5,0,98,12;32;8;6;0;0;0;2;0;0;0;0;98;12;6;9;0;2;0;0;0;0;0;3;5;5;5;5,1297,4798,4516;3337;3953;4115;1896;2311;1690;2054;1767;1297;2594;1477;4798;4797;3902;4086;1625;1940;1931;1512;2360;2274;2319;2826;2154;2071;2150;1932,0.0,0.0,4611.5,3,10,847,12227,30,9.8,2565,14001,1,16,0,0,0,0,0.0,0,0,0,0,0,0.0,0.0,0.0,0,0,0,40.1,0.0,0.0,0.33,0.0,22.6,95.4,87.14800303322929,48.14320400782994,35.798700605119976,66.67204284667969,17.96535386783736,2399.0,29.713289348791086,0.4052359272526311,85.72494185050684,0.0,0.0,100.0,99.9,0.0,0.0,0.0,450.0,4611.5,0.0,0.0,9.748,1.847,11.596,29.864,1.911,9.685,emon,0.895,0.768,51.4,17.3,2.976
2026-09-29 23:01:34.290,8.4,0,100,12;35;9;6;2;2;0;0;2;0;3;2;100;16;8;14;0;0;3;3;0;0;2;0;3;4;4;6,1603,4799,4560;3316;4234;3608;2129;2826;2084;2508;1975;1603;2321;2153;4795;4799;3865;3962;2852;2536;2548;2810;2239;1659;2823;2550;2351;2416;2223;2301,100.0,0.0,4611.5,3,14,847,12227,30,9.8,2565,14001,1,16,0,0,0,0,0.0,0,0,0,0,0,0.0,0.0,0.0,0,0,0,41.1,0.0,0.0,0.33,0.0,22.6,95.4,76.2084352536635,40.5853798606179,30.71046083623713,56.44967755404386,23.887492179870605,2399.0,38.33299561496824,0.1510859837607396,72.77632425793193,0.0,0.0,99.6,99.6,0.0,0.0,0.0,450.0,4611.5,0.0,0.0,9.748,1.847,11.596,29.864,1.911,9.685,emon,0.895,0.768,51.4,17.3,2.976
2026-09-29 23:01:35.291,7.5,0,100,14;32;10;9;0;3;0;0;0;2;0;0;100;3;15;6;0;0;0;3;2;0;0;0;3;2;2;3,1424,4797,4560;3343;3981;3961;2427;2409;1680;2768;1940;2371;1837;2346;4797;4796;4056;3659;2437;2152;1424;2864;2535;2712;1609;1885;2268;2149;2101;2154,95.4,0.0,4611.5,2,19,846,12227,30,9.8,2565,14001,1,16,0,0,0,0,0.0,0,0,0,0,0,0.0,0.0,0.0,0,0,0,41.1,0.0,0.0,0.33,0.0,22.6,95.4,83.57559412717819,45.3165864944458,34.391051054000854,63.14038944244385,26.766883373260498,2399.0,43.57565180799429,0.1646999130898621,81.2760229757987,0.0,0.0,99.6,99.6,0.0,0.0,0.0,450.0,4611.5,0.0,0.0,9.748,1.847,11.596,29.864,1.911,9.685,emon,0.895,0.768,51.4,17.3,2.976
2026-09-29 23:01:36.291,7.2,0,100,11;30;14;8;0;0;0;0;0;0;0;0;100;9;3;17;0;2;0;3;0;0;0;2;0;2;0;2,1327,4797,4510;3402;4006;4068;2178;2345;1677;1327;1771;1563;2033;2088;4793;4797;3715;4216;1654;2654;1340;2295;1912;1414;2094;1864;2352;2182;2125;2031,100.0,0.0,4611.5,2,10,846,12227,30,9.8,2565,14001,1,16,0,0,0,0,0.0,0,0,0,0,0,0.0,0.0,0.0,0,0,0,41.1,0.0,0.0,0.33,0.0,22.6,95.4,75.89588910654972,41.34099558780068,30.86573028564453,57.155798259534336,23.786289817408512,2399.0,38.619267168779565,0.15510366770046713,73.71133193961884,0.0,0.0,99.6,99.5,0.0,0.0,0.0,450.0,4611.5,0.0,0.0,9.748,1.847,11.596,29.864,1.911,9.685,emon,0.895,0.768,51.4,17.3,2.976
2026-09-29 23:01:37.302,7.8,0,100,9;34;11;6;0;6;2;2;2;0;0;6;100;15;9;4;0;2;0;0;0;0;3;2;0;2;2;3,1498,4798,4447;3148;4033;3822;1498;2839;1803;2607;2035;2414;2372;2476;4797;4798;4128;3744;1711;1587;2572;1939;2227;2512;2255;2417;2053;2051;1884;1768,74.7,0.0,4611.5,3,10,847,12227,30,9.8,2565,14001,1,16,0,0,0,0,0.0,0,0,0,0,0,0.0,0.0,0.0,0,0,0,40.1,0.0,0.0,0.33,0.0,22.6,95.4,77.68928534984589,41.34378299713135,31.942902183532716,58.05814399719238,25.165691375732422,2399.0,39.67247786776861,0.14992564041167497,75.03596479967237,0.0,0.0,99.5,99.4,0.0,0.0,0.0,450.0,4611.5,0.0,0.0,9.748,1.847,11.596,29.864,1.911,9.685,emon,0.895,0.768,51.4,17.3,2.976
2026-09-29 23:01:38.302,7.5,0,100,5;25;16;2;3;3;2;5;3;0;1;3;100;5;13;8;2;2;2;0;2;0;0;0;3;5;2;2,1589,4797,4296;3297;4117;3761;2449;2450;1639;2487;2331;1589;1800;2275;4794;4797;4131;4163;2190;3228;2691;2050;2750;1944;2300;2722;2335;2194;2302;2364,100.0,0.0,4611.5,2,14,846,12227,30,9.9,2565,14001,1,16,0,0,0,0,0.0,0,0,0,0,0,0.0,0.0,0.0,0,0,0,41.1,0.0,0.0,0.33,0.0,22.6,95.4,78.43215870857239,41.78535976409912,31.236704635620118,57.83358993530273,24.023870182037353,2399.0,39.83143848737236,0.15345497876405717,75.04611220322549,0.0,0.0,99.6,99.6,0.0,0.0,0.0,450.0,4611.5,0.0,0.0,9.748,1.847,11.596,29.864,1.911,9.685,emon,0.895,0.768,51.4,17.3,2.976
2026-09-29 23:01:39.302,9.5,0,98,9;34;12;8;2;2;3;2;5;2;5;3;98;6;9;8;5;3;0;2;5;3;8;14;3;5;6;6,1980,4795,4525;3193;4179;4135;2543;2362;2612;2645;3494;3604;3547;3190;4795;4795;4038;4115;3334;2546;2444;2301;3149;3517;3486;3391;1980;2133;2032;2170,79.1,0.0,4611.5,3,10,846,12227,30,9.9,2565,14001,1,16,0,0,0,0,0.0,0,0,0,0,0,0.0,0.0,0.0,0,0,0,43.1,0.0,0.0,0.33,0.0,22.6,95.4,83.41507822275162,45.104957818984985,33.724348306655884,62.27888202667236,25.41344153881073,2399.0,42.26563875397551,0.16516813957423437,81.27910130354576,0.0,0.0,99.8,99.7,0.0,0.0,0.0,450.0,4611.5,0.0,0.0,9.748,1.847,11.596,29.864,1.911,9.685,emon,0.895,0.768,51.4,17.3,2.976
2026-09-29 23:01:40.303,7.8,0,98,11;37;11;5;2;3;2;2;0;2;2;3;98;14;6;8;3;0;3;0;0;0;0;0;2;6;0;0,1724,4796,4516;3292;4238;3579;2291;2388;2380;2528;2708;1793;2315;2014;4796;4794;4058;4021;2196;1846;1971;2424;1724;1781;2267;2300;2117;2386;2587;2091,96.7,0.0,4611.5,2,10,846,12227,30,9.9,2565,14001,1,16,0,0,0,0,0.0,0,0,0,0,0,0.0,0.0,0.0,0,0,0,41.1,0.0,0.0,0.33,0.0,22.6,95.4,78.39045408964157,42.1192512512207,31.388080024719237,58.189876556396484,24.259883689880372,2399.0,39.74129315160972,0.1561547756078653,75.04087725318968,0.0,0.0,99.5,99.5,0.0,0.0,0.0,450.0,4611.5,0.0,0.0,9.748,1.847,11.596,29.864,1.911,9.685,emon,0.895,0.768,51.4,17.3,2.976
2026-09-29 23:01:41.303,7.2,0,100,11;19;8;8;2;0;0;4;2;0;2;2;100;5;12;9;0;0;2;0;2;3;0;2;2;5;2;3,1603,4799,4544;3325;4000;3797;2292;2276;1635;2491;2445;2697;2711;2123;4799;4798;4010;4077;2554;2207;1817;2442;2580;1603;2405;2075;2217;2408;1987;2148,94.5,0.0,4611.5,2,10,847,12227,30,9.9,2565,14001,1,16,0,0,0,0,0.0,0,0,0,0,0,0.0,0.0,0.0,0,0,0,41.1,0.0,0.0,0.33,0.0,22.6,95.4,77.34249367713929,42.166961669921875,31.437915420532228,58.26487312316895,24.212874984741212,2399.0,39.836433564848264,0.1550280151539482,75.02947200611234,0.0,0.0,99.4,99.4,0.0,0.0,0.0,450.0,4611.5,0.0,0.0,9.748,1.847,11.596,29.864,1.911,9.685,emon,0.895,0.768,51.4,17.3,2.976
2026-09-29 23:01:42.303,7.5,0,100,5;15;9;12;0;5;0;0;3;0;0;3;100;11;6;19;5;0;2;2;0;0;0;2;2;5;2;5,1529,4799,4341;3322;4112;3952;2139;2845;2579;2182;2150;2504;1779;2762;4798;4799;4060;4242;2916;1772;2632;1902;2851;1779;1529;1734;2211;2133;2199;2404,96.6,0.0,4611.5,2,10,847,12227,30,9.9,2565,14001,1,16,0,0,0,0,0.0,0,0,0,0,0,0.0,0.0,0.0,0,0,0,41.1,0.0,0.0,0.33,0.0,22.6,95.4,77.59267313480377,40.77756595611572,31.955854988098146,57.63946685791016,25.225684642791748,2399.0,40.58833657757496,0.1431650146842003,75.03433058820664,0.0,0.0,99.7,99.7,0.0,0.0,0.0,450.0,4611.5,0.0,0.0,9.748,1.847,11.596,29.864,1.911,9.685,emon,0.895,0.768,51.4,17.3,2.976
2026-09-29 23:01:43.304,8.7,0,100,12;33;11;14;5;0;2;2;0;0;0;8;100;14;8;6;0;3;0;0;0;0;0;3;5;5;8;6,1846,4796,4387;3183;4179;4118;1882;2024;2708;2159;2075;2548;1936;2570;4788;4796;4010;3771;2536;2314;2198;2285;2435;1846;1962;1874;2158;2274;2251;2104,100.0,0.0,4442.0,3,12,847,12227,30,9.9,2565,14001,1,16,0,0,0,0,0.0,0,0,0,0,0,0.0,0.0,0.0,0,0,0,41.1,0.0,0.0,0.33,0.0,22.6,95.4,79.85693739520178,43.14259295993381,32.64582082960341,59.889623430040146,25.44588194953071,2399.0,39.6372330123494,0.16581558890175074,77.8033588162313,0.0,0.0,99.8,99.7,0.0,0.0,0.0,450.0,4444.4,0.0,0.0,55.1,1.227,56.326,31.473,2.014,54.312,emon,0.957,0.734,35.9,22.4,1.601
2026-09-29 23:01:44.319,7.2,0,100,9;22;10;8;2;4;2;0;2;0;0;0;100;11;3;6;2;0;2;2;3;2;2;0;3;2;3;5,1379,4797,4540;3259;4057;4194;2184;2376;1915;2101;1493;2300;1379;1560;4797;4797;4009;3639;2128;1881;2652;2005;2297;1553;1887;2122;2247;2018;2203;2368,100.0,0.0,4442.0,3,13,846,12227,30,9.9,2565,14001,1,16,0,0,0,0,0.0,0,0,0,0,0,0.0,0.0,0.0,0,0,0,41.1,0.0,0.0,0.33,0.0,22.6,95.4,79.80531094074249,41.6940113067627,31.790163421630858,58.11031608581543,24.47443256378174,2399.0,39.23490167096024,0.15543478946201503,75.06267199590802,0.0,0.0,99.5,99.5,0.0,0.0,0.0,450.0,4441.3,0.0,0.0,55.1,1.227,56.326,31.473,2.014,54.312,emon,0.957,0.734,35.9,22.4,1.601
2026-09-29 23:01:45.319,7.1,0,98,11;23;9;8;3;2;0;5;3;0;2;0;98;11;3;5;0;0;5;2;3;0;2;3;2;2;0;0,1682,4792,4499;3370;4030;3631;2488;2805;1864;2692;2137;2368;2580;2293;4784;4792;4107;3980;1871;2083;2278;1682;1905;1891;1980;2665;2102;2155;1921;2107,100.0,0.0,4441.3,3,10,847,12227,30,9.9,2565,14001,1,16,0,0,0,0,0.0,0,0,0,0,0,0.0,0.0,0.0,0,0,0,41.1,0.0,0.0,0.33,0.0,22.6,95.4,77.48411645889283,41.955385780334474,31.38745174407959,57.9952205657959,24.34534320831299,2399.0,39.59447019244544,0.1536901029990986,75.02959294170141,0.0,0.0,99.6,99.6,0.0,0.0,0.0,450.0,4441.3,0.0,0.0,55.1,1.227,56.326,31.473,2.014,54.312,emon,0.957,0.734,35.9,22.4,1.601
2026-09-29 23:01:46.319,7.6,0,100,8;22;8;19;0;0;0;0;2;0;0;0;100;8;14;9;0;2;0;2;0;0;3;2;2;3;6;5,1506,4800,4568;3221;3817;4228;2362;1849;1506;2387;2380;2328;1837;2164;4796;4800;4114;3671;1780;1862;1862;2115;1922;1688;1629;1910;2562;2422;2591;2211,96.1,0.0,4441.3,3,10,846,12227,30,9.9,2565,14001,1,16,0,0,0,0,0.0,0,0,0,0,0,0.0,0.0,0.0,0,0,0,41.1,0.0,0.0,0.33,0.0,22.6,95.4,81.87189156214396,44.969198099772136,33.27231903076172,61.85813547770182,25.500251897176106,2399.0,42.231879322665435,0.16555272631036738,80.02360779891411,0.0,0.0,99.6,99.6,0.0,0.0,0.0,450.0,4441.3,0.0,0.0,55.1,1.227,56.326,31.473,2.014,54.312,emon,0.957,0.734,35.9,22.4,1.601
2026-09-29 23:01:47.320,7.0,0,100,11;28;3;11;2;5;0;0;0;0;0;2;100;8;5;5;0;2;3;2;0;0;0;0;3;3;3;4,1285,4798,4540;3374;4051;3911;1628;2126;1285;1512;2067;2169;2152;2188;4792;4798;4109;3661;2335;2307;2423;2208;2110;2176;2208;1943;2204;2108;2132;2190,97.7,0.0,4441.3,2,10,847,12227,30,9.9,2565,14001,1,16,0,0,0,0,0.0,0,0,0,0,0,0.0,0.0,0.0,0,0,0,41.1,0.0,0.0,0.33,0.0,22.6,95.4,80.63227441575792,42.90724351671007,32.549451404147675,59.70947392781576,25.34632354312473,2399.0,41.544458186984734,0.15348275436554104,77.81858823407028,0.0,0.0,99.8,99.7,0.0,0.0,0.0,450.0,4441.3,0.0,0.0,55.1,1.227,56.326,31.473,2.014,54.312,emon,0.957,0.734,35.9,22.4,1.601
2026-09-29 23:01:48.320,7.6,0,100,16;21;11;6;2;0;0;3;2;3;2;3;100;12;11;8;0;0;2;2;3;0;0;0;3;3;0;2,1838,4798,4571;3349;4238;3635;2359;2703;1838;2095;2837;2809;3020;2509;4789;4798;3490;3829;2140;2417;2526;2632;2857;2340;1980;2596;2311;2148;2070;2320,100.0,0.0,4441.3,3,10,847,12227,30,9.9,2565,14001,1,16,0,0,0,0,0.0,0,0,0,0,0,0.0,0.0,0.0,0,0,0,41.1,0.0,0.0,0.33,0.0,22.6,95.4,84.16643416881561,45.15109992027283,34.1862096786499,62.76987648010254,26.59572696685791,2399.0,43.358820484092575,0.16352897383330856,81.29491101717576,0.0,0.0,99.7,99.7,0.0,0.0,0.0,450.0,4441.3,0.0,0.0,55.1,1.227,56.326,31.473,2.014,54.312,emon,0.957,0.734,35.9,22.4,1.601
2026-09-29 23:01:49.321,8.1,0,100,11;25;11;6;5;2;2;0;0;0;5;2;100;6;25;14;0;3;0;0;2;0;2;4;2;0;2;2,1455,4795,4312;3166;3865;3731;2296;2075;3247;1455;1934;2810;2680;1637;4795;4795;4412;3641;2268;2164;2420;2919;2009;2020;2522;2287;2224;2291;1958;1747,100.0,0.0,4441.3,2,11,846,12227,30,9.9,2565,14001,1,16,0,0,0,0,0.0,0,0,0,0,0,0.0,0.0,0.0,0,0,0,41.1,0.0,0.0,0.33,0.0,22.5,95.4,77.5148734331131,42.12022228240967,31.39117317199707,58.11467247009277,24.024282264709473,2399.0,39.299978004518195,0.15694605769822373,75.03101852480322,0.0,0.0,99.5,99.5,0.0,0.0,0.0,450.0,4441.3,0.0,0.0,55.1,1.227,56.326,31.473,2.014,54.312,emon,0.957,0.734,35.9,22.4,1.601
2026-09-29 23:01:50.321,6.9,0,97,15;17;10;3;0;0;2;2;2;0;0;0;97;8;13;8;0;2;0;3;2;5;0;0;2;2;3;0,1929,4799,4543;3284;4133;4037;2600;2434;3504;3004;2486;2438;2645;1929;4797;4799;4240;3941;2141;2104;2195;2549;2253;2292;2400;1972;2484;2446;2311;2251,100.0,0.0,4441.3,3,10,846,12227,30,9.9,2565,14001,1,16,0,0,0,0,0.0,0,0,0,0,0,0.0,0.0,0.0,0,0,0,41.1,0.0,0.0,0.33,0.0,22.5,95.4,80.09784428278606,43.63157696194119,32.59216435750326,60.27610227796767,25.09845871395535,2399.0,41.15771924179151,0.15954510288106072,77.80550776422024,0.0,0.0,99.7,99.7,0.0,0.0,0.0,450.0,4441.3,0.0,0.0,55.1,1.227,56.326,31.473,2.014,54.312,emon,0.957,0.734,35.9,22.4,1.601
2026-09-29 23:01:51.322,7.3,0,100,5;21;9;12;2;0;0;4;0;2;5;2;100;8;15;8;2;0;2;0;0;0;3;2;2;2;0;0,1935,4798,4356;3404;3728;4092;2072;2695;2911;2550;2284;2262;2636;2436;4797;4798;4152;4081;2289;2029;2141;2196;2541;1935;2602;2185;2088;2070;2181;2254,76.9,0.0,4441.3,2,10,847,12227,30,9.9,2565,14001,1,16,0,0,0,0,0.0,0,0,0,0,0,0.0,0.0,0.0,0,0,0,41.1,0.0,0.0,0.33,0.0,22.5,95.4,83.08635458350182,45.138010025024414,34.49372577667236,62.95543432235718,27.235287070274353,2399.0,42.475711241262616,0.1650859222136205,81.27396670542657,0.0,0.0,99.7,99.7,0.0,0.0,0.0,450.0,4441.3,0.0,0.0,55.1,1.227,56.326,31.473,2.014,54.312,emon,0.957,0.734,35.9,22.4,1.601
2026-09-29 23:01:52.322,8.6,0,97,12;28;6;6;8;0;5;3;0;0;2;2;97;12;11;14;3;3;3;0;0;3;0;2;3;8;6;3,1614,4787,4489;3290;3825;3836;2548;1626;1968;1960;2266;1940;2052;1614;4787;4787;3927;3984;2350;2440;2184;2105;2093;2183;1861;2230;2208;2426;2190;2102,96.2,0.0,4441.3,3,13,846,12227,30,9.8,2565,14001,1,16,0,0,0,0,0.0,0,0,0,0,0,0.0,0.0,0.0,0,0,0,41.1,0.0,0.0,0.33,0.0,22.5,95.4,75.88448429107666,40.752288818359375,30.533036492087625,56.395451979203656,23.67548691142689,2399.0,38.75016989994963,0.14835394662804902,72.76580657488243,0.0,0.0,99.5,99.5,0.0,0.0,0.0,450.0,4441.3,0.0,0.0,55.1,1.227,56.326,31.473,2.014,54.312,emon,0.957,0.734,35.9,22.4,1.601
2026-09-29 23:01:53.323,8.1,0,88,13;19;19;14;3;3;0;5;3;3;2;2;88;8;14;11;0;2;3;5;0;2;3;3;2;0;0;2,2008,4786,4465;3583;4379;4179;2351;2354;2462;2224;2236;2544;2743;2496;4780;4786;4044;4164;2605;2681;2965;2577;2694;2560;2227;2100;2210;2008;2097;2022,64.8,0.0,4442.0,3,10,846,12227,30,9.8,2565,14001,1,16,0,0,0,0,0.0,0,0,0,0,0,0.0,0.0,0.0,0,0,0,44.1,0.0,0.0,0.33,0.0,19.1,95.4,79.98063575520234,42.72393215403837,31.83676326976103,59.03207846248851,24.433099522310144,2399.0,40.818353830261486,0.1564917147762197,76.51678737559739,0.0,0.0,99.6,99.6,0.0,0.0,0.0,450.0,4442.0,0.0,0.0,55.1,1.227,56.326,31.473,2.014,54.312,emon,0.957,0.734,35.9,22.4,1.601
2026-09-29 23:01:54.323,10.7,0,88,45;29;9;15;5;0;2;2;5;2;0;2;88;14;23;18;3;0;3;2;2;5;3;2;6;6;6;3,1728,4769,4769;4329;3891;4512;2367;2538;2901;2284;2618;2648;1997;2148;4750;4769;4592;4499;2674;2420;3143;1728;2448;2724;2792;2222;2261;2642;2625;2180,0.0,0.0,1180.7,2,9,846,12227,30,9.8,2565,14001,1,16,0,0,0,0,0.0,0,0,0,0,0,0.0,0.0,0.0,0,0,0,60.1,0.0,0.0,0.33,0.0,19.2,95.4,80.65804415941238,26.71756935119629,21.283540725708008,38.09644571940104,17.191147384544212,2399.0,27.240961471310584,0.37037295134117204,66.67236825043801,0.0,0.0,0.4,0.3,0.0,0.0,0.1,450.0,1180.7,0.0,0.0,55.046,1.232,56.278,36.663,2.346,53.932,emon,0.953,0.665,35.9,22.3,1.61
2026-09-29 23:01:55.323,12.4,0,94,23;24;26;20;8;0;11;3;6;3;2;5;94;18;42;8;4;3;6;4;5;3;4;2;6;4;6;6,1782,4790,4704;4260;4520;4400;2134;2788;2985;2867;2187;1782;2685;2161;4783;4790;4645;4387;1970;2127;2223;2227;2041;1986;2387;2301;2245;2103;2114;2012,0.0,0.0,1431.7,3,15,847,12227,30,9.8,2565,14001,1,16,0,0,0,0,0.0,0,0,0,0,0,0.0,0.0,0.0,0,0,0,60.1,0.0,0.0,0.33,0.0,19.7,95.4,80.65804415941238,26.71756935119629,21.283540725708008,38.09644571940104,17.191147384544212,2399.0,27.240961471310584,0.37037295134117204,66.67236825043801,0.0,0.0,3.1,0.0,0.0,0.0,3.9,450.0,1431.7,0.0,0.0,55.046,1.232,56.278,36.663,2.346,53.932,emon,0.953,0.665,35.9,22.3,1.61
2026-09-29 23:01:56.324,7.2,0,94,12;21;17;13;2;2;2;0;0;0;0;2;94;2;11;9;3;2;2;2;2;2;0;0;0;3;0;2,1474,4793,4547;3936;4369;4168;2020;2886;1719;2358;2287;2240;2126;2188;4790;4793;4204;4013;2488;2441;2580;2743;2380;1474;1793;2339;2176;2423;2506;2219,0.0,0.0,1434.0,3,10,847,12227,30,9.8,2565,14001,1,16,0,0,0,0,0.0,0,0,0,0,0,0.0,0.0,0.0,0,0,0,57.1,0.0,0.0,0.33,0.0,19.7,95.4,80.65804415941238,26.71756935119629,21.283540725708008,38.09644571940104,17.191147384544212,2399.0,27.240961471310584,0.37037295134117204,66.67236825043801,0.0,0.0,2.0,0.0,0.0,0.0,2.2,450.0,1434.0,0.0,0.0,55.046,1.232,56.278,36.663,2.346,53.932,emon,0.953,0.665,35.9,22.3,1.61
2026-09-29 23:01:57.324,7.1,0,98,5;18;11;16;2;0;0;0;0;2;0;0;98;14;9;3;0;0;0;2;3;2;2;2;3;2;2;5,1539,4796,4541;4036;3771;4245;2607;1539;1718;2162;1775;2104;2095;1915;4788;4796;3902;3755;2299;2220;2232;1747;1830;1991;2274;2211;2156;2235;1877;2010,0.0,0.0,1516.1,2,11,846,12227,30,9.8,2565,14001,1,16,0,0,0,0,0.0,0,0,0,0,0,0.0,0.0,0.0,0,0,0,53.1,0.0,0.0,0.33,0.0,20.3,95.4,80.65804415941238,26.71756935119629,21.283540725708008,38.09644571940104,17.191147384544212,2399.0,27.240961471310584,0.37037295134117204,66.67236825043801,0.0,0.0,1.1,0.0,0.0,0.0,1.7,450.0,1446.0,0.0,0.0,55.046,1.232,56.278,36.663,2.346,53.932,emon,0.953,0.665,35.9,22.3,1.61
2026-09-29 23:01:58.325,6.6,0,98,6;15;5;8;3;0;2;0;0;2;0;2;98;9;9;9;0;2;2;0;0;0;3;0;0;2;5;3,1589,4799,4648;3995;4007;4333;2134;1814;2523;2009;2093;2036;1981;1803;4798;4799;3902;4141;1622;1779;1772;1589;2425;2224;1806;1802;2243;2151;2128;2324,0.0,0.0,3570.5,2,9,846,12227,30,9.8,2565,14001,1,16,0,0,0,0,0.0,0,0,0,0,0,0.0,0.0,0.0,0,0,0,48.1,0.0,0.0,0.33,0.0,22.2,95.4,80.65804415941238,26.71756935119629,21.283540725708008,38.09644571940104,17.191147384544212,2399.0,27.240961471310584,0.37037295134117204,66.67236825043801,0.0,0.0,0.0,0.0,0.0,0.0,0.0,450.0,3361.3,0.0,0.0,55.046,1.232,56.278,36.663,2.346,53.932,emon,0.953,0.665,35.9,22.3,1.61
2026-09-29 23:01:59.325,30.7,6,84,18;31;25;31;42;44;42;41;37;32;38;35;84;37;28;32;36;39;32;34;23;22;22;23;6;8;9;9,2844,4780,4566;4384;4499;4476;3736;3761;3773;3782;3773;3753;3795;3790;4780;4768;4430;4410;3698;3724;3697;3641;3712;3711;3725;3679;2858;2844;2922;2885,0.0,0.0,3982.7,2,13,846,12227,30,9.8,2565,14001,1,16,0,0,0,0,0.0,0,0,0,0,0,0.0,0.0,0.0,0,0,0,51.1,0.0,0.0,0.33,0.0,22.2,95.4,80.65804415941238,26.71756935119629,21.283540725708008,38.09644571940104,17.191147384544212,2399.0,27.240961471310584,0.37037295134117204,66.67236825043801,0.0,0.0,3.0,0.0,0.0,0.0,3.4,450.0,3982.7,0.0,0.0,55.046,1.232,56.278,36.663,2.346,53.932,emon,0.953,0.665,35.9,22.3,1.61
2026-09-29 23:02:00.326,15.1,3,48,18;26;18;11;19;18;16;19;16;21;22;23;48;11;12;14;11;10;18;14;11;9;8;11;6;5;3;5,2799,4715,4602;4193;4293;4291;3706;3725;3695;3714;3649;3564;3712;3665;4647;4715;4217;4175;3604;3631;3595;3510;3520;3606;3509;3515;2906;2799;2840;2834,0.4,0.0,3988.2,2,12,846,12227,30,9.8,2565,14001,1,16,0,0,0,0,0.0,0,0,0,0,0,0.0,0.0,0.0,0,0,0,43.1,0.0,0.0,0.32,0.0,22.0,95.4,97.53356552124023,0.0003344936412759125,0.02113581821322441,0.002118459902703762,0.5382089018821716,1199.0,0.09821273665875196,0.5101380664855242,50.076060593128204,0.0,0.0,2.3,0.2,0.0,0.0,2.9,450.0,3988.2,0.0,0.0,55.046,1.232,56.278,36.663,2.346,53.932,emon,0.953,0.665,35.9,22.3,1.61
2026-09-29 23:02:01.327,2.6,0,25,3;3;5;6;3;2;0;0;0;2;0;0;25;5;5;3;2;3;2;0;0;0;0;2;2;2;2;0,1366,4266,4192;3567;3428;3771;1512;1636;1995;1651;1777;1477;1366;1658;4266;4191;3502;3554;1662;1678;1873;1629;1780;1806;2083;1702;2343;2237;2335;2150,0.0,0.0,3988.2,2,18,846,12227,30,9.8,2565,14001,1,16,0,0,0,0,0.0,0,0,0,0,0,0.0,0.0,0.0,0,0,0,38.1,0.0,0.0,0.32,0.0,22.0,95.4,97.91482543945312,0.0,0.0,0.0,0.7982909679412842,1199.0,0.0329926130361855,0.6314343214035034,50.070711459964514,0.0,0.0,0.1,0.0,0.0,0.0,0.1,450.0,3988.2,0.0,0.0,55.046,1.232,56.278,36.663,2.346,53.932,emon,0.953,0.665,35.9,22.3,1.61
2026-09-29 23:02:02.327,3.2,0,28,6;24;6;3;2;3;0;0;0;0;2;0;28;2;5;3;2;0;0;0;0;0;0;0;3;2;0;0,1497,4518,4518;3651;3364;3212;1497;2128;1598;2517;1814;1702;2403;1633;4479;4027;3791;3554;1887;1991;2121;1940;1878;1868;1813;1818;2386;2451;2463;2482,0.0,0.0,3988.2,2,10,847,12227,30,9.8,2565,14001,1,16,0,0,0,0,0.0,0,0,0,0,0,0.0,0.0,0.0,0,0,0,39.1,0.0,0.0,0.32,0.0,22.0,95.4,97.91482543945312,0.0,0.0,0.0,0.7982909679412842,1199.0,0.0329926130361855,0.6314343214035034,50.070711459964514,0.0,0.0,2.0,0.0,0.0,0.0,2.1,450.0,3988.2,0.0,0.0,55.046,1.232,56.278,36.663,2.346,53.932,emon,0.953,0.665,35.9,22.3,1.61
2026-09-29 23:02:03.328,3.9,0,36,2;20;3;6;3;0;3;0;0;0;0;0;36;2;8;6;2;3;0;0;3;0;0;0;5;3;3;2,1317,4397,4248;3559;3720;3665;1734;2078;1405;1494;1531;1381;1617;1317;4397;4152;3224;3255;1459;1721;1675;1565;2309;1954;1930;1796;2193;2245;2244;2103,0.0,0.0,3986.0,3,10,847,12227,30,9.8,2565,14001,1,16,0,0,0,0,0.0,0,0,0,0,0,0.0,0.0,0.0,0,0,0,37.1,0.0,0.0,0.32,0.0,22.0,95.4,97.91482543945312,0.0,0.0,0.0,0.7982909679412842,1199.0,0.0329926130361855,0.6314343214035034,50.070711459964514,0.0,0.0,2.1,0.0,0.0,0.0,3.0,450.0,3986.3,0.0,0.0,55.046,1.232,56.278,36.663,2.346,53.932,emon,0.953,0.665,35.9,22.3,1.61
2026-09-29 23:02:04.328,4.0,0,36,6;16;6;5;0;0;0;2;0;0;2;0;36;3;8;8;2;2;0;2;3;2;2;2;3;5;0;0,1421,4428,4428;3733;3281;3300;1557;1421;1790;2079;2083;1721;1952;1672;4338;4155;3761;3511;2229;2311;1853;1716;2445;1510;1851;1689;2501;2269;2438;2052,0.0,0.0,3985.1,2,10,846,12227,30,9.8,2565,14001,1,16,0,0,0,0,0.0,0,0,0,0,0,0.0,0.0,0.0,0,0,0,37.1,0.0,0.0,0.32,0.0,22.0,95.4,97.91482543945312,0.0,0.0,0.0,0.7982909679412842,1199.0,0.0329926130361855,0.6314343214035034,50.070711459964514,0.0,0.0,2.0,0.0,0.0,0.0,2.2,450.0,3985.1,0.0,0.0,1.925,0.847,2.771,30.453,1.949,0.822,emon,0.892,0.778,51.8,16.2,3.202
2026-09-29 23:02:05.328,5.7,0,68,12;22;5;9;0;2;2;0;0;2;0;0;68;9;9;6;2;0;0;2;2;2;0;2;2;0;3;2,1455,4718,4475;3325;3892;4053;2248;2710;2797;1696;1455;2244;1861;2072;4690;4718;3851;3778;1651;1966;2206;1864;2267;1914;1689;1921;2134;2152;2168;2380,67.8,0.0,3998.0,3,10,847,12227,30,9.8,2565,14001,1,16,0,0,0,0,0.0,0,0,0,0,0,0.0,0.0,0.0,0,0,0,41.1,0.0,0.0,0.32,0.0,22.0,95.4,98.04517682393391,16.908955971399944,9.298973192771276,20.311611115932465,1.7714879933046177,1299.0,6.503390000279372,0.6893300656229258,58.40201736986637,0.0,0.0,33.9,31.6,0.0,0.0,2.9,450.0,3998.0,0.0,0.0,1.925,0.847,2.771,30.453,1.949,0.822,emon,0.892,0.778,51.8,16.2,3.202
2026-09-29 23:02:06.329,7.0,0,95,8;26;8;5;3;0;2;0;1;2;0;3;95;9;8;5;3;3;3;0;3;2;0;0;2;5;0;2,1567,4797,4497;3383;4086;3767;2013;2090;1915;1626;2196;1855;1865;2457;4782;4797;3945;3696;2941;3118;3052;2831;1567;1934;1613;1823;2165;2056;2319;2275,100.0,0.0,3998.0,3,10,846,12227,30,9.8,2565,14001,1,16,0,0,0,0,0.0,0,0,0,0,0,0.0,0.0,0.0,0,0,0,41.1,0.0,0.0,0.32,0.0,22.0,95.4,79.3196792602539,35.72011470794678,37.12336311340332,57.71123046875,31.49790554046631,2399.0,46.20851472633658,0.06163661140017211,75.054539867118,0.0,0.0,99.7,99.7,0.0,0.0,0.0,450.0,3998.0,0.0,0.0,1.925,0.847,2.771,30.453,1.949,0.822,emon,0.892,0.778,51.8,16.2,3.202
2026-09-29 23:02:07.329,8.7,0,94,9;23;19;2;2;0;2;2;3;3;5;5;94;12;16;8;3;2;2;8;5;5;5;5;0;3;2;2,1461,4785,4519;3212;4271;3980;2546;1461;1581;1747;2931;3184;3134;3101;4785;4772;4234;4088;2399;2277;2888;2466;3563;3622;3370;3312;2195;2354;2178;2149,100.0,0.0,3998.0,3,12,846,12227,30,9.8,2565,14001,1,16,0,0,0,0,0.0,0,0,0,0,0,0.0,0.0,0.0,0,0,0,40.1,0.0,0.0,0.32,0.0,22.1,95.4,77.85044791481711,34.19699426130815,35.52295043251731,55.237871343439274,29.97866795279763,2399.0,44.15191681883086,0.0607381127351387,72.79801269654523,0.0,0.0,99.5,99.5,0.0,0.0,0.0,450.0,3998.0,0.0,0.0,1.925,0.847,2.771,30.453,1.949,0.822,emon,0.892,0.778,51.8,16.2,3.202
2026-09-29 23:02:08.329,8.0,0,98,12;25;14;12;2;2;0;2;3;1;2;3;98;9;5;9;0;2;3;2;0;5;2;5;0;3;2;2,1554,4791,4562;3384;4204;3977;2501;2699;1554;2464;2162;2019;2416;2193;4791;4788;3443;3763;2152;2364;2626;1922;1845;2233;1786;2067;2359;2458;2140;2224,97.6,0.0,3998.0,3,10,845,12227,30,9.8,2565,14001,1,16,0,0,0,0,0.0,0,0,0,0,0,0.0,0.0,0.0,0,0,0,40.1,0.0,0.0,0.33,0.0,22.1,95.4,82.76097080111504,38.83308410644531,40.60668587684631,62.863699436187744,34.171260833740234,2399.0,50.09142047845671,0.06451359736092854,81.26677871355787,0.0,0.0,99.4,99.0,0.0,0.0,0.0,450.0,4014.0,0.0,0.0,1.925,0.847,2.771,30.453,1.949,0.822,emon,0.892,0.778,51.8,16.2,3.202
2026-09-29 23:02:09.330,7.8,0,80,12;26;17;6;14;0;3;2;0;0;0;2;80;11;11;16;0;2;2;3;2;2;1;0;3;3;2;0,1399,4754,4528;3212;4086;3632;2830;2309;2433;1867;2166;1469;1475;1617;4754;4744;3937;4083;1982;1983;2135;2012;1399;1504;2010;1813;2213;2149;2102;2138,100.0,0.0,4014.0,2,17,846,12227,30,9.8,2565,14001,1,16,0,0,0,0,0.0,0,0,0,0,0,0.0,0.0,0.0,0,0,0,39.1,0.0,0.0,0.33,0.0,22.1,95.4,78.58078511555989,32.79680214987861,35.454121907552086,53.877354303995766,28.85595081249873,2399.0,42.88004766581192,0.05786147705900172,77.78622783602785,0.0,0.0,78.4,76.6,0.0,0.0,0.0,450.0,4014.0,0.0,0.0,1.925,0.847,2.771,30.453,1.949,0.822,emon,0.892,0.778,51.8,16.2,3.202
2026-09-29 23:02:10.330,4.6,0,42,6;31;9;5;3;0;0;0;0;0;0;0;42;3;6;6;2;2;0;3;3;2;2;0;0;2;2;0,1652,4505,4505;3861;4032;3694;1926;2317;2782;2343;1896;2076;2353;1997;4382;4353;3465;3623;1652;1894;1750;1781;2090;2285;1962;2036;2500;2502;2614;2590,49.2,0.0,4014.0,2,10,846,12227,30,9.8,2565,14001,1,16,0,0,0,0,0.0,0,0,0,0,0,0.0,0.0,0.0,0,0,0,37.1,0.0,0.0,0.33,0.0,22.1,95.4,97.20874786376953,0.0,0.0,0.0,1.3360813856124878,1699.0,0.09878355171531439,0.7711170166730881,49.896426387131214,0.0,0.0,0.1,0.0,0.0,0.0,0.1,450.0,4014.0,0.0,0.0,1.925,0.847,2.771,30.453,1.949,0.822,emon,0.892,0.778,51.8,16.2,3.202
2026-09-29 23:02:11.331,5.1,0,46,8;29;8;6;3;3;2;0;0;0;2;0;46;3;5;2;2;0;0;0;0;0;2;0;5;5;6;8,1630,4525,4462;3730;3897;3514;2081;2516;2482;2397;1787;1985;2879;1630;4525;4109;3722;3631;2085;1847;1908;1729;1792;1902;1975;2429;2698;2625;2585;2639,0.0,0.0,4014.0,2,10,847,12227,30,9.8,2565,14001,1,16,0,0,0,0,0.0,0,0,0,0,0,0.0,0.0,0.0,0,0,0,38.1,0.0,0.0,0.33,0.0,22.1,95.4,97.20874786376953,0.0,0.0,0.0,1.3360813856124878,1699.0,0.09878355171531439,0.7711170166730881,49.896426387131214,0.0,0.0,2.0,0.0,0.0,0.0,2.1,450.0,4014.0,0.0,0.0,1.925,0.847,2.771,30.453,1.949,0.822,emon,0.892,0.778,51.8,16.2,3.202
2026-09-29 23:02:12.331,5.1,0,52,3;39;3;0;2;0;2;2;3;0;0;2;52;2;6;2;3;0;0;0;3;3;3;6;2;5;2;2,1267,4465,4329;3704;3398;3524;1326;1773;1758;1267;1957;1666;1734;1814;4465;4065;3414;3563;1626;1582;1592;1494;1831;1684;1868;1576;2354;2416;2417;2362,0.0,0.0,4014.0,2,12,846,12227,30,9.8,2565,14001,1,16,0,0,0,0,0.0,0,0,0,0,0,0.0,0.0,0.0,0,0,0,37.1,0.0,0.0,0.32,0.0,22.1,95.4,97.20874786376953,0.0,0.0,0.0,1.3360813856124878,1699.0,0.09878355171531439,0.7711170166730881,49.896426387131214,0.0,0.0,2.0,0.0,0.0,0.0,2.1,450.0,4014.0,0.0,0.0,1.925,0.847,2.771,30.453,1.949,0.822,emon,0.892,0.778,51.8,16.2,3.202
2026-09-29 23:02:13.332,3.7,0,36,6;26;12;2;0;2;0;0;5;0;0;0;36;2;3;2;0;3;0;0;0;0;0;0;2;0;3;2,1340,4470,4340;3463;3706;3513;1615;1484;1580;2054;1943;1823;1940;2044;4470;4060;3396;3354;1340;2661;1524;1609;1822;1607;1867;1757;2673;2564;2724;2375,0.0,0.0,4014.0,2,9,846,12227,30,9.8,2565,14001,1,16,0,0,0,0,0.0,0,0,0,0,0,0.0,0.0,0.0,0,0,0,37.1,0.0,0.0,0.32,0.0,22.1,95.4,97.20874786376953,0.0,0.0,0.0,1.3360813856124878,1699.0,0.09878355171531439,0.7711170166730881,49.896426387131214,0.0,0.0,3.0,0.0,0.0,0.0,3.7,450.0,4014.0,0.0,0.0,1.925,0.847,2.771,30.453,1.949,0.822,emon,0.892,0.778,51.8,16.2,3.202
2026-09-29 23:02:14.332,6.0,0,52,11;32;16;6;3;0;0;0;0;0;0;0;52;5;15;5;3;5;3;3;2;2;0;2;0;2;3;2,1530,4614,4296;3926;3928;3815;2220;2328;2026;1980;2401;2161;1902;2431;4614;4552;4384;3759;2179;2226;1897;1530;2307;2385;1811;1818;2404;2421;2422;2207,0.0,0.0,4014.0,2,10,847,12227,30,9.8,2565,14001,1,16,0,0,0,0,0.0,0,0,0,0,0,0.0,0.0,0.0,0,0,0,37.1,0.0,0.0,0.32,0.0,23.1,95.4,75.50569605827332,19.3408842086792,23.82822275161743,31.982626914978027,4.7421976532787085,2136.5,7.710148385187495,2.2313724947161973,75.000343122083,0.0,0.0,3.0,0.0,0.0,0.0,3.7,450.0,4014.0,0.0,0.0,1.925,0.847,2.771,30.453,1.949,0.822,emon,0.892,0.778,51.8,16.2,3.202
2026-09-29 23:02:15.333,8.2,0,100,5;37;17;3;5;2;2;0;2;4;0;0;100;5;22;6;3;3;3;2;0;0;0;2;3;2;2;3,1376,4797,4434;3287;4043;3858;2963;1853;1927;1561;2570;2708;1890;2171;4797;4787;4442;4218;2821;2421;2451;2516;1410;1638;1376;2122;2015;2226;2113;2372,20.9,0.0,5427.7,2,13,846,12227,30,9.8,2565,14001,1,16,0,0,0,0,0.0,0,0,0,0,0,0.0,0.0,0.0,0,0,0,40.1,0.0,0.0,0.32,0.0,23.5,95.4,100.0000015258789,43.988393783569336,54.49556121826172,78.19043350219727,12.005395364761352,2399.0,22.514632987976075,2.6974341541528704,99.99999618530273,0.0,0.0,24.5,20.5,0.0,0.0,2.9,450.0,5069.0,0.0,0.0,1.916,0.965,2.88,30.664,1.962,0.918,emon,0.895,0.766,53.2,16.8,3.17
2026-09-29 23:02:16.333,7.4,0,100,10;40;8;8;0;0;3;0;3;0;2;0;100;6;11;14;0;0;0;0;0;0;2;0;2;0;0;2,1275,4799,4359;3163;4101;4189;2150;1357;2407;1275;1864;2031;2531;2245;4799;4799;4169;4292;1589;1700;2529;1801;1743;1668;1836;1585;1947;2037;1892;2114,0.0,0.0,5423.4,2,14,846,12227,30,9.8,2565,14001,1,16,0,0,0,0,0.0,0,0,0,0,0,0.0,0.0,0.0,0,0,0,39.1,0.0,0.0,0.33,0.0,23.5,95.4,100.0000015258789,44.38298454284668,55.558753967285156,79.610009765625,13.02706503868103,2399.0,22.722475719451904,2.2831369578838348,100.00000076293945,0.0,0.0,100.0,100.0,0.0,0.0,0.0,450.0,5423.4,0.0,0.0,1.916,0.965,2.88,30.664,1.962,0.918,emon,0.895,0.766,53.2,16.8,3.17
2026-09-29 23:02:17.334,7.3,0,100,6;39;14;8;2;0;2;2;5;2;0;2;100;11;2;5;2;0;3;0;0;0;0;0;0;2;0;2,1336,4799,4452;3248;3788;4198;1607;2505;2181;1752;2502;1633;2115;1798;4796;4799;3945;3948;2003;1336;1844;1468;2033;1566;1924;1904;2417;2301;2380;2258,0.0,0.0,5423.4,3,18,845,12227,30,9.8,2565,14001,1,16,0,0,0,0,0.0,0,0,0,0,0,0.0,0.0,0.0,0,0,0,39.1,0.0,0.0,0.33,0.0,23.5,95.4,100.00000076293945,43.61920356750488,56.347977828979495,79.5634864807129,12.287742185592652,2399.0,26.48164653778076,2.8745831727981566,100.0,0.0,0.0,100.0,100.0,0.0,0.0,0.0,450.0,5423.4,0.0,0.0,1.916,0.965,2.88,30.664,1.962,0.918,emon,0.895,0.766,53.2,16.8,3.17
2026-09-29 23:02:18.334,7.3,0,100,14;23;11;3;5;2;0;0;0;0;0;0;100;9;14;6;2;3;0;3;2;0;0;0;3;2;2;2,1516,4799,4580;3155;3953;3906;1966;1935;1933;1516;1526;1625;1699;1660;4796;4799;4150;4083;2141;1818;2113;1939;1632;1754;2079;1529;2238;2091;2113;2077,0.0,0.0,5423.4,2,10,845,12227,30,9.8,2565,14001,1,16,0,0,0,0,0.0,0,0,0,0,0,0.0,0.0,0.0,0,0,0,39.1,0.0,0.0,0.33,0.0,23.5,95.4,100.00000381469727,45.6346794128418,54.27297134399414,79.36586380004883,11.540383911132812,2399.0,23.82356023788452,2.735826623439789,99.9999984741211,0.0,0.0,100.0,100.0,0.0,0.0,0.0,450.0,5423.4,0.0,0.0,1.916,0.965,2.88,30.664,1.962,0.918,emon,0.895,0.766,53.2,16.8,3.17
2026-09-29 23:02:19.335,7.1,0,100,11;42;9;8;0;0;0;2;3;0;2;0;100;3;11;2;2;0;0;0;0;0;2;0;2;3;0;0,1571,4799,4465;3298;4094;4117;2007;2524;1694;2240;2197;1805;1991;1571;4799;4799;3938;3679;2290;2104;2344;2320;1797;1607;2672;1851;2216;2481;2349;2210,0.0,0.0,5423.4,3,10,846,12227,30,9.8,2565,14001,1,16,0,0,0,0,0.0,0,0,0,0,0,0.0,0.0,0.0,0,0,0,39.1,0.0,0.0,0.33,0.0,23.5,95.4,99.99999923706055,45.70271301269531,54.23739013671875,79.29970016479493,11.393690156936646,2399.0,23.90477600097656,2.7942909985780715,99.9999984741211,0.0,0.0,100.0,100.0,0.0,0.0,0.0,450.0,5423.4,0.0,0.0,1.916,0.965,2.88,30.664,1.962,0.918,emon,0.895,0.766,53.2,16.8,3.17
2026-09-29 23:02:20.336,6.9,0,100,6;30;8;6;2;0;2;2;5;0;3;2;100;6;8;9;2;0;0;0;2;0;0;0;2;0;2;0,1647,4800,4437;3307;3717;4082;2068;1834;1695;1874;1851;1763;3078;2383;4799;4800;3910;4054;2559;1903;2076;1647;1819;2033;2414;2662;2329;2146;2114;2185,0.0,0.0,5423.4,3,10,846,12227,30,9.8,2565,14001,1,16,0,0,0,0,0.0,0,0,0,0,0,0.0,0.0,0.0,0,0,0,39.1,0.0,0.0,0.33,0.0,23.5,95.4,100.0,44.509088134765626,55.43435554504394,79.35584716796875,10.624366426467896,2399.0,27.48059778213501,2.8607859909534454,100.0,0.0,0.0,100.0,100.0,0.0,0.0,0.0,450.0,5423.4,0.0,0.0,1.916,0.965,2.88,30.664,1.962,0.918,emon,0.895,0.766,53.2,16.8,3.17
2026-09-29 23:02:21.336,8.7,0,100,11;30;11;12;5;0;3;3;6;2;2;0;100;14;17;5;0;2;2;2;3;3;2;0;2;5;2;4,1542,4799,4364;3137;3739;3918;2303;2039;2738;2447;2235;2032;2423;2843;4799;4799;4193;3960;2306;2809;2662;2381;1888;2674;1542;1597;2264;2268;2324;2443,0.0,0.0,5423.4,3,18,846,12227,30,9.8,2565,14001,1,16,0,0,0,0,0.0,0,0,0,0,0,0.0,0.0,0.0,0,0,0,39.1,0.0,0.0,0.33,0.0,23.5,95.4,100.000001695421,45.23269695705838,54.75091467963325,79.62886895073785,11.769837644365099,2399.0,24.36926004621718,2.537026127179464,99.99999321831598,0.0,0.0,100.0,100.0,0.0,0.0,0.0,450.0,5423.4,0.0,0.0,1.916,0.965,2.88,30.664,1.962,0.918,emon,0.895,0.766,53.2,16.8,3.17
2026-09-29 23:02:22.336,7.2,0,100,3;27;11;5;2;0;3;0;3;2;0;2;100;9;15;8;3;0;0;0;0;3;0;3;2;2;2;0,1788,4799,4438;3166;3984;3942;2299;2892;2335;2108;2339;2468;2100;2129;4798;4799;3907;3828;2101;2164;1788;2399;1837;2161;2065;2070;2239;2242;2119;2162,0.0,0.0,5423.4,2,9,846,12227,30,9.8,2565,14001,1,16,0,0,0,0,0.0,0,0,0,0,0,0.0,0.0,0.0,0,0,0,39.1,0.0,0.0,0.33,0.0,23.5,95.4,100.0,45.28385124206543,54.68767738342285,79.2942138671875,11.19820261001587,2399.0,25.334113121032715,3.0487604320049284,99.99999542236328,0.0,0.0,100.0,100.0,0.0,0.0,0.0,450.0,5423.4,0.0,0.0,1.916,0.965,2.88,30.664,1.962,0.918,emon,0.895,0.766,53.2,16.8,3.17
2026-09-29 23:02:23.337,6.9,0,100,8;31;9;11;0;0;0;0;0;0;0;0;100;2;6;15;0;3;0;0;0;0;0;0;2;2;2;3,1426,4800,4523;3163;3992;4010;1619;1569;1956;1454;2222;1426;2504;1966;4799;4800;3579;4119;2176;2960;1937;1790;2156;2125;2221;1933;2379;2526;2526;2291,0.0,0.0,5423.4,2,10,846,12227,30,9.8,2565,14001,1,16,0,0,0,0,0.0,0,0,0,0,0,0.0,0.0,0.0,0,0,0,40.1,0.0,0.0,0.33,0.0,23.5,95.4,99.99999923706055,45.27609558105469,54.65509376525879,79.42778625488282,11.072929859161377,2399.0,27.583023643493654,3.012172582745552,100.00000381469727,0.0,0.0,100.0,100.0,0.0,0.0,0.0,450.0,5423.4,0.0,0.0,1.916,0.965,2.88,30.664,1.962,0.918,emon,0.895,0.766,53.2,16.8,3.17
2026-09-29 23:02:24.337,7.5,0,97,12;34;3;14;3;0;0;0;3;0;2;0;97;6;8;8;2;2;3;0;2;2;0;0;2;3;2;3,1378,4796,4543;3191;3730;4194;1847;2408;1955;1449;2358;2353;2291;1890;4795;4796;3970;4185;2290;1378;1608;1886;1400;2736;1822;1786;1994;2167;1889;2033,0.0,0.0,5423.4,3,10,846,12227,30,9.8,2565,14001,1,16,0,0,0,0,0.0,0,0,0,0,0,0.0,0.0,0.0,0,0,0,40.1,0.0,0.0,0.33,0.0,23.5,95.4,100.00000084771051,45.40231238471137,54.56507280137804,79.56034427218967,11.320103857252333,2399.0,25.609958118862576,2.916104253795412,100.00000084771051,0.0,0.0,100.0,100.0,0.0,0.0,0.0,450.0,5423.4,0.0,0.0,1.916,0.965,2.88,30.664,1.962,0.918,emon,0.895,0.766,53.2,16.8,3.17
2026-09-29 23:02:25.337,8.3,0,100,17;32;9;11;0;0;0;0;2;2;2;2;100;8;8;9;6;3;3;4;2;3;2;0;3;5;0;2,1837,4800,4595;3514;4261;4273;1849;1837;1926;2133;2614;3088;2941;2655;4799;4800;3755;3821;3140;3438;3366;3575;2449;2378;2768;2025;2296;2470;2245;2253,0.0,0.0,5422.5,3,10,847,12227,30,9.8,2565,14001,1,16,0,0,0,0,0.0,0,0,0,0,0,0.0,0.0,0.0,0,0,0,41.1,0.0,0.0,0.33,0.0,23.5,95.4,99.99999923706055,45.659480285644534,54.28134269714356,79.38643798828124,11.940314197540284,2399.0,23.366147327423096,2.500811332464218,99.99999923706055,0.0,0.0,100.0,100.0,0.0,0.0,0.0,450.0,5422.9,0.0,0.0,1.916,0.965,2.88,30.664,1.962,0.918,emon,0.895,0.766,53.2,16.8,3.17
2026-09-29 23:02:26.338,7.5,0,100,6;35;12;5;0;2;2;0;2;0;3;0;100;6;9;9;0;2;0;0;2;2;0;6;0;0;5;3,1585,4799,4475;3125;3968;3716;2520;2192;1900;2381;2236;2476;1904;1660;4799;4799;4050;4229;1637;1585;2471;1834;1829;2269;2497;1912;2311;2209;2218;2217,0.0,0.0,5422.5,2,10,847,12227,30,9.8,2565,14001,1,16,0,0,0,0,0.0,0,0,0,0,0,0.0,0.0,0.0,0,0,0,39.1,0.0,0.0,0.33,0.0,23.5,95.4,100.000001695421,43.723807864718964,56.26049380832248,79.61891852484808,12.24726661046346,2399.0,24.869572639465332,2.6733157171143427,100.000001695421,0.0,0.0,100.0,100.0,0.0,0.0,0.0,450.0,5422.5,0.0,0.0,28.45,3.518,31.968,29.054,1.859,30.109,emon,0.897,0.779,40.9,18.6,2.207
2026-09-29 23:02:27.338,7.1,0,98,9;26;8;9;2;0;2;0;0;0;0;2;98;5;9;13;0;0;0;0;3;2;0;0;2;3;3;3,1453,4796,4444;3323;4036;3908;2096;1453;1552;1532;2068;1765;1873;1917;4796;4791;4120;4080;1793;1857;2388;2228;2337;1957;2271;2534;2192;2035;2682;2102,0.0,0.0,5422.5,2,19,847,12227,30,9.8,2565,14001,1,16,0,0,0,0,0.0,0,0,0,0,0,0.0,0.0,0.0,0,0,0,39.1,0.0,0.0,0.33,0.0,23.5,95.4,100.0,43.16031188964844,56.77628402709961,79.55193099975585,11.537340831756591,2399.0,25.393947696685792,2.728351056575775,100.0,0.0,0.0,100.0,100.0,0.0,0.0,0.0,450.0,5422.5,0.0,0.0,28.45,3.518,31.968,29.054,1.859,30.109,emon,0.897,0.779,40.9,18.6,2.207
2026-09-29 23:02:28.339,6.6,0,100,13;28;6;13;0;3;0;0;2;0;0;2;100;5;6;5;0;0;0;2;0;0;0;0;0;0;3;0,1403,4800,4517;3119;4322;4212;2553;1762;1914;2169;2003;1427;1403;1514;4800;4799;3743;3459;2657;1636;1441;2394;2215;2119;2174;1795;2088;2059;2175;1902,0.0,0.0,5422.5,2,11,846,12227,30,9.8,2565,14001,1,16,0,0,0,0,0.0,0,0,0,0,0,0.0,0.0,0.0,0,0,0,39.1,0.0,0.0,0.33,0.0,23.5,95.4,100.00000381469727,43.51830711364746,56.45235061645508,79.6422836303711,13.793808221817017,2399.0,22.41549253463745,2.286591637134552,100.00000381469727,0.0,0.0,100.0,100.0,0.0,0.0,0.0,450.0,5422.5,0.0,0.0,28.45,3.518,31.968,29.054,1.859,30.109,emon,0.897,0.779,40.9,18.6,2.207
2026-09-29 23:02:29.339,8.1,0,98,9;34;11;5;2;2;3;2;2;0;0;0;98;9;11;10;5;2;2;2;5;2;3;3;2;3;2;3,1417,4795,4487;3234;3629;3899;2055;2790;1854;2003;1870;1629;1753;1417;4793;4795;4213;4070;2272;1885;2070;1737;2327;1917;2245;1907;2195;2273;2270;2502,100.0,0.0,5424.2,2,14,846,12227,30,9.8,2565,14001,1,16,0,0,0,0,0.0,0,0,0,0,0,0.0,0.0,0.0,0,0,0,40.1,0.0,0.0,0.33,0.0,23.5,95.4,85.76758237985464,41.797171959510216,40.54009129450871,65.29379331148587,21.31410257632916,2399.0,39.54584049086015,1.0739701999387203,84.63073572573754,0.0,0.0,100.0,100.0,0.0,0.0,0.0,450.0,5422.5,0.0,0.0,28.45,3.518,31.968,29.054,1.859,30.109,emon,0.897,0.779,40.9,18.6,2.207
2026-09-29 23:02:30.357,7.7,0,100,11;32;11;9;2;0;0;3;0;0;0;2;100;14;8;6;0;8;2;0;3;0;5;0;0;0;2;2,1288,4797,4448;3235;4025;4097;2163;1616;1677;1432;1502;1831;1745;2359;4793;4797;4042;3825;1685;2401;2527;1288;1771;1511;2235;1521;2208;2260;2312;2265,100.0,0.0,5424.2,2,13,847,12227,30,9.8,2565,14001,1,16,0,0,0,0,0.0,0,0,0,0,0,0.0,0.0,0.0,0,0,0,40.1,0.0,0.0,0.33,0.0,23.5,95.4,77.72452516555786,40.69105281829834,32.687384033203124,58.11335220336914,25.967803478240967,2399.0,41.22116094842204,0.13559600776061415,75.03736212067307,0.0,0.0,99.8,99.8,0.0,0.0,0.0,450.0,5424.2,0.0,0.0,28.45,3.518,31.968,29.054,1.859,30.109,emon,0.897,0.779,40.9,18.6,2.207
2026-09-29 23:02:31.358,8.0,0,100,11;28;2;14;3;2;2;2;2;2;6;2;100;8;12;9;0;0;0;0;2;3;2;2;4;2;3;3,1351,4797,4544;3346;3827;4054;2209;2193;2359;1669;2477;2751;2069;2223;4793;4797;3777;3947;2202;2673;1608;1351;1982;2059;2313;1756;2341;2312;2432;2173,100.0,0.0,5424.2,2,10,847,12227,30,9.8,2565,14001,1,16,0,0,0,0,0.0,0,0,0,0,0,0.0,0.0,0.0,0,0,0,40.1,0.0,0.0,0.33,0.0,23.5,95.4,75.2425969362259,38.426927185058595,30.184482765197753,54.29676284790039,23.541735076904295,2399.0,37.92470918267354,0.13337230948382056,70.0561541510746,0.0,0.0,99.5,99.5,0.0,0.0,0.0,450.0,5424.2,0.0,0.0,28.45,3.518,31.968,29.054,1.859,30.109,emon,0.897,0.779,40.9,18.6,2.207
2026-09-29 23:02:32.358,7.2,0,97,11;36;5;11;2;3;0;2;0;2;0;0;97;3;9;5;0;3;0;2;3;3;2;0;2;2;2;0,0,4794,4569;3315;3643;0;2157;2279;1543;1370;1862;2016;1518;1501;4790;4794;4028;3760;1699;2104;1937;2160;2734;2336;1906;2028;2139;2105;2387;2187,100.0,0.0,5424.2,2,12,846,12227,30,9.8,2565,14001,1,16,0,0,0,0,0.0,0,0,0,0,0,0.0,0.0,0.0,0,0,0,40.1,0.0,0.0,0.33,0.0,23.5,95.4,75.42263521750768,38.50145069758097,30.88445520401001,54.947638193766274,24.461131811141968,2399.0,39.20245889302654,0.12992857741968086,70.89627620282893,0.0,0.0,99.6,99.5,0.0,0.0,0.0,450.0,5424.2,0.0,0.0,28.45,3.518,31.968,29.054,1.859,30.109,emon,0.897,0.779,40.9,18.6,2.207
2026-09-29 23:02:33.358,7.8,0,97,10;34;11;12;2;3;0;2;0;2;0;0;97;6;6;10;0;2;0;0;2;6;3;5;0;0;3;3,1336,4797,4380;3387;4133;4143;2117;2047;1634;1631;2012;1694;1563;1753;4790;4797;4062;4023;2320;2350;2220;1336;2398;1666;1824;2010;2200;2215;2569;1982,90.5,0.0,5424.2,2,16,846,12227,30,9.8,2565,14001,1,16,0,0,0,0,0.0,0,0,0,0,0,0.0,0.0,0.0,0,0,0,40.1,0.0,0.0,0.33,0.0,23.5,95.4,82.5696312321557,42.33793491787381,33.25523037380643,59.85168584187826,26.05268626742893,2399.0,42.062789783075765,0.1449478397326958,77.8428333869411,0.0,0.0,99.5,99.4,0.0,0.0,0.0,450.0,5424.2,0.0,0.0,28.45,3.518,31.968,29.054,1.859,30.109,emon,0.897,0.779,40.9,18.6,2.207
2026-09-29 23:02:34.359,11.3,0,100,17;36;9;19;5;3;4;6;6;4;3;3;100;15;12;12;5;6;5;8;9;5;5;8;6;2;2;0,1925,4788,4569;4074;4012;4058;2789;2194;1925;2293;2940;3391;3502;3543;4788;4781;4352;4148;3019;3256;3508;3438;3095;3173;3152;3182;2112;2502;2639;2479,100.0,0.0,5424.2,3,10,846,12227,30,9.8,2565,14001,1,16,0,0,0,0,0.0,0,0,0,0,0,0.0,0.0,0.0,0,0,0,41.1,0.0,0.0,0.33,0.0,23.5,95.4,77.65724263191223,40.97314453125,32.60199203491211,58.232957458496095,25.87502965927124,2399.0,40.6484969409823,0.13907353789545596,75.03071691729129,0.0,0.0,99.4,99.4,0.0,0.0,0.0,450.0,5424.2,0.0,0.0,28.45,3.518,31.968,29.054,1.859,30.109,emon,0.897,0.779,40.9,18.6,2.207
2026-09-29 23:02:35.359,7.8,0,98,8;34;6;6;2;0;0;3;2;3;2;2;98;11;11;9;0;2;2;0;0;2;2;0;9;0;5;2,1629,4798,4368;4024;3696;4007;1778;1763;1973;2321;2000;1985;2064;1719;4798;4797;4060;4030;1779;1666;2311;2687;1883;1850;2029;1629;2009;2774;2834;2731,92.1,0.0,5424.2,3,11,845,12227,30,9.8,2565,14001,1,16,0,0,0,0,0.0,0,0,0,0,0,0.0,0.0,0.0,0,0,0,40.1,0.0,0.0,0.33,0.0,23.5,95.4,78.3730004787445,40.649215888977054,32.56443290710449,58.01903953552246,25.822843933105467,2399.0,41.52708391252672,0.13433350304840133,75.04177030436695,0.0,0.0,99.6,99.5,0.0,0.0,0.0,450.0,5424.2,0.0,0.0,28.45,3.518,31.968,29.054,1.859,30.109,emon,0.897,0.779,40.9,18.6,2.207
2026-09-29 23:02:36.359,7.9,0,98,6;36;9;12;2;2;0;0;0;0;2;2;98;12;11;11;3;0;3;0;0;0;6;3;3;0;0;2,1307,4797,4416;3964;3872;3951;2290;1721;1586;1657;1664;1813;1552;1307;4796;4797;4014;4082;2914;2028;2016;2212;2008;1904;1984;1903;1964;2544;2579;2580,92.5,0.0,5424.2,3,13,847,12227,30,9.8,2565,14001,1,16,0,0,0,0,0.0,0,0,0,0,0,0.0,0.0,0.0,0,0,0,40.1,0.0,0.0,0.33,0.0,23.5,95.4,74.50861517588298,38.93293235415504,30.798475356329057,55.18546767461868,24.009530476161412,2399.0,38.67037969534396,0.13381393922359816,71.46810805762098,0.0,0.0,99.7,99.6,0.0,0.0,0.0,450.0,5424.2,0.0,0.0,56.765,1.221,57.987,40.387,2.585,55.402,emon,0.951,0.659,36.7,22.8,1.61
2026-09-29 23:02:37.361,7.5,0,100,6;32;8;8;3;5;3;2;0;0;0;0;100;6;8;12;2;0;0;0;0;0;3;5;3;2;2;2,1576,4792,4466;4042;4072;3667;1771;2646;2826;2909;1713;1696;2100;1654;4792;4792;3889;3952;2013;1614;1658;1734;1907;1737;1652;1576;2040;2721;2733;2767,92.3,0.0,5424.2,2,10,846,12227,30,9.7,2565,14001,1,16,0,0,0,0,0.0,0,0,0,0,0,0.0,0.0,0.0,0,0,0,40.1,0.0,0.0,0.33,0.0,23.5,95.4,75.96209462483723,39.03601026535034,30.044603665669758,54.65137608846029,23.228822867075603,2399.0,37.86473810502988,0.13784518193763992,70.90045085983972,0.0,0.0,99.5,99.5,0.0,0.0,0.0,450.0,5424.2,0.0,0.0,56.765,1.221,57.987,40.387,2.585,55.402,emon,0.951,0.659,36.7,22.8,1.61
2026-09-29 23:02:38.361,8.1,0,98,6;32;9;8;3;2;0;0;2;0;0;2;98;8;9;14;0;2;3;5;3;3;2;2;11;2;0;3,1581,4797,4516;4037;3855;3460;2175;2329;1651;2143;1954;1970;1581;2266;4790;4797;3713;3689;1776;2334;1853;2336;2615;2524;2160;3027;1839;2508;2498;2574,100.0,0.0,5424.2,2,13,846,12227,30,9.7,2565,14001,1,16,0,0,0,0,0.0,0,0,0,0,0,0.0,0.0,0.0,0,0,0,40.1,0.0,0.0,0.33,0.0,23.5,95.4,79.1232885837555,40.74672164916992,32.447387504577634,57.95658912658691,25.51928844451904,2399.0,41.065885354403875,0.13708088155835868,75.05505618527532,0.0,0.0,99.7,99.6,0.0,0.0,0.0,450.0,5424.2,0.0,0.0,56.765,1.221,57.987,40.387,2.585,55.402,emon,0.951,0.659,36.7,22.8,1.61
2026-09-29 23:02:39.362,8.6,0,92,11;30;11;11;2;0;0;0;0;0;3;0;92;14;20;11;3;0;9;0;2;5;2;2;6;5;3;0,1541,4795,4417;4077;3838;4187;2469;1541;1787;1878;2119;2079;2464;1707;4788;4795;4279;4145;1704;1767;1980;1686;2141;2366;2044;2182;1966;2669;2682;2574,92.5,0.0,5419.7,3,10,846,12227,30,9.7,2565,14001,1,16,0,0,0,0,0.0,0,0,0,0,0,0.0,0.0,0.0,0,0,0,41.1,0.0,0.0,0.33,0.0,22.6,95.4,75.48919700440906,38.95613534109933,30.775594620477584,55.165253048851376,24.08607546488444,2399.0,38.850982861826196,0.13190361688889207,71.47788845002651,0.0,0.0,99.3,99.2,0.0,0.0,0.0,450.0,5424.2,0.0,0.0,56.765,1.221,57.987,40.387,2.585,55.402,emon,0.951,0.659,36.7,22.8,1.61
2026-09-29 23:02:40.362,9.1,0,100,3;38;14;12;3;0;0;0;0;0;0;3;100;11;14;12;2;2;0;2;8;5;2;5;13;6;2;0,1490,4799,4220;4091;4064;3877;1794;2575;2485;2449;1806;1829;2437;2754;4797;4799;3822;4000;2369;1526;1634;1490;2104;2045;2328;2038;1973;2563;2656;2619,100.0,0.0,4379.4,2,10,846,12227,30,9.7,2565,14001,1,16,0,0,0,0,0.0,0,0,0,0,0,0.0,0.0,0.0,0,0,0,40.1,0.0,0.0,0.33,0.0,22.7,95.4,78.03239698410034,40.641775894165036,32.46358451843262,57.81833190917969,25.451662445068358,2399.0,40.19579217874561,0.13992611536523328,75.03584278933704,0.0,0.0,99.6,99.5,0.0,0.0,0.0,450.0,4380.1,0.0,0.0,56.765,1.221,57.987,40.387,2.585,55.402,emon,0.951,0.659,36.7,22.8,1.61
2026-09-29 23:02:41.363,8.3,0,100,8;34;16;6;2;0;0;2;2;0;0;5;100;14;6;15;3;0;2;2;3;2;2;3;6;3;0;0,1547,4796,4434;4042;4325;3727;1682;1710;1547;1940;1745;1959;2280;1705;4796;4796;3677;4044;2354;1924;2105;2069;1946;1994;1833;1830;2037;2745;2789;2820,100.0,0.0,4379.4,2,10,846,12227,30,9.9,2565,14001,1,16,0,0,0,0,0.0,0,0,0,0,0,0.0,0.0,0.0,0,0,0,41.1,0.0,0.0,0.33,0.0,22.7,95.4,77.59439966895364,37.236437336054884,29.58867782896215,52.81975744935599,23.162749723954633,2399.0,37.19111439106266,0.13145886082202196,72.78991576250304,0.0,0.0,99.7,99.6,0.0,0.0,0.0,450.0,4379.4,0.0,0.0,56.765,1.221,57.987,40.387,2.585,55.402,emon,0.951,0.659,36.7,22.8,1.61
2026-09-29 23:02:42.363,8.2,0,100,5;37;9;5;2;0;2;3;2;2;0;2;100;8;14;11;0;2;2;2;5;2;2;0;9;2;3;5,1594,4792,4497;4154;4122;3575;2097;1594;1656;2286;1803;2144;1855;2284;4790;4792;4221;3710;2326;2263;2396;1940;1922;1886;2712;2376;1951;2594;2713;2657,100.0,0.0,4379.4,3,10,845,12227,30,9.9,2565,14001,1,16,0,0,0,0,0.0,0,0,0,0,0,0.0,0.0,0.0,0,0,0,40.1,0.0,0.0,0.33,0.0,22.5,95.4,80.32993788189358,42.29242706298828,33.60651842753092,60.00847456190321,26.486172993977863,2399.0,42.06165555883328,0.14245138296650517,77.80875390975012,0.0,0.0,99.5,99.4,0.0,0.0,0.0,450.0,4379.4,0.0,0.0,56.765,1.221,57.987,40.387,2.585,55.402,emon,0.951,0.659,36.7,22.8,1.61
2026-09-29 23:02:43.363,8.6,0,97,6;26;19;9;3;0;0;0;5;5;5;2;97;9;17;14;3;3;2;2;0;0;2;2;9;2;0;2,1594,4792,4395;4131;4119;4126;2413;1930;1594;1615;3120;3151;3037;3358;4785;4792;4326;4235;2251;2201;1966;2364;2957;2618;2672;2860;1957;2701;2633;2820,100.0,0.0,4379.4,2,12,846,12227,30,9.9,2565,14001,1,16,0,0,0,0,0.0,0,0,0,0,0,0.0,0.0,0.0,0,0,0,41.1,0.0,0.0,0.33,0.0,22.5,95.4,80.76790751351251,42.32264391581217,33.64817682902018,60.04139879014757,26.41311528947618,2399.0,41.42417162103165,0.14762340299785137,77.81735863371028,0.0,0.0,99.5,99.4,0.0,0.0,0.0,450.0,4379.4,0.0,0.0,56.765,1.221,57.987,40.387,2.585,55.402,emon,0.951,0.659,36.7,22.8,1.61
2026-09-29 23:02:44.364,7.9,0,95,6;30;11;8;2;0;2;2;3;2;0;2;95;9;17;2;2;0;2;0;3;2;0;5;9;3;3;5,1325,4788,4258;3999;4214;4002;2182;2056;1995;1859;2305;2167;2225;2448;4781;4788;4005;3701;2173;1883;2156;1325;1823;2491;1935;1866;1977;2629;2678;2693,100.0,0.0,4379.4,3,10,846,12227,30,9.9,2565,14001,1,16,0,0,0,0,0.0,0,0,0,0,0,0.0,0.0,0.0,0,0,0,40.1,0.0,0.0,0.33,0.0,22.5,95.4,77.50290166139602,40.45348567962647,32.30772075653076,57.540985870361325,25.52380256652832,2399.0,40.20085426933947,0.13595699213910847,75.03031058423221,0.0,0.0,99.7,99.6,0.0,0.0,0.0,450.0,4379.4,0.0,0.0,56.765,1.221,57.987,40.387,2.585,55.402,emon,0.951,0.659,36.7,22.8,1.61
2026-09-29 23:02:45.364,7.8,0,100,0;33;8;12;5;2;0;6;2;2;2;2;100;9;5;6;0;0;3;0;3;2;2;2;5;2;5;5,1338,4798,4236;4097;3948;3999;2018;1799;1632;2181;2054;2187;1749;1842;4798;4797;3933;3531;1445;1560;1950;1338;1657;1784;1659;1546;1948;2593;2686;2752,100.0,0.0,4379.4,2,10,846,12227,30,9.8,2565,14001,1,16,0,0,0,0,0.0,0,0,0,0,0,0.0,0.0,0.0,0,0,0,41.1,0.0,0.0,0.33,0.0,22.4,95.4,77.61210443973542,39.78249444961548,31.352838802337647,56.25290946960449,24.612780380249024,2399.0,39.66143636406632,0.13433120810659602,75.03095100857317,0.0,0.0,99.5,99.4,0.0,0.0,0.0,450.0,4379.4,0.0,0.0,56.765,1.221,57.987,40.387,2.585,55.402,emon,0.951,0.659,36.7,22.8,1.61
2026-09-29 23:02:46.364,7.3,0,98,14;31;11;5;2;3;0;0;1;3;0;0;98;6;5;8;2;0;0;0;2;3;2;5;2;2;2;0,1346,4798,4615;4137;3664;3422;1955;2090;2029;2143;1737;2458;1984;1815;4794;4798;3960;3803;1567;1346;2101;1619;2006;2317;2258;2470;1966;2588;2748;2659,92.3,0.0,4379.4,2,9,846,12227,30,9.8,2565,14001,1,16,0,0,0,0,0.0,0,0,0,0,0,0.0,0.0,0.0,0,0,0,40.1,0.0,0.0,0.33,0.0,22.4,95.4,76.0385373505679,37.33805060386658,29.95023384961215,53.071815187280826,22.97279999472878,2399.0,37.47817582913822,0.12647703958844597,72.76717859472741,0.0,0.0,99.5,99.5,0.0,0.0,0.0,450.0,4379.4,0.0,0.0,56.765,1.221,57.987,40.387,2.585,55.402,emon,0.951,0.659,36.7,22.8,1.61
2026-09-29 23:02:47.365,7.7,0,98,2;30;6;9;3;0;0;0;3;2;0;2;98;16;6;8;5;2;0;2;3;0;2;2;6;5;3;2,1710,4788,4159;4021;4074;4105;2220;1981;2378;1977;1781;1822;1993;1710;4788;4788;4008;3859;2038;1832;1878;1753;2027;2133;2190;2033;2127;2852;2813;2856,73.2,0.0,4379.4,3,13,846,12227,30,9.8,2565,14001,1,16,0,0,0,0,0.0,0,0,0,0,0,0.0,0.0,0.0,0,0,0,41.1,0.0,0.0,0.33,0.0,22.4,95.4,76.76003627343611,38.341031074523926,31.850339195945047,55.456166527488016,24.674286755648527,2399.0,39.37977737734433,0.13115625753363763,72.77593204040419,0.0,0.0,99.5,99.5,0.0,0.0,0.0,450.0,4379.4,0.0,0.0,57.119,1.529,58.647,42.664,2.731,55.916,emon,0.947,0.771,36.3,22.5,1.613
2026-09-29 23:02:48.365,7.7,0,100,10;27;8;6;3;0;0;0;2;0;0;3;100;14;9;11;5;2;2;0;0;2;0;0;6;3;3;2,1690,4792,4397;4079;4080;3907;2491;1794;1714;2526;1763;1930;2252;1690;4791;4792;3809;3891;2453;2143;2562;2597;1974;2848;1999;2000;1983;2730;2808;2739,100.0,0.0,4379.4,3,10,845,12227,30,9.8,2565,14001,1,16,0,0,0,0,0.0,0,0,0,0,0,0.0,0.0,0.0,0,0,0,41.1,0.0,0.0,0.33,0.0,22.4,95.4,73.9481694801994,37.817230224609375,30.161254053530484,53.751501332158625,23.830850103627082,2399.0,37.78366645857813,0.12703500143454774,69.62137114029863,0.0,0.0,99.4,99.4,0.0,0.0,0.0,450.0,4379.4,0.0,0.0,57.119,1.529,58.647,42.664,2.731,55.916,emon,0.947,0.771,36.3,22.5,1.613
2026-09-29 23:02:49.366,7.9,0,98,3;31;9;8;0;0;2;3;6;0;2;0;98;8;16;9;3;0;2;0;0;0;3;0;5;2;8;5,1393,4789,4051;4068;4109;4263;2172;2171;1755;2053;2250;1725;1823;1558;4789;4787;4113;3864;2141;1673;2310;1593;1962;1393;2150;1769;2042;2915;2871;2912,77.6,0.0,4380.1,3,11,846,12227,30,9.9,2565,14001,1,16,0,0,0,0,0.0,0,0,0,0,0,0.0,0.0,0.0,0,0,0,40.1,0.0,0.0,0.33,0.0,22.4,95.4,82.53947201371193,44.462565898895264,35.235164642333984,63.12717294692993,27.760385036468506,2399.0,43.87594182182511,0.1518284996272996,81.26444020937197,0.0,0.0,99.5,99.4,0.0,0.0,0.0,450.0,4380.1,0.0,0.0,57.119,1.529,58.647,42.664,2.731,55.916,emon,0.947,0.771,36.3,22.5,1.613
2026-09-29 23:02:50.366,7.7,0,98,9;34;10;8;3;0;0;0;0;0;0;2;98;8;11;10;3;0;3;2;0;3;0;0;11;0;0;2,1352,4799,4540;4097;3605;3788;2376;1352;2451;1361;2307;1777;1440;2775;4796;4799;4072;3913;2330;2246;2425;2107;2950;2623;1868;2687;1928;2585;2625;2576,100.0,0.0,4380.1,2,14,846,12227,30,9.9,2565,14001,1,16,0,0,0,0,0.0,0,0,0,0,0,0.0,0.0,0.0,0,0,0,40.1,0.0,0.0,0.33,0.0,22.4,95.4,75.89019784060392,39.72175181995738,31.419260371815074,56.35085019198331,24.610868627374824,2399.0,39.51247650591276,0.13664464006962423,72.76580728641288,0.0,0.0,99.7,99.7,0.0,0.0,0.0,450.0,4380.1,0.0,0.0,57.119,1.529,58.647,42.664,2.731,55.916,emon,0.947,0.771,36.3,22.5,1.613
2026-09-29 23:02:51.366,7.7,0,100,3;24;6;9;2;3;0;3;4;0;0;0;100;16;9;16;2;2;0;0;0;0;2;0;6;2;2;6,1630,4792,4164;3989;3585;3930;2022;1770;1641;1955;1880;1971;2750;1630;4790;4792;4008;4130;2283;2305;2054;2594;2321;2449;2262;2018;2080;2806;2790;2737,91.5,0.0,4380.1,2,10,846,12227,30,9.9,2565,14001,1,16,0,0,0,0,0.0,0,0,0,0,0,0.0,0.0,0.0,0,0,0,41.1,0.0,0.0,0.33,0.0,22.4,95.4,77.87648346549587,40.34262727436266,31.87772610313014,57.209096005088405,25.16254254391319,2399.0,40.081267218368964,0.13817800251816056,73.7329741794812,0.0,0.0,99.4,99.4,0.0,0.0,0.0,450.0,4380.1,0.0,0.0,57.119,1.529,58.647,42.664,2.731,55.916,emon,0.947,0.771,36.3,22.5,1.613
2026-09-29 23:02:52.373,7.9,0,97,9;31;8;9;0;3;0;3;0;0;4;0;97;9;9;8;2;2;0;0;3;2;3;5;11;3;0;0,1599,4799,4367;4013;3623;3994;1625;2248;1694;1953;1773;2063;2272;1944;4796;4799;3925;3811;1915;1599;1897;2057;2366;2786;2365;2434;1893;2627;2577;2693,100.0,0.0,4380.1,2,10,846,12227,30,9.7,2565,14001,1,16,0,0,0,0,0.0,0,0,0,0,0,0.0,0.0,0.0,0,0,0,40.1,0.0,0.0,0.33,0.0,22.4,95.4,74.06655447681744,38.90173467000326,30.68248399098714,55.120571772257485,23.987063487370808,2399.0,38.68065878620837,0.132622459170913,70.87294157221913,0.0,0.0,99.6,99.6,0.0,0.0,0.0,450.0,4380.1,0.0,0.0,57.119,1.529,58.647,42.664,2.731,55.916,emon,0.947,0.771,36.3,22.5,1.613
2026-09-29 23:02:53.374,8.1,0,100,5;31;6;11;5;0;0;2;0;3;5;1;100;16;9;11;2;3;2;0;5;2;2;3;2;3;0;3,1385,4800,4410;3971;3938;3707;1819;1557;1663;2408;1999;2523;3447;2554;4796;4800;4140;3668;1981;1878;1517;1385;1983;2505;2274;2056;2011;2815;2829;2779,100.0,0.0,4380.1,2,18,846,12227,30,9.7,2565,14001,1,16,0,0,0,0,0.0,0,0,0,0,0,0.0,0.0,0.0,0,0,0,40.1,0.0,0.0,0.33,0.0,22.4,95.4,79.2890899711185,42.73499361673991,33.54720709058974,60.44620005289713,26.28751775953505,2399.0,42.84729541708819,0.14281117828148934,77.79539625388053,0.0,0.0,99.3,99.3,0.0,0.0,0.0,450.0,4380.1,0.0,0.0,57.119,1.529,58.647,42.664,2.731,55.916,emon,0.947,0.771,36.3,22.5,1.613
2026-09-29 23:02:54.374,9.9,0,97,8;33;10;9;6;2;4;2;0;0;2;2;97;19;9;24;2;6;0;0;8;5;6;6;10;2;0;8,1666,4787,4338;3935;4091;4061;2571;2590;2461;2318;2176;2485;2256;2399;4774;4787;4289;4326;2129;1666;2233;2446;3106;3058;3249;3331;2084;2847;2726;2730,100.0,0.0,4380.1,2,14,854,12227,30,9.7,2565,14001,1,16,0,0,0,0,0.0,0,0,0,0,0,0.0,0.0,0.0,0,0,0,45.1,0.0,0.0,0.33,0.0,22.5,95.4,73.5359615035679,36.708658135455586,29.00785255432129,52.068232992421024,22.719360849131707,2399.0,37.00706935251314,0.12414681544001012,69.6151179096297,0.0,0.0,99.5,99.5,0.0,0.0,0.0,450.0,4380.1,0.0,0.0,57.119,1.529,58.647,42.664,2.731,55.916,emon,0.947,0.771,36.3,22.5,1.613
2026-09-29 23:02:55.374,8.2,0,98,3;31;14;14;8;2;0;2;2;0;0;0;98;9;8;12;0;0;4;0;2;2;5;0;12;3;0;0,1692,4796,4386;3890;4052;4163;2477;1692;1971;2430;1854;2249;1985;2630;4796;4795;4062;3985;2482;2333;2408;2657;2475;2063;2450;2359;2091;2811;2792;2822,87.4,0.0,4380.1,3,10,858,12227,30,9.7,2565,14001,1,16,0,0,0,0,0.0,0,0,0,0,0,0.0,0.0,0.0,0,0,0,41.1,0.0,0.0,0.33,0.0,22.5,95.4,83.4708037674427,44.0907986164093,34.75070643424988,62.485698223114014,27.377558708190918,2399.0,44.59396635449957,0.14725085895042866,81.27891608001664,0.0,0.0,99.3,99.3,0.0,0.0,0.0,450.0,4380.1,0.0,0.0,57.119,1.529,58.647,42.664,2.731,55.916,emon,0.947,0.771,36.3,22.5,1.613
2026-09-29 23:02:56.375,8.1,0,98,5;25;9;16;2;2;2;3;2;0;0;2;98;9;12;12;2;2;3;2;0;2;0;2;6;2;3;6,1771,4796,4307;3959;3968;4180;2271;1771;2002;2294;2073;2283;2081;2917;4796;4794;4081;3853;1974;1879;2052;1929;1949;2188;2019;1869;2030;2781;2674;2776,100.0,0.0,4380.1,3,11,858,12227,30,9.9,2565,14001,1,16,0,0,0,0,0.0,0,0,0,0,0,0.0,0.0,0.0,0,0,0,41.1,0.0,0.0,0.33,0.0,22.5,95.4,75.00369956276633,38.0966080752286,32.0516053980047,55.47576141357422,24.946935653686523,2399.0,39.046152046548244,0.13452112486331977,72.75568948110396,0.0,0.0,99.4,99.4,0.0,0.0,0.0,450.0,4380.1,0.0,0.0,57.119,1.529,58.647,42.664,2.731,55.916,emon,0.947,0.771,36.3,22.5,1.613
2026-09-29 23:02:57.375,8.8,0,100,11;29;5;9;3;5;0;2;5;2;0;0;100;14;13;8;3;2;3;3;6;0;0;2;9;3;9;3,2029,4797,4515;3945;3880;4087;2756;2769;2062;2776;2386;2372;2769;2417;4793;4797;4118;3982;2355;2469;2249;2029;2857;2667;2233;2060;2084;2768;2812;2744,76.9,0.0,4380.1,3,10,859,12227,30,9.9,2565,14001,1,16,0,0,0,0,0.0,0,0,0,0,0,0.0,0.0,0.0,0,0,0,41.1,0.0,0.0,0.33,0.0,22.5,95.4,74.67427264319525,39.739855236477325,31.144489288330078,56.10758293999566,24.402967241075302,2399.0,39.030549176625854,0.13645187766653383,72.25593643945952,0.0,0.0,99.3,99.3,0.0,0.0,0.0,450.0,4380.1,0.0,0.0,56.761,1.2,57.961,34.723,2.222,55.739,emon,0.953,0.607,37.0,23.0,1.611
2026-09-29 23:02:58.376,10.0,0,92,3;40;14;16;6;4;2;2;3;2;3;3;92;9;11;14;3;6;3;3;5;6;8;6;10;0;3;2,1391,4749,4319;4111;4316;4227;2069;2267;1447;1391;2721;2812;2757;2856;4749;4723;4037;4044;3161;3249;3211;3306;3298;3384;3419;3417;2006;2726;2739;2717,100.0,0.0,4380.1,4,14,867,12227,30,9.9,2565,14001,1,16,0,0,0,0,0.0,0,0,0,0,0,0.0,0.0,0.0,0,0,0,42.1,0.0,0.0,0.33,0.0,22.6,95.4,78.65419945716857,40.9070764541626,32.32561359405518,58.00382957458496,25.343565940856934,2399.0,40.92569957858068,0.13850928490282968,75.04092048630119,0.0,0.0,99.5,99.5,0.0,0.0,0.0,450.0,4380.1,0.0,0.0,56.761,1.2,57.961,34.723,2.222,55.739,emon,0.953,0.607,37.0,23.0,1.611
2026-09-29 23:02:59.376,8.0,0,100,5;28;14;6;3;1;0;0;2;2;0;0;100;11;17;6;0;3;2;0;2;0;1;0;15;2;0;5,1571,4798,4396;4184;4191;3933;2247;2099;1869;2171;1948;2254;1571;1986;4793;4798;3816;3785;1644;2452;1888;2086;2415;1806;1628;1978;1989;2696;2746;2830,100.0,0.0,4379.4,3,10,867,12227,30,10.1,2565,14001,1,16,0,0,0,0,0.0,0,0,0,0,0,0.0,0.0,0.0,0,0,0,41.1,0.0,0.0,0.33,0.0,22.6,95.4,77.61667141161467,40.37277241757042,31.848108392012747,57.10182591488487,24.753129557559365,2399.0,39.474623279021074,0.1409217917887298,73.72824487776349,0.0,0.0,99.6,99.6,0.0,0.0,0.0,450.0,4379.4,0.0,0.0,56.761,1.2,57.961,34.723,2.222,55.739,emon,0.953,0.607,37.0,23.0,1.611
2026-09-29 23:03:00.395,10.1,2,97,12;35;17;15;8;2;3;3;2;3;2;2;97;4;20;9;2;3;2;3;2;3;2;2;12;14;6;2,2117,4797,4371;4194;4236;4273;2493;2551;2566;2780;2534;2377;2377;2472;4788;4797;4360;4186;2680;2838;2117;2701;2448;2930;2906;2964;2323;3011;2976;2940,100.0,0.0,4379.4,3,0,873,12227,31,10.1,2565,14001,5,16,0,0,0,0,0.0,0,0,0,0,0,0.0,0.0,0.0,0,0,0,43.1,0.0,0.0,0.33,0.0,22.6,95.4,78.3506695357236,39.73932786421342,31.399596647782758,56.27159118652344,24.54578278281472,2399.0,39.20006641864099,0.13767251535318792,72.80892823975195,0.0,0.0,99.4,99.3,0.0,0.0,0.0,450.0,4379.4,0.0,0.0,56.761,1.2,57.961,34.723,2.222,55.739,emon,0.953,0.607,37.0,23.0,1.611
2026-09-29 23:03:01.395,6.2,0,97,2;21;5;6;3;0;0;0;0;0;0;0;97;5;11;8;0;2;3;0;0;0;0;0;5;3;3;2,1266,4794,4204;3907;3479;3610;2106;1341;2881;1906;1712;1955;1804;1266;4789;4794;4070;3793;2351;1844;2206;1455;1710;1522;1463;1858;2008;2819;2836;2791,100.0,0.0,4379.4,1,0,874,12227,31,10.1,2565,14001,5,16,0,0,0,0,0.0,0,0,0,0,0,0.0,0.0,0.0,0,0,0,41.1,0.0,0.0,0.33,0.0,22.6,95.4,79.15805082321167,40.51633491516113,31.96116352081299,57.34043731689453,24.99794759750366,2399.0,40.44959981290158,0.13837197911925614,75.05258080046625,0.0,0.0,99.7,99.6,0.0,0.0,0.0,450.0,4379.4,0.0,0.0,56.761,1.2,57.961,34.723,2.222,55.739,emon,0.953,0.607,37.0,23.0,1.611
2026-09-29 23:03:02.396,5.6,0,97,3;16;5;6;0;2;2;0;2;0;0;0;97;6;6;2;2;0;2;2;0;0;0;0;3;0;0;2,1376,4793,3915;3716;3848;3957;2220;2495;2153;1556;2497;1646;2667;2856;4781;4793;3828;3600;1997;1402;2272;1724;1376;1866;1742;2098;1932;2648;2746;2799,91.2,0.0,4379.4,2,0,855,12227,31,10.1,2565,14001,5,16,0,0,0,0,0.0,0,0,0,0,0,0.0,0.0,0.0,0,0,0,40.1,0.0,0.0,0.33,0.0,22.6,95.4,83.8315622329712,43.90304718017578,34.1405532836914,61.750728352864584,26.62574005126953,2399.0,43.60988073659828,0.14854008792899548,80.04501972695192,0.0,0.0,99.6,99.5,0.0,0.0,0.0,450.0,4379.4,0.0,0.0,56.761,1.2,57.961,34.723,2.222,55.739,emon,0.953,0.607,37.0,23.0,1.611
2026-09-29 23:03:03.396,6.1,0,98,3;24;2;8;0;3;0;0;0;0;0;3;98;3;6;5;0;3;0;0;0;0;2;0;5;2;2;2,1236,4795,4270;3882;3591;4030;2155;2041;1496;1451;1468;1317;1310;2449;4795;4792;3608;3684;1263;1718;1488;1236;1502;1872;1614;2102;1790;2645;2578;2673,100.0,0.0,4379.4,2,0,854,12227,31,10.1,2565,14001,5,16,0,0,0,0,0.0,0,0,0,0,0,0.0,0.0,0.0,0,0,0,41.1,0.0,0.0,0.33,0.0,22.6,95.4,80.72558090421889,42.8955135345459,33.33803833855523,60.2773691813151,25.80067295498318,2399.0,42.13391711826747,0.14715483807958663,77.81756584015157,0.0,0.0,99.6,99.6,0.0,0.0,0.0,450.0,4379.4,0.0,0.0,56.761,1.2,57.961,34.723,2.222,55.739,emon,0.953,0.607,37.0,23.0,1.611
2026-09-29 23:03:04.397,6.0,0,97,3;19;5;8;0;3;0;3;0;0;0;2;97;3;5;9;0;2;0;2;0;0;0;0;6;0;0;2,1371,4793,4511;3522;4285;3941;1498;2343;1502;3135;1528;2428;1371;2436;4793;4786;3723;3919;2422;2074;1715;2418;1532;2306;2635;2370;1810;2485;2695;2518,100.0,0.0,4379.4,2,0,856,12227,31,10.1,2565,14001,5,16,0,0,0,0,0.0,0,0,0,0,0,0.0,0.0,0.0,0,0,0,41.1,0.0,0.0,0.33,0.0,22.6,95.4,82.44397936926947,42.8837759229872,33.296956592135956,60.22945361667209,25.648819287618,2399.0,41.94900454865355,0.1489569046534598,77.84330207109451,0.0,0.0,99.7,99.7,0.0,0.0,0.0,450.0,4379.4,0.0,0.0,56.761,1.2,57.961,34.723,2.222,55.739,emon,0.953,0.607,37.0,23.0,1.611
2026-09-29 23:03:05.397,5.9,0,100,6;13;3;2;2;0;0;2;2;0;0;2;100;8;8;5;0;0;0;0;0;0;2;0;11;2;0;0,1276,4797,4340;3316;3955;2891;2522;2616;1591;2724;1857;2321;2338;2173;4796;4797;3814;3233;1485;2312;1276;2145;1633;1922;2383;1322;1918;2707;2574;2597,100.0,0.0,4379.4,1,0,844,12227,31,10.1,2565,14001,5,16,4,0,0,0,0.0,0,0,0,0,0,0.0,0.0,0.0,0,0,0,41.1,0.0,0.0,0.33,0.0,22.6,95.4,87.35010017667499,47.201795850481304,36.651629311697825,66.30569730486188,28.707404817853654,2399.0,45.82514483425101,0.164499529105212,85.7397308056908,0.0,0.0,99.6,99.6,0.0,0.0,0.0,450.0,4379.4,0.0,0.0,56.761,1.2,57.961,34.723,2.222,55.739,emon,0.953,0.607,37.0,23.0,1.611
2026-09-29 23:03:06.397,6.6,0,98,3;14;16;8;4;4;3;3;0;3;2;0;98;2;5;5;0;2;3;0;2;2;2;2;6;0;0;0,1840,4794,4177;3530;4165;4427;3050;3194;3409;3502;2531;3104;2612;2840;4790;4794;3567;3753;2925;3362;3396;3256;3341;3289;3123;3325;1840;2680;2675;2657,100.0,0.0,4379.4,1,0,844,12227,31,10.1,2565,14001,5,16,4,0,0,0,0.0,0,0,0,0,0,0.0,0.0,0.0,0,0,0,41.1,0.0,0.0,0.33,0.0,22.5,95.4,77.23964407444001,41.28083095550537,31.964455986022948,57.88187866210937,24.85045118331909,2399.0,39.40765468997415,0.1451665141270496,75.02816055417061,0.0,0.0,99.6,99.5,0.0,0.0,0.0,450.0,4379.4,0.0,0.0,56.761,1.2,57.961,34.723,2.222,55.739,emon,0.953,0.607,37.0,23.0,1.611
2026-09-29 23:03:07.397,6.8,0,100,8;22;7;2;0;2;0;0;3;2;5;2;100;6;3;6;5;2;0;0;2;0;2;0;9;3;2;0,1441,4790,4392;3492;4031;3166;2851;1542;2639;1537;3506;3770;3536;3697;4790;4784;3777;4068;1679;2643;2336;1555;1475;2092;2199;1441;1905;2820;2694;2744,88.4,0.0,4379.4,1,0,844,12227,31,10.1,2565,14001,2,16,4,0,0,0,0.0,0,0,0,0,0,0.0,0.0,0.0,0,0,0,40.1,0.0,0.0,0.33,0.0,22.5,95.4,73.19488191604614,37.20356594432484,29.374339363791726,52.66741041703658,23.152896360917524,2399.0,36.8834816014754,0.12808278169144283,68.2605011192235,0.0,0.0,99.6,99.5,0.0,0.0,0.0,450.0,4379.4,0.0,0.0,56.761,1.2,57.961,34.723,2.222,55.739,emon,0.953,0.607,37.0,23.0,1.611
2026-09-29 23:03:08.398,6.0,0,100,6;14;3;10;0;0;0;0;2;0;2;0;100;8;5;2;0;0;2;0;0;0;0;0;8;5;2;2,1183,4795,4414;3637;3895;4033;1518;1459;1534;2144;1456;1202;3281;1200;4795;4793;3786;3204;1423;1395;2064;1455;1306;1183;1759;1264;1920;2611;2625;2735,100.0,0.0,4379.4,1,4,843,12227,31,10.1,2565,14001,2,16,0,0,0,0,0.0,0,0,0,0,0,0.0,0.0,0.0,0,0,0,40.1,0.0,0.0,0.33,0.0,22.5,95.4,79.80650795207305,42.140433591954846,32.164048587574676,58.74860830867992,24.69012451171875,2399.0,40.94264618589488,0.15061892229406273,76.5113278263632,0.0,0.0,99.6,99.6,0.0,0.0,0.0,450.0,4379.4,0.0,0.0,55.758,0.979,56.738,22.129,1.416,55.322,emon,0.961,0.614,37.0,22.9,1.619
2026-09-29 23:03:09.398,6.3,0,98,5;23;12;3;0;0;0;0;0;0;0;0;98;3;8;9;0;0;0;0;0;0;0;0;5;5;2;3,1204,4794,4275;3717;4071;3462;2250;1235;1206;1213;1215;1261;1204;1219;4794;4782;4075;4020;1575;1734;1713;1605;1445;1254;1653;1828;1935;2855;2813;2916,100.0,0.0,4380.1,1,4,844,12227,30,10.1,2565,14001,1,16,0,0,0,0,0.0,0,0,0,0,0,0.0,0.0,0.0,0,0,0,40.1,0.0,0.0,0.33,0.0,22.5,95.4,76.54399785128507,40.028480009599164,31.152653260664508,56.34489198164506,24.066916032270953,2399.0,39.53278687500014,0.1396382722305134,72.77817757427692,0.0,0.0,99.7,99.6,0.0,0.0,0.0,450.0,4380.1,0.0,0.0,55.758,0.979,56.738,22.129,1.416,55.322,emon,0.961,0.614,37.0,22.9,1.619
2026-09-29 23:03:10.398,6.0,0,98,0;25;6;8;0;0;0;0;2;0;0;0;98;3;6;9;0;0;0;0;0;0;0;0;8;0;2;2,1208,4800,3859;3909;4025;4214;1758;2970;1456;1399;1754;1334;2080;1637;4796;4800;2691;4067;2564;1208;1214;1218;1485;1577;1670;1774;1837;2514;2434;2560,90.9,0.0,4380.1,1,8,844,12227,30,10.1,2565,14001,1,16,0,0,0,0,0.0,0,0,0,0,0,0.0,0.0,0.0,0,0,0,40.1,0.0,0.0,0.33,0.0,22.5,95.4,80.55932247638702,40.25451793670654,32.614280700683594,57.67614326477051,25.381979084014894,2399.0,39.58899063768331,0.14337149341590702,75.07669850401581,0.0,0.0,99.7,99.7,0.0,0.0,0.0,450.0,4380.1,0.0,0.0,55.758,0.979,56.738,22.129,1.416,55.322,emon,0.961,0.614,37.0,22.9,1.619
2026-09-29 23:03:11.399,6.2,0,100,9;25;5;3;0;0;0;0;0;0;0;0;100;5;0;11;0;0;2;0;0;0;0;2;3;5;0;3,1357,4790,4553;4029;4068;3516;1418;1537;2511;1451;3011;2409;2210;3131;4790;4788;3478;3862;1653;1357;1738;1445;1434;1490;1864;1672;2027;2901;2727;2956,90.9,0.0,4380.1,0,6,844,12227,30,6.9,2565,14001,1,16,0,0,0,0,0.0,0,0,0,0,0,0.0,0.0,0.0,0,0,0,40.1,0.0,0.0,0.33,0.0,22.5,95.4,82.96473846435546,43.29120890299479,34.3179562886556,61.46019490559896,27.038069915771484,2399.0,43.144248463679105,0.14844502999136847,80.04248725622892,0.0,0.0,99.9,99.9,0.0,0.0,0.0,450.0,4380.1,0.0,0.0,55.758,0.979,56.738,22.129,1.416,55.322,emon,0.961,0.614,37.0,22.9,1.619
2026-09-29 23:03:12.400,5.8,0,100,5;29;6;6;0;0;0;0;2;0;0;0;100;6;0;5;0;0;2;0;0;0;0;0;3;0;0;0,1187,4800,4317;4076;4231;3999;1862;1237;1245;1221;1557;1306;1378;2007;4798;4800;3342;3624;1390;1526;2173;1340;1312;1205;1352;1187;1901;2555;2498;2496,91.1,0.0,4380.1,0,6,844,12227,30,6.9,2565,14001,1,16,0,0,0,0,0.0,0,0,0,0,0,0.0,0.0,0.0,0,0,0,40.1,0.0,0.0,0.33,0.0,22.5,95.4,81.57539203431871,43.008192698160805,33.13050079345703,60.24070909288194,25.523090998331707,2399.0,41.68494551046105,0.15501995705482033,77.83657821226451,0.0,0.0,99.7,99.7,0.0,0.0,0.0,450.0,4380.1,0.0,0.0,55.758,0.979,56.738,22.129,1.416,55.322,emon,0.961,0.614,37.0,22.9,1.619
2026-09-29 23:03:13.400,6.5,0,100,3;22;0;5;0;0;0;0;4;0;0;0;100;6;3;11;0;2;0;0;0;0;4;0;6;3;8;5,1203,4796,4202;4184;2778;3525;1215;1219;1235;1203;1984;1291;1309;1379;4794;4796;3555;4060;2966;1676;1264;1243;1421;1365;2530;1257;2028;2748;2779;2887,100.0,0.0,4380.1,1,19,844,12227,30,6.9,2565,14001,1,16,0,0,0,0,0.0,0,0,0,0,0,0.0,0.0,0.0,0,0,0,40.1,0.0,0.0,0.33,0.0,22.5,95.4,92.25029758612315,49.72119172414144,39.120850563049316,70.35141054789226,30.929341634114582,2399.0,49.672179927447964,0.1673916065483354,91.67370376549661,0.0,0.0,99.8,99.7,0.0,0.0,0.0,450.0,4380.1,0.0,0.0,55.758,0.979,56.738,22.129,1.416,55.322,emon,0.961,0.614,37.0,22.9,1.619
2026-09-29 23:03:14.400,7.4,0,100,6;27;11;11;0;0;0;0;0;0;0;0;100;8;9;9;0;0;0;0;0;0;0;0;9;6;3;8,1214,4799,4172;4095;3785;4040;1275;1829;1405;1322;1905;1605;1223;1915;4798;4799;3669;3887;1259;1992;1400;1219;1214;1219;1418;1218;1890;2671;2689;2631,60.8,0.0,4380.1,1,11,845,12227,30,6.9,2565,14001,1,16,0,0,0,0,0.0,0,0,0,0,0,0.0,0.0,0.0,0,0,0,40.1,0.0,0.0,0.33,0.0,22.5,95.4,87.42474481037685,47.386922291346956,36.684265681675505,66.55826895577567,28.907327107020787,2399.0,46.7124481252062,0.16191235766746104,85.7335279312517,0.0,0.0,99.9,99.9,0.0,0.0,0.0,450.0,4380.1,0.0,0.0,55.758,0.979,56.738,22.129,1.416,55.322,emon,0.961,0.614,37.0,22.9,1.619
2026-09-29 23:03:15.401,6.1,0,98,2;28;9;11;0;2;0;0;0;0;0;0;98;3;6;0;0;0;0;0;0;0;0;0;6;2;2;3,1632,4792,4431;3855;4132;3846;2816;2490;2796;2674;1632;1694;1671;1675;4792;4789;3774;3071;3382;2087;3087;3300;2356;2754;2821;2243;1930;2777;2669;2680,100.0,0.0,4380.1,0,11,847,12227,30,6.9,2565,14001,1,16,0,0,0,0,0.0,0,0,0,0,0,0.0,0.0,0.0,0,0,0,40.1,0.0,0.0,0.33,0.0,22.5,95.4,76.17195542653401,38.92560631888254,30.36026582263765,54.86487869989304,23.740067254929315,2399.0,38.629824142495636,0.1360394369722122,71.49361141274373,0.0,0.0,99.6,99.6,0.0,0.0,0.0,450.0,4380.1,0.0,0.0,55.758,0.979,56.738,22.129,1.416,55.322,emon,0.961,0.614,37.0,22.9,1.619
2026-09-29 23:03:16.401,7.6,0,95,9;21;9;8;0;1;0;1;0;1;0;0;95;11;5;14;0;0;1;0;3;0;0;0;16;5;8;3,1218,4794,4148;4030;4251;3742;2032;1386;1303;1580;1219;2935;1219;1219;4793;4794;3524;4194;1218;1218;1219;1219;2390;1332;1269;1261;1909;2724;2774;2722,100.0,0.0,4380.1,1,10,846,12227,30,6.9,2565,14001,1,16,0,0,0,0,0.0,0,0,0,0,0,0.0,0.0,0.0,0,0,0,40.1,0.0,0.0,0.33,0.0,22.5,95.4,76.50287493792447,37.6744407307018,29.09084736217152,52.849463029341265,22.603760025717996,2399.0,37.14717414143326,0.14566719751085408,68.45485002920032,0.0,0.0,99.5,99.5,0.0,0.0,0.0,450.0,4380.1,0.0,0.0,55.758,0.979,56.738,22.129,1.416,55.322,emon,0.961,0.614,37.0,22.9,1.619
2026-09-29 23:03:17.401,5.6,0,95,8;15;6;8;0;0;0;0;0;0;0;0;95;6;8;8;0;0;0;0;0;0;0;0;2;0;0;2,1221,4799,4491;3857;3896;3396;1250;2010;1269;1365;1571;1474;1311;1374;4797;4799;4142;3827;1223;1223;1260;1536;1490;1221;1593;1223;1803;2543;2425;2715,87.9,0.0,4380.1,1,18,846,12227,30,6.9,2565,14001,1,16,0,0,0,0,0.0,0,0,0,0,0,0.0,0.0,0.0,0,0,0,40.1,0.0,0.0,0.33,0.0,22.5,95.4,75.97918678584851,37.85428478843287,29.218792764764082,53.08621577212685,22.735482667621813,2399.0,37.37755547776377,0.14355720420319,68.63110159729656,0.0,0.0,99.7,99.7,0.0,0.0,0.0,450.0,4380.1,0.0,0.0,55.758,0.979,56.738,22.129,1.416,55.322,emon,0.961,0.614,37.0,22.9,1.619
2026-09-29 23:03:18.401,6.1,0,98,5;29;6;5;2;0;0;0;0;0;0;0;98;5;8;8;0;0;0;0;0;0;0;0;5;0;0;0,1195,4797,4392;4015;4052;3785;1413;1435;1221;1334;1263;1267;1261;1303;4789;4797;3740;3886;1337;1275;1754;1663;1264;1585;1410;1195;1944;2653;2674;2543,100.0,0.0,4380.1,1,21,845,12227,30,6.9,2565,14001,1,16,0,0,0,0,0.0,0,0,0,0,0,0.0,0.0,0.0,0,0,0,40.1,0.0,0.0,0.33,0.0,22.5,95.4,80.77941858067231,42.16092838960535,32.77155999576344,59.307232576258045,25.778962528004367,2399.0,41.450587235308966,0.1463539256467758,76.52633674157893,0.0,0.0,99.6,99.6,0.0,0.0,0.0,450.0,4380.1,0.0,0.0,56.074,1.125,57.2,24.099,1.542,55.658,emon,0.959,0.72,35.5,22.2,1.603
2026-09-29 23:03:19.402,7.0,0,98,8;29;3;8;0;0;0;0;0;0;0;0;98;5;8;11;0;0;0;2;0;0;0;0;11;6;5;3,1247,4788,4433;3998;3550;3854;1892;1372;1393;2229;1610;1280;1363;1326;4787;4788;4163;4163;1609;1247;1699;1747;1515;2021;1840;1299;1929;2717;2743;2737,100.0,0.0,4379.4,1,8,844,12227,30,6.9,2565,14001,1,16,0,0,0,0,0.0,0,0,0,0,0,0.0,0.0,0.0,0,0,0,40.1,0.0,0.0,0.33,0.0,22.5,95.4,82.24028918478224,42.65578036838107,33.547483656141495,60.27713987562392,26.04717445373535,2399.0,42.276190646713886,0.14761469359250945,77.84084654909869,0.0,0.0,99.6,99.6,0.0,0.0,0.0,450.0,4379.4,0.0,0.0,56.074,1.125,57.2,24.099,1.542,55.658,emon,0.959,0.72,35.5,22.2,1.603
2026-09-29 23:03:20.402,6.7,0,100,0;34;5;5;0;0;2;0;0;0;0;0;100;11;9;6;0;0;2;0;0;0;0;0;13;0;0;0,1269,4800,3229;4246;3575;3246;1554;2167;2639;1732;1429;1269;1910;2087;4799;4800;4133;3679;2012;1671;2403;1538;1269;1280;1893;1746;1873;2533;2625;2470,88.7,0.0,4379.4,1,8,844,12227,30,6.9,2565,14001,1,16,0,0,0,0,0.0,0,0,0,0,0,0.0,0.0,0.0,0,0,0,40.1,0.0,0.0,0.33,0.0,22.5,95.4,87.44292538506645,47.15179715837751,36.79176494053432,66.37061200823102,28.69750922066825,2399.0,46.39541779531698,0.16160572935560985,85.73626525327563,0.0,0.0,99.8,99.8,0.0,0.0,0.0,450.0,4379.4,0.0,0.0,56.074,1.125,57.2,24.099,1.542,55.658,emon,0.959,0.72,35.5,22.2,1.603
2026-09-29 23:03:21.403,6.9,0,100,8;34;5;5;0;0;0;0;0;0;0;5;100;8;11;6;0;0;0;0;0;0;0;0;3;3;5;2,1236,4799,4471;4002;3445;3837;1554;1445;1669;1933;1256;1236;1245;2173;4799;4799;4075;3264;1250;1268;2253;1248;1277;1264;1317;1266;1832;2494;2477;2552,76.7,0.0,4379.4,1,8,843,12227,30,6.9,2565,14001,1,16,0,0,0,0,0.0,0,0,0,0,0,0.0,0.0,0.0,0,0,0,40.1,0.0,0.0,0.33,0.0,22.5,95.4,80.38089640935262,42.71877521938748,33.52262920803494,60.31416744656033,26.171907954745823,2399.0,42.294146056610366,0.14550404817176363,77.81211413318913,0.0,0.0,99.8,99.8,0.0,0.0,0.0,450.0,4379.4,0.0,0.0,56.074,1.125,57.2,24.099,1.542,55.658,emon,0.959,0.72,35.5,22.2,1.603
2026-09-29 23:03:22.403,6.3,0,100,5;30;6;9;2;0;0;0;0;2;0;0;100;2;8;5;2;0;2;0;0;0;0;0;2;2;0;2,1201,4794,3750;3990;3849;3844;1524;1275;1307;1284;1218;2746;1217;1219;4794;4794;4166;3622;1672;1309;2205;1348;1375;1226;1205;1201;1796;2496;2537;2537,76.7,0.0,4379.4,1,7,843,12227,30,6.9,2565,14001,1,16,0,0,0,0,0.0,0,0,0,0,0,0.0,0.0,0.0,0,0,0,40.1,0.0,0.0,0.33,0.0,22.5,95.4,80.16048619482252,43.24110009935167,33.12903340657552,60.36535517374674,25.525975863138836,2399.0,42.046178252015835,0.15044426755048335,77.80884749980436,0.0,0.0,99.7,99.7,0.0,0.0,0.0,450.0,4379.4,0.0,0.0,56.074,1.125,57.2,24.099,1.542,55.658,emon,0.959,0.72,35.5,22.2,1.603
2026-09-29 23:03:23.404,7.2,0,100,8;31;10;5;0;0;0;0;0;0;0;0;100;11;5;9;0;0;0;1;3;0;1;1;5;0;5;8,1177,4795,4539;4049;3885;3376;1217;1211;1177;1219;1685;1594;1261;1314;4795;4793;3674;3761;1759;2232;2059;1273;1727;1373;1418;1614;1969;2547;2663;2740,100.0,0.0,4379.4,1,11,843,12227,30,6.9,2565,14001,1,16,0,0,0,0,0.0,0,0,0,0,0,0.0,0.0,0.0,0,0,0,40.1,0.0,0.0,0.33,0.0,22.5,95.4,81.77480782402887,43.45782152811686,32.38265694512261,59.8860117594401,24.517822371588814,2399.0,41.02502823800832,0.15852843556139204,77.83124695966642,0.0,0.0,99.6,99.6,0.0,0.0,0.0,450.0,4379.4,0.0,0.0,56.074,1.125,57.2,24.099,1.542,55.658,emon,0.959,0.72,35.5,22.2,1.603
2026-09-29 23:03:24.404,5.5,0,98,2;16;6;6;0;0;0;0;0;0;0;0;98;3;3;9;0;0;0;0;0;0;0;0;5;3;2;0,1217,4800,3779;3966;4090;3374;1218;1438;1217;1447;2447;1352;2245;2678;4798;4800;3762;4213;2130;1278;1814;1311;1847;1491;2246;2022;1847;2575;2581;2666,100.0,0.0,4379.4,1,8,844,12227,30,6.9,2565,14001,1,16,0,0,0,0,0.0,0,0,0,0,0,0.0,0.0,0.0,0,0,0,40.1,0.0,0.0,0.33,0.0,22.5,95.4,85.15407741069794,44.60100436210632,34.565998792648315,62.62849140167236,26.76186466217041,2399.0,44.15101623442024,0.15331994509324431,81.29784698178992,0.0,0.0,99.6,99.5,0.0,0.0,0.0,450.0,4379.4,0.0,0.0,56.074,1.125,57.2,24.099,1.542,55.658,emon,0.959,0.72,35.5,22.2,1.603
2026-09-29 23:03:25.404,5.3,0,100,3;15;5;5;0;0;0;0;0;0;0;0;100;5;5;2;0;0;0;0;0;0;2;0;0;3;3;2,1245,4797,4311;3835;3940;3980;1245;1689;1380;1303;2124;1400;2192;2059;4797;4797;4068;3519;1424;1401;2297;1326;1462;1831;2488;2226;1869;2734;2695;2628,100.0,0.0,4379.4,1,11,846,12227,30,6.9,2565,14001,1,16,0,0,0,0,0.0,0,0,0,0,0,0.0,0.0,0.0,0,0,0,40.1,0.0,0.0,0.33,0.0,22.4,95.4,87.90755530766079,47.403953552246094,36.4660393851144,66.31362642560687,28.290720530918666,2399.0,46.171667269031914,0.16418211780754582,85.74714404025248,0.0,0.0,99.9,99.9,0.0,0.0,0.0,450.0,4379.4,0.0,0.0,56.074,1.125,57.2,24.099,1.542,55.658,emon,0.959,0.72,35.5,22.2,1.603
2026-09-29 23:03:26.404,6.1,0,100,0;24;6;5;0;2;0;0;0;0;0;0;100;6;8;8;0;0;0;0;0;0;0;0;3;3;5;3,1247,4798,4002;3983;4122;4003;1573;1989;1276;1313;1908;1247;1271;1282;4798;4786;4095;4098;1554;1478;1716;1399;1803;1284;1779;1302;1876;2520;2540;2420,92.9,0.0,4379.4,1,9,846,12227,30,6.9,2565,14001,1,16,0,0,0,0,0.0,0,0,0,0,0,0.0,0.0,0.0,0,0,0,40.1,0.0,0.0,0.33,0.0,22.4,95.4,86.8050895837637,46.88888227022611,35.928420727069565,65.46805455134465,27.97907961331881,2399.0,45.46619979172157,0.16366166757562986,84.64618779489628,0.0,0.0,99.8,99.7,0.0,0.0,0.0,450.0,4379.4,0.0,0.0,56.074,1.125,57.2,24.099,1.542,55.658,emon,0.959,0.72,35.5,22.2,1.603
2026-09-29 23:03:27.404,6.9,0,98,5;23;9;5;0;0;0;0;1;0;0;0;98;9;8;9;0;0;0;1;0;0;0;0;9;5;8;2,1312,4799,4464;4014;3991;2774;1336;1312;1331;1992;1512;1395;1417;1617;4799;4798;3738;3632;1796;1400;1386;1663;1368;1371;1410;1442;1921;2790;2833;2706,100.0,0.0,4379.4,1,10,845,12227,30,6.9,2565,14001,1,16,0,0,0,0,0.0,0,0,0,0,0,0.0,0.0,0.0,0,0,0,40.1,0.0,0.0,0.33,0.0,22.4,95.4,81.87789564662509,43.29106669955783,32.51494842105441,59.87365044487847,24.711508644951714,2399.0,40.777914156833305,0.15911276802782798,77.83215815780892,0.0,0.0,99.7,99.7,0.0,0.0,0.0,450.0,4379.4,0.0,0.0,56.074,1.125,57.2,24.099,1.542,55.658,emon,0.959,0.72,35.5,22.2,1.603
2026-09-29 23:03:28.405,7.2,0,98,6;29;3;6;0;0;0;0;0;0;0;0;98;12;6;8;0;2;0;0;4;0;0;2;5;8;5;6,1248,4797,4323;4100;3553;3344;1248;1827;1908;2011;1842;2992;1943;1798;4797;4796;3846;3530;1580;2029;1404;1873;3013;1434;1604;3189;1887;2737;2670;2578,73.7,0.0,4379.4,1,9,845,12227,30,6.9,2565,14001,1,16,0,0,0,0,0.0,0,0,0,0,0,0.0,0.0,0.0,0,0,0,40.1,0.0,0.0,0.33,0.0,22.4,95.4,82.88221147656441,45.008026123046875,34.68553638458252,62.98155212402344,27.072165369987488,2399.0,43.941134224318375,0.154747463617241,81.27086355071515,0.0,0.0,99.6,99.6,0.0,0.0,0.0,450.0,4379.4,0.0,0.0,56.074,1.125,57.2,24.099,1.542,55.658,emon,0.959,0.72,35.5,22.2,1.603
2026-09-29 23:03:29.416,7.2,0,97,3;30;9;9;0;0;2;0;0;3;3;0;97;5;9;6;0;0;0;0;0;1;0;0;9;5;6;5,1207,4796,4379;3882;4194;4167;1334;1799;1483;1464;1516;1539;1667;1231;4796;4786;3747;3504;1213;1207;1218;1218;1596;1526;1446;1295;2057;2625;2850;2766,91.5,0.0,4380.1,2,9,844,12227,30,6.9,2565,14001,1,16,0,0,0,0,0.0,0,0,0,0,0,0.0,0.0,0.0,0,0,0,40.1,0.0,0.0,0.33,0.0,22.4,95.4,77.98249249709279,39.466150785747324,31.142241226999385,55.967431118613796,24.49039077758789,2399.0,39.43887624949658,0.13655362040490696,73.74436267230071,0.0,0.0,99.5,99.5,0.0,0.0,0.0,450.0,4380.1,0.0,0.0,55.692,0.979,56.671,23.402,1.498,55.173,emon,0.959,0.595,35.8,22.4,1.598
2026-09-29 23:03:30.417,6.1,0,100,5;26;3;9;0;0;0;0;0;0;0;0;100;5;8;3;0;0;0;0;0;0;0;0;9;2;2;0,1145,4799,4216;4031;3708;3785;1145;1217;1392;2184;1378;1531;1272;1250;4799;4798;3879;3448;1219;1716;1214;1690;1695;1244;1538;1249;1972;2717;2727;2530,100.0,0.0,4380.1,2,9,845,12227,30,6.9,2565,14001,1,16,0,0,0,0,0.0,0,0,0,0,0,0.0,0.0,0.0,0,0,0,40.1,0.0,0.0,0.33,0.0,22.4,95.4,80.71318260828654,42.70251994662814,33.147759755452476,60.12894058227539,26.021575185987686,2399.0,42.606226681835125,0.14641683627592605,77.81501124923427,0.0,0.0,99.6,99.6,0.0,0.0,0.0,450.0,4380.1,0.0,0.0,55.692,0.979,56.671,23.402,1.498,55.173,emon,0.959,0.595,35.8,22.4,1.598
2026-09-29 23:03:31.417,5.7,0,100,5;21;0;8;0;0;0;0;2;0;1;0;100;3;12;3;0;0;0;0;2;0;0;0;3;0;0;0,1169,4798,4311;4118;3086;3994;1449;1669;1886;1252;1898;1293;1325;1386;4797;4798;4257;3219;1199;1171;1200;1169;2520;1708;1748;1261;1800;2517;2683;2685,88.7,0.0,4380.1,4,10,845,12227,30,6.9,2565,14001,1,16,0,0,0,0,0.0,0,0,0,0,0,0.0,0.0,0.0,0,0,0,40.1,0.0,0.0,0.33,0.0,22.4,95.4,81.84113383293152,40.23782920837402,30.725340949164497,56.209851582845054,23.660887506273056,2399.0,39.32824031359309,0.14172165972801545,77.8264592455493,0.0,0.0,99.7,99.7,0.0,0.0,0.0,450.0,4380.1,0.0,0.0,55.692,0.979,56.671,23.402,1.498,55.173,emon,0.959,0.595,35.8,22.4,1.598
2026-09-29 23:03:32.418,6.3,0,98,3;22;12;6;0;0;0;0;0;0;0;0;98;9;3;2;0;0;0;0;3;2;1;3;3;6;2;0,1213,4794,3643;3769;4089;3758;2018;2230;1236;1253;1241;1534;1270;1391;4785;4794;3595;3928;1213;1991;2221;1216;3060;3351;3204;3702;2045;2746;2775;2718,91.3,0.0,4380.1,0,9,845,12227,30,6.8,2565,14001,1,16,0,0,0,0,0.0,0,0,0,0,0,0.0,0.0,0.0,0,0,0,40.1,0.0,0.0,0.33,0.0,22.4,95.4,82.23040148946974,42.118901358710396,32.77724923027886,59.266240225897896,25.385606553819443,2399.0,41.109693350335064,0.14985565923982197,77.84056623983714,0.0,0.0,99.6,99.6,0.0,0.0,0.0,450.0,4380.1,0.0,0.0,55.692,0.979,56.671,23.402,1.498,55.173,emon,0.959,0.595,35.8,22.4,1.598
2026-09-29 23:03:33.418,6.2,0,98,5;26;2;3;2;0;1;2;0;0;0;0;98;3;8;12;0;0;0;0;0;0;2;0;6;0;2;0,1214,4795,4473;4055;3369;3358;2864;1969;2707;2874;1459;1248;1214;1658;4795;4794;4265;4114;1616;3009;1784;2086;1230;2019;2191;1487;1862;2527;2498;2562,100.0,0.0,4380.1,3,9,845,12227,30,6.8,2565,14001,1,16,0,0,0,0,0.0,0,0,0,0,0,0.0,0.0,0.0,0,0,0,40.1,0.0,0.0,0.33,0.0,22.4,95.4,79.24063141205731,41.52175544289982,33.31042143877815,59.27229892506319,26.822599411010742,2399.0,40.500804026734414,0.145981216303292,76.50826779292787,0.0,0.0,99.6,99.6,0.0,0.0,0.0,450.0,4380.1,0.0,0.0,55.692,0.979,56.671,23.402,1.498,55.173,emon,0.959,0.595,35.8,22.4,1.598
2026-09-29 23:03:34.418,6.0,0,100,3;21;6;9;0;2;0;0;2;0;0;0;100;3;5;3;0;0;0;0;0;0;3;0;6;2;0;3,1234,4799,3940;4058;4073;4113;1500;2407;1391;1584;2460;1788;2007;1768;4798;4799;3865;3195;1529;1632;2368;1781;1249;1270;2322;1234;1837;2651;2636;2699,87.2,0.0,4380.1,4,11,845,12227,30,6.8,2565,14001,1,16,0,0,0,0,0.0,0,0,0,0,0,0.0,0.0,0.0,0,0,0,40.1,0.0,0.0,0.33,0.0,22.4,95.4,76.79185874462128,39.32261919975281,30.43827266693115,55.247863912582396,23.41125464439392,2399.0,38.41391639348585,0.13924018720863388,75.02476952970028,0.0,0.0,99.4,99.4,0.0,0.0,0.0,450.0,4380.1,0.0,0.0,55.692,0.979,56.671,23.402,1.498,55.173,emon,0.959,0.595,35.8,22.4,1.598
2026-09-29 23:03:35.419,5.8,0,100,8;21;5;11;0;0;0;0;0;0;0;0;100;5;9;2;0;0;0;0;0;0;2;0;0;0;0;0,1201,4799,4552;3968;2810;4015;2084;2259;1290;1211;1832;1344;1201;1220;4799;4799;4113;3296;2660;2306;2404;2949;1891;1235;1998;1325;1873;2651;2713;2722,61.5,0.0,4380.1,4,10,846,12227,30,6.8,2565,14001,1,16,0,0,0,0,0.0,0,0,0,0,0,0.0,0.0,0.0,0,0,0,40.1,0.0,0.0,0.33,0.0,22.4,95.4,92.80855266253154,50.924668629964195,38.95181973775228,71.18174616495769,30.170350392659504,2399.0,49.47359286760911,0.17732633471799394,91.68206079055865,0.0,0.0,99.8,99.7,0.0,0.0,0.0,450.0,4380.1,0.0,0.0,55.692,0.979,56.671,23.402,1.498,55.173,emon,0.959,0.595,35.8,22.4,1.598
2026-09-29 23:03:36.432,5.5,0,100,0;14;6;3;0;0;0;0;0;0;0;0;100;2;11;8;0;0;0;0;0;0;2;0;2;5;3;2,1200,4798,3567;3679;4041;3649;1282;1331;1277;1268;1247;1365;1226;1302;4798;4791;4357;4094;1320;1323;1431;1658;1545;1535;1431;1200;2057;2892;2738;2832,61.5,0.0,4380.1,4,12,846,12227,30,6.8,2565,14001,1,16,0,0,0,0,0.0,0,0,0,0,0,0.0,0.0,0.0,0,0,0,40.1,0.0,0.0,0.33,0.0,22.4,95.4,86.50797847339085,47.48772839137486,36.6816041128976,66.6944100516183,28.685652869088308,2399.0,46.821685259463266,0.16251078726989882,85.72500553274793,0.0,0.0,99.7,99.7,0.0,0.0,0.0,450.0,4380.1,0.0,0.0,55.692,0.979,56.671,23.402,1.498,55.173,emon,0.959,0.595,35.8,22.4,1.598
2026-09-29 23:03:37.432,6.4,0,97,5;24;6;9;3;0;0;0;0;0;0;0;97;8;10;5;0;0;0;0;2;2;0;0;2;5;3;0,1213,4796,4242;3887;4029;4018;1637;1328;1230;1675;1214;1279;1947;1563;4794;4796;3817;3657;1214;1217;1213;1215;1583;1640;1953;2019;1860;2508;2639;2695,78.0,0.0,4380.1,1,9,847,12227,30,6.8,2565,14001,1,16,0,0,0,0,0.0,0,0,0,0,0,0.0,0.0,0.0,0,0,0,40.1,0.0,0.0,0.33,0.0,22.4,95.4,83.48156681060792,44.49585800170898,33.75361200968425,61.96882019042969,26.106744130452473,2399.0,43.25123766347145,0.15707567101344466,80.04833359221617,0.0,0.0,99.8,99.8,0.0,0.0,0.0,450.0,4380.1,0.0,0.0,55.692,0.979,56.671,23.402,1.498,55.173,emon,0.959,0.595,35.8,22.4,1.598
2026-09-29 23:03:38.433,7.0,0,98,5;26;9;3;2;0;0;0;0;0;2;2;98;14;6;12;0;0;0;0;0;0;0;0;3;5;6;3,1252,4799,4378;4177;3784;2889;2556;1383;1252;1254;1280;1408;1581;2241;4799;4798;3229;4153;1462;1561;1326;1685;1262;1292;1762;1336;1921;2843;2847;2716,45.0,0.0,4380.1,1,8,845,12227,30,6.8,2565,14001,1,16,0,0,0,0,0.0,0,0,0,0,0,0.0,0.0,0.0,0,0,0,40.1,0.0,0.0,0.33,0.0,22.4,95.4,78.23862624168396,41.79234066009521,31.802577400207518,58.279869842529294,24.607962226867677,2399.0,40.73849463846418,0.1463448893977329,75.04443192705511,0.0,0.0,99.8,99.8,0.0,0.0,0.0,450.0,4380.1,0.0,0.0,55.692,0.979,56.671,23.402,1.498,55.173,emon,0.959,0.595,35.8,22.4,1.598
2026-09-29 23:03:39.433,6.8,0,100,8;27;5;5;0;2;0;0;0;0;0;0;100;8;8;5;0;0;0;0;0;0;0;0;5;9;8;2,1215,4799,4481;3965;3268;3480;1216;1556;1256;1218;2485;1308;2242;1642;4799;4799;3992;4060;1219;1217;1217;2206;1260;1250;1553;1215;1850;2649;2648;2751,91.4,0.0,4379.4,1,9,846,12227,30,6.8,2565,14001,1,16,0,0,0,0,0.0,0,0,0,0,0,0.0,0.0,0.0,0,0,0,40.1,0.0,0.0,0.33,0.0,22.4,95.4,82.9537048637867,45.01629328727722,34.7923309803009,63.14811611175537,26.809553742408752,2399.0,43.946800841491495,0.15608743732445873,81.27036097506061,0.0,0.0,99.8,99.8,0.0,0.0,0.0,450.0,4379.4,0.0,0.0,55.692,0.979,56.671,23.402,1.498,55.173,emon,0.959,0.595,35.8,22.4,1.598
2026-09-29 23:03:40.434,6.5,0,97,3;29;14;9;0;0;0;0;0;0;3;0;97;3;2;6;0;0;0;0;0;0;0;0;0;5;3;6,994,4790,4014;3931;3646;3878;1062;1094;2092;1148;1297;1228;2091;1277;4790;4749;3749;3871;994;1072;1079;1040;1791;1265;1442;1193;1969;2854;2892;2892,100.0,0.0,4379.4,1,7,845,12227,30,6.8,2565,14001,1,16,0,0,0,0,0.0,0,0,0,0,0,0.0,0.0,0.0,0,0,0,40.1,0.0,0.0,0.33,0.0,22.4,95.4,80.89679683957782,43.51596886771066,33.46516336713518,60.91213389805385,25.9638854435512,2399.0,42.36494331019016,0.15131961458661994,78.60135028105495,0.0,0.0,99.7,99.7,0.0,0.0,0.0,450.0,4379.4,0.0,0.0,56.085,0.971,57.056,21.583,1.381,55.675,emon,0.962,0.698,35.4,21.9,1.621
2026-09-29 23:03:41.434,6.7,0,100,8;26;5;6;0;0;1;0;0;0;0;0;100;6;17;3;0;0;0;0;2;0;0;0;2;3;6;3,1294,4799,4315;4006;3919;3354;1294;1295;2363;2498;1435;1631;2571;1350;4795;4799;4245;3637;1499;1515;2044;1304;1742;1512;1945;1386;1821;2544;2727;2486,92.3,0.0,4379.4,1,8,845,12227,30,6.8,2565,14001,1,16,0,0,0,0,0.0,0,0,0,0,0,0.0,0.0,0.0,0,0,0,40.1,0.0,0.0,0.33,0.0,22.4,95.4,87.73264339991978,47.6226921081543,36.32712255205427,66.38179125104632,27.943899427141464,2399.0,45.58853145914951,0.1709268106413739,85.74112520047596,0.0,0.0,99.8,99.7,0.0,0.0,0.0,450.0,4379.4,0.0,0.0,56.085,0.971,57.056,21.583,1.381,55.675,emon,0.962,0.698,35.4,21.9,1.621
2026-09-29 23:03:42.435,5.7,0,88,0;17;8;3;0;0;0;0;0;0;0;1;88;8;3;6;0;0;0;0;0;0;1;0;9;3;3;8,1225,4768,3184;3755;3833;3805;1265;1363;1263;1488;1564;1264;1225;1598;4768;4726;3260;3807;1729;1307;2547;1255;1303;2081;1764;1305;1917;2508;2478;2635,92.3,0.0,4379.4,0,7,846,12227,30,6.8,2565,14001,1,16,0,0,0,0,0.0,0,0,0,0,0,0.0,0.0,0.0,0,0,0,40.1,0.0,0.0,0.33,0.0,22.4,95.4,71.91373593211173,38.34821472167969,30.326357650756837,54.386761856079104,23.882201354578136,2399.0,38.43483697155752,0.13069695837330073,70.02411006968468,0.0,0.0,99.4,99.4,0.0,0.0,0.0,450.0,4379.4,0.0,0.0,56.085,0.971,57.056,21.583,1.381,55.675,emon,0.962,0.698,35.4,21.9,1.621
2026-09-29 23:03:43.435,2.9,0,34,5;12;5;3;0;0;0;0;0;0;0;0;34;0;3;3;0;0;0;0;2;0;0;0;5;3;5;3,1232,4230,3910;3203;3633;3173;1395;1590;1239;1326;1501;1427;1312;1942;4230;3747;3047;2864;1232;1272;1365;1311;2096;2174;1274;1275;2204;2170;2211;2121,0.2,0.0,4379.4,0,9,845,12227,30,6.8,2565,14001,1,16,0,0,0,0,0.0,0,0,0,0,0,0.0,0.0,0.0,0,0,0,38.1,0.0,0.0,0.33,0.0,22.4,95.4,93.69430923461914,0.0,0.0,0.0,1.0177924633026123,1749.0,0.07115761749446392,0.7340242862701416,49.948425732553005,0.0,0.0,6.9,6.8,0.0,0.0,0.1,450.0,4379.4,0.0,0.0,56.085,0.971,57.056,21.583,1.381,55.675,emon,0.962,0.698,35.4,21.9,1.621
2026-09-29 23:03:44.436,2.5,0,28,2;20;2;3;0;0;0;0;0;3;0;0;28;2;0;3;0;0;0;0;0;0;0;0;3;0;0;5,1123,4377,3877;3536;3164;3179;1205;1249;1164;1283;1628;1556;1572;1499;4377;3764;2882;2566;1168;1123;1205;1299;1728;1171;1228;1242;2165;2225;2143;2499,0.2,0.0,4379.4,0,9,846,12227,30,6.8,2565,14001,1,16,0,0,0,0,0.0,0,0,0,0,0,0.0,0.0,0.0,0,0,0,37.1,0.0,0.0,0.32,0.0,22.4,95.4,93.69430923461914,0.0,0.0,0.0,1.0177924633026123,1749.0,0.07115761749446392,0.7340242862701416,49.948425732553005,0.0,0.0,2.0,0.0,0.0,0.0,2.1,450.0,4379.4,0.0,0.0,56.085,0.971,57.056,21.583,1.381,55.675,emon,0.962,0.698,35.4,21.9,1.621
2026-09-29 23:03:45.436,4.6,0,32,6;15;3;8;0;0;3;2;0;0;0;0;32;6;11;14;0;0;0;0;0;3;0;0;8;5;8;5,1051,4360,4010;3289;2203;2599;1615;1838;1376;1858;1382;1614;1051;1526;4360;3967;2737;3251;1249;1254;1270;1715;1521;2028;1268;1310;2247;1962;2209;2109,0.0,0.0,4379.4,0,16,846,12227,30,6.8,2565,14001,1,16,0,0,0,0,0.0,0,0,0,0,0,0.0,0.0,0.0,0,0,0,37.1,0.0,0.0,0.32,0.0,22.4,95.4,93.69430923461914,0.0,0.0,0.0,1.0177924633026123,1749.0,0.07115761749446392,0.7340242862701416,49.948425732553005,0.0,0.0,3.0,0.0,0.0,0.0,3.7,450.0,4379.4,0.0,0.0,56.085,0.971,57.056,21.583,1.381,55.675,emon,0.962,0.698,35.4,21.9,1.621
2026-09-29 23:03:46.437,4.0,0,41,0;24;3;3;0;0;0;2;1;0;0;0;41;2;8;6;0;0;0;0;0;0;0;0;3;14;2;3,1216,4434,2981;3209;3490;2966;1247;1238;1230;1448;1377;1844;1281;1347;4434;3807;2437;3796;1605;1955;1713;1488;1218;1216;1219;1218;2429;2517;2498;2611,0.0,0.0,4379.4,0,12,844,12227,30,6.8,2565,14001,1,16,0,0,0,0,0.0,0,0,0,0,0,0.0,0.0,0.0,0,0,0,36.1,0.0,0.0,0.32,0.0,22.4,95.4,93.69430923461914,0.0,0.0,0.0,1.0177924633026123,1749.0,0.07115761749446392,0.7340242862701416,49.948425732553005,0.0,0.0,2.0,0.0,0.0,0.0,2.5,450.0,4379.4,0.0,0.0,56.085,0.971,57.056,21.583,1.381,55.675,emon,0.962,0.698,35.4,21.9,1.621
2026-09-29 23:03:47.449,7.3,3,46,13;25;4;4;3;3;4;3;3;3;4;3;46;6;14;8;5;3;4;4;3;6;3;3;4;11;8;4,1183,4494,3954;3546;2663;3060;1245;1327;1473;1818;1546;1340;1683;1237;4494;4211;3815;3690;1183;1353;1204;1476;1241;1417;1495;1221;2546;2603;2485;2630,0.0,0.0,4379.4,0,21,845,12227,30,6.8,2565,14001,1,16,0,0,0,0,0.0,0,0,0,0,0,0.0,0.0,0.0,0,0,0,37.1,0.0,0.0,0.32,0.0,22.8,95.4,93.69430923461914,0.0,0.0,0.0,1.0177924633026123,1749.0,0.07115761749446392,0.7340242862701416,49.948425732553005,0.0,0.0,3.1,0.0,0.0,0.0,2.6,450.0,4474.4,0.0,0.0,56.085,0.971,57.056,21.583,1.381,55.675,emon,0.962,0.698,35.4,21.9,1.621
2026-09-29 23:03:48.450,6.5,0,98,5;22;5;6;0;0;0;2;0;0;0;0;98;0;16;4;0;0;0;0;0;4;0;0;5;5;3;6,1234,4799,4081;4037;3633;3961;1744;1315;1381;1906;1234;2037;2301;1234;4798;4799;4304;3379;1424;1261;1305;1495;1699;1943;1501;1320;2422;1834;2548;2653,10.0,0.0,4513.6,0,21,846,12227,30,6.8,2565,14001,1,16,0,0,0,0,0.0,0,0,0,0,0,0.0,0.0,0.0,0,0,0,38.1,0.0,0.0,0.32,0.0,22.9,95.4,99.99999491373698,62.47999403211806,36.685925801595054,79.04600270589192,2.3832251475089126,2399.0,6.452973319424523,0.8355169995791383,99.99999491373698,0.0,0.0,91.5,88.6,0.0,0.0,0.4,450.0,4513.6,0.0,0.0,56.085,0.971,57.056,21.583,1.381,55.675,emon,0.962,0.698,35.4,21.9,1.621
2026-09-29 23:03:49.450,6.4,0,100,5;29;3;6;0;0;0;0;0;0;0;2;100;3;3;11;0;0;0;0;0;0;0;0;2;8;5;3,1199,4799,4438;4099;3314;3908;1227;1707;1525;1779;1254;1471;1323;2721;4799;4799;2699;3936;1201;1212;1214;1199;2287;1374;2043;1328;2450;1793;2623;2626,0.0,0.0,4513.6,2,8,846,12227,30,6.8,2565,14001,1,16,0,0,0,0,0.0,0,0,0,0,0,0.0,0.0,0.0,0,0,0,38.1,0.0,0.0,0.32,0.0,22.9,95.4,100.0000015258789,62.237376022338864,37.6115608215332,79.65107650756836,2.477091480791569,2399.0,7.597165459394455,0.9161212671548128,100.0000015258789,0.0,0.0,100.0,100.0,0.0,0.0,0.0,450.0,4513.6,0.0,0.0,56.085,0.971,57.056,21.583,1.381,55.675,emon,0.962,0.698,35.4,21.9,1.621
2026-09-29 23:03:50.451,6.9,0,100,0;21;5;12;0;0;2;0;0;0;0;0;100;8;14;2;2;0;0;0;1;0;3;0;6;8;5;5,1218,4799,4340;4105;3414;3884;1218;1418;2183;1265;1408;1279;1353;1225;4799;4799;4129;3116;1513;1362;1634;1338;1554;1770;1358;2073;2620;1909;2740;2630,0.0,0.0,4513.6,0,7,845,12227,30,7.3,2565,14001,1,16,0,0,0,0,0.0,0,0,0,0,0,0.0,0.0,0.0,0,0,0,38.1,0.0,0.0,0.33,0.0,22.9,95.4,100.0000015258789,62.63657760620117,37.047445678710936,79.48960723876954,2.5297642879188063,2399.0,7.475117117166519,0.9094284728169442,100.0000015258789,0.0,0.0,100.0,100.0,0.0,0.0,0.0,450.0,4513.6,0.0,0.0,6.29,1.974,8.264,23.962,1.534,6.73,emon,0.926,0.894,47.2,15.7,2.995
2026-09-29 23:03:51.451,7.4,0,100,6;26;12;13;2;0;0;0;4;2;0;2;100;8;8;6;0;0;0;0;2;2;0;0;2;8;2;3,1214,4799,4285;3795;3864;4162;2613;1237;1247;1239;2193;1728;1748;2176;4799;4798;3923;3927;1217;1214;1301;1227;1721;1641;1823;1289;2534;1829;2414;2673,0.0,0.0,4513.6,1,8,845,12227,30,7.3,2565,14001,1,16,0,0,0,0,0.0,0,0,0,0,0,0.0,0.0,0.0,0,0,0,38.1,0.0,0.0,0.33,0.0,22.8,95.4,100.000001695421,62.14850785997179,37.72863366868761,79.72252146402995,2.3083601985126734,2399.0,6.7738783028390674,0.8229312631818984,100.000001695421,0.0,0.0,100.0,100.0,0.0,0.0,0.0,450.0,4513.6,0.0,0.0,6.29,1.974,8.264,23.962,1.534,6.73,emon,0.926,0.894,47.2,15.7,2.995
2026-09-29 23:03:52.452,6.8,0,100,0;29;11;12;0;0;0;0;0;0;0;0;100;5;14;2;2;0;0;0;0;0;0;0;5;2;3;6,1186,4798,4218;4060;4229;4063;2004;1366;1315;1338;1186;1296;1193;1193;4795;4798;3629;3253;2918;1651;1417;1280;1522;1400;3068;1315;2647;1946;2810;2518,0.0,0.0,4513.6,4,13,844,12227,30,7.3,2565,14001,1,16,0,0,0,0,0.0,0,0,0,0,0,0.0,0.0,0.0,0,0,0,39.1,0.0,0.0,0.33,0.0,22.8,95.4,87.12836463110787,47.71023423331125,35.53816441127232,65.94399097987584,21.39918017447261,2399.0,35.96486317130205,0.3544564776488447,85.72991971964282,0.0,0.0,99.8,99.7,0.0,0.0,0.0,450.0,4513.7,0.0,0.0,6.29,1.974,8.264,23.962,1.534,6.73,emon,0.926,0.894,47.2,15.7,2.995
2026-09-29 23:03:53.452,6.4,0,98,6;21;12;8;0;2;0;0;0;0;2;0;98;5;8;6;0;1;0;0;0;2;0;0;3;5;0;2,1216,4790,4539;3849;3914;4103;1292;2931;1425;1457;1286;1516;2924;1345;4790;4773;3772;3993;1676;1706;1817;1330;1245;2582;1219;1216;2580;1899;2588;2559,100.0,0.0,4513.7,5,13,844,12227,30,7.3,2565,14001,1,16,0,0,0,0,0.0,0,0,0,0,0,0.0,0.0,0.0,0,0,0,39.1,0.0,0.0,0.33,0.0,22.8,95.4,78.65951082706451,41.29306964874267,32.16519947052002,58.218278884887695,25.197355365753175,2399.0,40.68615323761478,0.14495180909289046,75.04845536500216,0.0,0.0,99.7,99.6,0.0,0.0,0.0,450.0,4513.7,0.0,0.0,6.29,1.974,8.264,23.962,1.534,6.73,emon,0.926,0.894,47.2,15.7,2.995
2026-09-29 23:03:54.452,6.6,0,98,8;28;3;8;0;0;0;0;0;0;0;0;98;6;9;8;0;4;0;0;0;2;0;0;2;8;0;3,1238,4793,4152;4127;3123;3723;1509;1248;1724;1240;1804;1253;1238;1931;4793;4787;4068;4163;1401;1627;1626;2058;1262;1968;1256;1317;2623;1955;2751;2806,100.0,0.0,4513.7,3,10,845,12227,30,7.3,2565,14001,1,16,0,0,0,0,0.0,0,0,0,0,0,0.0,0.0,0.0,0,0,0,40.1,0.0,0.0,0.33,0.0,22.6,95.4,83.26560318470001,44.092973470687866,34.95070672035217,62.66645956039429,27.662819862365723,2399.0,43.996977633825736,0.1502919090416981,81.27312636282295,0.0,0.0,99.6,99.6,0.0,0.0,0.0,450.0,4513.7,0.0,0.0,6.29,1.974,8.264,23.962,1.534,6.73,emon,0.926,0.894,47.2,15.7,2.995
2026-09-29 23:03:55.477,5.9,0,100,4;22;8;9;0;0;0;0;0;0;2;0;100;2;4;6;0;0;0;0;0;0;0;0;2;4;2;2,1227,4796,3683;3852;4176;4204;1255;1291;1435;1244;1533;1496;1911;1402;4796;4795;3849;3857;1238;1239;1240;1227;1345;1281;1453;1480;2666;1777;2617;2411,88.6,0.0,4513.7,2,9,845,12227,30,7.3,2565,14001,1,16,0,0,0,0,0.0,0,0,0,0,0,0.0,0.0,0.0,0,0,0,39.1,0.0,0.0,0.33,0.0,22.6,95.4,78.66160440444946,38.31208839416504,30.036270713806154,54.15369567871094,23.491099548339843,2399.0,37.942030074540526,0.1338201787439175,75.04896578751504,0.0,0.0,99.6,99.6,0.0,0.0,0.0,450.0,4513.7,0.0,0.0,6.29,1.974,8.264,23.962,1.534,6.73,emon,0.926,0.894,47.2,15.7,2.995
2026-09-29 23:03:56.477,6.0,0,100,5;17;3;3;0;0;0;0;0;0;0;0;100;11;8;8;0;0;0;0;0;0;0;0;2;8;0;5,1264,4799,4271;4123;3345;3215;1556;1396;2104;1319;1321;1295;1264;1453;4799;4798;3794;3888;1394;2807;1379;1383;1437;1462;1924;1489;2637;2023;2703;2828,100.0,0.0,4513.7,2,12,845,12227,30,7.3,2565,14001,1,16,0,0,0,0,0.0,0,0,0,0,0,0.0,0.0,0.0,0,0,0,40.1,0.0,0.0,0.33,0.0,22.6,95.4,81.37326431274414,43.14950476752387,32.97543864780002,60.31282764010959,25.46421104007297,2399.0,42.221939639356506,0.1516260135297974,77.82984503565564,0.0,0.0,99.7,99.7,0.0,0.0,0.0,450.0,4513.7,0.0,0.0,6.29,1.974,8.264,23.962,1.534,6.73,emon,0.926,0.894,47.2,15.7,2.995
2026-09-29 23:03:57.477,6.4,0,100,0;22;6;10;0;2;0;0;2;0;0;0;100;6;5;11;2;0;0;1;0;0;0;0;0;5;3;3,1220,4797,3550;4018;3900;4232;1465;1844;1433;1305;1981;1221;1220;1612;4796;4797;3516;3793;1712;1366;1388;1971;1882;1821;1567;1686;2451;1811;2569;2430,100.0,0.0,4513.7,3,12,845,12227,30,7.3,2565,14001,1,16,0,0,0,0,0.0,0,0,0,0,0,0.0,0.0,0.0,0,0,0,40.1,0.0,0.0,0.33,0.0,22.6,95.4,84.87162426114082,45.06054353713989,34.63590931892395,63.11948585510254,27.047287702560425,2399.0,43.825274452181475,0.15872099869011436,81.29942374210805,0.0,0.0,99.7,99.6,0.0,0.0,0.0,450.0,4513.7,0.0,0.0,6.29,1.974,8.264,23.962,1.534,6.73,emon,0.926,0.894,47.2,15.7,2.995
2026-09-29 23:03:58.478,6.0,0,98,3;25;2;2;0;0;0;0;0;0;0;0;98;8;6;6;0;0;0;0;0;0;0;1;0;8;5;3,1220,4798,4376;4114;3623;3793;1671;1432;1516;1763;1456;1456;2461;1626;4792;4798;3804;3696;1220;1647;1249;1290;1275;1455;1312;1823;2689;1980;2847;2906,45.7,0.0,4513.7,3,10,845,12227,30,7.3,2565,14001,1,16,0,0,0,0,0.0,0,0,0,0,0,0.0,0.0,0.0,0,0,0,40.1,0.0,0.0,0.33,0.0,22.5,95.4,78.41262698173523,41.55224823951721,32.04385709762573,58.3022575378418,25.080220699310303,2399.0,40.702064493103535,0.14511890996072907,75.0537691928912,0.0,0.0,99.8,99.7,0.0,0.0,0.0,450.0,4513.7,0.0,0.0,6.29,1.974,8.264,23.962,1.534,6.73,emon,0.926,0.894,47.2,15.7,2.995
2026-09-29 23:03:59.478,5.4,0,100,2;18;9;5;0;0;0;0;0;0;0;0;100;5;3;5;0;0;0;0;0;0;2;0;0;5;0;0,1221,4800,3882;4140;4454;3470;1477;1322;1328;1897;1325;1364;1366;1287;4798;4800;3307;3497;1221;1980;1470;1247;1289;1978;1913;2262;2568;1950;2634;2651,89.7,0.0,4513.7,4,10,844,12227,30,7.3,2565,14001,1,16,0,0,0,0,0.0,0,0,0,0,0,0.0,0.0,0.0,0,0,0,40.1,0.0,0.0,0.33,0.0,22.5,95.4,86.80884655884334,47.30909729003906,36.63772474016462,66.48209163120815,28.841151646205358,2399.0,46.144982945456704,0.1639324622893972,85.72770079198692,0.0,0.0,99.7,99.7,0.0,0.0,0.0,450.0,4513.7,0.0,0.0,6.29,1.974,8.264,23.962,1.534,6.73,emon,0.926,0.894,47.2,15.7,2.995
2026-09-29 23:04:00.479,6.3,0,98,9;25;14;5;0;0;0;0;0;0;0;0;98;3;2;3;0;0;0;0;0;0;0;0;8;5;2;3,1194,4794,4526;3951;4285;3468;1429;1207;1222;1215;1599;1227;1231;1235;4794;4793;3133;3542;1274;1194;1194;2149;1234;1302;1536;1462;2923;2181;2821;2665,100.0,0.0,4513.7,3,10,845,12227,30,7.3,2565,14001,1,16,0,0,0,0,0.0,0,0,0,0,0,0.0,0.0,0.0,0,0,0,40.1,0.0,0.0,0.33,0.0,22.6,95.4,77.84588690237565,39.89026156338778,31.078804189508613,56.19764293323863,24.442011399702594,2399.0,38.811069343037985,0.1424606546590274,72.79590597630225,0.0,0.0,99.8,99.7,0.0,0.0,0.0,450.0,4513.7,0.0,0.0,6.29,1.974,8.264,23.962,1.534,6.73,emon,0.926,0.894,47.2,15.7,2.995
2026-09-29 23:04:01.479,6.4,0,98,3;20;8;5;0;1;0;0;0;0;0;0;98;6;3;12;0;0;0;2;0;0;0;0;5;9;3;2,1146,4792,3954;3989;3970;3984;2016;1437;1634;1968;1271;1427;1199;1353;4792;4782;3378;4036;1491;1508;1171;1597;1146;1319;1375;1164;2724;1984;2818;2728,89.4,0.0,4513.7,0,7,845,12227,30,6.8,2565,14001,1,16,0,0,0,0,0.0,0,0,0,0,0,0.0,0.0,0.0,0,0,0,40.1,0.0,0.0,0.33,0.0,22.6,95.4,78.36140019893647,41.5680549621582,32.102692413330075,58.28012046813965,25.01759843826294,2399.0,40.29488957541471,0.14641970527591183,75.03961740061641,0.0,0.0,99.7,99.7,0.0,0.0,0.0,450.0,4513.7,0.0,0.0,56.127,1.125,57.252,24.284,1.554,55.698,emon,0.959,0.722,35.5,21.9,1.622
2026-09-29 23:04:02.479,5.8,0,100,6;28;2;6;0;0;0;0;0;0;0;0;100;6;5;5;0;0;0;0;0;0;0;0;2;3;2;0,1179,4800,4364;3954;3502;3936;2103;1305;1179;1198;1527;1352;1461;1365;4799;4800;3761;3961;1931;1603;1259;1281;1400;1980;1253;1312;2636;2091;2609;2767,100.0,0.0,4409.6,0,7,846,12227,30,6.8,2565,14001,1,16,0,0,0,0,0.0,0,0,0,0,0,0.0,0.0,0.0,0,0,0,40.1,0.0,0.0,0.33,0.0,22.6,95.4,83.40464067459106,44.26041841506958,34.68724298477173,62.485435009002686,26.850475668907166,2399.0,43.476167615663144,0.1535033126710914,81.27915492467582,0.0,0.0,99.8,99.8,0.0,0.0,0.0,450.0,4409.5,0.0,0.0,56.127,1.125,57.252,24.284,1.554,55.698,emon,0.959,0.722,35.5,21.9,1.622
2026-09-29 23:04:03.487,5.5,0,100,8;18;5;3;0;0;0;0;0;2;0;0;100;5;5;3;2;0;0;0;0;0;0;0;0;3;2;0,1256,4798,4373;3919;3599;3666;2200;2000;1289;1256;1473;3363;2277;2420;4798;4795;3834;3281;2980;1637;1565;1382;1606;1476;1980;2357;2474;1810;2410;2512,100.0,0.0,4409.6,4,11,845,12227,30,6.8,2565,14001,1,16,0,0,0,0,0.0,0,0,0,0,0,0.0,0.0,0.0,0,0,0,40.1,0.0,0.0,0.33,0.0,22.6,95.4,92.31352599461873,50.9595890045166,38.95473289489746,71.15053176879883,30.189725875854492,2399.0,49.483942472259514,0.17677685781382024,91.6736736241728,0.0,0.0,99.8,99.7,0.0,0.0,0.0,450.0,4409.0,0.0,0.0,56.127,1.125,57.252,24.284,1.554,55.698,emon,0.959,0.722,35.5,21.9,1.622
2026-09-29 23:04:04.487,5.6,0,100,2;21;5;6;0;0;0;0;0;0;0;0;100;11;5;5;0;0;0;0;0;0;0;0;0;0;0;2,1179,4800,4158;3884;3890;3658;1195;1197;1179;1213;1219;1261;1246;1204;4798;4800;4023;3520;1260;1216;1713;1538;1396;1214;1366;1619;2455;1876;2614;2673,100.0,0.0,4409.0,3,11,845,12227,30,6.8,2565,14001,1,16,0,0,0,0,0.0,0,0,0,0,0,0.0,0.0,0.0,0,0,0,40.1,0.0,0.0,0.33,0.0,22.6,95.4,78.47447195053101,41.36612091064453,31.85207595825195,57.93607139587402,24.551104068756104,2399.0,40.55018452208024,0.1447252805577591,75.04678776860237,0.0,0.0,99.8,99.7,0.0,0.0,0.0,450.0,4409.0,0.0,0.0,56.127,1.125,57.252,24.284,1.554,55.698,emon,0.959,0.722,35.5,21.9,1.622
2026-09-29 23:04:05.488,6.2,0,100,2;23;9;12;0;0;0;0;0;0;0;0;100;5;3;6;0;0;0;0;0;0;0;0;0;8;2;5,1211,4799,3858;3898;4031;4020;1231;1223;1241;1222;1408;1866;1330;1219;4799;4799;3696;3407;1212;1217;1211;1219;1487;1230;1549;1776;2362;1834;2537;2663,62.9,0.0,4409.0,4,11,845,12227,30,6.8,2565,14001,1,16,0,0,0,0,0.0,0,0,0,0,0,0.0,0.0,0.0,0,0,0,40.1,0.0,0.0,0.33,0.0,22.5,95.4,82.26844622294108,44.57364349365234,33.919376627604166,62.112945048014325,26.20933837890625,2399.0,43.33675449268582,0.15635068725484114,80.02895895491044,0.0,0.0,99.8,99.7,0.0,0.0,0.0,450.0,4409.0,0.0,0.0,56.127,1.125,57.252,24.284,1.554,55.698,emon,0.959,0.722,35.5,21.9,1.622
2026-09-29 23:04:06.488,7.0,0,98,8;30;8;5;0;0;2;0;0;2;0;0;98;3;8;12;0;0;0;0;0;0;0;2;6;5;3;5,1219,4799,4477;4048;4230;3944;1250;1315;1584;1244;1298;1670;1219;1219;4795;4799;3950;3741;1283;1272;2180;1232;1281;1745;1605;1448;2628;1930;2672;2714,100.0,0.0,4409.1,0,7,846,12227,30,6.7,2565,14001,1,16,0,0,0,0,0.0,0,0,0,0,0,0.0,0.0,0.0,0,0,0,40.1,0.0,0.0,0.33,0.0,22.6,95.4,81.16615874767304,41.26697425842285,31.800624084472656,57.81331367492676,24.758032703399657,2399.0,40.08591933131102,0.1472308542113751,75.08536117635667,0.0,0.0,99.8,99.8,0.0,0.0,0.0,450.0,4409.1,0.0,0.0,56.127,1.125,57.252,24.284,1.554,55.698,emon,0.959,0.722,35.5,21.9,1.622
2026-09-29 23:04:07.489,6.6,0,100,3;21;11;3;3;0;0;0;0;0;0;0;100;11;12;6;0;0;0;1;0;0;0;0;6;5;2;0,1192,4798,4119;3983;4032;3567;1620;1306;1250;1255;1335;1346;1415;1806;4798;4793;4042;3258;1192;1266;1548;1219;1214;1339;1217;1217;2612;1925;2597;2626,100.0,0.0,4409.1,0,6,846,12227,30,6.7,2565,14001,1,16,0,0,0,0,0.0,0,0,0,0,0,0.0,0.0,0.0,0,0,0,40.1,0.0,0.0,0.33,0.0,22.6,95.4,79.58490109443665,41.64134616851807,31.94882469177246,58.231785202026366,24.859736251831055,2399.0,40.37246922675986,0.14799186933087186,75.05683976449072,0.0,0.0,99.9,99.8,0.0,0.0,0.0,450.0,4409.1,0.0,0.0,56.127,1.125,57.252,24.284,1.554,55.698,emon,0.959,0.722,35.5,21.9,1.622
2026-09-29 23:04:08.489,6.2,0,100,6;19;5;8;0;0;0;0;0;0;0;0;100;5;8;11;0;0;0;0;0;0;0;0;3;5;3;2,1193,4798,4423;3788;3621;3955;1802;1363;1425;1485;2566;1304;1349;1262;4798;4796;4184;4152;1217;1193;1457;1617;1572;1254;2028;1237;2673;1985;2749;2688,15.6,0.0,4409.1,0,7,846,12227,30,6.7,2565,14001,1,16,0,0,0,0,0.0,0,0,0,0,0,0.0,0.0,0.0,0,0,0,40.1,0.0,0.0,0.33,0.0,22.5,95.4,87.1797114099775,45.094952719552175,34.99351569584438,63.34809766496931,27.344652244022914,2399.0,44.291412199597936,0.15620028207610762,85.73041807434389,0.0,0.0,99.7,99.7,0.0,0.0,0.0,450.0,4409.1,0.0,0.0,56.127,1.125,57.252,24.284,1.554,55.698,emon,0.959,0.722,35.5,21.9,1.622
2026-09-29 23:04:09.489,5.5,0,100,3;16;9;8;0;0;0;0;0;0;0;0;100;3;8;2;0;0;0;0;0;0;0;0;0;5;0;0,1204,4797,4003;3703;4391;3809;1597;1235;1241;1258;1213;1213;1210;1214;4795;4797;4034;3190;1204;1364;1217;1717;1654;1306;1369;1261;2527;1831;2573;2512,100.0,0.0,4409.1,0,8,846,12227,30,6.7,2565,14001,1,16,0,0,0,0,0.0,0,0,0,0,0,0.0,0.0,0.0,0,0,0,40.1,0.0,0.0,0.33,0.0,22.4,95.4,79.64975749121771,43.146200815836586,33.18574947781033,60.380225287543404,25.723503854539658,2399.0,42.00528377257029,0.1497230522800237,77.80272774315543,0.0,0.0,99.9,99.9,0.0,0.0,0.0,450.0,4409.1,0.0,0.0,56.127,1.125,57.252,24.284,1.554,55.698,emon,0.959,0.722,35.5,21.9,1.622
2026-09-29 23:04:10.490,5.2,0,100,6;14;3;6;0;0;0;0;0;0;0;0;100;3;5;2;0;2;0;0;0;0;0;0;0;3;3;0,1156,4799,4518;4041;3227;3995;1197;1229;1212;1156;1247;1658;1262;1690;4799;4799;3945;3399;1837;1363;1419;1576;2818;1484;1874;1607;2590;1975;2780;2809,100.0,0.0,4409.1,1,8,845,12227,30,6.7,2565,14001,1,16,0,0,0,0,0.0,0,0,0,0,0,0.0,0.0,0.0,0,0,0,40.1,0.0,0.0,0.33,0.0,22.5,95.4,88.44878183092389,47.56534603663853,36.26941054207938,66.29750714983258,28.234390939985,2399.0,45.905136243756196,0.16726394902382577,85.75183360385043,0.0,0.0,99.6,99.6,0.0,0.0,0.0,450.0,4409.1,0.0,0.0,56.127,1.125,57.252,24.284,1.554,55.698,emon,0.959,0.722,35.5,21.9,1.622
2026-09-29 23:04:11.490,5.1,0,97,3;24;6;5;0;0;0;0;0;0;0;0;97;5;3;0;0;0;0;0;0;0;0;0;0;0;0;0,1218,4795,4427;4077;4017;4079;1310;2375;1336;1281;1218;1220;1219;1219;4794;4795;3343;3325;1223;1291;1303;1323;1252;1226;1673;1284;2409;1871;2527;2681,100.0,0.0,4409.8,0,7,846,12227,30,6.7,2565,14001,1,16,0,0,0,0,0.0,0,0,0,0,0,0.0,0.0,0.0,0,0,0,40.1,0.0,0.0,0.33,0.0,22.5,95.4,85.13231099446615,44.19274063110352,34.00066884358724,61.97908376057943,26.45855776468913,2399.0,43.78525075845731,0.15501438047116,80.06954615016778,0.0,0.0,99.9,99.9,0.0,0.0,0.0,450.0,4409.8,0.0,0.0,56.127,1.125,57.252,24.284,1.554,55.698,emon,0.959,0.722,35.5,21.9,1.622
2026-09-29 23:04:12.490,5.4,0,100,3;26;2;5;0;0;0;0;0;0;0;0;100;2;2;5;0;1;0;0;0;0;0;0;2;2;2;0,1222,4796,4307;4042;2570;3952;1514;1739;1272;2352;1316;1222;1228;1590;4795;4796;3492;3996;1427;2126;1741;1346;1398;1905;1298;1378;2624;1853;2642;2688,44.7,0.0,4409.8,0,9,845,12227,30,6.7,2565,14001,1,16,0,0,0,0,0.0,0,0,0,0,0,0.0,0.0,0.0,0,0,0,40.1,0.0,0.0,0.33,0.0,22.5,95.4,88.48666971070426,47.85781179155622,36.159280232020784,66.5330309186663,27.92596994127546,2399.0,46.164457980701364,0.17081684110287046,85.75435657639589,0.0,0.0,99.8,99.8,0.0,0.0,0.0,450.0,4409.8,0.0,0.0,56.033,1.119,57.152,24.646,1.577,55.575,emon,0.958,0.696,35.6,22.3,1.599
2026-09-29 23:04:13.491,6.1,0,100,3;29;3;9;0;0;0;0;0;0;0;2;100;0;12;3;0;0;0;0;0;0;0;0;0;5;3;2,1217,4799,3909;4050;3952;4231;1219;1218;1217;1664;1391;1833;1299;2627;4799;4799;3995;3540;2407;1814;1618;1861;1621;1427;1261;1218;2426;1834;2554;2612,100.0,0.0,4409.8,0,7,845,12227,30,6.7,2565,14001,1,16,0,0,0,0,0.0,0,0,0,0,0,0.0,0.0,0.0,0,0,0,40.1,0.0,0.0,0.33,0.0,22.5,95.4,79.6769223690033,41.56440334320068,31.860240364074706,58.15921897888184,24.605205821990968,2399.0,40.252198161184786,0.14929674002341925,75.0598308570683,0.0,0.0,99.9,99.9,0.0,0.0,0.0,450.0,4409.8,0.0,0.0,56.033,1.119,57.152,24.646,1.577,55.575,emon,0.958,0.696,35.6,22.3,1.599
2026-09-29 23:04:14.491,6.9,0,97,6;26;5;8;0;0;0;0;0;0;0;0;97;19;9;9;0;2;0;0;0;0;0;0;3;6;2;3,1265,4791,4376;3894;3624;3804;1265;1976;1276;1475;1679;1286;2156;1311;4789;4791;4203;4101;1279;1344;1487;1398;1271;1352;1656;1311;2614;2037;2636;2721,89.7,0.0,4409.8,0,8,845,12227,30,6.7,2565,14001,1,16,0,0,0,0,0.0,0,0,0,0,0,0.0,0.0,0.0,0,0,0,40.1,0.0,0.0,0.33,0.0,22.5,95.4,92.12406373023987,50.116079012552895,39.62263425191244,71.06146176656087,32.16729863484701,2399.0,48.35388113025692,0.17629452226295447,91.67269930305581,0.0,0.0,99.7,99.7,0.0,0.0,0.0,450.0,4409.8,0.0,0.0,56.033,1.119,57.152,24.646,1.577,55.575,emon,0.958,0.696,35.6,22.3,1.599
2026-09-29 23:04:15.491,6.0,0,100,2;27;9;8;0;0;0;0;0;0;0;0;100;5;0;2;0;0;2;0;0;0;0;0;3;9;2;2,1228,4797,4232;3895;4110;3882;2931;1228;1237;1249;1634;2379;2637;2261;4797;4789;3352;3279;1314;1326;2459;1297;2576;1658;1469;1538;2446;1869;2711;2592,59.8,0.0,4409.8,0,6,846,12227,30,6.7,2565,14001,1,16,0,0,0,0,0.0,0,0,0,0,0,0.0,0.0,0.0,0,0,0,39.1,0.0,0.0,0.33,0.0,22.5,95.4,80.70304375224643,43.11969820658366,33.01461495293511,60.28571997748481,25.591296831766766,2399.0,41.64721240990588,0.1531155388543589,77.81855141247313,0.0,0.0,99.8,99.8,0.0,0.0,0.0,450.0,4409.8,0.0,0.0,56.033,1.119,57.152,24.646,1.577,55.575,emon,0.958,0.696,35.6,22.3,1.599
2026-09-29 23:04:16.492,5.3,0,100,6;15;9;5;0;0;0;2;0;0;0;0;100;2;0;3;0;0;0;0;0;0;0;0;0;5;2;0,1215,4800,4558;4001;4010;4038;1259;1480;1263;2707;1695;1367;1406;1234;4798;4800;3372;3765;1841;1215;1448;1215;1384;1290;1242;1261;2726;1851;2536;2680,77.3,0.0,4409.8,0,9,844,12227,30,6.7,2565,14001,1,16,0,0,0,0,0.0,0,0,0,0,0,0.0,0.0,0.0,0,0,0,40.1,0.0,0.0,0.33,0.0,22.5,95.4,82.22825672891405,41.535697089301216,32.427341037326386,58.58013937208388,25.21685292985704,2399.0,40.81907281179964,0.14718806751382849,77.83655039138264,0.0,0.0,99.6,99.6,0.0,0.0,0.0,450.0,4409.8,0.0,0.0,56.033,1.119,57.152,24.646,1.577,55.575,emon,0.958,0.696,35.6,22.3,1.599
2026-09-29 23:04:17.492,5.1,0,98,3;14;5;8;0;0;0;0;0;0;0;0;98;6;2;5;0;0;0;0;0;0;0;0;0;2;0;0,1268,4796,4467;3935;3886;3983;1718;1633;2961;1963;2106;1975;2410;1537;4791;4796;3829;3669;1947;1664;1344;1268;2062;2655;1330;1703;2435;1968;2548;2587,75.3,0.0,4409.8,0,10,844,12227,30,6.7,2565,14001,1,16,0,0,0,0,0.0,0,0,0,0,0,0.0,0.0,0.0,0,0,0,40.1,0.0,0.0,0.33,0.0,22.5,95.4,83.28726278940836,44.210611979166664,34.27620849609375,62.17462259928386,27.016664759318033,2399.0,43.042853448058786,0.15520680863410236,80.03941196501255,0.0,0.0,99.8,99.8,0.0,0.0,0.0,450.0,4409.8,0.0,0.0,56.033,1.119,57.152,24.646,1.577,55.575,emon,0.958,0.696,35.6,22.3,1.599
2026-09-29 23:04:18.495,5.5,0,97,3;17;6;11;0;0;0;0;0;0;0;0;97;2;9;0;0;0;0;0;0;0;0;0;2;9;0;0,1219,4791,4398;3796;4009;4309;1392;1328;2535;1405;1286;1471;1711;1321;4791;4785;4203;3187;2187;2027;1373;1401;1894;1219;1219;1219;2680;1975;2680;2615,75.3,0.0,4409.8,0,6,845,12227,30,6.7,2565,14001,1,16,0,0,0,0,0.0,0,0,0,0,0,0.0,0.0,0.0,0,0,0,39.1,0.0,0.0,0.33,0.0,22.5,95.4,76.3438853784041,37.61678851734508,29.226384596391156,52.95691472833807,22.921952854503285,2399.0,36.74669861501422,0.13472432662224906,72.77931874956597,0.0,0.0,99.7,99.7,0.0,0.0,0.0,450.0,4409.8,0.0,0.0,56.033,1.119,57.152,24.646,1.577,55.575,emon,0.958,0.696,35.6,22.3,1.599
2026-09-29 23:04:19.496,5.7,0,97,5;21;5;5;0;0;0;2;0;0;0;0;97;3;3;12;0;2;0;0;0;0;0;0;2;3;2;0,1218,4795,3945;3781;3867;3943;2447;1218;1320;1700;1535;1218;1218;1269;4795;4788;3846;4192;1408;1886;1521;1270;1460;1222;1228;1233;2814;2094;2693;2707,94.4,0.0,4409.8,0,8,845,12227,30,6.7,2565,14001,1,16,0,0,0,0,0.0,0,0,0,0,0,0.0,0.0,0.0,0,0,0,40.1,0.0,0.0,0.33,0.0,22.5,95.4,81.51896582709418,43.73024876912435,32.022092501322426,59.938897874620224,24.10989210340712,2399.0,40.724714755416954,0.1620457415572471,77.82570279182659,0.0,0.0,99.5,99.5,0.0,0.0,0.0,450.0,4409.8,0.0,0.0,56.033,1.119,57.152,24.646,1.577,55.575,emon,0.958,0.696,35.6,22.3,1.599
2026-09-29 23:04:20.496,6.2,0,98,5;24;5;6;0;0;2;0;0;0;0;0;98;9;2;6;0;0;0;0;0;0;0;0;2;9;3;3,1296,4800,4514;4122;3730;3947;1424;1544;2729;1495;1733;1511;1463;1544;4797;4800;3399;3820;1296;1964;1686;1765;1397;1601;1358;1370;2693;2193;2759;2907,92.2,0.0,4409.8,0,10,846,12227,30,7.0,2565,14001,1,16,0,0,0,0,0.0,0,0,0,0,0,0.0,0.0,0.0,0,0,0,40.1,0.0,0.0,0.33,0.0,22.4,95.4,76.36413010683927,39.72676745328036,30.737022226507012,55.780821019952946,23.821161443536933,2399.0,38.77889355435036,0.14044818146662277,72.77847955206579,0.0,0.0,99.7,99.6,0.0,0.0,0.0,450.0,4409.8,0.0,0.0,56.033,1.119,57.152,24.646,1.577,55.575,emon,0.958,0.696,35.6,22.3,1.599
2026-09-29 23:04:21.496,6.3,0,100,8;23;6;2;2;0;0;0;3;0;0;0;100;8;8;8;0;0;0;0;0;0;0;0;0;5;2;5,1418,4799,4571;3966;3996;2967;3026;1642;1418;1570;1708;1460;1532;1717;4798;4799;3402;3728;1619;1545;1827;1567;1882;1929;1543;1604;2498;1904;2644;2684,74.6,0.0,4409.1,0,7,846,12227,30,7.0,2565,14001,1,16,0,0,0,0,0.0,0,0,0,0,0,0.0,0.0,0.0,0,0,0,40.1,0.0,0.0,0.33,0.0,22.4,95.4,83.06261652708054,44.96293354034424,34.762970209121704,63.118345737457275,27.099272847175598,2399.0,44.13520593087014,0.15651863435050473,81.27164546446875,0.0,0.0,99.8,99.7,0.0,0.0,0.0,450.0,4409.1,0.0,0.0,56.033,1.119,57.152,24.646,1.577,55.575,emon,0.958,0.696,35.6,22.3,1.599
2026-09-29 23:04:22.496,6.3,0,98,3;32;6;3;0;0;0;0;0;0;3;0;98;2;3;2;0;2;0;0;0;3;0;0;5;13;2;0,1211,4794,4136;3938;4071;3861;3320;1221;1217;1220;1236;1212;2066;1850;4794;4789;3663;3777;1289;2438;2235;1311;1941;2427;1211;1229;2792;1874;2651;2603,100.0,0.0,4409.1,0,8,847,12227,30,7.0,2565,14001,1,16,0,0,0,0,0.0,0,0,0,0,0,0.0,0.0,0.0,0,0,0,40.1,0.0,0.0,0.33,0.0,22.5,95.4,79.66611467467413,43.18740018208822,33.34075376722548,60.5644399854872,25.835326300726997,2399.0,42.107683096760105,0.1517400533064372,77.80345748613279,0.0,0.0,99.8,99.7,0.0,0.0,0.0,450.0,4409.1,0.0,0.0,55.481,1.007,56.488,26.511,1.697,54.791,emon,0.958,0.628,35.4,22.1,1.6
2026-09-29 23:04:23.497,6.2,0,97,2;37;14;3;0;0;0;0;0;0;0;0;97;6;3;3;0;0;0;0;0;0;0;0;0;8;0;0,1210,4789,4403;4082;4375;3665;1305;1949;1405;1236;1533;1229;1219;1630;4789;4761;3587;3213;1218;1686;1820;1210;1923;1529;2120;1503;2520;1872;2566;2541,59.8,0.0,4409.1,0,7,846,12227,30,7.0,2565,14001,1,16,0,0,0,0,0.0,0,0,0,0,0,0.0,0.0,0.0,0,0,0,40.1,0.0,0.0,0.33,0.0,22.5,95.4,80.35901713371277,43.03925980461968,33.25641420152452,60.36917495727539,25.907805760701496,2399.0,41.87294650959989,0.15045098062708145,77.81220611929893,0.0,0.0,99.6,99.5,0.0,0.0,0.0,450.0,4409.1,0.0,0.0,55.481,1.007,56.488,26.511,1.697,54.791,emon,0.958,0.628,35.4,22.1,1.6
2026-09-29 23:04:24.498,5.5,0,98,3;31;3;3;0;0;0;0;0;0;0;0;98;3;5;5;0;0;0;0;0;0;0;0;2;0;0;0,1252,4799,3964;4054;4054;3669;1864;1381;2005;1391;1252;1325;1319;1265;4795;4799;4116;4044;1603;2162;1377;1507;1359;1402;2739;1543;2749;1912;2670;2627,93.9,0.0,4409.1,0,7,846,12227,30,7.0,2565,14001,1,16,0,0,0,0,0.0,0,0,0,0,0,0.0,0.0,0.0,0,0,0,40.1,0.0,0.0,0.33,0.0,22.4,95.4,79.59851710001628,41.60265074835883,32.410988595750595,58.56762377421061,25.38949489593506,2399.0,40.94885952382012,0.1438528000144288,77.80163889378309,0.0,0.0,99.7,99.7,0.0,0.0,0.0,450.0,4409.1,0.0,0.0,55.481,1.007,56.488,26.511,1.697,54.791,emon,0.958,0.628,35.4,22.1,1.6
2026-09-29 23:04:25.498,6.0,0,100,5;30;0;8;0;0;0;0;2;0;0;0;100;5;2;10;3;0;0;0;0;2;0;0;0;3;2;0,1283,4797,4310;4050;3180;3894;1517;1405;2632;1781;1472;2501;1754;1285;4797;4797;3530;4276;2076;2608;1898;1907;1283;2905;1569;1379;2532;2007;2708;2691,92.6,0.0,4409.1,0,8,846,12227,30,7.0,2565,14001,1,16,0,0,0,0,0.0,0,0,0,0,0,0.0,0.0,0.0,0,0,0,40.1,0.0,0.0,0.33,0.0,22.4,95.4,83.77855920791626,41.89774250984192,31.832706689834595,58.29848289489746,24.366299748420715,2399.0,40.11550737755897,0.14955481834476814,81.28161681769416,0.0,0.0,99.5,99.5,0.0,0.0,0.0,450.0,4409.1,0.0,0.0,55.481,1.007,56.488,26.511,1.697,54.791,emon,0.958,0.628,35.4,22.1,1.6
2026-09-29 23:04:26.499,6.1,0,100,3;38;3;3;0;0;0;0;0;0;0;0;100;6;3;5;0;0;0;0;0;0;0;0;2;3;3;2,1219,4800,4391;4077;3259;4010;1272;1730;1849;2361;1219;1361;1219;1219;4799;4800;3834;3807;1345;1910;2173;1482;2348;1346;1261;2480;2689;1945;2770;2689,100.0,0.0,4409.1,0,6,846,12227,30,7.0,2565,14001,1,16,0,0,0,0,0.0,0,0,0,0,0,0.0,0.0,0.0,0,0,0,40.1,0.0,0.0,0.33,0.0,22.5,95.4,78.81281366348267,41.641544342041016,31.7835750579834,58.11510543823242,24.415463066101076,2399.0,40.68486480052816,0.14600222841836513,75.05247915461659,0.0,0.0,99.7,99.7,0.0,0.0,0.0,450.0,4409.1,0.0,0.0,55.481,1.007,56.488,26.511,1.697,54.791,emon,0.958,0.628,35.4,22.1,1.6
2026-09-29 23:04:27.499,5.5,0,98,3;26;6;2;0;0;0;0;0;0;0;0;98;3;6;6;0;0;0;0;0;0;0;0;0;3;0;2,1205,4792,4301;3957;3974;3750;1239;2261;1236;1241;1540;2952;1392;1393;4789;4792;3805;4107;1241;2486;1289;1266;1334;1219;1653;1205;2649;1959;2728;2647,92.1,0.0,4409.1,0,6,847,12227,30,7.0,2565,14001,1,16,0,0,0,0,0.0,0,0,0,0,0,0.0,0.0,0.0,0,0,0,40.1,0.0,0.0,0.33,0.0,22.5,95.4,78.15942215919495,41.76436195373535,31.774406814575194,58.15478782653808,24.46794261932373,2399.0,40.04574448905187,0.1493617942556739,75.0449374526739,0.0,0.0,99.8,99.8,0.0,0.0,0.0,450.0,4409.1,0.0,0.0,55.481,1.007,56.488,26.511,1.697,54.791,emon,0.958,0.628,35.4,22.1,1.6
2026-09-29 23:04:28.500,5.9,0,98,2;27;3;5;0;0;2;0;0;0;0;0;98;5;9;8;0;0;0;0;0;0;0;0;0;3;2;2,1194,4799,4278;4122;3626;3971;1770;1552;3122;1567;1194;1211;2153;1234;4797;4799;4192;3837;1406;2707;2372;1410;1488;1537;1702;2375;2613;1941;2533;2465,45.0,0.0,4409.1,1,9,846,12227,30,6.9,2565,14001,1,16,0,0,0,0,0.0,0,0,0,0,0,0.0,0.0,0.0,0,0,0,40.1,0.0,0.0,0.33,0.0,22.5,95.4,91.74083224209872,50.54700955477628,38.611427307128906,70.52890569513494,30.05141102183949,2399.0,48.98376976870085,0.17517306778410618,90.91809028183872,0.0,0.0,99.6,99.6,0.0,0.0,0.0,450.0,4409.1,0.0,0.0,55.481,1.007,56.488,26.511,1.697,54.791,emon,0.958,0.628,35.4,22.1,1.6
2026-09-29 23:04:29.500,5.8,0,100,0;29;6;5;0;0;0;0;0;0;0;0;100;2;9;5;0;2;0;0;0;0;0;0;0;5;0;2,1218,4799,3809;3983;3909;3913;3244;1437;1261;1247;1812;1218;1272;1269;4797;4799;4131;3754;1339;2170;1367;1639;1733;1282;1282;1251;2591;1867;2624;2754,100.0,0.0,4409.1,1,10,846,12227,30,6.9,2565,14001,1,16,0,0,0,0,0.0,0,0,0,0,0,0.0,0.0,0.0,0,0,0,40.1,0.0,0.0,0.33,0.0,22.4,95.4,77.38809118270873,38.98876895904541,29.806520080566408,54.408455276489256,23.228922843933105,2399.0,37.50936834196909,0.20000873586395757,71.11041771974415,0.0,0.0,99.7,99.6,0.0,0.0,0.0,450.0,4409.1,0.0,0.0,55.481,1.007,56.488,26.511,1.697,54.791,emon,0.958,0.628,35.4,22.1,1.6
2026-09-29 23:04:30.500,6.2,0,98,3;23;6;5;0;0;0;0;0;0;0;0;98;5;12;3;0;2;0;1;0;0;0;0;0;10;2;2,1218,4798,4321;3821;4125;3133;2008;1505;1442;1250;1535;1298;1218;1218;4791;4798;4230;3652;1337;1650;1221;1609;1288;1318;1351;1353;2682;2095;2742;2879,90.3,0.0,4409.1,1,17,846,12227,30,6.9,2565,14001,1,16,0,0,0,0,0.0,0,0,0,0,0,0.0,0.0,0.0,0,0,0,40.1,0.0,0.0,0.33,0.0,22.4,95.4,79.76367669635349,43.1684939066569,33.11441569858127,60.32695431179471,25.76637289259169,2399.0,41.59265462625384,0.15135766074268353,77.80430785897705,0.0,0.0,99.6,99.6,0.0,0.0,0.0,450.0,4409.1,0.0,0.0,55.481,1.007,56.488,26.511,1.697,54.791,emon,0.958,0.628,35.4,22.1,1.6
2026-09-29 23:04:31.501,6.5,0,98,0;29;5;3;0;0;0;0;0;0;1;0;98;6;8;6;0;0;0;2;2;0;2;0;2;11;3;5,1220,4799,3051;3901;3776;3688;1233;1424;1236;1226;1577;1392;2200;1639;4796;4799;4068;3402;1258;1239;1220;1732;2049;1326;1472;1227;2628;1942;2589;2645,100.0,0.0,4409.8,1,11,846,12227,30,6.9,2565,14001,1,16,0,0,0,0,0.0,0,0,0,0,0,0.0,0.0,0.0,0,0,0,40.1,0.0,0.0,0.33,0.0,22.4,95.4,78.58483530282975,41.553686714172365,31.840466690063476,58.127580642700195,24.712078380584718,2399.0,40.225576830649516,0.14930751926731317,75.0483239211142,0.0,0.0,99.5,99.4,0.0,0.0,0.0,450.0,4409.8,0.0,0.0,55.481,1.007,56.488,26.511,1.697,54.791,emon,0.958,0.628,35.4,22.1,1.6
2026-09-29 23:04:32.501,7.0,0,100,5;30;6;5;0;0;0;0;0;0;0;0;100;8;8;3;0;0;0;2;0;0;0;0;5;13;6;6,1244,4799,4409;4188;3901;4077;1822;1705;1278;1298;2551;1442;2209;1469;4799;4796;3622;2793;1370;1244;1274;1732;2192;2031;1283;1718;2628;1982;2737;2742,45.6,0.0,4409.8,0,6,846,12227,30,6.9,2565,14001,1,16,0,0,0,0,0.0,0,0,0,0,0,0.0,0.0,0.0,0,0,0,40.1,0.0,0.0,0.33,0.0,22.5,95.4,84.57064664363861,45.25827431678772,34.400614738464355,63.07771444320679,26.590315461158752,2399.0,43.47411236798507,0.16281488246750087,81.29421452153474,0.0,0.0,99.6,99.6,0.0,0.0,0.0,450.0,4409.8,0.0,0.0,55.481,1.007,56.488,26.511,1.697,54.791,emon,0.958,0.628,35.4,22.1,1.6
2026-09-29 23:04:33.502,5.7,0,98,3;28;8;0;0;0;0;0;0;0;0;0;98;2;3;9;0;0;0;0;2;0;2;0;0;5;0;0,1190,4797,4085;3859;3797;3905;1190;1218;1717;1198;1411;1243;1533;1393;4797;4790;2735;4242;1217;1566;1526;1219;1608;1760;1252;2313;2413;1885;2718;2614,45.6,0.0,4409.8,0,8,846,12227,30,6.9,2565,14001,1,16,0,0,0,0,0.0,0,0,0,0,0,0.0,0.0,0.0,0,0,0,40.1,0.0,0.0,0.33,0.0,22.4,95.4,84.02473667263985,45.53008580207825,34.21430063247681,63.14699077606201,26.572206139564514,2399.0,43.843868263284094,0.162692095967941,81.28594866488129,0.0,0.0,99.8,99.8,0.0,0.0,0.0,450.0,4409.8,0.0,0.0,55.481,1.007,56.488,26.511,1.697,54.791,emon,0.958,0.628,35.4,22.1,1.6
2026-09-29 23:04:34.502,5.6,0,100,3;26;2;5;1;0;0;0;0;0;0;0;100;2;3;6;0;0;2;0;0;0;0;0;0;9;0;0,1242,4799,4314;3855;3546;3949;2619;1438;1346;1309;1880;1560;1843;1574;4795;4799;4015;4128;1345;1296;2088;1376;1242;1303;2014;3569;2769;1912;2662;2769,100.0,0.0,4409.8,0,6,846,12227,30,6.9,2565,14001,1,16,0,0,0,0,0.0,0,0,0,0,0,0.0,0.0,0.0,0,0,0,40.1,0.0,0.0,0.33,0.0,22.4,95.4,91.38046966899525,50.97975158691406,38.1940241726962,70.5880057594993,29.77231285788796,2399.0,48.64631944619627,0.18320198077708483,90.91425893286413,0.0,0.0,99.6,99.5,0.0,0.0,0.0,450.0,4409.8,0.0,0.0,55.234,1.133,56.367,25.17,1.611,54.756,emon,0.958,0.715,35.4,22.0,1.611
2026-09-29 23:04:35.503,6.5,0,100,5;34;5;3;0;0;0;0;0;3;0;1;100;5;11;11;0;0;0;0;0;0;0;0;0;5;0;0,1199,4796,3995;3944;4050;3333;1278;1545;1280;1242;1263;2719;1250;1549;4796;4791;4050;4019;1463;1302;1199;1212;1999;1403;1573;1292;2588;1849;2568;2635,100.0,0.0,4409.8,0,6,847,12227,30,6.9,2565,14001,1,16,0,0,0,0,0.0,0,0,0,0,0,0.0,0.0,0.0,0,0,0,40.1,0.0,0.0,0.33,0.0,22.4,95.4,89.06134428296771,47.78103010995047,36.255441665649414,66.55207661220005,28.100517681666783,2399.0,45.87821675743908,0.17108344792255334,85.75751279720238,0.0,0.0,99.8,99.8,0.0,0.0,0.0,450.0,4409.8,0.0,0.0,55.234,1.133,56.367,25.17,1.611,54.756,emon,0.958,0.715,35.4,22.0,1.611
2026-09-29 23:04:36.503,6.6,0,98,8;33;9;3;0;0;0;0;0;0;0;0;98;5;10;5;0;0;0;0;0;2;0;0;2;5;3;2,1197,4799,4578;3850;4080;3560;1387;1463;1427;2196;1197;1218;1218;1217;4799;4799;4065;3866;1253;1973;1371;1199;1476;1641;1415;1357;2554;1962;2763;2742,90.4,0.0,4409.8,0,6,847,12227,30,6.9,2565,14001,1,16,0,0,0,0,0.0,0,0,0,0,0,0.0,0.0,0.0,0,0,0,40.1,0.0,0.0,0.33,0.0,22.4,95.4,79.58790355570176,42.37906714046703,31.961079541374655,58.86508223589729,24.530366336598117,2399.0,40.40765353338108,0.15818897548460348,76.50812799352057,0.0,0.0,99.9,99.8,0.0,0.0,0.0,450.0,4409.8,0.0,0.0,55.234,1.133,56.367,25.17,1.611,54.756,emon,0.958,0.715,35.4,22.0,1.611
2026-09-29 23:04:37.503,6.8,0,100,8;37;12;9;0;1;0;0;0;0;0;0;100;3;3;5;0;0;0;0;0;0;0;0;2;8;3;0,1204,4799,4265;4031;4148;3898;1242;1691;1317;1260;1204;1349;1225;1288;4795;4799;3326;3394;1293;1349;1480;1307;1322;1535;1885;1905;2577;1895;2683;2523,89.8,0.0,4409.8,0,6,848,12227,30,6.9,2565,14001,1,16,0,0,0,0,0.0,0,0,0,0,0,0.0,0.0,0.0,0,0,0,40.1,0.0,0.0,0.33,0.0,22.4,95.4,85.5683102607727,45.260151624679565,34.283268213272095,62.97714376449585,26.61367619037628,2399.0,43.439882022074016,0.16278394070104696,81.30908878426999,0.0,0.0,99.7,99.6,0.0,0.0,0.0,450.0,4409.8,0.0,0.0,55.234,1.133,56.367,25.17,1.611,54.756,emon,0.958,0.715,35.4,22.0,1.611
2026-09-29 23:04:38.504,6.4,0,98,7;30;8;12;0;0;0;0;0;0;0;0;98;6;8;6;0;0;0;0;0;0;0;0;0;2;2;0,1251,4798,4439;3896;3940;3953;1277;2333;1307;1268;1259;1289;1254;2130;4798;4783;3992;3950;1300;1305;1251;1395;1254;1257;2381;1279;2585;1906;2538;2710,77.1,0.0,4409.8,0,8,847,12227,30,6.9,2565,14001,1,16,0,0,0,0,0.0,0,0,0,0,0,0.0,0.0,0.0,0,0,0,40.1,0.0,0.0,0.33,0.0,22.4,95.4,83.12047839164734,45.324028968811035,34.581506967544556,63.268152713775635,26.94110345840454,2399.0,43.61054902361502,0.1606131797307171,81.27366466913372,0.0,0.0,99.8,99.8,0.0,0.0,0.0,450.0,4409.8,0.0,0.0,55.234,1.133,56.367,25.17,1.611,54.756,emon,0.958,0.715,35.4,22.0,1.611
2026-09-29 23:04:39.504,6.8,0,98,2;29;5;9;0;0;0;0;0;0;0;0;98;3;6;12;0;0;0;0;0;0;0;0;3;9;5;8,1174,4793,4157;3764;3753;3826;1328;1174;1215;1198;1776;1242;1227;1530;4793;4782;3861;4268;1219;1218;1217;1219;1356;1382;1574;1307;2575;1951;2713;2744,100.0,0.0,4409.8,0,11,847,12227,30,6.9,2565,14001,1,16,0,0,0,0,0.0,0,0,0,0,0,0.0,0.0,0.0,0,0,0,40.1,0.0,0.0,0.33,0.0,22.4,95.4,79.10075709399055,41.8363416335162,32.46148008458755,58.86053601433249,25.412802976720474,2399.0,41.31338142365327,0.1455828251919764,76.50562865177498,0.0,0.0,99.8,99.7,0.0,0.0,0.0,450.0,4409.8,0.0,0.0,55.234,1.133,56.367,25.17,1.611,54.756,emon,0.958,0.715,35.4,22.0,1.611
2026-09-29 23:04:40.515,7.2,0,100,2;32;12;2;0;0;0;0;0;0;0;0;100;11;5;11;0;0;0;0;0;2;0;0;8;8;6;5,1250,4799,3826;3933;4177;3710;2312;1432;1657;1378;1661;1250;1700;1439;4796;4799;3646;3966;2468;1749;1436;1823;2634;3635;2892;2149;2637;2097;2793;2623,100.0,0.0,4409.8,1,9,845,12227,30,7.0,2565,14001,1,16,0,0,0,0,0.0,0,0,0,0,0,0.0,0.0,0.0,0,0,0,40.1,0.0,0.0,0.33,0.0,22.4,95.4,93.13384644190471,50.380688985188804,38.74343299865723,70.59092839558919,30.39170742034912,2399.0,49.288125015678816,0.1758722938441982,91.68647195026278,0.0,0.0,99.6,99.6,0.0,0.0,0.0,450.0,4409.8,0.0,0.0,55.234,1.133,56.367,25.17,1.611,54.756,emon,0.958,0.715,35.4,22.0,1.611
2026-09-29 23:04:41.515,7.3,0,98,14;19;13;10;0;0;0;0;0;0;0;2;98;11;8;12;2;0;0;0;0;0;0;0;3;3;2;6,1206,4800,4486;3670;4171;3899;1431;1212;1206;1214;1304;1526;1350;1652;4797;4800;3755;3056;1937;1329;1277;2151;1330;1280;1321;1638;2570;1849;2560;2667,100.0,0.0,4409.1,1,8,847,12227,30,7.0,2565,14001,1,16,0,0,0,0,0.0,0,0,0,0,0,0.0,0.0,0.0,0,0,0,40.1,0.0,0.0,0.33,0.0,22.4,95.4,84.73073861002922,45.48699140548706,34.03603768348694,62.91480207443237,25.963843941688538,2399.0,43.38839762423595,0.16513955249683931,81.29777511069551,0.0,0.0,99.8,99.8,0.0,0.0,0.0,450.0,4409.1,0.0,0.0,55.234,1.133,56.367,25.17,1.611,54.756,emon,0.958,0.715,35.4,22.0,1.611
2026-09-29 23:04:42.516,7.2,0,100,8;31;6;3;1;0;0;0;0;0;1;0;100;16;12;2;0;0;0;0;2;0;1;0;3;12;2;3,1235,4798,4200;3964;3578;3218;2955;2698;1394;1277;1238;1444;2211;1235;4798;4796;4213;3162;1416;1680;1988;1283;1847;1302;3231;1275;2534;1915;2550;2759,100.0,0.0,4409.1,1,11,847,12227,30,7.0,2565,14001,1,16,0,0,0,0,0.0,0,0,0,0,0,0.0,0.0,0.0,0,0,0,39.1,0.0,0.0,0.33,0.0,22.4,95.4,81.43549664815266,43.028259913126625,32.97145567999946,60.133703019883896,25.556605445014107,2399.0,41.77397368990609,0.15247275297426516,77.82749653193686,0.0,0.0,99.8,99.8,0.0,0.0,0.0,450.0,4409.1,0.0,0.0,55.234,1.133,56.367,25.17,1.611,54.756,emon,0.958,0.715,35.4,22.0,1.611
2026-09-29 23:04:43.516,6.7,0,100,5;33;8;5;2;0;0;0;0;0;0;0;100;3;6;11;0;0;2;0;0;0;0;0;2;5;5;5,1246,4789,4319;3999;4046;3104;1333;1246;1313;1336;1911;1497;1592;1685;4787;4789;3901;4243;1525;1297;2044;1426;1538;1680;1797;1676;2678;1930;2679;2706,93.9,0.0,4409.1,1,9,847,12227,30,7.0,2565,14001,1,16,0,0,0,0,0.0,0,0,0,0,0,0.0,0.0,0.0,0,0,0,40.1,0.0,0.0,0.33,0.0,22.4,95.4,83.4698805809021,45.3318247795105,34.39632844924927,63.03876543045044,26.554624915122986,2399.0,43.28333796122752,0.16153532851603813,81.27771400846541,0.0,0.0,99.6,99.5,0.0,0.0,0.0,450.0,4409.1,0.0,0.0,55.234,1.133,56.367,25.17,1.611,54.756,emon,0.958,0.715,35.4,22.0,1.611
2026-09-29 23:04:44.517,6.1,0,100,3;31;2;3;0;0;0;0;0;0;4;0;100;5;6;6;2;0;0;0;0;0;0;0;2;5;5;0,1216,4797,4447;3955;4062;3675;1217;1219;1219;1216;1345;2295;2000;1416;4797;4795;3986;3328;2630;1273;1296;1517;1597;1783;1930;2149;2601;1874;2638;2606,100.0,0.0,4409.1,1,12,847,12227,30,7.0,2565,14001,1,16,0,0,0,0,0.0,0,0,0,0,0,0.0,0.0,0.0,0,0,0,40.1,0.0,0.0,0.33,0.0,22.4,95.4,82.29827033148871,42.43438254462348,33.010616302490234,59.734164767795136,25.942302809821236,2399.0,42.060228931510615,0.14761492327993941,77.84050961542461,0.0,0.0,99.9,99.8,0.0,0.0,0.0,450.0,4409.1,0.0,0.0,55.234,1.133,56.367,25.17,1.611,54.756,emon,0.958,0.715,35.4,22.0,1.611
2026-09-29 23:04:45.517,6.2,0,100,8;27;9;3;0;0;0;0;0;0;0;0;100;3;5;12;0;0;0;0;0;0;2;0;0;2;3;0,1212,4796,4403;3871;4170;3749;1397;1483;1368;1212;1498;1694;1216;1216;4796;4791;3950;4010;1271;2212;1521;1260;1242;1555;1534;1245;2522;1802;2611;2596,100.0,0.0,4409.1,1,10,845,12227,30,7.0,2565,14001,1,16,0,0,0,0,0.0,0,0,0,0,0,0.0,0.0,0.0,0,0,0,40.1,0.0,0.0,0.33,0.0,22.4,95.4,79.23171382480197,43.1323110792372,33.21722666422526,60.40445793999566,25.918692270914715,2399.0,41.72308229992632,0.1512857007328421,77.79662287048995,0.0,0.0,99.9,99.9,0.0,0.0,0.0,450.0,4409.1,0.0,0.0,54.732,1.033,55.765,21.236,1.359,54.406,emon,0.96,0.702,35.5,21.9,1.618
2026-09-29 23:04:46.518,6.8,0,100,8;22;8;5;3;0;0;0;0;0;0;0;100;12;8;6;0;0;2;0;1;0;0;0;5;8;2;2,1321,4800,4305;4018;3884;3653;2843;1964;1817;1325;1879;1918;1321;1945;4799;4800;4166;3362;1958;2193;2142;1758;3294;1791;1889;1565;2546;1955;2584;2705,100.0,0.0,4409.1,1,8,847,12227,30,7.0,2565,14001,1,16,0,0,0,0,0.0,0,0,0,0,0,0.0,0.0,0.0,0,0,0,40.1,0.0,0.0,0.33,0.0,22.4,95.4,80.37642531924777,42.220349629720054,33.007403479682075,59.574852837456596,25.9266324573093,2399.0,41.98938436232533,0.1452180341196557,77.80753939557407,0.0,0.0,99.6,99.6,0.0,0.0,0.0,450.0,4409.1,0.0,0.0,54.732,1.033,55.765,21.236,1.359,54.406,emon,0.96,0.702,35.5,21.9,1.618
2026-09-29 23:04:47.518,7.3,0,100,8;34;9;8;0;0;0;0;0;0;1;0;100;12;11;8;0;0;0;0;0;0;0;3;2;8;0;2,1161,4798,4256;4045;3472;3431;1215;1207;1411;1217;1161;1695;1205;1371;4798;4797;3877;4009;1348;1777;1806;1606;1265;1245;1379;1499;2449;1842;2503;2459,75.7,0.0,4409.1,0,6,847,12227,30,7.0,2565,14001,1,16,0,0,0,0,0.0,0,0,0,0,0,0.0,0.0,0.0,0,0,0,40.1,0.0,0.0,0.33,0.0,22.5,95.4,80.29047584533691,40.57084922790527,32.20556697845459,57.610076904296875,25.53052101135254,2399.0,39.870116051490186,0.1430785585893318,75.07907332181931,0.0,0.0,99.7,99.7,0.0,0.0,0.0,450.0,4409.1,0.0,0.0,54.732,1.033,55.765,21.236,1.359,54.406,emon,0.96,0.702,35.5,21.9,1.618
2026-09-29 23:04:48.518,6.0,0,100,3;34;2;8;0;0;0;0;0;0;0;0;100;3;5;8;0;0;0;0;0;0;0;0;2;5;0;0,1287,4795,3997;4067;3197;3818;1549;1451;2584;1412;1789;2012;2125;1287;4795;4789;3041;4108;2005;1496;1608;1384;1470;1361;1392;2112;2472;1903;2689;2728,75.7,0.0,4409.1,0,6,847,12227,30,7.0,2565,14001,1,16,0,0,0,0,0.0,0,0,0,0,0,0.0,0.0,0.0,0,0,0,40.1,0.0,0.0,0.33,0.0,22.4,95.4,99.99999542236328,56.12015914916992,41.75345458984375,77.39180297851563,32.209710693359376,2399.0,53.71437644958496,0.19734844267368318,100.0,0.0,0.0,99.8,99.8,0.0,0.0,0.0,450.0,4409.1,0.0,0.0,54.732,1.033,55.765,21.236,1.359,54.406,emon,0.96,0.702,35.5,21.9,1.618
2026-09-29 23:04:49.519,5.9,0,97,2;27;5;6;0;0;0;0;0;0;0;0;97;12;6;6;0;0;0;0;0;0;0;0;0;5;0;0,1212,4791,4208;3970;3685;4060;1255;1259;1453;1859;1522;1542;1218;1282;4791;4789;3770;3843;1634;1219;1218;1536;1272;1268;1481;1212;2626;1937;2755;2623,100.0,0.0,4409.1,1,9,846,12227,30,6.6,2565,14001,1,16,0,0,0,0,0.0,0,0,0,0,0,0.0,0.0,0.0,0,0,0,40.1,0.0,0.0,0.33,0.0,22.4,95.4,89.45146138327462,47.83479690551758,36.16171210152762,66.42856052943638,28.30683081490653,2399.0,45.72109177395968,0.17051906777279718,85.76360949448177,0.0,0.0,99.7,99.7,0.0,0.0,0.0,450.0,4409.1,0.0,0.0,54.732,1.033,55.765,21.236,1.359,54.406,emon,0.96,0.702,35.5,21.9,1.618
2026-09-29 23:04:50.519,5.9,0,100,8;18;11;11;0;0;0;2;0;0;0;0;100;2;5;3;0;0;0;1;0;0;0;0;2;5;0;0,1191,4799,4531;3720;4132;4272;1191;1215;1215;1460;1686;1220;1208;1221;4797;4799;3846;3903;1292;2277;1755;1768;1710;1295;1693;1263;2475;2094;2734;2644,100.0,0.0,4409.1,1,9,846,12227,30,6.6,2565,14001,1,16,0,0,0,0,0.0,0,0,0,0,0,0.0,0.0,0.0,0,0,0,40.1,0.0,0.0,0.33,0.0,22.4,95.4,83.63993701338768,44.775972843170166,34.47330570220947,62.66529417037964,27.271538257598877,2399.0,43.02740088404971,0.157978596209432,81.27862946968526,0.0,0.0,99.8,99.7,0.0,0.0,0.0,450.0,4409.1,0.0,0.0,54.732,1.033,55.765,21.236,1.359,54.406,emon,0.96,0.702,35.5,21.9,1.618
2026-09-29 23:04:51.519,6.2,0,98,6;31;12;10;0;0;0;0;0;0;0;0;98;6;3;6;0;0;0;0;0;0;0;2;0;0;0;0,1216,4796,4404;4091;3999;3991;1217;1581;1465;1239;1456;1246;1910;1353;4796;4789;3563;3680;1602;1216;1645;2531;1474;1250;1351;1291;2576;1911;2683;2506,31.3,0.0,4409.1,0,7,846,12227,30,6.6,2565,14001,1,16,0,0,0,0,0.0,0,0,0,0,0,0.0,0.0,0.0,0,0,0,40.1,0.0,0.0,0.33,0.0,22.4,95.4,83.70094698667526,45.24110174179077,34.37876558303833,62.96292448043823,26.34554934501648,2399.0,43.23639425809961,0.1614950921793934,81.27920989599079,0.0,0.0,99.9,99.8,0.0,0.0,0.0,450.0,4409.1,0.0,0.0,54.732,1.033,55.765,21.236,1.359,54.406,emon,0.96,0.702,35.5,21.9,1.618
2026-09-29 23:04:52.519,7.4,0,100,5;32;6;8;1;1;0;0;0;0;1;0;100;12;12;8;0;0;1;0;1;0;2;0;2;11;3;2,1155,4788,4106;3922;4141;3994;3017;1791;2483;1358;1215;1443;2508;1219;4788;4773;3990;3923;1235;1197;2445;1204;1673;1279;1830;1155;2371;1864;2691;2691,100.0,0.0,4409.8,0,11,847,12227,30,6.6,2565,14001,1,16,0,0,0,0,0.0,0,0,0,0,0,0.0,0.0,0.0,0,0,0,40.1,0.0,0.0,0.33,0.0,22.4,95.4,78.46235401630402,42.014756774902345,31.81595344543457,58.47622871398926,24.56151247024536,2399.0,40.1516795688658,0.15255284319864587,75.04411937966943,0.0,0.0,99.7,99.7,0.0,0.0,0.0,450.0,4409.8,0.0,0.0,54.732,1.033,55.765,21.236,1.359,54.406,emon,0.96,0.702,35.5,21.9,1.618
2026-09-29 23:04:53.520,7.1,0,100,6;37;8;6;0;0;0;0;0;0;0;0;100;12;8;11;2;0;0;0;0;0;0;0;3;0;3;3,1113,4799,4384;4052;3185;3889;1373;1248;1283;1232;1214;1212;1235;2095;4791;4799;3772;3542;2227;1113;1820;1166;1408;1612;1470;1379;2440;1894;2674;2480,79.2,0.0,4409.8,0,7,845,12227,30,6.6,2565,14001,1,16,0,0,0,0,0.0,0,0,0,0,0,0.0,0.0,0.0,0,0,0,40.1,0.0,0.0,0.33,0.0,22.4,95.4,87.47304395266941,47.97069222586496,36.05503790719168,66.53698185511998,27.97311019897461,2399.0,45.62617628128334,0.17390620319305786,85.73527560329863,0.0,0.0,99.5,99.5,0.0,0.0,0.0,450.0,4409.8,0.0,0.0,54.732,1.033,55.765,21.236,1.359,54.406,emon,0.96,0.702,35.5,21.9,1.618
2026-09-29 23:04:54.520,8.8,0,98,3;37;12;11;0;0;0;2;0;0;0;1;98;15;18;12;0;0;0;0;0;2;0;0;9;16;3;5,1246,4793,3951;4044;3946;3898;1388;1383;1592;1546;1279;1276;1246;1779;4793;4783;4182;3692;1264;1588;2193;1346;2135;2162;1341;1319;2785;2035;2752;2787,91.0,0.0,4409.8,0,6,846,12227,30,6.6,2565,14001,1,16,0,0,0,0,0.0,0,0,0,0,0,0.0,0.0,0.0,0,0,0,40.1,0.0,0.0,0.33,0.0,22.4,95.4,88.67114995320638,48.293418884277344,36.68782475789388,67.33209737141927,28.519255956013996,2399.0,46.54097577932601,0.17277289380629857,86.69613905549049,0.0,0.0,99.8,99.8,0.0,0.0,0.0,450.0,4409.8,0.0,0.0,54.732,1.033,55.765,21.236,1.359,54.406,emon,0.96,0.702,35.5,21.9,1.618
2026-09-29 23:04:55.521,5.8,0,100,2;28;3;5;0;0;0;2;0;0;0;0;100;5;8;6;0;0;0;0;0;0;0;0;0;5;0;0,1214,4799,4185;3938;3366;3748;1509;1342;1707;1975;1681;1599;1315;1293;4797;4799;3952;4047;1219;1218;1421;1218;1331;1214;1214;1222;2377;1882;2590;2488,90.7,0.0,4409.8,0,6,847,12227,30,6.6,2565,14001,1,16,0,0,0,0,0.0,0,0,0,0,0,0.0,0.0,0.0,0,0,0,40.1,0.0,0.0,0.33,0.0,22.4,95.4,74.79472618632846,40.1390192243788,30.33634991115994,55.83802456325955,23.379897329542374,2399.0,38.98253646375896,0.1431848298654788,72.25450213212106,0.0,0.0,99.7,99.7,0.0,0.0,0.0,450.0,4409.8,0.0,0.0,55.685,1.115,56.8,24.365,1.559,55.241,emon,0.959,0.706,35.5,22.2,1.602
2026-09-29 23:04:56.521,6.3,0,100,10;34;2;3;0;0;1;0;0;0;0;0;100;5;5;3;0;0;0;0;0;0;0;0;0;12;2;0,1279,4798,4624;4148;2807;3441;1777;1361;1832;1527;1454;1443;1337;1279;4798;4793;3584;3475;1551;1636;2485;1417;1500;2957;1401;1416;2646;1951;2778;2564,100.0,0.0,4409.8,0,6,846,12227,30,6.6,2565,14001,1,16,0,0,0,0,0.0,0,0,0,0,0,0.0,0.0,0.0,0,0,0,40.1,0.0,0.0,0.33,0.0,22.5,95.4,82.13298416137695,43.586446126302086,32.704167471991646,60.41885206434462,25.06752501593696,2399.0,41.581768372393626,0.1588954117356075,77.83484905709822,0.0,0.0,99.8,99.7,0.0,0.0,0.0,450.0,4409.8,0.0,0.0,55.685,1.115,56.8,24.365,1.559,55.241,emon,0.959,0.706,35.5,22.2,1.602
2026-09-29 23:04:57.521,6.3,0,100,5;40;3;5;0;2;0;0;0;0;0;0;100;5;5;6;0;0;0;0;0;0;0;0;0;6;2;0,1207,4800,4532;4109;4059;3937;1795;1969;1311;1394;2182;1545;1742;2744;4799;4800;3522;3586;1830;1718;2002;2887;1209;1207;1240;1212;2420;1813;2481;2467,60.2,0.0,4409.8,2,12,846,12227,30,7.0,2565,14001,1,16,0,0,0,0,0.0,0,0,0,0,0,0.0,0.0,0.0,0,0,0,40.1,0.0,0.0,0.33,0.0,22.4,95.4,83.72001442313194,45.04161095619202,34.43427753448486,62.98299312591553,26.773841977119446,2399.0,43.86775244836463,0.15972509232233278,81.28311245702207,0.0,0.0,99.7,99.7,0.0,0.0,0.0,450.0,4409.8,0.0,0.0,55.685,1.115,56.8,24.365,1.559,55.241,emon,0.959,0.706,35.5,22.2,1.602
2026-09-29 23:04:58.522,6.3,0,100,2;34;3;2;0;0;1;0;0;0;0;0;100;9;3;3;0;0;0;0;0;0;2;0;3;12;2;2,1291,4799,3368;4146;3550;3754;1321;1504;2383;1300;1320;1291;2212;2093;4799;4798;3879;3941;1863;1327;1648;1420;1682;1650;3021;1681;2707;1811;2498;2588,93.2,0.0,4409.8,4,12,847,12227,30,7.0,2565,14001,1,16,0,0,0,0,0.0,0,0,0,0,0,0.0,0.0,0.0,0,0,0,40.1,0.0,0.0,0.33,0.0,22.4,95.4,79.672017176946,43.14373228285048,32.95799043443468,60.29559580485026,25.696424590216743,2399.0,41.73670691994872,0.1537153623972295,77.79930696884792,0.0,0.0,99.6,99.6,0.0,0.0,0.0,450.0,4409.8,0.0,0.0,55.685,1.115,56.8,24.365,1.559,55.241,emon,0.959,0.706,35.5,22.2,1.602
2026-09-29 23:04:59.522,6.6,0,98,0;36;3;8;0;2;0;0;2;0;0;0;98;9;2;5;2;0;0;0;1;0;0;0;2;14;2;0,1237,4799,3882;4160;3966;3896;1403;1710;1260;1304;1868;1342;1954;1427;4798;4799;3716;3206;2007;1430;1776;1374;1569;1237;1747;1582;2566;1944;2794;2526,100.0,0.0,4409.8,1,18,847,12227,30,7.0,2565,14001,1,16,0,0,0,0,0.0,0,0,0,0,0,0.0,0.0,0.0,0,0,0,40.1,0.0,0.0,0.33,0.0,22.4,95.4,86.55687069892883,48.19877134050642,35.95136751447405,66.6237051827567,27.62680980137416,2399.0,45.458436551994446,0.17553645179473928,85.72585902735591,0.0,0.0,99.7,99.7,0.0,0.0,0.0,450.0,4409.8,0.0,0.0,55.685,1.115,56.8,24.365,1.559,55.241,emon,0.959,0.706,35.5,22.2,1.602
2026-09-29 23:05:00.522,6.8,0,98,3;33;6;5;0;0;0;0;0;0;0;0;98;9;9;2;0;0;2;0;0;0;2;0;9;8;3;2,1150,4793,4292;3969;4157;3655;1556;1654;1618;2930;1441;1342;1685;2106;4793;4789;3957;3841;1566;1309;2098;1150;2147;2170;1979;1563;2925;2061;2873;2534,47.1,0.0,4409.8,3,12,846,12227,30,7.0,2565,14001,1,16,0,0,0,0,0.0,0,0,0,0,0,0.0,0.0,0.0,0,0,0,40.1,0.0,0.0,0.33,0.0,22.4,95.4,83.69157852846034,45.888197506175324,34.9690055847168,64.03024112477021,27.105405134313248,2399.0,43.6228355987559,0.16629359115134268,82.37302463589346,0.0,0.0,99.7,99.6,0.0,0.0,0.0,450.0,4409.8,0.0,0.0,55.685,1.115,56.8,24.365,1.559,55.241,emon,0.959,0.706,35.5,22.2,1.602
2026-09-29 23:05:01.523,6.8,0,100,0;41;9;8;0;0;0;0;0;0;2;0;100;3;8;5;0;0;0;0;0;0;0;0;2;9;2;2,1219,4799,3914;4162;4137;3743;1373;1575;1698;1281;1656;1587;2064;1779;4799;4799;3696;3545;1454;1372;1723;1459;1219;1400;1227;1293;2730;1911;2630;2692,91.6,0.0,4409.1,3,18,846,12227,30,7.0,2565,14001,1,16,0,0,0,0,0.0,0,0,0,0,0,0.0,0.0,0.0,0,0,0,40.1,0.0,0.0,0.33,0.0,22.4,95.4,76.32768033799671,39.820049467540926,29.93912596929641,55.186978294735866,23.093302227201917,2399.0,37.186754611919504,0.15156980825676805,71.49655135614532,0.0,0.0,99.6,99.6,0.0,0.0,0.0,450.0,4409.8,0.0,0.0,55.685,1.115,56.8,24.365,1.559,55.241,emon,0.959,0.706,35.5,22.2,1.602
2026-09-29 23:05:02.532,7.2,0,100,3;38;6;8;0;0;0;0;0;0;0;0;100;8;8;6;0;0;0;0;0;2;0;0;5;12;3;3,1203,4799,4597;4072;3682;2682;2224;1937;2214;1552;1457;1219;2010;1297;4798;4799;3258;4309;1361;1579;1320;1837;1234;2858;1264;1203;2498;1865;2483;2565,91.6,0.0,4409.1,0,6,846,12227,30,7.0,2565,14001,1,16,0,0,0,0,0.0,0,0,0,0,0,0.0,0.0,0.0,0,0,0,40.1,0.0,0.0,0.33,0.0,22.4,95.4,77.63890967369079,41.467142486572264,31.795333480834962,57.97731513977051,24.856152629852296,2399.0,40.13933305679238,0.14715920380549505,75.03719825930894,0.0,0.0,99.7,99.7,0.0,0.0,0.0,450.0,4409.1,0.0,0.0,55.685,1.115,56.8,24.365,1.559,55.241,emon,0.959,0.706,35.5,22.2,1.602
2026-09-29 23:05:03.532,5.9,0,100,0;32;6;3;2;0;0;0;0;0;0;0;100;9;5;3;0;0;0;0;0;0;0;0;0;5;0;0,1267,4798,4035;3900;3859;3314;2213;2613;1370;2132;1286;1307;2055;1288;4796;4798;4050;3758;1267;2531;1850;1331;1333;2489;2563;1302;2567;1947;2622;2658,100.0,0.0,4409.1,0,7,846,12227,30,7.0,2565,14001,1,16,0,0,0,0,0.0,0,0,0,0,0,0.0,0.0,0.0,0,0,0,40.1,0.0,0.0,0.33,0.0,22.4,95.4,80.74308607313368,43.28273137410482,32.801111433241104,60.22001224093967,25.492104000515408,2399.0,41.51243487824427,0.15534718960730565,77.81682845080893,0.0,0.0,99.6,99.6,0.0,0.0,0.0,450.0,4409.1,0.0,0.0,55.685,1.115,56.8,24.365,1.559,55.241,emon,0.959,0.706,35.5,22.2,1.602
2026-09-29 23:05:04.533,6.3,0,100,5;39;6;3;2;0;0;0;0;0;0;0;100;6;3;5;0;0;0;0;0;0;2;0;0;5;2;0,1217,4795,4475;4131;3731;3528;3210;1350;1411;1407;1217;1218;1219;1218;4795;4793;3552;4039;1879;2288;1833;1538;1638;1635;1611;1811;2470;1921;2686;2546,89.0,0.0,4409.1,3,15,846,12227,30,7.0,2565,14001,1,16,0,0,0,0,0.0,0,0,0,0,0,0.0,0.0,0.0,0,0,0,40.1,0.0,0.0,0.33,0.0,22.4,95.4,79.4048444694943,43.774762047661675,32.89098718431261,60.65292655097114,25.261900689866806,2399.0,41.67292249011936,0.15760104945446882,77.79887404623959,0.0,0.0,99.6,99.5,0.0,0.0,0.0,450.0,4409.1,0.0,0.0,55.685,1.115,56.8,24.365,1.559,55.241,emon,0.959,0.706,35.5,22.2,1.602
2026-09-29 23:05:05.533,6.0,0,100,2;28;3;6;0;0;0;0;0;0;0;0;100;11;2;6;0;0;3;0;2;0;0;0;0;3;2;0,1205,4799,3998;3971;3696;3935;1531;1346;1612;1551;1205;1215;1396;1219;4798;4799;3912;4117;1219;1761;1404;1218;2021;1304;1302;1706;2533;1941;2548;2675,100.0,0.0,4409.1,3,10,846,12227,30,7.0,2565,14001,1,16,0,0,0,0,0.0,0,0,0,0,0,0.0,0.0,0.0,0,0,0,40.1,0.0,0.0,0.33,0.0,22.4,95.4,82.32976746559143,43.798127280341255,32.28514999813504,60.134137047661675,24.29225624932183,2399.0,40.375798712393994,0.16566747587381137,77.83705779123638,0.0,0.0,99.5,99.4,0.0,0.0,0.0,450.0,4409.1,0.0,0.0,55.685,1.115,56.8,24.365,1.559,55.241,emon,0.959,0.706,35.5,22.2,1.602
2026-09-29 23:05:06.534,7.7,0,100,9;40;12;6;0;0;0;0;0;0;0;0;100;11;8;9;0;0;2;0;0;1;3;0;2;5;3;3,1216,4799,4565;3756;4106;3186;1380;1546;1317;1875;1219;1219;1218;1216;4795;4799;3827;4290;1933;1819;2264;1650;2086;2415;3020;1657;2391;1879;2684;2577,79.0,0.0,4409.1,4,10,847,12227,30,7.0,2565,14001,1,16,0,0,0,0,0.0,0,0,0,0,0,0.0,0.0,0.0,0,0,0,41.1,0.0,0.0,0.33,0.0,22.4,95.4,84.18423372507095,45.2406005859375,34.40363144874573,62.98666334152222,26.502169013023376,2399.0,43.08974475947616,0.16326719275093637,81.29150106105953,0.0,0.0,99.6,99.6,0.0,0.0,0.0,450.0,4409.1,0.0,0.0,54.637,1.086,55.724,23.117,1.479,54.245,emon,0.96,0.721,35.3,22.1,1.598
2026-09-29 23:05:07.534,6.3,0,97,2;36;8;8;0;0;0;0;0;0;0;0;97;6;5;2;0;0;0;0;0;0;0;2;3;5;2;3,1214,4791,4235;4161;3941;3778;1219;2120;1676;1230;1216;1218;1214;1218;4787;4791;3580;3153;1480;2179;2424;1255;2523;1357;1269;1677;2658;1877;2825;2572,100.0,0.0,4409.1,2,10,846,12227,30,7.0,2565,14001,1,16,0,0,0,0,0.0,0,0,0,0,0,0.0,0.0,0.0,0,0,0,41.1,0.0,0.0,0.33,0.0,22.4,95.4,76.57548296451569,41.76142139434815,31.909031295776366,58.26066589355469,24.64320068359375,2399.0,40.315417429819355,0.14917890167562292,75.01953323855996,0.0,0.0,99.5,99.5,0.0,0.0,0.0,450.0,4409.1,0.0,0.0,54.637,1.086,55.724,23.117,1.479,54.245,emon,0.96,0.721,35.3,22.1,1.598
2026-09-29 23:05:08.535,6.5,0,100,5;33;5;3;0;0;1;3;0;0;0;0;100;9;8;0;0;0;0;0;2;0;0;2;0;12;0;0,1216,4799,4444;4095;3667;3365;1356;1277;1850;1939;1621;1218;1216;1364;4796;4799;4206;3446;1301;1323;1600;1892;1779;1346;1691;1668;2511;1900;2646;2508,76.2,0.0,4409.1,5,12,846,12227,30,7.0,2565,14001,1,16,0,0,0,0,0.0,0,0,0,0,0,0.0,0.0,0.0,0,0,0,40.1,0.0,0.0,0.33,0.0,22.4,95.4,83.10827398300171,44.9349627494812,34.11998128890991,62.556045055389404,26.777018308639526,2399.0,43.575179061765084,0.15846845152555034,81.27394391736016,0.0,0.0,99.6,99.5,0.0,0.0,0.0,450.0,4409.1,0.0,0.0,54.637,1.086,55.724,23.117,1.479,54.245,emon,0.96,0.721,35.3,22.1,1.598
2026-09-29 23:05:09.535,6.2,0,98,0;33;11;12;0;0;0;0;0;0;0;0;98;6;2;2;2;1;0;0;0;0;0;0;2;2;0;2,1300,4794,3486;3918;4257;4468;1501;1773;1498;2319;1532;1413;1577;1842;4794;4791;3182;3408;1600;1341;1367;1378;1300;1804;2192;1397;2713;2009;2741;2612,100.0,0.0,4409.1,0,7,846,12227,30,7.0,2565,14001,1,16,0,0,0,0,0.0,0,0,0,0,0,0.0,0.0,0.0,0,0,0,40.1,0.0,0.0,0.33,0.0,22.4,95.4,76.01911293376575,40.26868664134633,31.11205517161976,56.50855532559481,24.2227295962247,2399.0,38.89117474575125,0.14308110805524682,72.76844339004971,0.0,0.0,99.6,99.5,0.0,0.0,0.0,450.0,4409.1,0.0,0.0,54.637,1.086,55.724,23.117,1.479,54.245,emon,0.96,0.721,35.3,22.1,1.598
2026-09-29 23:05:10.535,5.7,0,100,2;28;3;2;0;0;0;0;0;0;0;0;100;6;6;8;0;2;0;0;2;0;0;0;0;2;0;0,1283,4799,4309;3961;3953;3853;1892;1531;1640;1284;1442;1319;1283;1307;4799;4797;3524;3515;1379;2031;1317;1426;2407;1486;1769;1349;2559;1883;2560;2522,100.0,0.0,4409.1,0,7,846,12227,30,7.0,2565,14001,1,16,0,0,0,0,0.0,0,0,0,0,0,0.0,0.0,0.0,0,0,0,40.1,0.0,0.0,0.33,0.0,22.4,95.4,77.91519842147827,42.454409217834474,31.097255134582518,58.14376564025879,23.42265453338623,2399.0,39.61405641369056,0.1590968637028709,75.04032721295953,0.0,0.0,99.6,99.5,0.0,0.0,0.0,450.0,4409.1,0.0,0.0,54.637,1.086,55.724,23.117,1.479,54.245,emon,0.96,0.721,35.3,22.1,1.598
2026-09-29 23:05:11.536,6.6,0,97,9;27;6;6;0;0;2;0;0;0;0;0;97;5;6;5;3;0;0;0;0;2;0;0;5;2;3;8,1306,4800,4394;4136;3570;3839;1619;1306;2001;1760;1540;2945;2513;1748;4793;4800;3842;3746;2307;2839;2715;2489;3107;1849;1513;2137;2638;2212;2739;2726,95.2,0.0,4409.1,0,7,846,12227,30,7.0,2565,14001,1,16,0,0,0,0,0.0,0,0,0,0,0,0.0,0.0,0.0,0,0,0,70.1,0.0,0.0,0.33,0.0,22.5,95.4,78.77909881227157,42.56105041503906,32.20787878597484,59.17817284079159,24.817629525547517,2399.0,41.385595729589966,0.15115877977736733,76.50101997206151,0.0,0.0,99.8,99.8,0.0,0.0,0.0,450.0,4409.1,0.0,0.0,54.637,1.086,55.724,23.117,1.479,54.245,emon,0.96,0.721,35.3,22.1,1.598
2026-09-29 23:05:12.536,7.8,0,100,5;33;11;19;0;0;0;0;0;1;2;0;100;0;12;12;0;1;0;0;0;0;2;0;5;3;5;6,1263,4826,3811;4074;4073;3930;1429;1950;1333;1415;2255;2042;1928;2529;4800;4826;3859;4080;1325;1299;1678;1364;1287;1942;1643;1263;2387;2335;2446;2292,0.2,0.0,4409.1,0,6,846,12227,30,7.0,2565,14001,1,16,0,0,0,0,0.0,0,0,0,0,0,0.0,0.0,0.0,0,0,0,82.1,0.0,0.0,0.33,0.0,22.5,95.4,95.46215438842773,0.0,0.0,0.0,1.384029746055603,1849.0,0.10007458925247192,0.805100291967392,50.10791424661875,0.0,0.0,4.0,3.9,0.0,0.0,0.1,450.0,4409.1,0.0,0.0,54.637,1.086,55.724,23.117,1.479,54.245,emon,0.96,0.721,35.3,22.1,1.598
2026-09-29 23:05:13.536,6.8,0,100,8;20;16;5;0;0;0;0;0;0;0;0;100;0;5;6;0;0;0;0;0;0;6;0;6;5;5;9,1381,4799,4399;4125;4309;3406;1723;1620;1521;1924;2537;2260;2392;1936;4799;4783;4137;4009;2396;1794;1381;2169;2130;1507;2799;1893;2450;2348;2505;2676,0.0,0.0,4409.1,0,8,847,12227,30,7.0,2565,14001,1,16,0,0,0,0,0.0,0,0,0,0,0,0.0,0.0,0.0,0,0,0,82.1,0.0,0.0,0.32,0.0,22.5,95.4,95.46215438842773,0.0,0.0,0.0,1.384029746055603,1849.0,0.10007458925247192,0.805100291967392,50.10791424661875,0.0,0.0,2.0,0.0,0.0,0.0,2.1,450.0,4409.1,0.0,0.0,54.637,1.086,55.724,23.117,1.479,54.245,emon,0.96,0.721,35.3,22.1,1.598
2026-09-29 23:05:14.537,6.5,0,100,6;33;6;5;0;0;3;0;0;3;0;0;100;4;8;11;0;0;0;0;0;0;0;0;0;0;0;2,1185,4799,4380;4243;3823;3426;1269;1270;2642;1257;1244;3251;1185;1332;4799;4799;3608;3723;3086;2253;1200;1272;1616;1896;2144;1521;2365;2140;2478;2292,0.0,0.0,4409.1,0,6,846,12227,30,7.0,2565,14001,1,16,0,0,0,0,0.0,0,0,0,0,0,0.0,0.0,0.0,0,0,0,82.1,0.0,0.0,0.32,0.0,22.5,95.4,95.46215438842773,0.0,0.0,0.0,1.384029746055603,1849.0,0.10007458925247192,0.805100291967392,50.10791424661875,0.0,0.0,3.0,0.0,0.0,0.0,3.7,450.0,4409.1,0.0,0.0,54.637,1.086,55.724,23.117,1.479,54.245,emon,0.96,0.721,35.3,22.1,1.598
2026-09-29 23:05:15.537,4.8,0,80,3;31;0;3;0;0;0;0;0;0;0;0;80;3;3;3;0;0;0;0;0;0;3;0;0;0;2;2,1092,4737,4288;4088;3015;2782;1413;1165;1593;1281;2219;1262;1338;1323;4737;4711;3109;2793;1335;2314;1291;1265;1180;1092;3152;1238;2094;2218;2553;2230,0.0,0.0,4409.1,2,9,847,12227,30,7.0,2565,14001,1,16,0,0,0,0,0.0,0,0,0,0,0,0.0,0.0,0.0,0,0,0,57.1,0.0,0.0,0.32,0.0,22.4,95.4,95.46215438842773,0.0,0.0,0.0,1.384029746055603,1849.0,0.10007458925247192,0.805100291967392,50.10791424661875,0.0,0.0,3.0,0.0,0.0,0.0,3.7,450.0,4409.1,0.0,0.0,54.637,1.086,55.724,23.117,1.479,54.245,emon,0.96,0.721,35.3,22.1,1.598
2026-09-29 23:05:16.537,3.0,0,34,0;26;8;2;0;0;0;0;2;0;1;0;34;2;0;2;0;2;0;0;0;0;0;0;3;2;0;2,1126,4409,3133;3239;3124;3673;1135;1206;1219;1202;1354;1644;1736;1126;4409;3535;2539;2972;1594;2198;1477;1893;1153;1202;1211;1208;2193;2137;1982;2196,0.0,0.0,4409.1,1,11,846,12227,30,7.0,2565,14001,1,16,0,0,0,0,0.0,0,0,0,0,0,0.0,0.0,0.0,0,0,0,39.1,0.0,0.0,0.32,0.0,22.4,95.4,95.46215438842773,0.0,0.0,0.0,1.384029746055603,1849.0,0.10007458925247192,0.805100291967392,50.10791424661875,0.0,0.0,2.0,0.0,0.0,0.0,2.6,450.0,4409.1,0.0,0.0,54.637,1.086,55.724,23.117,1.479,54.245,emon,0.96,0.721,35.3,22.1,1.598
2026-09-29 23:05:17.537,2.7,0,30,5;15;8;0;2;0;0;0;0;0;0;0;30;2;2;5;0;0;0;3;0;0;0;0;2;0;3;2,1167,4367,4144;3170;3480;2929;1286;1374;1693;1351;1229;1241;1246;1235;4367;3235;2884;3130;2175;2025;2270;1851;1203;1167;1173;1197;2485;2596;2492;2472,0.0,0.0,4409.1,2,10,846,12227,30,7.0,2565,14001,1,16,0,0,0,0,0.0,0,0,0,0,0,0.0,0.0,0.0,0,0,0,37.1,0.0,0.0,0.32,0.0,22.4,95.4,95.46215438842773,0.0,0.0,0.0,1.384029746055603,1849.0,0.10007458925247192,0.805100291967392,50.10791424661875,0.0,0.0,2.0,0.0,0.0,0.0,2.4,450.0,4409.1,0.0,0.0,1.268,1.013,2.281,20.126,1.288,0.993,emon,0.924,0.887,49.5,15.3,3.228
2026-09-29 23:05:18.538,3.1,0,39,5;16;6;6;2;0;2;0;0;0;0;0;39;2;2;0;0;0;0;0;2;2;0;0;0;3;2;0,1202,4389,4114;3505;2702;2881;1202;1302;1213;1226;1287;1218;2345;1219;4389;3810;3030;2513;1400;2162;1368;1880;1623;1667;1650;1319;2199;2057;2022;2114,0.0,0.0,4409.1,2,9,846,12227,30,7.0,2565,14001,1,16,0,0,0,0,0.0,0,0,0,0,0,0.0,0.0,0.0,0,0,0,37.1,0.0,0.0,0.32,0.0,22.4,95.4,95.46215438842773,0.0,0.0,0.0,1.384029746055603,1849.0,0.10007458925247192,0.805100291967392,50.10791424661875,0.0,0.0,2.0,0.0,0.0,0.0,2.5,450.0,4409.1,0.0,0.0,1.268,1.013,2.281,20.126,1.288,0.993,emon,0.924,0.887,49.5,15.3,3.228
2026-09-29 23:05:19.538,2.4,0,28,3;16;3;3;0;0;0;0;0;0;0;0;28;0;2;5;0;0;0;0;2;0;0;0;2;0;3;0,1132,4357,3785;3368;3611;2956;1179;1146;1214;1218;1306;1170;1132;1218;4357;3716;3279;3232;1139;1215;1211;1202;1718;1231;1213;1226;2548;2366;2412;2589,0.0,0.0,4409.1,0,7,846,12227,30,7.0,2565,14001,1,16,0,0,0,0,0.0,0,0,0,0,0,0.0,0.0,0.0,0,0,0,37.1,0.0,0.0,0.32,0.0,22.4,95.4,95.46215438842773,0.0,0.0,0.0,1.384029746055603,1849.0,0.10007458925247192,0.805100291967392,50.10791424661875,0.0,0.0,3.0,0.0,0.0,0.0,3.7,450.0,4409.1,0.0,0.0,1.268,1.013,2.281,20.126,1.288,0.993,emon,0.924,0.887,49.5,15.3,3.228
2026-09-29 23:05:20.538,5.3,0,50,8;18;6;8;0;0;0;2;2;0;2;0;50;3;17;8;0;0;0;0;0;0;2;0;6;9;3;6,1195,4587,4184;3579;3666;4122;1580;1300;1385;1911;1208;1195;1314;2900;4587;4488;3964;3800;2136;1798;1846;1332;1242;1609;2045;1307;2871;2771;2721;2903,9.5,0.0,4847.8,0,7,847,12227,30,7.0,2565,14001,1,16,0,0,0,0,0.0,0,0,0,0,0,0.0,0.0,0.0,0,0,0,40.1,0.0,0.0,0.32,0.0,23.0,95.4,95.46215438842773,0.0,0.0,0.0,1.384029746055603,1849.0,0.10007458925247192,0.805100291967392,50.10791424661875,0.0,0.0,4.9,0.0,0.0,0.0,3.0,450.0,4720.4,0.0,0.0,1.268,1.013,2.281,20.126,1.288,0.993,emon,0.924,0.887,49.5,15.3,3.228
2026-09-29 23:05:21.539,6.5,0,100,8;28;11;3;0;0;2;2;0;0;0;2;100;5;11;6;0;0;0;0;0;0;0;0;0;0;3;2,1202,4800,4364;3328;3837;3785;1675;1732;1720;1643;1235;1281;1707;2076;4800;4799;4118;3652;1299;1328;1302;1314;1682;1596;1260;1202;2156;2102;1939;2252,0.0,0.0,4631.7,0,7,846,12227,30,7.0,2565,14001,1,16,0,0,0,0,0.0,0,0,0,0,0,0.0,0.0,0.0,0,0,0,39.1,0.0,0.0,0.32,0.0,23.0,95.4,99.99999542236328,60.73977432250977,39.22422561645508,79.8230224609375,1.4995713621377944,2399.0,6.91938299536705,0.7749637562781573,100.0,0.0,0.0,95.6,94.3,0.0,0.0,0.0,450.0,4631.7,0.0,0.0,1.268,1.013,2.281,20.126,1.288,0.993,emon,0.924,0.887,49.5,15.3,3.228
2026-09-29 23:05:22.539,6.5,0,100,10;31;2;11;0;0;0;0;0;0;0;0;100;9;5;5;2;0;0;0;0;0;2;2;3;2;0;2,1221,4800,4436;3392;2925;3601;1318;1419;1232;1463;1221;1262;1274;1535;4799;4800;3555;3986;1223;1227;1340;2386;1230;1284;1247;1728;1983;2212;1988;2016,0.0,0.0,4631.7,0,7,847,12227,30,7.0,2565,14001,1,16,0,0,0,0,0.0,0,0,0,0,0,0.0,0.0,0.0,0,0,0,39.1,0.0,0.0,0.32,0.0,23.0,95.4,99.9999984741211,61.063385009765625,38.905992889404295,79.81262130737305,1.4552814334630966,2399.0,6.785628855228424,0.7416234686970711,100.00000305175782,0.0,0.0,100.0,100.0,0.0,0.0,0.0,450.0,4631.7,0.0,0.0,1.268,1.013,2.281,20.126,1.288,0.993,emon,0.924,0.887,49.5,15.3,3.228
2026-09-29 23:05:23.540,6.4,0,100,11;24;8;6;0;0;0;0;0;0;0;0;100;8;10;3;0;2;0;0;0;2;0;0;2;2;3;0,1195,4800,4501;3328;4008;4019;1242;1461;2612;1872;1204;1198;1195;1411;4799;4800;4001;3513;1563;3299;1659;1707;1247;1494;3117;1242;2117;2091;2001;2331,0.0,0.0,4631.7,0,12,847,12227,30,7.0,2565,14001,1,16,0,0,0,0,0.0,0,0,0,0,0,0.0,0.0,0.0,0,0,0,38.1,0.0,0.0,0.32,0.0,22.9,95.4,100.0,61.29445944892036,38.667899661593964,79.78973303900824,1.6389300326506298,2399.0,7.537160787317488,0.8206562743418746,100.00000508626302,0.0,0.0,100.0,100.0,0.0,0.0,0.0,450.0,4631.7,0.0,0.0,1.268,1.013,2.281,20.126,1.288,0.993,emon,0.924,0.887,49.5,15.3,3.228
2026-09-29 23:05:24.540,6.1,0,100,5;33;3;3;0;0;0;0;0;0;0;0;100;6;8;8;0;0;2;0;0;0;2;0;0;0;2;0,1229,4799,4309;3625;3707;3818;1300;1382;1359;1229;1267;1377;1649;1290;4799;4799;3847;3965;1585;1943;3449;1456;1352;1312;2756;1248;2006;2028;1869;2030,0.0,0.0,4631.7,0,8,847,12227,30,7.0,2565,14001,1,16,0,0,0,0,0.0,0,0,0,0,0,0.0,0.0,0.0,0,0,0,38.1,0.0,0.0,0.32,0.0,22.9,95.4,100.0,61.286001205444336,38.685098266601564,79.8433448791504,1.4147571712732314,2399.0,6.773547285795212,0.7238297268748284,100.0,0.0,0.0,100.0,100.0,0.0,0.0,0.0,450.0,4631.7,0.0,0.0,1.268,1.013,2.281,20.126,1.288,0.993,emon,0.924,0.887,49.5,15.3,3.228
2026-09-29 23:05:25.541,6.1,0,100,5;26;2;9;0;0;0;0;0;0;0;0;100;8;5;8;0;0;0;0;0;0;0;2;2;0;3;3,1220,4799,4304;3279;2890;3497;1532;1307;1308;1279;1666;1428;1610;1272;4799;4797;3603;4045;1344;2112;1220;1264;1443;1350;1433;2794;2385;2074;2334;2275,0.0,0.0,4631.7,0,7,846,12227,30,7.0,2565,14001,1,16,0,0,0,0,0.0,0,0,0,0,0,0.0,0.0,0.0,0,0,0,38.1,0.0,0.0,0.32,0.0,22.9,95.4,100.0,60.577833811442055,39.38973490397135,79.82797156439887,1.531410672598415,2399.0,7.323496023813884,0.7919573150575161,100.0,0.0,0.0,100.0,100.0,0.0,0.0,0.0,450.0,4631.7,0.0,0.0,1.268,1.013,2.281,20.126,1.288,0.993,emon,0.924,0.887,49.5,15.3,3.228
2026-09-29 23:05:26.541,6.0,0,100,3;20;14;6;0;0;0;0;0;0;0;0;100;11;3;6;0;0;2;0;0;0;0;0;0;2;0;0,1225,4800,4354;3177;4120;3792;1432;1836;1364;2002;1261;1288;1859;1291;4797;4800;3906;3670;1445;1274;1547;1394;1363;1267;1225;1247;2088;2233;1927;2291,0.0,0.0,4631.7,0,7,846,12227,30,7.0,2565,14001,1,16,0,0,0,0,0.0,0,0,0,0,0,0.0,0.0,0.0,0,0,0,38.1,0.0,0.0,0.32,0.0,22.7,95.4,100.0,61.18140182495117,38.78627662658691,79.80877304077148,1.4670434087514876,2399.0,6.696883296966552,0.7345434740185738,100.0,0.0,0.0,100.0,100.0,0.0,0.0,0.0,450.0,4631.7,0.0,0.0,1.268,1.013,2.281,20.126,1.288,0.993,emon,0.924,0.887,49.5,15.3,3.228
2026-09-29 23:05:27.541,7.3,0,100,14;22;10;13;0;0;2;0;0;0;0;0;100;6;11;5;0;0;0;0;0;0;0;0;8;6;5;5,1292,4800,4487;3256;3714;4116;1477;1297;1849;2301;1539;1293;1400;1407;4799;4800;3742;3535;1315;1345;1634;1319;1346;1382;1622;1292;2318;2613;2191;2464,0.0,0.0,4631.7,0,7,847,12227,30,7.0,2565,14001,1,16,0,0,0,0,0.0,0,0,0,0,0,0.0,0.0,0.0,0,0,0,38.1,0.0,0.0,0.32,0.0,22.7,95.4,99.99999618530273,59.29165382385254,40.67704277038574,79.8334747314453,1.8164517149329185,2399.0,8.61808625459671,0.9250584512948989,99.99999618530273,0.0,0.0,100.0,100.0,0.0,0.0,0.0,450.0,4631.7,0.0,0.0,1.268,1.013,2.281,20.126,1.288,0.993,emon,0.924,0.887,49.5,15.3,3.228
2026-09-29 23:05:28.542,6.8,0,100,14;21;9;2;0;0;3;2;0;0;0;0;100;9;8;8;0;0;0;0;2;0;0;0;5;4;5;2,1341,4798,4435;3413;4428;3208;1475;1341;2454;1456;1743;1659;1477;1616;4798;4798;3410;3804;1491;1623;1860;1361;2704;1359;2010;1452;2126;2327;2118;2202,0.0,0.0,4631.7,0,7,847,12227,30,7.0,2565,14001,1,16,0,0,0,0,0.0,0,0,0,0,0,0.0,0.0,0.0,0,0,0,39.1,0.0,0.0,0.32,0.0,22.7,95.4,86.918840272086,49.51482663835798,34.838203702654155,67.24353408813477,8.764105148613453,2399.0,15.73982644087768,0.5532259233129609,85.72482336206096,0.0,0.0,99.8,99.7,0.0,0.0,0.0,450.0,4631.8,0.0,0.0,9.599,1.713,11.312,21.224,1.358,9.954,emon,0.894,0.844,46.8,15.5,3.025
2026-09-29 23:05:29.543,5.7,0,97,6;25;5;9;0;0;0;0;0;0;2;0;97;3;5;3;0;0;2;0;2;0;0;0;0;0;3;0,1218,4788,4413;3243;4172;4207;1218;1234;1351;1612;1656;3258;3413;1652;4788;4779;3983;3425;1257;2169;2098;1258;2388;1394;1403;1328;2308;2226;2490;2316,95.6,0.0,4631.8,0,7,848,12227,30,7.0,2565,14001,1,16,0,0,0,0,0.0,0,0,0,0,0,0.0,0.0,0.0,0,0,0,39.1,0.0,0.0,0.33,0.0,22.7,95.4,80.67262119717068,42.980388429429794,33.00325690375434,60.186873541937935,25.932112058003742,2399.0,40.87422782264184,0.16666949726641178,77.81441374537017,0.0,0.0,99.7,99.7,0.0,0.0,0.0,450.0,4631.8,0.0,0.0,9.599,1.713,11.312,21.224,1.358,9.954,emon,0.894,0.844,46.8,15.5,3.025
2026-09-29 23:05:30.543,6.6,0,100,8;31;3;6;0;0;0;0;0;0;0;0;100;6;18;6;0;0;0;0;0;0;0;0;3;0;3;0,1226,4798,4544;3556;2604;3637;1226;2073;1298;1413;1287;1871;1783;2775;4798;4796;4422;3331;1392;1545;1970;1253;1382;2427;1770;1378;2239;2225;2141;2210,95.4,0.0,4631.8,0,7,848,12227,30,7.0,2565,14001,1,16,0,0,0,0,0.0,0,0,0,0,0,0.0,0.0,0.0,0,0,0,40.1,0.0,0.0,0.33,0.0,22.7,95.4,85.63194751739502,45.89991068840027,33.436662673950195,62.777377128601074,25.20596081018448,2399.0,41.87765028560534,0.1901621262950357,81.3116876152344,0.0,0.0,99.9,99.9,0.0,0.0,0.0,450.0,4631.8,0.0,0.0,9.599,1.713,11.312,21.224,1.358,9.954,emon,0.894,0.844,46.8,15.5,3.025
2026-09-29 23:05:31.543,6.3,0,98,9;23;8;5;0;0;0;0;0;0;0;0;98;3;6;12;0;2;0;0;0;0;0;0;2;3;5;2,1207,4792,4362;3208;3900;3654;1621;1287;1607;1268;1207;1211;1210;1218;4789;4792;3897;4264;1345;1656;1626;1275;1426;1232;1544;1357;2349;2561;2601;2430,79.8,0.0,4631.8,0,10,847,12227,30,7.0,2565,14001,1,16,0,0,0,0,0.0,0,0,0,0,0,0.0,0.0,0.0,0,0,0,39.1,0.0,0.0,0.33,0.0,22.7,95.4,79.72066553433736,43.66503397623698,32.668014738294815,60.45438936021593,25.340558687845867,2399.0,41.348526301392766,0.1688700995226908,77.8005906643553,0.0,0.0,99.7,99.7,0.0,0.0,0.0,450.0,4631.8,0.0,0.0,9.599,1.713,11.312,21.224,1.358,9.954,emon,0.894,0.844,46.8,15.5,3.025
2026-09-29 23:05:32.544,7.2,0,100,5;22;8;8;0;0;3;0;0;0;0;0;100;14;12;6;2;0;2;0;0;0;0;0;8;5;5;5,1230,4795,4208;3583;3610;3775;1230;1459;1286;1557;1249;1905;1504;1298;4793;4795;4078;3845;1391;1397;1836;1297;2383;1266;1919;1394;2113;2207;2172;2320,94.4,0.0,4631.8,0,7,847,12227,30,7.0,2565,14001,1,16,0,0,0,0,0.0,0,0,0,0,0,0.0,0.0,0.0,0,0,0,39.1,0.0,0.0,0.33,0.0,22.7,95.4,87.33331210272652,46.96839278084891,35.98358072553362,65.70058604649135,28.29079478127616,2399.0,45.18609248051819,0.17861763677293702,85.73364074315343,0.0,0.0,99.7,99.7,0.0,0.0,0.0,450.0,4631.8,0.0,0.0,9.599,1.713,11.312,21.224,1.358,9.954,emon,0.894,0.844,46.8,15.5,3.025
2026-09-29 23:05:33.544,6.5,0,97,6;18;9;12;0;0;0;0;3;0;0;0;97;9;11;5;0;0;0;0;0;2;0;0;2;2;3;3,1279,4795,3988;3263;4124;4265;1313;1353;1865;1279;2339;1908;1385;1531;4795;4787;3820;3873;1530;1447;1690;1350;1297;2854;1439;1375;2246;2416;2347;2196,100.0,0.0,4631.8,0,7,847,12227,30,7.0,2565,14001,1,16,0,0,0,0,0.0,0,0,0,0,0,0.0,0.0,0.0,0,0,0,39.1,0.0,0.0,0.33,0.0,22.7,95.4,80.34667550192938,43.755054261949326,32.54194662306044,60.41393491956923,25.113216506110298,2399.0,41.38164070667699,0.16968893214491093,77.80620409051578,0.0,0.0,99.8,99.7,0.0,0.0,0.0,450.0,4631.8,0.0,0.0,9.599,1.713,11.312,21.224,1.358,9.954,emon,0.894,0.844,46.8,15.5,3.025
2026-09-29 23:05:34.545,6.1,0,98,8;16;6;11;0;0;0;0;2;0;0;0;98;5;9;5;0;0;2;0;0;2;0;0;2;0;3;3,1236,4787,4395;3225;3688;4324;1267;1334;1485;1265;1236;1291;1262;1594;4787;4784;4092;3869;1486;1496;1811;1630;1254;1474;1481;1238;2064;2174;2117;2104,96.3,0.0,4631.8,1,10,847,12227,30,7.0,2565,14001,1,16,0,0,0,0,0.0,0,0,0,0,0,0.0,0.0,0.0,0,0,0,40.1,0.0,0.0,0.33,0.0,22.7,95.4,79.45347419537995,40.36296703940943,31.032515676398027,56.589184409693665,24.472971464458265,2399.0,39.54006246516579,0.15205019347271637,73.76918385530773,0.0,0.0,99.7,99.7,0.0,0.0,0.0,450.0,4631.8,0.0,0.0,9.599,1.713,11.312,21.224,1.358,9.954,emon,0.894,0.844,46.8,15.5,3.025
2026-09-29 23:05:35.545,6.4,0,98,12;19;9;8;2;0;0;0;0;0;3;0;98;5;6;11;0;0;0;0;0;0;0;0;0;3;2;2,1210,4799,4307;3478;4080;3870;1574;1277;2218;1236;1210;1602;1219;1216;4798;4799;3458;4049;1826;1848;1247;1219;1237;1242;1560;1242;2194;2357;2171;2474,100.0,0.0,4631.8,1,15,847,12227,30,7.0,2565,14001,1,16,0,0,0,0,0.0,0,0,0,0,0,0.0,0.0,0.0,0,0,0,40.1,0.0,0.0,0.33,0.0,22.7,95.4,84.62093251943588,45.67367172241211,33.995205879211426,63.04911994934082,26.298388361930847,2399.0,42.77944872592343,0.18000814958941191,81.29193463129923,0.0,0.0,99.7,99.6,0.0,0.0,0.0,450.0,4631.8,0.0,0.0,9.599,1.713,11.312,21.224,1.358,9.954,emon,0.894,0.844,46.8,15.5,3.025
2026-09-29 23:05:36.546,6.0,0,97,5;22;11;5;0;2;0;0;0;0;0;0;97;2;5;12;2;0;0;0;2;2;0;0;2;2;2;0,1218,4796,4409;3369;3732;3417;2319;2827;1260;1473;1315;1218;1488;3451;4788;4796;3246;4203;2043;1250;1769;1246;3535;3290;2535;2160;2106;2115;2278;1867,100.0,0.0,4631.8,1,6,847,12227,30,7.0,2565,14001,1,16,0,0,0,0,0.0,0,0,0,0,0,0.0,0.0,0.0,0,0,0,40.1,0.0,0.0,0.33,0.0,22.7,95.4,81.64847983254327,43.38014242384169,32.63401328192817,60.179156409369575,25.41494803958469,2399.0,41.129759513016324,0.1683835095932914,77.83154356934958,0.0,0.0,99.9,99.8,0.0,0.0,0.0,450.0,4631.8,0.0,0.0,9.599,1.713,11.312,21.224,1.358,9.954,emon,0.894,0.844,46.8,15.5,3.025
2026-09-29 23:05:37.546,5.3,0,98,9;14;6;8;0;0;0;0;0;0;0;0;98;5;3;5;0;0;0;0;0;0;0;0;0;0;0;2,1271,4793,4392;3396;4140;3870;1368;1375;1457;1318;1445;1284;2132;1367;4791;4793;3829;3793;1588;1271;1842;1374;2200;1522;1344;1598;2116;2108;2242;2353,95.1,0.0,4631.8,1,9,846,12227,30,7.0,2565,14001,1,16,0,0,0,0,0.0,0,0,0,0,0,0.0,0.0,0.0,0,0,0,39.1,0.0,0.0,0.33,0.0,22.7,95.4,76.13754443688826,38.98818605596369,30.680735674771395,55.21242991360751,24.513899022882637,2399.0,38.47019360889151,0.14531825644239274,72.77436224100265,0.0,0.0,99.4,99.4,0.0,0.0,0.0,450.0,4631.8,0.0,0.0,9.599,1.713,11.312,21.224,1.358,9.954,emon,0.894,0.844,46.8,15.5,3.025
2026-09-29 23:05:38.546,5.6,0,100,5;22;9;10;0;0;0;0;0;0;0;0;100;3;5;2;0;0;0;0;0;0;0;0;2;0;0;0,1166,4799,4275;3178;3994;4122;1206;1205;1219;1419;1574;1251;1207;1218;4798;4799;3781;3750;1646;1166;1210;1178;1276;1360;1759;1433;2114;2102;1962;2086,100.0,0.0,4463.5,1,8,846,12227,30,7.0,2565,14001,1,16,0,0,0,0,0.0,0,0,0,0,0,0.0,0.0,0.0,0,0,0,39.1,0.0,0.0,0.33,0.0,22.7,95.4,76.60415168242021,40.70109176635742,30.706751563332297,56.47157183560458,23.630887638438832,2399.0,38.36613354338756,0.15857246817639944,72.78035825220022,0.0,0.0,99.7,99.6,0.0,0.0,0.0,450.0,4463.1,0.0,0.0,54.978,1.025,56.003,22.744,1.456,54.547,emon,0.961,0.694,35.9,22.0,1.635
2026-09-29 23:05:39.546,6.6,0,100,12;28;9;5;0;0;0;0;0;0;2;0;100;8;16;3;0;0;0;0;0;0;0;0;2;0;0;2,1204,4799,4458;3394;4163;3336;1426;1208;1328;1275;1475;1216;1208;1214;4798;4799;4069;3174;1215;2454;1204;2067;1267;1473;2149;1204;2138;2069;2024;2411,97.1,0.0,4461.5,1,7,846,12227,30,7.0,2565,14001,1,16,0,0,0,0,0.0,0,0,0,0,0,0.0,0.0,0.0,0,0,0,39.1,0.0,0.0,0.33,0.0,22.7,95.4,79.73479851086934,43.529954274495445,32.717567655775284,60.325773027208115,25.238987816704643,2399.0,41.213334057745264,0.1677038709555442,77.80268320358462,0.0,0.0,99.6,99.6,0.0,0.0,0.0,450.0,4461.5,0.0,0.0,54.978,1.025,56.003,22.744,1.456,54.547,emon,0.961,0.694,35.9,22.0,1.635
2026-09-29 23:05:40.553,5.4,0,100,6;14;5;8;0;0;0;0;0;0;0;0;100;8;6;2;0;0;0;0;0;0;0;0;0;0;0;2,1256,4798,4349;3260;3900;3653;1759;1379;1375;1853;1260;1397;1586;1256;4798;4796;3965;3887;1447;1336;1605;1416;1630;1583;1484;1985;2178;2293;2219;2345,97.1,0.0,4461.5,1,7,846,12227,30,7.0,2565,14001,1,16,0,0,0,0,0.0,0,0,0,0,0,0.0,0.0,0.0,0,0,0,39.1,0.0,0.0,0.33,0.0,22.7,95.4,86.65605159906241,47.11263069739709,35.60464506882887,65.4466552734375,27.87171569237342,2399.0,44.6701399236828,0.1807749023159536,84.64024190404095,0.0,0.0,99.8,99.8,0.0,0.0,0.0,450.0,4461.5,0.0,0.0,54.978,1.025,56.003,22.744,1.456,54.547,emon,0.961,0.694,35.9,22.0,1.635
2026-09-29 23:05:41.554,5.5,0,100,12;13;2;5;0;0;0;0;0;0;0;0;100;3;2;6;0;0;0;0;0;0;0;0;5;2;3;3,1190,4797,4425;3276;3142;3739;1618;1299;1691;1243;1318;1208;2405;1217;4797;4794;3671;4174;1701;1829;1672;1462;1193;1192;1855;1190;2470;2392;2386;2348,77.3,0.0,4461.5,1,7,847,12227,30,7.0,2565,14001,1,16,0,0,0,0,0.0,0,0,0,0,0,0.0,0.0,0.0,0,0,0,40.1,0.0,0.0,0.33,0.0,22.7,95.4,87.37094654355731,48.014256613595144,36.1231803894043,66.57933589390346,28.041027205330984,2399.0,46.19886898069775,0.18101110304373183,85.73630636078971,0.0,0.0,99.8,99.8,0.0,0.0,0.0,450.0,4461.5,0.0,0.0,54.978,1.025,56.003,22.744,1.456,54.547,emon,0.961,0.694,35.9,22.0,1.635
2026-09-29 23:05:42.554,6.0,0,98,3;22;14;8;0;0;2;0;0;0;0;0;98;3;3;8;0;0;0;0;0;0;0;0;3;3;0;0,1223,4796,3923;3300;4307;4028;1683;1587;2014;1661;2190;1269;1781;1267;4796;4783;3760;4258;1259;1231;1223;1741;2061;1693;2936;2158;2131;2314;2102;2199,100.0,0.0,4461.5,1,9,847,12227,30,7.0,2565,14001,1,16,0,0,0,0,0.0,0,0,0,0,0,0.0,0.0,0.0,0,0,0,39.1,0.0,0.0,0.33,0.0,22.7,95.4,76.36873369867152,40.82458236000755,30.472064451737836,56.37279198386452,23.534310774369672,2399.0,37.916300494752996,0.16256145474141126,72.7729868360541,0.0,0.0,99.6,99.6,0.0,0.0,0.0,450.0,4461.5,0.0,0.0,54.978,1.025,56.003,22.744,1.456,54.547,emon,0.961,0.694,35.9,22.0,1.635
2026-09-29 23:05:43.555,6.0,0,100,5;18;6;8;0;0;0;0;0;3;0;0;100;5;14;3;2;0;0;0;0;0;0;0;0;2;2;3,1219,4799,4306;3192;3605;4078;1252;1303;2102;1904;1977;1873;1311;1595;4798;4799;4104;3795;1701;1431;1219;1794;1362;1344;1828;1543;2269;2300;2250;2539,64.0,0.0,4461.5,0,6,848,12227,30,7.0,2565,14001,1,16,0,0,0,0,0.0,0,0,0,0,0,0.0,0.0,0.0,0,0,0,39.1,0.0,0.0,0.33,0.0,22.7,95.4,92.12988404432933,51.15055624643961,38.31787554423014,70.78092956542969,29.86173963546753,2399.0,48.613622469536494,0.19450308962647492,91.67367521176736,0.0,0.0,99.9,99.9,0.0,0.0,0.0,450.0,4461.5,0.0,0.0,54.978,1.025,56.003,22.744,1.456,54.547,emon,0.961,0.694,35.9,22.0,1.635
2026-09-29 23:05:44.555,5.5,0,98,5;18;5;8;0;0;0;0;0;0;0;2;98;3;6;3;2;0;0;0;0;0;0;0;2;0;2;2,1096,4797,4512;3451;3989;4064;1721;2143;1336;1342;1570;1320;1468;2807;4797;4791;3777;3814;1633;1198;1246;1208;1248;1183;1220;1096;2343;2554;2320;2233,100.0,0.0,4461.5,1,7,847,12227,30,7.0,2565,14001,1,16,0,0,0,0,0.0,0,0,0,0,0,0.0,0.0,0.0,0,0,0,39.1,0.0,0.0,0.33,0.0,22.5,95.4,81.39215935601129,42.67327647738986,33.013258616129555,59.924483405219185,26.07602490319146,2399.0,41.605994601837466,0.15920039690617058,77.8224894768662,0.0,0.0,99.7,99.6,0.0,0.0,0.0,450.0,4461.5,0.0,0.0,54.978,1.025,56.003,22.744,1.456,54.547,emon,0.961,0.694,35.9,22.0,1.635
2026-09-29 23:05:45.555,8.1,0,100,6;28;16;8;0;0;0;0;0;0;0;0;100;11;6;23;2;0;0;0;2;0;2;2;8;6;5;3,1473,4793,4440;3641;4265;4061;1903;1887;2952;2042;1818;2125;1940;2484;4793;4792;4055;4483;2174;1473;1706;1978;1868;1785;1654;2238;2747;2758;2693;2799,80.5,0.0,4461.5,0,6,849,12227,30,7.0,2565,14001,1,16,0,0,0,0,0.0,0,0,0,0,0,0.0,0.0,0.0,0,0,0,46.1,0.0,0.0,0.33,0.0,22.5,95.4,79.84443447324965,39.990215765105354,30.977680736117893,56.016724480523,24.077220386928982,2399.0,37.646285373044925,0.1558362908868326,77.8062155097723,0.0,0.0,99.7,99.7,0.0,0.0,0.0,450.0,4461.5,0.0,0.0,54.978,1.025,56.003,22.744,1.456,54.547,emon,0.961,0.694,35.9,22.0,1.635
2026-09-29 23:05:46.556,7.8,0,98,11;36;9;16;2;0;0;4;0;0;0;0;98;5;9;8;4;1;0;0;0;3;2;0;2;3;5;2,1276,4795,4470;3591;4239;4477;2658;1276;1957;2053;1575;2236;1960;1575;4788;4795;3924;4264;2604;2487;2451;2040;1676;2626;1754;1780;2474;2501;2567;2353,95.8,0.0,4461.5,1,10,849,12227,30,7.0,2565,14001,1,16,0,0,0,0,0.0,0,0,0,0,0,0.0,0.0,0.0,0,0,0,42.1,0.0,0.0,0.33,0.0,22.5,95.4,79.11390319135454,40.338921401235794,30.958413547939724,56.261236137813995,23.95992120107015,2399.0,37.24940004486901,0.16238056324396488,77.79689055557053,0.0,0.0,99.7,99.7,0.0,0.0,0.0,450.0,4461.5,0.0,0.0,54.978,1.025,56.003,22.744,1.456,54.547,emon,0.961,0.694,35.9,22.0,1.635
2026-09-29 23:05:47.576,7.7,0,100,12;30;12;5;5;0;2;0;2;0;2;0;100;8;9;8;2;2;2;3;0;3;6;0;2;0;3;2,1331,4798,4472;3266;3847;3412;2046;1535;2649;1491;2048;1852;2376;1773;4798;4798;3921;3442;2276;2228;2623;2455;1331;2410;3119;1397;2290;2443;2488;2379,79.8,0.0,4461.5,1,8,847,12227,30,7.0,2565,14001,1,16,0,0,0,0,0.0,0,0,0,0,0,0.0,0.0,0.0,0,0,0,40.1,0.0,0.0,0.33,0.0,22.5,95.4,92.88327836990356,51.62653636932373,38.19986661275228,71.03556315104167,29.500282764434814,2399.0,48.48448129192305,0.19971719469564655,91.6848973184824,0.0,0.0,99.5,99.5,0.0,0.0,0.0,450.0,4461.5,0.0,0.0,54.978,1.025,56.003,22.744,1.456,54.547,emon,0.961,0.694,35.9,22.0,1.635
2026-09-29 23:05:48.577,6.5,0,98,9;21;16;5;0;0;0;0;0;0;0;0;98;5;11;6;2;0;0;0;2;2;2;0;0;0;2;3,1189,4801,4292;3473;4342;3790;2134;1756;1284;1221;1598;1974;1189;1250;4794;4801;4114;4159;1681;2686;1811;1612;1891;1473;1885;1630;2052;2136;2241;2112,64.7,0.0,4462.2,1,8,848,12227,30,7.0,2565,14001,1,16,0,0,0,0,0.0,0,0,0,0,0,0.0,0.0,0.0,0,0,0,42.1,0.0,0.0,0.33,0.0,20.0,95.4,84.29998940229416,45.708746671676636,33.79863142967224,62.866097927093506,26.032809734344482,2399.0,42.803665228842874,0.17724373782402836,81.28712054388598,0.0,0.0,99.8,99.8,0.0,0.0,0.0,450.0,4461.5,0.0,0.0,54.978,1.025,56.003,22.744,1.456,54.547,emon,0.961,0.694,35.9,22.0,1.635
2026-09-29 23:05:49.577,4.7,0,39,19;18;3;3;2;2;2;3;0;0;0;0;39;11;5;3;2;0;0;0;0;0;5;0;8;6;0;2,0,4616,4616;3805;0;3896;2874;2157;2584;2199;1816;1808;2165;1614;4508;4602;3331;4101;1540;2762;1486;1208;1780;1999;3185;2385;2476;2079;2079;2312,0.1,0.0,1178.8,0,7,847,12227,30,6.8,2565,14001,1,16,0,0,0,0,0.0,0,0,0,0,0,0.0,0.0,0.0,0,0,0,42.1,0.0,0.0,0.33,0.0,19.2,95.4,97.67674255371094,0.0,0.0,0.0,1.2987382411956787,1749.0,0.0674200882203877,0.7783738672733307,50.00491447746754,0.0,0.0,81.6,81.6,0.0,0.0,0.0,450.0,1199.1,0.0,0.0,54.684,1.171,55.855,27.517,1.761,54.094,emon,0.957,0.709,35.3,22.0,1.607
2026-09-29 23:05:50.577,10.3,0,98,19;20;28;52;3;2;2;2;0;3;3;2;98;28;9;8;0;0;1;1;2;3;0;2;0;0;0;2,1235,4796,4591;4123;4651;4755;3144;3371;2414;1722;2166;2786;2780;2925;4793;4796;4216;4075;1418;2255;1646;1235;2756;2426;2435;2042;1993;2056;1905;2178,0.0,0.0,1180.8,0,10,847,12227,30,6.8,2565,14001,1,16,0,0,0,0,0.0,0,0,0,0,0,0.0,0.0,0.0,0,0,0,57.1,0.0,0.0,0.33,0.0,19.9,95.4,97.67674255371094,0.0,0.0,0.0,1.2987382411956787,1749.0,0.0674200882203877,0.7783738672733307,50.00491447746754,0.0,0.0,1.1,0.0,0.0,0.0,1.0,450.0,1180.8,0.0,0.0,54.684,1.171,55.855,27.517,1.761,54.094,emon,0.957,0.709,35.3,22.0,1.607
2026-09-29 23:05:51.578,10.0,0,72,10;29;9;5;7;5;6;4;3;2;3;2;72;5;47;39;2;2;0;2;6;3;3;3;2;2;5;5,1548,4731,4526;4127;3910;3643;3123;3167;3226;3338;2069;1804;1694;1939;4731;4658;4727;4729;2152;1572;1548;2695;2982;2726;3319;3022;2367;2444;2521;2313,0.0,0.0,1432.1,0,7,848,12227,30,6.8,2565,14001,1,16,0,0,0,0,0.0,0,0,0,0,0,0.0,0.0,0.0,0,0,0,51.1,0.0,0.0,0.33,0.0,19.7,95.4,97.67674255371094,0.0,0.0,0.0,1.2987382411956787,1749.0,0.0674200882203877,0.7783738672733307,50.00491447746754,0.0,0.0,4.0,0.0,0.0,0.0,4.9,450.0,1431.8,0.0,0.0,54.684,1.171,55.855,27.517,1.761,54.094,emon,0.957,0.709,35.3,22.0,1.607
2026-09-29 23:05:52.578,6.7,0,100,2;9;5;9;3;5;2;0;0;0;0;0;100;6;22;5;11;2;2;0;0;0;0;0;2;3;2;2,1221,4799,3685;3836;3426;3959;2491;2639;1640;2076;2565;2924;1348;1876;4799;4799;4132;3754;1531;1738;2190;1656;1588;1221;1550;1394;2166;2203;2109;2116,0.0,0.0,2351.8,0,9,848,12227,30,6.8,2565,14001,1,16,0,0,0,0,0.0,0,0,0,0,0,0.0,0.0,0.0,0,0,0,49.1,0.0,0.0,0.33,0.0,21.2,95.4,97.67674255371094,0.0,0.0,0.0,1.2987382411956787,1749.0,0.0674200882203877,0.7783738672733307,50.00491447746754,0.0,0.0,2.1,0.0,0.0,0.0,3.0,450.0,1438.1,0.0,0.0,54.684,1.171,55.855,27.517,1.761,54.094,emon,0.957,0.709,35.3,22.0,1.607
2026-09-29 23:05:53.579,7.4,0,100,14;24;5;3;3;2;2;2;2;0;2;2;100;5;8;12;3;5;3;2;2;2;3;0;2;3;3;0,2156,4793,4506;3963;3747;3622;2981;2841;2912;2873;2977;2835;2601;2771;4793;4725;4116;4108;2156;2790;2787;2735;2785;2636;2741;2907;2235;2395;2437;2193,0.0,0.0,3998.6,0,9,847,12227,30,6.8,2565,14001,1,16,0,0,0,0,0.0,0,0,0,0,0,0.0,0.0,0.0,0,0,0,58.1,0.0,0.0,0.33,0.0,22.1,95.4,97.67674255371094,0.0,0.0,0.0,1.2987382411956787,1749.0,0.0674200882203877,0.7783738672733307,50.00491447746754,0.0,0.0,0.0,0.0,0.0,0.0,0.0,450.0,3168.0,0.0,0.0,54.684,1.171,55.855,27.517,1.761,54.094,emon,0.957,0.709,35.3,22.0,1.607
2026-09-29 23:05:54.579,34.8,3,75,28;34;30;38;51;44;51;47;43;42;35;46;75;30;33;30;41;51;40;41;40;28;28;30;5;5;8;3,2730,4756,4514;4373;4438;4465;3784;3786;3771;3787;3789;3777;3782;3789;4740;4756;4431;4422;3666;3712;3710;3717;3671;3684;3666;3676;2814;2853;2835;2730,0.0,0.0,3998.8,1,16,847,12227,30,6.8,2565,14001,1,16,0,0,0,0,0.0,0,0,0,0,0,0.0,0.0,0.0,0,0,0,50.1,0.0,0.0,0.33,0.0,22.1,95.4,97.67674255371094,0.0,0.0,0.0,1.2987382411956787,1749.0,0.0674200882203877,0.7783738672733307,50.00491447746754,0.0,0.0,2.1,0.0,0.0,0.0,2.2,450.0,3998.8,0.0,0.0,54.684,1.171,55.855,27.517,1.761,54.094,emon,0.957,0.709,35.3,22.0,1.607
2026-09-29 23:05:55.580,2.5,0,33,8;13;0;2;1;2;2;2;0;2;0;0;33;2;0;5;0;0;0;0;0;0;0;0;0;0;0;2,1183,4340,4150;3083;2771;2970;1217;1211;1689;1183;2252;1644;2092;2309;4340;3780;3218;3495;1311;1306;1295;1282;1474;1941;1386;1425;2550;2357;2395;2430,0.1,0.0,4004.3,0,7,847,12227,30,6.8,2565,14001,1,16,0,0,0,0,0.0,0,0,0,0,0,0.0,0.0,0.0,0,0,0,38.1,0.0,0.0,0.32,0.0,22.1,95.4,97.82105255126953,0.0,0.0,0.0,0.6943572759628296,1199.0,0.03554904367774725,0.6772790104150772,50.14307230710983,0.0,0.0,2.3,0.1,0.0,0.0,2.9,450.0,4004.3,0.0,0.0,54.684,1.171,55.855,27.517,1.761,54.094,emon,0.957,0.709,35.3,22.0,1.607
2026-09-29 23:05:56.580,2.7,0,31,2;24;3;2;0;0;2;0;0;2;0;2;31;2;0;0;0;1;0;0;0;0;0;0;2;0;2;2,1197,4372,3582;3648;3172;2907;1415;1543;1396;1408;1318;1686;1232;1287;4372;3733;2277;2120;1197;1892;1392;1260;1706;1484;1398;1726;2669;2263;2348;2278,0.0,0.0,4004.3,0,7,847,12227,30,6.8,2565,14001,1,16,0,0,0,0,0.0,0,0,0,0,0,0.0,0.0,0.0,0,0,0,37.1,0.0,0.0,0.32,0.0,22.1,95.4,97.82105255126953,0.0,0.0,0.0,0.6943572759628296,1199.0,0.03554904367774725,0.6772790104150772,50.14307230710983,0.0,0.0,0.1,0.0,0.0,0.0,0.1,450.0,4004.3,0.0,0.0,54.684,1.171,55.855,27.517,1.761,54.094,emon,0.957,0.709,35.3,22.0,1.607
2026-09-29 23:05:57.583,2.6,0,30,3;16;8;0;0;0;0;2;0;0;0;0;30;3;5;0;0;0;0;0;0;0;0;0;2;2;2;3,1211,4411,4112;3612;3601;2818;2181;1454;1989;1590;1514;1975;1580;1269;4411;4043;3272;2345;1868;1259;1489;1211;1302;1350;1336;1593;2386;2248;2290;2514,0.0,0.0,4004.3,0,7,847,12227,30,6.8,2565,14001,1,16,0,0,0,0,0.0,0,0,0,0,0,0.0,0.0,0.0,0,0,0,36.1,0.0,0.0,0.32,0.0,22.1,95.4,97.82105255126953,0.0,0.0,0.0,0.6943572759628296,1199.0,0.03554904367774725,0.6772790104150772,50.14307230710983,0.0,0.0,2.0,0.0,0.0,0.0,2.2,450.0,4004.3,0.0,0.0,54.684,1.171,55.855,27.517,1.761,54.094,emon,0.957,0.709,35.3,22.0,1.607
2026-09-29 23:05:58.584,3.6,0,37,8;15;3;5;0;0;0;0;0;0;0;0;37;2;5;6;0;0;0;0;0;0;0;0;5;6;8;2,1136,4391,3532;3447;3100;2828;2019;1378;1495;2130;1180;1198;1136;1145;4391;3702;3024;3709;2229;1831;1571;1871;1181;1162;1136;1484;2323;2234;2156;1986,0.0,0.0,4003.5,0,7,847,12227,30,6.8,2565,14001,1,16,0,0,0,0,0.0,0,0,0,0,0,0.0,0.0,0.0,0,0,0,36.1,0.0,0.0,0.32,0.0,22.1,95.4,97.82105255126953,0.0,0.0,0.0,0.6943572759628296,1199.0,0.03554904367774725,0.6772790104150772,50.14307230710983,0.0,0.0,3.0,0.0,0.0,0.0,3.7,450.0,4004.3,0.0,0.0,54.684,1.171,55.855,27.517,1.761,54.094,emon,0.957,0.709,35.3,22.0,1.607
2026-09-29 23:05:59.584,2.4,0,30,3;15;5;5;0;0;0;0;2;0;0;0;30;0;2;2;0;0;0;0;1;0;0;0;0;2;2;2,1217,4334,4171;3380;3436;3196;1605;2174;1820;1534;1761;1325;1270;1562;4334;4076;3394;3419;1315;1224;1217;1265;1667;1243;1274;1222;2368;2461;2285;2346,0.0,0.0,4001.2,0,7,847,12227,30,6.8,2565,14001,1,16,0,0,0,0,0.0,0,0,0,0,0,0.0,0.0,0.0,0,0,0,36.1,0.0,0.0,0.32,0.0,22.1,95.4,97.82105255126953,0.0,0.0,0.0,0.6943572759628296,1199.0,0.03554904367774725,0.6772790104150772,50.14307230710983,0.0,0.0,2.1,0.0,0.0,0.0,3.0,450.0,4001.5,0.0,0.0,1.331,1.034,2.365,22.977,1.471,0.894,emon,0.943,0.875,48.6,15.4,3.145
2026-09-29 23:06:00.584,6.7,0,45,8;33;8;14;2;0;0;0;0;0;0;0;45;41;6;8;0;0;0;0;0;2;2;0;6;8;5;3,1253,4778,4324;4097;4116;4130;2283;1792;2372;1509;1558;1253;1663;1360;4562;4778;3853;3967;1337;1317;1967;1586;1431;1773;1890;1689;2845;2790;2470;2571,86.8,0.0,4014.1,1,8,847,12227,30,6.8,2565,14001,1,16,0,0,0,0,0.0,0,0,0,0,0,0.0,0.0,0.0,0,0,0,39.1,0.0,0.0,0.32,0.0,22.1,95.4,72.12867678128757,32.03582543593187,34.471108803382286,52.68384229219877,29.69918617835412,2399.0,41.416978122635136,0.055762418071166255,69.26800557770409,0.0,0.0,24.0,21.7,0.0,0.0,2.6,450.0,4014.1,0.0,0.0,1.331,1.034,2.365,22.977,1.471,0.894,emon,0.943,0.875,48.6,15.4,3.145
2026-09-29 23:06:01.585,6.2,0,56,3;26;3;6;2;2;0;2;0;0;0;0;56;34;11;10;0;0;2;0;0;0;0;0;5;5;3;3,1194,4767,4417;3869;3262;3720;2547;2848;2168;3071;1296;1269;1550;1227;4591;4767;4282;4313;1222;1194;2170;1252;1306;1276;1873;1257;2368;2291;2248;2338,85.7,0.0,4014.1,0,17,847,12227,30,6.8,2565,14001,1,16,0,0,0,0,0.0,0,0,0,0,0,0.0,0.0,0.0,0,0,0,39.1,0.0,0.0,0.33,0.0,22.1,95.4,77.3082504272461,35.42252864837646,37.706802940368654,57.90461692810059,31.721409797668457,2399.0,45.76484936909401,0.062287204281892626,75.02790201976896,0.0,0.0,99.3,99.3,0.0,0.0,0.0,450.0,4014.1,0.0,0.0,1.331,1.034,2.365,22.977,1.471,0.894,emon,0.943,0.875,48.6,15.4,3.145
2026-09-29 23:06:02.585,5.5,0,50,6;22;5;6;0;0;3;2;0;0;0;0;50;42;6;7;0;0;0;0;0;0;0;0;0;3;2;0,1189,4784,4213;4007;4010;4078;2716;2693;2148;2934;1348;1621;1561;1583;4613;4784;3730;4040;1709;1208;1481;1238;1211;1362;1189;1208;2230;2413;2400;2254,98.2,0.0,4030.1,0,7,847,12227,30,6.8,2565,14001,1,16,0,0,0,0,0.0,0,0,0,0,0,0.0,0.0,0.0,0,0,0,39.1,0.0,0.0,0.33,0.0,22.1,95.4,79.02500993013382,32.63392949104309,35.65024503072103,54.072156270345054,30.784154574076336,2399.0,41.987276199894644,0.0885478759300895,70.90719624243987,1.2128034178167582,0.0,99.5,99.4,0.0,0.0,0.0,450.0,4014.1,0.0,0.0,1.331,1.034,2.365,22.977,1.471,0.894,emon,0.943,0.875,48.6,15.4,3.145
2026-09-29 23:06:03.585,6.1,0,48,8;26;16;9;2;0;0;2;0;0;0;0;48;36;6;5;0;0;0;1;0;0;0;0;5;6;0;2,1087,4751,4056;3854;4193;4115;1866;2634;2160;2105;1283;1301;1210;1236;4576;4751;3867;4047;1256;1191;1087;3201;1885;2125;1511;1299;2608;2470;2378;2453,99.1,0.0,4030.1,3,12,847,12227,30,6.8,2565,14001,1,16,0,0,0,0,0.0,0,0,0,0,0,0.0,0.0,0.0,0,0,0,39.1,0.0,0.0,0.33,0.0,22.1,95.4,87.50957555037279,40.24973619901217,42.122474670410156,65.22207348163312,35.91428609994742,2399.0,51.7818922493965,0.06660855747759342,84.64826144392674,0.0,0.0,99.5,99.1,0.0,0.0,0.0,450.0,4030.1,0.0,0.0,1.331,1.034,2.365,22.977,1.471,0.894,emon,0.943,0.875,48.6,15.4,3.145
2026-09-29 23:06:04.600,2.7,0,34,3;14;2;3;0;0;0;0;0;0;0;0;34;11;0;2;0;0;0;0;0;0;0;0;2;3;2;2,1073,4609,3719;3340;2678;3142;1227;1498;1362;1213;1191;1073;1130;1189;4305;4609;3273;3395;1411;1358;1618;1244;2299;1384;1302;1453;2340;2153;1928;1935,99.1,0.0,4030.1,3,10,847,12227,30,6.8,2565,14001,1,16,0,0,0,0,0.0,0,0,0,0,0,0.0,0.0,0.0,0,0,0,37.1,0.0,0.0,0.33,0.0,22.2,95.4,73.75623350143432,32.98041534423828,33.77043342590332,52.89966354370117,28.479470140114426,2399.0,42.34343397318444,0.06227850117720664,70.04962809383869,0.0,0.0,87.3,87.3,0.0,0.0,0.0,450.0,4030.1,0.0,0.0,1.331,1.034,2.365,22.977,1.471,0.894,emon,0.943,0.875,48.6,15.4,3.145
2026-09-29 23:06:05.600,2.6,0,25,2;14;6;2;0;2;0;0;0;0;0;0;25;2;5;6;0;0;0;0;0;0;0;0;5;2;3;0,1156,4151,3611;3253;3390;2754;1171;2298;1762;1625;1218;1218;1219;1218;4151;3331;2761;3514;1276;1368;1298;1268;1156;1208;1538;1207;2646;2485;2349;2475,0.1,0.0,4030.1,1,10,848,12227,30,6.8,2565,14001,1,16,0,0,0,0,0.0,0,0,0,0,0,0.0,0.0,0.0,0,0,0,36.1,0.0,0.0,0.32,0.0,22.1,95.4,93.59467697143555,0.0,0.0,0.0,1.1110354661941528,1749.0,0.06612034793943167,0.6957370489835739,50.15931997820735,0.0,0.0,0.1,0.0,0.0,0.0,0.1,450.0,4030.1,0.0,0.0,1.331,1.034,2.365,22.977,1.471,0.894,emon,0.943,0.875,48.6,15.4,3.145
2026-09-29 23:06:06.600,3.1,0,38,5;15;5;3;0;0;0;0;0;0;0;0;38;2;2;3;0;0;0;0;0;0;2;0;6;3;2;2,1085,4421,4309;3349;3233;2577;1488;1409;2647;1567;1085;1252;1164;1530;4421;3714;2451;2311;1224;1285;1362;1218;1405;1366;2203;1270;2615;2259;2203;2229,0.0,0.0,4030.1,2,12,846,12227,30,6.8,2565,14001,1,16,0,0,0,0,0.0,0,0,0,0,0,0.0,0.0,0.0,0,0,0,36.1,0.0,0.0,0.32,0.0,22.1,95.4,93.59467697143555,0.0,0.0,0.0,1.1110354661941528,1749.0,0.06612034793943167,0.6957370489835739,50.15931997820735,0.0,0.0,2.0,0.0,0.0,0.0,2.2,450.0,4030.1,0.0,0.0,1.331,1.034,2.365,22.977,1.471,0.894,emon,0.943,0.875,48.6,15.4,3.145
2026-09-29 23:06:07.600,2.5,0,31,5;22;0;2;0;0;2;0;0;0;0;0;31;0;2;2;0;0;0;0;0;0;0;0;2;0;0;5,1233,4388,3908;3408;3329;2649;1514;1494;1605;1946;1732;1286;1372;1414;4388;3779;2760;2868;1238;1359;1283;1291;1319;1237;1241;1233;2407;2384;2190;2451,0.0,0.0,4030.1,3,10,846,12227,30,6.8,2565,14001,1,16,0,0,0,0,0.0,0,0,0,0,0,0.0,0.0,0.0,0,0,0,36.1,0.0,0.0,0.32,0.0,22.1,95.4,93.59467697143555,0.0,0.0,0.0,1.1110354661941528,1749.0,0.06612034793943167,0.6957370489835739,50.15931997820735,0.0,0.0,2.1,0.0,0.0,0.0,2.6,450.0,4030.1,0.0,0.0,1.331,1.034,2.365,22.977,1.471,0.894,emon,0.943,0.875,48.6,15.4,3.145
2026-09-29 23:06:08.601,2.3,0,38,5;6;3;5;0;0;0;0;0;0;0;0;38;5;3;0;0;0;0;0;0;0;0;0;2;0;0;0,1159,4406,4213;3299;3298;3438;1378;1672;1700;1399;1224;1236;1207;1226;4406;3870;3323;3002;1386;1181;1225;1162;1189;1159;1175;1200;2288;2187;2151;2069,0.0,0.0,4030.1,4,11,846,12227,30,6.8,2565,14001,1,16,0,0,0,0,0.0,0,0,0,0,0,0.0,0.0,0.0,0,0,0,36.1,0.0,0.0,0.32,0.0,22.1,95.4,93.59467697143555,0.0,0.0,0.0,1.1110354661941528,1749.0,0.06612034793943167,0.6957370489835739,50.15931997820735,0.0,0.0,2.0,0.0,0.0,0.0,2.5,450.0,4030.1,0.0,0.0,1.331,1.034,2.365,22.977,1.471,0.894,emon,0.943,0.875,48.6,15.4,3.145
2026-09-29 23:06:09.601,6.7,0,91,11;24;6;5;2;0;3;0;0;0;0;0;91;6;17;17;0;0;2;0;0;0;0;0;0;0;2;5,1215,4764,4130;3953;4099;3469;1830;2367;2938;1445;1217;1215;1219;1240;4764;4755;4546;4404;1255;2280;3049;1304;2137;1892;1708;1253;2129;2354;2034;2258,0.0,0.0,4030.1,2,9,846,12227,30,6.8,2565,14001,1,16,0,0,0,0,0.0,0,0,0,0,0,0.0,0.0,0.0,0,0,0,41.1,0.0,0.0,0.32,0.0,23.5,95.4,80.38630886077881,22.55295639038086,29.960833740234374,40.16385269165039,6.507335053384304,2399.0,8.538339166546939,2.2441480878740547,80.00027912424412,0.0,0.0,10.7,6.7,0.0,0.0,3.0,450.0,4673.5,0.0,0.0,1.331,1.034,2.365,22.977,1.471,0.894,emon,0.943,0.875,48.6,15.4,3.145
2026-09-29 23:06:10.601,5.7,0,98,9;22;5;6;0;0;0;2;0;2;0;0;98;6;2;6;2;0;0;0;0;0;0;0;0;0;0;2,1241,4794,4497;3334;3855;3688;1585;1876;1477;1279;1904;1241;1692;1329;4794;4794;3953;3823;2138;2060;1770;1394;1283;1610;1381;1820;2007;1947;1984;2034,0.0,0.0,5440.7,0,7,848,12227,30,6.8,2565,14001,1,16,0,0,0,0,0.0,0,0,0,0,0,0.0,0.0,0.0,0,0,0,38.1,0.0,0.0,0.32,0.0,23.5,95.4,100.0,45.36281890869141,54.59429168701172,79.27530822753906,11.620975303649903,2399.0,24.447607231140136,2.848868542909622,100.0,0.0,0.0,100.0,100.0,0.0,0.0,0.0,450.0,5439.5,0.0,0.0,1.301,0.953,2.254,21.457,1.373,0.881,emon,0.939,0.89,49.6,15.5,3.188
2026-09-29 23:06:11.602,6.0,0,100,0;20;14;5;0;0;0;0;0;0;0;0;100;5;6;6;0;2;0;0;0;0;0;0;2;6;2;2,1202,4798,4055;3347;4178;3348;1329;1210;1925;1220;1250;1690;1353;1278;4798;4792;3394;4319;1246;1418;1237;1243;1202;1211;1625;1226;2216;2434;2306;2149,0.0,0.0,5439.5,0,7,849,12227,30,6.8,2565,14001,1,16,0,0,0,0,0.0,0,0,0,0,0,0.0,0.0,0.0,0,0,0,38.1,0.0,0.0,0.33,0.0,23.5,95.4,99.99999660915799,45.232628716362846,54.697394900851776,79.39817810058594,11.330771181318495,2399.0,26.624632835388184,2.8880865706337824,99.99999660915799,0.0,0.0,100.0,100.0,0.0,0.0,0.0,450.0,5439.5,0.0,0.0,1.301,0.953,2.254,21.457,1.373,0.881,emon,0.939,0.89,49.6,15.5,3.188
2026-09-29 23:06:12.602,5.7,0,100,9;15;12;5;2;0;0;0;0;0;0;0;100;3;3;3;0;0;0;0;0;0;0;0;0;3;2;2,1213,4799,4455;3342;3307;3908;1540;1276;1246;1294;1233;1213;1907;1219;4799;4799;3557;3713;1422;2565;1459;1353;1452;2806;1542;1353;2302;2314;2377;2310,0.0,0.0,5439.5,0,10,848,12227,30,6.8,2565,14001,1,16,0,0,0,0,0.0,0,0,0,0,0,0.0,0.0,0.0,0,0,0,38.1,0.0,0.0,0.33,0.0,23.5,95.4,100.0,45.168876266479494,54.776356887817386,79.24055404663086,11.617844295501708,2399.0,24.97222375869751,3.058568513393402,100.0,0.0,0.0,100.0,100.0,0.0,0.0,0.0,450.0,5439.5,0.0,0.0,1.301,0.953,2.254,21.457,1.373,0.881,emon,0.939,0.89,49.6,15.5,3.188
2026-09-29 23:06:13.603,6.6,0,100,3;18;6;6;0;2;0;0;0;0;0;0;100;9;11;8;0;0;0;2;0;0;2;0;6;2;3;8,1219,4800,4321;3282;3910;2869;1244;1263;2444;1280;1243;1219;1567;1239;4800;4800;3929;3579;1325;1283;2167;3241;1258;1239;2797;1379;2440;2187;2209;2491,0.0,0.0,5439.5,0,10,848,12227,30,6.8,2565,14001,1,16,0,0,0,0,0.0,0,0,0,0,0,0.0,0.0,0.0,0,0,0,38.1,0.0,0.0,0.33,0.0,23.5,95.4,99.99999771118163,45.22001152038574,54.69513473510742,79.26261367797852,11.70834813117981,2399.0,25.05458860397339,2.911482298374176,100.00000228881837,0.0,0.0,100.0,100.0,0.0,0.0,0.0,450.0,5439.5,0.0,0.0,1.301,0.953,2.254,21.457,1.373,0.881,emon,0.939,0.89,49.6,15.5,3.188
2026-09-29 23:06:14.603,6.4,0,100,8;25;6;12;0;0;0;0;0;0;0;0;100;3;5;5;0;0;0;0;0;2;3;2;2;2;4;3,1222,4798,4229;3433;3831;3874;1436;1388;1903;1667;1853;1222;1327;1269;4798;4797;3769;3686;1862;1296;1573;1256;1426;1443;1511;2753;2336;2416;2339;1941,0.0,0.0,5439.5,0,7,848,12227,30,6.8,2565,14001,1,16,0,0,0,0,0.0,0,0,0,0,0,0.0,0.0,0.0,0,0,0,38.1,0.0,0.0,0.33,0.0,23.5,95.4,99.99999694824218,45.080165481567384,54.88916511535645,79.40305023193359,11.077461051940919,2399.0,27.731439876556397,3.0691707521677016,100.0000015258789,0.0,0.0,100.0,100.0,0.0,0.0,0.0,450.0,5439.5,0.0,0.0,1.301,0.953,2.254,21.457,1.373,0.881,emon,0.939,0.89,49.6,15.5,3.188
2026-09-29 23:06:15.604,6.0,0,100,9;25;8;8;0;0;0;0;0;0;0;0;100;3;5;3;0;0;0;0;0;0;2;2;2;2;0;2,1208,4799,4548;3604;4042;3715;1460;1251;1623;1263;1234;1209;1497;1826;4798;4799;3461;3460;1213;1425;1468;1271;1982;1208;1644;1250;2108;2167;2316;2430,0.0,0.0,5439.5,0,9,848,12227,30,6.8,2565,14001,1,16,0,0,0,0,0.0,0,0,0,0,0,0.0,0.0,0.0,0,0,0,37.1,0.0,0.0,0.33,0.0,23.5,95.4,100.0000015258789,45.525730514526366,54.44280662536621,79.41418151855468,11.85468487739563,2399.0,24.073950576782227,2.7031791388988493,100.0000015258789,0.0,0.0,100.0,100.0,0.0,0.0,0.0,450.0,5439.5,0.0,0.0,1.301,0.953,2.254,21.457,1.373,0.881,emon,0.939,0.89,49.6,15.5,3.188
2026-09-29 23:06:16.608,5.9,0,100,6;26;8;5;0;0;0;0;2;0;0;0;100;6;2;8;0;0;0;0;0;0;0;0;2;0;2;0,1229,4799,4504;3294;3856;3782;1838;1229;1543;1289;1813;2621;2032;1699;4799;4796;3646;3845;1315;1304;3201;1369;1406;2153;1687;1481;2354;2485;2255;1955,0.0,0.0,5439.5,3,12,848,12227,30,6.8,2565,14001,1,16,0,0,0,0,0.0,0,0,0,0,0,0.0,0.0,0.0,0,0,0,37.1,0.0,0.0,0.33,0.0,23.5,95.4,99.99999389648437,44.860381317138675,55.06294746398926,79.25309982299805,11.55623369216919,2399.0,25.374817085266113,3.024612268805504,100.00000076293945,0.0,0.0,100.0,100.0,0.0,0.0,0.0,450.0,5439.5,0.0,0.0,1.301,0.953,2.254,21.457,1.373,0.881,emon,0.939,0.89,49.6,15.5,3.188
2026-09-29 23:06:17.608,6.5,0,100,15;25;8;3;2;0;0;0;2;0;3;0;100;6;4;6;0;0;0;0;0;0;0;0;3;2;2;3,1145,4799,4586;3338;3919;2933;1182;1321;2031;1714;2076;1246;1713;2107;4799;4798;3640;3600;1257;1256;1258;1145;1617;1249;1640;1220;2403;2476;2249;2216,0.0,0.0,5439.5,2,8,848,12227,30,6.8,2565,14001,1,16,0,0,0,0,0.0,0,0,0,0,0,0.0,0.0,0.0,0,0,0,37.1,0.0,0.0,0.33,0.0,23.5,95.4,100.00000381469727,45.241157150268556,54.694723510742186,79.44439163208008,11.390905809402465,2399.0,27.86844606399536,2.980222627520561,100.00000381469727,0.0,0.0,100.0,100.0,0.0,0.0,0.0,450.0,5439.5,0.0,0.0,1.301,0.953,2.254,21.457,1.373,0.881,emon,0.939,0.89,49.6,15.5,3.188
2026-09-29 23:06:18.609,6.3,0,100,11;19;5;9;0;0;0;0;0;0;0;0;100;14;6;8;0;0;0;0;0;0;0;0;2;0;0;2,1233,4799,4494;3481;3646;4069;1343;1292;1542;1688;1655;1871;1472;1274;4799;4797;3132;3569;1242;1351;1776;1233;1546;1412;2733;1414;2196;2370;2179;2150,0.0,0.0,5439.5,3,9,847,12227,30,6.8,2565,14001,1,16,0,0,0,0,0.0,0,0,0,0,0,0.0,0.0,0.0,0,0,0,38.1,0.0,0.0,0.33,0.0,23.5,95.4,99.99999618530273,44.3704273223877,55.56748733520508,79.25137557983399,11.016446352005005,2399.0,26.352676582336425,2.9383219212293623,100.00000305175782,0.0,0.0,100.0,100.0,0.0,0.0,0.0,450.0,5439.5,0.0,0.0,1.301,0.953,2.254,21.457,1.373,0.881,emon,0.939,0.89,49.6,15.5,3.188
2026-09-29 23:06:19.609,6.2,0,100,9;15;6;3;0;0;0;0;0;0;0;0;100;11;12;8;0;0;0;2;0;0;2;0;3;0;2;2,1224,4799,4446;3416;3558;3298;1504;1438;1648;1758;1224;1908;1231;1302;4799;4797;4185;4030;2359;1304;1321;1558;1304;1520;2579;1247;2723;2239;2372;2206,0.0,0.0,5438.7,2,8,846,12227,30,6.8,2565,14001,1,16,0,0,0,0,0.0,0,0,0,0,0,0.0,0.0,0.0,0,0,0,38.1,0.0,0.0,0.33,0.0,23.5,95.4,100.00000076293945,44.69368133544922,55.2368522644043,79.43256607055665,12.559130668640137,2399.0,22.92203950881958,2.4014681786298753,100.00000076293945,0.0,0.0,100.0,100.0,0.0,0.0,0.0,450.0,5439.2,0.0,0.0,1.301,0.953,2.254,21.457,1.373,0.881,emon,0.939,0.89,49.6,15.5,3.188
2026-09-29 23:06:20.609,6.1,0,100,8;28;6;5;0;0;0;0;0;0;0;0;100;5;11;8;0;0;0;0;0;0;0;0;0;2;0;0,1218,4798,4498;3540;4047;3415;1365;1505;1421;1295;1536;1280;1425;1218;4798;4791;3968;4112;1256;1220;1252;1880;1330;1562;1565;1374;2250;2211;2115;2164,0.0,0.0,5438.5,1,8,846,12227,30,7.1,2565,14001,1,16,0,0,0,0,0.0,0,0,0,0,0,0.0,0.0,0.0,0,0,0,38.1,0.0,0.0,0.33,0.0,23.5,95.4,99.99999923706055,43.8169563293457,56.15818862915039,79.6407470703125,12.721988821029663,2399.0,26.892854595184325,2.790510061383247,99.99999923706055,0.0,0.0,100.0,100.0,0.0,0.0,0.0,450.0,5438.5,0.0,0.0,1.301,0.953,2.254,21.457,1.373,0.881,emon,0.939,0.89,49.6,15.5,3.188
2026-09-29 23:06:21.610,5.5,0,100,2;12;2;6;0;0;2;0;0;0;0;0;100;3;11;12;0;0;0;0;0;0;2;0;0;2;0;0,1232,4798,4360;3393;3072;3920;1237;1232;1323;1988;1275;1267;1440;1265;4798;4794;4215;4400;1473;1308;2355;1520;1258;1736;1668;1479;2001;2450;2310;2164,0.0,0.0,5438.5,1,8,846,12227,30,7.1,2565,14001,1,16,0,0,0,0,0.0,0,0,0,0,0,0.0,0.0,0.0,0,0,0,38.1,0.0,0.0,0.33,0.0,23.5,95.4,100.0,43.21216922336154,56.71822526719835,79.51409149169922,12.781626171535915,2399.0,24.68401601579454,2.730035526884927,100.0,0.0,0.0,100.0,100.0,0.0,0.0,0.0,450.0,5438.5,0.0,0.0,27.062,3.676,30.738,21.441,1.372,29.366,emon,0.902,0.801,42.0,17.9,2.342
2026-09-29 23:06:22.610,6.5,0,100,11;23;9;6;0;0;0;0;0;0;0;0;100;8;8;5;0;0;0;0;0;0;3;2;2;3;3;0,1276,4800,4485;3518;4021;3305;1286;1276;1341;1541;1424;1650;1953;1370;4800;4799;3890;3718;2234;1875;1703;1566;1998;1354;3225;1775;2074;2232;2309;1905,0.0,0.0,5438.5,1,11,845,12227,30,7.1,2565,14001,1,16,0,0,0,0,0.0,0,0,0,0,0,0.0,0.0,0.0,0,0,0,38.1,0.0,0.0,0.33,0.0,23.5,95.4,100.00000381469727,43.40005722045898,56.520167922973634,79.61133499145508,13.447607851028442,2399.0,22.634765529632567,2.290364107489586,99.99999923706055,0.0,0.0,100.0,100.0,0.0,0.0,0.0,450.0,5438.5,0.0,0.0,27.062,3.676,30.738,21.441,1.372,29.366,emon,0.902,0.801,42.0,17.9,2.342
2026-09-29 23:06:23.610,5.6,0,100,8;22;5;5;3;0;0;0;0;0;0;0;100;6;3;2;0;0;0;0;0;0;2;0;0;2;0;0,1213,4800,4313;3719;3782;4118;1909;3153;1644;1244;1315;1280;2115;1354;4800;4800;3531;3405;1221;1819;1213;1297;1229;2846;1435;1246;2490;2357;2362;2326,0.0,0.0,5438.5,1,18,845,12227,30,7.1,2565,14001,1,16,0,0,0,0,0.0,0,0,0,0,0,0.0,0.0,0.0,0,0,0,38.1,0.0,0.0,0.33,0.0,23.5,95.4,99.99999771118163,43.75474472045899,56.210984802246095,79.5338851928711,11.893200302124024,2399.0,26.105988597869874,2.955855080485344,100.00000457763672,0.0,0.0,100.0,100.0,0.0,0.0,0.0,450.0,5438.5,0.0,0.0,27.062,3.676,30.738,21.441,1.372,29.366,emon,0.902,0.801,42.0,17.9,2.342
2026-09-29 23:06:24.611,5.1,0,100,9;21;3;2;0;0;0;0;0;0;0;0;100;3;5;2;0;0;0;0;0;0;0;0;0;0;0;0,1193,4795,4572;3376;3150;3892;1301;1414;1331;2537;1209;1193;1203;1213;4795;4781;3506;3756;1209;1198;1322;1206;2267;1532;1421;1730;2168;2331;2293;2202,0.0,0.0,5438.5,0,7,846,12227,30,7.1,2565,14001,1,16,0,0,0,0,0.0,0,0,0,0,0,0.0,0.0,0.0,0,0,0,39.1,0.0,0.0,0.33,0.0,23.5,95.4,86.56103486281175,42.49745266254131,39.76317831186148,65.1776381272536,23.37418325130756,2399.0,40.82136006054665,0.7889314211654261,84.64111493040735,0.0,0.0,99.9,99.9,0.0,0.0,0.0,450.0,5440.2,0.0,0.0,27.062,3.676,30.738,21.441,1.372,29.366,emon,0.902,0.801,42.0,17.9,2.342
2026-09-29 23:06:25.612,7.0,0,97,9;16;18;14;0;0;0;0;0;0;0;0;97;11;9;11;0;0;0;2;0;0;0;0;2;3;2;3,1181,4793,4187;3266;4317;4007;1233;1255;2077;1483;1181;2069;1198;1523;4791;4793;3702;3605;1774;1441;1859;1366;2003;1225;1259;1555;2397;2334;2365;2260,60.2,0.0,5440.2,0,11,846,12227,30,7.1,2565,14001,1,16,0,0,0,0,0.0,0,0,0,0,0,0.0,0.0,0.0,0,0,0,39.1,0.0,0.0,0.33,0.0,23.5,95.4,78.00411436557769,39.87727012634277,32.71086158752441,57.375410842895505,25.662768936157228,2399.0,40.62372853254201,0.13235884077148513,75.03718403689564,0.0,0.0,99.7,99.7,0.0,0.0,0.0,450.0,5440.2,0.0,0.0,27.062,3.676,30.738,21.441,1.372,29.366,emon,0.902,0.801,42.0,17.9,2.342
2026-09-29 23:06:26.612,5.5,0,98,12;18;11;0;0;0;0;0;0;0;0;0;98;5;2;6;0;0;0;0;0;0;0;0;0;2;0;2,1201,4799,4521;3463;3969;3414;1351;1273;1650;1476;1766;1370;1428;1201;4796;4799;3834;4164;1388;1742;1248;1248;1365;1905;1721;1435;2133;2280;2217;2033,87.5,0.0,5440.2,0,9,848,12227,30,7.1,2565,14001,1,16,0,0,0,0,0.0,0,0,0,0,0,0.0,0.0,0.0,0,0,0,39.1,0.0,0.0,0.33,0.0,23.5,95.4,75.60431059201558,39.70669788784451,31.137858072916668,56.04411188761393,24.34336672888862,2399.0,39.05783433051288,0.13860335331668872,72.27839457259203,0.0,0.0,99.8,99.8,0.0,0.0,0.0,450.0,5440.2,0.0,0.0,27.062,3.676,30.738,21.441,1.372,29.366,emon,0.902,0.801,42.0,17.9,2.342
2026-09-29 23:06:27.613,6.7,0,98,11;22;12;2;0;0;0;0;0;0;0;0;98;6;17;5;0;0;2;0;0;0;2;2;2;3;3;2,1205,4797,4479;3560;4045;3230;1285;1385;2614;1903;1704;1225;1321;1225;4795;4797;4267;3508;1205;1608;1431;1318;2309;1326;1575;1965;2274;2483;2101;2346,100.0,0.0,5440.2,0,7,848,12227,30,7.1,2565,14001,1,16,0,0,0,0,0.0,0,0,0,0,0,0.0,0.0,0.0,0,0,0,39.1,0.0,0.0,0.33,0.0,23.5,95.4,83.55617332458496,44.30747437477112,35.12279438972473,62.868237018585205,27.829787492752075,2399.0,44.47617980919313,0.14811964219552465,81.27902600634843,0.0,0.0,99.8,99.8,0.0,0.0,0.0,450.0,5440.2,0.0,0.0,27.062,3.676,30.738,21.441,1.372,29.366,emon,0.902,0.801,42.0,17.9,2.342
2026-09-29 23:06:28.613,7.1,0,98,15;27;9;6;0;0;0;0;0;0;0;0;98;6;6;2;0;0;0;0;3;3;0;0;6;3;6;6,1233,4800,4469;3344;4063;3708;1233;1472;1249;1330;1294;1381;1263;1541;4794;4800;3652;2837;1598;1909;1964;1777;1677;1244;1391;1266;2338;2354;2447;2523,100.0,0.0,5440.2,0,10,848,12227,30,7.1,2565,14001,1,16,0,0,0,0,0.0,0,0,0,0,0,0.0,0.0,0.0,0,0,0,39.1,0.0,0.0,0.33,0.0,23.5,95.4,86.57604118755886,47.00758389064244,36.98492159162249,66.46193858555385,29.163666043962753,2399.0,46.92589201561142,0.15753820491954684,85.72392317945403,0.0,0.0,99.8,99.8,0.0,0.0,0.0,450.0,5440.2,0.0,0.0,27.062,3.676,30.738,21.441,1.372,29.366,emon,0.902,0.801,42.0,17.9,2.342
2026-09-29 23:06:29.613,5.9,0,100,8;18;11;6;0;0;0;0;0;0;0;0;100;5;11;4;0;0;0;0;0;0;0;2;0;0;0;2,1206,4798,4265;3464;3942;3396;1594;1230;1254;1215;1213;1218;1219;1218;4798;4796;4115;3437;1352;1701;1337;1474;1393;1208;1206;1653;2216;2428;2069;2348,90.8,0.0,5440.2,0,11,848,12227,30,7.1,2565,14001,1,16,0,0,0,0,0.0,0,0,0,0,0,0.0,0.0,0.0,0,0,0,39.1,0.0,0.0,0.33,0.0,23.5,95.4,81.11022196875678,42.97110388014052,32.930613093905976,59.978482988145615,25.673028204176163,2399.0,41.05112081494493,0.15746563365165558,77.8223010185692,0.0,0.0,99.5,99.5,0.0,0.0,0.0,450.0,5440.2,0.0,0.0,27.062,3.676,30.738,21.441,1.372,29.366,emon,0.902,0.801,42.0,17.9,2.342
2026-09-29 23:06:30.614,6.7,0,100,8;31;17;6;0;0;0;2;0;0;0;2;100;0;8;6;0;0;2;2;0;0;2;0;0;0;2;2,1171,4797,4463;3352;4231;3648;2142;1385;1275;1413;1645;1203;1570;1209;4797;4771;3739;3806;1604;2772;1771;1429;1193;1183;1171;1174;2086;1918;2147;2066,91.8,0.0,5440.2,1,9,847,12227,30,7.1,2565,14001,1,16,0,0,0,0,0.0,0,0,0,0,0,0.0,0.0,0.0,0,0,0,39.1,0.0,0.0,0.33,0.0,23.5,95.4,92.3587216536204,50.34147230784098,39.37758541107178,70.9659792582194,31.05440616607666,2399.0,49.88992359333982,0.16957927774637938,91.67677904479206,0.0,0.0,99.8,99.7,0.0,0.0,0.0,450.0,5440.2,0.0,0.0,27.062,3.676,30.738,21.441,1.372,29.366,emon,0.902,0.801,42.0,17.9,2.342
2026-09-29 23:06:31.614,6.4,0,100,11;26;11;6;0;0;0;0;0;0;0;0;100;6;12;2;0;0;0;0;0;0;1;0;0;3;2;0,1220,4799,4432;3242;4238;3145;1372;1983;1268;1313;1312;1348;1309;1936;4799;4799;4170;2912;1283;1220;2802;1235;1229;1221;2806;1222;2046;2117;2060;2017,91.8,0.0,5440.2,0,7,848,12227,30,7.1,2565,14001,1,16,0,0,0,0,0.0,0,0,0,0,0,0.0,0.0,0.0,0,0,0,39.1,0.0,0.0,0.33,0.0,23.5,95.4,76.11760642311789,38.702798496593125,30.693245974454012,54.90505461259322,24.212761011990633,2399.0,38.75060435733758,0.1315417034784332,72.77251734279774,0.0,0.0,99.7,99.6,0.0,0.0,0.0,450.0,5440.2,0.0,0.0,27.062,3.676,30.738,21.441,1.372,29.366,emon,0.902,0.801,42.0,17.9,2.342
2026-09-29 23:06:32.615,6.7,0,100,9;30;2;5;0;0;0;0;0;0;0;0;100;5;8;19;0;0;0;0;0;2;0;0;2;2;3;2,1211,4800,4387;3374;3438;3830;1306;1725;1356;1265;1606;1290;1276;1408;4800;4799;3933;4227;1962;1373;1258;1219;1643;1256;1228;1211;2268;2375;2440;2233,87.9,0.0,5440.2,0,9,847,12227,30,7.1,2565,14001,1,16,0,0,0,0,0.0,0,0,0,0,0,0.0,0.0,0.0,0,0,0,39.1,0.0,0.0,0.33,0.0,23.5,95.4,83.57107132673264,43.880165338516235,35.03919267654419,62.47230815887451,27.77421522140503,2399.0,44.37890613387572,0.14591470450977795,81.2790237031877,0.0,0.0,99.8,99.7,0.0,0.0,0.0,450.0,5440.2,0.0,0.0,56.546,1.102,57.648,24.193,1.548,56.1,emon,0.959,0.702,35.5,22.0,1.609
2026-09-29 23:06:33.615,7.4,0,100,11;36;9;11;0;0;2;0;0;0;2;0;100;6;6;11;0;0;0;0;0;0;0;0;6;5;2;2,1217,4795,4365;3217;3670;3982;1424;1277;3307;1346;1336;1515;1384;1308;4793;4795;3389;4193;1226;1259;1690;1217;1245;1556;1277;1529;2376;2325;2072;2631,100.0,0.0,5440.2,0,9,847,12227,30,7.1,2565,14001,1,16,0,0,0,0,0.0,0,0,0,0,0,0.0,0.0,0.0,0,0,0,39.1,0.0,0.0,0.33,0.0,23.5,95.4,86.75647159985134,46.7508795601981,37.11762319292341,66.36667851039341,29.456251416887557,2399.0,47.15965437555652,0.15472530899569392,85.72624136773604,0.0,0.0,99.8,99.7,0.0,0.0,0.0,450.0,5440.2,0.0,0.0,56.546,1.102,57.648,24.193,1.548,56.1,emon,0.959,0.702,35.5,22.0,1.609
2026-09-29 23:06:34.616,6.7,0,98,9;32;12;15;0;2;2;0;0;0;0;0;98;2;6;8;0;0;0;0;0;0;0;0;0;0;2;0,1214,4790,4306;3319;4167;4376;1438;2503;2035;1350;1290;2676;1367;1226;4790;4786;3849;4236;1479;2141;1824;1214;1357;1501;1280;1532;2388;2321;2548;2224,100.0,0.0,4942.0,1,15,847,12227,30,7.1,2565,14001,1,16,0,0,0,0,0.0,0,0,0,0,0,0.0,0.0,0.0,0,0,0,40.1,0.0,0.0,0.33,0.0,22.6,95.4,83.26862436532974,43.65883755683899,35.795509338378906,62.77959060668945,28.40601944923401,2399.0,43.20011371451983,0.14761196420295164,81.27654005400836,0.0,0.0,99.9,99.9,0.0,0.0,0.0,450.0,4397.1,0.0,0.0,56.546,1.102,57.648,24.193,1.548,56.1,emon,0.959,0.702,35.5,22.0,1.609
2026-09-29 23:06:35.616,5.7,0,98,6;27;0;6;0;0;0;0;0;0;0;0;98;6;8;8;0;0;0;0;0;0;0;0;0;0;0;0,1105,4791,4429;3218;3561;3970;1346;1274;1575;2266;1442;1247;1242;1251;4791;4790;3949;3920;1256;1923;1228;1257;1303;1234;1699;1105;2197;2295;2130;2166,77.2,0.0,4395.5,0,7,847,12227,30,7.1,2565,14001,1,16,0,0,0,0,0.0,0,0,0,0,0,0.0,0.0,0.0,0,0,0,39.1,0.0,0.0,0.33,0.0,22.6,95.4,79.77180181609259,39.4230637020535,31.37587653266059,55.961319817437065,24.713593588935005,2399.0,39.1608548883491,0.13805942087330753,72.35918202442635,0.0,0.0,99.6,99.6,0.0,0.0,0.0,450.0,4395.5,0.0,0.0,56.546,1.102,57.648,24.193,1.548,56.1,emon,0.959,0.702,35.5,22.0,1.609
2026-09-29 23:06:36.617,7.0,0,100,8;34;6;8;0;0;0;0;0;0;0;0;100;12;6;3;3;0;0;0;0;0;0;0;5;3;3;5,1230,4799,4447;3203;3936;3687;1708;2427;1306;1598;1260;1252;1230;1251;4795;4799;4108;3219;2943;1317;1389;1284;1620;1323;2991;2501;2494;2400;2133;2113,61.5,0.0,4395.5,0,17,847,12227,30,7.1,2565,14001,1,16,0,0,0,0,0.0,0,0,0,0,0,0.0,0.0,0.0,0,0,0,39.1,0.0,0.0,0.33,0.0,22.6,95.4,80.13929147190518,42.22404543558756,33.91537115308974,60.23592291937934,26.88904317220052,2399.0,42.73689738496129,0.1399365045492434,77.80489596972863,0.0,0.0,99.8,99.8,0.0,0.0,0.0,450.0,4395.5,0.0,0.0,56.546,1.102,57.648,24.193,1.548,56.1,emon,0.959,0.702,35.5,22.0,1.609
2026-09-29 23:06:37.617,6.4,0,100,6;35;2;11;0;0;0;0;0;0;0;0;100;3;10;6;0;0;0;0;0;0;2;0;0;2;3;2,1205,4799,4430;3490;3595;4156;1219;1214;1205;1337;1234;1235;1264;1227;4795;4799;4198;3654;1297;1327;1387;1353;1256;1287;1722;1224;2283;2368;2432;2152,0.0,0.0,4395.5,0,9,847,12227,30,7.1,2565,14001,1,16,0,0,0,0,0.0,0,0,0,0,0,0.0,0.0,0.0,0,0,0,39.1,0.0,0.0,0.33,0.0,22.5,95.4,87.81937050819397,42.01216137622084,33.937106353896006,60.01966145208904,26.79883357456752,2399.0,42.33964329038281,0.1403849258453452,85.73811564567897,0.0,0.0,99.7,99.7,0.0,0.0,0.0,450.0,4395.5,0.0,0.0,56.546,1.102,57.648,24.193,1.548,56.1,emon,0.959,0.702,35.5,22.0,1.609
2026-09-29 23:06:38.618,6.5,0,97,9;32;8;3;0;0;0;0;2;0;0;0;97;8;6;5;0;0;0;0;0;0;0;0;2;3;5;3,1201,4796,4303;3281;3871;3484;1256;1201;1510;1814;1458;1306;1443;1298;4796;4776;4057;4136;1272;1833;1279;1268;1201;1203;1433;1209;2416;2554;2610;2338,91.6,0.0,4395.5,0,8,847,12227,30,7.1,2565,14001,1,16,0,0,0,0,0.0,0,0,0,0,0,0.0,0.0,0.0,0,0,0,39.1,0.0,0.0,0.33,0.0,22.5,95.4,79.26134750578139,42.8154116736518,33.609801610310875,60.38944795396593,26.447899712456596,2399.0,42.23144394548015,0.1445044114694206,77.79520223993394,0.0,0.0,99.7,99.6,0.0,0.0,0.0,450.0,4395.5,0.0,0.0,56.546,1.102,57.648,24.193,1.548,56.1,emon,0.959,0.702,35.5,22.0,1.609
2026-09-29 23:06:39.618,6.2,0,100,6;27;9;3;0;2;0;0;0;0;0;0;100;3;11;3;0;3;0;0;2;0;0;0;3;3;0;0,1221,4800,4469;3307;4096;3167;1308;1498;1651;1352;1428;1221;1255;1277;4799;4800;4136;4061;1296;1563;1240;2289;2296;1302;1618;1259;2177;2341;2141;2043,100.0,0.0,4395.5,1,8,847,12227,30,7.1,2565,14001,1,16,0,0,0,0,0.0,0,0,0,0,0,0.0,0.0,0.0,0,0,0,39.1,0.0,0.0,0.33,0.0,22.5,95.4,87.52410037700946,46.10848148052509,36.421415475698616,65.244262108436,28.830492459810696,2399.0,46.091892052119455,0.15416706138505384,84.65137079358101,0.0,0.0,99.9,99.9,0.0,0.0,0.0,450.0,4395.5,0.0,0.0,56.546,1.102,57.648,24.193,1.548,56.1,emon,0.959,0.702,35.5,22.0,1.609
2026-09-29 23:06:40.618,6.8,0,100,11;41;6;0;0;0;0;0;0;0;0;0;100;9;5;13;0;0;2;0;0;0;0;0;2;2;0;0,1179,4798,4275;3333;3515;3684;1274;1722;1389;2702;1277;1739;1179;1676;4798;4798;4010;4241;1187;1248;1611;1315;1327;1328;1601;1264;2526;2430;2454;2618,92.9,0.0,4395.5,1,9,847,12227,30,7.1,2565,14001,1,16,0,0,0,0,0.0,0,0,0,0,0,0.0,0.0,0.0,0,0,0,39.1,0.0,0.0,0.33,0.0,22.4,95.4,83.12049728631973,44.58092522621155,35.11331844329834,62.99348211288452,27.714879989624023,2399.0,44.19699426292209,0.14975633966969326,81.27316014748067,0.0,0.0,99.7,99.7,0.0,0.0,0.0,450.0,4395.5,0.0,0.0,56.546,1.102,57.648,24.193,1.548,56.1,emon,0.959,0.702,35.5,22.0,1.609
2026-09-29 23:06:41.619,6.8,0,100,3;38;6;11;0;0;0;0;0;0;0;0;100;8;9;8;0;0;2;0;0;2;2;0;0;0;0;2,1198,4796,3899;3484;3885;4359;1425;1284;1767;1198;1309;1222;1583;1284;4796;4794;4002;4064;1281;1260;1949;1256;1537;2724;1412;1277;1997;2217;2086;2018,100.0,0.0,4395.5,0,6,848,12227,30,7.1,2565,14001,1,16,0,0,0,0,0.0,0,0,0,0,0,0.0,0.0,0.0,0,0,0,39.1,0.0,0.0,0.33,0.0,22.4,95.4,75.39876437187195,39.52411530234597,31.729753494262695,56.35235734419389,25.189043218439277,2399.0,39.92617708443537,0.13105144793040713,72.75981380180879,0.0,0.0,99.6,99.5,0.0,0.0,0.0,450.0,4395.5,0.0,0.0,56.546,1.102,57.648,24.193,1.548,56.1,emon,0.959,0.702,35.5,22.0,1.609
2026-09-29 23:06:42.619,7.2,0,98,11;18;8;5;1;0;0;0;0;0;0;0;98;12;8;16;0;0;0;0;3;1;2;3;3;5;5;5,1187,4789,4427;3216;3722;2788;1239;1243;1506;1853;1202;1193;1191;1187;4789;4779;4047;4264;1208;1498;1210;1199;2562;2146;3216;3369;2343;2352;2467;2190,76.3,0.0,4395.5,0,15,848,12227,30,7.1,2565,14001,1,16,0,0,0,0,0.0,0,0,0,0,0,0.0,0.0,0.0,0,0,0,39.1,0.0,0.0,0.33,0.0,22.4,95.4,83.75511342287064,44.48386192321777,35.08656358718872,62.9046630859375,27.656761169433594,2399.0,44.20130279802834,0.14940120617393404,81.28243482345715,0.0,0.0,99.9,99.8,0.0,0.0,0.0,450.0,4395.5,0.0,0.0,56.546,1.102,57.648,24.193,1.548,56.1,emon,0.959,0.702,35.5,22.0,1.609
2026-09-29 23:06:43.620,7.3,0,100,6;32;12;9;2;0;0;0;0;0;0;0;100;12;12;11;0;0;0;0;0;0;0;0;2;0;5;2,1222,4792,4244;3284;4031;3642;1319;2660;1530;2389;1311;1870;1303;1222;4792;4789;4250;4123;1800;1941;1265;1607;1301;1261;1707;1251;1948;2123;2135;2083,92.5,0.0,4396.2,0,8,847,12227,30,7.1,2565,14001,1,16,0,0,0,0,0.0,0,0,0,0,0,0.0,0.0,0.0,0,0,0,39.1,0.0,0.0,0.33,0.0,22.4,95.4,83.41065120697021,44.46318173408508,35.06412863731384,62.87412881851196,27.542230367660522,2399.0,43.55431702309579,0.1546888326993212,81.28188358806074,0.0,0.0,99.7,99.7,0.0,0.0,0.0,450.0,4396.2,0.0,0.0,56.299,1.012,57.311,23.291,1.491,55.82,emon,0.961,0.715,35.6,22.3,1.599
2026-09-29 23:06:44.620,7.6,0,97,15;26;8;18;0;0;0;2;0;2;0;0;97;9;8;8;0;5;0;0;0;0;0;0;5;5;2;3,1208,4799,4517;3322;3336;4257;1407;1256;1339;2241;1595;1297;1219;1213;4796;4799;3734;4028;1270;1434;1820;1208;1274;1238;1406;1251;2350;2479;2522;2303,100.0,0.0,4396.2,0,17,848,12227,30,7.1,2565,14001,1,16,0,0,0,0,0.0,0,0,0,0,0,0.0,0.0,0.0,0,0,0,39.1,0.0,0.0,0.33,0.0,22.4,95.4,81.77662414974637,42.06178283691406,33.95792579650879,60.14141082763672,26.941657384236652,2399.0,41.59021394456633,0.14577611644441882,77.83519752985902,0.0,0.0,99.8,99.7,0.0,0.0,0.0,450.0,4396.2,0.0,0.0,56.299,1.012,57.311,23.291,1.491,55.82,emon,0.961,0.715,35.6,22.3,1.599
2026-09-29 23:06:45.620,6.1,0,98,0;26;9;16;0;0;0;0;0;0;0;0;98;3;6;3;0;0;0;0;0;0;2;0;2;5;0;0,1199,4793,4188;3400;4227;4140;1385;1536;1285;1199;1513;1283;1961;1214;4789;4793;3745;3992;1240;1252;1462;1253;1422;1251;2670;1255;2127;2335;2329;2117,100.0,0.0,4396.2,0,6,847,12227,30,7.1,2565,14001,1,16,0,0,0,0,0.0,0,0,0,0,0,0.0,0.0,0.0,0,0,0,39.1,0.0,0.0,0.33,0.0,22.4,95.4,88.88673400878906,46.08113152640207,37.183588300432476,65.9271992274693,29.871525083269393,2399.0,46.34030383956685,0.15526244776057346,85.75747369176575,0.0,0.0,99.9,99.9,0.0,0.0,0.0,450.0,4396.2,0.0,0.0,56.299,1.012,57.311,23.291,1.491,55.82,emon,0.961,0.715,35.6,22.3,1.599
2026-09-29 23:06:46.621,7.9,0,100,13;21;10;11;0;0;0;3;0;0;0;0;100;17;9;9;0;0;0;0;0;2;0;0;8;5;8;6,1198,4797,4568;3513;3824;3485;1583;1226;1231;1231;1755;1211;1203;1237;4795;4797;3397;4064;1259;1198;1375;1205;1510;1677;1612;1702;2492;2658;2485;2431,91.2,0.0,4396.2,0,6,847,12227,30,7.1,2565,14001,1,16,0,0,0,0,0.0,0,0,0,0,0,0.0,0.0,0.0,0,0,0,40.1,0.0,0.0,0.33,0.0,22.4,95.4,92.8317707379659,50.35571320851644,39.446523666381836,71.04443804423015,31.284476280212402,2399.0,49.57662602836111,0.17234326216081777,91.68476884563763,0.0,0.0,99.8,99.7,0.0,0.0,0.0,450.0,4396.2,0.0,0.0,56.299,1.012,57.311,23.291,1.491,55.82,emon,0.961,0.715,35.6,22.3,1.599
2026-09-29 23:06:47.621,8.4,0,100,11;32;9;9;4;5;5;4;1;1;0;3;100;11;19;11;1;0;0;0;0;0;0;2;3;0;2;3,1666,4797,4514;3649;4286;3929;3445;3447;3555;3533;2628;2436;2449;2679;4797;4796;4471;4199;3135;1666;1695;2488;2001;1773;1900;2267;2697;2669;2634;2543,100.0,0.0,4396.2,0,7,846,12227,30,7.1,2565,14001,1,16,0,0,0,0,0.0,0,0,0,0,0,0.0,0.0,0.0,0,0,0,46.1,0.0,0.0,0.33,0.0,22.5,95.4,77.87364733219147,41.224684953689575,32.23438882827759,58.08564043045044,25.061606645584106,2399.0,40.30849687959562,0.14500891095667612,75.0361143774353,0.0,0.0,99.6,99.6,0.0,0.0,0.0,450.0,4396.2,0.0,0.0,56.299,1.012,57.311,23.291,1.491,55.82,emon,0.961,0.715,35.6,22.3,1.599
2026-09-29 23:06:48.621,7.4,0,100,19;30;6;8;0;0;0;0;3;2;2;0;100;8;9;5;0;0;5;0;0;0;0;0;3;5;3;2,1335,4799,4623;3524;3966;3432;1402;2731;1483;1960;1335;1762;2333;1458;4795;4799;3873;3752;1696;1716;2193;1855;2840;1681;1800;1474;2575;2582;2533;2239,100.0,0.0,4396.2,0,7,847,12227,30,7.1,2565,14001,1,16,0,0,0,0,0.0,0,0,0,0,0,0.0,0.0,0.0,0,0,0,42.1,0.0,0.0,0.33,0.0,22.5,95.4,80.64839635954962,42.606421576605904,33.617774963378906,60.295752631293404,26.58080270555284,2399.0,41.981245503812616,0.14726058561872277,77.81405034371548,0.0,0.0,99.7,99.7,0.0,0.0,0.0,450.0,4396.2,0.0,0.0,56.299,1.012,57.311,23.291,1.491,55.82,emon,0.961,0.715,35.6,22.3,1.599
2026-09-29 23:06:49.622,7.2,0,94,9;35;14;5;2;0;2;0;0;0;0;2;94;9;18;6;0;0;2;0;2;0;0;0;0;0;3;2,1310,4782,4250;3070;4137;3749;1324;1398;2720;1611;1674;1564;1438;2111;4782;4771;4336;4253;2733;1317;1897;1458;2031;1441;1310;2386;2332;2222;2277;2412,100.0,0.0,4396.2,0,9,847,12227,30,7.1,2565,14001,1,16,0,0,0,0,0.0,0,0,0,0,0,0.0,0.0,0.0,0,0,0,40.1,0.0,0.0,0.33,0.0,22.4,95.4,79.15345692634583,42.33621703253852,33.74371210734049,60.155082278781464,27.105416827731663,2399.0,41.252098740589446,0.14820243286279342,77.79569161828194,0.0,0.0,99.5,99.5,0.0,0.0,0.0,450.0,4396.2,0.0,0.0,56.299,1.012,57.311,23.291,1.491,55.82,emon,0.961,0.715,35.6,22.3,1.599
2026-09-29 23:06:50.622,7.1,0,100,9;33;6;6;0;0;0;2;0;0;0;0;100;9;8;6;0;2;0;0;0;0;2;0;3;0;6;8,1202,4796,4582;3341;3987;3015;1834;2123;1734;1997;1710;1258;1555;1436;4794;4796;3395;3858;1205;1885;1223;1202;1471;1675;2247;2085;2207;2464;2418;2190,92.5,0.0,4396.2,1,10,847,12227,30,7.1,2565,14001,1,16,0,0,0,0,0.0,0,0,0,0,0,0.0,0.0,0.0,0,0,0,40.1,0.0,0.0,0.33,0.0,22.4,95.4,83.18394309282303,44.43649959564209,35.225210666656494,63.007688999176025,27.892725467681885,2399.0,43.84207708649046,0.15179320526658557,81.27144320355728,0.0,0.0,99.7,99.7,0.0,0.0,0.0,450.0,4396.2,0.0,0.0,56.299,1.012,57.311,23.291,1.491,55.82,emon,0.961,0.715,35.6,22.3,1.599
2026-09-29 23:06:51.623,6.2,0,95,8;22;5;9;2;1;0;0;0;0;0;0;95;3;6;5;0;0;2;0;2;0;5;2;3;2;3;0,1626,4785,4309;3431;3969;3765;1807;2803;2011;1839;1936;1762;1694;1677;4785;4776;4050;4160;1626;1748;2235;1649;1998;2224;2341;1934;2303;2420;2223;2165,73.3,0.0,4396.2,1,7,847,12227,30,7.1,2565,14001,1,16,0,0,0,0,0.0,0,0,0,0,0,0.0,0.0,0.0,0,0,0,39.1,0.0,0.0,0.33,0.0,22.5,95.4,80.83591968483395,40.77970345815023,33.78100119696723,58.97908931308322,27.528526094224716,2399.0,40.342609089346496,0.14012865450543663,77.82143056330581,0.0,0.0,99.6,99.6,0.0,0.0,0.0,450.0,4396.2,0.0,0.0,56.299,1.012,57.311,23.291,1.491,55.82,emon,0.961,0.715,35.6,22.3,1.599
2026-09-29 23:06:52.645,7.4,0,100,8;25;8;8;3;4;3;0;0;0;0;0;100;14;8;11;2;0;0;0;4;0;3;0;2;0;3;2,1196,4799,4272;3284;3642;4030;2285;1359;1401;1273;1691;1196;2416;1848;4799;4799;3629;4019;3439;1320;1886;1294;1342;1402;1798;1308;2333;2491;2328;2159,100.0,0.0,4396.2,1,10,847,12227,30,7.1,2565,14001,1,16,0,0,0,0,0.0,0,0,0,0,0,0.0,0.0,0.0,0,0,0,40.1,0.0,0.0,0.33,0.0,22.5,95.4,80.41268040152157,41.137006647446576,32.89478750789867,58.603842342601105,26.171904844396256,2399.0,41.576398814275095,0.1389592336216832,76.52766956651912,0.0,0.0,99.8,99.8,0.0,0.0,0.0,450.0,4396.2,0.0,0.0,56.299,1.012,57.311,23.291,1.491,55.82,emon,0.961,0.715,35.6,22.3,1.599
2026-09-29 23:06:53.646,6.0,0,98,5;23;3;8;3;0;0;0;0;0;0;0;98;2;12;5;0;0;0;0;2;0;2;0;0;2;0;3,1449,4799,4344;3294;3356;3988;2086;2132;2302;1532;2088;1568;1678;1910;4799;4788;4119;3653;1666;1963;1509;1449;3121;1820;2085;1782;2073;2064;2238;2122,100.0,0.0,4395.5,1,8,847,12227,30,7.1,2565,14001,1,16,0,0,0,0,0.0,0,0,0,0,0,0.0,0.0,0.0,0,0,0,40.1,0.0,0.0,0.33,0.0,22.4,95.4,80.51193997595045,42.607927322387695,33.55424478318956,60.245765686035156,26.357159084743923,2399.0,42.56060088432989,0.1440561081075834,77.8126447552608,0.0,0.0,99.7,99.7,0.0,0.0,0.0,450.0,4395.5,0.0,0.0,56.299,1.012,57.311,23.291,1.491,55.82,emon,0.961,0.715,35.6,22.3,1.599
2026-09-29 23:06:54.646,7.7,0,98,10;35;3;23;0;1;0;0;0;0;0;0;98;12;11;5;0;0;0;0;0;2;4;2;3;2;2;2,1194,4787,4271;3529;3905;4400;1809;1856;1895;1673;1250;1272;1418;1194;4781;4787;3912;3876;2202;2081;1710;2746;1332;1617;2580;1388;2201;2398;2427;2325,89.8,0.0,4395.5,1,9,847,12227,30,7.1,2565,14001,1,16,0,0,0,0,0.0,0,0,0,0,0,0.0,0.0,0.0,0,0,0,40.1,0.0,0.0,0.33,0.0,22.5,95.4,78.11613597869874,40.34090576171875,32.350478172302246,57.323778343200686,24.967178058624267,2399.0,39.44460567368078,0.13987419751938432,75.04242522120475,0.0,0.0,99.4,99.4,0.0,0.0,0.0,450.0,4395.5,0.0,0.0,56.13,1.142,57.272,25.506,1.632,55.64,emon,0.958,0.706,35.6,22.2,1.602
2026-09-29 23:06:55.646,7.0,0,100,14;32;5;8;0;4;0;0;0;0;0;0;100;6;12;10;0;0;0;0;0;1;3;0;0;0;0;2,1214,4798,4551;3687;3022;3799;2555;1492;1530;2029;1828;2867;2115;1269;4798;4795;4040;3427;1513;1238;1214;2039;2211;2728;1480;1493;2336;2226;2281;2276,100.0,0.0,4395.5,1,12,848,12227,30,7.1,2565,14001,1,16,0,0,0,0,0.0,0,0,0,0,0,0.0,0.0,0.0,0,0,0,40.1,0.0,0.0,0.33,0.0,22.4,95.4,80.34395818149342,41.57489866368911,33.16460037231445,59.1089329439051,26.26765733606675,2399.0,41.76048487092039,0.14067840924048247,76.52209057352123,0.0,0.0,99.8,99.8,0.0,0.0,0.0,450.0,4395.5,0.0,0.0,56.13,1.142,57.272,25.506,1.632,55.64,emon,0.958,0.706,35.6,22.2,1.602
2026-09-29 23:06:56.647,7.3,0,98,0;32;11;9;2;1;0;2;0;0;2;0;98;5;8;5;0;0;0;0;2;0;2;3;6;3;9;3,1251,4790,4116;3358;4232;3479;1658;1281;1513;1251;2618;1341;2820;1429;4788;4790;4184;3877;1454;1524;2258;1599;2486;1905;2034;1731;2320;2686;2588;2260,100.0,0.0,4395.5,0,6,850,12227,30,7.1,2565,14001,1,16,0,0,0,0,0.0,0,0,0,0,0,0.0,0.0,0.0,0,0,0,40.1,0.0,0.0,0.33,0.0,22.5,95.4,73.87123479445775,36.19296463330587,29.31004734834035,51.7724212606748,23.340481738249462,2399.0,36.27389460816145,0.12315884081181139,70.87060171520959,0.0,0.0,99.6,99.6,0.0,0.0,0.0,450.0,4395.5,0.0,0.0,56.13,1.142,57.272,25.506,1.632,55.64,emon,0.958,0.706,35.6,22.2,1.602
2026-09-29 23:06:57.647,7.2,0,100,9;32;11;9;0;0;0;0;0;0;0;0;100;8;8;0;0;2;2;0;2;2;0;6;3;3;2;3,1235,4791,4520;3505;3953;3849;1294;1347;1294;1235;1512;1579;1481;2515;4791;4784;3849;2797;1312;1477;3486;1502;1561;1493;1894;1762;2390;2373;2219;2325,29.0,0.0,4395.5,1,9,848,12227,30,6.8,2565,14001,1,16,0,0,0,0,0.0,0,0,0,0,0,0.0,0.0,0.0,0,0,0,40.1,0.0,0.0,0.33,0.0,22.5,95.4,92.36782383918762,50.31475353240967,39.402286211649574,70.88651657104492,30.889684041341145,2399.0,49.457072880972795,0.17119719258820018,91.67705816589296,0.0,0.0,99.7,99.6,0.0,0.0,0.0,450.0,4395.5,0.0,0.0,56.13,1.142,57.272,25.506,1.632,55.64,emon,0.958,0.706,35.6,22.2,1.602
2026-09-29 23:06:58.648,7.6,0,98,8;26;16;9;0;0;0;0;0;0;0;0;98;8;6;14;0;0;0;0;0;0;3;2;8;3;5;8,1212,4787,3987;3145;4314;3918;1490;1315;1216;1511;1631;1472;1730;1212;4787;4782;4149;4347;1215;1228;1448;1223;1369;2054;2050;1602;2533;2514;2314;2384,100.0,0.0,4395.5,1,8,848,12227,30,6.8,2565,14001,1,16,0,0,0,0,0.0,0,0,0,0,0,0.0,0.0,0.0,0,0,0,40.1,0.0,0.0,0.33,0.0,22.5,95.4,84.39945096969605,43.4037836710612,34.6140988667806,61.68824971516927,27.31778310139974,2399.0,43.49594042877822,0.14657908785156906,80.06105549583832,0.0,0.0,99.7,99.6,0.0,0.0,0.0,450.0,4395.5,0.0,0.0,56.13,1.142,57.272,25.506,1.632,55.64,emon,0.958,0.706,35.6,22.2,1.602
2026-09-29 23:06:59.648,7.1,0,100,16;30;5;6;0;0;0;0;0;0;0;0;100;11;8;6;0;0;2;0;4;0;2;0;2;2;6;0,1187,4799,4494;3370;3215;3936;1567;1187;1234;1572;1535;1187;1534;1395;4799;4796;4034;3053;1226;1315;3210;2024;1642;1800;2467;1793;2351;2299;2344;2225,100.0,0.0,4395.5,1,9,847,12227,30,6.8,2565,14001,1,16,0,0,0,0,0.0,0,0,0,0,0,0.0,0.0,0.0,0,0,0,40.1,0.0,0.0,0.33,0.0,22.5,95.4,84.8683854341507,44.42526626586914,35.17048215866089,62.92819166183472,27.83935308456421,2399.0,44.500398017939006,0.14930183115939144,81.29971419274807,0.0,0.0,99.7,99.7,0.0,0.0,0.0,450.0,4395.5,0.0,0.0,56.13,1.142,57.272,25.506,1.632,55.64,emon,0.958,0.706,35.6,22.2,1.602
2026-09-29 23:07:00.648,6.0,0,100,5;28;5;6;0;0;0;0;0;0;0;0;100;5;6;5;0;0;0;0;0;0;0;0;5;2;2;2,1239,4799,4507;3547;3470;3543;1405;1522;1259;1694;1511;1284;2044;2125;4799;4798;4117;3545;1239;1705;1843;1432;1878;1355;2104;1269;2798;2586;2644;2556,100.0,0.0,4395.5,1,8,848,12227,30,6.8,2565,14001,1,16,0,0,0,0,0.0,0,0,0,0,0,0.0,0.0,0.0,0,0,0,40.1,0.0,0.0,0.33,0.0,22.5,95.4,82.75888106226921,44.32736396789551,35.18547582626343,62.87937068939209,27.747023105621338,2399.0,44.52915851558646,0.14790729599189945,81.26961521012709,0.0,0.0,99.8,99.8,0.0,0.0,0.0,450.0,4395.5,0.0,0.0,56.13,1.142,57.272,25.506,1.632,55.64,emon,0.958,0.706,35.6,22.2,1.602
2026-09-29 23:07:01.649,6.8,0,100,6;29;6;9;0;0;0;0;0;0;0;0;100;11;8;6;0;0;2;3;0;0;2;3;3;2;2;0,1299,4796,4276;3465;3832;3944;1851;1322;2587;1344;1392;2456;1617;1539;4796;4794;3909;3489;1299;1722;2127;3137;2696;1877;2763;2472;2305;2260;2184;2171,100.0,0.0,4395.5,1,10,847,12227,30,6.8,2565,14001,1,16,0,0,0,0,0.0,0,0,0,0,0,0.0,0.0,0.0,0,0,0,39.1,0.0,0.0,0.33,0.0,22.5,95.4,86.83322412627084,46.933100836617605,36.924295970371794,66.26470511300224,29.177617481776647,2399.0,46.372698599289706,0.15836087734039342,85.72914227763457,0.0,0.0,99.6,99.6,0.0,0.0,0.0,450.0,4395.5,0.0,0.0,56.13,1.142,57.272,25.506,1.632,55.64,emon,0.958,0.706,35.6,22.2,1.602
2026-09-29 23:07:02.649,7.2,0,100,13;31;8;19;0;0;0;1;0;0;0;0;100;3;8;5;0;0;0;0;0;2;3;0;2;3;2;3,1219,4792,4567;3475;3756;4063;1529;1726;1317;1276;1219;1595;1219;1279;4792;4785;3356;3893;1496;1245;1393;1219;1478;1663;2388;1299;2238;2295;2232;2109,92.2,0.0,4395.5,1,10,847,12227,30,6.8,2565,14001,1,16,0,0,0,0,0.0,0,0,0,0,0,0.0,0.0,0.0,0,0,0,40.1,0.0,0.0,0.33,0.0,22.5,95.4,80.58023626664105,41.5200013553395,32.845896776984716,58.78451807358686,25.88547650505515,2399.0,41.281018054010076,0.14152283698101253,76.52682898500386,0.0,0.0,99.8,99.7,0.0,0.0,0.0,450.0,4395.5,0.0,0.0,56.13,1.142,57.272,25.506,1.632,55.64,emon,0.958,0.706,35.6,22.2,1.602
2026-09-29 23:07:03.649,5.9,0,100,12;22;9;6;0;0;0;0;0;0;0;0;100;3;5;5;0;0;0;0;0;0;0;0;0;0;2;2,1238,4799,4532;3262;4191;4037;1238;1252;1248;2004;1279;1431;2278;1340;4799;4799;3601;3914;1340;2678;1399;1407;1507;1296;2033;1414;2191;2131;2183;2160,100.0,0.0,4396.2,1,11,847,12227,30,6.8,2565,14001,1,16,0,0,0,0,0.0,0,0,0,0,0,0.0,0.0,0.0,0,0,0,40.1,0.0,0.0,0.33,0.0,22.5,95.4,84.51017531752586,44.62546229362488,35.00951957702637,63.01142740249634,27.634076595306396,2399.0,44.2359516029901,0.15200507421104703,81.29067195998505,0.0,0.0,99.7,99.7,0.0,0.0,0.0,450.0,4396.2,0.0,0.0,56.13,1.142,57.272,25.506,1.632,55.64,emon,0.958,0.706,35.6,22.2,1.602
2026-09-29 23:07:04.649,5.8,0,100,8;25;5;6;0;0;0;0;2;0;0;0;100;6;3;0;0;0;0;0;0;0;0;0;2;2;2;2,1204,4798,4342;3464;4176;4183;2103;1204;1205;1326;1971;1343;1401;1283;4798;4796;3729;3325;2503;1285;1211;1227;1316;1273;1451;2438;2374;2426;2361;2298,100.0,0.0,4396.2,1,10,849,12227,30,6.8,2565,14001,1,16,0,0,0,0,0.0,0,0,0,0,0,0.0,0.0,0.0,0,0,0,40.1,0.0,0.0,0.33,0.0,22.5,95.4,87.79896661213466,47.296016693115234,36.70264680044992,66.48924527849469,28.903546742030553,2399.0,46.153160478753435,0.16550362718823766,85.7437168205423,0.0,0.0,99.6,99.6,0.0,0.0,0.0,450.0,4396.2,0.0,0.0,55.403,1.113,56.516,24.205,1.549,54.967,emon,0.959,0.708,35.6,22.1,1.609
2026-09-29 23:07:05.650,6.4,0,100,9;16;8;11;0;0;0;0;0;0;0;0;100;12;9;8;0;2;0;0;0;0;0;0;0;0;3;2,1202,4799,4517;3517;4034;3690;1202;1734;1210;1247;1220;1260;1220;1218;4799;4799;3818;3867;1254;1596;1328;1392;1247;1638;1233;1541;2191;2248;2208;2387,100.0,0.0,4396.2,1,8,849,12227,30,6.8,2565,14001,1,16,0,0,0,0,0.0,0,0,0,0,0,0.0,0.0,0.0,0,0,0,40.1,0.0,0.0,0.33,0.0,22.4,95.4,87.31361784253802,43.20114598955427,33.79026467459543,60.97212164742606,26.766593388148717,2399.0,42.707744596093626,0.15031860173413797,85.7320951542684,0.0,0.0,99.9,99.8,0.0,0.0,0.0,450.0,4396.2,0.0,0.0,55.403,1.113,56.516,24.205,1.549,54.967,emon,0.959,0.708,35.6,22.1,1.609
2026-09-29 23:07:06.650,5.9,0,100,6;23;3;8;0;0;0;0;0;0;0;0;100;8;5;11;0;0;0;0;0;0;0;0;0;0;0;0,1197,4800,4236;3534;3256;3775;1848;1414;2503;1567;1234;1325;1847;1750;4798;4800;3787;4368;1638;1224;1346;1197;1308;1301;1875;1254;2270;2378;2051;2148,78.0,0.0,4396.2,1,9,848,12227,30,6.8,2565,14001,1,16,0,0,0,0,0.0,0,0,0,0,0,0.0,0.0,0.0,0,0,0,40.1,0.0,0.0,0.33,0.0,22.5,95.4,82.25106563568116,43.9232432047526,34.543504333496095,62.1266123453776,27.367826843261717,2399.0,43.08755153677581,0.15168223505218822,80.02836951464414,0.0,0.0,99.8,99.7,0.0,0.0,0.0,450.0,4396.2,0.0,0.0,55.403,1.113,56.516,24.205,1.549,54.967,emon,0.959,0.708,35.6,22.1,1.609
2026-09-29 23:07:07.650,6.8,0,97,6;22;14;5;0;0;0;0;0;0;0;2;97;8;9;6;0;0;1;0;0;0;0;0;6;6;5;5,1137,4799,4375;3389;3648;3865;1766;1137;1613;1189;1346;1246;1313;1554;4794;4799;3691;3489;1325;1285;1450;2359;1249;1299;1597;1260;2161;2243;2434;2252,78.0,0.0,4396.2,1,8,849,12227,30,6.8,2565,14001,1,16,0,0,0,0,0.0,0,0,0,0,0,0.0,0.0,0.0,0,0,0,40.1,0.0,0.0,0.33,0.0,22.5,95.4,76.83359720490195,39.91464060003107,31.168591239235617,56.288103970614344,24.551446654579856,2399.0,39.282866875207134,0.1389420406406068,72.78074696998705,0.0,0.0,99.6,99.6,0.0,0.0,0.0,450.0,4396.2,0.0,0.0,55.403,1.113,56.516,24.205,1.549,54.967,emon,0.959,0.708,35.6,22.1,1.609
2026-09-29 23:07:08.651,6.1,0,98,2;27;8;6;0;0;0;0;0;0;0;0;98;8;11;8;0;0;0;0;0;0;2;0;3;0;0;0,1189,4792,4261;3287;4112;3625;1269;1687;1223;2272;1378;2144;1578;1889;4792;4780;4204;3814;1189;1732;1506;1528;1303;1246;1888;1423;2516;2289;2121;2243,100.0,0.0,4396.2,1,9,848,12227,30,6.8,2565,14001,1,16,0,0,0,0,0.0,0,0,0,0,0,0.0,0.0,0.0,0,0,0,40.1,0.0,0.0,0.33,0.0,22.5,95.4,84.61687856912613,44.586479902267456,34.65789246559143,62.73061180114746,27.270716190338135,2399.0,43.6600861124316,0.1566615496412851,81.3001651102677,0.0,0.0,99.7,99.7,0.0,0.0,0.0,450.0,4396.2,0.0,0.0,55.403,1.113,56.516,24.205,1.549,54.967,emon,0.959,0.708,35.6,22.1,1.609
2026-09-29 23:07:09.651,7.2,0,100,18;32;11;9;0;0;0;2;0;0;0;0;100;8;8;5;0;0;2;0;0;0;3;0;2;0;2;2,1171,4788,4569;3416;3845;3444;2240;1410;1412;2349;1318;1363;1914;1464;4788;4783;3881;3778;1297;1371;2370;1220;1211;1171;2314;1202;2206;2081;2138;2241,61.9,0.0,4396.2,2,9,849,12227,30,6.8,2565,14001,1,16,0,0,0,0,0.0,0,0,0,0,0,0.0,0.0,0.0,0,0,0,40.1,0.0,0.0,0.33,0.0,22.4,95.4,86.65254034314837,47.24505097525461,36.66903414045061,66.44334629603794,28.991520472935267,2399.0,46.590027437304215,0.16178827832585999,85.7276554246034,0.0,0.0,99.8,99.7,0.0,0.0,0.0,450.0,4396.2,0.0,0.0,55.403,1.113,56.516,24.205,1.549,54.967,emon,0.959,0.708,35.6,22.1,1.609
2026-09-29 23:07:10.652,6.4,0,100,8;35;6;8;0;0;0;2;0;0;0;0;100;5;3;5;0;0;0;0;0;0;2;0;2;2;3;0,1066,4793,4423;3504;4119;3846;1212;1472;1258;1370;1247;1284;1826;1299;4791;4793;3960;3786;1301;1071;1208;1066;1328;1315;2893;1195;2227;2278;2451;2052,91.9,0.0,4396.2,2,13,848,12227,30,6.8,2565,14001,1,16,0,0,0,0,0.0,0,0,0,0,0,0.0,0.0,0.0,0,0,0,40.1,0.0,0.0,0.33,0.0,22.5,95.4,75.30195319652557,37.657537380854286,30.136229912439983,53.701575756073,23.860899448394775,2399.0,37.67040142668217,0.12974596273852512,70.89642591774464,0.0,0.0,99.7,99.6,0.0,0.0,0.0,450.0,4396.2,0.0,0.0,55.403,1.113,56.516,24.205,1.549,54.967,emon,0.959,0.708,35.6,22.1,1.609
2026-09-29 23:07:11.652,7.0,0,100,11;27;9;6;0;0;0;0;0;0;0;0;100;9;23;4;0;0;0;0;0;0;0;0;2;2;2;2,1197,4799,4322;3436;3500;3775;2522;1381;1494;1217;1222;1220;1197;1982;4793;4799;4252;3689;1334;1362;1660;1420;1387;1447;1618;1375;2408;2232;2236;2300,74.0,0.0,4396.2,2,10,848,12227,30,6.8,2565,14001,1,16,0,0,0,0,0.0,0,0,0,0,0,0.0,0.0,0.0,0,0,0,40.1,0.0,0.0,0.33,0.0,22.5,95.4,82.79944663577609,42.70262082417806,33.42834917704264,60.282578786214195,26.365754657321506,2399.0,42.15197434167688,0.14792503663597423,77.84392815166049,0.0,0.0,99.7,99.7,0.0,0.0,0.0,450.0,4396.2,0.0,0.0,55.403,1.113,56.516,24.205,1.549,54.967,emon,0.959,0.708,35.6,22.1,1.609
2026-09-29 23:07:12.653,7.2,0,100,8;32;12;6;2;0;0;0;0;0;0;0;100;8;13;12;0;0;0;0;0;2;0;0;2;0;3;2,1331,4796,4398;3332;4012;3772;1863;2053;2115;1356;1875;1846;1483;1507;4794;4796;4147;4044;1368;2108;1337;1613;1546;2106;1507;1331;2273;2297;2534;2327,100.0,0.0,4396.2,2,10,847,12227,30,6.8,2565,14001,1,16,0,0,0,0,0.0,0,0,0,0,0,0.0,0.0,0.0,0,0,0,40.1,0.0,0.0,0.33,0.0,22.5,95.4,75.31402481685986,39.0098521492698,31.807994842529297,56.05966221202504,24.87200893055309,2399.0,39.480565920445684,0.1328596534334462,72.76131357286464,0.0,0.0,99.6,99.5,0.0,0.0,0.0,450.0,4396.2,0.0,0.0,55.403,1.113,56.516,24.205,1.549,54.967,emon,0.959,0.708,35.6,22.1,1.609
2026-09-29 23:07:13.653,6.2,0,100,9;27;8;12;2;0;1;2;0;0;0;0;100;2;5;3;0;0;0;0;0;0;0;0;0;3;2;0,1237,4790,4544;3371;3632;4252;1269;1237;1352;1242;1336;1662;1363;1460;4790;4776;3464;3735;1641;1763;1633;2421;1851;1850;2005;2326;2335;2197;2283;2261,77.1,0.0,4395.6,2,10,847,12227,30,6.8,2565,14001,1,16,0,0,0,0,0.0,0,0,0,0,0,0.0,0.0,0.0,0,0,0,40.1,0.0,0.0,0.33,0.0,22.4,95.4,82.77792206406593,44.3989372253418,35.25758671760559,63.07193088531494,27.795974135398865,2399.0,44.56215740984044,0.14942865683406126,81.26842239918187,0.0,0.0,99.8,99.7,0.0,0.0,0.0,450.0,4395.5,0.0,0.0,55.403,1.113,56.516,24.205,1.549,54.967,emon,0.959,0.708,35.6,22.1,1.609
2026-09-29 23:07:14.653,6.0,0,98,9;25;6;5;2;0;0;0;0;0;0;0;98;2;8;10;0;0;0;0;0;0;0;0;2;2;2;0,1213,4799,4414;3380;3956;3971;2687;1213;1429;1242;1822;1266;1353;1964;4794;4799;3802;3679;1534;1538;1357;1514;1621;1364;1273;1592;2507;2447;2423;2368,87.5,0.0,4395.5,1,11,848,12227,30,6.8,2565,14001,1,16,0,0,0,0,0.0,0,0,0,0,0,0.0,0.0,0.0,0,0,0,40.1,0.0,0.0,0.33,0.0,22.5,95.4,82.35544413328171,45.06936073303223,34.74927759170532,63.10482311248779,27.119253516197205,2399.0,43.7625329431321,0.157919098099228,81.26303364778869,0.0,0.0,99.5,99.5,0.0,0.0,0.0,450.0,4395.5,0.0,0.0,55.403,1.113,56.516,24.205,1.549,54.967,emon,0.959,0.708,35.6,22.1,1.609
2026-09-29 23:07:15.654,6.3,0,100,10;27;3;6;0;0;0;0;0;2;0;0;100;11;8;2;0;0;0;0;2;0;0;0;0;2;3;3,1212,4798,4464;3210;3769;3662;3211;1212;1497;1212;1599;1998;1334;2163;4797;4798;4191;3286;1733;1260;1590;1624;1888;1796;1391;1370;2233;2368;2162;2387,100.0,0.0,4395.5,3,11,849,12227,30,6.8,2565,14001,1,16,0,0,0,0,0.0,0,0,0,0,0,0.0,0.0,0.0,0,0,0,40.1,0.0,0.0,0.33,0.0,22.5,95.4,83.70733642578125,44.960174322128296,34.81436347961426,63.0867018699646,27.32630968093872,2399.0,43.80297772138147,0.1561969918984687,81.27970748534426,0.0,0.0,99.7,99.7,0.0,0.0,0.0,450.0,4395.5,0.0,0.0,55.926,0.968,56.895,22.074,1.413,55.482,emon,0.962,0.693,35.5,22.1,1.606
2026-09-29 23:07:16.654,6.2,0,100,3;24;11;3;0;0;0;2;0;4;0;0;100;5;6;5;0;0;0;0;0;0;3;0;0;2;3;3,1218,4799,4237;3041;4050;3788;1234;1429;1387;2252;2974;1775;1218;1511;4798;4799;3942;3959;1334;1302;1299;2212;1418;1412;2127;1253;2420;2416;2315;2348,100.0,0.0,4395.5,2,10,848,12227,30,6.8,2565,14001,1,16,0,0,0,0,0.0,0,0,0,0,0,0.0,0.0,0.0,0,0,0,40.1,0.0,0.0,0.33,0.0,22.5,95.4,81.4439795282152,42.91780429416232,33.27070871988932,60.23653030395508,26.206181632147896,2399.0,41.42524025757383,0.153312570337827,77.828544638844,0.0,0.0,99.7,99.7,0.0,0.0,0.0,450.0,4395.5,0.0,0.0,55.926,0.968,56.895,22.074,1.413,55.482,emon,0.962,0.693,35.5,22.1,1.606
2026-09-29 23:07:17.654,6.3,0,100,6;26;5;14;2;0;1;0;0;0;0;0;100;3;11;3;0;0;0;0;0;0;0;2;2;2;0;2,1220,4798,4080;3422;3743;4229;1247;1270;1593;1237;1592;1289;1266;1220;4798;4797;3898;3812;1832;1259;1382;2842;1263;1739;1923;1338;2086;2317;2220;2268,100.0,0.0,4395.5,3,12,847,12227,30,6.8,2565,14001,1,16,0,0,0,0,0.0,0,0,0,0,0,0.0,0.0,0.0,0,0,0,40.1,0.0,0.0,0.33,0.0,22.5,95.4,79.85123690436868,41.84345694149242,32.932224722469556,59.17555730483111,26.147692736457376,2399.0,41.30647787116194,0.144097245983122,76.5156885762425,0.0,0.0,99.8,99.7,0.0,0.0,0.0,450.0,4395.5,0.0,0.0,55.926,0.968,56.895,22.074,1.413,55.482,emon,0.962,0.693,35.5,22.1,1.606
2026-09-29 23:07:18.655,6.1,0,98,14;22;12;5;0;0;0;0;0;0;0;0;98;5;8;2;0;0;0;0;0;0;0;0;3;2;0;2,1163,4799,4517;3268;4049;3693;1238;1163;1253;1218;1218;1212;1218;1208;4799;4799;3868;2919;1353;2628;1802;2311;1221;1360;1354;1194;2297;2171;2222;2422,93.1,0.0,4395.5,4,11,849,12227,30,6.8,2565,14001,1,16,0,0,0,0,0.0,0,0,0,0,0,0.0,0.0,0.0,0,0,0,40.1,0.0,0.0,0.33,0.0,22.5,95.4,78.50429456233978,41.103913116455075,32.20148239135742,58.00383529663086,25.35214729309082,2399.0,40.63709069052711,0.14075995641760528,75.04278725981712,0.0,0.0,99.7,99.7,0.0,0.0,0.0,450.0,4395.5,0.0,0.0,55.926,0.968,56.895,22.074,1.413,55.482,emon,0.962,0.693,35.5,22.1,1.606
2026-09-29 23:07:19.655,6.7,0,100,6;31;16;6;0;0;0;3;0;0;0;0;100;8;6;6;0;0;0;0;0;0;0;0;3;2;0;2,1212,4796,4430;3452;4143;3290;1374;1216;1309;1540;1286;1240;1212;1212;4794;4796;3401;3720;1531;1844;1340;1409;1429;1355;1264;1230;2451;2391;2121;2307,100.0,0.0,4395.5,2,10,849,12227,30,6.8,2565,14001,1,16,0,0,0,0,0.0,0,0,0,0,0,0.0,0.0,0.0,0,0,0,41.1,0.0,0.0,0.33,0.0,22.4,95.4,75.07923327551947,39.73189565870497,30.998663584391277,55.937005784776474,24.457606315612793,2399.0,38.84620348901566,0.13808716555488193,72.2594853926243,0.0,0.0,99.7,99.7,0.0,0.0,0.0,450.0,4395.5,0.0,0.0,55.926,0.968,56.895,22.074,1.413,55.482,emon,0.962,0.693,35.5,22.1,1.606
2026-09-29 23:07:20.655,6.6,0,100,5;31;8;6;0;0;0;0;0;0;0;0;100;6;8;6;0;0;0;0;0;0;0;0;3;6;6;0,1208,4799,4274;3412;3330;3677;2163;1358;1347;1429;1251;1904;1256;1255;4799;4799;4184;3873;1208;1211;1214;1217;1489;1210;1318;1237;2460;2322;2507;2269,100.0,0.0,4395.5,2,11,848,12227,30,6.8,2565,14001,1,16,0,0,0,0,0.0,0,0,0,0,0,0.0,0.0,0.0,0,0,0,40.1,0.0,0.0,0.33,0.0,22.5,95.4,82.0840435663859,42.64249432881673,35.45036926269531,61.81818593343099,29.29477030436198,2399.0,42.27384005530427,0.1444023544124017,80.02425739516815,0.0,0.0,99.7,99.7,0.0,0.0,0.0,450.0,4395.5,0.0,0.0,55.926,0.968,56.895,22.074,1.413,55.482,emon,0.962,0.693,35.5,22.1,1.606
2026-09-29 23:07:21.656,6.3,0,100,9;31;9;6;0;0;0;2;0;0;0;0;100;2;5;6;0;0;0;0;0;0;0;0;2;2;0;2,1208,4796,4371;3265;4158;3467;1232;1239;1219;1640;2061;1352;1797;1302;4796;4791;3299;3941;1208;1211;1213;1212;1238;1490;1322;1220;2216;2177;2112;2098,100.0,0.0,4395.5,4,11,848,12227,30,6.8,2565,14001,1,16,0,0,0,0,0.0,0,0,0,0,0,0.0,0.0,0.0,0,0,0,40.1,0.0,0.0,0.33,0.0,22.4,95.4,81.79418343967862,41.717359436882866,32.40476523505317,58.649371253119575,25.567657258775498,2399.0,41.14002194073206,0.14434858163197836,77.82746667580471,0.0,0.0,99.7,99.7,0.0,0.0,0.0,450.0,4395.5,0.0,0.0,55.926,0.968,56.895,22.074,1.413,55.482,emon,0.962,0.693,35.5,22.1,1.606
2026-09-29 23:07:22.656,6.5,0,95,9;22;6;8;2;0;0;0;2;1;0;0;95;12;6;5;1;0;1;0;0;2;0;0;2;2;3;3,1253,4794,4463;3418;3264;4003;1820;2048;1658;1443;2399;3297;1377;1253;4794;4786;3774;3551;2841;1310;1928;1371;1625;2212;1444;1335;2173;2456;2294;2166,0.0,0.0,4395.5,4,11,848,12227,30,6.8,2565,14001,1,16,0,0,0,0,0.0,0,0,0,0,0,0.0,0.0,0.0,0,0,0,40.1,0.0,0.0,0.33,0.0,22.5,95.4,89.81469767434257,47.11979866027832,36.47004236493792,66.12137767246791,28.805946895054408,2399.0,46.288460187214824,0.16283876475478923,85.77166765502521,0.0,0.0,99.8,99.8,0.0,0.0,0.0,450.0,4395.5,0.0,0.0,55.926,0.968,56.895,22.074,1.413,55.482,emon,0.962,0.693,35.5,22.1,1.606
2026-09-29 23:07:23.657,6.0,0,100,8;22;5;8;0;0;0;0;0;0;0;0;100;6;5;11;0;0;0;0;0;0;2;0;2;2;0;0,1230,4800,4285;3397;3178;3866;1378;2350;1230;1401;1303;2340;2229;1357;4795;4800;3581;4046;2122;1552;2661;1851;1667;1490;1640;1514;2300;2206;2315;2191,100.0,0.0,4395.5,4,13,848,12227,30,6.8,2565,14001,1,16,0,0,0,0,0.0,0,0,0,0,0,0.0,0.0,0.0,0,0,0,40.1,0.0,0.0,0.33,0.0,22.4,95.4,80.03851985931396,42.670218573676216,33.24961895412869,60.05786259969076,26.25489552815755,2399.0,41.52309110050555,0.14847520621131277,77.8044232999285,0.0,0.0,99.7,99.7,0.0,0.0,0.0,450.0,4395.5,0.0,0.0,55.926,0.968,56.895,22.074,1.413,55.482,emon,0.962,0.693,35.5,22.1,1.606
2026-09-29 23:07:24.657,7.3,0,97,13;20;14;8;0;0;0;0;0;0;0;0;97;8;20;8;0;0;3;2;0;0;2;0;0;5;3;2,1315,4799,4367;3326;3985;3482;1380;1419;2246;1315;1385;1374;3316;1745;4791;4799;4370;3818;1994;2991;1839;2680;2345;1614;2409;1491;2091;2430;2369;2240,31.3,0.0,4396.2,3,9,848,12227,30,6.8,2565,14001,1,16,0,0,0,0,0.0,0,0,0,0,0,0.0,0.0,0.0,0,0,0,40.1,0.0,0.0,0.33,0.0,22.5,95.4,79.32114033699035,40.34857063293457,32.46735610961914,57.52654609680176,24.97279510498047,2399.0,39.634155317978,0.14350287115667015,75.06310953572392,0.0,0.0,99.8,99.7,0.0,0.0,0.0,450.0,4396.2,0.0,0.0,55.926,0.968,56.895,22.074,1.413,55.482,emon,0.962,0.693,35.5,22.1,1.606
2026-09-29 23:07:25.657,8.3,0,100,17;30;8;14;0;1;2;0;0;0;0;0;100;14;3;5;0;2;3;2;3;2;0;2;6;9;2;8,1254,4797,4553;3321;3701;3951;1292;2827;2889;1260;1371;1399;1254;2384;4797;4793;3642;3540;2704;2422;2488;2647;3176;2687;2119;2760;2402;2485;2379;2605,100.0,0.0,4396.2,3,10,848,12227,30,6.8,2565,14001,1,16,0,0,0,0,0.0,0,0,0,0,0,0.0,0.0,0.0,0,0,0,40.1,0.0,0.0,0.33,0.0,22.5,95.4,83.17321103811264,44.17692732810974,34.650222063064575,62.44138717651367,27.35312294960022,2399.0,43.730841640528524,0.15184943753411062,81.27715433109552,0.0,0.0,99.6,99.6,0.0,0.0,0.0,450.0,4396.2,0.0,0.0,55.926,0.968,56.895,22.074,1.413,55.482,emon,0.962,0.693,35.5,22.1,1.606
2026-09-29 23:07:26.657,6.2,0,100,8;20;8;5;1;0;0;0;0;0;0;0;100;9;5;8;0;0;2;0;2;0;0;0;0;5;2;0,1207,4799,4410;3615;4140;4019;1612;1940;1207;2795;1317;1255;1499;1407;4798;4799;4081;4188;1842;1295;2175;1402;1924;1447;1859;1573;2270;2500;2433;2061,100.0,0.0,4396.2,0,6,848,12227,30,6.8,2565,14001,1,16,0,0,0,0,0.0,0,0,0,0,0,0.0,0.0,0.0,0,0,0,41.1,0.0,0.0,0.33,0.0,22.5,95.4,84.21222358279758,42.07113350762261,33.281268225775825,59.708129035102,26.267643928527832,2399.0,42.012688768238554,0.14549087029364374,77.85944050716029,0.0,0.0,99.7,99.6,0.0,0.0,0.0,450.0,4396.2,0.0,0.0,56.052,1.085,57.137,22.763,1.457,55.68,emon,0.96,0.673,36.0,22.2,1.622
2026-09-29 23:07:27.658,6.6,0,100,9;16;8;14;0;0;2;0;0;0;0;0;100;9;8;9;0;0;0;0;0;0;0;0;2;2;3;3,1218,4801,4423;3162;4221;3605;1562;1301;1442;1405;1219;1311;1218;1219;4797;4801;4123;3889;1374;1879;1656;1321;1332;1356;1690;1452;2016;2386;2169;2229,100.0,0.0,4396.2,3,10,848,12227,30,6.8,2565,14001,1,16,0,0,0,0,0.0,0,0,0,0,0,0.0,0.0,0.0,0,0,0,40.1,0.0,0.0,0.33,0.0,22.5,95.4,84.14935576915741,44.92656588554382,34.810654640197754,63.136133670806885,27.368720769882202,2399.0,43.94435978484398,0.15653417349676602,81.28143500583246,0.0,0.0,99.9,99.8,0.0,0.0,0.0,450.0,4396.2,0.0,0.0,56.052,1.085,57.137,22.763,1.457,55.68,emon,0.96,0.673,36.0,22.2,1.622
2026-09-29 23:07:28.658,6.4,0,100,5;28;5;6;0;4;0;0;0;0;0;0;100;6;9;9;0;0;0;1;0;0;0;0;3;0;2;2,1190,4799,4292;3387;3803;3847;1711;1608;1368;1671;1314;1416;1255;1292;4797;4799;4198;4007;1333;1741;1447;2355;1280;1773;1190;1473;2500;2476;2313;2531,100.0,0.0,4396.2,0,7,848,12227,30,6.8,2565,14001,1,16,0,0,0,0,0.0,0,0,0,0,0,0.0,0.0,0.0,0,0,0,40.1,0.0,0.0,0.33,0.0,22.5,95.4,84.72192639112473,43.29676961898804,34.186866998672485,61.37629580497742,27.0384703874588,2399.0,43.08205997875484,0.14932002914429177,81.29481511283666,0.0,0.0,99.7,99.7,0.0,0.0,0.0,450.0,4396.2,0.0,0.0,56.052,1.085,57.137,22.763,1.457,55.68,emon,0.96,0.673,36.0,22.2,1.622
2026-09-29 23:07:29.659,6.5,0,100,3;31;3;12;3;0;0;2;0;0;0;0;100;6;6;5;0;0;1;0;0;2;0;0;2;0;3;2,1218,4800,4310;3483;3666;4003;3336;1283;1515;2094;3078;1218;1676;1297;4797;4800;3096;3666;1372;1326;2045;1569;1336;1744;3062;1306;2284;2270;2353;2324,100.0,0.0,4396.2,0,15,848,12227,30,6.8,2565,14001,1,16,0,0,0,0,0.0,0,0,0,0,0,0.0,0.0,0.0,0,0,0,40.1,0.0,0.0,0.33,0.0,22.5,95.4,76.02238626913591,39.71439396251332,31.036746631969105,56.03491488370028,24.507090308449484,2399.0,39.26944991276303,0.13737573131749575,72.76952899315141,0.0,0.0,99.8,99.7,0.0,0.0,0.0,450.0,4396.2,0.0,0.0,56.052,1.085,57.137,22.763,1.457,55.68,emon,0.96,0.673,36.0,22.2,1.622
2026-09-29 23:07:30.660,6.0,0,98,9;19;13;5;0;2;0;0;0;0;0;0;98;6;6;6;0;0;0;0;0;0;0;0;2;2;0;0,1236,4793,4534;3316;4279;3629;1503;3164;1420;1309;1287;1301;3032;1403;4793;4786;4253;3859;1737;1253;1436;1236;2139;1397;1743;1326;2294;2272;2404;2147,29.7,0.0,4396.2,0,6,848,12227,30,6.8,2565,14001,1,16,0,0,0,0,0.0,0,0,0,0,0,0.0,0.0,0.0,0,0,0,40.1,0.0,0.0,0.33,0.0,22.5,95.4,88.2064926964896,47.50976998465402,36.54975482395717,66.52696228027344,28.572398321969168,2399.0,45.9891045272816,0.16646996010760112,85.74539198513541,0.0,0.0,99.6,99.6,0.0,0.0,0.0,450.0,4396.2,0.0,0.0,56.052,1.085,57.137,22.763,1.457,55.68,emon,0.96,0.673,36.0,22.2,1.622
2026-09-29 23:07:31.660,7.1,0,98,6;22;12;12;0;2;1;0;0;0;0;0;98;6;6;11;1;0;2;3;0;0;0;0;3;3;3;5,1160,4795,4355;3441;4202;4101;1259;1160;1637;1365;1725;1516;1354;1529;4795;4794;3430;4095;1580;1268;2405;1404;1242;1218;1418;1217;2149;2073;2075;2090,100.0,0.0,4396.2,1,8,848,12227,30,6.8,2565,14001,1,16,0,0,0,0,0.0,0,0,0,0,0,0.0,0.0,0.0,0,0,0,41.1,0.0,0.0,0.33,0.0,22.5,95.4,79.63555415471394,42.73729112413194,33.458813985188804,60.354632483588325,26.424184799194336,2399.0,42.446448269584735,0.14557280216831714,77.80140639179282,0.0,0.0,99.7,99.7,0.0,0.0,0.0,450.0,4396.2,0.0,0.0,56.052,1.085,57.137,22.763,1.457,55.68,emon,0.96,0.673,36.0,22.2,1.622
2026-09-29 23:07:32.660,7.2,0,100,14;26;9;8;0;0;0;1;2;0;3;3;100;17;5;6;0;0;0;0;0;0;0;2;2;0;2;2,1195,4797,4430;3453;4096;3520;1330;1659;1624;2873;3224;2615;3555;3025;4796;4797;3713;3672;1480;1413;1563;1436;1195;1199;1564;2054;2166;2358;2209;1950,100.0,0.0,4396.2,1,8,846,12227,30,6.8,2565,14001,1,16,0,0,0,0,0.0,0,0,0,0,0,0.0,0.0,0.0,0,0,0,40.1,0.0,0.0,0.33,0.0,22.5,95.4,84.10368698835373,44.166099548339844,34.78531193733215,62.361080169677734,26.714709520339966,2399.0,43.07757013072114,0.15310550585854799,81.28124865842983,0.0,0.0,99.7,99.7,0.0,0.0,0.0,450.0,4396.2,0.0,0.0,56.052,1.085,57.137,22.763,1.457,55.68,emon,0.96,0.673,36.0,22.2,1.622
2026-09-29 23:07:33.661,7.0,0,98,15;23;12;14;0;0;0;0;2;2;0;0;98;3;6;5;2;0;0;0;0;0;2;0;3;3;3;3,1247,4793,4454;3384;4147;4112;1433;1965;1605;1832;1494;1550;1833;1247;4793;4785;3761;3727;3419;3236;3127;2718;1636;1453;1921;2202;2255;2413;2395;2344,89.9,0.0,4395.5,0,9,847,12227,30,6.8,2565,14001,1,16,0,0,0,0,0.0,0,0,0,0,0,0.0,0.0,0.0,0,0,0,41.1,0.0,0.0,0.33,0.0,22.5,95.4,80.85640388064914,42.803176667955185,33.32040044996474,60.21095403035482,26.2542626063029,2399.0,41.4973711963135,0.15001357816314945,77.82010582110121,0.0,0.0,99.9,99.9,0.0,0.0,0.0,450.0,4396.2,0.0,0.0,56.052,1.085,57.137,22.763,1.457,55.68,emon,0.96,0.673,36.0,22.2,1.622
2026-09-29 23:07:34.661,5.8,0,100,11;21;5;9;2;0;0;0;2;0;0;0;100;2;8;2;0;2;0;0;0;0;0;0;0;0;0;0,1201,4799,4560;3383;3958;4009;2452;1371;1524;1861;1273;1371;1519;1910;4799;4798;3789;3689;2525;3347;1344;1422;1201;1239;1434;1500;2316;2286;2319;2437,100.0,0.0,4395.5,0,8,848,12227,30,6.8,2565,14001,1,16,0,0,0,0,0.0,0,0,0,0,0,0.0,0.0,0.0,0,0,0,40.1,0.0,0.0,0.33,0.0,22.5,95.4,80.65594286077163,42.20091090482824,32.72791424919577,59.250659718232995,25.537776834824506,2399.0,41.13080600815524,0.14778730958042777,76.52990127968438,0.0,0.0,99.6,99.5,0.0,0.0,0.0,450.0,4395.5,0.0,0.0,56.052,1.085,57.137,22.763,1.457,55.68,emon,0.96,0.673,36.0,22.2,1.622
2026-09-29 23:07:35.662,6.1,0,100,11;12;5;6;2;1;0;0;0;0;0;2;100;8;14;3;0;0;0;0;0;0;5;0;0;2;0;0,1297,4798,4503;3311;3643;3726;2948;3258;1733;2234;1334;1469;1551;2246;4797;4798;4380;3496;2726;1374;1297;1397;2428;1303;2082;1633;2017;2223;1955;1894,100.0,0.0,4395.5,0,8,848,12227,30,6.6,2565,14001,1,16,0,0,0,0,0.0,0,0,0,0,0,0.0,0.0,0.0,0,0,0,40.1,0.0,0.0,0.33,0.0,22.5,95.4,84.4740618467331,41.41999363899231,32.032442808151245,58.08244705200195,25.048906087875366,2399.0,40.39354495360749,0.14590865233913064,81.2962306914851,0.0,0.0,99.9,99.8,0.0,0.0,0.0,450.0,4395.5,0.0,0.0,56.052,1.085,57.137,22.763,1.457,55.68,emon,0.96,0.673,36.0,22.2,1.622
2026-09-29 23:07:36.682,6.3,0,97,8;18;11;8;0;0;1;0;1;1;0;0;97;5;14;4;0;0;1;0;0;0;0;0;2;5;2;0,1203,4799,4259;3245;3715;4145;1253;1236;1987;1274;2159;1819;1810;1640;4799;4799;4032;4094;1203;1574;1624;1269;1236;1256;2023;1223;2312;2323;2414;2259,100.0,0.0,4395.5,0,7,848,12227,30,6.6,2565,14001,1,16,0,0,0,0,0.0,0,0,0,0,0,0.0,0.0,0.0,0,0,0,40.1,0.0,0.0,0.33,0.0,22.5,95.4,84.35441687703133,45.071911334991455,34.614673376083374,63.00205993652344,26.93050718307495,2399.0,43.677791047957726,0.15751559313503094,81.2899457947351,0.0,0.0,99.8,99.8,0.0,0.0,0.0,450.0,4395.5,0.0,0.0,55.362,1.104,56.466,24.051,1.539,54.927,emon,0.959,0.697,35.6,22.2,1.607
2026-09-29 23:07:37.682,3.1,0,50,5;8;6;6;0;0;0;0;0;0;0;0;50;2;3;5;0;0;0;0;0;0;0;0;0;0;0;2,1132,4596,4118;3239;3416;3178;1468;1892;2633;1364;1367;1689;1838;1552;4596;4473;3767;3602;2110;1773;1362;1132;1648;1409;1569;1476;2423;2524;2409;2398,78.3,0.0,4395.5,0,7,848,12227,30,6.6,2565,14001,1,16,0,0,0,0,0.0,0,0,0,0,0,0.0,0.0,0.0,0,0,0,37.1,0.0,0.0,0.33,0.0,22.5,95.4,87.72945159673691,48.70762538909912,36.90476989746094,67.68414211273193,28.91115930210799,2399.0,47.329911820808775,0.16988577041774988,87.50017844187096,0.0,0.0,99.7,99.7,0.0,0.0,0.0,450.0,4395.5,0.0,0.0,55.362,1.104,56.466,24.051,1.539,54.927,emon,0.959,0.697,35.6,22.2,1.607
2026-09-29 23:07:38.682,2.6,0,27,6;15;6;2;1;0;0;0;0;0;0;0;27;2;6;2;0;0;0;0;0;0;0;0;2;2;0;3,1164,4293,3811;3368;3139;2176;1177;1222;1193;1244;1223;1240;1231;1229;4293;3686;2684;2021;1189;1221;1186;1219;1449;1164;1178;1220;2568;2486;2475;2454,0.0,0.0,4395.5,1,8,846,12227,30,6.6,2565,14001,1,16,0,0,0,0,0.0,0,0,0,0,0,0.0,0.0,0.0,0,0,0,36.1,0.0,0.0,0.33,0.0,22.5,95.4,94.89569091796875,0.0,0.0,0.0,0.9247567653656006,1799.0,0.09558604517951608,0.585207000374794,50.062084548175335,0.0,0.0,24.5,24.4,0.0,0.0,0.1,450.0,4395.5,0.0,0.0,55.362,1.104,56.466,24.051,1.539,54.927,emon,0.959,0.697,35.6,22.2,1.607
2026-09-29 23:07:39.683,3.1,0,29,8;17;5;2;1;0;0;0;0;0;0;0;29;2;5;3;0;0;0;0;1;3;0;0;5;2;2;5,1137,4304,4183;3476;3626;2682;2161;1630;1526;1903;1194;1290;1542;1137;4304;3631;3335;3345;1218;1227;1185;2311;1713;1286;1335;1348;2474;2315;2371;2252,0.0,0.0,4395.5,0,13,846,12227,30,6.6,2565,14001,1,16,0,0,0,0,0.0,0,0,0,0,0,0.0,0.0,0.0,0,0,0,36.1,0.0,0.0,0.32,0.0,22.5,95.4,94.89569091796875,0.0,0.0,0.0,0.9247567653656006,1799.0,0.09558604517951608,0.585207000374794,50.062084548175335,0.0,0.0,1.0,0.0,0.0,0.0,0.9,450.0,4395.5,0.0,0.0,55.362,1.104,56.466,24.051,1.539,54.927,emon,0.959,0.697,35.6,22.2,1.607
2026-09-29 23:07:40.683,2.6,0,30,5;9;3;5;0;0;0;0;0;0;0;0;30;0;0;6;0;0;0;0;0;0;0;0;3;5;2;5,995,4272,3696;3227;2920;3519;1852;1028;1028;1133;1180;995;1061;1113;4272;3644;3332;3501;1424;1196;1078;1108;1132;1155;1265;1153;2495;2373;2419;2567,0.0,0.0,4395.5,0,11,846,12227,30,6.8,2565,14001,1,16,0,0,0,0,0.0,0,0,0,0,0,0.0,0.0,0.0,0,0,0,36.1,0.0,0.0,0.32,0.0,22.5,95.4,94.89569091796875,0.0,0.0,0.0,0.9247567653656006,1799.0,0.09558604517951608,0.585207000374794,50.062084548175335,0.0,0.0,2.0,0.0,0.0,0.0,2.4,450.0,4395.5,0.0,0.0,55.362,1.104,56.466,24.051,1.539,54.927,emon,0.959,0.697,35.6,22.2,1.607
2026-09-29 23:07:41.684,2.4,0,38,0;14;3;5;0;0;0;0;0;0;0;0;38;0;3;2;0;0;0;0;0;0;0;0;2;0;0;2,1108,4367,3784;3025;3682;3779;1312;1340;1210;1212;1272;1276;1167;1270;4367;3527;3520;2897;1121;1108;1283;1122;1246;1143;1156;1322;2539;2299;2320;2408,0.0,0.0,4395.5,0,7,847,12227,30,6.8,2565,14001,1,16,0,0,0,0,0.0,0,0,0,0,0,0.0,0.0,0.0,0,0,0,36.1,0.0,0.0,0.32,0.0,22.6,95.4,94.89569091796875,0.0,0.0,0.0,0.9247567653656006,1799.0,0.09558604517951608,0.585207000374794,50.062084548175335,0.0,0.0,2.0,0.0,0.0,0.0,2.5,450.0,4395.5,0.0,0.0,55.362,1.104,56.466,24.051,1.539,54.927,emon,0.959,0.697,35.6,22.2,1.607
2026-09-29 23:07:42.685,4.6,0,73,6;12;9;8;0;0;2;0;0;0;0;0;73;0;5;11;0;0;0;0;0;0;0;0;0;0;0;2,1151,4729,4277;3543;3999;3962;1675;1597;3261;2441;2170;2737;1619;1546;4729;4502;3463;3975;1735;2246;1781;1419;1160;1151;1601;1185;2368;2323;2241;2566,0.0,0.0,4395.5,0,10,847,12227,30,6.8,2565,14001,1,16,0,0,0,0,0.0,0,0,0,0,0,0.0,0.0,0.0,0,0,0,38.1,0.0,0.0,0.32,0.0,22.9,95.4,94.89569091796875,0.0,0.0,0.0,0.9247567653656006,1799.0,0.09558604517951608,0.585207000374794,50.062084548175335,0.0,0.0,3.0,0.0,0.0,0.0,3.8,450.0,4395.5,0.0,0.0,55.362,1.104,56.466,24.051,1.539,54.927,emon,0.959,0.697,35.6,22.2,1.607
2026-09-29 23:07:43.685,5.8,0,100,2;20;8;3;0;0;2;0;2;0;0;0;100;8;6;6;2;2;0;0;0;0;0;0;0;2;2;0,1249,4798,4113;3370;3448;3271;1552;1606;2517;1460;1605;2149;1336;2785;4798;4797;4149;4034;1696;2353;1249;1505;1304;1275;2526;1254;2084;2347;2272;2286,0.0,0.0,4529.7,0,11,848,12227,30,6.8,2565,14001,1,16,0,0,0,0,0.0,0,0,0,0,0,0.0,0.0,0.0,0,0,0,38.1,0.0,0.0,0.32,0.0,22.9,95.4,99.99999694824218,62.21336784362793,37.54386863708496,79.4743034362793,2.587719654105604,2399.0,7.711396139860153,0.951416278257966,100.0000015258789,0.0,0.0,86.2,82.3,0.0,0.0,0.4,450.0,4529.7,0.0,0.0,55.362,1.104,56.466,24.051,1.539,54.927,emon,0.959,0.697,35.6,22.2,1.607
2026-09-29 23:07:44.685,6.4,0,100,11;18;6;5;0;0;0;0;0;0;0;0;100;5;16;8;0;0;0;0;0;0;2;0;3;4;2;0,1218,4800,4487;3360;3677;3564;1226;1230;1543;1424;1618;1888;1257;1289;4800;4799;4087;3797;1222;1228;1218;2140;1357;1413;2441;1308;2431;2214;2320;2127,0.0,0.0,4529.7,0,7,847,12227,30,6.8,2565,14001,1,16,0,0,0,0,0.0,0,0,0,0,0,0.0,0.0,0.0,0,0,0,39.1,0.0,0.0,0.32,0.0,22.9,95.4,99.99999923706055,61.94876136779785,37.907450103759764,79.60247497558593,2.541298648156226,2399.0,7.825133740901947,0.9107147254049778,99.99999923706055,0.0,0.0,100.0,100.0,0.0,0.0,0.0,450.0,4529.7,0.0,0.0,55.362,1.104,56.466,24.051,1.539,54.927,emon,0.959,0.697,35.6,22.2,1.607
2026-09-29 23:07:45.685,6.4,0,53,3;21;8;11;0;0;0;0;0;0;0;2;53;47;9;9;0;0;0;0;0;0;0;0;3;5;5;5,1187,4783,4051;4051;4133;4293;1250;1259;1460;1220;1945;1215;1218;1212;4653;4783;4133;4033;1227;1655;1572;1230;1480;1187;1292;1400;2178;2084;2071;2109,0.0,0.0,4529.7,0,7,847,12227,30,6.8,2565,14001,1,16,0,0,0,0,0.0,0,0,0,0,0,0.0,0.0,0.0,0,0,0,39.1,0.0,0.0,0.32,0.0,22.8,95.4,100.00000076293945,61.464206314086915,38.35458145141602,79.62454299926758,2.531341575458646,2399.0,7.419062942266464,0.8955215860158205,100.00000076293945,0.0,0.0,100.0,100.0,0.0,0.0,0.0,450.0,4529.7,0.0,0.0,55.362,1.104,56.466,24.051,1.539,54.927,emon,0.959,0.697,35.6,22.2,1.607
2026-09-29 23:07:46.686,6.2,0,56,5;26;11;9;0;0;0;0;0;0;0;0;56;42;6;8;0;0;0;0;2;0;0;0;3;3;2;0,1153,4787,4161;3938;3979;3917;1181;1300;1415;2423;1456;1303;1391;1376;4671;4787;3825;4040;1945;1510;1724;1153;2566;1724;1658;1315;2544;2569;2368;2218,0.0,0.0,4529.7,0,9,847,12227,30,6.8,2565,14001,1,16,0,0,0,0,0.0,0,0,0,0,0,0.0,0.0,0.0,0,0,0,39.1,0.0,0.0,0.32,0.0,22.8,95.4,100.0,61.96919136047363,37.82808570861816,79.65916137695312,2.3313503162935376,2399.0,7.231850808858871,0.8645437858998776,100.0,0.0,0.0,100.0,100.0,0.0,0.0,0.0,450.0,4529.7,0.0,0.0,55.362,1.104,56.466,24.051,1.539,54.927,emon,0.959,0.697,35.6,22.2,1.607
2026-09-29 23:07:47.686,5.8,0,61,11;24;6;8;0;0;2;0;0;0;0;0;61;34;6;6;0;2;0;0;0;0;0;0;0;2;0;0,1212,4770,4519;4240;3848;3999;1570;2566;2558;1691;2271;1780;2530;2037;4629;4770;3762;3627;1693;1790;1563;2077;1221;1867;1212;1768;2154;2434;2069;2185,77.0,0.0,4529.8,0,7,846,12227,30,6.8,2565,14001,1,16,0,0,0,0,0.0,0,0,0,0,0,0.0,0.0,0.0,0,0,0,39.1,0.0,0.0,0.32,0.0,22.8,95.4,79.60318860742781,41.99860403272841,33.470630433824326,59.77908198038737,26.94436158074273,2399.0,41.60496913115882,0.1442598822242063,77.80023100516863,0.0,0.0,99.8,99.7,0.0,0.0,0.0,450.0,4529.8,0.0,0.0,9.218,1.792,11.009,19.756,1.264,9.745,emon,0.914,0.819,50.0,16.6,3.007
2026-09-29 23:07:48.687,7.3,0,56,12;29;11;11;0;0;0;0;0;0;0;0;56;40;11;6;2;0;0;0;2;3;2;1;2;6;5;5,1165,4763,4497;3932;4220;4130;1502;1605;1547;1284;1211;1377;1443;1238;4604;4763;3664;3717;1165;1382;1309;1906;2670;3355;3374;2624;2423;2511;2313;2049,100.0,0.0,4529.8,0,7,846,12227,30,6.8,2565,14001,1,16,0,0,0,0,0.0,0,0,0,0,0,0.0,0.0,0.0,0,0,0,39.1,0.0,0.0,0.33,0.0,22.6,95.4,77.09692932430066,40.71342046637284,31.649506619102077,57.303953070389596,24.848582619114925,2399.0,39.8551742109611,0.14257182036281416,73.72397910999625,0.0,0.0,99.5,99.5,0.0,0.0,0.0,450.0,4529.8,0.0,0.0,9.218,1.792,11.009,19.756,1.264,9.745,emon,0.914,0.819,50.0,16.6,3.007
2026-09-29 23:07:49.687,6.3,0,60,6;25;5;11;0;0;0;0;2;0;0;0;60;34;9;12;0;0;0;2;0;0;0;0;0;5;2;3,1203,4781,4395;3907;3590;4007;1726;1273;1330;1261;1203;1205;1209;1211;4648;4781;4220;4236;1673;1775;1791;2424;1243;1435;1809;1367;2349;2435;2222;2399,100.0,0.0,4529.8,0,7,846,12227,30,6.8,2565,14001,1,16,0,0,0,0,0.0,0,0,0,0,0,0.0,0.0,0.0,0,0,0,39.1,0.0,0.0,0.33,0.0,22.6,95.4,84.07525765895844,45.07491731643677,34.19391465187073,62.71380090713501,26.36560744047165,2399.0,42.12520494000637,0.1660231690184446,81.2898533642292,0.0,0.0,99.5,99.5,0.0,0.0,0.0,450.0,4529.8,0.0,0.0,9.218,1.792,11.009,19.756,1.264,9.745,emon,0.914,0.819,50.0,16.6,3.007
2026-09-29 23:07:50.687,6.1,0,48,5;29;12;6;2;0;0;0;0;0;0;0;48;42;6;9;2;2;2;2;0;0;0;0;2;2;0;2,1245,4782,4211;3969;4210;4091;1574;1245;1296;1271;1498;1569;2583;2568;4661;4782;4023;3946;1431;1862;2332;1919;1616;1444;1512;2559;2486;2366;2236;2401,100.0,0.0,4529.8,0,7,847,12227,30,6.8,2565,14001,1,16,0,0,0,0,0.0,0,0,0,0,0,0.0,0.0,0.0,0,0,0,39.1,0.0,0.0,0.33,0.0,22.6,95.4,75.90846096385609,37.784381346269086,29.254899458451703,53.07154568758878,22.90340622988614,2399.0,36.652344901876695,0.13624381023162807,72.76550574058837,0.0,0.0,99.7,99.7,0.0,0.0,0.0,450.0,4529.8,0.0,0.0,9.218,1.792,11.009,19.756,1.264,9.745,emon,0.914,0.819,50.0,16.6,3.007
2026-09-29 23:07:51.688,5.7,0,53,11;28;3;6;0;0;0;0;0;0;0;0;53;36;9;3;0;0;0;0;0;0;0;0;2;2;3;3,1287,4767,4551;4162;3753;3551;1287;1330;1563;1290;1596;1522;1509;1556;4602;4767;4153;4246;1794;1387;1660;1347;1599;2382;1983;1702;2504;2640;2474;2285,90.1,0.0,4529.8,0,9,847,12227,30,6.8,2565,14001,1,16,0,0,0,0,0.0,0,0,0,0,0,0.0,0.0,0.0,0,0,0,39.1,0.0,0.0,0.33,0.0,22.6,95.4,79.97576353285048,42.87961535983615,33.386926862928604,60.39019436306424,26.309566497802734,2399.0,42.17039023561584,0.1477214366508027,77.80300589940614,0.0,0.0,99.6,99.6,0.0,0.0,0.0,450.0,4529.8,0.0,0.0,9.218,1.792,11.009,19.756,1.264,9.745,emon,0.914,0.819,50.0,16.6,3.007
2026-09-29 23:07:52.688,7.4,0,44,6;20;19;16;0;0;2;0;3;0;2;2;43;44;8;10;3;3;0;2;0;0;0;2;3;11;6;5,1159,4776,4125;4123;4296;4253;1285;1740;1451;1445;1239;1797;1350;2324;4638;4776;3801;3741;1445;1534;2241;1453;1159;1254;1515;2642;2187;2343;2349;2260,90.1,0.0,4529.8,1,9,847,12227,30,6.8,2565,14001,1,16,0,0,0,0,0.0,0,0,0,0,0,0.0,0.0,0.0,0,0,0,39.1,0.0,0.0,0.33,0.0,22.6,95.4,80.24314754149493,42.005646425135,32.94988766838522,59.35963439941406,25.85589532291188,2399.0,41.64999370246797,0.14565966424860938,76.51760982546736,0.0,0.0,99.6,99.6,0.0,0.0,0.0,450.0,4529.8,0.0,0.0,9.218,1.792,11.009,19.756,1.264,9.745,emon,0.914,0.819,50.0,16.6,3.007
2026-09-29 23:07:53.688,6.4,0,48,12;29;8;14;2;0;2;2;0;0;0;0;48;45;5;5;3;2;0;2;0;0;0;0;2;2;0;0,1183,4761,4554;4109;3777;3929;1467;1363;1306;1358;1193;2049;1212;1283;4587;4761;3665;3564;3427;1773;2461;3436;1183;1227;1761;1548;2683;2653;2463;2326,100.0,0.0,4529.8,0,7,847,12227,30,6.8,2565,14001,1,16,0,0,0,0,0.0,0,0,0,0,0,0.0,0.0,0.0,0,0,0,39.1,0.0,0.0,0.33,0.0,22.6,95.4,74.45247481086038,40.21284554221413,31.251106435602363,56.576351859352805,24.549866936423562,2399.0,39.20821142000866,0.14034165748373859,72.75098146642135,0.0,0.0,99.5,99.5,0.0,0.0,0.0,450.0,4529.8,0.0,0.0,9.218,1.792,11.009,19.756,1.264,9.745,emon,0.914,0.819,50.0,16.6,3.007
2026-09-29 23:07:54.688,7.7,0,55,8;28;12;12;6;6;5;5;0;0;0;0;55;36;8;12;6;5;3;3;0;0;0;0;0;2;2;2,1385,4774,4452;4038;4292;4329;3053;3082;3200;3066;1473;1438;1638;2040;4606;4774;4176;4083;3180;3347;3213;3350;1403;1438;1385;1798;2004;2164;2280;2143,100.0,0.0,4529.8,0,7,847,12227,30,6.8,2565,14001,1,16,0,0,0,0,0.0,0,0,0,0,0,0.0,0.0,0.0,0,0,0,40.1,0.0,0.0,0.33,0.0,22.6,95.4,87.3323518208095,46.54416683741978,36.31984683445522,65.616213117327,28.549865995134628,2399.0,45.94757800329743,0.16034977377525397,85.73330929130316,0.0,0.0,99.3,99.3,0.0,0.0,0.0,450.0,4529.8,0.0,0.0,9.218,1.792,11.009,19.756,1.264,9.745,emon,0.914,0.819,50.0,16.6,3.007
2026-09-29 23:07:55.689,6.0,0,52,5;20;11;12;0;2;0;0;0;0;0;0;52;41;3;10;0;2;0;0;0;0;0;0;2;3;3;3,1108,4780,4443;4111;3961;4100;1294;1590;1374;1486;1288;1218;1223;1239;4609;4780;3740;4140;1231;1688;1297;1866;1241;1241;1256;1108;2205;2488;2212;2518,100.0,0.0,4529.8,0,7,846,12227,30,6.8,2565,14001,1,16,0,0,0,0,0.0,0,0,0,0,0,0.0,0.0,0.0,0,0,0,39.1,0.0,0.0,0.33,0.0,22.6,95.4,76.66657947239123,40.4813925090589,31.57752749794408,56.990543967799134,24.57600121749075,2399.0,39.291541969265765,0.1425534521572684,73.72277082894978,0.0,0.0,99.8,99.8,0.0,0.0,0.0,450.0,4529.8,0.0,0.0,9.218,1.792,11.009,19.756,1.264,9.745,emon,0.914,0.819,50.0,16.6,3.007
2026-09-29 23:07:56.689,6.7,0,48,16;25;6;9;2;0;7;1;2;0;0;0;48;39;8;4;0;0;0;0;0;0;2;0;6;5;3;5,1294,4755,4593;4161;2961;3919;1845;1420;1722;1294;2419;1760;1475;1518;4615;4755;3498;3606;1635;1538;1579;1557;1374;1442;2362;2893;2628;2601;2342;2525,100.0,0.0,4529.8,0,7,847,12227,30,7.1,2565,14001,1,16,0,0,0,0,0.0,0,0,0,0,0,0.0,0.0,0.0,0,0,0,39.1,0.0,0.0,0.33,0.0,22.6,95.4,77.65691049098969,40.50382480621338,31.550942611694335,56.975416564941405,24.727759838104248,2399.0,39.45489291867125,0.14321835279697553,75.033254481107,0.0,0.0,99.4,99.4,0.0,0.0,0.0,450.0,4529.8,0.0,0.0,9.218,1.792,11.009,19.756,1.264,9.745,emon,0.914,0.819,50.0,16.6,3.007
2026-09-29 23:07:57.690,6.9,0,62,8;25;8;15;2;0;0;0;2;2;0;0;62;31;9;10;2;0;0;0;0;2;3;2;2;2;6;3,1170,4782,4232;3912;4127;4213;1375;1185;1533;1248;1327;1599;1364;1193;4648;4782;3890;3887;2960;1173;1170;1214;1269;1417;1345;1340;2402;2389;2278;2215,100.0,0.0,4425.3,0,7,847,12227,30,7.1,2565,14001,1,16,0,0,0,0,0.0,0,0,0,0,0,0.0,0.0,0.0,0,0,0,39.1,0.0,0.0,0.33,0.0,22.6,95.4,76.37228982448578,41.24071846008301,32.268955612182616,58.14230651855469,25.271985816955567,2399.0,40.336335930469794,0.1426328737346921,75.01729312818497,0.0,0.0,99.4,99.4,0.0,0.0,0.0,450.0,4426.1,0.0,0.0,9.218,1.792,11.009,19.756,1.264,9.745,emon,0.914,0.819,50.0,16.6,3.007
2026-09-29 23:07:58.690,5.5,0,48,5;18;8;6;0;0;0;0;0;3;0;0;43;48;10;8;0;0;0;0;0;0;0;0;0;3;0;2,1212,4778,4348;3922;3687;3931;1297;1300;1357;1422;1242;1438;1212;1232;4594;4778;4142;4044;1276;2231;1361;1282;2621;2636;1608;2287;2411;2351;2193;2075,100.0,0.0,4425.1,0,8,847,12227,30,7.1,2565,14001,1,16,0,0,0,0,0.0,0,0,0,0,0,0.0,0.0,0.0,0,0,0,39.1,0.0,0.0,0.33,0.0,22.6,95.4,79.87315787209405,42.54565747578939,33.535457611083984,60.21065690782335,26.373390197753906,2399.0,42.201231180955396,0.14527520272208172,77.80194140246346,0.0,0.0,99.6,99.5,0.0,0.0,0.0,450.0,4425.1,0.0,0.0,55.34,0.984,56.324,24.944,1.596,54.728,emon,0.959,0.586,35.7,22.0,1.621
2026-09-29 23:07:59.691,6.5,0,65,8;18;9;11;2;0;0;0;0;0;0;0;65;27;11;14;2;0;0;0;2;2;0;2;5;5;2;2,1212,4790,4341;4011;4094;4252;2311;1243;1361;1268;1316;1356;1529;1366;4655;4790;3595;4006;1224;1212;1374;1214;3112;3176;2016;1849;2225;2502;2250;2213,93.2,0.0,4425.1,0,8,847,12227,30,7.1,2565,14001,1,16,0,0,0,0,0.0,0,0,0,0,0,0.0,0.0,0.0,0,0,0,40.1,0.0,0.0,0.33,0.0,22.6,95.4,80.11586181322734,42.74519729614258,33.22567134433322,60.094911363389755,25.9086725446913,2399.0,41.88909258149538,0.15000885970787042,77.80982800324757,0.0,0.0,99.4,99.4,0.0,0.0,0.0,450.0,4425.1,0.0,0.0,55.34,0.984,56.324,24.944,1.596,54.728,emon,0.959,0.586,35.7,22.0,1.621
2026-09-29 23:08:00.691,5.7,0,44,3;17;11;6;0;0;0;0;0;0;0;0;43;44;16;14;0;0;0;0;0;0;0;0;0;2;2;2,1156,4772,4034;3870;4132;4168;1584;1673;1682;1397;1616;1401;1432;2073;4624;4772;4280;4019;1669;2481;2444;2739;1567;1369;1394;1156;2408;2727;2605;2537,93.8,0.0,4425.1,0,8,848,12227,30,7.1,2565,14001,1,16,0,0,0,0,0.0,0,0,0,0,0,0.0,0.0,0.0,0,0,0,39.1,0.0,0.0,0.33,0.0,22.6,95.4,77.97302823066711,40.91254005432129,32.143332862854,57.81517715454102,25.400984477996825,2399.0,40.559666319959796,0.14021291907411068,75.04075146503746,0.0,0.0,99.7,99.7,0.0,0.0,0.0,450.0,4425.1,0.0,0.0,55.34,0.984,56.324,24.944,1.596,54.728,emon,0.959,0.586,35.7,22.0,1.621
2026-09-29 23:08:01.692,6.2,0,48,6;20;3;9;0;0;0;0;0;0;0;0;48;44;16;17;0;0;0;0;0;0;2;0;5;0;0;3,1034,4774,4466;4040;3730;3469;1703;1244;1301;1354;1189;1290;1034;1243;4611;4774;4306;3891;1176;1207;1182;1197;1312;1234;1281;1695;2547;2679;2358;2598,60.4,0.0,4425.1,0,7,848,12227,30,7.1,2565,14001,1,16,0,0,0,0,0.0,0,0,0,0,0,0.0,0.0,0.0,0,0,0,39.1,0.0,0.0,0.33,0.0,22.6,95.4,85.67240834236145,44.12694525718689,34.73154306411743,62.39520454406738,27.37886643409729,2399.0,43.555145543126855,0.15312937699491158,81.31119060702622,0.0,0.0,99.5,99.5,0.0,0.0,0.0,450.0,4425.1,0.0,0.0,55.34,0.984,56.324,24.944,1.596,54.728,emon,0.959,0.586,35.7,22.0,1.621
2026-09-29 23:08:02.692,5.6,0,50,9;20;11;3;0;0;0;0;0;2;0;0;50;41;6;9;0;0;0;0;0;0;0;0;2;2;0;2,1213,4787,4384;3863;3519;3397;1408;1234;1236;1430;1299;1405;1323;1284;4644;4787;3859;3912;1213;1241;1679;1460;1307;1376;1630;1279;2304;2360;2381;2186,60.4,0.0,4425.1,0,7,848,12227,30,7.1,2565,14001,1,16,0,0,0,0,0.0,0,0,0,0,0,0.0,0.0,0.0,0,0,0,39.1,0.0,0.0,0.33,0.0,22.6,95.4,78.8149393081665,40.89000492095947,32.22709369659424,57.84764404296875,25.68092784881592,2399.0,40.14726374429883,0.141950969141908,75.05087791550905,0.0,0.0,99.7,99.7,0.0,0.0,0.0,450.0,4425.1,0.0,0.0,55.34,0.984,56.324,24.944,1.596,54.728,emon,0.959,0.586,35.7,22.0,1.621
2026-09-29 23:08:03.692,6.5,0,58,11;18;11;11;0;0;0;2;0;0;0;0;58;30;14;9;0;0;0;0;0;0;0;2;2;3;2;9,1196,4762,4490;3967;4346;4105;1295;1329;1343;1427;1246;2242;1859;1283;4563;4762;4017;3331;2306;1231;1252;1196;1258;1440;1735;1343;2331;2674;2438;2598,77.7,0.0,4425.1,0,9,848,12227,30,7.1,2565,14001,1,16,0,0,0,0,0.0,0,0,0,0,0,0.0,0.0,0.0,0,0,0,39.1,0.0,0.0,0.33,0.0,22.5,95.4,75.75374104863121,35.684143248058504,30.806351707095192,52.547187260219026,24.83096831185477,2399.0,35.88990436177257,0.12344202301686719,71.48795235423106,0.0,0.0,99.6,99.6,0.0,0.0,0.0,450.0,4425.1,0.0,0.0,55.34,0.984,56.324,24.944,1.596,54.728,emon,0.959,0.586,35.7,22.0,1.621
2026-09-29 23:08:04.693,5.8,0,49,3;21;12;9;0;0;0;0;2;0;2;0;47;49;6;6;0;0;0;0;0;0;0;0;2;0;2;3,1181,4787,4316;3949;4260;4166;1490;1463;1442;1527;1247;1461;1259;1270;4636;4787;3981;4005;1305;1257;1273;1181;1253;1327;1414;1248;2101;2409;2236;2289,76.7,0.0,4425.1,1,9,848,12227,30,7.1,2565,14001,1,16,0,0,0,0,0.0,0,0,0,0,0,0.0,0.0,0.0,0,0,0,39.1,0.0,0.0,0.33,0.0,22.5,95.4,80.27530156241522,42.339082929823135,33.01576656765408,59.62045245700412,26.058769438001846,2399.0,41.684506936994794,0.1459293512420522,77.81330619048741,0.0,0.0,99.6,99.6,0.0,0.0,0.0,450.0,4425.1,0.0,0.0,55.34,0.984,56.324,24.944,1.596,54.728,emon,0.959,0.586,35.7,22.0,1.621
2026-09-29 23:08:05.693,5.3,0,48,9;15;6;6;0;0;0;0;0;0;0;0;48;42;6;3;2;3;0;2;0;0;0;0;0;3;2;0,1163,4787,4545;4075;4006;3985;2339;1207;1231;1661;1353;1254;1821;1272;4615;4787;3740;3352;3376;3317;2008;3082;1206;1271;1264;1163;2405;2614;2526;2493,62.0,0.0,4425.1,0,10,848,12227,30,7.1,2565,14001,1,16,0,0,0,0,0.0,0,0,0,0,0,0.0,0.0,0.0,0,0,0,40.1,0.0,0.0,0.33,0.0,22.5,95.4,82.71504996716976,44.580984115600586,34.78826379776001,62.80535554885864,27.57837748527527,2399.0,43.90159034370299,0.15231874068558682,81.26767979585566,0.0,0.0,99.7,99.7,0.0,0.0,0.0,450.0,4425.1,0.0,0.0,55.34,0.984,56.324,24.944,1.596,54.728,emon,0.959,0.586,35.7,22.0,1.621
2026-09-29 23:08:06.693,5.7,0,49,11;22;6;6;0;0;0;0;2;0;0;0;47;49;6;3;2;0;0;0;0;2;0;0;2;2;0;0,1135,4772,4227;4028;4105;4268;1699;1622;1483;1520;1135;1150;1481;1421;4578;4772;3884;3532;2537;1791;1453;1423;1256;1229;1262;1210;2239;2315;2091;2291,90.0,0.0,4425.8,0,7,847,12227,30,7.1,2565,14001,1,16,0,0,0,0,0.0,0,0,0,0,0,0.0,0.0,0.0,0,0,0,39.1,0.0,0.0,0.33,0.0,22.5,95.4,73.61436772346497,38.610131645202635,29.804265403747557,54.19942359924316,23.199099159240724,2399.0,37.63187480461202,0.1368329655379057,70.05003777230158,0.0,0.0,99.6,99.6,0.0,0.0,0.0,450.0,4425.8,0.0,0.0,55.34,0.984,56.324,24.944,1.596,54.728,emon,0.959,0.586,35.7,22.0,1.621
2026-09-29 23:08:07.693,6.2,0,46,6;28;9;12;5;2;2;3;0;0;0;2;46;38;5;6;2;0;0;0;0;2;0;0;0;5;3;0,1094,4770,4401;4118;4220;3968;3154;3540;3067;3282;1416;1476;1475;1585;4585;4770;3118;4058;1135;1186;1094;1143;1251;2379;1408;1284;2374;2655;2321;2206,100.0,0.0,4425.8,1,10,846,12227,30,7.1,2565,14001,1,16,0,0,0,0,0.0,0,0,0,0,0,0.0,0.0,0.0,0,0,0,39.1,0.0,0.0,0.33,0.0,22.5,95.4,82.19436862733629,43.20548799302843,32.97277577718099,60.32502237955729,25.585468292236328,2399.0,41.688271738084346,0.15519272880111304,77.8399978760216,0.0,0.0,99.4,99.4,0.0,0.0,0.0,450.0,4425.8,0.0,0.0,55.34,0.984,56.324,24.944,1.596,54.728,emon,0.959,0.586,35.7,22.0,1.621
2026-09-29 23:08:08.694,5.7,0,49,3;15;19;8;0;2;0;0;0;2;0;0;48;49;3;9;0;0;0;0;0;0;0;0;0;2;0;0,1198,4772,3978;3741;4333;4244;1703;2003;1291;1505;1337;1549;1585;1495;4612;4772;3301;3918;1472;1661;1363;1291;1198;1211;1604;1212;2444;2361;2151;2250,92.0,0.0,4425.8,0,7,846,12227,30,7.1,2565,14001,1,16,0,0,0,0,0.0,0,0,0,0,0,0.0,0.0,0.0,0,0,0,39.1,0.0,0.0,0.33,0.0,22.5,95.4,77.30866906642913,41.530480766296385,32.05521697998047,58.28702049255371,25.053950119018555,2399.0,40.12811140111298,0.14764909991063177,75.02720253225417,0.0,0.0,99.5,99.4,0.0,0.0,0.0,450.0,4425.8,0.0,0.0,55.721,1.129,56.851,25.172,1.611,55.24,emon,0.959,0.743,35.4,22.1,1.602
2026-09-29 23:08:09.694,5.0,0,52,5;15;6;2;0;0;0;0;0;0;0;0;52;44;5;11;0;0;0;0;0;0;0;0;0;0;0;0,1095,4782,4367;3802;3616;3121;1496;1477;1699;1863;1200;1204;1142;1095;4643;4782;3913;3979;1218;1204;1214;1456;1496;1449;1541;1718;2419;2580;2421;2047,77.1,0.0,4425.8,0,8,847,12227,30,7.1,2565,14001,1,16,0,0,0,0,0.0,0,0,0,0,0,0.0,0.0,0.0,0,0,0,39.1,0.0,0.0,0.33,0.0,22.5,95.4,86.05272555351257,45.56436347961426,33.70214402675629,62.704397201538086,25.74752986431122,2399.0,42.23102231649682,0.17387520463671535,81.31818793341517,0.0,0.0,99.8,99.7,0.0,0.0,0.0,450.0,4425.8,0.0,0.0,55.721,1.129,56.851,25.172,1.611,55.24,emon,0.959,0.743,35.4,22.1,1.602
2026-09-29 23:08:10.695,6.8,0,52,3;22;10;16;0;0;1;0;2;0;0;0;52;30;20;13;3;1;1;0;1;0;1;2;5;3;2;2,1212,4772,4201;3812;4084;4066;1212;1349;1241;1358;1801;1873;2120;1802;4628;4772;4118;4240;1766;1756;2179;2415;1329;1746;1302;1387;2296;2125;2461;2269,93.1,0.0,4425.8,0,7,847,12227,30,7.1,2565,14001,1,16,0,0,0,0,0.0,0,0,0,0,0,0.0,0.0,0.0,0,0,0,39.1,0.0,0.0,0.33,0.0,22.5,95.4,76.9950234413147,40.877433395385744,32.1438705444336,57.88490257263184,25.413382911682127,2399.0,40.68325916753965,0.1411889195558615,75.02270098011941,0.0,0.0,99.5,99.4,0.0,0.0,0.0,450.0,4425.8,0.0,0.0,55.721,1.129,56.851,25.172,1.611,55.24,emon,0.959,0.743,35.4,22.1,1.602
2026-09-29 23:08:11.695,5.6,0,52,8;20;5;3;0;0;0;0;0;0;1;1;52;39;8;8;0;0;2;0;0;0;0;2;0;3;5;2,1175,4770,4548;4063;3529;3815;1231;1381;1197;1222;1312;1344;1299;1316;4620;4770;4123;4348;1175;1217;1514;1233;1448;1233;1350;2717;2268;2213;2402;2370,93.8,0.0,4425.8,3,11,847,12227,30,7.1,2565,14001,1,16,0,0,0,0,0.0,0,0,0,0,0,0.0,0.0,0.0,0,0,0,39.1,0.0,0.0,0.33,0.0,22.5,95.4,79.62366583347321,41.04903678894043,31.63692398071289,57.56025981903076,24.564526748657226,2399.0,39.40390623834683,0.15222474846523254,75.06204399205744,0.0,0.0,99.7,99.6,0.0,0.0,0.0,450.0,4425.8,0.0,0.0,55.721,1.129,56.851,25.172,1.611,55.24,emon,0.959,0.743,35.4,22.1,1.602
2026-09-29 23:08:12.695,6.3,0,52,8;18;14;8;3;0;0;1;0;0;0;2;52;44;9;6;2;0;0;1;0;0;0;2;2;2;3;0,1117,4787,3924;3779;4252;4011;2021;1668;1616;1661;1186;1117;1199;1182;4638;4787;4140;3921;1837;1760;1295;1239;1202;1194;1318;1202;2175;2240;2213;2116,100.0,0.0,4425.8,2,12,848,12227,30,7.1,2565,14001,1,16,0,0,0,0,0.0,0,0,0,0,0,0.0,0.0,0.0,0,0,0,39.1,0.0,0.0,0.33,0.0,22.5,95.4,75.7426209449768,39.17830355962118,30.220144112904865,54.95744959513346,23.724483807881672,2399.0,37.81624723840408,0.1412022176470297,70.89838289034863,0.0,0.0,99.6,99.6,0.0,0.0,0.0,450.0,4425.8,0.0,0.0,55.721,1.129,56.851,25.172,1.611,55.24,emon,0.959,0.743,35.4,22.1,1.602
2026-09-29 23:08:13.696,5.5,0,57,6;24;6;3;1;0;0;0;0;0;0;0;57;38;6;5;0;2;2;0;0;0;0;0;2;0;2;2,1189,4765,4465;4019;3488;3255;1543;1306;1189;1250;1331;1235;1269;1213;4593;4765;4074;4089;1531;1790;1749;1205;1251;1233;1491;1278;2569;2581;2474;2440,100.0,0.0,4425.8,2,10,847,12227,30,7.1,2565,14001,1,16,0,0,0,0,0.0,0,0,0,0,0,0.0,0.0,0.0,0,0,0,39.1,0.0,0.0,0.33,0.0,22.5,95.4,85.79311686754227,45.03940796852112,34.38726329803467,62.9042329788208,26.77799105644226,2399.0,43.430227076794836,0.1620893754879944,81.3115182267502,0.0,0.0,99.8,99.8,0.0,0.0,0.0,450.0,4425.8,0.0,0.0,55.721,1.129,56.851,25.172,1.611,55.24,emon,0.959,0.743,35.4,22.1,1.602
2026-09-29 23:08:14.696,6.1,0,51,6;19;3;3;0;0;2;0;0;0;0;1;51;43;12;6;0;0;0;0;0;2;3;1;6;5;5;3,1188,4766,4266;3888;3822;3711;1502;1252;1691;1248;1223;1366;1188;1305;4598;4766;4031;3782;1210;1306;1218;1215;3331;2918;2550;2875;2390;2418;2227;2199,100.0,0.0,4425.8,4,11,847,12227,30,7.1,2565,14001,1,16,0,0,0,0,0.0,0,0,0,0,0,0.0,0.0,0.0,0,0,0,39.1,0.0,0.0,0.33,0.0,22.5,95.4,80.93954221407573,43.31050364176432,32.781101862589516,60.21105448404948,25.208921750386555,2399.0,40.525682440047,0.1642220414036678,77.81902247791488,0.0,0.0,99.8,99.8,0.0,0.0,0.0,450.0,4425.8,0.0,0.0,55.721,1.129,56.851,25.172,1.611,55.24,emon,0.959,0.743,35.4,22.1,1.602
2026-09-29 23:08:15.700,6.7,0,52,12;18;10;13;2;0;0;0;0;0;0;0;52;31;10;6;0;0;0;0;0;2;1;3;6;14;5;5,1178,4773,4490;4032;3791;3472;1250;1253;1596;1251;1198;1216;1214;1209;4618;4773;3432;3021;1748;1970;1327;1294;1279;1599;1243;1178;2658;2690;2445;2184,100.0,0.0,4425.8,3,10,847,12227,30,7.1,2565,14001,1,16,0,0,0,0,0.0,0,0,0,0,0,0.0,0.0,0.0,0,0,0,39.1,0.0,0.0,0.33,0.0,22.5,95.4,79.72849159240722,40.65889549255371,31.75569305419922,57.35996932983399,24.92822685241699,2399.0,40.09396437514806,0.14296297538094221,75.05801343135536,0.0,0.0,99.6,99.6,0.0,0.0,0.0,450.0,4425.8,0.0,0.0,55.721,1.129,56.851,25.172,1.611,55.24,emon,0.959,0.743,35.4,22.1,1.602
2026-09-29 23:08:16.700,5.4,0,51,9;17;5;9;0;0;0;0;0;2;0;0;51;45;2;6;0;0;0;0;0;0;0;0;2;0;3;2,1170,4776,4368;4109;3822;3922;1435;1354;1324;1225;1618;1864;1170;1351;4619;4776;3804;3686;1207;1191;1172;1319;2057;1411;1554;1473;2443;2273;2355;2468,100.0,0.0,4425.2,0,7,847,12227,30,6.8,2565,14001,1,16,0,0,0,0,0.0,0,0,0,0,0,0.0,0.0,0.0,0,0,0,39.1,0.0,0.0,0.33,0.0,22.5,95.4,79.46328067779541,43.10264523824056,33.19473287794325,60.38083987765842,25.967969046698677,2399.0,41.732138985813236,0.15156096650106418,77.7974830151846,0.0,0.0,99.5,99.4,0.0,0.0,0.0,450.0,4425.2,0.0,0.0,55.721,1.129,56.851,25.172,1.611,55.24,emon,0.959,0.743,35.4,22.1,1.602
2026-09-29 23:08:17.700,6.1,0,55,9;15;11;11;0;0;0;0;0;0;0;0;55;30;11;9;0;2;0;2;0;0;1;2;2;5;2;5,1114,4773,4194;3974;4281;4089;1222;1240;1208;1228;1685;1884;1345;1425;4618;4773;3823;3976;1203;1336;1114;1161;1198;1644;1431;1516;2404;2582;2493;2394,78.3,0.0,4425.2,1,11,847,12227,30,6.8,2565,14001,1,16,0,0,0,0,0.0,0,0,0,0,0,0.0,0.0,0.0,0,0,0,39.1,0.0,0.0,0.33,0.0,22.5,95.4,84.02630478143692,44.721012592315674,34.655245780944824,62.80950403213501,27.059585094451904,2399.0,43.454873957292875,0.15702021567267366,81.28471926599741,0.0,0.0,99.8,99.8,0.0,0.0,0.0,450.0,4425.2,0.0,0.0,55.721,1.129,56.851,25.172,1.611,55.24,emon,0.959,0.743,35.4,22.1,1.602
2026-09-29 23:08:18.701,6.9,0,48,11;15;13;15;0;0;0;0;0;0;0;0;48;44;12;14;2;2;0;0;2;0;2;0;6;3;2;2,1165,4784,4289;3818;4498;4411;2076;1700;2484;2027;1243;1337;1274;1318;4647;4784;3761;3864;1165;1183;1226;1198;1282;1381;1471;1207;2233;2434;2401;2126,59.7,0.0,4425.2,0,7,847,12227,30,6.8,2565,14001,1,16,0,0,0,0,0.0,0,0,0,0,0,0.0,0.0,0.0,0,0,0,39.1,0.0,0.0,0.33,0.0,22.5,95.4,85.64474846766545,46.128970219538765,36.152971707857574,65.1189217200646,28.26240480863131,2399.0,45.97457553070182,0.1579756002801542,84.6275977584032,0.0,0.0,99.7,99.7,0.0,0.0,0.0,450.0,4425.2,0.0,0.0,55.721,1.129,56.851,25.172,1.611,55.24,emon,0.959,0.743,35.4,22.1,1.602
2026-09-29 23:08:19.701,6.9,0,58,10;27;15;12;2;0;0;0;3;0;2;0;58;19;8;12;0;0;0;0;0;2;0;2;6;8;3;6,1150,4755,4339;4093;4335;4186;1423;1432;1150;1567;1404;2306;1945;1219;4573;4755;3753;3818;1331;1724;1211;1245;1303;1211;1856;1218;2736;2796;2831;2709,100.0,0.0,4425.2,0,7,847,12227,30,6.8,2565,14001,1,16,0,0,0,0,0.0,0,0,0,0,0,0.0,0.0,0.0,0,0,0,40.1,0.0,0.0,0.33,0.0,22.5,95.4,82.87441518902779,43.60184979438782,35.34312701225281,62.51810598373413,28.384127020835876,2399.0,43.39504634934565,0.14824959529505577,81.2718294407241,0.0,0.0,99.5,99.4,0.0,0.0,0.0,450.0,4425.2,0.0,0.0,55.251,1.104,56.355,26.739,1.711,54.644,emon,0.959,0.705,35.7,22.1,1.614
2026-09-29 23:08:20.702,6.4,0,44,6;23;20;19;0;0;0;0;2;0;2;2;44;33;8;11;0;0;0;0;0;0;0;0;3;2;3;3,1199,4786,4054;3856;4310;4391;1239;1241;1215;1303;1891;2697;1302;2067;4588;4786;3361;3948;1216;1224;1330;1318;1209;1255;1226;1199;2123;2330;2168;2188,100.0,0.0,4425.2,0,11,849,12227,30,6.8,2565,14001,1,16,0,0,0,0,0.0,0,0,0,0,0,0.0,0.0,0.0,0,0,0,40.1,0.0,0.0,0.33,0.0,22.5,95.4,80.55768076578777,42.45384555392795,32.84874004787869,59.58345752292209,25.82759994930691,2399.0,41.444571497403864,0.1490892621740285,77.81339924244418,0.0,0.0,99.7,99.7,0.0,0.0,0.0,450.0,4425.2,0.0,0.0,55.251,1.104,56.355,26.739,1.711,54.644,emon,0.959,0.705,35.7,22.1,1.614
2026-09-29 23:08:21.702,6.5,0,45,11;29;14;8;0;0;0;0;0;0;0;2;45;45;6;3;0;0;0;0;2;2;0;3;3;3;5;3,1185,4783,4499;4074;4318;3453;1208;1199;1987;1197;1640;1185;1193;1236;4627;4783;3349;3739;1250;1233;1219;1311;3479;2997;1983;3374;2442;2256;2336;2132,100.0,0.0,4425.2,0,7,848,12227,30,6.8,2565,14001,1,16,0,0,0,0,0.0,0,0,0,0,0,0.0,0.0,0.0,0,0,0,40.1,0.0,0.0,0.33,0.0,22.5,95.4,78.43655455112457,41.4608570098877,31.859169006347656,58.026889419555665,24.841008853912353,2399.0,40.287990985211216,0.14633153860922904,75.04637402147054,0.0,0.0,99.6,99.6,0.0,0.0,0.0,450.0,4425.2,0.0,0.0,55.251,1.104,56.355,26.739,1.711,54.644,emon,0.959,0.705,35.7,22.1,1.614
2026-09-29 23:08:22.727,5.1,0,48,6;16;8;4;0;0;0;0;0;0;0;0;48;44;4;8;0;0;0;0;0;2;0;2;0;2;0;0,1119,4780,4195;3998;3995;4084;1207;1617;1225;1193;1169;1209;1119;1196;4593;4780;3860;4093;1211;1206;1242;1547;1629;1706;1491;2247;2212;2384;2203;2452,89.7,0.0,4425.2,0,7,848,12227,30,6.8,2565,14001,1,16,0,0,0,0,0.0,0,0,0,0,0,0.0,0.0,0.0,0,0,0,39.1,0.0,0.0,0.33,0.0,22.5,95.4,78.05058209896087,38.75906276702881,29.840394973754883,54.30296249389649,23.18983612060547,2399.0,38.19277945054928,0.1341734335757792,75.0390056990087,0.0,0.0,99.7,99.6,0.0,0.0,0.0,450.0,4425.2,0.0,0.0,55.251,1.104,56.355,26.739,1.711,54.644,emon,0.959,0.705,35.7,22.1,1.614
2026-09-29 23:08:23.728,6.0,0,56,2;21;8;17;0;2;0;0;0;0;0;2;56;32;9;5;0;0;0;0;0;0;0;0;3;6;2;5,1183,4778,4239;3908;3931;4183;1296;1227;1385;1233;1615;1802;1628;1609;4617;4778;3832;3862;1445;2543;1288;2651;1216;1219;1398;1183;2263;2405;2131;2458,100.0,0.0,4425.2,1,9,849,12227,30,6.8,2565,14001,1,16,0,0,0,0,0.0,0,0,0,0,0,0.0,0.0,0.0,0,0,0,40.1,0.0,0.0,0.33,0.0,22.5,95.4,79.76000118255615,42.8349929385715,32.94678031073676,59.95249048868815,25.955642806159126,2399.0,41.26033468957111,0.15175354377263123,77.80312953723802,0.0,0.0,99.6,99.6,0.0,0.0,0.0,450.0,4425.2,0.0,0.0,55.251,1.104,56.355,26.739,1.711,54.644,emon,0.959,0.705,35.7,22.1,1.614
2026-09-29 23:08:24.728,6.8,0,57,12;22;14;8;2;0;2;0;0;2;2;0;57;30;11;8;3;0;0;5;2;0;0;0;5;3;3;2,1247,4779,4606;4129;3930;3535;1249;1362;1276;1247;1565;1648;1723;1485;4593;4779;3893;3360;3493;2433;2013;3449;1632;1379;1341;1363;1973;2026;2059;2168,59.2,0.0,4425.2,1,9,848,12227,30,6.8,2565,14001,1,16,0,0,0,0,0.0,0,0,0,0,0,0.0,0.0,0.0,0,0,0,39.1,0.0,0.0,0.33,0.0,22.5,95.4,85.4723282960745,46.97023802537184,36.0443848830003,65.66244682898888,28.379221109243538,2399.0,45.15416985780645,0.16483695353739536,84.62611461430788,0.0,0.0,99.8,99.7,0.0,0.0,0.0,450.0,4425.2,0.0,0.0,55.251,1.104,56.355,26.739,1.711,54.644,emon,0.959,0.705,35.7,22.1,1.614
2026-09-29 23:08:25.729,5.6,0,53,8;21;11;3;0;0;0;0;0;0;0;0;53;41;3;9;0;0;0;0;0;0;0;0;3;2;0;3,1162,4781,4532;4177;3570;3079;1221;1362;1320;1183;1209;1191;1414;1162;4598;4781;3975;4173;1375;1271;1255;1367;1443;1268;1513;1255;2216;2407;2370;2243,94.7,0.0,4425.2,0,7,849,12227,30,6.8,2565,14001,1,16,0,0,0,0,0.0,0,0,0,0,0,0.0,0.0,0.0,0,0,0,39.1,0.0,0.0,0.33,0.0,22.5,95.4,80.96235505739848,42.288702223036026,32.75799433390299,59.385755115085175,25.652470270792644,2399.0,41.45815828740079,0.14750687056221068,77.8241384588182,0.0,0.0,99.7,99.7,0.0,0.0,0.0,450.0,4425.2,0.0,0.0,55.251,1.104,56.355,26.739,1.711,54.644,emon,0.959,0.705,35.7,22.1,1.614
2026-09-29 23:08:26.729,5.7,0,47,10;23;12;12;0;0;0;0;0;0;2;0;45;47;2;5;0;0;0;0;0;0;0;0;0;2;0;2,1197,4772,4221;3882;4362;4411;1312;1248;1329;1590;1311;1779;1959;1310;4637;4772;3777;3765;1285;1307;1284;1468;1213;1208;1281;1197;2493;2569;2393;2354,100.0,0.0,4425.9,0,8,848,12227,30,6.8,2565,14001,1,16,0,0,0,0,0.0,0,0,0,0,0,0.0,0.0,0.0,0,0,0,39.1,0.0,0.0,0.33,0.0,22.5,95.4,75.92524882157643,36.73709726333618,28.027674198150635,51.26063887278239,21.635436534881592,2399.0,35.11632434775432,0.13793313224838735,70.89936949219555,0.0,0.0,99.7,99.7,0.0,0.0,0.0,450.0,4425.9,0.0,0.0,55.251,1.104,56.355,26.739,1.711,54.644,emon,0.959,0.705,35.7,22.1,1.614
2026-09-29 23:08:27.729,6.6,0,50,8;25;11;11;2;2;0;2;2;0;0;2;50;31;6;6;0;0;0;2;0;0;0;2;8;8;3;5,1178,4770,4292;4085;4084;4202;3285;3068;2883;3474;1411;1783;1364;1627;4556;4770;4180;3801;1178;1489;1387;1379;1880;1593;2212;1510;2779;2824;2730;2693,79.2,0.0,4425.9,0,7,850,12227,30,6.8,2565,14001,1,16,0,0,0,0,0.0,0,0,0,0,0,0.0,0.0,0.0,0,0,0,39.1,0.0,0.0,0.33,0.0,22.5,95.4,82.19654448827107,42.77415339152018,33.11619906955295,60.09958521525065,26.285773277282715,2399.0,41.19780880038161,0.15407476468115217,77.84170815679762,0.0,0.0,99.5,99.5,0.0,0.0,0.0,450.0,4425.9,0.0,0.0,55.251,1.104,56.355,26.739,1.711,54.644,emon,0.959,0.705,35.7,22.1,1.614
2026-09-29 23:08:28.730,5.3,0,45,14;18;2;2;0;0;0;0;2;0;0;0;45;42;11;8;0;0;0;0;2;0;0;0;2;3;0;0,1159,4781,4534;4094;3521;3395;1471;2394;1528;1462;1319;2371;1270;1292;4624;4781;4337;4088;1179;1159;1248;1263;2299;2202;1727;1606;2531;2498;2365;2207,100.0,0.0,4425.9,0,9,850,12227,30,6.8,2565,14001,1,16,0,0,0,0,0.0,0,0,0,0,0,0.0,0.0,0.0,0,0,0,39.1,0.0,0.0,0.33,0.0,22.5,95.4,73.74823951721191,37.871857484181724,29.807685613632202,53.59948015213013,23.384876052538555,2399.0,36.85111150267767,0.13419135440684235,70.87016075849533,0.0,0.0,99.4,99.4,0.0,0.0,0.0,450.0,4425.9,0.0,0.0,55.251,1.104,56.355,26.739,1.711,54.644,emon,0.959,0.705,35.7,22.1,1.614
2026-09-29 23:08:29.754,6.0,0,52,9;16;20;12;0;0;0;2;0;0;0;0;52;37;5;6;0;0;0;0;2;0;0;0;3;3;2;2,1198,4781,4191;3782;4356;4443;1293;1688;1215;1597;1455;1305;1213;1334;4604;4781;3832;3414;1886;1205;1198;1204;2656;1265;1205;1570;2479;2524;2444;2149,100.0,0.0,4425.9,1,8,850,12227,30,6.8,2565,14001,1,16,0,0,0,0,0.0,0,0,0,0,0,0.0,0.0,0.0,0,0,0,40.1,0.0,0.0,0.33,0.0,22.5,95.4,83.87796288728714,44.11128091812134,33.65322017669678,61.57363510131836,26.272184371948242,2399.0,43.0898037846564,0.1556839478726033,81.282094320748,0.0,0.0,99.7,99.6,0.0,0.0,0.0,450.0,4425.9,0.0,0.0,55.478,1.127,56.605,25.781,1.65,54.955,emon,0.959,0.664,36.3,22.3,1.623
2026-09-29 23:08:30.755,7.0,0,60,9;24;9;11;0;0;0;0;0;0;0;0;60;38;12;9;0;0;0;0;0;0;0;0;3;11;5;5,1180,4773,4300;3919;3878;3809;1180;1474;1406;1403;1629;1219;1221;1363;4610;4773;4158;3952;1270;1815;1303;1392;1214;1239;1213;1200;2373;2495;2243;2235,93.9,0.0,4425.9,0,9,850,12227,30,6.8,2565,14001,1,16,0,0,0,0,0.0,0,0,0,0,0,0.0,0.0,0.0,0,0,0,39.1,0.0,0.0,0.33,0.0,22.5,95.4,76.76696719621357,40.67400560880962,31.37413185521176,57.06025535181949,24.64318857694927,2399.0,39.456599639961496,0.14413858180571543,73.72464705337035,0.0,0.0,99.8,99.7,0.0,0.0,0.0,450.0,4425.9,0.0,0.0,55.478,1.127,56.605,25.781,1.65,54.955,emon,0.959,0.664,36.3,22.3,1.623
2026-09-29 23:08:31.755,5.7,0,47,11;24;2;6;0;0;0;2;0;0;0;2;47;39;9;11;2;0;0;0;0;0;2;0;2;3;0;0,1185,4778,4475;4089;3388;4037;1229;1236;1237;1639;1274;1427;1265;1578;4611;4778;3883;3678;1299;1442;1212;1369;1185;1235;2742;1200;2294;2540;2478;2465,100.0,0.0,4425.9,0,7,850,12227,30,6.8,2565,14001,1,16,0,0,0,0,0.0,0,0,0,0,0,0.0,0.0,0.0,0,0,0,39.1,0.0,0.0,0.33,0.0,22.5,95.4,80.06609952449799,40.3247932434082,31.468929100036622,56.8899543762207,24.74998006820679,2399.0,39.68961177096353,0.14243598564062268,75.06103723011911,0.0,0.0,99.7,99.7,0.0,0.0,0.0,450.0,4425.9,0.0,0.0,55.478,1.127,56.605,25.781,1.65,54.955,emon,0.959,0.664,36.3,22.3,1.623
2026-09-29 23:08:32.755,6.6,0,51,8;16;11;20;2;0;2;0;0;0;0;0;51;44;11;11;0;0;0;0;0;0;0;0;5;0;0;6,1156,4767,3909;3870;4154;4318;2996;1914;3345;1544;1210;1258;1197;1308;4605;4767;4279;4135;1305;1651;1488;1552;1436;1156;1230;1500;2261;2457;2358;2685,100.0,0.0,4425.9,1,8,849,12227,30,6.8,2565,14001,1,16,0,0,0,0,0.0,0,0,0,0,0,0.0,0.0,0.0,0,0,0,39.1,0.0,0.0,0.33,0.0,22.5,95.4,79.52672531869676,42.40307299296061,33.22848383585612,59.913947635226776,26.25463793012831,2399.0,41.56994892761577,0.14858585875481367,77.79971690082715,0.0,0.0,99.6,99.6,0.0,0.0,0.0,450.0,4425.9,0.0,0.0,55.478,1.127,56.605,25.781,1.65,54.955,emon,0.959,0.664,36.3,22.3,1.623
2026-09-29 23:08:33.756,5.1,0,48,6;21;5;5;0;0;0;0;0;0;0;0;45;48;5;3;0;0;0;0;0;0;0;0;2;2;2;0,1182,4777,4412;4118;3920;3971;1275;1229;1546;1225;1268;1182;1298;1567;4605;4777;3848;3637;1201;1193;1795;1208;1208;1262;1397;1461;2465;2571;2247;2547,93.2,0.0,4425.9,0,8,849,12227,30,6.8,2565,14001,1,16,0,0,0,0,0.0,0,0,0,0,0,0.0,0.0,0.0,0,0,0,40.1,0.0,0.0,0.33,0.0,22.5,95.4,78.25231120586395,41.516079902648926,32.17856578826904,58.37077941894531,25.2324179649353,2399.0,40.49115884815692,0.14637081385590137,75.04517585933209,0.0,0.0,99.6,99.6,0.0,0.0,0.0,450.0,4425.9,0.0,0.0,55.478,1.127,56.605,25.781,1.65,54.955,emon,0.959,0.664,36.3,22.3,1.623
2026-09-29 23:08:34.756,6.3,0,54,3;18;12;11;2;0;0;0;2;0;0;0;38;54;11;8;0;0;0;0;0;3;0;0;2;2;6;6,1207,4782,4078;3869;4287;4199;1653;1421;1401;1283;2015;1411;1216;1212;4598;4782;4026;3381;1352;1410;1602;1207;1379;1462;1554;1526;2227;2329;2183;2402,93.5,0.0,4425.9,1,9,848,12227,30,6.8,2565,14001,1,16,0,0,0,0,0.0,0,0,0,0,0,0.0,0.0,0.0,0,0,0,39.1,0.0,0.0,0.33,0.0,22.5,95.4,77.53754093647004,41.2114803314209,32.04196319580078,58.029361724853516,25.225986194610595,2399.0,40.50027991144452,0.1437063009827398,75.03590605519712,0.0,0.0,99.6,99.6,0.0,0.0,0.0,450.0,4425.9,0.0,0.0,55.478,1.127,56.605,25.781,1.65,54.955,emon,0.959,0.664,36.3,22.3,1.623
2026-09-29 23:08:35.756,6.3,0,46,9;22;6;11;0;3;0;0;0;0;0;2;46;36;13;19;0;3;0;0;0;0;0;0;2;0;3;2,1163,4763,4310;3856;3882;4166;2632;2503;2172;1727;1172;1399;1333;1163;4584;4763;3869;4100;1539;1356;2265;1283;1310;1352;1563;1438;2261;2414;2506;2568,100.0,0.0,4425.9,0,7,849,12227,30,6.8,2565,14001,1,16,0,0,0,0,0.0,0,0,0,0,0,0.0,0.0,0.0,0,0,0,39.1,0.0,0.0,0.33,0.0,22.5,95.4,79.98924043443468,43.26476584540473,32.97656398349338,60.3510373433431,25.580115636189777,2399.0,41.654233136874005,0.1538280219408787,77.80699777727325,0.0,0.0,99.7,99.7,0.0,0.0,0.0,450.0,4425.9,0.0,0.0,55.478,1.127,56.605,25.781,1.65,54.955,emon,0.959,0.664,36.3,22.3,1.623
2026-09-29 23:08:36.774,6.2,0,49,5;21;6;14;0;0;0;0;0;0;0;0;45;49;7;11;0;2;0;1;0;0;0;0;5;3;5;2,1267,4777,3991;3791;4198;4248;1481;2603;1405;1536;1308;1267;1463;1591;4630;4777;3386;3718;2584;3190;2465;2199;1301;1294;1891;1283;1966;2102;2317;2067,100.0,0.0,4425.2,0,8,849,12227,30,6.8,2565,14001,1,16,0,0,0,0,0.0,0,0,0,0,0,0.0,0.0,0.0,0,0,0,39.1,0.0,0.0,0.33,0.0,22.5,95.4,79.8684893184238,42.376485188802086,33.00006018744575,59.686794704861114,25.884952333238388,2399.0,42.27148531126376,0.14520050406766435,77.80061295545764,0.0,0.0,99.7,99.7,0.0,0.0,0.0,450.0,4425.2,0.0,0.0,55.478,1.127,56.605,25.781,1.65,54.955,emon,0.959,0.664,36.3,22.3,1.623
2026-09-29 23:08:37.775,5.6,0,58,8;17;8;14;0;0;0;0;0;0;0;0;58;33;8;3;0;0;0;0;0;0;0;0;2;5;0;3,1207,4778,4197;3886;4138;4074;1581;1461;1479;1234;1226;1303;1207;1208;4601;4778;4233;3533;1724;1702;2169;1766;1269;1517;1275;1467;2292;2551;2155;2506,91.6,0.0,4425.2,0,7,849,12227,30,6.8,2565,14001,1,16,0,0,0,0,0.0,0,0,0,0,0,0.0,0.0,0.0,0,0,0,39.1,0.0,0.0,0.33,0.0,22.5,95.4,74.8757476048036,38.110292651436545,31.46620594371449,54.90285162492232,24.67282381924716,2399.0,37.106837214928504,0.1478690275689587,72.75468848510222,0.0,0.0,99.3,99.2,0.0,0.0,0.0,450.0,4425.2,0.0,0.0,55.478,1.127,56.605,25.781,1.65,54.955,emon,0.959,0.664,36.3,22.3,1.623
2026-09-29 23:08:38.775,5.8,0,54,6;29;3;9;0;3;2;1;0;0;0;0;54;41;8;6;0;0;0;0;0;0;0;0;0;0;0;0,1174,4781,4267;3990;3479;3975;2911;3409;3477;3204;1663;1338;1262;1219;4615;4781;3852;3701;1618;1222;1857;1222;1297;1177;1215;1174;1900;2192;2056;2182,100.0,0.0,4425.2,0,10,849,12227,30,6.8,2565,14001,1,16,0,0,0,0,0.0,0,0,0,0,0,0.0,0.0,0.0,0,0,0,39.1,0.0,0.0,0.33,0.0,22.5,95.4,74.45196600393815,38.43507272546942,30.557059634815563,54.56900891390714,24.2622127532959,2399.0,37.78537218839417,0.13396545580524782,72.74928280829705,0.0,0.0,99.5,99.5,0.0,0.0,0.0,450.0,4425.2,0.0,0.0,55.478,1.127,56.605,25.781,1.65,54.955,emon,0.959,0.664,36.3,22.3,1.623
2026-09-29 23:08:39.775,6.0,0,55,3;27;14;15;1;0;0;0;0;0;0;0;55;36;5;6;0;0;0;0;0;0;2;0;0;3;0;2,1184,4774,4367;3870;4366;4443;1459;1537;1492;1630;1652;1213;1219;1309;4618;4774;3626;3786;1714;1184;1288;1398;1244;1381;2711;1330;2442;2568;2394;2440,100.0,0.0,4425.2,1,19,848,12227,30,6.8,2565,14001,1,16,0,0,0,0,0.0,0,0,0,0,0,0.0,0.0,0.0,0,0,0,40.1,0.0,0.0,0.33,0.0,22.5,95.4,79.85458278656006,42.542297787136505,32.50069597032335,59.32946798536513,25.21617274814182,2399.0,40.46744736230984,0.15685233847600305,77.80547932866547,0.0,0.0,99.7,99.7,0.0,0.0,0.0,450.0,4425.2,0.0,0.0,55.478,1.127,56.605,25.781,1.65,54.955,emon,0.959,0.664,36.3,22.3,1.623
2026-09-29 23:08:40.775,6.7,0,47,8;33;12;9;0;0;0;0;2;0;0;1;47;41;5;11;0;2;0;0;0;0;0;0;3;5;3;6,1214,4770,4441;4138;3936;3976;1619;1247;1759;1237;1216;1224;1214;1625;4543;4770;3497;3877;2172;1250;2562;1480;2240;1246;1885;1291;2315;2533;2479;2489,63.9,0.0,4425.2,0,7,849,12227,30,6.8,2565,14001,1,16,0,0,0,0,0.0,0,0,0,0,0,0.0,0.0,0.0,0,0,0,39.1,0.0,0.0,0.33,0.0,22.5,95.4,84.24452697529512,45.14256555893842,35.30494869456572,63.6871800142176,27.760952781228458,2399.0,44.59395775990561,0.15518333828624556,82.3792713104802,0.0,0.0,99.6,99.6,0.0,0.0,0.0,450.0,4425.2,0.0,0.0,55.478,1.127,56.605,25.781,1.65,54.955,emon,0.959,0.664,36.3,22.3,1.623
2026-09-29 23:08:41.776,6.7,0,53,11;34;9;14;0;1;0;0;0;0;2;0;53;33;8;10;0;2;0;0;0;0;0;2;2;6;2;2,1287,4778,4415;4023;4285;4047;1429;1990;1428;1380;1700;1536;1752;1587;4610;4778;3804;3787;1642;1967;2087;1734;1754;2160;1391;1287;2593;2631;2598;2475,94.2,0.0,4425.2,1,10,848,12227,30,6.8,2565,14001,1,16,0,0,0,0,0.0,0,0,0,0,0,0.0,0.0,0.0,0,0,0,40.1,0.0,0.0,0.33,0.0,22.5,95.4,77.36831622123718,41.22757415771484,31.905284118652343,57.863186264038085,24.98439702987671,2399.0,40.189276640789465,0.14415294537320733,75.03075218517333,0.0,0.0,99.5,99.4,0.0,0.0,0.0,450.0,4425.2,0.0,0.0,55.236,1.128,56.364,23.331,1.493,54.871,emon,0.96,0.711,35.6,22.2,1.605
2026-09-29 23:08:42.776,7.2,0,55,3;30;8;15;0;0;0;0;2;8;0;5;55;36;8;12;0;3;3;6;0;0;1;0;3;2;2;2,1196,4779,4066;3695;3501;3550;1554;1599;1214;1196;2215;3303;1528;3446;4627;4779;4022;4234;2257;2057;1954;3343;1396;1953;1880;1389;2311;2300;2248;1974,91.3,0.0,4425.2,0,9,849,12227,30,6.8,2565,14001,1,16,0,0,0,0,0.0,0,0,0,0,0,0.0,0.0,0.0,0,0,0,39.1,0.0,0.0,0.33,0.0,22.5,95.4,77.1693662915911,39.465552920386905,30.31263187953404,55.19912974039713,23.497282391502743,2399.0,38.14910903147289,0.14117125705594108,71.51006278785921,0.0,0.0,99.6,99.5,0.0,0.0,0.0,450.0,4425.2,0.0,0.0,55.236,1.128,56.364,23.331,1.493,54.871,emon,0.96,0.711,35.6,22.2,1.605
2026-09-29 23:08:43.777,6.3,0,51,9;29;3;6;5;1;1;0;2;0;3;1;51;36;8;15;0;0;0;0;0;0;0;0;2;2;3;2,1164,4774,4316;3999;3424;3246;3478;3133;3642;2798;2944;2882;3595;3519;4615;4774;3576;4092;1164;1180;1215;1220;1320;1238;1467;1290;2526;2487;2434;2489,91.3,0.0,4425.2,1,9,849,12227,30,6.9,2565,14001,1,16,0,0,0,0,0.0,0,0,0,0,0,0.0,0.0,0.0,0,0,0,39.1,0.0,0.0,0.33,0.0,22.5,95.4,79.18021954430475,43.49961937798394,32.615058686998154,60.16047583685981,25.335623423258465,2399.0,41.01888752762332,0.1601650669472292,77.7949418992632,0.0,0.0,99.5,99.4,0.0,0.0,0.0,450.0,4425.2,0.0,0.0,55.236,1.128,56.364,23.331,1.493,54.871,emon,0.96,0.711,35.6,22.2,1.605
2026-09-29 23:08:44.777,5.6,0,48,9;28;8;3;0;0;0;0;0;0;0;0;48;48;0;8;0;0;0;0;0;0;0;0;0;3;0;2,998,4773,4546;3905;4035;3842;1217;1256;1215;1691;1282;1305;998;1186;4601;4773;3528;3554;1208;1219;1174;1196;1750;1308;1608;1864;2166;2235;2185;2193,78.5,0.0,4425.2,1,8,849,12227,30,6.9,2565,14001,1,16,0,0,0,0,0.0,0,0,0,0,0,0.0,0.0,0.0,0,0,0,40.1,0.0,0.0,0.33,0.0,22.5,95.4,78.37863056659698,41.22025337219238,32.09011116027832,57.99472160339356,25.217581367492677,2399.0,39.94373633060604,0.1455185933969915,75.04376307800412,0.0,0.0,99.6,99.6,0.0,0.0,0.0,450.0,4425.2,0.0,0.0,55.236,1.128,56.364,23.331,1.493,54.871,emon,0.96,0.711,35.6,22.2,1.605
2026-09-29 23:08:45.777,6.8,0,48,9;31;6;8;0;0;0;0;3;0;3;0;43;48;10;8;2;0;0;0;0;2;3;0;2;6;3;5,1179,4765,4402;4011;3920;3846;1179;1217;1226;1458;3619;3202;3635;3114;4554;4765;3771;3684;1225;1215;1234;1395;1227;1618;1307;1192;2467;2677;2599;2705,95.2,0.0,4425.2,1,10,849,12227,30,6.9,2565,14001,1,16,0,0,0,0,0.0,0,0,0,0,0,0.0,0.0,0.0,0,0,0,40.1,0.0,0.0,0.33,0.0,22.5,95.4,78.38669422864913,41.255249404907225,31.788616180419922,57.76379890441895,24.768411922454835,2399.0,39.563182216428686,0.14700580083299428,75.04405423682184,0.0,0.0,99.6,99.6,0.0,0.0,0.0,450.0,4425.2,0.0,0.0,55.236,1.128,56.364,23.331,1.493,54.871,emon,0.96,0.711,35.6,22.2,1.605
2026-09-29 23:08:46.778,6.7,0,53,9;34;6;8;0;1;0;0;2;0;0;0;53;44;12;14;0;0;0;0;0;0;0;0;0;2;2;2,1155,4779,4562;4256;3802;3740;1406;1253;1350;1155;2669;1235;1215;1290;4603;4779;4172;4086;1375;1367;1529;1464;1347;1640;1515;1609;2089;2381;2315;2281,88.9,0.0,4425.2,2,9,849,12227,30,6.9,2565,14001,1,16,0,0,0,0,0.0,0,0,0,0,0,0.0,0.0,0.0,0,0,0,40.1,0.0,0.0,0.33,0.0,22.5,95.4,77.26803963184356,41.159335136413574,31.801877212524413,57.728114700317384,25.159736156463623,2399.0,39.15619396886905,0.15381713937968017,75.02835635878145,0.0,0.0,99.7,99.6,0.0,0.0,0.0,450.0,4425.9,0.0,0.0,55.236,1.128,56.364,23.331,1.493,54.871,emon,0.96,0.711,35.6,22.2,1.605
2026-09-29 23:08:47.778,6.9,0,58,3;24;11;8;0;2;0;0;2;3;3;2;58;40;9;5;0;0;0;0;0;0;0;0;2;8;11;5,1126,4774,4457;3935;4203;4032;1285;1126;1190;1215;3315;2744;2993;3471;4619;4774;3806;3657;1197;1255;1700;1253;1267;1456;1564;1270;2571;2658;2292;2448,100.0,0.0,4425.9,0,7,850,12227,30,6.9,2565,14001,1,16,0,0,0,0,0.0,0,0,0,0,0,0.0,0.0,0.0,0,0,0,39.1,0.0,0.0,0.33,0.0,22.5,95.4,78.24115834516637,38.5132365507238,30.05254835240981,54.29112916834214,23.70879779142492,2399.0,37.850310774410474,0.14186137880417793,76.49325418099761,0.0,0.0,99.5,99.5,0.0,0.0,0.0,450.0,4425.9,0.0,0.0,55.236,1.128,56.364,23.331,1.493,54.871,emon,0.96,0.711,35.6,22.2,1.605
2026-09-29 23:08:48.779,7.2,0,52,12;34;8;8;0;0;1;1;0;0;0;0;52;33;14;6;0;0;0;0;0;1;1;0;6;9;5;8,1206,4780,4386;4050;3585;3875;1273;1292;1289;1425;1216;1219;1212;1212;4612;4780;4180;3934;1240;1290;1308;1343;1251;1263;1206;1310;2594;2607;2419;2441,91.2,0.0,4425.9,1,8,850,12227,30,6.9,2565,14001,1,16,0,0,0,0,0.0,0,0,0,0,0,0.0,0.0,0.0,0,0,0,39.1,0.0,0.0,0.33,0.0,22.5,95.4,75.85103466294028,39.77154263583097,31.038911819458008,56.078716624866836,24.534398425709117,2399.0,38.72223268816015,0.14524531005670063,72.76680699481882,0.0,0.0,99.4,99.3,0.0,0.0,0.0,450.0,4425.9,0.0,0.0,55.236,1.128,56.364,23.331,1.493,54.871,emon,0.96,0.711,35.6,22.2,1.605
2026-09-29 23:08:49.779,7.2,0,50,8;34;14;10;0;0;0;1;0;0;0;0;50;34;16;12;0;0;0;2;0;0;0;2;5;5;5;6,1106,4773,4219;3868;3968;4047;1338;1295;1327;1636;1307;1556;1106;1239;4591;4773;4116;4335;1551;1479;1465;1977;1300;1222;2511;1561;2269;2595;2488;2560,100.0,0.0,4425.9,1,9,849,12227,30,6.9,2565,14001,1,16,0,0,0,0,0.0,0,0,0,0,0,0.0,0.0,0.0,0,0,0,39.1,0.0,0.0,0.33,0.0,22.5,95.4,83.5015402899848,42.74971559312608,32.80464998881022,59.83857684665256,25.81410100724962,2399.0,41.54276200552057,0.15824415420906413,77.8468564748764,0.0,0.0,99.8,99.7,0.0,0.0,0.0,450.0,4425.9,0.0,0.0,55.236,1.128,56.364,23.331,1.493,54.871,emon,0.96,0.711,35.6,22.2,1.605
2026-09-29 23:08:50.779,6.5,0,62,11;33;3;11;0;0;0;2;0;0;0;0;62;36;8;8;0;0;0;0;0;0;2;0;0;3;0;3,1205,4776,4401;4075;3794;4096;1660;1459;1395;2244;1981;1581;1426;1479;4648;4776;4267;4188;1205;1217;1219;1214;1257;1298;1238;1247;2112;2236;2230;2145,100.0,0.0,4425.9,1,9,848,12227,30,6.9,2565,14001,1,16,0,0,0,0,0.0,0,0,0,0,0,0.0,0.0,0.0,0,0,0,40.1,0.0,0.0,0.33,0.0,22.5,95.4,82.36679534912109,44.69556401570638,33.5422253926595,61.94636637369792,26.060788345336913,2399.0,43.001420156323974,0.16483927316342792,80.03257492184639,0.0,0.0,99.4,99.4,0.0,0.0,0.0,450.0,4425.9,0.0,0.0,55.236,1.128,56.364,23.331,1.493,54.871,emon,0.96,0.711,35.6,22.2,1.605
2026-09-29 23:08:51.780,6.6,0,50,8;31;11;6;0;2;1;0;0;2;0;0;50;34;11;9;0;2;0;0;0;2;2;0;2;5;3;5,1125,4778,4241;3791;3921;3537;1364;1451;1820;1237;1862;1323;1240;1203;4620;4778;4270;3976;1207;1125;1208;1198;1498;1695;1476;1241;2389;2465;2413;2241,100.0,0.0,4425.9,1,17,848,12227,30,6.9,2565,14001,1,16,0,0,0,0,0.0,0,0,0,0,0,0.0,0.0,0.0,0,0,0,40.1,0.0,0.0,0.33,0.0,22.5,95.4,77.65193655490876,41.28124141693115,32.134029960632326,58.14067192077637,25.344536113739014,2399.0,40.18001440920634,0.15059113561874254,75.03397066853941,0.0,0.0,99.6,99.6,0.0,0.0,0.0,450.0,4425.9,0.0,0.0,55.16,1.125,56.285,25.992,1.663,54.622,emon,0.958,0.694,35.9,21.9,1.637
2026-09-29 23:08:52.780,6.2,0,48,5;23;8;5;0;0;0;0;0;0;0;0;48;41;16;11;0;2;0;2;0;0;0;0;3;3;2;5,1184,4782,4139;3897;3964;3854;1740;1394;1274;1638;1433;1336;1365;1316;4613;4782;4415;4190;1521;2281;2333;1395;2900;1245;1184;1249;2386;2372;2469;2242,93.4,0.0,4425.9,1,8,848,12227,30,6.9,2565,14001,1,16,0,0,0,0,0.0,0,0,0,0,0,0.0,0.0,0.0,0,0,0,40.1,0.0,0.0,0.33,0.0,22.5,95.4,77.20136008262634,41.71712856292724,31.87457695007324,58.2600601196289,24.8818639755249,2399.0,40.23301049051224,0.15346514427801594,75.0301849456504,0.0,0.0,99.6,99.6,0.0,0.0,0.0,450.0,4425.9,0.0,0.0,55.16,1.125,56.285,25.992,1.663,54.622,emon,0.958,0.694,35.9,21.9,1.637
2026-09-29 23:08:53.780,6.9,0,47,8;35;12;8;2;0;0;0;2;2;1;2;47;45;14;9;0;0;0;0;0;0;0;0;3;2;2;0,1168,4772,4343;4080;4011;3753;1169;1234;1200;1384;1462;1612;1586;2111;4596;4772;4071;4165;1408;1168;1205;1234;1244;1240;1224;1217;2491;2306;2407;2338,100.0,0.0,4425.9,1,8,847,12227,30,6.9,2565,14001,1,16,0,0,0,0,0.0,0,0,0,0,0,0.0,0.0,0.0,0,0,0,40.1,0.0,0.0,0.33,0.0,22.5,95.4,78.03723833560943,41.62449474334717,31.905481147766114,58.217308807373044,25.00606174468994,2399.0,40.15020531420596,0.15352541959146038,75.04247958213091,0.0,0.0,99.7,99.6,0.0,0.0,0.0,450.0,4425.9,0.0,0.0,55.16,1.125,56.285,25.992,1.663,54.622,emon,0.958,0.694,35.9,21.9,1.637
2026-09-29 23:08:54.781,6.2,0,55,11;26;8;5;0;0;0;0;0;0;0;0;55;38;9;3;0;1;0;2;0;0;2;3;3;2;5;2,1079,4767,4433;4060;4020;4068;1411;1239;1251;1192;1775;1434;1356;1714;4606;4767;4095;4033;1251;1665;1379;1079;1227;1241;1235;1726;2232;2295;2304;2267,94.0,0.0,4425.9,1,8,849,12227,30,6.9,2565,14001,1,16,0,0,0,0,0.0,0,0,0,0,0,0.0,0.0,0.0,0,0,0,40.1,0.0,0.0,0.33,0.0,22.5,95.4,84.01386711001396,45.310930013656616,34.17010307312012,62.88855266571045,26.597508311271667,2399.0,42.91835721601092,0.17187532206298783,81.2863756599836,0.0,0.0,99.7,99.7,0.0,0.0,0.0,450.0,4425.9,0.0,0.0,55.16,1.125,56.285,25.992,1.663,54.622,emon,0.958,0.694,35.9,21.9,1.637
2026-09-29 23:08:55.781,5.8,0,47,2;25;8;0;0;0;0;0;0;0;0;0;47;38;8;21;0;0;2;2;0;0;0;0;2;5;3;3,1064,4772,3795;3890;4003;3229;1199;1225;1255;1380;1160;1127;1159;1341;4592;4772;4325;4057;1855;1292;2667;2585;1064;1148;1169;1173;2410;2653;2700;2692,62.8,0.0,4425.9,1,10,848,12227,30,6.9,2565,14001,1,16,0,0,0,0,0.0,0,0,0,0,0,0.0,0.0,0.0,0,0,0,39.1,0.0,0.0,0.33,0.0,22.5,95.4,78.15132279396057,39.64550609588623,30.678999519348146,55.64488582611084,24.150635051727296,2399.0,38.188061633880714,0.1515319463564083,75.04146090038121,0.0,0.0,99.7,99.7,0.0,0.0,0.0,450.0,4425.9,0.0,0.0,55.16,1.125,56.285,25.992,1.663,54.622,emon,0.958,0.694,35.9,21.9,1.637
2026-09-29 23:08:56.781,5.6,0,48,6;18;5;2;1;0;0;0;0;0;1;2;48;48;6;12;0;0;0;2;0;0;2;0;2;0;0;0,1219,4773,4139;3689;4010;3405;1343;1219;1273;1469;1671;2050;3203;2836;4601;4773;4251;4170;1493;1549;1835;1359;1306;1252;1352;1233;2287;2563;2283;2427,94.1,0.0,4425.2,0,8,848,12227,30,6.9,2565,14001,1,16,0,0,0,0,0.0,0,0,0,0,0,0.0,0.0,0.0,0,0,0,40.1,0.0,0.0,0.33,0.0,22.5,95.4,76.91707665920258,41.25339775085449,32.06993865966797,58.05949478149414,25.077830123901368,2399.0,40.801255569874776,0.14798979009501637,75.02347333543003,0.0,0.0,99.7,99.7,0.0,0.0,0.0,450.0,4425.2,0.0,0.0,55.16,1.125,56.285,25.992,1.663,54.622,emon,0.958,0.694,35.9,21.9,1.637
2026-09-29 23:08:57.782,6.5,0,58,12;28;11;9;0;0;0;0;0;0;0;2;58;31;9;9;0;1;0;0;2;0;0;0;0;3;3;2,1162,4769,4176;3902;4236;4308;1208;1162;1210;1168;1188;1197;1222;1549;4603;4769;3552;3991;1472;1607;1255;1327;1289;1279;1544;1211;2329;2544;2251;2295,100.0,0.0,4425.2,1,12,849,12227,30,6.9,2565,14001,1,16,0,0,0,0,0.0,0,0,0,0,0,0.0,0.0,0.0,0,0,0,40.1,0.0,0.0,0.33,0.0,22.5,95.4,80.09563064575195,38.87059688568115,29.504145622253418,54.04284896850586,22.830492877960204,2399.0,36.778290487424236,0.15249546710401773,75.06868486516177,0.0,0.0,99.6,99.6,0.0,0.0,0.0,450.0,4425.2,0.0,0.0,55.16,1.125,56.285,25.992,1.663,54.622,emon,0.958,0.694,35.9,21.9,1.637
2026-09-29 23:08:58.782,5.6,0,47,6;24;3;6;2;0;0;0;4;0;3;2;47;47;6;8;0;0;0;0;0;0;0;0;0;0;0;0,1151,4773,4486;4076;3545;3762;1545;1151;1324;1213;3657;1883;3734;2936;4600;4773;3643;4091;1194;1219;1212;1202;1717;2566;1304;1239;2324;2333;2102;2151,94.5,0.0,4425.2,1,7,849,12227,30,6.9,2565,14001,1,16,0,0,0,0,0.0,0,0,0,0,0,0.0,0.0,0.0,0,0,0,40.1,0.0,0.0,0.33,0.0,22.5,95.4,78.05409424304962,41.24135112762451,32.05203151702881,57.98787269592285,25.329902267456056,2399.0,40.17974026217708,0.149967072380241,75.04364967215807,0.0,0.0,99.5,99.5,0.0,0.0,0.0,450.0,4425.2,0.0,0.0,55.16,1.125,56.285,25.992,1.663,54.622,emon,0.958,0.694,35.9,21.9,1.637
2026-09-29 23:08:59.782,5.9,0,55,11;20;9;11;0;0;0;0;0;0;0;0;55;34;12;12;0;0;2;0;0;0;0;0;0;0;0;0,1174,4786,4377;3706;4226;4100;1199;1209;1236;1214;1229;1223;1234;1275;4632;4786;4332;4142;1388;1292;1305;1437;1194;1211;1220;1174;2156;2103;2001;2273,94.8,0.0,4425.2,1,10,849,12227,30,7.2,2565,14001,1,16,0,0,0,0,0.0,0,0,0,0,0,0.0,0.0,0.0,0,0,0,40.1,0.0,0.0,0.33,0.0,22.5,95.4,83.92958174811469,43.44905810885959,32.756882985432945,60.228932274712456,25.117542266845703,2399.0,41.099032155522664,0.16615540601520074,77.8567129737801,0.0,0.0,99.7,99.6,0.0,0.0,0.0,450.0,4425.2,0.0,0.0,55.16,1.125,56.285,25.992,1.663,54.622,emon,0.958,0.694,35.9,21.9,1.637
2026-09-29 23:09:00.783,7.6,0,58,16;36;8;9;2;2;4;0;0;0;0;2;58;31;8;11;2;0;3;2;3;0;2;0;3;3;6;3,1061,4764,4567;4132;3872;3854;1144;1073;1354;1061;1513;1398;1403;1299;4579;4764;3285;4008;2176;1372;2027;2025;1313;1571;2369;1441;2583;2643;2541;2490,96.4,0.0,4425.2,2,9,850,12227,30,7.2,2565,14001,1,16,0,0,0,0,0.0,0,0,0,0,0,0.0,0.0,0.0,0,0,0,40.1,0.0,0.0,0.33,0.0,22.5,95.4,80.39302839173212,41.58993911743164,31.328786214192707,57.59927940368652,24.185348139868843,2399.0,38.6089039654471,0.16517502051364216,77.80894188914034,0.0,0.0,99.6,99.6,0.0,0.0,0.0,450.0,4425.2,0.0,0.0,55.16,1.125,56.285,25.992,1.663,54.622,emon,0.958,0.694,35.9,21.9,1.637
2026-09-29 23:09:01.783,7.6,0,53,11;36;17;19;0;0;2;0;0;0;0;0;53;28;11;17;2;0;0;1;0;0;0;0;5;3;3;6,1199,4778,3829;3862;4062;4221;1211;1221;1260;1199;2632;1303;1291;1325;4624;4778;4157;4254;1721;1438;1727;2381;2014;1323;1353;1571;2452;2504;2348;2563,91.1,0.0,4425.2,2,9,850,12227,30,7.2,2565,14001,1,16,0,0,0,0,0.0,0,0,0,0,0,0.0,0.0,0.0,0,0,0,40.1,0.0,0.0,0.33,0.0,22.5,95.4,80.30239974127875,43.07410664028592,32.98898039923774,60.161892361111114,25.720611254374187,2399.0,41.684033703188305,0.15696038435109788,77.81146185472608,0.0,0.0,99.8,99.8,0.0,0.0,0.0,450.0,4425.2,0.0,0.0,55.16,1.125,56.285,25.992,1.663,54.622,emon,0.958,0.694,35.9,21.9,1.637
2026-09-29 23:09:02.784,6.2,0,51,2;28;10;14;1;0;0;0;3;0;3;0;51;50;6;2;0;0;0;0;0;0;0;0;2;0;2;3,929,4774,3977;3998;3594;4079;1453;1277;1172;1120;3697;1722;3475;1843;4620;4774;3964;3987;1089;1162;1187;1114;1339;929;1012;1291;2305;2518;2387;2524,91.1,0.0,4425.2,1,8,850,12227,30,7.2,2565,14001,1,16,0,0,0,0,0.0,0,0,0,0,0,0.0,0.0,0.0,0,0,0,40.1,0.0,0.0,0.33,0.0,22.5,95.4,79.41752460267809,43.01008309258355,33.11431524488661,60.17041227552626,26.113247447543674,2399.0,40.831389559445796,0.1599847423688819,77.79979840231438,0.0,0.0,99.6,99.6,0.0,0.0,0.0,450.0,4425.2,0.0,0.0,54.949,1.134,56.083,24.581,1.573,54.51,emon,0.959,0.761,35.3,21.9,1.61
2026-09-29 23:09:03.784,6.4,0,48,5;23;15;12;0;2;2;2;0;0;1;0;48;45;3;6;0;0;1;0;0;0;0;0;0;5;3;5,1158,4778,4035;4046;4493;4325;1214;1229;1860;1208;1662;1717;1794;1583;4619;4778;3063;3395;1158;1244;1695;1161;1187;1259;1532;1242;2159;2520;2527;2419,93.9,0.0,4425.2,1,12,849,12227,30,7.2,2565,14001,1,16,0,0,0,0,0.0,0,0,0,0,0,0.0,0.0,0.0,0,0,0,40.1,0.0,0.0,0.33,0.0,22.5,95.4,80.63244496451483,39.97075843811035,30.170806248982746,55.46744834052192,23.31440194447835,2399.0,38.398796082222056,0.15038811337823668,77.81329305428598,0.0,0.0,99.7,99.7,0.0,0.0,0.0,450.0,4425.2,0.0,0.0,54.949,1.134,56.083,24.581,1.573,54.51,emon,0.959,0.761,35.3,21.9,1.61
2026-09-29 23:09:04.785,6.2,0,52,3;24;8;11;0;0;0;1;0;0;0;0;52;47;11;11;0;0;0;2;2;4;0;0;0;0;0;0,1224,4759,4098;3848;3689;3582;1247;1224;1364;1527;1300;1273;1897;1279;4608;4759;4040;3806;1486;1250;1526;1357;1744;2070;1458;1405;2138;2055;2062;2071,100.0,0.0,4425.2,2,8,850,12227,30,7.2,2565,14001,1,16,0,0,0,0,0.0,0,0,0,0,0,0.0,0.0,0.0,0,0,0,40.1,0.0,0.0,0.33,0.0,22.5,95.4,83.56691026687622,45.31303405761719,34.282114028930664,62.91589021682739,26.848286032676697,2399.0,43.0773376251891,0.1680211461498402,81.27692814311013,0.0,0.0,99.8,99.7,0.0,0.0,0.0,450.0,4425.2,0.0,0.0,54.949,1.134,56.083,24.581,1.573,54.51,emon,0.959,0.761,35.3,21.9,1.61
2026-09-29 23:09:05.785,5.7,0,50,3;21;8;8;0;0;0;0;0;0;0;0;42;50;10;14;0;0;0;0;0;0;0;0;2;0;0;2,1159,4776,4160;4019;4137;4283;1194;1159;1218;1218;1225;1183;1217;1212;4605;4776;4236;4212;1257;1232;1324;1414;1327;1215;1273;1214;2365;2464;2309;2318,96.2,0.0,4425.2,3,11,850,12227,30,7.2,2565,14001,1,16,0,0,0,0,0.0,0,0,0,0,0,0.0,0.0,0.0,0,0,0,40.1,0.0,0.0,0.33,0.0,22.5,95.4,73.50430464744568,39.37230739593506,29.415293312072755,54.34124488830567,22.5658597946167,2399.0,36.98546143791755,0.15131456741364674,70.05613496773876,0.0,0.0,99.7,99.7,0.0,0.0,0.0,450.0,4425.2,0.0,0.0,54.949,1.134,56.083,24.581,1.573,54.51,emon,0.959,0.761,35.3,21.9,1.61
2026-09-29 23:09:06.786,6.1,0,77,5;31;8;6;0;0;0;0;0;0;0;2;77;16;14;11;0;0;0;0;0;0;0;2;2;0;0;0,1366,4757,4245;4151;3528;3735;1710;1397;1366;2078;2220;1982;2019;2648;4698;4757;4341;4163;1645;1500;2315;2106;2214;1812;1873;2108;2693;2539;2348;2489,61.2,0.0,4425.2,3,10,850,12227,30,7.2,2565,14001,1,16,0,0,0,0,0.0,0,0,0,0,0,0.0,0.0,0.0,0,0,0,68.1,0.0,0.0,0.33,0.0,22.5,95.4,81.45418083667755,41.123809814453125,32.215215894911026,58.05997806125217,25.64162660886844,2399.0,40.83538568306378,0.14748860605888897,77.81704192604714,0.0,0.0,41.2,41.2,0.0,0.0,0.0,450.0,4425.2,0.0,0.0,54.949,1.134,56.083,24.581,1.573,54.51,emon,0.959,0.761,35.3,21.9,1.61
2026-09-29 23:09:07.786,6.6,0,95,10;32;5;9;0;0;0;0;0;0;0;0;95;0;8;11;0;0;0;0;2;3;0;3;2;2;2;3,1191,4740,4309;4155;3454;4100;1415;1431;1775;1287;1306;1202;1191;1192;4740;4537;4024;4168;1245;1288;1651;1309;1534;1977;1591;2156;2417;2230;2418;2316,0.0,0.0,4425.2,2,12,850,12227,30,7.2,2565,14001,1,16,0,0,0,0,0.0,0,0,0,0,0,0.0,0.0,0.0,0,0,0,79.1,0.0,0.0,0.33,0.0,22.5,95.4,93.35429000854492,0.0,0.0,0.0,1.297635555267334,1699.0,0.09361567767336965,0.7380634546279907,50.05820244178176,0.0,0.0,41.2,41.2,0.0,0.0,0.0,450.0,4425.2,0.0,0.0,54.949,1.134,56.083,24.581,1.573,54.51,emon,0.959,0.761,35.3,21.9,1.61
2026-09-29 23:09:08.786,7.1,0,94,5;34;10;14;0;0;0;0;0;0;0;3;94;2;9;14;0;0;0;0;2;2;0;3;3;2;2;3,1249,4775,4498;4233;4188;4025;2411;2008;1279;1295;1937;1249;1287;1920;4738;4775;4203;4264;1462;1268;1708;1287;1322;1587;1622;2595;2406;2466;2174;2377,0.0,0.0,4425.2,4,10,849,12227,30,7.2,2565,14001,1,16,0,0,0,0,0.0,0,0,0,0,0,0.0,0.0,0.0,0,0,0,77.1,0.0,0.0,0.32,0.0,22.5,95.4,93.35429000854492,0.0,0.0,0.0,1.297635555267334,1699.0,0.09361567767336965,0.7380634546279907,50.05820244178176,0.0,0.0,1.1,0.0,0.0,0.0,1.0,450.0,4425.2,0.0,0.0,54.949,1.134,56.083,24.581,1.573,54.51,emon,0.959,0.761,35.3,21.9,1.61
2026-09-29 23:09:09.787,6.6,0,91,0;33;6;8;0;0;0;0;0;2;0;0;91;2;19;9;0;0;0;0;0;0;0;2;3;5;3;3,1215,4798,3990;4166;4145;3744;1641;1215;1229;1675;1217;1375;1738;1267;4754;4798;4445;4228;1716;1304;1950;1384;1286;1963;1274;1464;2448;2326;2200;2414,0.0,0.0,4425.2,2,9,850,12227,30,7.2,2565,14001,1,16,0,0,0,0,0.0,0,0,0,0,0,0.0,0.0,0.0,0,0,0,78.1,0.0,0.0,0.32,0.0,22.6,95.4,93.35429000854492,0.0,0.0,0.0,1.297635555267334,1699.0,0.09361567767336965,0.7380634546279907,50.05820244178176,0.0,0.0,3.0,0.0,0.0,0.0,3.7,450.0,4425.2,0.0,0.0,54.949,1.134,56.083,24.581,1.573,54.51,emon,0.959,0.761,35.3,21.9,1.61
2026-09-29 23:09:10.787,7.0,0,80,6;20;11;9;2;0;0;0;0;0;0;0;80;9;13;9;0;3;0;0;3;5;3;5;5;6;3;3,1193,4716,4497;3969;3818;3456;1712;1193;1349;1207;1593;1524;1219;1277;4716;4695;4394;3963;1603;1862;1281;1201;2259;2246;1942;2344;2150;2008;2145;1809,0.0,0.0,4425.2,3,10,850,12227,30,7.2,2565,14001,1,16,0,0,0,0,0.0,0,0,0,0,0,0.0,0.0,0.0,0,0,0,66.1,0.0,0.0,0.32,0.0,22.5,95.4,93.35429000854492,0.0,0.0,0.0,1.297635555267334,1699.0,0.09361567767336965,0.7380634546279907,50.05820244178176,0.0,0.0,2.1,0.0,0.0,0.0,3.1,450.0,4425.2,0.0,0.0,54.949,1.134,56.083,24.581,1.573,54.51,emon,0.959,0.761,35.3,21.9,1.61
2026-09-29 23:09:11.788,2.6,0,25,2;17;3;2;0;2;0;0;0;0;0;0;25;3;9;3;0;0;0;0;0;0;0;0;5;0;2;2,1193,4305,3612;3249;3345;3486;1250;1413;1253;1248;1195;1207;1204;1193;4305;3561;4032;3347;1222;1244;1302;1210;1486;1469;1413;1230;2709;2331;2297;2548,0.0,0.0,4425.2,4,10,848,12227,30,7.2,2565,14001,1,16,0,0,0,0,0.0,0,0,0,0,0,0.0,0.0,0.0,0,0,0,38.1,0.0,0.0,0.32,0.0,22.5,95.4,93.35429000854492,0.0,0.0,0.0,1.297635555267334,1699.0,0.09361567767336965,0.7380634546279907,50.05820244178176,0.0,0.0,2.0,0.0,0.0,0.0,2.1,450.0,4425.2,0.0,0.0,54.949,1.134,56.083,24.581,1.573,54.51,emon,0.959,0.761,35.3,21.9,1.61
2026-09-29 23:09:12.788,4.2,0,32,6;32;5;6;2;2;2;2;0;0;3;0;29;3;11;2;0;0;0;0;2;0;3;0;3;2;2;3,1207,4356,3911;3522;2597;3402;1723;2453;2221;1637;1260;1233;1581;1207;4356;3825;3620;3159;1305;1694;2071;1291;1515;1223;2266;1560;2472;2200;2099;1982,0.0,0.0,4425.2,3,10,847,12227,30,7.2,2565,14001,1,16,0,0,0,0,0.0,0,0,0,0,0,0.0,0.0,0.0,0,0,0,37.1,0.0,0.0,0.32,0.0,22.5,95.4,93.35429000854492,0.0,0.0,0.0,1.297635555267334,1699.0,0.09361567767336965,0.7380634546279907,50.05820244178176,0.0,0.0,2.0,0.0,0.0,0.0,2.5,450.0,4425.2,0.0,0.0,54.949,1.134,56.083,24.581,1.573,54.51,emon,0.959,0.761,35.3,21.9,1.61
2026-09-29 23:09:13.788,3.7,0,34,5;27;3;6;0;0;0;0;0;2;0;2;34;5;9;2;0;0;0;0;0;0;0;0;2;0;5;3,1120,4372,4094;3178;2580;3761;1206;1323;1980;1140;1207;1295;1189;1120;4372;3084;2679;2743;1225;1740;1245;1282;1136;1148;1365;1407;2455;2385;2075;2481,0.0,0.0,4425.2,0,7,847,12227,30,6.9,2565,14001,1,16,0,0,0,0,0.0,0,0,0,0,0,0.0,0.0,0.0,0,0,0,36.1,0.0,0.0,0.32,0.0,22.5,95.4,93.35429000854492,0.0,0.0,0.0,1.297635555267334,1699.0,0.09361567767336965,0.7380634546279907,50.05820244178176,0.0,0.0,3.0,0.0,0.0,0.0,3.8,450.0,4425.2,0.0,0.0,1.442,1.089,2.531,23.491,1.503,1.028,emon,0.933,0.862,50.1,16.1,3.105
2026-09-29 23:09:14.789,4.0,0,39,12;20;11;6;2;2;0;0;0;0;0;0;39;3;3;3;0;0;2;0;0;0;2;0;0;3;2;3,1070,4405,4069;3222;3932;2870;1359;1288;1431;1171;1752;1487;1295;1957;4405;3627;3101;2708;1229;1218;1409;1148;1103;1070;1259;1238;2243;2157;2073;2139,0.0,0.0,4425.2,0,6,848,12227,30,6.9,2565,14001,1,16,0,0,0,0,0.0,0,0,0,0,0,0.0,0.0,0.0,0,0,0,36.1,0.0,0.0,0.32,0.0,22.5,95.4,93.35429000854492,0.0,0.0,0.0,1.297635555267334,1699.0,0.09361567767336965,0.7380634546279907,50.05820244178176,0.0,0.0,3.0,0.0,0.0,0.0,3.7,450.0,4425.2,0.0,0.0,1.442,1.089,2.531,23.491,1.503,1.028,emon,0.933,0.862,50.1,16.1,3.105
2026-09-29 23:09:15.789,3.2,0,42,3;19;2;6;0;0;0;0;0;0;0;0;42;3;0;2;0;0;0;0;0;0;0;2;5;3;2;2,1114,4535,4265;3484;3322;3621;1470;1282;1467;1327;1206;1484;1585;1278;4535;3913;2630;3119;1304;1311;1808;1304;1260;1254;1114;2251;2263;2427;2213;2311,0.0,0.0,4425.1,2,10,848,12227,30,6.9,2565,14001,1,16,0,0,0,0,0.0,0,0,0,0,0,0.0,0.0,0.0,0,0,0,37.1,0.0,0.0,0.32,0.0,22.5,95.4,93.35429000854492,0.0,0.0,0.0,1.297635555267334,1699.0,0.09361567767336965,0.7380634546279907,50.05820244178176,0.0,0.0,2.1,0.0,0.0,0.0,3.0,450.0,4425.2,0.0,0.0,1.442,1.089,2.531,23.491,1.503,1.028,emon,0.933,0.862,50.1,16.1,3.105
2026-09-29 23:09:16.789,6.7,0,100,8;32;2;6;0;0;0;0;0;0;0;0;100;2;23;9;0;2;0;0;0;0;2;2;0;0;0;0,1216,4789,4437;3764;3419;3260;1640;1251;1835;1216;1355;1417;1270;1457;4775;4789;4287;4198;1579;2385;2078;1269;1412;1321;1404;1851;2058;2421;2223;1934,0.0,0.0,4647.7,0,7,848,12227,30,6.9,2565,14001,1,16,0,0,0,0,0.0,0,0,0,0,0,0.0,0.0,0.0,0,0,0,39.1,0.0,0.0,0.32,0.0,23.1,95.4,99.99997940063477,57.83781814575195,38.3420431137085,76.26155815124511,1.9774312436580659,2279.0,7.152136844396591,1.0279408741742373,99.9999786376953,0.0,0.0,4.9,0.0,0.0,0.0,2.6,450.0,4744.8,0.0,0.0,1.442,1.089,2.531,23.491,1.503,1.028,emon,0.933,0.862,50.1,16.1,3.105
2026-09-29 23:09:17.790,6.0,0,100,3;35;3;5;0;0;0;2;0;0;2;0;100;3;6;8;0;0;0;0;0;0;0;0;0;2;0;0,1263,4799,4395;3466;3268;3477;1278;1282;1263;1842;1535;1331;3041;2460;4799;4799;3832;4214;1693;1274;2596;1471;1506;1947;2149;1578;2213;2313;2112;2213,0.0,0.0,4647.7,0,9,849,12227,30,6.4,2565,14001,1,16,0,0,0,0,0.0,0,0,0,0,0,0.0,0.0,0.0,0,0,0,38.1,0.0,0.0,0.32,0.0,23.1,95.4,99.999998304579,60.65934711032443,39.30894046359592,79.82606252034505,1.4951193862491183,2399.0,7.367495987150404,0.7959031421277258,100.00000339084201,0.0,0.0,95.9,94.7,0.0,0.0,0.0,450.0,4647.7,0.0,0.0,1.442,1.089,2.531,23.491,1.503,1.028,emon,0.933,0.862,50.1,16.1,3.105
2026-09-29 23:09:18.814,6.2,0,100,5;24;3;8;0;0;0;1;0;0;0;0;100;15;3;8;0;0;0;0;0;0;0;0;2;3;2;2,1210,4798,4474;3323;3413;3883;1396;1517;2093;1313;1210;1221;1468;2039;4798;4798;3407;4063;1519;1330;2240;1589;1967;1805;1802;1413;2099;2246;1988;2516,0.0,0.0,4647.7,0,7,849,12227,30,6.4,2565,14001,1,16,0,0,0,0,0.0,0,0,0,0,0,0.0,0.0,0.0,0,0,0,38.1,0.0,0.0,0.32,0.0,23.1,95.4,100.00000076293945,60.53630256652832,39.427099609375,79.78115692138672,1.825914853811264,2399.0,8.492587810754776,0.9339722134172916,100.00000076293945,0.0,0.0,100.0,100.0,0.0,0.0,0.0,450.0,4647.7,0.0,0.0,1.442,1.089,2.531,23.491,1.503,1.028,emon,0.933,0.862,50.1,16.1,3.105
2026-09-29 23:09:19.815,7.3,0,100,5;28;12;8;1;0;0;2;1;0;2;0;100;8;11;6;0;0;0;0;0;0;0;0;5;5;5;6,1983,4796,4229;3267;4096;3565;2118;2631;2391;2212;2648;2061;2288;2481;4796;4786;3984;3439;2613;2497;2468;2521;2534;1983;1983;2266;2670;2558;2618;2476,0.0,0.0,4647.7,0,7,849,12227,30,6.4,2565,14001,1,16,0,0,0,0,0.0,0,0,0,0,0,0.0,0.0,0.0,0,0,0,39.1,0.0,0.0,0.32,0.0,22.9,95.4,99.99999771118163,60.31518974304199,39.63580665588379,79.73946609497071,1.706716737151146,2399.0,8.243104958534241,0.8959603268653155,100.00000305175782,0.0,0.0,100.0,100.0,0.0,0.0,0.0,450.0,4647.7,0.0,0.0,1.442,1.089,2.531,23.491,1.503,1.028,emon,0.933,0.862,50.1,16.1,3.105
2026-09-29 23:09:20.815,7.4,0,100,9;28;14;6;2;4;2;2;1;0;0;0;100;9;6;6;0;0;0;0;0;0;2;0;3;5;3;5,1202,4800,4374;3460;3851;3841;1894;2104;1880;2160;2338;1358;1789;1321;4799;4800;3553;3841;1219;1358;1202;2093;1704;1440;2659;1438;2257;2135;2469;2093,0.0,0.0,4647.7,0,8,850,12227,30,6.4,2565,14001,1,16,0,0,0,0,0.0,0,0,0,0,0,0.0,0.0,0.0,0,0,0,39.1,0.0,0.0,0.32,0.0,22.9,95.4,99.9999984741211,60.8152400970459,39.15407600402832,79.81417083740234,1.463550928235054,2399.0,6.838996177911758,0.7392196878790855,100.00000381469727,0.0,0.0,100.0,100.0,0.0,0.0,0.0,450.0,4647.7,0.0,0.0,1.442,1.089,2.531,23.491,1.503,1.028,emon,0.933,0.862,50.1,16.1,3.105
2026-09-29 23:09:21.816,5.9,0,98,6;31;8;9;0;2;0;0;0;0;0;0;98;0;5;3;0;0;0;2;0;0;0;0;0;2;2;0,1308,4798,4393;3243;4145;3990;1755;2798;1386;2382;1349;1308;1512;2017;4795;4798;3885;3253;1363;1878;1827;1557;1308;2417;1573;1925;2068;2226;2089;1878,0.0,0.0,4647.7,0,7,850,12227,30,6.4,2565,14001,1,16,0,0,0,0,0.0,0,0,0,0,0,0.0,0.0,0.0,0,0,0,38.1,0.0,0.0,0.32,0.0,22.9,95.4,100.0,59.415055465698245,40.54140663146973,79.76336517333985,1.9059238240122796,2399.0,9.404880237579345,1.0267387572675943,100.00000076293945,0.0,0.0,100.0,100.0,0.0,0.0,0.0,450.0,4647.7,0.0,0.0,1.442,1.089,2.531,23.491,1.503,1.028,emon,0.933,0.862,50.1,16.1,3.105
2026-09-29 23:09:22.816,6.2,0,100,3;23;8;8;0;0;0;0;0;0;0;0;100;8;5;6;0;0;0;0;0;0;0;0;3;5;3;2,1294,4799,4451;3286;3909;3491;1645;1992;2331;2145;2282;2145;1928;2016;4799;4799;4245;3749;2801;1895;2391;2114;1294;1580;1522;1947;2195;2347;2215;2147,0.0,0.0,4647.7,0,6,850,12227,30,6.4,2565,14001,1,16,0,0,0,0,0.0,0,0,0,0,0,0.0,0.0,0.0,0,0,0,39.1,0.0,0.0,0.32,0.0,22.7,95.4,100.000001695421,60.20495308770074,39.765045166015625,79.86102464463976,1.485980878273646,2399.0,7.1995138261053295,0.7698812633752823,100.00000254313152,0.0,0.0,100.0,100.0,0.0,0.0,0.0,450.0,4647.7,0.0,0.0,1.442,1.089,2.531,23.491,1.503,1.028,emon,0.933,0.862,50.1,16.1,3.105
2026-09-29 23:09:23.817,5.9,0,100,8;24;11;6;0;0;0;0;0;0;0;0;100;3;6;5;0;0;0;0;0;0;0;0;0;0;0;2,1192,4800,4432;3165;4135;3784;1786;1234;1206;1192;1195;1293;1218;1219;4799;4800;4063;3923;1252;1255;1273;1885;1287;1289;1593;1530;2096;2041;2120;2209,0.0,0.0,4647.7,0,6,849,12227,30,6.4,2565,14001,1,16,0,0,0,0,0.0,0,0,0,0,0,0.0,0.0,0.0,0,0,0,38.1,0.0,0.0,0.32,0.0,22.7,95.4,100.0000015258789,58.73695793151855,41.23254051208496,79.83205032348633,1.8106111675500869,2399.0,9.10720996260643,0.9389578148722648,100.00000305175782,0.0,0.0,100.0,100.0,0.0,0.0,0.0,450.0,4647.7,0.0,0.0,1.442,1.089,2.531,23.491,1.503,1.028,emon,0.933,0.862,50.1,16.1,3.105
2026-09-29 23:09:24.817,6.5,0,100,6;26;8;2;2;0;2;2;0;0;1;0;100;3;3;9;0;2;0;0;1;0;3;2;2;3;3;2,1270,4799,4373;3515;3918;2549;1559;1359;1281;2606;1273;1270;1295;1332;4796;4799;3663;3848;2639;3407;3380;1763;1736;1569;1849;3338;2310;2183;2352;2312,100.0,0.0,4647.8,0,7,849,12227,30,6.4,2565,14001,1,16,0,0,0,0,0.0,0,0,0,0,0,0.0,0.0,0.0,0,0,0,40.1,0.0,0.0,0.33,0.0,22.7,95.4,86.80079166705792,43.21125235924354,32.14878962590144,59.71713667649489,24.982648556049053,2399.0,40.963244516635314,0.16703963945977962,84.64029879638782,0.0,0.0,99.8,99.8,0.0,0.0,0.0,450.0,4647.8,0.0,0.0,8.699,1.616,10.315,20.046,1.283,9.032,emon,0.891,0.804,47.0,15.7,2.993
2026-09-29 23:09:25.818,6.1,0,100,5;23;5;5;2;5;0;2;0;0;0;0;100;2;6;12;0;0;0;0;0;0;0;0;2;2;2;2,1182,4797,4466;3074;4035;3498;2194;1503;1289;1276;1237;1182;2110;1382;4797;4793;4207;4495;1254;1452;1233;1611;1547;1241;2041;1502;1861;2221;2092;2192,100.0,0.0,4647.8,0,8,849,12227,30,7.0,2565,14001,1,16,0,0,0,0,0.0,0,0,0,0,0,0.0,0.0,0.0,0,0,0,40.1,0.0,0.0,0.33,0.0,22.7,95.4,94.44943555196126,50.626023610432945,39.042215983072914,71.05606587727864,30.680055459340412,2399.0,48.35394596533539,0.18419760915761194,91.70652010291815,0.0,0.0,99.9,99.8,0.0,0.0,0.0,450.0,4647.8,0.0,0.0,8.699,1.616,10.315,20.046,1.283,9.032,emon,0.891,0.804,47.0,15.7,2.993
2026-09-29 23:09:26.847,6.1,0,98,6;22;6;4;0;0;2;0;0;0;2;0;98;11;5;8;0;0;0;0;0;0;0;0;0;2;3;3,1214,4798,4278;3233;3982;3632;1931;2693;2130;2271;1214;1354;1340;2022;4798;4797;3351;3808;1322;1297;1924;1896;1428;1240;1712;1268;2096;2338;2377;2430,100.0,0.0,4647.8,0,6,850,12227,30,7.0,2565,14001,1,16,0,0,0,0,0.0,0,0,0,0,0,0.0,0.0,0.0,0,0,0,39.1,0.0,0.0,0.33,0.0,22.7,95.4,83.7358883023262,45.89899015426636,33.85848355293274,63.17242431640625,25.929765701293945,2399.0,43.327632697422814,0.16949851301615126,81.28347769146785,0.0,0.0,99.9,99.9,0.0,0.0,0.0,450.0,4647.8,0.0,0.0,8.699,1.616,10.315,20.046,1.283,9.032,emon,0.891,0.804,47.0,15.7,2.993
2026-09-29 23:09:27.847,6.3,0,100,8;23;12;5;0;0;0;0;2;2;0;0;100;5;9;6;0;0;0;0;0;0;0;0;0;2;3;0,1206,4800,4249;3355;4306;3393;1532;1252;1618;1909;3176;1433;1214;1206;4797;4800;3899;3697;1587;1346;1892;1277;1555;1231;1217;1225;2337;2309;2173;2064,76.6,0.0,4647.8,0,14,851,12227,30,7.0,2565,14001,1,16,0,0,0,0,0.0,0,0,0,0,0,0.0,0.0,0.0,0,0,0,40.1,0.0,0.0,0.33,0.0,22.7,95.4,82.82106739282608,45.43175411224365,34.31920766830444,63.221023082733154,26.66901171207428,2399.0,43.7771549448953,0.16347198784933425,81.26901951013133,0.0,0.0,99.7,99.7,0.0,0.0,0.0,450.0,4647.8,0.0,0.0,8.699,1.616,10.315,20.046,1.283,9.032,emon,0.891,0.804,47.0,15.7,2.993
2026-09-29 23:09:28.848,7.2,0,97,12;28;15;10;2;3;0;3;0;0;0;0;97;15;6;2;0;0;0;0;0;0;0;3;3;2;0;0,1216,4798,4483;3425;3826;3939;1577;2184;1542;2395;1356;1224;1226;1233;4791;4798;3754;3370;1480;2277;1277;1535;1220;1233;1621;1216;2465;2441;2324;2408,80.4,0.0,4647.8,0,9,850,12227,30,7.0,2565,14001,1,16,0,0,0,0,0.0,0,0,0,0,0,0.0,0.0,0.0,0,0,0,40.1,0.0,0.0,0.33,0.0,22.7,95.4,82.96588142216206,45.544790267944336,34.15165853500366,63.120351791381836,26.34074330329895,2399.0,42.67344818771744,0.17003257713804487,81.27344926074147,0.0,0.0,99.7,99.7,0.0,0.0,0.0,450.0,4647.8,0.0,0.0,8.699,1.616,10.315,20.046,1.283,9.032,emon,0.891,0.804,47.0,15.7,2.993
2026-09-29 23:09:29.848,6.5,0,100,11;22;12;8;0;0;0;0;0;0;0;0;100;12;2;8;0;0;1;0;0;0;3;0;0;0;2;2,1199,4797,4390;3362;4023;3850;1206;1561;1267;1395;1269;1355;1199;1644;4795;4797;3771;3940;2321;1539;1612;1245;1259;1214;1640;1267;1862;2129;2185;2030,100.0,0.0,4647.8,0,6,849,12227,30,7.0,2565,14001,1,16,0,0,0,0,0.0,0,0,0,0,0,0.0,0.0,0.0,0,0,0,40.1,0.0,0.0,0.33,0.0,22.7,95.4,78.50421209335327,41.860690116882324,31.676568603515626,58.27491989135742,24.61141767501831,2399.0,40.04775201465236,0.1529474795330316,75.04685193710029,0.0,0.0,99.6,99.5,0.0,0.0,0.0,450.0,4647.8,0.0,0.0,8.699,1.616,10.315,20.046,1.283,9.032,emon,0.891,0.804,47.0,15.7,2.993
2026-09-29 23:09:30.848,6.8,0,97,3;30;19;3;2;0;0;0;0;0;0;0;97;9;15;0;0;0;0;0;0;0;0;0;2;4;3;3,1218,4794,4441;3498;4351;3395;1912;2244;1833;1314;1219;1233;1218;1218;4794;4785;4225;3114;2072;1540;1333;1295;1296;1314;1764;1308;2176;2421;2342;2103,100.0,0.0,4647.8,0,7,848,12227,30,7.0,2565,14001,1,16,0,0,0,0,0.0,0,0,0,0,0,0.0,0.0,0.0,0,0,0,40.1,0.0,0.0,0.33,0.0,22.7,95.4,82.32448138131036,44.06414392259386,31.886875682406956,60.10918680826823,24.175865279303657,2399.0,40.135693130329145,0.1708367707259539,77.84041105045213,0.0,0.0,99.6,99.6,0.0,0.0,0.0,450.0,4647.8,0.0,0.0,8.699,1.616,10.315,20.046,1.283,9.032,emon,0.891,0.804,47.0,15.7,2.993
2026-09-29 23:09:31.849,7.0,0,100,8;25;12;16;0;0;0;0;2;0;0;0;100;6;11;8;0;0;0;0;0;0;3;0;0;2;2;3,1149,4795,4428;3359;4216;4063;1149;2055;1199;1222;1905;1227;1205;1220;4794;4795;3515;4095;1216;1219;2346;1443;1432;1362;2252;1218;2110;2207;2213;2200,95.0,0.0,4647.8,0,9,850,12227,30,7.0,2565,14001,1,16,0,0,0,0,0.0,0,0,0,0,0,0.0,0.0,0.0,0,0,0,40.1,0.0,0.0,0.33,0.0,22.7,95.4,81.0326419406467,43.55033450656467,32.706216388278534,60.41054195827908,25.23302671644423,2399.0,41.360918689124645,0.15986168048241073,77.82309485723574,0.0,0.0,99.8,99.7,0.0,0.0,0.0,450.0,4647.8,0.0,0.0,8.699,1.616,10.315,20.046,1.283,9.032,emon,0.891,0.804,47.0,15.7,2.993
2026-09-29 23:09:32.849,6.6,0,100,9;25;5;8;2;0;0;0;0;0;0;0;100;9;5;11;0;0;0;0;2;2;0;0;2;2;3;3,1176,4800,4519;3442;3506;3390;1756;1466;2235;2086;1326;1176;1209;1516;4798;4800;3952;3964;1251;1219;1205;1215;1467;1983;1437;1585;2443;2210;2266;2355,96.1,0.0,4647.8,0,8,850,12227,30,7.2,465,405,1,16,0,0,0,0,0.0,0,0,0,0,0,0.0,0.0,0.0,0,0,0,40.1,0.0,0.0,0.33,0.0,22.7,95.4,81.61405550638834,41.760305086771645,31.85132942199707,58.30588989257812,24.704619471232096,2399.0,40.566510572338785,0.15087034308041136,80.01859649891655,0.0,0.0,99.6,99.5,0.0,0.0,0.0,450.0,4647.8,0.0,0.0,8.699,1.616,10.315,20.046,1.283,9.032,emon,0.891,0.804,47.0,15.7,2.993
2026-09-29 23:09:33.849,6.0,0,100,11;20;6;5;0;0;0;3;0;0;0;0;100;8;3;8;2;0;0;0;0;0;0;0;0;0;3;0,1194,4800,4597;3584;3284;2731;1289;1227;1194;1519;1223;1227;1226;1409;4797;4800;3987;3638;2332;1246;1679;1387;1202;1289;2134;1258;2015;2219;2146;2057,96.1,0.0,4647.8,0,6,850,12227,30,7.2,465,405,1,16,0,0,0,0,0.0,0,0,0,0,0,0.0,0.0,0.0,0,0,0,40.1,0.0,0.0,0.33,0.0,22.7,95.4,81.59924674034119,43.712314181857636,32.24853748745389,60.09934785630968,24.558417532179092,2399.0,40.877488819895206,0.16430271116809714,77.83033136568136,0.0,0.0,99.6,99.6,0.0,0.0,0.0,450.0,4647.8,0.0,0.0,8.699,1.616,10.315,20.046,1.283,9.032,emon,0.891,0.804,47.0,15.7,2.993
2026-09-29 23:09:34.849,7.1,0,98,19;28;3;8;0;0;0;0;0;0;0;0;98;9;11;8;2;0;0;0;0;0;0;0;5;3;5;2,1234,4797,4412;3307;3861;3733;1757;2728;1546;1427;1234;1262;2147;1366;4792;4797;3990;3870;1320;1545;1649;1563;2882;1835;1371;2084;2684;2751;2553;2648,100.0,0.0,4647.8,0,6,850,12227,30,7.2,465,405,1,16,0,0,0,0,0.0,0,0,0,0,0,0.0,0.0,0.0,0,0,0,40.1,0.0,0.0,0.33,0.0,22.7,95.4,77.73099632696672,40.33531951904297,30.624453284523703,56.159225117076524,23.67069079659202,2399.0,38.15729085298319,0.15042241919912736,72.80412792008032,0.0,0.0,99.7,99.7,0.0,0.0,0.0,450.0,4479.1,0.0,0.0,54.881,1.401,56.282,23.948,1.533,54.749,emon,0.958,0.803,35.8,21.9,1.629
2026-09-29 23:09:35.850,6.5,0,100,11;21;12;11;1;0;0;0;0;0;0;0;100;2;11;6;0;0;0;0;3;0;0;0;2;3;0;0,1220,4796,4487;3404;3394;4199;1725;1419;1421;1501;1220;1234;1337;1222;4794;4796;4363;3044;1347;1293;1614;1354;1585;2482;2251;1481;2098;2322;2209;2250,95.4,0.0,4477.6,0,6,851,12227,30,7.2,465,405,1,16,0,0,0,0,0.0,0,0,0,0,0,0.0,0.0,0.0,0,0,0,40.1,0.0,0.0,0.33,0.0,22.7,95.4,74.70096206665039,39.53464344569615,30.043380918956938,55.074766249883744,23.224759056454612,2399.0,37.73165391815738,0.14420583382958457,71.4698447141619,0.0,0.0,99.4,99.4,0.0,0.0,0.0,450.0,4477.6,0.0,0.0,54.881,1.401,56.282,23.948,1.533,54.749,emon,0.958,0.803,35.8,21.9,1.629
2026-09-29 23:09:36.850,6.5,0,100,11;22;6;3;2;0;0;0;0;0;0;0;100;11;5;12;0;0;2;0;0;0;0;0;2;3;2;2,1149,4799,4465;3364;3874;3596;1149;1344;1228;1391;1210;1210;1206;1450;4799;4796;3459;3778;1201;1206;1183;1214;1894;1288;1530;1309;2314;2319;2127;2126,96.2,0.0,4477.6,0,13,850,12227,30,7.2,465,405,1,16,0,0,0,0,0.0,0,0,0,0,0,0.0,0.0,0.0,0,0,0,40.1,0.0,0.0,0.33,0.0,22.7,95.4,82.07774098714192,41.77245076497396,32.17295667860243,58.57016966078017,25.025050163269043,2399.0,40.6394638431957,0.15074963443395165,77.83499740229712,0.0,0.0,99.7,99.7,0.0,0.0,0.0,450.0,4477.6,0.0,0.0,54.881,1.401,56.282,23.948,1.533,54.749,emon,0.958,0.803,35.8,21.9,1.629
2026-09-29 23:09:37.851,6.4,0,98,13;22;13;2;0;0;0;0;0;0;0;0;98;2;8;3;0;0;0;0;1;2;0;0;5;5;2;6,1228,4796,4570;3482;4289;3607;1228;1589;1339;2114;1429;1321;1343;1262;4793;4796;3965;3224;1439;1230;1666;1239;2611;1342;1419;1549;2356;2456;2219;2284,78.8,0.0,4477.6,0,7,851,12227,30,7.2,465,405,1,16,0,0,0,0,0.0,0,0,0,0,0,0.0,0.0,0.0,0,0,0,40.1,0.0,0.0,0.33,0.0,22.7,95.4,81.70618017514546,43.692589865790474,32.62878608703613,60.38974253336588,25.11037720574273,2399.0,40.91004723558823,0.16319569372313303,77.8224252294749,0.0,0.0,99.8,99.8,0.0,0.0,0.0,450.0,4477.6,0.0,0.0,54.881,1.401,56.282,23.948,1.533,54.749,emon,0.958,0.803,35.8,21.9,1.629
2026-09-29 23:09:38.851,6.7,0,97,12;30;8;10;0;0;0;0;0;0;2;0;97;11;2;8;0;0;0;0;2;0;0;2;2;2;0;2,1196,4785,4486;3431;3896;3025;1319;1594;1616;1442;1385;1219;2713;1237;4785;4785;3161;4123;1210;1212;1196;1218;2912;1397;1459;2335;2132;2067;2398;2133,78.7,0.0,4477.6,0,6,851,12227,30,7.2,465,405,1,16,0,0,0,0,0.0,0,0,0,0,0,0.0,0.0,0.0,0,0,0,40.1,0.0,0.0,0.33,0.0,22.7,95.4,83.88052350282669,45.57304096221924,33.98093867301941,62.94468355178833,26.26593828201294,2399.0,42.83846310136869,0.16846584068844095,81.28728058142588,0.0,0.0,99.7,99.6,0.0,0.0,0.0,450.0,4477.6,0.0,0.0,54.881,1.401,56.282,23.948,1.533,54.749,emon,0.958,0.803,35.8,21.9,1.629
2026-09-29 23:09:39.852,7.1,0,97,14;31;9;6;0;0;0;0;0;1;0;0;97;6;8;5;4;0;0;0;0;1;0;0;5;5;3;3,1235,4796,4433;3211;4143;4056;1245;1235;1258;1686;1348;2991;1304;1408;4796;4795;4010;3421;1449;1385;2012;1438;1370;1621;1465;1340;2199;2614;2268;2163,100.0,0.0,4477.6,0,6,851,12227,30,7.2,465,405,1,16,0,0,0,0,0.0,0,0,0,0,0,0.0,0.0,0.0,0,0,0,40.1,0.0,0.0,0.33,0.0,22.7,95.4,72.10267243385314,39.21312484741211,29.439112854003906,54.34215087890625,22.63237085342407,2399.0,37.57374840719567,0.14201798138674349,70.02500912304967,0.0,0.0,99.7,99.7,0.0,0.0,0.0,450.0,4477.6,0.0,0.0,54.881,1.401,56.282,23.948,1.533,54.749,emon,0.958,0.803,35.8,21.9,1.629
2026-09-29 23:09:40.862,5.9,0,100,3;27;6;5;0;1;2;0;0;0;0;0;100;3;14;2;0;0;0;0;0;0;0;0;2;0;2;0,1260,4798,4472;3395;3790;3516;1266;1362;2181;1318;2347;1327;1285;1292;4798;4797;4201;3597;1569;1786;1272;1260;1612;1592;1615;1426;2240;2489;2411;2290,96.6,0.0,4477.6,0,13,850,12227,30,7.2,465,405,1,16,0,0,0,0,0.0,0,0,0,0,0,0.0,0.0,0.0,0,0,0,40.1,0.0,0.0,0.33,0.0,22.5,95.4,85.01063758134842,45.9207329750061,33.812650203704834,63.068583965301514,25.852915048599243,2399.0,43.14855915620865,0.1700440202257596,81.29806567402557,0.0,0.0,99.5,99.4,0.0,0.0,0.0,450.0,4477.6,0.0,0.0,54.881,1.401,56.282,23.948,1.533,54.749,emon,0.958,0.803,35.8,21.9,1.629
2026-09-29 23:09:41.862,6.4,0,100,5;25;11;9;0;2;0;0;0;0;0;0;100;6;6;9;0;0;0;1;0;0;0;0;2;2;0;2,1207,4799,4323;3593;4059;3743;1229;1726;1264;1232;1218;1217;1345;1210;4799;4797;3407;3987;1943;1342;1219;1302;1848;1227;1412;1207;2112;2111;2238;2076,47.6,0.0,4477.6,0,7,850,12227,30,7.2,465,405,1,16,0,0,0,0,0.0,0,0,0,0,0,0.0,0.0,0.0,0,0,0,40.1,0.0,0.0,0.33,0.0,22.5,95.4,92.71833783929998,51.292402094060726,37.88700623945756,70.54545870694247,29.352678298950195,2399.0,47.946043476462364,0.18919861316680908,90.9299693798477,0.0,0.0,99.9,99.9,0.0,0.0,0.0,450.0,4477.6,0.0,0.0,54.881,1.401,56.282,23.948,1.533,54.749,emon,0.958,0.803,35.8,21.9,1.629
2026-09-29 23:09:42.863,7.2,0,98,11;23;9;6;0;0;0;0;0;4;0;0;98;6;5;8;0;0;0;0;0;0;0;0;6;11;9;5,1191,4796,4476;3329;4094;3146;1446;1222;1217;1487;1245;1252;2470;1357;4794;4796;4151;4106;1220;1218;1236;1606;1311;1230;1294;1191;2312;2281;2383;2421,46.0,0.0,4477.6,0,7,850,12227,30,7.2,465,405,1,16,0,0,0,0,0.0,0,0,0,0,0,0.0,0.0,0.0,0,0,0,41.1,0.0,0.0,0.33,0.0,22.5,95.4,86.90430215426854,47.2909300667899,36.43544469560896,66.32233319963727,28.673250470842635,2399.0,46.40379710934524,0.16564048723583774,85.7287603531565,0.0,0.0,99.8,99.8,0.0,0.0,0.0,450.0,4477.6,0.0,0.0,54.881,1.401,56.282,23.948,1.533,54.749,emon,0.958,0.803,35.8,21.9,1.629
2026-09-29 23:09:43.863,6.1,0,100,5;27;8;8;0;0;0;0;0;0;0;0;100;8;3;8;0;0;0;0;0;0;0;0;3;2;0;0,1202,4796,4458;3413;3550;4193;1303;1337;1355;2440;1802;1284;1289;1263;4796;4796;4004;4222;2052;1231;1202;1723;1497;1396;1660;1392;2083;2280;2047;2177,79.5,0.0,4477.6,0,6,850,12227,30,7.2,465,405,1,16,0,0,0,0,0.0,0,0,0,0,0,0.0,0.0,0.0,0,0,0,40.1,0.0,0.0,0.33,0.0,22.5,95.4,84.97055399417877,45.69971251487732,33.90568971633911,62.95073843002319,26.06317448616028,2399.0,42.455846083394135,0.17203968920512125,81.2917441688478,0.0,0.0,99.6,99.6,0.0,0.0,0.0,450.0,4477.6,0.0,0.0,54.881,1.401,56.282,23.948,1.533,54.749,emon,0.958,0.803,35.8,21.9,1.629
2026-09-29 23:09:44.864,5.6,0,59,11;25;2;11;0;0;0;0;0;2;0;0;59;6;20;8;0;0;0;0;0;0;0;4;0;2;5;2,1208,4654,4542;3563;3500;3936;1779;2046;2284;2319;1230;2473;1208;1237;4654;4607;4271;4153;2508;2089;3001;2007;1435;1607;2222;1726;2390;2414;2394;2565,46.5,0.0,1178.8,0,8,850,12227,30,6.8,465,405,1,16,0,0,0,0,0.0,0,0,0,0,0,0.0,0.0,0.0,0,0,0,41.1,0.0,0.0,0.33,0.0,19.2,95.4,74.27148342132568,14.12501049041748,10.45060920715332,19.476882934570312,8.812876412644982,2049.0,13.57366559113143,0.4243567371740937,50.03885523340432,0.0,0.0,81.4,81.3,0.0,0.0,0.0,450.0,1706.3,0.0,0.0,54.881,1.401,56.282,23.948,1.533,54.749,emon,0.958,0.803,35.8,21.9,1.629
