timestamp,cpu_total_pct,cpu_core_min,cpu_core_max,cpu_cores_csv,cpu_freq_min_mhz,cpu_freq_max_mhz,cpu_freq_csv,igpu_pct,igpu_ded_mb,igpu_shared_mb,nvidia_gpu_pct,nvidia_mem_pct,nvidia_mem_used_mb,nvidia_mem_total_mb,nvidia_temp_c,nvidia_power_w,nvidia_sm_clk_mhz,nvidia_mem_clk_mhz,nvidia_pcie_gen,nvidia_pcie_width,nvidia_throttle,nvidia_pcie_rx_kbs,nvidia_pcie_tx_kbs,nvidia_pstate,nvidia_power_limit_w,nvidia_sm_clk_max_mhz,nvidia_mem_clk_max_mhz,nvidia_sm_clk_eff_pct,nvidia_mem_clk_eff_pct,nvidia_power_eff_pct,npu_pct,npu_ded_mb,npu_shared_mb,npu_process_count,npu_infer_ms,cpu_throttle_pct,soc_temp_c,rapl_cpu_w,rapl_igpu_w,rapl_npu_w,rapl_soc_w,ram_used_gb,ram_total_gb,l0_gpu_busy,l0_xve_active,l0_xve_stall,l0_xve_occupancy,l0_l3_stall,l0_gpu_freq_mhz,l0_mem_read_gbs,l0_mem_write_gbs,l0_compute_busy,l0_copy_busy,l0_render_busy,zes_gpu_busy,zes_compute_busy,zes_render_busy,zes_copy_busy,zes_media_busy,zes_freq_mhz,zes_mem_used_mb,zes_temp_c,zes_power_w,dram_read_gbs,dram_write_gbs,dram_total_gbs,l3miss_millions,ia_dram_bw_gbs,nonia_dram_bw_gbs,bw_source,dram_page_hit_rate_rd,dram_page_hit_rate_wr,dram_rd_latency_imc_clks,dram_rd_latency_ns,imc_freq_ghz
2026-09-18 00:26:41.906,28.6,0,100,67;60;0;100;0;0;100;0;25;0;67;0;0;0;40;0,1000,4669,4669;4647;4639;4664;3386;3261;2980;3037;3416;3223;2833;2624;1008;1002;1821;1000,8.1,0.0,1225.3,0,0,0,0,0,0.0,0,0,0,0,0,0,0,0,0.0,0,0,0,0,0,0.0,0.0,0.0,0,0,0,76.1,0.0,0.0,0.0,0.0,16.5,63.4,96.39870376586914,3.960516881942749,22.198402404785156,21.29298146565755,0.5444303384671608,1799.0,0.0,0.0,0.0,0.0,60.562926320234936,13.0,0.0,0.0,0.0,0.0,450.0,1226.8,0.0,0.0,,,,,,,,,,,,
2026-09-18 00:26:42.906,22.1,0,97,58;58;25;97;3;0;28;5;2;0;38;12;2;0;27;0,1371,4720,4718;4720;4695;4714;3122;2470;2835;3425;3442;2849;2965;3312;1470;1371;1859;1875,8.1,0.0,1225.3,0,0,0,0,0,0.0,0,0,0,0,0,0,0,0,0.0,0,0,0,0,0,0.0,0.0,0.0,0,0,0,79.1,0.0,0.0,0.0,0.0,16.6,63.4,92.22669741953789,4.178266804634022,22.406090654244945,22.518560445567473,1.417570436243568,1117.767507002801,0.0,0.0,0.0,0.0,56.85196738823706,13.0,0.0,0.0,0.0,0.0,450.0,1226.8,0.0,0.0,,,,,,,,,,,,
2026-09-18 00:26:43.906,20.6,0,94,36;72;14;94;3;2;19;20;2;0;21;25;2;0;6;14,1382,4724,4717;4717;4724;4708;2960;3415;2876;3063;3450;3390;2966;3131;1382;1448;1730;2129,10.2,0.0,1228.6,0,0,0,0,0,0.0,0,0,0,0,0,0,0,0,0.0,0,0,0,0,0,0.0,0.0,0.0,0,0,0,77.1,32.48,0.49,0.4,37.81,16.6,63.4,91.373045701247,4.248152670992927,23.594801940105775,23.59869079938629,1.3604838524367482,1150.098901098901,0.0,0.0,0.0,0.0,56.61383451056247,1.5,0.0,0.0,0.0,0.0,450.0,1228.6,0.0,0.0,,,,,,,,,,,,
2026-09-18 00:26:44.907,24.9,3,88,35;80;16;88;11;9;8;45;9;6;9;42;5;6;3;27,2056,4693,4676;4693;4673;4684;3268;3357;3178;3002;3365;3408;3255;2968;2388;2604;2748;2056,10.9,0.0,1209.2,0,0,0,0,0,0.0,0,0,0,0,0,0,0,0,0.0,0,0,0,0,0,0.0,0.0,0.0,0,0,0,79.1,32.48,0.49,0.4,37.81,16.5,63.4,90.54855912144978,4.401263915004829,22.68767502975464,22.822702872991563,1.1841325724797014,1125.6666666666667,0.0,0.0,0.0,0.0,56.274411484010514,1.5,0.0,0.0,0.0,0.0,450.0,1209.2,0.0,0.0,,,,,,,,,,,,
2026-09-18 00:26:45.907,25.5,0,91,55;69;17;91;20;11;5;41;12;5;2;52;2;0;0;28,1337,4690,4686;4678;4690;4690;3340;3205;2663;3171;3340;3318;3025;3237;1502;1337;1678;2002,10.5,0.0,1240.2,0,0,0,0,0,0.0,0,0,0,0,0,0,0,0,0.0,0,0,0,0,0,0.0,0.0,0.0,0,0,0,72.1,32.48,0.49,0.4,37.81,16.7,63.4,91.33047750136431,4.153745468662065,23.704922625597785,23.805864716978633,1.3417802599351167,1258.264705882353,0.0,0.0,0.2938208415008643,0.0,56.72701245595646,1.4,0.0,0.0,0.0,0.0,450.0,1223.5,0.0,0.0,,,,,,,,,,,,
2026-09-18 00:26:46.907,29.4,0,98,45;77;28;98;16;18;0;72;17;14;3;49;8;2;0;23,2379,4716,4698;4703;4698;4716;3417;3388;3144;3256;3429;3429;3355;3231;2379;2808;2630;2476,10.7,0.0,1235.8,0,0,0,0,0,0.0,0,0,0,0,0,0,0,0,0.0,0,0,0,0,0,0.0,0.0,0.0,0,0,0,72.1,32.48,0.49,0.4,37.81,16.8,63.4,91.93484717190098,4.144543430384467,20.37974684579032,20.75787792686655,1.0350489825955074,1148.1596638655462,0.0,0.0,0.0,0.0,56.051128588658585,1.9,0.0,0.0,0.0,0.0,450.0,1235.8,0.0,0.0,,,,,,,,,,,,
2026-09-18 00:26:47.932,52.7,29,100,67;91;58;100;41;44;32;64;47;38;32;79;32;29;30;59,2620,4706,4688;4689;4696;4706;3415;3417;3412;3346;3427;3416;3429;3344;2627;2621;2620;2657,9.0,0.0,1221.9,0,0,0,0,0,0.0,0,0,0,0,0,0,0,0,0.0,0,0,0,0,0,0.0,0.0,0.0,0,0,0,77.1,32.48,0.49,0.4,37.81,22.4,63.4,90.85888101305281,4.139758932931082,22.46834968021938,22.428129457746234,1.035938545542927,1157.2857142857142,0.0,0.0,0.0,0.0,55.38801639808076,1.4,0.0,0.0,0.0,0.0,450.0,1238.6,0.0,0.0,,,,,,,,,,,,
2026-09-18 00:26:48.932,61.6,48,98,70;80;57;92;57;62;51;59;51;48;49;98;54;52;48;58,2516,4687,4651;4644;4667;4687;3415;3395;3396;3324;3421;3425;3421;3414;2660;2665;2665;2516,9.8,0.0,1251.3,0,0,0,0,0,0.0,0,0,0,0,0,0,0,0,0.0,0,0,0,0,0,0.0,0.0,4342.3,0,0,0,78.1,32.48,0.49,0.4,37.81,24.7,63.4,99.53223256955202,4.5017914765182585,22.71473578200943,23.091565006080714,1.0260719797128561,1156.7586206896551,0.0,0.0,0.0,0.0,57.39619978579382,1.2,0.0,0.0,0.0,0.0,300.0,1221.9,0.0,0.0,,,,,,,,,,,,
2026-09-18 00:26:49.933,18.3,0,85,22;58;11;80;2;0;0;20;2;0;0;85;0;0;0;14,1270,4710,4710;4626;4698;4697;3400;3406;1814;2957;3371;3419;3415;3360;1842;1312;1270;2043,9.6,0.0,1221.9,0,0,0,0,0,0.0,0,0,0,0,0,0,0,0,0.0,0,0,0,0,0,0.0,0.0,4349.6,0,0,0,70.1,32.48,0.49,0.4,37.81,24.8,63.4,99.32768800173253,4.058726811211956,22.684603956448473,22.817809958760076,1.2098760832924191,1151.2038567493114,0.0,0.0,0.0,0.0,56.434542458740474,1.5,0.0,0.0,0.0,0.0,450.0,1253.7,0.0,0.0,,,,,,,,,,,,
2026-09-18 00:26:50.933,31.0,6,91,50;83;43;91;22;10;9;44;14;16;6;50;13;10;6;30,1466,4717,4706;4711;4708;4717;3380;3380;3191;3134;3360;3367;3359;3181;1466;1501;1515;1878,10.1,0.0,1242.6,0,0,0,0,0,0.0,0,0,0,0,0,0,0,0,0.0,0,0,0,0,0,0.0,0.0,4612.2,0,0,0,77.1,32.48,0.49,0.4,37.81,27.2,63.4,99.36588054723133,4.621799695009441,25.937622246714685,26.359519688380246,1.0069983947965013,1157.9595375722542,0.0,0.0,0.0,0.0,56.003794576337484,1.4,0.0,0.0,0.0,0.0,450.0,1227.1,0.0,0.0,,,,,,,,,,,,
2026-09-18 00:26:51.933,27.5,3,86,53;68;32;86;19;8;11;32;24;10;5;50;6;8;3;27,2040,4711,4707;4711;4702;4710;3186;3349;3165;3062;3280;3403;3327;3055;2040;2566;2272;2153,14.2,0.0,1258.0,0,0,0,0,0,0.0,0,0,0,0,0,0,0,0,0.0,0,0,0,0,0,0.0,0.0,6269.5,0,0,0,78.1,0.0,0.0,0.0,0.0,23.4,63.4,99.26132817149492,4.1865756359348625,23.90653798652818,23.956976360355057,1.1526805166996128,1158.4182825484766,0.0,0.0,0.0,0.0,56.41940576808109,2.2,0.0,0.0,0.0,0.0,450.0,1254.2,0.0,0.0,,,,,,,,,,,,
2026-09-18 00:26:52.935,15.6,0,87,9;87;8;46;5;0;2;27;9;2;2;19;3;2;2;30,1857,4725,4723;4725;4707;4721;2923;3395;2626;2825;3093;3051;3354;2884;1955;2059;2182;1857,10.4,0.0,1252.5,0,0,0,0,0,0.0,0,0,0,0,0,0,0,0,0.0,0,0,0,0,0,0.0,0.0,6269.5,0,0,0,78.1,0.0,0.0,0.0,0.0,23.4,63.4,99.3671996245513,4.1079813960209695,23.253211248887553,23.08986363829793,1.4209828024075644,1170.7567567567567,0.0,0.0,0.0,0.0,57.219133722482916,1.8,0.0,0.0,0.0,0.0,450.0,1239.0,0.0,0.0,,,,,,,,,,,,
2026-09-18 00:26:53.935,17.8,3,84,27;84;6;58;6;3;3;30;5;3;5;27;3;3;5;19,1815,4718,4701;4718;4692;4718;2999;3098;2625;2823;2535;3049;3113;2790;1964;2160;1892;1815,12.2,0.0,1240.3,0,0,0,0,0,0.0,0,0,0,0,0,0,0,0,0.0,0,0,0,0,0,0.0,0.0,6269.5,0,0,0,80.1,0.0,0.0,0.0,0.0,23.4,63.4,99.3752587899032,4.367721018466082,24.452857267101276,24.39950486516821,1.4015444084180464,1138.5316804407714,0.0,0.0,0.0,0.0,57.75761476618856,1.5,0.0,0.0,0.0,0.0,450.0,1239.4,0.0,0.0,9.327,7.099,16.426,142.253,9.104,7.322,emon,0.76,0.748,37.7,17.6,2.149
2026-09-18 00:26:54.935,12.6,0,89,11;89;2;44;5;0;0;14;0;0;0;22;0;0;0;16,1146,4729,4707;4719;4729;4721;3163;3327;1392;2794;3262;2085;2882;2770;1292;1146;1568;1546,9.0,0.0,1226.0,0,0,0,0,0,0.0,0,0,0,0,0,0,0,0,0.0,0,0,0,0,0,0.0,0.0,6269.5,0,0,0,80.1,0.0,0.0,0.0,0.0,23.4,63.4,99.29849130905941,4.442296870073116,22.999546461599074,23.060808400042376,1.5696492373522395,1171.2070844686648,0.0,0.0,0.0,0.0,57.393266955476854,1.7,0.0,0.0,0.0,0.0,450.0,1227.6,0.0,0.0,9.327,7.099,16.426,142.253,9.104,7.322,emon,0.76,0.748,37.7,17.6,2.149
2026-09-18 00:26:55.936,12.4,0,90,9;90;0;48;0;0;0;17;2;0;0;19;0;0;0;14,952,4722,4650;4714;4711;4722;2887;3201;1408;2849;3270;1673;1336;2784;1564;1170;952;1558,8.8,0.0,1216.7,0,0,0,0,0,0.0,0,0,0,0,0,0,0,0,0.0,0,0,0,0,0,0.0,0.0,6269.5,0,0,0,79.1,26.36,0.34,0.36,30.95,23.4,63.4,99.34672575022516,3.9627028841115832,22.455925575849516,22.316713962094713,1.3928098198516112,1164.4155495978553,0.0,0.0,0.0,0.0,57.551351938186954,1.4,0.0,0.0,0.0,0.0,450.0,1233.8,0.0,0.0,9.327,7.099,16.426,142.253,9.104,7.322,emon,0.76,0.748,37.7,17.6,2.149
2026-09-18 00:26:56.936,13.8,0,81,14;81;3;52;8;0;3;15;0;0;0;35;2;0;0;9,907,4729,4713;4720;4729;4724;3294;3333;1506;2939;3357;2278;2970;2826;1477;1342;907;1581,8.8,0.0,1216.7,0,0,0,0,0,0.0,0,0,0,0,0,0,0,0,0.0,0,0,0,0,0,0.0,0.0,6269.5,0,0,0,78.1,26.36,0.34,0.36,30.95,23.6,63.4,99.15197695698335,4.034315927152088,22.444802063362474,22.278801348943478,1.3660069515217128,1164.8038147138964,0.0,0.0,0.0,0.0,57.10706292413561,1.3,0.0,0.0,0.0,0.0,450.0,1216.7,0.0,0.0,9.327,7.099,16.426,142.253,9.104,7.322,emon,0.76,0.748,37.7,17.6,2.149
2026-09-18 00:26:57.936,18.4,0,92,20;92;14;62;8;0;0;31;2;0;0;38;3;0;0;25,752,4111,4011;4111;4087;4071;3211;3337;1594;2977;2860;2730;3266;2895;918;839;752;1156,8.7,0.0,1210.1,0,0,0,0,0,0.0,0,0,0,0,0,0,0,0,0.0,0,0,0,0,0,0.0,0.0,6462.0,0,0,0,63.1,26.36,0.34,0.36,30.95,24.4,63.4,99.58054083805246,5.04719032849536,22.71535881517967,23.208858279263332,1.295428037761332,914.8640226628895,0.0,0.0,0.0,0.0,57.69133252863674,1.4,0.0,0.0,0.0,0.0,450.0,1224.6,0.0,0.0,9.327,7.099,16.426,142.253,9.104,7.322,emon,0.76,0.748,37.7,17.6,2.149
2026-09-18 00:26:58.937,18.4,2,83,22;83;8;57;8;11;6;30;6;6;3;23;2;5;2;23,718,3972,3601;3972;3578;3810;2908;3062;2546;2724;3063;2877;3011;2744;718;856;775;831,11.1,0.0,1244.5,0,0,0,0,0,0.0,0,0,0,0,0,0,0,0,0.0,0,0,0,0,0,96.7,0.0,7350.0,0,0,0,59.1,26.36,0.34,0.36,30.95,24.4,63.4,99.64859398506783,5.121882287231651,21.78646477364205,22.519960331272433,1.299604738327577,989.8108108108108,0.0,0.0,0.0,0.0,57.19106245090229,1.9,0.0,0.0,0.0,0.0,250.0,1244.5,0.0,0.0,9.327,7.099,16.426,142.253,9.104,7.322,emon,0.76,0.748,37.7,17.6,2.149
2026-09-18 00:26:59.937,23.5,2,90,31;90;20;67;8;8;17;36;8;13;6;33;12;5;2;22,683,3995,3711;3995;3666;3880;2957;3125;2744;2800;3127;3087;3191;2728;774;721;683;822,9.8,0.0,1229.0,0,0,0,0,0,0.0,0,0,0,0,0,0,0,0,0.0,0,0,0,0,0,91.0,0.0,7350.0,0,0,0,59.1,20.37,0.33,8.7,35.47,24.4,63.4,99.52385077799173,5.520028826885653,23.4127392266926,24.200819668016937,1.920437334676836,913.8496240601504,0.0,0.0,0.0,0.0,55.711901167561685,1.5,0.0,0.0,0.0,0.0,250.0,1229.0,0.0,0.0,9.327,7.099,16.426,142.253,9.104,7.322,emon,0.76,0.748,37.7,17.6,2.149
2026-09-18 00:27:00.947,11.7,0,91,6;91;2;38;2;0;0;15;0;0;0;17;2;0;0;15,842,4534,4235;4534;4182;4430;2955;3070;1626;2646;3238;1815;2303;2756;1096;962;842;1389,8.9,0.0,1225.0,0,0,0,0,0,0.0,0,0,0,0,0,0,0,0,0.0,0,0,0,0,0,90.3,0.0,7350.0,0,0,0,75.1,20.37,0.33,8.7,35.47,24.5,63.4,99.5116460538628,5.283176738912096,23.360721872801765,23.916918525628024,1.6847496655237018,965.2207357859531,0.0,0.0,0.0,0.0,56.40307896300203,1.3,0.0,0.0,0.0,0.0,250.0,1225.0,0.0,0.0,9.327,7.099,16.426,142.253,9.104,7.322,emon,0.76,0.748,37.7,17.6,2.149
2026-09-18 00:27:01.948,14.2,0,88,6;88;5;54;0;2;0;28;5;0;0;23;0;0;0;16,1309,4729,4729;4727;4729;4729;3341;3372;2018;2907;3164;3297;2660;2889;1928;1539;1309;2197,8.4,0.0,1225.0,0,0,0,0,0,0.0,0,0,0,0,0,0,0,0,0.0,0,0,0,0,0,0.0,0.0,7350.0,0,0,0,79.1,20.37,0.33,8.7,35.47,24.4,63.4,99.23681754419358,4.933670481988939,24.145188199059437,24.549277121333752,2.080121776643229,1147.4745762711864,0.0,0.0,0.0,0.0,57.46127734957105,1.3,0.0,0.0,0.0,0.0,450.0,1225.0,0.0,0.0,9.327,7.099,16.426,142.253,9.104,7.322,emon,0.76,0.748,37.7,17.6,2.149
2026-09-18 00:27:02.948,21.4,0,86,36;86;18;59;14;3;0;34;22;0;0;28;5;0;0;36,1386,4723,4713;4719;4715;4723;3232;3420;2470;3098;3412;3400;3102;3102;2284;1911;1386;2649,8.0,0.0,1225.0,0,0,0,0,0,0.0,0,0,0,0,0,0,0,0,0.0,0,0,0,0,0,0.0,0.0,7350.0,0,0,0,76.1,20.37,0.33,8.7,35.47,24.3,63.4,99.16908657267942,4.625601182549687,24.12832501944849,24.2573913444907,1.8874472158283224,1142.8983050847457,0.0,0.0,0.0,0.0,56.84217822379985,1.2,0.0,0.0,0.0,0.0,450.0,1226.6,0.0,0.0,9.327,7.099,16.426,142.253,9.104,7.322,emon,0.76,0.748,37.7,17.6,2.149
2026-09-18 00:27:03.948,12.8,0,84,11;84;8;39;5;0;0;16;3;0;0;27;0;0;0;13,975,4725,4720;4725;4723;4722;2329;3291;1375;2612;2983;1463;1701;2657;1301;1604;975;1559,8.6,0.0,1208.7,0,0,0,0,0,0.0,0,0,0,0,0,0,0,0,0.0,0,0,0,0,0,0.0,0.0,7350.0,0,0,0,77.1,25.03,0.26,0.77,30.89,24.2,63.4,99.19351229571656,4.892867000311013,24.21194030454495,24.584816772665754,2.1648250484119105,1100.006711409396,0.0,0.0,0.0,0.0,57.2136043548684,1.3,0.0,0.0,0.0,0.0,450.0,1208.7,0.0,0.0,9.327,7.099,16.426,142.253,9.104,7.322,emon,0.76,0.748,37.7,17.6,2.149
2026-09-18 00:27:04.949,11.1,0,91,5;91;2;36;2;0;0;16;0;0;0;14;3;0;0;11,929,4729,4729;4726;4729;4721;2673;2618;1420;2779;3247;1338;1303;2770;1591;1237;929;1561,8.1,0.0,1208.7,0,0,0,0,0,0.0,0,0,0,0,0,0,0,0,0.0,0,0,0,0,0,0.0,0.0,7350.0,0,0,0,80.1,25.03,0.26,0.77,30.89,24.2,63.4,99.00514402227887,4.60145694764994,24.17907248674813,24.261850253606248,1.8109670393779613,1151.8813559322034,0.0,0.0,0.0,0.0,56.75042476078211,1.3,0.0,0.0,0.0,0.0,450.0,1210.2,0.0,0.0,9.327,7.099,16.426,142.253,9.104,7.322,emon,0.76,0.748,37.7,17.6,2.149
2026-09-18 00:27:05.949,20.0,0,85,32;85;6;65;8;3;6;35;3;3;0;33;6;2;3;30,661,4118,3713;4118;3684;3968;3058;3243;2730;2847;3168;3209;3207;2758;1200;685;661;1016,12.3,0.0,1248.2,0,0,0,0,0,0.0,0,0,0,0,0,0,0,0,0.0,0,0,0,0,0,69.8,0.0,7350.0,0,0,0,64.1,25.03,0.26,0.77,30.89,24.3,63.4,99.59235735081914,5.771692711192725,26.420891183525768,26.867073765219146,1.677932500656683,926.2388059701492,0.0,0.0,0.0,0.0,55.30732172591362,1.3,0.0,0.0,0.0,0.0,450.0,1201.6,0.0,0.0,4.658,1.742,6.4,72.403,4.634,1.766,emon,0.815,0.749,32.2,15.0,2.143
2026-09-18 00:27:06.949,20.4,2,84,35;84;8;65;5;5;3;33;6;5;2;28;12;2;6;28,655,3987,3668;3987;3559;3882;2930;2936;2328;2779;3002;2916;2981;2622;757;655;731;865,11.8,0.0,1245.3,0,0,0,0,0,0.0,0,0,0,0,0,0,0,0,0.0,0,0,0,0,0,96.8,0.0,7355.9,0,0,0,62.1,25.03,0.26,0.77,30.89,24.4,63.4,99.5769543053969,6.603286995752803,26.586631184703897,27.246557673868143,1.333654728281215,860.8867924528302,0.0,0.0,0.0,0.0,55.91891196257663,1.9,0.0,0.0,0.0,0.0,250.0,1249.3,0.0,0.0,4.658,1.742,6.4,72.403,4.634,1.766,emon,0.815,0.749,32.2,15.0,2.143
2026-09-18 00:27:07.950,15.3,0,82,19;82;6;54;5;2;0;30;0;0;0;29;0;0;0;19,659,4005,3566;4005;3340;3824;2707;2982;1530;2596;2840;2567;2443;2503;675;659;750;882,10.0,0.0,1231.6,0,0,0,0,0,0.0,0,0,0,0,0,0,0,0,0.0,0,0,0,0,0,97.6,0.0,7371.2,0,0,0,61.1,19.94,0.3,15.78,38.54,24.5,63.4,99.70509401957194,6.447660000427909,23.520821059959523,24.872139073800348,1.4484915415565753,881.427536231884,0.0,0.0,0.0,0.0,56.66740566087158,1.8,0.0,0.0,0.0,0.0,250.0,1242.9,0.0,0.0,4.658,1.742,6.4,72.403,4.634,1.766,emon,0.815,0.749,32.2,15.0,2.143
2026-09-18 00:27:08.950,14.6,0,81,11;81;9;57;3;2;0;27;0;0;0;23;0;3;0;17,546,4027,3634;4027;3358;3839;2892;3008;1889;2624;2865;1820;1433;2595;788;828;546;875,9.0,0.0,1227.6,0,0,0,0,0,0.0,0,0,0,0,0,0,0,0,0.0,0,0,0,0,0,88.3,0.0,7375.7,0,0,0,61.1,19.94,0.3,15.78,38.54,24.6,63.4,99.57287665689067,5.267957459868282,22.9518267068134,23.432927153767295,1.5312527266409246,909.3503184713376,0.0,0.0,0.0,0.0,55.5513783059777,1.5,0.0,0.0,0.0,0.0,250.0,1231.6,0.0,0.0,4.658,1.742,6.4,72.403,4.634,1.766,emon,0.815,0.749,32.2,15.0,2.143
2026-09-18 00:27:09.950,20.7,0,81,25;81;14;74;8;3;3;28;8;3;2;37;8;2;0;38,745,3958,3713;3958;3717;3840;3047;3220;3199;2738;3173;3153;3262;2765;747;745;754;895,9.0,0.0,1227.6,0,0,0,0,0,0.0,0,0,0,0,0,0,0,0,0.0,0,0,0,0,0,88.3,0.0,7375.7,0,0,0,59.1,19.94,0.3,15.78,38.54,24.7,63.4,99.50916186500999,5.512574051856063,25.91657419415081,26.3492249831119,1.4032667793562723,866.2794117647059,0.0,0.0,0.0,0.0,55.23448606084703,1.4,0.0,0.0,0.0,0.0,250.0,1229.1,0.0,0.0,4.658,1.742,6.4,72.403,4.634,1.766,emon,0.815,0.749,32.2,15.0,2.143
2026-09-18 00:27:10.951,15.3,0,94,6;94;5;48;2;2;0;25;3;0;0;26;3;3;0;28,761,3964,3620;3964;3483;3827;2453;3137;1992;2630;2965;1714;1963;2682;761;808;767;876,15.1,0.0,1239.1,0,0,0,0,0,0.0,0,0,0,0,0,0,0,0,0.0,0,0,0,0,0,87.2,0.0,7381.1,0,0,0,60.1,19.94,0.3,15.78,38.54,24.7,63.4,99.52996855403272,5.691810834910221,26.053064455931214,26.52685853804665,1.7732497914179077,879.2681992337165,0.0,0.0,0.0,0.0,55.22166990505895,2.3,0.0,0.0,0.0,0.0,250.0,1239.1,0.0,0.0,4.658,1.742,6.4,72.403,4.634,1.766,emon,0.815,0.749,32.2,15.0,2.143
2026-09-18 00:27:11.951,20.6,0,81,38;69;17;81;8;2;3;34;8;3;0;27;8;2;8;23,699,3891,3747;3872;3683;3891;2828;3080;3128;2711;3044;3015;3180;2785;699;850;779;843,10.9,0.0,1231.3,0,0,0,0,0,0.0,0,0,0,0,0,0,0,0,0.0,0,0,0,0,0,94.4,0.0,7381.1,0,0,0,57.1,16.83,0.34,23.32,41.62,24.9,63.4,99.38767391977912,5.435289312636733,25.432366041646052,26.31420370589855,1.0362319976375267,953.8172757475083,0.0,0.0,0.0,0.0,55.565972188035914,1.8,0.0,0.0,0.0,0.0,250.0,1226.8,0.0,0.0,4.658,1.742,6.4,72.403,4.634,1.766,emon,0.815,0.749,32.2,15.0,2.143
2026-09-18 00:27:12.951,23.1,0,95,39;58;20;95;12;8;8;36;12;5;3;30;9;6;0;27,698,3959,3714;3808;3720;3959;3022;2961;3155;2789;3056;3026;3181;2797;698;756;747;816,10.2,0.0,1244.8,0,0,0,0,0,0.0,0,0,0,0,0,0,0,0,0.0,0,0,0,0,0,100.0,0.0,7391.8,0,0,0,55.1,16.83,0.34,23.32,41.62,24.9,63.4,99.46249292207801,4.860035652699678,22.899210302726082,23.454316807829816,1.2620694670325896,942.75,0.0,0.0,0.0,0.0,57.489707053740226,1.8,0.0,0.0,0.0,0.0,250.0,1231.7,0.0,0.0,4.658,1.742,6.4,72.403,4.634,1.766,emon,0.815,0.749,32.2,15.0,2.143
2026-09-18 00:27:13.952,18.0,0,87,31;46;19;87;20;3;0;14;22;0;0;20;6;5;0;16,689,3987,3631;3736;3544;3987;2538;2948;2471;2571;2522;2729;1923;2629;785;858;689;839,11.7,0.0,1243.8,0,0,0,0,0,0.0,0,0,0,0,0,0,0,0,0.0,0,0,0,0,0,99.9,0.0,7391.8,0,0,0,56.1,16.83,0.34,23.32,41.62,25.0,63.4,99.63374572017557,4.410832809698805,21.84814955785511,22.25407714946021,1.528523518887474,975.1394101876675,0.0,0.0,0.0,0.0,57.96604833869768,1.6,0.0,0.0,0.0,0.0,250.0,1243.8,0.0,0.0,4.658,1.742,6.4,72.403,4.634,1.766,emon,0.815,0.749,32.2,15.0,2.143
2026-09-18 00:27:14.952,17.4,2,98,37;30;6;98;20;8;5;3;19;5;3;2;14;11;9;9,788,4030,3661;3778;3631;4030;2691;3012;2958;3177;2673;3054;3096;2978;793;788;807;814,9.0,0.0,1228.7,0,0,0,0,0,0.0,0,0,0,0,0,0,0,0,0.0,0,0,0,0,0,97.9,0.0,7408.5,0,0,0,58.1,16.83,0.34,23.32,41.62,25.0,63.4,99.65043588072609,4.732947278836268,22.084384512713576,22.729541463176098,1.3122568081664423,957.1364829396325,0.0,0.0,0.0,0.0,58.219515879929375,1.4,0.0,0.0,0.0,0.0,250.0,1228.7,0.0,0.0,4.658,1.742,6.4,72.403,4.634,1.766,emon,0.815,0.749,32.2,15.0,2.143
2026-09-18 00:27:15.953,14.2,0,86,36;28;3;86;23;3;0;0;25;2;0;0;17;2;2;0,701,4020,3662;3840;3498;4020;2594;2876;3118;2205;2409;2048;2423;2942;848;870;907;701,9.4,0.0,1224.7,0,0,0,0,0,0.0,0,0,0,0,0,0,0,0,0.0,0,0,0,0,0,98.0,0.0,7408.5,0,0,0,57.1,16.69,0.3,18.59,39.42,25.1,63.4,99.57752399686017,4.437357079784704,21.453765065760553,21.90568132445782,1.438654365224279,937.4810126582279,0.0,0.0,0.0,0.0,58.269440444455114,1.4,0.0,0.0,0.0,0.0,250.0,1226.2,0.0,0.0,4.658,1.742,6.4,72.403,4.634,1.766,emon,0.815,0.749,32.2,15.0,2.143
2026-09-18 00:27:16.953,18.9,0,92,49;38;11;92;27;11;5;0;34;3;0;0;30;2;0;0,499,3928,3686;3761;3593;3928;2769;3081;3136;2979;2795;2887;3177;3066;862;632;746;499,9.6,0.0,1222.9,0,0,0,0,0,0.0,0,0,0,0,0,0,0,0,0.0,0,0,0,0,0,100.0,0.0,7431.5,0,0,0,55.1,16.69,0.3,18.59,39.42,25.1,63.4,99.66988544705548,4.3640321055898745,21.872336364697805,22.199356132858917,1.3445359845346583,965.7088607594936,0.0,0.0,0.0,0.0,58.21208416829003,1.4,0.0,0.0,0.0,0.0,250.0,1222.9,0.0,0.0,4.658,1.742,6.4,72.403,4.634,1.766,emon,0.815,0.749,32.2,15.0,2.143
2026-09-18 00:27:17.954,14.8,0,80,40;47;3;80;20;3;0;0;23;2;0;0;16;3;0;0,814,3974,3637;3917;3442;3974;2620;2471;2861;2502;2626;2989;2622;2328;883;885;814;886,10.2,0.0,1244.8,0,0,0,0,0,0.0,0,0,0,0,0,0,0,0,0.0,0,0,0,0,0,100.0,0.0,7431.5,0,0,0,58.1,16.69,0.3,18.59,39.42,25.3,63.4,99.63909113125538,4.295670080670886,22.533033967956783,22.63762016465345,1.307024437795898,955.6929133858267,0.0,0.0,0.0,0.0,57.15053763351308,1.9,0.0,0.0,0.0,0.0,250.0,1231.7,0.0,0.0,41.008,20.912,61.92,55.113,3.527,58.393,emon,0.853,0.626,65.1,30.5,2.136
2026-09-18 00:27:18.954,23.9,0,77,66;41;30;77;28;17;12;9;28;27;0;0;20;21;4;0,690,3936,3911;3892;3777;3936;2821;3116;3214;3243;2888;3186;3116;3116;850;848;845;690,9.9,0.0,1224.7,0,0,0,0,0,0.0,0,0,0,0,0,0,0,0,0.0,0,0,0,0,0,90.0,0.0,7453.9,0,0,0,58.1,16.69,0.3,18.59,39.42,25.2,63.4,99.62013246636641,4.520757082151249,22.824982313105934,23.150909196781484,1.0507183538747515,960.1842105263158,0.0,0.0,0.0,0.0,57.330832841561026,1.6,0.0,0.0,0.0,0.0,250.0,1237.8,0.0,0.0,41.008,20.912,61.92,55.113,3.527,58.393,emon,0.853,0.626,65.1,30.5,2.136
2026-09-18 00:27:19.955,14.2,0,91,32;19;9;91;22;3;0;2;28;3;2;0;16;2;0;0,515,4012,3674;3753;3536;4012;2504;3208;2669;2375;2624;3090;2338;2388;851;824;576;515,9.4,0.0,1224.7,0,0,0,0,0,0.0,0,0,0,0,0,0,0,0,0.0,0,0,0,0,0,100.0,0.0,7453.9,0,0,0,57.1,16.91,0.32,18.25,39.11,25.2,63.4,99.60482196856643,4.336232028044093,22.04051119714137,22.32649030465909,1.2122861802067502,963.0664961636828,0.0,0.0,0.0,0.0,58.0638029008837,1.5,0.0,0.0,0.0,0.0,250.0,1224.7,0.0,0.0,41.008,20.912,61.92,55.113,3.527,58.393,emon,0.853,0.626,65.1,30.5,2.136
2026-09-18 00:27:20.955,36.9,17,94,58;55;31;94;58;25;20;28;59;20;18;26;29;29;22;17,1455,4154,4049;4096;4154;4092;3050;3294;3337;3349;3134;3317;3327;3331;1455;1955;1877;2076,9.4,0.0,1224.7,0,0,0,0,0,0.0,0,0,0,0,0,0,0,0,0.0,0,0,0,0,0,100.0,0.0,7453.9,0,0,0,59.1,16.91,0.32,18.25,39.11,25.2,63.4,99.54060102982955,4.965236838080666,27.42622072393244,28.00004834955389,1.0874261652900499,987.5454545454545,0.0,0.0,0.0,0.0,56.03876624394547,1.6,0.0,0.0,0.0,0.0,250.0,1237.8,0.0,0.0,41.008,20.912,61.92,55.113,3.527,58.393,emon,0.853,0.626,65.1,30.5,2.136
2026-09-18 00:27:21.955,19.6,0,92,45;42;9;92;53;5;2;2;36;2;0;3;22;2;0;0,653,3935,3753;3712;3558;3935;2944;2848;2782;3120;2660;2668;2239;2545;895;769;653;681,14.4,0.0,1235.3,0,0,0,0,0,0.0,0,0,0,0,0,0,0,0,0.0,0,0,0,0,0,38.2,0.0,7490.2,0,0,0,55.1,16.91,0.32,18.25,39.11,25.2,63.4,99.48583941252335,5.701536436702894,27.329583035344662,27.748233081983482,1.5370897683246016,828.5652173913044,0.0,0.0,0.0,0.0,53.93450742969694,2.2,0.0,0.0,0.0,0.0,250.0,1237.1,0.0,0.0,41.008,20.912,61.92,55.113,3.527,58.393,emon,0.853,0.626,65.1,30.5,2.136
2026-09-18 00:27:22.956,17.0,0,97,42;38;8;97;20;2;0;0;33;0;0;0;27;3;2;2,783,3980,3779;3798;3592;3980;2694;2716;2970;3037;2663;2836;3280;2734;884;783;866;886,15.9,0.0,1233.6,0,0,0,0,0,0.0,0,0,0,0,0,0,0,0,0.0,0,0,0,0,0,100.0,0.0,7490.2,0,0,0,57.1,16.91,0.32,18.25,39.11,25.2,63.4,99.51903974208908,4.970111445041572,26.774889639243778,26.74110357127642,1.6007572848160232,856.1146245059289,0.0,0.0,0.0,0.0,53.82462257255796,2.4,0.0,0.0,0.0,0.0,250.0,1233.6,0.0,0.0,41.008,20.912,61.92,55.113,3.527,58.393,emon,0.853,0.626,65.1,30.5,2.136
2026-09-18 00:27:23.956,18.0,0,97,56;34;6;97;25;8;0;0;28;4;0;0;27;2;0;0,654,4010,3850;3823;3572;4010;2730;2849;2557;3123;2602;2455;2237;2854;890;834;927;654,15.6,0.0,1233.6,0,0,0,0,0,0.0,0,0,0,0,0,0,0,0,0.0,0,0,0,0,0,88.2,0.0,7490.2,0,0,0,57.1,18.27,0.43,7.63,35.99,25.2,63.4,99.51114978401029,5.067026640767498,26.016951047644323,26.315250656252005,1.477558724028094,887.9795918367347,0.0,0.0,0.0,0.0,52.225127430168946,2.3,0.0,0.0,0.0,0.0,250.0,1245.8,0.0,0.0,41.008,20.912,61.92,55.113,3.527,58.393,emon,0.853,0.626,65.1,30.5,2.136
2026-09-18 00:27:24.956,17.7,0,85,42;36;14;85;28;6;2;0;53;2;0;0;17;0;0;0,526,3958,3833;3835;3590;3958;2772;2815;2930;2763;2917;3088;3304;3241;894;526;551;632,15.5,0.0,1233.6,0,0,0,0,0,0.0,0,0,0,0,0,0,0,0,0.0,0,0,0,0,0,100.0,0.0,7490.2,0,0,0,53.1,18.27,0.43,7.63,35.99,25.2,63.4,99.52560073409337,5.186227316013634,26.382181315006555,26.57108955116193,1.4414458264948422,825.7634854771784,0.0,0.0,0.0,0.0,53.575595531102536,2.4,0.0,0.0,0.0,0.0,250.0,1233.6,0.0,0.0,41.008,20.912,61.92,55.113,3.527,58.393,emon,0.853,0.626,65.1,30.5,2.136
2026-09-18 00:27:25.957,18.2,0,84,35;41;3;84;38;3;0;0;64;0;0;0;20;2;2;0,489,3927,3635;3689;3534;3927;2673;3063;2548;2526;3054;2780;2951;2454;907;869;854;489,16.1,0.0,1233.6,0,0,0,0,0,0.0,0,0,0,0,0,0,0,0,0.0,0,0,0,0,0,88.3,0.0,7490.2,0,0,0,51.1,18.27,0.43,7.63,35.99,25.2,63.4,99.50844258167704,5.288390896305992,26.59646464664428,26.92806280868464,1.3128741391219145,839.7786885245902,0.0,0.0,0.0,0.0,53.70118955324297,2.4,0.0,0.0,0.0,0.0,250.0,1233.6,0.0,0.0,41.008,20.912,61.92,55.113,3.527,58.393,emon,0.853,0.626,65.1,30.5,2.136
2026-09-18 00:27:26.957,19.9,0,88,43;30;8;88;38;6;0;0;78;2;0;0;27;0;0;0,735,3879,3741;3686;3504;3879;2717;2808;2431;2781;3092;3200;3238;2797;886;735;913;961,16.1,0.0,1233.6,0,0,0,0,0,0.0,0,0,0,0,0,0,0,0,0.0,0,0,0,0,0,100.0,0.0,7490.2,0,0,0,51.1,18.27,0.43,7.63,35.99,25.2,63.4,99.50369828844828,5.221250833322604,27.256143638065883,27.500028156098864,1.351600996551237,830.1507936507936,0.0,0.0,0.0,0.0,54.387170302548576,2.3,0.0,0.0,0.0,0.0,250.0,1233.6,0.0,0.0,41.008,20.912,61.92,55.113,3.527,58.393,emon,0.853,0.626,65.1,30.5,2.136
2026-09-18 00:27:27.958,18.6,0,89,40;40;6;89;23;2;0;0;65;2;0;0;29;0;2;0,664,3950,3701;3713;3485;3950;2624;2630;2680;2518;3028;2947;2883;2451;901;771;664;781,15.2,0.0,1235.3,0,0,0,0,0,0.0,0,0,0,0,0,0,0,0,0.0,0,0,0,0,0,100.0,0.0,7490.2,0,0,0,52.1,16.25,0.47,3.4,33.03,25.2,63.4,99.54074011544813,5.708414197479707,27.350099899226503,27.782355410858287,1.5713312265188624,867.6695278969958,0.0,0.0,0.0,0.0,54.527627021170225,2.4,0.0,0.0,0.0,0.0,250.0,1235.3,0.0,0.0,41.008,20.912,61.92,55.113,3.527,58.393,emon,0.853,0.626,65.1,30.5,2.136
2026-09-18 00:27:28.958,17.7,0,93,46;42;9;93;23;8;2;0;35;0;0;0;26;0;0;0,601,3952,3803;3844;3471;3952;2626;2776;3095;3053;2709;2979;2742;2795;918;851;693;601,16.8,0.0,1233.6,0,0,0,0,0,0.0,0,0,0,0,0,0,0,0,0.0,0,0,0,0,0,88.0,0.0,7490.2,0,0,0,56.1,16.25,0.47,3.4,33.03,25.2,63.4,99.52953242048433,5.6986886858940125,26.93204527665794,27.272664653601023,1.4373163549399706,786.3417721518987,0.0,0.0,0.0,0.0,54.054989759837774,2.3,0.0,0.0,0.0,0.0,250.0,1233.6,0.0,0.0,89.849,4.165,94.013,82.471,5.278,88.735,emon,0.791,0.491,51.4,24.1,2.133
2026-09-18 00:27:29.958,18.4,0,92,39;49;8;92;27;6;0;0;35;2;0;0;28;6;2;0,492,3978,3772;3903;3452;3978;2635;2630;2687;2693;2692;3028;2977;3178;894;847;741;492,16.1,0.0,1233.6,0,0,0,0,0,0.0,0,0,0,0,0,0,0,0,0.0,0,0,0,0,0,97.6,0.0,7490.2,0,0,0,57.1,16.25,0.47,3.4,33.03,25.2,63.4,99.51269204275948,5.61134812242437,26.374523968842563,26.990226522506195,1.29705731376022,839.6122448979592,0.0,0.0,0.0,0.0,54.72065450898847,2.4,0.0,0.0,0.0,0.0,250.0,1233.6,0.0,0.0,89.849,4.165,94.013,82.471,5.278,88.735,emon,0.791,0.491,51.4,24.1,2.133
2026-09-18 00:27:30.959,20.2,0,94,38;54;17;94;31;16;2;2;36;5;0;0;27;2;2;0,743,3946,3758;3793;3680;3946;2661;2843;3067;2650;2826;2973;3055;2645;859;839;813;743,14.1,0.0,1242.3,0,0,0,0,0,0.0,0,0,0,0,0,0,0,0,0.0,0,0,0,0,0,100.0,0.0,7490.2,0,0,0,56.1,16.25,0.47,3.4,33.03,25.3,63.4,99.48110931598588,5.659249835280664,25.282434907180583,26.06289239257377,1.464115640663138,820.0264900662252,0.0,0.0,0.0,0.0,56.11425634036889,2.1,0.0,0.0,0.0,0.0,250.0,1246.8,0.0,0.0,89.849,4.165,94.013,82.471,5.278,88.735,emon,0.791,0.491,51.4,24.1,2.133
2026-09-18 00:27:31.959,18.0,0,95,53;20;9;95;30;6;2;2;34;5;2;0;18;5;6;0,736,3888,3673;3684;3575;3888;2680;3033;3064;3046;2700;3002;3142;3143;831;771;781;736,11.4,0.0,1238.5,0,0,0,0,0,0.0,0,0,0,0,0,0,0,0,0.0,0,0,0,0,0,99.5,0.0,7490.2,0,0,0,56.1,17.03,0.43,3.39,33.83,25.3,63.4,99.34277615626213,4.826460575450788,24.39074895131654,24.480258955851774,0.9291596417383642,984.7734806629834,0.0,0.0,0.0,0.0,55.006624407605756,1.9,0.0,0.0,0.0,0.0,250.0,1255.4,0.0,0.0,89.849,4.165,94.013,82.471,5.278,88.735,emon,0.791,0.491,51.4,24.1,2.133
2026-09-18 00:27:32.959,16.9,0,91,49;20;8;91;33;3;0;0;44;2;0;0;18;2;2;0,813,3939,3628;3552;3399;3939;2603;2105;2626;2452;2658;2694;2290;2833;822;925;813;838,11.4,0.0,1238.5,0,0,0,0,0,0.0,0,0,0,0,0,0,0,0,0.0,0,0,0,0,0,99.5,0.0,7490.2,0,0,0,57.1,17.03,0.43,3.39,33.83,25.3,63.4,99.22191503956832,4.044903790470192,21.72844222896007,21.9285387321895,1.1537899341147142,973.171270718232,0.0,0.0,0.0,0.0,54.73854963320889,1.5,0.0,0.0,0.0,0.0,250.0,1234.5,0.0,0.0,89.849,4.165,94.013,82.471,5.278,88.735,emon,0.791,0.491,51.4,24.1,2.133
2026-09-18 00:27:33.960,14.7,0,94,36;22;5;94;32;0;0;0;29;0;0;0;17;0;0;0,655,3939,3683;3722;3559;3939;2691;2966;2926;3209;2683;3122;2238;2550;862;655;712;679,9.7,0.0,1234.5,0,0,0,0,0,0.0,0,0,0,0,0,0,0,0,0.0,0,0,0,0,0,99.8,0.0,7490.2,0,0,0,57.1,17.03,0.43,3.39,33.83,25.3,63.4,99.23924565966664,3.9648242424969955,22.099373793341424,22.182093443929173,1.3581238078053095,974.6830601092896,0.0,0.0,0.0,0.0,54.67690084819667,1.5,0.0,0.0,0.0,0.0,250.0,1234.5,0.0,0.0,89.849,4.165,94.013,82.471,5.278,88.735,emon,0.791,0.491,51.4,24.1,2.133
2026-09-18 00:27:34.960,24.5,3,92,47;50;8;92;31;9;10;14;64;10;8;6;27;8;5;3,697,3899,3753;3779;3657;3899;2797;3031;3227;3209;3086;3081;3155;3159;861;765;704;697,12.6,0.0,1247.6,0,0,0,0,0,0.0,0,0,0,0,0,0,0,0,0.0,0,0,0,0,0,100.0,0.0,7490.2,0,0,0,53.1,17.03,0.43,3.39,33.83,25.3,63.4,99.29202070392546,5.153397673985264,27.107824406174363,27.4207978195465,1.4887469956290753,927.8934426229508,0.0,0.0,0.0,0.0,53.279219743414004,2.0,0.0,0.0,0.0,0.0,250.0,1245.8,0.0,0.0,89.849,4.165,94.013,82.471,5.278,88.735,emon,0.791,0.491,51.4,24.1,2.133
2026-09-18 00:27:35.960,19.1,0,89,30;37;3;89;26;2;0;0;72;3;0;0;34;8;2;0,529,3946,3744;3721;3351;3946;2739;2996;2968;1744;3085;3056;1777;1883;895;886;845;529,15.7,0.0,1245.8,0,0,0,0,0,0.0,0,0,0,0,0,0,0,0,0.0,0,0,0,0,0,98.8,0.0,7490.2,0,0,0,52.1,16.51,0.4,3.39,33.16,25.3,63.4,99.56009348993716,5.413029847974363,27.229118206190027,27.653387882398523,1.5359026955605772,851.3913043478261,0.0,0.0,0.0,0.0,53.50795081143531,2.3,0.0,0.0,0.0,0.0,250.0,1245.8,0.0,0.0,89.849,4.165,94.013,82.471,5.278,88.735,emon,0.791,0.491,51.4,24.1,2.133
2026-09-18 00:27:36.961,17.7,0,86,30;35;6;86;25;6;0;0;69;2;0;0;23;0;0;0,480,3926,3701;3704;3550;3926;2559;2712;2372;2344;3109;2813;3021;3076;916;686;764;480,16.0,0.0,1238.8,0,0,0,0,0,0.0,0,0,0,0,0,0,0,0,0.0,0,0,0,0,0,88.7,0.0,7490.2,0,0,0,51.1,16.51,0.4,3.39,33.16,25.3,63.4,99.52460398225703,5.158109279174326,27.318912855580322,27.572121387236137,1.677287431406683,880.1965811965812,0.0,0.0,0.0,0.0,52.06482314958404,2.3,0.0,0.0,0.0,0.0,250.0,1238.8,0.0,0.0,89.849,4.165,94.013,82.471,5.278,88.735,emon,0.791,0.491,51.4,24.1,2.133
2026-09-18 00:27:37.961,18.2,0,86,51;38;9;86;23;3;0;0;48;0;0;0;29;3;0;0,530,3942,3831;3799;3543;3942;2665;2269;3002;3068;2845;2874;2599;2308;889;869;768;530,16.0,0.0,1238.8,0,0,0,0,0,0.0,0,0,0,0,0,0,0,0,0.0,0,0,0,0,0,100.0,0.0,7490.2,0,0,0,54.1,16.51,0.4,3.39,33.16,25.3,63.4,99.50784371115945,5.2008765538738775,26.598434680749563,26.7300774125644,1.544907243452843,821.7272727272727,0.0,0.0,0.0,0.0,53.767001850699835,2.4,0.0,0.0,0.0,0.0,250.0,1238.8,0.0,0.0,89.849,4.165,94.013,82.471,5.278,88.735,emon,0.791,0.491,51.4,24.1,2.133
2026-09-18 00:27:38.962,19.3,0,88,50;58;3;88;31;6;0;0;38;2;0;0;32;0;0;0,491,3947,3825;3885;3649;3947;2697;2756;2650;2744;2708;3135;3004;2923;897;578;667;491,16.2,0.0,1238.8,0,0,0,0,0,0.0,0,0,0,0,0,0,0,0,0.0,0,0,0,0,0,88.8,0.0,7490.2,0,0,0,57.1,16.51,0.4,3.39,33.16,25.3,63.4,99.48001952249496,5.212414600733728,26.82565539000464,27.089253026137097,1.6052237127720428,885.6803278688525,0.0,0.0,0.0,0.0,53.26392535782862,2.3,0.0,0.0,0.0,0.0,250.0,1251.0,0.0,0.0,89.849,4.165,94.013,82.471,5.278,88.735,emon,0.791,0.491,51.4,24.1,2.133
2026-09-18 00:27:39.962,18.8,0,97,53;34;10;97;34;8;0;0;36;2;0;0;22;5;2;0,471,3987,3853;3823;3554;3987;2740;2940;3179;3200;2680;2999;2936;2572;872;808;871;471,15.7,0.0,1251.0,0,0,0,0,0,0.0,0,0,0,0,0,0,0,0,0.0,0,0,0,0,0,100.0,0.0,7490.2,0,0,0,57.1,16.7,0.46,3.41,33.61,25.3,63.4,99.48743398238202,5.063716609335067,26.319541791993746,26.419302462801642,1.5551560712418737,840.2244897959183,0.0,0.0,0.0,0.0,52.23243577917468,2.4,0.0,0.0,0.0,0.0,250.0,1238.8,0.0,0.0,89.849,4.165,94.013,82.471,5.278,88.735,emon,0.791,0.491,51.4,24.1,2.133
2026-09-18 00:27:40.962,19.4,0,96,56;41;6;96;38;3;2;0;35;0;0;0;32;2;0;0,780,3925,3844;3868;3581;3925;2858;2972;3216;2673;2750;2502;2287;2571;895;858;809;780,16.5,0.0,1238.8,0,0,0,0,0,0.0,0,0,0,0,0,0,0,0,0.0,0,0,0,0,0,77.9,0.0,7490.2,0,0,0,57.1,16.7,0.46,3.41,33.61,25.3,63.4,99.30192295248578,5.069647539816642,27.531099757712905,27.904801334397426,1.323204063605836,834.4771784232365,0.0,0.0,0.0,0.0,52.25974955125345,2.5,0.0,0.0,0.0,0.0,250.0,1238.8,0.0,0.0,89.567,4.145,93.712,84.742,5.423,88.289,emon,0.79,0.487,51.5,24.1,2.136
2026-09-18 00:27:41.963,18.6,0,89,57;33;3;89;58;5;0;0;36;0;0;0;17;0;0;0,610,3863,3764;3607;3717;3863;3053;3260;3032;3241;2703;3188;2767;3055;830;686;780;610,15.8,0.0,1240.6,0,0,0,0,0,0.0,0,0,0,0,0,0,0,0,0.0,0,0,0,0,0,100.0,0.0,7490.2,0,0,0,53.1,16.7,0.46,3.41,33.61,25.3,63.4,99.45410998114224,4.850059284364402,25.487730900695706,26.04894498677276,1.1915873918004647,930.9749216300941,0.0,0.0,0.0,0.0,57.4388174477696,2.4,0.0,0.0,0.0,0.0,250.0,1252.8,0.0,0.0,89.567,4.145,93.712,84.742,5.423,88.289,emon,0.79,0.487,51.5,24.1,2.136
2026-09-18 00:27:42.966,17.8,0,91,62;36;3;91;38;5;0;0;27;3;0;0;17;2;2;0,810,3906,3841;3800;3657;3906;2908;2966;2986;3188;2657;3064;2342;2816;874;815;834;810,15.7,0.0,1238.8,0,0,0,0,0,0.0,0,0,0,0,0,0,0,0,0.0,0,0,0,0,0,100.0,0.0,7490.2,0,0,0,56.1,16.7,0.46,3.41,33.61,25.3,63.4,99.47673389003866,5.0223520147033565,26.23305315552396,26.369368077134986,1.5949169689722196,854.439330543933,0.0,0.0,0.0,0.0,52.28833866493473,2.3,0.0,0.0,0.0,0.0,250.0,1238.8,0.0,0.0,89.567,4.145,93.712,84.742,5.423,88.289,emon,0.79,0.487,51.5,24.1,2.136
2026-09-18 00:27:43.966,20.5,0,89,39;67;14;89;16;28;6;0;21;17;2;0;14;15;0;0,718,3877,3761;3841;3621;3877;2798;2816;2718;2830;2810;2766;3155;2686;840;863;764;718,16.4,0.0,1255.5,0,0,0,0,0,0.0,0,0,0,0,0,0,0,0,0.0,0,0,0,0,0,99.3,0.0,7490.2,0,0,0,56.1,17.39,0.47,3.4,34.23,25.3,63.4,99.51972357660746,5.559699931530376,27.603404535664072,27.949981446746442,1.101257089227304,899.5395683453237,0.0,0.0,0.0,0.0,55.08939493115214,2.5,0.0,0.0,0.0,0.0,250.0,1249.8,0.0,0.0,89.567,4.145,93.712,84.742,5.423,88.289,emon,0.79,0.487,51.5,24.1,2.136
2026-09-18 00:27:44.967,18.9,0,86,29;76;13;86;0;29;8;2;0;37;0;0;0;22;0;2,671,3917,3795;3865;3737;3917;2683;2860;3095;3196;3294;2762;3087;2812;671;883;681;769,16.4,0.0,1255.5,0,0,0,0,0,0.0,0,0,0,0,0,0,0,0,0.0,0,0,0,0,0,99.3,0.0,7490.2,0,0,0,56.1,17.39,0.47,3.4,34.23,25.4,63.4,99.47306655140852,9.148613398517952,26.646676814511473,30.396814247809544,1.1285225349020174,893.943820224719,0.0,0.0,0.0,0.0,56.18436952186435,2.6,0.0,0.0,0.0,0.0,250.0,1252.7,0.0,0.0,89.567,4.145,93.712,84.742,5.423,88.289,emon,0.79,0.487,51.5,24.1,2.136
2026-09-18 00:27:45.967,17.9,0,74,27;74;11;72;0;34;5;0;0;35;2;0;0;26;0;0,578,3972,3822;3972;3590;3963;2758;2819;2652;2990;2885;2728;2160;2404;578;872;749;654,17.1,0.0,1252.7,0,0,0,0,0,0.0,0,0,0,0,0,0,0,0,0.0,0,0,0,0,0,88.7,0.0,7490.2,0,0,0,57.1,17.39,0.47,3.4,34.23,25.4,63.4,99.68014931097264,9.56747443007487,25.304241631816073,28.927861641047567,0.9192516249645339,927.6585365853658,0.0,0.0,0.0,0.0,60.51413856837444,2.6,0.0,0.0,0.0,0.0,250.0,1248.7,0.0,0.0,89.567,4.145,93.712,84.742,5.423,88.289,emon,0.79,0.487,51.5,24.1,2.136
2026-09-18 00:27:46.967,16.6,0,72,27;69;8;72;0;27;0;0;0;33;2;0;0;25;2;2,492,4004,3826;4004;3617;3952;1786;2683;3108;3167;1982;2633;3034;2703;492;883;796;769,18.0,0.0,1257.2,0,0,0,0,0,0.0,0,0,0,0,0,0,0,0,0.0,0,0,0,0,0,100.0,0.0,7490.2,0,0,0,59.1,17.39,0.47,3.4,34.23,25.4,63.4,99.65884942626953,8.216785357914866,28.080550298213957,30.402145617365836,0.4353645202150219,876.2,0.0,0.0,0.0,0.0,60.19152536636591,2.9,0.0,0.0,0.0,0.0,250.0,1233.8,0.0,0.0,89.567,4.145,93.712,84.742,5.423,88.289,emon,0.79,0.487,51.5,24.1,2.136
2026-09-18 00:27:47.968,18.6,0,80,28;80;15;78;0;42;0;0;0;28;0;0;0;27;0;0,588,3942,3778;3942;3720;3912;2298;2845;3055;2741;2357;2719;3169;3154;588;877;811;656,23.5,0.0,1241.7,0,0,0,0,0,0.0,0,0,0,0,0,0,0,0,0.0,0,0,0,0,0,100.0,0.0,7490.2,0,0,0,57.1,17.86,0.62,3.4,34.79,25.5,63.4,99.55587992634807,7.875163255396163,28.67316362491021,31.063987319129748,1.1977049212503776,857.916083916084,0.0,0.0,0.0,0.0,57.92079253503857,3.5,0.0,0.0,0.0,0.0,250.0,1242.8,0.0,0.0,89.567,4.145,93.712,84.742,5.423,88.289,emon,0.79,0.487,51.5,24.1,2.136
2026-09-18 00:27:48.968,15.7,0,91,17;91;10;63;0;28;2;0;0;23;0;0;2;15;0;2,691,4029,3724;4029;3614;3917;2713;2733;2956;3227;2678;2650;2834;3331;839;848;691;795,18.9,0.0,1251.0,0,0,0,0,0,0.0,0,0,0,0,0,0,0,0,0.0,0,0,0,0,0,100.0,0.0,7490.2,0,0,0,60.1,17.86,0.62,3.4,34.79,25.5,63.4,99.67846720437976,11.441473110122965,23.116585469741143,28.756883400086124,1.3151569924125923,872.1454005934718,0.0,0.0,0.0,0.0,59.64754728873423,2.6,0.0,0.0,0.0,0.0,250.0,1224.5,0.0,0.0,89.567,4.145,93.712,84.742,5.423,88.289,emon,0.79,0.487,51.5,24.1,2.136
2026-09-18 00:27:49.969,27.3,3,69,27;45;3;51;17;39;19;22;14;39;14;16;12;69;38;12,724,3544,3036;3115;3544;3387;1678;1806;1814;1654;1489;1695;1658;1705;724;1130;1029;760,18.1,0.0,1258.4,0,0,0,0,0,0.0,0,0,0,0,0,0,0,0,0.0,0,0,0,0,0,100.0,0.0,7490.2,0,0,0,42.1,17.86,0.62,3.4,34.79,25.6,63.4,99.37040150446522,8.3550145371781,22.442875566707315,24.87673822986056,0.9157280861111969,922.7373737373738,0.0,0.0,0.0,0.0,56.74278827453101,1.9,0.0,0.0,0.0,0.0,450.0,1262.0,0.0,0.0,89.567,4.145,93.712,84.742,5.423,88.289,emon,0.79,0.487,51.5,24.1,2.136
2026-09-18 00:27:50.969,20.0,0,70,24;54;5;30;0;52;3;0;0;64;0;2;2;70;10;6,1019,2134,2014;2134;1984;2080;1296;1460;1375;1485;1138;1373;1163;1021;1036;1208;1019;1065,3.9,0.0,1237.5,0,0,0,0,0,0.0,0,0,0,0,0,0,0,0,0.0,0,0,0,0,0,94.5,0.0,7490.2,0,0,0,38.1,17.86,0.62,3.4,34.79,25.6,63.4,98.0876423517863,6.112526097878193,25.01177542905013,26.010724490353216,1.2438803350863357,1129.2083333333333,0.0,0.0,0.0,0.0,54.51981837364534,0.6,0.0,0.0,0.0,0.0,250.0,1237.5,0.0,0.0,89.567,4.145,93.712,84.742,5.423,88.289,emon,0.79,0.487,51.5,24.1,2.136
2026-09-18 00:27:51.969,19.8,0,69,19;38;5;31;0;44;6;0;0;66;3;0;6;69;22;8,1126,2680,1341;1414;1379;1370;1130;1356;1261;2680;1275;1405;1139;1272;1126;1312;1199;1150,3.2,0.0,1237.5,0,0,0,0,0,0.0,0,0,0,0,0,0,0,0,0.0,0,0,0,0,0,100.0,0.0,7490.2,0,0,0,35.1,12.07,0.42,3.4,29.51,25.5,63.4,97.45634947882758,6.444381455062992,28.355592396524216,28.81492167835434,1.401250200966994,1061.5,0.0,0.0,0.0,0.0,50.26739162123866,0.6,0.0,0.0,0.0,0.0,450.0,1237.5,0.0,0.0,90.381,3.167,93.547,88.018,5.633,87.914,emon,0.793,0.697,57.2,26.9,2.131
2026-09-18 00:27:52.970,23.0,0,83,23;40;21;38;0;49;22;8;0;47;3;0;3;83;17;14,1068,1861,1725;1691;1653;1588;1861;1420;1369;1529;1206;1255;1088;1068;1077;1295;1289;1179,3.2,0.0,1237.5,0,0,0,0,0,0.0,0,0,0,0,0,0,0,0,0.0,0,0,0,0,0,100.0,0.0,7490.2,0,0,0,35.1,12.07,0.42,3.4,29.51,25.6,63.4,97.67220885495105,8.803235916039311,25.437411091413843,28.13719286778605,0.5890210378376475,1126.710843373494,0.0,0.0,0.0,0.0,49.60944135451173,0.7,0.0,0.0,0.0,0.0,450.0,1238.6,0.0,0.0,90.381,3.167,93.547,88.018,5.633,87.914,emon,0.793,0.697,57.2,26.9,2.131
2026-09-18 00:27:53.991,16.4,0,81,21;43;9;26;0;28;0;0;0;32;0;0;2;81;11;11,1055,1632,1632;1522;1615;1629;1152;1166;1134;1163;1116;1171;1055;1133;1301;1369;1346;1233,5.9,0.0,1238.6,0,0,0,0,0,0.0,0,0,0,0,0,0,0,0,0.0,0,0,0,0,0,96.3,0.0,7490.2,0,0,0,34.1,12.07,0.42,3.4,29.51,25.7,63.4,98.28191038850066,11.608130538424888,19.934020079575575,23.503817397278624,0.32376165978924987,1174.3246753246754,0.0,0.0,0.0,0.0,50.819519891754375,0.8,0.0,0.0,0.0,0.0,450.0,1238.6,0.0,0.0,90.381,3.167,93.547,88.018,5.633,87.914,emon,0.793,0.697,57.2,26.9,2.131
2026-09-18 00:27:54.992,22.8,2,86,27;38;20;37;5;42;23;20;3;34;8;5;2;86;12;4,916,1849,1711;1619;1849;1718;970;1180;1176;1160;916;1158;995;922;1095;1311;1190;1226,5.8,0.0,1223.9,0,0,0,0,0,0.0,0,0,0,0,0,0,0,0,0.0,0,0,0,0,0,95.8,0.0,7490.2,0,0,0,35.1,12.07,0.42,3.4,29.51,25.6,63.4,98.15308128915181,10.485032386896087,21.307059706711186,24.535211237465465,0.3873343638047894,1158.1463414634147,0.0,0.0,0.0,0.0,50.186356082922075,0.9,0.0,0.0,0.0,0.0,250.0,1225.6,0.0,0.0,90.381,3.167,93.547,88.018,5.633,87.914,emon,0.793,0.697,57.2,26.9,2.131
2026-09-18 00:27:55.992,21.8,3,78,36;29;27;27;3;25;34;3;3;22;23;3;10;78;11;13,1076,1449,1426;1449;1299;1344;1446;1179;1169;1443;1076;1125;1099;1079;1307;1388;1354;1314,4.8,0.0,1226.3,0,0,0,0,0,0.0,0,0,0,0,0,0,0,0,0.0,0,0,0,0,0,96.0,0.0,7490.2,0,0,0,34.1,3.14,0.14,3.38,21.52,25.6,63.4,98.0392865436833,9.965081666164645,23.648016333580017,26.829234980773634,0.4127035017617589,1117.9024390243903,0.0,0.0,0.0,0.0,51.44065425563149,0.8,0.0,0.0,0.0,0.0,450.0,1224.1,0.0,0.0,90.381,3.167,93.547,88.018,5.633,87.914,emon,0.793,0.697,57.2,26.9,2.131
2026-09-18 00:27:56.992,19.6,3,70,27;33;8;34;5;47;15;3;4;28;4;4;6;70;14;11,786,1604,1604;1514;1385;1358;889;1278;1200;897;786;1141;824;798;1194;1261;1182;1219,4.8,0.0,1217.3,0,0,0,0,0,0.0,0,0,0,0,0,0,0,0,0.0,0,0,0,0,0,94.9,0.0,7490.2,0,0,0,34.1,3.14,0.14,3.38,21.52,25.5,63.4,98.14161760156804,9.800958192314614,20.657274960116908,23.848616199906576,0.6598561521148606,1156.3863636363637,0.0,0.0,0.0,0.0,50.190861517224796,0.7,0.0,0.0,0.0,0.0,450.0,1217.3,0.0,0.0,90.381,3.167,93.547,88.018,5.633,87.914,emon,0.793,0.697,57.2,26.9,2.131
2026-09-18 00:27:57.997,18.0,0,78,23;42;6;29;0;41;3;0;0;39;2;0;5;78;12;8,1072,2285,1428;1380;1298;1234;1261;1343;1072;2285;1118;1222;1088;1213;1236;1345;1201;1320,5.1,0.0,1223.4,0,0,0,0,0,0.0,0,0,0,0,0,0,0,0,0.0,0,0,0,0,0,92.6,0.0,7490.2,0,0,0,34.1,3.14,0.14,3.38,21.52,25.5,63.4,97.93679074206985,10.246833151341024,21.289107367216822,24.20038942095027,0.47558469085881194,1182.7349397590363,0.0,0.0,0.0,0.0,49.5667733691902,0.8,0.0,0.0,0.0,0.0,450.0,1223.4,0.0,0.0,90.381,3.167,93.547,88.018,5.633,87.914,emon,0.793,0.697,57.2,26.9,2.131
2026-09-18 00:27:58.997,19.8,0,85,33;33;17;39;0;27;11;3;0;27;6;3;8;85;14;11,946,1699,1699;1652;1644;1613;1227;1130;1075;1191;946;1161;1003;961;1206;1325;1250;1288,5.1,0.0,1223.4,0,0,0,0,0,0.0,0,0,0,0,0,0,0,0,0.0,0,0,0,0,0,92.6,0.0,7490.2,0,0,0,35.1,3.14,0.14,3.38,21.52,25.5,63.4,97.92786369949091,10.262157487087562,27.529738754522604,30.62892888803951,0.49690790434719107,1165.3934426229507,0.0,0.0,0.0,0.0,51.01620344597785,0.9,0.0,0.0,0.0,0.0,450.0,1225.6,0.0,0.0,90.381,3.167,93.547,88.018,5.633,87.914,emon,0.793,0.697,57.2,26.9,2.131
2026-09-18 00:27:59.998,17.6,0,74,14;35;11;31;0;46;14;3;0;31;5;0;0;74;12;5,1075,1558,1402;1294;1558;1395;1159;1282;1322;1075;1474;1211;1210;1505;1106;1310;1168;1221,6.2,0.0,1223.4,0,0,0,0,0,0.0,0,0,0,0,0,0,0,0,0.0,0,0,0,0,0,95.9,0.0,7490.2,0,0,0,34.1,2.73,0.12,3.34,21.2,25.6,63.4,97.73226837884812,7.061007162689099,14.081823360352288,14.953303850122861,0.26682923531292807,1099.0,0.0,0.0,0.0,0.0,51.40537040787084,0.6,0.0,0.0,0.0,0.0,450.0,1223.3,0.0,0.0,90.381,3.167,93.547,88.018,5.633,87.914,emon,0.793,0.697,57.2,26.9,2.131
2026-09-18 00:28:00.999,19.8,0,85,22;42;11;38;2;50;12;0;0;40;0;0;3;85;9;3,987,1663,1510;1480;1486;1663;987;1209;1105;1118;1163;1150;1179;1221;1303;1364;1244;1333,5.0,0.0,1223.3,0,0,0,0,0,0.0,0,0,0,0,0,0,0,0,0.0,0,0,0,0,0,92.3,0.0,7490.2,0,0,0,35.1,2.73,0.12,3.34,21.2,25.6,63.4,97.72385972269466,9.567737262130956,20.51465878861674,23.347668977098518,0.5112745289094327,1128.2134831460673,0.0,0.0,0.0,0.0,49.627691648984225,0.7,0.0,0.0,0.0,0.0,450.0,1223.3,0.0,0.0,90.381,3.167,93.547,88.018,5.633,87.914,emon,0.793,0.697,57.2,26.9,2.131
2026-09-18 00:28:01.999,15.5,0,80,30;45;3;22;0;30;0;0;0;28;0;0;0;80;10;2,1114,1662,1662;1592;1360;1438;1138;1157;1193;1131;1114;1150;1277;1122;1186;1360;1242;1261,4.6,0.0,1223.3,0,0,0,0,0,0.0,0,0,0,0,0,0,0,0,0.0,0,0,0,0,0,93.5,0.0,7490.2,0,0,0,35.1,2.73,0.12,3.34,21.2,25.6,63.4,98.45930258433025,10.292383221909404,20.211203726629417,23.469990828540176,0.457240733695168,1158.8958333333333,0.0,0.0,0.0,0.0,51.766423610659935,0.7,0.0,0.0,0.0,0.0,450.0,1223.3,0.0,0.0,90.381,3.167,93.547,88.018,5.633,87.914,emon,0.793,0.697,57.2,26.9,2.131
2026-09-18 00:28:03.000,15.0,0,61,26;31;8;28;0;35;5;3;0;36;0;0;0;61;5;3,1081,1716,1619;1605;1363;1579;1124;1341;1400;1373;1104;1325;1716;1081;1081;1296;1125;1102,4.5,0.0,1219.5,0,0,0,0,0,0.0,0,0,0,0,0,0,0,0,0.0,0,0,0,0,0,94.6,0.0,7490.2,0,0,0,35.1,2.48,0.09,3.35,20.88,25.6,63.4,98.2640014433525,13.032181135365661,19.956284428986027,24.61034420174612,0.15899583583199223,1200.4084507042253,0.0,0.0,0.0,0.0,50.87414320096583,0.8,0.0,0.0,0.0,0.0,450.0,1219.7,0.0,0.0,90.381,3.167,93.547,88.018,5.633,87.914,emon,0.793,0.697,57.2,26.9,2.131
2026-09-18 00:28:04.000,18.2,0,78,30;48;11;35;0;30;11;0;0;36;8;0;2;78;2;2,987,2713,2254;2046;1972;2647;2166;1376;1543;1957;1438;1407;1509;2713;1108;1220;987;1061,6.2,0.0,1253.9,0,0,0,0,0,0.0,0,0,0,0,0,0,0,0,0.0,0,0,0,0,0,96.6,0.0,7490.2,0,0,0,36.1,2.48,0.09,3.35,20.88,25.7,63.4,99.02758661116133,7.221642316151295,20.997032455776047,21.753837217732986,0.9587228509274989,997.7577639751553,0.0,0.0,0.0,0.0,53.17681844407542,1.0,0.0,0.0,0.0,0.0,450.0,1250.2,0.0,0.0,96.414,1.352,97.766,34.543,2.211,95.555,emon,0.821,0.662,57.2,26.8,2.134
2026-09-18 00:28:05.001,15.2,0,82,27;36;5;23;0;28;0;0;0;38;0;0;2;82;2;0,1136,1645,1467;1586;1645;1595;1185;1188;1177;1319;1138;1140;1169;1136;1235;1330;1211;1193,6.2,0.0,1253.9,0,0,0,0,0,0.0,0,0,0,0,0,0,0,0,0.0,0,0,0,0,0,96.6,0.0,7490.2,0,0,0,35.1,2.48,0.09,3.35,20.88,25.7,63.4,98.26149271769695,10.939644735373825,20.469628433147108,23.8014131840094,0.46167194423075003,1185.144578313253,0.0,0.0,0.0,0.0,50.770591500832374,0.6,0.0,0.0,0.0,0.0,450.0,1250.2,0.0,0.0,96.414,1.352,97.766,34.543,2.211,95.555,emon,0.821,0.662,57.2,26.8,2.134
2026-09-18 00:28:06.001,16.7,0,75,31;39;9;29;0;33;5;0;0;28;3;0;3;75;12;0,1036,2388,2388;2041;2186;2123;1295;1206;1275;1223;1120;1237;1036;1085;1207;1268;1167;1199,4.3,0.0,1214.1,0,0,0,0,0,0.0,0,0,0,0,0,0,0,0,0.0,0,0,0,0,0,95.1,0.0,7490.2,0,0,0,37.1,2.48,0.09,3.35,20.88,25.6,63.4,98.83660784634677,6.166369068121852,15.564074922691692,15.341082086810818,0.663268453753009,1054.5194805194806,0.0,0.0,0.0,0.0,50.960059707234436,0.6,0.0,0.0,0.0,0.0,450.0,1250.2,0.0,0.0,96.414,1.352,97.766,34.543,2.211,95.555,emon,0.821,0.662,57.2,26.8,2.134
2026-09-18 00:28:07.002,18.2,0,82,31;30;5;39;0;30;16;0;0;29;6;0;3;82;11;9,1100,2971,2313;2140;2599;2971;1228;1414;1639;1417;1100;1396;1707;1125;1184;1330;1178;1213,7.7,0.0,1220.6,0,0,0,0,0,0.0,0,0,0,0,0,0,0,0,0.0,0,0,0,0,0,85.0,0.0,7490.2,0,0,0,36.1,3.87,0.13,3.36,22.0,25.7,63.4,99.32731618379292,5.438476647086964,18.537191136625776,17.77004312282722,0.7163591354880114,960.1842105263158,0.0,0.0,0.0,0.0,53.53056892621935,0.8,0.0,0.0,0.0,0.0,450.0,1197.2,0.0,0.0,96.414,1.352,97.766,34.543,2.211,95.555,emon,0.821,0.662,57.2,26.8,2.134
2026-09-18 00:28:08.002,27.5,11,82,27;46;17;33;14;43;17;11;18;46;17;13;12;82;31;13,991,2007,2007;1918;1618;1741;1252;1297;1290;1247;1004;1107;1009;991;1278;1342;1251;1294,5.9,0.0,1203.9,0,0,0,0,0,0.0,0,0,0,0,0,0,0,0,0.0,0,0,0,0,0,94.8,0.0,7490.2,0,0,0,35.1,3.87,0.13,3.36,22.0,25.7,63.4,99.14295449750176,4.7220571364019195,17.04036414212194,16.67405356415387,1.016782848027231,1093.1810344827586,0.0,0.0,0.0,0.0,53.44310258534448,1.1,0.0,0.0,0.0,0.0,450.0,1206.5,0.0,0.0,96.414,1.352,97.766,34.543,2.211,95.555,emon,0.821,0.662,57.2,26.8,2.134
2026-09-18 00:28:09.002,16.5,0,61,17;39;17;27;0;30;18;6;0;20;8;0;2;61;19;0,970,1783,1576;1577;1532;1541;1202;1133;1063;970;1118;1207;1303;1783;1267;1362;1260;1243,7.9,0.0,1217.3,0,0,0,0,0,0.0,0,0,0,0,0,0,0,0,0.0,0,0,0,0,0,0.0,0.0,7490.2,0,0,0,33.1,3.87,0.13,3.36,22.0,25.6,63.4,97.96920663339121,7.743032019619864,23.27606843283147,24.94894186986817,0.718021974382192,1171.8395061728395,0.0,0.0,0.0,0.0,50.817078521590176,1.0,0.0,0.0,0.0,0.0,450.0,1220.0,0.0,0.0,96.414,1.352,97.766,34.543,2.211,95.555,emon,0.821,0.662,57.2,26.8,2.134
2026-09-18 00:28:10.003,14.4,0,61,12;44;11;20;0;48;6;0;0;20;0;0;0;61;5;2,1013,1660,1313;1245;1660;1349;1237;1392;1389;1215;1074;1161;1076;1013;1261;1261;1136;1131,7.9,0.0,1217.3,0,0,0,0,0,0.0,0,0,0,0,0,0,0,0,0.0,0,0,0,0,0,0.0,0.0,7490.2,0,0,0,31.1,3.87,0.13,3.36,22.0,25.6,63.4,97.98514296587776,7.64790182101595,23.47040254088009,25.160101563089036,0.6138027094304561,1163.7058823529412,0.0,0.0,0.0,0.0,50.79210648010759,1.0,0.0,0.0,0.0,0.0,450.0,1217.3,0.0,0.0,96.414,1.352,97.766,34.543,2.211,95.555,emon,0.821,0.662,57.2,26.8,2.134
2026-09-18 00:28:11.004,14.9,0,68,13;36;11;36;0;33;0;0;0;34;0;0;0;68;2;6,1098,1460,1460;1386;1437;1305;1147;1234;1142;1164;1114;1191;1187;1130;1098;1307;1155;1166,6.6,0.0,1215.8,0,0,0,0,0,0.0,0,0,0,0,0,0,0,0,0.0,0,0,0,0,0,0.0,0.0,7490.2,0,0,0,31.1,3.46,0.17,1.48,12.13,25.6,63.4,98.19373026529948,8.93474760055542,21.876471099853514,24.648593546549478,0.4818966102635022,1199.0,0.0,0.0,0.0,0.0,49.64063197374344,0.9,0.0,0.0,0.0,0.0,450.0,1215.8,0.0,0.0,96.414,1.352,97.766,34.543,2.211,95.555,emon,0.821,0.662,57.2,26.8,2.134
2026-09-18 00:28:12.004,28.4,5,73,36;44;25;45;5;48;27;20;5;38;14;5;18;73;27;25,1052,1961,1566;1522;1961;1843;1308;1202;1245;1188;1052;1175;1077;1093;1300;1328;1312;1244,6.9,0.0,1215.9,0,0,0,0,0,0.0,0,0,0,0,0,0,0,0,0.0,0,0,0,0,0,0.0,0.0,7490.2,0,0,0,32.1,3.46,0.17,1.48,12.13,25.7,63.4,97.80807843124657,7.599695975320381,28.82829211051004,30.591301098204497,0.899665918462632,1199.0,0.0,0.0,0.0,0.0,51.08933055975981,1.0,0.0,0.0,0.0,0.0,450.0,1211.9,0.0,0.0,96.414,1.352,97.766,34.543,2.211,95.555,emon,0.821,0.662,57.2,26.8,2.134
2026-09-18 00:28:13.005,32.0,12,80,48;45;31;52;12;46;28;20;14;40;16;12;22;80;28;17,1107,1744,1647;1602;1692;1744;1226;1173;1144;1107;1293;1202;1193;1276;1319;1370;1320;1319,14.0,0.0,1227.8,0,0,0,0,0,0.0,0,0,0,0,0,0,0,0,0.0,0,0,0,0,0,0.0,0.0,7490.2,0,0,0,34.1,3.46,0.17,1.48,12.13,25.5,63.4,97.32395632126752,6.397816061973572,33.87472091001623,35.33473996555104,0.862371508114259,1199.0,0.0,0.0,0.0,0.0,50.24407671567272,1.6,0.0,0.0,0.0,0.0,450.0,1224.2,0.0,0.0,96.414,1.352,97.766,34.543,2.211,95.555,emon,0.821,0.662,57.2,26.8,2.134
2026-09-18 00:28:14.005,16.4,0,40,27;39;12;28;0;16;16;2;0;14;22;2;5;29;40;12,1048,1495,1423;1486;1462;1405;1400;1272;1190;1194;1438;1196;1245;1495;1048;1363;1274;1242,4.9,0.0,1202.2,0,0,0,0,0,0.0,0,0,0,0,0,0,0,0,0.0,0,0,0,0,0,98.1,0.0,7490.2,0,0,0,39.1,3.46,0.17,1.48,12.13,25.5,63.4,98.20621194278493,10.856574600387145,20.71417257084566,24.281360167440248,0.4712749878348618,1163.7058823529412,0.0,0.0,0.0,0.0,50.7607301934677,1.5,0.0,0.0,0.0,0.0,450.0,1211.1,0.0,0.0,96.414,1.352,97.766,34.543,2.211,95.555,emon,0.821,0.662,57.2,26.8,2.134
2026-09-18 00:28:15.047,14.8,0,57,40;9;8;25;0;0;28;6;0;0;57;0;7;4;48;4,1033,1868,1330;1315;1259;1225;1137;1141;1235;1353;1272;1248;1411;1868;1104;1120;1204;1033,5.3,0.0,1202.2,0,0,0,0,0,0.0,0,0,0,0,0,0,0,0,0.0,0,0,0,0,0,98.3,0.0,7490.2,0,0,0,40.1,2.79,0.26,3.8,11.44,25.7,63.4,98.20814470563616,12.330597836630686,19.920618057250977,24.420753914969307,0.17001970535410302,1189.7142857142858,0.0,0.0,0.0,0.0,50.17259642609528,0.7,0.0,0.0,0.0,0.0,450.0,1202.2,0.0,0.0,96.414,1.352,97.766,34.543,2.211,95.555,emon,0.821,0.662,57.2,26.8,2.134
2026-09-18 00:28:16.047,32.8,14,67,47;39;25;45;23;14;52;23;19;19;58;19;25;25;67;27,1508,3039,2292;2807;2627;2717;2558;3039;1839;2522;2343;2295;2016;2395;1557;1863;1508;1662,5.3,0.0,1202.2,0,0,0,0,0,0.0,0,0,0,0,0,0,0,0,0.0,0,0,0,0,0,98.3,0.0,7490.2,0,0,0,40.1,2.79,0.26,3.8,11.44,25.6,63.4,98.32384664362127,11.868893132065281,20.77017726320209,24.920070070208926,0.20195204415358603,1181.5757575757575,0.0,0.0,0.0,0.0,50.16375306767948,0.8,0.0,0.0,0.0,0.0,450.0,1202.2,0.0,0.0,47.626,28.775,76.401,87.085,5.573,70.828,emon,0.821,0.678,61.3,28.7,2.136
2026-09-18 00:28:17.047,43.2,5,82,40;43;45;44;55;27;72;63;34;5;45;38;19;16;82;65,1127,1969,1838;1893;1914;1969;1520;1531;1477;1492;1317;1670;1315;1326;1148;1127;1204;1191,5.3,0.0,1216.6,0,0,0,0,0,0.0,0,0,0,0,0,0,0,0,0.0,0,0,0,0,0,74.3,0.0,7490.2,0,0,0,38.1,2.79,0.26,3.8,11.44,25.6,63.4,98.97620132594433,7.942636329861521,21.793774354805066,23.812280340102113,0.7167439294743885,1115.990291262136,0.0,0.0,0.0,0.0,55.67989604580171,0.8,0.0,0.0,0.0,0.0,300.0,1208.3,0.0,0.0,47.626,28.775,76.401,87.085,5.573,70.828,emon,0.821,0.678,61.3,28.7,2.136
2026-09-18 00:28:18.048,23.9,0,92,59;39;23;31;6;2;31;20;0;2;38;12;15;2;92;10,945,2083,1997;2083;1898;1853;1212;1149;1184;1130;1052;945;1207;1103;1170;1179;1263;1136,6.0,0.0,1227.7,0,0,0,0,0,0.0,0,0,0,0,0,0,0,0,0.0,0,0,0,0,0,89.0,0.0,7490.2,0,0,0,39.1,5.29,0.11,6.27,23.72,25.6,63.4,98.32173173882988,9.353373712033369,22.00026017092587,24.437518034088477,0.4602100412607235,1159.112359550562,0.0,0.0,0.0,0.0,51.90622827728813,0.8,0.0,0.0,0.0,0.0,450.0,1227.7,0.0,0.0,47.626,28.775,76.401,87.085,5.573,70.828,emon,0.821,0.678,61.3,28.7,2.136
2026-09-18 00:28:19.048,35.2,14,83,41;41;45;45;14;14;45;41;19;19;39;33;24;25;83;36,1005,2275,2118;2042;2270;2275;1048;1005;1119;1114;1210;1145;1144;1087;1141;1156;1201;1115,5.9,0.0,1235.2,0,0,0,0,0,0.0,0,0,0,0,0,0,0,0,0.0,0,0,0,0,0,97.1,0.0,7490.2,0,0,0,38.1,5.29,0.11,6.27,23.72,25.6,63.4,99.06411688388923,5.757402772723864,21.849754466154636,21.817028801869125,1.0810601090033276,1079.5128205128206,0.0,0.0,0.0,0.0,56.8840394073954,0.9,0.0,0.0,0.0,0.0,450.0,1235.2,0.0,0.0,47.626,28.775,76.401,87.085,5.573,70.828,emon,0.821,0.678,61.3,28.7,2.136
2026-09-18 00:28:20.049,22.4,0,83,48;25;23;32;0;0;49;34;0;0;28;19;3;2;83;12,967,2575,2142;2203;2533;2575;1481;1753;1428;1318;1333;1067;1399;1321;967;1000;1183;979,14.2,0.0,1243.8,0,0,0,0,0,0.0,0,0,0,0,0,0,0,0,0.0,0,0,0,0,0,87.7,0.0,7490.2,0,0,0,38.1,5.29,0.11,6.27,23.72,25.6,63.4,99.18151079641807,8.994329225775358,20.492294498392052,24.682145569775557,0.8394302433116536,1089.3716216216217,0.0,0.0,0.0,0.0,54.78414530377533,1.6,0.0,0.0,0.0,0.0,300.0,1246.9,0.0,0.0,47.626,28.775,76.401,87.085,5.573,70.828,emon,0.821,0.678,61.3,28.7,2.136
2026-09-18 00:28:21.049,23.4,0,71,44;37;30;43;5;0;50;28;0;0;33;5;11;0;71;19,795,2737,2587;2623;2570;2737;1337;2299;1511;1469;1903;1844;1473;1369;959;795;1081;918,19.0,0.0,1244.0,0,0,0,0,0,0.0,0,0,0,0,0,0,0,0,0.0,0,0,0,0,0,100.0,0.0,7490.2,0,0,0,38.1,5.29,0.11,6.27,23.72,25.5,63.4,99.43336894844151,10.477995443193219,25.817162574092045,31.32567292225512,1.5778598257482235,1031.9113924050632,0.0,0.0,0.0,0.0,58.12785657577783,2.3,0.0,0.0,0.0,0.0,250.0,1262.6,0.0,0.0,47.626,28.775,76.401,87.085,5.573,70.828,emon,0.821,0.678,61.3,28.7,2.136
2026-09-18 00:28:22.050,27.9,0,86,41;41;22;52;17;6;46;22;9;0;43;15;11;3;86;32,722,3318,2500;2561;2736;3318;1368;1413;1337;1391;1317;1545;1240;1272;827;722;990;817,19.0,0.0,1244.0,0,0,0,0,0,0.0,0,0,0,0,0,0,0,0,0.0,0,0,0,0,0,100.0,0.0,7490.2,0,0,0,39.1,7.02,0.68,3.38,25.5,25.6,63.4,99.49947277949407,9.237261142445584,32.194359616132886,36.38662349644762,0.8363921867060036,1026.1153846153845,0.0,0.0,0.0,0.0,58.55834467141674,2.9,0.0,0.0,0.0,0.0,300.0,1244.0,0.0,0.0,47.626,28.775,76.401,87.085,5.573,70.828,emon,0.821,0.678,61.3,28.7,2.136
2026-09-18 00:28:23.050,36.5,5,84,51;64;33;84;27;6;39;45;16;5;45;37;12;9;68;42,664,3818,3666;3769;3558;3818;2292;2696;2219;2209;2451;3041;2191;2285;664;670;776;729,27.3,0.0,1266.7,0,0,0,0,0,0.0,0,0,0,0,0,0,0,0,0.0,0,0,0,0,0,93.0,0.0,7490.2,0,0,0,50.1,7.02,0.68,3.38,25.5,25.6,63.4,99.75540155061677,5.696746544491263,23.28402651399769,24.02272221086354,0.5479654068644814,874.4641909814324,0.0,0.0,0.0,0.0,59.13232025899369,3.7,0.0,0.0,0.0,0.0,450.0,1266.7,0.0,0.0,47.626,28.775,76.401,87.085,5.573,70.828,emon,0.821,0.678,61.3,28.7,2.136
2026-09-18 00:28:24.050,27.7,0,82,48;64;33;82;16;0;28;20;8;0;36;22;2;5;55;27,634,3925,3813;3897;3765;3925;2856;3127;2809;2797;2950;3094;2801;2814;634;700;850;719,12.7,0.0,1276.4,0,0,0,0,0,0.0,0,0,0,0,0,0,0,0,0.0,0,0,0,0,0,100.0,0.0,7490.2,0,0,0,54.1,7.02,0.68,3.38,25.5,25.6,63.4,99.65744374318906,4.789085665808092,21.26869251303917,21.9040376744823,1.2788470392622182,849.4043126684636,0.0,0.0,0.0,0.0,57.97534125868603,2.5,0.0,0.0,0.0,0.0,250.0,1278.8,0.0,0.0,47.626,28.775,76.401,87.085,5.573,70.828,emon,0.821,0.678,61.3,28.7,2.136
2026-09-18 00:28:25.062,15.2,0,95,40;9;9;95;0;0;25;6;0;0;33;0;0;0;25;0,576,3979,3780;3682;3663;3979;2540;2510;2672;2553;3208;2599;2719;2965;619;660;846;576,12.1,0.0,1263.8,0,0,0,0,0,0.0,0,0,0,0,0,0,0,0,0.0,0,0,0,0,0,100.0,0.0,7490.2,0,0,0,55.1,7.02,0.68,3.38,25.5,25.7,63.4,99.56486879984537,4.6010604451100034,22.019057008955215,22.278196403715345,1.2511333028417235,932.0555555555555,0.0,0.0,0.0,0.0,56.75584159131265,1.7,0.0,0.0,0.0,0.0,250.0,1263.8,0.0,0.0,47.626,28.775,76.401,87.085,5.573,70.828,emon,0.821,0.678,61.3,28.7,2.136
2026-09-18 00:28:26.063,17.3,0,92,52;25;6;92;0;0;34;3;0;0;35;0;2;0;27;2,495,3933,3817;3673;3620;3933;2723;2685;2687;2396;2894;2309;2581;2319;697;495;814;733,8.8,0.0,1249.5,0,0,0,0,0,0.0,0,0,0,0,0,0,0,0,0.0,0,0,0,0,0,87.1,0.0,7490.2,0,0,0,56.1,16.97,0.36,3.46,33.88,25.6,63.4,98.94329643948174,5.115387422261221,24.553739589649243,24.59615169427334,1.8647473522406728,989.4761904761905,0.0,0.0,0.0,0.0,51.83461173309948,1.4,0.0,0.0,0.0,0.0,250.0,1249.5,0.0,0.0,47.626,28.775,76.401,87.085,5.573,70.828,emon,0.821,0.678,61.3,28.7,2.136
2026-09-18 00:28:27.063,18.3,0,95,48;30;14;95;0;0;33;9;0;0;30;6;6;0;20;2,739,3959,3824;3727;3550;3959;2735;2756;2644;2818;2708;2452;2736;2755;739;763;815;740,10.0,0.0,1245.5,0,0,0,0,0,0.0,0,0,0,0,0,0,0,0,0.0,0,0,0,0,0,86.8,0.0,7490.2,0,0,0,56.1,16.97,0.36,3.46,33.88,25.6,63.4,99.66563449493826,5.864251377443745,24.61685734252407,25.292610952298936,1.6204455142692433,871.6027397260274,0.0,0.0,0.0,0.0,55.62901529799892,1.5,0.0,0.0,0.0,0.0,250.0,1249.5,0.0,0.0,88.837,3.121,91.958,92.838,5.942,86.016,emon,0.799,0.524,48.4,22.7,2.133
2026-09-18 00:28:28.064,20.3,2,86,54;43;12;86;5;2;27;12;2;2;31;11;5;2;29;3,703,3940,3795;3816;3635;3940;2741;3005;2783;2661;2966;3026;2785;3016;742;737;810;703,10.8,0.0,1239.4,0,0,0,0,0,0.0,0,0,0,0,0,0,0,0,0.0,0,0,0,0,0,100.0,0.0,7490.2,0,0,0,55.1,16.97,0.36,3.46,33.88,25.6,63.4,99.49959596175721,4.586354800442743,22.518986494181544,22.657401372600535,1.2914290965210216,957.2402234636871,0.0,0.0,0.0,0.0,56.387455465501,1.9,0.0,0.0,0.0,0.0,250.0,1271.1,0.0,0.0,88.837,3.121,91.958,92.838,5.942,86.016,emon,0.799,0.524,48.4,22.7,2.133
2026-09-18 00:28:29.064,21.0,0,81,51;50;19;81;5;0;30;14;0;2;42;6;0;0;32;5,736,3957,3781;3854;3700;3957;2464;2865;2709;2749;2973;3310;2769;3047;736;753;839;767,10.5,0.0,1250.7,0,0,0,0,0,0.0,0,0,0,0,0,0,0,0,0.0,0,0,0,0,0,99.5,0.0,7490.2,0,0,0,56.1,16.97,0.36,3.46,33.88,25.6,63.4,99.7356544317201,4.753194198012352,22.339829705482305,22.593940928924916,1.0837153885524542,915.1337209302326,0.0,0.0,0.0,0.0,57.51457573805373,1.6,0.0,0.0,0.0,0.0,250.0,1251.9,0.0,0.0,88.837,3.121,91.958,92.838,5.942,86.016,emon,0.799,0.524,48.4,22.7,2.133
2026-09-18 00:28:30.065,26.3,2,94,65;48;18;94;6;9;43;9;8;11;44;17;2;5;31;11,654,3917,3837;3837;3756;3917;2916;3176;2946;2876;3195;2685;2876;3062;654;693;809;762,14.5,0.0,1258.7,0,0,0,0,0,0.0,0,0,0,0,0,0,0,0,0.0,0,0,0,0,0,100.0,0.0,7490.2,0,0,0,55.1,17.35,0.27,3.43,34.02,25.6,63.4,99.73338386583032,5.225749346780481,24.56279780701821,25.483205697551277,1.0915829899683067,909.2484472049689,0.0,0.0,0.0,0.0,57.326179176800366,1.7,0.0,0.0,0.0,0.0,250.0,1249.2,0.0,0.0,88.837,3.121,91.958,92.838,5.942,86.016,emon,0.799,0.524,48.4,22.7,2.133
2026-09-18 00:28:31.066,18.5,0,84,59;55;6;84;0;0;23;9;0;0;27;2;0;0;29;2,637,3899,3848;3899;3617;3891;2720;2524;2781;2932;3127;2228;2750;2773;662;637;838;721,14.9,0.0,1258.7,0,0,0,0,0,0.0,0,0,0,0,0,0,0,0,0.0,0,0,0,0,0,100.0,0.0,7490.2,0,0,0,56.1,17.35,0.27,3.43,34.02,25.6,63.4,99.73548564796677,4.991773511701358,23.956195508648534,24.656067239444056,1.0546531187340618,959.0299401197605,0.0,0.0,0.0,0.0,57.38278304832335,2.2,0.0,0.0,0.0,0.0,250.0,1258.7,0.0,0.0,88.837,3.121,91.958,92.838,5.942,86.016,emon,0.799,0.524,48.4,22.7,2.133
2026-09-18 00:28:32.066,18.9,0,92,44;50;8;92;0;0;31;8;0;0;27;8;0;0;32;3,581,3928,3782;3799;3604;3928;2859;2595;2843;2932;2103;2341;2717;2784;634;581;857;781,15.5,0.0,1253.9,0,0,0,0,0,0.0,0,0,0,0,0,0,0,0,0.0,0,0,0,0,0,89.0,0.0,7490.2,0,0,0,56.1,17.35,0.27,3.43,34.02,25.6,63.4,99.72366474464671,5.057625408955258,23.55149692315099,24.31884646778049,1.047929521891974,925.8996960486322,0.0,0.0,0.0,0.0,57.07250088337798,2.1,0.0,0.0,0.0,0.0,250.0,1260.0,0.0,0.0,88.837,3.121,91.958,92.838,5.942,86.016,emon,0.799,0.524,48.4,22.7,2.133
2026-09-18 00:28:33.066,30.9,5,92,50;62;31;92;9;14;33;22;14;5;48;22;17;12;42;20,714,3899,3858;3849;3740;3899;2890;3029;2873;2944;2845;3096;2838;2979;736;714;779;751,15.5,0.0,1253.9,0,0,0,0,0,0.0,0,0,0,0,0,0,0,0,0.0,0,0,0,0,0,89.0,0.0,7490.2,0,0,0,55.1,17.35,0.27,3.43,34.02,25.6,63.4,99.73959219203614,5.3046123419643525,24.10163214415582,24.94116329642581,1.0384574015391814,919.6948640483383,0.0,0.0,0.0,0.0,57.29477686241404,2.2,0.0,0.0,0.0,0.0,250.0,1239.6,0.0,0.0,88.837,3.121,91.958,92.838,5.942,86.016,emon,0.799,0.524,48.4,22.7,2.133
2026-09-18 00:28:34.067,21.8,3,86,57;44;9;86;6;10;27;8;6;5;42;5;6;3;29;6,664,3922,3830;3812;3655;3922;3087;2916;2823;3071;2955;3232;2707;2820;731;664;841;754,15.9,0.0,1239.6,0,0,0,0,0,0.0,0,0,0,0,0,0,0,0,0.0,0,0,0,0,0,100.0,0.0,7490.2,0,0,0,56.1,18.06,0.34,3.44,34.88,25.6,63.4,99.74265098571777,5.3810742594391465,24.151493738932782,25.017070936869427,1.0409006947554726,864.6626506024096,0.0,0.0,0.0,0.0,57.72237585734082,2.3,0.0,0.0,0.0,0.0,250.0,1254.7,0.0,0.0,88.837,3.121,91.958,92.838,5.942,86.016,emon,0.799,0.524,48.4,22.7,2.133
2026-09-18 00:28:35.067,22.3,2,91,54;40;19;91;8;6;34;10;6;3;34;9;2;2;29;10,697,4038,3925;3880;3811;4038;3061;2911;2565;3009;2967;2975;2527;3038;702;697;805;707,15.2,0.0,1241.8,0,0,0,0,0,0.0,0,0,0,0,0,0,0,0,0.0,0,0,0,0,0,100.0,0.0,7490.2,0,0,0,59.1,18.06,0.34,3.44,34.88,25.6,63.4,99.59825752055751,2.9917211846584473,24.966071667660653,24.28049797795515,1.1379788611993396,992.5840707964602,0.0,0.0,0.0,0.0,56.20828529668197,2.3,0.0,0.0,0.0,0.0,250.0,1303.2,0.0,0.0,88.837,3.121,91.958,92.838,5.942,86.016,emon,0.799,0.524,48.4,22.7,2.133
2026-09-18 00:28:36.068,9.5,0,97,26;0;0;97;0;0;6;0;0;0;8;0;0;0;13;2,787,4316,4155;4281;3921;4316;1553;1302;1556;1861;2585;1641;1591;1752;815;794;787;793,0.5,0.0,1249.8,0,0,0,0,0,0.0,0,0,0,0,0,0,0,0,0.0,0,0,0,0,0,95.9,0.0,7490.2,0,0,0,65.1,18.06,0.34,3.44,34.88,25.6,63.4,98.67786471048991,0.4372417777776718,21.698404332002003,19.442527282983065,2.0418574015299478,924.0,0.0,0.0,0.0,0.0,50.17425531769792,0.5,0.0,0.0,0.0,0.0,250.0,1249.8,0.0,0.0,88.837,3.121,91.958,92.838,5.942,86.016,emon,0.799,0.524,48.4,22.7,2.133
2026-09-18 00:28:37.068,11.7,0,97,48;2;0;97;0;0;18;0;0;0;17;0;0;0;5;0,541,4224,3956;3822;3822;4224;2109;2963;2248;2661;2216;1132;2277;1835;790;541;772;605,0.1,0.0,1249.8,0,0,0,0,0,0.0,0,0,0,0,0,0,0,0,0.0,0,0,0,0,0,100.0,0.0,7490.2,0,0,0,62.1,18.06,0.34,3.44,34.88,25.6,63.4,99.22994567871093,5.139429750442505,35.63851270675659,36.014002599716186,1.470516421396751,932.0,0.0,0.0,0.0,0.0,52.27966920077801,0.0,0.0,0.0,0.0,0.0,250.0,1249.8,0.0,0.0,88.837,3.121,91.958,92.838,5.942,86.016,emon,0.799,0.524,48.4,22.7,2.133
2026-09-18 00:28:38.069,11.2,0,94,29;3;0;94;0;0;25;0;0;0;20;0;0;0;5;3,631,4168,3941;3805;4071;4168;2047;2024;2267;2789;2518;1827;2662;2586;700;631;809;941,1.5,0.0,1247.0,0,0,0,0,0,0.0,0,0,0,0,0,0,0,0,0.0,0,0,0,0,0,100.0,0.0,7490.2,0,0,0,61.1,17.34,0.1,3.41,33.83,25.6,63.4,99.17713797433036,3.3705568960379986,27.603447734741938,26.91140180513972,2.093895777096207,929.0,0.0,0.0,0.0,0.0,52.6379488312861,0.5,0.0,0.0,0.0,0.0,250.0,1247.0,0.0,0.0,88.814,1.051,89.865,15.047,0.963,88.902,emon,0.856,0.569,46.3,21.5,2.15
2026-09-18 00:28:39.071,11.8,0,96,38;11;3;96;0;0;12;2;0;0;20;0;0;2;6;0,704,4243,4036;3886;3768;4243;2875;1878;2350;2755;1343;1532;2189;2437;704;829;800;739,1.0,0.0,1256.5,0,0,0,0,0,0.0,0,0,0,0,0,0,0,0,0.0,0,0,0,0,0,95.5,0.0,7490.2,0,0,0,63.1,17.34,0.1,3.41,33.83,25.7,63.4,99.00331848144532,3.4362634395807983,29.75450688838959,29.498472511172295,2.651070968619315,923.0,0.0,0.0,0.0,0.0,52.18071853518486,0.5,0.0,0.0,0.0,0.0,250.0,1256.5,0.0,0.0,88.814,1.051,89.865,15.047,0.963,88.902,emon,0.856,0.569,46.3,21.5,2.15
2026-09-18 00:28:40.071,11.7,0,78,55;14;0;78;0;0;16;0;0;0;16;0;0;0;9;0,697,4168,4160;3947;3722;4168;2638;1857;2153;2924;2011;1365;2267;2878;697;854;832;845,3.8,0.0,1248.3,0,0,0,0,0,0.0,0,0,0,0,0,0,0,0,0.0,0,0,0,0,0,96.1,0.0,7490.2,0,0,0,64.1,17.34,0.1,3.41,33.83,25.6,63.4,99.3441637337926,4.638201167268387,35.2665939287967,35.779818486916014,2.127706929676288,950.2048192771084,0.0,0.0,0.0,0.0,53.31879434348589,0.9,0.0,0.0,0.0,0.0,250.0,1248.3,0.0,0.0,88.814,1.051,89.865,15.047,0.963,88.902,emon,0.856,0.569,46.3,21.5,2.15
2026-09-18 00:28:41.071,13.3,0,92,47;8;5;92;0;0;20;3;0;0;20;2;0;0;14;2,499,4278,4051;4043;3811;4278;1847;1483;2077;3193;1525;2471;1995;2959;499;611;825;505,4.9,0.0,1254.3,0,0,0,0,0,0.0,0,0,0,0,0,0,0,0,0.0,0,0,0,0,0,96.9,0.0,7490.2,0,0,0,65.1,17.34,0.1,3.41,33.83,25.6,63.4,99.34377764416979,3.3279477622988938,28.91444590184596,28.350051232359625,1.8378206636097476,939.9090909090909,0.0,0.0,0.0,0.0,53.51583250312062,0.1,0.0,0.0,0.0,0.0,250.0,1243.8,0.0,0.0,88.814,1.051,89.865,15.047,0.963,88.902,emon,0.856,0.569,46.3,21.5,2.15
2026-09-18 00:28:42.072,10.4,0,95,36;6;0;95;0;0;12;0;0;0;8;0;0;2;8;0,558,4136,3882;3854;3874;4136;1430;1342;2362;2176;2013;1386;2308;1778;558;910;830;636,6.1,0.0,1241.5,0,0,0,0,0,0.0,0,0,0,0,0,0,0,0,0.0,0,0,0,0,0,96.9,0.0,7490.2,0,0,0,61.1,17.09,0.08,3.42,33.36,25.6,63.4,99.31534262264476,3.667266884665279,28.738701264998493,28.61203863129896,1.526706239074359,926.0588235294117,0.0,0.0,0.0,0.0,52.02169162254123,0.4,0.0,0.0,0.0,0.0,250.0,1254.3,0.0,0.0,88.814,1.051,89.865,15.047,0.963,88.902,emon,0.856,0.569,46.3,21.5,2.15
2026-09-18 00:28:43.072,14.3,0,98,42;16;0;98;0;0;19;0;0;0;22;2;3;0;20;8,677,4088,3941;3793;3720;4088;1492;1740;2376;2631;1696;1616;2280;2234;677;775;830;714,3.2,0.0,1241.5,0,0,0,0,0,0.0,0,0,0,0,0,0,0,0,0.0,0,0,0,0,0,97.2,0.0,7490.2,0,0,0,62.1,17.09,0.08,3.42,33.36,25.6,63.4,99.295825441422,1.7030997363550047,15.454741218013147,12.92643003521427,1.2413603607847754,1017.3870967741935,0.0,0.0,0.0,0.0,51.83015260066717,0.9,0.0,0.0,0.0,0.0,250.0,1241.5,0.0,0.0,88.814,1.051,89.865,15.047,0.963,88.902,emon,0.856,0.569,46.3,21.5,2.15
2026-09-18 00:28:44.072,9.8,0,98,16;12;0;98;0;0;5;3;0;0;0;8;0;0;12;3,580,4163,3879;3980;3900;4163;2113;1379;2122;2106;3091;2152;2343;2037;625;580;806;758,1.1,0.0,1220.2,0,0,0,0,0,0.0,0,0,0,0,0,0,0,0,0.0,0,0,0,0,0,94.7,0.0,7490.2,0,0,0,62.1,17.09,0.08,3.42,33.36,25.6,63.4,96.17699726422627,1.4552857228554785,11.483114898204803,8.939263619482517,0.8431330135693619,1036.5,0.0,0.0,0.0,0.0,50.128750778734684,0.5,0.0,0.0,0.0,0.0,250.0,1249.3,0.0,0.0,88.814,1.051,89.865,15.047,0.963,88.902,emon,0.856,0.569,46.3,21.5,2.15
2026-09-18 00:28:45.072,23.2,8,67,19;67;14;52;16;12;12;38;16;12;8;23;20;17;18;25,729,3803,3204;3803;3774;3641;1923;2277;2152;1954;1735;2080;1866;1834;779;735;729;820,1.1,0.0,1220.2,0,0,0,0,0,0.0,0,0,0,0,0,0,0,0,0.0,0,0,0,0,0,94.7,0.0,7490.2,0,0,0,48.1,17.09,0.08,3.42,33.36,25.6,63.4,99.1444774914339,1.585838780996815,12.896449088361221,10.019230185044295,0.4430454187485459,1018.6531791907514,0.0,0.0,0.0,0.0,50.419361835313325,0.2,0.0,0.0,0.0,0.0,250.0,1241.8,0.0,0.0,88.814,1.051,89.865,15.047,0.963,88.902,emon,0.856,0.569,46.3,21.5,2.15
2026-09-18 00:28:46.073,15.7,0,53,19;35;6;25;5;0;0;53;9;8;0;30;5;8;5;45,876,1983,1983;1604;1760;1521;1170;901;941;1315;1106;1107;876;1223;981;980;993;1253,5.5,0.0,1266.1,0,0,0,0,0,0.0,0,0,0,0,0,0,0,0,0.0,0,0,0,0,0,100.0,0.0,7490.2,0,0,0,36.1,13.24,0.06,3.41,30.06,25.5,63.4,97.44458897908528,0.5498820431530476,19.298986077308655,16.977968980868656,2.0097115437189736,765.6666666666666,0.0,0.0,0.0,0.0,50.341887176036835,0.5,0.0,0.0,0.0,0.0,300.0,1266.1,0.0,0.0,88.814,1.051,89.865,15.047,0.963,88.902,emon,0.856,0.569,46.3,21.5,2.15
2026-09-18 00:28:47.073,12.1,0,77,2;22;2;19;8;0;0;77;0;0;0;24;6;0;0;35,1017,2333,2333;1588;2154;1487;1471;1187;1248;1429;1119;1258;1017;1231;1132;1108;1084;1155,1.3,0.0,1242.6,0,0,0,0,0,0.0,0,0,0,0,0,0,0,0,0.0,0,0,0,0,0,97.0,0.0,7490.2,0,0,0,34.1,13.24,0.06,3.41,30.06,25.5,63.4,97.88842315673828,0.4180276684463024,19.3031982421875,16.31210259348154,1.8308470936259256,931.5,0.0,0.0,0.0,0.0,50.253008264303205,0.1,0.0,0.0,0.0,0.0,450.0,1242.6,0.0,0.0,88.814,1.051,89.865,15.047,0.963,88.902,emon,0.856,0.569,46.3,21.5,2.15
2026-09-18 00:28:48.074,11.5,0,83,2;26;0;20;0;0;0;83;2;0;0;32;0;0;0;20,953,1845,1212;1359;1318;1436;1845;1559;1429;1595;1128;1155;1158;1340;953;955;1080;1135,0.2,0.0,1221.3,0,0,0,0,0,0.0,0,0,0,0,0,0,0,0,0.0,0,0,0,0,0,93.1,0.0,7490.2,0,0,0,34.1,13.24,0.06,3.41,30.06,25.5,63.4,98.09178502936112,0.8032500300109141,11.116992912794414,8.330205983482301,0.6386717479479941,939.7894736842105,0.0,0.0,0.0,0.0,50.66453448781058,0.0,0.0,0.0,0.0,0.0,450.0,1221.3,0.0,0.0,88.814,1.051,89.865,15.047,0.963,88.902,emon,0.856,0.569,46.3,21.5,2.15
2026-09-18 00:28:49.074,12.2,0,57,2;25;2;33;0;0;0;57;0;0;0;46;5;11;0;14,992,1655,1655;1273;1206;1339;1375;1217;1237;1404;1271;1228;1226;1419;992;1231;1005;1094,0.1,0.0,1221.3,0,0,0,0,0,0.0,0,0,0,0,0,0,0,0,0.0,0,0,0,0,0,92.8,0.0,7490.2,0,0,0,34.1,13.24,0.06,3.41,30.06,25.5,63.4,97.0024040222168,0.4228536605834961,20.28345184326172,18.77896194458008,2.5472453594207765,1199.0,0.0,0.0,0.0,0.0,50.24574771523476,0.1,0.0,0.0,0.0,0.0,450.0,1221.3,0.0,0.0,88.814,1.051,89.865,15.047,0.963,88.902,emon,0.856,0.569,46.3,21.5,2.15
2026-09-18 00:28:50.114,13.3,0,74,8;22;6;31;0;0;0;40;2;0;0;74;4;0;0;26,884,3740,3149;2295;3740;2837;2254;1170;1237;1522;1703;1911;1469;1663;884;958;912;1068,5.1,0.0,1264.9,0,0,0,0,0,0.0,0,0,0,0,0,0,0,0,0.0,0,0,0,0,0,99.1,0.0,7490.2,0,0,0,36.1,2.92,0.02,3.35,20.79,25.7,63.4,99.0305663078062,1.6712596438104106,21.177087541549437,18.339183687442734,1.7496096470774407,966.741935483871,0.0,0.0,0.0,0.0,51.887692335632536,0.1,0.0,0.0,0.0,0.0,250.0,1221.3,0.0,0.0,96.591,1.271,97.862,19.788,1.266,96.596,emon,0.826,0.783,56.2,26.4,2.133
2026-09-18 00:28:51.114,10.7,0,77,0;23;0;16;0;0;0;26;0;0;0;77;6;3;0;19,941,2117,1436;1729;1214;1795;1147;1145;1169;1340;2117;1391;1396;1607;1010;1053;941;1144,5.1,0.0,1264.9,0,0,0,0,0,0.0,0,0,0,0,0,0,0,0,0.0,0,0,0,0,0,99.1,0.0,7490.2,0,0,0,34.1,2.92,0.02,3.35,20.79,25.5,63.4,98.30001407199435,0.5941998364610804,20.60326572921541,18.90721539614929,1.499399537841479,1026.7777777777778,0.0,0.0,0.0,0.0,52.94141983923813,0.4,0.0,0.0,0.0,0.0,450.0,1238.5,0.0,0.0,96.591,1.271,97.862,19.788,1.266,96.596,emon,0.826,0.783,56.2,26.4,2.133
2026-09-18 00:28:52.115,11.5,0,73,3;27;0;22;0;0;0;28;0;2;0;73;0;6;0;22,810,2606,1984;2086;2067;2606;1188;1115;1404;1486;1907;1923;2011;1618;939;981;810;1048,0.5,0.0,1224.1,0,0,0,0,0,0.0,0,0,0,0,0,0,0,0,0.0,0,0,0,0,0,92.8,0.0,7490.2,0,0,0,35.1,2.92,0.02,3.35,20.79,25.5,63.4,99.16382644522903,1.0207985571513956,12.962451542544569,8.62720461966645,1.2000464456067341,988.3162393162393,0.0,0.0,0.0,0.0,50.73827211399618,0.3,0.0,0.0,0.0,0.0,250.0,1225.7,0.0,0.0,96.591,1.271,97.862,19.788,1.266,96.596,emon,0.826,0.783,56.2,26.4,2.133
2026-09-18 00:28:53.115,11.6,0,52,9;23;5;23;0;0;0;31;0;0;0;52;0;5;0;37,984,2100,2100;1570;1503;1419;1155;1202;1192;1335;1873;1534;1494;1451;995;984;1007;1196,0.3,0.0,1221.7,0,0,0,0,0,0.0,0,0,0,0,0,0,0,0,0.0,0,0,0,0,0,93.1,0.0,7490.2,0,0,0,34.1,2.92,0.02,3.35,20.79,25.5,63.4,96.63804553536808,0.5529836776721127,11.115822651807,6.580792209681342,1.0081412936834728,999.0,0.0,0.0,0.0,0.0,50.289479178102575,0.2,0.0,0.0,0.0,0.0,450.0,1221.7,0.0,0.0,96.591,1.271,97.862,19.788,1.266,96.596,emon,0.826,0.783,56.2,26.4,2.133
2026-09-18 00:28:54.116,18.1,3,63,5;25;5;29;11;10;5;38;6;5;3;63;17;13;16;40,894,1997,1553;1826;1997;1851;1109;1087;1054;1310;1517;1500;1356;1531;903;894;914;1067,0.2,0.0,1221.7,0,0,0,0,0,0.0,0,0,0,0,0,0,0,0,0.0,0,0,0,0,0,94.4,0.0,7490.2,0,0,0,35.1,2.94,0.02,3.36,20.84,25.5,63.4,98.75865173339844,2.2713675796985626,16.30259680747986,13.684126138687134,0.6481066611595452,942.75,0.0,0.0,0.0,0.0,50.16662475839257,0.0,0.0,0.0,0.0,0.0,250.0,1221.7,0.0,0.0,96.591,1.271,97.862,19.788,1.266,96.596,emon,0.826,0.783,56.2,26.4,2.133
2026-09-18 00:28:55.116,17.1,3,67,18;45;9;38;5;3;6;67;8;5;3;28;6;5;6;22,778,3401,3401;2952;3334;2583;3025;2927;2991;1811;2973;2986;2958;1775;778;784;790;983,1.2,0.0,1204.6,0,0,0,0,0,0.0,0,0,0,0,0,0,0,0,0.0,0,0,0,0,0,95.5,0.0,7490.2,0,0,0,40.1,2.94,0.02,3.36,20.84,25.5,63.4,98.6243644632319,0.8073858290870664,11.759841639508483,8.455464372070887,1.0864751108231083,1132.8709677419354,0.0,0.0,0.0,0.0,50.75885853668054,0.1,0.0,0.0,0.0,0.0,450.0,1204.6,0.0,0.0,96.591,1.271,97.862,19.788,1.266,96.596,emon,0.826,0.783,56.2,26.4,2.133
2026-09-18 00:28:56.116,16.6,2,78,19;54;11;78;8;2;3;23;9;3;6;14;3;3;2;27,688,4101,3995;4069;3999;4101;3217;3373;3345;2829;3100;3374;3368;2826;688;730;705;805,6.9,0.0,1255.4,0,0,0,0,0,0.0,0,0,0,0,0,0,0,0,0.0,0,0,0,0,0,99.0,0.0,7490.2,0,0,0,57.1,2.94,0.02,3.36,20.84,25.2,63.4,99.38785272216796,2.6136121715344487,19.968191895484924,18.469338893651962,1.2165220211967827,873.0,0.0,0.0,0.0,0.0,53.91201243144274,0.6,0.0,0.0,0.0,0.0,250.0,1248.3,0.0,0.0,96.591,1.271,97.862,19.788,1.266,96.596,emon,0.826,0.783,56.2,26.4,2.133
2026-09-18 00:28:57.117,11.5,0,85,3;85;2;38;0;0;2;17;0;0;0;12;3;0;0;21,487,4277,3993;4277;4082;4193;2283;1556;2249;1876;2827;2518;2786;1912;710;562;487;800,0.3,0.0,1247.4,0,0,0,0,0,0.0,0,0,0,0,0,0,0,0,0.0,0,0,0,0,0,94.6,0.0,7490.2,0,0,0,64.1,2.94,0.02,3.36,20.84,25.2,63.4,98.36440467834473,0.40810644486919045,10.72304767370224,9.174952682107687,1.1895291805267334,749.0,0.0,0.0,0.0,0.0,50.21212273091078,0.5,0.0,0.0,0.0,0.0,250.0,1255.4,0.0,0.0,96.591,1.271,97.862,19.788,1.266,96.596,emon,0.826,0.783,56.2,26.4,2.133
2026-09-18 00:28:58.118,9.7,0,92,2;92;2;23;0;0;0;19;0;0;0;9;0;0;0;8,514,4251,4035;4251;4013;4129;1828;2259;1511;1927;2465;2939;1303;1941;630;548;514;698,0.4,0.0,1257.5,0,0,0,0,0,0.0,0,0,0,0,0,0,0,0,0.0,0,0,0,0,0,100.0,0.0,7490.2,0,0,0,65.1,13.39,0.08,3.38,30.26,25.2,63.4,98.73649978637695,3.816664695739746,25.470182418823242,21.98140525817871,0.0004230386985000223,1199.0,0.0,0.0,0.0,0.0,50.12413354963064,0.0,0.0,0.0,0.0,0.0,250.0,1247.4,0.0,0.0,96.591,1.271,97.862,19.788,1.266,96.596,emon,0.826,0.783,56.2,26.4,2.133
2026-09-18 00:28:59.118,8.7,0,83,0;83;0;36;0;0;0;9;0;0;0;6;0;0;0;5,462,4342,4339;4342;3660;4192;1415;1262;1264;1470;1230;1259;1243;1670;621;462;474;650,0.4,0.0,1257.5,0,0,0,0,0,0.0,0,0,0,0,0,0,0,0,0.0,0,0,0,0,0,100.0,0.0,7490.2,0,0,0,68.1,13.39,0.08,3.38,30.26,25.2,63.4,98.49166679382324,0.42918413830921054,20.18978288769722,17.523151487112045,1.7822645902633667,999.0,0.0,0.0,0.0,0.0,50.16661513224244,0.0,0.0,0.0,0.0,0.0,250.0,1257.5,0.0,0.0,96.591,1.271,97.862,19.788,1.266,96.596,emon,0.826,0.783,56.2,26.4,2.133
2026-09-18 00:29:00.119,12.0,0,83,4;83;6;43;4;0;0;12;3;3;0;12;4;3;3;9,680,4303,4231;4303;4204;4179;2684;2690;3235;1985;2636;2463;3125;2057;721;680;710;752,0.0,0.0,1257.5,0,0,0,0,0,0.0,0,0,0,0,0,0,0,0,0.0,0,0,0,0,0,95.2,0.0,7490.2,0,0,0,65.1,13.39,0.08,3.38,30.26,25.2,63.4,98.61234054565429,0.529691019654274,21.208845949172975,19.059943720698357,1.852618469297886,1014.0,0.0,0.0,0.0,0.0,50.143165327608585,0.0,0.0,0.0,0.0,0.0,250.0,1257.5,0.0,0.0,96.591,1.271,97.862,19.788,1.266,96.596,emon,0.826,0.783,56.2,26.4,2.133
2026-09-18 00:29:01.119,18.4,3,84,16;84;8;60;6;6;5;31;6;8;10;22;5;3;3;20,662,4192,4089;4192;4069;4112;3115;3074;3318;2695;3152;3195;3248;2626;722;714;662;794,1.1,0.0,1240.5,0,0,0,0,0,0.0,0,0,0,0,0,0,0,0,0.0,0,0,0,0,0,100.0,0.0,7490.2,0,0,0,63.1,13.39,0.08,3.38,30.26,25.3,63.4,99.08351956881009,3.4420569858585415,26.37590555044321,25.00068477025399,1.748520498450559,854.7692307692307,0.0,0.0,0.0,0.0,50.13162476512102,0.2,0.0,0.0,0.0,0.0,250.0,1242.7,0.0,0.0,96.591,1.271,97.862,19.788,1.266,96.596,emon,0.826,0.783,56.2,26.4,2.133
2026-09-18 00:29:02.120,11.0,0,85,9;85;0;42;0;0;0;15;2;0;0;12;0;2;2;8,600,4301,3929;4301;3800;4122;2474;1290;1335;2038;1531;2194;1291;2085;600;834;899;715,0.4,0.0,1237.8,0,0,0,0,0,0.0,0,0,0,0,0,0,0,0,0.0,0,0,0,0,0,100.0,0.0,7490.2,0,0,0,65.1,13.39,0.08,3.38,30.26,25.2,63.4,99.4733972354811,1.0519206410425963,10.491302178830516,8.705197946757686,0.7889176143371329,903.0816326530612,0.0,0.0,0.0,0.0,51.27810133035694,0.1,0.0,0.0,0.0,0.0,250.0,1237.8,0.0,0.0,88.328,1.276,89.604,11.677,0.747,88.857,emon,0.857,0.581,48.1,22.5,2.135
2026-09-18 00:29:03.120,10.8,0,85,8;45;3;85;0;0;0;16;0;0;0;9;0;0;0;6,534,4157,3857;4052;3755;4157;1903;1665;1621;2278;2810;3162;1824;2258;554;735;534;809,3.1,0.0,1237.8,0,0,0,0,0,0.0,0,0,0,0,0,0,0,0,0.0,0,0,0,0,0,96.6,0.0,7490.2,0,0,0,63.1,13.39,0.08,3.38,30.26,25.2,63.4,99.35024007161458,1.3921890979632736,14.926036637624104,13.403563833038012,1.3348287105513736,987.0,0.0,0.0,0.0,0.0,52.8508165148894,0.2,0.0,0.0,0.0,0.0,250.0,1237.8,0.0,0.0,88.328,1.276,89.604,11.677,0.747,88.857,emon,0.857,0.581,48.1,22.5,2.135
2026-09-18 00:29:04.120,10.1,0,100,2;23;0;100;0;0;0;8;2;0;0;11;0;0;0;16,505,4302,3920;4101;3959;4302;2271;1209;1294;1574;2923;1585;1270;1790;644;659;505;818,1.6,0.0,1236.1,0,0,0,0,0,0.0,0,0,0,0,0,0,0,0,0.0,0,0,0,0,0,94.6,0.0,7490.2,0,0,0,66.1,13.39,0.08,3.38,30.26,25.2,63.4,98.54166564941406,0.5664051244035363,21.065772473812103,18.808586589992046,1.7081236362457275,754.0,0.0,0.0,0.0,0.0,50.178514164686206,0.4,0.0,0.0,0.0,0.0,250.0,1236.1,0.0,0.0,88.328,1.276,89.604,11.677,0.747,88.857,emon,0.857,0.581,48.1,22.5,2.135
2026-09-18 00:29:05.121,9.7,0,100,0;22;0;100;0;0;0;14;0;0;0;8;0;2;0;11,648,4272,4161;4114;4049;4272;1754;1826;2962;2042;1397;1352;1304;1973;819;857;648;802,0.4,0.0,1228.1,0,0,0,0,0,0.0,0,0,0,0,0,0,0,0,0.0,0,0,0,0,0,93.9,0.0,7490.2,0,0,0,64.1,13.39,0.08,3.38,30.26,25.2,63.4,98.96961212158203,3.3669799708158656,31.205309317392462,30.74955488653744,1.7330454779405366,1047.5294117647059,0.0,0.0,0.0,0.0,50.12156094347729,0.0,0.0,0.0,0.0,0.0,250.0,1228.1,0.0,0.0,88.328,1.276,89.604,11.677,0.747,88.857,emon,0.857,0.581,48.1,22.5,2.135
2026-09-18 00:29:06.122,11.0,2,96,8;16;3;96;2;2;2;12;3;3;2;9;3;2;2;13,656,4350,4069;4139;4031;4350;1101;942;939;1788;2846;1107;947;2232;713;656;705;827,0.4,0.0,1228.1,0,0,0,0,0,0.0,0,0,0,0,0,0,0,0,0.0,0,0,0,0,0,94.2,0.0,7490.2,0,0,0,64.1,0.0,0.0,0.0,0.0,25.2,63.4,98.97459665934245,0.5251426994800568,25.703229904174805,22.953209559122723,2.562654495239258,1015.6666666666666,0.0,0.0,0.0,0.0,50.11994015177091,0.2,0.0,0.0,0.0,0.0,250.0,1228.1,0.0,0.0,88.328,1.276,89.604,11.677,0.747,88.857,emon,0.857,0.581,48.1,22.5,2.135
2026-09-18 00:29:07.122,10.1,0,66,2;66;3;58;0;0;0;9;0;0;0;11;5;0;0;8,503,4250,3644;4250;3634;4173;2351;1304;1490;1984;2027;1612;1451;2109;755;503;546;816,3.4,0.0,1236.4,0,0,0,0,0,0.0,0,0,0,0,0,0,0,0,0.0,0,0,0,0,0,96.4,0.0,7490.2,0,0,0,65.1,0.0,0.0,0.0,0.0,25.2,63.4,99.34418433694279,2.2341350539532656,20.58834656967836,19.02768859091927,1.824888868920286,1004.2941176470588,0.0,0.0,0.0,0.0,55.637304685571614,0.3,0.0,0.0,0.0,0.0,250.0,1236.4,0.0,0.0,88.328,1.276,89.604,11.677,0.747,88.857,emon,0.857,0.581,48.1,22.5,2.135
2026-09-18 00:29:08.123,10.3,0,65,10;65;2;52;0;0;0;11;0;2;0;16;0;0;0;8,556,4280,4172;4280;3898;4192;1576;1275;1494;2106;1922;1188;1142;2170;706;556;591;771,0.1,0.0,1236.4,0,0,0,0,0,0.0,0,0,0,0,0,0,0,0,0.0,0,0,0,0,0,94.2,0.0,7490.2,0,0,0,63.1,0.0,0.0,0.0,0.0,25.2,63.4,99.32806460062663,3.450724901165813,27.06279186407725,26.78656529386838,1.0636111416582328,999.0,0.0,0.0,0.0,0.0,54.6136345124493,0.0,0.0,0.0,0.0,0.0,250.0,1236.4,0.0,0.0,88.328,1.276,89.604,11.677,0.747,88.857,emon,0.857,0.581,48.1,22.5,2.135
2026-09-18 00:29:09.124,9.3,0,96,3;17;2;96;0;0;0;11;2;0;0;12;0;0;0;8,623,4332,3404;3984;4101;4332;1805;1367;1492;2085;3114;2852;2404;2105;623;632;684;772,0.5,0.0,1236.4,0,0,0,0,0,0.0,0,0,0,0,0,0,0,0,0.0,0,0,0,0,0,100.0,0.0,7490.2,0,0,0,65.1,0.0,0.0,0.0,0.0,25.2,63.4,99.33082287128155,1.5952869431760448,16.58369197478661,14.840160212149987,1.7878352134022861,889.0,0.0,0.0,0.0,0.0,52.5500293267461,0.3,0.0,0.0,0.0,0.0,250.0,1236.4,0.0,0.0,88.328,1.276,89.604,11.677,0.747,88.857,emon,0.857,0.581,48.1,22.5,2.135
2026-09-18 00:29:10.125,8.8,0,98,3;22;0;98;0;0;0;6;0;0;0;8;0;0;0;3,538,4320,3894;3966;4320;4301;1321;1262;1239;1783;1763;1241;1253;1947;595;538;793;658,0.0,0.0,1232.4,0,0,0,0,0,0.0,0,0,0,0,0,0,0,0,0.0,0,0,0,0,0,0.0,0.0,7490.2,0,0,0,64.1,17.3,0.03,3.4,33.58,25.2,63.4,98.51761372884114,0.5617180659125248,19.787740608056385,17.562251364191372,1.5705420573552449,765.6666666666666,0.0,0.0,0.0,0.0,50.53271668901046,0.0,0.0,0.0,0.0,0.0,250.0,1232.4,0.0,0.0,88.328,1.276,89.604,11.677,0.747,88.857,emon,0.857,0.581,48.1,22.5,2.135
2026-09-18 00:29:11.126,9.7,0,97,0;27;0;97;0;0;0;8;0;0;0;11;3;0;0;9,470,4350,4026;3967;4251;4350;1524;1256;1256;1873;1724;1915;1739;1784;826;532;470;717,0.0,0.0,1236.4,0,0,0,0,0,0.0,0,0,0,0,0,0,0,0,0.0,0,0,0,0,0,100.0,0.0,7490.2,0,0,0,65.1,17.3,0.03,3.4,33.58,25.2,63.4,98.8118995666504,0.43791154194623233,21.679518353939056,19.190480710566042,1.911792230606079,1084.0,0.0,0.0,0.0,0.0,50.323718793690205,0.0,0.0,0.0,0.0,0.0,250.0,1236.4,0.0,0.0,88.328,1.276,89.604,11.677,0.747,88.857,emon,0.857,0.581,48.1,22.5,2.135
2026-09-18 00:29:12.126,8.1,0,97,0;19;0;97;0;0;0;12;0;0;0;0;2;0;0;0,604,4316,3417;4095;3945;4316;1323;1603;1012;1562;1099;1278;1236;1562;874;669;646;604,0.0,0.0,1236.4,0,0,0,0,0,0.0,0,0,0,0,0,0,0,0,0.0,0,0,0,0,0,100.0,0.0,7490.2,0,0,0,65.1,17.3,0.03,3.4,33.58,25.2,63.4,98.70657893589565,1.355205028650484,21.589841859681265,19.213145159184933,2.0646612963506152,1163.2857142857142,0.0,0.0,0.0,0.0,50.295618548989296,0.0,0.0,0.0,0.0,0.0,250.0,1232.4,0.0,0.0,88.328,1.276,89.604,11.677,0.747,88.857,emon,0.857,0.581,48.1,22.5,2.135
2026-09-18 00:29:13.127,10.9,0,96,0;38;2;96;0;0;0;20;0;0;0;12;2;0;0;5,527,4262,3859;4046;4034;4262;1315;1704;1237;2098;2002;1353;1333;2141;871;780;527;741,0.0,0.0,1232.4,0,0,0,0,0,0.0,0,0,0,0,0,0,0,0,0.0,0,0,0,0,0,93.5,0.0,7490.2,0,0,0,65.1,17.3,0.03,3.4,33.58,25.2,63.4,98.8559833873402,0.4717736364426938,17.79964664849368,16.009233199737288,1.886738820509477,858.0909090909091,0.0,0.0,0.0,0.0,47.09448377110741,0.0,0.0,0.0,0.0,0.0,250.0,1232.4,0.0,0.0,88.328,1.276,89.604,11.677,0.747,88.857,emon,0.857,0.581,48.1,22.5,2.135
2026-09-18 00:29:14.127,11.4,0,79,12;39;2;79;5;0;0;10;8;2;0;3;5;2;0;16,494,4196,3949;4002;3931;4196;2072;2789;2419;2862;2303;1636;1912;2650;771;796;494;788,5.1,0.0,1223.6,0,0,0,0,0,0.0,0,0,0,0,0,0,0,0,0.0,0,0,0,0,0,97.1,0.0,7490.2,0,0,0,63.1,17.2,0.04,3.41,33.42,25.2,63.4,99.41518826918168,1.515852087558332,15.137935276735913,13.40370471910997,1.5248088664758888,971.1590909090909,0.0,0.0,0.0,0.0,53.79998611853543,0.8,0.0,0.0,0.0,0.0,250.0,1238.1,0.0,0.0,89.057,1.274,90.331,11.571,0.741,89.59,emon,0.856,0.676,45.6,21.3,2.141
2026-09-18 00:29:15.128,13.5,0,97,38;20;2;97;12;0;0;0;26;0;0;0;14;0;0;6,521,4140,3886;3609;3649;4140;2509;3209;1454;1345;2635;3008;2505;1709;794;521;728;612,0.7,0.0,1238.1,0,0,0,0,0,0.0,0,0,0,0,0,0,0,0,0.0,0,0,0,0,0,93.8,0.0,7490.2,0,0,0,62.1,17.2,0.04,3.41,33.42,25.2,63.4,99.37216918109215,3.419301102333383,26.487437018792924,26.26378568200624,1.3689388923158818,984.6164383561644,0.0,0.0,0.0,0.0,52.27117906965009,0.9,0.0,0.0,0.0,0.0,250.0,1259.2,0.0,0.0,89.057,1.274,90.331,11.571,0.741,89.59,emon,0.856,0.676,45.6,21.3,2.141
2026-09-18 00:29:16.129,11.3,0,92,35;5;0;92;19;0;0;0;9;0;0;0;9;0;0;12,498,4249,4054;3980;3691;4249;2105;2359;2593;1527;2205;2465;2076;1678;865;498;566;596,0.0,0.0,1259.2,0,0,0,0,0,0.0,0,0,0,0,0,0,0,0,0.0,0,0,0,0,0,100.0,0.0,7490.2,0,0,0,66.1,17.2,0.04,3.41,33.42,25.2,63.4,99.34786885579427,2.991839116066694,25.66012700398763,24.645484981934228,1.5568686445398876,872.3333333333334,0.0,0.0,0.0,0.0,53.7225255039831,0.1,0.0,0.0,0.0,0.0,250.0,1259.2,0.0,0.0,89.057,1.274,90.331,11.571,0.741,89.59,emon,0.856,0.676,45.6,21.3,2.141
2026-09-18 00:29:17.129,8.9,0,76,76;3;0;38;11;0;0;0;6;0;0;0;3;2;0;3,618,4305,4305;3979;3343;4142;1805;2513;1499;1647;1869;1586;1325;1250;844;768;844;618,4.2,0.0,1259.2,0,0,0,0,0,0.0,0,0,0,0,0,0,0,0,0.0,0,0,0,0,0,96.7,0.0,7490.2,0,0,0,66.1,17.2,0.04,3.41,33.42,25.2,63.4,99.30387582778931,2.3330749600427225,22.89543941617012,21.449134326912464,1.8573710743628908,1053.375,0.0,0.0,0.0,0.0,52.7878319658339,0.4,0.0,0.0,0.0,0.0,250.0,1259.2,0.0,0.0,89.057,1.274,90.331,11.571,0.741,89.59,emon,0.856,0.676,45.6,21.3,2.141
2026-09-18 00:29:18.144,14.1,0,77,77;11;3;73;17;0;0;0;22;5;0;0;14;2;0;3,624,4467,4376;4467;4416;4453;2396;1676;2168;1437;2590;2744;2118;1800;1044;725;624;824,2.4,0.0,1259.2,0,0,0,0,0,0.0,0,0,0,0,0,0,0,0,0.0,0,0,0,0,0,96.2,0.0,7490.2,0,0,0,77.1,16.97,0.06,3.41,33.34,25.2,63.4,96.55325698852539,0.6569894049316645,10.2033212184906,6.337136209011078,1.0776850581169128,880.25,0.0,0.0,0.0,0.0,50.34059642255306,0.2,0.0,0.0,0.0,0.0,450.0,1259.2,0.0,0.0,89.057,1.274,90.331,11.571,0.741,89.59,emon,0.856,0.676,45.6,21.3,2.141
2026-09-18 00:29:19.145,18.5,0,86,73;19;9;86;45;0;0;0;23;2;0;0;34;3;2;0,1045,4682,4654;4596;4682;4625;2957;3411;3162;3149;2500;2908;3086;3328;2529;1045;1516;1381,1.5,0.0,1264.2,0,0,0,0,0,0.0,0,0,0,0,0,0,0,0,0.0,0,0,0,0,0,0.0,0.0,7490.2,0,0,0,93.1,16.97,0.06,3.41,33.34,25.2,63.4,98.36047921529631,2.111919472448346,24.892523646354675,23.515910501523717,1.5132176196969274,1135.5853658536585,0.0,0.0,0.0,0.0,51.430917930130555,0.1,0.0,0.0,0.0,0.0,450.0,1264.2,0.0,0.0,89.057,1.274,90.331,11.571,0.741,89.59,emon,0.856,0.676,45.6,21.3,2.141
2026-09-18 00:29:20.145,14.8,0,88,83;11;9;88;17;0;0;0;22;2;0;0;2;3;0;0,990,4644,4644;4565;4562;4620;2669;3091;2619;2355;2412;3414;3238;3007;1339;1179;1022;990,0.5,0.0,1268.6,0,0,0,0,0,0.0,0,0,0,0,0,0,0,0,0.0,0,0,0,0,0,0.0,0.0,7490.2,0,0,0,95.1,16.97,0.06,3.41,33.34,25.2,63.4,98.32478120591905,0.8681200459185574,20.18641236093309,16.331418852839207,1.5619826278998516,1093.4444444444443,0.0,0.0,0.0,0.0,50.199144542217255,0.5,0.0,0.0,0.0,0.0,450.0,1268.6,0.0,0.0,89.057,1.274,90.331,11.571,0.741,89.59,emon,0.856,0.676,45.6,21.3,2.141
2026-09-18 00:29:21.145,14.8,0,85,85;9;22;85;15;0;0;0;14;0;0;0;6;0;0;0,995,4623,4603;4477;4575;4623;2551;3263;2575;3016;2335;3377;2855;3103;1577;1061;995;1060,0.2,0.0,1247.8,0,0,0,0,0,0.0,0,0,0,0,0,0,0,0,0.0,0,0,0,0,0,0.0,0.0,7490.2,0,0,0,98.1,16.97,0.06,3.41,33.34,25.2,63.4,98.25905374380258,1.218352467036591,21.016409452144917,18.822714948883423,1.2521397745988976,1199.0,0.0,0.0,0.0,0.0,46.496473896961945,0.2,0.0,0.0,0.0,0.0,450.0,1247.8,0.0,0.0,89.057,1.274,90.331,11.571,0.741,89.59,emon,0.856,0.676,45.6,21.3,2.141
2026-09-18 00:29:22.146,15.1,0,83,83;6;20;82;14;0;0;0;21;0;0;0;8;2;0;6,1056,4638,4638;4550;4578;4571;2371;3101;1749;1488;2684;2846;2347;1634;1371;1056;1059;1077,0.1,0.0,1243.8,0,0,0,0,0,0.0,0,0,0,0,0,0,0,0,0.0,0,0,0,0,0,0.0,0.0,7490.2,0,0,0,97.1,33.08,0.04,0.43,36.39,25.2,63.4,97.83636856079102,0.6273647643004855,21.39939562479655,19.42834697663784,1.1103137334187825,982.3333333333334,0.0,0.0,0.0,0.0,50.234071577588715,0.0,0.0,0.0,0.0,0.0,450.0,1243.8,0.0,0.0,89.057,1.274,90.331,11.571,0.741,89.59,emon,0.856,0.676,45.6,21.3,2.141
2026-09-18 00:29:23.146,10.6,0,86,86;0;3;60;10;0;0;0;5;0;0;0;5;0;0;0,986,4673,4673;4577;4501;4624;2449;2064;1966;1559;2198;3333;1588;2147;1385;1281;986;1055,0.1,0.0,1243.8,0,0,0,0,0,0.0,0,0,0,0,0,0,0,0,0.0,0,0,0,0,0,0.0,0.0,7490.2,0,0,0,88.1,33.08,0.04,0.43,36.39,25.2,63.4,98.10143203735352,0.4158165005967021,22.780057883262636,19.74568424373865,2.231410801410675,1199.0,0.0,0.0,0.0,0.0,50.20927260220051,0.0,0.0,0.0,0.0,0.0,450.0,1243.8,0.0,0.0,89.057,1.274,90.331,11.571,0.741,89.59,emon,0.856,0.676,45.6,21.3,2.141
2026-09-18 00:29:24.147,9.4,0,78,78;2;2;36;9;0;0;0;11;3;0;0;8;2;0;2,934,4729,4724;4729;4715;4726;1327;1651;1223;1361;1546;1238;1371;1596;1445;934;940;1039,0.1,0.0,1243.8,0,0,0,0,0,0.0,0,0,0,0,0,0,0,0,0.0,0,0,0,0,0,0.0,0.0,7490.2,0,0,0,82.1,33.08,0.04,0.43,36.39,25.2,63.4,97.32740090110086,0.3941101214255799,20.290498180822894,18.23190654407848,1.5211187831062654,962.6363636363636,0.0,0.0,0.0,0.0,46.150750517845154,0.0,0.0,0.0,0.0,0.0,450.0,1243.8,0.0,0.0,89.057,1.274,90.331,11.571,0.741,89.59,emon,0.856,0.676,45.6,21.3,2.141
2026-09-18 00:29:25.147,7.3,0,75,75;2;2;31;2;0;0;0;5;0;0;0;2;0;0;0,944,4729,4724;4729;2549;4584;1497;1264;1232;1264;1726;1214;1242;1214;1178;944;999;1037,0.1,0.0,1243.8,0,0,0,0,0,0.0,0,0,0,0,0,0,0,0,0.0,0,0,0,0,0,0.0,0.0,7490.2,0,0,0,80.1,33.08,0.04,0.43,36.39,25.2,63.4,98.30882358551025,0.5328216145280749,20.708238899707794,18.47941029444337,1.5336498618125916,711.5,0.0,0.0,0.0,0.0,50.51091158017516,0.0,0.0,0.0,0.0,0.0,450.0,1243.8,0.0,0.0,89.057,1.274,90.331,11.571,0.741,89.59,emon,0.856,0.676,45.6,21.3,2.141
2026-09-18 00:29:26.147,15.7,2,77,77;15;9;54;25;6;5;2;20;8;3;5;12;2;2;8,1726,4698,4698;4664;4613;4697;2714;3279;3319;3290;2703;3237;3299;3383;1868;2642;2582;1726,0.0,0.0,1243.8,0,0,0,0,0,0.0,0,0,0,0,0,0,0,0,0.0,0,0,0,0,0,0.0,0.0,7490.2,0,0,0,78.1,25.17,0.0,0.32,27.3,25.3,63.4,98.50978862295905,2.1102149991867996,21.01260741237256,18.60430790827,0.5957026260695797,1171.3021582733813,0.0,0.0,0.0,0.0,54.996734372896256,0.1,0.0,0.0,0.0,0.0,450.0,1227.6,0.0,0.0,89.057,1.274,90.331,11.571,0.741,89.59,emon,0.856,0.676,45.6,21.3,2.141
2026-09-18 00:29:27.148,12.0,0,86,36;11;2;86;30;0;0;0;12;5;0;0;6;0;0;3,950,4727,4686;4697;4666;4727;2480;2779;2372;3045;2265;3209;2979;2779;1284;950;1471;1028,7.9,0.0,1265.5,0,0,0,0,0,0.0,0,0,0,0,0,0,0,0,0.0,0,0,0,0,0,0.0,0.0,7490.2,0,0,0,78.1,25.17,0.0,0.32,27.3,25.3,63.4,99.28858755755898,1.8626937318210866,18.78957582309546,15.127681768493147,1.3736074603115147,1095.8543046357615,0.0,0.0,0.0,0.0,58.044920478336856,1.2,0.0,0.0,0.0,0.0,450.0,1242.8,0.0,0.0,0.425,0.667,1.092,13.03,0.834,0.258,emon,0.919,0.952,27.3,22.0,1.24
2026-09-18 00:29:28.148,12.3,3,97,15;11;5;97;21;3;3;3;12;3;3;3;5;5;3;5,1567,4629,4441;4576;4629;4510;2102;3399;3395;3368;1972;3347;3367;3385;1947;1929;2719;1567,2.6,0.0,1242.8,0,0,0,0,0,0.0,0,0,0,0,0,0,0,0,0.0,0,0,0,0,0,0.0,0.0,7490.2,0,0,0,71.1,25.17,0.0,0.32,27.3,25.3,63.4,98.71320343017578,0.09436154122138682,10.047467094257565,3.2602159581118566,1.246072138973906,1050.5337423312883,0.0,0.0,0.0,0.0,53.815940999820185,0.3,0.0,0.0,0.0,0.0,250.0,1229.7,0.0,0.0,0.425,0.667,1.092,13.03,0.834,0.258,emon,0.919,0.952,27.3,22.0,1.24
2026-09-18 00:29:29.148,9.3,0,95,19;3;0;95;15;0;0;0;9;0;0;0;3;0;2;3,608,4352,4192;4255;4352;4338;1751;3003;1330;1382;1680;1516;1414;1235;920;828;788;608,0.2,0.0,1229.7,0,0,0,0,0,0.0,0,0,0,0,0,0,0,0,0.0,0,0,0,0,0,98.4,0.0,7490.2,0,0,0,66.1,25.17,0.0,0.32,27.3,25.3,63.4,98.59603958129883,0.5206020012497902,19.653150033950805,17.046713151037693,2.3597495555877686,1089.0,0.0,0.0,0.0,0.0,50.13969279676676,0.0,0.0,0.0,0.0,0.0,250.0,1229.7,0.0,0.0,0.425,0.667,1.092,13.03,0.834,0.258,emon,0.919,0.952,27.3,22.0,1.24
2026-09-18 00:29:30.149,8.8,0,94,25;0;0;94;11;0;0;0;5;0;0;0;5;0;2;0,538,4349,4151;3754;4346;4349;1373;1211;1075;1188;1492;1817;1503;1266;905;538;738;615,0.0,0.0,1229.7,0,0,0,0,0,0.0,0,0,0,0,0,0,0,0,0.0,0,0,0,0,0,100.0,0.0,7490.2,0,0,0,67.1,21.46,0.07,6.82,32.74,25.3,63.4,98.94265747070312,0.4794891644269228,22.216826689243316,20.19625883549452,2.0408363126596667,1134.0,0.0,0.0,0.0,0.0,50.11854003369808,0.0,0.0,0.0,0.0,0.0,250.0,1229.7,0.0,0.0,0.425,0.667,1.092,13.03,0.834,0.258,emon,0.919,0.952,27.3,22.0,1.24
2026-09-18 00:29:31.150,9.5,0,96,21;5;2;96;9;0;0;0;5;0;0;0;3;0;0;12,550,4298,4036;4038;3629;4298;1764;1250;1192;1102;1622;1389;1238;1196;922;594;550;588,0.0,0.0,1229.7,0,0,0,0,0,0.0,0,0,0,0,0,0,0,0,0.0,0,0,0,0,0,100.0,0.0,7512.5,0,0,0,65.1,21.46,0.07,6.82,32.74,25.4,63.4,98.67096328735352,0.6178367011016235,22.2232383787632,20.079917138442397,1.4606604650616646,774.0,0.0,0.0,0.0,0.0,50.18328541330993,0.0,0.0,0.0,0.0,0.0,250.0,1229.7,0.0,0.0,0.425,0.667,1.092,13.03,0.834,0.258,emon,0.919,0.952,27.3,22.0,1.24
2026-09-18 00:29:32.150,21.0,0,91,44;30;16;91;64;11;0;0;27;15;0;2;33;0;0;3,591,3903,3776;3767;3883;3903;3110;3196;3081;2942;2826;3008;3149;3043;781;630;656;591,10.7,0.0,1269.2,0,0,0,0,0,0.0,0,0,0,0,0,0,0,0,0.0,0,0,0,0,0,100.0,0.0,7512.5,0,0,0,55.1,21.46,0.07,6.82,32.74,25.5,63.4,90.7697204548737,3.6293586443338928,31.067762392964855,30.444635026824887,1.727269152984834,967.6206896551724,0.0,0.0,0.0,0.0,51.91780502655833,1.0,0.0,0.0,0.0,0.0,250.0,1270.3,0.0,0.0,0.425,0.667,1.092,13.03,0.834,0.258,emon,0.919,0.952,27.3,22.0,1.24
2026-09-18 00:29:33.151,13.8,0,91,46;6;2;91;34;2;0;0;16;2;0;0;8;2;3;12,628,4112,3934;3783;3770;4112;2614;2504;2768;2986;2426;2805;2640;2996;770;734;640;628,13.0,0.0,1264.4,0,0,0,0,0,0.0,0,0,0,0,0,0,0,0,0.0,0,0,0,0,0,100.0,0.0,7512.5,0,0,0,59.1,21.46,0.07,6.82,32.74,25.5,63.4,99.30428286296565,4.36956174496743,32.96350061602709,33.036420140324566,2.383920342710775,955.0975609756098,0.0,0.0,0.0,0.0,52.740348552058386,2.0,0.0,0.0,0.0,0.0,250.0,1264.4,0.0,0.0,0.425,0.667,1.092,13.03,0.834,0.258,emon,0.919,0.952,27.3,22.0,1.24
2026-09-18 00:29:34.151,12.6,0,94,26;5;0;94;16;0;0;0;12;2;0;0;45;3;0;0,579,4207,3924;4047;3943;4207;1822;1085;1024;1007;2030;2652;1075;1071;719;579;581;591,0.8,0.0,1260.4,0,0,0,0,0,0.0,0,0,0,0,0,0,0,0,0.0,0,0,0,0,0,93.1,0.0,7536.2,0,0,0,61.1,16.65,0.2,16.56,37.26,25.6,63.4,98.97583325703938,2.1831605369031117,21.59974865615368,20.688387820186716,1.4028576781371764,976.0833333333334,0.0,0.0,0.0,0.0,50.12100243692597,0.1,0.0,0.0,0.0,0.0,250.0,1260.4,0.0,0.0,0.425,0.667,1.092,13.03,0.834,0.258,emon,0.919,0.952,27.3,22.0,1.24
2026-09-18 00:29:35.161,13.3,0,90,18;16;0;90;30;2;0;0;18;0;0;0;33;3;3;0,591,4245,3943;3784;3936;4245;1618;1558;1272;1269;1514;1199;1189;1171;702;614;591;592,0.6,0.0,1258.9,0,0,0,0,0,0.0,0,0,0,0,0,0,0,0,0.0,0,0,0,0,0,95.5,0.0,7426.5,0,0,0,62.1,16.65,0.2,16.56,37.26,25.8,63.4,98.16076872083876,2.924582473998372,22.113027062680985,21.796154570662313,1.0510774286619078,804.5555555555555,0.0,0.0,0.0,0.0,50.129993153115116,0.1,0.0,0.0,0.0,0.0,250.0,1258.9,0.0,0.0,0.425,0.667,1.092,13.03,0.834,0.258,emon,0.919,0.952,27.3,22.0,1.24
2026-09-18 00:29:36.162,23.8,11,88,49;24;19;88;32;12;12;12;20;23;17;16;17;14;12;11,1939,4557,4359;4532;4557;4374;3153;3424;3435;3425;3000;3396;3415;3368;2271;2286;2224;1939,1.9,0.0,1260.4,0,0,0,0,0,0.0,0,0,0,0,0,0,0,0,0.0,0,0,0,0,0,41.7,0.0,7426.5,0,0,0,63.1,16.65,0.2,16.56,37.26,25.7,63.4,98.93407859802247,2.1928789156954736,20.27443199753761,19.666164281964303,1.1811170553497505,931.5,0.0,0.0,0.0,0.0,50.1369623798877,0.1,0.0,0.0,0.0,0.0,250.0,1258.9,0.0,0.0,0.425,0.667,1.092,13.03,0.834,0.258,emon,0.919,0.952,27.3,22.0,1.24
2026-09-18 00:29:37.162,10.5,0,98,25;2;0;98;17;0;0;0;11;0;0;0;2;0;0;14,439,4291,3987;3645;4011;4291;1974;2959;1967;2795;2020;2913;2741;3044;805;677;439;617,1.9,0.0,1260.4,0,0,0,0,0,0.0,0,0,0,0,0,0,0,0,0.0,0,0,0,0,0,41.7,0.0,7426.5,0,0,0,63.1,16.65,0.2,16.56,37.26,25.7,63.4,98.9377867380778,2.0103804464645996,21.359238401055336,20.354870833766956,1.677923704594529,949.0,0.0,0.0,0.0,0.0,50.202435402199626,0.2,0.0,0.0,0.0,0.0,250.0,1251.5,0.0,0.0,0.425,0.667,1.092,13.03,0.834,0.258,emon,0.919,0.952,27.3,22.0,1.24
2026-09-18 00:29:38.163,9.5,0,96,23;5;2;96;11;0;0;0;5;0;0;0;4;0;0;6,614,4247,4121;3919;3913;4247;2186;3016;1524;1216;2233;3026;3022;2919;813;697;733;614,0.9,0.0,1250.4,0,0,0,0,0,0.0,0,0,0,0,0,0,0,0,0.0,0,0,0,0,0,95.1,0.0,7426.5,0,0,0,62.1,18.07,0.02,13.13,38.17,25.7,63.4,98.88109051097523,2.960065921943169,25.92771531235088,25.31297700157897,2.072421765070017,984.2272727272727,0.0,0.0,0.0,0.0,50.13410063731399,0.1,0.0,0.0,0.0,0.0,250.0,1229.1,0.0,0.0,46.966,25.748,72.715,29.652,1.898,70.817,emon,0.793,0.535,84.2,39.4,2.139
2026-09-18 00:29:39.164,24.2,0,86,64;35;22;86;50;11;0;0;54;15;12;0;38;0;2;0,1228,4713,4583;4694;4713;4527;3189;3405;3368;2761;3186;3273;3405;3433;2727;1931;2183;1228,1.8,0.0,1229.1,0,0,0,0,0,0.0,0,0,0,0,0,0,0,0,0.0,0,0,0,0,0,96.7,0.0,7426.5,0,0,0,64.1,18.07,0.02,13.13,38.17,21.1,63.4,98.77619934082031,1.8805308364945548,21.341421081261203,20.264313473281536,1.0668512886278967,1199.0,0.0,0.0,0.0,0.0,50.13581381128593,0.2,0.0,0.0,0.0,0.0,450.0,1229.1,0.0,0.0,46.966,25.748,72.715,29.652,1.898,70.817,emon,0.793,0.535,84.2,39.4,2.139
2026-09-18 00:29:40.164,32.1,3,88,73;59;34;88;88;27;5;3;34;30;16;5;27;16;3;6,2530,4728,4726;4728;4727;4727;3390;3427;3440;3440;3133;3275;3293;3416;2717;2672;2937;2530,0.3,0.0,1229.1,0,0,0,0,0,0.0,0,0,0,0,0,0,0,0,0.0,0,0,0,0,0,0.0,0.0,3392.8,0,0,0,75.1,18.07,0.02,13.13,38.17,16.6,63.4,98.86985485370343,1.641279579587997,21.77091835783078,20.507606705220844,1.3331458552185302,1139.3846153846155,0.0,0.0,0.0,0.0,50.216930702901806,0.1,0.0,0.0,0.0,0.0,450.0,1229.1,0.0,0.0,46.966,25.748,72.715,29.652,1.898,70.817,emon,0.793,0.535,84.2,39.4,2.139
2026-09-18 00:29:41.164,26.5,2,97,67;44;13;97;84;6;6;5;32;13;11;5;27;8;2;5,1631,4724,4712;4720;4700;4724;3363;3434;3308;3389;3100;3349;3388;3438;2447;1780;1631;2276,0.6,0.0,1229.1,0,0,0,0,0,0.0,0,0,0,0,0,0,0,0,0.0,0,0,0,0,0,0.0,0.0,0.0,0,0,0,76.1,18.07,0.02,13.13,38.17,16.7,63.4,98.45526089138455,2.656173067860719,25.595168472660912,24.75219844513469,1.816330894785157,1139.0,0.0,0.0,0.0,0.0,51.334562977486186,0.2,0.0,0.0,0.0,0.0,450.0,1229.1,0.0,0.0,46.966,25.748,72.715,29.652,1.898,70.817,emon,0.793,0.535,84.2,39.4,2.139
2026-09-18 00:29:42.172,44.9,30,95,68;56;33;95;92;30;30;30;44;40;32;30;44;30;30;31,2715,4722,4690;4721;4722;4717;3429;3446;3449;3449;3137;3422;3449;3449;2715;2896;2925;2833,1.1,0.0,1223.9,0,0,0,0,0,0.0,0,0,0,0,0,0,0,0,0.0,0,0,0,0,0,0.0,0.0,0.0,0,0,0,76.1,25.43,0.02,1.3,33.6,22.7,63.4,98.62641345753389,2.3045394908540935,24.330609908875296,23.073067791321698,1.4910302741952952,951.9411764705883,0.0,0.0,0.0,0.0,53.2779156955726,0.2,0.0,0.0,0.0,0.0,250.0,1223.9,0.0,0.0,46.966,25.748,72.715,29.652,1.898,70.817,emon,0.793,0.535,84.2,39.4,2.139
2026-09-18 00:29:43.173,52.4,40,98,85;59;42;98;61;42;43;40;50;45;48;49;44;41;48;42,2781,4719,4719;4712;4709;4710;3198;3435;3431;3403;3242;3346;3437;3443;2781;2883;2836;2799,1.4,0.0,1223.9,0,0,0,0,0,0.0,0,0,0,0,0,0,0,0,0.0,0,0,0,0,0,0.0,0.0,4342.3,0,0,0,84.1,25.43,0.02,1.3,33.6,24.6,63.4,98.96423983573914,1.704802152562479,21.391618886962533,19.91237768274732,1.8398143968988734,925.5625,0.0,0.0,0.0,0.0,53.47915108082816,0.2,0.0,0.0,0.0,0.0,450.0,1223.9,0.0,0.0,46.966,25.748,72.715,29.652,1.898,70.817,emon,0.793,0.535,84.2,39.4,2.139
2026-09-18 00:29:44.174,18.2,0,97,32;61;2;97;5;20;3;2;5;37;2;2;2;17;0;6,1142,4723,4710;4718;4723;4722;2218;2569;3125;3315;2906;3080;3011;3391;1343;1821;1558;1142,1.6,0.0,1223.9,0,0,0,0,0,0.0,0,0,0,0,0,0,0,0,0.0,0,0,0,0,0,0.0,0.0,4349.6,0,0,0,82.1,25.43,0.02,1.3,33.6,24.7,63.4,98.95358167375836,2.559525506870289,24.377522540092468,23.41840588514294,1.634154148446396,1159.0,0.0,0.0,0.0,0.0,54.46425455595766,0.3,0.0,0.0,0.0,0.0,450.0,1223.9,0.0,0.0,46.966,25.748,72.715,29.652,1.898,70.817,emon,0.793,0.535,84.2,39.4,2.139
2026-09-18 00:29:45.175,18.7,0,94,17;62;0;94;0;74;2;0;0;30;5;0;2;9;3;3,1109,4728,4677;4677;4728;4722;2536;3257;3281;3121;2596;2987;3411;3161;1109;2119;2184;1198,0.7,0.0,1223.9,0,0,0,0,0,0.0,0,0,0,0,0,0,0,0,0.0,0,0,0,0,0,0.0,0.0,6269.0,0,0,0,68.1,25.43,0.02,1.3,33.6,27.0,63.4,98.93024253845215,2.322870161558967,22.938358638435602,22.08461938193068,1.3045347332154051,1199.0,0.0,0.0,0.0,0.0,50.12753586424515,0.1,0.0,0.0,0.0,0.0,450.0,1223.9,0.0,0.0,46.966,25.748,72.715,29.652,1.898,70.817,emon,0.793,0.535,84.2,39.4,2.139
2026-09-18 00:29:46.175,12.5,0,83,11;83;0;66;0;14;0;0;0;17;0;0;0;6;0;3,892,4726,4719;4726;4656;4683;3003;2461;2920;2313;1676;2384;2331;3139;892;1444;936;1056,1.2,0.0,1223.9,0,0,0,0,0,0.0,0,0,0,0,0,0,0,0,0.0,0,0,0,0,0,0.0,0.0,6269.5,0,0,0,81.1,31.52,0.03,0.38,36.74,23.3,63.4,98.43600114186604,2.9748879564576782,25.954643093049526,25.28567242467155,1.7874695411398231,1199.0,0.0,0.0,0.0,0.0,50.17253116890788,0.2,0.0,0.0,0.0,0.0,450.0,1223.9,0.0,0.0,46.966,25.748,72.715,29.652,1.898,70.817,emon,0.793,0.535,84.2,39.4,2.139
2026-09-18 00:29:47.176,9.1,0,80,0;80;0;50;0;6;0;0;0;3;0;0;0;3;0;3,907,4729,4729;4728;4728;4714;2637;1623;2369;2508;2690;1721;2324;2530;907;1211;968;1034,0.9,0.0,1221.9,0,0,0,0,0,0.0,0,0,0,0,0,0,0,0,0.0,0,0,0,0,0,0.0,0.0,6269.5,0,0,0,85.1,31.52,0.03,0.38,36.74,23.3,63.4,97.9561898973253,2.159253435131783,20.3745985130469,19.800679431193405,1.1153445870925982,1162.888888888889,0.0,0.0,0.0,0.0,50.22008315556579,0.1,0.0,0.0,0.0,0.0,450.0,1221.9,0.0,0.0,46.966,25.748,72.715,29.652,1.898,70.817,emon,0.793,0.535,84.2,39.4,2.139
2026-09-18 00:29:48.176,16.2,0,79,23;79;9;48;5;28;6;3;5;21;9;2;0;5;5;13,1769,4720,4704;4720;4680;4707;3422;2799;3380;3232;3152;2773;3358;3429;2508;2250;2720;1769,3.8,0.0,1253.1,0,0,0,0,0,0.0,0,0,0,0,0,0,0,0,0.0,0,0,0,0,0,0.0,0.0,6269.5,0,0,0,82.1,31.52,0.03,0.38,36.74,23.4,63.4,98.308349609375,2.898431022923129,29.360131472349167,28.539485379432637,2.0939068384226025,1199.0,0.0,0.0,0.0,0.0,50.19105319554607,0.3,0.0,0.0,0.0,0.0,450.0,1253.1,0.0,0.0,46.966,25.748,72.715,29.652,1.898,70.817,emon,0.793,0.535,84.2,39.4,2.139
2026-09-18 00:29:49.177,34.4,5,91,75;77;40;91;5;45;51;16;5;36;34;19;5;34;11;8,2279,4718,4715;4718;4706;4716;3274;3216;3256;3286;3264;3168;3234;3161;2279;2505;2395;2379,13.0,0.0,1259.5,0,0,0,0,0,0.0,0,0,0,0,0,0,0,0,0.0,0,0,0,0,0,0.0,0.0,6269.5,0,0,0,78.1,31.52,0.03,0.38,36.74,23.5,63.4,99.22545458158989,4.447416302943569,25.622747767014012,24.971408769594394,1.556885962023191,1146.508896797153,0.0,0.0,0.0,0.0,56.002875143045635,2.1,0.0,0.0,0.0,0.0,450.0,1259.5,0.0,0.0,46.966,25.748,72.715,29.652,1.898,70.817,emon,0.793,0.535,84.2,39.4,2.139
2026-09-18 00:29:50.177,16.5,0,75,19;75;9;56;0;34;3;0;2;27;8;3;0;25;2;3,1679,4709,4679;4709;4709;4708;3359;2879;3265;3291;3416;2848;3224;3252;2392;1679;2361;1696,13.0,0.0,1259.5,0,0,0,0,0,0.0,0,0,0,0,0,0,0,0,0.0,0,0,0,0,0,0.0,0.0,6269.5,0,0,0,80.1,27.78,0.16,0.35,31.64,23.5,63.4,99.36386602416674,4.163422630122296,22.384701386444252,21.8933339921208,1.2883492222153972,1124.0652741514361,0.0,0.0,0.0,0.0,58.061875351026224,1.6,0.0,0.0,0.0,0.0,450.0,1244.6,0.0,0.0,1.177,1.013,2.19,23.865,1.527,0.663,emon,0.881,0.925,28.8,22.3,1.292
2026-09-18 00:29:51.178,19.1,0,65,25;65;16;64;2;44;8;0;0;39;8;6;0;25;0;3,1187,4644,4539;4644;4630;4556;3050;3197;3332;3177;2965;3048;3168;3121;1309;1655;1370;1187,10.7,0.0,1257.7,0,0,0,0,0,0.0,0,0,0,0,0,0,0,0,0.0,0,0,0,0,0,0.0,0.0,6269.5,0,0,0,73.1,27.78,0.16,0.35,31.64,24.5,63.4,99.51191554466884,4.017075295506705,22.919284796342254,22.454745105584152,1.0437559712281275,1146.265625,0.0,0.0,0.0,0.0,57.73754260527979,1.6,0.0,0.0,0.0,0.0,250.0,1259.8,0.0,0.0,1.177,1.013,2.19,23.865,1.527,0.663,emon,0.881,0.925,28.8,22.3,1.292
2026-09-18 00:29:52.178,16.0,0,97,33;30;6;97;2;35;0;2;0;23;3;2;2;20;0;2,678,4024,3700;3765;3505;4024;2844;2591;2904;3068;2737;2619;2904;3101;678;772;736;764,9.8,0.0,1259.8,0,0,0,0,0,0.0,0,0,0,0,0,0,0,0,0.0,0,0,0,0,0,33.0,0.0,7317.6,0,0,0,62.1,27.78,0.16,0.35,31.64,24.5,63.4,99.62340807853127,4.286494588720052,21.42743198230901,21.085935233367813,1.3722684360507849,906.4935400516796,0.0,0.0,0.0,0.0,57.89874940146078,1.5,0.0,0.0,0.0,0.0,250.0,1244.6,0.0,0.0,1.177,1.013,2.19,23.865,1.527,0.663,emon,0.881,0.925,28.8,22.3,1.292
2026-09-18 00:29:53.179,14.8,0,94,27;31;6;94;0;28;2;0;0;20;6;0;0;17;0;6,587,3956,3641;3652;3475;3956;1668;2590;2914;3124;3188;2565;2631;3137;587;801;678;622,10.3,0.0,1240.6,0,0,0,0,0,0.0,0,0,0,0,0,0,0,0,0.0,0,0,0,0,0,93.9,0.0,7350.0,0,0,0,58.1,20.94,0.24,8.35,34.8,24.6,63.4,99.67332625517975,4.433601795660483,21.623219541601234,21.468384619016906,1.3624593540713446,945.3513513513514,0.0,0.0,0.0,0.0,58.03029741664996,1.5,0.0,0.0,0.0,0.0,250.0,1229.0,0.0,0.0,1.177,1.013,2.19,23.865,1.527,0.663,emon,0.881,0.925,28.8,22.3,1.292
2026-09-18 00:29:54.179,15.4,0,91,32;39;8;91;0;30;0;0;0;22;2;0;0;22;0;0,582,4010,3697;3742;3484;4010;2803;2559;2916;2490;2631;2638;2973;2951;582;792;783;650,10.4,0.0,1225.9,0,0,0,0,0,0.0,0,0,0,0,0,0,0,0,0.0,0,0,0,0,0,100.0,0.0,7350.0,0,0,0,56.1,20.94,0.24,8.35,34.8,24.5,63.4,99.60463552889617,4.200604729070935,21.504509816999022,21.242194446208686,1.389999271638534,973.7282608695652,0.0,0.0,0.0,0.0,57.779269147623815,1.5,0.0,0.0,0.0,0.0,250.0,1210.8,0.0,0.0,1.177,1.013,2.19,23.865,1.527,0.663,emon,0.881,0.925,28.8,22.3,1.292
2026-09-18 00:29:55.180,12.7,0,97,15;28;8;97;0;23;0;0;0;15;5;0;0;11;2;0,968,4729,4595;4644;4729;4719;2874;2671;3339;2720;2131;2759;3036;3325;968;1325;1149;1138,9.9,0.0,1225.3,0,0,0,0,0,0.0,0,0,0,0,0,0,0,0,0.0,0,0,0,0,0,19.0,0.0,7350.0,0,0,0,75.1,20.94,0.24,8.35,34.8,24.5,63.4,99.30764132706577,3.82653604424189,22.68810544695173,22.078616889065536,1.2886599180021905,1163.021164021164,0.0,0.0,0.0,0.0,57.31392804206048,1.5,0.0,0.0,0.0,0.0,450.0,1205.5,0.0,0.0,1.177,1.013,2.19,23.865,1.527,0.663,emon,0.881,0.925,28.8,22.3,1.292
2026-09-18 00:29:56.180,16.5,0,83,32;52;14;83;2;22;5;2;2;23;3;3;0;17;0;5,1349,4725,4690;4709;4715;4725;3317;2922;3283;3305;3391;2940;3204;3259;2062;1633;2162;1349,12.0,0.0,1239.6,0,0,0,0,0,0.0,0,0,0,0,0,0,0,0,0.0,0,0,0,0,0,0.0,0.0,7350.0,0,0,0,76.1,20.94,0.24,8.35,34.8,24.5,63.4,99.44102627342572,4.1827009288699,24.270370345332985,24.179796084641772,1.2833132054485086,1138.6782841823056,0.0,0.0,0.0,0.0,57.27310579180238,1.7,0.0,0.0,0.0,0.0,450.0,1247.1,0.0,0.0,1.177,1.013,2.19,23.865,1.527,0.663,emon,0.881,0.925,28.8,22.3,1.292
2026-09-18 00:29:57.181,14.7,0,82,12;82;5;56;2;28;2;0;2;20;2;3;0;12;2;8,1461,4728,4720;4725;4728;4725;2705;2765;3226;3260;3317;2839;3177;3035;1461;1523;1773;1604,10.4,0.0,1243.4,0,0,0,0,0,0.0,0,0,0,0,0,0,0,0,0.0,0,0,0,0,0,0.0,0.0,7350.0,0,0,0,78.1,23.72,0.32,1.04,30.88,24.5,63.4,99.36674258478628,4.39575842162959,22.656690402068296,22.901978014654652,1.5124740544065234,1153.6997389033943,0.0,0.0,0.0,0.0,57.46108595509442,1.5,0.0,0.0,0.0,0.0,450.0,1230.4,0.0,0.0,1.177,1.013,2.19,23.865,1.527,0.663,emon,0.881,0.925,28.8,22.3,1.292
2026-09-18 00:29:58.181,13.7,0,82,13;82;6;58;0;27;0;0;0;20;2;0;0;11;2;0,1138,4729,4696;4718;4729;4722;2871;2772;3048;1906;3219;2708;3285;3323;1621;1380;1529;1138,10.3,0.0,1230.4,0,0,0,0,0,0.0,0,0,0,0,0,0,0,0,0.0,0,0,0,0,0,0.0,0.0,7350.0,0,0,0,77.1,23.72,0.32,1.04,30.88,24.5,63.4,99.26621725592814,3.8895054114851315,22.71691838922635,22.65050991912123,1.5167481165903975,1124.6338028169014,0.0,0.0,0.0,0.0,56.45633169410514,1.5,0.0,0.0,0.0,0.0,450.0,1249.6,0.0,0.0,1.177,1.013,2.19,23.865,1.527,0.663,emon,0.881,0.925,28.8,22.3,1.292
2026-09-18 00:29:59.182,13.2,0,88,12;88;8;53;0;20;0;0;0;14;2;0;0;12;2;0,832,4668,4582;4668;4650;4656;2246;2809;3190;3050;3249;2777;3257;3271;832;1430;1027;1018,12.1,0.0,1265.2,0,0,0,0,0,0.0,0,0,0,0,0,0,0,0,0.0,0,0,0,0,0,0.0,0.0,7350.0,0,0,0,77.1,23.72,0.32,1.04,30.88,24.5,63.4,99.17076108470467,6.0974415584484705,25.346767395919894,26.336810782088996,1.4731387034687105,1112.0434782608695,0.0,0.0,0.0,0.0,62.04657333415083,1.7,0.0,0.0,0.0,0.0,450.0,1265.0,0.0,0.0,1.177,1.013,2.19,23.865,1.527,0.663,emon,0.881,0.925,28.8,22.3,1.292
2026-09-18 00:30:00.182,25.3,6,81,30;81;17;70;6;41;15;9;6;39;19;11;10;27;11;14,745,3925,3805;3925;3769;3848;3234;2831;3076;3083;3212;2862;3088;3173;834;745;757;792,13.5,0.0,1267.9,0,0,0,0,0,0.0,0,0,0,0,0,0,0,0,0.0,0,0,0,0,0,94.1,0.0,7350.0,0,0,0,64.1,23.72,0.32,1.04,30.88,24.5,63.4,99.3320088820024,6.350426542977107,24.616810022236464,25.897615175056966,1.0638366027898836,1021.077922077922,0.0,0.0,0.0,0.0,60.605802342077936,1.7,0.0,0.0,0.0,0.0,450.0,1267.9,0.0,0.0,1.177,1.013,2.19,23.865,1.527,0.663,emon,0.881,0.925,28.8,22.3,1.292
2026-09-18 00:30:01.182,20.2,2,84,28;84;17;66;2;23;8;9;11;20;14;6;2;19;12;3,646,3943,3719;3943;3565;3815;2978;2666;2973;3137;2984;2649;3066;3152;668;778;734;646,12.3,0.0,1263.4,0,0,0,0,0,0.0,0,0,0,0,0,0,0,0,0.0,0,0,0,0,0,96.7,0.0,7355.9,0,0,0,61.1,23.72,0.32,1.04,30.88,24.7,63.4,99.50288375543089,5.846915380930414,25.90987715429189,26.52560399162526,1.34121323999811,904.9183673469388,0.0,0.0,0.0,0.0,55.126246657237715,1.7,0.0,0.0,0.0,0.0,250.0,1263.4,0.0,0.0,3.204,1.791,4.995,51.062,3.268,1.727,emon,0.81,0.39,52.9,24.7,2.142
2026-09-18 00:30:02.183,15.4,0,82,24;82;5;57;0;20;5;0;0;17;6;0;2;20;2;8,695,4024,3615;4024;3369;3815;1305;2510;2440;2528;1807;2599;2607;2528;825;782;729;695,10.5,0.0,1259.9,0,0,0,0,0,0.0,0,0,0,0,0,0,0,0,0.0,0,0,0,0,0,100.0,0.0,7371.2,0,0,0,61.1,23.72,0.32,1.04,30.88,24.7,63.4,99.61163800199267,5.138234768377643,23.272106973218246,22.909086939734472,1.69310151820342,878.4014084507043,0.0,0.0,0.0,0.0,56.15019839390798,1.6,0.0,0.0,0.0,0.0,250.0,1259.9,0.0,0.0,3.204,1.791,4.995,51.062,3.268,1.727,emon,0.81,0.39,52.9,24.7,2.142
2026-09-18 00:30:03.183,16.1,0,83,20;83;11;49;0;30;3;0;0;28;3;2;0;19;2;9,627,3994,3520;3994;3439;3793;3150;2552;2684;2645;2887;2515;3060;3124;627;778;719;654,10.5,0.0,1259.9,0,0,0,0,0,0.0,0,0,0,0,0,0,0,0,0.0,0,0,0,0,0,100.0,0.0,7371.2,0,0,0,61.1,23.72,0.32,1.04,30.88,24.8,63.4,99.71833598166195,5.144014278776409,23.165723701385915,22.698022929067903,1.5295473689703294,842.5153583617747,0.0,0.0,0.0,0.0,57.880298891139724,1.6,0.0,0.0,0.0,0.0,250.0,1253.8,0.0,0.0,3.204,1.791,4.995,51.062,3.268,1.727,emon,0.81,0.39,52.9,24.7,2.142
2026-09-18 00:30:04.184,16.8,0,82,22;82;11;63;0;26;2;0;0;29;8;0;0;23;3;0,594,3996,3622;3996;3611;3829;3139;2656;3087;2467;2760;2681;2998;2885;594;768;620;633,10.7,0.0,1253.8,0,0,0,0,0,0.0,0,0,0,0,0,0,0,0,0.0,0,0,0,0,0,100.0,0.0,7375.7,0,0,0,60.1,23.72,0.32,1.04,30.88,24.9,63.4,99.72771795590718,5.283301781914714,23.29730754180087,23.294385699969197,1.627341433039621,941.5347222222222,0.0,0.0,0.0,0.0,56.7730498509999,1.5,0.0,0.0,0.0,0.0,250.0,1251.2,0.0,0.0,3.204,1.791,4.995,51.062,3.268,1.727,emon,0.81,0.39,52.9,24.7,2.142
2026-09-18 00:30:05.185,16.3,0,84,17;84;11;57;0;30;0;0;0;20;3;0;0;30;2;8,628,4014,3646;4014;3598;3864;2096;2669;3032;2630;2610;2637;2665;2902;628;800;738;643,14.5,0.0,1269.6,0,0,0,0,0,0.0,0,0,0,0,0,0,0,0,0.0,0,0,0,0,0,93.7,0.0,7381.1,0,0,0,60.1,0.0,0.0,0.0,0.0,24.9,63.4,99.59680533143225,5.712038908416897,24.32983884492328,24.696146733698793,1.422353388389878,885.0594795539033,0.0,0.0,0.0,0.0,55.490300074635165,2.0,0.0,0.0,0.0,0.0,250.0,1256.7,0.0,0.0,3.204,1.791,4.995,51.062,3.268,1.727,emon,0.81,0.39,52.9,24.7,2.142
2026-09-18 00:30:06.185,15.0,0,86,9;86;11;48;0;26;0;0;0;25;5;0;0;22;2;6,543,4026,3524;4026;3620;3841;2455;2653;2714;3038;2831;2628;2882;3380;543;812;772;663,11.8,0.0,1243.6,0,0,0,0,0,0.0,0,0,0,0,0,0,0,0,0.0,0,0,0,0,0,99.4,0.0,7381.1,0,0,0,60.1,0.0,0.0,0.0,0.0,25.1,63.4,99.63227190671267,5.366239735088148,23.656902494964065,23.449691226432375,1.7454979542284732,864.9090909090909,0.0,0.0,0.0,0.0,56.1127241390881,1.7,0.0,0.0,0.0,0.0,250.0,1256.7,0.0,0.0,3.204,1.791,4.995,51.062,3.268,1.727,emon,0.81,0.39,52.9,24.7,2.142
2026-09-18 00:30:07.188,16.6,0,88,9;88;5;54;0;25;2;0;0;25;2;2;11;16;6;22,690,4018,3514;4018;3280;3786;1376;2592;2895;2133;1747;2491;2789;2794;690;794;777;704,10.0,0.0,1239.6,0,0,0,0,0,0.0,0,0,0,0,0,0,0,0,0.0,0,0,0,0,0,100.0,0.0,7391.8,0,0,0,60.1,0.0,0.0,0.0,0.0,25.1,63.4,99.47261195780763,4.700582421082297,22.80018036656824,22.298833158526005,1.6855811013217261,946.5884244372991,0.0,0.0,0.0,0.0,56.49911559589351,1.4,0.0,0.0,0.0,0.0,250.0,1252.7,0.0,0.0,3.204,1.791,4.995,51.062,3.268,1.727,emon,0.81,0.39,52.9,24.7,2.142
2026-09-18 00:30:08.188,14.7,0,83,17;83;8;59;0;25;0;0;0;16;0;0;0;19;3;6,569,4002,3520;4002;3407;3811;1608;2668;1733;2414;2158;2578;2990;2845;569;775;735;639,9.9,0.0,1252.7,0,0,0,0,0,0.0,0,0,0,0,0,0,0,0,0.0,0,0,0,0,0,83.3,0.0,7408.5,0,0,0,59.1,0.0,0.0,0.0,0.0,25.2,63.4,99.50833921861484,4.946554986714904,22.86651043248424,22.594250243427844,1.6826863065698332,945.3667820069204,0.0,0.0,0.0,0.0,56.17900306267413,1.6,0.0,0.0,0.0,0.0,250.0,1252.7,0.0,0.0,3.204,1.791,4.995,51.062,3.268,1.727,emon,0.81,0.39,52.9,24.7,2.142
2026-09-18 00:30:09.189,14.8,0,87,18;87;9;52;0;20;2;0;0;19;2;0;0;20;3;3,581,4041,3494;4041;3392;3827;2231;2684;2852;3024;2723;2550;2859;2852;581;782;880;640,10.9,0.0,1252.7,0,0,0,0,0,0.0,0,0,0,0,0,0,0,0,0.0,0,0,0,0,0,98.1,0.0,7408.5,0,0,0,59.1,15.94,0.17,18.91,38.34,25.2,63.4,99.67476091184817,4.82181929606762,22.774348344002572,22.44802521262969,1.898559509450183,942.3566433566433,0.0,0.0,0.0,0.0,56.41058861337915,1.5,0.0,0.0,0.0,0.0,250.0,1247.7,0.0,0.0,3.204,1.791,4.995,51.062,3.268,1.727,emon,0.81,0.39,52.9,24.7,2.142
2026-09-18 00:30:10.190,17.9,0,80,23;80;16;63;0;38;6;0;0;29;3;0;0;27;2;0,633,3878,3696;3878;3570;3790;2641;2806;3094;3180;2735;2754;2799;2997;735;797;779;633,17.0,0.0,1262.5,0,0,0,0,0,0.0,0,0,0,0,0,0,0,0,0.0,0,0,0,0,0,82.3,0.0,7431.5,0,0,0,56.1,15.94,0.17,18.91,38.34,25.3,63.4,99.4410569077238,5.591640192844452,27.93748555052171,28.486413928346895,1.2391161224004463,977.8990825688073,0.0,0.0,0.0,0.0,52.10933879263904,1.9,0.0,0.0,0.0,0.0,250.0,1247.6,0.0,0.0,3.204,1.791,4.995,51.062,3.268,1.727,emon,0.81,0.39,52.9,24.7,2.142
2026-09-18 00:30:11.190,14.5,0,81,5;81;5;59;0;28;0;0;0;29;2;0;0;20;0;3,535,3916,3648;3916;3410;3707;1859;2659;2432;2484;2266;2650;3106;2307;535;765;558;616,10.3,0.0,1235.5,0,0,0,0,0,0.0,0,0,0,0,0,0,0,0,0.0,0,0,0,0,0,98.8,0.0,7431.5,0,0,0,57.1,15.94,0.17,18.91,38.34,25.4,63.4,99.27583397398604,5.314267940977786,25.71775136095412,26.299029526811964,1.526696097267856,974.3191489361702,0.0,0.0,0.0,0.0,50.39814425034726,1.6,0.0,0.0,0.0,0.0,250.0,1248.6,0.0,0.0,3.204,1.791,4.995,51.062,3.268,1.727,emon,0.81,0.39,52.9,24.7,2.142
2026-09-18 00:30:12.191,16.5,0,81,16;81;2;66;0;39;0;0;0;34;5;0;0;20;2;0,596,3889,3691;3889;3477;3729;2202;2740;3079;2503;2165;2688;2532;2225;596;769;734;634,10.2,0.0,1231.5,0,0,0,0,0,0.0,0,0,0,0,0,0,0,0,0.0,0,0,0,0,0,75.2,0.0,7453.9,0,0,0,56.1,15.94,0.17,18.91,38.34,25.5,63.4,98.93800351023674,5.040208095684648,24.242510065436363,24.416093483567238,1.7301948278587815,933.1796875,0.0,0.0,0.0,0.0,50.50758115321514,1.7,0.0,0.0,0.0,0.0,250.0,1255.1,0.0,0.0,3.204,1.791,4.995,51.062,3.268,1.727,emon,0.81,0.39,52.9,24.7,2.142
2026-09-18 00:30:13.191,16.0,0,90,14;90;2;57;0;38;0;0;0;28;5;0;0;14;0;9,551,3896,3668;3896;3713;3744;2603;2763;3010;2994;2346;2710;2366;2982;551;775;613;615,9.7,0.0,1255.1,0,0,0,0,0,0.0,0,0,0,0,0,0,0,0,0.0,0,0,0,0,0,99.0,0.0,7453.9,0,0,0,56.1,15.55,0.24,18.4,37.55,25.5,63.4,98.98839400884674,4.924916703869977,23.643575683353454,23.800667124470387,1.814323516855911,951.7559055118111,0.0,0.0,0.0,0.0,50.516361478041475,1.6,0.0,0.0,0.0,0.0,250.0,1255.1,0.0,0.0,41.488,22.198,63.686,75.467,4.83,58.856,emon,0.837,0.593,66.5,31.1,2.138
2026-09-18 00:30:14.192,22.9,3,91,42;63;20;91;6;11;25;12;8;13;27;9;3;6;26;5,669,3869,3851;3860;3705;3869;3016;2871;2904;3232;3153;2963;2812;3140;669;742;760;736,17.0,0.0,1254.1,0,0,0,0,0,0.0,0,0,0,0,0,0,0,0,0.0,0,0,0,0,0,100.0,0.0,7453.9,0,0,0,55.1,15.55,0.24,18.4,37.55,25.5,63.4,99.57172596902164,4.995702346240142,27.287816144093718,27.7441932009247,1.1070572091760185,902.2423208191126,0.0,0.0,0.0,0.0,56.051260656794796,2.5,0.0,0.0,0.0,0.0,250.0,1254.1,0.0,0.0,41.488,22.198,63.686,75.467,4.83,58.856,emon,0.837,0.593,66.5,31.1,2.138
2026-09-18 00:30:15.193,31.4,11,83,64;49;20;83;16;20;36;20;16;17;56;20;16;11;39;18,1344,4271,4108;4131;4271;4099;3357;3357;2974;3308;3369;3393;2995;3153;2137;2162;1344;1935,17.0,0.0,1254.1,0,0,0,0,0,0.0,0,0,0,0,0,0,0,0,0.0,0,0,0,0,0,100.0,0.0,7453.9,0,0,0,58.1,15.55,0.24,18.4,37.55,25.5,63.4,99.56582930029893,5.280300530960889,27.269483930696317,27.703727501194653,1.4292623056809852,945.7479674796748,0.0,0.0,0.0,0.0,54.04279176745473,2.3,0.0,0.0,0.0,0.0,250.0,1247.4,0.0,0.0,41.488,22.198,63.686,75.467,4.83,58.856,emon,0.837,0.593,66.5,31.1,2.138
2026-09-18 00:30:16.193,21.6,0,78,42;62;15;78;0;0;38;8;5;0;38;18;3;0;33;5,590,3877,3729;3877;3577;3854;2736;2913;2805;2901;2058;2684;2822;2997;590;593;795;643,15.4,0.0,1247.4,0,0,0,0,0,0.0,0,0,0,0,0,0,0,0,0.0,0,0,0,0,0,51.7,0.0,7490.2,0,0,0,57.1,15.55,0.24,18.4,37.55,25.5,63.4,99.5990950989866,4.586235171306633,24.469096794813694,24.849550167957467,1.1016304758650983,990.3173652694611,0.0,0.0,0.0,0.0,56.39632344693169,1.9,0.0,0.0,0.0,0.0,250.0,1258.1,0.0,0.0,41.488,22.198,63.686,75.467,4.83,58.856,emon,0.837,0.593,66.5,31.1,2.138
2026-09-18 00:30:17.194,16.3,0,97,34;31;9;97;0;0;29;3;0;0;28;3;3;0;18;6,667,3980,3659;3698;3426;3980;2692;2632;2742;2180;2639;2877;2702;2894;676;740;800;667,10.2,0.0,1245.0,0,0,0,0,0,0.0,0,0,0,0,0,0,0,0,0.0,0,0,0,0,0,99.9,0.0,7490.2,0,0,0,57.1,18.25,0.29,8.75,36.14,25.5,63.4,99.66961272044848,4.324006277066405,21.92924824068623,21.946751837608634,1.444713044482498,911.5,0.0,0.0,0.0,0.0,58.016144356620245,1.6,0.0,0.0,0.0,0.0,250.0,1258.1,0.0,0.0,41.488,22.198,63.686,75.467,4.83,58.856,emon,0.837,0.593,66.5,31.1,2.138
2026-09-18 00:30:18.194,18.5,2,97,34;30;11;97;2;2;43;2;2;3;18;8;3;2;30;12,643,3968,3723;3757;3616;3968;3180;3208;2718;3038;3167;3185;2586;2957;643;719;796;687,9.9,0.0,1241.0,0,0,0,0,0,0.0,0,0,0,0,0,0,0,0,0.0,0,0,0,0,0,99.1,0.0,7490.2,0,0,0,57.1,18.25,0.29,8.75,36.14,25.5,63.4,99.53940352964938,4.952649669365936,22.777637559376405,23.27797476026449,1.1122193350356508,990.8539325842696,0.0,0.0,0.0,0.0,56.864151246364365,1.6,0.0,0.0,0.0,0.0,250.0,1254.8,0.0,0.0,41.488,22.198,63.686,75.467,4.83,58.856,emon,0.837,0.593,66.5,31.1,2.138
2026-09-18 00:30:19.194,18.8,0,92,50;49;15;92;0;0;29;0;0;0;22;12;2;0;25;5,607,3923,3750;3792;3608;3923;3045;2050;2725;2945;3106;3200;2763;2963;696;607;785;703,10.4,0.0,1254.8,0,0,0,0,0,0.0,0,0,0,0,0,0,0,0,0.0,0,0,0,0,0,99.6,0.0,7490.2,0,0,0,56.1,18.25,0.29,8.75,36.14,25.4,63.4,99.66343686714285,4.885521870644922,25.73398975988405,26.21229489846567,1.0826881946102993,990.4454277286136,0.0,0.0,0.0,0.0,57.0689757083897,1.6,0.0,0.0,0.0,0.0,250.0,1254.8,0.0,0.0,41.488,22.198,63.686,75.467,4.83,58.856,emon,0.837,0.593,66.5,31.1,2.138
2026-09-18 00:30:20.196,19.4,0,88,71;34;8;88;0;0;38;0;2;0;28;3;0;2;34;2,459,3860,3781;3860;3640;3799;2756;2811;2761;3019;2708;2632;2796;3194;634;459;770;612,15.9,0.0,1252.3,0,0,0,0,0,0.0,0,0,0,0,0,0,0,0,0.0,0,0,0,0,0,86.5,0.0,7490.2,0,0,0,56.1,18.25,0.29,8.75,36.14,25.4,63.4,99.54961650322609,4.737072186282347,24.109322851004837,24.447045347208153,0.7874276167120787,987.8563049853373,0.0,0.0,0.0,0.0,56.344917105308724,2.1,0.0,0.0,0.0,0.0,250.0,1266.6,0.0,0.0,41.488,22.198,63.686,75.467,4.83,58.856,emon,0.837,0.593,66.5,31.1,2.138
2026-09-18 00:30:21.196,18.0,0,91,37;28;5;91;0;0;66;0;0;0;23;5;0;0;29;3,503,3814,3626;3592;3533;3814;2704;2586;3047;3060;2522;3080;2684;2268;553;503;771;627,16.6,0.0,1263.3,0,0,0,0,0,0.0,0,0,0,0,0,0,0,0,0.0,0,0,0,0,0,87.8,0.0,7490.2,0,0,0,52.1,16.48,0.34,3.38,33.04,25.4,63.4,99.28080573362463,6.246455289335811,24.44609418967191,26.12938861419611,1.0339360454616646,959.8823529411765,0.0,0.0,0.0,0.0,53.60292215202661,2.3,0.0,0.0,0.0,0.0,250.0,1264.5,0.0,0.0,41.488,22.198,63.686,75.467,4.83,58.856,emon,0.837,0.593,66.5,31.1,2.138
2026-09-18 00:30:22.197,18.6,0,88,46;25;11;88;0;0;70;2;0;0;36;2;2;0;17;0,500,3851,3676;3716;3588;3851;2625;3176;3062;3216;2783;2464;2698;3163;525;500;780;658,16.4,0.0,1263.3,0,0,0,0,0,0.0,0,0,0,0,0,0,0,0,0.0,0,0,0,0,0,100.0,0.0,7490.2,0,0,0,51.1,16.48,0.34,3.38,33.04,25.4,63.4,99.53771567479366,7.102945039769645,23.159775466231977,25.903745803161193,0.886136751503902,894.0564971751412,0.0,0.0,0.0,0.0,56.257074554971716,2.5,0.0,0.0,0.0,0.0,250.0,1263.3,0.0,0.0,41.488,22.198,63.686,75.467,4.83,58.856,emon,0.837,0.593,66.5,31.1,2.138
2026-09-18 00:30:23.197,17.5,0,91,42;25;6;91;0;0;60;2;0;0;28;6;0;0;19;2,506,3891,3642;3651;3481;3891;2001;2542;3035;3219;2707;1722;2776;2921;514;506;769;658,15.8,0.0,1252.8,0,0,0,0,0,0.0,0,0,0,0,0,0,0,0,0.0,0,0,0,0,0,100.0,0.0,7490.2,0,0,0,53.1,16.48,0.34,3.38,33.04,25.4,63.4,99.60719547223684,6.915754589338972,22.73458801018501,24.600739636108916,0.48129989789322053,954.2896725440806,0.0,0.0,0.0,0.0,56.61266615607727,2.5,0.0,0.0,0.0,0.0,250.0,1263.3,0.0,0.0,41.488,22.198,63.686,75.467,4.83,58.856,emon,0.837,0.593,66.5,31.1,2.138
2026-09-18 00:30:24.198,18.4,0,94,38;43;9;94;0;0;42;2;0;0;29;6;0;0;29;2,629,3915,3749;3767;3590;3915;2946;2375;2855;2871;3002;2522;2816;2863;633;783;781;629,18.1,0.0,1252.5,0,0,0,0,0,0.0,0,0,0,0,0,0,0,0,0.0,0,0,0,0,0,88.4,0.0,7490.2,0,0,0,55.1,16.48,0.34,3.38,33.04,25.4,63.4,99.77837925008686,8.48014417981523,24.43330326363083,27.89440884776514,0.8673378306825713,918.0026954177897,0.0,0.0,0.0,0.0,58.75046646044743,2.5,0.0,0.0,0.0,0.0,250.0,1268.9,0.0,0.0,86.24,3.491,89.731,72.808,4.66,85.071,emon,0.8,0.464,50.2,23.4,2.146
2026-09-18 00:30:25.198,22.5,0,95,37;52;11;95;0;0;41;8;0;0;36;17;6;0;41;15,438,3902,3692;3756;3697;3902;1983;3242;2624;1886;2252;3143;2520;2357;932;438;816;772,18.1,0.0,1252.5,0,0,0,0,0,0.0,0,0,0,0,0,0,0,0,0.0,0,0,0,0,0,88.4,0.0,7490.2,0,0,0,51.1,16.28,0.42,3.4,32.97,25.6,63.4,99.52252505329506,7.846386381233998,23.02221964341985,25.090156970810064,0.75983443458793,946.6340694006309,0.0,0.0,0.0,0.0,56.90792049807812,2.6,0.0,0.0,0.0,0.0,250.0,1252.5,0.0,0.0,86.24,3.491,89.731,72.808,4.66,85.071,emon,0.8,0.464,50.2,23.4,2.146
2026-09-18 00:30:26.236,19.2,0,79,41;23;2;29;0;0;34;2;2;0;48;8;27;4;79;11,1025,2894,1614;1709;2894;1849;1203;1252;1394;1172;1832;1294;1451;1258;1083;1025;1252;1109,19.4,0.0,1295.2,0,0,0,0,0,0.0,0,0,0,0,0,0,0,0,0.0,0,0,0,0,0,100.0,0.0,7490.2,0,0,0,36.1,16.28,0.42,3.4,32.97,25.7,63.4,98.54852003074554,3.0875235621912784,14.985981309988412,13.439787127257112,0.4974205777826102,1022.4939759036145,0.0,0.0,0.0,0.0,53.24019379325839,2.6,0.0,0.0,0.0,0.0,250.0,1281.8,0.0,0.0,86.24,3.491,89.731,72.808,4.66,85.071,emon,0.8,0.464,50.2,23.4,2.146
2026-09-18 00:30:27.236,21.1,0,89,35;22;19;31;0;0;31;0;0;0;41;5;22;0;89;43,1073,2543,2283;2039;2375;2543;1228;1279;1427;1387;1260;1479;1492;1343;1097;1073;1165;1170,3.3,0.0,1258.2,0,0,0,0,0,0.0,0,0,0,0,0,0,0,0,0.0,0,0,0,0,0,95.4,0.0,7490.2,0,0,0,37.1,16.28,0.42,3.4,32.97,25.6,63.4,98.55139714479446,2.8328877694148105,17.04242612607777,14.671903388691135,1.055088241584599,1113.0625,0.0,0.0,0.0,0.0,52.67154109000694,0.6,0.0,0.0,0.0,0.0,450.0,1258.2,0.0,0.0,86.24,3.491,89.731,72.808,4.66,85.071,emon,0.8,0.464,50.2,23.4,2.146
2026-09-18 00:30:28.237,32.3,14,72,34;27;25;36;17;14;56;23;19;19;54;15;38;22;72;46,1013,2043,1410;1579;2043;1924;1485;1468;1412;1496;1397;1487;1450;1467;1080;1013;1176;1145,7.4,0.0,1284.7,0,0,0,0,0,0.0,0,0,0,0,0,0,0,0,0.0,0,0,0,0,0,89.2,0.0,7490.2,0,0,0,36.1,16.28,0.42,3.4,32.97,25.6,63.4,97.66854723762063,6.777416625553194,29.068384773590985,30.07958822522093,1.052016279714949,1159.2941176470588,0.0,0.0,0.0,0.0,50.229306018089545,0.9,0.0,0.0,0.0,0.0,450.0,1284.7,0.0,0.0,86.24,3.491,89.731,72.808,4.66,85.071,emon,0.8,0.464,50.2,23.4,2.146
2026-09-18 00:30:29.237,38.9,0,88,44;52;31;56;3;0;44;45;42;2;70;62;18;14;88;52,895,2757,2592;2665;2567;2757;1659;1927;1469;1467;1628;1520;1597;1593;911;895;1027;982,8.7,0.0,1280.7,0,0,0,0,0,0.0,0,0,0,0,0,0,0,0,0.0,0,0,0,0,0,92.7,0.0,7490.2,0,0,0,39.1,5.58,0.2,3.36,23.99,25.7,63.4,99.07976166189533,1.985391421275443,13.811847420587931,10.478304285505047,1.048330271391721,967.8356164383562,0.0,0.0,0.0,0.0,50.99686652360714,0.7,0.0,0.0,0.0,0.0,250.0,1284.7,0.0,0.0,86.24,3.491,89.731,72.808,4.66,85.071,emon,0.8,0.464,50.2,23.4,2.146
2026-09-18 00:30:30.238,36.0,2,94,28;44;20;52;14;3;58;27;43;6;59;43;30;2;94;54,920,2458,2327;2041;2177;2458;1261;1208;1436;1373;1526;1620;1589;1528;1175;920;1153;1150,3.9,0.0,1253.8,0,0,0,0,0,0.0,0,0,0,0,0,0,0,0,0.0,0,0,0,0,0,96.3,0.0,7490.2,0,0,0,37.1,5.58,0.2,3.36,23.99,25.6,63.4,98.77049485463945,4.714687467567504,23.754940101078578,22.621375351671187,0.661276926038905,980.7460317460317,0.0,0.0,0.0,0.0,52.627777743079356,0.8,0.0,0.0,0.0,0.0,300.0,1280.7,0.0,0.0,86.24,3.491,89.731,72.808,4.66,85.071,emon,0.8,0.464,50.2,23.4,2.146
2026-09-18 00:30:31.238,28.6,0,89,46;51;30;48;2;0;31;19;8;0;51;30;22;3;89;30,942,2448,2295;2210;2296;2448;1654;1652;1569;1567;1511;1737;1546;1544;1141;942;1132;1046,6.1,0.0,1252.9,0,0,0,0,0,0.0,0,0,0,0,0,0,0,0,0.0,0,0,0,0,0,98.3,0.0,7490.2,0,0,0,37.1,5.58,0.2,3.36,23.99,25.6,63.4,99.04795035995355,3.831425454530145,23.734515914396077,22.64389516488344,1.4898620243839715,913.7058823529412,0.0,0.0,0.0,0.0,51.683669199963575,0.9,0.0,0.0,0.0,0.0,250.0,1257.4,0.0,0.0,86.24,3.491,89.731,72.808,4.66,85.071,emon,0.8,0.464,50.2,23.4,2.146
2026-09-18 00:30:32.239,21.7,0,87,41;35;16;39;0;0;36;0;0;0;45;9;14;5;87;19,1062,1547,1547;1503;1302;1386;1138;1086;1219;1125;1225;1234;1255;1408;1164;1062;1269;1223,6.1,0.0,1252.9,0,0,0,0,0,0.0,0,0,0,0,0,0,0,0,0.0,0,0,0,0,0,98.3,0.0,7490.2,0,0,0,35.1,5.58,0.2,3.36,23.99,25.5,63.4,97.75619198027111,8.391122119124269,24.788850443703787,27.14657239012775,0.5951919415300446,1108.5238095238096,0.0,0.0,0.0,0.0,51.464327837207485,0.9,0.0,0.0,0.0,0.0,450.0,1252.9,0.0,0.0,86.24,3.491,89.731,72.808,4.66,85.071,emon,0.8,0.464,50.2,23.4,2.146
2026-09-18 00:30:33.239,21.2,0,81,38;23;19;37;2;0;30;10;3;0;53;8;5;9;81;22,782,2092,1743;2092;1871;1690;1239;782;1223;1084;1393;1552;1386;1353;1110;1143;1213;1138,7.0,0.0,1250.2,0,0,0,0,0,0.0,0,0,0,0,0,0,0,0,0.0,0,0,0,0,0,94.5,0.0,7490.2,0,0,0,35.1,5.44,0.17,3.37,23.95,25.5,63.4,97.79230913065247,9.431067809209985,24.320749703100173,27.43869354765294,0.4764100359910626,1148.1525423728813,0.0,0.0,0.0,0.0,49.35127585229732,1.0,0.0,0.0,0.0,0.0,450.0,1250.2,0.0,0.0,86.24,3.491,89.731,72.808,4.66,85.071,emon,0.8,0.464,50.2,23.4,2.146
2026-09-18 00:30:34.240,31.4,5,81,44;33;29;45;5;8;32;27;33;6;49;43;15;20;81;33,1051,2519,2006;2001;2519;2252;1315;1430;1317;1360;1580;1643;1494;1575;1051;1150;1157;1060,5.8,0.0,1250.2,0,0,0,0,0,0.0,0,0,0,0,0,0,0,0,0.0,0,0,0,0,0,98.2,0.0,7490.2,0,0,0,35.1,5.44,0.17,3.37,23.95,25.5,63.4,98.50711363012141,10.874299416318536,20.368907462466847,23.698083113540303,0.480263870336454,1148.4318181818182,0.0,0.0,0.0,0.0,51.2894468862902,0.9,0.0,0.0,0.0,0.0,250.0,1250.0,0.0,0.0,86.24,3.491,89.731,72.808,4.66,85.071,emon,0.8,0.464,50.2,23.4,2.146
2026-09-18 00:30:35.260,15.4,0,54,40;15;9;45;0;0;33;0;2;0;32;5;4;3;54;4,902,3116,2584;2828;2852;3116;2178;1167;1774;2631;2183;1437;1691;1474;968;902;1076;980,6.4,0.0,1256.3,0,0,0,0,0,0.0,0,0,0,0,0,0,0,0,0.0,0,0,0,0,0,98.1,0.0,7490.2,0,0,0,38.1,5.44,0.17,3.37,23.95,25.7,63.4,99.3522223290943,2.180932943275409,15.570421376842118,13.045849256164816,0.5378904516952129,1016.5595238095239,0.0,0.0,0.0,0.0,58.6410303786397,0.9,0.0,0.0,0.0,0.0,450.0,1265.0,0.0,0.0,86.24,3.491,89.731,72.808,4.66,85.071,emon,0.8,0.464,50.2,23.4,2.146
2026-09-18 00:30:36.260,11.6,0,56,20;8;5;19;0;0;23;2;0;0;56;9;3;3;31;6,953,2671,1500;1551;1737;1543;1416;1218;1346;1187;2565;2671;1472;1197;1141;953;1190;1062,1.9,0.0,1251.7,0,0,0,0,0,0.0,0,0,0,0,0,0,0,0,0.0,0,0,0,0,0,95.2,0.0,7490.2,0,0,0,34.1,5.44,0.17,3.37,23.95,25.6,63.4,98.5667696696956,0.8937293626481622,11.746870320017745,7.000475030755851,0.7813198058312282,1020.9512195121952,0.0,0.0,0.0,0.0,51.6368591432437,1.0,0.0,0.0,0.0,0.0,250.0,1290.6,0.0,0.0,96.217,1.678,97.895,46.441,2.972,94.923,emon,0.802,0.57,57.6,27.0,2.132
2026-09-18 00:30:37.261,23.6,8,68,36;11;12;28;15;11;42;18;8;11;68;9;17;12;52;27,894,1736,1574;1710;1682;1736;1203;1129;1289;1171;1398;1407;1545;1362;895;894;1122;1060,2.3,0.0,1237.0,0,0,0,0,0,0.0,0,0,0,0,0,0,0,0,0.0,0,0,0,0,0,95.8,0.0,7490.2,0,0,0,35.1,4.67,0.12,3.37,22.67,25.3,63.4,98.52890770865957,1.171267660228035,13.827374351182174,7.770489347663745,1.1343593649927215,1068.1629955947137,0.0,0.0,0.0,0.0,50.68060984564248,0.2,0.0,0.0,0.0,0.0,250.0,1242.2,0.0,0.0,96.217,1.678,97.895,46.441,2.972,94.923,emon,0.802,0.57,57.6,27.0,2.132
2026-09-18 00:30:38.261,19.0,3,60,37;5;3;30;3;5;60;12;17;9;34;13;12;8;36;19,858,1862,1862;1038;1031;1658;858;917;1397;1012;962;865;1373;923;1251;1283;1189;1212,2.3,0.0,1237.0,0,0,0,0,0,0.0,0,0,0,0,0,0,0,0,0.0,0,0,0,0,0,95.8,0.0,7490.2,0,0,0,35.1,4.67,0.12,3.37,22.67,25.3,63.4,97.08601379394531,5.619132041931152,37.2481689453125,37.196311950683594,0.11792521551251411,1199.0,0.0,0.0,0.0,0.0,50.1909169331193,0.3,0.0,0.0,0.0,0.0,250.0,1237.0,0.0,0.0,96.217,1.678,97.895,46.441,2.972,94.923,emon,0.802,0.57,57.6,27.0,2.132
2026-09-18 00:30:39.262,12.3,0,68,25;20;0;25;0;0;68;0;0;0;25;0;3;0;26;6,1041,2034,1769;2034;2011;1791;1378;1383;1505;1297;1119;1120;1318;1230;1041;1072;1169;1126,1.3,0.0,1237.0,0,0,0,0,0,0.0,0,0,0,0,0,0,0,0,0.0,0,0,0,0,0,85.0,0.0,7490.2,0,0,0,34.1,4.67,0.12,3.37,22.67,25.3,63.4,98.24838829040527,1.1297564255073667,13.237243798043993,6.948010487688912,1.1094498717122607,1047.611111111111,0.0,0.0,0.0,0.0,50.227982023730874,0.2,0.0,0.0,0.0,0.0,300.0,1237.0,0.0,0.0,96.217,1.678,97.895,46.441,2.972,94.923,emon,0.802,0.57,57.6,27.0,2.132
2026-09-18 00:30:40.262,12.2,0,81,39;2;0;28;0;0;81;0;0;0;29;0;0;0;15;0,902,2022,1706;2022;1258;1705;1402;1413;1582;1398;1137;1148;1310;1146;1010;902;1123;966,0.6,0.0,1237.0,0,0,0,0,0,0.0,0,0,0,0,0,0,0,0,0.0,0,0,0,0,0,93.5,0.0,7490.2,0,0,0,34.1,4.67,0.12,3.37,22.67,25.3,63.4,97.8230375402114,0.3935280519208926,11.290686348781866,7.699859484865823,0.9237527566797593,1147.5294117647059,0.0,0.0,0.0,0.0,50.17641658007222,0.2,0.0,0.0,0.0,0.0,450.0,1237.0,0.0,0.0,96.217,1.678,97.895,46.441,2.972,94.923,emon,0.802,0.57,57.6,27.0,2.132
2026-09-18 00:30:41.263,12.1,0,66,27;6;0;31;0;0;66;0;0;0;30;0;11;0;20;3,940,1917,1917;1293;1843;1704;1200;1186;1470;1197;1155;1198;1406;1222;1208;940;1156;975,1.0,0.0,1237.0,0,0,0,0,0,0.0,0,0,0,0,0,0,0,0,0.0,0,0,0,0,0,94.6,0.0,7490.2,0,0,0,34.1,3.04,0.03,3.34,21.03,25.3,63.4,98.39635226601048,1.0317164526419027,13.826570518706975,8.321151152841354,1.2556423670367192,997.0263157894736,0.0,0.0,0.0,0.0,50.170789001411514,0.2,0.0,0.0,0.0,0.0,300.0,1237.0,0.0,0.0,96.217,1.678,97.895,46.441,2.972,94.923,emon,0.802,0.57,57.6,27.0,2.132
2026-09-18 00:30:42.263,11.8,0,81,22;2;3;20;0;0;81;0;0;0;29;0;10;2;16;5,1011,1983,1459;1983;1794;1370;1334;1306;1532;1618;1166;1163;1351;1849;1197;1011;1124;1072,0.2,0.0,1237.0,0,0,0,0,0,0.0,0,0,0,0,0,0,0,0,0.0,0,0,0,0,0,93.4,0.0,7490.2,0,0,0,34.1,3.04,0.03,3.34,21.03,25.2,63.4,98.2156867980957,0.14562321407720447,11.049927771091461,10.208104975521564,1.6683251857757568,799.0,0.0,0.0,0.0,0.0,50.21784299612045,0.1,0.0,0.0,0.0,0.0,450.0,1237.0,0.0,0.0,96.217,1.678,97.895,46.441,2.972,94.923,emon,0.802,0.57,57.6,27.0,2.132
2026-09-18 00:30:43.264,10.4,0,71,14;0;0;15;0;0;71;0;0;0;38;0;9;0;11;9,925,1939,1398;1939;1272;1361;1275;1261;1518;1322;1091;1136;1467;1278;1080;925;1154;1056,0.0,0.0,1237.0,0,0,0,0,0,0.0,0,0,0,0,0,0,0,0,0.0,0,0,0,0,0,93.5,0.0,7490.2,0,0,0,34.1,3.04,0.03,3.34,21.03,25.2,63.4,97.55760320027669,0.4557027312306066,22.21559914946556,19.131753629694384,1.8266574939092,1019.8333333333334,0.0,0.0,0.0,0.0,50.222905238469444,0.0,0.0,0.0,0.0,0.0,450.0,1237.0,0.0,0.0,96.217,1.678,97.895,46.441,2.972,94.923,emon,0.802,0.57,57.6,27.0,2.132
2026-09-18 00:30:44.264,10.8,0,34,8;25;0;27;0;0;5;20;0;0;14;34;8;0;0;33,954,2516,1719;2031;1841;2516;1288;1614;1222;1434;1673;1348;1575;1529;961;970;954;1113,0.0,0.0,1237.0,0,0,0,0,0,0.0,0,0,0,0,0,0,0,0,0.0,0,0,0,0,0,93.5,0.0,7490.2,0,0,0,35.1,3.04,0.03,3.34,21.03,25.3,63.4,98.5978509756235,0.7500708624720573,12.78659713451679,8.103677623547041,1.0804504963067862,945.1538461538462,0.0,0.0,0.0,0.0,50.95385942814442,0.0,0.0,0.0,0.0,0.0,250.0,1237.0,0.0,0.0,96.217,1.678,97.895,46.441,2.972,94.923,emon,0.802,0.57,57.6,27.0,2.132
2026-09-18 00:30:45.264,12.6,0,65,11;37;5;32;0;0;0;30;0;0;0;65;0;5;2;16,968,2277,2277;2264;1423;2267;1241;1276;1350;1382;1323;1339;1367;1572;968;1064;983;1182,6.0,0.0,1255.7,0,0,0,0,0,0.0,0,0,0,0,0,0,0,0,0.0,0,0,0,0,0,98.1,0.0,7490.2,0,0,0,35.1,3.05,0.03,3.35,20.92,25.3,63.4,98.86071558516154,2.9586333510891873,14.08680067690768,11.199330815857696,1.089095992810461,981.5581395348837,0.0,0.0,0.0,0.0,50.570686408831165,0.6,0.0,0.0,0.0,0.0,450.0,1255.4,0.0,0.0,96.217,1.678,97.895,46.441,2.972,94.923,emon,0.802,0.57,57.6,27.0,2.132
2026-09-18 00:30:46.265,17.2,0,61,17;61;12;45;3;3;6;25;5;0;0;45;12;5;2;34,712,3573,3452;3381;3573;3266;2943;2892;2817;2032;2932;2949;2931;2033;916;712;733;1110,1.2,0.0,1243.4,0,0,0,0,0,0.0,0,0,0,0,0,0,0,0,0.0,0,0,0,0,0,94.6,0.0,7490.2,0,0,0,52.1,3.05,0.03,3.35,20.92,25.3,63.4,98.72716718731505,2.638362247703804,20.62525511390031,17.662506808385704,0.7670124073661605,913.6464646464647,0.0,0.0,0.0,0.0,53.686741688674445,0.2,0.0,0.0,0.0,0.0,450.0,1243.4,0.0,0.0,96.217,1.678,97.895,46.441,2.972,94.923,emon,0.802,0.57,57.6,27.0,2.132
2026-09-18 00:30:47.265,17.2,0,83,27;83;11;61;6;0;2;29;3;0;0;30;5;2;2;17,714,4091,3951;4091;3980;4017;2382;2104;1547;2465;2737;3215;2351;2538;820;759;714;863,2.7,0.0,1266.8,0,0,0,0,0,0.0,0,0,0,0,0,0,0,0,0.0,0,0,0,0,0,97.3,0.0,7490.2,0,0,0,59.1,3.05,0.03,3.35,20.92,25.3,63.4,99.24662840470023,2.707253742169427,23.260529713527017,20.465175545863485,1.7755284636984985,927.695652173913,0.0,0.0,0.0,0.0,51.69679824956086,0.8,0.0,0.0,0.0,0.0,250.0,1266.8,0.0,0.0,94.747,1.652,96.399,24.976,1.598,94.801,emon,0.819,0.754,55.8,25.8,2.16
2026-09-18 00:30:48.265,11.0,0,78,6;48;5;78;0;0;0;17;0;0;0;14;0;2;0;5,650,4259,3893;4141;4000;4259;2009;2335;2645;2227;1607;2228;2627;2225;656;867;650;881,3.1,0.0,1274.0,0,0,0,0,0,0.0,0,0,0,0,0,0,0,0,0.0,0,0,0,0,0,94.8,0.0,7490.2,0,0,0,63.1,3.05,0.03,3.35,20.92,25.3,63.4,99.24036767747667,1.239942121597576,12.00311118695471,9.752498243211043,0.5572548472361328,1024.0,0.0,0.0,0.0,0.0,50.12710896320641,0.8,0.0,0.0,0.0,0.0,250.0,1274.0,0.0,0.0,94.747,1.652,96.399,24.976,1.598,94.801,emon,0.819,0.754,55.8,25.8,2.16
2026-09-18 00:30:49.266,10.6,0,96,3;34;2;96;2;0;0;9;0;0;0;14;3;0;0;8,585,4328,4020;4162;4290;4328;1701;1195;1236;1864;1315;1316;1595;1682;616;691;585;958,0.7,0.0,1247.4,0,0,0,0,0,0.0,0,0,0,0,0,0,0,0,0.0,0,0,0,0,0,100.0,0.0,7490.2,0,0,0,66.1,14.1,0.09,3.38,30.77,25.3,63.4,94.93735363608913,2.237064228123544,17.660858665641985,17.39766318743166,1.361737548189826,901.6315789473684,0.0,0.0,0.0,0.0,47.550507379205605,0.1,0.0,0.0,0.0,0.0,250.0,1247.4,0.0,0.0,94.747,1.652,96.399,24.976,1.598,94.801,emon,0.819,0.754,55.8,25.8,2.16
2026-09-18 00:30:50.266,9.7,0,98,3;27;2;98;0;0;0;11;0;0;0;8;0;0;0;6,532,4317,4018;4116;4023;4317;1594;1961;1575;1932;2444;1404;1341;1973;620;532;622;809,0.8,0.0,1252.7,0,0,0,0,0,0.0,0,0,0,0,0,0,0,0,0.0,0,0,0,0,0,94.6,0.0,7490.2,0,0,0,65.1,14.1,0.09,3.38,30.77,25.3,63.4,98.6537634531657,1.9745798426350423,21.923205733299255,20.83956676349044,1.602516485688587,924.0,0.0,0.0,0.0,0.0,50.17201214345793,0.1,0.0,0.0,0.0,0.0,250.0,1247.4,0.0,0.0,94.747,1.652,96.399,24.976,1.598,94.801,emon,0.819,0.754,55.8,25.8,2.16
2026-09-18 00:30:51.266,13.8,2,89,8;35;10;89;6;2;5;19;5;5;3;11;5;2;2;17,759,4249,4136;4114;4004;4249;3034;3185;3174;2442;2905;2937;3087;2347;816;759;780;867,3.0,0.0,1248.6,0,0,0,0,0,0.0,0,0,0,0,0,0,0,0,0.0,0,0,0,0,0,96.4,0.0,7490.2,0,0,0,63.1,14.1,0.09,3.38,30.77,25.3,63.4,99.12316163053218,2.139012503574516,22.38428594095191,21.0398583067293,1.7939586626730628,963.9484536082474,0.0,0.0,0.0,0.0,52.89133150645138,0.2,0.0,0.0,0.0,0.0,250.0,1260.2,0.0,0.0,94.747,1.652,96.399,24.976,1.598,94.801,emon,0.819,0.754,55.8,25.8,2.16
2026-09-18 00:30:52.266,11.5,0,70,6;63;5;70;0;0;0;14;0;0;0;8;3;0;3;12,670,4279,4067;4248;4105;4279;2300;3270;3063;2048;2328;2937;2760;2268;788;670;831;876,1.2,0.0,1246.4,0,0,0,0,0,0.0,0,0,0,0,0,0,0,0,0.0,0,0,0,0,0,95.5,0.0,7490.2,0,0,0,64.1,14.1,0.09,3.38,30.77,25.3,63.4,98.792813539505,2.8067873887048336,24.049043238162994,23.383324657101184,2.0078325529029826,845.875,0.0,0.0,0.0,0.0,50.1630313959904,0.3,0.0,0.0,0.0,0.0,250.0,1246.4,0.0,0.0,94.747,1.652,96.399,24.976,1.598,94.801,emon,0.819,0.754,55.8,25.8,2.16
2026-09-18 00:30:53.267,12.2,0,60,3;60;0;56;0;0;0;25;0;0;0;28;2;0;0;22,759,4323,4123;4323;3931;4288;1863;1416;1217;1804;2401;1303;1340;2194;936;866;759;961,0.6,0.0,1233.0,0,0,0,0,0,0.0,0,0,0,0,0,0,0,0,0.0,0,0,0,0,0,94.5,0.0,7490.2,0,0,0,64.1,18.06,0.03,3.39,34.32,25.3,63.4,98.63758087158203,1.7174755617355306,21.221119227232755,20.197534035201425,1.459685754000761,1041.5925925925926,0.0,0.0,0.0,0.0,48.43847452380039,0.2,0.0,0.0,0.0,0.0,250.0,1241.1,0.0,0.0,94.747,1.652,96.399,24.976,1.598,94.801,emon,0.819,0.754,55.8,25.8,2.16
2026-09-18 00:30:54.267,9.0,0,98,3;17;0;98;0;0;0;10;0;0;0;9;0;2;0;5,551,4362,4264;4237;3730;4362;2418;1331;1176;1767;1056;1252;1244;1728;894;1005;551;954,0.6,0.0,1233.0,0,0,0,0,0,0.0,0,0,0,0,0,0,0,0,0.0,0,0,0,0,0,94.5,0.0,7490.2,0,0,0,65.1,18.06,0.03,3.39,34.32,25.3,63.4,98.87675889333089,1.929954027524218,20.276084455351036,19.36459514281402,1.8746573160763849,994.8333333333334,0.0,0.0,0.0,0.0,50.22828617505729,0.1,0.0,0.0,0.0,0.0,250.0,1233.0,0.0,0.0,94.747,1.652,96.399,24.976,1.598,94.801,emon,0.819,0.754,55.8,25.8,2.16
2026-09-18 00:30:55.267,21.5,0,89,38;89;20;58;12;6;3;32;20;2;2;31;3;0;0;28,524,4209,3994;4209;3960;4089;3232;3092;3136;3048;3226;3156;2931;2906;807;725;524;897,0.6,0.0,1225.4,0,0,0,0,0,0.0,0,0,0,0,0,0,0,0,0.0,0,0,0,0,0,92.1,0.0,7490.2,0,0,0,64.1,18.06,0.03,3.39,34.32,25.2,63.4,98.90101959228515,1.9212963895872235,22.03781266450882,20.828867391645908,1.4660974516067653,835.0,0.0,0.0,0.0,0.0,52.340761919617655,0.6,0.0,0.0,0.0,0.0,250.0,1247.9,0.0,0.0,94.747,1.652,96.399,24.976,1.598,94.801,emon,0.819,0.754,55.8,25.8,2.16
2026-09-18 00:30:56.268,10.1,0,88,6;88;2;34;0;3;0;5;3;0;0;9;5;3;0;5,605,4290,4172;4290;3865;4203;2050;2646;1484;2204;2369;1447;1340;1878;842;927;605;837,0.7,0.0,1242.6,0,0,0,0,0,0.0,0,0,0,0,0,0,0,0,0.0,0,0,0,0,0,95.1,0.0,7490.2,0,0,0,65.1,18.06,0.03,3.39,34.32,25.2,63.4,98.52348613739014,3.506460347562097,25.447270448009174,25.626878562693793,1.4243211585174624,949.0,0.0,0.0,0.0,0.0,50.150010764598846,0.1,0.0,0.0,0.0,0.0,250.0,1242.6,0.0,0.0,94.747,1.652,96.399,24.976,1.598,94.801,emon,0.819,0.754,55.8,25.8,2.16
2026-09-18 00:30:57.268,11.1,0,85,5;85;2;44;2;0;0;17;0;0;0;16;0;0;0;8,722,4241,4145;4241;3279;4089;1588;1908;1609;2018;2149;1785;2167;2027;722;798;844;897,3.5,0.0,1242.4,0,0,0,0,0,0.0,0,0,0,0,0,0,0,0,0.0,0,0,0,0,0,100.0,0.0,7490.2,0,0,0,65.1,18.1,0.04,3.41,34.45,25.2,63.4,99.01965260225184,2.7912101301967223,24.820707826754624,24.08741007727735,1.664828315190286,924.8823529411765,0.0,0.0,0.0,0.0,52.043666396947465,0.4,0.0,0.0,0.0,0.0,250.0,1242.4,0.0,0.0,94.747,1.652,96.399,24.976,1.598,94.801,emon,0.819,0.754,55.8,25.8,2.16
2026-09-18 00:30:58.268,11.3,0,80,9;80;2;47;2;0;0;11;2;0;0;8;5;2;0;14,760,4143,3944;4143;3755;4013;2470;3120;1272;2250;2633;1338;1465;2051;829;760;886;899,5.4,0.0,1284.6,0,0,0,0,0,0.0,0,0,0,0,0,0,0,0,0.0,0,0,0,0,0,96.6,0.0,7490.2,0,0,0,60.1,18.1,0.04,3.41,34.45,25.2,63.4,99.50046415049401,0.11343706609432491,4.719998050978595,1.9782155819649805,0.7189388192283044,962.6807817589577,0.0,0.0,0.0,0.0,57.79299428621277,0.6,0.0,0.0,0.0,0.0,250.0,1279.6,0.0,0.0,94.747,1.652,96.399,24.976,1.598,94.801,emon,0.819,0.754,55.8,25.8,2.16
2026-09-18 00:30:59.268,11.7,0,81,11;81;5;45;0;0;0;20;0;0;0;17;0;2;0;6,595,4256,4179;4256;3710;4146;2406;3165;1797;2482;2363;3239;3149;2207;881;786;595;911,0.6,0.0,1263.5,0,0,0,0,0,0.0,0,0,0,0,0,0,0,0,0.0,0,0,0,0,0,94.4,0.0,7490.2,0,0,0,66.1,18.1,0.04,3.41,34.45,25.3,63.4,98.58755535549588,0.837352010111014,22.62764835357666,20.328341542846626,1.1327080287608422,951.7777777777778,0.0,0.0,0.0,0.0,50.163543094363476,0.2,0.0,0.0,0.0,0.0,250.0,1263.5,0.0,0.0,89.759,1.489,91.247,19.31,1.236,90.011,emon,0.841,0.597,46.7,21.7,2.156
2026-09-18 00:31:00.269,12.6,0,73,6;73;8;58;2;0;0;17;0;0;0;21;3;0;0;12,707,4148,3683;4148;3591;4019;2179;2831;1873;2200;2806;2647;1927;2149;818;796;707;870,2.2,0.0,1285.7,0,0,0,0,0,0.0,0,0,0,0,0,0,0,0,0.0,0,0,0,0,0,94.5,0.0,7490.2,0,0,0,60.1,18.1,0.04,3.41,34.45,25.2,63.4,99.61181367473837,0.500212230738789,10.178607782218682,7.482983642460878,1.2135789190781199,950.0288065843621,0.0,0.0,0.0,0.0,54.769407178459254,0.6,0.0,0.0,0.0,0.0,250.0,1285.7,0.0,0.0,89.759,1.489,91.247,19.31,1.236,90.011,emon,0.841,0.597,46.7,21.7,2.156
2026-09-18 00:31:01.269,17.6,2,84,25;57;11;84;6;3;6;19;5;6;5;26;2;3;6;18,713,4381,3999;4286;4011;4381;3011;3289;3200;2660;2979;3268;3314;2475;778;713;745;968,4.5,0.0,1269.2,0,0,0,0,0,0.0,0,0,0,0,0,0,0,0,0.0,0,0,0,0,0,87.4,0.0,7490.2,0,0,0,68.1,17.39,0.08,3.38,33.73,25.2,63.4,99.36098389747815,0.3339735479004538,6.445989666840969,3.859811782789154,0.757603612423946,1003.3269230769231,0.0,0.0,0.0,0.0,59.22280609899033,0.5,0.0,0.0,0.0,0.0,250.0,1280.5,0.0,0.0,89.759,1.489,91.247,19.31,1.236,90.011,emon,0.841,0.597,46.7,21.7,2.156
2026-09-18 00:31:02.270,9.0,0,98,0;22;2;98;0;0;0;6;0;0;0;11;0;0;0;5,1015,4729,4689;4672;4729;4723;2175;1681;1765;1713;1939;2729;2517;1805;1128;1108;1015;1384,0.4,0.0,1265.2,0,0,0,0,0,0.0,0,0,0,0,0,0,0,0,0.0,0,0,0,0,0,0.0,0.0,7490.2,0,0,0,78.1,17.39,0.08,3.38,33.73,25.2,63.4,97.75531463623047,0.37007320979610087,24.274212169647218,21.10028641521931,1.4562702119350432,1069.0,0.0,0.0,0.0,0.0,50.243642368912695,0.3,0.0,0.0,0.0,0.0,450.0,1265.2,0.0,0.0,89.759,1.489,91.247,19.31,1.236,90.011,emon,0.841,0.597,46.7,21.7,2.156
2026-09-18 00:31:03.270,8.5,0,98,0;22;0;98;0;0;0;6;0;0;0;8;0;0;0;2,1068,4729,4362;4646;4729;4727;1587;1357;1525;1780;1453;1541;1614;1402;1181;1068;1068;1160,0.2,0.0,1246.4,0,0,0,0,0,0.0,0,0,0,0,0,0,0,0,0.0,0,0,0,0,0,0.0,0.0,7490.2,0,0,0,80.1,17.39,0.08,3.38,33.73,25.2,63.4,97.88423767089844,0.4390640942379832,21.703704249858855,18.486036102473737,1.5793178931809961,1199.0,0.0,0.0,0.0,0.0,50.42423663437366,0.0,0.0,0.0,0.0,0.0,450.0,1246.4,0.0,0.0,89.759,1.489,91.247,19.31,1.236,90.011,emon,0.841,0.597,46.7,21.7,2.156
2026-09-18 00:31:04.271,8.4,0,100,2;17;2;100;0;0;0;6;2;0;0;3;0;0;0;3,1074,4727,4576;4522;4727;4722;2226;1564;1357;2659;2389;1404;1370;2021;1149;1074;1114;1295,0.8,0.0,1261.9,0,0,0,0,0,0.0,0,0,0,0,0,0,0,0,0.0,0,0,0,0,0,0.0,0.0,7490.2,0,0,0,80.1,17.39,0.08,3.38,33.73,25.2,63.4,97.57256927490235,0.4773771585896611,21.18001514673233,18.69970457702875,1.9169703245162963,1004.0,0.0,0.0,0.0,0.0,50.26686372756958,0.2,0.0,0.0,0.0,0.0,450.0,1261.9,0.0,0.0,89.759,1.489,91.247,19.31,1.236,90.011,emon,0.841,0.597,46.7,21.7,2.156
2026-09-18 00:31:05.271,18.0,0,75,31;72;16;75;5;0;3;32;6;2;2;27;2;0;0;16,1482,4706,4680;4706;4616;4695;3160;3332;3116;2957;3215;3105;3410;2674;2031;1482;1505;1790,9.6,0.0,1336.8,0,0,0,0,0,0.0,0,0,0,0,0,0,0,0,0.0,0,0,0,0,0,0.0,0.0,7490.2,0,0,0,76.1,23.04,0.07,0.41,26.03,25.3,63.4,99.1636188740633,3.7264022337995013,26.775830463487274,25.325595213138328,0.47138274138781766,1190.4285714285713,0.0,0.0,0.0,0.0,56.66862155089573,1.3,0.0,0.0,0.0,0.0,450.0,1371.5,0.0,0.0,89.759,1.489,91.247,19.31,1.236,90.011,emon,0.841,0.597,46.7,21.7,2.156
2026-09-18 00:31:06.271,17.4,2,91,23;62;6;91;8;3;3;19;6;3;5;25;2;2;3;18,1292,4401,4215;4374;4175;4401;3019;3204;3085;2706;2996;3012;3081;2498;2173;2371;2005;1292,12.3,0.0,1387.6,0,0,0,0,0,0.0,0,0,0,0,0,0,0,0,0.0,0,0,0,0,0,70.6,0.0,7490.2,0,0,0,67.1,23.04,0.07,0.41,26.03,25.3,63.4,98.94575316330483,4.245627375312464,35.17289811760986,34.94155685712094,1.5862985853226437,1174.8620689655172,0.0,0.0,0.0,0.0,54.8588672273175,1.7,0.0,0.0,0.0,0.0,250.0,1343.6,0.0,0.0,89.759,1.489,91.247,19.31,1.236,90.011,emon,0.841,0.597,46.7,21.7,2.156
2026-09-18 00:31:07.272,9.8,0,97,2;22;2;97;0;0;3;6;0;3;3;15;2;0;0;2,579,4364,4254;4191;4206;4364;1942;1744;1272;1883;2124;1610;1578;1818;727;632;579;906,12.3,0.0,1387.6,0,0,0,0,0,0.0,0,0,0,0,0,0,0,0,0.0,0,0,0,0,0,70.6,0.0,7490.2,0,0,0,68.1,23.04,0.07,0.41,26.03,25.3,63.4,98.42707920074463,0.4585831156000495,20.057718813419342,17.434026386588812,1.8600777983665466,711.5,0.0,0.0,0.0,0.0,50.22972300462425,0.6,0.0,0.0,0.0,0.0,250.0,1387.6,0.0,0.0,89.759,1.489,91.247,19.31,1.236,90.011,emon,0.841,0.597,46.7,21.7,2.156
2026-09-18 00:31:08.272,10.6,0,96,8;35;0;96;0;0;0;16;0;0;0;11;0;0;0;5,487,4242,3878;4032;3678;4242;2774;1364;1679;2174;2108;1782;1617;2224;808;487;604;821,1.2,0.0,1387.6,0,0,0,0,0,0.0,0,0,0,0,0,0,0,0,0.0,0,0,0,0,0,94.2,0.0,7490.2,0,0,0,66.1,23.04,0.07,0.41,26.03,25.3,63.4,98.75372281281844,2.285039207938573,26.41914383224819,25.21281392937121,3.2238634068356906,1049.0,0.0,0.0,0.0,0.0,47.97724797511878,0.4,0.0,0.0,0.0,0.0,250.0,1381.3,0.0,0.0,89.759,1.489,91.247,19.31,1.236,90.011,emon,0.841,0.597,46.7,21.7,2.156
2026-09-18 00:31:09.272,25.9,9,79,29;62;22;79;26;19;17;20;14;19;11;46;13;22;9;9,1888,4417,4417;4397;4398;4378;3345;3386;3399;3076;3346;3394;3397;3153;1995;2066;2361;1888,0.0,0.0,1381.3,0,0,0,0,0,0.0,0,0,0,0,0,0,0,0,0.0,0,0,0,0,0,98.4,0.0,7490.2,0,0,0,66.1,20.13,0.16,11.0,36.24,25.3,63.4,99.17433990478516,3.3268916836380957,27.17996087551117,26.525860677957535,1.907773403248284,907.0,0.0,0.0,0.0,0.0,48.19413484454155,0.0,0.0,0.0,0.0,0.0,250.0,1381.3,0.0,0.0,89.759,1.489,91.247,19.31,1.236,90.011,emon,0.841,0.597,46.7,21.7,2.156
2026-09-18 00:31:10.273,10.3,0,75,2;75;0;45;2;0;0;17;3;0;0;14;0;0;0;6,699,4349,4251;4349;3905;4325;1694;2789;2742;1781;2699;2815;2648;1835;699;730;728;869,0.0,0.0,1381.3,0,0,0,0,0,0.0,0,0,0,0,0,0,0,0,0.0,0,0,0,0,0,94.2,0.0,7490.2,0,0,0,68.1,20.13,0.16,11.0,36.24,25.3,63.4,98.36868362426758,0.4703024750575423,22.62885901927948,19.913712625205516,1.7109559785341844,964.0,0.0,0.0,0.0,0.0,50.18508172035217,0.1,0.0,0.0,0.0,0.0,250.0,1381.3,0.0,0.0,89.759,1.489,91.247,19.31,1.236,90.011,emon,0.841,0.597,46.7,21.7,2.156
2026-09-18 00:31:11.273,15.2,2,73,16;54;12;73;11;2;3;20;5;2;2;20;8;2;3;11,733,4231,3886;4174;3853;4231;2685;3057;3208;2486;2990;3224;3368;2428;761;733;744;810,1.1,0.0,1302.7,0,0,0,0,0,0.0,0,0,0,0,0,0,0,0,0.0,0,0,0,0,0,94.3,0.0,7490.2,0,0,0,64.1,20.13,0.16,11.0,36.24,25.3,63.4,97.99102456229073,3.3188670301543817,30.42304706999234,29.617525970829384,2.0741411324665284,934.7142857142857,0.0,0.0,0.0,0.0,50.124992789168445,0.1,0.0,0.0,0.0,0.0,250.0,1305.8,0.0,0.0,37.5,21.632,59.133,87.344,5.59,53.543,emon,0.828,0.963,47.0,21.8,2.16
2026-09-18 00:31:12.273,12.6,0,70,10;70;2;58;0;2;0;17;0;0;0;17;5;2;0;20,881,4165,3996;4158;3437;4165;2422;2592;1369;2551;2484;980;1007;2504;881;914;890;890,0.9,0.0,1267.7,0,0,0,0,0,0.0,0,0,0,0,0,0,0,0,0.0,0,0,0,0,0,91.9,0.0,7490.2,0,0,0,61.1,20.13,0.16,11.0,36.24,25.3,63.4,99.01752758026123,4.687981009483337,32.686126708984375,32.86179876327515,2.9955147719592787,930.25,0.0,0.0,0.0,0.0,50.13809927366674,0.1,0.0,0.0,0.0,0.0,250.0,1267.7,0.0,0.0,37.5,21.632,59.133,87.344,5.59,53.543,emon,0.828,0.963,47.0,21.8,2.16
2026-09-18 00:31:13.274,12.4,0,85,6;47;5;85;0;0;0;23;0;0;0;23;2;0;0;8,478,4167,3963;4046;3881;4167;2534;1946;1810;2441;2540;1679;1570;2444;622;605;478;875,8.6,0.0,1262.2,0,0,0,0,0,0.0,0,0,0,0,0,0,0,0,0.0,0,0,0,0,0,98.3,0.0,7490.2,0,0,0,61.1,18.91,0.07,3.51,34.84,25.3,63.4,99.46907336176658,1.5854046413560912,15.262670143769713,13.491736105327703,1.5292184938488966,913.8979591836735,0.0,0.0,0.0,0.0,53.8342665455171,1.2,0.0,0.0,0.0,0.0,250.0,1265.9,0.0,0.0,37.5,21.632,59.133,87.344,5.59,53.543,emon,0.828,0.963,47.0,21.8,2.16
2026-09-18 00:31:14.274,10.8,0,96,28;3;2;96;17;0;0;2;17;0;0;0;9;0;0;0,670,4362,4234;4205;3888;4362;2021;2093;1922;2271;1838;2156;1233;2173;915;692;670;801,0.0,0.0,1265.9,0,0,0,0,0,0.0,0,0,0,0,0,0,0,0,0.0,0,0,0,0,0,100.0,0.0,7490.2,0,0,0,65.1,18.91,0.07,3.51,34.84,25.3,63.4,98.3655834197998,0.44763441958154243,20.624660203854244,18.169837137063343,2.128040944953682,928.1666666666666,0.0,0.0,0.0,0.0,50.20447272310654,0.1,0.0,0.0,0.0,0.0,250.0,1265.9,0.0,0.0,37.5,21.632,59.133,87.344,5.59,53.543,emon,0.828,0.963,47.0,21.8,2.16
2026-09-18 00:31:15.274,9.7,0,96,19;6;3;96;10;0;0;2;13;2;0;0;6;0;0;0,617,4380,4295;4182;4038;4380;1570;1686;1495;1090;1624;2200;1622;2174;911;667;617;659,0.3,0.0,1257.9,0,0,0,0,0,0.0,0,0,0,0,0,0,0,0,0.0,0,0,0,0,0,93.5,0.0,7490.2,0,0,0,65.1,18.91,0.07,3.51,34.84,25.3,63.4,98.10030593872071,0.6396655736491084,19.67345138788223,17.364021907746793,1.6969101428985596,729.0,0.0,0.0,0.0,0.0,50.259521949291226,0.0,0.0,0.0,0.0,0.0,250.0,1257.9,0.0,0.0,37.5,21.632,59.133,87.344,5.59,53.543,emon,0.828,0.963,47.0,21.8,2.16
2026-09-18 00:31:16.274,9.2,0,98,26;2;0;98;8;0;0;0;8;0;0;0;6;0;0;0,595,4391,4262;4265;4238;4391;1899;2159;1484;1382;1565;1317;1344;1231;957;686;658;595,0.1,0.0,1257.9,0,0,0,0,0,0.0,0,0,0,0,0,0,0,0,0.0,0,0,0,0,0,94.1,0.0,7490.2,0,0,0,66.1,18.91,0.07,3.51,34.84,25.3,63.4,98.57779884338379,0.5819868934340775,20.86583834886551,17.982056749984622,1.5834260280098533,1036.5,0.0,0.0,0.0,0.0,50.15552297234535,0.0,0.0,0.0,0.0,0.0,250.0,1257.9,0.0,0.0,37.5,21.632,59.133,87.344,5.59,53.543,emon,0.828,0.963,47.0,21.8,2.16
2026-09-18 00:31:17.275,12.9,3,98,24;8;6;98;14;3;5;3;12;3;5;3;6;3;6;5,719,4375,4232;4152;4143;4375;2252;3115;3235;3071;2461;2918;3263;3132;840;840;769;719,0.1,0.0,1257.9,0,0,0,0,0,0.0,0,0,0,0,0,0,0,0,0.0,0,0,0,0,0,100.0,0.0,7490.2,0,0,0,65.1,17.8,0.02,3.39,34.03,25.1,63.4,99.07536792755127,0.6104928423883393,22.15711523592472,19.534377749077976,1.412657598266378,942.75,0.0,0.0,0.0,0.0,50.40226116590202,0.0,0.0,0.0,0.0,0.0,250.0,1257.9,0.0,0.0,37.5,21.632,59.133,87.344,5.59,53.543,emon,0.828,0.963,47.0,21.8,2.16
2026-09-18 00:31:18.275,11.9,0,98,20;6;6;98;16;6;3;2;16;9;2;0;0;2;0;4,712,4351,4231;4114;4071;4351;2356;3271;3262;3348;2076;3307;3131;3256;760;712;747;730,0.2,0.0,1257.9,0,0,0,0,0,0.0,0,0,0,0,0,0,0,0,0.0,0,0,0,0,0,95.6,0.0,7490.2,0,0,0,66.1,17.8,0.02,3.39,34.03,25.1,63.4,98.47839164733887,0.42373431644712883,21.52901824315389,17.829536507527035,2.055828273296356,853.1666666666666,0.0,0.0,0.0,0.0,50.1859717592597,0.0,0.0,0.0,0.0,0.0,250.0,1257.9,0.0,0.0,37.5,21.632,59.133,87.344,5.59,53.543,emon,0.828,0.963,47.0,21.8,2.16
2026-09-18 00:31:19.276,8.7,0,97,19;2;2;97;8;0;0;0;11;0;0;0;2;0;0;0,613,4394,4299;3837;4230;4394;1578;1743;1258;1261;1549;1381;1690;1659;958;837;613;619,0.1,0.0,1257.9,0,0,0,0,0,0.0,0,0,0,0,0,0,0,0,0.0,0,0,0,0,0,100.0,0.0,7490.2,0,0,0,67.1,17.8,0.02,3.39,34.03,25.1,63.4,98.47839164733887,0.42373431644712883,21.52901824315389,17.829536507527035,2.055828273296356,853.1666666666666,0.0,0.0,0.0,0.0,50.1859717592597,0.0,0.0,0.0,0.0,0.0,250.0,1257.9,0.0,0.0,37.5,21.632,59.133,87.344,5.59,53.543,emon,0.828,0.963,47.0,21.8,2.16
2026-09-18 00:31:20.276,8.9,0,100,14;5;0;100;8;0;0;0;11;0;0;0;6;0;0;0,632,4401,4272;4235;4223;4401;1508;1463;1228;1315;1699;1616;1181;1239;954;632;804;907,0.1,0.0,1257.9,0,0,0,0,0,0.0,0,0,0,0,0,0,0,0,0.0,0,0,0,0,0,100.0,0.0,7490.2,0,0,0,67.1,17.8,0.02,3.39,34.03,25.1,63.4,98.86171436309814,0.5101236496120691,23.0772792249918,20.955029737204313,1.5491530001163483,1086.5,0.0,0.0,0.0,0.0,50.124856958165765,0.0,0.0,0.0,0.0,0.0,250.0,1257.9,0.0,0.0,37.5,21.632,59.133,87.344,5.59,53.543,emon,0.828,0.963,47.0,21.8,2.16
2026-09-18 00:31:21.276,9.5,0,97,20;5;2;97;8;2;0;0;11;2;0;0;3;3;0;0,470,4394,4172;4080;4045;4394;1969;2582;1656;1601;1709;2273;1893;1551;877;898;470;610,0.1,0.0,1257.9,0,0,0,0,0,0.0,0,0,0,0,0,0,0,0,0.0,0,0,0,0,0,93.9,0.0,7490.2,0,0,0,66.1,18.33,0.0,3.39,34.63,25.1,63.4,98.4193016052246,0.5695612879469991,19.74859062433243,17.7112427264452,1.9017741381423547,929.0,0.0,0.0,0.0,0.0,50.1863793566823,0.0,0.0,0.0,0.0,0.0,250.0,1257.9,0.0,0.0,37.5,21.632,59.133,87.344,5.59,53.543,emon,0.828,0.963,47.0,21.8,2.16
2026-09-18 00:31:22.277,11.9,0,95,42;5;2;95;20;0;0;0;18;2;0;0;8;0;0;0,588,4117,3908;3760;3629;4117;2528;2788;2195;1686;2379;2187;1981;1583;872;647;588;692,0.2,0.0,1257.9,0,0,0,0,0,0.0,0,0,0,0,0,0,0,0,0.0,0,0,0,0,0,94.8,0.0,7490.2,0,0,0,60.1,18.33,0.0,3.39,34.63,25.1,63.4,99.18980527106132,0.9626812269193128,11.096224825345834,8.970338941416667,1.0353279446450752,944.9923664122138,0.0,0.0,0.0,0.0,52.59138004996508,0.5,0.0,0.0,0.0,0.0,250.0,1257.0,0.0,0.0,89.431,1.352,90.783,6.843,0.438,90.345,emon,0.847,0.778,46.3,21.7,2.131
2026-09-18 00:31:23.277,16.5,0,96,42;22;9;96;27;5;3;2;32;9;2;2;8;6;2;0,735,4128,3959;3872;3917;4128;2617;3102;3281;3273;2607;3164;3293;3295;835;778;741;735,3.4,0.0,1246.0,0,0,0,0,0,0.0,0,0,0,0,0,0,0,0,0.0,0,0,0,0,0,97.5,0.0,7490.2,0,0,0,61.1,18.33,0.0,3.39,34.63,25.2,63.4,99.28130077226513,1.6065113760878422,14.192436189215801,10.576666058055338,0.9779686541852765,897.4771573604061,0.0,0.0,0.0,0.0,50.50931999983673,0.8,0.0,0.0,0.0,0.0,250.0,1282.9,0.0,0.0,89.431,1.352,90.783,6.843,0.438,90.345,emon,0.847,0.778,46.3,21.7,2.131
2026-09-18 00:31:24.277,9.9,0,97,31;2;0;97;12;0;0;0;14;2;0;0;0;0;0;0,643,4295,4089;3928;3864;4295;1926;1759;1730;1816;1967;1644;2202;2214;747;649;643;820,1.4,0.0,1262.8,0,0,0,0,0,0.0,0,0,0,0,0,0,0,0,0.0,0,0,0,0,0,95.2,0.0,7490.2,0,0,0,65.1,18.33,0.0,3.39,34.63,25.2,63.4,98.46711609855531,1.043977603907623,17.88487612255036,14.165948836812897,2.125859024162064,885.5079365079365,0.0,0.0,0.0,0.0,51.02935807761692,0.2,0.0,0.0,0.0,0.0,250.0,1262.8,0.0,0.0,89.431,1.352,90.783,6.843,0.438,90.345,emon,0.847,0.778,46.3,21.7,2.131
2026-09-18 00:31:25.277,9.2,0,98,23;2;2;98;12;0;0;0;8;0;0;0;2;0;0;0,623,4380,4068;3547;3761;4380;1627;1247;1291;1223;1767;1342;1415;1440;665;826;623;644,0.4,0.0,1256.9,0,0,0,0,0,0.0,0,0,0,0,0,0,0,0,0.0,0,0,0,0,0,92.8,0.0,7490.2,0,0,0,67.1,17.49,0.09,3.37,33.81,25.2,63.4,98.59378106253487,0.8835249980911613,18.468063956924848,14.497610845736094,1.5284780126728168,903.4642857142857,0.0,0.0,0.0,0.0,52.056634104943704,0.1,0.0,0.0,0.0,0.0,250.0,1256.9,0.0,0.0,89.431,1.352,90.783,6.843,0.438,90.345,emon,0.847,0.778,46.3,21.7,2.131
2026-09-18 00:31:26.278,10.1,0,91,27;3;5;91;12;2;2;2;12;2;2;0;0;0;3;0,551,4390,4009;4161;4179;4390;2240;1581;1539;1280;1776;1603;1374;1457;722;585;841;551,0.9,0.0,1253.3,0,0,0,0,0,0.0,0,0,0,0,0,0,0,0,0.0,0,0,0,0,0,100.0,0.0,7490.2,0,0,0,67.1,17.49,0.09,3.37,33.81,25.3,63.4,98.3356318618312,0.8182937500603271,14.99624675692934,11.42230808915514,1.6031648258706837,938.3939393939394,0.0,0.0,0.0,0.0,48.67918283334284,0.1,0.0,0.0,0.0,0.0,250.0,1256.2,0.0,0.0,89.431,1.352,90.783,6.843,0.438,90.345,emon,0.847,0.778,46.3,21.7,2.131
2026-09-18 00:31:27.278,8.1,0,96,17;0;0;96;5;0;0;0;12;0;0;0;0;0;0;0,542,4397,4063;3512;3901;4397;1743;1534;1620;1056;1911;1348;1615;1675;803;645;699;542,0.0,0.0,1256.2,0,0,0,0,0,0.0,0,0,0,0,0,0,0,0,0.0,0,0,0,0,0,92.1,0.0,7490.2,0,0,0,68.1,17.49,0.09,3.37,33.81,25.2,63.4,98.57771396636963,1.2884162850677967,20.596188616007566,18.033330076374114,2.1752903120795963,980.25,0.0,0.0,0.0,0.0,50.275554719846696,0.1,0.0,0.0,0.0,0.0,250.0,1256.3,0.0,0.0,89.431,1.352,90.783,6.843,0.438,90.345,emon,0.847,0.778,46.3,21.7,2.131
2026-09-18 00:31:28.278,9.6,0,98,17;6;0;98;14;2;0;0;14;0;0;0;2;0;0;0,546,4326,4004;4054;4118;4326;2002;2083;1887;1281;1716;1428;1621;1635;838;566;616;546,0.9,0.0,1253.4,0,0,0,0,0,0.0,0,0,0,0,0,0,0,0,0.0,0,0,0,0,0,93.6,0.0,7490.2,0,0,0,67.1,17.49,0.09,3.37,33.81,25.2,63.4,98.01177819569905,0.39320962425942224,14.425679256518682,8.277033030986786,1.0958095879274576,952.125,0.0,0.0,0.0,0.0,50.2128463347132,0.2,0.0,0.0,0.0,0.0,250.0,1253.5,0.0,0.0,89.431,1.352,90.783,6.843,0.438,90.345,emon,0.847,0.778,46.3,21.7,2.131
2026-09-18 00:31:29.279,9.9,0,97,28;5;0;97;9;0;0;0;14;0;0;0;5;0;0;0,574,4314,4114;3783;4247;4314;2091;1162;1251;1234;1933;1456;1324;1745;743;656;574;825,0.7,0.0,1253.5,0,0,0,0,0,0.0,0,0,0,0,0,0,0,0,0.0,0,0,0,0,0,100.0,0.0,7490.2,0,0,0,65.1,17.47,0.01,3.38,33.85,25.1,63.4,98.02471111131752,0.37524938065072766,14.126718230869459,7.990009744530139,1.1566650823730489,916.3913043478261,0.0,0.0,0.0,0.0,50.22196551606707,0.1,0.0,0.0,0.0,0.0,250.0,1253.5,0.0,0.0,89.431,1.352,90.783,6.843,0.438,90.345,emon,0.847,0.778,46.3,21.7,2.131
2026-09-18 00:31:30.279,8.7,0,97,17;5;0;97;12;0;0;0;6;0;0;0;2;0;0;0,581,4404,4065;4086;4254;4404;2244;1494;1375;1246;2015;1371;1939;1906;851;818;581;901,0.0,0.0,1257.1,0,0,0,0,0,0.0,0,0,0,0,0,0,0,0,0.0,0,0,0,0,0,92.6,0.0,7490.2,0,0,0,66.1,17.47,0.01,3.38,33.85,25.1,63.4,99.40523851834811,1.0555916957987042,18.012757182121277,15.928027657935253,1.1441270081827848,1041.3076923076924,0.0,0.0,0.0,0.0,54.1861294232882,0.1,0.0,0.0,0.0,0.0,250.0,1257.1,0.0,0.0,89.431,1.352,90.783,6.843,0.438,90.345,emon,0.847,0.778,46.3,21.7,2.131
2026-09-18 00:31:31.279,9.5,0,94,25;5;0;94;14;0;0;0;12;0;0;0;2;0;0;0,814,4409,4147;4111;4067;4409;1783;1366;1248;1197;1905;1421;1326;1484;814;856;851;928,0.5,0.0,1258.8,0,0,0,0,0,0.0,0,0,0,0,0,0,0,0,0.0,0,0,0,0,0,91.9,0.0,7490.2,0,0,0,66.1,17.47,0.01,3.38,33.85,25.1,63.4,99.06897502475314,1.317817063200184,17.68789787424935,15.87279657398661,2.0057099969643684,833.7222222222222,0.0,0.0,0.0,0.0,53.07960714296334,0.1,0.0,0.0,0.0,0.0,250.0,1258.8,0.0,0.0,89.431,1.352,90.783,6.843,0.438,90.345,emon,0.847,0.778,46.3,21.7,2.131
2026-09-18 00:31:32.280,9.9,0,100,25;2;0;100;14;2;0;0;14;2;0;0;0;0;0;0,653,4416,4012;3935;3738;4416;1894;1746;1623;1928;2000;2214;1575;1434;805;732;672;653,0.8,0.0,1259.3,0,0,0,0,0,0.0,0,0,0,0,0,0,0,0,0.0,0,0,0,0,0,100.0,0.0,7490.2,0,0,0,67.1,17.47,0.01,3.38,33.85,25.1,63.4,98.9718880426316,1.1631819514025534,19.740535489150457,17.928358911758377,2.4928399181170833,985.9047619047619,0.0,0.0,0.0,0.0,52.66601022332907,0.1,0.0,0.0,0.0,0.0,250.0,1259.3,0.0,0.0,89.431,1.352,90.783,6.843,0.438,90.345,emon,0.847,0.778,46.3,21.7,2.131
2026-09-18 00:31:33.280,8.4,0,98,18;2;0;98;8;0;0;0;8;0;0;0;0;0;0;0,619,4403,4132;3671;4314;4403;2075;1447;1289;1261;1758;3282;1846;2080;722;644;619;829,0.8,0.0,1259.3,0,0,0,0,0,0.0,0,0,0,0,0,0,0,0,0.0,0,0,0,0,0,93.7,0.0,7490.2,0,0,0,67.1,17.6,0.01,3.37,34.12,25.1,63.4,98.9718880426316,1.1631819514025534,19.740535489150457,17.928358911758377,2.4928399181170833,985.9047619047619,0.0,0.0,0.0,0.0,52.66601022332907,0.1,0.0,0.0,0.0,0.0,250.0,1259.3,0.0,0.0,89.431,1.352,90.783,6.843,0.438,90.345,emon,0.847,0.778,46.3,21.7,2.131
2026-09-18 00:31:34.280,8.7,0,97,20;3;0;97;6;0;0;0;9;3;0;0;0;0;0;0,628,4411,4055;3922;4069;4411;1844;1418;1089;1321;1681;1326;1371;1744;710;628;681;675,0.8,0.0,1259.3,0,0,0,0,0,0.0,0,0,0,0,0,0,0,0,0.0,0,0,0,0,0,93.7,0.0,7490.2,0,0,0,67.1,17.6,0.01,3.37,34.12,25.1,63.4,98.87321844766306,1.1302105680021435,19.446875857752424,17.49243886422279,2.712978913854851,985.046511627907,0.0,0.0,0.0,0.0,51.415790578480376,0.1,0.0,0.0,0.0,0.0,250.0,1259.3,0.0,0.0,90.53,1.398,91.928,11.468,0.734,91.194,emon,0.839,0.745,48.2,22.6,2.13
2026-09-18 00:31:35.281,8.5,0,97,20;5;0;97;8;0;0;0;6;0;0;0;0;0;0;0,572,4397,3939;3833;4124;4397;1825;1386;1664;1199;1798;2588;1473;1489;666;572;830;598,0.9,0.0,1259.3,0,0,0,0,0,0.0,0,0,0,0,0,0,0,0,0.0,0,0,0,0,0,92.5,0.0,7490.2,0,0,0,67.1,17.6,0.01,3.37,34.12,25.1,63.4,98.49648094177246,0.30700305104255676,10.0112624168396,3.464180111885071,2.902667999267578,1624.0,0.0,0.0,0.0,0.0,50.11989289522171,0.1,0.0,0.0,0.0,0.0,250.0,1255.3,0.0,0.0,90.53,1.398,91.928,11.468,0.734,91.194,emon,0.839,0.745,48.2,22.6,2.13
2026-09-18 00:31:36.281,10.2,0,97,30;3;3;97;14;2;0;0;12;0;0;0;2;0;0;0,560,4352,4070;3920;4131;4352;2079;2135;1577;1337;1879;1413;1417;1502;800;560;711;597,1.1,0.0,1255.3,0,0,0,0,0,0.0,0,0,0,0,0,0,0,0,0.0,0,0,0,0,0,93.6,0.0,7490.2,0,0,0,66.1,17.6,0.01,3.37,34.12,25.1,63.4,98.96562957763672,0.32623305916786194,11.009822845458984,3.798858404159546,2.7608349323272705,999.0,0.0,0.0,0.0,0.0,50.118084855377674,0.1,0.0,0.0,0.0,0.0,250.0,1255.3,0.0,0.0,90.53,1.398,91.928,11.468,0.734,91.194,emon,0.839,0.745,48.2,22.6,2.13
2026-09-18 00:31:37.281,8.7,0,98,23;6;0;98;5;0;0;0;6;0;0;0;0;0;0;0,589,4347,4032;3827;3828;4347;1921;2601;1270;1290;1805;1971;1482;1569;760;589;623;642,1.1,0.0,1255.3,0,0,0,0,0,0.0,0,0,0,0,0,0,0,0,0.0,0,0,0,0,0,95.2,0.0,7490.2,0,0,0,66.1,17.54,0.01,3.38,33.93,25.1,63.4,98.37618319193523,0.786896750330925,19.08297046025594,14.90719989935557,2.599672387043635,1036.5,0.0,0.0,0.0,0.0,50.17274136096239,0.1,0.0,0.0,0.0,0.0,250.0,1257.1,0.0,0.0,90.53,1.398,91.928,11.468,0.734,91.194,emon,0.839,0.745,48.2,22.6,2.13
2026-09-18 00:31:38.282,8.8,0,96,20;3;0;96;12;0;0;0;9;0;0;0;0;0;0;0,593,4405,4124;4063;3450;4405;2128;1318;2189;1257;1952;1285;1191;1230;790;874;593;921,1.1,0.0,1255.4,0,0,0,0,0,0.0,0,0,0,0,0,0,0,0,0.0,0,0,0,0,0,93.9,0.0,7490.2,0,0,0,67.1,17.54,0.01,3.38,33.93,25.1,63.4,98.74435653686524,1.5376643925905227,23.95613396167755,20.371126168966292,0.6600848125177435,949.0,0.0,0.0,0.0,0.0,50.176543444395065,0.0,0.0,0.0,0.0,0.0,250.0,1255.4,0.0,0.0,90.53,1.398,91.928,11.468,0.734,91.194,emon,0.839,0.745,48.2,22.6,2.13
2026-09-18 00:31:39.282,8.9,0,98,20;3;2;98;5;2;0;0;12;0;0;0;0;0;0;0,563,4424,4066;3456;4032;4424;2117;2010;1199;1286;2056;1481;1005;1297;747;758;563;691,0.7,0.0,1258.3,0,0,0,0,0,0.0,0,0,0,0,0,0,0,0,0.0,0,0,0,0,0,92.5,0.0,7490.2,0,0,0,67.1,17.54,0.01,3.38,33.93,25.1,63.4,99.19538378034319,1.1586194910109042,20.01136611529759,18.35518591105938,2.3835718186838286,876.1428571428571,0.0,0.0,0.0,0.0,51.72696182387216,0.1,0.0,0.0,0.0,0.0,250.0,1258.3,0.0,0.0,90.53,1.398,91.928,11.468,0.734,91.194,emon,0.839,0.745,48.2,22.6,2.13
2026-09-18 00:31:40.303,8.8,0,96,17;5;2;96;6;0;0;0;15;0;0;0;2;0;0;0,593,4425,3947;4110;4222;4425;1992;1395;1426;1368;2148;1627;1247;1265;945;819;611;593,0.4,0.0,1258.3,0,0,0,0,0,0.0,0,0,0,0,0,0,0,0,0.0,0,0,0,0,0,90.6,0.0,7490.2,0,0,0,69.1,17.58,0.01,3.39,34.07,25.2,63.4,98.1566071510315,0.8765353634953499,15.226121425628662,12.77439832687378,3.9798023998737335,955.25,0.0,0.0,0.0,0.0,50.20373670756817,0.1,0.0,0.0,0.0,0.0,250.0,1258.3,0.0,0.0,90.53,1.398,91.928,11.468,0.734,91.194,emon,0.839,0.745,48.2,22.6,2.13
2026-09-18 00:31:41.303,8.2,0,95,15;0;0;95;5;2;0;0;13;2;0;0;0;0;0;0,593,4408,4097;3706;4228;4408;1934;1911;1210;1193;1905;2363;1510;1289;800;593;640;717,0.2,0.0,1258.3,0,0,0,0,0,0.0,0,0,0,0,0,0,0,0,0.0,0,0,0,0,0,99.3,0.0,7490.2,0,0,0,67.1,17.58,0.01,3.39,34.07,25.1,63.4,98.16729227701823,0.8540304998556772,17.060877005259197,13.623035788536072,2.494260792310039,878.1666666666666,0.0,0.0,0.0,0.0,50.216708684961,0.1,0.0,0.0,0.0,0.0,300.0,1258.3,0.0,0.0,90.53,1.398,91.928,11.468,0.734,91.194,emon,0.839,0.745,48.2,22.6,2.13
2026-09-18 00:31:42.304,9.4,0,98,20;3;2;98;11;3;0;0;12;0;0;0;0;0;0;0,533,4420,4108;3765;3973;4420;2028;1157;1228;1240;1829;1699;1220;1308;766;666;533;565,0.0,0.0,1258.3,0,0,0,0,0,0.0,0,0,0,0,0,0,0,0,0.0,0,0,0,0,0,100.0,0.0,7490.2,0,0,0,69.1,17.58,0.01,3.39,34.07,25.1,63.4,98.74559674944196,1.2145946485921741,18.85209802900042,16.85815746017865,2.69679252320701,936.1428571428571,0.0,0.0,0.0,0.0,51.72669014121805,0.1,0.0,0.0,0.0,0.0,250.0,1263.5,0.0,0.0,90.53,1.398,91.928,11.468,0.734,91.194,emon,0.839,0.745,48.2,22.6,2.13
2026-09-18 00:31:43.304,8.6,0,98,16;5;0;98;9;0;0;0;9;0;0;0;0;0;0;0,576,4443,4212;4246;4443;4409;1819;1312;1282;1267;1820;1306;1175;1191;788;595;576;640,0.0,0.0,1261.6,0,0,0,0,0,0.0,0,0,0,0,0,0,0,0,0.0,0,0,0,0,0,100.0,0.0,7490.2,0,0,0,67.1,17.58,0.01,3.39,34.07,25.1,63.4,99.03591864449638,0.9541867238558119,15.783020726272039,13.088200354505153,2.0519098816882995,985.9047619047619,0.0,0.0,0.0,0.0,52.669280143365974,0.0,0.0,0.0,0.0,0.0,250.0,1261.6,0.0,0.0,90.53,1.398,91.928,11.468,0.734,91.194,emon,0.839,0.745,48.2,22.6,2.13
2026-09-18 00:31:44.304,8.3,0,100,0;20;0;100;0;8;0;0;0;5;0;0;0;0;0;0,509,4397,4085;4188;4297;4397;1405;2066;1659;1450;1205;1747;1203;1201;788;683;716;509,0.0,0.0,1261.6,0,0,0,0,0,0.0,0,0,0,0,0,0,0,0,0.0,0,0,0,0,0,100.0,0.0,7490.2,0,0,0,67.1,17.8,0.01,3.35,34.18,25.1,63.4,98.63632873535157,1.4616069161146878,20.19614405632019,17.731449318528174,2.9882622748613357,893.0,0.0,0.0,0.0,0.0,48.30580716341734,0.1,0.0,0.0,0.0,0.0,250.0,1261.6,0.0,0.0,90.53,1.398,91.928,11.468,0.734,91.194,emon,0.839,0.745,48.2,22.6,2.13
2026-09-18 00:31:45.305,9.7,0,98,5;16;2;98;0;11;0;0;0;11;0;0;3;3;5;2,652,4424,4063;3877;3841;4424;2341;1770;2125;1690;1242;1829;1334;1521;652;794;680;688,0.0,0.0,1261.6,0,0,0,0,0,0.0,0,0,0,0,0,0,0,0,0.0,0,0,0,0,0,100.0,0.0,7490.2,0,0,0,68.1,17.8,0.01,3.35,34.18,25.1,63.4,98.86554864736704,1.1209578892717569,17.86331081161132,15.829650856554508,2.7806596837024418,912.4615384615385,0.0,0.0,0.0,0.0,50.27595654889368,0.1,0.0,0.0,0.0,0.0,250.0,1261.6,0.0,0.0,90.53,1.398,91.928,11.468,0.734,91.194,emon,0.839,0.745,48.2,22.6,2.13
2026-09-18 00:31:46.305,9.3,0,98,0;23;0;98;0;12;0;0;0;14;0;0;0;0;0;0,518,4361,3703;4004;3718;4361;1420;2112;2443;1664;1190;2015;1781;1220;670;738;565;518,0.9,0.0,1255.6,0,0,0,0,0,0.0,0,0,0,0,0,0,0,0,0.0,0,0,0,0,0,93.0,0.0,7490.2,0,0,0,68.1,17.8,0.01,3.35,34.18,25.1,63.4,98.4284571134127,1.0151092524711902,19.04278075695038,15.769903814563385,1.1570817302787104,883.6153846153846,0.0,0.0,0.0,0.0,50.27559586213185,0.1,0.0,0.0,0.0,0.0,250.0,1255.6,0.0,0.0,90.073,1.393,91.466,8.941,0.572,90.894,emon,0.844,0.774,47.2,21.8,2.161
2026-09-18 00:31:47.305,8.4,0,74,2;74;0;42;0;11;0;0;0;6;0;0;0;0;0;0,605,4351,4259;4351;4351;4337;1202;1852;1461;1240;1401;1785;1200;1227;605;707;881;655,0.9,0.0,1255.6,0,0,0,0,0,0.0,0,0,0,0,0,0,0,0,0.0,0,0,0,0,0,93.0,0.0,7490.2,0,0,0,66.1,17.8,0.01,3.35,34.18,25.1,63.4,99.23460320865406,1.0091933097471208,19.420775343390073,16.920195065877017,1.473981847794836,925.4705882352941,0.0,0.0,0.0,0.0,53.24598998072393,0.1,0.0,0.0,0.0,0.0,250.0,1255.6,0.0,0.0,90.073,1.393,91.466,8.941,0.572,90.894,emon,0.844,0.774,47.2,21.8,2.161
2026-09-18 00:31:48.305,8.6,0,98,2;17;0;98;0;9;0;0;0;9;0;0;0;0;2;0,657,4393,3961;4023;4111;4393;2051;1950;1779;1856;1351;1667;1838;1444;680;697;707;657,0.6,0.0,1255.6,0,0,0,0,0,0.0,0,0,0,0,0,0,0,0,0.0,0,0,0,0,0,100.0,0.0,7490.2,0,0,0,68.1,17.48,0.01,3.38,33.86,25.1,63.4,97.98253078460694,0.3727591114118695,9.998171317577363,5.1371159419417385,1.2763698866125197,891.5,0.0,0.0,0.0,0.0,50.22432991787791,0.1,0.0,0.0,0.0,0.0,250.0,1255.6,0.0,0.0,90.073,1.393,91.466,8.941,0.572,90.894,emon,0.844,0.774,47.2,21.8,2.161
2026-09-18 00:31:49.305,9.0,0,94,2;25;2;94;0;6;3;0;0;14;0;0;0;0;0;0,579,4351,3896;4153;3888;4351;1298;1847;1295;1281;1170;1797;1205;1191;579;760;691;779,1.1,0.0,1254.6,0,0,0,0,0,0.0,0,0,0,0,0,0,0,0,0.0,0,0,0,0,0,93.0,0.0,7490.2,0,0,0,68.1,17.48,0.01,3.38,33.86,25.1,63.4,98.13317008640455,0.36443346463467763,11.572523355484009,6.955727147667305,1.4158870589150034,892.4782608695652,0.0,0.0,0.0,0.0,50.22603571738886,0.1,0.0,0.0,0.0,0.0,250.0,1256.7,0.0,0.0,90.073,1.393,91.466,8.941,0.572,90.894,emon,0.844,0.774,47.2,21.8,2.161
2026-09-18 00:31:50.306,9.0,0,98,3;20;0;98;0;12;0;0;0;8;0;0;0;2;0;0,621,4408,4121;4191;3917;4408;1402;2036;1703;1588;1314;1971;1544;1381;621;911;750;630,0.7,0.0,1258.8,0,0,0,0,0,0.0,0,0,0,0,0,0,0,0,0.0,0,0,0,0,0,94.1,0.0,7490.2,0,0,0,68.1,17.48,0.01,3.38,33.86,25.1,63.4,97.66529719034831,2.812890966733297,25.026504516601562,22.18322690327962,0.04681140681107839,1024.0,0.0,0.0,0.0,0.0,50.112421403328575,0.1,0.0,0.0,0.0,0.0,250.0,1258.8,0.0,0.0,90.073,1.393,91.466,8.941,0.572,90.894,emon,0.844,0.774,47.2,21.8,2.161
2026-09-18 00:31:51.306,8.0,0,100,5;11;0;100;0;5;0;0;0;8;0;0;0;0;0;0,563,4388,4218;4248;4198;4388;1208;1932;2166;1340;1442;1813;1363;1237;637;645;654;563,0.5,0.0,1233.3,0,0,0,0,0,0.0,0,0,0,0,0,0,0,0,0.0,0,0,0,0,0,94.2,0.0,7490.2,0,0,0,67.1,17.48,0.01,3.38,33.86,25.1,63.4,98.79393323262532,1.484621110993127,20.280016854405403,17.899863538021844,2.0915014062435753,996.9166666666666,0.0,0.0,0.0,0.0,50.22346795847019,0.1,0.0,0.0,0.0,0.0,250.0,1236.0,0.0,0.0,90.073,1.393,91.466,8.941,0.572,90.894,emon,0.844,0.774,47.2,21.8,2.161
2026-09-18 00:31:52.306,8.3,0,97,2;22;0;97;0;3;0;0;0;9;0;0;0;0;0;0,566,4431,4075;4034;4384;4431;1391;1878;1445;1285;1171;2124;1286;1476;566;733;587;612,0.6,0.0,1233.3,0,0,0,0,0,0.0,0,0,0,0,0,0,0,0,0.0,0,0,0,0,0,100.0,0.0,7490.2,0,0,0,69.1,17.7,0.01,3.39,34.02,25.1,63.4,98.63211547851563,1.398720162138343,19.693712544441222,17.32065853536129,2.587189945913851,981.0,0.0,0.0,0.0,0.0,48.23884240865707,0.0,0.0,0.0,0.0,0.0,250.0,1233.3,0.0,0.0,90.073,1.393,91.466,8.941,0.572,90.894,emon,0.844,0.774,47.2,21.8,2.161
2026-09-18 00:31:53.307,9.2,0,97,0;20;2;97;0;12;0;0;0;12;0;0;0;3;0;0,554,4417,3942;4200;4045;4417;1095;1825;1460;1787;1167;2053;1830;1781;554;822;560;880,0.5,0.0,1229.3,0,0,0,0,0,0.0,0,0,0,0,0,0,0,0,0.0,0,0,0,0,0,92.8,0.0,7490.2,0,0,0,68.1,17.7,0.01,3.39,34.02,25.1,63.4,98.2880048751831,1.5088962836501498,20.86655608812968,18.49130812846124,2.7597483011583486,1063.5833333333333,0.0,0.0,0.0,0.0,50.24496350064874,0.0,0.0,0.0,0.0,0.0,250.0,1229.3,0.0,0.0,90.073,1.393,91.466,8.941,0.572,90.894,emon,0.844,0.774,47.2,21.8,2.161
2026-09-18 00:31:54.307,8.7,0,98,2;23;0;98;0;8;0;0;0;5;0;0;0;3;0;0,569,4429,4102;4082;4157;4429;1230;2156;1289;1245;1306;1917;1223;1346;575;831;689;569,0.3,0.0,1229.3,0,0,0,0,0,0.0,0,0,0,0,0,0,0,0,0.0,0,0,0,0,0,0.0,0.0,7490.2,0,0,0,69.1,17.7,0.01,3.39,34.02,25.1,63.4,98.85116045402758,1.2277113633286771,19.032221804965626,16.750268528858822,2.016815033905776,1047.4848484848485,0.0,0.0,0.0,0.0,51.86850721637408,0.1,0.0,0.0,0.0,0.0,250.0,1229.3,0.0,0.0,90.073,1.393,91.466,8.941,0.572,90.894,emon,0.844,0.774,47.2,21.8,2.161
2026-09-18 00:31:55.307,8.3,0,98,0;12;0;98;0;12;0;0;0;9;0;0;0;0;0;0,583,4406,4108;4013;4139;4406;1256;1766;1226;1416;1226;2299;1238;1229;583;800;612;592,0.3,0.0,1230.3,0,0,0,0,0,0.0,0,0,0,0,0,0,0,0,0.0,0,0,0,0,0,92.6,0.0,7490.2,0,0,0,69.1,17.7,0.01,3.39,34.02,25.1,63.4,98.77800331863702,1.1565060260541298,18.60333944301979,16.38550955086362,2.9699646907621156,964.6862745098039,0.0,0.0,0.0,0.0,51.205618013792176,0.1,0.0,0.0,0.0,0.0,250.0,1230.3,0.0,0.0,90.073,1.393,91.466,8.941,0.572,90.894,emon,0.844,0.774,47.2,21.8,2.161
2026-09-18 00:31:56.308,8.5,0,98,2;22;0;98;0;2;0;0;0;9;0;0;0;2;2;0,589,4379,3975;4161;4326;4379;1238;1730;1301;1234;1199;2147;2199;1245;589;796;717;690,0.1,0.0,1230.3,0,0,0,0,0,0.0,0,0,0,0,0,0,0,0,0.0,0,0,0,0,0,100.0,0.0,7490.2,0,0,0,68.1,17.79,0.01,3.37,34.15,25.1,63.4,98.16780768500433,1.3802967303329043,19.031702253553604,17.196537441677517,3.9681401087178125,743.4444444444445,0.0,0.0,0.0,0.0,50.25777897073163,0.1,0.0,0.0,0.0,0.0,250.0,1230.3,0.0,0.0,90.073,1.393,91.466,8.941,0.572,90.894,emon,0.844,0.774,47.2,21.8,2.161
2026-09-18 00:31:57.308,11.1,2,97,6;19;5;97;6;5;4;3;3;14;4;3;2;3;2;2,747,4343,3875;4119;4058;4343;3126;1934;2854;2942;2969;1900;3104;2864;747;773;789;821,0.6,0.0,1225.2,0,0,0,0,0,0.0,0,0,0,0,0,0,0,0,0.0,0,0,0,0,0,94.9,0.0,7490.2,0,0,0,68.1,17.79,0.01,3.37,34.15,25.1,63.4,98.14005901195385,0.32438393530470355,10.803546057807075,4.995493532882796,1.3211761398447885,967.5185185185185,0.0,0.0,0.0,0.0,50.19845689722785,0.1,0.0,0.0,0.0,0.0,250.0,1231.5,0.0,0.0,90.073,1.393,91.466,8.941,0.572,90.894,emon,0.844,0.774,47.2,21.8,2.161
2026-09-18 00:31:58.309,8.7,0,97,3;25;2;97;0;5;0;0;0;8;0;0;0;0;0;0,612,4402,4110;4049;4082;4402;2125;1875;1869;1771;2144;1751;1652;1886;696;747;612;676,0.5,0.0,1231.8,0,0,0,0,0,0.0,0,0,0,0,0,0,0,0,0.0,0,0,0,0,0,92.0,0.0,7490.2,0,0,0,69.1,17.79,0.01,3.37,34.15,25.1,63.4,98.50474166870117,3.8548450469970703,25.592077255249023,22.19408416748047,0.0,1199.0,0.0,0.0,0.0,0.0,50.14644166827202,0.1,0.0,0.0,0.0,0.0,250.0,1224.1,0.0,0.0,90.036,1.364,91.4,10.735,0.687,90.713,emon,0.838,0.731,46.9,22.0,2.131
2026-09-18 00:31:59.309,8.7,0,97,2;17;3;97;0;8;0;0;0;9;0;0;0;3;0;0,688,4416,3783;4172;4102;4416;1373;1793;1350;1461;1787;1818;1357;1594;688;761;814;782,0.0,0.0,1231.8,0,0,0,0,0,0.0,0,0,0,0,0,0,0,0,0.0,0,0,0,0,0,100.0,0.0,7490.2,0,0,0,69.1,17.79,0.01,3.37,34.15,25.1,63.4,98.67970502698743,1.2931889493421123,19.47704972447576,17.132362320616437,2.3587497611643395,978.7297297297297,0.0,0.0,0.0,0.0,51.574414434465204,0.1,0.0,0.0,0.0,0.0,250.0,1231.8,0.0,0.0,90.036,1.364,91.4,10.735,0.687,90.713,emon,0.838,0.731,46.9,22.0,2.131
2026-09-18 00:32:00.310,9.2,0,80,5;80;2;45;0;3;2;0;0;8;0;0;0;2;2;0,594,4362,4262;4362;2891;4277;1228;1782;1020;1206;1304;1953;1375;1324;594;903;621;646,0.0,0.0,1231.8,0,0,0,0,0,0.0,0,0,0,0,0,0,0,0,0.0,0,0,0,0,0,100.0,0.0,7490.2,0,0,0,67.1,17.71,0.01,3.36,34.06,25.1,63.4,98.8654836706213,1.226515232711225,17.84790214976749,15.452616495860589,2.120785539856533,878.7297297297297,0.0,0.0,0.0,0.0,51.771490836868416,0.1,0.0,0.0,0.0,0.0,250.0,1231.8,0.0,0.0,90.036,1.364,91.4,10.735,0.687,90.713,emon,0.838,0.731,46.9,22.0,2.131
2026-09-18 00:32:01.310,8.9,0,94,5;23;0;94;0;11;0;0;0;11;0;0;0;0;0;0,591,4372,4048;4159;4007;4372;1227;1872;1963;1219;1319;2094;1088;1419;611;878;677;591,0.1,0.0,1227.8,0,0,0,0,0,0.0,0,0,0,0,0,0,0,0,0.0,0,0,0,0,0,93.3,0.0,7490.2,0,0,0,69.1,17.71,0.01,3.36,34.06,25.1,63.4,98.388427734375,0.9349485743790865,10.490086793899536,4.7971599817276,0.6426451711682603,849.0,0.0,0.0,0.0,0.0,50.18953746259213,0.1,0.0,0.0,0.0,0.0,250.0,1228.8,0.0,0.0,90.036,1.364,91.4,10.735,0.687,90.713,emon,0.838,0.731,46.9,22.0,2.131
2026-09-18 00:32:02.310,8.5,0,97,2;19;0;97;0;13;0;0;0;6;0;0;0;0;0;0,637,4390,4215;4071;4016;4390;1378;2014;1280;1676;1039;1856;1290;1078;692;732;637;652,0.8,0.0,1231.1,0,0,0,0,0,0.0,0,0,0,0,0,0,0,0,0.0,0,0,0,0,0,94.0,0.0,7490.2,0,0,0,69.1,17.71,0.01,3.36,34.06,25.1,63.4,98.92667319557883,1.194242144934833,19.649498053572394,17.925889042968098,2.822768979197876,925.1363636363636,0.0,0.0,0.0,0.0,54.85937512191859,0.1,0.0,0.0,0.0,0.0,250.0,1231.1,0.0,0.0,90.036,1.364,91.4,10.735,0.687,90.713,emon,0.838,0.731,46.9,22.0,2.131
2026-09-18 00:32:03.310,9.8,0,97,5;26;3;97;0;14;0;0;0;12;0;0;0;0;0;0,629,4394,4059;4147;4147;4394;1209;1990;1663;1797;1164;1994;1298;1156;633;697;753;629,0.8,0.0,1230.1,0,0,0,0,0,0.0,0,0,0,0,0,0,0,0,0.0,0,0,0,0,0,94.6,0.0,7490.2,0,0,0,68.1,17.71,0.01,3.36,34.06,25.1,63.4,98.61787893605786,1.187067687771348,19.554621574490568,17.723642720732578,2.427468939004791,983.8837209302326,0.0,0.0,0.0,0.0,51.40646676649881,0.1,0.0,0.0,0.0,0.0,250.0,1230.1,0.0,0.0,90.036,1.364,91.4,10.735,0.687,90.713,emon,0.838,0.731,46.9,22.0,2.131
2026-09-18 00:32:04.311,8.6,0,95,2;25;2;95;0;6;0;0;0;8;0;0;0;0;0;0,534,4396,3815;4042;3905;4396;1214;1981;1520;1258;1512;1952;1299;1363;534;929;681;560,1.0,0.0,1231.8,0,0,0,0,0,0.0,0,0,0,0,0,0,0,0,0.0,0,0,0,0,0,100.0,0.0,7490.2,0,0,0,69.1,17.7,0.01,3.37,34.06,25.1,63.4,98.14313650131226,0.7479648888111115,15.544995665550232,13.198703050613403,4.582986280322075,1055.25,0.0,0.0,0.0,0.0,50.18607386946678,0.1,0.0,0.0,0.0,0.0,250.0,1231.8,0.0,0.0,90.036,1.364,91.4,10.735,0.687,90.713,emon,0.838,0.731,46.9,22.0,2.131
2026-09-18 00:32:05.311,8.9,0,98,5;20;0;98;0;9;0;0;0;9;0;0;0;0;0;0,616,4438,4365;4061;4334;4438;1309;1927;1797;1246;1276;1599;1254;1204;616;799;673;722,0.8,0.0,1231.8,0,0,0,0,0,0.0,0,0,0,0,0,0,0,0,0.0,0,0,0,0,0,93.1,0.0,7490.2,0,0,0,69.1,17.7,0.01,3.37,34.06,25.1,63.4,98.00872802734375,1.6754000186920166,21.925718307495117,20.540209531784058,3.965978993102908,942.75,0.0,0.0,0.0,0.0,50.19387288764119,0.0,0.0,0.0,0.0,0.0,250.0,1234.5,0.0,0.0,90.036,1.364,91.4,10.735,0.687,90.713,emon,0.838,0.731,46.9,22.0,2.131
2026-09-18 00:32:06.311,9.3,0,100,2;22;0;100;0;12;0;0;0;9;0;2;0;2;0;0,515,4421,3690;4088;4421;4393;1113;2038;1428;1659;1066;1637;1473;1258;575;783;539;515,1.1,0.0,1231.8,0,0,0,0,0,0.0,0,0,0,0,0,0,0,0,0.0,0,0,0,0,0,93.4,0.0,7490.2,0,0,0,69.1,17.7,0.01,3.37,34.06,25.1,63.4,97.98662228054471,0.45857340428564286,11.595911661783854,7.143371495935652,1.9243662622239854,882.3333333333334,0.0,0.0,0.0,0.0,50.208176097936104,0.1,0.0,0.0,0.0,0.0,250.0,1231.8,0.0,0.0,90.036,1.364,91.4,10.735,0.687,90.713,emon,0.838,0.731,46.9,22.0,2.131
2026-09-18 00:32:07.312,9.0,0,98,6;24;0;98;0;5;0;2;0;9;0;0;0;0;0;0,589,4407,4206;3896;4250;4407;1196;1939;1768;1891;1235;1730;1629;1320;589;836;638;890,1.2,0.0,1227.2,0,0,0,0,0,0.0,0,0,0,0,0,0,0,0,0.0,0,0,0,0,0,93.5,0.0,7490.2,0,0,0,70.1,17.7,0.01,3.37,34.06,25.1,63.4,98.1123784383138,0.6536328295866648,14.100492795308432,9.488475561141968,2.4745970964431763,965.6666666666666,0.0,0.0,0.0,0.0,50.21359793841839,0.1,0.0,0.0,0.0,0.0,250.0,1231.8,0.0,0.0,90.036,1.364,91.4,10.735,0.687,90.713,emon,0.838,0.731,46.9,22.0,2.131
2026-09-18 00:32:08.312,9.9,0,98,3;27;0;98;0;12;0;0;0;17;0;0;0;0;0;0,554,4352,3966;4090;3752;4352;1264;1893;1596;1373;1176;1920;1190;1346;609;826;810;554,1.3,0.0,1225.0,0,0,0,0,0,0.0,0,0,0,0,0,0,0,0,0.0,0,0,0,0,0,100.0,0.0,7490.2,0,0,0,66.1,17.65,0.01,3.38,34.05,25.1,63.4,98.29853820800781,0.7609894527743261,16.839281606674195,12.46943895816803,1.4348944316307704,932.3333333333334,0.0,0.0,0.0,0.0,50.1933847506841,0.1,0.0,0.0,0.0,0.0,250.0,1227.2,0.0,0.0,90.036,1.364,91.4,10.735,0.687,90.713,emon,0.838,0.731,46.9,22.0,2.131
2026-09-18 00:32:09.313,8.4,0,98,0;19;0;98;0;5;0;0;0;12;0;0;0;0;0;0,656,4412,3908;4153;4347;4412;1948;2002;1219;1175;1395;1859;1219;2059;656;746;747;691,0.4,0.0,1227.8,0,0,0,0,0,0.0,0,0,0,0,0,0,0,0,0.0,0,0,0,0,0,94.0,0.0,7490.2,0,0,0,68.1,17.65,0.01,3.38,34.05,25.1,63.4,98.20531717936198,1.3329786284205813,21.180235584576923,18.635847062493365,2.689535281766439,938.5833333333334,0.0,0.0,0.0,0.0,50.17500688073536,0.1,0.0,0.0,0.0,0.0,250.0,1230.5,0.0,0.0,89.993,1.369,91.362,7.743,0.496,90.866,emon,0.842,0.803,46.8,21.9,2.134
2026-09-18 00:32:10.313,11.6,0,96,8;45;0;96;0;9;0;0;0;17;0;0;0;9;2;0,710,4492,4474;4440;4147;4492;1654;2102;2585;1711;1320;2407;2044;2258;710;1207;814;717,0.1,0.0,1227.8,0,0,0,0,0,0.0,0,0,0,0,0,0,0,0,0.0,0,0,0,0,0,69.7,0.0,7490.2,0,0,0,75.1,17.65,0.01,3.38,34.05,25.1,63.4,98.4828256225586,1.375195777080953,20.099324259757996,17.0329760491848,2.861177415624261,895.0,0.0,0.0,0.0,0.0,52.32846999406814,0.1,0.0,0.0,0.0,0.0,250.0,1227.8,0.0,0.0,89.993,1.369,91.362,7.743,0.496,90.866,emon,0.842,0.803,46.8,21.9,2.134
2026-09-18 00:32:11.313,13.6,0,100,17;75;0;100;0;12;3;0;0;8;2;2;0;0;0;0,1107,4671,4554;4577;4671;4649;2620;2415;3131;2156;1490;2498;2904;3390;1107;1378;2200;1156,0.0,0.0,1227.8,0,0,0,0,0,0.0,0,0,0,0,0,0,0,0,0.0,0,0,0,0,0,0.0,0.0,7490.2,0,0,0,95.1,17.65,0.01,3.38,34.05,25.1,63.4,98.08730293722714,1.0956981983309722,20.68151101995917,18.273335996796103,2.9885023413979286,1066.6470588235295,0.0,0.0,0.0,0.0,50.302173123201904,0.1,0.0,0.0,0.0,0.0,450.0,1227.8,0.0,0.0,89.993,1.369,91.362,7.743,0.496,90.866,emon,0.842,0.803,46.8,21.9,2.134
2026-09-18 00:32:12.314,14.0,0,97,16;88;2;97;0;14;0;0;0;6;0;0;2;0;0;0,1082,4723,4571;4608;4723;4616;1991;2188;2384;2032;2193;2517;2350;2245;1860;1276;1105;1082,0.0,0.0,1233.0,0,0,0,0,0,0.0,0,0,0,0,0,0,0,0,0.0,0,0,0,0,0,0.0,0.0,7490.2,0,0,0,97.1,25.47,0.01,1.83,34.74,25.1,63.4,97.80664300918579,1.2002706481143832,16.89721405506134,12.143038973212242,1.76229570095893,1052.125,0.0,0.0,0.0,0.0,50.23668928537518,0.0,0.0,0.0,0.0,0.0,450.0,1227.8,0.0,0.0,89.993,1.369,91.362,7.743,0.496,90.866,emon,0.842,0.803,46.8,21.9,2.134
2026-09-18 00:32:13.314,13.4,0,100,14;75;0;100;0;9;2;0;0;14;0;0;0;0;0;0,1044,4651,4481;4590;4651;4618;3113;2263;2701;1835;1639;2803;1942;2326;1044;1408;1113;1068,0.0,0.0,1233.0,0,0,0,0,0,0.0,0,0,0,0,0,0,0,0,0.0,0,0,0,0,0,0.0,0.0,7490.2,0,0,0,98.1,25.47,0.01,1.83,34.74,25.1,63.4,97.14367993672688,1.137145737806956,21.388342062632244,19.204135576883953,5.8559763704737025,1099.0,0.0,0.0,0.0,0.0,50.30108509709438,0.0,0.0,0.0,0.0,0.0,450.0,1233.0,0.0,0.0,89.993,1.369,91.362,7.743,0.496,90.866,emon,0.842,0.803,46.8,21.9,2.134
2026-09-18 00:32:14.315,13.9,0,97,73;18;0;97;0;2;20;0;0;2;11;0;0;0;0;0,1067,4677,4603;4537;4677;4612;2057;2469;2441;2076;1348;1954;2395;2497;1094;1067;1177;1122,0.0,0.0,1233.0,0,0,0,0,0,0.0,0,0,0,0,0,0,0,0,0.0,0,0,0,0,0,0.0,0.0,7490.2,0,0,0,98.1,25.47,0.01,1.83,34.74,25.1,63.4,97.39978408813477,0.29224541783332825,11.357975959777832,3.2301747798919678,1.9013605117797852,549.0,0.0,0.0,0.0,0.0,50.43453228473663,0.0,0.0,0.0,0.0,0.0,450.0,1233.0,0.0,0.0,89.993,1.369,91.362,7.743,0.496,90.866,emon,0.842,0.803,46.8,21.9,2.134
2026-09-18 00:32:15.315,10.9,0,86,47;11;2;86;0;0;20;2;0;0;8;0;0;0;0;0,1085,4692,4611;4528;4692;4667;3091;2154;2542;3253;1666;1220;2469;2197;1446;1085;1855;1093,0.0,0.0,1233.0,0,0,0,0,0,0.0,0,0,0,0,0,0,0,0,0.0,0,0,0,0,0,0.0,0.0,7490.2,0,0,0,85.1,25.47,0.01,1.83,34.74,25.1,63.4,95.47494549221463,0.7163742184638977,14.58014922671848,12.091371748182508,4.557221518622504,957.3333333333334,0.0,0.0,0.0,0.0,50.32877739932802,0.0,0.0,0.0,0.0,0.0,450.0,1233.0,0.0,0.0,89.993,1.369,91.362,7.743,0.496,90.866,emon,0.842,0.803,46.8,21.9,2.134
2026-09-18 00:32:16.315,8.1,0,98,22;2;0;98;0;0;3;0;0;0;5;0;0;0;0;0,931,4727,4400;4536;4727;4724;2224;1186;2120;1755;1715;1135;1942;2363;991;931;1136;1087,0.0,0.0,1233.0,0,0,0,0,0,0.0,0,0,0,0,0,0,0,0,0.0,0,0,0,0,0,0.0,0.0,7490.2,0,0,0,80.1,29.35,0.0,0.32,31.73,25.1,63.4,94.87442525227864,0.6168321172396342,12.699156443277994,9.494853973388672,4.284674167633057,1007.3333333333334,0.0,0.0,0.0,0.0,50.31709134578705,0.1,0.0,0.0,0.0,0.0,450.0,1233.0,0.0,0.0,89.993,1.369,91.362,7.743,0.496,90.866,emon,0.842,0.803,46.8,21.9,2.134
2026-09-18 00:32:17.316,7.6,0,100,16;0;0;100;0;0;3;0;0;0;3;0;0;0;0;0,926,4726,4539;4552;4717;4726;1693;1195;2079;1733;1198;1247;2147;2247;1110;926;1012;996,0.4,0.0,1228.8,0,0,0,0,0,0.0,0,0,0,0,0,0,0,0,0.0,0,0,0,0,0,0.0,0.0,7490.2,0,0,0,80.1,29.35,0.0,0.32,31.73,25.1,63.4,97.80251021612258,0.9172497342473694,20.27867222116107,18.099444653306687,3.067612381031116,1175.1904761904761,0.0,0.0,0.0,0.0,52.73930372226806,0.1,0.0,0.0,0.0,0.0,450.0,1231.3,0.0,0.0,89.993,1.369,91.362,7.743,0.496,90.866,emon,0.842,0.803,46.8,21.9,2.134
2026-09-18 00:32:18.316,7.9,0,98,21;0;0;98;0;0;3;0;0;0;3;0;0;0;0;0,998,4734,4464;4183;4734;4727;1308;1434;1877;1453;1352;1295;1884;1380;1142;1022;998;1055,0.5,0.0,1236.6,0,0,0,0,0,0.0,0,0,0,0,0,0,0,0,0.0,0,0,0,0,0,0.0,0.0,7490.2,0,0,0,80.1,29.35,0.0,0.32,31.73,25.1,63.4,97.22551143870635,1.4390538148581982,22.832186740987442,18.673601230277736,1.8099644538562965,1125.4705882352941,0.0,0.0,0.0,0.0,53.169687271994704,0.0,0.0,0.0,0.0,0.0,450.0,1236.6,0.0,0.0,89.993,1.369,91.362,7.743,0.496,90.866,emon,0.842,0.803,46.8,21.9,2.134
2026-09-18 00:32:19.316,7.5,0,98,11;3;0;98;0;0;6;0;0;0;2;0;0;0;0;0,860,4727,4416;4585;4727;4725;2052;1178;1940;1520;1190;1209;1762;1378;958;860;1047;969,1.0,0.0,1234.7,0,0,0,0,0,0.0,0,0,0,0,0,0,0,0,0.0,0,0,0,0,0,0.0,0.0,7490.2,0,0,0,79.1,29.35,0.0,0.32,31.73,25.1,63.4,97.63528467397221,0.687736844002712,16.50725402011246,13.387572683271815,1.9081471823766583,1143.2622950819673,0.0,0.0,0.0,0.0,51.13952543403281,0.1,0.0,0.0,0.0,0.0,450.0,1234.7,0.0,0.0,89.993,1.369,91.362,7.743,0.496,90.866,emon,0.842,0.803,46.8,21.9,2.134
2026-09-18 00:32:20.317,10.9,3,97,17;3;3;97;3;3;12;3;3;3;11;3;3;3;3;3,2056,4635,4461;4436;4635;4538;3410;3393;2652;3340;3392;3338;2442;3205;2056;2370;2265;2452,1.0,0.0,1225.0,0,0,0,0,0,0.0,0,0,0,0,0,0,0,0,0.0,0,0,0,0,0,0.0,0.0,7490.2,0,0,0,70.1,21.58,0.01,0.33,23.91,25.1,63.4,97.45125568096455,0.6937246255719891,18.125077823492198,14.225346207389464,1.3644301464064763,1119.7692307692307,0.0,0.0,0.0,0.0,51.072120735736995,0.1,0.0,0.0,0.0,0.0,450.0,1228.5,0.0,0.0,89.993,1.369,91.362,7.743,0.496,90.866,emon,0.842,0.803,46.8,21.9,2.134
2026-09-18 00:32:21.317,8.1,0,95,20;2;0;95;0;0;6;0;0;0;6;0;0;0;0;0,675,4401,4052;4194;4112;4401;1322;1424;1809;1391;1245;1331;1784;1312;853;675;814;907,1.5,0.0,1227.0,0,0,0,0,0,0.0,0,0,0,0,0,0,0,0,0.0,0,0,0,0,0,100.0,0.0,7490.2,0,0,0,69.1,21.58,0.01,0.33,23.91,25.1,63.4,98.5181278277047,0.7346097946968637,15.619884925552562,12.120710759789128,1.6093927264527441,902.1645569620254,0.0,0.0,0.0,0.0,50.83971129772784,0.1,0.0,0.0,0.0,0.0,300.0,1226.0,0.0,0.0,89.993,1.369,91.362,7.743,0.496,90.866,emon,0.842,0.803,46.8,21.9,2.134
2026-09-18 00:32:22.318,8.9,0,94,22;3;3;94;0;0;11;0;0;0;9;0;0;0;0;0,726,4464,4027;3886;4365;4464;1352;1188;1557;1362;1231;1273;2124;1229;726;794;803;886,1.4,0.0,1228.5,0,0,0,0,0,0.0,0,0,0,0,0,0,0,0,0.0,0,0,0,0,0,100.0,0.0,7490.2,0,0,0,71.1,21.58,0.01,0.33,23.91,25.1,63.4,98.94824825633656,1.1242258138107983,19.86215804652734,17.77278870716691,2.41179558527603,928.5454545454545,0.0,0.0,0.0,0.0,52.500805300067775,0.1,0.0,0.0,0.0,0.0,300.0,1230.5,0.0,0.0,0.404,0.705,1.11,5.833,0.373,0.737,emon,0.921,0.113,69.1,36.4,1.899
2026-09-18 00:32:23.318,8.6,0,95,27;3;0;95;0;0;6;0;0;0;6;0;0;0;0;0,653,4438,4091;3889;4177;4438;1329;1418;2127;1500;1167;1294;2042;2124;813;653;809;976,0.8,0.0,1231.4,0,0,0,0,0,0.0,0,0,0,0,0,0,0,0,0.0,0,0,0,0,0,96.6,0.0,7512.5,0,0,0,68.1,21.58,0.01,0.33,23.91,25.2,63.4,98.73095086904672,1.206087618887138,19.468891492256752,16.5448147006906,2.011992492227224,899.0,0.0,0.0,0.0,0.0,54.15094582965741,0.0,0.0,0.0,0.0,0.0,250.0,1228.5,0.0,0.0,0.404,0.705,1.11,5.833,0.373,0.737,emon,0.921,0.113,69.1,36.4,1.899
2026-09-18 00:32:24.318,8.8,0,94,22;3;2;94;0;0;9;0;0;0;8;0;0;0;3;0,811,4321,4012;3799;3579;4321;1525;1787;1745;1814;1208;1191;1865;1468;871;862;811;838,1.8,0.0,1225.0,0,0,0,0,0,0.0,0,0,0,0,0,0,0,0,0.0,0,0,0,0,0,92.9,0.0,7512.5,0,0,0,67.1,17.49,0.01,14.09,37.76,25.2,63.4,98.15497438835375,0.37357911557862256,14.400718732313676,9.292292696960045,1.110724192276724,961.8787878787879,0.0,0.0,0.0,0.0,50.19033397914785,0.1,0.0,0.0,0.0,0.0,300.0,1231.4,0.0,0.0,0.404,0.705,1.11,5.833,0.373,0.737,emon,0.921,0.113,69.1,36.4,1.899
2026-09-18 00:32:25.319,9.7,0,92,34;2;0;92;0;0;8;0;0;0;6;0;3;3;3;3,590,4404,4198;3968;4292;4404;1394;1619;2007;1851;1284;1316;2025;1611;680;590;703;804,0.5,0.0,1227.8,0,0,0,0,0,0.0,0,0,0,0,0,0,0,0,0.0,0,0,0,0,0,80.3,0.0,7536.2,0,0,0,69.1,17.49,0.01,14.09,37.76,25.3,63.4,98.4752197265625,0.5945218503475189,16.325936794281006,12.95505142211914,2.6919617652893066,1199.0,0.0,0.0,0.0,0.0,50.14839891344309,0.2,0.0,0.0,0.0,0.0,300.0,1227.8,0.0,0.0,0.404,0.705,1.11,5.833,0.373,0.737,emon,0.921,0.113,69.1,36.4,1.899
2026-09-18 00:32:26.319,8.1,0,97,17;2;0;97;0;0;6;0;0;0;6;0;0;0;2;0,784,4445,4063;4052;3724;4445;1220;1213;1622;1364;1209;1214;2062;1211;784;838;809;958,0.5,0.0,1222.3,0,0,0,0,0,0.0,0,0,0,0,0,0,0,0,0.0,0,0,0,0,0,97.4,0.0,7536.2,0,0,0,70.1,17.49,0.01,14.09,37.76,25.3,63.4,98.68155574798584,1.3495358653987448,20.78915647168954,17.90334319944183,3.521163797006011,1061.5,0.0,0.0,0.0,0.0,50.26343271446725,0.0,0.0,0.0,0.0,0.0,250.0,1227.8,0.0,0.0,0.404,0.705,1.11,5.833,0.373,0.737,emon,0.921,0.113,69.1,36.4,1.899
2026-09-18 00:32:27.323,18.9,8,95,31;15;12;95;12;11;18;12;9;12;23;11;8;11;12;9,1826,4511,4299;4462;4511;4427;3401;3419;2749;3361;3390;3373;2953;3380;1826;1962;2210;1844,0.5,0.0,1222.3,0,0,0,0,0,0.0,0,0,0,0,0,0,0,0,0.0,0,0,0,0,0,97.4,0.0,7536.2,0,0,0,67.1,17.49,0.01,14.09,37.76,25.6,63.4,98.65607274373373,1.2207757213463386,19.57938095331192,16.701764604449274,2.2930860113042097,985.6666666666666,0.0,0.0,0.0,0.0,50.236124479273954,0.1,0.0,0.0,0.0,0.0,250.0,1227.6,0.0,0.0,0.404,0.705,1.11,5.833,0.373,0.737,emon,0.921,0.113,69.1,36.4,1.899
2026-09-18 00:32:28.323,12.1,2,92,25;9;6;92;3;5;11;3;2;2;25;2;3;2;2;2,2207,4634,4172;4511;4634;4429;3394;3415;2207;3394;3446;3447;2727;3398;2773;2898;2552;2770,0.0,0.0,1227.6,0,0,0,0,0,0.0,0,0,0,0,0,0,0,0,0.0,0,0,0,0,0,69.2,0.0,7776.6,0,0,0,69.1,18.69,0.01,14.68,39.8,25.3,63.4,98.3435720767615,1.0219854257016812,17.729664775560487,15.697985463266102,2.403993052606172,960.3207547169811,0.0,0.0,0.0,0.0,51.22143674599675,0.1,0.0,0.0,0.0,0.0,250.0,1227.6,0.0,0.0,0.404,0.705,1.11,5.833,0.373,0.737,emon,0.921,0.113,69.1,36.4,1.899
2026-09-18 00:32:29.324,8.3,0,100,17;2;0;100;0;0;6;0;0;0;8;0;0;0;0;0,796,4413,3987;3814;3940;4413;2058;2766;1962;2000;2409;2418;2168;2129;801;800;847;796,0.0,0.0,1227.6,0,0,0,0,0,0.0,0,0,0,0,0,0,0,0,0.0,0,0,0,0,0,100.0,0.0,7536.2,0,0,0,69.1,18.69,0.01,14.68,39.8,25.3,63.4,98.68194230397542,1.1525122252836202,17.98091967900594,15.847839468469223,2.6156116482646516,909.4166666666666,0.0,0.0,0.0,0.0,52.36197709462916,0.1,0.0,0.0,0.0,0.0,250.0,1222.3,0.0,0.0,0.404,0.705,1.11,5.833,0.373,0.737,emon,0.921,0.113,69.1,36.4,1.899
2026-09-18 00:32:30.324,16.7,0,100,47;20;5;100;8;0;22;6;0;0;38;5;0;0;16;0,797,4685,4426;4665;4685;4490;3382;3300;2795;3394;3384;2337;2976;3387;1202;797;2850;1055,0.0,0.0,1222.3,0,0,0,0,0,0.0,0,0,0,0,0,0,0,0,0.0,0,0,0,0,0,92.1,0.0,7536.2,0,0,0,67.1,18.69,0.01,14.68,39.8,22.9,63.4,98.73269299763005,1.1964240870097789,20.09111262240061,18.176304166273372,2.2284199909829514,870.9512195121952,0.0,0.0,0.0,0.0,53.77256761654848,0.1,0.0,0.0,0.0,0.0,250.0,1224.9,0.0,0.0,0.404,0.705,1.11,5.833,0.373,0.737,emon,0.921,0.113,69.1,36.4,1.899
2026-09-18 00:32:31.324,31.2,0,91,64;48;21;91;10;10;69;27;10;5;89;10;0;2;40;8,2282,4716,4679;4710;4716;4713;3387;3414;3372;3367;3363;3266;3261;3387;2799;2282;2856;2806,0.0,0.0,1224.9,0,0,0,0,0,0.0,0,0,0,0,0,0,0,0,0.0,0,0,0,0,0,0.0,0.0,4777.1,0,0,0,63.1,18.69,0.01,14.68,39.8,16.3,63.4,98.54854692731585,0.7339145735770997,18.517305635270617,14.592951605362552,1.1093072975262268,1122.2142857142858,0.0,0.0,0.0,0.0,50.26884604280903,0.1,0.0,0.0,0.0,0.0,450.0,1224.9,0.0,0.0,0.404,0.705,1.11,5.833,0.373,0.737,emon,0.921,0.113,69.1,36.4,1.899
2026-09-18 00:32:32.325,22.3,0,98,88;5;8;98;2;0;22;3;6;0;97;3;0;6;16;3,2200,4726,4717;4699;4724;4726;3083;2775;2732;2864;3446;3414;3440;3438;2469;2735;2695;2200,0.2,0.0,1219.4,0,0,0,0,0,0.0,0,0,0,0,0,0,0,0,0.0,0,0,0,0,0,0.0,0.0,0.0,0,0,0,75.1,21.99,0.01,2.07,33.15,16.4,63.4,98.06015682220459,0.9085081815719604,18.029513239860535,15.833006143569946,3.920229336246848,1155.25,0.0,0.0,0.0,0.0,50.18657635524869,0.1,0.0,0.0,0.0,0.0,450.0,1222.0,0.0,0.0,0.404,0.705,1.11,5.833,0.373,0.737,emon,0.921,0.113,69.1,36.4,1.899
2026-09-18 00:32:33.325,19.7,0,100,77;19;0;100;0;0;23;5;0;0;86;2;0;0;3;0,762,4729,4723;4725;4729;4726;3275;2293;2565;3368;1899;2801;3411;3018;934;762;2217;1073,0.4,0.0,1222.0,0,0,0,0,0,0.0,0,0,0,0,0,0,0,0,0.0,0,0,0,0,0,0.0,0.0,0.0,0,0,0,81.1,21.99,0.01,2.07,33.15,16.5,63.4,96.90043170635516,0.5630940866584961,14.434923832233135,10.758477660325857,2.487608082019366,1149.0,0.0,0.0,0.0,0.0,50.28792225856047,0.1,0.0,0.0,0.0,0.0,450.0,1222.0,0.0,0.0,0.404,0.705,1.11,5.833,0.373,0.737,emon,0.921,0.113,69.1,36.4,1.899
2026-09-18 00:32:34.327,75.3,64,97,95;78;72;97;70;68;82;72;65;68;94;66;67;64;77;69,2810,4710,4704;4697;4705;4710;3439;3436;3385;3426;3442;3443;3407;3430;2907;2871;2810;2892,0.0,0.0,1222.0,0,0,0,0,0,0.0,0,0,0,0,0,0,0,0,0.0,0,0,0,0,0,0.0,0.0,4342.3,0,0,0,82.1,21.99,0.01,2.07,33.15,24.8,63.4,97.47785568237305,0.009511847980320454,0.7872560024261475,0.07854945212602615,0.0,449.0,0.0,0.0,0.0,0.0,50.39831227064133,0.0,0.0,0.0,0.0,0.0,300.0,1222.0,0.0,0.0,1.6,4.082,5.682,40.577,2.597,3.085,emon,0.879,0.911,32.3,15.4,2.105
2026-09-18 00:32:35.327,18.9,2,97,83;27;5;97;3;8;19;8;3;5;23;5;3;3;10;2,1730,4728,4713;4718;4728;4725;3341;3200;2598;3251;3270;3237;2634;3047;2583;2771;1730;2627,0.9,0.0,1222.3,0,0,0,0,0,0.0,0,0,0,0,0,0,0,0,0.0,0,0,0,0,0,0.0,0.0,4345.5,0,0,0,88.1,21.99,0.01,2.07,33.15,24.5,63.4,98.43663279215495,1.0339411878337463,19.310785375701055,16.920179204808342,3.002093407423753,1069.0,0.0,0.0,0.0,0.0,51.440502188603084,0.2,0.0,0.0,0.0,0.0,450.0,1222.3,0.0,0.0,1.6,4.082,5.682,40.577,2.597,3.085,emon,0.879,0.911,32.3,15.4,2.105
2026-09-18 00:32:36.328,16.6,0,97,72;17;0;97;0;0;47;0;0;0;25;2;0;0;3;3,923,4729,4719;4726;4729;4729;1971;2902;3059;3001;2718;2744;2706;1434;923;1096;1568;1191,0.6,0.0,1222.3,0,0,0,0,0,0.0,0,0,0,0,0,0,0,0,0.0,0,0,0,0,0,0.0,0.0,4611.9,0,0,0,82.1,31.68,0.01,0.39,36.77,26.8,63.4,97.3140328725179,1.2179714305093512,20.49054327607155,17.73615819774568,3.6283804456713065,1094.8333333333333,0.0,0.0,0.0,0.0,50.254312205438815,0.0,0.0,0.0,0.0,0.0,450.0,1222.3,0.0,0.0,1.6,4.082,5.682,40.577,2.597,3.085,emon,0.879,0.911,32.3,15.4,2.105
2026-09-18 00:32:37.328,14.5,0,95,36;3;2;95;0;0;16;3;0;0;75;0;2;0;0;0,1359,4729,4308;4674;4729;4727;3013;3038;2656;2825;2396;2350;3340;2429;1359;1458;1383;1460,0.6,0.0,1227.6,0,0,0,0,0,0.0,0,0,0,0,0,0,0,0,0.0,0,0,0,0,0,0.0,0.0,6269.5,0,0,0,67.1,31.68,0.01,0.39,36.77,23.1,63.4,98.18372479607078,1.3100824677111471,19.167142040589276,16.360514840658972,1.3575597132473964,1090.1764705882354,0.0,0.0,0.0,0.0,53.12752094952499,0.1,0.0,0.0,0.0,0.0,450.0,1227.6,0.0,0.0,1.6,4.082,5.682,40.577,2.597,3.085,emon,0.879,0.911,32.3,15.4,2.105
2026-09-18 00:32:38.328,7.4,0,92,12;0;0;92;0;0;3;2;0;0;8;0;0;0;2;0,940,4728,4483;4559;4728;4725;2237;1694;2007;2732;1786;1858;2405;1802;972;940;1235;985,0.8,0.0,1227.6,0,0,0,0,0,0.0,0,0,0,0,0,0,0,0,0.0,0,0,0,0,0,0.0,0.0,6269.5,0,0,0,79.1,31.68,0.01,0.39,36.77,23.1,63.4,97.56396538870675,0.9411371710843274,17.182330486320314,14.781933793354602,2.1017361125254648,1074.0,0.0,0.0,0.0,0.0,50.463387863621826,0.1,0.0,0.0,0.0,0.0,450.0,1227.6,0.0,0.0,1.6,4.082,5.682,40.577,2.597,3.085,emon,0.879,0.911,32.3,15.4,2.105
2026-09-18 00:32:39.329,7.9,0,94,20;0;5;94;0;0;5;0;0;0;3;0;0;0;0;0,990,4729,4517;4281;4729;4726;1589;1324;1794;1745;1278;1319;2265;1445;1088;990;1141;1093,0.7,0.0,1225.7,0,0,0,0,0,0.0,0,0,0,0,0,0,0,0,0.0,0,0,0,0,0,0.0,0.0,6269.5,0,0,0,80.1,31.68,0.01,0.39,36.77,23.1,63.4,97.60577301025391,1.2089478797093034,22.30316978931427,19.62068697810173,2.3622709070146084,1199.0,0.0,0.0,0.0,0.0,52.22779101788998,0.0,0.0,0.0,0.0,0.0,450.0,1227.6,0.0,0.0,1.6,4.082,5.682,40.577,2.597,3.085,emon,0.879,0.911,32.3,15.4,2.105
2026-09-18 00:32:40.329,7.8,0,98,14;0;0;98;0;0;8;0;0;0;5;0;0;0;0;0,1015,4728,4528;4017;4728;4723;1340;1530;2097;1360;1291;1288;2248;1680;1045;1015;1127;1098,0.7,0.0,1225.7,0,0,0,0,0,0.0,0,0,0,0,0,0,0,0,0.0,0,0,0,0,0,0.0,0.0,6269.5,0,0,0,81.1,22.3,0.01,0.34,25.14,23.1,63.4,97.17666625976562,0.6542150320215936,17.99471758503512,14.233055483684483,1.7068418218327843,1106.2289156626507,0.0,0.0,0.0,0.0,53.38110858848296,0.1,0.0,0.0,0.0,0.0,450.0,1225.7,0.0,0.0,1.6,4.082,5.682,40.577,2.597,3.085,emon,0.879,0.911,32.3,15.4,2.105
2026-09-18 00:32:41.330,7.7,0,97,17;2;0;97;0;0;6;0;0;0;2;0;0;0;0;0,982,4732,4600;4583;4732;4725;1440;1452;1887;1288;1298;1288;2133;1248;1055;1002;1120;982,0.9,0.0,1220.4,0,0,0,0,0,0.0,0,0,0,0,0,0,0,0,0.0,0,0,0,0,0,0.0,0.0,6269.5,0,0,0,81.1,22.3,0.01,0.34,25.14,23.1,63.4,96.79724502563477,0.5800033808295983,14.70526670855145,10.704481506936771,1.7587936030657485,1050.1627906976744,0.0,0.0,0.0,0.0,51.49888170493204,0.1,0.0,0.0,0.0,0.0,450.0,1220.4,0.0,0.0,1.6,4.082,5.682,40.577,2.597,3.085,emon,0.879,0.911,32.3,15.4,2.105
2026-09-18 00:32:42.330,7.9,0,98,16;3;0;98;0;0;5;0;0;0;5;0;0;0;0;0,898,4728,4578;4701;4728;4725;1252;1234;1907;1498;1425;1287;1820;1662;1090;898;1106;1050,0.6,0.0,1220.4,0,0,0,0,0,0.0,0,0,0,0,0,0,0,0,0.0,0,0,0,0,0,0.0,0.0,6269.5,0,0,0,80.1,22.3,0.01,0.34,25.14,23.1,63.4,96.67219051784939,0.4840421852862669,13.817291843891145,9.641988494164414,1.5580804553296832,1047.888888888889,0.0,0.0,0.0,0.0,51.42198007570373,0.1,0.0,0.0,0.0,0.0,450.0,1219.4,0.0,0.0,1.6,4.082,5.682,40.577,2.597,3.085,emon,0.879,0.911,32.3,15.4,2.105
2026-09-18 00:32:43.330,13.4,0,97,32;6;2;97;0;0;37;0;0;0;28;0;3;0;6;3,1224,4596,4481;4475;4596;4476;1977;3043;2933;2684;1981;1991;2828;2003;1382;1753;2143;1224,0.5,0.0,1219.4,0,0,0,0,0,0.0,0,0,0,0,0,0,0,0,0.0,0,0,0,0,0,0.0,0.0,6480.0,0,0,0,68.1,22.3,0.01,0.34,25.14,24.0,63.4,98.77539245605469,1.5267991120368243,19.6028270816803,17.324829604029656,2.111208544690162,921.0,0.0,0.0,0.0,0.0,52.23475469350815,0.1,0.0,0.0,0.0,0.0,250.0,1219.4,0.0,0.0,1.6,4.082,5.682,40.577,2.597,3.085,emon,0.879,0.911,32.3,15.4,2.105
2026-09-18 00:32:44.330,9.7,0,100,3;22;2;100;2;2;3;8;2;2;2;6;0;2;0;3,869,4394,4013;4112;4260;4394;2624;2644;1825;1981;1411;1363;1340;2142;869;906;893;879,0.0,0.0,1222.3,0,0,0,0,0,0.0,0,0,0,0,0,0,0,0,0.0,0,0,0,0,0,98.2,0.0,7350.0,0,0,0,68.1,21.23,0.01,6.97,30.13,24.0,63.4,99.29472278413319,1.233045352268077,19.728317743255978,16.91736032529956,1.7446971626375758,1008.5238095238095,0.0,0.0,0.0,0.0,52.70470401644707,0.1,0.0,0.0,0.0,0.0,250.0,1222.3,0.0,0.0,1.6,4.082,5.682,40.577,2.597,3.085,emon,0.879,0.911,32.3,15.4,2.105
2026-09-18 00:32:45.331,9.0,0,98,2;19;0;98;0;0;0;11;0;0;0;11;0;0;0;3,612,4414,4284;4031;4260;4414;2420;1540;1459;2310;1716;1228;1422;1957;690;742;612;820,0.0,0.0,1222.3,0,0,0,0,0,0.0,0,0,0,0,0,0,0,0,0.0,0,0,0,0,0,95.8,0.0,7350.0,0,0,0,69.1,21.23,0.01,6.97,30.13,24.0,63.4,98.68856568769975,1.3529616827145219,20.38336559859189,17.538113965229556,2.752403494245796,983.0909090909091,0.0,0.0,0.0,0.0,50.25471810454672,0.1,0.0,0.0,0.0,0.0,250.0,1222.3,0.0,0.0,1.6,4.082,5.682,40.577,2.597,3.085,emon,0.879,0.911,32.3,15.4,2.105
2026-09-18 00:32:46.331,8.3,0,94,0;29;0;94;0;0;0;5;0;0;0;5;0;0;0;0,769,4722,4275;4434;4722;4677;1235;1247;1446;1916;1405;1216;1218;1938;1058;920;769;1093,0.0,0.0,1222.3,0,0,0,0,0,0.0,0,0,0,0,0,0,0,0,0.0,0,0,0,0,0,52.0,0.0,7350.0,0,0,0,78.1,21.23,0.01,6.97,30.13,24.0,63.4,97.53746668497722,1.1647450372111052,22.045615221063297,18.783845673004787,2.612598526160582,1174.0,0.0,0.0,0.0,0.0,50.253698782374464,0.0,0.0,0.0,0.0,0.0,450.0,1222.3,0.0,0.0,24.787,8.696,33.482,12.733,0.815,32.667,emon,0.853,0.931,48.8,22.9,2.129
2026-09-18 00:32:47.332,9.0,0,97,5;16;5;97;2;0;0;6;3;0;0;5;3;2;0;2,1591,4729,4625;4528;4729;4725;2914;1913;1762;2568;2721;2739;2480;2315;1759;2230;1591;1801,0.0,0.0,1222.3,0,0,0,0,0,0.0,0,0,0,0,0,0,0,0,0.0,0,0,0,0,0,0.0,0.0,7350.0,0,0,0,79.1,21.23,0.01,6.97,30.13,24.0,63.4,97.37555185953777,1.165631154901348,20.949824298421543,18.134447938452166,2.0649321118010753,1080.25,0.0,0.0,0.0,0.0,50.361947905893125,0.0,0.0,0.0,0.0,0.0,450.0,1222.3,0.0,0.0,24.787,8.696,33.482,12.733,0.815,32.667,emon,0.853,0.931,48.8,22.9,2.129
2026-09-18 00:32:48.332,8.0,0,97,0;17;0;97;0;0;0;6;0;0;0;8;0;0;0;0,1036,4725,4402;4455;4724;4725;1237;1234;1255;1902;1830;1259;1262;2188;1097;1072;1036;1159,0.3,0.0,1222.3,0,0,0,0,0,0.0,0,0,0,0,0,0,0,0,0.0,0,0,0,0,0,0.0,0.0,7350.0,0,0,0,79.1,19.61,0.01,1.7,28.14,24.0,63.4,97.30951805114746,1.0427007392048835,17.502931553125382,13.135956908017397,1.298514353786595,1044.0,0.0,0.0,0.0,0.0,50.26781856417656,0.0,0.0,0.0,0.0,0.0,450.0,1222.3,0.0,0.0,24.787,8.696,33.482,12.733,0.815,32.667,emon,0.853,0.931,48.8,22.9,2.129
2026-09-18 00:32:49.333,7.8,0,97,0;17;3;97;0;0;0;3;0;0;0;2;0;0;0;3,1066,4729,4454;4541;4729;4724;1249;1172;1231;1675;2994;1204;1226;1872;1118;1066;1115;1162,0.4,0.0,1227.5,0,0,0,0,0,0.0,0,0,0,0,0,0,0,0,0.0,0,0,0,0,0,0.0,0.0,7350.0,0,0,0,79.1,19.61,0.01,1.7,28.14,24.0,63.4,97.40293025970459,1.2974011239712127,20.592271149158478,17.572518104687333,1.8673089014082507,1199.0,0.0,0.0,0.0,0.0,50.210266032256186,0.0,0.0,0.0,0.0,0.0,450.0,1227.5,0.0,0.0,24.787,8.696,33.482,12.733,0.815,32.667,emon,0.853,0.931,48.8,22.9,2.129
2026-09-18 00:32:50.333,7.6,0,94,2;14;0;94;0;0;0;6;0;0;0;5;0;0;0;2,988,4730,4591;4528;4730;4726;1208;1179;1182;2139;1924;1777;1218;2193;1121;998;999;988,1.0,0.0,1230.6,0,0,0,0,0,0.0,0,0,0,0,0,0,0,0,0.0,0,0,0,0,0,0.0,0.0,7350.0,0,0,0,79.1,19.61,0.01,1.7,28.14,24.0,63.4,98.15182495117188,1.323935875814641,19.726037338376045,16.923747449181974,1.839550140153733,1217.75,0.0,0.0,0.0,0.0,53.48335495451465,0.0,0.0,0.0,0.0,0.0,450.0,1227.5,0.0,0.0,24.787,8.696,33.482,12.733,0.815,32.667,emon,0.853,0.931,48.8,22.9,2.129
2026-09-18 00:32:51.333,9.6,0,98,6;26;0;98;0;0;0;18;0;0;0;5;0;0;0;0,615,4408,4148;4159;3995;4408;1494;1283;1230;2001;2214;1781;1220;1933;721;615;616;776,1.0,0.0,1228.9,0,0,0,0,0,0.0,0,0,0,0,0,0,0,0,0.0,0,0,0,0,0,99.5,0.0,7350.0,0,0,0,68.1,19.61,0.01,1.7,28.14,24.1,63.4,96.33528431979093,1.201963302933357,19.626030867749993,17.810442711819302,3.2385822460690346,974.0,0.0,0.0,0.0,0.0,50.20339371026917,0.1,0.0,0.0,0.0,0.0,250.0,1228.9,0.0,0.0,24.787,8.696,33.482,12.733,0.815,32.667,emon,0.853,0.931,48.8,22.9,2.129
2026-09-18 00:32:52.350,10.6,0,96,6;35;3;96;0;0;0;17;3;0;0;11;0;0;0;0,575,4412,4134;4113;4293;4412;1387;1235;1423;1969;1720;1535;1306;1793;893;575;580;800,1.2,0.0,1225.9,0,0,0,0,0,0.0,0,0,0,0,0,0,0,0,0.0,0,0,0,0,0,96.8,0.0,7355.9,0,0,0,69.1,20.25,0.01,7.59,29.82,24.4,63.4,98.8306172688802,1.209745030046678,18.388663130647995,16.358600237790277,2.616300609184192,967.6274509803922,0.0,0.0,0.0,0.0,51.216710743366505,0.1,0.0,0.0,0.0,0.0,250.0,1229.9,0.0,0.0,24.787,8.696,33.482,12.733,0.815,32.667,emon,0.853,0.931,48.8,22.9,2.129
2026-09-18 00:32:53.350,7.9,0,80,2;80;0;35;0;0;0;5;0;0;0;5;0;0;0;0,587,4393,4291;4372;4393;4361;1196;1189;1155;2028;1296;1204;1213;2099;938;590;587;794,0.6,0.0,1224.8,0,0,0,0,0,0.0,0,0,0,0,0,0,0,0,0.0,0,0,0,0,0,100.0,0.0,7371.2,0,0,0,68.1,20.25,0.01,7.59,29.82,24.3,63.4,98.9795519510905,1.453168513874213,19.573450982570648,16.346027332047623,0.7689878137025516,924.0,0.0,0.0,0.0,0.0,50.13529806459943,0.1,0.0,0.0,0.0,0.0,250.0,1224.8,0.0,0.0,24.787,8.696,33.482,12.733,0.815,32.667,emon,0.853,0.931,48.8,22.9,2.129
2026-09-18 00:32:54.350,8.2,0,76,3;76;0;42;0;0;0;8;0;0;0;3;0;0;0;0,588,4384,4108;4380;4384;4337;1761;1583;1529;2168;1995;1574;1359;1881;605;711;588;788,0.6,0.0,1224.8,0,0,0,0,0,0.0,0,0,0,0,0,0,0,0,0.0,0,0,0,0,0,100.0,0.0,7371.2,0,0,0,68.1,20.25,0.01,7.59,29.82,24.4,63.4,98.66230109430128,1.2744708568939278,19.608577643671342,17.49966022420314,2.517027703260312,1039.3225806451612,0.0,0.0,0.0,0.0,51.876672873573916,0.0,0.0,0.0,0.0,0.0,250.0,1224.8,0.0,0.0,24.787,8.696,33.482,12.733,0.815,32.667,emon,0.853,0.931,48.8,22.9,2.129
2026-09-18 00:32:55.351,8.2,0,79,0;79;0;42;0;0;0;8;0;0;0;3;0;0;0;0,597,4366,4266;4366;4264;4336;2104;1269;1232;2148;1677;1381;1686;2115;597;1063;605;829,0.6,0.0,1224.8,0,0,0,0,0,0.0,0,0,0,0,0,0,0,0,0.0,0,0,0,0,0,96.9,0.0,7375.7,0,0,0,67.1,20.25,0.01,7.59,29.82,24.5,63.4,98.16346391042073,1.5597889331014205,20.501128256320953,18.065582337478798,2.3093541034225686,1051.0833333333333,0.0,0.0,0.0,0.0,50.14019650158783,0.0,0.0,0.0,0.0,0.0,250.0,1224.8,0.0,0.0,24.787,8.696,33.482,12.733,0.815,32.667,emon,0.853,0.931,48.8,22.9,2.129
2026-09-18 00:32:56.351,7.8,0,83,3;31;0;83;0;0;0;5;0;0;0;3;0;0;0;0,545,4330,4130;4271;3825;4330;1327;1282;1363;1771;1605;1316;1364;1704;615;813;545;790,0.3,0.0,1224.8,0,0,0,0,0,0.0,0,0,0,0,0,0,0,0,0.0,0,0,0,0,0,91.7,0.0,7381.1,0,0,0,66.1,17.23,0.01,24.18,42.97,24.5,63.4,98.88911274501255,0.8540766189606595,17.07725302875042,13.78441182045,1.571280485833995,958.8214285714286,0.0,0.0,0.0,0.0,52.03871019370854,0.1,0.0,0.0,0.0,0.0,250.0,1224.8,0.0,0.0,24.787,8.696,33.482,12.733,0.815,32.667,emon,0.853,0.931,48.8,22.9,2.129
2026-09-18 00:32:57.351,8.3,0,100,3;11;0;100;0;0;0;12;0;0;0;6;0;0;0;0,539,4360,4072;4123;3874;4360;2483;1436;1217;2082;1567;2711;1704;1789;677;539;890;647,0.9,0.0,1218.6,0,0,0,0,0,0.0,0,0,0,0,0,0,0,0,0.0,0,0,0,0,0,87.6,0.0,7391.8,0,0,0,67.1,17.23,0.01,24.18,42.97,24.6,63.4,98.82552810454033,0.8216462501941223,16.57239692143991,13.242338663045789,1.3461734233948757,897.5915492957746,0.0,0.0,0.0,0.0,52.43173855711037,0.1,0.0,0.0,0.0,0.0,250.0,1218.6,0.0,0.0,24.787,8.696,33.482,12.733,0.815,32.667,emon,0.853,0.931,48.8,22.9,2.129
2026-09-18 00:32:58.352,9.0,0,97,5;23;2;97;0;0;0;11;0;0;0;6;0;0;0;0,648,4379,3686;4016;3698;4379;2710;1297;1413;1932;2032;1857;1238;2094;680;648;672;854,0.9,0.0,1218.6,0,0,0,0,0,0.0,0,0,0,0,0,0,0,0,0.0,0,0,0,0,0,100.0,0.0,7391.8,0,0,0,68.1,17.23,0.01,24.18,42.97,24.8,63.4,98.84687916825457,1.3371576440134427,18.454730769483053,15.867926457669677,1.925635730651798,1002.6585365853658,0.0,0.0,0.0,0.0,53.92643653837646,0.2,0.0,0.0,0.0,0.0,250.0,1228.7,0.0,0.0,32.895,6.723,39.618,14.949,0.957,38.661,emon,0.877,0.663,49.9,23.1,2.157
2026-09-18 00:32:59.352,8.7,0,95,6;28;0;95;0;0;0;6;0;0;0;5;0;0;0;0,754,4385,4230;3947;4020;4385;1708;1310;1477;1976;1559;1381;1193;1765;867;763;754;795,0.0,0.0,1228.7,0,0,0,0,0,0.0,0,0,0,0,0,0,0,0,0.0,0,0,0,0,0,87.6,0.0,7408.5,0,0,0,66.1,17.23,0.01,24.18,42.97,24.8,63.4,98.69889895121257,0.7033401081737664,16.66447901867685,12.75379203969524,1.1936068738855066,922.8095238095239,0.0,0.0,0.0,0.0,51.449525630633744,0.1,0.0,0.0,0.0,0.0,300.0,1228.7,0.0,0.0,32.895,6.723,39.618,14.949,0.957,38.661,emon,0.877,0.663,49.9,23.1,2.157
2026-09-18 00:33:00.353,9.1,0,96,3;24;3;96;0;0;0;11;2;0;0;5;0;0;0;3,562,4398,4213;4195;4251;4398;1417;2054;1300;2068;1267;1466;2253;1899;737;786;562;908,0.7,0.0,1223.4,0,0,0,0,0,0.0,0,0,0,0,0,0,0,0,0.0,0,0,0,0,0,92.7,0.0,7408.5,0,0,0,66.1,17.04,0.02,18.07,39.72,24.9,63.4,98.18500035603842,0.44440565730134646,13.676464732487997,8.251016434033712,1.2597897827625275,1040.6666666666667,0.0,0.0,0.0,0.0,50.19814984897773,0.1,0.0,0.0,0.0,0.0,250.0,1222.3,0.0,0.0,32.895,6.723,39.618,14.949,0.957,38.661,emon,0.877,0.663,49.9,23.1,2.157
2026-09-18 00:33:01.353,9.3,0,96,3;33;2;96;0;0;0;8;0;0;0;8;0;0;0;0,643,4417,4059;3935;4268;4417;1564;1563;1479;1995;1581;1255;1216;1969;676;643;678;832,0.0,0.0,1222.3,0,0,0,0,0,0.0,0,0,0,0,0,0,0,0,0.0,0,0,0,0,0,100.0,0.0,7431.5,0,0,0,67.1,17.04,0.02,18.07,39.72,24.9,63.4,99.16517860658708,1.0205122471576737,17.28082957190852,13.946586827116628,0.8404676904169572,1013.516129032258,0.0,0.0,0.0,0.0,51.87471080018628,0.1,0.0,0.0,0.0,0.0,300.0,1222.3,0.0,0.0,32.895,6.723,39.618,14.949,0.957,38.661,emon,0.877,0.663,49.9,23.1,2.157
2026-09-18 00:33:02.353,9.0,0,98,3;22;0;98;0;0;0;9;0;0;0;9;0;0;0;2,550,4359,4037;4126;4051;4359;1868;1294;1297;2034;1844;2067;2100;2096;550;581;665;843,0.0,0.0,1222.3,0,0,0,0,0,0.0,0,0,0,0,0,0,0,0,0.0,0,0,0,0,0,95.9,0.0,7431.5,0,0,0,64.1,17.04,0.02,18.07,39.72,25.0,63.4,99.09927092207239,0.7045884890323306,15.140726038750183,11.408315469134362,1.6550052926895467,953.2553191489362,0.0,0.0,0.0,0.0,53.48351383050706,0.1,0.0,0.0,0.0,0.0,250.0,1222.3,0.0,0.0,32.895,6.723,39.618,14.949,0.957,38.661,emon,0.877,0.663,49.9,23.1,2.157
2026-09-18 00:33:03.353,7.9,0,100,5;11;2;100;0;0;0;3;0;0;0;6;0;0;0;0,705,4388,4138;4084;3956;4388;1559;2601;2011;1858;1521;1719;1751;1852;705;810;894;869,0.3,0.0,1219.4,0,0,0,0,0,0.0,0,0,0,0,0,0,0,0,0.0,0,0,0,0,0,97.0,0.0,7453.9,0,0,0,66.1,17.04,0.02,18.07,39.72,25.0,63.4,98.40721448262532,1.3803923569309215,21.158401211102802,18.745105390126508,2.215138053676734,944.8333333333334,0.0,0.0,0.0,0.0,50.18503699855258,0.1,0.0,0.0,0.0,0.0,250.0,1222.3,0.0,0.0,32.895,6.723,39.618,14.949,0.957,38.661,emon,0.877,0.663,49.9,23.1,2.157
2026-09-18 00:33:04.354,8.8,0,98,2;23;0;98;0;0;0;9;0;0;0;8;0;0;0;0,754,4383,3708;4023;4079;4383;1629;1180;1188;2079;2158;1648;1466;1709;754;816;801;765,0.9,0.0,1222.3,0,0,0,0,0,0.0,0,0,0,0,0,0,0,0,0.0,0,0,0,0,0,100.0,0.0,7453.9,0,0,0,65.1,17.34,0.01,16.69,39.38,25.0,63.4,98.88517645633581,0.7832134044588064,17.69997879591855,14.477939621065602,1.7472004813537227,930.8181818181819,0.0,0.0,0.0,0.0,51.78739214282144,0.1,0.0,0.0,0.0,0.0,250.0,1222.3,0.0,0.0,32.895,6.723,39.618,14.949,0.957,38.661,emon,0.877,0.663,49.9,23.1,2.157
2026-09-18 00:33:05.354,22.1,9,96,20;43;15;96;9;12;14;31;24;14;14;14;11;9;11;15,2092,4562,4521;4411;4562;4441;3377;3428;3430;3103;3252;3373;3368;2797;2286;2312;2092;2478,0.9,0.0,1222.8,0,0,0,0,0,0.0,0,0,0,0,0,0,0,0,0.0,0,0,0,0,0,44.2,0.0,7490.2,0,0,0,66.1,17.34,0.01,16.69,39.38,25.1,63.4,98.95787909092047,1.0407458879053593,19.512911811853066,17.30421927685921,2.858807706118872,1118.2307692307693,0.0,0.0,0.0,0.0,51.563765160930465,0.1,0.0,0.0,0.0,0.0,250.0,1222.8,0.0,0.0,32.895,6.723,39.618,14.949,0.957,38.661,emon,0.877,0.663,49.9,23.1,2.157
2026-09-18 00:33:06.365,9.9,0,97,2;28;3;97;0;0;0;17;0;0;0;12;0;0;0;0,781,4373,4021;4139;3790;4373;1558;1601;1612;1989;1380;1858;2119;1867;781;816;835;785,1.1,0.0,1222.6,0,0,0,0,0,0.0,0,0,0,0,0,0,0,0,0.0,0,0,0,0,0,94.1,0.0,7490.2,0,0,0,65.1,17.34,0.01,16.69,39.38,25.2,63.4,98.95787909092047,1.0407458879053593,19.512911811853066,17.30421927685921,2.858807706118872,1118.2307692307693,0.0,0.0,0.0,0.0,51.563765160930465,0.1,0.0,0.0,0.0,0.0,250.0,1222.6,0.0,0.0,32.895,6.723,39.618,14.949,0.957,38.661,emon,0.877,0.663,49.9,23.1,2.157
2026-09-18 00:33:07.365,9.1,0,80,3;42;0;80;0;0;0;9;0;0;0;6;0;0;0;5,768,4387,4261;4280;4034;4387;1334;1403;1398;1835;2245;1688;1500;1854;768;894;800;813,1.3,0.0,1224.1,0,0,0,0,0,0.0,0,0,0,0,0,0,0,0,0.0,0,0,0,0,0,95.1,0.0,7490.2,0,0,0,66.1,17.34,0.01,16.69,39.38,25.0,63.4,98.62212559626653,0.9044158573047473,16.78813602557549,13.790855098229189,1.5084282490836742,836.6923076923077,0.0,0.0,0.0,0.0,52.484930959802405,0.1,0.0,0.0,0.0,0.0,250.0,1224.1,0.0,0.0,32.895,6.723,39.618,14.949,0.957,38.661,emon,0.877,0.663,49.9,23.1,2.157
2026-09-18 00:33:08.365,9.1,0,83,2;34;2;83;0;0;0;14;0;0;0;6;3;0;0;2,606,4379,3910;4280;4251;4379;1765;1379;1534;1908;2106;1362;1098;1980;741;606;643;869,1.3,0.0,1224.1,0,0,0,0,0,0.0,0,0,0,0,0,0,0,0,0.0,0,0,0,0,0,95.1,0.0,7490.2,0,0,0,67.1,18.64,0.01,7.52,35.9,25.1,63.4,99.31061553955078,1.1821147085804689,20.80240119130988,19.22759461402893,1.559198343446233,927.9473684210526,0.0,0.0,0.0,0.0,52.956123759872035,0.1,0.0,0.0,0.0,0.0,250.0,1224.3,0.0,0.0,32.895,6.723,39.618,14.949,0.957,38.661,emon,0.877,0.663,49.9,23.1,2.157
2026-09-18 00:33:09.365,8.9,0,97,2;24;0;97;0;0;0;14;0;0;0;6;0;0;0;0,558,4400,4212;4126;3802;4400;1437;1437;1300;2030;1137;1222;1244;2233;654;786;558;660,1.2,0.0,1224.3,0,0,0,0,0,0.0,0,0,0,0,0,0,0,0,0.0,0,0,0,0,0,100.0,0.0,7490.2,0,0,0,68.1,18.64,0.01,7.52,35.9,25.1,63.4,99.37365595499675,1.0476969856147964,17.88678501447042,15.674054262538752,1.8809154323030575,969.0,0.0,0.0,0.0,0.0,50.25020523859809,0.1,0.0,0.0,0.0,0.0,250.0,1222.8,0.0,0.0,32.895,6.723,39.618,14.949,0.957,38.661,emon,0.877,0.663,49.9,23.1,2.157
2026-09-18 00:33:10.366,8.9,0,97,12;15;0;97;2;0;0;8;2;0;0;6;0;0;0;2,606,4416,4224;3869;3753;4416;2295;1297;1315;1847;2983;2689;1248;1891;642;606;634;763,1.0,0.0,1222.8,0,0,0,0,0,0.0,0,0,0,0,0,0,0,0,0.0,0,0,0,0,0,93.7,0.0,7490.2,0,0,0,69.1,18.64,0.01,7.52,35.9,25.1,63.4,99.03501761300224,1.309306614952428,19.6482518025807,18.288424057194163,2.032561121794528,1040.4285714285713,0.0,0.0,0.0,0.0,51.6586628098573,0.1,0.0,0.0,0.0,0.0,250.0,1225.1,0.0,0.0,89.924,1.346,91.27,8.082,0.517,90.753,emon,0.843,0.741,47.2,21.8,2.161
2026-09-18 00:33:11.366,8.9,0,77,6;38;0;77;0;0;0;12;0;0;0;8;0;0;0;2,572,4396,4096;4217;4012;4396;1427;1288;1390;2023;1584;1237;1352;1932;572;920;662;775,0.7,0.0,1225.1,0,0,0,0,0,0.0,0,0,0,0,0,0,0,0,0.0,0,0,0,0,0,91.5,0.0,7490.2,0,0,0,67.1,17.62,0.01,3.38,33.98,25.1,63.4,99.07669012887138,1.2230511515268259,19.006570773465292,17.31759599560783,2.3806387300691787,960.9047619047619,0.0,0.0,0.0,0.0,52.73045022359916,0.1,0.0,0.0,0.0,0.0,250.0,1225.1,0.0,0.0,89.924,1.346,91.27,8.082,0.517,90.753,emon,0.843,0.741,47.2,21.8,2.161
2026-09-18 00:33:12.366,9.0,0,76,6;76;0;41;0;0;0;12;0;0;0;9;0;0;0;0,767,4365,4106;4365;4222;4340;1470;928;959;1719;2266;1991;865;2030;825;845;847;767,0.2,0.0,1225.1,0,0,0,0,0,0.0,0,0,0,0,0,0,0,0,0.0,0,0,0,0,0,100.0,0.0,7490.2,0,0,0,65.1,17.62,0.01,3.38,33.98,25.1,63.4,98.70501087987145,1.205158628436715,19.589351468308028,17.879125382664594,2.8676004290017625,953.6511627906976,0.0,0.0,0.0,0.0,51.40816711617071,0.1,0.0,0.0,0.0,0.0,250.0,1222.8,0.0,0.0,89.924,1.346,91.27,8.082,0.517,90.753,emon,0.843,0.741,47.2,21.8,2.161
2026-09-18 00:33:13.367,8.2,0,78,2;41;0;78;0;0;0;8;0;0;0;3;0;0;0;0,583,4369,4247;4320;4245;4369;1642;1198;1189;1886;2139;2001;1326;1866;662;583;599;745,0.3,0.0,1222.8,0,0,0,0,0,0.0,0,0,0,0,0,0,0,0,0.0,0,0,0,0,0,93.9,0.0,7490.2,0,0,0,67.1,17.62,0.01,3.38,33.98,25.1,63.4,98.6969676384559,1.109259334858507,18.167426301882816,15.870457671869259,2.7139112443636315,899.0,0.0,0.0,0.0,0.0,50.26636500456012,0.1,0.0,0.0,0.0,0.0,250.0,1222.8,0.0,0.0,89.924,1.346,91.27,8.082,0.517,90.753,emon,0.843,0.741,47.2,21.8,2.161
2026-09-18 00:33:14.367,7.8,0,97,17;2;0;97;5;0;0;0;4;0;0;0;0;0;0;0,624,4371,4134;3711;3745;4371;1810;1505;1323;1182;1774;1332;1308;2316;638;697;624;683,0.1,0.0,1222.8,0,0,0,0,0,0.0,0,0,0,0,0,0,0,0,0.0,0,0,0,0,0,100.0,0.0,7490.2,0,0,0,67.1,17.62,0.01,3.38,33.98,25.1,63.4,98.6969676384559,1.109259334858507,18.167426301882816,15.870457671869259,2.7139112443636315,899.0,0.0,0.0,0.0,0.0,50.26636500456012,0.1,0.0,0.0,0.0,0.0,250.0,1222.8,0.0,0.0,89.924,1.346,91.27,8.082,0.517,90.753,emon,0.843,0.741,47.2,21.8,2.161
2026-09-18 00:33:15.367,8.6,0,97,18;3;0;97;13;0;0;0;6;0;0;0;0;0;0;0,510,4336,4052;4139;3991;4336;2026;1300;2505;1208;1616;2040;1760;1235;759;697;510;549,0.8,0.0,1220.9,0,0,0,0,0,0.0,0,0,0,0,0,0,0,0,0.0,0,0,0,0,0,93.9,0.0,7490.2,0,0,0,66.1,17.7,0.01,3.38,33.98,25.1,63.4,97.8675286429269,0.5026148078697068,13.69206246307918,8.469644955226354,1.278529966748985,702.5714285714286,0.0,0.0,0.0,0.0,50.286409833601546,0.1,0.0,0.0,0.0,0.0,250.0,1219.3,0.0,0.0,89.924,1.346,91.27,8.082,0.517,90.753,emon,0.843,0.741,47.2,21.8,2.161
2026-09-18 00:33:16.367,9.6,0,96,22;3;2;96;17;2;0;0;9;2;0;0;0;2;0;0,580,4422,4066;3832;4273;4422;2107;2035;1261;1380;1990;1623;2565;1809;765;726;588;580,0.0,0.0,1219.3,0,0,0,0,0,0.0,0,0,0,0,0,0,0,0,0.0,0,0,0,0,0,91.6,0.0,7490.2,0,0,0,68.1,17.7,0.01,3.38,33.98,25.1,63.4,98.86734226771763,0.7591219937029694,14.418851920536586,11.632958090731076,2.2459493034785347,957.5714285714286,0.0,0.0,0.0,0.0,51.703771461014234,0.1,0.0,0.0,0.0,0.0,250.0,1224.5,0.0,0.0,89.924,1.346,91.27,8.082,0.517,90.753,emon,0.843,0.741,47.2,21.8,2.161
2026-09-18 00:33:17.368,9.4,0,98,25;2;0;98;13;0;0;0;10;2;0;0;2;0;0;0,534,4390,4180;3846;4338;4390;2039;1326;1292;1296;1703;1937;1187;1236;731;690;534;611,0.0,0.0,1224.5,0,0,0,0,0,0.0,0,0,0,0,0,0,0,0,0.0,0,0,0,0,0,100.0,0.0,7490.2,0,0,0,66.1,17.7,0.01,3.38,33.98,25.1,63.4,99.32991233238808,1.3015192742817676,20.50328220770909,19.105063839600636,1.038513156083914,889.3846153846154,0.0,0.0,0.0,0.0,50.28233695198567,0.1,0.0,0.0,0.0,0.0,250.0,1224.5,0.0,0.0,89.924,1.346,91.27,8.082,0.517,90.753,emon,0.843,0.741,47.2,21.8,2.161
2026-09-18 00:33:18.368,8.3,0,85,32;2;0;85;5;0;2;0;6;2;0;0;0;0;0;0,538,4357,4140;4010;3685;4357;1860;2703;2513;1216;1729;2944;1254;1268;796;669;538;580,0.2,0.0,1219.3,0,0,0,0,0,0.0,0,0,0,0,0,0,0,0,0.0,0,0,0,0,0,92.0,0.0,7490.2,0,0,0,64.1,17.7,0.01,3.38,33.98,25.1,63.4,99.07449742367393,1.1283926645195799,20.111571346458636,17.46914302557707,1.2404074988474971,904.2631578947369,0.0,0.0,0.0,0.0,52.93290084247526,0.2,0.0,0.0,0.0,0.0,250.0,1219.3,0.0,0.0,89.924,1.346,91.27,8.082,0.517,90.753,emon,0.843,0.741,47.2,21.8,2.161
2026-09-18 00:33:19.369,8.7,0,79,30;6;2;79;11;0;0;0;11;0;0;0;0;0;0;0,544,4346,4206;4113;3960;4346;1769;1465;1372;1413;1932;1323;1333;1506;772;691;544;581,0.8,0.0,1219.4,0,0,0,0,0,0.0,0,0,0,0,0,0,0,0,0.0,0,0,0,0,0,93.3,0.0,7490.2,0,0,0,64.1,17.6,0.01,3.39,33.88,25.1,63.4,99.06544555664063,0.93915333699435,18.585959346294402,15.756012960970402,1.455129287096206,938.0,0.0,0.0,0.0,0.0,52.310822037756445,0.1,0.0,0.0,0.0,0.0,250.0,1219.4,0.0,0.0,89.924,1.346,91.27,8.082,0.517,90.753,emon,0.843,0.741,47.2,21.8,2.161
2026-09-18 00:33:20.369,9.9,0,96,15;12;2;96;18;0;0;0;15;0;0;0;0;0;0;0,524,4288,4038;4017;4050;4288;1867;1586;1249;1214;1818;2784;1247;1353;741;667;533;524,0.9,0.0,1219.4,0,0,0,0,0,0.0,0,0,0,0,0,0,0,0,0.0,0,0,0,0,0,100.0,0.0,7490.2,0,0,0,65.1,17.6,0.01,3.39,33.88,25.1,63.4,98.73671162128448,0.8603508187807165,19.102929374203086,15.220870602643117,1.4501316785317613,995.875,0.0,0.0,0.0,0.0,51.81713236880023,0.2,0.0,0.0,0.0,0.0,250.0,1219.4,0.0,0.0,89.924,1.346,91.27,8.082,0.517,90.753,emon,0.843,0.741,47.2,21.8,2.161
2026-09-18 00:33:21.369,8.7,0,100,22;3;0;100;5;0;0;0;8;0;0;0;2;0;0;0,627,4338,4111;3369;3838;4338;1773;1229;1296;1331;1722;1274;1306;1398;803;627;641;632,0.8,0.0,1219.4,0,0,0,0,0,0.0,0,0,0,0,0,0,0,0,0.0,0,0,0,0,0,94.3,0.0,7490.2,0,0,0,66.1,17.6,0.01,3.39,33.88,25.1,63.4,97.93244340684679,0.5742156544907225,16.340478738149006,11.714606479362205,0.807936788605595,818.4444444444445,0.0,0.0,0.0,0.0,50.24245721515682,0.2,0.0,0.0,0.0,0.0,250.0,1219.4,0.0,0.0,89.924,1.346,91.27,8.082,0.517,90.753,emon,0.843,0.741,47.2,21.8,2.161
2026-09-18 00:33:22.370,9.3,0,98,19;2;0;98;17;0;0;0;12;0;0;0;0;0;0;0,621,4327,4038;3486;3756;4327;1825;2446;1245;1260;1891;1249;1571;1577;723;728;621;1060,0.8,0.0,1219.4,0,0,0,0,0,0.0,0,0,0,0,0,0,0,0,0.0,0,0,0,0,0,94.3,0.0,7490.2,0,0,0,67.1,17.6,0.01,3.39,33.88,25.1,63.4,98.0955681339387,0.40589767622370876,13.409680551098239,8.094071870849978,1.1760745698270658,939.3225806451613,0.0,0.0,0.0,0.0,50.20316795451987,0.2,0.0,0.0,0.0,0.0,250.0,1219.4,0.0,0.0,88.948,1.265,90.214,8.33,0.533,89.681,emon,0.843,0.755,46.5,21.5,2.161
2026-09-18 00:33:23.370,8.5,0,98,14;5;0;98;11;0;0;0;8;0;0;0;0;0;0;0,602,4303,4039;3950;3713;4303;1855;1805;1270;1360;1769;1353;2065;1207;808;916;675;602,1.1,0.0,1219.4,0,0,0,0,0,0.0,0,0,0,0,0,0,0,0,0.0,0,0,0,0,0,93.6,0.0,7490.2,0,0,0,65.1,17.2,0.02,3.37,33.37,25.1,63.4,97.91854950477337,0.3827766343822767,12.886392683818423,6.986169773956825,1.1506155720301743,928.3103448275862,0.0,0.0,0.0,0.0,50.22054854908894,0.2,0.0,0.0,0.0,0.0,250.0,1219.6,0.0,0.0,88.948,1.265,90.214,8.33,0.533,89.681,emon,0.843,0.755,46.5,21.5,2.161
2026-09-18 00:33:24.370,8.4,0,97,22;3;0;97;6;0;0;0;6;0;0;0;0;0;0;0,544,4329,4063;4089;4210;4329;1976;2195;1205;1187;1984;2261;2645;1226;733;729;544;859,1.1,0.0,1219.6,0,0,0,0,0,0.0,0,0,0,0,0,0,0,0,0.0,0,0,0,0,0,94.5,0.0,7490.2,0,0,0,67.1,17.2,0.02,3.37,33.37,25.1,63.4,98.23560070991516,0.4929333976469934,15.39801461994648,10.545016506686807,0.9504996500909328,931.8125,0.0,0.0,0.0,0.0,50.192620086017996,0.1,0.0,0.0,0.0,0.0,250.0,1222.4,0.0,0.0,88.948,1.265,90.214,8.33,0.533,89.681,emon,0.843,0.755,46.5,21.5,2.161
2026-09-18 00:33:25.371,8.6,0,98,20;5;2;98;5;0;0;0;6;0;0;0;2;0;0;0,542,4412,3998;3804;4157;4412;2076;2232;2322;3152;1858;3132;2289;3326;875;647;542;1108,0.9,0.0,1222.4,0,0,0,0,0,0.0,0,0,0,0,0,0,0,0,0.0,0,0,0,0,0,100.0,0.0,7490.2,0,0,0,70.1,17.2,0.02,3.37,33.37,25.1,63.4,99.54967013272372,1.1626087824221363,20.647833813320506,18.809757967902854,1.1491787490773608,819.4545454545455,0.0,0.0,0.0,0.0,55.03954493389888,0.1,0.0,0.0,0.0,0.0,250.0,1222.4,0.0,0.0,88.948,1.265,90.214,8.33,0.533,89.681,emon,0.843,0.755,46.5,21.5,2.161
2026-09-18 00:33:26.371,9.6,0,89,28;8;3;89;9;0;0;0;9;2;0;0;5;0;0;0,507,4336,4116;3891;3848;4336;1910;1341;1410;1409;2048;1289;1578;1248;746;725;507;637,1.6,0.0,1222.1,0,0,0,0,0,0.0,0,0,0,0,0,0,0,0,0.0,0,0,0,0,0,95.2,0.0,7490.2,0,0,0,69.1,17.2,0.02,3.37,33.37,25.1,63.4,99.03583959631018,1.1063389945271853,18.978063741245784,16.51337909255479,1.8381362892058049,993.5945945945946,0.0,0.0,0.0,0.0,51.55585251476716,0.1,0.0,0.0,0.0,0.0,250.0,1222.1,0.0,0.0,88.948,1.265,90.214,8.33,0.533,89.681,emon,0.843,0.755,46.5,21.5,2.161
2026-09-18 00:33:27.371,8.8,0,97,18;2;2;97;9;2;0;0;9;0;0;0;2;0;0;0,594,4399,4112;3973;4255;4399;1971;1290;1492;1454;2221;2770;1331;2071;838;720;594;674,0.7,0.0,1222.5,0,0,0,0,0,0.0,0,0,0,0,0,0,0,0,0.0,0,0,0,0,0,90.0,0.0,7490.2,0,0,0,68.1,17.53,0.02,3.38,33.85,25.1,63.4,99.07475180374949,1.164583717963021,18.95017158044012,17.072947921329423,2.6963471131227714,1012.1578947368421,0.0,0.0,0.0,0.0,52.863578718743824,0.1,0.0,0.0,0.0,0.0,250.0,1222.5,0.0,0.0,88.948,1.265,90.214,8.33,0.533,89.681,emon,0.843,0.755,46.5,21.5,2.161
2026-09-18 00:33:28.372,8.7,0,100,19;2;0;100;9;0;0;0;9;0;0;0;0;0;0;0,641,4417,4019;3424;4377;4417;1864;1283;1236;1220;1997;1216;1219;1215;692;902;833;641,0.1,0.0,1222.5,0,0,0,0,0,0.0,0,0,0,0,0,0,0,0,0.0,0,0,0,0,0,100.0,0.0,7490.2,0,0,0,70.1,17.53,0.02,3.38,33.85,25.1,63.4,98.15947799682617,0.8064606308937072,14.486469650268555,11.804894065856933,4.140915822982788,849.0,0.0,0.0,0.0,0.0,50.16365755200386,0.1,0.0,0.0,0.0,0.0,250.0,1222.5,0.0,0.0,88.948,1.265,90.214,8.33,0.533,89.681,emon,0.843,0.755,46.5,21.5,2.161
2026-09-18 00:33:29.372,9.2,0,100,22;3;0;100;9;0;0;0;9;0;0;0;3;0;0;0,546,4481,4158;4115;4481;4401;1983;1892;1238;1247;1971;1719;1893;1519;673;546;605;762,0.0,0.0,1222.5,0,0,0,0,0,0.0,0,0,0,0,0,0,0,0,0.0,0,0,0,0,0,100.0,0.0,7490.2,0,0,0,69.1,17.53,0.02,3.38,33.85,25.1,63.4,98.10139465332031,0.7493579387664795,16.337408542633057,12.96107292175293,4.604506731033325,799.0,0.0,0.0,0.0,0.0,50.27033895254135,0.1,0.0,0.0,0.0,0.0,250.0,1222.5,0.0,0.0,88.948,1.265,90.214,8.33,0.533,89.681,emon,0.843,0.755,46.5,21.5,2.161
2026-09-18 00:33:30.373,9.5,0,98,27;3;0;98;14;0;0;0;8;0;0;0;2;0;0;0,649,4392,4180;3943;4305;4392;1768;1216;1189;1153;1768;2238;1337;1403;807;649;934;788,0.0,0.0,1227.8,0,0,0,0,0,0.0,0,0,0,0,0,0,0,0,0.0,0,0,0,0,0,92.9,0.0,7490.2,0,0,0,68.1,17.53,0.02,3.38,33.85,25.1,63.4,98.85246086120605,1.0335574091101687,15.792958624660969,13.247832071656982,2.35975523024293,920.875,0.0,0.0,0.0,0.0,52.40764403917516,0.1,0.0,0.0,0.0,0.0,250.0,1227.8,0.0,0.0,88.948,1.265,90.214,8.33,0.533,89.681,emon,0.843,0.755,46.5,21.5,2.161
2026-09-18 00:33:31.373,8.2,0,99,20;2;2;99;3;0;0;0;6;0;0;0;0;0;0;0,562,4415,4161;3640;3867;4415;1816;1349;1168;1164;1758;1342;2034;1499;765;755;668;562,0.0,0.0,1224.5,0,0,0,0,0,0.0,0,0,0,0,0,0,0,0,0.0,0,0,0,0,0,92.3,0.0,7490.2,0,0,0,68.1,17.78,0.01,3.39,34.09,25.1,63.4,98.3796927134196,1.543648285170396,20.619107420245808,18.119773522019386,2.17873650288675,874.0,0.0,0.0,0.0,0.0,50.19187230834117,0.1,0.0,0.0,0.0,0.0,250.0,1224.5,0.0,0.0,88.948,1.265,90.214,8.33,0.533,89.681,emon,0.843,0.755,46.5,21.5,2.161
2026-09-18 00:33:32.373,8.7,0,95,25;2;0;95;11;0;0;0;6;0;0;0;0;0;0;0,600,4401,4111;4151;4280;4401;2152;1354;1150;1155;1873;1232;1156;1170;600;618;626;732,0.0,0.0,1224.5,0,0,0,0,0,0.0,0,0,0,0,0,0,0,0,0.0,0,0,0,0,0,100.0,0.0,7490.2,0,0,0,69.1,17.78,0.01,3.39,34.09,25.1,63.4,98.78601880343456,1.0466059524003628,18.425542462546872,15.688972028358927,2.6797494432726383,863.1509433962265,0.0,0.0,0.0,0.0,51.219930161282704,0.1,0.0,0.0,0.0,0.0,250.0,1224.5,0.0,0.0,88.948,1.265,90.214,8.33,0.533,89.681,emon,0.843,0.755,46.5,21.5,2.161
2026-09-18 00:33:33.374,8.1,0,100,16;3;0;100;6;0;0;0;5;0;0;0;0;0;0;0,716,4413,4105;3979;4324;4413;2036;1200;1357;1370;2056;1644;1334;1343;817;716;789;748,0.0,0.0,1224.5,0,0,0,0,0,0.0,0,0,0,0,0,0,0,0,0.0,0,0,0,0,0,90.8,0.0,7490.2,0,0,0,71.1,17.78,0.01,3.39,34.09,25.1,63.4,98.66978866577148,1.1137002203986048,18.439434514045715,16.372041674256323,2.6651699161715805,942.0,0.0,0.0,0.0,0.0,52.28641982316971,0.1,0.0,0.0,0.0,0.0,250.0,1224.5,0.0,0.0,88.948,1.265,90.214,8.33,0.533,89.681,emon,0.843,0.755,46.5,21.5,2.161
2026-09-18 00:33:34.374,9.0,0,98,12;8;0;98;16;0;0;0;9;0;0;0;0;0;0;0,506,4414,4046;4137;4250;4414;2013;1403;1409;1642;2040;1301;1283;1219;751;857;573;506,0.0,0.0,1224.5,0,0,0,0,0,0.0,0,0,0,0,0,0,0,0,0.0,0,0,0,0,0,90.8,0.0,7490.2,0,0,0,71.1,17.78,0.01,3.39,34.09,25.1,63.4,99.54689147949219,1.1885848098248244,20.874443154335022,19.38611580133438,2.1055465175770225,953.0,0.0,0.0,0.0,0.0,52.355416614115235,0.1,0.0,0.0,0.0,0.0,250.0,1226.6,0.0,0.0,91.163,1.39,92.552,10.087,0.646,91.906,emon,0.836,0.766,47.6,22.1,2.16
2026-09-18 00:33:35.387,7.9,0,67,51;2;0;67;5;0;0;0;3;0;0;0;0;0;0;0,607,4435,4281;4147;4275;4435;1708;1176;1125;1101;1551;1245;1267;1304;704;646;607;629,0.6,0.0,1226.6,0,0,0,0,0,0.0,0,0,0,0,0,0,0,0,0.0,0,0,0,0,0,91.7,0.0,7490.2,0,0,0,71.1,17.67,0.01,3.38,34.06,25.2,63.4,98.28060913085938,1.116045005619526,19.324389338493347,16.644750714302063,5.806490793824196,942.75,0.0,0.0,0.0,0.0,50.18388887681067,0.1,0.0,0.0,0.0,0.0,250.0,1226.6,0.0,0.0,91.163,1.39,92.552,10.087,0.646,91.906,emon,0.836,0.766,47.6,22.1,2.16
2026-09-18 00:33:36.388,8.6,0,97,16;6;2;97;8;0;0;0;9;0;0;0;0;0;0;0,651,4429,3926;4061;4030;4429;1970;2622;1638;1267;2044;2120;1310;1173;661;785;651;703,0.9,0.0,1226.6,0,0,0,0,0,0.0,0,0,0,0,0,0,0,0,0.0,0,0,0,0,0,100.0,0.0,7490.2,0,0,0,70.1,17.67,0.01,3.38,34.06,25.1,63.4,98.32549721854073,1.1377172470092773,18.025658471243723,15.946094649178642,4.219448955995696,949.0,0.0,0.0,0.0,0.0,50.207562268844676,0.1,0.0,0.0,0.0,0.0,250.0,1226.6,0.0,0.0,91.163,1.39,92.552,10.087,0.646,91.906,emon,0.836,0.766,47.6,22.1,2.16
2026-09-18 00:33:37.388,7.8,0,98,17;0;0;98;5;0;0;0;5;0;0;0;0;0;0;0,652,4387,4116;3689;4200;4387;2205;2049;1812;1542;2028;1773;1539;1253;652;699;676;765,1.1,0.0,1224.5,0,0,0,0,0,0.0,0,0,0,0,0,0,0,0,0.0,0,0,0,0,0,100.0,0.0,7490.2,0,0,0,69.1,17.67,0.01,3.38,34.06,25.1,63.4,98.03650665283203,0.5961381196975708,16.83338737487793,13.420835494995117,5.63259220123291,949.0,0.0,0.0,0.0,0.0,50.239811077713966,0.1,0.0,0.0,0.0,0.0,250.0,1224.5,0.0,0.0,91.163,1.39,92.552,10.087,0.646,91.906,emon,0.836,0.766,47.6,22.1,2.16
2026-09-18 00:33:38.388,9.5,0,97,26;3;0;97;12;0;0;0;14;0;0;0;0;0;0;0,562,4437,4029;3594;3727;4437;1898;1674;1915;1363;2162;1463;2355;2330;730;634;562;582,0.5,0.0,1224.5,0,0,0,0,0,0.0,0,0,0,0,0,0,0,0,0.0,0,0,0,0,0,93.4,0.0,7490.2,0,0,0,70.1,17.67,0.01,3.38,34.06,25.1,63.4,98.66845581054687,1.3211908420175313,19.79227328300476,17.277454877495767,2.3938707431545483,957.0,0.0,0.0,0.0,0.0,52.23783817768097,0.0,0.0,0.0,0.0,0.0,250.0,1224.5,0.0,0.0,91.163,1.39,92.552,10.087,0.646,91.906,emon,0.836,0.766,47.6,22.1,2.16
2026-09-18 00:33:39.389,8.3,0,95,22;0;0;95;14;0;0;0;2;0;0;0;0;0;0;0,674,4430,4038;3211;3792;4430;2111;1243;1302;1316;1853;1349;1258;1418;674;754;694;736,0.8,0.0,1224.5,0,0,0,0,0,0.0,0,0,0,0,0,0,0,0,0.0,0,0,0,0,0,92.4,0.0,7490.2,0,0,0,71.1,17.71,0.01,3.4,34.14,25.1,63.4,98.85498428344727,1.0640080575443183,16.923344162603218,14.34435615533342,2.0351086379378103,931.2916666666666,0.0,0.0,0.0,0.0,52.365738700454436,0.1,0.0,0.0,0.0,0.0,250.0,1224.5,0.0,0.0,91.163,1.39,92.552,10.087,0.646,91.906,emon,0.836,0.766,47.6,22.1,2.16
2026-09-18 00:33:40.389,8.9,0,98,20;2;2;98;14;0;0;0;6;0;0;0;0;0;0;0,602,4360,3999;3949;4072;4360;2091;1232;1314;1304;1796;1570;1210;1232;744;738;628;602,1.3,0.0,1220.3,0,0,0,0,0,0.0,0,0,0,0,0,0,0,0,0.0,0,0,0,0,0,93.7,0.0,7490.2,0,0,0,69.1,17.71,0.01,3.4,34.14,25.1,63.4,97.79727658358487,0.5182190947234631,15.55388593673706,10.368839591741562,1.635553391142325,887.6363636363636,0.0,0.0,0.0,0.0,50.23184343630617,0.1,0.0,0.0,0.0,0.0,250.0,1225.5,0.0,0.0,91.163,1.39,92.552,10.087,0.646,91.906,emon,0.836,0.766,47.6,22.1,2.16
2026-09-18 00:33:41.389,8.5,0,97,20;5;0;97;9;0;0;0;3;0;0;0;2;0;0;0,561,4361,4101;4186;3944;4361;2308;1696;1384;1333;1950;1704;1767;1197;719;741;561;564,1.4,0.0,1220.4,0,0,0,0,0,0.0,0,0,0,0,0,0,0,0,0.0,0,0,0,0,0,100.0,0.0,7490.2,0,0,0,68.1,17.71,0.01,3.4,34.14,25.1,63.4,98.12170600891113,0.3000022917985916,10.891481876373291,3.663370370864868,1.67908775806427,1199.0,0.0,0.0,0.0,0.0,50.17300497740507,0.1,0.0,0.0,0.0,0.0,250.0,1220.4,0.0,0.0,91.163,1.39,92.552,10.087,0.646,91.906,emon,0.836,0.766,47.6,22.1,2.16
2026-09-18 00:33:42.393,8.6,0,98,18;5;0;98;8;0;0;0;8;0;0;0;0;0;0;0,604,4413,4120;4275;4376;4413;1975;1217;1214;1238;1989;1378;1519;1309;762;614;765;604,0.7,0.0,1222.1,0,0,0,0,0,0.0,0,0,0,0,0,0,0,0,0.0,0,0,0,0,0,93.7,0.0,7490.2,0,0,0,69.1,17.71,0.01,3.4,34.14,25.1,63.4,99.32185554504395,1.9850576238241047,24.54734943807125,23.27404223009944,0.8473433555918746,961.5,0.0,0.0,0.0,0.0,50.36260689981282,0.1,0.0,0.0,0.0,0.0,250.0,1222.1,0.0,0.0,91.163,1.39,92.552,10.087,0.646,91.906,emon,0.836,0.766,47.6,22.1,2.16
2026-09-18 00:33:43.393,9.0,0,91,17;0;0;91;20;0;0;0;14;0;2;0;0;0;0;0,577,4449,4006;4143;4260;4449;2123;1232;1397;1326;2077;1226;2954;1200;835;599;577;611,0.1,0.0,1227.4,0,0,0,0,0,0.0,0,0,0,0,0,0,0,0,0.0,0,0,0,0,0,92.4,0.0,7490.2,0,0,0,71.1,17.62,0.01,3.37,33.92,25.1,63.4,98.4114596048991,0.7009257736305395,11.295315742492676,6.1516430874665575,2.039606388658285,978.1666666666666,0.0,0.0,0.0,0.0,50.168866811941065,0.0,0.0,0.0,0.0,0.0,250.0,1227.4,0.0,0.0,91.163,1.39,92.552,10.087,0.646,91.906,emon,0.836,0.766,47.6,22.1,2.16
2026-09-18 00:33:44.393,8.2,0,92,2;22;2;92;0;12;0;0;0;2;0;0;0;0;0;0,582,4391,3799;4131;3837;4391;1850;2071;1641;1521;1963;1966;1270;1457;582;780;705;662,0.0,0.0,1227.4,0,0,0,0,0,0.0,0,0,0,0,0,0,0,0,0.0,0,0,0,0,0,100.0,0.0,7490.2,0,0,0,69.1,17.62,0.01,3.37,33.92,25.1,63.4,98.44650650024414,0.9150865077972412,19.837663650512695,17.65085530281067,6.683377282693982,899.0,0.0,0.0,0.0,0.0,50.181975059211254,0.1,0.0,0.0,0.0,0.0,250.0,1227.4,0.0,0.0,91.163,1.39,92.552,10.087,0.646,91.906,emon,0.836,0.766,47.6,22.1,2.16
2026-09-18 00:33:45.394,9.7,0,98,3;29;2;98;0;14;0;0;0;9;0;0;0;0;0;0,647,4395,3853;4131;4150;4395;1190;1780;1252;1198;1394;1872;1492;1679;660;831;717;647,0.0,0.0,1227.4,0,0,0,0,0,0.0,0,0,0,0,0,0,0,0,0.0,0,0,0,0,0,92.5,0.0,7490.2,0,0,0,69.1,17.62,0.01,3.37,33.92,25.1,63.4,98.02670383453369,0.7550898790359497,14.285587310791016,11.419713973999023,3.81680965423584,967.75,0.0,0.0,0.0,0.0,50.20431127771735,0.1,0.0,0.0,0.0,0.0,250.0,1227.4,0.0,0.0,91.163,1.39,92.552,10.087,0.646,91.906,emon,0.836,0.766,47.6,22.1,2.16
2026-09-18 00:33:46.394,8.5,0,98,2;23;0;98;0;8;0;0;0;3;0;0;0;2;0;0,538,4392,4246;4201;3937;4392;1449;2107;1339;1572;1440;1768;1810;1425;565;834;538;589,0.0,0.0,1227.4,0,0,0,0,0,0.0,0,0,0,0,0,0,0,0,0.0,0,0,0,0,0,93.0,0.0,7490.2,0,0,0,68.1,17.62,0.01,3.37,33.92,25.1,63.4,98.7713147799174,1.0797085209051147,19.310871300597984,17.373706900825102,2.758809657568539,972.9583333333334,0.0,0.0,0.0,0.0,50.36845771471659,0.1,0.0,0.0,0.0,0.0,250.0,1227.4,0.0,0.0,90.894,1.389,92.283,9.816,0.628,91.655,emon,0.832,0.745,47.1,21.8,2.162
2026-09-18 00:33:47.395,8.7,0,97,2;23;2;97;0;8;0;0;0;8;0;0;0;0;0;0,473,4414,4051;4162;4108;4414;1183;1601;1338;1169;1326;1862;1519;2809;525;803;615;473,0.0,0.0,1227.4,0,0,0,0,0,0.0,0,0,0,0,0,0,0,0,0.0,0,0,0,0,0,100.0,0.0,7490.2,0,0,0,69.1,17.69,0.01,3.39,34.01,25.1,63.4,98.57718658447266,1.4571526742354035,19.908782362937927,17.652672200202943,2.6142120446357877,857.0,0.0,0.0,0.0,0.0,52.344856371283534,0.0,0.0,0.0,0.0,0.0,250.0,1227.4,0.0,0.0,90.894,1.389,92.283,9.816,0.628,91.655,emon,0.832,0.745,47.1,21.8,2.162
2026-09-18 00:33:48.395,10.1,0,97,0;27;2;97;0;9;0;0;0;12;0;0;3;5;3;3,575,4404,4296;3996;4232;4404;1279;1780;1623;1328;1309;1606;1228;1285;623;725;575;794,0.0,0.0,1227.4,0,0,0,0,0,0.0,0,0,0,0,0,0,0,0,0.0,0,0,0,0,0,100.0,0.0,7490.2,0,0,0,70.1,17.69,0.01,3.39,34.01,25.1,63.4,98.67677404230291,1.070789350298318,16.694874713637613,14.49981894574382,2.5891948569566012,915.3636363636364,0.0,0.0,0.0,0.0,52.995452777905896,0.1,0.0,0.0,0.0,0.0,250.0,1223.1,0.0,0.0,90.894,1.389,92.283,9.816,0.628,91.655,emon,0.832,0.745,47.1,21.8,2.162
2026-09-18 00:33:49.395,8.3,0,95,0;17;3;95;0;9;0;0;0;6;0;0;2;0;0;0,554,4403,3559;4060;4062;4403;1224;2068;1211;1210;1195;1826;1335;1192;1109;865;609;554,0.0,0.0,1223.1,0,0,0,0,0,0.0,0,0,0,0,0,0,0,0,0.0,0,0,0,0,0,100.0,0.0,7490.2,0,0,0,70.1,17.69,0.01,3.39,34.01,25.1,63.4,98.70387069038723,0.7643267933576219,15.432136435439622,12.04867483092391,1.6915412803173766,979.4347826086956,0.0,0.0,0.0,0.0,50.999767687225685,0.1,0.0,0.0,0.0,0.0,250.0,1223.1,0.0,0.0,90.894,1.389,92.283,9.816,0.628,91.655,emon,0.832,0.745,47.1,21.8,2.162
2026-09-18 00:33:50.395,9.2,0,98,5;23;3;98;0;9;0;0;0;8;0;0;0;0;0;0,514,4363,4070;4078;3843;4363;1375;2034;1230;1332;1175;1770;1559;1248;537;747;722;514,0.5,0.0,1222.1,0,0,0,0,0,0.0,0,0,0,0,0,0,0,0,0.0,0,0,0,0,0,100.0,0.0,7490.2,0,0,0,67.1,17.69,0.01,3.39,34.01,25.1,63.4,98.62111534506587,1.0153875457975319,17.633384280285593,14.805546592857878,1.7812374718645114,874.4237288135594,0.0,0.0,0.0,0.0,51.10063343305709,0.1,0.0,0.0,0.0,0.0,250.0,1222.1,0.0,0.0,90.894,1.389,92.283,9.816,0.628,91.655,emon,0.832,0.745,47.1,21.8,2.162
2026-09-18 00:33:51.396,8.6,0,98,3;15;0;98;0;9;0;0;0;8;0;0;0;3;0;0,731,4617,4153;4344;3936;4617;1283;2343;1992;1250;1171;2164;1412;1192;781;868;731;782,0.7,0.0,1230.7,0,0,0,0,0,0.0,0,0,0,0,0,0,0,0,0.0,0,0,0,0,0,93.7,0.0,7490.2,0,0,0,79.1,17.87,0.02,3.16,33.03,25.1,63.4,99.25638335091728,1.1481366287916899,17.434794268437795,14.856368130871228,2.1763525084742077,934.7142857142857,0.0,0.0,0.0,0.0,53.824975094624925,0.1,0.0,0.0,0.0,0.0,450.0,1230.7,0.0,0.0,90.894,1.389,92.283,9.816,0.628,91.655,emon,0.832,0.745,47.1,21.8,2.162
2026-09-18 00:33:52.396,7.9,0,97,0;21;0;97;0;8;0;0;0;2;0;0;0;0;0;0,1080,4730,4571;4606;4730;4724;1470;1774;2413;1515;2567;1796;1387;2178;1080;1130;1083;1093,0.9,0.0,1227.6,0,0,0,0,0,0.0,0,0,0,0,0,0,0,0,0.0,0,0,0,0,0,0.0,0.0,7490.2,0,0,0,80.1,17.87,0.02,3.16,33.03,25.1,63.4,95.90113129154328,0.3385101041245845,15.120250217376217,9.473990449982304,1.6820575253880252,1034.483870967742,0.0,0.0,0.0,0.0,50.31986006998247,0.1,0.0,0.0,0.0,0.0,450.0,1227.6,0.0,0.0,90.894,1.389,92.283,9.816,0.628,91.655,emon,0.832,0.745,47.1,21.8,2.162
2026-09-18 00:33:53.396,7.8,0,98,5;14;0;98;0;5;0;0;0;2;0;0;0;0;2;0,1068,4726,4653;4515;4726;4724;1372;2142;1230;1421;1068;2263;1200;1212;1127;1147;1160;1118,0.7,0.0,1221.3,0,0,0,0,0,0.0,0,0,0,0,0,0,0,0,0.0,0,0,0,0,0,0.0,0.0,7490.2,0,0,0,81.1,17.87,0.02,3.16,33.03,25.1,63.4,96.95222600301106,0.8593169252077738,19.794006029764812,17.616531372070312,6.8759238719940186,1199.0,0.0,0.0,0.0,0.0,50.288338323434196,0.1,0.0,0.0,0.0,0.0,450.0,1221.3,0.0,0.0,90.894,1.389,92.283,9.816,0.628,91.655,emon,0.832,0.745,47.1,21.8,2.162
2026-09-18 00:33:54.397,8.3,0,100,0;16;0;100;0;11;0;0;0;6;0;0;0;0;0;0,1051,4729,3454;4546;4729;4727;1130;2312;1304;1159;1289;2176;2853;1451;1103;1051;1171;1108,0.5,0.0,1221.3,0,0,0,0,0,0.0,0,0,0,0,0,0,0,0,0.0,0,0,0,0,0,0.0,0.0,7490.2,0,0,0,80.1,17.87,0.02,3.16,33.03,25.1,63.4,96.05615615844727,1.4242219924926758,24.846681594848633,23.430755615234375,2.337775468826294,874.0,0.0,0.0,0.0,0.0,50.37100166082382,0.0,0.0,0.0,0.0,0.0,450.0,1221.3,0.0,0.0,90.894,1.389,92.283,9.816,0.628,91.655,emon,0.832,0.745,47.1,21.8,2.162
2026-09-18 00:33:55.397,7.8,0,98,3;17;2;98;0;2;0;0;0;3;0;0;0;0;0;0,1003,4729,4402;4468;4729;4726;1169;1618;1340;1179;1641;2240;1248;1432;1048;1146;1087;1003,0.6,0.0,1226.5,0,0,0,0,0,0.0,0,0,0,0,0,0,0,0,0.0,0,0,0,0,0,0.0,0.0,7490.2,0,0,0,79.1,21.93,0.01,0.32,24.16,25.1,63.4,97.8738694190979,1.3609644998796284,21.667701222002506,18.16366078518331,2.1381048488110537,1161.5,0.0,0.0,0.0,0.0,50.22427782043815,0.0,0.0,0.0,0.0,0.0,450.0,1226.5,0.0,0.0,90.894,1.389,92.283,9.816,0.628,91.655,emon,0.832,0.745,47.1,21.8,2.162
2026-09-18 00:33:56.397,13.3,2,96,8;29;8;96;5;9;11;5;5;21;5;5;2;3;2;2,2375,4647,4485;4288;4647;4468;3341;2658;3072;3362;3245;2601;3071;3127;2613;2455;2531;2375,3.9,0.0,891.1,0,0,0,0,0,0.0,0,0,0,0,0,0,0,0,0.0,0,0,0,0,0,34.9,0.0,7490.2,0,0,0,71.1,21.93,0.01,0.32,24.16,25.1,63.4,98.19899495442708,0.7038184603055319,13.578911145528158,10.386578559875488,2.9081708590189614,890.6666666666666,0.0,0.0,0.0,0.0,50.25092293322086,0.1,0.0,0.0,0.0,0.0,250.0,1226.5,0.0,0.0,90.894,1.389,92.283,9.816,0.628,91.655,emon,0.832,0.745,47.1,21.8,2.162
2026-09-18 00:33:57.397,8.4,0,100,0;21;2;100;0;6;0;0;0;4;0;0;0;2;0;0,564,4408,3980;4106;4296;4408;1264;1960;1545;1278;1271;1735;1597;1906;564;686;760;659,0.5,0.0,891.1,0,0,0,0,0,0.0,0,0,0,0,0,0,0,0,0.0,0,0,0,0,0,85.6,0.0,7490.2,0,0,0,69.1,21.93,0.01,0.32,24.16,25.1,63.4,98.20302136739095,1.2935175131230305,21.43647265434265,18.73609913699329,3.5309094009232163,1053.1666666666667,0.0,0.0,0.0,0.0,50.15116493310779,0.2,0.0,0.0,0.0,0.0,250.0,891.1,0.0,0.0,90.894,1.389,92.283,9.816,0.628,91.655,emon,0.832,0.745,47.1,21.8,2.162
2026-09-18 00:33:58.406,11.3,0,98,6;23;4;98;3;8;3;4;3;12;3;3;0;3;4;2,881,4401,4240;4112;4274;4401;3325;2380;3300;3347;3359;2548;3206;3243;919;881;1356;925,0.9,0.0,890.7,0,0,0,0,0,0.0,0,0,0,0,0,0,0,0,0.0,0,0,0,0,0,100.0,0.0,7490.2,0,0,0,70.1,21.93,0.01,0.32,24.16,25.3,63.4,98.14908490862165,1.3812428017457326,18.976075039023446,16.649412179631845,2.349111078246053,919.2380952380952,0.0,0.0,0.0,0.0,50.22224677566971,0.1,0.0,0.0,0.0,0.0,250.0,885.8,0.0,0.0,14.199,10.696,24.895,49.905,3.194,21.701,emon,0.779,0.457,66.1,30.6,2.158
2026-09-18 00:33:59.406,20.8,8,95,26;36;16;95;13;18;14;14;8;28;10;11;8;13;10;12,2709,4724,4688;4431;4724;4462;3434;2709;3377;3362;3450;3095;3422;3441;2957;2812;2860;2943,0.2,0.0,890.7,0,0,0,0,0,0.0,0,0,0,0,0,0,0,0,0.0,0,0,0,0,0,100.0,0.0,7490.2,0,0,0,69.1,19.47,0.03,10.96,35.94,25.1,63.4,98.26562531789143,1.4134994893490027,21.31579338510831,17.89001488313079,4.375213559096058,861.5,0.0,0.0,0.0,0.0,50.17960915155709,0.1,0.0,0.0,0.0,0.0,250.0,890.7,0.0,0.0,14.199,10.696,24.895,49.905,3.194,21.701,emon,0.779,0.457,66.1,30.6,2.158
2026-09-18 00:34:00.407,8.8,0,98,2;20;0;98;0;10;0;0;0;11;0;0;0;0;0;0,760,4368,3832;4118;3778;4368;2243;1717;2187;1837;2252;2069;1637;2140;760;844;849;778,0.1,0.0,886.7,0,0,0,0,0,0.0,0,0,0,0,0,0,0,0,0.0,0,0,0,0,0,93.8,0.0,7490.2,0,0,0,68.1,19.47,0.03,10.96,35.94,25.1,63.4,98.43708896636963,1.3541531999750684,19.56091505785783,16.85759383191665,3.5092173675463223,1017.75,0.0,0.0,0.0,0.0,50.15754604091247,0.1,0.0,0.0,0.0,0.0,250.0,890.7,0.0,0.0,14.199,10.696,24.895,49.905,3.194,21.701,emon,0.779,0.457,66.1,30.6,2.158
2026-09-18 00:34:01.407,8.7,0,97,2;28;0;97;0;5;0;0;0;8;0;0;0;0;0;0,531,4286,3872;4022;3987;4286;1270;1860;1573;1861;1487;1973;1517;1512;873;710;531;600,1.1,0.0,884.0,0,0,0,0,0,0.0,0,0,0,0,0,0,0,0,0.0,0,0,0,0,0,100.0,0.0,7490.2,0,0,0,67.1,19.47,0.03,10.96,35.94,25.1,63.4,98.6270186106364,0.6345830484836673,15.14842444161574,10.693423071255287,1.4767252864451923,953.6875,0.0,0.0,0.0,0.0,51.27847900893539,0.1,0.0,0.0,0.0,0.0,250.0,886.7,0.0,0.0,14.199,10.696,24.895,49.905,3.194,21.701,emon,0.779,0.457,66.1,30.6,2.158
2026-09-18 00:34:02.407,8.6,0,100,5;12;0;100;0;11;2;0;0;8;0;0;0;0;0;0,571,4305,4034;3971;3970;4305;1431;1908;2860;1236;1256;2089;2209;1426;571;789;723;839,1.1,0.0,884.0,0,0,0,0,0,0.0,0,0,0,0,0,0,0,0,0.0,0,0,0,0,0,100.0,0.0,7490.2,0,0,0,66.1,17.17,0.01,3.39,33.49,25.1,63.4,98.0757758585612,0.5721206992864609,14.445192082722981,9.640500510931014,1.188790172835191,901.0,0.0,0.0,0.0,0.0,49.52990012725194,0.2,0.0,0.0,0.0,0.0,250.0,884.0,0.0,0.0,14.199,10.696,24.895,49.905,3.194,21.701,emon,0.779,0.457,66.1,30.6,2.158
2026-09-18 00:34:03.407,11.8,0,96,10;33;0;96;0;19;2;0;0;11;2;0;2;11;5;0,580,4275,4086;3903;3807;4275;2192;1905;1500;1492;2423;1900;2604;1997;633;896;849;580,0.9,0.0,884.0,0,0,0,0,0,0.0,0,0,0,0,0,0,0,0,0.0,0,0,0,0,0,93.9,0.0,7490.2,0,0,0,64.1,17.17,0.01,3.39,33.49,25.1,63.4,98.1833108663559,0.3380737173720263,12.653194896876812,6.165474344044924,1.1235298861502088,922.4375,0.0,0.0,0.0,0.0,50.20831473078579,0.2,0.0,0.0,0.0,0.0,250.0,884.0,0.0,0.0,14.199,10.696,24.895,49.905,3.194,21.701,emon,0.779,0.457,66.1,30.6,2.158
2026-09-18 00:34:04.408,31.5,9,92,36;52;14;92;9;52;17;12;12;30;24;14;14;72;35;21,671,4148,3822;3903;3994;4148;1627;1784;1755;2016;1646;1666;1597;1646;692;813;709;671,0.6,0.0,884.0,0,0,0,0,0,0.0,0,0,0,0,0,0,0,0,0.0,0,0,0,0,0,100.0,0.0,7490.2,0,0,0,60.1,17.17,0.01,3.39,33.49,25.2,63.4,84.1369362092409,4.498555947362338,18.33919146095143,16.800557729345364,0.5446347474591944,980.9672131147541,0.0,0.0,0.0,0.0,54.318823392766326,0.3,0.0,0.0,0.0,0.0,250.0,1035.2,0.0,0.0,14.199,10.696,24.895,49.905,3.194,21.701,emon,0.779,0.457,66.1,30.6,2.158
2026-09-18 00:34:05.408,15.0,0,97,8;34;2;97;3;17;5;3;3;24;5;5;0;25;8;3,728,4253,3967;3925;3724;4253;1197;1587;1265;1275;1456;1656;1565;1422;770;841;728;732,5.0,0.0,1123.4,0,0,0,0,0,0.0,0,0,0,0,0,0,0,0,0.0,0,0,0,0,0,97.4,0.0,7490.2,0,0,0,64.1,17.17,0.01,3.39,33.49,25.2,63.4,98.83979146073504,0.10142536683678173,2.531718515950005,1.4279301542243579,0.22051106356992956,841.0731707317074,0.0,0.0,0.0,0.0,53.97847278543362,1.0,0.0,0.0,0.0,0.0,250.0,1123.3,0.0,0.0,14.199,10.696,24.895,49.905,3.194,21.701,emon,0.779,0.457,66.1,30.6,2.158
2026-09-18 00:34:06.409,12.0,0,92,6;32;2;92;0;14;0;0;0;20;0;0;3;9;8;5,716,4264,3880;3785;3638;4264;2732;1849;2085;1901;2610;1768;2294;2242;719;822;756;716,1.5,0.0,1098.9,0,0,0,0,0,0.0,0,0,0,0,0,0,0,0,0.0,0,0,0,0,0,94.3,0.0,7490.2,0,0,0,64.1,17.2,0.14,3.42,33.65,25.2,63.4,99.09979532725775,0.39135715844971475,7.788058201101289,6.300355470558601,0.7320226699408359,884.0746268656717,0.0,0.0,0.0,0.0,56.403044793699216,0.3,0.0,0.0,0.0,0.0,250.0,1097.9,0.0,0.0,14.199,10.696,24.895,49.905,3.194,21.701,emon,0.779,0.457,66.1,30.6,2.158
2026-09-18 00:34:07.409,11.7,0,97,6;27;6;97;0;12;0;0;0;22;0;0;0;11;5;2,677,4251,3451;3874;3399;4251;1187;1711;2322;1207;1321;1949;2151;1508;820;869;736;677,2.8,0.0,1087.0,0,0,0,0,0,0.0,0,0,0,0,0,0,0,0,0.0,0,0,0,0,0,100.0,0.0,7490.2,0,0,0,64.1,17.2,0.14,3.42,33.65,25.2,63.4,98.99230884683543,0.4302317535982403,7.224601340704951,5.5165676759106335,0.6401402528943687,846.8448275862069,0.0,0.0,0.0,0.0,54.691472490735606,0.3,0.0,0.0,0.0,0.0,250.0,1088.0,0.0,0.0,14.199,10.696,24.895,49.905,3.194,21.701,emon,0.779,0.457,66.1,30.6,2.158
2026-09-18 00:34:08.409,11.6,0,96,6;32;3;96;0;16;0;0;0;14;0;0;0;17;2;0,692,4263,3716;3917;3625;4263;1329;1842;1609;2453;2100;1986;2056;2079;692;859;812;729,2.3,0.0,1080.8,0,0,0,0,0,0.0,0,0,0,0,0,0,0,0,0.0,0,0,0,0,0,95.3,0.0,7490.2,0,0,0,64.1,17.2,0.14,3.42,33.65,25.2,63.4,99.10224354595219,0.3704316459698688,6.589748684419405,4.8940745307764875,0.5533539360370957,969.183486238532,0.0,0.0,0.0,0.0,54.5084924993165,0.3,0.0,0.0,0.0,0.0,250.0,1080.8,0.0,0.0,14.199,10.696,24.895,49.905,3.194,21.701,emon,0.779,0.457,66.1,30.6,2.158
2026-09-18 00:34:09.410,12.6,0,95,15;36;2;95;0;20;0;0;0;14;3;0;0;12;3;0,740,4220,3761;3859;3768;4220;1141;1697;1879;1867;1338;1956;1642;1496;740;857;802;771,3.4,0.0,1037.9,0,0,0,0,0,0.0,0,0,0,0,0,0,0,0,0.0,0,0,0,0,0,96.4,0.0,7490.2,0,0,0,63.1,17.2,0.14,3.42,33.65,25.2,63.4,99.07725541487984,0.42647185791756254,7.823634759239528,5.86776687314167,0.8039088876132576,916.0289855072464,0.0,0.0,0.0,0.0,56.916960955475986,0.3,0.0,0.0,0.0,0.0,250.0,1037.9,0.0,0.0,88.994,1.261,90.255,22.717,1.454,88.801,emon,0.838,0.693,46.9,22.0,2.13
2026-09-18 00:34:10.410,13.7,0,94,11;32;3;94;0;20;5;0;0;22;5;0;2;15;6;5,707,4269,3674;3882;3681;4269;1233;1759;1514;991;1424;1841;1708;1965;761;844;823;707,2.4,0.0,1023.5,0,0,0,0,0,0.0,0,0,0,0,0,0,0,0,0.0,0,0,0,0,0,95.4,0.0,7490.2,0,0,0,64.1,16.87,0.04,3.39,33.18,25.2,63.4,99.30909198522568,0.4400570136094757,8.594675011001527,6.29716636921512,0.7812059879142907,884.15625,0.0,0.0,0.0,0.0,56.71281912212726,0.3,0.0,0.0,0.0,0.0,250.0,1023.5,0.0,0.0,88.994,1.261,90.255,22.717,1.454,88.801,emon,0.838,0.693,46.9,22.0,2.13
2026-09-18 00:34:11.410,13.0,0,97,8;37;3;97;0;22;0;0;0;20;2;0;0;11;9;0,697,4248,3601;3853;3301;4248;1468;1932;1424;1492;2780;1844;1752;1919;864;891;861;697,2.2,0.0,1026.4,0,0,0,0,0,0.0,0,0,0,0,0,0,0,0,0.0,0,0,0,0,0,95.6,0.0,7490.2,0,0,0,65.1,16.87,0.04,3.39,33.18,25.2,63.4,98.76301694203572,0.20307474556457566,4.897747786648302,2.1098758917616074,0.3973050453666463,885.144578313253,0.0,0.0,0.0,0.0,53.296449878847746,0.3,0.0,0.0,0.0,0.0,250.0,1026.4,0.0,0.0,88.994,1.261,90.255,22.717,1.454,88.801,emon,0.838,0.693,46.9,22.0,2.13
2026-09-18 00:34:12.411,12.9,0,95,11;34;8;95;0;14;3;0;0;11;3;0;0;16;6;5,668,4249,3919;3969;3739;4249;1860;1727;1682;1243;1460;1653;1625;1651;744;865;668;752,2.4,0.0,1047.4,0,0,0,0,0,0.0,0,0,0,0,0,0,0,0,0.0,0,0,0,0,0,95.8,0.0,7490.2,0,0,0,64.1,16.87,0.04,3.39,33.18,25.2,63.4,98.65141630708501,0.27073344933078364,4.118617657530174,3.198701277500793,0.46256203371822163,920.3483146067416,0.0,0.0,0.0,0.0,54.244874712791336,0.4,0.0,0.0,0.0,0.0,250.0,1044.6,0.0,0.0,88.994,1.261,90.255,22.717,1.454,88.801,emon,0.838,0.693,46.9,22.0,2.13
2026-09-18 00:34:13.411,12.3,0,97,9;32;2;97;0;14;0;0;0;16;2;0;3;9;6;6,599,4248,3692;3864;3575;4248;2001;1730;1334;1528;1508;1881;1645;1302;599;848;764;726,2.2,0.0,1036.8,0,0,0,0,0,0.0,0,0,0,0,0,0,0,0,0.0,0,0,0,0,0,100.0,0.0,7490.2,0,0,0,64.1,16.87,0.04,3.39,33.18,25.2,63.4,99.11324602210003,0.35658817944400334,5.86328299978505,4.6923727810382845,0.5885537402572758,931.6086956521739,0.0,0.0,0.0,0.0,56.02521529074596,0.3,0.0,0.0,0.0,0.0,250.0,1036.8,0.0,0.0,88.994,1.261,90.255,22.717,1.454,88.801,emon,0.838,0.693,46.9,22.0,2.13
2026-09-18 00:34:14.412,13.2,0,98,22;11;6;98;0;0;14;0;0;0;9;2;11;5;25;8,693,4259,3804;3897;3747;4259;1039;1012;1659;1017;1864;1849;1969;1711;768;693;813;743,2.0,0.0,1034.7,0,0,0,0,0,0.0,0,0,0,0,0,0,0,0,0.0,0,0,0,0,0,96.5,0.0,7490.2,0,0,0,64.1,16.93,0.03,3.37,33.14,25.2,63.4,99.24980358886718,0.4047583236284554,7.287819934129715,5.6973282366395,0.4861081385537982,918.6,0.0,0.0,0.0,0.0,56.39975739139319,0.3,0.0,0.0,0.0,0.0,250.0,1034.7,0.0,0.0,88.994,1.261,90.255,22.717,1.454,88.801,emon,0.838,0.693,46.9,22.0,2.13
2026-09-18 00:34:15.412,11.6,0,98,22;11;2;98;0;0;20;0;0;0;12;2;2;0;14;3,716,4294,3946;4025;3864;4294;2199;1588;2064;2798;3119;3328;2122;1889;817;863;868;716,2.0,0.0,1034.7,0,0,0,0,0,0.0,0,0,0,0,0,0,0,0,0.0,0,0,0,0,0,96.5,0.0,7490.2,0,0,0,67.1,16.93,0.03,3.37,33.14,25.2,63.4,98.78135589073445,1.6898255760877812,17.09939879179001,15.412462916096736,2.0368573465143682,918.8275862068965,0.0,0.0,0.0,0.0,51.989643010856774,0.3,0.0,0.0,0.0,0.0,250.0,1037.0,0.0,0.0,88.994,1.261,90.255,22.717,1.454,88.801,emon,0.838,0.693,46.9,22.0,2.13
2026-09-18 00:34:16.412,9.1,0,100,25;6;0;100;0;0;6;0;0;0;3;0;0;0;5;0,547,4370,4053;3974;3968;4370;1171;1186;2022;1346;1251;1225;1694;1382;547;573;867;675,0.4,0.0,1037.0,0,0,0,0,0,0.0,0,0,0,0,0,0,0,0,0.0,0,0,0,0,0,92.6,0.0,7490.2,0,0,0,67.1,16.93,0.03,3.37,33.14,25.1,63.4,98.46909840901692,1.509585009034102,20.694448962807655,18.296531387915213,2.05253806944044,894.8333333333334,0.0,0.0,0.0,0.0,50.179905937363706,0.1,0.0,0.0,0.0,0.0,250.0,1005.2,0.0,0.0,88.994,1.261,90.255,22.717,1.454,88.801,emon,0.838,0.693,46.9,22.0,2.13
2026-09-18 00:34:17.413,9.6,0,98,25;3;2;98;0;0;12;2;2;0;8;3;0;0;0;0,613,4387,4183;3613;4387;4374;1349;1288;2105;1468;1510;1329;2159;1293;626;770;812;613,0.1,0.0,1005.2,0,0,0,0,0,0.0,0,0,0,0,0,0,0,0,0.0,0,0,0,0,0,93.2,0.0,7490.2,0,0,0,67.1,16.93,0.03,3.37,33.14,25.1,63.4,99.08921128876355,1.070278902348055,17.685756965559357,15.73603545980794,2.7611197228389033,944.9183673469388,0.0,0.0,0.0,0.0,53.34221229109229,0.1,0.0,0.0,0.0,0.0,250.0,1005.2,0.0,0.0,88.994,1.261,90.255,22.717,1.454,88.801,emon,0.838,0.693,46.9,22.0,2.13
2026-09-18 00:34:18.413,9.2,0,98,25;0;2;98;0;0;12;0;0;0;10;0;0;0;0;0,589,4407,4132;3404;3968;4407;1238;1307;1820;1235;1644;1543;1954;1665;605;589;780;951,0.0,0.0,1005.2,0,0,0,0,0,0.0,0,0,0,0,0,0,0,0,0.0,0,0,0,0,0,100.0,0.0,7490.2,0,0,0,69.1,17.43,0.02,3.38,33.86,25.1,63.4,98.86058531867133,1.2851345534436405,19.099741230408352,16.67009418250786,2.654636120876401,942.0555555555555,0.0,0.0,0.0,0.0,50.20357780241304,0.1,0.0,0.0,0.0,0.0,250.0,1005.2,0.0,0.0,88.994,1.261,90.255,22.717,1.454,88.801,emon,0.838,0.693,46.9,22.0,2.13
2026-09-18 00:34:19.416,8.6,0,92,22;5;0;92;0;0;9;0;0;0;8;0;0;0;2;0,566,4421,4100;4032;4373;4421;1570;1600;2194;1508;1470;1218;1842;2189;580;566;928;645,0.0,0.0,1005.2,0,0,0,0,0,0.0,0,0,0,0,0,0,0,0,0.0,0,0,0,0,0,91.3,0.0,7490.2,0,0,0,69.1,17.43,0.02,3.38,33.86,25.1,63.4,98.08972792191939,0.6813548640771345,13.07676974209872,8.547156409783797,3.215490303256295,885.3636363636364,0.0,0.0,0.0,0.0,50.21178261935711,0.1,0.0,0.0,0.0,0.0,250.0,1005.2,0.0,0.0,88.994,1.261,90.255,22.717,1.454,88.801,emon,0.838,0.693,46.9,22.0,2.13
2026-09-18 00:34:20.416,8.5,0,100,26;0;0;100;0;0;3;0;0;0;8;0;0;0;0;0,596,4374,4191;3954;4089;4374;1358;1238;1929;1657;2202;1345;1758;1436;596;766;843;666,0.0,0.0,1005.2,0,0,0,0,0,0.0,0,0,0,0,0,0,0,0,0.0,0,0,0,0,0,92.3,0.0,7490.2,0,0,0,68.1,17.43,0.02,3.38,33.86,25.1,63.4,99.03283959466057,0.9823447931557894,16.703722783037133,14.213455234427709,1.8669080143492367,984.1351351351351,0.0,0.0,0.0,0.0,51.643602528282116,0.1,0.0,0.0,0.0,0.0,250.0,1005.3,0.0,0.0,88.994,1.261,90.255,22.717,1.454,88.801,emon,0.838,0.693,46.9,22.0,2.13
2026-09-18 00:34:21.416,8.7,0,98,20;5;0;98;0;0;6;0;0;0;11;0;0;0;0;0,618,4353,4119;3934;4168;4353;2077;2678;1986;1650;2016;2780;1893;1728;667;618;805;682,0.0,0.0,1005.3,0,0,0,0,0,0.0,0,0,0,0,0,0,0,0,0.0,0,0,0,0,0,100.0,0.0,7490.2,0,0,0,66.1,17.43,0.02,3.38,33.86,25.1,63.4,98.74800269548282,1.0488760459648316,18.255824904109158,15.584627821001895,1.7911900958306222,907.1395348837209,0.0,0.0,0.0,0.0,51.401783134181834,0.1,0.0,0.0,0.0,0.0,250.0,1005.3,0.0,0.0,90.911,1.211,92.122,7.971,0.51,91.612,emon,0.839,0.747,47.8,22.4,2.131
2026-09-18 00:34:22.416,9.1,0,92,22;6;6;92;0;0;9;0;0;0;9;0;0;0;0;0,533,4309,4074;3722;3967;4309;1223;1242;1876;1205;1514;1138;1816;2720;533;565;598;628,0.5,0.0,1003.1,0,0,0,0,0,0.0,0,0,0,0,0,0,0,0,0.0,0,0,0,0,0,92.3,0.0,7490.2,0,0,0,65.1,17.57,0.01,3.37,33.88,25.1,63.4,98.70202071578414,0.8365168455574248,17.412532459806513,14.071917683989913,1.4605608926396128,936.9629629629629,0.0,0.0,0.0,0.0,52.13385944923869,0.1,0.0,0.0,0.0,0.0,250.0,998.8,0.0,0.0,90.911,1.211,92.122,7.971,0.51,91.612,emon,0.839,0.747,47.8,22.4,2.131
2026-09-18 00:34:23.417,9.8,0,97,31;6;0;97;0;0;8;0;0;0;6;0;2;0;5;2,698,4337,4084;3862;3811;4337;1250;1238;1919;1236;1252;1207;1826;1978;698;701;765;766,0.6,0.0,998.8,0,0,0,0,0,0.0,0,0,0,0,0,0,0,0,0.0,0,0,0,0,0,92.4,0.0,7490.2,0,0,0,66.1,17.57,0.01,3.37,33.88,25.1,63.4,98.83434771109319,0.6750022243654382,14.7987502174101,11.526606811993364,1.8805163447961104,982.3333333333334,0.0,0.0,0.0,0.0,52.40182202752086,0.1,0.0,0.0,0.0,0.0,250.0,998.8,0.0,0.0,90.911,1.211,92.122,7.971,0.51,91.612,emon,0.839,0.747,47.8,22.4,2.131
2026-09-18 00:34:24.417,8.5,0,98,23;2;0;98;0;0;9;0;0;0;3;0;0;0;0;0,602,4394,4032;3791;3866;4394;1314;1354;1926;1708;2223;1114;1656;1249;602;680;685;701,1.0,0.0,1002.1,0,0,0,0,0,0.0,0,0,0,0,0,0,0,0,0.0,0,0,0,0,0,100.0,0.0,7490.2,0,0,0,67.1,17.57,0.01,3.37,33.88,25.1,63.4,98.51451169527493,1.1551415250660517,18.501559685438107,16.37421605640497,3.445568073552866,1002.8461538461538,0.0,0.0,0.0,0.0,51.560575208984886,0.1,0.0,0.0,0.0,0.0,250.0,1002.1,0.0,0.0,90.911,1.211,92.122,7.971,0.51,91.612,emon,0.839,0.747,47.8,22.4,2.131
2026-09-18 00:34:25.418,8.8,0,97,28;3;0;97;0;0;8;0;0;0;5;0;0;0;0;0,654,4377,4075;3912;4175;4377;1236;1238;1868;1201;1233;1610;1649;2021;751;669;846;654,1.0,0.0,1004.4,0,0,0,0,0,0.0,0,0,0,0,0,0,0,0,0.0,0,0,0,0,0,94.1,0.0,7490.2,0,0,0,66.1,17.57,0.01,3.37,33.88,25.1,63.4,98.47516296386719,0.9372420506551862,16.557589769363403,14.120800901353359,2.4332927852869033,914.0,0.0,0.0,0.0,0.0,52.28105935841799,0.1,0.0,0.0,0.0,0.0,250.0,1004.4,0.0,0.0,90.911,1.211,92.122,7.971,0.51,91.612,emon,0.839,0.747,47.8,22.4,2.131
2026-09-18 00:34:26.418,8.8,0,97,25;0;0;97;0;0;10;0;0;0;6;0;0;2;0;2,643,4340,4109;3304;3874;4340;2431;2791;1935;2317;1972;2763;1917;2267;643;704;756;646,1.4,0.0,1001.0,0,0,0,0,0,0.0,0,0,0,0,0,0,0,0,0.0,0,0,0,0,0,94.4,0.0,7490.2,0,0,0,65.1,17.26,0.01,3.39,33.59,25.1,63.4,98.67031877305773,0.8238435033915772,16.200609593921236,12.3421655325426,1.3032674072413808,939.5555555555555,0.0,0.0,0.0,0.0,52.48219028322233,0.1,0.0,0.0,0.0,0.0,250.0,1001.0,0.0,0.0,90.911,1.211,92.122,7.971,0.51,91.612,emon,0.839,0.747,47.8,22.4,2.131
2026-09-18 00:34:27.419,8.5,0,97,12;2;0;97;0;0;16;0;0;0;9;0;0;0;0;0,556,4309,4061;3811;3972;4309;1225;1235;2078;1455;1291;1199;2012;1904;598;556;772;796,1.4,0.0,999.9,0,0,0,0,0,0.0,0,0,0,0,0,0,0,0,0.0,0,0,0,0,0,95.0,0.0,7490.2,0,0,0,65.1,17.26,0.01,3.39,33.59,25.1,63.4,98.56360270182292,0.6344925085703532,16.41600957446628,12.267427570290035,1.7192064558906066,961.2222222222222,0.0,0.0,0.0,0.0,51.359411015113196,0.2,0.0,0.0,0.0,0.0,250.0,999.9,0.0,0.0,90.911,1.211,92.122,7.971,0.51,91.612,emon,0.839,0.747,47.8,22.4,2.131
2026-09-18 00:34:28.419,8.7,0,97,17;5;0;97;0;0;11;0;0;0;9;0;0;0;0;0,688,4383,4163;3677;4314;4383;1324;1488;2212;1457;1417;1294;1945;1570;698;688;892;700,0.9,0.0,1001.6,0,0,0,0,0,0.0,0,0,0,0,0,0,0,0,0.0,0,0,0,0,0,94.3,0.0,7490.2,0,0,0,67.1,17.26,0.01,3.39,33.59,25.1,63.4,98.40750885009766,1.5036027440801263,19.787459929784138,16.306802545984585,1.0316017451696098,1028.1666666666667,0.0,0.0,0.0,0.0,50.161890714118876,0.1,0.0,0.0,0.0,0.0,250.0,1001.6,0.0,0.0,90.911,1.211,92.122,7.971,0.51,91.612,emon,0.839,0.747,47.8,22.4,2.131
2026-09-18 00:34:29.420,8.7,0,96,25;5;0;96;0;0;6;0;0;0;8;0;0;0;0;0,622,4385,4071;3451;4318;4385;1723;1991;1883;1313;1256;1265;1852;1264;921;622;811;878,0.9,0.0,1001.6,0,0,0,0,0,0.0,0,0,0,0,0,0,0,0,0.0,0,0,0,0,0,94.3,0.0,7490.2,0,0,0,67.1,17.26,0.01,3.39,33.59,25.1,63.4,98.86055977113786,1.2780306034631306,19.03557998134244,16.657824743659265,1.9200124594762231,916.741935483871,0.0,0.0,0.0,0.0,51.826675642642286,0.1,0.0,0.0,0.0,0.0,250.0,1001.6,0.0,0.0,90.911,1.211,92.122,7.971,0.51,91.612,emon,0.839,0.747,47.8,22.4,2.131
2026-09-18 00:34:30.420,8.8,0,97,28;2;0;97;0;0;8;0;0;0;6;0;0;0;0;0,648,4401,4107;3478;4007;4401;2310;1259;1953;2117;2113;1538;1935;1658;710;678;648;691,0.8,0.0,1001.6,0,0,0,0,0,0.0,0,0,0,0,0,0,0,0,0.0,0,0,0,0,0,100.0,0.0,7490.2,0,0,0,68.1,17.25,0.01,3.37,33.47,25.1,63.4,98.69302368164062,1.4129578966336946,20.306969890991848,17.93346385844052,2.018719483302751,930.25,0.0,0.0,0.0,0.0,50.25159309245646,0.0,0.0,0.0,0.0,0.0,250.0,1001.6,0.0,0.0,90.911,1.211,92.122,7.971,0.51,91.612,emon,0.839,0.747,47.8,22.4,2.131
2026-09-18 00:34:31.421,8.8,0,94,19;2;0;94;0;0;15;0;0;0;8;0;0;0;3;0,556,4418,4176;4001;4358;4418;1440;1539;2165;1531;1961;1491;1739;2150;556;712;897;985,0.2,0.0,1001.6,0,0,0,0,0,0.0,0,0,0,0,0,0,0,0,0.0,0,0,0,0,0,92.3,0.0,7490.2,0,0,0,69.1,17.25,0.01,3.37,33.47,25.1,63.4,99.02259826660156,1.4047875629836006,16.8912076071689,14.332657405420354,1.9362408428722502,991.1052631578947,0.0,0.0,0.0,0.0,53.90499409719517,0.0,0.0,0.0,0.0,0.0,250.0,1006.8,0.0,0.0,90.911,1.211,92.122,7.971,0.51,91.612,emon,0.839,0.747,47.8,22.4,2.131
2026-09-18 00:34:32.421,8.3,0,98,18;3;0;98;0;0;6;0;0;0;6;0;0;0;0;0,637,4383,4149;4036;4087;4383;1470;1217;1919;1942;1562;1057;1907;1435;658;749;637;708,0.0,0.0,1006.8,0,0,0,0,0,0.0,0,0,0,0,0,0,0,0,0.0,0,0,0,0,0,92.5,0.0,7490.2,0,0,0,67.1,17.25,0.01,3.37,33.47,25.1,63.4,98.74744910162849,1.307569961894203,19.36657669415345,17.364723586955584,2.7533176615834236,965.2162162162163,0.0,0.0,0.0,0.0,51.517696960149586,0.1,0.0,0.0,0.0,0.0,250.0,1006.8,0.0,0.0,90.911,1.211,92.122,7.971,0.51,91.612,emon,0.839,0.747,47.8,22.4,2.131
2026-09-18 00:34:33.421,9.0,0,98,23;5;0;98;0;0;8;0;0;0;8;2;0;0;0;0,622,4378,4118;3394;4311;4378;1079;1239;1981;1323;1443;1079;1780;1480;756;758;622;885,0.0,0.0,1006.8,0,0,0,0,0,0.0,0,0,0,0,0,0,0,0,0.0,0,0,0,0,0,92.4,0.0,7490.2,0,0,0,67.1,17.25,0.01,3.37,33.47,25.1,63.4,98.81261177950127,1.1040357670984988,19.178017901819807,17.15561194787192,3.3846756780606717,942.0232558139535,0.0,0.0,0.0,0.0,51.915366647201914,0.1,0.0,0.0,0.0,0.0,250.0,1006.8,0.0,0.0,90.786,1.186,91.973,7.31,0.468,91.505,emon,0.84,0.733,47.9,22.2,2.162
2026-09-18 00:34:34.422,9.0,0,97,24;8;0;97;0;0;11;0;0;0;0;0;2;0;3;0,575,4381,3851;3454;3994;4381;1473;1415;1925;1319;1633;1273;1875;1724;631;575;841;744,0.0,0.0,1006.8,0,0,0,0,0,0.0,0,0,0,0,0,0,0,0,0.0,0,0,0,0,0,100.0,0.0,7490.2,0,0,0,68.1,17.46,0.01,3.38,33.86,25.1,63.4,98.81261177950127,1.1040357670984988,19.178017901819807,17.15561194787192,3.3846756780606717,942.0232558139535,0.0,0.0,0.0,0.0,51.915366647201914,0.1,0.0,0.0,0.0,0.0,250.0,1004.8,0.0,0.0,90.786,1.186,91.973,7.31,0.468,91.505,emon,0.84,0.733,47.9,22.2,2.162
2026-09-18 00:34:35.422,9.1,0,95,20;5;0;95;0;0;16;0;0;0;9;0;0;0;0;0,563,4397,4122;4044;3904;4397;1326;1330;1964;1267;1145;1136;1793;1266;617;563;772;646,0.0,0.0,1004.8,0,0,0,0,0,0.0,0,0,0,0,0,0,0,0,0.0,0,0,0,0,0,93.4,0.0,7490.2,0,0,0,68.1,17.46,0.01,3.38,33.86,25.1,63.4,98.69558410644531,1.8045144025236368,21.091421616077422,18.723308408260344,0.5872435786935967,944.0,0.0,0.0,0.0,0.0,50.16887953430414,0.0,0.0,0.0,0.0,0.0,250.0,1004.8,0.0,0.0,90.786,1.186,91.973,7.31,0.468,91.505,emon,0.84,0.733,47.9,22.2,2.162
2026-09-18 00:34:36.422,8.5,0,98,19;5;0;98;0;0;6;0;0;0;8;0;0;0;0;0,584,4397,4012;3750;4083;4397;1187;1193;1949;1223;1257;1337;1792;1258;585;584;830;720,0.0,0.0,1004.8,0,0,0,0,0,0.0,0,0,0,0,0,0,0,0,0.0,0,0,0,0,0,91.2,0.0,7490.2,0,0,0,67.1,17.46,0.01,3.38,33.86,25.1,63.4,99.11893796920776,1.1429565005819313,19.434664256870747,17.222615954931825,1.61515447095735,997.4375,0.0,0.0,0.0,0.0,50.27296350058168,0.1,0.0,0.0,0.0,0.0,250.0,1004.8,0.0,0.0,90.786,1.186,91.973,7.31,0.468,91.505,emon,0.84,0.733,47.9,22.2,2.162
2026-09-18 00:34:37.423,8.8,0,95,20;0;0;95;0;0;9;0;0;0;11;0;0;0;5;0,570,4367,4012;3358;3539;4367;2137;1349;2111;2302;2191;1686;1934;3010;570;759;862;629,0.0,0.0,1004.8,0,0,0,0,0,0.0,0,0,0,0,0,0,0,0,0.0,0,0,0,0,0,92.7,0.0,7490.2,0,0,0,66.1,17.46,0.01,3.38,33.86,25.1,63.4,98.96756450946515,1.2775467994790046,19.57181325631264,17.646853898962338,2.2466280919631036,970.7948717948718,0.0,0.0,0.0,0.0,51.532864095690925,0.1,0.0,0.0,0.0,0.0,250.0,1002.0,0.0,0.0,90.786,1.186,91.973,7.31,0.468,91.505,emon,0.84,0.733,47.9,22.2,2.162
2026-09-18 00:34:38.423,8.3,0,97,19;5;0;97;0;0;8;0;0;0;5;0;0;0;0;0,550,4403,4080;3961;4238;4403;2781;2081;1994;2571;2277;1698;1949;1643;577;550;743;877,0.2,0.0,1002.0,0,0,0,0,0,0.0,0,0,0,0,0,0,0,0,0.0,0,0,0,0,0,0.0,0.0,7490.2,0,0,0,67.1,17.25,0.01,3.37,33.64,25.1,63.4,98.71576245625813,1.4909426105829577,19.26358139018218,16.78016023586194,2.2085099538283735,826.0833333333334,0.0,0.0,0.0,0.0,50.24907159867386,0.1,0.0,0.0,0.0,0.0,250.0,1004.8,0.0,0.0,90.786,1.186,91.973,7.31,0.468,91.505,emon,0.84,0.733,47.9,22.2,2.162
2026-09-18 00:34:39.423,8.8,0,94,22;2;2;94;0;0;11;2;0;0;9;0;0;0;0;0,549,4375,4101;3927;3942;4375;1578;1505;2007;2012;1542;1469;1992;1330;549;685;686;796,0.6,0.0,1004.8,0,0,0,0,0,0.0,0,0,0,0,0,0,0,0,0.0,0,0,0,0,0,100.0,0.0,7490.2,0,0,0,66.1,17.25,0.01,3.37,33.64,25.1,63.4,98.4764289855957,1.3196515680143708,19.503414216794464,17.448552543395444,2.921319730040666,983.2105263157895,0.0,0.0,0.0,0.0,50.23533264077023,0.1,0.0,0.0,0.0,0.0,250.0,1004.8,0.0,0.0,90.786,1.186,91.973,7.31,0.468,91.505,emon,0.84,0.733,47.9,22.2,2.162
2026-09-18 00:34:40.424,9.6,0,98,26;3;3;98;0;0;12;0;0;0;8;3;0;0;0;0,543,4364,3628;3926;3896;4364;1257;1299;2017;1271;1268;1350;1848;1431;617;543;641;621,0.7,0.0,1004.8,0,0,0,0,0,0.0,0,0,0,0,0,0,0,0,0.0,0,0,0,0,0,93.6,0.0,7490.2,0,0,0,67.1,17.25,0.01,3.37,33.64,25.0,63.4,98.72476293170263,0.7731721162766455,15.36402860709599,12.265811142467317,1.5208804693945226,941.8571428571429,0.0,0.0,0.0,0.0,51.06212025147582,0.1,0.0,0.0,0.0,0.0,250.0,1004.8,0.0,0.0,90.786,1.186,91.973,7.31,0.468,91.505,emon,0.84,0.733,47.9,22.2,2.162
2026-09-18 00:34:41.424,8.3,0,98,20;2;0;98;0;0;8;0;0;0;5;0;0;0;0;0,540,4371,4090;3921;4261;4371;1232;1337;1878;1725;1478;1299;1757;1313;584;540;729;645,1.0,0.0,1002.0,0,0,0,0,0,0.0,0,0,0,0,0,0,0,0,0.0,0,0,0,0,0,93.7,0.0,7490.2,0,0,0,66.1,17.25,0.01,3.37,33.64,25.0,63.4,98.72476293170263,0.7731721162766455,15.36402860709599,12.265811142467317,1.5208804693945226,941.8571428571429,0.0,0.0,0.0,0.0,51.06212025147582,0.1,0.0,0.0,0.0,0.0,250.0,1002.0,0.0,0.0,90.786,1.186,91.973,7.31,0.468,91.505,emon,0.84,0.733,47.9,22.2,2.162
2026-09-18 00:34:42.424,9.1,0,98,29;0;0;98;0;0;11;0;0;0;8;0;0;0;0;0,585,4345,4158;3672;4218;4345;1169;1201;1917;2699;1688;1441;1867;1784;598;585;683;633,1.3,0.0,1003.2,0,0,0,0,0,0.0,0,0,0,0,0,0,0,0,0.0,0,0,0,0,0,94.3,0.0,7490.2,0,0,0,66.1,17.41,0.01,3.38,33.69,25.0,63.4,98.1222392490932,0.20291248123560632,8.131959540503365,1.9808735762323653,0.9424726792744228,866.8571428571429,0.0,0.0,0.0,0.0,50.23171007207462,0.1,0.0,0.0,0.0,0.0,250.0,1003.2,0.0,0.0,90.786,1.186,91.973,7.31,0.468,91.505,emon,0.84,0.733,47.9,22.2,2.162
2026-09-18 00:34:43.424,8.8,0,97,18;5;0;97;0;0;9;2;0;0;6;0;0;0;2;2,511,4399,4208;3873;4218;4399;1209;1285;2044;3299;2077;1117;1728;1616;543;511;742;732,1.3,0.0,1003.2,0,0,0,0,0,0.0,0,0,0,0,0,0,0,0,0.0,0,0,0,0,0,94.3,0.0,7490.2,0,0,0,66.1,17.41,0.01,3.38,33.69,25.0,63.4,98.76445945103963,1.1495305582260091,17.967398236195248,15.96941050607711,2.3840334405977046,960.4583333333334,0.0,0.0,0.0,0.0,52.36327222144852,0.0,0.0,0.0,0.0,0.0,250.0,1006.0,0.0,0.0,90.786,1.186,91.973,7.31,0.468,91.505,emon,0.84,0.733,47.9,22.2,2.162
2026-09-18 00:34:44.424,8.0,0,100,2;17;2;100;0;0;0;3;0;0;0;5;0;0;0;0,528,4376,4012;4086;3899;4376;1255;1968;1242;1923;1649;1231;1257;1767;759;634;528;795,0.7,0.0,1006.0,0,0,0,0,0,0.0,0,0,0,0,0,0,0,0,0.0,0,0,0,0,0,93.4,0.0,7490.2,0,0,0,67.1,17.41,0.01,3.38,33.69,25.1,63.4,99.21401805262411,1.1781762873213137,22.420847754324637,20.767025742319323,1.4047190960526708,960.2903225806451,0.0,0.0,0.0,0.0,51.8769176121681,0.1,0.0,0.0,0.0,0.0,250.0,1004.2,0.0,0.0,90.786,1.186,91.973,7.31,0.468,91.505,emon,0.84,0.733,47.9,22.2,2.162
2026-09-18 00:34:45.425,9.7,0,95,3;20;2;95;2;0;0;12;0;0;0;14;2;2;0;5,687,4333,4019;3962;4048;4333;1347;1704;2004;1882;2626;1335;1229;1911;877;901;687;819,1.6,0.0,1001.3,0,0,0,0,0,0.0,0,0,0,0,0,0,0,0,0.0,0,0,0,0,0,95.1,0.0,7490.2,0,0,0,67.1,17.41,0.01,3.38,33.69,25.0,63.4,99.02312802045773,0.9184814910762585,17.996475769923283,15.152412608647959,1.687245817293819,965.6666666666666,0.0,0.0,0.0,0.0,51.5362443494109,0.1,0.0,0.0,0.0,0.0,250.0,999.8,0.0,0.0,90.484,1.206,91.69,8.6,0.55,91.14,emon,0.839,0.705,47.3,22.2,2.13
2026-09-18 00:34:46.425,8.9,0,94,3;25;2;94;0;0;0;12;0;0;0;6;0;0;0;0,764,4385,4052;4034;4155;4385;1645;2189;1365;1925;1813;1781;3075;2064;842;837;945;764,0.7,0.0,999.8,0,0,0,0,0,0.0,0,0,0,0,0,0,0,0,0.0,0,0,0,0,0,95.2,0.0,7490.2,0,0,0,67.1,17.36,0.01,3.38,33.67,25.0,63.4,98.67951083183289,1.151216020458378,18.744812700897455,16.53076502075419,2.8099077045262675,1003.6875,0.0,0.0,0.0,0.0,50.2261115196161,0.1,0.0,0.0,0.0,0.0,250.0,1002.7,0.0,0.0,90.484,1.206,91.69,8.6,0.55,91.14,emon,0.839,0.705,47.3,22.2,2.13
2026-09-18 00:34:47.426,8.6,0,98,0;22;2;98;0;0;0;8;0;0;0;8;0;0;0;0,663,4372,4023;4216;4281;4372;2718;1260;1193;1710;1925;1247;1261;1805;977;841;663;838,0.4,0.0,1002.7,0,0,0,0,0,0.0,0,0,0,0,0,0,0,0,0.0,0,0,0,0,0,93.0,0.0,7490.2,0,0,0,67.1,17.36,0.01,3.38,33.67,25.0,63.4,98.89569156727892,1.1412718514812754,18.06446005182063,15.925094149214155,2.0928901903469987,925.5957446808511,0.0,0.0,0.0,0.0,51.31047409582645,0.1,0.0,0.0,0.0,0.0,250.0,1002.7,0.0,0.0,90.484,1.206,91.69,8.6,0.55,91.14,emon,0.839,0.705,47.3,22.2,2.13
2026-09-18 00:34:48.427,8.8,0,94,2;23;2;94;0;0;0;14;0;0;0;8;0;0;0;0,666,4391,3839;4194;4222;4391;1448;2168;2101;2039;2487;1595;1436;1789;708;679;666;850,0.1,0.0,1002.7,0,0,0,0,0,0.0,0,0,0,0,0,0,0,0,0.0,0,0,0,0,0,100.0,0.0,7490.2,0,0,0,66.1,17.36,0.01,3.38,33.67,25.2,63.4,98.89569156727892,1.1412718514812754,18.06446005182063,15.925094149214155,2.0928901903469987,925.5957446808511,0.0,0.0,0.0,0.0,51.31047409582645,0.1,0.0,0.0,0.0,0.0,250.0,1002.7,0.0,0.0,90.484,1.206,91.69,8.6,0.55,91.14,emon,0.839,0.705,47.3,22.2,2.13
2026-09-18 00:34:49.427,8.6,0,100,0;22;0;100;0;0;0;10;0;0;0;5;2;0;0;0,616,4384,3289;4136;4359;4384;1197;1399;1650;1980;1198;1204;1574;2018;923;638;616;803,0.0,0.0,1002.7,0,0,0,0,0,0.0,0,0,0,0,0,0,0,0,0.0,0,0,0,0,0,93.2,0.0,7490.2,0,0,0,67.1,17.36,0.01,3.38,33.67,25.0,63.4,98.35673872629802,1.4486444245558232,19.747868686914444,17.186761283626158,2.272574160286846,796.9166666666666,0.0,0.0,0.0,0.0,50.217104471599065,0.1,0.0,0.0,0.0,0.0,250.0,1002.7,0.0,0.0,90.484,1.206,91.69,8.6,0.55,91.14,emon,0.839,0.705,47.3,22.2,2.13
2026-09-18 00:34:50.428,8.7,0,98,6;13;3;98;0;0;0;11;0;0;0;6;0;0;0;2,619,4383,4164;3969;3825;4383;2051;1234;1285;1860;1264;1928;1397;1870;730;619;767;872,0.0,0.0,1002.7,0,0,0,0,0,0.0,0,0,0,0,0,0,0,0,0.0,0,0,0,0,0,100.0,0.0,7490.2,0,0,0,66.1,17.48,0.01,3.38,33.81,25.1,63.4,98.45054626464844,3.4983043670654297,24.131690979003906,19.633094787597656,0.0017597075930098072,1149.0,0.0,0.0,0.0,0.0,50.15063637495041,0.0,0.0,0.0,0.0,0.0,250.0,1002.7,0.0,0.0,90.484,1.206,91.69,8.6,0.55,91.14,emon,0.839,0.705,47.3,22.2,2.13
2026-09-18 00:34:51.428,8.5,0,96,3;20;2;96;2;0;0;8;0;0;0;6;0;0;0;0,574,4355,4223;4026;3983;4355;2179;1684;1673;1836;1643;1269;1317;1788;665;574;727;714,0.8,0.0,1002.9,0,0,0,0,0,0.0,0,0,0,0,0,0,0,0,0.0,0,0,0,0,0,100.0,0.0,7490.2,0,0,0,67.1,17.48,0.01,3.38,33.81,25.0,63.4,98.07643022208379,0.46095860209958306,13.598422099804056,8.187690689645965,1.5767852275969525,795.551724137931,0.0,0.0,0.0,0.0,51.93906962203568,0.1,0.0,0.0,0.0,0.0,250.0,1005.8,0.0,0.0,90.484,1.206,91.69,8.6,0.55,91.14,emon,0.839,0.705,47.3,22.2,2.13
2026-09-18 00:34:52.428,8.7,0,97,0;31;0;97;0;0;0;5;2;0;0;3;0;0;0;2,569,4332,3854;4102;4086;4332;1348;2060;2508;1979;2615;1159;1134;1880;639;628;569;702,0.6,0.0,998.9,0,0,0,0,0,0.0,0,0,0,0,0,0,0,0,0.0,0,0,0,0,0,93.3,0.0,7490.2,0,0,0,66.1,17.48,0.01,3.38,33.81,25.0,63.4,98.9083137512207,0.8276822872531528,17.93656776043085,14.980565700680017,1.575712726666377,946.1153846153846,0.0,0.0,0.0,0.0,52.19419824847808,0.1,0.0,0.0,0.0,0.0,250.0,1002.9,0.0,0.0,90.484,1.206,91.69,8.6,0.55,91.14,emon,0.839,0.705,47.3,22.2,2.13
2026-09-18 00:34:53.428,9.6,0,97,2;26;3;97;2;0;0;14;0;0;0;9;0;0;0;2,679,4351,3587;4002;3870;4351;1713;1732;1802;2173;2762;1308;1458;1859;679;795;679;819,0.2,0.0,998.9,0,0,0,0,0,0.0,0,0,0,0,0,0,0,0,0.0,0,0,0,0,0,100.0,0.0,7490.2,0,0,0,67.1,17.48,0.01,3.38,33.81,25.0,63.4,99.23724178738064,0.939855093964272,18.448984172609116,16.214985376265314,1.1129693865776062,855.6666666666666,0.0,0.0,0.0,0.0,51.42458218501674,0.1,0.0,0.0,0.0,0.0,250.0,998.9,0.0,0.0,90.484,1.206,91.69,8.6,0.55,91.14,emon,0.839,0.705,47.3,22.2,2.13
2026-09-18 00:34:54.429,9.4,0,97,3;28;0;97;0;0;0;14;0;0;0;8;0;0;0;0,589,4335,3845;4048;3256;4335;3049;1232;1241;1873;1579;1849;2022;1804;640;589;660;785,0.8,0.0,1001.2,0,0,0,0,0,0.0,0,0,0,0,0,0,0,0,0.0,0,0,0,0,0,100.0,0.0,7490.2,0,0,0,67.1,17.38,0.02,3.36,33.69,25.0,63.4,98.69608325049991,1.1355644076219982,17.904043776648386,15.82723310873622,1.9899150542027892,940.6666666666666,0.0,0.0,0.0,0.0,52.613839587285405,0.1,0.0,0.0,0.0,0.0,250.0,998.9,0.0,0.0,90.484,1.206,91.69,8.6,0.55,91.14,emon,0.839,0.705,47.3,22.2,2.13
2026-09-18 00:34:55.432,8.1,0,97,2;17;0;97;0;0;0;6;0;0;0;8;0;0;0;0,680,4363,3844;4156;3863;4363;2174;1642;1324;1884;1456;1145;1142;1760;680;700;715;715,0.6,0.0,1001.2,0,0,0,0,0,0.0,0,0,0,0,0,0,0,0,0.0,0,0,0,0,0,93.2,0.0,7490.2,0,0,0,67.1,17.38,0.02,3.36,33.69,25.2,63.4,98.23905296325684,0.40091434847563506,11.27747049331665,6.238886660337448,0.8302893787622452,924.0,0.0,0.0,0.0,0.0,50.20729100331664,0.1,0.0,0.0,0.0,0.0,250.0,1001.2,0.0,0.0,90.484,1.206,91.69,8.6,0.55,91.14,emon,0.839,0.705,47.3,22.2,2.13
2026-09-18 00:34:56.432,8.6,0,98,0;26;0;98;0;0;0;6;0;0;0;5;0;0;0;2,582,4358,3514;4168;3760;4358;1116;1192;1269;1755;1440;1364;1376;1728;582;636;741;773,0.6,0.0,1001.2,0,0,0,0,0,0.0,0,0,0,0,0,0,0,0,0.0,0,0,0,0,0,93.2,0.0,7490.2,0,0,0,67.1,17.38,0.02,3.36,33.69,25.0,63.4,98.071197782244,0.22469109536281653,8.208237068993705,2.4270125031471252,1.0854051538876124,843.6428571428571,0.0,0.0,0.0,0.0,50.21861479431391,0.1,0.0,0.0,0.0,0.0,250.0,1000.0,0.0,0.0,90.484,1.206,91.69,8.6,0.55,91.14,emon,0.839,0.705,47.3,22.2,2.13
2026-09-18 00:34:57.433,8.2,0,100,0;19;0;100;0;0;0;8;0;0;0;5;0;0;0;0,681,4402,3728;4132;3773;4402;2574;2038;2606;2102;1401;1258;1328;1917;681;727;753;822,1.2,0.0,1002.3,0,0,0,0,0,0.0,0,0,0,0,0,0,0,0,0.0,0,0,0,0,0,100.0,0.0,7490.2,0,0,0,68.1,17.38,0.02,3.36,33.69,25.0,63.4,98.74676709297376,1.1757705418918378,18.54097476372352,16.44278949040633,3.2769310244609815,973.3589743589744,0.0,0.0,0.0,0.0,51.545503897353626,0.1,0.0,0.0,0.0,0.0,250.0,1002.3,0.0,0.0,89.999,1.191,91.19,8.479,0.543,90.647,emon,0.841,0.735,46.9,22.0,2.132
2026-09-18 00:34:58.433,9.0,0,98,5;19;0;98;0;0;0;14;0;0;0;8;0;0;0;0,572,4318,4110;3986;4100;4318;2601;2564;1913;2002;2345;1286;1307;1895;745;572;799;734,1.0,0.0,1002.3,0,0,0,0,0,0.0,0,0,0,0,0,0,0,0,0.0,0,0,0,0,0,93.5,0.0,7490.2,0,0,0,66.1,17.6,0.01,3.37,33.9,25.1,63.4,97.78212593341696,0.5715625578987187,14.81081198823863,9.767426434262045,0.7037123351012645,916.2413793103449,0.0,0.0,0.0,0.0,50.21037350261006,0.1,0.0,0.0,0.0,0.0,250.0,1002.3,0.0,0.0,89.999,1.191,91.19,8.479,0.543,90.647,emon,0.841,0.735,46.9,22.0,2.132
2026-09-18 00:34:59.433,8.9,0,97,2;23;0;97;2;0;0;8;0;0;0;11;0;0;0;0,556,4398,4049;4148;3802;4398;3168;2534;3049;1725;1980;2563;2864;2021;556;561;582;714,0.9,0.0,1006.7,0,0,0,0,0,0.0,0,0,0,0,0,0,0,0,0.0,0,0,0,0,0,100.0,0.0,7490.2,0,0,0,68.1,17.6,0.01,3.37,33.9,25.1,63.4,98.9220329733456,1.1613074012429399,17.84131082015879,15.866683492327438,2.5223924043204855,921.0588235294117,0.0,0.0,0.0,0.0,53.27043538628256,0.2,0.0,0.0,0.0,0.0,250.0,1006.7,0.0,0.0,89.999,1.191,91.19,8.479,0.543,90.647,emon,0.841,0.735,46.9,22.0,2.132
2026-09-18 00:35:00.434,12.8,0,98,9;43;3;98;2;0;0;17;0;0;0;16;2;2;2;11,822,4565,4442;4430;4565;4541;2373;3111;1707;2219;3119;1593;1652;2324;901;822;891;1339,0.7,0.0,1006.7,0,0,0,0,0,0.0,0,0,0,0,0,0,0,0,0.0,0,0,0,0,0,100.0,0.0,7490.2,0,0,0,78.1,17.6,0.01,3.37,33.9,25.1,63.4,97.9586067199707,1.19276792400827,19.98808292547862,16.314449607084196,0.9413532565813512,1144.8333333333333,0.0,0.0,0.0,0.0,50.19023409858346,0.1,0.0,0.0,0.0,0.0,250.0,1006.7,0.0,0.0,89.999,1.191,91.19,8.479,0.543,90.647,emon,0.841,0.735,46.9,22.0,2.132
2026-09-18 00:35:01.434,14.6,0,97,17;83;2;97;3;0;2;11;0;0;0;16;0;2;0;2,1028,4636,4577;4635;4636;4602;3213;1835;3041;2392;1599;2020;2588;2313;1028;1040;1054;1182,0.5,0.0,1002.6,0,0,0,0,0,0.0,0,0,0,0,0,0,0,0,0.0,0,0,0,0,0,0.0,0.0,7490.2,0,0,0,95.1,17.6,0.01,3.37,33.9,25.1,63.4,97.2628526687622,1.025365233188495,16.492295667529106,12.601110247895122,0.9678686552069848,1019.8333333333334,0.0,0.0,0.0,0.0,50.248325365285076,0.0,0.0,0.0,0.0,0.0,450.0,1002.6,0.0,0.0,89.999,1.191,91.19,8.479,0.543,90.647,emon,0.841,0.735,46.9,22.0,2.132
2026-09-18 00:35:02.434,14.2,0,94,18;75;6;94;3;0;0;19;0;0;0;11;0;0;0;2,1090,4636,4471;4636;4603;4614;3085;2174;1549;2697;2242;3090;2045;2343;1126;1103;1090;2166,0.5,0.0,1002.6,0,0,0,0,0,0.0,0,0,0,0,0,0,0,0,0.0,0,0,0,0,0,0.0,0.0,7490.2,0,0,0,97.1,17.6,0.01,3.37,33.9,25.1,63.4,98.48631622314453,1.0668866913765669,18.047474484443665,15.156962582468987,2.011771238441579,1175.0,0.0,0.0,0.0,0.0,52.24034815430641,0.1,0.0,0.0,0.0,0.0,450.0,1002.6,0.0,0.0,89.999,1.191,91.19,8.479,0.543,90.647,emon,0.841,0.735,46.9,22.0,2.132
2026-09-18 00:35:03.435,14.3,0,92,5;92;12;92;0;0;0;12;2;0;0;14;0;0;0;0,1094,4711,4469;4654;4711;4570;2164;1671;1845;2555;3192;1231;2712;2116;1135;1169;1094;1184,0.0,0.0,1007.9,0,0,0,0,0,0.0,0,0,0,0,0,0,0,0,0.0,0,0,0,0,0,0.0,0.0,7490.2,0,0,0,97.1,17.6,0.01,3.37,33.9,25.1,63.4,97.45686848958333,1.1259927303375055,22.197990531722706,18.984075391044218,3.2902391665459922,1146.9166666666667,0.0,0.0,0.0,0.0,50.24272292728225,0.1,0.0,0.0,0.0,0.0,450.0,1007.9,0.0,0.0,89.999,1.191,91.19,8.479,0.543,90.647,emon,0.841,0.735,46.9,22.0,2.132
2026-09-18 00:35:04.435,13.7,0,92,2;92;29;73;3;0;0;11;0;0;0;8;0;0;2;0,1043,4644,4585;4644;4591;4598;1805;1373;2051;2971;2525;1628;1564;2147;1091;1047;1043;1155,0.0,0.0,1007.9,0,0,0,0,0,0.0,0,0,0,0,0,0,0,0,0.0,0,0,0,0,0,0.0,0.0,7490.2,0,0,0,97.1,17.6,0.01,3.37,33.9,25.1,63.4,97.45686848958333,1.1259927303375055,22.197990531722706,18.984075391044218,3.2902391665459922,1146.9166666666667,0.0,0.0,0.0,0.0,50.24272292728225,0.0,0.0,0.0,0.0,0.0,450.0,1007.9,0.0,0.0,89.999,1.191,91.19,8.479,0.543,90.647,emon,0.841,0.735,46.9,22.0,2.132
2026-09-18 00:35:05.435,11.6,0,80,12;80;6;63;2;0;0;16;2;0;0;5;0;0;0;0,1108,4684,4572;4672;4684;4620;2862;2313;2221;2420;3010;2121;1415;2027;1115;1175;1108;1167,0.0,0.0,1007.9,0,0,0,0,0,0.0,0,0,0,0,0,0,0,0,0.0,0,0,0,0,0,0.0,0.0,7490.2,0,0,0,88.1,17.6,0.01,3.37,33.9,25.1,63.4,91.27078501383464,0.47105636696020764,11.998743057250977,7.286052028338115,1.2479660113652546,907.3333333333334,0.0,0.0,0.0,0.0,50.31913318236669,0.1,0.0,0.0,0.0,0.0,450.0,1007.9,0.0,0.0,89.999,1.191,91.19,8.479,0.543,90.647,emon,0.841,0.735,46.9,22.0,2.132
2026-09-18 00:35:06.435,7.4,0,100,0;11;0;100;0;0;0;3;0;0;0;5;0;0;0;0,937,4724,3904;4488;4702;4724;1008;1027;937;1936;1180;1120;1126;1954;981;978;950;1096,0.0,0.0,1007.9,0,0,0,0,0,0.0,0,0,0,0,0,0,0,0,0.0,0,0,0,0,0,0.0,0.0,7490.2,0,0,0,81.1,0.0,0.0,0.0,0.0,25.1,63.4,97.02875804901123,1.342615860630758,21.277280554175377,17.319379183463752,1.901769783376949,1102.125,0.0,0.0,0.0,0.0,50.261147283017635,0.0,0.0,0.0,0.0,0.0,450.0,1007.9,0.0,0.0,89.999,1.191,91.19,8.479,0.543,90.647,emon,0.841,0.735,46.9,22.0,2.132
2026-09-18 00:35:07.436,7.6,0,98,3;11;0;98;0;0;0;5;0;0;0;5;0;0;0;0,1034,4726,4691;4553;4726;4724;1191;1191;1179;2186;1181;1158;1136;1693;1172;1080;1034;1162,0.0,0.0,1013.2,0,0,0,0,0,0.0,0,0,0,0,0,0,0,0,0.0,0,0,0,0,0,0.0,0.0,7490.2,0,0,0,80.1,0.0,0.0,0.0,0.0,25.1,63.4,97.80367647368332,1.0473709887150546,18.3695994183935,15.736298733487212,1.8505453128239204,1136.9310344827586,0.0,0.0,0.0,0.0,52.126490849359286,0.1,0.0,0.0,0.0,0.0,450.0,1013.2,0.0,0.0,89.999,1.191,91.19,8.479,0.543,90.647,emon,0.841,0.735,46.9,22.0,2.132
2026-09-18 00:35:08.436,9.6,0,98,5;23;2;98;3;0;0;11;5;0;0;5;2;0;0;2,995,4729,4471;4491;4729;4727;3134;3237;2619;2248;3308;3234;2682;2231;1822;1143;995;1898,0.0,0.0,1010.3,0,0,0,0,0,0.0,0,0,0,0,0,0,0,0,0.0,0,0,0,0,0,0.0,0.0,7490.2,0,0,0,80.1,0.0,0.0,0.0,0.0,25.1,63.4,96.92275203358044,0.8189159848684953,15.064938320354981,12.091220508244904,1.8382392275062474,1080.8181818181818,0.0,0.0,0.0,0.0,50.31489975682714,0.1,0.0,0.0,0.0,0.0,450.0,1010.3,0.0,0.0,89.999,1.191,91.19,8.479,0.543,90.647,emon,0.841,0.735,46.9,22.0,2.132
2026-09-18 00:35:09.436,7.7,0,95,3;14;0;95;0;0;0;6;0;0;0;5;0;0;0;0,898,4727,4624;4614;4727;4724;2233;1178;1299;2083;1177;1136;1222;1794;1039;898;982;1069,0.4,0.0,1005.0,0,0,0,0,0,0.0,0,0,0,0,0,0,0,0,0.0,0,0,0,0,0,0.0,0.0,7490.2,0,0,0,80.1,0.0,0.0,0.0,0.0,25.1,63.4,96.60481643676758,0.18944797913233438,11.534652709960938,2.7997440497080484,1.6336931387583415,1107.3333333333333,0.0,0.0,0.0,0.0,50.33804722627004,0.1,0.0,0.0,0.0,0.0,450.0,1005.0,0.0,0.0,0.429,0.718,1.147,6.135,0.393,0.754,emon,0.909,0.957,33.4,27.2,1.23
2026-09-18 00:35:10.437,10.7,2,98,2;17;3;98;3;3;5;8;3;3;2;9;3;3;3;5,2131,4601,4450;4389;4601;4563;3272;3267;3219;2264;3033;3005;3094;2131;2470;2658;2669;2141,0.4,0.0,1005.0,0,0,0,0,0,0.0,0,0,0,0,0,0,0,0,0.0,0,0,0,0,0,0.0,0.0,7490.2,0,0,0,73.1,22.02,0.01,0.32,24.25,25.1,63.4,97.1217700958252,0.5430889278650284,17.774491214752196,13.090156805515289,1.6841155968606472,1131.5,0.0,0.0,0.0,0.0,50.289566153287886,0.1,0.0,0.0,0.0,0.0,450.0,999.8,0.0,0.0,0.429,0.718,1.147,6.135,0.393,0.754,emon,0.909,0.957,33.4,27.2,1.23
2026-09-18 00:35:11.437,7.9,0,97,0;16;0;97;0;0;0;6;0;0;0;8;0;0;0;0,600,4407,3394;3979;4022;4407;1281;1246;1250;2079;1346;1904;2017;2383;705;600;616;882,0.9,0.0,1000.9,0,0,0,0,0,0.0,0,0,0,0,0,0,0,0,0.0,0,0,0,0,0,79.0,0.0,7490.2,0,0,0,71.1,22.02,0.01,0.32,24.25,25.1,63.4,98.51121266682942,0.1901742493112882,9.290321667989096,2.33261239528656,1.3385557333628337,1032.3333333333333,0.0,0.0,0.0,0.0,50.14231772720814,0.1,0.0,0.0,0.0,0.0,300.0,1000.9,0.0,0.0,0.429,0.718,1.147,6.135,0.393,0.754,emon,0.909,0.957,33.4,27.2,1.23
2026-09-18 00:35:12.437,8.5,0,96,5;17;0;96;0;0;0;5;0;0;0;12;0;0;0;2,704,4437,3956;3881;3558;4437;1290;923;880;1999;1240;925;932;1802;704;915;731;756,1.1,0.0,1003.1,0,0,0,0,0,0.0,0,0,0,0,0,0,0,0,0.0,0,0,0,0,0,90.7,0.0,7490.2,0,0,0,73.1,22.02,0.01,0.32,24.25,25.1,63.4,99.16107375533493,1.198530371611317,20.88253391230548,18.513583362654405,1.0421851652639884,824.925925925926,0.0,0.0,0.0,0.0,52.144681853276715,0.1,0.0,0.0,0.0,0.0,250.0,1003.1,0.0,0.0,0.429,0.718,1.147,6.135,0.393,0.754,emon,0.909,0.957,33.4,27.2,1.23
2026-09-18 00:35:13.438,9.0,0,98,2;27;0;98;0;0;2;11;0;0;0;5;0;0;0;0,507,4328,3802;4031;3710;4328;1733;2196;1503;2120;2454;1383;1489;1784;655;507;660;758,1.0,0.0,1003.1,0,0,0,0,0,0.0,0,0,0,0,0,0,0,0,0.0,0,0,0,0,0,96.7,0.0,7506.6,0,0,0,69.1,22.02,0.01,0.32,24.25,25.2,63.4,98.31627153669085,0.4962478851101228,12.653085538319178,7.910703880446298,1.7162512690893241,976.1428571428571,0.0,0.0,0.0,0.0,50.19763511270285,0.1,0.0,0.0,0.0,0.0,300.0,1003.1,0.0,0.0,0.429,0.718,1.147,6.135,0.393,0.754,emon,0.909,0.957,33.4,27.2,1.23
2026-09-18 00:35:14.438,7.8,0,97,17;2;0;97;3;0;0;0;6;0;0;0;0;0;0;0,647,4350,4105;4102;3996;4350;1865;1252;1576;1597;1840;1472;2556;1462;902;691;698;647,1.0,0.0,999.8,0,0,0,0,0,0.0,0,0,0,0,0,0,0,0,0.0,0,0,0,0,0,89.3,0.0,7512.5,0,0,0,67.1,18.11,0.02,12.31,36.36,25.2,63.4,98.15928161144257,0.35183864063583314,12.574302203953266,6.789669655729085,1.1254984387487639,928.6875,0.0,0.0,0.0,0.0,50.206917508505285,0.2,0.0,0.0,0.0,0.0,250.0,999.8,0.0,0.0,0.429,0.718,1.147,6.135,0.393,0.754,emon,0.909,0.957,33.4,27.2,1.23
2026-09-18 00:35:15.438,8.8,0,98,28;0;0;98;5;0;0;0;8;0;0;0;2;0;0;0,668,4424,4159;4056;3804;4424;1917;1230;1506;1681;1882;1841;1331;1454;806;668;1023;751,0.7,0.0,1002.6,0,0,0,0,0,0.0,0,0,0,0,0,0,0,0,0.0,0,0,0,0,0,99.7,0.0,7512.5,0,0,0,69.1,18.11,0.02,12.31,36.36,25.3,63.4,98.08143702420321,0.9922621101564304,17.45381160486828,13.711544199762018,1.8972124609969219,958.0909090909091,0.0,0.0,0.0,0.0,50.186570310457185,0.1,0.0,0.0,0.0,0.0,250.0,1002.6,0.0,0.0,0.429,0.718,1.147,6.135,0.393,0.754,emon,0.909,0.957,33.4,27.2,1.23
2026-09-18 00:35:16.439,8.6,0,96,23;3;0;96;8;0;0;0;8;0;0;0;0;0;0;0,582,4441,3978;3931;3704;4441;1771;1405;1672;1355;1883;1834;1556;1592;743;783;610;582,0.7,0.0,1002.6,0,0,0,0,0,0.0,0,0,0,0,0,0,0,0,0.0,0,0,0,0,0,100.0,0.0,7536.2,0,0,0,72.1,18.11,0.02,12.31,36.36,25.3,63.4,98.88165328081917,1.1725025524056572,18.782735079170806,16.54451958747471,2.4981992561678292,960.7647058823529,0.0,0.0,0.0,0.0,53.14331228592817,0.1,0.0,0.0,0.0,0.0,250.0,1002.6,0.0,0.0,0.429,0.718,1.147,6.135,0.393,0.754,emon,0.909,0.957,33.4,27.2,1.23
2026-09-18 00:35:17.439,13.4,3,95,24;11;8;95;14;6;6;3;20;5;3;5;3;3;3;5,951,4350,4137;4293;4350;4327;2380;3224;3329;3321;2597;3362;3402;3400;1004;951;1189;1121,1.6,0.0,999.7,0,0,0,0,0,0.0,0,0,0,0,0,0,0,0,0.0,0,0,0,0,0,93.7,0.0,7536.2,0,0,0,67.1,17.68,0.01,16.84,39.94,25.5,63.4,98.1928591574392,0.32775941671382997,12.485656315280545,6.437911362417283,1.4844207203977051,895.7741935483871,0.0,0.0,0.0,0.0,50.20800107044558,0.1,0.0,0.0,0.0,0.0,300.0,1002.6,0.0,0.0,0.429,0.718,1.147,6.135,0.393,0.754,emon,0.909,0.957,33.4,27.2,1.23
2026-09-18 00:35:18.440,17.1,6,91,25;22;11;91;17;14;6;12;30;8;6;6;8;6;6;6,2632,4682,4460;4585;4682;4457;2632;3375;3393;3409;3029;3433;3436;3436;2823;2884;2769;2907,0.4,0.0,1002.6,0,0,0,0,0,0.0,0,0,0,0,0,0,0,0,0.0,0,0,0,0,0,69.4,0.0,7536.2,0,0,0,69.1,17.68,0.01,16.84,39.94,25.3,63.4,98.83639017740886,1.368529657018371,21.380274082223576,18.786629697307944,2.017090077958225,988.5833333333334,0.0,0.0,0.0,0.0,50.13955454342067,0.1,0.0,0.0,0.0,0.0,250.0,1002.6,0.0,0.0,0.429,0.718,1.147,6.135,0.393,0.754,emon,0.909,0.957,33.4,27.2,1.23
2026-09-18 00:35:19.440,9.2,0,97,23;8;3;97;5;2;0;0;8;2;0;0;0;0;0;0,750,4413,4024;4325;4200;4413;1971;1655;1945;2031;2075;1931;2394;2466;750;773;787;793,0.2,0.0,1002.6,0,0,0,0,0,0.0,0,0,0,0,0,0,0,0,0.0,0,0,0,0,0,100.0,0.0,7536.2,0,0,0,69.1,17.68,0.01,16.84,39.94,25.3,63.4,98.4889915661934,1.3105537116718597,19.68002339815482,17.722962716068977,2.3094932264528976,996.4358974358975,0.0,0.0,0.0,0.0,53.920037169487046,0.1,0.0,0.0,0.0,0.0,250.0,1002.6,0.0,0.0,0.429,0.718,1.147,6.135,0.393,0.754,emon,0.909,0.957,33.4,27.2,1.23
2026-09-18 00:35:20.441,14.4,0,100,43;12;11;100;17;3;2;0;31;0;0;0;9;2;0;0,644,4681,4427;4681;4647;4450;2800;3238;3401;1717;2908;3204;1975;2016;2710;2686;1976;644,0.0,0.0,1002.6,0,0,0,0,0,0.0,0,0,0,0,0,0,0,0,0.0,0,0,0,0,0,93.3,0.0,7536.2,0,0,0,68.1,17.68,0.01,16.84,39.94,23.2,63.4,98.74383999438996,1.2006510329294078,18.398368614785216,16.16559770132633,2.4792303796461286,839.4255319148937,0.0,0.0,0.0,0.0,51.37750943575768,0.1,0.0,0.0,0.0,0.0,250.0,1002.6,0.0,0.0,0.429,0.718,1.147,6.135,0.393,0.754,emon,0.909,0.957,33.4,27.2,1.23
2026-09-18 00:35:21.441,25.3,0,86,53;44;20;86;59;20;5;0;73;12;0;2;28;3;0;0,2035,4728,4689;4709;4728;4724;3260;3285;2999;3312;3310;3271;2792;3078;2726;2571;2035;2104,0.0,0.0,1004.1,0,0,0,0,0,0.0,0,0,0,0,0,0,0,0,0.0,0,0,0,0,0,0.0,0.0,0.0,0,0,0,63.1,21.27,0.01,2.61,33.51,16.3,63.4,98.02022514343261,1.0036835432052613,19.87002658843994,17.84075508117676,3.1516436143778264,1166.5,0.0,0.0,0.0,0.0,50.15394643247127,0.1,0.0,0.0,0.0,0.0,450.0,1004.1,0.0,0.0,90.759,1.338,92.097,8.651,0.554,91.543,emon,0.841,0.75,47.8,22.4,2.132
