timestamp,cpu_total_pct,cpu_core_min,cpu_core_max,cpu_cores_csv,cpu_freq_min_mhz,cpu_freq_max_mhz,cpu_freq_csv,igpu_pct,igpu_ded_mb,igpu_shared_mb,nvidia_gpu_pct,nvidia_mem_pct,nvidia_mem_used_mb,nvidia_mem_total_mb,nvidia_temp_c,nvidia_power_w,nvidia_sm_clk_mhz,nvidia_mem_clk_mhz,nvidia_pcie_gen,nvidia_pcie_width,nvidia_throttle,nvidia_pcie_rx_kbs,nvidia_pcie_tx_kbs,nvidia_pstate,nvidia_power_limit_w,nvidia_sm_clk_max_mhz,nvidia_mem_clk_max_mhz,nvidia_sm_clk_eff_pct,nvidia_mem_clk_eff_pct,nvidia_power_eff_pct,npu_pct,npu_ded_mb,npu_shared_mb,npu_process_count,npu_infer_ms,cpu_throttle_pct,soc_temp_c,rapl_cpu_w,rapl_igpu_w,rapl_npu_w,rapl_soc_w,ram_used_gb,ram_total_gb,l0_gpu_busy,l0_xve_active,l0_xve_stall,l0_xve_occupancy,l0_l3_stall,l0_gpu_freq_mhz,l0_mem_read_gbs,l0_mem_write_gbs,l0_compute_busy,l0_copy_busy,l0_render_busy,zes_gpu_busy,zes_compute_busy,zes_render_busy,zes_copy_busy,zes_media_busy,zes_freq_mhz,zes_mem_used_mb,zes_temp_c,zes_power_w,dram_read_gbs,dram_write_gbs,dram_total_gbs,l3miss_millions,ia_dram_bw_gbs,nonia_dram_bw_gbs,bw_source,dram_page_hit_rate_rd,dram_page_hit_rate_wr,dram_rd_latency_imc_clks,dram_rd_latency_ns,imc_freq_ghz
2026-09-23 14:01:34.475,12.5,0,100,17;50;100;0;0;0;0;0;0;0;0;0;0;33;0;0,1275,4610,4516;4387;4610;4541;3038;2964;3240;2944;3192;2979;2901;3368;1275;1504;1994;1620,4.7,0.0,924.0,0,0,0,0,0,0.0,0,0,0,0,0,0,0,0,0.0,0,0,0,0,0,0.0,0.0,0.0,0,0,0,64.1,0.0,0.0,0.0,0.0,13.6,63.4,68.4112532933553,9.238825857639313,31.837053934733074,31.9802983601888,6.643360396226247,1799.0,0.0,0.0,0.0,0.0,66.66746312317748,0.0,0.0,0.0,0.0,0.0,0.0,0.0,0.0,0.0,,,,,,,,,,,,
2026-09-23 14:01:35.476,13.9,0,88,16;52;88;11;0;20;0;0;0;18;6;0;0;12;0;0,1167,4694,4531;4413;4678;4694;1481;2894;3007;1424;1511;3062;3068;3384;1167;1611;1667;1702,5.4,0.0,934.6,0,0,0,0,0,0.0,0,0,0,0,0,0,0,0,0.0,0,0,0,0,0,0.0,0.0,0.0,0,0,0,66.1,0.0,0.0,0.0,0.0,13.7,63.4,72.89516169766345,5.027344320911959,19.712103372596832,19.349191091146814,1.4612682396429415,1085.144578313253,0.0,0.0,0.0,0.0,50.1794096713953,0.0,0.0,0.0,0.0,0.0,450.0,924.0,0.0,0.0,,,,,,,,,,,,
2026-09-23 14:01:36.476,22.5,2,88,25;50;88;19;3;41;5;3;2;25;8;3;5;77;5;2,2169,4674,4428;4382;4649;4674;2450;3022;3131;3265;3234;2918;2891;3217;2562;2622;2169;2577,5.8,0.0,932.9,0,0,0,0,0,0.0,0,0,0,0,0,0,0,0,0.0,0,0,0,0,0,0.0,0.0,0.0,0,0,0,62.1,21.3,0.2,0.4,26.37,13.7,63.4,98.24987972769767,5.140137459062467,21.02490693596518,20.79379658790151,1.4973648720245532,1122.248407643312,0.0,0.0,0.0,0.0,50.5482101282876,0.8,0.0,0.0,0.0,0.0,450.0,934.6,0.0,0.0,,,,,,,,,,,,
2026-09-23 14:01:37.476,17.0,0,86,27;39;86;16;0;22;8;6;3;23;8;9;2;18;6;0,1360,4634,4296;4341;4634;4621;3434;2952;3363;3361;3355;2867;2910;3359;1360;1536;2046;1767,5.8,0.0,932.9,0,0,0,0,0,0.0,0,0,0,0,0,0,0,0,0.0,0,0,0,0,0,0.0,0.0,0.0,0,0,0,61.1,21.3,0.2,0.4,26.37,13.7,63.4,72.2207213860971,5.101397533107687,18.742687507911963,18.462295567547834,1.6455483164758289,1114.7407407407406,0.0,0.0,0.0,0.0,50.160882098255335,0.8,0.0,0.0,0.0,0.0,450.0,932.9,0.0,0.0,,,,,,,,,,,,
2026-09-23 14:01:38.477,16.1,0,94,35;48;94;2;0;33;2;0;0;18;0;2;0;20;2;2,1306,4672,4640;4574;4672;4671;3430;3158;3291;3397;2467;3132;3201;3000;1306;1751;1648;1547,4.9,0.0,939.8,0,0,0,0,0,0.0,0,0,0,0,0,0,0,0,0.0,0,0,0,0,0,0.0,0.0,0.0,0,0,0,65.1,21.3,0.2,0.4,26.37,13.9,63.4,73.72709381012689,5.053425835356826,19.11706335203988,18.74895285424732,1.128747611214099,1095.7261904761904,0.0,0.0,0.0,0.0,51.370363758034294,0.7,0.0,0.0,0.0,0.0,250.0,939.8,0.0,0.0,,,,,,,,,,,,
2026-09-23 14:01:39.477,18.9,0,92,51;47;92;11;0;0;38;8;0;0;22;5;2;8;19;0,1266,4725,4656;4690;4705;4725;2827;2567;3261;3407;3319;2240;3164;3384;1266;1373;1892;1489,5.1,0.0,931.8,0,0,0,0,0,0.0,0,0,0,0,0,0,0,0,0.0,0,0,0,0,0,0.0,0.0,0.0,0,0,0,72.1,21.3,0.2,0.4,26.37,14.0,63.4,77.68490717088854,4.88062569067587,19.687225141396393,19.046701459868533,1.514581603365966,1085.2162162162163,0.0,0.0,0.0,0.0,53.31300086600555,0.8,0.0,0.0,0.0,0.0,450.0,937.4,0.0,0.0,,,,,,,,,,,,
2026-09-23 14:01:40.478,74.3,65,97,84;82;97;71;68;68;83;65;69;66;81;74;69;69;78;66,2547,4650,4603;4620;4650;4638;3411;3412;3364;3411;3412;3411;3298;3413;2668;2660;2547;2672,4.8,0.0,937.4,0,0,0,0,0,0.0,0,0,0,0,0,0,0,0,0.0,0,0,0,0,0,0.0,0.0,541.8,0,0,0,64.1,21.3,0.2,0.4,26.37,21.5,63.4,78.81869952257942,5.108805398286923,19.53233804352143,19.07712827991037,0.9986539141602835,1148.4117647058824,0.0,0.0,0.0,0.0,51.387128077009145,0.7,0.0,0.0,0.0,0.0,450.0,931.8,0.0,0.0,,,,,,,,,,,,
2026-09-23 14:01:41.478,19.1,2,72,47;20;72;36;11;6;28;3;11;5;28;8;8;2;16;5,1852,4691,4407;4596;4649;4691;3367;3356;2958;3378;3221;2983;2917;3354;2491;2828;1852;2496,5.0,0.0,937.4,0,0,0,0,0,0.0,0,0,0,0,0,0,0,0,0.0,0,0,0,0,0,0.0,0.0,4343.4,0,0,0,65.1,21.3,0.2,0.4,26.37,21.9,63.4,98.32603567940848,4.510880878035511,18.39805680956159,17.826601946013316,1.7367543981670004,1125.2857142857142,0.0,0.0,0.0,0.0,50.53106052436999,0.7,0.0,0.0,0.0,0.0,250.0,931.8,0.0,0.0,,,,,,,,,,,,
2026-09-23 14:01:42.479,15.9,0,77,55;16;77;11;0;3;27;5;3;3;19;8;0;0;17;12,1813,4719,4388;4611;4640;4719;2574;3434;2879;3215;3361;3341;3003;2800;1874;2061;1813;2756,5.2,0.0,937.4,0,0,0,0,0,0.0,0,0,0,0,0,0,0,0,0.0,0,0,0,0,0,0.0,0.0,4355.1,0,0,0,60.1,21.3,0.2,0.4,26.37,22.1,63.4,97.75970595388702,4.925840960488175,18.965415145411637,18.660458558978455,1.6122206879668572,1112.3333333333333,0.0,0.0,0.0,0.0,49.91667337598223,0.8,0.0,0.0,0.0,0.0,450.0,931.8,0.0,0.0,,,,,,,,,,,,
2026-09-23 14:01:43.479,14.8,0,92,52;17;92;3;0;2;25;0;0;0;23;3;0;0;20;0,1324,4682,4444;4562;4682;4616;3108;3300;3154;2995;3040;2837;2958;3157;1589;1617;1575;1324,5.0,0.0,931.8,0,0,0,0,0,0.0,0,0,0,0,0,0,0,0,0.0,0,0,0,0,0,0.0,0.0,6269.0,0,0,0,54.1,21.3,0.2,0.4,26.37,24.3,63.4,98.37025682425794,5.007567949501085,18.76846984580711,18.55185580547945,1.713365971166274,1097.7654320987654,0.0,0.0,0.0,0.0,50.177732084038446,0.7,0.0,0.0,0.0,0.0,250.0,931.8,0.0,0.0,,,,,,,,,,,,
2026-09-23 14:01:44.480,8.8,0,53,32;6;53;9;0;0;20;2;0;0;11;0;0;0;6;2,1116,4645,4057;4126;4507;4645;3127;1469;2515;3009;2607;2293;2487;3013;1289;1116;1440;1279,4.8,0.0,931.8,0,0,0,0,0,0.0,0,0,0,0,0,0,0,0,0.0,0,0,0,0,0,0.0,0.0,6269.5,0,0,0,45.1,0.0,0.0,0.0,0.0,20.5,63.4,97.73550452949098,4.937900696852193,18.620759051779043,18.362182925206533,1.7960957635869417,1087.5093167701864,0.0,0.0,0.0,0.0,50.55735457350749,0.7,0.0,0.0,0.0,0.0,450.0,931.8,0.0,0.0,,,,,,,,,,,,
2026-09-23 14:01:45.480,11.9,0,57,38;12;57;5;0;0;31;0;0;0;30;6;0;0;9;2,1049,4682,4308;4545;4522;4682;3346;2668;3008;3160;3098;3071;2923;3352;1306;1049;1921;1891,6.9,0.0,930.5,0,0,0,0,0,0.0,0,0,0,0,0,0,0,0,0.0,0,0,0,0,0,0.0,0.0,6269.5,0,0,0,47.1,0.0,0.0,0.0,0.0,20.6,63.4,98.18645183492151,4.9612554985543955,21.345430551848796,20.66926682513693,1.9903859262197765,1124.1552795031057,0.0,0.0,0.0,0.0,49.91013627707588,0.8,0.0,0.0,0.0,0.0,450.0,931.8,0.0,0.0,,,,,,,,,,,,
2026-09-23 14:01:46.480,6.7,0,52,21;6;52;2;0;0;12;0;0;0;11;0;2;0;2;0,1046,4684,3798;4485;4402;4684;2769;2870;2334;2603;3374;1305;2345;2996;1046;1084;1208;1176,5.3,0.0,930.5,0,0,0,0,0,0.0,0,0,0,0,0,0,0,0,0.0,0,0,0,0,0,0.0,0.0,6269.5,0,0,0,43.1,0.0,0.0,0.0,0.0,20.6,63.4,97.84104748838436,4.947282469050484,19.843182771102242,19.130351309450518,2.1099843703281214,1121.670807453416,0.0,0.0,0.0,0.0,50.56761032472486,0.9,0.0,0.0,0.0,0.0,450.0,924.8,0.0,0.0,,,,,,,,,,,,
2026-09-23 14:01:47.481,17.9,0,66,41;25;66;5;0;0;28;5;0;0;34;11;3;2;62;6,1360,4454,4035;4086;4454;4375;2345;2393;2536;2143;2046;2891;2544;2296;1458;1568;1671;1360,6.1,0.0,949.0,0,0,0,0,0,0.0,0,0,0,0,0,0,0,0,0.0,0,0,0,0,0,0.0,0.0,6269.5,0,0,0,54.1,0.0,0.0,0.0,0.0,20.6,63.4,98.43954277038574,5.2660543454765545,22.807209497544825,22.457342116934498,1.6644564779586157,1115.158536585366,0.0,0.0,0.0,0.0,51.46983543765254,0.8,0.0,0.0,0.0,0.0,450.0,940.6,0.0,0.0,3.121,4.294,7.415,55.315,3.54,3.875,emon,0.856,0.938,30.7,14.2,2.162
2026-09-23 14:01:48.481,12.5,0,43,26;8;39;6;0;0;17;3;2;0;34;8;2;9;43;3,1227,4246,3681;3928;4246;4057;1839;2001;2407;2291;3139;2384;2187;1795;1277;1677;1642;1227,6.1,0.0,949.0,0,0,0,0,0,0.0,0,0,0,0,0,0,0,0,0.0,0,0,0,0,0,0.0,0.0,6269.5,0,0,0,42.1,12.24,0.1,0.36,16.53,20.6,63.4,98.51572512508778,4.860783474007098,19.82781063706687,19.154027872038693,1.9269871496923432,1146.191011235955,0.0,0.0,0.0,0.0,53.10849071670784,0.9,0.0,0.0,0.0,0.0,450.0,946.3,0.0,0.0,3.121,4.294,7.415,55.315,3.54,3.875,emon,0.856,0.938,30.7,14.2,2.162
2026-09-23 14:01:49.482,20.9,0,77,46;30;77;8;3;0;28;2;5;0;25;5;8;6;74;18,1610,4497,4096;4255;4390;4497;3072;2434;2823;2927;2941;2785;2764;2940;1613;1610;1898;1849,4.9,0.0,933.8,0,0,0,0,0,0.0,0,0,0,0,0,0,0,0,0.0,0,0,0,0,0,0.0,0.0,6269.5,0,0,0,54.1,12.24,0.1,0.36,16.53,21.8,63.4,98.37029624897274,4.573725116189793,19.58023436538509,18.73158994870759,1.9444741621327872,1141.896174863388,0.0,0.0,0.0,0.0,51.64103125394042,0.8,0.0,0.0,0.0,0.0,450.0,933.8,0.0,0.0,3.121,4.294,7.415,55.315,3.54,3.875,emon,0.856,0.938,30.7,14.2,2.162
2026-09-23 14:01:50.482,17.8,2,58,40;16;58;14;2;2;26;5;2;2;36;8;5;12;47;12,870,3760,3410;3533;3760;3701;2903;3149;2549;3001;3182;2986;2332;2889;971;964;1067;870,7.6,0.0,939.4,0,0,0,0,0,0.0,0,0,0,0,0,0,0,0,0.0,0,0,0,0,0,81.1,0.0,7317.6,0,0,0,44.1,12.24,0.1,0.36,16.53,21.9,63.4,98.9583121150373,5.540184191641319,20.303389342434436,20.112905444869075,2.213558434623052,997.1927710843373,0.0,0.0,0.0,0.0,50.7704245216965,1.0,0.0,0.0,0.0,0.0,250.0,939.4,0.0,0.0,3.121,4.294,7.415,55.315,3.54,3.875,emon,0.856,0.938,30.7,14.2,2.162
2026-09-23 14:01:51.483,13.6,0,57,29;6;54;11;0;0;20;0;0;0;31;0;2;0;57;8,724,3791,3301;3458;3791;3594;1476;1414;2411;2308;2205;1468;2398;2645;1008;724;1037;980,6.1,0.0,939.4,0,0,0,0,0,0.0,0,0,0,0,0,0,0,0,0.0,0,0,0,0,0,93.3,0.0,7350.0,0,0,0,42.1,12.24,0.1,0.36,16.53,21.9,63.4,98.86008934747605,5.251206856132264,18.91583167938959,18.719469512147562,2.005298788610768,945.7261904761905,0.0,0.0,0.0,0.0,50.768876515195835,0.9,0.0,0.0,0.0,0.0,250.0,936.4,0.0,0.0,3.121,4.294,7.415,55.315,3.54,3.875,emon,0.856,0.938,30.7,14.2,2.162
2026-09-23 14:01:52.483,13.2,0,70,26;11;45;0;0;0;24;2;0;0;20;3;2;2;70;6,906,4022,3540;3721;4022;3657;1527;1444;2034;1767;3047;2031;2365;1922;1357;906;1481;992,6.5,0.0,935.4,0,0,0,0,0,0.0,0,0,0,0,0,0,0,0,0.0,0,0,0,0,0,95.5,0.0,7350.0,0,0,0,42.1,10.82,0.12,9.62,28.35,22.0,63.4,98.58976942191094,5.204669867190846,18.945783357678746,18.715687898039086,1.911200026371602,985.1963190184049,0.0,0.0,0.0,0.0,49.879975396705554,1.0,0.0,0.0,0.0,0.0,250.0,935.4,0.0,0.0,3.121,4.294,7.415,55.315,3.54,3.875,emon,0.856,0.938,30.7,14.2,2.162
2026-09-23 14:01:53.483,12.9,0,47,43;8;47;5;2;0;17;2;0;0;17;2;13;5;44;3,1251,4602,3965;3979;4423;4602;3118;3367;2483;3250;3387;3336;2563;2483;1821;1251;2113;1295,5.5,0.0,935.4,0,0,0,0,0,0.0,0,0,0,0,0,0,0,0,0.0,0,0,0,0,0,0.0,0.0,7350.0,0,0,0,45.1,10.82,0.12,9.62,28.35,22.2,63.4,97.97635061946916,4.802350246611937,19.99740670051104,19.508881639551234,2.2754248127069636,1163.8148148148148,0.0,0.0,0.0,0.0,50.22956213585021,0.9,0.0,0.0,0.0,0.0,450.0,935.4,0.0,0.0,3.121,4.294,7.415,55.315,3.54,3.875,emon,0.856,0.938,30.7,14.2,2.162
2026-09-23 14:01:54.483,15.8,0,55,36;16;55;5;3;0;31;9;2;0;22;5;3;9;53;5,1428,4545,4162;4445;4434;4545;2961;2980;2227;2783;2562;3011;2665;2695;1428;1484;1828;1622,6.5,0.0,934.8,0,0,0,0,0,0.0,0,0,0,0,0,0,0,0,0.0,0,0,0,0,0,0.0,0.0,7350.0,0,0,0,44.1,10.82,0.12,9.62,28.35,22.3,63.4,98.01757601372101,5.070938965903138,22.861366655841564,22.590481269284613,1.8175183546509002,1169.754716981132,0.0,0.0,0.0,0.0,50.52619069477297,0.9,0.0,0.0,0.0,0.0,450.0,935.1,0.0,0.0,3.121,4.294,7.415,55.315,3.54,3.875,emon,0.856,0.938,30.7,14.2,2.162
2026-09-23 14:01:55.484,12.7,0,41,17;11;39;8;0;0;36;2;0;0;26;5;13;0;41;6,1266,4411,3753;3933;4348;4411;1266;1496;2091;2494;2865;1330;2277;2166;2832;1609;1835;1390,6.1,0.0,933.8,0,0,0,0,0,0.0,0,0,0,0,0,0,0,0,0.0,0,0,0,0,0,0.0,0.0,7350.0,0,0,0,41.1,10.82,0.12,9.62,28.35,22.3,63.4,98.15301688242766,6.970158389300874,22.574088072120134,22.90352754645302,1.1084548703955202,1166.7966101694915,0.0,0.0,0.0,0.0,51.08784061316717,0.9,0.0,0.0,0.0,0.0,450.0,935.1,0.0,0.0,3.121,4.294,7.415,55.315,3.54,3.875,emon,0.856,0.938,30.7,14.2,2.162
2026-09-23 14:01:56.484,12.3,0,52,40;11;37;5;0;0;20;0;0;0;17;6;8;0;52;2,987,4386,4019;3823;4291;4386;1463;987;2000;2767;2288;1135;2129;1857;1587;1946;2132;1141,4.3,0.0,930.4,0,0,0,0,0,0.0,0,0,0,0,0,0,0,0,0.0,0,0,0,0,0,0.0,0.0,7350.0,0,0,0,43.1,10.32,0.1,0.36,15.23,22.2,63.4,98.07553296211438,11.524246699449858,23.752021809036915,25.722086081902187,0.5704694565934821,1199.0,0.0,0.0,0.0,0.0,50.19657716728174,0.7,0.0,0.0,0.0,0.0,450.0,933.8,0.0,0.0,3.121,4.294,7.415,55.315,3.54,3.875,emon,0.856,0.938,30.7,14.2,2.162
2026-09-23 14:01:57.485,12.2,0,58,20;11;38;6;2;0;30;3;0;0;14;2;5;0;58;8,1001,4012,3689;3541;3956;4012;2817;1864;1910;1643;2554;2458;2088;2436;2201;1001;1500;1230,5.0,0.0,931.9,0,0,0,0,0,0.0,0,0,0,0,0,0,0,0,0.0,0,0,0,0,0,48.8,0.0,7350.0,0,0,0,55.1,10.32,0.1,0.36,15.23,22.1,63.4,98.27193433973524,9.834817217445622,24.10844703051779,24.974614179838035,0.6961506842480352,1201.2222222222222,0.0,0.0,0.0,0.0,51.4148113735848,0.7,0.0,0.0,0.0,0.0,450.0,931.9,0.0,0.0,3.121,4.294,7.415,55.315,3.54,3.875,emon,0.856,0.938,30.7,14.2,2.162
2026-09-23 14:01:58.485,16.1,0,65,31;22;55;11;5;0;17;3;0;2;23;8;4;2;65;9,1024,3931,3385;3807;3931;3867;3157;2754;2243;2858;2840;3145;2267;2383;1287;1024;1584;1240,5.0,0.0,931.9,0,0,0,0,0,0.0,0,0,0,0,0,0,0,0,0.0,0,0,0,0,0,48.8,0.0,7350.0,0,0,0,63.1,10.32,0.1,0.36,15.23,22.1,63.4,98.99611764002329,10.982670435117502,23.095821169891742,24.728184929625556,0.7013206940583504,1009.10101010101,0.0,0.0,0.0,0.0,51.769528318083644,0.7,0.0,0.0,0.0,0.0,250.0,931.9,0.0,0.0,2.253,1.134,3.387,38.273,2.449,0.938,emon,0.874,0.673,30.1,14.1,2.134
2026-09-23 14:01:59.485,22.9,3,64,39;25;64;15;6;3;23;9;8;6;31;18;18;16;54;32,798,3896,3407;3369;3896;3781;2775;2543;2488;2170;2614;3206;2390;2744;799;798;1181;924,4.9,0.0,931.9,0,0,0,0,0,0.0,0,0,0,0,0,0,0,0,0.0,0,0,0,0,0,95.4,0.0,7355.9,0,0,0,57.1,10.32,0.1,0.36,15.23,22.0,63.4,98.85826680630068,13.075629282506961,23.759143507178827,26.434967323524667,0.26638096109728177,999.632911392405,0.0,0.0,0.0,0.0,50.75986235805705,0.7,0.0,0.0,0.0,0.0,250.0,927.9,0.0,0.0,2.253,1.134,3.387,38.273,2.449,0.938,emon,0.874,0.673,30.1,14.1,2.134
2026-09-23 14:02:00.486,16.9,0,77,27;20;47;11;2;0;25;3;2;2;34;8;2;2;77;9,894,3736,3131;3331;3736;3214;1878;1480;2002;2011;2014;2324;2088;2026;894;1001;1270;969,5.2,0.0,927.9,0,0,0,0,0,0.0,0,0,0,0,0,0,0,0,0.0,0,0,0,0,0,99.1,0.0,7371.2,0,0,0,54.1,8.57,0.08,21.39,32.34,21.9,63.4,98.82318057184634,11.797708015473884,22.125996416677598,24.27031125727555,0.29477064187765634,1018.0217391304348,0.0,0.0,0.0,0.0,51.23110462271649,0.8,0.0,0.0,0.0,0.0,250.0,927.9,0.0,0.0,2.253,1.134,3.387,38.273,2.449,0.938,emon,0.874,0.673,30.1,14.1,2.134
2026-09-23 14:02:01.486,14.1,0,80,30;12;42;5;2;0;17;0;2;0;19;3;3;0;80;11,978,3778,2980;3218;3778;3445;2205;2324;1863;2006;2194;1639;1740;1733;978;1581;1209;1115,5.0,0.0,917.7,0,0,0,0,0,0.0,0,0,0,0,0,0,0,0,0.0,0,0,0,0,0,98.4,0.0,7375.7,0,0,0,52.1,8.57,0.08,21.39,32.34,22.1,63.4,98.81085551062296,12.471776714870641,21.596085446171983,23.941601192838576,0.3776420577636346,953.6511627906976,0.0,0.0,0.0,0.0,50.146432866883835,0.7,0.0,0.0,0.0,0.0,250.0,917.7,0.0,0.0,2.253,1.134,3.387,38.273,2.449,0.938,emon,0.874,0.673,30.1,14.1,2.134
2026-09-23 14:02:02.487,10.5,0,72,17;8;34;5;0;0;12;3;2;0;9;3;0;0;72;3,885,3554,2985;2892;3554;2966;1202;1211;1806;1355;1146;1051;1838;1656;885;1059;1169;1005,4.3,0.0,917.7,0,0,0,0,0,0.0,0,0,0,0,0,0,0,0,0.0,0,0,0,0,0,95.6,0.0,7381.1,0,0,0,53.1,8.57,0.08,21.39,32.34,22.2,63.4,98.93178024291993,12.82875225295138,23.461864627152682,25.900814496772362,0.4023042003471346,1057.75,0.0,0.0,0.0,0.0,51.39251253930852,0.7,0.0,0.0,0.0,0.0,250.0,917.7,0.0,0.0,2.253,1.134,3.387,38.273,2.449,0.938,emon,0.874,0.673,30.1,14.1,2.134
2026-09-23 14:02:03.487,12.9,0,83,27;14;34;11;0;0;14;0;3;0;14;3;0;0;83;2,912,3710,2710;2862;3710;3170;1361;1649;1724;1752;2466;1781;1823;1774;1023;912;1291;1000,4.9,0.0,917.7,0,0,0,0,0,0.0,0,0,0,0,0,0,0,0,0.0,0,0,0,0,0,87.3,0.0,7391.8,0,0,0,49.1,8.57,0.08,21.39,32.34,22.2,63.4,98.53000745773315,12.96207254287001,23.47106076255441,26.044708807813002,0.42490956993169676,1039.0,0.0,0.0,0.0,0.0,50.14587177298963,0.7,0.0,0.0,0.0,0.0,250.0,917.7,0.0,0.0,2.253,1.134,3.387,38.273,2.449,0.938,emon,0.874,0.673,30.1,14.1,2.134
2026-09-23 14:02:04.491,13.3,0,59,27;14;38;6;0;0;31;3;0;0;24;3;0;3;59;3,1007,3810,3205;3547;3810;3515;1236;1453;1777;1659;1663;2522;1986;1831;1092;1037;1327;1007,4.8,0.0,917.7,0,0,0,0,0,0.0,0,0,0,0,0,0,0,0,0.0,0,0,0,0,0,99.4,0.0,7391.8,0,0,0,47.1,5.92,0.09,24.36,33.2,22.4,63.4,98.98338036788137,11.23303642234716,22.94526716313864,24.550273274473454,0.3859609272220711,993.7368421052631,0.0,0.0,0.0,0.0,51.887944726253814,0.7,0.0,0.0,0.0,0.0,250.0,917.7,0.0,0.0,2.253,1.134,3.387,38.273,2.449,0.938,emon,0.874,0.673,30.1,14.1,2.134
2026-09-23 14:02:05.492,12.2,0,72,28;12;28;11;0;0;20;0;0;0;14;5;3;2;72;0,916,3745,3267;3173;3609;3745;1905;1916;1836;1996;2457;2720;1930;2417;974;938;1307;916,4.9,0.0,917.7,0,0,0,0,0,0.0,0,0,0,0,0,0,0,0,0.0,0,0,0,0,0,100.0,0.0,7408.5,0,0,0,45.1,5.92,0.09,24.36,33.2,22.3,63.4,98.98672267368862,11.402684677746608,23.74971925328066,25.359480390263784,0.3971587694045361,990.7582417582418,0.0,0.0,0.0,0.0,51.949001089557186,0.7,0.0,0.0,0.0,0.0,300.0,917.7,0.0,0.0,2.253,1.134,3.387,38.273,2.449,0.938,emon,0.874,0.673,30.1,14.1,2.134
2026-09-23 14:02:06.492,15.8,0,83,34;16;52;12;0;0;24;3;0;0;11;3;5;2;83;10,819,3774,3376;3176;3774;3425;1935;1727;1885;2187;2213;2162;1991;2062;1480;819;1465;1352,4.7,0.0,909.1,0,0,0,0,0,0.0,0,0,0,0,0,0,0,0,0.0,0,0,0,0,0,86.2,0.0,7431.5,0,0,0,45.1,5.92,0.09,24.36,33.2,22.4,63.4,98.92614481708792,10.719255301203477,24.265303051707768,25.667634863849027,0.5648606774131514,970.2871287128713,0.0,0.0,0.0,0.0,51.70449620131219,0.7,0.0,0.0,0.0,0.0,250.0,917.7,0.0,0.0,2.253,1.134,3.387,38.273,2.449,0.938,emon,0.874,0.673,30.1,14.1,2.134
2026-09-23 14:02:07.493,13.1,0,72,31;6;42;8;0;0;18;0;2;0;23;3;3;0;72;2,920,3629,3354;2955;3629;3032;1714;1981;1932;2285;2072;2747;2151;1625;995;920;1260;1053,5.2,0.0,909.1,0,0,0,0,0,0.0,0,0,0,0,0,0,0,0,0.0,0,0,0,0,0,100.0,0.0,7431.5,0,0,0,45.1,6.93,0.09,17.91,30.29,22.4,63.4,98.90702912865615,12.91949543594837,23.625078742460506,26.07809548029994,0.38706183811988987,1058.1463414634147,0.0,0.0,0.0,0.0,51.34771263363158,0.7,0.0,0.0,0.0,0.0,250.0,909.1,0.0,0.0,2.253,1.134,3.387,38.273,2.449,0.938,emon,0.874,0.673,30.1,14.1,2.134
2026-09-23 14:02:08.494,13.5,0,54,27;23;47;2;0;0;21;2;0;0;24;3;3;2;54;9,925,3854,3378;3113;3854;3666;1236;1075;1834;1459;1496;1257;1856;1596;944;925;1174;1168,4.5,0.0,921.7,0,0,0,0,0,0.0,0,0,0,0,0,0,0,0,0.0,0,0,0,0,0,79.4,0.0,7453.9,0,0,0,45.1,6.93,0.09,17.91,30.29,22.5,63.4,98.98840240110835,13.043889648759322,24.69271845343601,27.142885789768883,0.19789749399354928,1055.6265060240964,0.0,0.0,0.0,0.0,52.007087871432304,0.8,0.0,0.0,0.0,0.0,450.0,921.7,0.0,0.0,2.253,1.134,3.387,38.273,2.449,0.938,emon,0.874,0.673,30.1,14.1,2.134
2026-09-23 14:02:09.494,12.3,0,67,11;23;33;3;2;0;0;29;0;0;0;23;0;3;3;67,836,3566,3538;3235;3566;3139;1812;1493;1877;1661;2344;3248;1362;1807;836;1015;1022;1240,4.5,0.0,921.7,0,0,0,0,0,0.0,0,0,0,0,0,0,0,0,0.0,0,0,0,0,0,79.4,0.0,7453.9,0,0,0,42.1,6.93,0.09,17.91,30.29,22.6,63.4,98.75472318209134,12.662099386338527,23.7195068246279,26.225135206555326,0.37903091713572695,1041.3076923076924,0.0,0.0,0.0,0.0,50.14005687087774,0.7,0.0,0.0,0.0,0.0,300.0,921.7,0.0,0.0,2.253,1.134,3.387,38.273,2.449,0.938,emon,0.874,0.673,30.1,14.1,2.134
2026-09-23 14:02:10.509,19.2,6,80,20;23;46;14;14;9;6;24;9;8;8;15;6;11;15;80,1309,3904,3640;3533;3878;3904;2903;3277;3342;2255;2915;3354;3351;2343;1524;1448;1338;1309,4.4,0.0,921.7,0,0,0,0,0,0.0,0,0,0,0,0,0,0,0,0.0,0,0,0,0,0,100.0,0.0,7453.9,0,0,0,41.1,6.93,0.09,17.91,30.29,22.8,63.4,98.60019542552807,12.336232765919794,23.71120626764533,26.139641790570302,0.3469326569192847,1073.0740740740741,0.0,0.0,0.0,0.0,50.79173418511579,0.7,0.0,0.0,0.0,0.0,300.0,917.7,0.0,0.0,46.082,23.939,70.021,44.202,2.829,67.192,emon,0.884,0.688,63.0,29.2,2.16
2026-09-23 14:02:11.509,16.9,3,73,18;31;38;8;6;11;5;19;6;3;8;20;3;8;11;73,1275,4377,3905;3763;4028;4377;3174;3375;3425;2546;3166;3399;3427;2437;2450;2239;2080;1275,4.4,0.0,920.4,0,0,0,0,0,0.0,0,0,0,0,0,0,0,0,0.0,0,0,0,0,0,59.9,0.0,7494.0,0,0,0,39.1,7.97,0.09,12.61,28.29,22.6,63.4,98.85202297411467,12.997853824315825,23.51863497691719,26.075235036397842,0.388223023206305,1027.9473684210527,0.0,0.0,0.0,0.0,50.13046202141987,0.7,0.0,0.0,0.0,0.0,250.0,917.7,0.0,0.0,46.082,23.939,70.021,44.202,2.829,67.192,emon,0.884,0.688,63.0,29.2,2.16
2026-09-23 14:02:12.510,12.1,0,81,8;22;36;6;3;0;2;14;0;0;0;14;9;0;0;81,880,3839,3268;3362;3839;3361;1973;1617;1295;1902;2101;2088;1704;1867;1284;880;912;1148,4.5,0.0,917.7,0,0,0,0,0,0.0,0,0,0,0,0,0,0,0,0.0,0,0,0,0,0,90.3,0.0,7490.2,0,0,0,38.1,7.97,0.09,12.61,28.29,22.6,63.4,98.85322699748295,14.243751378126547,24.667938662246918,27.586630055602168,0.4013040735710963,1082.0985915492959,0.0,0.0,0.0,0.0,49.43576487625988,0.7,0.0,0.0,0.0,0.0,250.0,917.7,0.0,0.0,46.082,23.939,70.021,44.202,2.829,67.192,emon,0.884,0.688,63.0,29.2,2.16
2026-09-23 14:02:13.511,12.4,0,73,17;30;38;3;2;0;0;20;0;0;0;12;2;0;2;73,904,3590,2802;3016;3590;3391;1964;2432;1229;1761;2585;1426;1381;1919;981;904;918;1163,5.3,0.0,909.1,0,0,0,0,0,0.0,0,0,0,0,0,0,0,0,0.0,0,0,0,0,0,100.0,0.0,7490.2,0,0,0,37.1,7.97,0.09,12.61,28.29,22.6,63.4,98.75346424705104,12.947362522899455,23.546722449362278,26.13212697247141,0.3486623305369377,1043.078947368421,0.0,0.0,0.0,0.0,50.134029551752306,0.7,0.0,0.0,0.0,0.0,250.0,909.1,0.0,0.0,46.082,23.939,70.021,44.202,2.829,67.192,emon,0.884,0.688,63.0,29.2,2.16
2026-09-23 14:02:14.511,15.1,2,58,23;43;39;12;6;4;2;17;3;2;2;17;6;6;2;58,848,3750,3325;3416;3740;3750;2909;3250;3088;2380;3038;3013;3292;2291;924;901;848;1199,4.9,0.0,909.1,0,0,0,0,0,0.0,0,0,0,0,0,0,0,0,0.0,0,0,0,0,0,99.8,0.0,7490.2,0,0,0,38.1,7.97,0.09,12.61,28.29,22.6,63.4,98.98136097897765,11.412151446229258,23.355591271192797,25.286067338560215,0.3874712042336512,997.3870967741935,0.0,0.0,0.0,0.0,51.80477152187978,0.7,0.0,0.0,0.0,0.0,250.0,909.1,0.0,0.0,46.082,23.939,70.021,44.202,2.829,67.192,emon,0.884,0.688,63.0,29.2,2.16
2026-09-23 14:02:15.512,11.4,0,70,8;28;34;2;2;0;0;26;0;0;0;9;0;3;0;70,865,3678,3274;3148;3678;3382;1888;2754;1520;1770;2022;1392;1376;2024;1069;997;865;1148,4.9,0.0,909.1,0,0,0,0,0,0.0,0,0,0,0,0,0,0,0,0.0,0,0,0,0,0,100.0,0.0,7490.2,0,0,0,38.1,6.65,0.1,3.38,24.45,22.6,63.4,98.90618160159089,11.586935427004667,22.628832645194475,24.542508563373325,0.5718470903987953,971.6744186046511,0.0,0.0,0.0,0.0,50.209948491218476,0.7,0.0,0.0,0.0,0.0,250.0,909.1,0.0,0.0,46.082,23.939,70.021,44.202,2.829,67.192,emon,0.884,0.688,63.0,29.2,2.16
2026-09-23 14:02:16.512,14.0,0,75,20;25;36;6;6;3;0;22;3;0;0;20;5;2;0;75,973,3723,3535;3465;3723;3626;2026;2513;2243;2015;2495;2605;1744;2107;1003;1005;973;1216,5.0,0.0,909.1,0,0,0,0,0,0.0,0,0,0,0,0,0,0,0,0.0,0,0,0,0,0,91.5,0.0,7490.2,0,0,0,39.1,6.65,0.1,3.38,24.45,22.5,63.4,98.94545407838459,13.212898792666559,23.887648571895646,26.426131005009896,0.28113781334021826,957.2278481012659,0.0,0.0,0.0,0.0,50.76226331614241,0.7,0.0,0.0,0.0,0.0,250.0,909.1,0.0,0.0,46.082,23.939,70.021,44.202,2.829,67.192,emon,0.884,0.688,63.0,29.2,2.16
2026-09-23 14:02:17.512,14.8,0,64,18;33;50;10;6;6;0;25;2;0;0;20;2;2;0;64,903,3768,3280;3202;3768;3422;2070;1806;2579;2030;1856;2559;1312;2280;989;927;903;1142,4.9,0.0,909.1,0,0,0,0,0,0.0,0,0,0,0,0,0,0,0,0.0,0,0,0,0,0,100.0,0.0,7490.2,0,0,0,41.1,6.65,0.1,3.38,24.45,22.5,63.4,98.91788071852464,13.0996549009638,24.188503666183887,26.78251673754018,0.3099571574965898,982.974358974359,0.0,0.0,0.0,0.0,51.43056811363651,0.7,0.0,0.0,0.0,0.0,250.0,909.1,0.0,0.0,46.082,23.939,70.021,44.202,2.829,67.192,emon,0.884,0.688,63.0,29.2,2.16
2026-09-23 14:02:18.513,14.0,0,74,11;29;48;14;2;0;0;22;0;0;0;14;8;3;0;74,680,3902,3513;3454;3900;3902;2176;2158;2381;2324;1950;2273;2714;2319;869;847;680;1102,4.8,0.0,909.1,0,0,0,0,0,0.0,0,0,0,0,0,0,0,0,0.0,0,0,0,0,0,100.0,0.0,7490.2,0,0,0,39.1,6.65,0.1,3.38,24.45,22.5,63.4,98.8502254486084,13.1023040473887,23.487669735362655,26.082511557266116,0.3449124104104397,977.2894736842105,0.0,0.0,0.0,0.0,50.13140564705981,0.7,0.0,0.0,0.0,0.0,250.0,909.1,0.0,0.0,46.082,23.939,70.021,44.202,2.829,67.192,emon,0.884,0.688,63.0,29.2,2.16
2026-09-23 14:02:19.514,9.1,0,56,5;20;31;3;2;0;0;14;0;0;0;12;2;0;0;56,638,3754,3059;3331;3754;3315;2174;1536;1260;1841;2215;1263;1259;1785;900;673;638;1154,4.8,0.0,909.1,0,0,0,0,0,0.0,0,0,0,0,0,0,0,0,0.0,0,0,0,0,0,100.0,0.0,7490.2,0,0,0,37.1,7.59,0.09,3.42,25.18,22.5,63.4,98.82551110757363,12.937202155196763,23.411154135658933,26.05301192730061,0.36771403767154365,1022.6486486486486,0.0,0.0,0.0,0.0,50.13146829444009,0.7,0.0,0.0,0.0,0.0,250.0,911.8,0.0,0.0,46.082,23.939,70.021,44.202,2.829,67.192,emon,0.884,0.688,63.0,29.2,2.16
2026-09-23 14:02:20.514,5.6,0,30,3;26;30;5;0;0;0;11;0;0;0;11;0;0;0;3,656,3850,3500;3368;3850;3659;2027;1834;1214;1680;2394;1371;1444;1729;656;830;712;1000,5.0,0.0,921.7,0,0,0,0,0,0.0,0,0,0,0,0,0,0,0,0.0,0,0,0,0,0,98.6,0.0,7490.2,0,0,0,37.1,7.59,0.09,3.42,25.18,22.5,63.4,98.59141227526543,12.973829477850813,23.787049365731384,26.40519945261379,0.30097666105482346,1073.3589743589744,0.0,0.0,0.0,0.0,50.14732881578115,0.7,0.0,0.0,0.0,0.0,250.0,921.7,0.0,0.0,46.082,23.939,70.021,44.202,2.829,67.192,emon,0.884,0.688,63.0,29.2,2.16
2026-09-23 14:02:21.514,7.6,0,48,6;25;48;2;2;0;0;20;0;0;0;11;0;0;0;8,658,3697,3165;3114;3697;3593;2067;1810;1240;1754;1619;1289;1317;1726;932;658;675;912,4.4,0.0,921.7,0,0,0,0,0,0.0,0,0,0,0,0,0,0,0,0.0,0,0,0,0,0,97.5,0.0,7490.2,0,0,0,37.1,7.59,0.09,3.42,25.18,22.5,63.4,98.5045292194073,12.877565778648624,23.5495115174697,26.188927653173987,0.4330013942709252,1059.2564102564102,0.0,0.0,0.0,0.0,50.165464967680286,0.7,0.0,0.0,0.0,0.0,250.0,921.7,0.0,0.0,46.082,23.939,70.021,44.202,2.829,67.192,emon,0.884,0.688,63.0,29.2,2.16
2026-09-23 14:02:22.515,6.1,0,38,3;23;38;2;0;0;0;14;2;0;0;11;0;0;0;6,664,3762,3333;3198;3762;3395;2590;2293;2801;1644;1506;1238;2110;1660;865;837;664;949,4.4,0.0,921.7,0,0,0,0,0,0.0,0,0,0,0,0,0,0,0,0.0,0,0,0,0,0,97.1,0.0,7490.2,0,0,0,37.1,7.59,0.09,3.42,25.18,22.5,63.4,99.05546722412109,11.278304695416438,24.057853144093563,25.407829412229752,0.5420329699164109,974.7894736842105,0.0,0.0,0.0,0.0,52.95740818318568,0.7,0.0,0.0,0.0,0.0,250.0,917.7,0.0,0.0,95.772,1.199,96.971,25.109,1.607,95.364,emon,0.844,0.664,51.8,24.1,2.148
2026-09-23 14:02:23.516,8.2,0,50,5;30;50;3;0;0;0;17;0;0;0;22;0;0;0;5,587,3851,3215;3323;3851;3464;1429;2109;1325;2054;1844;1231;1300;2182;700;587;587;927,4.9,0.0,917.7,0,0,0,0,0,0.0,0,0,0,0,0,0,0,0,0.0,0,0,0,0,0,97.7,0.0,7490.2,0,0,0,38.1,6.02,0.09,3.38,23.51,22.5,63.4,98.9903091102518,11.385026052756915,24.32894660163951,26.06785652221691,0.492456711550814,1004.3763440860215,0.0,0.0,0.0,0.0,51.87344228997026,0.7,0.0,0.0,0.0,0.0,250.0,917.7,0.0,0.0,95.772,1.199,96.971,25.109,1.607,95.364,emon,0.844,0.664,51.8,24.1,2.148
2026-09-23 14:02:24.516,8.1,0,48,13;22;48;3;0;0;0;13;2;0;0;17;5;0;2;6,734,3868,3564;3257;3868;3332;2337;1611;1265;1882;1353;1219;1216;2006;989;734;1140;908,6.0,0.0,926.9,0,0,0,0,0,0.0,0,0,0,0,0,0,0,0,0.0,0,0,0,0,0,92.2,0.0,7490.2,0,0,0,37.1,6.02,0.09,3.38,23.51,22.5,63.4,98.86068760866375,3.4810406426613816,9.514642490127873,9.08170526944144,0.24318949413967636,952.7572254335261,0.0,0.0,0.0,0.0,52.41999741212998,0.9,0.0,0.0,0.0,0.0,250.0,926.9,0.0,0.0,95.772,1.199,96.971,25.109,1.607,95.364,emon,0.844,0.664,51.8,24.1,2.148
2026-09-23 14:02:25.517,6.1,0,42,6;14;42;0;0;0;0;12;0;0;0;19;0;0;0;5,792,3756,3553;3271;3756;3617;2412;2335;2109;2095;2418;2762;1201;2240;792;836;918;989,6.6,0.0,938.1,0,0,0,0,0,0.0,0,0,0,0,0,0,0,0,0.0,0,0,0,0,0,89.6,0.0,7490.2,0,0,0,37.1,6.02,0.09,3.38,23.51,22.5,63.4,98.75511319029565,9.311555705978261,22.05555579709072,23.468382248545396,0.6746570227154663,1026.9411764705883,0.0,0.0,0.0,0.0,50.1496337357105,0.8,0.0,0.0,0.0,0.0,250.0,938.1,0.0,0.0,95.772,1.199,96.971,25.109,1.607,95.364,emon,0.844,0.664,51.8,24.1,2.148
2026-09-23 14:02:26.517,11.6,0,62,8;37;62;8;3;3;3;12;3;5;3;25;3;2;0;8,682,3842,3761;3497;3842;3802;3039;3174;3145;2279;2934;3162;3285;2310;749;682;718;956,4.8,0.0,930.6,0,0,0,0,0,0.0,0,0,0,0,0,0,0,0,0.0,0,0,0,0,0,100.0,0.0,7490.2,0,0,0,41.1,7.34,0.1,3.35,24.43,22.5,63.4,98.74990500473395,4.566253822052669,16.531776508906994,16.647994725533376,0.7253382859358326,1009.060975609756,0.0,0.0,0.0,0.0,49.57268981005224,0.7,0.0,0.0,0.0,0.0,250.0,930.6,0.0,0.0,95.772,1.199,96.971,25.109,1.607,95.364,emon,0.844,0.664,51.8,24.1,2.148
2026-09-23 14:02:27.517,8.2,0,39,6;25;39;3;3;2;3;11;0;0;0;23;2;0;0;14,946,3257,2764;2818;3257;2785;1470;1585;1059;1554;1579;1187;1290;1611;1097;946;989;1033,3.8,0.0,930.9,0,0,0,0,0,0.0,0,0,0,0,0,0,0,0,0.0,0,0,0,0,0,96.3,0.0,7490.2,0,0,0,39.1,7.34,0.1,3.35,24.43,22.5,63.4,98.35706281661987,15.696971386671066,24.846582233905792,28.207126557826996,0.11896206316851021,1118.53125,0.0,0.0,0.0,0.0,50.16811057412997,0.7,0.0,0.0,0.0,0.0,450.0,930.9,0.0,0.0,95.772,1.199,96.971,25.109,1.607,95.364,emon,0.844,0.664,51.8,24.1,2.148
2026-09-23 14:02:28.518,8.7,0,44,5;28;44;5;3;0;0;22;0;0;0;18;6;0;0;8,781,3492,3114;2996;3492;3245;2004;2577;1919;1929;2090;1137;1598;1859;1077;833;781;999,5.2,0.0,930.4,0,0,0,0,0,0.0,0,0,0,0,0,0,0,0,0.0,0,0,0,0,0,97.0,0.0,7490.2,0,0,0,37.1,7.34,0.1,3.35,24.43,22.5,63.4,98.95488415342389,10.759028608938962,21.097004528298523,21.0678436383605,0.3260459792176279,1050.1363636363637,0.0,0.0,0.0,0.0,56.51811679825187,0.8,0.0,0.0,0.0,0.0,250.0,930.4,0.0,0.0,95.772,1.199,96.971,25.109,1.607,95.364,emon,0.844,0.664,51.8,24.1,2.148
2026-09-23 14:02:29.518,14.6,0,56,26;25;56;17;9;2;5;20;8;5;2;33;3;2;0;22,720,3625,3348;3310;3625;3510;2380;2617;3006;2277;2929;3226;3152;2329;764;737;720;937,9.4,0.0,963.6,0,0,0,0,0,0.0,0,0,0,0,0,0,0,0,0.0,0,0,0,0,0,95.7,0.0,7490.2,0,0,0,39.1,7.34,0.1,3.35,24.43,22.5,63.4,83.17997694283389,5.864230140729734,17.797848183117555,17.355442437311908,0.8869502200014834,1109.9550561797753,0.0,0.0,0.2874252387646879,0.04053539104675979,53.960694749361515,1.0,0.0,0.0,0.0,0.0,250.0,937.3,0.0,0.0,95.772,1.199,96.971,25.109,1.607,95.364,emon,0.844,0.664,51.8,24.1,2.148
2026-09-23 14:02:30.537,8.5,0,30,13;21;27;6;0;0;0;20;0;0;0;18;0;0;0;30,809,3008,2514;2185;3008;2805;1308;1240;1370;1451;1298;809;823;1408;888;925;1209;1682,9.4,0.0,963.6,0,0,0,0,0,0.0,0,0,0,0,0,0,0,0,0.0,0,0,0,0,0,95.7,0.0,7490.2,0,0,0,36.1,5.82,0.34,3.37,23.61,22.7,63.4,79.96294765336819,6.844191114396139,16.965522593796535,16.047298270626374,0.6373622200887797,926.0142180094787,0.0,0.0,0.0,0.0,53.905353868481704,1.1,0.0,0.0,0.0,0.0,250.0,949.5,0.0,0.0,95.772,1.199,96.971,25.109,1.607,95.364,emon,0.844,0.664,51.8,24.1,2.148
2026-09-23 14:02:31.537,8.3,0,35,5;19;35;10;3;0;0;30;3;0;0;17;0;0;0;11,778,3169,2524;2685;3169;2916;1336;1753;1092;1513;1533;1074;1215;1442;886;829;778;1093,3.6,0.0,948.4,0,0,0,0,0,0.0,0,0,0,0,0,0,0,0,0.0,0,0,0,0,0,96.9,0.0,7490.2,0,0,0,36.1,5.82,0.34,3.37,23.61,22.5,63.4,99.26881403952652,10.269256668558679,21.810927109688706,22.199993656473872,0.7636260247390908,974.776397515528,0.0,0.0,0.0,0.0,58.2249685265818,0.7,0.0,0.0,0.0,0.0,250.0,940.4,0.0,0.0,95.772,1.199,96.971,25.109,1.607,95.364,emon,0.844,0.664,51.8,24.1,2.148
2026-09-23 14:02:32.538,7.2,0,34,8;29;34;3;2;0;0;19;0;0;0;20;0;0;0;2,957,3195,2378;2448;3195;2534;2150;1159;1121;1551;1480;2216;988;1552;957;1009;991;992,4.8,0.0,941.4,0,0,0,0,0,0.0,0,0,0,0,0,0,0,0,0.0,0,0,0,0,0,85.9,0.0,7490.2,0,0,0,36.1,5.82,0.34,3.37,23.61,22.5,63.4,98.92127414625519,13.033939142920532,24.07944193664862,26.145308119910105,0.402052527184869,1033.6938775510205,0.0,0.0,0.0,0.0,55.44145082697577,0.7,0.0,0.0,0.0,0.0,250.0,941.4,0.0,0.0,95.772,1.199,96.971,25.109,1.607,95.364,emon,0.844,0.664,51.8,24.1,2.148
2026-09-23 14:02:33.538,11.3,0,49,17;26;49;6;5;2;0;26;3;0;0;28;2;0;0;17,792,3674,3407;3163;3674;3232;2087;1549;1848;2084;1903;2530;1915;2082;883;792;854;927,4.2,0.0,940.4,0,0,0,0,0,0.0,0,0,0,0,0,0,0,0,0.0,0,0,0,0,0,99.2,0.0,7490.2,0,0,0,38.1,5.82,0.34,3.37,23.61,22.5,63.4,99.24871568619066,9.992633400176455,24.72470319347017,25.52196902549191,0.5622897840429032,1003.7770700636943,0.0,0.0,0.0,0.0,56.27657407507965,0.9,0.0,0.0,0.0,0.0,250.0,962.1,0.0,0.0,91.609,5.11,96.719,52.2,3.341,93.378,emon,0.817,0.914,54.4,25.2,2.163
2026-09-23 14:02:34.539,11.3,0,56,19;29;56;3;0;0;0;28;2;0;0;34;2;0;0;8,652,3795,3441;3345;3795;3372;2310;1856;1796;2301;1858;1584;1414;2234;836;652;685;897,14.0,0.0,952.5,0,0,0,0,0,0.0,0,0,0,0,0,0,0,0,0.0,0,0,0,0,0,93.0,0.0,7490.2,0,0,0,39.1,6.0,0.21,3.39,23.62,22.5,63.4,99.19837999845807,8.921353720363818,27.120504740664835,28.105640328557868,0.6860742873769548,971.8947368421053,0.0,0.0,0.0,0.0,51.84780431946641,2.1,0.0,0.0,0.0,0.0,250.0,944.0,0.0,0.0,91.609,5.11,96.719,52.2,3.341,93.378,emon,0.817,0.914,54.4,25.2,2.163
2026-09-23 14:02:35.540,10.5,0,53,8;36;53;9;0;0;0;23;2;0;0;27;0;0;0;11,654,3739,3550;3381;3739;3531;1979;2018;2160;2168;2470;2067;1593;2247;742;654;694;886,12.9,0.0,935.6,0,0,0,0,0,0.0,0,0,0,0,0,0,0,0,0.0,0,0,0,0,0,93.7,0.0,7490.2,0,0,0,40.1,6.0,0.21,3.39,23.62,22.5,63.4,99.17556746883096,9.173617400035956,28.480897379662707,29.64617645184611,0.6089387576574088,951.0725388601036,0.0,0.0,0.0,0.0,51.725057711525594,2.1,0.0,0.0,0.0,0.0,250.0,935.6,0.0,0.0,91.609,5.11,96.719,52.2,3.341,93.378,emon,0.817,0.914,54.4,25.2,2.163
2026-09-23 14:02:36.540,10.3,0,55,9;39;55;6;0;0;2;23;2;0;0;19;2;2;0;6,641,3736,3438;3369;3736;3383;2417;3072;2853;2369;2125;2373;1474;2257;703;641;754;846,14.5,0.0,948.1,0,0,0,0,0,0.0,0,0,0,0,0,0,0,0,0.0,0,0,0,0,0,94.0,0.0,7490.2,0,0,0,39.1,6.0,0.21,3.39,23.62,22.5,63.4,99.22921855414091,8.5693958979934,28.548642267635213,29.211438601289817,0.8192990892293077,1158.2039800995026,0.0,0.0,0.0,0.0,52.372189418185705,2.2,0.0,0.0,0.0,0.0,250.0,948.1,0.0,0.0,91.609,5.11,96.719,52.2,3.341,93.378,emon,0.817,0.914,54.4,25.2,2.163
2026-09-23 14:02:37.540,14.5,0,58,16;36;58;11;14;0;3;33;8;3;2;26;5;2;3;14,675,3688,3543;3404;3688;3630;3048;2969;3119;2570;2957;3080;3179;2501;681;675;696;818,10.0,0.0,948.1,0,0,0,0,0,0.0,0,0,0,0,0,0,0,0,0.0,0,0,0,0,0,92.7,0.0,7490.2,0,0,0,40.1,6.0,0.21,3.39,23.62,22.4,63.4,98.98782374557939,8.289318727058115,29.274888436771132,29.55590479582259,0.8621133162160528,1344.388349514563,0.0,0.0,0.0,0.0,52.607023679949705,1.6,0.0,0.0,0.0,0.0,250.0,948.1,0.0,0.0,91.609,5.11,96.719,52.2,3.341,93.378,emon,0.817,0.914,54.4,25.2,2.163
2026-09-23 14:02:38.543,11.5,2,45,14;27;45;12;5;3;3;21;6;3;2;25;3;3;2;11,795,3763,3237;3415;3763;3722;2112;2745;2945;2290;2314;2978;2342;2223;797;835;795;868,9.0,0.0,943.8,0,0,0,0,0,0.0,0,0,0,0,0,0,0,0,0.0,0,0,0,0,0,93.1,0.0,7490.2,0,0,0,43.1,8.41,0.47,3.34,25.82,22.4,63.4,99.00076793802195,10.526628340626585,27.249251201235015,28.311236776154615,0.79623100516293,1519.2586206896551,0.0,0.0,0.0,0.0,52.77546933036426,1.4,0.0,0.0,0.0,0.0,250.0,943.8,0.0,0.0,91.609,5.11,96.719,52.2,3.341,93.378,emon,0.817,0.914,54.4,25.2,2.163
2026-09-23 14:02:39.543,9.6,0,50,36;12;50;6;23;2;0;0;19;0;0;0;6;0;0;0,763,3619,3279;3359;3619;3402;2424;1824;2086;1407;2153;1674;1384;1258;872;763;850;947,13.8,0.0,941.8,0,0,0,0,0,0.0,0,0,0,0,0,0,0,0,0.0,0,0,0,0,0,100.0,0.0,7490.2,0,0,0,38.1,8.41,0.47,3.34,25.82,22.4,63.4,99.26931911319882,8.363413428512777,26.263491420002726,26.07993494496717,1.2040530914333407,1304.4112554112555,0.0,0.0,0.0,0.0,56.62646606174253,1.2,0.0,0.0,0.0,0.0,250.0,945.8,0.0,0.0,91.609,5.11,96.719,52.2,3.341,93.378,emon,0.817,0.914,54.4,25.2,2.163
2026-09-23 14:02:40.544,12.1,0,45,39;20;45;11;20;5;3;3;23;6;3;0;8;6;0;0,684,3687,3278;3500;3546;3687;2376;2749;3131;2948;2206;2765;3012;1720;870;824;808;684,13.8,0.0,941.8,0,0,0,0,0,0.0,0,0,0,0,0,0,0,0,0.0,0,0,0,0,0,100.0,0.0,7490.2,0,0,0,38.1,8.41,0.47,3.34,25.82,22.4,63.4,99.22936827877918,8.22969110448093,26.78643039431438,27.10716723504076,1.4240447934639797,970.285140562249,0.0,0.0,0.0,0.0,55.358546788284336,1.9,0.0,0.0,0.0,0.0,450.0,946.8,0.0,0.0,91.609,5.11,96.719,52.2,3.341,93.378,emon,0.817,0.914,54.4,25.2,2.163
2026-09-23 14:02:41.544,5.5,0,35,14;5;35;2;14;3;0;0;12;0;0;0;3;0;0;0,747,3094,2101;2438;3094;2211;1319;1307;1220;1363;1387;1500;1215;1227;1039;971;747;1055,4.0,0.0,946.8,0,0,0,0,0,0.0,0,0,0,0,0,0,0,0,0.0,0,0,0,0,0,98.6,0.0,7490.2,0,0,0,36.1,8.41,0.47,3.34,25.82,22.4,63.4,98.63246854146321,14.745547719299793,24.701521078745525,27.66715908050537,0.27118914140171707,1143.4444444444443,0.0,0.0,0.0,0.0,51.616541757765745,0.6,0.0,0.0,0.0,0.0,250.0,937.8,0.0,0.0,91.609,5.11,96.719,52.2,3.341,93.378,emon,0.817,0.914,54.4,25.2,2.163
2026-09-23 14:02:42.544,7.9,0,41,24;12;41;5;17;8;0;0;15;0;0;0;4;0;0;0,799,3559,2774;3475;3559;3292;1863;1535;1552;1260;1605;1787;876;1226;911;823;799;863,4.3,0.0,938.9,0,0,0,0,0,0.0,0,0,0,0,0,0,0,0,0.0,0,0,0,0,0,85.1,0.0,7490.2,0,0,0,38.1,6.42,0.21,3.36,23.97,22.4,63.4,98.95850647820367,9.99879663427257,26.19348605473836,27.29278862476349,0.9782909444264887,1029.5555555555557,0.0,0.0,0.0,0.0,53.77835671976209,1.0,0.0,0.0,0.0,0.0,250.0,942.3,0.0,0.0,91.609,5.11,96.719,52.2,3.341,93.378,emon,0.817,0.914,54.4,25.2,2.163
2026-09-23 14:02:43.545,7.2,0,38,25;6;38;3;17;2;0;0;23;0;0;0;2;0;0;0,889,3758,3224;3295;3758;3460;1963;2038;1705;2091;1826;2139;1310;1134;889;910;960;973,12.0,0.0,942.4,0,0,0,0,0,0.0,0,0,0,0,0,0,0,0,0.0,0,0,0,0,0,99.1,0.0,7490.2,0,0,0,39.1,6.42,0.21,3.36,23.97,22.4,63.4,99.26122430654672,10.09918158525949,26.608277960138008,27.502348027386507,1.116064731266086,947.0769230769231,0.0,0.0,0.0,0.0,56.46782535273623,1.6,0.0,0.0,0.0,0.0,250.0,947.4,0.0,0.0,91.609,5.11,96.719,52.2,3.341,93.378,emon,0.817,0.914,54.4,25.2,2.163
2026-09-23 14:02:44.545,8.6,0,38,27;17;38;6;16;5;2;0;19;3;0;0;6;0;0;0,544,3582,2998;3297;3582;3287;1699;1487;2017;1556;1780;1937;1649;1678;966;734;642;544,6.3,0.0,943.8,0,0,0,0,0,0.0,0,0,0,0,0,0,0,0,0.0,0,0,0,0,0,97.4,0.0,7490.2,0,0,0,37.1,6.42,0.21,3.36,23.97,22.4,63.4,99.20613365668756,10.199721596457742,25.42787454035375,26.424059316709442,1.008623464602611,973.6753246753246,0.0,0.0,0.0,0.0,54.970442949661184,0.9,0.0,0.0,0.0,0.0,250.0,943.8,0.0,0.0,91.609,5.11,96.719,52.2,3.341,93.378,emon,0.817,0.914,54.4,25.2,2.163
2026-09-23 14:02:45.546,8.5,0,51,33;12;51;2;15;2;0;0;18;0;0;0;3;0;0;0,748,3770,3241;3448;3770;3432;2105;1689;1612;1230;1967;1396;1177;1174;905;868;892;748,8.5,0.0,942.8,0,0,0,0,0,0.0,0,0,0,0,0,0,0,0,0.0,0,0,0,0,0,100.0,0.0,7490.2,0,0,0,38.1,6.42,0.21,3.36,23.97,22.4,63.4,99.22449459499784,9.183376696705817,25.698871888054743,26.452718035380045,1.1788078925158414,980.9444444444445,0.0,0.0,0.0,0.0,54.17361947000027,1.2,0.0,0.0,0.0,0.0,250.0,942.8,0.0,0.0,95.371,4.579,99.949,26.222,1.678,98.271,emon,0.831,0.864,52.1,24.1,2.162
2026-09-23 14:02:46.546,7.7,0,38,25;10;38;2;20;0;0;0;20;0;0;0;9;0;0;0,822,3675,2859;2799;3675;3284;2023;1511;2482;1338;1901;2279;1417;1353;945;943;839;822,11.5,0.0,945.8,0,0,0,0,0,0.0,0,0,0,0,0,0,0,0,0.0,0,0,0,0,0,100.0,0.0,7490.2,0,0,0,38.1,6.66,0.29,3.39,24.14,22.4,63.4,98.80065709894353,13.74923726645383,24.37274543960373,26.964548309128006,0.4300801466867727,1068.4805194805194,0.0,0.0,0.0,0.0,50.83133320771641,1.6,0.0,0.0,0.0,0.0,450.0,943.1,0.0,0.0,95.371,4.579,99.949,26.222,1.678,98.271,emon,0.831,0.864,52.1,24.1,2.162
2026-09-23 14:02:47.546,5.7,0,20,19;3;20;3;12;0;2;0;15;5;0;0;9;2;0;0,763,3207,2043;2160;3207;2855;1339;1451;1026;1225;1371;1219;1235;1297;955;985;850;763,4.0,0.0,938.1,0,0,0,0,0,0.0,0,0,0,0,0,0,0,0,0.0,0,0,0,0,0,94.8,0.0,7490.2,0,0,0,38.1,6.66,0.29,3.39,24.14,22.4,63.4,98.71741527059804,12.609906006644925,23.10929401413254,25.02502452161001,0.41979806252524926,1108.7826086956522,0.0,0.0,0.0,0.0,53.52838164260206,0.6,0.0,0.0,0.0,0.0,250.0,938.1,0.0,0.0,95.371,4.579,99.949,26.222,1.678,98.271,emon,0.831,0.864,52.1,24.1,2.162
2026-09-23 14:02:48.547,8.9,0,44,27;12;44;5;20;2;0;0;23;0;0;0;10;0;0;0,631,3337,2759;3014;3337;2981;1824;1634;1014;1241;1707;1497;1293;1353;953;949;634;631,8.4,0.0,948.1,0,0,0,0,0,0.0,0,0,0,0,0,0,0,0,0.0,0,0,0,0,0,98.5,0.0,7490.2,0,0,0,39.1,6.66,0.29,3.39,24.14,22.4,63.4,98.98403857047097,10.662419544892353,22.059656391018315,23.018528014944312,0.6001726045271202,1076.6315789473683,0.0,0.0,0.0,0.0,54.95081683209068,0.9,0.0,0.0,0.0,0.0,250.0,948.1,0.0,0.0,95.371,4.579,99.949,26.222,1.678,98.271,emon,0.831,0.864,52.1,24.1,2.162
2026-09-23 14:02:49.547,6.9,0,38,27;8;38;3;17;2;0;0;12;0;0;0;3;0;0;0,845,3560,2665;3135;3560;3185;1752;1670;1172;1305;1593;1642;1406;1376;985;991;845;991,4.3,0.0,943.1,0,0,0,0,0,0.0,0,0,0,0,0,0,0,0,0.0,0,0,0,0,0,95.4,0.0,7490.2,0,0,0,36.1,6.66,0.29,3.39,24.14,22.4,63.4,99.2690052008777,10.391176899212487,26.068176293225022,27.09921945992464,0.8194645488245058,985.0248447204968,0.0,0.0,0.0,0.0,56.22858935205833,1.2,0.0,0.0,0.0,0.0,450.0,943.1,0.0,0.0,95.371,4.579,99.949,26.222,1.678,98.271,emon,0.831,0.864,52.1,24.1,2.162
2026-09-23 14:02:50.548,6.8,0,32,29;6;32;2;12;3;0;0;18;2;0;0;3;0;0;0,549,3239,2559;2720;3239;3179;1401;1444;1250;2323;1499;1444;1354;1329;946;863;937;549,4.3,0.0,943.1,0,0,0,0,0,0.0,0,0,0,0,0,0,0,0,0.0,0,0,0,0,0,95.4,0.0,7490.2,0,0,0,36.1,5.45,0.15,3.39,23.08,22.4,63.4,99.1790402291835,9.638444402008906,22.54067088817728,22.58637306608003,0.5653393860520318,1015.6666666666666,0.0,0.0,0.0,0.0,57.363645236039986,0.8,0.0,0.0,0.0,0.0,450.0,942.7,0.0,0.0,95.371,4.579,99.949,26.222,1.678,98.271,emon,0.831,0.864,52.1,24.1,2.162
2026-09-23 14:02:51.549,8.5,0,36,27;9;36;8;24;2;2;0;23;2;0;0;3;2;0;0,910,3116,1997;2148;3116;2842;1295;1192;1115;2395;1440;2322;1337;2264;989;1067;1010;910,5.1,0.0,942.7,0,0,0,0,0,0.0,0,0,0,0,0,0,0,0,0.0,0,0,0,0,0,98.9,0.0,7490.2,0,0,0,36.1,5.45,0.15,3.39,23.08,22.4,63.4,98.2938973903656,15.864733099937439,24.75313663482666,28.230348706245422,0.1175972549335711,1156.03125,0.0,0.0,0.0,0.0,50.169959717430174,0.6,0.0,0.0,0.0,0.0,250.0,941.7,0.0,0.0,95.371,4.579,99.949,26.222,1.678,98.271,emon,0.831,0.864,52.1,24.1,2.162
2026-09-23 14:02:52.549,7.5,0,31,31;6;31;2;18;3;2;0;17;2;0;0;6;0;2;0,914,3304,2326;2568;3304;2670;1382;1213;996;914;1335;1130;979;1116;1038;983;1163;1114,4.4,0.0,935.9,0,0,0,0,0,0.0,0,0,0,0,0,0,0,0,0.0,0,0,0,0,0,95.4,0.0,7490.2,0,0,0,36.1,5.45,0.15,3.39,23.08,22.4,63.4,98.44089672382061,15.936597560002253,25.289381291316104,28.693433262751654,0.13674203897289072,1114.3846153846155,0.0,0.0,0.0,0.0,50.92721981612536,0.6,0.0,0.0,0.0,0.0,250.0,930.1,0.0,0.0,95.371,4.579,99.949,26.222,1.678,98.271,emon,0.831,0.864,52.1,24.1,2.162
2026-09-23 14:02:53.549,7.8,0,30,15;8;30;6;15;0;2;0;19;2;0;0;25;0;2;2,998,3354,2320;2805;3354;2751;1451;1396;1210;1363;1458;1313;1281;1094;1629;998;1015;1268,4.8,0.0,927.4,0,0,0,0,0,0.0,0,0,0,0,0,0,0,0,0.0,0,0,0,0,0,100.0,0.0,7490.2,0,0,0,37.1,5.45,0.15,3.39,23.08,22.4,63.4,98.41168904304504,15.733085006475449,24.93908816576004,28.304629266262054,0.12283168033764014,1129.46875,0.0,0.0,0.0,0.0,50.16116771288216,0.6,0.0,0.0,0.0,0.0,450.0,927.4,0.0,0.0,95.371,4.579,99.949,26.222,1.678,98.271,emon,0.831,0.864,52.1,24.1,2.162
2026-09-23 14:02:54.550,7.6,0,33,20;15;33;0;24;2;0;0;22;0;0;0;6;0;0;0,804,3062,2212;2083;3062;2690;1428;1201;1370;1660;1331;1344;1876;2778;996;971;926;804,4.8,0.0,927.4,0,0,0,0,0,0.0,0,0,0,0,0,0,0,0,0.0,0,0,0,0,0,96.8,0.0,7490.2,0,0,0,35.1,4.75,0.08,3.34,22.41,22.4,63.4,98.59142885710064,14.627199344336987,24.445747563713475,26.806995049903268,0.299888472178473,1112.8157894736842,0.0,0.0,0.0,0.0,52.891469288421305,0.6,0.0,0.0,0.0,0.0,450.0,927.4,0.0,0.0,95.371,4.579,99.949,26.222,1.678,98.271,emon,0.831,0.864,52.1,24.1,2.162
2026-09-23 14:02:55.551,5.8,0,29,18;2;29;2;20;3;0;0;17;0;0;0;3;0;0;0,995,3135,2040;2389;3135;2914;1365;1236;1332;1233;1461;1263;1185;1194;1113;1134;1141;995,4.7,0.0,927.4,0,0,0,0,0,0.0,0,0,0,0,0,0,0,0,0.0,0,0,0,0,0,33.9,0.0,7490.2,0,0,0,34.1,4.75,0.08,3.34,22.41,22.4,63.4,98.26656472682953,12.845826625823975,26.752477765083313,28.967731833457947,0.4328391757071586,1199.0,0.0,0.0,0.0,0.0,50.17146337474696,0.7,0.0,0.0,0.0,0.0,450.0,927.4,0.0,0.0,95.371,4.579,99.949,26.222,1.678,98.271,emon,0.831,0.864,52.1,24.1,2.162
2026-09-23 14:02:56.551,6.7,0,28,23;8;28;6;17;5;2;0;11;2;0;0;8;0;0;0,937,3041,2151;2756;3041;2585;1420;1102;1055;1208;1277;1508;1215;1266;1252;1093;1045;937,5.0,0.0,927.4,0,0,0,0,0,0.0,0,0,0,0,0,0,0,0,0.0,0,0,0,0,0,0.0,0.0,7490.2,0,0,0,34.1,4.75,0.08,3.34,22.41,22.4,63.4,99.21692078372082,8.69743314322578,23.57340105398592,23.195526937763375,0.7048647921074446,1164.3614457831325,0.0,0.0,0.0,0.0,58.91552765802088,0.7,0.0,0.0,0.0,0.0,450.0,927.4,0.0,0.0,97.609,1.217,98.826,23.513,1.505,97.321,emon,0.842,0.785,53.2,25.7,2.069
2026-09-23 14:02:57.551,10.8,2,31,28;11;30;9;12;5;3;3;20;3;3;3;31;5;3;2,1557,3660,3061;3648;3660;3504;1559;2492;2946;2924;1828;2669;2536;3074;1834;1557;1577;2008,4.6,0.0,928.4,0,0,0,0,0,0.0,0,0,0,0,0,0,0,0,0.0,0,0,0,0,0,0.0,0.0,7490.2,0,0,0,40.1,4.75,0.08,3.34,22.41,22.4,63.4,99.09434069824219,10.370336157992481,24.478474046707152,24.946560928821565,0.7036925543043763,1145.0,0.0,0.0,0.0,0.0,58.01677148556709,0.7,0.0,0.0,0.0,0.0,450.0,928.4,0.0,0.0,97.609,1.217,98.826,23.513,1.505,97.321,emon,0.842,0.785,53.2,25.7,2.069
2026-09-23 14:02:58.552,6.6,0,27,20;8;27;5;14;5;2;0;16;2;0;0;9;0;0;0,1088,3438,2163;2901;3438;2879;1355;1264;1716;1260;1282;2411;1414;1394;1227;1191;1145;1088,4.4,0.0,927.4,0,0,0,0,0,0.0,0,0,0,0,0,0,0,0,0.0,0,0,0,0,0,0.0,0.0,7490.2,0,0,0,36.1,4.84,0.08,1.08,11.49,22.4,63.4,99.16939376382267,9.734699879649698,22.71849551183336,22.607879629577784,0.5546338235290023,1190.9117647058824,0.0,0.0,0.0,0.0,59.23790783643284,0.7,0.0,0.0,0.0,0.0,450.0,927.4,0.0,0.0,97.609,1.217,98.826,23.513,1.505,97.321,emon,0.842,0.785,53.2,25.7,2.069
2026-09-23 14:02:59.552,7.8,0,42,18;8;42;9;12;2;2;3;12;6;2;0;5;3;0;0,1588,4274,3196;3586;4020;4274;1588;2524;2835;2861;1709;2977;3154;2172;1962;2627;2366;1936,4.1,0.0,927.4,0,0,0,0,0,0.0,0,0,0,0,0,0,0,0,0.0,0,0,0,0,0,0.0,0.0,7490.2,0,0,0,44.1,4.84,0.08,1.08,11.49,22.4,63.4,98.5076372077666,12.065049986523318,26.561160604637788,28.01006396994533,0.6607558551070516,1193.578313253012,0.0,0.0,0.0,0.0,54.48398908110986,0.7,0.0,0.0,0.0,0.0,450.0,927.4,0.0,0.0,97.609,1.217,98.826,23.513,1.505,97.321,emon,0.842,0.785,53.2,25.7,2.069
2026-09-23 14:03:00.553,10.8,2,39,23;16;39;8;22;5;3;3;22;5;3;3;12;2;3;5,1533,3851,2786;3267;3479;3851;1639;2778;3329;3144;1533;2866;3207;3360;1558;2434;2692;2695,4.0,0.0,927.4,0,0,0,0,0,0.0,0,0,0,0,0,0,0,0,0.0,0,0,0,0,0,98.8,0.0,7490.2,0,0,0,41.1,4.84,0.08,1.08,11.49,22.4,63.4,99.14634369466907,12.049966217880355,23.01661238269271,23.773760123230588,0.49060650567973474,1087.785046728972,0.0,0.0,0.0,0.0,56.43319038371338,0.7,0.0,0.0,0.0,0.0,300.0,927.4,0.0,0.0,97.609,1.217,98.826,23.513,1.505,97.321,emon,0.842,0.785,53.2,25.7,2.069
2026-09-23 14:03:01.553,8.7,0,31,28;10;31;8;22;3;0;0;27;0;0;0;8;3;0;0,1035,2843,1991;2009;2843;2189;1278;1125;1186;1210;1374;1324;1199;1200;1035;1107;1119;1171,4.0,0.0,927.4,0,0,0,0,0,0.0,0,0,0,0,0,0,0,0,0.0,0,0,0,0,0,98.8,0.0,7490.2,0,0,0,43.1,4.84,0.08,1.08,11.49,22.4,63.4,98.25362777709961,15.348402857780457,25.227980196475983,28.400779247283936,0.17052593996777432,1166.96875,0.0,0.0,0.0,0.0,50.17337275505997,0.7,0.0,0.0,0.0,0.0,450.0,927.4,0.0,0.0,97.609,1.217,98.826,23.513,1.505,97.321,emon,0.842,0.785,53.2,25.7,2.069
2026-09-23 14:03:02.554,21.2,12,48,39;27;48;16;30;15;12;18;31;14;14;14;15;15;14;15,1927,4104,3630;4000;3975;4104;2506;3131;3359;3396;2537;3181;3381;3383;1927;2278;2207;2198,3.7,0.0,927.4,0,0,0,0,0,0.0,0,0,0,0,0,0,0,0,0.0,0,0,0,0,0,98.6,0.0,7490.2,0,0,0,48.1,4.84,0.08,1.08,11.49,22.4,63.4,98.69771541248669,15.084295576268977,25.207618135394473,28.27943536007043,0.11832737977789348,1112.6363636363637,0.0,0.0,0.0,0.0,50.13493248459065,0.7,0.0,0.0,0.0,0.0,250.0,927.4,0.0,0.0,97.609,1.217,98.826,23.513,1.505,97.321,emon,0.842,0.785,53.2,25.7,2.069
2026-09-23 14:03:03.554,6.5,0,37,16;5;37;3;16;6;0;0;19;3;0;0;0;0;0;0,880,3398,2334;2594;3398;2826;1290;1336;1796;1876;1336;1233;2282;2022;997;940;880;893,4.4,0.0,927.4,0,0,0,0,0,0.0,0,0,0,0,0,0,0,0,0.0,0,0,0,0,0,55.3,0.0,7490.2,0,0,0,39.1,4.84,0.08,1.08,11.49,22.4,63.4,98.32852197462513,15.717228827937957,25.02643326790102,28.422635909049742,0.1339858256659711,1150.6129032258063,0.0,0.0,0.0,0.0,50.16686581003089,0.6,0.0,0.0,0.0,0.0,250.0,927.4,0.0,0.0,97.609,1.217,98.826,23.513,1.505,97.321,emon,0.842,0.785,53.2,25.7,2.069
2026-09-23 14:03:04.554,9.1,0,36,20;9;36;5;20;0;0;0;17;3;0;0;34;0;0;0,1056,3548,2583;2887;3548;3058;1570;1450;1161;1206;1504;1338;1156;1211;1684;1208;1115;1056,4.4,0.0,927.4,0,0,0,0,0,0.0,0,0,0,0,0,0,0,0,0.0,0,0,0,0,0,86.7,0.0,7490.2,0,0,0,38.1,4.84,0.08,1.08,11.49,22.4,63.4,98.56426771860274,15.871512791467092,25.315977490137495,28.614547668941437,0.10623555802389063,1132.3333333333333,0.0,0.0,0.0,0.0,50.94108525415262,0.7,0.0,0.0,0.0,0.0,250.0,927.4,0.0,0.0,97.609,1.217,98.826,23.513,1.505,97.321,emon,0.842,0.785,53.2,25.7,2.069
2026-09-23 14:03:05.577,8.5,0,32,22;14;32;9;22;8;3;0;20;2;0;0;6;0;0;0,778,3253,2158;2574;3253;2479;1495;1169;1022;900;1375;1165;1195;1220;974;993;844;778,4.7,0.0,927.4,0,0,0,0,0,0.0,0,0,0,0,0,0,0,0,0.0,0,0,0,0,0,98.7,0.0,7490.2,0,0,0,38.1,4.84,0.08,1.08,11.49,22.5,63.4,99.30650323336242,11.505803180354663,23.0883111670369,24.45777699400167,0.8861594986166713,1067.8524590163934,0.0,0.0,0.0,0.0,57.769071973921335,0.7,0.0,0.0,0.0,0.0,250.0,927.4,0.0,0.0,97.609,1.217,98.826,23.513,1.505,97.321,emon,0.842,0.785,53.2,25.7,2.069
2026-09-23 14:03:06.578,5.9,0,28,17;9;28;2;14;2;0;0;16;3;0;0;5;0;0;0,1023,3220,2170;2245;3220;2646;1308;1235;1169;1220;1322;1551;1159;1173;1073;1023;1061;1161,5.2,0.0,927.4,0,0,0,0,0,0.0,0,0,0,0,0,0,0,0,0.0,0,0,0,0,0,96.2,0.0,7490.2,0,0,0,36.1,0.0,0.0,0.0,0.0,22.4,63.4,99.22940286489633,11.857566197832616,23.517937507079196,24.74375521116532,0.7984954669648477,950.1538461538462,0.0,0.0,0.0,0.0,57.36196372726789,0.6,0.0,0.0,0.0,0.0,250.0,927.4,0.0,0.0,97.609,1.217,98.826,23.513,1.505,97.321,emon,0.842,0.785,53.2,25.7,2.069
2026-09-23 14:03:07.578,7.2,0,37,22;8;37;6;20;3;0;0;9;2;0;0;6;0;0;3,881,3126,2197;2447;3126;2440;1309;1162;1155;1244;1382;1551;1168;1158;985;1020;881;943,4.8,0.0,928.4,0,0,0,0,0,0.0,0,0,0,0,0,0,0,0,0.0,0,0,0,0,0,95.9,0.0,7490.2,0,0,0,36.1,0.0,0.0,0.0,0.0,22.4,63.4,99.04867800757998,12.900597698418867,23.605850006285166,25.09713746082215,0.5993593699060424,1032.3333333333333,0.0,0.0,0.0,0.0,55.61397566823732,0.7,0.0,0.0,0.0,0.0,250.0,927.4,0.0,0.0,97.609,1.217,98.826,23.513,1.505,97.321,emon,0.842,0.785,53.2,25.7,2.069
2026-09-23 14:03:08.579,7.1,0,40,14;16;40;2;11;5;0;2;8;5;2;0;8;3;0;0,847,3209,2455;2438;3209;3063;1409;1357;929;967;1403;1155;988;1123;975;968;986;847,3.7,0.0,927.5,0,0,0,0,0,0.0,0,0,0,0,0,0,0,0,0.0,0,0,0,0,0,95.9,0.0,7490.2,0,0,0,36.1,0.0,0.0,0.0,0.0,22.4,63.4,98.5810932780421,13.718117111687397,23.995569667150807,26.275225050920664,0.4442105817738487,1123.4186046511627,0.0,0.0,0.0,0.0,53.76964665776075,0.7,0.0,0.0,0.0,0.0,250.0,928.5,0.0,0.0,97.887,1.277,99.164,22.135,1.417,97.747,emon,0.84,0.674,54.8,25.7,2.13
2026-09-23 14:03:09.579,7.1,0,31,8;18;31;5;3;17;2;2;0;20;3;0;0;5;0;0,855,3312,2431;2492;3312;2744;1259;1306;1419;1376;1206;1355;1191;1586;876;1002;913;855,4.0,0.0,928.6,0,0,0,0,0,0.0,0,0,0,0,0,0,0,0,0.0,0,0,0,0,0,96.2,0.0,7490.2,0,0,0,37.1,4.62,0.08,3.37,22.47,22.4,63.4,98.43083589993991,16.154791435828574,25.092036790114182,28.438658670278695,0.19751687169863055,1122.8461538461538,0.0,0.0,0.0,0.0,50.926088529366716,0.6,0.0,0.0,0.0,0.0,250.0,927.5,0.0,0.0,97.887,1.277,99.164,22.135,1.417,97.747,emon,0.84,0.674,54.8,25.7,2.13
2026-09-23 14:03:10.580,5.8,0,26,6;21;26;5;0;11;0;0;0;17;0;0;0;6;0;0,662,3383,2612;2371;3383;2995;1305;1602;1532;1012;1187;1352;1234;1164;792;944;1049;662,3.7,0.0,927.5,0,0,0,0,0,0.0,0,0,0,0,0,0,0,0,0.0,0,0,0,0,0,95.0,0.0,7490.2,0,0,0,38.1,4.62,0.08,3.37,22.47,22.4,63.4,98.8671393761268,13.227649306325794,22.89638653954307,24.519181258730836,0.3469367621909151,1092.956043956044,0.0,0.0,0.0,0.0,54.15538815089634,0.7,0.0,0.0,0.0,0.0,300.0,927.5,0.0,0.0,97.887,1.277,99.164,22.135,1.417,97.747,emon,0.84,0.674,54.8,25.7,2.13
2026-09-23 14:03:11.580,6.0,0,30,0;22;30;2;0;17;2;0;0;16;0;0;0;8;0;0,893,3209,2254;2190;3209;3030;1309;1500;1470;957;1154;1348;1786;1900;906;1033;910;893,3.7,0.0,927.5,0,0,0,0,0,0.0,0,0,0,0,0,0,0,0,0.0,0,0,0,0,0,95.0,0.0,7490.2,0,0,0,34.1,4.62,0.08,3.37,22.47,22.4,63.4,98.4400582747026,15.484413956150863,24.87987674366344,28.311735673384234,0.22324060711120677,1104.3030303030303,0.0,0.0,0.0,0.0,50.16114805413015,0.6,0.0,0.0,0.0,0.0,250.0,927.5,0.0,0.0,97.887,1.277,99.164,22.135,1.417,97.747,emon,0.84,0.674,54.8,25.7,2.13
2026-09-23 14:03:12.581,6.8,0,29,0;26;29;8;0;14;2;0;0;20;0;0;0;8;0;2,957,3064,2586;2406;3064;2587;1262;1366;1377;1228;1208;1426;1284;1201;1129;1011;979;957,3.7,0.0,927.5,0,0,0,0,0,0.0,0,0,0,0,0,0,0,0,0.0,0,0,0,0,0,95.2,0.0,7490.2,0,0,0,35.1,4.62,0.08,3.37,22.47,22.4,63.4,98.49348278899691,14.983158958491995,24.482812454451377,27.60397595078198,0.21106432742133402,1123.6268656716418,0.0,0.0,0.0,0.0,49.46452132801512,0.6,0.0,0.0,0.0,0.0,250.0,927.5,0.0,0.0,97.887,1.277,99.164,22.135,1.417,97.747,emon,0.84,0.674,54.8,25.7,2.13
2026-09-23 14:03:13.581,6.4,0,33,8;23;33;2;0;15;0;2;0;12;0;0;3;5;0;0,841,3289,2804;2309;3289;2930;1149;1485;1571;1186;1123;1266;1135;1115;841;1028;1017;985,4.6,0.0,927.5,0,0,0,0,0,0.0,0,0,0,0,0,0,0,0,0.0,0,0,0,0,0,95.9,0.0,7490.2,0,0,0,35.1,4.7,0.08,3.37,22.42,22.4,63.4,98.37665311751827,15.682800231441375,24.937157046410345,28.337331218104207,0.18037228474784042,1147.3870967741937,0.0,0.0,0.0,0.0,50.161484689241455,0.7,0.0,0.0,0.0,0.0,250.0,927.5,0.0,0.0,97.887,1.277,99.164,22.135,1.417,97.747,emon,0.84,0.674,54.8,25.7,2.13
2026-09-23 14:03:14.581,9.9,2,34,9;28;34;11;3;17;8;3;2;18;2;6;2;12;3;2,732,3390,3055;2653;3378;3390;3270;1796;2392;3051;3240;1751;2171;3159;732;1028;855;839,4.2,0.0,927.5,0,0,0,0,0,0.0,0,0,0,0,0,0,0,0,0.0,0,0,0,0,0,85.6,0.0,7490.2,0,0,0,35.1,4.7,0.08,3.37,22.42,22.4,63.4,99.18604576296923,12.101439575944854,24.139985172729183,25.44677658694062,0.4802379303110661,1011.1951219512196,0.0,0.0,0.0,0.0,57.32200363235987,0.6,0.0,0.0,0.0,0.0,450.0,927.5,0.0,0.0,97.887,1.277,99.164,22.135,1.417,97.747,emon,0.84,0.674,54.8,25.7,2.13
2026-09-23 14:03:15.582,6.8,0,38,8;22;38;5;0;14;2;0;0;14;2;0;0;6;0;0,654,3462,2816;2511;3462;2901;1197;1427;1065;988;950;1361;1139;1072;654;967;756;895,4.5,0.0,927.5,0,0,0,0,0,0.0,0,0,0,0,0,0,0,0,0.0,0,0,0,0,0,95.5,0.0,7490.2,0,0,0,36.1,4.7,0.08,3.37,22.42,22.4,63.4,99.06174069698726,12.429906370483826,23.536285195395212,25.24726127798312,0.6532172095724142,1046.6635514018692,0.0,0.0,0.0,0.0,55.48503575954482,0.6,0.0,0.0,0.0,0.0,250.0,927.5,0.0,0.0,97.887,1.277,99.164,22.135,1.417,97.747,emon,0.84,0.674,54.8,25.7,2.13
2026-09-23 14:03:16.582,6.0,0,31,8;24;31;2;0;8;3;0;0;16;0;0;0;5;0;0,770,3371,2727;2494;3371;2740;1756;1253;1390;1524;1483;1278;1840;1048;770;1010;911;937,4.5,0.0,927.5,0,0,0,0,0,0.0,0,0,0,0,0,0,0,0,0.0,0,0,0,0,0,97.7,0.0,7490.2,0,0,0,36.1,4.7,0.08,3.37,22.42,22.4,63.4,98.93647037463242,13.432331211278948,24.073241062378614,25.83308988072899,0.5917230700011877,1023.7191011235955,0.0,0.0,0.0,0.0,54.22375980823227,0.6,0.0,0.0,0.0,0.0,250.0,927.5,0.0,0.0,97.887,1.277,99.164,22.135,1.417,97.747,emon,0.84,0.674,54.8,25.7,2.13
2026-09-23 14:03:17.583,7.4,0,34,8;31;34;8;0;12;0;0;0;14;2;0;0;9;0;0,932,3558,2570;2591;3558;2906;1368;1357;1350;1353;1012;1563;1729;1059;935;965;932;938,5.4,0.0,940.0,0,0,0,0,0,0.0,0,0,0,0,0,0,0,0,0.0,0,0,0,0,0,94.1,0.0,7490.2,0,0,0,37.1,5.26,0.08,3.35,22.92,22.4,63.4,98.77233840758542,14.158207443464233,24.111357355692302,26.558347288384496,0.3123802426439452,1008.6385542168674,0.0,0.0,0.0,0.0,53.239283355424206,0.6,0.0,0.0,0.0,0.0,250.0,927.5,0.0,0.0,97.887,1.277,99.164,22.135,1.417,97.747,emon,0.84,0.674,54.8,25.7,2.13
2026-09-23 14:03:18.583,7.3,0,29,6;29;28;8;0;12;6;0;0;17;0;0;0;5;3;2,896,3447,2485;2413;3447;3080;1036;1301;1202;1174;1123;1293;1269;1238;896;982;1007;1001,4.0,0.0,939.9,0,0,0,0,0,0.0,0,0,0,0,0,0,0,0,0.0,0,0,0,0,0,100.0,0.0,7490.2,0,0,0,37.1,5.26,0.08,3.35,22.92,22.4,63.4,98.55881898794601,15.537754919991565,24.96295849244986,28.180162059727,0.19137361935107905,1099.0,0.0,0.0,0.0,0.0,50.928506841188046,0.7,0.0,0.0,0.0,0.0,250.0,939.9,0.0,0.0,97.887,1.277,99.164,22.135,1.417,97.747,emon,0.84,0.674,54.8,25.7,2.13
2026-09-23 14:03:19.584,6.8,0,31,5;28;31;2;0;17;2;2;0;17;0;0;0;6;0;0,689,3410,2684;2499;3410;2865;1282;1290;1249;1204;1296;1270;1254;1275;689;1037;1050;973,4.1,0.0,935.9,0,0,0,0,0,0.0,0,0,0,0,0,0,0,0,0.0,0,0,0,0,0,96.8,0.0,7490.2,0,0,0,38.1,5.26,0.08,3.35,22.92,22.4,63.4,98.52404957432901,15.854422938439154,24.771641269806892,28.1846794620637,0.12425528121445584,1132.8709677419354,0.0,0.0,0.0,0.0,50.14995672553778,0.6,0.0,0.0,0.0,0.0,250.0,939.9,0.0,0.0,97.887,1.277,99.164,22.135,1.417,97.747,emon,0.84,0.674,54.8,25.7,2.13
2026-09-23 14:03:20.584,5.8,0,28,3;24;28;5;0;14;0;0;0;14;0;2;0;3;0;0,916,3354,2828;2632;3354;2791;1194;1450;1385;1292;1201;1283;1306;1646;1102;991;938;916,3.8,0.0,935.9,0,0,0,0,0,0.0,0,0,0,0,0,0,0,0,0.0,0,0,0,0,0,95.7,0.0,7490.2,0,0,0,38.1,5.26,0.08,3.35,22.92,22.4,63.4,98.37626612186432,15.790422171354294,24.871581256389618,28.300567150115967,0.11532329648707673,1129.46875,0.0,0.0,0.0,0.0,50.159395622089505,0.7,0.0,0.0,0.0,0.0,300.0,935.9,0.0,0.0,97.887,1.277,99.164,22.135,1.417,97.747,emon,0.84,0.674,54.8,25.7,2.13
2026-09-23 14:03:21.585,7.6,0,37,3;31;37;2;0;24;2;0;0;22;2;0;0;0;0;0,798,3045,2370;2350;3045;2675;1917;1443;1916;1740;1469;1409;1245;1422;900;1003;824;798,3.8,0.0,935.9,0,0,0,0,0,0.0,0,0,0,0,0,0,0,0,0.0,0,0,0,0,0,95.9,0.0,7490.2,0,0,0,39.1,4.73,0.08,3.39,22.43,22.4,63.4,98.38212192058563,15.800315499305725,24.78290605545044,28.189518868923187,0.19854786879659514,1118.53125,0.0,0.0,0.0,0.0,50.16286155558191,0.7,0.0,0.0,0.0,0.0,250.0,935.9,0.0,0.0,97.111,1.135,98.245,17.981,1.151,97.094,emon,0.843,0.671,54.2,25.3,2.144
2026-09-23 14:03:22.588,5.8,0,22,5;20;22;8;0;17;0;0;0;17;2;0;0;2;0;0,898,2788,2279;2026;2654;2721;1443;1489;1619;1799;1665;1339;1379;2788;936;1001;1002;898,3.8,0.0,935.9,0,0,0,0,0,0.0,0,0,0,0,0,0,0,0,0.0,0,0,0,0,0,95.9,0.0,7490.2,0,0,0,35.1,4.73,0.08,3.39,22.43,22.5,63.4,98.24937081336975,15.673391863703728,24.712449431419373,28.142513036727905,0.2561260243110155,1114.625,0.0,0.0,0.0,0.0,50.17877453006804,0.6,0.0,0.0,0.0,0.0,450.0,935.9,0.0,0.0,97.111,1.135,98.245,17.981,1.151,97.094,emon,0.843,0.671,54.2,25.3,2.144
2026-09-23 14:03:23.588,6.6,0,35,8;20;35;6;0;14;0;0;0;16;0;0;0;8;0;0,932,3048,2262;2065;3048;2684;1288;1379;1287;1281;1140;1503;1267;1513;932;980;975;1002,4.1,0.0,927.4,0,0,0,0,0,0.0,0,0,0,0,0,0,0,0,0.0,0,0,0,0,0,93.7,0.0,7490.2,0,0,0,35.1,4.73,0.08,3.39,22.43,22.4,63.4,98.2705484810522,11.696185230230123,23.61769813198154,25.154777217593235,0.7989667280260434,1068.0677966101696,0.0,0.0,0.0,0.0,55.22649629442495,0.6,0.0,0.0,0.0,0.0,250.0,928.5,0.0,0.0,97.111,1.135,98.245,17.981,1.151,97.094,emon,0.843,0.671,54.2,25.3,2.144
2026-09-23 14:03:24.589,8.1,0,39,11;20;39;6;0;19;3;0;0;17;2;0;0;12;0;0,930,3410,2568;2460;3410;2899;1550;1518;1259;1700;1305;1349;1264;1456;932;979;982;930,4.6,0.0,927.4,0,0,0,0,0,0.0,0,0,0,0,0,0,0,0,0.0,0,0,0,0,0,98.2,0.0,7490.2,0,0,0,35.1,4.73,0.08,3.39,22.43,22.4,63.4,99.16041893087407,13.854092207807367,24.474270687308362,26.318999721157937,0.3175715170378211,1036.0967741935483,0.0,0.0,0.0,0.0,56.24943811133985,0.6,0.0,0.0,0.0,0.0,250.0,927.4,0.0,0.0,97.111,1.135,98.245,17.981,1.151,97.094,emon,0.843,0.671,54.2,25.3,2.144
2026-09-23 14:03:25.589,6.2,0,36,5;25;36;5;0;11;2;0;0;11;2;0;0;3;0;0,510,3336,2539;2278;3336;2783;1368;1487;1545;1424;1531;1534;1392;2364;510;977;1008;696,4.3,0.0,927.4,0,0,0,0,0,0.0,0,0,0,0,0,0,0,0,0.0,0,0,0,0,0,98.4,0.0,7490.2,0,0,0,36.1,4.45,0.09,3.36,22.19,22.4,63.4,98.83540914250516,13.936943602287906,24.490894942448058,26.478672224899817,0.5009862485699003,1054.7471264367816,0.0,0.0,0.0,0.0,54.29756064079274,0.6,0.0,0.0,0.0,0.0,450.0,927.4,0.0,0.0,97.111,1.135,98.245,17.981,1.151,97.094,emon,0.843,0.671,54.2,25.3,2.144
2026-09-23 14:03:26.590,6.8,0,41,2;18;41;3;0;14;0;0;0;22;0;0;0;9;0;0,960,3417,2565;2532;3417;2989;1630;1492;1425;1156;2568;1535;1267;1246;1092;969;960;1034,4.4,0.0,927.4,0,0,0,0,0,0.0,0,0,0,0,0,0,0,0,0.0,0,0,0,0,0,96.6,0.0,7490.2,0,0,0,36.1,4.45,0.09,3.36,22.19,22.4,63.4,98.70075245392628,14.221646403463987,24.242655118306477,26.707722266515095,0.2269787171458936,1110.5384615384614,0.0,0.0,0.0,0.0,52.8111805286354,0.6,0.0,0.0,0.0,0.0,250.0,927.4,0.0,0.0,97.111,1.135,98.245,17.981,1.151,97.094,emon,0.843,0.671,54.2,25.3,2.144
2026-09-23 14:03:27.590,7.3,0,30,9;25;30;8;0;23;0;0;0;18;0;0;0;3;0;0,618,3250,2480;2477;3250;2747;1216;1331;1247;1215;1179;1397;1245;1665;618;977;876;875,5.3,0.0,940.9,0,0,0,0,0,0.0,0,0,0,0,0,0,0,0,0.0,0,0,0,0,0,97.8,0.0,7490.2,0,0,0,35.1,4.45,0.09,3.36,22.19,22.4,63.4,98.6545023236956,14.687748220988682,24.772990308489117,27.87040181841169,0.2778873780617557,1104.0,0.0,0.0,0.0,0.0,51.628976203926975,0.7,0.0,0.0,0.0,0.0,250.0,939.9,0.0,0.0,97.111,1.135,98.245,17.981,1.151,97.094,emon,0.843,0.671,54.2,25.3,2.144
2026-09-23 14:03:28.590,7.2,0,36,11;16;36;5;0;22;0;0;0;24;2;0;0;0;0;0,763,3436,2590;2471;3436;2808;1137;1555;1494;1319;1217;1595;1677;1304;877;932;885;763,4.6,0.0,939.9,0,0,0,0,0,0.0,0,0,0,0,0,0,0,0,0.0,0,0,0,0,0,97.7,0.0,7490.2,0,0,0,36.1,4.45,0.09,3.36,22.19,22.4,63.4,98.48936772346497,15.933220773935318,24.73628067970276,28.177791357040405,0.1213163278562206,1125.5625,0.0,0.0,0.0,0.0,50.155110682128,0.7,0.0,0.0,0.0,0.0,250.0,939.9,0.0,0.0,97.111,1.135,98.245,17.981,1.151,97.094,emon,0.843,0.671,54.2,25.3,2.144
2026-09-23 14:03:29.591,6.3,0,38,8;20;38;2;0;18;0;0;0;14;0;0;0;2;0;0,610,3512,2943;2654;3512;3278;925;1344;1261;1029;1215;1458;1459;1204;859;985;1055;610,4.0,0.0,935.9,0,0,0,0,0,0.0,0,0,0,0,0,0,0,0,0.0,0,0,0,0,0,96.7,0.0,7490.2,0,0,0,37.1,4.79,0.08,3.33,22.45,22.4,63.4,98.41545799596986,15.91245908879522,25.248018065495277,28.75747156854886,0.13124210328348468,1096.7611940298507,0.0,0.0,0.0,0.0,50.9035498651106,0.7,0.0,0.0,0.0,0.0,250.0,939.9,0.0,0.0,97.111,1.135,98.245,17.981,1.151,97.094,emon,0.843,0.671,54.2,25.3,2.144
2026-09-23 14:03:30.591,11.5,0,38,11;31;38;11;2;19;8;6;2;20;3;5;0;30;0;0,821,3733,3227;2826;3691;3733;3190;1873;2752;3170;3165;1783;2884;3088;821;1440;929;833,4.2,0.0,935.9,0,0,0,0,0,0.0,0,0,0,0,0,0,0,0,0.0,0,0,0,0,0,100.0,0.0,7490.2,0,0,0,36.1,4.79,0.08,3.33,22.45,22.4,63.4,98.55419424808386,15.890781344789447,24.75719706217448,28.2064226323908,0.1043213585763817,1074.0,0.0,0.0,0.0,0.0,50.152091310782865,0.6,0.0,0.0,0.0,0.0,250.0,935.9,0.0,0.0,97.111,1.135,98.245,17.981,1.151,97.094,emon,0.843,0.671,54.2,25.3,2.144
2026-09-23 14:03:31.605,6.6,0,34,6;24;34;3;0;11;3;0;0;21;0;0;0;3;0;0,860,3319,2450;2415;3319;2779;1229;1452;1473;1303;1239;1385;1269;1191;996;1005;952;860,3.6,0.0,935.9,0,0,0,0,0,0.0,0,0,0,0,0,0,0,0,0.0,0,0,0,0,0,95.4,0.0,7490.2,0,0,0,39.1,4.79,0.08,3.33,22.45,22.6,63.4,99.18832284896101,10.975174190797157,22.51886006847757,23.635692489928886,0.7757019319525752,1047.360655737705,0.0,0.0,0.0,0.0,56.09764395599238,0.6,0.0,0.0,0.0,0.0,250.0,938.6,0.0,0.0,97.111,1.135,98.245,17.981,1.151,97.094,emon,0.843,0.671,54.2,25.3,2.144
2026-09-23 14:03:32.605,7.0,0,33,6;22;33;5;0;19;5;0;0;20;2;0;0;2;0;0,995,3043,2364;2361;3043;2495;1101;1434;1658;1399;1155;1462;1571;1140;1083;1018;995;1096,3.9,0.0,935.9,0,0,0,0,0,0.0,0,0,0,0,0,0,0,0,0.0,0,0,0,0,0,94.2,0.0,7490.2,0,0,0,38.1,4.79,0.08,3.33,22.45,22.4,63.4,99.25106747410878,12.597838768281607,23.302949144058868,24.441938915172546,0.38090731610520545,988.0756302521008,0.0,0.0,0.0,0.0,57.56199660258634,0.7,0.0,0.0,0.0,0.0,450.0,938.6,0.0,0.0,97.111,1.135,98.245,17.981,1.151,97.094,emon,0.843,0.671,54.2,25.3,2.144
2026-09-23 14:03:33.606,7.1,0,29,5;22;29;6;0;23;0;0;0;12;0;0;0;16;2;0,909,2937,2586;2536;2937;2566;1122;1369;1324;1911;1123;1352;1359;1137;923;1063;909;924,3.9,0.0,935.9,0,0,0,0,0,0.0,0,0,0,0,0,0,0,0,0.0,0,0,0,0,0,94.2,0.0,7490.2,0,0,0,36.1,5.05,0.07,3.32,22.69,22.4,63.4,99.1400375366211,13.558739468920976,24.494816382726032,26.276395481079817,0.5764100866884595,1009.9375,0.0,0.0,0.0,0.0,55.55516728929555,0.6,0.0,0.0,0.0,0.0,450.0,935.9,0.0,0.0,93.827,4.665,98.492,26.105,1.671,96.821,emon,0.815,0.919,54.7,25.3,2.161
2026-09-23 14:03:34.606,6.5,0,42,2;25;42;3;0;9;0;0;0;12;2;0;0;8;2;0,754,3425,2578;2548;3425;3077;1950;1376;1580;1575;1249;1317;1261;1211;754;995;818;836,4.2,0.0,935.9,0,0,0,0,0,0.0,0,0,0,0,0,0,0,0,0.0,0,0,0,0,0,97.4,0.0,7490.2,0,0,0,37.1,5.05,0.07,3.32,22.69,22.4,63.4,99.06764079249183,14.28571282344502,24.830926673356878,27.139222633006963,0.3204182382229023,998.4186046511628,0.0,0.0,0.0,0.0,54.93621317349201,0.7,0.0,0.0,0.0,0.0,450.0,935.9,0.0,0.0,93.827,4.665,98.492,26.105,1.671,96.821,emon,0.815,0.919,54.7,25.3,2.161
2026-09-23 14:03:35.606,6.2,0,26,9;17;26;5;0;19;2;0;0;17;0;0;0;5;0;0,914,3403,2616;2584;3403;2665;1156;1414;1624;1280;1242;1359;1290;1156;1105;1068;989;914,4.5,0.0,935.9,0,0,0,0,0,0.0,0,0,0,0,0,0,0,0,0.0,0,0,0,0,0,94.5,0.0,7490.2,0,0,0,36.1,5.05,0.07,3.32,22.69,22.4,63.4,98.79078623453776,14.76491710404555,24.624306411743163,27.3726163482666,0.41462403394359476,1024.3333333333333,0.0,0.0,0.0,0.0,52.22220055739085,0.6,0.0,0.0,0.0,0.0,250.0,935.9,0.0,0.0,93.827,4.665,98.492,26.105,1.671,96.821,emon,0.815,0.919,54.7,25.3,2.161
2026-09-23 14:03:36.607,6.8,0,31,11;12;31;6;0;16;3;2;2;16;5;2;0;5;0;0,873,3390,2176;2179;3390;2882;1183;1247;1307;1114;1173;1387;1165;1036;1021;1022;961;873,4.1,0.0,935.9,0,0,0,0,0,0.0,0,0,0,0,0,0,0,0,0.0,0,0,0,0,0,96.1,0.0,7490.2,0,0,0,36.1,5.05,0.07,3.32,22.69,22.4,63.4,98.49135720729828,15.579549938440323,24.9732528924942,28.385954976081848,0.26533911983779035,1123.21875,0.0,0.0,0.0,0.0,50.154774895869195,0.7,0.0,0.0,0.0,0.0,250.0,935.9,0.0,0.0,93.827,4.665,98.492,26.105,1.671,96.821,emon,0.815,0.919,54.7,25.3,2.161
2026-09-23 14:03:37.607,7.0,0,30,6;17;30;6;0;21;0;0;0;20;2;0;0;9;0;0,894,3411,2854;2569;3411;2943;1274;1322;1164;1253;1191;1460;1490;1115;894;1014;1058;956,4.8,0.0,935.9,0,0,0,0,0,0.0,0,0,0,0,0,0,0,0,0.0,0,0,0,0,0,85.7,0.0,7490.2,0,0,0,37.1,4.6,0.07,3.37,22.28,22.4,63.4,98.62594771385193,15.533863931894302,24.85483694076538,28.26759696006775,0.20182043631666602,1076.34375,0.0,0.0,0.0,0.0,50.14590406510979,0.6,0.0,0.0,0.0,0.0,250.0,935.9,0.0,0.0,93.827,4.665,98.492,26.105,1.671,96.821,emon,0.815,0.919,54.7,25.3,2.161
2026-09-23 14:03:38.607,6.6,0,31,11;18;31;3;0;11;3;0;0;14;6;0;0;5;3;0,897,3077,2186;2034;3077;2613;1205;1365;1166;1185;1130;1292;1257;1092;911;1038;961;897,4.4,0.0,935.9,0,0,0,0,0,0.0,0,0,0,0,0,0,0,0,0.0,0,0,0,0,0,95.9,0.0,7490.2,0,0,0,37.1,4.6,0.07,3.37,22.28,22.4,63.4,98.54167750431941,15.729413032531738,25.3338264465332,28.691185877873348,0.22427631081977428,1132.8461538461538,0.0,0.0,0.0,0.0,50.91640480137789,0.7,0.0,0.0,0.0,0.0,250.0,935.9,0.0,0.0,93.827,4.665,98.492,26.105,1.671,96.821,emon,0.815,0.919,54.7,25.3,2.161
2026-09-23 14:03:39.608,6.1,0,35,22;5;35;0;2;0;12;2;0;0;16;0;0;0;5;0,699,3323,2635;2819;3323;2490;1787;1446;1368;1671;1267;1261;1386;1488;923;699;926;1025,4.4,0.0,927.4,0,0,0,0,0,0.0,0,0,0,0,0,0,0,0,0.0,0,0,0,0,0,96.0,0.0,7490.2,0,0,0,38.1,4.6,0.07,3.37,22.28,22.4,63.4,98.60646307468414,15.824934333562851,24.77962601184845,28.29208654165268,0.19037628281785146,1064.625,0.0,0.0,0.0,0.0,50.150145249441266,0.6,0.0,0.0,0.0,0.0,450.0,927.4,0.0,0.0,93.827,4.665,98.492,26.105,1.671,96.821,emon,0.815,0.919,54.7,25.3,2.161
2026-09-23 14:03:40.620,6.0,0,28,12;11;28;5;2;0;14;6;0;0;15;0;2;2;2;0,934,3480,2602;2663;3480;2745;1322;1308;1318;1361;1364;1987;1265;1185;960;934;1001;1000,3.9,0.0,927.4,0,0,0,0,0,0.0,0,0,0,0,0,0,0,0,0.0,0,0,0,0,0,95.8,0.0,7490.2,0,0,0,39.1,4.6,0.07,3.37,22.28,22.6,63.4,99.2357573621855,11.107490502429878,22.558902167898463,23.265099375501393,0.5492607863389843,1013.1732283464567,0.0,0.0,0.0,0.0,57.0822397777884,0.7,0.0,0.0,0.0,0.0,450.0,927.4,0.0,0.0,93.827,4.665,98.492,26.105,1.671,96.821,emon,0.815,0.919,54.7,25.3,2.161
2026-09-23 14:03:41.621,7.0,0,33,25;5;33;6;2;0;19;2;0;0;11;0;2;0;8;0,907,3340,2331;2600;3340;2641;1563;1226;1334;1242;1245;1255;1301;1330;925;913;1001;907,3.9,0.0,927.4,0,0,0,0,0,0.0,0,0,0,0,0,0,0,0,0.0,0,0,0,0,0,94.9,0.0,7490.2,0,0,0,36.1,4.9,0.08,3.37,22.58,22.4,63.4,98.90556187532385,12.861123162036648,23.366526642624212,24.85833568475684,0.47761121694395337,1086.7551020408164,0.0,0.0,0.0,0.0,54.455207476354374,0.6,0.0,0.0,0.0,0.0,450.0,927.4,0.0,0.0,93.827,4.665,98.492,26.105,1.671,96.821,emon,0.815,0.919,54.7,25.3,2.161
2026-09-23 14:03:42.621,5.5,0,26,18;3;26;3;0;0;15;0;0;0;11;2;2;2;5;2,923,3234,2195;2287;3234;2204;1154;1052;1311;1380;1202;1167;1365;1279;1148;923;975;1016,3.6,0.0,927.4,0,0,0,0,0,0.0,0,0,0,0,0,0,0,0,0.0,0,0,0,0,0,96.8,0.0,7490.2,0,0,0,36.1,4.9,0.08,3.37,22.58,22.5,63.4,98.82092276180492,13.977077809502097,24.135456556432388,26.337490268314586,0.24459078247891738,1134.8823529411766,0.0,0.0,0.0,0.0,54.41417491015266,0.6,0.0,0.0,0.0,0.0,250.0,927.4,0.0,0.0,93.827,4.665,98.492,26.105,1.671,96.821,emon,0.815,0.919,54.7,25.3,2.161
2026-09-23 14:03:43.622,9.2,0,36,23;14;36;6;2;0;19;2;0;0;17;0;0;0;28;2,772,3118,2175;3020;3118;2583;1126;1221;1353;1374;1190;1322;1628;1225;1019;772;1367;993,3.6,0.0,927.4,0,0,0,0,0,0.0,0,0,0,0,0,0,0,0,0.0,0,0,0,0,0,96.8,0.0,7490.2,0,0,0,36.1,4.9,0.08,3.37,22.58,22.4,63.4,99.18618795412397,11.644881680641973,20.876602381741236,21.777115987118233,0.21430669757676388,1096.7064220183486,0.0,0.0,0.0,0.0,56.42391457155757,0.7,0.0,0.0,0.0,0.0,450.0,927.4,0.0,0.0,93.827,4.665,98.492,26.105,1.671,96.821,emon,0.815,0.919,54.7,25.3,2.161
2026-09-23 14:03:44.622,5.8,0,28,26;8;28;2;0;0;9;0;0;0;14;0;0;0;6;0,913,3118,2355;2643;3118;2748;913;1109;1315;1357;1499;1017;1337;1414;1007;1068;962;991,3.9,0.0,927.4,0,0,0,0,0,0.0,0,0,0,0,0,0,0,0,0.0,0,0,0,0,0,85.3,0.0,7490.2,0,0,0,36.1,4.9,0.08,3.37,22.58,22.4,63.4,98.50097709978131,15.11933369556783,25.195168051921147,28.191457036515356,0.21064096122232437,1113.0845070422536,0.0,0.0,0.0,0.0,52.32334564059553,0.7,0.0,0.0,0.0,0.0,450.0,927.4,0.0,0.0,97.091,1.129,98.22,18.53,1.186,97.034,emon,0.843,0.653,54.9,25.4,2.163
2026-09-23 14:03:45.623,6.4,0,27,21;3;27;9;0;0;20;0;0;0;12;2;0;0;8;0,647,3281,2257;2461;3281;2599;1811;1617;1462;1498;1393;1204;1471;1503;647;814;1002;1007,4.0,0.0,927.4,0,0,0,0,0,0.0,0,0,0,0,0,0,0,0,0.0,0,0,0,0,0,95.8,0.0,7490.2,0,0,0,37.1,4.57,0.07,3.34,22.32,22.4,63.4,98.4944813654973,16.014823796198918,25.264927321213943,28.727862607515775,0.19036204100837215,1128.2307692307693,0.0,0.0,0.0,0.0,50.920936211943626,0.6,0.0,0.0,0.0,0.0,450.0,927.4,0.0,0.0,97.091,1.129,98.22,18.53,1.186,97.034,emon,0.843,0.653,54.9,25.4,2.163
2026-09-23 14:03:46.624,7.2,0,28,25;3;28;5;0;0;20;6;0;0;14;5;0;0;6;3,881,3282,2262;2446;3282;2438;1041;1121;1324;1205;1173;1205;1282;1420;881;922;970;907,4.5,0.0,927.4,0,0,0,0,0,0.0,0,0,0,0,0,0,0,0,0.0,0,0,0,0,0,98.2,0.0,7490.2,0,0,0,37.1,4.57,0.07,3.34,22.32,22.4,63.4,98.38755416870117,15.625253431258663,24.985339995353453,28.362185447446763,0.19735988361137588,1132.0645161290322,0.0,0.0,0.0,0.0,50.16290407459582,0.6,0.0,0.0,0.0,0.0,450.0,928.4,0.0,0.0,97.091,1.129,98.22,18.53,1.186,97.034,emon,0.843,0.653,54.9,25.4,2.163
2026-09-23 14:03:47.624,7.9,0,43,35;9;43;3;0;0;14;0;0;0;17;0;0;0;5;0,894,3234,2338;2726;3234;2976;1273;1614;1297;1285;1637;1481;1373;1329;1042;894;1040;1019,4.2,0.0,927.4,0,0,0,0,0,0.0,0,0,0,0,0,0,0,0,0.0,0,0,0,0,0,96.0,0.0,7490.2,0,0,0,36.1,4.57,0.07,3.34,22.32,22.4,63.4,98.54660990700793,15.411652550768496,25.279463696835645,28.837438213291453,0.3086261975756193,1108.7014925373135,0.0,0.0,0.0,0.0,50.897898791663685,0.6,0.0,0.0,0.0,0.0,300.0,927.4,0.0,0.0,97.091,1.129,98.22,18.53,1.186,97.034,emon,0.843,0.653,54.9,25.4,2.163
2026-09-23 14:03:48.624,7.9,0,32,32;16;29;6;0;0;12;3;2;0;17;2;0;0;8;0,929,3217,2428;2421;3217;2620;1089;1185;1379;1346;929;1246;1338;1346;964;1158;982;973,4.3,0.0,927.4,0,0,0,0,0,0.0,0,0,0,0,0,0,0,0,0.0,0,0,0,0,0,95.3,0.0,7490.2,0,0,0,36.1,4.52,0.08,3.37,22.23,22.4,63.4,98.54210870916194,15.52774293494947,24.733347228079133,28.227743726788145,0.27215053482425655,1074.7575757575758,0.0,0.0,0.0,0.0,50.154415007116214,0.6,0.0,0.0,0.0,0.0,250.0,927.4,0.0,0.0,97.091,1.129,98.22,18.53,1.186,97.034,emon,0.843,0.653,54.9,25.4,2.163
2026-09-23 14:03:49.625,6.7,0,30,25;8;30;2;0;0;17;6;0;0;16;0;0;0;2;2,984,3144,2293;2642;3144;3138;2209;1205;1257;1284;1185;1172;1262;1217;1101;1094;984;1090,4.0,0.0,927.4,0,0,0,0,0,0.0,0,0,0,0,0,0,0,0,0.0,0,0,0,0,0,95.4,0.0,7490.2,0,0,0,37.1,4.52,0.08,3.37,22.23,22.4,63.4,98.65472843772487,13.618504527368044,23.99468005330939,26.558761245325993,0.4092077969670706,1035.1842105263158,0.0,0.0,0.0,0.0,51.53912991500999,0.6,0.0,0.0,0.0,0.0,250.0,927.4,0.0,0.0,97.091,1.129,98.22,18.53,1.186,97.034,emon,0.843,0.653,54.9,25.4,2.163
2026-09-23 14:03:50.625,6.8,0,33,22;3;33;5;0;0;16;2;0;0;19;2;0;0;8;0,987,3244,2132;2171;3244;2494;1208;1161;1257;1120;1130;1122;1333;1130;994;1089;1016;987,4.2,0.0,927.4,0,0,0,0,0,0.0,0,0,0,0,0,0,0,0,0.0,0,0,0,0,0,94.4,0.0,7490.2,0,0,0,38.1,4.52,0.08,3.37,22.23,22.4,63.4,99.34732809066773,10.655613104323857,21.120759280025958,21.860636527184397,0.4552218355569494,1068.0625,0.0,0.0,0.0,0.0,60.45806244937703,0.7,0.0,0.0,0.0,0.0,450.0,927.4,0.0,0.0,97.091,1.129,98.22,18.53,1.186,97.034,emon,0.843,0.653,54.9,25.4,2.163
2026-09-23 14:03:51.625,8.1,0,33,27;9;33;8;0;0;17;6;0;0;19;5;0;0;6;0,922,3392,2462;2373;3392;2829;1055;1228;1411;1548;1263;1204;1495;1648;958;1054;1027;922,3.8,0.0,927.4,0,0,0,0,0,0.0,0,0,0,0,0,0,0,0,0.0,0,0,0,0,0,97.1,0.0,7490.2,0,0,0,39.1,4.52,0.08,3.37,22.23,22.4,63.4,98.88027821754923,13.248392487895124,23.720034735543386,25.56849879026413,0.34892440417262355,1090.3265306122448,0.0,0.0,0.0,0.0,56.3728274230142,0.6,0.0,0.0,0.0,0.0,450.0,927.4,0.0,0.0,97.091,1.129,98.22,18.53,1.186,97.034,emon,0.843,0.653,54.9,25.4,2.163
2026-09-23 14:03:52.626,7.0,0,33,24;6;33;6;0;0;20;2;0;0;16;3;0;0;2;0,873,3349,2307;2387;3349;2680;1031;1218;1329;1250;1187;1193;1260;1295;873;875;1025;891,4.0,0.0,927.4,0,0,0,0,0,0.0,0,0,0,0,0,0,0,0,0.0,0,0,0,0,0,95.1,0.0,7490.2,0,0,0,35.1,4.51,0.09,3.36,22.28,22.4,63.4,99.16886778438793,10.991460579242009,21.670146081377478,22.00223076989984,0.32807188067176063,1128.7794117647059,0.0,0.0,0.0,0.0,58.53635226168177,0.7,0.0,0.0,0.0,0.0,450.0,927.4,0.0,0.0,97.091,1.129,98.22,18.53,1.186,97.034,emon,0.843,0.653,54.9,25.4,2.163
2026-09-23 14:03:53.626,6.4,0,36,17;5;36;12;0;0;12;3;0;0;14;0;0;0;3;0,1018,3161,2176;2656;3161;2589;1295;1231;1502;1381;1350;1434;1421;1538;1078;1077;1018;1052,3.6,0.0,927.5,0,0,0,0,0,0.0,0,0,0,0,0,0,0,0,0.0,0,0,0,0,0,100.0,0.0,7490.2,0,0,0,35.1,4.51,0.09,3.36,22.28,22.4,63.4,98.99364852905273,12.27452159618502,21.299725469553245,22.64785967556373,0.256836219813745,1066.4528301886792,0.0,0.0,0.0,0.0,56.01919553400773,0.7,0.0,0.0,0.0,0.0,450.0,927.5,0.0,0.0,97.091,1.129,98.22,18.53,1.186,97.034,emon,0.843,0.653,54.9,25.4,2.163
2026-09-23 14:03:54.626,7.1,0,33,31;6;33;0;0;0;18;2;0;0;20;0;0;0;3;0,946,2930,2008;2438;2930;2226;988;1255;1288;1123;1132;1109;1249;1029;1130;946;1050;1132,3.6,0.0,927.5,0,0,0,0,0,0.0,0,0,0,0,0,0,0,0,0.0,0,0,0,0,0,100.0,0.0,7490.2,0,0,0,36.1,4.51,0.09,3.36,22.28,22.4,63.4,98.40630070612981,16.070104305560772,25.119163454495943,28.61576420710637,0.1173914719480448,1131.3076923076924,0.0,0.0,0.0,0.0,50.92909662150419,0.6,0.0,0.0,0.0,0.0,450.0,927.5,0.0,0.0,97.091,1.129,98.22,18.53,1.186,97.034,emon,0.843,0.653,54.9,25.4,2.163
2026-09-23 14:03:55.627,8.6,0,31,20;11;31;6;2;0;22;3;0;0;14;2;0;2;25;2,1060,3268,2559;2889;3268;2837;2089;1140;1601;1690;1283;1177;1645;1356;1065;1060;1792;1099,4.2,0.0,927.5,0,0,0,0,0,0.0,0,0,0,0,0,0,0,0,0.0,0,0,0,0,0,94.9,0.0,7490.2,0,0,0,36.1,4.51,0.09,3.36,22.28,22.4,63.4,98.84648121425084,15.534787579945155,25.454922131129674,28.646350288391112,0.27822745131270493,1086.142857142857,0.0,0.0,0.0,0.0,53.04487630107573,0.7,0.0,0.0,0.0,0.0,450.0,927.5,0.0,0.0,97.091,1.129,98.22,18.53,1.186,97.034,emon,0.843,0.653,54.9,25.4,2.163
2026-09-23 14:03:56.627,6.3,0,28,18;6;28;6;3;0;17;0;0;0;20;2;0;0;0;0,934,3363,2343;2535;3363;2841;934;1223;1365;1190;1192;1178;1388;1442;1067;988;999;1059,5.3,0.0,939.9,0,0,0,0,0,0.0,0,0,0,0,0,0,0,0,0.0,0,0,0,0,0,96.2,0.0,7490.2,0,0,0,36.1,4.5,0.08,3.38,22.27,22.4,63.4,98.28767895698547,15.477213993668556,24.998430907726288,28.56081509590149,0.1378197069043381,1145.875,0.0,0.0,0.0,0.0,50.164731136057526,0.7,0.0,0.0,0.0,0.0,450.0,939.9,0.0,0.0,96.561,1.12,97.681,19.616,1.255,96.426,emon,0.841,0.664,54.7,25.7,2.133
2026-09-23 14:03:57.628,7.1,0,38,27;6;38;0;0;0;17;0;0;0;23;0;0;0;2;0,752,3319,2372;2586;3319;3002;1431;1204;1377;1417;1192;1213;1309;1355;752;945;990;931,4.8,0.0,939.9,0,0,0,0,0,0.0,0,0,0,0,0,0,0,0,0.0,0,0,0,0,0,96.1,0.0,7490.2,0,0,0,36.1,4.5,0.08,3.38,22.27,22.4,63.4,98.06338759202224,15.98989407466008,25.18272945697491,28.8192498427171,0.13926687357642759,1163.6153846153845,0.0,0.0,0.0,0.0,50.92534280006702,0.7,0.0,0.0,0.0,0.0,450.0,935.9,0.0,0.0,96.561,1.12,97.681,19.616,1.255,96.426,emon,0.841,0.664,54.7,25.7,2.133
2026-09-23 14:03:58.629,7.8,0,40,26;6;40;3;0;0;22;2;0;0;16;2;0;0;9;0,864,3075,2225;2404;3075;2685;1055;1201;1427;1384;1248;1257;1496;1407;993;914;971;864,4.7,0.0,935.9,0,0,0,0,0,0.0,0,0,0,0,0,0,0,0,0.0,0,0,0,0,0,96.8,0.0,7490.2,0,0,0,36.1,4.5,0.08,3.38,22.27,22.5,63.4,98.62375753897207,13.658607081498628,23.125677721000013,25.347694759015685,0.2712800374705873,1116.9012345679012,0.0,0.0,0.0,0.0,53.34097707326765,0.7,0.0,0.0,0.0,0.0,250.0,935.9,0.0,0.0,96.561,1.12,97.681,19.616,1.255,96.426,emon,0.841,0.664,54.7,25.7,2.133
2026-09-23 14:03:59.636,13.0,2,45,30;23;45;14;8;5;21;9;3;5;23;3;2;3;12;3,792,3622,3049;3336;3503;3622;2617;3185;1696;2762;3180;2960;1895;2822;827;792;925;832,4.1,0.0,935.9,0,0,0,0,0,0.0,0,0,0,0,0,0,0,0,0.0,0,0,0,0,0,94.3,0.0,7490.2,0,0,0,40.1,4.5,0.08,3.38,22.27,22.6,63.4,99.15308963186372,11.70422317717618,23.759248588143326,25.049070530548327,0.8749718381829249,1058.3495934959349,0.0,0.0,0.0,0.0,57.34254641927839,0.6,0.0,0.0,0.0,0.0,250.0,935.9,0.0,0.0,96.561,1.12,97.681,19.616,1.255,96.426,emon,0.841,0.664,54.7,25.7,2.133
2026-09-23 14:04:00.637,12.3,0,70,33;12;70;11;0;0;18;3;0;0;19;2;5;0;23;0,944,4503,4037;3998;4503;4333;2197;1472;2220;1744;2718;1561;2249;2425;944;989;1362;1233,4.1,0.0,935.9,0,0,0,0,0,0.0,0,0,0,0,0,0,0,0,0.0,0,0,0,0,0,0.0,0.0,7490.2,0,0,0,79.1,6.66,0.08,3.0,22.57,22.5,63.4,99.09734083476819,11.833422305356516,23.10495660597818,23.69620694742914,0.4546332448075542,1123.122807017544,0.0,0.0,0.0,0.0,57.416087133189045,0.7,0.0,0.0,0.0,0.0,450.0,935.9,0.0,0.0,96.561,1.12,97.681,19.616,1.255,96.426,emon,0.841,0.664,54.7,25.7,2.133
2026-09-23 14:04:01.637,14.7,0,91,24;14;91;11;3;0;11;2;2;0;11;5;3;0;53;6,1155,4693,4052;4184;4620;4693;2045;1710;2463;2065;2146;2780;2653;2582;1755;2221;2585;1155,4.2,0.0,927.5,0,0,0,0,0,0.0,0,0,0,0,0,0,0,0,0.0,0,0,0,0,0,0.0,0.0,7490.2,0,0,0,92.1,6.66,0.08,3.0,22.57,22.5,63.4,99.02633360741844,10.444220805724322,22.118408718579254,22.046230027583285,0.42877563191938517,1176.112676056338,0.0,0.0,0.0,0.0,58.20356411056619,0.7,0.0,0.0,0.0,0.0,450.0,927.5,0.0,0.0,96.561,1.12,97.681,19.616,1.255,96.426,emon,0.841,0.664,54.7,25.7,2.133
2026-09-23 14:04:02.638,15.5,2,73,42;23;73;14;8;3;20;8;3;6;14;6;2;2;22;2,1124,4589,4369;4439;4589;4576;3227;3061;2712;2703;3111;3291;2619;2954;1258;1124;1793;1531,4.5,0.0,940.0,0,0,0,0,0,0.0,0,0,0,0,0,0,0,0,0.0,0,0,0,0,0,0.0,0.0,7490.2,0,0,0,94.1,6.66,0.08,3.0,22.57,22.5,63.4,98.94329563651497,10.694322617181877,22.262600986976324,22.55742465956943,0.5678361520555244,1175.3779527559054,0.0,0.0,0.0,0.0,57.90305501938335,0.7,0.0,0.0,0.0,0.0,450.0,940.0,0.0,0.0,96.561,1.12,97.681,19.616,1.255,96.426,emon,0.841,0.664,54.7,25.7,2.133
2026-09-23 14:04:03.638,11.8,0,61,61;36;23;6;0;2;15;9;0;0;16;5;3;2;8;3,1043,4497,4490;4497;4257;3907;1852;1893;2346;2119;1783;1456;2549;2515;1043;1166;1487;1116,3.9,0.0,940.0,0,0,0,0,0,0.0,0,0,0,0,0,0,0,0,0.0,0,0,0,0,0,0.0,0.0,7490.2,0,0,0,94.1,6.66,0.08,3.0,22.57,22.5,63.4,98.95040334504226,11.346852867029094,23.60006482745039,24.075656895750555,0.5454089491422878,1188.655172413793,0.0,0.0,0.0,0.0,57.31461093060929,0.7,0.0,0.0,0.0,0.0,450.0,940.0,0.0,0.0,96.561,1.12,97.681,19.616,1.255,96.426,emon,0.841,0.664,54.7,25.7,2.133
2026-09-23 14:04:04.638,11.5,0,83,30;11;83;12;0;0;17;5;0;0;17;0;0;0;8;0,1097,4637,4161;4262;4582;4637;2262;1726;2380;2133;1452;1286;2352;2353;1174;1143;1335;1097,3.9,0.0,940.0,0,0,0,0,0,0.0,0,0,0,0,0,0,0,0,0.0,0,0,0,0,0,0.0,0.0,7490.2,0,0,0,93.1,22.24,0.09,0.35,26.05,22.5,63.4,98.32531813212803,11.210168096619393,23.80958645897252,24.443159616153157,0.4829101861500281,1177.5714285714287,0.0,0.0,0.0,0.0,56.62306030201061,0.7,0.0,0.0,0.0,0.0,450.0,936.0,0.0,0.0,96.561,1.12,97.681,19.616,1.255,96.426,emon,0.841,0.664,54.7,25.7,2.133
2026-09-23 14:04:05.639,6.8,0,36,20;5;36;16;0;0;15;0;0;0;11;2;0;0;3;2,1069,3895,3221;3019;3786;3895;1292;1214;1363;1257;1345;1069;1584;1178;1184;1192;1269;1175,4.1,0.0,935.8,0,0,0,0,0,0.0,0,0,0,0,0,0,0,0,0.0,0,0,0,0,0,0.0,0.0,7490.2,0,0,0,43.1,22.24,0.09,0.35,26.05,22.5,63.4,98.25069755978055,12.067471725038356,25.66405240694682,27.408298154671986,0.4503782517753684,1174.0,0.0,0.0,0.0,0.0,51.615759966688024,0.7,0.0,0.0,0.0,0.0,450.0,935.8,0.0,0.0,96.561,1.12,97.681,19.616,1.255,96.426,emon,0.841,0.664,54.7,25.7,2.133
2026-09-23 14:04:06.639,6.1,0,34,19;5;34;6;0;0;11;0;0;0;12;0;2;0;6;2,1041,3588,2216;2570;3434;3588;1183;1125;1222;1296;1362;1168;1344;1362;1077;1041;1134;1050,4.5,0.0,935.8,0,0,0,0,0,0.0,0,0,0,0,0,0,0,0,0.0,0,0,0,0,0,0.0,0.0,7490.2,0,0,0,34.1,22.24,0.09,0.35,26.05,22.4,63.4,98.26042778261247,12.450906138266287,26.961490077357137,29.024756031651652,0.518031012347614,1199.0,0.0,0.0,0.0,0.0,50.16805687258321,0.7,0.0,0.0,0.0,0.0,450.0,935.8,0.0,0.0,96.561,1.12,97.681,19.616,1.255,96.426,emon,0.841,0.664,54.7,25.7,2.133
2026-09-23 14:04:07.639,6.8,0,33,22;3;33;9;0;0;15;5;0;0;17;0;0;0;5;0,1059,3582,2331;2252;3582;3267;1073;1159;1308;1373;1254;1219;1599;1240;1059;1109;1267;1363,4.9,0.0,935.8,0,0,0,0,0,0.0,0,0,0,0,0,0,0,0,0.0,0,0,0,0,0,0.0,0.0,7490.2,0,0,0,35.1,22.24,0.09,0.35,26.05,22.4,63.4,98.38941321574467,11.76014504434777,27.060693391611878,28.624845451032613,0.5939430654812178,1190.5492957746478,0.0,0.0,0.0,0.0,50.92533528573916,0.7,0.0,0.0,0.0,0.0,450.0,927.3,0.0,0.0,96.561,1.12,97.681,19.616,1.255,96.426,emon,0.841,0.664,54.7,25.7,2.133
2026-09-23 14:04:08.647,7.6,0,28,20;12;28;15;0;0;12;5;0;0;12;8;0;0;6;3,1075,3370,2284;2420;2922;3370;1192;1182;1334;1289;1365;1159;1197;1214;1075;1136;1098;1133,5.1,0.0,928.2,0,0,0,0,0,0.0,0,0,0,0,0,0,0,0,0.0,0,0,0,0,0,0.0,0.0,7490.2,0,0,0,35.1,7.47,0.09,0.33,10.62,22.6,63.4,98.83217279697821,9.45131077802157,23.75298328612878,24.266604561025535,0.8834165256831046,1185.178861788618,0.0,0.0,0.0,0.0,57.312276622871074,0.7,0.0,0.0,0.0,0.0,450.0,928.2,0.0,0.0,1.217,0.716,1.933,21.072,1.349,0.584,emon,0.86,0.756,27.7,13.5,2.061
2026-09-23 14:04:09.647,5.6,0,27,6;18;27;6;2;0;0;17;2;3;0;6;0;0;0;2,964,3183,2312;2122;3183;2574;1052;1201;1213;1422;1161;964;1096;1243;1123;1126;1154;1154,5.0,0.0,928.2,0,0,0,0,0,0.0,0,0,0,0,0,0,0,0,0.0,0,0,0,0,0,0.0,0.0,7490.2,0,0,0,33.1,7.47,0.09,0.33,10.62,22.4,63.4,98.49113929748535,10.619904494583606,24.596106181144716,25.336947162747382,0.9243149766448187,1199.0,0.0,0.0,0.0,0.0,54.30916102051735,0.7,0.0,0.0,0.0,0.0,450.0,930.9,0.0,0.0,1.217,0.716,1.933,21.072,1.349,0.584,emon,0.86,0.756,27.7,13.5,2.061
2026-09-23 14:04:10.648,8.2,3,32,6;20;32;6;3;5;3;12;3;3;3;12;3;5;5;9,1465,3900,3272;2888;3900;3671;2887;3400;3339;1703;3084;3205;3312;1978;2111;1934;1595;1465,4.6,0.0,928.2,0,0,0,0,0,0.0,0,0,0,0,0,0,0,0,0.0,0,0,0,0,0,30.4,0.0,7490.2,0,0,0,41.1,7.47,0.09,0.33,10.62,22.4,63.4,98.88958053588867,12.543880279403593,24.129859251446195,25.919009164969125,0.6369536010089278,1143.4444444444443,0.0,0.0,0.0,0.0,54.272416149245366,0.7,0.0,0.0,0.0,0.0,450.0,928.2,0.0,0.0,1.217,0.716,1.933,21.072,1.349,0.584,emon,0.86,0.756,27.7,13.5,2.061
2026-09-23 14:04:11.648,6.3,2,30,3;18;30;3;3;3;2;14;2;2;2;12;2;2;2;3,952,3545,2485;2340;3545;2499;1078;1191;1219;1225;1191;1157;1183;1222;1080;1106;1124;952,3.9,0.0,927.2,0,0,0,0,0,0.0,0,0,0,0,0,0,0,0,0.0,0,0,0,0,0,99.6,0.0,7490.2,0,0,0,42.1,7.47,0.09,0.33,10.62,22.4,63.4,98.93494046672006,13.806005444440446,24.44557286514325,26.270741465721237,0.3844734681400685,1109.6741573033707,0.0,0.0,0.0,0.0,55.3577133303278,0.6,0.0,0.0,0.0,0.0,450.0,927.2,0.0,0.0,1.217,0.716,1.933,21.072,1.349,0.584,emon,0.86,0.756,27.7,13.5,2.061
2026-09-23 14:04:12.649,6.5,0,22,8;19;22;8;2;0;0;16;4;2;0;11;0;0;0;14,977,3588,2624;2790;3588;3111;2199;1732;1443;1476;1351;1193;1734;1354;977;1014;1059;1097,3.9,0.0,927.2,0,0,0,0,0,0.0,0,0,0,0,0,0,0,0,0.0,0,0,0,0,0,100.0,0.0,7490.2,0,0,0,43.1,4.4,0.1,7.52,17.07,22.6,63.4,98.36111220102461,15.5566346607511,25.505196949792285,28.74614703466022,0.13208192163137794,1153.7619047619048,0.0,0.0,0.0,0.0,50.958615926286534,0.6,0.0,0.0,0.0,0.0,300.0,927.2,0.0,0.0,1.217,0.716,1.933,21.072,1.349,0.584,emon,0.86,0.756,27.7,13.5,2.061
2026-09-23 14:04:13.649,5.9,0,27,9;14;27;2;0;0;0;20;3;0;0;14;0;0;0;5,796,3270,1958;2159;3270;2327;1342;1234;1288;1452;1088;1318;1797;1291;1088;819;796;1033,3.8,0.0,927.2,0,0,0,0,0,0.0,0,0,0,0,0,0,0,0,0.0,0,0,0,0,0,96.7,0.0,7512.5,0,0,0,45.1,4.4,0.1,7.52,17.07,22.6,63.4,98.24690055847168,14.679444581270218,25.820493400096893,28.757024943828583,0.2262900038422231,1175.5625,0.0,0.0,0.0,0.0,50.1748478920199,0.6,0.0,0.0,0.0,0.0,450.0,927.2,0.0,0.0,1.217,0.716,1.933,21.072,1.349,0.584,emon,0.86,0.756,27.7,13.5,2.061
2026-09-23 14:04:14.650,7.0,0,28,14;24;28;2;0;0;0;17;2;0;0;19;0;0;0;8,916,3233,2908;2181;3233;2494;1426;1585;1393;1552;1369;1365;1298;1349;916;989;1012;1020,4.0,0.0,927.2,0,0,0,0,0,0.0,0,0,0,0,0,0,0,0,0.0,0,0,0,0,0,100.0,0.0,7512.5,0,0,0,42.1,4.4,0.1,7.52,17.07,22.6,63.4,98.08059017900108,14.126689399498096,25.2938502214957,28.27411424940911,0.3410769664392253,1141.7536231884058,0.0,0.0,0.0,0.0,49.43005910796532,0.7,0.0,0.0,0.0,0.0,450.0,927.2,0.0,0.0,1.217,0.716,1.933,21.072,1.349,0.584,emon,0.86,0.756,27.7,13.5,2.061
2026-09-23 14:04:15.650,7.4,0,34,6;24;34;5;2;0;0;17;2;0;0;20;0;0;0;9,845,3697,2670;2693;3697;3058;1356;1757;1166;1431;1533;1722;2501;1547;993;845;894;1025,4.0,0.0,927.2,0,0,0,0,0,0.0,0,0,0,0,0,0,0,0,0.0,0,0,0,0,0,100.0,0.0,7512.5,0,0,0,46.1,4.4,0.1,7.52,17.07,22.7,63.4,98.37736201286316,14.658146262168884,25.56506711244583,28.65437477827072,0.3010694751046685,1145.875,0.0,0.0,0.0,0.0,50.155437231529504,0.7,0.0,0.0,0.0,0.0,450.0,927.2,0.0,0.0,1.217,0.716,1.933,21.072,1.349,0.584,emon,0.86,0.756,27.7,13.5,2.061
2026-09-23 14:04:16.650,5.8,0,30,3;21;30;3;3;0;0;12;3;0;0;14;0;0;0;3,800,3107,2665;2267;3107;2552;1410;1096;1094;1468;1306;1193;1246;1297;875;800;870;989,4.2,0.0,927.2,0,0,0,0,0,0.0,0,0,0,0,0,0,0,0,0.0,0,0,0,0,0,100.0,0.0,7536.2,0,0,0,46.1,4.54,0.08,14.83,25.52,22.7,63.4,98.46278310139974,12.680627931753794,25.025123901367188,26.96618303934733,0.610040331465425,1123.0,0.0,0.0,0.0,0.0,50.88193134248257,0.7,0.0,0.0,0.0,0.0,450.0,927.2,0.0,0.0,1.217,0.716,1.933,21.072,1.349,0.584,emon,0.86,0.756,27.7,13.5,2.061
2026-09-23 14:04:17.651,21.8,10,52,25;40;52;19;17;16;16;32;17;16;14;35;13;10;13;14,1954,4189,4099;3765;3970;4189;3291;3359;3360;2632;3196;3343;3318;2549;1954;2053;2151;2033,4.5,0.0,927.2,0,0,0,0,0,0.0,0,0,0,0,0,0,0,0,0.0,0,0,0,0,0,100.0,0.0,7756.6,0,0,0,40.1,4.54,0.08,14.83,25.52,22.7,63.4,98.91292117504364,13.035559792666042,24.05679103415063,26.15091820489219,0.5838575712299876,1041.0212765957447,0.0,0.0,0.0,0.0,54.53918102613472,0.7,0.0,0.0,0.0,0.0,300.0,927.2,0.0,0.0,1.217,0.716,1.933,21.072,1.349,0.584,emon,0.86,0.756,27.7,13.5,2.061
2026-09-23 14:04:18.652,8.4,0,45,8;28;45;3;0;0;0;27;0;0;0;19;0;0;0;6,992,3558,2695;2488;3558;2852;1361;1209;1187;1550;1268;1241;1183;1432;1093;992;1083;1054,4.6,0.0,927.2,0,0,0,0,0,0.0,0,0,0,0,0,0,0,0,0.0,0,0,0,0,0,95.9,0.0,7536.2,0,0,0,37.1,4.54,0.08,14.83,25.52,22.7,63.4,99.08054824497388,13.252930120200567,23.85524380725363,25.610625581896823,0.38969909019911225,1067.4782608695652,0.0,0.0,0.0,0.0,54.64197764561876,0.6,0.0,0.0,0.0,0.0,450.0,927.2,0.0,0.0,1.217,0.716,1.933,21.072,1.349,0.584,emon,0.86,0.756,27.7,13.5,2.061
2026-09-23 14:04:19.653,10.3,0,42,20;33;42;11;8;0;0;16;3;0;2;22;2;0;0;8,1023,4050,3798;3166;3852;4050;3057;3392;3172;2018;3089;3204;3439;1995;1302;1083;1023;2025,4.7,0.0,927.2,0,0,0,0,0,0.0,0,0,0,0,0,0,0,0,0.0,0,0,0,0,0,96.9,0.0,7536.2,0,0,0,39.1,4.54,0.08,14.83,25.52,20.9,63.4,98.80806816948785,13.46422490105033,23.522653971778023,25.278369127379523,0.3911288634770446,1029.5555555555557,0.0,0.0,0.0,0.0,54.72440616281496,0.7,0.0,0.0,0.0,0.0,450.0,939.8,0.0,0.0,50.483,22.276,72.759,98.449,6.301,66.458,emon,0.811,0.933,57.5,26.6,2.163
2026-09-23 14:04:20.653,35.9,3,88,63;66;88;34;39;12;6;54;33;25;11;45;55;3;3;36,2233,4709,4688;4692;4690;4709;3334;3410;3231;3260;3333;3398;3311;3336;2788;2233;2428;2608,4.4,0.0,939.8,0,0,0,0,0,0.0,0,0,0,0,0,0,0,0,0.0,0,0,0,0,0,0.0,0.0,4568.4,0,0,0,54.1,7.75,0.09,6.14,24.93,13.7,63.4,98.90121627180544,13.860292118706115,25.46218929552052,27.774401971738634,0.21788503681126128,1181.1917808219177,0.0,0.0,0.0,0.0,52.511897239170665,0.6,0.0,0.0,0.0,0.0,450.0,939.8,0.0,0.0,50.483,22.276,72.759,98.449,6.301,66.458,emon,0.811,0.933,57.5,26.6,2.163
2026-09-23 14:04:21.654,17.6,0,83,42;45;83;11;3;0;0;22;9;0;0;17;48;0;0;3,1787,4682,4664;4611;4682;4672;2280;3149;2925;2449;2282;2373;2602;2173;2775;2161;2373;1787,4.5,0.0,935.7,0,0,0,0,0,0.0,0,0,0,0,0,0,0,0,0.0,0,0,0,0,0,0.0,0.0,0.0,0,0,0,62.1,7.75,0.09,6.14,24.93,13.9,63.4,99.1496385657269,11.558209988588224,23.614330200527025,24.182376648420874,0.30437806992659994,1192.4782608695652,0.0,0.0,0.0,0.0,57.81018169483413,0.7,0.0,0.0,0.0,0.0,450.0,935.7,0.0,0.0,50.483,22.276,72.759,98.449,6.301,66.458,emon,0.811,0.933,57.5,26.6,2.163
2026-09-23 14:04:22.654,17.4,0,98,44;58;98;8;3;0;0;23;6;5;2;19;0;0;0;12,979,4729,4714;4690;4725;4729;2659;1687;2185;2816;2733;2935;2894;2797;1341;1080;979;1779,4.2,0.0,935.8,0,0,0,0,0,0.0,0,0,0,0,0,0,0,0,0.0,0,0,0,0,0,0.0,0.0,0.0,0,0,0,69.1,7.75,0.09,6.14,24.93,13.9,63.4,98.97076416015625,11.905940343221996,23.759806872469134,24.420532720806325,0.2768617605129092,1158.7345132743362,0.0,0.0,0.0,0.0,57.02276775517822,0.7,0.0,0.0,0.0,0.0,450.0,935.8,0.0,0.0,50.483,22.276,72.759,98.449,6.301,66.458,emon,0.811,0.933,57.5,26.6,2.163
2026-09-23 14:04:23.656,66.4,60,95,64;83;95;62;64;60;60;67;62;61;60;75;60;60;60;67,2629,4690,4666;4664;4690;4676;3419;3430;3430;3339;3395;3423;3430;3309;2788;2788;2791;2629,3.9,0.0,935.7,0,0,0,0,0,0.0,0,0,0,0,0,0,0,0,0.0,0,0,0,0,0,0.0,0.0,4342.3,0,0,0,62.1,7.75,0.09,6.14,24.93,21.5,63.4,98.96278899392964,13.530256889300581,25.025430702868803,27.001427400259324,0.24967490158253636,1190.9753086419753,0.0,0.0,0.0,0.0,53.31788615532863,0.6,0.0,0.0,0.0,0.0,450.0,935.7,0.0,0.0,50.483,22.276,72.759,98.449,6.301,66.458,emon,0.811,0.933,57.5,26.6,2.163
2026-09-23 14:04:24.656,21.9,5,89,38;34;89;19;12;10;8;23;14;13;8;22;6;8;5;42,2424,4705,4567;4358;4705;4696;3195;3398;3385;2614;3280;3332;3340;2614;2426;2613;2556;2424,3.7,0.0,936.7,0,0,0,0,0,0.0,0,0,0,0,0,0,0,0,0.0,0,0,0,0,0,0.0,0.0,4345.5,0,0,0,68.1,24.17,0.09,0.4,29.66,21.8,63.4,98.22061848640442,14.790668398141861,25.48675239086151,28.67453670501709,0.15112811144263105,1187.28125,0.0,0.0,0.0,0.0,50.17273121397011,0.6,0.0,0.0,0.0,0.0,450.0,936.7,0.0,0.0,50.483,22.276,72.759,98.449,6.301,66.458,emon,0.811,0.933,57.5,26.6,2.163
2026-09-23 14:04:25.656,11.8,0,86,17;23;86;5;2;2;2;20;5;3;2;8;0;0;0;16,1150,4732,4162;3882;4732;4729;2357;2103;2087;2197;2348;2583;2563;2309;1179;1170;1150;1457,3.8,0.0,935.7,0,0,0,0,0,0.0,0,0,0,0,0,0,0,0,0.0,0,0,0,0,0,0.0,0.0,4355.1,0,0,0,62.1,24.17,0.09,0.4,29.66,22.1,63.4,98.64809070163302,11.426282081101089,24.203685720761616,25.718825132317015,0.41315096267563706,1176.2222222222222,0.0,0.0,0.0,0.0,53.648728508916165,0.7,0.0,0.0,0.0,0.0,450.0,935.7,0.0,0.0,50.483,22.276,72.759,98.449,6.301,66.458,emon,0.811,0.933,57.5,26.6,2.163
2026-09-23 14:04:26.664,14.3,0,89,22;34;89;9;2;0;0;30;12;2;0;18;0;0;0;11,1527,4729,4404;4374;4709;4729;2661;2516;2659;2996;2782;2261;2719;2423;1670;1820;1854;1527,3.8,0.0,935.7,0,0,0,0,0,0.0,0,0,0,0,0,0,0,0,0.0,0,0,0,0,0,0.0,0.0,4355.1,0,0,0,54.1,24.17,0.09,0.4,29.66,24.3,63.4,99.41420855522156,10.124379810784012,22.21654631346464,21.918061524443328,0.47406058262822626,1128.6875,0.0,0.0,0.0,0.0,58.62955324910581,0.7,0.0,0.0,0.0,0.0,450.0,935.7,0.0,0.0,50.483,22.276,72.759,98.449,6.301,66.458,emon,0.811,0.933,57.5,26.6,2.163
2026-09-23 14:04:27.665,7.2,0,48,9;16;48;2;0;0;0;17;2;2;0;16;0;0;0;5,1295,4241,3739;3200;4241;3644;1764;1492;1499;1863;1589;1503;1767;1927;1295;1464;1422;1342,4.2,0.0,935.6,0,0,0,0,0,0.0,0,0,0,0,0,0,0,0,0.0,0,0,0,0,0,0.0,0.0,6269.5,0,0,0,39.1,15.73,0.07,0.38,20.07,20.4,63.4,99.04771189535818,10.744015554191485,22.975165562283607,23.091304347640083,0.6928241139577304,1178.032258064516,0.0,0.0,0.0,0.0,57.68321124284017,0.6,0.0,0.0,0.0,0.0,450.0,935.6,0.0,0.0,50.483,22.276,72.759,98.449,6.301,66.458,emon,0.811,0.933,57.5,26.6,2.163
2026-09-23 14:04:28.665,6.1,0,30,6;18;30;3;0;0;0;16;2;0;0;12;0;0;0;11,1015,3417,2084;2316;3417;2415;1052;1158;1171;1262;1238;1136;1166;1186;1015;1031;1041;1190,4.8,0.0,935.7,0,0,0,0,0,0.0,0,0,0,0,0,0,0,0,0.0,0,0,0,0,0,0.0,0.0,6269.5,0,0,0,34.1,15.73,0.07,0.38,20.07,20.4,63.4,98.4990424638913,11.791769474928762,25.62660280863444,27.20323641506242,0.7604881752071109,1191.5925925925926,0.0,0.0,0.0,0.0,53.360657348676966,0.7,0.0,0.0,0.0,0.0,450.0,935.7,0.0,0.0,50.483,22.276,72.759,98.449,6.301,66.458,emon,0.811,0.933,57.5,26.6,2.163
2026-09-23 14:04:29.666,4.7,0,29,3;15;29;2;0;0;0;17;0;0;0;6;0;0;0;3,843,3620,2708;2354;3620;2813;1112;1204;1239;1312;1342;984;1107;1462;978;1023;843;1119,4.9,0.0,935.7,0,0,0,0,0,0.0,0,0,0,0,0,0,0,0,0.0,0,0,0,0,0,0.0,0.0,6269.5,0,0,0,35.1,15.73,0.07,0.38,20.07,20.4,63.4,98.45878071255154,12.886839676855338,26.78358621067471,28.669657819800907,0.49653591581995393,1199.0,0.0,0.0,0.0,0.0,53.02014756264786,0.7,0.0,0.0,0.0,0.0,450.0,935.7,0.0,0.0,50.483,22.276,72.759,98.449,6.301,66.458,emon,0.811,0.933,57.5,26.6,2.163
2026-09-23 14:04:30.666,6.4,0,30,14;18;30;0;0;0;0;19;2;0;0;17;0;0;0;2,1114,3790,2919;2852;3790;2558;1230;1317;1196;1345;1468;1447;1930;1269;1129;1114;1171;1209,4.9,0.0,935.7,0,0,0,0,0,0.0,0,0,0,0,0,0,0,0,0.0,0,0,0,0,0,0.0,0.0,6269.5,0,0,0,36.1,15.73,0.07,0.38,20.07,20.4,63.4,98.77235872095281,10.833729560783302,23.717193378643557,24.41262894665653,0.3487193375331117,1199.0,0.0,0.0,0.0,0.0,54.80798423662782,0.7,0.0,0.0,0.0,0.0,450.0,935.7,0.0,0.0,50.483,22.276,72.759,98.449,6.301,66.458,emon,0.811,0.933,57.5,26.6,2.163
2026-09-23 14:04:31.667,6.7,0,30,2;22;30;3;2;0;0;22;3;0;0;18;0;0;0;5,1108,3394,2145;2406;3394;2460;1339;1223;1215;1326;1194;1277;1231;1286;1108;1180;1170;1138,5.8,0.0,927.2,0,0,0,0,0,0.0,0,0,0,0,0,0,0,0,0.0,0,0,0,0,0,0.0,0.0,6269.5,0,0,0,35.1,4.01,0.09,0.33,6.99,20.4,63.4,98.50550096884541,11.291160084692569,24.75329442407893,25.96981585368343,0.5028900140943273,1185.2068965517242,0.0,0.0,0.0,0.0,53.17374211858059,0.7,0.0,0.0,0.0,0.0,450.0,927.2,0.0,0.0,1.029,0.499,1.528,17.338,1.11,0.418,emon,0.897,0.705,27.4,13.5,2.019
2026-09-23 14:04:32.667,9.3,0,55,12;27;55;0;0;0;0;17;3;0;0;22;0;0;3;9,1067,4224,3819;3699;4224;3842;1936;2100;2143;2228;2777;2203;2265;2135;1078;1067;1068;1103,4.3,0.0,928.2,0,0,0,0,0,0.0,0,0,0,0,0,0,0,0,0.0,0,0,0,0,0,0.0,0.0,6462.0,0,0,0,52.1,4.01,0.09,0.33,6.99,21.4,63.4,98.41550660133362,14.835714489221573,25.422898948192596,28.63056880235672,0.24058423347833013,1155.25,0.0,0.0,0.0,0.0,50.15877979109064,0.7,0.0,0.0,0.0,0.0,450.0,928.2,0.0,0.0,1.029,0.499,1.528,17.338,1.11,0.418,emon,0.897,0.705,27.4,13.5,2.019
2026-09-23 14:04:33.668,7.1,2,33,6;24;33;3;5;2;2;9;2;3;3;12;2;2;3;5,856,3658,3241;2821;3658;3435;1476;1566;1751;1423;1558;1671;2006;1496;878;876;856;944,4.0,0.0,927.2,0,0,0,0,0,0.0,0,0,0,0,0,0,0,0,0.0,0,0,0,0,0,97.2,0.0,7350.0,0,0,0,45.1,4.01,0.09,0.33,6.99,21.4,63.4,98.74814206077939,16.107862866114058,25.13171150570824,28.688798692491318,0.16120963024034624,1048.2063492063492,0.0,0.0,0.0,0.0,50.928888675475875,0.7,0.0,0.0,0.0,0.0,250.0,927.2,0.0,0.0,1.029,0.499,1.528,17.338,1.11,0.418,emon,0.897,0.705,27.4,13.5,2.019
2026-09-23 14:04:34.668,8.5,0,39,6;30;39;8;2;0;0;22;3;0;2;20;0;0;0;5,877,3532,2522;2646;3532;2917;1372;1404;1555;1574;1234;1407;1081;1542;877;976;954;992,4.0,0.0,927.2,0,0,0,0,0,0.0,0,0,0,0,0,0,0,0,0.0,0,0,0,0,0,95.4,0.0,7350.0,0,0,0,40.1,4.01,0.09,0.33,6.99,21.4,63.4,98.63897240161896,15.45715094357729,24.078533202409744,27.299994722008705,0.1765911128368316,1089.625,0.0,0.0,0.0,0.0,50.142823143163696,0.7,0.0,0.0,0.0,0.0,250.0,939.7,0.0,0.0,1.029,0.499,1.528,17.338,1.11,0.418,emon,0.897,0.705,27.4,13.5,2.019
2026-09-23 14:04:35.668,6.0,0,31,5;23;31;0;2;0;0;17;0;2;3;9;0;0;0;5,782,3304,2976;2444;3304;2776;1429;1146;1254;1347;1307;1153;1016;1350;969;782;941;1077,4.2,0.0,926.4,0,0,0,0,0,0.0,0,0,0,0,0,0,0,0,0.0,0,0,0,0,0,8.0,0.0,7350.0,0,0,0,40.1,6.23,0.08,8.11,22.03,21.4,63.4,98.44956654866536,10.629987720549106,25.553481928507487,26.619240582784016,0.6505597013056589,1190.3333333333333,0.0,0.0,0.0,0.0,50.91236904501915,0.7,0.0,0.0,0.0,0.0,450.0,926.4,0.0,0.0,1.029,0.499,1.528,17.338,1.11,0.418,emon,0.897,0.705,27.4,13.5,2.019
2026-09-23 14:04:36.669,6.8,0,34,5;25;34;2;0;3;0;14;6;2;0;11;0;0;0;8,972,3078,3040;2467;3078;2845;1710;1764;1222;1540;1817;2599;1538;1337;972;1110;1133;1126,4.2,0.0,922.4,0,0,0,0,0,0.0,0,0,0,0,0,0,0,0,0.0,0,0,0,0,0,0.0,0.0,7350.0,0,0,0,35.1,6.23,0.08,8.11,22.03,21.4,63.4,98.43966747083162,9.951867999214874,24.99961789030778,26.25633642218615,0.7753521704323296,1192.6842105263158,0.0,0.0,0.0,0.0,53.95164304579559,0.7,0.0,0.0,0.0,0.0,450.0,922.4,0.0,0.0,1.029,0.499,1.528,17.338,1.11,0.418,emon,0.897,0.705,27.4,13.5,2.019
2026-09-23 14:04:37.681,7.0,0,27,8;19;27;6;3;3;0;18;3;3;2;12;0;2;0;6,1093,4037,3326;2955;3991;4037;2753;2396;1358;1437;1893;2540;2133;1616;1486;1766;1093;1765,4.2,0.0,922.4,0,0,0,0,0,0.0,0,0,0,0,0,0,0,0,0.0,0,0,0,0,0,0.0,0.0,7350.0,0,0,0,36.1,6.23,0.08,8.11,22.03,21.6,63.4,98.85055499606662,10.576516293196214,23.90700317532928,24.114425476778436,0.5557215035352985,1158.2592592592594,0.0,0.0,0.0,0.0,55.936348432468044,0.7,0.0,0.0,0.0,0.0,450.0,922.4,0.0,0.0,1.029,0.499,1.528,17.338,1.11,0.418,emon,0.897,0.705,27.4,13.5,2.019
2026-09-23 14:04:38.682,6.1,0,28,11;14;28;6;8;0;0;13;3;2;0;10;3;0;0;2,1069,3507,2144;2472;3507;2356;1263;1133;1351;1286;1597;1420;1103;1356;1126;1093;1069;1104,4.5,0.0,922.4,0,0,0,0,0,0.0,0,0,0,0,0,0,0,0,0.0,0,0,0,0,0,0.0,0.0,7350.0,0,0,0,34.1,6.23,0.08,8.11,22.03,21.4,63.4,98.61000162760416,10.78575003867348,24.482075383928088,25.296039941575792,0.7287143951003802,1157.888888888889,0.0,0.0,0.0,0.0,53.63325804703766,0.7,0.0,0.0,0.0,0.0,450.0,922.4,0.0,0.0,1.029,0.499,1.528,17.338,1.11,0.418,emon,0.897,0.705,27.4,13.5,2.019
2026-09-23 14:04:39.682,5.4,0,25,6;9;25;5;15;0;0;0;12;6;2;0;6;0;0;0,930,3335,2052;2437;3335;2207;1196;1301;1211;1221;1201;1157;1035;930;1168;1154;1095;1034,4.9,0.0,922.4,0,0,0,0,0,0.0,0,0,0,0,0,0,0,0,0.0,0,0,0,0,0,0.0,0.0,7350.0,0,0,0,34.1,4.78,0.09,0.33,7.87,21.4,63.4,98.65277279124541,11.097398985922336,25.47894167619593,26.66766547876246,0.728725272878621,1174.2941176470588,0.0,0.0,0.0,0.0,53.2514698920881,0.7,0.0,0.0,0.0,0.0,450.0,914.9,0.0,0.0,1.029,0.499,1.528,17.338,1.11,0.418,emon,0.897,0.705,27.4,13.5,2.019
2026-09-23 14:04:40.682,5.9,0,34,9;8;34;6;14;2;0;0;12;0;0;0;8;2;0;0,837,3578,2549;2803;3573;3578;1473;1558;1341;1247;1335;1298;1087;1286;1066;938;1071;837,5.2,0.0,914.9,0,0,0,0,0,0.0,0,0,0,0,0,0,0,0,0.0,0,0,0,0,0,0.0,0.0,7350.0,0,0,0,60.1,4.78,0.09,0.33,7.87,21.4,63.4,98.51640392982796,14.11799716214611,24.781981481264715,27.411214567210575,0.4474609694324038,1155.849315068493,0.0,0.0,0.0,0.0,52.28633362361013,0.7,0.0,0.0,0.0,0.0,250.0,914.9,0.0,0.0,1.029,0.499,1.528,17.338,1.11,0.418,emon,0.897,0.705,27.4,13.5,2.019
2026-09-23 14:04:41.683,7.3,0,51,21;8;51;5;12;2;0;0;11;5;0;0;0;2;0;2,813,3805,2767;3067;3805;3237;1759;1470;1214;1219;1547;1660;1490;1540;952;938;813;854,4.5,0.0,913.9,0,0,0,0,0,0.0,0,0,0,0,0,0,0,0,0.0,0,0,0,0,0,83.5,0.0,7355.9,0,0,0,62.1,4.78,0.09,0.33,7.87,21.7,63.4,98.48193255337802,15.647180846243193,24.78944038622307,28.272147091952238,0.11200270017213894,1080.060606060606,0.0,0.0,0.0,0.0,50.15215929439574,0.6,0.0,0.0,0.0,0.0,250.0,913.9,0.0,0.0,1.029,0.499,1.528,17.338,1.11,0.418,emon,0.897,0.705,27.4,13.5,2.019
2026-09-23 14:04:42.683,8.7,0,42,32;12;42;2;17;2;0;0;20;4;0;0;9;0;0;0,834,3373,2531;2713;3373;2980;1571;1488;1222;1219;1473;1685;1235;1611;1005;894;834;1007,4.2,0.0,913.9,0,0,0,0,0,0.0,0,0,0,0,0,0,0,0,0.0,0,0,0,0,0,89.1,0.0,7371.2,0,0,0,60.1,4.78,0.09,0.33,7.87,21.8,63.4,98.71012490893168,16.222524975973464,24.931823427715,28.331204429505362,0.0864742858144122,1094.2380952380952,0.0,0.0,0.0,0.0,50.93014682261717,0.6,0.0,0.0,0.0,0.0,250.0,913.9,0.0,0.0,1.029,0.499,1.528,17.338,1.11,0.418,emon,0.897,0.705,27.4,13.5,2.019
2026-09-23 14:04:43.684,6.5,0,32,32;9;31;3;8;0;0;0;15;0;0;0;5;0;0;0,953,3231,2620;2535;3231;2543;1416;1480;1159;1222;1379;1274;1252;1209;1038;1113;1087;953,4.4,0.0,913.9,0,0,0,0,0,0.0,0,0,0,0,0,0,0,0,0.0,0,0,0,0,0,95.1,0.0,7375.7,0,0,0,58.1,5.03,0.08,23.22,32.33,21.8,63.4,98.85236019558377,13.430232361260087,23.478144241101813,24.586723275858947,0.1533317352407565,1124.2525252525252,0.0,0.0,0.0,0.0,55.889327710475584,0.7,0.0,0.0,0.0,0.0,250.0,913.9,0.0,0.0,37.518,10.576,48.095,28.466,1.822,46.273,emon,0.892,0.741,54.0,25.4,2.13
2026-09-23 14:04:44.684,6.3,0,44,19;5;44;3;19;0;0;0;9;0;2;0;0;0;0;0,991,3560,2361;2956;3560;3266;1498;1186;1318;1684;1420;1276;1326;1345;991;1082;1042;1035,4.2,0.0,913.9,0,0,0,0,0,0.0,0,0,0,0,0,0,0,0,0.0,0,0,0,0,0,83.2,0.0,7381.1,0,0,0,55.1,5.03,0.08,23.22,32.33,21.9,63.4,98.49415305001395,14.985597690088408,24.692958886282785,27.563479552950177,0.18902152420237794,1094.7142857142858,0.0,0.0,0.0,0.0,51.64830260617392,0.7,0.0,0.0,0.0,0.0,250.0,913.9,0.0,0.0,37.518,10.576,48.095,28.466,1.822,46.273,emon,0.892,0.741,54.0,25.4,2.13
2026-09-23 14:04:45.684,6.2,0,25,17;8;25;5;20;0;0;0;15;2;0;0;8;0;0;0,789,3446,2347;2224;3446;3036;1358;1362;1219;1262;1355;2048;1257;1187;1148;1071;1243;789,3.9,0.0,913.9,0,0,0,0,0,0.0,0,0,0,0,0,0,0,0,0.0,0,0,0,0,0,83.9,0.0,7391.8,0,0,0,51.1,5.03,0.08,23.22,32.33,22.1,63.4,98.64099940131692,15.18847639683415,24.030686210183536,27.159007829778336,0.19116766053347795,1033.5588235294117,0.0,0.0,0.0,0.0,50.145589146543955,0.6,0.0,0.0,0.0,0.0,250.0,916.5,0.0,0.0,37.518,10.576,48.095,28.466,1.822,46.273,emon,0.892,0.741,54.0,25.4,2.13
2026-09-23 14:04:46.685,7.3,0,43,24;12;43;3;15;2;0;0;14;0;0;0;3;0;0;0,771,3181,1917;2278;3181;2439;1308;1879;1224;1197;1313;1160;1496;1187;1017;885;941;771,3.7,0.0,927.4,0,0,0,0,0,0.0,0,0,0,0,0,0,0,0,0.0,0,0,0,0,0,100.0,0.0,7391.8,0,0,0,51.1,5.03,0.08,23.22,32.33,22.1,63.4,99.0255680269408,12.325664775626896,23.768664375092218,25.386307519761104,0.469052656487425,1028.611650485437,0.0,0.0,0.0,0.0,55.705320922929104,0.7,0.0,0.0,0.0,0.0,300.0,926.4,0.0,0.0,37.518,10.576,48.095,28.466,1.822,46.273,emon,0.892,0.741,54.0,25.4,2.13
2026-09-23 14:04:47.706,6.6,0,29,26;8;29;6;12;0;0;0;15;2;0;0;8;0;0;0,916,3397,2427;2331;3397;2566;1637;1228;1183;1230;1492;1333;1220;1178;1053;954;916;1033,3.9,0.0,926.4,0,0,0,0,0,0.0,0,0,0,0,0,0,0,0,0.0,0,0,0,0,0,99.1,0.0,7408.5,0,0,0,45.1,4.54,0.09,21.22,30.55,22.3,63.4,99.42814715496905,10.946748633373094,22.380611078305677,22.156690022388062,0.404476437988115,1101.922077922078,0.0,0.0,0.0,0.0,59.55243327110619,0.7,0.0,0.0,0.0,0.0,300.0,926.4,0.0,0.0,37.518,10.576,48.095,28.466,1.822,46.273,emon,0.892,0.741,54.0,25.4,2.13
2026-09-23 14:04:48.707,6.0,0,36,20;0;36;3;17;3;0;0;14;3;0;0;0;0;0;0,865,3224,2460;1783;3224;2551;1393;1195;1213;1294;1411;1393;1179;1153;1042;1045;865;1113,3.9,0.0,926.4,0,0,0,0,0,0.0,0,0,0,0,0,0,0,0,0.0,0,0,0,0,0,99.1,0.0,7408.5,0,0,0,43.1,4.54,0.09,21.22,30.55,22.3,63.4,98.77881152130837,12.032219740713751,23.73980464491733,25.07325836115105,0.6745344003957566,1080.9767441860465,0.0,0.0,0.0,0.0,53.79054543081411,0.7,0.0,0.0,0.0,0.0,250.0,922.4,0.0,0.0,37.518,10.576,48.095,28.466,1.822,46.273,emon,0.892,0.741,54.0,25.4,2.13
2026-09-23 14:04:49.707,6.6,0,35,21;6;35;6;17;2;0;0;17;2;0;0;0;0;0;0,894,2878,2520;2759;2878;2641;1458;1634;1218;1186;1608;1192;1217;1713;982;963;939;894,4.5,0.0,922.4,0,0,0,0,0,0.0,0,0,0,0,0,0,0,0,0.0,0,0,0,0,0,86.5,0.0,7431.5,0,0,0,43.1,4.54,0.09,21.22,30.55,22.3,63.4,98.777221875313,13.757287805470137,25.234710888984875,27.377079878097927,0.3869787162652639,1138.7435897435898,0.0,0.0,0.0,0.0,52.81951956087962,0.6,0.0,0.0,0.0,0.0,450.0,922.4,0.0,0.0,37.518,10.576,48.095,28.466,1.822,46.273,emon,0.892,0.741,54.0,25.4,2.13
2026-09-23 14:04:50.708,6.6,0,34,23;2;34;6;16;0;0;0;19;2;0;0;2;0;0;3,756,3421,2528;2173;3421;3089;1513;1193;1264;1234;1466;1224;1549;1598;933;861;756;760,4.4,0.0,923.4,0,0,0,0,0,0.0,0,0,0,0,0,0,0,0,0.0,0,0,0,0,0,97.0,0.0,7431.5,0,0,0,42.1,4.54,0.09,21.22,30.55,22.4,63.4,98.51110270325567,14.381255818084933,26.05202231608646,28.816402703943385,0.5850956792972694,1120.8309859154929,0.0,0.0,0.0,0.0,52.32770138328344,0.7,0.0,0.0,0.0,0.0,250.0,913.8,0.0,0.0,37.518,10.576,48.095,28.466,1.822,46.273,emon,0.892,0.741,54.0,25.4,2.13
2026-09-23 14:04:51.708,6.5,0,28,14;8;28;2;26;2;0;0;22;0;0;0;3;0;0;0,933,3537,2059;2126;3537;2902;1338;1502;1143;1141;1433;1177;1166;1006;1025;1032;933;1050,5.5,0.0,915.0,0,0,0,0,0,0.0,0,0,0,0,0,0,0,0,0.0,0,0,0,0,0,86.0,0.0,7453.9,0,0,0,41.1,4.39,0.08,15.55,26.03,22.5,63.4,98.47165195525639,15.442069189889091,25.699845208062065,28.87506327553401,0.1729838812173093,1144.2380952380952,0.0,0.0,0.0,0.0,50.9447173698554,0.6,0.0,0.0,0.0,0.0,450.0,913.8,0.0,0.0,37.518,10.576,48.095,28.466,1.822,46.273,emon,0.892,0.741,54.0,25.4,2.13
2026-09-23 14:04:52.708,6.0,0,29,18;3;29;5;15;2;0;0;18;3;0;0;5;0;0;0,889,3304,2118;2163;3304;2658;1229;1179;1232;1201;1321;1184;1132;1155;1038;889;1058;1010,4.6,0.0,913.8,0,0,0,0,0,0.0,0,0,0,0,0,0,0,0,0.0,0,0,0,0,0,100.0,0.0,7453.9,0,0,0,41.1,4.39,0.08,15.55,26.03,22.5,63.4,98.38368773460388,15.095578849315643,25.355762898921967,28.517405092716217,0.18046634116581117,1143.53125,0.0,0.0,0.0,0.0,50.16375065012835,0.6,0.0,0.0,0.0,0.0,450.0,913.8,0.0,0.0,37.518,10.576,48.095,28.466,1.822,46.273,emon,0.892,0.741,54.0,25.4,2.13
2026-09-23 14:04:53.709,21.1,12,52,39;22;52;19;27;17;16;14;22;20;16;16;22;12;12;14,2015,4362,3797;4133;4107;4362;2528;3309;3337;3322;2429;3132;3222;3306;2015;2127;2158;2222,5.0,0.0,926.4,0,0,0,0,0,0.0,0,0,0,0,0,0,0,0,0.0,0,0,0,0,0,43.2,0.0,7490.2,0,0,0,39.1,4.39,0.08,15.55,26.03,22.5,63.4,98.8164392709732,15.67856553196907,24.865984618663788,28.23805582523346,0.09019963325272329,1063.84375,0.0,0.0,0.0,0.0,50.12700831913389,0.6,0.0,0.0,0.0,0.0,450.0,913.8,0.0,0.0,37.518,10.576,48.095,28.466,1.822,46.273,emon,0.892,0.741,54.0,25.4,2.13
2026-09-23 14:04:54.709,8.0,0,36,21;17;36;8;18;3;0;0;18;5;2;0;2;0;0;0,894,3447,2500;2742;3447;2810;1409;1500;1086;1228;1503;1197;978;1043;974;894;925;1022,4.3,0.0,926.4,0,0,0,0,0,0.0,0,0,0,0,0,0,0,0,0.0,0,0,0,0,0,96.3,0.0,7490.2,0,0,0,36.1,4.39,0.08,15.55,26.03,22.4,63.4,98.6507973007009,13.335499903823756,23.159376722347886,25.37869976253449,0.30591320487467244,1054.6962025316457,0.0,0.0,0.0,0.0,50.854082610976846,0.7,0.0,0.0,0.0,0.0,250.0,926.4,0.0,0.0,37.518,10.576,48.095,28.466,1.822,46.273,emon,0.892,0.741,54.0,25.4,2.13
2026-09-23 14:04:55.710,7.5,0,34,20;6;34;3;25;0;0;0;24;0;0;0;8;0;0;0,979,3263,2406;2144;3263;2649;1328;1080;1155;1222;1354;1244;1387;1329;1060;979;1036;1013,3.6,0.0,922.4,0,0,0,0,0,0.0,0,0,0,0,0,0,0,0,0.0,0,0,0,0,0,95.3,0.0,7490.2,0,0,0,37.1,6.05,0.08,7.29,24.1,22.4,63.4,99.02913416812295,12.988977193538295,24.290542096840706,26.413358283042907,0.48518783978805385,1094.2631578947369,0.0,0.0,0.0,0.0,55.02245853433484,0.7,0.0,0.0,0.0,0.0,300.0,926.4,0.0,0.0,58.977,12.811,71.788,94.701,6.061,65.727,emon,0.833,0.96,55.0,25.4,2.162
2026-09-23 14:04:56.710,6.3,0,31,22;5;31;3;23;0;0;0;12;0;0;0;5;0;0;0,893,3224,2417;2385;3224;2699;1313;1314;1129;1228;1361;1521;1350;1236;1043;893;909;1145,4.0,0.0,922.4,0,0,0,0,0,0.0,0,0,0,0,0,0,0,0,0.0,0,0,0,0,0,97.5,0.0,7490.2,0,0,0,38.1,6.05,0.08,7.29,24.1,22.4,63.4,98.9953323032545,13.388573512515944,23.967143577078115,25.676329489635386,0.5950394260764132,1084.3260869565217,0.0,0.0,0.0,0.0,54.671159506491996,0.6,0.0,0.0,0.0,0.0,250.0,922.4,0.0,0.0,58.977,12.811,71.788,94.701,6.061,65.727,emon,0.833,0.96,55.0,25.4,2.162
2026-09-23 14:04:57.711,7.5,0,33,22;6;33;3;12;3;2;0;22;0;3;0;11;0;3;0,724,3441,2230;2334;3441;2711;1493;1528;2286;1451;1512;1295;1263;2266;991;893;724;774,3.6,0.0,923.4,0,0,0,0,0,0.0,0,0,0,0,0,0,0,0,0.0,0,0,0,0,0,85.7,0.0,7490.2,0,0,0,38.1,6.05,0.08,7.29,24.1,22.5,63.4,98.88223679486443,13.698600955701925,24.346371168248794,26.415116751194,0.48847368100781324,1077.8235294117646,0.0,0.0,0.0,0.0,54.41909786953646,0.6,0.0,0.0,0.0,0.0,250.0,922.4,0.0,0.0,58.977,12.811,71.788,94.701,6.061,65.727,emon,0.833,0.96,55.0,25.4,2.162
2026-09-23 14:04:58.711,7.6,0,38,22;6;38;5;16;0;0;0;22;2;2;0;6;0;2;3,981,3145,2330;2209;3145;2409;1379;1256;1213;1207;1366;1226;1479;1616;981;1027;1003;982,3.6,0.0,923.4,0,0,0,0,0,0.0,0,0,0,0,0,0,0,0,0.0,0,0,0,0,0,85.7,0.0,7490.2,0,0,0,38.1,6.05,0.08,7.29,24.1,22.5,63.4,98.66906412636361,13.72329372749096,23.79954080465363,26.091420618499196,0.4026937041922881,1061.1951219512196,0.0,0.0,0.0,0.0,53.80830058728049,0.6,0.0,0.0,0.0,0.0,250.0,922.4,0.0,0.0,58.977,12.811,71.788,94.701,6.061,65.727,emon,0.833,0.96,55.0,25.4,2.162
2026-09-23 14:04:59.711,10.4,0,40,22;16;40;14;20;2;3;5;19;9;0;2;9;3;0;3,809,3656,3135;3452;3644;3656;1690;2363;2972;3057;1853;2535;2659;3031;944;822;811;809,4.8,0.0,926.4,0,0,0,0,0,0.0,0,0,0,0,0,0,0,0,0.0,0,0,0,0,0,96.2,0.0,7490.2,0,0,0,39.1,4.65,0.08,3.35,22.33,22.5,63.4,98.72673523426056,15.590814054012299,24.85849392414093,28.269852578639984,0.1864394633066695,1062.28125,0.0,0.0,0.0,0.0,50.13493303593714,0.7,0.0,0.0,0.0,0.0,250.0,926.4,0.0,0.0,58.977,12.811,71.788,94.701,6.061,65.727,emon,0.833,0.96,55.0,25.4,2.162
2026-09-23 14:05:00.712,7.5,0,27,26;11;27;3;17;0;0;0;23;2;2;0;6;2;2;0,760,3737,2563;2125;3737;3117;1303;1211;1253;1225;1309;1392;1154;1239;1038;931;779;760,4.5,0.0,926.4,0,0,0,0,0,0.0,0,0,0,0,0,0,0,0,0.0,0,0,0,0,0,100.0,0.0,7490.2,0,0,0,38.1,4.65,0.08,3.35,22.33,22.5,63.4,98.74545230865479,13.759004473825916,23.220644867420198,25.622296799719333,0.2797931804852851,1144.0,0.0,0.0,0.0,0.0,52.72636502450332,0.6,0.0,0.0,0.0,0.0,250.0,926.4,0.0,0.0,58.977,12.811,71.788,94.701,6.061,65.727,emon,0.833,0.96,55.0,25.4,2.162
2026-09-23 14:05:01.712,6.5,0,28,20;6;28;6;12;0;0;0;19;2;0;0;11;0;0;0,840,3245,2485;2736;3245;2609;1399;1123;1327;1240;1369;1169;1151;1217;1025;1002;858;840,4.3,0.0,922.4,0,0,0,0,0,0.0,0,0,0,0,0,0,0,0,0.0,0,0,0,0,0,97.1,0.0,7490.2,0,0,0,38.1,4.65,0.08,3.35,22.33,22.5,63.4,98.37213015556335,15.68471583724022,24.817964732646942,28.27682101726532,0.24940267664896965,1149.0,0.0,0.0,0.0,0.0,50.161369549809024,0.7,0.0,0.0,0.0,0.0,450.0,922.4,0.0,0.0,58.977,12.811,71.788,94.701,6.061,65.727,emon,0.833,0.96,55.0,25.4,2.162
2026-09-23 14:05:02.713,7.4,0,42,16;8;42;3;19;2;0;0;9;5;2;0;14;0;0;0,701,3009,2186;2811;3009;2922;1543;1737;2414;1172;1449;1920;1605;1807;986;894;991;701,5.0,0.0,922.4,0,0,0,0,0,0.0,0,0,0,0,0,0,0,0,0.0,0,0,0,0,0,96.3,0.0,7490.2,0,0,0,38.1,5.69,0.07,3.33,23.4,22.5,63.4,98.98104293258102,14.129831180528358,24.409208015159326,26.38456419367849,0.32824454564072286,978.0123456790124,0.0,0.0,0.0,0.0,53.36803969796057,0.6,0.0,0.0,0.0,0.0,450.0,922.4,0.0,0.0,58.977,12.811,71.788,94.701,6.061,65.727,emon,0.833,0.96,55.0,25.4,2.162
2026-09-23 14:05:03.714,7.0,0,35,19;6;35;6;16;2;0;0;17;0;2;0;10;0;0;0,783,3254,2302;2493;3254;2947;1329;1231;1043;1172;1336;1292;1169;1148;1037;1098;926;783,3.8,0.0,922.4,0,0,0,0,0,0.0,0,0,0,0,0,0,0,0,0.0,0,0,0,0,0,95.2,0.0,7490.2,0,0,0,37.1,5.69,0.07,3.33,23.4,22.5,63.4,98.78606405375916,13.01129079338761,23.622946511080237,26.068292020463648,0.4043864948016787,1097.7654320987654,0.0,0.0,0.0,0.0,52.10895012944569,0.7,0.0,0.0,0.0,0.0,300.0,922.4,0.0,0.0,58.977,12.811,71.788,94.701,6.061,65.727,emon,0.833,0.96,55.0,25.4,2.162
2026-09-23 14:05:04.714,6.0,0,31,18;6;31;2;16;2;0;0;14;2;0;0;6;0;0;0,611,3341,2288;2327;3341;2865;1260;1124;1235;1224;1378;1385;1038;1224;978;976;954;611,3.6,0.0,913.9,0,0,0,0,0,0.0,0,0,0,0,0,0,0,0,0.0,0,0,0,0,0,100.0,0.0,7490.2,0,0,0,38.1,5.69,0.07,3.33,23.4,22.5,63.4,98.98472985555959,12.585584962935469,23.377383983412454,25.501294786500377,0.5353744204736823,1011.7906976744187,0.0,0.0,0.0,0.0,52.567279314752234,0.6,0.0,0.0,0.0,0.0,250.0,913.9,0.0,0.0,58.977,12.811,71.788,94.701,6.061,65.727,emon,0.833,0.96,55.0,25.4,2.162
2026-09-23 14:05:05.716,6.3,0,27,17;11;27;5;14;3;0;0;16;2;0;0;8;0;0;0,859,3303,2414;2447;3303;2383;1310;1308;1222;1240;1410;1235;1324;1388;1026;1010;894;859,3.6,0.0,914.9,0,0,0,0,0,0.0,0,0,0,0,0,0,0,0,0.0,0,0,0,0,0,96.7,0.0,7490.2,0,0,0,39.1,5.69,0.07,3.33,23.4,22.6,63.4,99.00791977862923,12.271812490928841,22.519350937434606,24.05658541984704,0.6674645739679975,1100.530612244898,0.0,0.0,0.0,0.0,55.684039869478774,0.6,0.0,0.0,0.0,0.0,450.0,913.9,0.0,0.0,58.977,12.811,71.788,94.701,6.061,65.727,emon,0.833,0.96,55.0,25.4,2.162
2026-09-23 14:05:06.716,6.1,0,27,20;9;27;6;18;0;0;0;11;0;0;0;5;0;2;0,809,3236,2327;2902;3236;2883;1334;1332;1233;1226;1244;1185;1242;1154;1022;990;1000;809,3.7,0.0,913.9,0,0,0,0,0,0.0,0,0,0,0,0,0,0,0,0.0,0,0,0,0,0,95.4,0.0,7490.2,0,0,0,35.1,4.82,0.07,3.37,22.46,22.5,63.4,99.0327170962379,12.241715819672459,21.904196332749866,23.09145603406997,0.22926923500712118,1134.2380952380952,0.0,0.0,0.0,0.0,55.73877059483812,0.7,0.0,0.0,0.0,0.0,450.0,913.9,0.0,0.0,96.108,1.118,97.226,23.237,1.487,95.739,emon,0.816,0.706,55.5,25.7,2.158
2026-09-23 14:05:07.716,5.6,0,28,14;8;28;2;12;0;0;0;18;0;0;0;8;0;0;0,666,3323,2107;2424;3323;2353;1512;1635;926;1201;1394;1506;1466;1151;1065;962;910;666,3.7,0.0,913.9,0,0,0,0,0,0.0,0,0,0,0,0,0,0,0,0.0,0,0,0,0,0,97.3,0.0,7490.2,0,0,0,36.1,4.82,0.07,3.37,22.46,22.5,63.4,98.89184724523666,13.626340666032853,23.286585457781527,24.94495610861068,0.19069001737528757,1131.9787234042553,0.0,0.0,0.0,0.0,55.64043154852821,0.7,0.0,0.0,0.0,0.0,450.0,913.9,0.0,0.0,96.108,1.118,97.226,23.237,1.487,95.739,emon,0.816,0.706,55.5,25.7,2.158
2026-09-23 14:05:08.717,7.1,0,35,17;11;35;3;13;3;0;0;11;8;2;0;6;5;0;0,896,3053,2016;2238;3053;2437;1190;1359;1171;1038;1308;1364;1173;1232;1061;916;951;896,3.7,0.0,913.9,0,0,0,0,0,0.0,0,0,0,0,0,0,0,0,0.0,0,0,0,0,0,97.3,0.0,7490.2,0,0,0,35.1,4.82,0.07,3.37,22.46,22.5,63.4,98.49149954319,15.914513230323792,24.733367264270782,28.075444638729095,0.11153004412153678,1160.71875,0.0,0.0,0.0,0.0,50.152525475714356,0.7,0.0,0.0,0.0,0.0,250.0,913.9,0.0,0.0,96.108,1.118,97.226,23.237,1.487,95.739,emon,0.816,0.706,55.5,25.7,2.158
2026-09-23 14:05:09.717,5.3,0,25,6;17;25;3;0;9;0;0;0;12;0;0;0;9;2;0,624,3142,2312;2400;3142;2424;947;1228;1499;1008;1177;1234;1224;1191;624;1042;1032;689,4.2,0.0,913.9,0,0,0,0,0,0.0,0,0,0,0,0,0,0,0,0.0,0,0,0,0,0,95.6,0.0,7490.2,0,0,0,35.1,4.82,0.07,3.37,22.46,22.5,63.4,98.34500539302826,15.963523983955383,24.66843593120575,28.100993275642395,0.11152053607474954,1130.25,0.0,0.0,0.0,0.0,50.159664508886635,0.7,0.0,0.0,0.0,0.0,250.0,913.9,0.0,0.0,96.108,1.118,97.226,23.237,1.487,95.739,emon,0.816,0.706,55.5,25.7,2.158
2026-09-23 14:05:10.718,8.0,0,37,6;28;37;8;2;16;2;0;3;15;2;3;0;5;2;0,804,3599,3428;2998;3586;3599;2325;1759;1827;2619;2896;1903;2324;3185;843;922;831;804,4.8,0.0,913.9,0,0,0,0,0,0.0,0,0,0,0,0,0,0,0,0.0,0,0,0,0,0,97.0,0.0,7490.2,0,0,0,38.1,4.59,0.08,3.34,22.23,22.5,63.4,98.57515207926433,15.60548216199118,24.420469919840496,27.709481012253534,0.10561827777530111,1089.4761904761904,0.0,0.0,0.0,0.0,50.92899225486649,0.7,0.0,0.0,0.0,0.0,300.0,913.9,0.0,0.0,96.108,1.118,97.226,23.237,1.487,95.739,emon,0.816,0.706,55.5,25.7,2.158
2026-09-23 14:05:11.718,6.8,0,31,6;26;31;5;0;17;2;0;0;14;2;0;0;6;0;0,756,3335,2190;2268;3335;2848;1487;1340;1139;1565;1371;1362;1376;1543;756;1136;883;986,4.7,0.0,914.9,0,0,0,0,0,0.0,0,0,0,0,0,0,0,0,0.0,0,0,0,0,0,99.8,0.0,7490.2,0,0,0,36.1,4.59,0.08,3.34,22.23,22.5,63.4,98.49064389742338,16.07085855924166,25.105855149489184,28.677708024245042,0.11196254022920935,1128.2307692307693,0.0,0.0,0.0,0.0,50.92189339376413,0.6,0.0,0.0,0.0,0.0,250.0,914.9,0.0,0.0,96.108,1.118,97.226,23.237,1.487,95.739,emon,0.816,0.706,55.5,25.7,2.158
2026-09-23 14:05:12.718,7.0,0,36,8;26;36;3;0;12;0;0;0;22;0;2;0;3;0;0,1017,3289,2466;2440;3289;2583;1271;1402;1301;1189;1070;1319;1396;2106;1035;1017;1077;1066,4.5,0.0,913.9,0,0,0,0,0,0.0,0,0,0,0,0,0,0,0,0.0,0,0,0,0,0,96.8,0.0,7490.2,0,0,0,36.1,4.59,0.08,3.34,22.23,22.5,63.4,98.4768410211877,13.618420513464681,23.51669680921337,25.875945199893998,0.3625455741885507,1101.5316455696202,0.0,0.0,0.0,0.0,52.14958522044405,0.6,0.0,0.0,0.0,0.0,450.0,913.9,0.0,0.0,96.108,1.118,97.226,23.237,1.487,95.739,emon,0.816,0.706,55.5,25.7,2.158
2026-09-23 14:05:13.719,8.6,0,31,8;29;31;3;0;27;0;0;0;27;2;0;0;11;0;0,897,3131,2265;2082;3131;2765;1283;1461;1512;2103;2395;1388;1707;2771;935;1027;1061;897,4.3,0.0,913.9,0,0,0,0,0,0.0,0,0,0,0,0,0,0,0,0.0,0,0,0,0,0,96.6,0.0,7490.2,0,0,0,36.1,4.59,0.08,3.34,22.23,22.4,63.4,99.02379320252616,11.499363481154981,22.893594470788848,24.33653939993314,0.5897748738550361,1048.5283018867924,0.0,0.0,0.0,0.0,54.0867686818512,0.6,0.0,0.0,0.0,0.0,450.0,913.9,0.0,0.0,96.108,1.118,97.226,23.237,1.487,95.739,emon,0.816,0.706,55.5,25.7,2.158
2026-09-23 14:05:14.719,7.1,0,40,2;22;40;5;0;20;0;0;0;20;0;0;0;3;0;2,890,3288,2784;2466;3288;2668;1106;1326;1403;1426;1290;1228;1210;1380;890;987;968;1009,4.0,0.0,913.9,0,0,0,0,0,0.0,0,0,0,0,0,0,0,0,0.0,0,0,0,0,0,95.9,0.0,7490.2,0,0,0,39.1,4.8,0.08,3.35,22.51,22.4,63.4,99.04244521812156,11.902489645889512,21.645233392715454,22.402116974194843,0.2799792930578675,1064.2777777777778,0.0,0.0,0.0,0.0,56.78628097667738,0.7,0.0,0.0,0.0,0.0,450.0,913.9,0.0,0.0,96.108,1.118,97.226,23.237,1.487,95.739,emon,0.816,0.706,55.5,25.7,2.158
2026-09-23 14:05:15.719,6.5,0,38,2;33;38;0;0;12;0;0;0;19;2;0;0;0;0;0,896,3210,2392;2324;3210;2413;1491;1351;1125;1224;1227;1362;1235;1210;958;900;941;896,3.7,0.0,913.9,0,0,0,0,0,0.0,0,0,0,0,0,0,0,0,0.0,0,0,0,0,0,95.4,0.0,7490.2,0,0,0,38.1,4.8,0.08,3.35,22.51,22.4,63.4,98.70056878515037,14.194367251931185,24.32825373167015,26.707194550389268,0.4893362342249546,1124.9036144578313,0.0,0.0,0.0,0.0,54.51095522383609,0.6,0.0,0.0,0.0,0.0,450.0,913.9,0.0,0.0,96.108,1.118,97.226,23.237,1.487,95.739,emon,0.816,0.706,55.5,25.7,2.158
2026-09-23 14:05:16.720,6.2,0,23,6;19;23;6;0;19;0;0;0;17;3;0;0;5;0;0,605,3451,2655;2331;3451;2581;1307;1472;1483;1303;1444;1348;1290;1163;605;970;899;891,3.7,0.0,914.9,0,0,0,0,0,0.0,0,0,0,0,0,0,0,0,0.0,0,0,0,0,0,94.7,0.0,7490.2,0,0,0,40.1,4.8,0.08,3.35,22.51,22.4,63.4,98.64321718717876,14.689139444577066,24.391454596268503,27.080010815670615,0.42445119598070097,1044.3947368421052,0.0,0.0,0.0,0.0,52.863590374000765,0.6,0.0,0.0,0.0,0.0,250.0,914.9,0.0,0.0,96.108,1.118,97.226,23.237,1.487,95.739,emon,0.816,0.706,55.5,25.7,2.158
2026-09-23 14:05:17.720,6.9,0,36,5;25;36;5;0;11;2;0;0;17;3;2;0;6;0;0,957,3322,2452;2537;3322;2848;1104;1396;1347;1077;957;1474;1515;1294;1082;960;957;1024,3.5,0.0,913.9,0,0,0,0,0,0.0,0,0,0,0,0,0,0,0,0.0,0,0,0,0,0,97.7,0.0,7490.2,0,0,0,36.1,4.8,0.08,3.35,22.51,22.4,63.4,98.28089129540228,15.78174529537078,24.8901424407959,28.365556901501073,0.12208131009021835,1108.6774193548388,0.0,0.0,0.0,0.0,50.16433991900375,0.6,0.0,0.0,0.0,0.0,250.0,913.9,0.0,0.0,96.108,1.118,97.226,23.237,1.487,95.739,emon,0.816,0.706,55.5,25.7,2.158
2026-09-23 14:05:18.720,6.9,0,33,5;26;33;5;0;12;0;0;0;23;3;0;0;3;0;0,884,3292,2274;2410;3292;2650;1196;1421;1131;1515;1675;1259;1165;1221;1099;1002;884;959,3.6,0.0,913.9,0,0,0,0,0,0.0,0,0,0,0,0,0,0,0,0.0,0,0,0,0,0,95.1,0.0,7490.2,0,0,0,36.1,4.8,0.07,3.37,22.37,22.4,63.4,99.06573913294241,12.334506047359847,22.66378612802663,23.926625457241993,0.35815670627739105,1060.467889908257,0.0,0.0,0.0,0.0,56.38172623392092,0.6,0.0,0.0,0.0,0.0,250.0,913.9,0.0,0.0,96.108,1.118,97.226,23.237,1.487,95.739,emon,0.816,0.706,55.5,25.7,2.158
2026-09-23 14:05:19.721,6.3,0,32,5;20;32;3;0;21;0;0;0;14;0;0;0;3;2;2,849,3184,2479;2362;3184;2986;1154;1305;1046;1184;1224;1311;1144;1089;952;981;849;852,3.6,0.0,913.9,0,0,0,0,0,0.0,0,0,0,0,0,0,0,0,0.0,0,0,0,0,0,95.1,0.0,7490.2,0,0,0,36.1,4.8,0.07,3.37,22.37,22.4,63.4,98.11415346585787,15.434902807382437,24.566869002122147,27.884179863562952,0.11997013469047557,1149.7692307692307,0.0,0.0,0.0,0.0,49.3887382878707,0.7,0.0,0.0,0.0,0.0,250.0,913.9,0.0,0.0,94.573,1.122,95.694,17.868,1.144,94.55,emon,0.818,0.69,55.2,25.5,2.161
2026-09-23 14:05:20.721,7.2,0,38,8;28;38;3;0;17;0;0;0;12;3;0;0;5;0;0,977,3264,2851;2369;3264;2917;1304;1465;1308;1175;1455;1278;1223;1148;1076;1000;977;1068,4.4,0.0,913.9,0,0,0,0,0,0.0,0,0,0,0,0,0,0,0,0.0,0,0,0,0,0,96.6,0.0,7490.2,0,0,0,36.1,4.8,0.07,3.37,22.37,22.4,63.4,98.43680357091567,13.288055143899777,23.630282043008243,25.338564247243546,0.22951260847861277,1111.3529411764705,0.0,0.0,0.0,0.0,52.01622380035765,0.7,0.0,0.0,0.0,0.0,250.0,913.9,0.0,0.0,94.573,1.122,95.694,17.868,1.144,94.55,emon,0.818,0.69,55.2,25.5,2.161
2026-09-23 14:05:21.721,7.4,0,28,8;28;28;5;0;16;0;0;0;20;0;0;0;9;3;2,775,3243,2589;2333;3243;2756;1181;1374;1147;1220;1199;1305;1159;1139;1033;1044;896;775,4.5,0.0,914.9,0,0,0,0,0,0.0,0,0,0,0,0,0,0,0,0.0,0,0,0,0,0,96.8,0.0,7490.2,0,0,0,36.1,4.46,0.08,3.33,22.11,22.4,63.4,98.75002093844944,13.433410624642338,23.93543748193317,26.388246309260527,0.383691031855738,1052.3333333333333,0.0,0.0,0.0,0.0,53.636953672435546,0.6,0.0,0.0,0.0,0.0,450.0,914.9,0.0,0.0,94.573,1.122,95.694,17.868,1.144,94.55,emon,0.818,0.69,55.2,25.5,2.161
2026-09-23 14:05:22.722,7.8,0,38,6;26;38;3;0;21;2;0;0;23;0;2;0;5;0;0,835,3444,2752;2566;3444;2900;1077;1407;1795;1165;1034;1395;1253;922;835;1008;1025;1043,4.8,0.0,913.9,0,0,0,0,0,0.0,0,0,0,0,0,0,0,0,0.0,0,0,0,0,0,98.4,0.0,7490.2,0,0,0,36.1,4.46,0.08,3.33,22.11,22.4,63.4,98.99940872192383,12.716717540563897,23.90028289023866,25.948250213360534,0.45766990485618464,1069.212765957447,0.0,0.0,0.0,0.0,54.595548387062045,0.6,0.0,0.0,0.0,0.0,250.0,913.9,0.0,0.0,94.573,1.122,95.694,17.868,1.144,94.55,emon,0.818,0.69,55.2,25.5,2.161
2026-09-23 14:05:23.722,6.7,0,32,8;19;32;5;0;19;2;0;0;19;0;0;0;3;2;0,928,3174,2343;1977;3174;2596;1165;1252;1115;1185;1219;1234;1211;1077;1075;996;982;928,4.1,0.0,913.9,0,0,0,0,0,0.0,0,0,0,0,0,0,0,0,0.0,0,0,0,0,0,96.4,0.0,7490.2,0,0,0,36.1,4.46,0.08,3.33,22.11,22.4,63.4,98.99971190742825,12.367119240048138,22.98618163233218,24.655464339515436,0.6842922114529242,1125.6304347826087,0.0,0.0,0.0,0.0,53.55397840783648,0.6,0.0,0.0,0.0,0.0,250.0,913.9,0.0,0.0,94.573,1.122,95.694,17.868,1.144,94.55,emon,0.818,0.69,55.2,25.5,2.161
2026-09-23 14:05:24.723,7.4,0,40,6;26;40;2;0;17;0;0;0;20;0;0;0;6;0;0,604,3167,2759;2229;3167;2830;1203;1244;1341;1475;1201;1230;1259;1087;604;990;965;999,3.8,0.0,913.9,0,0,0,0,0,0.0,0,0,0,0,0,0,0,0,0.0,0,0,0,0,0,96.3,0.0,7490.2,0,0,0,36.1,4.46,0.08,3.33,22.11,22.4,63.4,98.67391857468938,13.907597010394177,24.525734683117236,26.840372091316315,0.582743992198312,1099.6024096385543,0.0,0.0,0.0,0.0,53.27880990810423,0.6,0.0,0.0,0.0,0.0,450.0,913.9,0.0,0.0,94.573,1.122,95.694,17.868,1.144,94.55,emon,0.818,0.69,55.2,25.5,2.161
2026-09-23 14:05:25.723,7.1,0,40,9;26;40;2;0;17;2;0;0;11;3;0;0;5;0;0,964,3226,2221;2324;3226;2653;1200;1411;1673;1245;1110;1331;1163;1049;964;985;1005;984,4.0,0.0,913.9,0,0,0,0,0,0.0,0,0,0,0,0,0,0,0,0.0,0,0,0,0,0,95.3,0.0,7490.2,0,0,0,37.1,4.61,0.08,3.38,22.29,22.4,63.4,98.54539391653879,15.338638004660606,24.722093990870885,27.671879066739763,0.29158188700675963,1071.857142857143,0.0,0.0,0.0,0.0,51.64307771197387,0.6,0.0,0.0,0.0,0.0,450.0,913.9,0.0,0.0,94.573,1.122,95.694,17.868,1.144,94.55,emon,0.818,0.69,55.2,25.5,2.161
2026-09-23 14:05:26.724,8.1,0,28,12;22;28;3;0;19;0;0;0;17;0;0;2;25;2;0,1058,3449,2538;2425;3449;2676;1207;1399;1340;1134;1192;1396;1285;1058;1557;1643;1159;1136,3.8,0.0,914.9,0,0,0,0,0,0.0,0,0,0,0,0,0,0,0,0.0,0,0,0,0,0,95.6,0.0,7490.2,0,0,0,38.1,4.61,0.08,3.38,22.29,22.4,63.4,98.44799371975571,15.600070846614553,24.940659081757957,28.32441540618441,0.3252130924179323,1106.4626865671642,0.0,0.0,0.0,0.0,50.93844664519403,0.6,0.0,0.0,0.0,0.0,450.0,914.9,0.0,0.0,94.573,1.122,95.694,17.868,1.144,94.55,emon,0.818,0.69,55.2,25.5,2.161
2026-09-23 14:05:27.724,8.7,0,42,11;32;42;5;0;22;0;0;0;18;2;0;0;6;2;0,911,3318,2080;2375;3318;2952;1259;1367;1497;1231;1197;1412;1323;1438;1049;1008;1044;911,3.8,0.0,913.9,0,0,0,0,0,0.0,0,0,0,0,0,0,0,0,0.0,0,0,0,0,0,95.5,0.0,7490.2,0,0,0,38.1,4.61,0.08,3.38,22.29,22.4,63.4,99.07670960336361,13.056319484504748,23.456824401639544,24.96525990274155,0.33143144457975515,1065.9811320754718,0.0,0.0,0.0,0.0,56.9893769457374,0.7,0.0,0.0,0.0,0.0,250.0,913.9,0.0,0.0,94.573,1.122,95.694,17.868,1.144,94.55,emon,0.818,0.69,55.2,25.5,2.161
2026-09-23 14:05:28.725,8.3,0,31,12;25;31;6;0;21;5;0;0;17;2;2;0;8;2;3,866,3228,2787;2600;3228;2713;1184;1376;1092;1208;1315;1362;1425;1097;866;1090;1190;1105,3.4,0.0,913.9,0,0,0,0,0,0.0,0,0,0,0,0,0,0,0,0.0,0,0,0,0,0,95.1,0.0,7490.2,0,0,0,35.1,4.61,0.08,3.38,22.29,22.4,63.4,98.61930558175752,15.470652334617846,24.877956159187086,28.29647832928282,0.19292442648315267,1120.2121212121212,0.0,0.0,0.0,0.0,51.65804756116687,0.6,0.0,0.0,0.0,0.0,250.0,913.9,0.0,0.0,94.573,1.122,95.694,17.868,1.144,94.55,emon,0.818,0.69,55.2,25.5,2.161
2026-09-23 14:05:29.725,6.0,0,28,6;25;28;5;0;12;3;2;0;14;0;0;0;2;0;0,840,3354,2753;2533;3354;2838;1356;1440;1895;3128;1349;1257;1194;1258;970;940;881;840,3.4,0.0,913.9,0,0,0,0,0,0.0,0,0,0,0,0,0,0,0,0.0,0,0,0,0,0,95.1,0.0,7490.2,0,0,0,35.1,4.57,0.08,3.35,22.23,22.5,63.4,98.51370688045726,15.14611548535964,24.334345873664407,27.62629492142621,0.21390689458691187,1120.3235294117646,0.0,0.0,0.0,0.0,50.155579933348825,0.6,0.0,0.0,0.0,0.0,250.0,916.5,0.0,0.0,94.573,1.122,95.694,17.868,1.144,94.55,emon,0.818,0.69,55.2,25.5,2.161
2026-09-23 14:05:30.725,10.5,0,36,18;26;36;9;2;25;6;3;3;18;6;2;0;12;2;0,842,3597,3489;3006;3597;3465;1838;1599;2662;2721;3039;1574;2788;2470;867;988;842;894,4.5,0.0,926.4,0,0,0,0,0,0.0,0,0,0,0,0,0,0,0,0.0,0,0,0,0,0,97.8,0.0,7490.2,0,0,0,37.1,4.57,0.08,3.35,22.23,22.5,63.4,99.03616198864611,12.561289212267313,23.20019017471062,25.417029485433968,0.5258131191476023,983.065934065934,0.0,0.0,0.0,0.0,53.049123586697895,0.6,0.0,0.0,0.0,0.0,250.0,926.4,0.0,0.0,94.573,1.122,95.694,17.868,1.144,94.55,emon,0.818,0.69,55.2,25.5,2.161
2026-09-23 14:05:31.731,7.9,0,39,12;22;39;5;0;14;0;0;0;26;3;0;0;4;0;0,660,3343,2841;2419;3343;2586;941;1386;1268;1249;1307;1268;1226;1525;748;939;718;660,4.6,0.0,926.4,0,0,0,0,0,0.0,0,0,0,0,0,0,0,0,0.0,0,0,0,0,0,85.8,0.0,7490.2,0,0,0,36.1,4.57,0.08,3.35,22.23,22.6,63.4,99.13069661458333,13.225095817664018,23.97083952029546,25.608176310857136,0.7145142113013208,1015.6666666666666,0.0,0.0,0.0,0.0,55.518288047596194,0.7,0.0,0.0,0.0,0.0,300.0,926.4,0.0,0.0,95.226,1.119,96.345,19.446,1.245,95.1,emon,0.817,0.677,55.7,26.2,2.13
2026-09-23 14:05:32.731,5.5,0,34,3;20;34;3;0;8;0;0;0;12;0;0;0;6;0;0,950,3321,1991;2393;3321;2802;1175;1352;1216;1054;1141;1326;1174;1285;1060;950;1034;1052,4.6,0.0,922.4,0,0,0,0,0,0.0,0,0,0,0,0,0,0,0,0.0,0,0,0,0,0,98.1,0.0,7490.2,0,0,0,37.1,4.57,0.08,3.35,22.23,22.5,63.4,98.83392944335938,13.582884981897141,23.985790883170235,26.334368756082323,0.4520556578141016,1075.111111111111,0.0,0.0,0.0,0.0,55.78907763295703,0.7,0.0,0.0,0.0,0.0,450.0,922.4,0.0,0.0,95.226,1.119,96.345,19.446,1.245,95.1,emon,0.817,0.677,55.7,26.2,2.13
2026-09-23 14:05:33.732,7.0,0,31,3;26;31;3;0;21;2;0;0;11;3;2;0;8;2;0,798,3340,2723;2489;3340;3080;1595;1396;1290;1322;1335;1259;1221;1081;1056;957;798;877,4.5,0.0,922.4,0,0,0,0,0,0.0,0,0,0,0,0,0,0,0,0.0,0,0,0,0,0,96.5,0.0,7490.2,0,0,0,36.1,5.2,0.07,3.33,22.77,22.4,63.4,98.65831124441964,15.257828825712204,24.692061179024833,27.732460805347987,0.17027057313410165,1071.142857142857,0.0,0.0,0.0,0.0,51.631716419756415,0.6,0.0,0.0,0.0,0.0,450.0,922.4,0.0,0.0,95.226,1.119,96.345,19.446,1.245,95.1,emon,0.817,0.677,55.7,26.2,2.13
2026-09-23 14:05:34.732,6.5,0,31,3;29;31;3;0;14;0;0;0;14;3;0;0;6;0;0,876,3562,2733;2585;3562;2890;1189;1331;1153;1200;1215;1291;1275;1242;876;978;1005;907,4.3,0.0,922.4,0,0,0,0,0,0.0,0,0,0,0,0,0,0,0,0.0,0,0,0,0,0,96.5,0.0,7490.2,0,0,0,36.1,5.2,0.07,3.33,22.77,22.4,63.4,97.27234371881636,15.548634241497705,24.464988890148344,27.913624596974206,0.24100197580715066,1058.5238095238096,0.0,0.0,0.0,0.0,49.347570325647084,0.6,0.0,0.0,0.0,0.0,250.0,922.4,0.0,0.0,95.226,1.119,96.345,19.446,1.245,95.1,emon,0.817,0.677,55.7,26.2,2.13
2026-09-23 14:05:35.732,4.8,0,31,2;12;31;2;0;14;0;0;0;12;2;0;0;2;0;0,919,3394,2399;2509;3394;2537;1210;1245;1089;1210;1210;1450;1272;2366;946;1007;970;919,3.7,0.0,922.4,0,0,0,0,0,0.0,0,0,0,0,0,0,0,0,0.0,0,0,0,0,0,95.1,0.0,7490.2,0,0,0,37.1,5.2,0.07,3.33,22.77,22.4,63.4,98.43932802714998,16.087848421127077,24.932380918472532,28.67751154823909,0.18796113862596925,1118.8412698412699,0.0,0.0,0.0,0.0,50.953229620343166,0.6,0.0,0.0,0.0,0.0,450.0,922.4,0.0,0.0,95.226,1.119,96.345,19.446,1.245,95.1,emon,0.817,0.677,55.7,26.2,2.13
2026-09-23 14:05:36.733,6.0,0,31,6;17;31;0;0;17;0;0;0;17;0;0;0;8;0;0,1014,3512,2413;2536;3512;3184;1123;1303;1860;1157;1221;1275;1219;1088;1147;1094;1065;1014,3.8,0.0,922.4,0,0,0,0,0,0.0,0,0,0,0,0,0,0,0,0.0,0,0,0,0,0,64.2,0.0,7490.2,0,0,0,37.1,5.2,0.07,3.33,22.77,22.4,63.4,98.36970696082481,14.021548227163462,26.403505648099458,29.18719717172476,0.35443003421309044,1169.7692307692307,0.0,0.0,0.0,0.0,50.928768144204064,0.6,0.0,0.0,0.0,0.0,450.0,922.4,0.0,0.0,95.226,1.119,96.345,19.446,1.245,95.1,emon,0.817,0.677,55.7,26.2,2.13
2026-09-23 14:05:37.734,5.2,0,28,9;18;28;2;0;11;0;0;0;12;0;0;0;3;0;0,904,3605,2470;2589;3605;3396;1119;1300;1090;1038;1033;1222;1114;1088;1080;1139;911;904,4.3,0.0,922.4,0,0,0,0,0,0.0,0,0,0,0,0,0,0,0,0.0,0,0,0,0,0,0.0,0.0,7490.2,0,0,0,37.1,4.63,0.08,2.48,18.13,22.4,63.4,98.3139882241526,12.929684454394925,26.744057993735037,29.172380324332945,0.48260012556396936,1199.0,0.0,0.0,0.0,0.0,50.165244004659115,0.7,0.0,0.0,0.0,0.0,450.0,922.4,0.0,0.0,95.226,1.119,96.345,19.446,1.245,95.1,emon,0.817,0.677,55.7,26.2,2.13
2026-09-23 14:05:38.734,6.3,0,28,8;17;28;2;0;13;3;0;0;18;3;2;0;8;0;0,1030,3157,2522;2031;3157;2073;1215;1154;1647;1594;3128;1176;1485;1804;1085;1239;1118;1030,4.4,0.0,922.4,0,0,0,0,0,0.0,0,0,0,0,0,0,0,0,0.0,0,0,0,0,0,0.0,0.0,7490.2,0,0,0,37.1,4.63,0.08,2.48,18.13,22.4,63.4,98.68492291190408,10.324358796044676,25.547782517292283,26.719804939898577,0.710056008675813,1180.25,0.0,0.0,0.0,0.0,53.705125617540695,0.7,0.0,0.0,0.0,0.0,450.0,922.4,0.0,0.0,95.226,1.119,96.345,19.446,1.245,95.1,emon,0.817,0.677,55.7,26.2,2.13
2026-09-23 14:05:39.734,7.8,0,30,29;6;30;11;0;0;14;0;0;0;17;3;0;0;14;2,1120,3057,2219;2748;3057;3028;1151;1120;1197;1197;1228;1945;1391;1485;1227;1151;2133;1319,4.5,0.0,913.9,0,0,0,0,0,0.0,0,0,0,0,0,0,0,0,0.0,0,0,0,0,0,0.0,0.0,7490.2,0,0,0,32.1,4.63,0.08,2.48,18.13,22.5,63.4,98.55164497777035,9.677482599255287,24.988658868639092,25.962549124265973,0.7125443134076991,1175.842105263158,0.0,0.0,0.0,0.0,55.01508601574521,0.7,0.0,0.0,0.0,0.0,450.0,922.4,0.0,0.0,95.226,1.119,96.345,19.446,1.245,95.1,emon,0.817,0.677,55.7,26.2,2.13
2026-09-23 14:05:40.734,5.5,0,29,29;5;20;3;0;0;11;0;0;0;11;2;0;0;6;2,1022,2877,2673;2500;2877;2646;1032;1140;1220;1022;1148;1103;1187;1118;1165;1163;1132;1063,4.5,0.0,913.9,0,0,0,0,0,0.0,0,0,0,0,0,0,0,0,0.0,0,0,0,0,0,0.0,0.0,7490.2,0,0,0,33.1,4.63,0.08,2.48,18.13,22.5,63.4,98.73642224763569,10.987144090784223,25.261563020003468,26.123848709307218,0.5310925519780109,1176.8947368421052,0.0,0.0,0.0,0.0,55.05123296191818,0.7,0.0,0.0,0.0,0.0,450.0,913.9,0.0,0.0,95.226,1.119,96.345,19.446,1.245,95.1,emon,0.817,0.677,55.7,26.2,2.13
2026-09-23 14:05:41.735,8.8,2,41,19;11;41;8;2;2;17;3;3;2;17;6;2;2;5;3,1819,3925,3394;3531;3907;3925;3086;2944;1933;2978;2860;3074;1876;2609;2627;2703;1819;2679,4.8,0.0,913.9,0,0,0,0,0,0.0,0,0,0,0,0,0,0,0,0.0,0,0,0,0,0,0.0,0.0,7490.2,0,0,0,39.1,4.15,0.1,0.33,7.27,22.5,63.4,98.62498048481189,11.473564561240767,24.28104872703552,25.584323749573606,0.7577909677332316,1173.2105263157894,0.0,0.0,0.0,0.0,55.04253512746409,0.7,0.0,0.0,0.0,0.0,300.0,914.9,0.0,0.0,95.226,1.119,96.345,19.446,1.245,95.1,emon,0.817,0.677,55.7,26.2,2.13
2026-09-23 14:05:42.735,6.7,0,28,22;8;28;3;0;0;17;0;2;0;22;2;0;0;3;2,906,3585,2375;2284;3585;3392;1167;1150;1286;1133;1255;1154;1333;1267;989;1016;971;906,4.7,0.0,913.9,0,0,0,0,0,0.0,0,0,0,0,0,0,0,0,0.0,0,0,0,0,0,100.0,0.0,7490.2,0,0,0,43.1,4.15,0.1,0.33,7.27,22.5,63.4,98.99181136264596,12.864583873540484,23.310149992665938,24.907988781570108,0.22314211641693668,1134.483870967742,0.0,0.0,0.0,0.0,55.151323821115234,0.6,0.0,0.0,0.0,0.0,300.0,913.9,0.0,0.0,0.909,3.915,4.824,14.797,0.947,3.877,emon,0.858,0.975,27.7,13.8,2.012
2026-09-23 14:05:43.736,10.9,4,38,25;9;38;14;5;5;18;4;5;5;22;6;5;5;5;5,852,3483,2875;3355;3456;3483;3332;3337;1774;3163;3204;3287;1788;3024;994;950;914;852,4.6,0.0,926.4,0,0,0,0,0,0.0,0,0,0,0,0,0,0,0,0.0,0,0,0,0,0,100.0,0.0,7490.2,0,0,0,45.1,4.15,0.1,0.33,7.27,22.7,63.4,98.28582763671875,15.560901118863013,24.872415173438288,28.12363612267279,0.14897160286425554,1103.8387096774193,0.0,0.0,0.0,0.0,50.15569610893726,0.6,0.0,0.0,0.0,0.0,450.0,926.4,0.0,0.0,0.909,3.915,4.824,14.797,0.947,3.877,emon,0.858,0.975,27.7,13.8,2.012
2026-09-23 14:05:44.736,17.2,6,53,33;22;53;17;13;10;17;12;14;13;20;11;10;10;14;6,2097,4333,3460;4081;4043;4333;3246;3197;2304;3053;3169;3255;2374;2978;2720;2702;2097;2557,4.9,0.0,926.4,0,0,0,0,0,0.0,0,0,0,0,0,0,0,0,0.0,0,0,0,0,0,40.4,0.0,7490.2,0,0,0,40.1,4.15,0.1,0.33,7.27,22.5,63.4,99.00260877107318,13.26997110192713,23.50017712241725,24.894666472234224,0.2880748832481913,1051.1052631578948,0.0,0.0,0.0,0.0,55.05485004343485,0.7,0.0,0.0,0.0,0.0,450.0,922.4,0.0,0.0,0.909,3.915,4.824,14.797,0.947,3.877,emon,0.858,0.975,27.7,13.8,2.012
2026-09-23 14:05:45.736,7.4,0,39,28;8;39;5;0;0;17;0;0;0;20;0;0;0;2;0,681,3234,2097;2508;3234;2678;1191;1440;1428;1118;1189;1229;1304;1290;1011;681;1005;911,4.6,0.0,922.4,0,0,0,0,0,0.0,0,0,0,0,0,0,0,0,0.0,0,0,0,0,0,98.1,0.0,7490.2,0,0,0,38.1,6.46,0.08,9.78,25.53,22.5,63.4,98.49581682682037,15.780384004116058,24.85842192173004,28.22205024957657,0.10750243594520725,1106.03125,0.0,0.0,0.0,0.0,50.154118915321305,0.7,0.0,0.0,0.0,0.0,450.0,922.4,0.0,0.0,0.909,3.915,4.824,14.797,0.947,3.877,emon,0.858,0.975,27.7,13.8,2.012
2026-09-23 14:05:46.737,6.5,0,28,20;5;28;6;0;0;20;0;0;0;19;2;0;0;5;0,900,3234,2350;2502;3234;2918;900;1242;1525;1178;1362;1174;1752;1601;1056;1016;1041;973,4.0,0.0,922.4,0,0,0,0,0,0.0,0,0,0,0,0,0,0,0,0.0,0,0,0,0,0,97.6,0.0,7490.2,0,0,0,37.1,6.46,0.08,9.78,25.53,22.4,63.4,98.52210078519933,14.845492057064,24.489142642301672,27.29825008616728,0.2141582245043109,1076.9411764705883,0.0,0.0,0.0,0.0,50.15705502098974,0.6,0.0,0.0,0.0,0.0,450.0,922.4,0.0,0.0,0.909,3.915,4.824,14.797,0.947,3.877,emon,0.858,0.975,27.7,13.8,2.012
2026-09-23 14:05:47.737,9.4,0,33,14;20;33;6;0;0;26;0;0;0;22;3;0;0;27;0,926,3368,2317;2385;3368;2527;1152;1177;1375;1133;1201;1305;1447;1192;926;1018;1440;951,4.2,0.0,922.4,0,0,0,0,0,0.0,0,0,0,0,0,0,0,0,0.0,0,0,0,0,0,97.8,0.0,7490.2,0,0,0,38.1,6.46,0.08,9.78,25.53,22.5,63.4,98.36942077169613,12.29956407301432,23.404739962548625,25.26300712218698,0.4432168493469956,1062.7755102040817,0.0,0.0,0.0,0.0,53.36849922063399,0.7,0.0,0.0,0.0,0.0,250.0,922.4,0.0,0.0,0.909,3.915,4.824,14.797,0.947,3.877,emon,0.858,0.975,27.7,13.8,2.012
2026-09-23 14:05:48.738,7.4,0,35,24;6;35;3;0;0;20;0;0;0;25;2;0;0;2;2,593,3601,2522;2414;3601;3108;1288;1245;1368;1288;1634;1245;1346;1313;919;593;938;1022,3.7,0.0,922.4,0,0,0,0,0,0.0,0,0,0,0,0,0,0,0,0.0,0,0,0,0,0,98.7,0.0,7490.2,0,0,0,40.1,6.46,0.08,9.78,25.53,22.5,63.4,99.111087539821,12.400508564254903,24.43072372501336,26.065078390599453,0.5066659888964671,1033.9514563106795,0.0,0.0,0.0,0.0,55.65632995095068,0.6,0.0,0.0,0.0,0.0,250.0,922.4,0.0,0.0,0.909,3.915,4.824,14.797,0.947,3.877,emon,0.858,0.975,27.7,13.8,2.012
2026-09-23 14:05:49.738,8.1,0,38,30;6;38;5;0;0;22;0;0;0;18;3;0;0;6;0,876,3460,2307;2349;3460;2923;1323;1202;1406;1304;1264;1090;1372;1369;909;876;1023;946,4.0,0.0,922.4,0,0,0,0,0,0.0,0,0,0,0,0,0,0,0,0.0,0,0,0,0,0,96.2,0.0,7490.2,0,0,0,39.1,4.95,0.08,3.35,22.34,22.5,63.4,98.87797621738764,13.673794942965477,23.76580739904333,26.022194076467443,0.3890037645300546,1124.9259259259259,0.0,0.0,0.0,0.0,53.33288407583296,0.7,0.0,0.0,0.0,0.0,450.0,922.4,0.0,0.0,0.909,3.915,4.824,14.797,0.947,3.877,emon,0.858,0.975,27.7,13.8,2.012
2026-09-23 14:05:50.739,9.8,0,41,25;11;41;6;2;0;24;3;3;5;19;3;0;2;8;6,745,3628,3110;3234;3562;3628;2720;1852;1810;2676;2578;2519;1595;2254;916;745;1003;885,4.2,0.0,922.4,0,0,0,0,0,0.0,0,0,0,0,0,0,0,0,0.0,0,0,0,0,0,97.9,0.0,7490.2,0,0,0,37.1,4.95,0.08,3.35,22.34,22.5,63.4,98.86481717737709,14.173384092929886,24.33538372923688,26.3452473646257,0.24066770827737013,1037.4146341463415,0.0,0.0,0.0,0.0,53.939230600508246,0.7,0.0,0.0,0.0,0.0,450.0,922.4,0.0,0.0,0.909,3.915,4.824,14.797,0.947,3.877,emon,0.858,0.975,27.7,13.8,2.012
2026-09-23 14:05:51.739,7.2,0,36,18;5;36;2;0;0;17;0;0;0;18;2;0;0;17;0,864,3282,2377;2599;3282;2898;996;1119;1367;1271;1018;1179;1301;1131;864;1031;1452;958,4.2,0.0,922.4,0,0,0,0,0,0.0,0,0,0,0,0,0,0,0,0.0,0,0,0,0,0,97.9,0.0,7490.2,0,0,0,36.1,4.95,0.08,3.35,22.34,22.5,63.4,98.41862721596995,15.44913504200597,25.04993180305727,28.391278174615675,0.30260506398213516,1119.1612903225807,0.0,0.0,0.0,0.0,50.161355888410924,0.6,0.0,0.0,0.0,0.0,450.0,922.4,0.0,0.0,0.909,3.915,4.824,14.797,0.947,3.877,emon,0.858,0.975,27.7,13.8,2.012
2026-09-23 14:05:52.739,7.5,0,31,23;6;31;3;0;0;20;0;0;0;15;0;2;2;18;2,856,3434,2508;2541;3434;2694;1313;1175;1445;1295;1128;1188;1378;1180;856;1077;1065;875,4.7,0.0,913.9,0,0,0,0,0,0.0,0,0,0,0,0,0,0,0,0.0,0,0,0,0,0,88.4,0.0,7490.2,0,0,0,35.1,4.95,0.08,3.35,22.34,22.5,63.4,99.10954144126491,12.279598524548897,22.61253767891934,23.494284500024822,0.35781003796358146,1076.6315789473683,0.0,0.0,0.0,0.0,57.40266915188547,0.7,0.0,0.0,0.0,0.0,250.0,913.9,0.0,0.0,0.909,3.915,4.824,14.797,0.947,3.877,emon,0.858,0.975,27.7,13.8,2.012
2026-09-23 14:05:53.740,5.6,0,26,20;8;26;3;0;0;16;2;0;0;8;2;0;0;5;0,881,3491,2619;2452;3491;3030;1250;1247;1355;1574;1103;1224;1424;1188;1086;881;968;1081,4.6,0.0,913.9,0,0,0,0,0,0.0,0,0,0,0,0,0,0,0,0.0,0,0,0,0,0,89.6,0.0,7490.2,0,0,0,36.1,5.16,0.07,3.36,22.41,22.5,63.4,98.58203876379764,15.48414757757476,24.976243163600113,28.378050601843633,0.19182610233264946,1106.5757575757575,0.0,0.0,0.0,0.0,50.148731192856125,0.6,0.0,0.0,0.0,0.0,250.0,913.9,0.0,0.0,0.909,3.915,4.824,14.797,0.947,3.877,emon,0.858,0.975,27.7,13.8,2.012
2026-09-23 14:05:54.740,7.1,0,41,20;3;41;5;0;0;12;0;0;0;20;0;0;0;12;0,548,3164,2259;2654;3164;2535;967;1328;1301;1623;1292;947;1375;1528;548;775;1004;863,4.5,0.0,915.0,0,0,0,0,0,0.0,0,0,0,0,0,0,0,0,0.0,0,0,0,0,0,86.2,0.0,7490.2,0,0,0,36.1,5.16,0.07,3.36,22.41,22.4,63.4,98.48893082141876,15.586723744869232,25.0983607172966,28.381374716758728,0.1806520950963204,1127.90625,0.0,0.0,0.0,0.0,50.156099861254916,0.6,0.0,0.0,0.0,0.0,250.0,915.0,0.0,0.0,92.932,4.39,97.322,18.594,1.19,96.132,emon,0.803,0.921,54.3,25.3,2.15
2026-09-23 14:05:55.741,7.5,0,28,28;8;28;0;0;0;24;0;0;0;25;2;0;0;5;0,712,2977,2135;2298;2977;2336;2081;1272;1469;1552;1600;2074;1322;1109;776;712;991;868,4.6,0.0,913.9,0,0,0,0,0,0.0,0,0,0,0,0,0,0,0,0.0,0,0,0,0,0,83.2,0.0,7490.2,0,0,0,35.1,5.16,0.07,3.36,22.41,22.5,63.4,98.62679905086368,13.555320755663244,23.962537321177397,26.32264758356206,0.42509396086626855,1002.2467532467532,0.0,0.0,0.0,0.0,52.21580935627609,0.7,0.0,0.0,0.0,0.0,450.0,913.9,0.0,0.0,92.932,4.39,97.322,18.594,1.19,96.132,emon,0.803,0.921,54.3,25.3,2.15
2026-09-23 14:05:56.741,6.8,0,36,20;11;36;0;0;0;12;5;0;0;12;2;0;0;11;0,920,3140,2392;2621;3140;2635;1179;1089;1345;1230;1155;1092;1305;1174;1126;1028;1088;920,4.0,0.0,913.9,0,0,0,0,0,0.0,0,0,0,0,0,0,0,0,0.0,0,0,0,0,0,85.5,0.0,7490.2,0,0,0,36.1,5.16,0.07,3.36,22.41,22.5,63.4,99.08047337434729,12.749911270085342,24.03389427491597,26.096927291732662,0.46784672566109853,1007.6734693877551,0.0,0.0,0.0,0.0,54.39132962877653,0.7,0.0,0.0,0.0,0.0,450.0,913.9,0.0,0.0,92.932,4.39,97.322,18.594,1.19,96.132,emon,0.803,0.921,54.3,25.3,2.15
2026-09-23 14:05:57.763,7.0,0,31,23;4;31;3;0;0;18;2;2;0;15;0;2;0;12;0,853,3267,2443;2666;3267;3061;1198;1149;1383;1302;990;1211;1222;1072;909;853;1001;925,3.9,0.0,914.9,0,0,0,0,0,0.0,0,0,0,0,0,0,0,0,0.0,0,0,0,0,0,97.1,0.0,7490.2,0,0,0,37.1,4.54,0.08,3.34,21.76,22.6,63.4,98.99025482492348,13.183976969576067,24.18491465037631,25.97707171108305,0.710480620120544,1069.618556701031,0.0,0.0,0.0,0.0,56.00340108035766,0.6,0.0,0.0,0.0,0.0,450.0,914.9,0.0,0.0,92.932,4.39,97.322,18.594,1.19,96.132,emon,0.803,0.921,54.3,25.3,2.15
2026-09-23 14:05:58.764,6.8,0,30,18;12;30;5;0;0;22;3;0;0;11;3;0;0;5;0,970,3224,2492;2715;3224;2693;2932;1538;1460;1380;1829;2989;1336;1336;984;1064;976;970,3.7,0.0,914.9,0,0,0,0,0,0.0,0,0,0,0,0,0,0,0,0.0,0,0,0,0,0,97.8,0.0,7490.2,0,0,0,38.1,4.54,0.08,3.34,21.76,22.5,63.4,98.78008134024483,13.443911251390265,24.069518691017514,26.165015772694634,0.4855840490906433,1131.142857142857,0.0,0.0,0.0,0.0,53.847988685681706,0.6,0.0,0.0,0.0,0.0,250.0,914.9,0.0,0.0,92.932,4.39,97.322,18.594,1.19,96.132,emon,0.803,0.921,54.3,25.3,2.15
2026-09-23 14:05:59.764,10.0,0,53,27;8;53;6;0;2;20;5;3;2;17;2;3;2;9;2,799,3886,3173;3395;3886;3613;2681;2944;2012;2971;3185;3243;1909;2636;799;847;914;821,4.2,0.0,913.9,0,0,0,0,0,0.0,0,0,0,0,0,0,0,0,0.0,0,0,0,0,0,99.5,0.0,7490.2,0,0,0,42.1,4.54,0.08,3.34,21.76,22.5,63.4,98.89947122767352,15.346714803058168,25.162115345830504,28.16566123824189,0.2173475825086074,1027.9855072463768,0.0,0.0,0.0,0.0,52.35082678518434,0.7,0.0,0.0,0.0,0.0,250.0,913.9,0.0,0.0,92.932,4.39,97.322,18.594,1.19,96.132,emon,0.803,0.921,54.3,25.3,2.15
2026-09-23 14:06:00.764,7.5,0,34,27;6;34;8;0;0;14;3;2;0;12;2;0;0;9;2,891,3379,2580;2422;3379;2537;1140;1160;1317;1096;1314;1146;1345;1197;925;1054;980;891,4.5,0.0,913.8,0,0,0,0,0,0.0,0,0,0,0,0,0,0,0,0.0,0,0,0,0,0,88.1,0.0,7490.2,0,0,0,39.1,4.54,0.08,3.34,21.76,22.5,63.4,98.6574148880808,14.081655326250353,23.87693937201249,26.307197067298386,0.23538615099096205,1135.1842105263158,0.0,0.0,0.0,0.0,52.854107796949776,0.7,0.0,0.0,0.0,0.0,250.0,913.8,0.0,0.0,92.932,4.39,97.322,18.594,1.19,96.132,emon,0.803,0.921,54.3,25.3,2.15
2026-09-23 14:06:01.765,6.3,0,33,15;11;33;6;0;0;11;0;0;0;16;3;0;0;6;0,915,3152,2490;2709;3152;2550;1165;1405;1232;1218;1311;1794;1325;1366;974;915;991;997,4.5,0.0,913.8,0,0,0,0,0,0.0,0,0,0,0,0,0,0,0,0.0,0,0,0,0,0,88.1,0.0,7490.2,0,0,0,36.1,4.54,0.08,3.34,21.76,22.4,63.4,98.46350692300236,15.588694600497975,24.956838439492618,28.263798601487103,0.19960686263306449,1110.0294117647059,0.0,0.0,0.0,0.0,50.151953403783196,0.7,0.0,0.0,0.0,0.0,250.0,913.8,0.0,0.0,92.932,4.39,97.322,18.594,1.19,96.132,emon,0.803,0.921,54.3,25.3,2.15
2026-09-23 14:06:02.765,7.1,0,36,22;6;36;3;0;0;21;0;0;0;24;0;0;0;2;0,973,3226,2451;2642;3226;2812;1210;1178;1398;1336;1326;1210;1430;1349;1013;1012;973;1056,4.7,0.0,913.8,0,0,0,0,0,0.0,0,0,0,0,0,0,0,0,0.0,0,0,0,0,0,88.8,0.0,7490.2,0,0,0,37.1,4.54,0.08,3.34,21.76,22.4,63.4,98.19514502248457,15.429682147118353,25.17423076014365,28.487095617478893,0.23473313231971266,1144.1612903225807,0.0,0.0,0.0,0.0,50.18055444018495,0.6,0.0,0.0,0.0,0.0,250.0,913.8,0.0,0.0,92.932,4.39,97.322,18.594,1.19,96.132,emon,0.803,0.921,54.3,25.3,2.15
2026-09-23 14:06:03.765,5.6,0,31,15;9;31;3;0;0;14;0;0;0;11;0;0;0;6;0,1031,3441,2486;2628;3441;2635;1157;1152;1391;1214;1286;1195;1251;1218;1031;1107;1341;1062,4.4,0.0,913.8,0,0,0,0,0,0.0,0,0,0,0,0,0,0,0,0.0,0,0,0,0,0,87.6,0.0,7490.2,0,0,0,37.1,4.54,0.08,3.34,21.76,22.4,63.4,98.34372746944427,15.577391922473907,25.011450350284576,28.303253769874573,0.22035957808111561,1126.34375,0.0,0.0,0.0,0.0,50.16633507050574,0.6,0.0,0.0,0.0,0.0,250.0,913.8,0.0,0.0,92.932,4.39,97.322,18.594,1.19,96.132,emon,0.803,0.921,54.3,25.3,2.15
2026-09-23 14:06:04.766,7.3,0,33,24;5;33;8;0;0;14;3;0;0;15;0;0;0;16;0,888,3360,2513;2558;3360;3115;1814;1373;1448;1828;1454;1376;1420;1418;907;1163;1959;888,4.9,0.0,913.8,0,0,0,0,0,0.0,0,0,0,0,0,0,0,0,0.0,0,0,0,0,0,91.9,0.0,7490.2,0,0,0,37.1,4.54,0.08,3.34,21.76,22.4,63.4,98.75018151251824,12.345279673626134,23.71014078239818,25.383292677802043,0.48917592311940655,1063.2857142857142,0.0,0.0,0.0,0.0,53.01417176589206,0.7,0.0,0.0,0.0,0.0,300.0,913.8,0.0,0.0,92.932,4.39,97.322,18.594,1.19,96.132,emon,0.803,0.921,54.3,25.3,2.15
2026-09-23 14:06:05.766,7.3,0,33,20;8;33;5;0;0;19;0;0;0;17;2;2;0;11;2,843,3240,2297;2416;3240;3216;1171;1201;1462;1200;1038;1173;1380;1274;937;843;1051;861,6.4,0.0,849.0,0,0,0,0,0,0.0,0,0,0,0,0,0,0,0,0.0,0,0,0,0,0,100.0,0.0,7490.2,0,0,0,37.1,0.0,0.0,0.0,0.0,22.4,63.4,99.03456192016601,12.137865096591414,24.596243380308152,26.256977770477533,0.49943640219746155,1104.5,0.0,0.0,0.0,0.0,55.319747978001836,0.7,0.0,0.0,0.0,0.0,250.0,849.0,0.0,0.0,92.932,4.39,97.322,18.594,1.19,96.132,emon,0.803,0.921,54.3,25.3,2.15
2026-09-23 14:06:06.769,5.9,0,31,18;3;31;3;0;0;14;0;0;0;14;3;0;0;8;0,633,3234,2144;2533;3234;2872;1087;905;1323;1114;1182;1069;1268;1202;882;633;963;901,4.5,0.0,861.5,0,0,0,0,0,0.0,0,0,0,0,0,0,0,0,0.0,0,0,0,0,0,97.2,0.0,7490.2,0,0,0,36.1,0.0,0.0,0.0,0.0,22.5,63.4,99.04135345744196,11.63441722730401,23.080627176249138,24.43641047973499,0.6868477343041972,1062.0841121495328,0.0,0.0,0.0,0.0,55.50688978486529,0.6,0.0,0.0,0.0,0.0,250.0,861.5,0.0,0.0,94.26,4.501,98.762,18.349,1.174,97.588,emon,0.804,0.924,54.9,25.8,2.13
2026-09-23 14:06:07.770,6.9,0,31,28;9;31;2;0;0;12;0;0;0;18;0;0;0;9;0,890,3222,2406;2451;3222;2917;1521;2119;1502;1942;1712;1390;1421;1327;890;954;997;993,4.0,0.0,861.5,0,0,0,0,0,0.0,0,0,0,0,0,0,0,0,0.0,0,0,0,0,0,96.4,0.0,7490.2,0,0,0,37.1,0.0,0.0,0.0,0.0,22.5,63.4,98.62352294921875,14.082164614833891,24.261789405345915,26.704773867130278,0.45966015622325357,1098.375,0.0,0.0,0.0,0.0,54.036677232943475,0.6,0.0,0.0,0.0,0.0,250.0,861.5,0.0,0.0,94.26,4.501,98.762,18.349,1.174,97.588,emon,0.804,0.924,54.9,25.8,2.13
2026-09-23 14:06:08.770,7.3,0,32,17;22;32;2;0;0;11;9;3;2;10;8;0;0;0;2,999,3702,2112;2735;3702;3450;1245;1470;1222;1691;1411;2925;1250;1748;1042;999;1034;1005,3.8,0.0,857.5,0,0,0,0,0,0.0,0,0,0,0,0,0,0,0,0.0,0,0,0,0,0,87.3,0.0,7490.2,0,0,0,37.1,4.56,0.13,3.36,21.96,22.5,63.4,98.4936349214013,15.325229918778833,25.22667033636748,28.519489459137418,0.2011418857432749,1141.5373134328358,0.0,0.0,0.0,0.0,50.930714640377175,0.6,0.0,0.0,0.0,0.0,250.0,857.5,0.0,0.0,94.26,4.501,98.762,18.349,1.174,97.588,emon,0.804,0.924,54.9,25.8,2.13
2026-09-23 14:06:09.771,6.9,0,34,9;20;34;3;0;0;0;18;0;0;0;23;0;0;0;2,967,3171,2243;2242;3171;2540;1781;2545;2537;1342;1204;1922;2420;1410;1050;993;1014;967,3.5,0.0,858.5,0,0,0,0,0,0.0,0,0,0,0,0,0,0,0,0.0,0,0,0,0,0,95.8,0.0,7490.2,0,0,0,38.1,4.56,0.13,3.36,21.96,22.5,63.4,98.36669290065765,15.578275471925735,25.067606210708618,28.39230304956436,0.13288535648825928,1152.90625,0.0,0.0,0.0,0.0,50.16291285166517,0.6,0.0,0.0,0.0,0.0,450.0,857.5,0.0,0.0,94.26,4.501,98.762,18.349,1.174,97.588,emon,0.804,0.924,54.9,25.8,2.13
2026-09-23 14:06:10.771,8.0,0,31,8;25;31;10;6;2;0;17;3;0;0;21;3;0;0;3,885,3700,3367;2862;3686;3700;2918;2863;3264;1906;2800;3056;2197;1866;895;937;885;915,4.0,0.0,858.5,0,0,0,0,0,0.0,0,0,0,0,0,0,0,0,0.0,0,0,0,0,0,97.9,0.0,7490.2,0,0,0,39.1,4.56,0.13,3.36,21.96,22.5,63.4,98.73885321617126,15.671856462955475,24.98447561264038,28.275425970554352,0.11215804089988524,1074.0,0.0,0.0,0.0,0.0,50.13486801995896,0.6,0.0,0.0,0.0,0.0,250.0,858.5,0.0,0.0,94.26,4.501,98.762,18.349,1.174,97.588,emon,0.804,0.924,54.9,25.8,2.13
2026-09-23 14:06:11.771,6.7,0,31,9;24;31;5;0;2;0;14;0;0;0;16;2;0;0;6,925,3208,2203;2267;3208;2335;1210;1157;1059;1416;1156;1132;1124;1389;962;928;925;1070,4.0,0.0,858.5,0,0,0,0,0,0.0,0,0,0,0,0,0,0,0,0.0,0,0,0,0,0,97.9,0.0,7490.2,0,0,0,36.1,4.56,0.13,3.36,21.96,22.5,63.4,98.36701118946075,15.774366348981857,24.888166189193726,28.30194354057312,0.12097018865915743,1129.46875,0.0,0.0,0.0,0.0,50.16826078807935,0.6,0.0,0.0,0.0,0.0,250.0,850.0,0.0,0.0,94.26,4.501,98.762,18.349,1.174,97.588,emon,0.804,0.924,54.9,25.8,2.13
2026-09-23 14:06:12.772,6.1,0,28,5;21;28;2;2;0;0;15;2;0;0;20;0;0;0;5,872,3175,2390;2126;2908;2895;1631;2562;1778;1539;1366;2830;3175;1369;1021;1045;872;1004,4.2,0.0,850.0,0,0,0,0,0,0.0,0,0,0,0,0,0,0,0,0.0,0,0,0,0,0,99.3,0.0,7490.2,0,0,0,35.1,4.55,0.07,3.34,21.87,22.5,63.4,98.56128712704307,13.62770085647016,24.124503973283264,26.521804006084015,0.3347543178962568,1074.657894736842,0.0,0.0,0.0,0.0,51.58331817192467,0.6,0.0,0.0,0.0,0.0,450.0,852.7,0.0,0.0,94.26,4.501,98.762,18.349,1.174,97.588,emon,0.804,0.924,54.9,25.8,2.13
2026-09-23 14:06:13.772,7.1,0,33,8;23;33;3;3;0;0;23;2;0;0;16;0;0;0;5,735,3380,2718;2326;3380;2758;1738;1560;2962;1478;1388;1159;1146;1414;1036;735;855;955,4.8,0.0,850.0,0,0,0,0,0,0.0,0,0,0,0,0,0,0,0,0.0,0,0,0,0,0,97.4,0.0,7490.2,0,0,0,36.1,4.55,0.07,3.34,21.87,22.4,63.4,98.90763523602726,12.124960406222428,23.525862935817603,25.35015088018745,0.49979782644706316,1064.6565656565656,0.0,0.0,0.0,0.0,54.915338174411744,0.7,0.0,0.0,0.0,0.0,450.0,850.0,0.0,0.0,94.26,4.501,98.762,18.349,1.174,97.588,emon,0.804,0.924,54.9,25.8,2.13
2026-09-23 14:06:14.773,6.9,0,44,6;26;44;5;2;2;0;11;2;0;0;12;0;0;0;2,806,3551,2422;2266;3551;2679;1140;1111;1886;1362;1161;1607;1428;1417;919;1047;806;972,4.6,0.0,851.0,0,0,0,0,0,0.0,0,0,0,0,0,0,0,0,0.0,0,0,0,0,0,97.0,0.0,7490.2,0,0,0,36.1,4.55,0.07,3.34,21.87,22.4,63.4,99.11572216628889,12.167735690541496,23.897134506374325,25.4619060339184,0.5181758929927269,985.697247706422,0.0,0.0,0.0,0.0,55.37926863571373,0.7,0.0,0.0,0.0,0.0,450.0,850.0,0.0,0.0,94.26,4.501,98.762,18.349,1.174,97.588,emon,0.804,0.924,54.9,25.8,2.13
2026-09-23 14:06:15.773,6.6,0,29,6;28;29;8;0;0;0;12;0;0;0;18;0;0;0;3,590,3065,2635;2598;3065;2684;1239;898;932;1533;1411;1548;980;1424;859;590;633;923,4.8,0.0,850.0,0,0,0,0,0,0.0,0,0,0,0,0,0,0,0,0.0,0,0,0,0,0,99.7,0.0,7490.2,0,0,0,36.1,4.55,0.07,3.34,21.87,22.4,63.4,98.67078113555908,13.643395959585906,24.542330408096312,26.815669971704484,0.7104606219247216,1072.75,0.0,0.0,0.0,0.0,52.76910767219961,0.7,0.0,0.0,0.0,0.0,250.0,850.0,0.0,0.0,94.26,4.501,98.762,18.349,1.174,97.588,emon,0.804,0.924,54.9,25.8,2.13
2026-09-23 14:06:16.774,7.3,0,41,5;21;41;2;2;0;0;22;0;0;0;22;0;0;0;3,961,3366,2630;2633;3366;2795;1372;1281;1249;1363;1228;1185;1207;1377;1051;1065;961;983,4.1,0.0,850.0,0,0,0,0,0,0.0,0,0,0,0,0,0,0,0,0.0,0,0,0,0,0,98.8,0.0,7490.2,0,0,0,37.1,4.86,0.08,3.38,22.11,22.4,63.4,98.46637586136939,14.488771327784363,23.99683175960057,26.939160078344212,0.19726368773426914,1055.338028169014,0.0,0.0,0.0,0.0,50.34239386966531,0.6,0.0,0.0,0.0,0.0,250.0,850.0,0.0,0.0,94.26,4.501,98.762,18.349,1.174,97.588,emon,0.804,0.924,54.9,25.8,2.13
2026-09-23 14:06:17.774,6.8,0,36,6;22;36;3;2;0;0;14;0;0;0;21;0;0;0;5,721,3474,2612;2457;3474;2997;1337;1549;1405;1308;1519;1257;1274;1385;871;852;721;942,4.1,0.0,862.6,0,0,0,0,0,0.0,0,0,0,0,0,0,0,0,0.0,0,0,0,0,0,91.1,0.0,7490.2,0,0,0,37.1,4.86,0.08,3.38,22.11,22.5,63.4,98.38549264761117,15.951828619150016,25.08840813269982,28.490902416522687,0.09456455701863609,1085.923076923077,0.0,0.0,0.0,0.0,50.92540609401006,0.7,0.0,0.0,0.0,0.0,250.0,862.6,0.0,0.0,94.26,4.501,98.762,18.349,1.174,97.588,emon,0.804,0.924,54.9,25.8,2.13
2026-09-23 14:06:18.775,6.3,0,34,3;25;34;5;0;0;0;16;0;0;0;14;0;0;0;3,788,3621,2919;2591;3621;3193;1286;1254;1435;1353;1265;1042;1023;1408;850;788;889;1018,3.9,0.0,858.5,0,0,0,0,0,0.0,0,0,0,0,0,0,0,0,0.0,0,0,0,0,0,97.1,0.0,7490.2,0,0,0,37.1,4.86,0.08,3.38,22.11,22.5,63.4,98.226969054251,15.418331016193736,25.08824348449707,28.386118628761984,0.155399302436501,1144.4545454545455,0.0,0.0,0.0,0.0,50.16405332291668,0.7,0.0,0.0,0.0,0.0,250.0,862.5,0.0,0.0,95.373,1.099,96.471,17.307,1.108,95.363,emon,0.822,0.442,57.5,27.0,2.13
2026-09-23 14:06:19.775,7.3,0,38,8;24;38;3;0;0;0;17;2;0;0;18;0;0;0;8,822,3368,2804;2570;3368;3118;1374;1293;1212;1351;1235;957;1128;1506;1006;979;822;981,3.8,0.0,858.5,0,0,0,0,0,0.0,0,0,0,0,0,0,0,0,0.0,0,0,0,0,0,97.2,0.0,7490.2,0,0,0,38.1,4.86,0.08,3.38,22.11,22.5,63.4,98.36609023364622,15.193438700775602,24.686168272103835,27.90272931910273,0.11895546443854223,1101.9850746268658,0.0,0.0,0.0,0.0,49.42521735447556,0.7,0.0,0.0,0.0,0.0,250.0,858.5,0.0,0.0,95.373,1.099,96.471,17.307,1.108,95.363,emon,0.822,0.442,57.5,27.0,2.13
2026-09-23 14:06:20.776,7.6,0,43,5;34;43;3;0;0;0;17;0;0;0;16;0;0;0;5,797,3055,2404;2311;3055;2655;1821;1146;1250;1312;2096;1159;1111;1369;916;797;877;1047,3.7,0.0,858.5,0,0,0,0,0,0.0,0,0,0,0,0,0,0,0,0.0,0,0,0,0,0,96.4,0.0,7490.2,0,0,0,38.1,4.7,0.08,3.37,21.96,22.5,63.4,98.21473948160808,15.873240243820916,25.25255796644423,28.626495664081876,0.09610244229857233,1126.7777777777778,0.0,0.0,0.0,0.0,50.96801529730123,0.7,0.0,0.0,0.0,0.0,450.0,858.5,0.0,0.0,95.373,1.099,96.471,17.307,1.108,95.363,emon,0.822,0.442,57.5,27.0,2.13
2026-09-23 14:06:21.776,9.8,0,42,11;27;42;3;3;2;2;24;3;2;0;23;0;3;0;12,948,3264,2282;2432;3264;2547;1223;1125;2056;1446;1168;1153;1006;1387;948;1003;1080;1022,4.5,0.0,850.0,0,0,0,0,0,0.0,0,0,0,0,0,0,0,0,0.0,0,0,0,0,0,95.3,0.0,7490.2,0,0,0,40.1,4.7,0.08,3.37,21.96,22.4,63.4,98.70820120106573,12.67683995462468,23.784061320449997,25.899764993268512,0.3815504266622947,1041.391304347826,0.0,0.0,0.0,0.0,53.53673771558248,0.6,0.0,0.0,0.0,0.0,300.0,858.5,0.0,0.0,95.373,1.099,96.471,17.307,1.108,95.363,emon,0.822,0.442,57.5,27.0,2.13
2026-09-23 14:06:22.777,5.2,0,28,6;23;28;2;0;0;0;14;0;0;0;11;0;0;0;0,871,3229,2725;2371;3229;3173;1364;1512;1213;1216;1242;1056;1208;1245;1022;948;871;1001,4.5,0.0,850.0,0,0,0,0,0,0.0,0,0,0,0,0,0,0,0,0.0,0,0,0,0,0,95.3,0.0,7490.2,0,0,0,36.1,4.7,0.08,3.37,21.96,22.5,63.4,98.95106775620404,12.423402631381418,24.362669915545222,26.19709050830673,0.6748418055649381,1062.235294117647,0.0,0.0,0.0,0.0,55.22543548982517,0.7,0.0,0.0,0.0,0.0,250.0,850.0,0.0,0.0,95.373,1.099,96.471,17.307,1.108,95.363,emon,0.822,0.442,57.5,27.0,2.13
2026-09-23 14:06:23.782,7.1,0,34,8;31;34;2;2;0;0;16;2;0;0;12;0;0;0;8,892,3237,2422;2158;3237;2570;1096;1059;1100;1287;1112;1467;1359;1225;920;998;892;989,4.2,0.0,850.0,0,0,0,0,0,0.0,0,0,0,0,0,0,0,0,0.0,0,0,0,0,0,96.1,0.0,7490.2,0,0,0,36.1,4.7,0.08,3.37,21.96,22.6,63.4,99.04271739016298,13.004498516199408,23.312650936906056,25.181712305033077,0.5006340916712283,1035.021505376344,0.0,0.0,0.0,0.0,55.178568540801926,0.7,0.0,0.0,0.0,0.0,250.0,850.0,0.0,0.0,95.373,1.099,96.471,17.307,1.108,95.363,emon,0.822,0.442,57.5,27.0,2.13
2026-09-23 14:06:24.782,6.8,0,38,5;17;38;5;2;2;0;18;2;2;0;14;0;0;0;5,953,3347,2908;2524;3347;3087;1371;1189;1195;1267;1068;1173;1200;1327;954;953;980;997,4.4,0.0,851.0,0,0,0,0,0,0.0,0,0,0,0,0,0,0,0,0.0,0,0,0,0,0,85.5,0.0,7490.2,0,0,0,36.1,4.75,0.09,3.34,22.09,22.5,63.4,98.83662809484146,14.177727943308213,24.807705116271972,27.06138509021086,0.5138419271344045,1017.2352941176471,0.0,0.0,0.0,0.0,54.384348816205474,0.6,0.0,0.0,0.0,0.0,250.0,851.0,0.0,0.0,95.373,1.099,96.471,17.307,1.108,95.363,emon,0.822,0.442,57.5,27.0,2.13
2026-09-23 14:06:25.783,6.3,0,34,2;23;34;2;0;0;0;17;0;0;0;12;2;2;0;8,718,3574,2410;2663;3574;3283;1204;1094;1366;1488;1160;1346;1438;1489;1029;919;718;1028,4.7,0.0,851.1,0,0,0,0,0,0.0,0,0,0,0,0,0,0,0,0.0,0,0,0,0,0,96.6,0.0,7490.2,0,0,0,36.1,4.75,0.09,3.34,22.09,22.5,63.4,98.79090681809646,15.773211083045373,25.16748980008639,28.480054708627556,0.16931039452678165,1067.4615384615386,0.0,0.0,0.0,0.0,50.89540044481938,0.6,0.0,0.0,0.0,0.0,250.0,851.1,0.0,0.0,95.373,1.099,96.471,17.307,1.108,95.363,emon,0.822,0.442,57.5,27.0,2.13
2026-09-23 14:06:26.783,6.5,0,28,6;24;28;3;2;0;0;17;0;0;0;16;2;0;0;6,709,3552,2608;2531;3552;3003;1331;1010;1959;1313;1235;1176;1178;1351;918;792;709;1009,4.3,0.0,850.0,0,0,0,0,0,0.0,0,0,0,0,0,0,0,0,0.0,0,0,0,0,0,96.1,0.0,7490.2,0,0,0,36.1,4.75,0.09,3.34,22.09,22.5,63.4,98.677001460906,15.64715600782825,24.82946211291898,28.27014357043851,0.20315675640144507,1075.6129032258063,0.0,0.0,0.0,0.0,50.14321530682425,0.6,0.0,0.0,0.0,0.0,250.0,850.0,0.0,0.0,95.373,1.099,96.471,17.307,1.108,95.363,emon,0.822,0.442,57.5,27.0,2.13
2026-09-23 14:06:27.783,6.9,0,44,0;28;44;3;0;0;0;15;0;0;0;19;0;0;0;2,929,3388,2740;2791;3388;2908;1332;1070;1363;1307;1271;1248;1233;1370;929;999;1016;1003,4.2,0.0,850.0,0,0,0,0,0,0.0,0,0,0,0,0,0,0,0,0.0,0,0,0,0,0,95.9,0.0,7490.2,0,0,0,37.1,4.75,0.09,3.34,22.09,22.4,63.4,98.58919608592987,15.58209091424942,25.02025067806244,28.287690579891205,0.18389761389244086,1081.03125,0.0,0.0,0.0,0.0,50.14708848763257,0.6,0.0,0.0,0.0,0.0,250.0,850.0,0.0,0.0,95.373,1.099,96.471,17.307,1.108,95.363,emon,0.822,0.442,57.5,27.0,2.13
2026-09-23 14:06:28.784,5.7,0,38,2;20;38;3;0;0;0;12;0;0;0;16;0;0;0;0,922,3376,2793;2541;3376;3045;1227;1199;1183;1359;1320;1173;1249;1395;941;922;1077;987,4.6,0.0,862.5,0,0,0,0,0,0.0,0,0,0,0,0,0,0,0,0.0,0,0,0,0,0,88.8,0.0,7490.2,0,0,0,37.1,4.86,0.07,3.35,22.17,22.5,63.4,98.47276055812836,15.5807324051857,24.993505358695984,28.455367505550385,0.16146052573867564,1099.0,0.0,0.0,0.0,0.0,50.15748573676683,0.6,0.0,0.0,0.0,0.0,450.0,862.5,0.0,0.0,95.373,1.099,96.471,17.307,1.108,95.363,emon,0.822,0.442,57.5,27.0,2.13
2026-09-23 14:06:29.784,9.0,0,38,14;31;38;5;0;0;0;25;2;0;0;20;0;0;0;9,966,3237,3178;2508;3237;2962;1210;1201;1738;1418;1137;971;968;1410;1002;982;976;966,4.0,0.0,858.5,0,0,0,0,0,0.0,0,0,0,0,0,0,0,0,0.0,0,0,0,0,0,100.0,0.0,7490.2,0,0,0,38.1,4.86,0.07,3.35,22.17,22.5,63.4,97.89005875587463,15.56395161151886,24.943573594093323,28.32316642999649,0.2837008697952115,1129.46875,0.0,0.0,0.0,0.0,50.148467626888305,0.7,0.0,0.0,0.0,0.0,250.0,862.5,0.0,0.0,96.295,1.058,97.353,17.125,1.096,96.257,emon,0.821,0.685,54.5,25.6,2.13
2026-09-23 14:06:30.785,10.2,0,38,16;33;38;6;3;3;5;19;5;2;0;18;0;3;0;14,936,3652,3233;2857;3652;3577;2324;1986;2977;1547;2511;2645;1296;1475;940;936;980;990,4.0,0.0,858.5,0,0,0,0,0,0.0,0,0,0,0,0,0,0,0,0.0,0,0,0,0,0,90.2,0.0,7490.2,0,0,0,41.1,4.86,0.07,3.35,22.17,22.5,63.4,99.20741929399206,12.58158361802789,23.867245907479145,26.0075973812887,0.38984776499335644,999.0,0.0,0.0,0.0,0.0,54.579477180984426,0.7,0.0,0.0,0.0,0.0,300.0,858.5,0.0,0.0,96.295,1.058,97.353,17.125,1.096,96.257,emon,0.821,0.685,54.5,25.6,2.13
2026-09-23 14:06:31.785,6.4,0,30,2;29;30;3;0;0;0;16;0;0;0;18;0;0;0;5,873,3450,2616;2549;3450;2765;1280;1733;1879;1505;1334;1363;1349;1384;873;939;933;1011,3.8,0.0,858.5,0,0,0,0,0,0.0,0,0,0,0,0,0,0,0,0.0,0,0,0,0,0,0.0,0.0,7490.2,0,0,0,36.1,4.86,0.07,3.35,22.17,22.5,63.4,99.04836063759,12.253971804736876,23.14719299592224,24.850074474571965,0.6486399874494037,983.3137254901961,0.0,0.0,0.0,0.0,55.26554734785767,0.7,0.0,0.0,0.0,0.0,450.0,858.5,0.0,0.0,96.295,1.058,97.353,17.125,1.096,96.257,emon,0.821,0.685,54.5,25.6,2.13
2026-09-23 14:06:32.797,6.9,0,36,3;27;36;2;5;0;0;17;0;0;0;15;0;0;0;6,917,3382,2237;2534;3382;2721;1323;1269;1173;1316;1400;1349;1175;1366;1058;948;917;1006,4.1,0.0,858.5,0,0,0,0,0,0.0,0,0,0,0,0,0,0,0,0.0,0,0,0,0,0,87.6,0.0,7490.2,0,0,0,36.1,5.23,0.09,3.35,22.54,22.6,63.4,98.78211258118411,13.917116704475449,24.327150298888427,26.24090113697282,0.6481119294549866,1038.1566265060242,0.0,0.0,0.0,0.0,53.27869755281023,0.7,0.0,0.0,0.0,0.0,450.0,858.5,0.0,0.0,96.295,1.058,97.353,17.125,1.096,96.257,emon,0.821,0.685,54.5,25.6,2.13
2026-09-23 14:06:33.798,6.2,0,31,2;25;31;0;2;0;0;18;0;0;0;17;3;0;0;2,947,3039,2328;2466;3039;2799;1186;1044;1097;1299;1196;1359;1319;1280;1006;1027;947;1011,4.1,0.0,858.5,0,0,0,0,0,0.0,0,0,0,0,0,0,0,0,0.0,0,0,0,0,0,87.6,0.0,7490.2,0,0,0,36.1,5.23,0.09,3.35,22.54,22.5,63.4,98.35061294154117,14.280545424473914,24.168753046738473,26.759413010195683,0.4482480965295843,1139.1315789473683,0.0,0.0,0.0,0.0,52.8845195395774,0.6,0.0,0.0,0.0,0.0,450.0,850.0,0.0,0.0,96.295,1.058,97.353,17.125,1.096,96.257,emon,0.821,0.685,54.5,25.6,2.13
2026-09-23 14:06:34.798,5.9,0,38,2;22;38;5;3;0;0;11;0;0;0;14;0;0;0;2,939,3344,2611;2359;3344;2846;1273;1203;1210;1363;1249;1219;1172;1305;957;1026;939;1000,5.2,0.0,862.6,0,0,0,0,0,0.0,0,0,0,0,0,0,0,0,0.0,0,0,0,0,0,86.0,0.0,7490.2,0,0,0,36.1,5.23,0.09,3.35,22.54,22.5,63.4,98.82242212062928,14.25497160561201,24.071113249150716,25.897842344714373,0.1434899481430809,1102.0487804878048,0.0,0.0,0.0,0.0,53.93985909786893,0.7,0.0,0.0,0.0,0.0,250.0,862.5,0.0,0.0,96.295,1.058,97.353,17.125,1.096,96.257,emon,0.821,0.685,54.5,25.6,2.13
2026-09-23 14:06:35.798,8.0,0,36,5;31;36;5;2;2;0;20;2;0;0;19;0;3;0;6,678,3332,2633;2412;3332;3127;1256;1255;1567;1420;1479;1532;1299;1465;885;802;678;1028,4.4,0.0,862.5,0,0,0,0,0,0.0,0,0,0,0,0,0,0,0,0.0,0,0,0,0,0,97.0,0.0,7490.2,0,0,0,36.1,5.23,0.09,3.35,22.54,22.5,63.4,98.39904740927877,15.063876929490462,25.301474363907523,28.35972307730412,0.2633760935218627,1146.1014492753623,0.0,0.0,0.0,0.0,50.91418212457843,0.6,0.0,0.0,0.0,0.0,250.0,863.5,0.0,0.0,96.295,1.058,97.353,17.125,1.096,96.257,emon,0.821,0.685,54.5,25.6,2.13
2026-09-23 14:06:36.799,6.1,0,33,2;25;33;5;5;0;0;11;0;0;0;16;0;0;0;3,866,3504,2053;2305;3504;2888;2075;1422;1554;1422;1274;1401;1290;1417;930;866;972;936,4.1,0.0,858.5,0,0,0,0,0,0.0,0,0,0,0,0,0,0,0,0.0,0,0,0,0,0,98.0,0.0,7490.2,0,0,0,37.1,4.71,0.08,3.36,22.04,22.5,63.4,98.46133124828339,15.566510200500488,25.121212363243103,28.427327275276184,0.1317475873765943,1144.3125,0.0,0.0,0.0,0.0,50.1553033485543,0.6,0.0,0.0,0.0,0.0,250.0,858.5,0.0,0.0,96.295,1.058,97.353,17.125,1.096,96.257,emon,0.821,0.685,54.5,25.6,2.13
2026-09-23 14:06:37.799,6.6,0,33,5;24;33;3;0;0;0;14;0;0;0;22;0;0;0;6,859,3386,2662;2368;3386;2755;1595;1278;1409;1289;1472;1172;1632;1408;1039;983;859;932,4.6,0.0,858.5,0,0,0,0,0,0.0,0,0,0,0,0,0,0,0,0.0,0,0,0,0,0,98.6,0.0,7490.2,0,0,0,36.1,4.71,0.08,3.36,22.04,22.5,63.4,98.39657678911763,15.750684676631804,24.93586552527643,28.255700695899225,0.10657208849255356,1119.1612903225807,0.0,0.0,0.0,0.0,50.16039797447382,0.6,0.0,0.0,0.0,0.0,250.0,858.5,0.0,0.0,96.295,1.058,97.353,17.125,1.096,96.257,emon,0.821,0.685,54.5,25.6,2.13
2026-09-23 14:06:38.799,6.3,0,34,11;14;34;5;9;0;0;8;12;0;0;5;2;0;0;2,838,3022,2390;2263;3022;2628;1833;1588;2352;1171;1471;1386;1158;1203;968;1061;838;1080,4.1,0.0,858.5,0,0,0,0,0,0.0,0,0,0,0,0,0,0,0,0.0,0,0,0,0,0,97.2,0.0,7490.2,0,0,0,36.1,4.71,0.08,3.36,22.04,22.5,63.4,98.48815088686736,14.820240264785463,24.747739404871844,27.58312113388725,0.25595524526990787,1097.5507246376812,0.0,0.0,0.0,0.0,50.91187153389488,0.7,0.0,0.0,0.0,0.0,250.0,858.5,0.0,0.0,96.295,1.058,97.353,17.125,1.096,96.257,emon,0.821,0.685,54.5,25.6,2.13
2026-09-23 14:06:39.800,6.9,0,39,22;16;39;0;11;0;0;0;19;2;0;0;2;0;0;0,979,3191,2267;2214;3191;2324;1382;1591;1807;1918;1456;1536;1453;1174;991;1054;984;979,4.1,0.0,851.0,0,0,0,0,0,0.0,0,0,0,0,0,0,0,0,0.0,0,0,0,0,0,95.6,0.0,7490.2,0,0,0,37.1,4.71,0.08,3.36,22.04,22.5,63.4,98.84355278902275,13.257454302660081,24.35326838493347,26.67216850921165,0.3857285843781049,1049.5813953488373,0.0,0.0,0.0,0.0,53.761272815597614,0.7,0.0,0.0,0.0,0.0,250.0,851.0,0.0,0.0,96.295,1.058,97.353,17.125,1.096,96.257,emon,0.821,0.685,54.5,25.6,2.13
2026-09-23 14:06:40.800,6.8,0,31,25;9;31;0;20;2;0;0;19;0;0;0;3;0;0;0,833,3489,2344;2891;3489;2605;1426;1204;1453;1160;1444;1165;1376;1383;1032;983;833;833,3.6,0.0,851.1,0,0,0,0,0,0.0,0,0,0,0,0,0,0,0,0.0,0,0,0,0,0,95.7,0.0,7490.2,0,0,0,38.1,4.54,0.09,3.35,21.88,22.4,63.4,99.08912086486816,11.764014918806165,23.284999335450784,24.724426492516482,0.6740628054948112,991.4107142857143,0.0,0.0,0.0,0.0,55.73453153656529,0.6,0.0,0.0,0.0,0.0,450.0,851.1,0.0,0.0,96.295,1.058,97.353,17.125,1.096,96.257,emon,0.821,0.685,54.5,25.6,2.13
2026-09-23 14:06:41.814,7.5,0,38,28;5;38;5;20;0;0;0;17;0;0;0;8;0;0;0,811,3453,2512;3000;3453;2875;1409;1387;1021;1480;1445;1050;1279;1436;1048;811;818;838,4.1,0.0,850.0,0,0,0,0,0,0.0,0,0,0,0,0,0,0,0,0.0,0,0,0,0,0,92.5,0.0,7490.2,0,0,0,39.1,4.54,0.09,3.35,21.88,22.6,63.4,99.30809811379412,10.982215066808912,21.780149978699445,22.070474237846813,0.3657878501987313,1050.7985611510792,0.0,0.0,0.0,0.0,58.686746000921985,0.7,0.0,0.0,0.0,0.0,450.0,850.0,0.0,0.0,96.262,1.153,97.414,18.415,1.179,96.235,emon,0.82,0.684,55.1,25.5,2.162
2026-09-23 14:06:42.814,10.5,0,84,20;9;84;3;22;2;0;0;17;0;0;0;11;0;0;0,1062,4505,3833;4035;4505;4380;2212;2072;1725;2544;2211;2009;2115;1900;1444;1245;1218;1062,3.9,0.0,850.0,0,0,0,0,0,0.0,0,0,0,0,0,0,0,0,0.0,0,0,0,0,0,0.0,0.0,7490.2,0,0,0,81.1,4.54,0.09,3.35,21.88,22.5,63.4,99.11629448252276,11.746184524564335,23.114784023978494,23.560798579134232,0.42099573321915656,1110.5702479338843,0.0,0.0,0.0,0.0,58.289903500602264,0.7,0.0,0.0,0.0,0.0,450.0,850.0,0.0,0.0,96.262,1.153,97.414,18.415,1.179,96.235,emon,0.82,0.684,55.1,25.5,2.162
2026-09-23 14:06:43.815,11.5,0,89,34;11;89;5;16;2;0;0;17;0;0;0;8;3;0;0,1001,4679,4067;3966;4615;4679;2530;2212;1734;1642;2435;2128;1928;1998;1341;1157;1197;1001,4.2,0.0,850.0,0,0,0,0,0,0.0,0,0,0,0,0,0,0,0,0.0,0,0,0,0,0,0.0,0.0,7490.2,0,0,0,92.1,12.77,0.08,2.0,23.67,22.5,63.4,98.43018688733065,12.661373655252818,24.31968154182917,25.787959614886514,0.17965304622016964,1176.2151898734178,0.0,0.0,0.0,0.0,52.17839764416972,0.7,0.0,0.0,0.0,0.0,450.0,850.0,0.0,0.0,96.262,1.153,97.414,18.415,1.179,96.235,emon,0.82,0.684,55.1,25.5,2.162
2026-09-23 14:06:44.816,10.2,0,48,43;17;48;18;12;5;0;0;16;3;0;0;0;0;0;0,1128,4561,4471;4471;4514;4561;2024;2137;1963;1184;2619;1792;2318;2308;1305;1128;1141;1144,4.2,0.0,850.0,0,0,0,0,0,0.0,0,0,0,0,0,0,0,0,0.0,0,0,0,0,0,0.0,0.0,7490.2,0,0,0,92.1,12.77,0.08,2.0,23.67,22.5,63.4,98.51530309156938,12.850496627051722,25.13316961851987,26.25232777270404,0.2985664199004532,1156.3863636363637,0.0,0.0,0.0,0.0,54.89385603876276,0.7,0.0,0.0,0.0,0.0,450.0,850.0,0.0,0.0,96.262,1.153,97.414,18.415,1.179,96.235,emon,0.82,0.684,55.1,25.5,2.162
2026-09-23 14:06:45.816,11.2,0,53,35;29;53;25;17;2;0;0;14;0;0;0;5;0;0;0,1073,4642,4355;4500;4582;4642;2301;2147;2579;3117;2421;1688;2194;2065;1323;1167;1073;1113,4.2,0.0,850.0,0,0,0,0,0,0.0,0,0,0,0,0,0,0,0,0.0,0,0,0,0,0,0.0,0.0,7490.2,0,0,0,93.1,12.77,0.08,2.0,23.67,22.5,63.4,98.75401506146181,12.2785494488673,24.377254936301593,25.224846407192423,0.2632426243621259,1130.5533980582525,0.0,0.0,0.0,0.0,56.68581637884807,0.7,0.0,0.0,0.0,0.0,450.0,850.0,0.0,0.0,96.262,1.153,97.414,18.415,1.179,96.235,emon,0.82,0.684,55.1,25.5,2.162
2026-09-23 14:06:46.816,10.8,0,57,33;31;57;14;12;2;0;2;17;0;0;0;5;0;0;0,826,4632,4408;4512;4571;4632;2058;1565;2018;1509;2227;2071;2536;3002;1268;926;826;876,4.7,0.0,851.0,0,0,0,0,0,0.0,0,0,0,0,0,0,0,0,0.0,0,0,0,0,0,0.0,0.0,7490.2,0,0,0,92.1,12.77,0.08,2.0,23.67,22.5,63.4,98.01327945340064,14.505774467222151,25.794381295481035,28.585780359083607,0.14064962913342302,1199.0,0.0,0.0,0.0,0.0,50.19354784488678,0.7,0.0,0.0,0.0,0.0,450.0,851.0,0.0,0.0,96.262,1.153,97.414,18.415,1.179,96.235,emon,0.82,0.684,55.1,25.5,2.162
2026-09-23 14:06:47.817,6.4,0,36,23;3;36;11;9;0;0;0;12;0;0;0;9;0;0;0,1093,4112,2905;3187;4112;3902;1408;1243;1184;1244;1575;1327;1930;1893;1191;1153;1093;1110,4.4,0.0,850.0,0,0,0,0,0,0.0,0,0,0,0,0,0,0,0,0.0,0,0,0,0,0,0.0,0.0,7490.2,0,0,0,43.1,18.61,0.08,0.34,21.93,22.4,63.4,98.24861943171574,12.602814511818668,26.50418555553143,28.641827912743274,0.3492162359179929,1190.5384615384614,0.0,0.0,0.0,0.0,50.93847030768028,0.6,0.0,0.0,0.0,0.0,450.0,850.0,0.0,0.0,96.262,1.153,97.414,18.415,1.179,96.235,emon,0.82,0.684,55.1,25.5,2.162
2026-09-23 14:06:48.817,7.4,0,33,24;6;33;2;22;2;0;0;21;0;0;0;10;0;0;0,960,3651,2693;2902;3651;3447;1210;1098;1409;1294;1366;1231;1182;1176;1168;1091;1038;960,4.8,0.0,851.0,0,0,0,0,0,0.0,0,0,0,0,0,0,0,0,0.0,0,0,0,0,0,0.0,0.0,7490.2,0,0,0,34.1,18.61,0.08,0.34,21.93,22.4,63.4,98.31673652538355,12.38663017231485,26.92006617007048,28.92737551702969,0.5132391778347285,1181.608695652174,0.0,0.0,0.0,0.0,50.895394815051034,0.7,0.0,0.0,0.0,0.0,450.0,851.0,0.0,0.0,96.262,1.153,97.414,18.415,1.179,96.235,emon,0.82,0.684,55.1,25.5,2.162
2026-09-23 14:06:49.818,6.7,0,31,26;6;31;0;18;2;0;0;17;0;0;0;6;2;0;0,1114,3323,2476;2686;3323;2432;1200;1122;1414;2104;1209;1114;1213;1196;1148;1160;1173;1201,4.6,0.0,850.0,0,0,0,0,0,0.0,0,0,0,0,0,0,0,0,0.0,0,0,0,0,0,0.0,0.0,7490.2,0,0,0,34.1,18.61,0.08,0.34,21.93,22.4,63.4,98.56337640451831,10.827177152914796,25.431605404199555,26.69085770585509,0.519504760900312,1169.3488372093022,0.0,0.0,0.0,0.0,53.77842512449553,0.7,0.0,0.0,0.0,0.0,450.0,850.0,0.0,0.0,96.262,1.153,97.414,18.415,1.179,96.235,emon,0.82,0.684,55.1,25.5,2.162
2026-09-23 14:06:50.818,10.0,2,36,17;8;36;8;19;9;3;2;21;5;2;2;21;6;2;2,823,3451,2370;2905;3451;3220;1334;1289;1398;1111;1245;1283;1108;823;1415;1196;854;888,4.5,0.0,851.0,0,0,0,0,0,0.0,0,0,0,0,0,0,0,0,0.0,0,0,0,0,0,0.0,0.0,7490.2,0,0,0,34.1,18.61,0.08,0.34,21.93,22.5,63.4,98.74276173368413,10.780156314680154,24.62504201620183,25.87123442021139,0.647204658135145,1179.8510638297873,0.0,0.0,0.0,0.0,54.59044035349755,0.7,0.0,0.0,0.0,0.0,450.0,851.0,0.0,0.0,96.262,1.153,97.414,18.415,1.179,96.235,emon,0.82,0.684,55.1,25.5,2.162
2026-09-23 14:06:51.818,11.5,0,55,25;19;55;8;27;5;0;0;18;0;0;0;25;2;2;0,1297,4402,3894;4078;4402;4223;2040;2319;2117;1852;2065;2150;1297;1842;1607;1568;1334;1925,3.9,0.0,851.0,0,0,0,0,0,0.0,0,0,0,0,0,0,0,0,0.0,0,0,0,0,0,0.0,0.0,7490.2,0,0,0,48.1,5.59,0.1,0.34,8.92,22.5,63.4,98.97546906306826,9.98664489317011,23.823301268034967,24.459289008558823,0.6239430155888087,1199.0,0.0,0.0,0.0,0.0,56.4295543979468,0.6,0.0,0.0,0.0,0.0,450.0,851.0,0.0,0.0,96.262,1.153,97.414,18.415,1.179,96.235,emon,0.82,0.684,55.1,25.5,2.162
2026-09-23 14:06:52.819,13.1,3,48,17;19;48;6;19;5;3;5;20;8;3;3;23;12;11;6,1410,4121,3453;3629;4033;4121;2178;2447;3140;3187;2284;3039;3177;3229;1410;1659;1653;1708,4.3,0.0,850.0,0,0,0,0,0,0.0,0,0,0,0,0,0,0,0,0.0,0,0,0,0,0,90.8,0.0,7490.2,0,0,0,47.1,5.59,0.1,0.34,8.92,22.5,63.4,99.3038214776749,11.275386081056151,22.97450441883919,23.572593407411325,0.4792613623273398,1082.0827067669172,0.0,0.0,0.0,0.0,58.30077430628296,0.7,0.0,0.0,0.0,0.0,250.0,850.0,0.0,0.0,96.262,1.153,97.414,18.415,1.179,96.235,emon,0.82,0.684,55.1,25.5,2.162
2026-09-23 14:06:53.820,7.7,0,38,18;2;38;0;20;2;0;0;19;0;0;0;25;0;0;0,912,3129,1962;2123;3129;2556;1450;1603;1277;1218;1398;1138;1057;1218;1757;1162;1472;912,4.0,0.0,850.0,0,0,0,0,0,0.0,0,0,0,0,0,0,0,0,0.0,0,0,0,0,0,100.0,0.0,7490.2,0,0,0,46.1,5.59,0.1,0.34,8.92,22.5,63.4,98.55906734181873,14.332373651328371,25.431661548899182,28.08545718975921,0.28331164014699467,1136.313432835821,0.0,0.0,0.0,0.0,50.91930761933327,0.7,0.0,0.0,0.0,0.0,450.0,850.0,0.0,0.0,1.179,0.584,1.763,20.367,1.303,0.46,emon,0.887,0.612,32.0,15.2,2.111
2026-09-23 14:06:54.820,7.1,0,33,22;12;33;3;12;3;2;0;19;0;0;0;5;2;2;0,480,3678,2444;2391;3678;3144;1308;1289;1849;1249;1309;1262;1294;1347;998;866;913;480,4.0,0.0,850.0,0,0,0,0,0,0.0,0,0,0,0,0,0,0,0,0.0,0,0,0,0,0,77.1,0.0,7512.5,0,0,0,44.1,5.59,0.1,0.34,8.92,22.6,63.4,98.54180476976478,14.848994545314623,25.652047032895297,28.823273810787477,0.2653556995049956,1157.695652173913,0.0,0.0,0.0,0.0,50.8770447075367,0.6,0.0,0.0,0.0,0.0,450.0,852.7,0.0,0.0,1.179,0.584,1.763,20.367,1.303,0.46,emon,0.887,0.612,32.0,15.2,2.111
2026-09-23 14:06:55.821,9.1,0,31,23;11;31;14;10;10;6;8;16;5;2;3;6;2;2;0,1042,3509,2765;3140;3367;3509;1539;2073;3020;2926;1608;2473;2886;3098;1100;1283;1042;1071,4.0,0.0,850.0,0,0,0,0,0,0.0,0,0,0,0,0,0,0,0,0.0,0,0,0,0,0,77.1,0.0,7512.5,0,0,0,44.1,6.24,0.08,12.87,26.47,22.6,63.4,98.61704688439002,14.856259595430814,25.69669201190655,28.903321721003607,0.2556908274579865,1090.5384615384614,0.0,0.0,0.0,0.0,50.9126621477879,0.6,0.0,0.0,0.0,0.0,450.0,850.0,0.0,0.0,1.179,0.584,1.763,20.367,1.303,0.46,emon,0.887,0.612,32.0,15.2,2.111
2026-09-23 14:06:56.821,6.8,0,33,23;5;33;3;17;2;0;0;15;3;0;0;8;0;0;0,954,3284,2462;2362;3284;2320;1314;1340;1327;1408;1444;1171;1744;1830;1053;1121;992;954,5.1,0.0,850.0,0,0,0,0,0,0.0,0,0,0,0,0,0,0,0,0.0,0,0,0,0,0,100.0,0.0,7512.5,0,0,0,43.1,6.24,0.08,12.87,26.47,22.6,63.4,98.99427273398952,11.900617098161264,23.57444649872027,24.53594836545618,0.5875022143125535,1108.4736842105262,0.0,0.0,0.0,0.0,55.031980340418066,0.7,0.0,0.0,0.0,0.0,450.0,850.0,0.0,0.0,1.179,0.584,1.763,20.367,1.303,0.46,emon,0.887,0.612,32.0,15.2,2.111
2026-09-23 14:06:57.822,6.0,0,33,14;5;33;3;21;0;0;0;17;0;0;0;3;0;0;0,979,3392,2581;2568;3392;2438;1418;1420;1243;1216;1483;1186;1202;1202;979;980;1015;1039,4.5,0.0,850.0,0,0,0,0,0,0.0,0,0,0,0,0,0,0,0,0.0,0,0,0,0,0,97.7,0.0,7512.5,0,0,0,46.1,6.24,0.08,12.87,26.47,22.8,63.4,98.4134549952265,14.410681881121736,26.299318797552765,29.29752640225994,0.442445500697567,1140.044776119403,0.0,0.0,0.0,0.0,50.89800454387024,0.7,0.0,0.0,0.0,0.0,450.0,850.0,0.0,0.0,1.179,0.584,1.763,20.367,1.303,0.46,emon,0.887,0.612,32.0,15.2,2.111
2026-09-23 14:06:58.822,6.7,0,38,20;9;38;0;15;2;0;0;20;0;0;0;5;0;0;0,851,3172,2106;2200;3172;2542;1357;1782;1789;1198;1469;1374;1253;1285;1040;953;926;851,4.7,0.0,850.0,0,0,0,0,0,0.0,0,0,0,0,0,0,0,0,0.0,0,0,0,0,0,100.0,0.0,7536.2,0,0,0,47.1,6.24,0.08,12.87,26.47,22.8,63.4,98.39256814809946,14.647455538236178,26.361053877610427,29.385760204608623,0.31588831526639227,1160.5384615384614,0.0,0.0,0.0,0.0,50.92746024567347,0.7,0.0,0.0,0.0,0.0,450.0,850.0,0.0,0.0,1.179,0.584,1.763,20.367,1.303,0.46,emon,0.887,0.612,32.0,15.2,2.111
2026-09-23 14:06:59.822,28.1,12,55,48;44;55;33;27;28;20;22;38;23;22;19;23;20;12;17,1784,4242,3866;4144;4103;4242;2656;3131;3167;3250;2737;3061;3119;3187;1946;1799;1863;1784,5.1,0.0,850.0,0,0,0,0,0,0.0,0,0,0,0,0,0,0,0,0.0,0,0,0,0,0,61.1,0.0,7676.5,0,0,0,43.1,6.84,0.08,13.9,28.01,22.8,63.4,98.67721172479483,12.309363340260461,23.400504536353626,25.324534575813093,0.560209835943869,967.2692307692307,0.0,0.0,0.0,0.0,55.15887569550138,0.7,0.0,0.0,0.0,0.0,250.0,850.0,0.0,0.0,1.179,0.584,1.763,20.367,1.303,0.46,emon,0.887,0.612,32.0,15.2,2.111
2026-09-23 14:07:00.823,6.6,0,42,14;9;42;2;12;3;0;2;11;0;0;0;9;0;2;0,697,3564,2574;2428;3564;3007;1352;1093;913;1236;1646;1050;829;799;984;868;841;697,4.5,0.0,850.0,0,0,0,0,0,0.0,0,0,0,0,0,0,0,0,0.0,0,0,0,0,0,96.3,0.0,7536.2,0,0,0,37.1,6.84,0.08,13.9,28.01,22.7,63.4,99.29806392354176,10.836028843683968,21.999276620104798,22.740012173813984,0.5530413568174796,1030.578947368421,0.0,0.0,0.0,0.0,57.56869319775947,0.7,0.0,0.0,0.0,0.0,250.0,850.0,0.0,0.0,1.179,0.584,1.763,20.367,1.303,0.46,emon,0.887,0.612,32.0,15.2,2.111
2026-09-23 14:07:01.823,9.9,0,48,20;17;48;6;17;5;5;5;14;8;3;3;6;2;0;0,1573,3921,3353;3676;3921;3795;2164;2650;3282;3199;2023;2989;3385;3139;1744;1773;1573;1970,3.7,0.0,850.0,0,0,0,0,0,0.0,0,0,0,0,0,0,0,0,0.0,0,0,0,0,0,98.6,0.0,7536.2,0,0,0,40.1,6.84,0.08,13.9,28.01,20.8,63.4,99.19723072758427,11.86791117325494,24.68347677146947,25.94281013475524,0.49631613459711876,1119.3703703703704,0.0,0.0,0.0,0.0,56.824245823340284,0.6,0.0,0.0,0.0,0.0,250.0,850.0,0.0,0.0,1.179,0.584,1.763,20.367,1.303,0.46,emon,0.887,0.612,32.0,15.2,2.111
2026-09-23 14:07:02.824,29.0,0,84,66;47;84;23;34;25;11;8;39;31;8;2;78;8;0;0,2184,4717,4640;4669;4691;4717;3151;3271;3012;3057;3245;3271;3138;3154;2723;2363;2184;2255,4.0,0.0,850.0,0,0,0,0,0,0.0,0,0,0,0,0,0,0,0,0.0,0,0,0,0,0,0.0,0.0,2614.4,0,0,0,53.1,6.84,0.08,13.9,28.01,13.8,63.4,98.80377334203476,13.546656185999895,25.16548261886988,27.20679647494585,0.3095023985463344,1125.2820512820513,0.0,0.0,0.0,0.0,52.82702745611851,0.6,0.0,0.0,0.0,0.0,450.0,850.0,0.0,0.0,1.179,0.584,1.763,20.367,1.303,0.46,emon,0.887,0.612,32.0,15.2,2.111
2026-09-23 14:07:03.824,18.5,0,89,51;42;89;8;14;2;2;0;17;5;0;6;61;0;0;0,1941,4693,4615;4646;4693;4688;2558;1941;2228;2510;2407;2047;2804;2892;2740;2407;2536;2491,3.9,0.0,862.5,0,0,0,0,0,0.0,0,0,0,0,0,0,0,0,0.0,0,0,0,0,0,0.0,0.0,0.0,0,0,0,62.1,11.73,0.08,2.11,24.0,13.9,63.4,98.229734390501,14.077152827429392,25.113331507122705,27.833756340874565,0.46591713176559774,1199.0,0.0,0.0,0.0,0.0,49.41570500509133,0.6,0.0,0.0,0.0,0.0,450.0,862.5,0.0,0.0,1.179,0.584,1.763,20.367,1.303,0.46,emon,0.887,0.612,32.0,15.2,2.111
2026-09-23 14:07:04.824,16.0,0,91,60;28;91;8;25;3;3;0;17;5;0;0;15;0;2;0,993,4729,4662;4696;4716;4729;2928;2359;1719;2423;2728;1746;2387;1746;1815;993;1113;1438,3.9,0.0,858.5,0,0,0,0,0,0.0,0,0,0,0,0,0,0,0,0.0,0,0,0,0,0,0.0,0.0,0.0,0,0,0,68.1,11.73,0.08,2.11,24.0,13.9,63.4,99.06947198378302,11.884414570241244,24.131644309094522,24.707199769737446,0.25080086844427246,1164.486725663717,0.0,0.0,0.0,0.0,57.91843758444343,0.7,0.0,0.0,0.0,0.0,450.0,858.5,0.0,0.0,2.889,8.408,11.296,57.158,3.658,7.638,emon,0.818,0.938,34.6,16.3,2.129
2026-09-23 14:07:05.825,72.4,66,100,85;77;100;69;75;69;69;66;80;66;69;67;67;68;67;66,2634,4699,4561;4655;4699;4684;3374;3409;3419;3422;3386;3423;3434;3431;2634;2744;2738;2739,4.0,0.0,858.5,0,0,0,0,0,0.0,0,0,0,0,0,0,0,0,0.0,0,0,0,0,0,0.0,0.0,4342.3,0,0,0,63.1,11.73,0.08,2.11,24.0,21.7,63.4,99.06094061468066,12.805821664554557,24.13771017556338,25.41686175778969,0.21648916264200227,1149.0,0.0,0.0,0.0,0.0,55.98061360541693,0.7,0.0,0.0,0.0,0.0,250.0,858.5,0.0,0.0,2.889,8.408,11.296,57.158,3.658,7.638,emon,0.818,0.938,34.6,16.3,2.129
2026-09-23 14:07:06.825,16.0,2,95,31;22;95;8;14;9;3;5;19;5;3;3;30;2;5;3,2090,4719,4221;4492;4712;4719;2327;2798;3182;3132;2409;2964;3258;3154;2245;2090;2183;2290,4.0,0.0,858.5,0,0,0,0,0,0.0,0,0,0,0,0,0,0,0,0.0,0,0,0,0,0,0.0,0.0,4342.3,0,0,0,72.1,11.73,0.08,2.11,24.0,21.9,63.4,98.29492723941803,14.770003587007523,25.6065132021904,28.448302567005157,0.13229196064730786,1199.0,0.0,0.0,0.0,0.0,50.16663895291276,0.6,0.0,0.0,0.0,0.0,450.0,858.5,0.0,0.0,2.889,8.408,11.296,57.158,3.658,7.638,emon,0.818,0.938,34.6,16.3,2.129
2026-09-23 14:07:07.826,13.4,0,97,26;26;97;3;23;3;0;0;23;6;0;0;6;0;0;0,976,4729,4239;4497;4729;4701;2727;2134;2252;2466;2461;2737;1464;2190;1577;1464;1151;976,4.4,0.0,858.5,0,0,0,0,0,0.0,0,0,0,0,0,0,0,0,0.0,0,0,0,0,0,0.0,0.0,4349.6,0,0,0,63.1,23.41,0.08,0.39,28.84,24.3,63.4,98.60141856495927,13.311861553933563,24.80017880695622,26.37777429819107,0.3069964680567287,1192.9024390243903,0.0,0.0,0.0,0.0,53.949808814903584,0.7,0.0,0.0,0.0,0.0,450.0,858.5,0.0,0.0,2.889,8.408,11.296,57.158,3.658,7.638,emon,0.818,0.938,34.6,16.3,2.129
2026-09-23 14:07:08.826,10.7,0,88,20;14;88;6;8;11;5;0;5;11;0;0;3;2;0;0,1378,4699,3915;3916;4699;4695;2562;2372;2246;2375;2712;2466;2462;2541;1378;1381;1609;1769,4.5,0.0,858.5,0,0,0,0,0,0.0,0,0,0,0,0,0,0,0,0.0,0,0,0,0,0,0.0,0.0,6269.0,0,0,0,60.1,23.41,0.08,0.39,28.84,20.5,63.4,98.3674672779284,12.358715669129436,24.084816178061853,26.02842240232827,0.2989419299326408,1190.4473684210527,0.0,0.0,0.0,0.0,52.81337160499472,0.6,0.0,0.0,0.0,0.0,300.0,858.5,0.0,0.0,2.889,8.408,11.296,57.158,3.658,7.638,emon,0.818,0.938,34.6,16.3,2.129
2026-09-23 14:07:09.827,5.6,0,30,6;24;30;5;0;15;0;0;0;8;0;0;0;2;0;0,1079,3604,2694;2628;3604;3064;1210;1323;1134;1295;1199;1314;1189;1219;1197;1178;1079;1118,4.4,0.0,858.5,0,0,0,0,0,0.0,0,0,0,0,0,0,0,0,0.0,0,0,0,0,0,0.0,0.0,6269.5,0,0,0,38.1,23.41,0.08,0.39,28.84,20.5,63.4,98.56985412944447,10.705727721617388,26.05305067788471,27.25882737575607,0.606336741627522,1185.3636363636363,0.0,0.0,0.0,0.0,53.727458012713626,0.6,0.0,0.0,0.0,0.0,450.0,858.5,0.0,0.0,2.889,8.408,11.296,57.158,3.658,7.638,emon,0.818,0.938,34.6,16.3,2.129
2026-09-23 14:07:10.827,6.9,0,38,9;23;38;2;2;20;0;0;0;12;0;0;0;5;0;0,1092,3406,2142;2329;3406;3323;1119;1404;1328;1161;1205;1421;1290;1218;1092;1172;1143;1130,4.8,0.0,858.5,0,0,0,0,0,0.0,0,0,0,0,0,0,0,0,0.0,0,0,0,0,0,0.0,0.0,6269.5,0,0,0,37.1,23.41,0.08,0.39,28.84,20.5,63.4,98.79154616135817,9.771654341459417,24.79606895148754,25.253851080743168,0.8695429421322143,1175.4423076923076,0.0,0.0,0.0,0.0,55.18367549447486,0.7,0.0,0.0,0.0,0.0,450.0,858.5,0.0,0.0,2.889,8.408,11.296,57.158,3.658,7.638,emon,0.818,0.938,34.6,16.3,2.129
2026-09-23 14:07:11.828,7.2,0,31,5;25;31;6;0;14;2;0;0;23;0;0;0;9;0;0,1115,3226,2308;2231;3226;3104;1328;1245;1221;1122;1330;1282;1179;1323;1115;1127;1146;1117,5.2,0.0,858.5,0,0,0,0,0,0.0,0,0,0,0,0,0,0,0,0.0,0,0,0,0,0,0.0,0.0,6269.5,0,0,0,35.1,8.85,0.08,0.34,12.29,20.5,63.4,98.87013593401228,9.47064021706936,24.08063047159286,24.469091069698333,0.757618586264462,1193.2857142857142,0.0,0.0,0.0,0.0,54.671543027105784,0.7,0.0,0.0,0.0,0.0,450.0,858.5,0.0,0.0,2.889,8.408,11.296,57.158,3.658,7.638,emon,0.818,0.938,34.6,16.3,2.129
2026-09-23 14:07:12.829,4.6,0,28,0;12;28;0;0;14;2;0;0;12;0;0;0;5;0;0,938,3190,2294;2404;3190;2641;1245;1448;1237;982;1304;1450;1181;1294;938;1207;1012;1114,4.5,0.0,858.5,0,0,0,0,0,0.0,0,0,0,0,0,0,0,0,0.0,0,0,0,0,0,0.0,0.0,6269.5,0,0,0,36.1,8.85,0.08,0.34,12.29,20.5,63.4,98.93725614194517,10.081235087890592,23.35376739501953,23.640075610191733,0.45012960840001515,1182.7962962962963,0.0,0.0,0.0,0.0,55.914352482253754,0.7,0.0,0.0,0.0,0.0,450.0,858.5,0.0,0.0,2.889,8.408,11.296,57.158,3.658,7.638,emon,0.818,0.938,34.6,16.3,2.129
2026-09-23 14:07:13.829,5.4,0,33,3;22;33;2;0;16;0;0;0;12;0;0;0;0;0;0,1081,3558,2709;2500;3558;2877;1301;1454;1491;1668;1222;1356;1354;1371;1150;1136;1138;1081,4.4,0.0,859.5,0,0,0,0,0,0.0,0,0,0,0,0,0,0,0,0.0,0,0,0,0,0,0.0,0.0,6269.5,0,0,0,36.1,8.85,0.08,0.34,12.29,20.7,63.4,97.15159972726482,11.798054828219218,26.3126231415631,28.102328679332995,0.6984378666431987,1174.3424657534247,0.0,0.0,0.0,0.0,50.915258876673164,0.7,0.0,0.0,0.0,0.0,450.0,859.5,0.0,0.0,2.889,8.408,11.296,57.158,3.658,7.638,emon,0.818,0.938,34.6,16.3,2.129
2026-09-23 14:07:14.830,9.5,0,55,9;21;55;8;0;16;2;0;0;23;3;0;2;12;0;0,1013,4067,4008;3471;4067;3865;1806;2168;2292;2026;1810;2142;2400;1932;1133;1142;1013;1035,4.1,0.0,863.5,0,0,0,0,0,0.0,0,0,0,0,0,0,0,0,0.0,0,0,0,0,0,65.5,0.0,7317.6,0,0,0,60.1,8.85,0.08,0.34,12.29,21.5,63.4,98.53985191794003,15.24858299774282,24.27740234487197,27.25660533063552,0.08308405162396786,1115.1764705882354,0.0,0.0,0.0,0.0,50.15038256237612,0.7,0.0,0.0,0.0,0.0,250.0,863.5,0.0,0.0,2.889,8.408,11.296,57.158,3.658,7.638,emon,0.818,0.938,34.6,16.3,2.129
2026-09-23 14:07:15.830,7.0,0,36,8;22;36;6;0;20;2;2;0;16;0;2;0;0;0;0,861,3363,2873;2397;3363;3290;1831;1511;1893;2108;2156;1410;1832;1932;861;959;894;880,3.5,0.0,862.5,0,0,0,0,0,0.0,0,0,0,0,0,0,0,0,0.0,0,0,0,0,0,94.3,0.0,7350.0,0,0,0,41.1,5.74,0.1,7.3,15.39,21.5,63.4,98.35135209560394,15.960545778274536,24.67861431837082,28.119308829307556,0.10296581157490436,1149.0,0.0,0.0,0.0,0.0,50.16572046850342,0.6,0.0,0.0,0.0,0.0,250.0,862.5,0.0,0.0,2.889,8.408,11.296,57.158,3.658,7.638,emon,0.818,0.938,34.6,16.3,2.129
2026-09-23 14:07:16.830,6.6,0,33,9;18;33;2;0;20;0;0;0;16;0;0;0;8;0;0,622,3212,2136;2223;3212;2604;1086;1296;1235;1440;1277;1323;1202;1080;622;1094;1009;814,4.1,0.0,858.5,0,0,0,0,0,0.0,0,0,0,0,0,0,0,0,0.0,0,0,0,0,0,94.3,0.0,7350.0,0,0,0,38.1,5.74,0.1,7.3,15.39,21.5,63.4,98.40116820796844,15.867076289269232,24.724025787845736,28.045632331602036,0.09161528758141363,1163.516129032258,0.0,0.0,0.0,0.0,50.15836049904746,0.6,0.0,0.0,0.0,0.0,450.0,858.5,0.0,0.0,2.889,8.408,11.296,57.158,3.658,7.638,emon,0.818,0.938,34.6,16.3,2.129
2026-09-23 14:07:17.830,6.1,0,28,8;14;28;2;0;17;0;0;0;22;2;0;0;6;0;0,809,3340,2497;2413;3340;2167;923;1393;1098;1000;905;1295;930;809;863;1124;990;919,4.1,0.0,858.5,0,0,0,0,0,0.0,0,0,0,0,0,0,0,0,0.0,0,0,0,0,0,94.3,0.0,7350.0,0,0,0,35.1,5.74,0.1,7.3,15.39,21.5,63.4,98.41798869541714,12.17886150607041,26.431837735857282,28.438444900512696,0.46381407653097995,1159.0,0.0,0.0,0.0,0.0,50.19501417114267,0.7,0.0,0.0,0.0,0.0,450.0,859.6,0.0,0.0,28.067,9.187,37.253,22.433,1.436,35.817,emon,0.874,0.962,57.2,26.9,2.13
2026-09-23 14:07:18.831,5.1,0,30,5;18;30;3;0;12;2;0;0;6;0;0;0;6;0;0,1120,3521,2114;2370;3521;2832;1204;1227;1265;1120;1180;1375;1303;1211;1189;1283;1207;1132,4.8,0.0,858.5,0,0,0,0,0,0.0,0,0,0,0,0,0,0,0,0.0,0,0,0,0,0,0.0,0.0,7350.0,0,0,0,35.1,5.74,0.1,7.3,15.39,21.5,63.4,98.60648048802426,10.495761428322448,25.52508684083035,26.80521399833654,0.6193889229748349,1159.0,0.0,0.0,0.0,0.0,53.99747029182158,0.7,0.0,0.0,0.0,0.0,450.0,858.5,0.0,0.0,28.067,9.187,37.253,22.433,1.436,35.817,emon,0.874,0.962,57.2,26.9,2.13
2026-09-23 14:07:19.831,6.3,0,32,6;23;32;3;0;17;2;0;0;16;0;0;0;2;0;0,1084,3364,2098;2160;3364;2334;1146;1207;1111;1144;1129;1156;1188;1173;1084;1185;1113;1093,5.0,0.0,850.0,0,0,0,0,0,0.0,0,0,0,0,0,0,0,0,0.0,0,0,0,0,0,0.0,0.0,7350.0,0,0,0,34.1,4.2,0.1,1.7,13.59,21.5,63.4,98.72039823712043,9.932772354996008,24.708971534135205,25.525437238503176,0.7162826066830674,1180.132075471698,0.0,0.0,0.0,0.0,55.060212958814965,0.7,0.0,0.0,0.0,0.0,450.0,850.0,0.0,0.0,28.067,9.187,37.253,22.433,1.436,35.817,emon,0.874,0.962,57.2,26.9,2.13
2026-09-23 14:07:20.832,9.0,0,39,9;25;39;6;5;17;5;2;0;17;6;3;0;8;2;0,877,3985,3435;3193;3970;3985;2802;1738;2288;2502;1628;1676;2439;3170;927;1338;1974;877,5.0,0.0,851.0,0,0,0,0,0,0.0,0,0,0,0,0,0,0,0,0.0,0,0,0,0,0,0.0,0.0,7350.0,0,0,0,37.1,4.2,0.1,1.7,13.59,21.5,63.4,98.60159977003076,11.45674538509599,25.1365662141778,26.29803975868499,0.7705318645698597,1199.0,0.0,0.0,0.0,0.0,54.297585277207965,0.7,0.0,0.0,0.0,0.0,450.0,851.0,0.0,0.0,28.067,9.187,37.253,22.433,1.436,35.817,emon,0.874,0.962,57.2,26.9,2.13
2026-09-23 14:07:21.832,5.5,0,33,5;15;33;3;0;14;3;0;0;11;0;0;0;5;0;0,906,3567,2890;2357;3567;3026;1133;1296;1173;1046;1185;1293;1094;1149;906;1129;1095;946,4.9,0.0,850.0,0,0,0,0,0,0.0,0,0,0,0,0,0,0,0,0.0,0,0,0,0,0,0.0,0.0,7350.0,0,0,0,36.1,4.2,0.1,1.7,13.59,21.5,63.4,98.43764458173587,11.7933793010903,25.920678421303077,27.072931704697787,0.7027158444053149,1182.3333333333333,0.0,0.0,0.0,0.0,53.36651718469314,0.7,0.0,0.0,0.0,0.0,450.0,862.5,0.0,0.0,28.067,9.187,37.253,22.433,1.436,35.817,emon,0.874,0.962,57.2,26.9,2.13
2026-09-23 14:07:22.833,9.2,0,42,8;34;42;8;0;18;5;0;0;23;0;2;0;6;2;0,841,3576,2796;2821;3576;2840;1170;1499;1436;1915;1135;1676;1622;1195;889;975;841;1005,4.4,0.0,865.2,0,0,0,0,0,0.0,0,0,0,0,0,0,0,0,0.0,0,0,0,0,0,81.9,0.0,7350.0,0,0,0,59.1,4.2,0.1,1.7,13.59,21.6,63.4,98.5253301858902,15.942964732646942,24.638369917869568,27.99933111667633,0.14448638561088956,1087.28125,0.0,0.0,0.0,0.0,50.15353926247917,0.7,0.0,0.0,0.0,0.0,250.0,862.5,0.0,0.0,28.067,9.187,37.253,22.433,1.436,35.817,emon,0.874,0.962,57.2,26.9,2.13
2026-09-23 14:07:23.834,7.4,0,42,11;24;42;6;0;11;2;0;0;14;0;0;0;5;2;2,905,3482,3135;2771;3482;2986;2066;1368;1366;1162;1329;1502;1379;1558;1109;990;999;905,3.8,0.0,862.5,0,0,0,0,0,0.0,0,0,0,0,0,0,0,0,0.0,0,0,0,0,0,89.2,0.0,7367.6,0,0,0,60.1,5.08,0.08,8.12,16.66,21.7,63.4,98.67718078150894,15.113998449209964,24.746693524447355,27.902892546220258,0.28200887996442336,1109.6060606060605,0.0,0.0,0.0,0.0,50.14261127714858,0.6,0.0,0.0,0.0,0.0,450.0,858.5,0.0,0.0,28.067,9.187,37.253,22.433,1.436,35.817,emon,0.874,0.962,57.2,26.9,2.13
2026-09-23 14:07:24.834,6.3,0,40,2;22;40;5;0;8;3;0;0;13;0;0;0;8;0;2,757,3357,2908;2565;3357;3122;1264;1391;1351;1281;1195;1416;1143;1204;757;1041;820;975,4.2,0.0,858.5,0,0,0,0,0,0.0,0,0,0,0,0,0,0,0,0.0,0,0,0,0,0,84.0,0.0,7375.7,0,0,0,57.1,5.08,0.08,8.12,16.66,21.8,63.4,98.92502304077148,12.828276111260056,23.170437622070313,24.362593085765837,0.4186789548152592,1104.5,0.0,0.0,0.0,0.0,55.32249464206397,0.7,0.0,0.0,0.0,0.0,450.0,858.5,0.0,0.0,28.067,9.187,37.253,22.433,1.436,35.817,emon,0.874,0.962,57.2,26.9,2.13
2026-09-23 14:07:25.834,7.7,0,42,6;25;42;3;0;15;0;0;0;21;0;0;0;9;0;0,798,3350,2419;2464;3350;2706;1243;1315;1395;1196;1226;1361;1220;1221;798;978;807;1004,3.8,0.0,858.5,0,0,0,0,0,0.0,0,0,0,0,0,0,0,0,0.0,0,0,0,0,0,91.1,0.0,7379.8,0,0,0,55.1,5.08,0.08,8.12,16.66,21.9,63.4,98.6831173252415,15.209022655680373,24.935611415553737,27.59930827166583,0.3395479235879139,1121.972972972973,0.0,0.0,0.0,0.0,52.928473955674754,0.7,0.0,0.0,0.0,0.0,300.0,858.5,0.0,0.0,28.067,9.187,37.253,22.433,1.436,35.817,emon,0.874,0.962,57.2,26.9,2.13
2026-09-23 14:07:26.835,6.7,0,31,5;25;31;5;0;15;0;0;0;10;0;0;3;11;2;2,747,2875,2485;1905;2875;2247;945;1349;1264;813;1046;1282;1072;1056;747;998;781;801,3.7,0.0,858.5,0,0,0,0,0,0.0,0,0,0,0,0,0,0,0,0.0,0,0,0,0,0,95.4,0.0,7381.1,0,0,0,56.1,4.49,0.07,25.28,34.24,21.9,63.4,98.51376668418327,13.150600167173074,23.426183312404447,25.79338179001721,0.39725939458287207,1083.1463414634147,0.0,0.0,0.0,0.0,51.47701107601567,0.6,0.0,0.0,0.0,0.0,450.0,858.5,0.0,0.0,28.067,9.187,37.253,22.433,1.436,35.817,emon,0.874,0.962,57.2,26.9,2.13
2026-09-23 14:07:27.835,5.8,0,28,6;18;28;8;0;22;0;0;0;8;0;0;0;3;0;0,615,3459,2465;2381;3459;2412;1194;1287;1083;967;1129;1275;1207;1196;615;1001;856;965,3.7,0.0,858.5,0,0,0,0,0,0.0,0,0,0,0,0,0,0,0,0.0,0,0,0,0,0,95.4,0.0,7381.1,0,0,0,50.1,4.49,0.07,25.28,34.24,22.1,63.4,98.84387621672258,13.226378424174111,24.246523200169854,26.408423202841178,0.6357896753192029,1071.2826086956522,0.0,0.0,0.0,0.0,54.66878259878444,0.7,0.0,0.0,0.0,0.0,450.0,858.5,0.0,0.0,28.067,9.187,37.253,22.433,1.436,35.817,emon,0.874,0.962,57.2,26.9,2.13
2026-09-23 14:07:28.836,6.0,0,33,0;19;33;5;0;20;0;0;0;16;0;0;0;5;0;0,857,3352,2561;2306;3352;2643;1175;1387;1264;1016;1321;1576;1719;1178;893;978;857;955,4.3,0.0,858.5,0,0,0,0,0,0.0,0,0,0,0,0,0,0,0,0.0,0,0,0,0,0,98.1,0.0,7391.8,0,0,0,46.1,4.49,0.07,25.28,34.24,22.2,63.4,99.0460327610825,11.734895117806666,24.043365122091892,25.345588260979362,0.775425794993579,1081.3232323232323,0.0,0.0,0.0,0.0,54.80111047490077,0.6,0.0,0.0,0.0,0.0,300.0,850.0,0.0,0.0,28.067,9.187,37.253,22.433,1.436,35.817,emon,0.874,0.962,57.2,26.9,2.13
2026-09-23 14:07:29.846,6.0,0,31,3;24;31;0;0;17;0;0;0;14;0;0;0;8;0;0,847,3130,1939;2137;3130;2427;992;1230;1106;1081;1146;1229;1476;1133;847;1003;951;986,4.6,0.0,850.0,0,0,0,0,0,0.0,0,0,0,0,0,0,0,0,0.0,0,0,0,0,0,82.5,0.0,7408.5,0,0,0,44.1,4.49,0.07,25.28,34.24,22.3,63.4,98.87944001789334,14.10993329935436,24.51853223390217,26.702323222462134,0.2060138217499185,1059.759493670886,0.0,0.0,0.0,0.0,53.418891680957394,0.6,0.0,0.0,0.0,0.0,300.0,850.0,0.0,0.0,39.215,7.358,46.574,27.968,1.79,44.784,emon,0.914,0.716,46.8,22.0,2.13
2026-09-23 14:07:30.846,5.8,0,39,3;21;39;2;0;16;0;0;0;11;0;0;0;2;0;0,764,3582,2563;2468;3582;3096;1451;1469;1487;1349;1131;1397;1517;1110;856;1045;1052;764,4.7,0.0,850.0,0,0,0,0,0,0.0,0,0,0,0,0,0,0,0,0.0,0,0,0,0,0,95.8,0.0,7408.5,0,0,0,45.1,4.32,0.08,19.26,27.91,22.3,63.4,98.74521864028205,13.1518008529896,24.1218863768237,26.124004398250865,0.5230786337169342,1066.857142857143,0.0,0.0,0.0,0.0,53.867971647176006,0.6,0.0,0.0,0.0,0.0,250.0,850.0,0.0,0.0,39.215,7.358,46.574,27.968,1.79,44.784,emon,0.914,0.716,46.8,22.0,2.13
2026-09-23 14:07:31.847,6.6,0,39,8;16;39;3;0;9;3;0;0;20;0;0;0;8;0;0,877,3100,2846;2554;3100;2761;1077;1322;1177;1307;1052;1464;1221;1183;949;1025;1050;877,4.4,0.0,851.0,0,0,0,0,0,0.0,0,0,0,0,0,0,0,0,0.0,0,0,0,0,0,97.6,0.0,7431.5,0,0,0,43.1,4.32,0.08,19.26,27.91,22.3,63.4,98.7257577078683,14.318609254700798,25.93889536176409,28.762389373779296,0.37857800534693525,1127.5714285714287,0.0,0.0,0.0,0.0,51.62164608453001,0.6,0.0,0.0,0.0,0.0,300.0,850.0,0.0,0.0,39.215,7.358,46.574,27.968,1.79,44.784,emon,0.914,0.716,46.8,22.0,2.13
2026-09-23 14:07:32.847,6.5,0,38,8;21;38;3;0;16;3;0;0;11;0;0;0;5;0;0,848,3439,2555;2532;3439;3242;1062;1263;1197;1635;1041;1277;1297;1100;848;1007;1020;1069,4.3,0.0,850.0,0,0,0,0,0,0.0,0,0,0,0,0,0,0,0,0.0,0,0,0,0,0,94.5,0.0,7448.3,0,0,0,41.1,4.32,0.08,19.26,27.91,22.5,63.4,98.50926865797777,15.738321451040415,25.4252069913424,28.653548372708833,0.15264776208026049,1116.6923076923076,0.0,0.0,0.0,0.0,50.922685183240816,0.6,0.0,0.0,0.0,0.0,450.0,850.0,0.0,0.0,39.215,7.358,46.574,27.968,1.79,44.784,emon,0.914,0.716,46.8,22.0,2.13
2026-09-23 14:07:33.848,6.5,0,33,0;24;33;6;0;20;0;0;0;15;0;0;0;3;2;0,960,3246,2150;2178;3246;2394;1219;1329;1287;1097;1193;1271;1083;960;1028;1018;999;984,4.1,0.0,851.0,0,0,0,0,0,0.0,0,0,0,0,0,0,0,0,0.0,0,0,0,0,0,100.0,0.0,7453.9,0,0,0,40.1,4.32,0.08,19.26,27.91,22.5,63.4,98.37322211988044,15.162633895874023,25.302555604414508,28.34113479383064,0.1139207966740342,1117.1818181818182,0.0,0.0,0.0,0.0,50.168187555715896,0.6,0.0,0.0,0.0,0.0,300.0,850.0,0.0,0.0,39.215,7.358,46.574,27.968,1.79,44.784,emon,0.914,0.716,46.8,22.0,2.13
2026-09-23 14:07:34.848,18.5,8,46,22;38;46;16;15;22;16;14;12;22;12;15;12;12;8;14,1968,4305,3933;3222;3807;4305;3372;2376;3232;3327;3331;2327;3245;3342;2135;1968;2011;2135,4.1,0.0,850.0,0,0,0,0,0,0.0,0,0,0,0,0,0,0,0,0.0,0,0,0,0,0,99.4,0.0,7453.9,0,0,0,46.1,4.27,0.09,14.23,25.38,22.6,63.4,98.3653373165407,14.824424992436947,25.892277206199758,28.948905170827672,0.15452347890443532,1155.5217391304348,0.0,0.0,0.0,0.0,50.88710392968378,0.7,0.0,0.0,0.0,0.0,450.0,850.0,0.0,0.0,39.215,7.358,46.574,27.968,1.79,44.784,emon,0.914,0.716,46.8,22.0,2.13
2026-09-23 14:07:35.849,8.8,0,38,18;20;38;6;0;23;6;5;0;22;2;0;0;3;0;0,840,3858,3270;2900;3858;3555;2367;1528;1795;2391;2538;1928;1765;2592;862;1296;845;840,4.2,0.0,850.0,0,0,0,0,0,0.0,0,0,0,0,0,0,0,0,0.0,0,0,0,0,0,86.3,0.0,7490.2,0,0,0,37.1,4.27,0.09,14.23,25.38,22.5,63.4,99.02783654325752,12.643399572420504,24.023693894827236,25.59820774678261,0.3683215409044116,1100.0752688172042,0.0,0.0,0.0,0.0,54.042610266516284,0.7,0.0,0.0,0.0,0.0,250.0,852.7,0.0,0.0,39.215,7.358,46.574,27.968,1.79,44.784,emon,0.914,0.716,46.8,22.0,2.13
2026-09-23 14:07:36.849,7.5,0,42,5;30;42;5;0;22;2;0;0;12;0;0;0;3;0;0,747,3195,2524;2105;3195;2484;1285;1348;1219;1156;1314;1503;1544;1287;1034;985;988;747,3.7,0.0,850.0,0,0,0,0,0,0.0,0,0,0,0,0,0,0,0,0.0,0,0,0,0,0,94.4,0.0,7490.2,0,0,0,38.1,4.27,0.09,14.23,25.38,22.5,63.4,98.91240049212166,12.73783206542054,23.6847576264585,25.65366452497043,0.4658297121392699,1067.5393258426966,0.0,0.0,0.0,0.0,53.13247922531674,0.6,0.0,0.0,0.0,0.0,300.0,850.0,0.0,0.0,39.215,7.358,46.574,27.968,1.79,44.784,emon,0.914,0.716,46.8,22.0,2.13
2026-09-23 14:07:37.850,8.0,0,31,15;27;31;5;0;19;3;0;0;16;2;0;0;8;0;2,786,3139,2650;2721;3139;2737;1130;1531;1326;996;966;1343;1305;1146;786;1056;1206;979,3.5,0.0,850.0,0,0,0,0,0,0.0,0,0,0,0,0,0,0,0,0.0,0,0,0,0,0,86.7,0.0,7490.2,0,0,0,37.1,4.27,0.09,14.23,25.38,22.5,63.4,98.34661230639877,11.91196515597403,23.01344619955972,24.46401487151596,0.5908047361340195,1039.6542056074766,0.0,0.0,0.0,0.0,55.52769204152521,0.6,0.0,0.0,0.0,0.0,250.0,850.0,0.0,0.0,39.215,7.358,46.574,27.968,1.79,44.784,emon,0.914,0.716,46.8,22.0,2.13
2026-09-23 14:07:38.850,6.8,0,40,8;20;40;0;0;6;12;0;0;8;11;0;0;0;3;0,696,3035,2453;2061;3035;2290;1215;1158;1306;1247;1234;1200;1302;1289;880;1083;1026;696,4.6,0.0,862.5,0,0,0,0,0,0.0,0,0,0,0,0,0,0,0,0.0,0,0,0,0,0,95.8,0.0,7490.2,0,0,0,40.1,6.18,0.08,3.66,23.05,22.5,63.4,98.67119890377845,14.331643792950077,24.279396221961505,26.802752859798478,0.43762143009326443,1074.3086419753085,0.0,0.0,0.0,0.0,53.35933271271211,0.7,0.0,0.0,0.0,0.0,250.0,862.5,0.0,0.0,39.215,7.358,46.574,27.968,1.79,44.784,emon,0.914,0.716,46.8,22.0,2.13
2026-09-23 14:07:39.851,6.0,0,31,20;6;31;3;2;0;12;0;2;0;12;0;0;0;8;0,674,3006,2350;2770;3006;2875;1190;1382;1400;1165;1593;1455;1406;2092;674;754;1025;817,4.6,0.0,862.5,0,0,0,0,0,0.0,0,0,0,0,0,0,0,0,0.0,0,0,0,0,0,95.8,0.0,7490.2,0,0,0,37.1,6.18,0.08,3.66,23.05,22.5,63.4,98.8163507361161,14.847739382009758,24.862445680718672,27.62505054473877,0.440531877725765,1089.7894736842106,0.0,0.0,0.0,0.0,52.8705882867308,0.6,0.0,0.0,0.0,0.0,250.0,858.5,0.0,0.0,39.215,7.358,46.574,27.968,1.79,44.784,emon,0.914,0.716,46.8,22.0,2.13
2026-09-23 14:07:40.851,7.1,0,30,20;5;30;8;0;0;20;0;0;0;22;0;2;0;8;0,975,3311,2256;2047;3311;2866;1307;1161;1474;1083;1007;1167;1337;1337;975;1063;1006;1033,4.5,0.0,858.5,0,0,0,0,0,0.0,0,0,0,0,0,0,0,0,0.0,0,0,0,0,0,96.4,0.0,7490.2,0,0,0,37.1,6.18,0.08,3.66,23.05,22.5,63.4,98.39558446407318,15.948242425918579,24.646514654159546,28.210667967796326,0.10609157662293,1140.40625,0.0,0.0,0.0,0.0,50.161379971541464,0.6,0.0,0.0,0.0,0.0,450.0,858.5,0.0,0.0,39.215,7.358,46.574,27.968,1.79,44.784,emon,0.914,0.716,46.8,22.0,2.13
2026-09-23 14:07:41.851,6.2,0,39,13;5;39;2;0;0;19;2;0;0;14;0;0;0;5;0,687,3340,2439;2355;3340;2386;1051;1239;1456;1586;1269;1304;1370;1583;712;687;994;758,4.6,0.0,859.5,0,0,0,0,0,0.0,0,0,0,0,0,0,0,0,0.0,0,0,0,0,0,96.4,0.0,7490.2,0,0,0,38.1,6.18,0.08,3.66,23.05,22.5,63.4,98.45479214191437,16.036067068576813,24.616155445575714,28.200891494750977,0.09156811268621823,1119.3125,0.0,0.0,0.0,0.0,50.15818740846589,0.7,0.0,0.0,0.0,0.0,250.0,858.5,0.0,0.0,97.086,1.195,98.281,20.693,1.324,96.957,emon,0.814,0.687,55.5,25.7,2.161
2026-09-23 14:07:42.852,6.5,0,31,26;9;31;2;0;0;18;2;0;0;14;0;0;0;2;0,978,3207,2245;2373;3207;2660;1184;1142;1378;1587;1046;1229;1451;1521;1046;991;1033;978,5.3,0.0,858.5,0,0,0,0,0,0.0,0,0,0,0,0,0,0,0,0.0,0,0,0,0,0,99.5,0.0,7490.2,0,0,0,37.1,4.65,0.07,3.35,22.32,22.5,63.4,98.43265099158654,16.106085557204025,24.969869290865386,28.68752711369441,0.11889202306763484,1108.2307692307693,0.0,0.0,0.0,0.0,50.92899816219623,0.6,0.0,0.0,0.0,0.0,450.0,858.5,0.0,0.0,97.086,1.195,98.281,20.693,1.324,96.957,emon,0.814,0.687,55.5,25.7,2.161
2026-09-23 14:07:43.852,7.9,0,42,22;9;42;5;0;0;19;4;0;0;16;2;0;0;8;0,746,3452,2099;2708;3452;2907;1168;1195;1323;1275;1003;1590;1281;1387;974;746;1095;925,4.3,0.0,859.5,0,0,0,0,0,0.0,0,0,0,0,0,0,0,0,0.0,0,0,0,0,0,97.2,0.0,7490.2,0,0,0,39.1,4.65,0.07,3.35,22.32,22.5,63.4,98.52729880809784,15.76381629705429,24.746603190898895,28.27224636077881,0.11931915795139503,1096.65625,0.0,0.0,0.0,0.0,50.151319064199924,0.6,0.0,0.0,0.0,0.0,250.0,858.5,0.0,0.0,97.086,1.195,98.281,20.693,1.324,96.957,emon,0.814,0.687,55.5,25.7,2.161
2026-09-23 14:07:44.853,6.9,0,40,17;9;40;5;0;0;14;0;0;0;18;2;2;0;5;0,771,3606,2521;2926;3606;3101;1418;1206;1301;1106;1122;1113;1316;1334;831;771;946;926,4.4,0.0,858.5,0,0,0,0,0,0.0,0,0,0,0,0,0,0,0,0.0,0,0,0,0,0,99.8,0.0,7490.2,0,0,0,37.1,4.65,0.07,3.35,22.32,22.5,63.4,98.9392097389305,13.610834256060176,24.219032322967447,26.829568579956725,0.4046857409156183,1045.7032967032967,0.0,0.0,0.0,0.0,54.142157004266,0.7,0.0,0.0,0.0,0.0,250.0,858.5,0.0,0.0,97.086,1.195,98.281,20.693,1.324,96.957,emon,0.814,0.687,55.5,25.7,2.161
2026-09-23 14:07:45.853,7.1,0,36,16;11;36;2;3;0;18;3;0;0;17;0;2;0;5;2,982,3399,2454;2372;3399;2826;1171;1159;1471;1186;1236;1120;1288;1539;1053;1031;1056;982,3.6,0.0,858.5,0,0,0,0,0,0.0,0,0,0,0,0,0,0,0,0.0,0,0,0,0,0,95.8,0.0,7490.2,0,0,0,37.1,4.65,0.07,3.35,22.32,22.5,63.4,99.01219668755165,11.825743552691375,22.800088960390823,24.538905726745725,0.5716944086587039,1004.7692307692307,0.0,0.0,0.0,0.0,55.16821977854348,0.6,0.0,0.0,0.0,0.0,250.0,858.5,0.0,0.0,97.086,1.195,98.281,20.693,1.324,96.957,emon,0.814,0.687,55.5,25.7,2.161
2026-09-23 14:07:46.853,6.8,0,34,20;9;34;2;0;0;17;2;0;0;18;0;2;0;6;0,691,3551,2287;1926;3551;2898;1119;1110;1342;1157;1041;1070;1297;1233;1007;691;1030;1001,3.5,0.0,858.5,0,0,0,0,0,0.0,0,0,0,0,0,0,0,0,0.0,0,0,0,0,0,95.5,0.0,7490.2,0,0,0,37.1,4.76,0.08,3.38,22.43,22.5,63.4,99.16496958259408,11.075373505732713,22.268470533931527,23.524836565588267,0.7510013025376647,1012.7404580152672,0.0,0.0,0.0,0.0,57.72234453465647,0.6,0.0,0.0,0.0,0.0,250.0,858.5,0.0,0.0,97.086,1.195,98.281,20.693,1.324,96.957,emon,0.814,0.687,55.5,25.7,2.161
2026-09-23 14:07:47.854,7.1,0,39,25;3;39;0;0;0;18;5;0;0;19;0;0;0;5;0,1026,3633,2586;2652;3633;3053;1653;1273;1412;1171;1231;1194;1378;1290;1026;1074;1082;1063,3.6,0.0,850.0,0,0,0,0,0,0.0,0,0,0,0,0,0,0,0,0.0,0,0,0,0,0,95.1,0.0,7490.2,0,0,0,37.1,4.76,0.08,3.38,22.43,22.5,63.4,99.0184269780698,13.188228000238862,23.41116643988568,24.926384950785533,0.29616240780856257,1076.7173913043478,0.0,0.0,0.0,0.0,55.76641329151133,0.7,0.0,0.0,0.0,0.0,250.0,858.5,0.0,0.0,97.086,1.195,98.281,20.693,1.324,96.957,emon,0.814,0.687,55.5,25.7,2.161
2026-09-23 14:07:48.854,7.6,0,30,20;17;30;8;0;0;18;3;0;0;17;0;2;0;6;0,960,3122,2082;2530;3122;2204;1164;1018;1300;1150;1209;1222;1246;1055;1076;1080;960;1002,4.1,0.0,850.0,0,0,0,0,0,0.0,0,0,0,0,0,0,0,0,0.0,0,0,0,0,0,95.8,0.0,7490.2,0,0,0,35.1,4.76,0.08,3.38,22.43,22.5,63.4,98.54346195020173,14.433379476007662,24.613770233957393,27.59270379417821,0.5005546751459693,1146.3684210526317,0.0,0.0,0.0,0.0,51.56558103898638,0.6,0.0,0.0,0.0,0.0,250.0,850.0,0.0,0.0,97.086,1.195,98.281,20.693,1.324,96.957,emon,0.814,0.687,55.5,25.7,2.161
2026-09-23 14:07:49.854,7.9,0,39,23;6;39;5;0;0;20;5;0;0;16;6;0;0;8;0,1003,3394,2305;2896;3394;2659;1012;1147;1327;1415;1039;1084;1307;1484;1060;1100;1013;1003,4.0,0.0,850.0,0,0,0,0,0,0.0,0,0,0,0,0,0,0,0,0.0,0,0,0,0,0,86.3,0.0,7490.2,0,0,0,35.1,4.76,0.08,3.38,22.43,22.5,63.4,98.56974510779747,15.492964407113883,24.38887434739333,27.87090154794546,0.2433932118413325,1081.3076923076924,0.0,0.0,0.0,0.0,50.91157967012662,0.6,0.0,0.0,0.0,0.0,450.0,850.0,0.0,0.0,97.086,1.195,98.281,20.693,1.324,96.957,emon,0.814,0.687,55.5,25.7,2.161
2026-09-23 14:07:50.855,10.3,0,47,30;16;47;9;0;3;15;3;2;0;26;2;0;0;6;5,715,3804,3255;3603;3751;3804;1903;3123;1653;2504;2931;2496;1925;2705;715;897;893;776,4.0,0.0,850.0,0,0,0,0,0,0.0,0,0,0,0,0,0,0,0,0.0,0,0,0,0,0,86.3,0.0,7490.2,0,0,0,37.1,5.29,0.08,3.36,22.82,22.5,63.4,98.81398404029107,15.729626717105988,24.763805943150675,28.3676268054593,0.23131509704445866,1082.0645161290322,0.0,0.0,0.0,0.0,50.12725847202443,0.6,0.0,0.0,0.0,0.0,250.0,850.0,0.0,0.0,97.086,1.195,98.281,20.693,1.324,96.957,emon,0.814,0.687,55.5,25.7,2.161
2026-09-23 14:07:51.856,7.1,0,28,17;9;28;6;2;2;16;3;3;2;15;2;0;0;9;0,908,3511,2490;2309;3511;2855;1130;1184;1442;1880;1140;1022;1460;1456;1048;908;1095;1003,4.3,0.0,851.1,0,0,0,0,0,0.0,0,0,0,0,0,0,0,0,0.0,0,0,0,0,0,97.3,0.0,7490.2,0,0,0,37.1,5.29,0.08,3.36,22.82,22.5,63.4,98.60951267589222,15.947564009464148,25.256503394155793,28.979364163947828,0.18710157847927997,1108.090909090909,0.0,0.0,0.0,0.0,51.69129464402795,0.6,0.0,0.0,0.0,0.0,450.0,851.1,0.0,0.0,97.086,1.195,98.281,20.693,1.324,96.957,emon,0.814,0.687,55.5,25.7,2.161
2026-09-23 14:07:52.857,6.3,0,45,15;11;45;2;0;0;9;2;0;0;16;0;0;0;2;0,836,3303,2347;2512;3303;2643;1195;1100;1302;1345;1524;1367;1309;1392;988;836;1027;960,4.4,0.0,850.0,0,0,0,0,0,0.0,0,0,0,0,0,0,0,0,0.0,0,0,0,0,0,95.7,0.0,7490.2,0,0,0,37.1,5.29,0.08,3.36,22.82,22.5,63.4,98.5212899962468,15.522625524606278,25.108368944765918,28.48666057301991,0.16566022585750795,1100.4925373134329,0.0,0.0,0.0,0.0,50.892778337669014,0.6,0.0,0.0,0.0,0.0,450.0,850.0,0.0,0.0,95.579,1.088,96.667,18.172,1.163,95.504,emon,0.814,0.635,54.7,25.3,2.159
2026-09-23 14:07:53.857,8.1,0,28,20;8;28;9;2;0;23;3;0;0;22;2;2;2;9;0,1028,3147,2366;2386;3147;2421;1420;1383;1327;1708;1401;1226;1265;1197;1028;1053;1042;1028,4.4,0.0,850.0,0,0,0,0,0,0.0,0,0,0,0,0,0,0,0,0.0,0,0,0,0,0,85.8,0.0,7490.2,0,0,0,36.1,5.29,0.08,3.36,22.82,22.4,63.4,98.6370339026818,13.273860840437314,23.10296062934093,25.59742653503632,0.4666606415783649,1052.2051282051282,0.0,0.0,0.0,0.0,51.497325661090706,0.6,0.0,0.0,0.0,0.0,450.0,850.0,0.0,0.0,95.579,1.088,96.667,18.172,1.163,95.504,emon,0.814,0.635,54.7,25.3,2.159
2026-09-23 14:07:54.857,9.6,0,38,25;12;38;8;2;0;17;3;0;0;16;3;3;0;20;6,745,3075,2452;2837;3075;2855;1119;1349;1408;1301;1261;1127;1455;1407;803;745;1051;990,4.1,0.0,850.0,0,0,0,0,0,0.0,0,0,0,0,0,0,0,0,0.0,0,0,0,0,0,95.3,0.0,7490.2,0,0,0,36.1,4.61,0.08,3.36,22.31,22.5,63.4,98.96572613956953,12.491089054994811,23.169582127320645,25.17384692304062,0.5015115068803278,988.3939393939394,0.0,0.0,0.0,0.0,55.817908709398424,0.6,0.0,0.0,0.0,0.0,450.0,850.0,0.0,0.0,95.579,1.088,96.667,18.172,1.163,95.504,emon,0.814,0.635,54.7,25.3,2.159
2026-09-23 14:07:55.858,9.0,0,46,24;9;46;8;0;0;14;2;0;0;16;3;2;0;20;0,975,3443,2799;2586;3443;2632;1059;1171;1572;1410;1168;1128;1415;1341;998;1054;1278;975,3.7,0.0,852.7,0,0,0,0,0,0.0,0,0,0,0,0,0,0,0,0.0,0,0,0,0,0,96.5,0.0,7490.2,0,0,0,38.1,4.61,0.08,3.36,22.31,22.5,63.4,99.13111004528699,12.157804219505271,23.22663546682478,24.825707696445352,0.5542720619128673,972.8738738738739,0.0,0.0,0.0,0.0,56.22309984132513,0.7,0.0,0.0,0.0,0.0,250.0,850.0,0.0,0.0,95.579,1.088,96.667,18.172,1.163,95.504,emon,0.814,0.635,54.7,25.3,2.159
2026-09-23 14:07:56.858,6.5,0,31,30;5;31;5;0;0;14;2;0;0;15;0;0;0;3;0,910,3347,2511;2712;3347;2912;1178;1224;1307;1162;1206;1163;1461;1252;910;1078;963;1015,3.8,0.0,850.0,0,0,0,0,0,0.0,0,0,0,0,0,0,0,0,0.0,0,0,0,0,0,95.9,0.0,7490.2,0,0,0,39.1,4.61,0.08,3.36,22.31,22.5,63.4,98.75431594848632,14.973405906930566,24.711195635795594,27.501897525787353,0.27636577262310313,1072.125,0.0,0.0,0.0,0.0,54.01619183756411,0.7,0.0,0.0,0.0,0.0,250.0,850.0,0.0,0.0,95.579,1.088,96.667,18.172,1.163,95.504,emon,0.814,0.635,54.7,25.3,2.159
2026-09-23 14:07:57.859,6.2,0,36,18;2;36;2;0;0;16;2;0;0;17;0;0;0;6;0,860,3384,2489;2407;3384;2450;1386;2862;1328;1156;1441;1525;1269;1197;923;905;989;860,4.1,0.0,850.0,0,0,0,0,0,0.0,0,0,0,0,0,0,0,0,0.0,0,0,0,0,0,97.9,0.0,7490.2,0,0,0,39.1,4.61,0.08,3.36,22.31,22.5,63.4,98.3593412287095,15.720733183271745,25.23458133024328,28.67533083523021,0.4066503951445852,1110.764705882353,0.0,0.0,0.0,0.0,51.65603153363747,0.7,0.0,0.0,0.0,0.0,250.0,850.0,0.0,0.0,95.579,1.088,96.667,18.172,1.163,95.504,emon,0.814,0.635,54.7,25.3,2.159
2026-09-23 14:07:58.859,7.4,0,25,25;9;25;8;3;0;18;3;0;0;17;0;0;0;9;0,869,3214,2186;2705;3214;2544;2082;1104;1254;1168;1314;1128;1279;1314;869;1142;1032;1112,3.7,0.0,850.0,0,0,0,0,0,0.0,0,0,0,0,0,0,0,0,0.0,0,0,0,0,0,87.4,0.0,7490.2,0,0,0,36.1,5.1,0.08,3.36,22.74,22.5,63.4,98.17448580265045,15.797394871711731,24.81273740530014,28.247559189796448,0.10648096063641788,1117.75,0.0,0.0,0.0,0.0,50.17297972389497,0.6,0.0,0.0,0.0,0.0,250.0,850.0,0.0,0.0,95.579,1.088,96.667,18.172,1.163,95.504,emon,0.814,0.635,54.7,25.3,2.159
2026-09-23 14:07:59.860,10.7,0,41,25;17;41;12;5;3;16;9;5;5;12;6;3;3;9;0,793,3822,3228;3316;3822;3730;2546;2498;1668;2575;2976;3179;1677;2331;798;793;955;806,4.5,0.0,850.0,0,0,0,0,0,0.0,0,0,0,0,0,0,0,0,0.0,0,0,0,0,0,88.9,0.0,7490.2,0,0,0,39.1,5.1,0.08,3.36,22.74,22.5,63.4,98.8457165379678,16.060587513831354,24.457484583700857,27.99923429181499,0.089466510193644,1028.032258064516,0.0,0.0,0.0,0.0,50.12489910063244,0.6,0.0,0.0,0.0,0.0,450.0,850.0,0.0,0.0,95.579,1.088,96.667,18.172,1.163,95.504,emon,0.814,0.635,54.7,25.3,2.159
2026-09-23 14:08:00.860,5.8,0,33,29;6;33;3;0;0;6;2;0;0;9;0;0;0;5;0,652,3244,2534;2719;3244;2652;1347;1280;1422;1420;1054;1346;1344;1461;724;652;978;896,4.5,0.0,850.0,0,0,0,0,0,0.0,0,0,0,0,0,0,0,0,0.0,0,0,0,0,0,88.9,0.0,7490.2,0,0,0,36.1,5.1,0.08,3.36,22.74,22.5,63.4,98.63700680854993,13.934727013731996,23.13179200123518,25.631982433490265,0.25665407072796,1150.923076923077,0.0,0.0,0.0,0.0,52.807170422413414,0.7,0.0,0.0,0.0,0.0,250.0,850.0,0.0,0.0,95.579,1.088,96.667,18.172,1.163,95.504,emon,0.814,0.635,54.7,25.3,2.159
2026-09-23 14:08:01.861,6.5,0,33,33;3;30;11;0;0;11;3;0;0;8;2;0;0;5;0,887,3324,2330;2754;3324;2953;1560;1273;1437;1544;1289;1801;1448;1371;1039;887;944;1017,4.6,0.0,850.0,0,0,0,0,0,0.0,0,0,0,0,0,0,0,0,0.0,0,0,0,0,0,86.5,0.0,7490.2,0,0,0,36.1,5.1,0.08,3.36,22.74,22.4,63.4,98.3399524073447,15.928863371572186,24.6746276732414,28.240929080593972,0.1727786300959246,1135.2903225806451,0.0,0.0,0.0,0.0,50.16820584886497,0.7,0.0,0.0,0.0,0.0,250.0,850.0,0.0,0.0,95.579,1.088,96.667,18.172,1.163,95.504,emon,0.814,0.635,54.7,25.3,2.159
2026-09-23 14:08:02.861,6.5,0,28,28;3;27;5;0;0;12;3;0;0;12;2;2;0;9;0,997,3232,2397;2247;3232;2895;1262;1199;1420;1357;1164;1158;1490;1302;1024;997;1014;1026,4.4,0.0,850.0,0,0,0,0,0,0.0,0,0,0,0,0,0,0,0,0.0,0,0,0,0,0,97.0,0.0,7490.2,0,0,0,37.1,5.1,0.08,3.36,22.74,22.4,63.4,98.61742515125493,13.078523021341226,23.836711377933106,26.04961359723546,0.46673405026861775,1072.5632183908046,0.0,0.0,0.0,0.0,51.97685641478533,0.6,0.0,0.0,0.0,0.0,450.0,850.0,0.0,0.0,95.579,1.088,96.667,18.172,1.163,95.504,emon,0.814,0.635,54.7,25.3,2.159
2026-09-23 14:08:03.862,8.2,0,32,22;12;32;12;0;0;18;6;0;0;19;2;0;0;6;2,887,3170,2146;2484;3088;2759;1896;3170;1511;1377;2105;1046;1361;1598;887;962;948;959,4.5,0.0,850.0,0,0,0,0,0,0.0,0,0,0,0,0,0,0,0,0.0,0,0,0,0,0,96.7,0.0,7490.2,0,0,0,36.1,5.1,0.08,3.36,22.74,22.4,63.4,98.77459197998047,11.9555294771865,23.268444883823395,24.87517620906234,0.6739015096795629,1046.0,0.0,0.0,0.0,0.0,54.897765278369185,0.6,0.0,0.0,0.0,0.0,450.0,850.0,0.0,0.0,95.579,1.088,96.667,18.172,1.163,95.504,emon,0.814,0.635,54.7,25.3,2.159
2026-09-23 14:08:04.864,7.0,0,35,23;0;35;3;0;0;19;3;0;0;25;0;0;0;3;0,820,3048,2168;2448;3048;2788;1243;1342;1231;1188;1307;1512;1346;1419;820;983;1015;907,4.3,0.0,851.0,0,0,0,0,0,0.0,0,0,0,0,0,0,0,0,0.0,0,0,0,0,0,95.9,0.0,7490.2,0,0,0,36.1,5.1,0.08,3.36,22.74,22.4,63.4,99.16085704575237,12.008310356917672,23.58649954530928,25.05115624039601,0.6248590157864293,996.4358974358975,0.0,0.0,0.0,0.0,56.81066799915244,0.6,0.0,0.0,0.0,0.0,450.0,851.0,0.0,0.0,96.89,1.226,98.116,19.43,1.244,96.872,emon,0.815,0.698,55.9,26.3,2.13
2026-09-23 14:08:05.864,6.8,0,25,14;12;25;6;0;0;20;3;0;0;20;2;0;0;6;0,816,3192,2398;2774;3192;2535;1384;1120;1421;1260;2180;1110;1432;1273;990;998;1072;816,3.6,0.0,850.0,0,0,0,0,0,0.0,0,0,0,0,0,0,0,0,0.0,0,0,0,0,0,87.2,0.0,7490.2,0,0,0,37.1,5.1,0.08,3.36,22.74,22.4,63.4,98.57740299121754,14.850083522699975,24.12381563959895,26.882725747855932,0.22471614215661445,1085.4864864864865,0.0,0.0,0.0,0.0,51.65507413265673,0.6,0.0,0.0,0.0,0.0,300.0,850.0,0.0,0.0,96.89,1.226,98.116,19.43,1.244,96.872,emon,0.815,0.698,55.9,26.3,2.13
2026-09-23 14:08:06.864,7.0,0,30,28;5;30;2;0;0;16;3;0;0;18;0;0;0;10;2,843,3259,2292;2017;3259;2587;1088;1276;1423;1325;1100;1128;1437;1314;843;1020;1053;948,3.4,0.0,851.0,0,0,0,0,0,0.0,0,0,0,0,0,0,0,0,0.0,0,0,0,0,0,97.3,0.0,7490.2,0,0,0,38.1,0.0,0.0,0.0,0.0,22.4,63.4,98.41427525111607,15.259289857319423,24.518098776681082,27.865277917044505,0.2619826855437298,1129.7142857142858,0.0,0.0,0.0,0.0,50.1871648222208,0.6,0.0,0.0,0.0,0.0,250.0,851.0,0.0,0.0,96.89,1.226,98.116,19.43,1.244,96.872,emon,0.815,0.698,55.9,26.3,2.13
2026-09-23 14:08:07.865,7.2,0,38,20;8;38;2;0;0;18;3;0;0;22;2;0;2;2;0,938,3329,2501;2160;3329;2821;1140;1280;1393;1236;1243;1189;1418;1349;938;1045;992;1077,3.6,0.0,862.5,0,0,0,0,0,0.0,0,0,0,0,0,0,0,0,0.0,0,0,0,0,0,95.6,0.0,7490.2,0,0,0,39.1,0.0,0.0,0.0,0.0,22.5,63.4,98.22279155254364,15.747016966342926,24.88797217607498,28.241204619407654,0.10752019984465733,1134.15625,0.0,0.0,0.0,0.0,50.172211858211085,0.6,0.0,0.0,0.0,0.0,450.0,862.5,0.0,0.0,96.89,1.226,98.116,19.43,1.244,96.872,emon,0.815,0.698,55.9,26.3,2.13
2026-09-23 14:08:08.866,8.7,0,37,17;20;37;6;0;0;8;8;0;0;6;13;0;2;0;22,988,3317,2138;2345;3317;2308;1104;1200;1236;1419;1568;1151;1240;1289;1326;1034;988;1489,4.2,0.0,858.5,0,0,0,0,0,0.0,0,0,0,0,0,0,0,0,0.0,0,0,0,0,0,99.6,0.0,7490.2,0,0,0,37.1,0.0,0.0,0.0,0.0,22.5,63.4,98.39395235501803,15.940757135244516,25.388238818828878,28.69603013258714,0.13557024758595687,1127.4615384615386,0.0,0.0,0.0,0.0,50.927609960161725,0.6,0.0,0.0,0.0,0.0,250.0,862.5,0.0,0.0,96.89,1.226,98.116,19.43,1.244,96.872,emon,0.815,0.698,55.9,26.3,2.13
2026-09-23 14:08:09.866,6.8,0,31,6;25;31;6;3;0;0;16;2;2;0;14;2;0;0;3,829,3258,1994;2296;3258;2706;1290;1223;1346;1315;1137;1349;1212;1317;882;839;829;964,4.2,0.0,858.5,0,0,0,0,0,0.0,0,0,0,0,0,0,0,0,0.0,0,0,0,0,0,99.6,0.0,7490.2,0,0,0,36.1,0.0,0.0,0.0,0.0,22.5,63.4,98.37275683495307,15.885612118628718,24.702088632891254,28.10426878160046,0.11411980568194732,1140.9354838709678,0.0,0.0,0.0,0.0,50.163954288969116,0.6,0.0,0.0,0.0,0.0,450.0,858.5,0.0,0.0,96.89,1.226,98.116,19.43,1.244,96.872,emon,0.815,0.698,55.9,26.3,2.13
2026-09-23 14:08:10.866,9.4,0,42,11;29;42;9;2;3;2;18;3;3;2;18;2;0;2;8,737,3515,3203;2772;3377;3515;1851;2425;2315;1887;2126;2795;2634;1731;814;737;824;1004,4.3,0.0,858.5,0,0,0,0,0,0.0,0,0,0,0,0,0,0,0,0.0,0,0,0,0,0,95.5,0.0,7490.2,0,0,0,38.1,4.62,0.08,3.34,22.27,22.5,63.4,98.67036831017697,14.904472990497721,23.928942371498454,26.931627304490767,0.17386747367995806,1081.5757575757575,0.0,0.0,0.0,0.0,50.138634045015685,0.7,0.0,0.0,0.0,0.0,450.0,859.5,0.0,0.0,96.89,1.226,98.116,19.43,1.244,96.872,emon,0.815,0.698,55.9,26.3,2.13
2026-09-23 14:08:11.866,5.8,0,31,8;14;31;3;0;0;0;14;0;0;0;17;0;0;0;5,664,3390,2707;2425;3390;2423;1276;2434;2175;1468;1203;1260;1410;1451;921;664;771;969,4.7,0.0,858.5,0,0,0,0,0,0.0,0,0,0,0,0,0,0,0,0.0,0,0,0,0,0,98.4,0.0,7490.2,0,0,0,37.1,4.62,0.08,3.34,22.27,22.5,63.4,98.96221504211425,12.970069599207491,24.196798307895662,26.17695880293846,0.5276217163680121,1098.5,0.0,0.0,0.0,0.0,55.30334403023124,0.6,0.0,0.0,0.0,0.0,250.0,858.5,0.0,0.0,96.89,1.226,98.116,19.43,1.244,96.872,emon,0.815,0.698,55.9,26.3,2.13
2026-09-23 14:08:12.867,6.6,0,47,2;24;47;0;0;0;0;12;0;0;0;12;2;3;0;5,944,3477,2633;2703;3477;3331;1125;1138;1164;1359;1885;1347;965;1389;1012;970;944;1008,4.3,0.0,858.5,0,0,0,0,0,0.0,0,0,0,0,0,0,0,0,0.0,0,0,0,0,0,88.8,0.0,7490.2,0,0,0,37.1,4.62,0.08,3.34,22.27,22.5,63.4,99.1662485103796,12.361735356031078,22.9070571601981,24.441258919858697,0.4063014740152872,995.5346534653465,0.0,0.0,0.0,0.0,55.93532897192653,0.6,0.0,0.0,0.0,0.0,250.0,858.5,0.0,0.0,96.89,1.226,98.116,19.43,1.244,96.872,emon,0.815,0.698,55.9,26.3,2.13
2026-09-23 14:08:13.867,6.0,0,40,3;21;40;0;0;0;0;14;0;0;0;18;0;0;0;0,617,3384,2852;2496;3384;2909;1307;1255;1222;1352;1323;1492;1162;1401;772;856;617;962,4.7,0.0,858.5,0,0,0,0,0,0.0,0,0,0,0,0,0,0,0,0.0,0,0,0,0,0,89.1,0.0,7490.2,0,0,0,38.1,5.1,0.08,3.35,22.7,22.5,63.4,98.84596637286971,11.642367947113131,22.575492082443912,23.904080356116843,0.6277243968213195,996.3451327433628,0.0,0.0,0.0,0.0,56.17511168372842,0.7,0.0,0.0,0.0,0.0,250.0,858.5,0.0,0.0,96.89,1.226,98.116,19.43,1.244,96.872,emon,0.815,0.698,55.9,26.3,2.13
2026-09-23 14:08:14.868,6.2,0,31,5;25;31;6;2;0;0;18;2;0;0;9;0;0;0;2,901,3425,3060;2545;3425;2729;1367;1315;1209;1318;1137;1391;1365;1273;934;901;996;959,5.0,0.0,859.5,0,0,0,0,0,0.0,0,0,0,0,0,0,0,0,0.0,0,0,0,0,0,97.1,0.0,7490.2,0,0,0,37.1,5.1,0.08,3.35,22.7,22.5,63.4,98.77151536941528,14.245349606126547,24.562832725048064,26.997259348630905,0.6141917214092245,1106.5,0.0,0.0,0.0,0.0,52.71837056055665,0.7,0.0,0.0,0.0,0.0,450.0,859.5,0.0,0.0,96.89,1.226,98.116,19.43,1.244,96.872,emon,0.815,0.698,55.9,26.3,2.13
2026-09-23 14:08:15.868,6.9,0,38,6;16;38;2;0;0;0;18;2;0;0;21;0;0;0;8,949,3324,2549;2242;3324;2875;1152;1233;1214;1214;1072;1127;1225;1244;1033;1008;949;1012,3.9,0.0,858.5,0,0,0,0,0,0.0,0,0,0,0,0,0,0,0,0.0,0,0,0,0,0,95.5,0.0,7490.2,0,0,0,37.1,5.1,0.08,3.35,22.7,22.5,63.4,98.40809996231742,15.508046025815217,25.213149250417516,28.65816348531972,0.18700508912603464,1127.9855072463768,0.0,0.0,0.0,0.0,52.46153819755368,0.6,0.0,0.0,0.0,0.0,450.0,858.5,0.0,0.0,96.89,1.226,98.116,19.43,1.244,96.872,emon,0.815,0.698,55.9,26.3,2.13
2026-09-23 14:08:16.868,7.1,0,33,8;24;33;3;2;0;0;17;3;0;0;18;2;0;0;5,793,3381,2552;2548;3381;3091;1676;1164;1143;1410;1287;1296;1158;1468;987;793;852;985,4.1,0.0,858.5,0,0,0,0,0,0.0,0,0,0,0,0,0,0,0,0.0,0,0,0,0,0,96.6,0.0,7490.2,0,0,0,38.1,5.1,0.08,3.35,22.7,22.5,63.4,98.88957977294922,13.522287835875018,22.95621667666869,24.970696270296518,0.3092387521008442,1102.409090909091,0.0,0.0,0.0,0.0,54.862249521369286,0.7,0.0,0.0,0.0,0.0,250.0,858.5,0.0,0.0,96.64,1.22,97.861,17.73,1.135,96.726,emon,0.816,0.714,55.8,26.2,2.129
2026-09-23 14:08:17.869,8.5,0,41,8;31;41;5;0;0;0;23;3;0;0;18;0;0;0;8,885,3203,2451;2570;3203;2708;2602;1171;1202;1304;1882;1003;1012;1363;1008;885;987;1052,3.6,0.0,858.5,0,0,0,0,0,0.0,0,0,0,0,0,0,0,0,0.0,0,0,0,0,0,95.3,0.0,7490.2,0,0,0,38.1,4.78,0.08,3.37,22.43,22.5,63.4,98.39256089733493,15.82371671738163,24.792926173056326,28.27965754847373,0.18629213086810084,1138.516129032258,0.0,0.0,0.0,0.0,50.16406927714425,0.6,0.0,0.0,0.0,0.0,450.0,861.2,0.0,0.0,96.64,1.22,97.861,17.73,1.135,96.726,emon,0.816,0.714,55.8,26.2,2.129
2026-09-23 14:08:18.870,6.4,0,28,11;22;28;6;0;0;0;12;3;0;0;12;0;0;0;8,1064,3092,2741;2261;3092;2362;1340;1182;1186;1417;1993;1475;1160;1304;1064;1100;1182;1129,4.5,0.0,858.5,0,0,0,0,0,0.0,0,0,0,0,0,0,0,0,0.0,0,0,0,0,0,0.0,0.0,7490.2,0,0,0,38.1,4.78,0.08,3.37,22.43,22.5,63.4,98.4667871648615,12.746553710012725,27.690954728560015,29.876217235218395,0.5051833765094422,1199.0,0.0,0.0,0.0,0.0,51.666987746050864,0.6,0.0,0.0,0.0,0.0,450.0,858.5,0.0,0.0,96.64,1.22,97.861,17.73,1.135,96.726,emon,0.816,0.714,55.8,26.2,2.129
2026-09-23 14:08:19.870,7.1,0,39,8;19;39;3;2;0;0;22;2;2;0;19;0;0;0;0,1011,3466,2556;2082;3466;3051;1710;1092;1410;1418;1279;1505;1459;1407;1011;1102;1179;1227,4.7,0.0,858.5,0,0,0,0,0,0.0,0,0,0,0,0,0,0,0,0.0,0,0,0,0,0,0.0,0.0,7490.2,0,0,0,36.1,4.78,0.08,3.37,22.43,22.4,63.4,98.27205116518083,12.699213089481477,27.067785939862652,29.225406523673765,0.49851458082482547,1199.0,0.0,0.0,0.0,0.0,50.167708061875835,0.7,0.0,0.0,0.0,0.0,450.0,858.5,0.0,0.0,96.64,1.22,97.861,17.73,1.135,96.726,emon,0.816,0.714,55.8,26.2,2.129
2026-09-23 14:08:20.870,5.5,0,28,6;20;28;3;0;0;0;12;0;0;0;14;0;0;0;5,965,3419,2647;2694;3419;2817;1137;1210;1225;1235;1174;1095;965;1212;1156;1174;1138;1100,4.7,0.0,858.5,0,0,0,0,0,0.0,0,0,0,0,0,0,0,0,0.0,0,0,0,0,0,0.0,0.0,7490.2,0,0,0,35.1,4.78,0.08,3.37,22.43,22.4,63.4,98.6150070748678,10.63615501400583,25.489806729119,26.782687204094923,0.5860536850800044,1184.9756097560976,0.0,0.0,0.0,0.0,52.73811075691043,0.7,0.0,0.0,0.0,0.0,450.0,850.0,0.0,0.0,96.64,1.22,97.861,17.73,1.135,96.726,emon,0.816,0.714,55.8,26.2,2.129
2026-09-23 14:08:21.871,5.8,0,36,3;21;36;5;0;0;0;12;0;0;0;8;0;0;0;8,1030,3090,2855;2675;3023;3090;1260;1030;1077;1361;1161;1233;1096;1299;1147;1108;1124;1257,4.7,0.0,850.0,0,0,0,0,0,0.0,0,0,0,0,0,0,0,0,0.0,0,0,0,0,0,0.0,0.0,7490.2,0,0,0,35.1,3.92,0.1,0.58,8.08,22.5,63.4,98.64007897627981,10.067183409650859,24.10549815955915,24.876407694973445,0.6715718791427973,1188.4736842105262,0.0,0.0,0.0,0.0,53.99720214291623,0.7,0.0,0.0,0.0,0.0,450.0,850.0,0.0,0.0,96.64,1.22,97.861,17.73,1.135,96.726,emon,0.816,0.714,55.8,26.2,2.129
2026-09-23 14:08:22.871,5.1,0,27,5;15;27;0;0;0;0;22;0;0;0;14;0;0;0;0,1025,4061,2958;2709;4061;3370;1207;1204;1144;1303;1192;1128;1115;1281;1086;1069;1025;1156,5.0,0.0,850.0,0,0,0,0,0,0.0,0,0,0,0,0,0,0,0,0.0,0,0,0,0,0,0.0,0.0,7490.2,0,0,0,36.1,3.92,0.1,0.58,8.08,22.4,63.4,98.59273542799392,9.540562690437042,23.00138173339603,23.503477280607093,0.7665541973552322,1175.5765765765766,0.0,0.0,0.0,0.0,55.310064358082975,0.7,0.0,0.0,0.0,0.0,450.0,850.0,0.0,0.0,96.64,1.22,97.861,17.73,1.135,96.726,emon,0.816,0.714,55.8,26.2,2.129
2026-09-23 14:08:23.871,8.3,0,38,12;20;38;4;3;3;2;16;3;3;3;17;0;2;2;5,1609,3919,3676;3193;3862;3919;2898;3032;3433;1778;2521;3243;3180;1641;2362;2652;2844;1609,4.6,0.0,862.5,0,0,0,0,0,0.0,0,0,0,0,0,0,0,0,0.0,0,0,0,0,0,0.0,0.0,7490.2,0,0,0,41.1,3.92,0.1,0.58,8.08,22.4,63.4,98.49211672732704,13.763604619001088,25.553644782618473,27.664132055483368,0.4828716324769438,1124.0,0.0,0.0,0.0,0.0,52.89458752501952,0.7,0.0,0.0,0.0,0.0,450.0,862.5,0.0,0.0,96.64,1.22,97.861,17.73,1.135,96.726,emon,0.816,0.714,55.8,26.2,2.129
2026-09-23 14:08:24.871,5.5,0,27,3;23;27;5;0;0;0;16;0;0;0;12;0;0;0;3,839,3226,1969;2195;3226;2354;1180;1106;1198;1298;1098;995;1099;1304;977;1070;839;997,4.4,0.0,862.5,0,0,0,0,0,0.0,0,0,0,0,0,0,0,0,0.0,0,0,0,0,0,99.6,0.0,7490.2,0,0,0,45.1,3.92,0.1,0.58,8.08,22.4,63.4,98.46223621983683,15.462757479759954,25.123952127272084,28.340926262640185,0.16756842912535272,1125.6129032258063,0.0,0.0,0.0,0.0,50.15420225983666,0.6,0.0,0.0,0.0,0.0,450.0,862.5,0.0,0.0,96.64,1.22,97.861,17.73,1.135,96.726,emon,0.816,0.714,55.8,26.2,2.129
2026-09-23 14:08:25.872,20.8,11,44,23;36;44;23;18;14;18;25;18;16;14;31;12;11;11;18,1976,4239,4118;3453;3903;4239;3296;3390;3399;2444;3234;3368;3379;2482;2018;2068;2249;1976,4.4,0.0,858.5,0,0,0,0,0,0.0,0,0,0,0,0,0,0,0,0.0,0,0,0,0,0,100.0,0.0,7490.2,0,0,0,50.1,4.98,0.08,8.43,19.66,22.4,63.4,98.56463742256165,15.207875669002533,25.181449949741364,28.375459671020508,0.25585823415531195,1120.875,0.0,0.0,0.0,0.0,50.14775631390512,0.6,0.0,0.0,0.0,0.0,450.0,858.5,0.0,0.0,96.64,1.22,97.861,17.73,1.135,96.726,emon,0.816,0.714,55.8,26.2,2.129
2026-09-23 14:08:26.872,5.3,0,31,6;14;31;0;0;0;0;14;0;0;0;17;0;0;0;3,812,3506,3138;2846;3506;3366;2391;2901;2918;1492;1610;2553;2825;1416;881;829;812;961,4.2,0.0,858.5,0,0,0,0,0,0.0,0,0,0,0,0,0,0,0,0.0,0,0,0,0,0,96.8,0.0,7490.2,0,0,0,40.1,4.98,0.08,8.43,19.66,22.4,63.4,98.63952085054838,16.184168888972355,25.105041093092698,28.67569791353666,0.14992907845074885,1051.3076923076924,0.0,0.0,0.0,0.0,50.91241927192761,0.7,0.0,0.0,0.0,0.0,250.0,858.5,0.0,0.0,96.64,1.22,97.861,17.73,1.135,96.726,emon,0.816,0.714,55.8,26.2,2.129
2026-09-23 14:08:27.872,5.2,0,34,3;12;34;2;0;0;0;14;2;0;0;11;0;0;0;5,859,3390,2654;2448;3390;2971;1288;1275;1243;1482;1340;1807;1985;1393;928;922;859;1028,4.0,0.0,859.5,0,0,0,0,0,0.0,0,0,0,0,0,0,0,0,0.0,0,0,0,0,0,97.7,0.0,7490.2,0,0,0,39.1,4.98,0.08,8.43,19.66,22.4,63.4,98.58108987381209,15.347590432238222,24.505063640537546,27.852482980756616,0.18704790841099986,1110.1940298507463,0.0,0.0,0.0,0.0,50.89648748311534,0.6,0.0,0.0,0.0,0.0,450.0,859.5,0.0,0.0,46.923,28.596,75.519,34.926,2.235,73.284,emon,0.863,0.95,54.8,25.6,2.139
2026-09-23 14:08:28.873,7.4,0,33,10;25;33;5;6;0;0;14;2;2;0;20;0;0;0;2,947,3171,2523;2269;3171;2856;2349;2433;1889;1332;1535;1343;1556;1375;976;1055;1066;947,3.9,0.0,850.0,0,0,0,0,0,0.0,0,0,0,0,0,0,0,0,0.0,0,0,0,0,0,87.0,0.0,7490.2,0,0,0,39.1,4.98,0.08,8.43,19.66,22.4,63.4,98.47346485362334,14.808659058721627,24.81268529330983,27.857476010042078,0.32441825407252456,1120.3235294117646,0.0,0.0,0.0,0.0,50.187955749823765,0.7,0.0,0.0,0.0,0.0,300.0,850.0,0.0,0.0,46.923,28.596,75.519,34.926,2.235,73.284,emon,0.863,0.95,54.8,25.6,2.139
2026-09-23 14:08:29.873,7.6,0,36,2;36;34;0;0;0;0;23;0;0;0;18;0;0;0;8,822,3198,2256;2340;3198;2708;1372;1240;1314;1384;1518;1197;1258;1290;867;822;997;1003,4.0,0.0,850.0,0,0,0,0,0,0.0,0,0,0,0,0,0,0,0,0.0,0,0,0,0,0,87.4,0.0,7490.2,0,0,0,40.1,6.09,0.07,3.47,23.22,22.4,63.4,98.86909330652115,12.351006190015122,23.163364130131743,25.023233514833958,0.4608309732445397,994.2127659574468,0.0,0.0,0.0,0.0,54.50954548420107,0.7,0.0,0.0,0.0,0.0,450.0,850.0,0.0,0.0,46.923,28.596,75.519,34.926,2.235,73.284,emon,0.863,0.95,54.8,25.6,2.139
2026-09-23 14:08:30.874,6.8,0,34,6;27;34;0;0;0;0;17;3;0;0;9;0;0;0;11,790,3083,2570;2180;3083;2776;1811;790;905;1499;1506;1793;850;1547;926;1009;868;988,3.8,0.0,850.0,0,0,0,0,0,0.0,0,0,0,0,0,0,0,0,0.0,0,0,0,0,0,97.7,0.0,7490.2,0,0,0,38.1,6.09,0.07,3.47,23.22,22.4,63.4,99.05257135067346,12.05011633015677,22.90636814090441,24.55912883115827,0.6109565291831046,1008.433962264151,0.0,0.0,0.0,0.0,55.11705312638912,0.7,0.0,0.0,0.0,0.0,250.0,850.0,0.0,0.0,46.923,28.596,75.519,34.926,2.235,73.284,emon,0.863,0.95,54.8,25.6,2.139
2026-09-23 14:08:31.876,6.8,0,36,6;32;36;3;0;0;0;14;0;0;0;9;2;0;0;6,612,3092,2579;2168;3092;2274;1140;2402;1667;1389;1282;1061;1482;1313;712;612;864;991,4.0,0.0,850.0,0,0,0,0,0,0.0,0,0,0,0,0,0,0,0,0.0,0,0,0,0,0,95.3,0.0,7490.2,0,0,0,36.1,6.09,0.07,3.47,23.22,22.6,63.4,98.88578182527388,13.26544513921628,23.703141757811622,25.66900109422618,0.5437166499376735,1117.3908045977012,0.0,0.0,0.0,0.0,54.3605467495562,0.6,0.0,0.0,0.0,0.0,250.0,851.0,0.0,0.0,46.923,28.596,75.519,34.926,2.235,73.284,emon,0.863,0.95,54.8,25.6,2.139
2026-09-23 14:08:32.877,5.9,0,33,5;24;33;0;0;0;0;16;0;0;0;14;2;0;0;2,899,2993,2233;2330;2993;2789;1236;1171;1097;1343;1235;1255;1139;1276;1010;1091;899;947,4.0,0.0,850.0,0,0,0,0,0,0.0,0,0,0,0,0,0,0,0,0.0,0,0,0,0,0,95.3,0.0,7490.2,0,0,0,35.1,6.09,0.07,3.47,23.22,22.4,63.4,98.34952104091644,15.881524473428726,24.7943953871727,28.14827001094818,0.11813046386760107,1144.3125,0.0,0.0,0.0,0.0,50.16545302490704,0.6,0.0,0.0,0.0,0.0,250.0,851.1,0.0,0.0,46.923,28.596,75.519,34.926,2.235,73.284,emon,0.863,0.95,54.8,25.6,2.139
2026-09-23 14:08:33.877,8.8,0,41,11;27;41;3;0;0;0;25;0;0;0;27;0;0;0;8,882,3373,2365;2313;3373;2477;1672;2005;1657;1456;1649;1668;2645;1329;930;897;882;993,4.1,0.0,850.0,0,0,0,0,0,0.0,0,0,0,0,0,0,0,0,0.0,0,0,0,0,0,97.3,0.0,7490.2,0,0,0,37.1,4.45,0.07,3.33,22.1,22.4,63.4,98.19517274336381,15.56634031642567,24.87754521225438,28.297739722511984,0.12359120376640931,1146.7272727272727,0.0,0.0,0.0,0.0,50.16983670289769,0.6,0.0,0.0,0.0,0.0,450.0,850.0,0.0,0.0,46.923,28.596,75.519,34.926,2.235,73.284,emon,0.863,0.95,54.8,25.6,2.139
2026-09-23 14:08:34.877,7.2,0,43,9;24;43;3;0;0;0;15;0;0;0;16;0;0;0;5,787,3297,2873;2468;3297;2973;1651;1153;1144;1321;1324;1279;1192;1371;787;1064;835;1038,4.3,0.0,850.0,0,0,0,0,0,0.0,0,0,0,0,0,0,0,0,0.0,0,0,0,0,0,91.3,0.0,7490.2,0,0,0,36.1,4.45,0.07,3.33,22.1,22.4,63.4,98.55087464855563,15.967328902213804,24.70119039473995,28.08463631906817,0.09136435127678147,1089.3225806451612,0.0,0.0,0.0,0.0,50.14867174625397,0.6,0.0,0.0,0.0,0.0,450.0,850.0,0.0,0.0,46.923,28.596,75.519,34.926,2.235,73.284,emon,0.863,0.95,54.8,25.6,2.139
2026-09-23 14:08:35.878,5.9,0,31,5;23;31;2;0;0;0;17;0;0;0;12;0;0;0;5,915,3303,2334;2323;3303;3066;1127;1202;1416;1393;1311;1196;1126;1409;915;1045;1124;1024,4.9,0.0,850.0,0,0,0,0,0,0.0,0,0,0,0,0,0,0,0,0.0,0,0,0,0,0,97.2,0.0,7490.2,0,0,0,36.1,4.45,0.07,3.33,22.1,22.4,63.4,98.72873539394803,14.759264493568075,24.16786763403151,26.633769631385803,0.14866134566465108,1092.75,0.0,0.0,0.0,0.0,51.84518855127195,0.7,0.0,0.0,0.0,0.0,450.0,850.0,0.0,0.0,46.923,28.596,75.519,34.926,2.235,73.284,emon,0.863,0.95,54.8,25.6,2.139
2026-09-23 14:08:36.878,6.8,0,38,14;18;38;2;0;0;0;12;0;0;0;19;2;0;0;5,734,3534,2579;2734;3534;2684;1441;1182;1414;1486;1493;1240;1238;1496;792;883;734;983,4.4,0.0,851.0,0,0,0,0,0,0.0,0,0,0,0,0,0,0,0,0.0,0,0,0,0,0,97.4,0.0,7490.2,0,0,0,37.1,4.45,0.07,3.33,22.1,22.4,63.4,98.73723731407752,15.9034943653987,25.23763961791992,28.542305110051082,0.11457444629721487,1085.1538461538462,0.0,0.0,0.0,0.0,50.89930790456442,0.6,0.0,0.0,0.0,0.0,300.0,851.0,0.0,0.0,46.923,28.596,75.519,34.926,2.235,73.284,emon,0.863,0.95,54.8,25.6,2.139
2026-09-23 14:08:37.878,7.1,0,42,11;23;42;0;0;0;0;19;2;0;0;14;0;0;0;3,638,3291,2434;2665;3291;2875;1135;1265;1181;1449;1143;1095;884;1413;1003;962;638;985,4.6,0.0,850.0,0,0,0,0,0,0.0,0,0,0,0,0,0,0,0,0.0,0,0,0,0,0,97.8,0.0,7490.2,0,0,0,36.1,5.23,0.09,3.38,22.84,22.4,63.4,98.84904565811158,14.80195458177477,24.54466519355774,26.91756305247545,0.27040431981076835,1075.875,0.0,0.0,0.0,0.0,54.01095032542944,0.7,0.0,0.0,0.0,0.0,250.0,850.0,0.0,0.0,46.923,28.596,75.519,34.926,2.235,73.284,emon,0.863,0.95,54.8,25.6,2.139
2026-09-23 14:08:38.879,8.0,0,30,15;18;30;8;9;2;0;12;11;2;0;12;6;0;0;2,817,3445,2599;2337;3445;2984;1424;1169;1546;1199;1403;989;946;1291;953;971;817;1020,3.8,0.0,850.0,0,0,0,0,0,0.0,0,0,0,0,0,0,0,0,0.0,0,0,0,0,0,98.3,0.0,7490.2,0,0,0,37.1,5.23,0.09,3.38,22.84,22.5,63.4,98.870744622272,12.439623268159187,23.72103856957477,25.953087873270977,0.4187127592411581,1107.695652173913,0.0,0.0,0.0,0.0,53.558024226647355,0.6,0.0,0.0,0.0,0.0,250.0,850.0,0.0,0.0,46.923,28.596,75.519,34.926,2.235,73.284,emon,0.863,0.95,54.8,25.6,2.139
2026-09-23 14:08:39.879,7.8,0,32,32;10;32;6;20;0;0;0;17;3;0;0;3;0;0;0,625,3419,2322;2652;3419;2983;1432;1319;1269;1270;1438;1676;1342;873;977;921;793;625,3.8,0.0,851.1,0,0,0,0,0,0.0,0,0,0,0,0,0,0,0,0.0,0,0,0,0,0,95.6,0.0,7490.2,0,0,0,38.1,5.23,0.09,3.38,22.84,22.4,63.4,99.16217282287076,11.57186242664217,23.530855922617462,25.05710168997956,0.5332835685286639,998.5726495726495,0.0,0.0,0.0,0.0,56.034136409274275,0.6,0.0,0.0,0.0,0.0,450.0,851.1,0.0,0.0,95.25,1.167,96.417,21.437,1.372,95.045,emon,0.815,0.703,55.4,25.6,2.162
2026-09-23 14:08:40.880,7.0,0,42,20;9;42;2;22;0;0;0;17;0;0;0;0;0;0;0,830,3273,2285;2712;3273;2861;1308;1789;2743;1411;1306;1229;1218;984;1058;915;830;857,4.0,0.0,850.0,0,0,0,0,0,0.0,0,0,0,0,0,0,0,0,0.0,0,0,0,0,0,95.5,0.0,7490.2,0,0,0,39.1,5.23,0.09,3.38,22.84,22.4,63.4,99.12512535884463,11.445223120956458,23.14175063474425,24.228958779624826,0.5929544547378037,1018.8275862068965,0.0,0.0,0.0,0.0,56.42958321114038,0.7,0.0,0.0,0.0,0.0,450.0,850.0,0.0,0.0,95.25,1.167,96.417,21.437,1.372,95.045,emon,0.815,0.703,55.4,25.6,2.162
2026-09-23 14:08:41.880,11.0,0,42,33;16;42;9;20;9;5;2;14;3;5;5;6;6;2;0,725,3434,2528;3159;3323;3434;1655;2950;2767;2142;1682;1972;2215;2680;950;801;725;743,4.0,0.0,850.0,0,0,0,0,0,0.0,0,0,0,0,0,0,0,0,0.0,0,0,0,0,0,96.2,0.0,7490.2,0,0,0,39.1,4.77,0.07,3.38,22.45,22.4,63.4,99.14107796998151,11.870006060343137,23.315640073961916,24.835450446711178,0.6365887515341648,1060.0619469026549,0.0,0.0,0.0,0.0,56.11900321506293,0.7,0.0,0.0,0.0,0.0,450.0,850.0,0.0,0.0,95.25,1.167,96.417,21.437,1.372,95.045,emon,0.815,0.703,55.4,25.6,2.162
2026-09-23 14:08:42.881,6.3,0,33,20;3;33;5;22;0;0;0;12;2;0;0;5;0;0;0,564,3212,2197;2481;3212;2506;1319;1230;1412;1368;1286;1094;1318;1471;1018;916;743;564,4.2,0.0,850.0,0,0,0,0,0,0.0,0,0,0,0,0,0,0,0,0.0,0,0,0,0,0,96.3,0.0,7490.2,0,0,0,38.1,4.77,0.07,3.38,22.45,22.4,63.4,98.75603576660156,14.64876908659935,24.805736287434897,27.345179487864176,0.43512006524795044,1117.6666666666667,0.0,0.0,0.0,0.0,52.21567954560121,0.6,0.0,0.0,0.0,0.0,450.0,850.0,0.0,0.0,95.25,1.167,96.417,21.437,1.372,95.045,emon,0.815,0.703,55.4,25.6,2.162
2026-09-23 14:08:43.881,5.6,0,30,22;6;30;5;9;0;0;0;12;2;0;0;5;0;0;0,907,3212,2316;2146;3212;2780;1338;1455;1266;1325;1381;1139;974;946;1011;909;968;907,4.2,0.0,850.0,0,0,0,0,0,0.0,0,0,0,0,0,0,0,0,0.0,0,0,0,0,0,96.3,0.0,7490.2,0,0,0,37.1,4.77,0.07,3.38,22.45,22.4,63.4,98.65283920515829,15.714149759776557,25.154274442302647,28.42847960742552,0.21733389820107746,1091.5373134328358,0.0,0.0,0.0,0.0,50.92269386039741,0.6,0.0,0.0,0.0,0.0,450.0,850.0,0.0,0.0,95.25,1.167,96.417,21.437,1.372,95.045,emon,0.815,0.703,55.4,25.6,2.162
2026-09-23 14:08:44.882,7.4,0,25,22;14;25;5;22;2;0;0;12;8;0;0;10;0;0;0,816,3573,2537;2692;3573;2898;1387;1330;1101;895;1298;1261;1056;1070;979;916;900;816,4.3,0.0,850.0,0,0,0,0,0,0.0,0,0,0,0,0,0,0,0,0.0,0,0,0,0,0,99.1,0.0,7490.2,0,0,0,37.1,4.77,0.07,3.38,22.45,22.4,63.4,98.48047854295417,15.791329398084043,25.18387882745088,28.61210672179265,0.21449566524607866,1114.6716417910447,0.0,0.0,0.0,0.0,50.900183437030705,0.6,0.0,0.0,0.0,0.0,250.0,850.0,0.0,0.0,95.25,1.167,96.417,21.437,1.372,95.045,emon,0.815,0.703,55.4,25.6,2.162
2026-09-23 14:08:45.883,7.5,0,36,23;6;36;3;18;0;0;0;10;0;0;0;20;3;2;0,1061,3263,2457;2778;3263;2516;1377;1221;1255;1246;1370;1368;1243;1231;1698;1061;1206;1293,4.4,0.0,850.0,0,0,0,0,0,0.0,0,0,0,0,0,0,0,0,0.0,0,0,0,0,0,95.5,0.0,7490.2,0,0,0,37.1,4.91,0.08,3.35,22.64,22.4,63.4,98.44183904474431,15.626907666524252,24.833870858857125,28.268316557913117,0.17603435749576116,1064.909090909091,0.0,0.0,0.0,0.0,50.164726584133774,0.6,0.0,0.0,0.0,0.0,450.0,850.0,0.0,0.0,95.25,1.167,96.417,21.437,1.372,95.045,emon,0.815,0.703,55.4,25.6,2.162
2026-09-23 14:08:46.883,7.4,0,31,23;12;31;5;18;3;0;0;19;0;0;0;6;0;0;0,973,3270,2242;2299;3270;2863;1387;1483;2201;1250;1345;1442;2026;3069;1085;1075;974;973,4.5,0.0,850.0,0,0,0,0,0,0.0,0,0,0,0,0,0,0,0,0.0,0,0,0,0,0,100.0,0.0,7490.2,0,0,0,37.1,4.91,0.08,3.35,22.64,22.4,63.4,98.34184912479284,15.8681972099073,24.748934948083125,28.141126228101324,0.2552095550989069,1050.5151515151515,0.0,0.0,0.0,0.0,50.15300459956581,0.7,0.0,0.0,0.0,0.0,450.0,850.0,0.0,0.0,95.25,1.167,96.417,21.437,1.372,95.045,emon,0.815,0.703,55.4,25.6,2.162
2026-09-23 14:08:47.884,6.2,0,28,23;8;28;5;11;3;0;0;11;3;0;0;6;0;2;0,734,3230,2202;2259;3230;2491;1407;1433;1602;1250;1334;1242;1488;1092;1009;883;978;734,4.2,0.0,850.0,0,0,0,0,0,0.0,0,0,0,0,0,0,0,0,0.0,0,0,0,0,0,95.9,0.0,7490.2,0,0,0,37.1,4.91,0.08,3.35,22.64,22.4,63.4,98.77723824350457,13.761675490948715,23.6578211031462,25.826455304497166,0.37054278922503153,1028.6052631578948,0.0,0.0,0.0,0.0,51.53058941505457,0.6,0.0,0.0,0.0,0.0,450.0,850.0,0.0,0.0,95.25,1.167,96.417,21.437,1.372,95.045,emon,0.815,0.703,55.4,25.6,2.162
2026-09-23 14:08:48.884,6.9,0,34,21;11;34;0;11;3;0;0;19;2;0;0;10;0;0;0,563,3179,2321;2542;3179;2826;1331;1147;1363;1241;1312;1229;1784;1221;1082;916;817;563,4.6,0.0,862.5,0,0,0,0,0,0.0,0,0,0,0,0,0,0,0,0.0,0,0,0,0,0,95.3,0.0,7490.2,0,0,0,37.1,4.91,0.08,3.35,22.64,22.4,63.4,98.99279358566449,12.915686989743863,24.216032324298734,26.359726089783894,0.5923460593365097,1021.0430107526881,0.0,0.0,0.0,0.0,54.02469457637879,0.7,0.0,0.0,0.0,0.0,300.0,862.5,0.0,0.0,95.25,1.167,96.417,21.437,1.372,95.045,emon,0.815,0.703,55.4,25.6,2.162
2026-09-23 14:08:49.884,6.2,0,31,20;11;31;3;18;2;0;0;9;5;0;0;0;0;0;0,596,3314,2388;2830;3314;2511;1280;1391;1313;1223;1332;1184;1217;1230;974;776;945;596,3.7,0.0,865.2,0,0,0,0,0,0.0,0,0,0,0,0,0,0,0,0.0,0,0,0,0,0,95.7,0.0,7490.2,0,0,0,37.1,4.5,0.09,3.38,22.28,22.4,63.4,98.84092654273624,12.285574591372693,23.818889194443113,25.73111517826716,0.7224624558185626,1066.6190476190477,0.0,0.0,0.0,0.0,54.61942664711248,0.6,0.0,0.0,0.0,0.0,450.0,862.5,0.0,0.0,95.25,1.167,96.417,21.437,1.372,95.045,emon,0.815,0.703,55.4,25.6,2.162
2026-09-23 14:08:50.892,5.9,0,33,22;2;33;3;15;2;0;0;14;0;0;0;5;0;0;0,633,3509,2598;2299;3509;2779;1442;2133;1230;1205;1398;1306;1492;1280;1016;864;633;971,3.3,0.0,858.5,0,0,0,0,0,0.0,0,0,0,0,0,0,0,0,0.0,0,0,0,0,0,97.5,0.0,7490.2,0,0,0,37.1,4.5,0.09,3.38,22.28,22.6,63.4,98.78889412715517,14.123439409952054,24.613816710724226,26.77107705741093,0.45909467989902664,1076.0114942528735,0.0,0.0,0.0,0.0,54.321593988387065,0.6,0.0,0.0,0.0,0.0,250.0,858.5,0.0,0.0,95.25,1.167,96.417,21.437,1.372,95.045,emon,0.815,0.703,55.4,25.6,2.162
2026-09-23 14:08:51.893,6.6,0,28,19;5;28;5;19;0;0;0;17;2;0;0;12;0;0;0,658,3228,2450;2262;3228;2682;1424;1265;1178;1206;1451;1276;1309;1055;1021;986;946;658,4.1,0.0,858.5,0,0,0,0,0,0.0,0,0,0,0,0,0,0,0,0.0,0,0,0,0,0,96.3,0.0,7490.2,0,0,0,37.1,4.5,0.09,3.38,22.28,22.4,63.4,99.18046342689573,11.615011559913063,22.086706306188162,22.47284443642347,0.3872820217775995,1066.9389312977098,0.0,0.0,0.0,0.0,58.45666938383161,0.7,0.0,0.0,0.0,0.0,450.0,858.5,0.0,0.0,96.991,1.067,98.058,20.22,1.294,96.764,emon,0.815,0.671,55.7,25.7,2.163
2026-09-23 14:08:52.893,6.3,0,27,18;12;27;3;14;0;0;0;18;0;2;0;6;0;0;0,908,3114,1828;2411;3114;2248;1235;1123;1184;1191;1235;1650;1009;1182;1043;982;1013;908,4.3,0.0,858.5,0,0,0,0,0,0.0,0,0,0,0,0,0,0,0,0.0,0,0,0,0,0,87.0,0.0,7490.2,0,0,0,39.1,4.62,0.08,3.34,22.27,22.4,63.4,98.3132834801307,15.717398599477916,24.383438110351562,27.74357387836163,0.09770471126494858,1155.1538461538462,0.0,0.0,0.0,0.0,50.9360398040368,0.6,0.0,0.0,0.0,0.0,450.0,858.5,0.0,0.0,96.991,1.067,98.058,20.22,1.294,96.764,emon,0.815,0.671,55.7,25.7,2.163
2026-09-23 14:08:53.893,6.2,0,40,17;8;40;0;16;0;0;0;14;2;0;0;3;0;0;0,908,3314,2144;2159;3314;2592;1379;1229;1336;1254;1381;1428;1019;1211;1019;1048;1057;908,4.3,0.0,858.5,0,0,0,0,0,0.0,0,0,0,0,0,0,0,0,0.0,0,0,0,0,0,87.0,0.0,7490.2,0,0,0,37.1,4.62,0.08,3.34,22.27,22.4,63.4,98.32881892811169,15.618690187280828,24.893031958377723,28.37678036545262,0.1481689107763073,1150.5151515151515,0.0,0.0,0.0,0.0,50.16713239884738,0.6,0.0,0.0,0.0,0.0,250.0,852.7,0.0,0.0,96.991,1.067,98.058,20.22,1.294,96.764,emon,0.815,0.671,55.7,25.7,2.163
2026-09-23 14:08:54.894,6.2,0,31,24;6;31;5;15;0;0;0;12;2;0;0;3;0;0;0,770,3082,2140;2428;3082;2874;1329;1149;1366;1332;1353;1575;1264;1195;997;984;770;896,4.4,0.0,850.0,0,0,0,0,0,0.0,0,0,0,0,0,0,0,0,0.0,0,0,0,0,0,86.7,0.0,7490.2,0,0,0,36.1,4.62,0.08,3.34,22.27,22.4,63.4,98.24910701922516,15.29044703410855,24.63174818878743,28.076061262846437,0.16119644691413546,1165.4179104477612,0.0,0.0,0.0,0.0,50.9109120884938,0.6,0.0,0.0,0.0,0.0,450.0,851.0,0.0,0.0,96.991,1.067,98.058,20.22,1.294,96.764,emon,0.815,0.671,55.7,25.7,2.163
2026-09-23 14:08:55.895,6.4,0,35,16;9;35;3;16;0;0;0;16;0;2;2;5;0;0;0,788,3277,2211;2674;3277;3180;1409;1366;995;1249;1471;1343;1217;975;978;1041;1016;788,4.6,0.0,850.0,0,0,0,0,0,0.0,0,0,0,0,0,0,0,0,0.0,0,0,0,0,0,97.2,0.0,7490.2,0,0,0,36.1,4.62,0.08,3.34,22.27,22.5,63.4,98.28477820797244,15.278556531693354,23.976900460063547,27.203474784026977,0.10039185550725223,1127.2608695652175,0.0,0.0,0.0,0.0,50.895839446696684,0.6,0.0,0.0,0.0,0.0,450.0,850.0,0.0,0.0,96.991,1.067,98.058,20.22,1.294,96.764,emon,0.815,0.671,55.7,25.7,2.163
2026-09-23 14:08:56.895,6.3,0,31,25;6;31;3;14;0;0;0;16;2;0;0;3;2;0;0,911,3456,2469;2498;3456;2687;1399;1343;911;1208;1482;1505;1123;1110;1023;941;1017;1013,5.3,0.0,862.5,0,0,0,0,0,0.0,0,0,0,0,0,0,0,0,0.0,0,0,0,0,0,97.3,0.0,7490.2,0,0,0,37.1,4.38,0.08,3.35,22.05,22.4,63.4,98.67215416230351,12.994964455938842,23.852856995111487,26.156958002282913,0.4882851180042623,1024.9036144578313,0.0,0.0,0.0,0.0,52.06133398449565,0.7,0.0,0.0,0.0,0.0,300.0,862.5,0.0,0.0,96.991,1.067,98.058,20.22,1.294,96.764,emon,0.815,0.671,55.7,25.7,2.163
2026-09-23 14:08:57.896,7.3,0,36,25;9;36;3;17;0;0;0;17;0;0;0;8;2;0;0,930,3131,2292;2506;3131;2581;1357;1297;1189;1451;1391;1671;1373;1395;1034;1060;930;1029,4.3,0.0,862.5,0,0,0,0,0,0.0,0,0,0,0,0,0,0,0,0.0,0,0,0,0,0,96.2,0.0,7490.2,0,0,0,37.1,4.38,0.08,3.35,22.05,22.4,63.4,98.81934239913006,12.440733856996712,23.95675004623374,25.81652814058625,0.6462045697716887,1068.8979591836735,0.0,0.0,0.0,0.0,54.37850407389354,0.6,0.0,0.0,0.0,0.0,450.0,862.5,0.0,0.0,96.991,1.067,98.058,20.22,1.294,96.764,emon,0.815,0.671,55.7,25.7,2.163
2026-09-23 14:08:58.896,8.5,0,29,26;11;29;3;17;0;0;0;23;2;0;0;23;2;0;0,1115,3167,2056;2531;3167;2604;1491;1544;1230;1211;1462;1536;2196;1214;1299;1178;1135;1115,4.4,0.0,859.5,0,0,0,0,0,0.0,0,0,0,0,0,0,0,0,0.0,0,0,0,0,0,97.4,0.0,7490.2,0,0,0,38.1,4.38,0.08,3.35,22.05,22.4,63.4,99.10650291099205,11.661648546421045,22.924769377923226,24.194655587007333,0.6106291619768714,984.5855855855856,0.0,0.0,0.0,0.0,55.3162535032979,0.6,0.0,0.0,0.0,0.0,250.0,859.5,0.0,0.0,96.991,1.067,98.058,20.22,1.294,96.764,emon,0.815,0.671,55.7,25.7,2.163
2026-09-23 14:08:59.896,11.2,0,47,25;19;47;11;17;8;0;0;22;8;2;3;14;0;3;0,866,3864,3189;3381;3864;3765;2002;2548;2862;2915;2052;2701;2810;3009;1222;888;866;914,4.4,0.0,858.5,0,0,0,0,0,0.0,0,0,0,0,0,0,0,0,0.0,0,0,0,0,0,98.1,0.0,7490.2,0,0,0,39.1,4.38,0.08,3.35,22.05,22.5,63.4,98.9947096824646,14.749078676849603,24.893681120872497,27.385730057954788,0.3526284030764145,1040.25,0.0,0.0,0.0,0.0,53.98936082972214,0.7,0.0,0.0,0.0,0.0,450.0,858.5,0.0,0.0,96.991,1.067,98.058,20.22,1.294,96.764,emon,0.815,0.671,55.7,25.7,2.163
2026-09-23 14:09:00.897,7.7,0,34,23;5;34;8;20;2;2;2;19;2;0;0;8;0;0;0,733,3440,2405;2582;3440;2745;1337;1175;1512;989;1331;1135;1212;1072;994;890;911;733,3.9,0.0,858.5,0,0,0,0,0,0.0,0,0,0,0,0,0,0,0,0.0,0,0,0,0,0,95.7,0.0,7490.2,0,0,0,38.1,5.31,0.09,3.35,23.1,22.5,63.4,98.60178841983571,13.03875052957412,22.694698053247787,24.77383919533561,0.20651068959097543,1130.1764705882354,0.0,0.0,0.0,0.0,53.20909612231395,0.6,0.0,0.0,0.0,0.0,250.0,858.5,0.0,0.0,96.991,1.067,98.058,20.22,1.294,96.764,emon,0.815,0.671,55.7,25.7,2.163
2026-09-23 14:09:01.897,7.1,0,40,22;6;40;8;17;2;0;0;16;2;0;0;2;0;0;0,924,3473,2578;2744;3473;3051;1389;1366;1153;1200;1326;1137;1278;1059;973;980;978;924,3.7,0.0,858.5,0,0,0,0,0,0.0,0,0,0,0,0,0,0,0,0.0,0,0,0,0,0,95.2,0.0,7490.2,0,0,0,40.1,5.31,0.09,3.35,23.1,22.5,63.4,98.22048621544471,15.939979377159705,25.172774564302884,28.584197528545673,0.11107369766463167,1099.7692307692307,0.0,0.0,0.0,0.0,50.945033613076575,0.7,0.0,0.0,0.0,0.0,250.0,858.5,0.0,0.0,96.991,1.067,98.058,20.22,1.294,96.764,emon,0.815,0.671,55.7,25.7,2.163
2026-09-23 14:09:02.898,6.7,0,34,22;6;34;2;15;0;0;0;25;0;0;0;2;2;0;0,712,3302,2459;2303;3302;3026;1411;1623;1127;1207;1461;1412;1767;989;1028;934;832;712,3.8,0.0,858.5,0,0,0,0,0,0.0,0,0,0,0,0,0,0,0,0.0,0,0,0,0,0,94.7,0.0,7490.2,0,0,0,36.1,5.31,0.09,3.35,23.1,22.5,63.4,98.42836519271609,16.176774040101066,25.180201273115856,28.589640057276167,0.09492431607167606,1112.4920634920634,0.0,0.0,0.0,0.0,50.95334287862929,0.6,0.0,0.0,0.0,0.0,250.0,858.5,0.0,0.0,96.991,1.067,98.058,20.22,1.294,96.764,emon,0.815,0.671,55.7,25.7,2.163
2026-09-23 14:09:03.898,9.7,0,41,26;11;41;11;19;6;2;3;20;3;3;5;5;0;0;0,769,3509,2855;3332;3509;3412;1634;3055;3052;3156;1709;2900;2920;2786;904;854;849;769,4.2,0.0,858.5,0,0,0,0,0,0.0,0,0,0,0,0,0,0,0,0.0,0,0,0,0,0,86.8,0.0,7490.2,0,0,0,36.1,5.31,0.09,3.35,23.1,22.5,63.4,98.37915587425232,15.498374283313751,25.026836276054382,28.24593198299408,0.13095635321224108,1120.09375,0.0,0.0,0.0,0.0,50.159388390835375,0.6,0.0,0.0,0.0,0.0,250.0,858.5,0.0,0.0,96.991,1.067,98.058,20.22,1.294,96.764,emon,0.815,0.671,55.7,25.7,2.163
2026-09-23 14:09:04.899,4.9,0,27,14;5;27;5;14;0;0;0;8;2;2;0;3;0;0;0,996,3339,2444;2242;3339;3024;1426;1235;1205;1207;1388;1270;1175;1209;1016;1069;996;1121,4.2,0.0,858.5,0,0,0,0,0,0.0,0,0,0,0,0,0,0,0,0.0,0,0,0,0,0,86.8,0.0,7490.2,0,0,0,37.1,5.1,0.08,3.38,22.77,22.5,63.4,98.41055159135298,15.493510361873742,25.041076082171816,28.44175200028853,0.14203985220228788,1130.8181818181818,0.0,0.0,0.0,0.0,50.15974909767057,0.6,0.0,0.0,0.0,0.0,250.0,858.5,0.0,0.0,95.767,1.221,96.988,21.021,1.345,95.643,emon,0.814,0.709,55.8,25.9,2.159
2026-09-23 14:09:05.900,6.0,0,30,20;8;30;2;12;0;0;0;18;0;0;0;6;0;0;0,777,3300,2218;2347;3300;3038;1527;1293;1176;1216;1439;1462;1151;1170;986;1092;975;777,4.3,0.0,858.5,0,0,0,0,0,0.0,0,0,0,0,0,0,0,0,0.0,0,0,0,0,0,96.4,0.0,7380.5,0,0,0,36.1,5.1,0.08,3.38,22.77,22.5,63.4,98.47221509871945,15.85537310569517,24.817136518416866,28.127451865903794,0.11662436647841992,1143.3548387096773,0.0,0.0,0.0,0.0,50.153114530348006,0.7,0.0,0.0,0.0,0.0,250.0,858.5,0.0,0.0,95.767,1.221,96.988,21.021,1.345,95.643,emon,0.814,0.709,55.8,25.9,2.159
2026-09-23 14:09:06.900,7.0,0,32,24;6;32;5;20;0;0;0;22;2;0;0;2;0;0;0,835,3227,2233;2326;3227;2354;1348;1181;1042;1224;1264;1139;919;1008;1054;937;835;850,5.0,0.0,850.0,0,0,0,0,0,0.0,0,0,0,0,0,0,0,0,0.0,0,0,0,0,0,88.1,0.0,7380.5,0,0,0,36.1,5.1,0.08,3.38,22.77,22.5,63.4,98.88482489952675,12.945083893262423,23.460702125842754,25.77940017427062,0.36378875075376355,1071.5274725274726,0.0,0.0,0.0,0.0,54.154111901154884,0.6,0.0,0.0,0.0,0.0,250.0,850.0,0.0,0.0,95.767,1.221,96.988,21.021,1.345,95.643,emon,0.814,0.709,55.8,25.9,2.159
2026-09-23 14:09:07.901,7.0,0,41,18;4;41;3;14;2;0;0;24;2;0;0;3;0;0;0,951,3150,2109;2701;3150;2513;1351;1291;951;1225;1326;1249;1437;1155;1058;1025;1038;1085,4.5,0.0,850.0,0,0,0,0,0,0.0,0,0,0,0,0,0,0,0,0.0,0,0,0,0,0,96.5,0.0,7380.5,0,0,0,36.1,5.1,0.08,3.38,22.77,22.4,63.4,97.98884476109555,12.719480965443347,23.71055397234465,25.67697524475424,0.5187702196398996,1020.578947368421,0.0,0.0,0.0,0.0,53.98468138061856,0.6,0.0,0.0,0.0,0.0,250.0,850.0,0.0,0.0,95.767,1.221,96.988,21.021,1.345,95.643,emon,0.814,0.709,55.8,25.9,2.159
2026-09-23 14:09:08.901,8.9,0,35,23;22;35;5;11;9;0;3;11;11;3;0;5;5;0;0,1029,3151,2030;2223;3151;2536;1247;1363;1076;1165;1260;1375;1432;1058;1029;1030;1086;1043,4.7,0.0,850.0,0,0,0,0,0,0.0,0,0,0,0,0,0,0,0,0.0,0,0,0,0,0,97.1,0.0,7380.5,0,0,0,36.1,4.46,0.07,3.33,22.17,22.4,63.4,99.07831249405852,11.589482002092145,22.963383337037754,24.45566126598721,0.6725092096858456,1077.3185840707965,0.0,0.0,0.0,0.0,56.133615991051215,0.6,0.0,0.0,0.0,0.0,250.0,850.0,0.0,0.0,95.767,1.221,96.988,21.021,1.345,95.643,emon,0.814,0.709,55.8,25.9,2.159
2026-09-23 14:09:09.901,6.9,0,38,3;21;38;6;0;19;0;0;0;19;2;0;0;2;0;0,998,2999,2478;2069;2999;2311;1064;1296;1646;1071;1088;1209;1073;1028;998;1029;1011;1106,4.4,0.0,862.5,0,0,0,0,0,0.0,0,0,0,0,0,0,0,0,0.0,0,0,0,0,0,96.4,0.0,7380.5,0,0,0,36.1,4.46,0.07,3.33,22.17,22.4,63.4,98.7000664819645,13.865554895204834,23.660772311536572,26.102620837054676,0.28819753409177656,1081.2784810126582,0.0,0.0,0.0,0.0,52.188405727095244,0.7,0.0,0.0,0.0,0.0,250.0,862.5,0.0,0.0,95.767,1.221,96.988,21.021,1.345,95.643,emon,0.814,0.709,55.8,25.9,2.159
2026-09-23 14:09:10.902,6.6,0,38,3;22;38;2;0;17;0;0;0;20;0;0;0;3;0;0,811,3366,2513;2548;3366;3351;1201;1395;1215;1213;1173;1494;1360;1232;811;993;885;1070,3.9,0.0,862.5,0,0,0,0,0,0.0,0,0,0,0,0,0,0,0,0.0,0,0,0,0,0,100.0,0.0,7380.5,0,0,0,38.1,4.46,0.07,3.33,22.17,22.4,63.4,98.4659754037857,15.81256690621376,24.74730521440506,28.344484269618988,0.19007434610921337,1112.28125,0.0,0.0,0.0,0.0,50.15718586812727,0.6,0.0,0.0,0.0,0.0,250.0,858.5,0.0,0.0,95.767,1.221,96.988,21.021,1.345,95.643,emon,0.814,0.709,55.8,25.9,2.159
2026-09-23 14:09:11.903,10.1,0,39,10;25;39;11;0;25;0;0;0;15;3;3;0;30;0;0,976,3393,2672;2624;3393;2872;1127;1551;1347;1139;1136;1406;1453;2465;1024;1773;1006;976,4.0,0.0,858.5,0,0,0,0,0,0.0,0,0,0,0,0,0,0,0,0.0,0,0,0,0,0,96.1,0.0,7380.5,0,0,0,39.1,4.46,0.07,3.33,22.17,22.4,63.4,99.09088925448332,12.455036706528203,22.82470747124065,23.805727172575214,0.35491274518056093,1062.6363636363637,0.0,0.0,0.0,0.0,56.73783605423841,0.7,0.0,0.0,0.0,0.0,300.0,858.5,0.0,0.0,95.767,1.221,96.988,21.021,1.345,95.643,emon,0.814,0.709,55.8,25.9,2.159
2026-09-23 14:09:12.903,6.6,0,40,3;24;40;0;0;19;0;0;0;18;0;0;0;2;0;0,994,3244,2352;2033;3244;2607;1161;1262;1219;1099;1217;1401;1052;1019;1140;1024;994;1026,4.0,0.0,858.5,0,0,0,0,0,0.0,0,0,0,0,0,0,0,0,0.0,0,0,0,0,0,94.8,0.0,7380.5,0,0,0,36.1,4.54,0.09,3.34,22.23,22.4,63.4,98.38709775139304,15.282751209595624,24.839144818923053,28.40353146721335,0.21941382654981947,1142.3823529411766,0.0,0.0,0.0,0.0,50.167192838866924,0.6,0.0,0.0,0.0,0.0,450.0,858.5,0.0,0.0,95.767,1.221,96.988,21.021,1.345,95.643,emon,0.814,0.709,55.8,25.9,2.159
2026-09-23 14:09:13.904,6.7,0,34,12;23;34;2;0;23;0;0;0;6;0;0;0;3;3;0,998,3227,2383;2152;3227;2889;1151;1445;1606;1276;1218;1398;1533;1779;1146;1047;1102;998,4.2,0.0,858.5,0,0,0,0,0,0.0,0,0,0,0,0,0,0,0,0.0,0,0,0,0,0,96.5,0.0,7380.5,0,0,0,36.1,4.54,0.09,3.34,22.23,22.4,63.4,98.48733039269081,16.083475259634163,25.067660287710336,28.897225600022537,0.19416426845038168,1105.923076923077,0.0,0.0,0.0,0.0,50.92384134164223,0.6,0.0,0.0,0.0,0.0,250.0,858.5,0.0,0.0,95.767,1.221,96.988,21.021,1.345,95.643,emon,0.814,0.709,55.8,25.9,2.159
2026-09-23 14:09:14.904,5.5,0,31,3;14;31;5;0;16;0;0;0;14;0;0;0;6;0;0,912,2919,2069;2075;2919;2401;1119;1322;1152;1202;1133;1281;1054;1042;912;1034;954;1028,4.2,0.0,858.5,0,0,0,0,0,0.0,0,0,0,0,0,0,0,0,0.0,0,0,0,0,0,96.5,0.0,7380.5,0,0,0,36.1,4.54,0.09,3.34,22.23,22.5,63.4,98.55164407428943,13.654047547153345,23.910997158602665,26.49848057466902,0.3860852160069044,1079.921052631579,0.0,0.0,0.0,0.0,51.52294572050634,0.6,0.0,0.0,0.0,0.0,250.0,850.0,0.0,0.0,95.767,1.221,96.988,21.021,1.345,95.643,emon,0.814,0.709,55.8,25.9,2.159
2026-09-23 14:09:15.905,7.0,0,28,9;16;28;5;0;23;0;0;0;20;2;0;0;9;0;0,888,3385,2332;2411;3385;2844;1097;1388;1156;1256;1150;1277;1143;888;1029;1070;1004;932,4.2,0.0,850.0,0,0,0,0,0,0.0,0,0,0,0,0,0,0,0,0.0,0,0,0,0,0,96.1,0.0,7380.5,0,0,0,36.1,4.54,0.09,3.34,22.23,22.5,63.4,98.92154105504353,13.008848991080109,24.281229975322884,26.599885844935972,0.544646446668897,1047.4375,0.0,0.0,0.0,0.0,54.48959684045985,0.6,0.0,0.0,0.0,0.0,250.0,850.0,0.0,0.0,94.776,4.513,99.289,20.211,1.293,97.996,emon,0.8,0.923,55.9,25.9,2.162
2026-09-23 14:09:16.906,6.7,0,36,8;17;36;2;0;18;2;0;0;15;3;2;0;3;2;0,928,3399,2352;2444;3399;2759;1182;1270;990;1103;1108;1218;1075;928;988;1016;939;1015,4.7,0.0,850.0,0,0,0,0,0,0.0,0,0,0,0,0,0,0,0,0.0,0,0,0,0,0,97.1,0.0,7380.5,0,0,0,36.1,4.51,0.08,3.38,22.22,22.5,63.4,99.06671666164024,12.448328344553124,23.93841666918175,25.92502397108896,0.6808410238608142,1130.3725490196077,0.0,0.0,0.0,0.0,55.20093884472461,0.6,0.0,0.0,0.0,0.0,300.0,850.0,0.0,0.0,94.776,4.513,99.289,20.211,1.293,97.996,emon,0.8,0.923,55.9,25.9,2.162
2026-09-23 14:09:17.910,6.8,0,38,5;17;38;5;0;22;2;0;0;11;0;0;0;8;2;2,785,3459,2282;2289;3459;2753;1147;1360;1886;1160;925;1275;1124;871;785;1057;956;987,4.2,0.0,850.0,0,0,0,0,0,0.0,0,0,0,0,0,0,0,0,0.0,0,0,0,0,0,89.1,0.0,7380.5,0,0,0,37.1,4.51,0.08,3.38,22.22,22.6,63.4,98.73902257283528,14.354887582457218,23.962092424050354,26.433185710356785,0.2897851791845497,1067.5897435897436,0.0,0.0,0.0,0.0,52.812571765711674,0.6,0.0,0.0,0.0,0.0,250.0,850.0,0.0,0.0,94.776,4.513,99.289,20.211,1.293,97.996,emon,0.8,0.923,55.9,25.9,2.162
2026-09-23 14:09:18.911,5.6,0,30,8;17;30;5;0;12;0;0;0;16;0;0;0;2;0;0,1001,3561,2775;2498;3561;3433;1280;1489;1249;1205;1172;1426;1181;1115;1001;1005;1022;1048,4.4,0.0,850.0,0,0,0,0,0,0.0,0,0,0,0,0,0,0,0,0.0,0,0,0,0,0,97.2,0.0,7380.5,0,0,0,37.1,4.51,0.08,3.38,22.22,22.4,63.4,98.61288709898253,14.653683295523798,24.59327677133921,27.430473082774395,0.34965984605809647,1109.8108108108108,0.0,0.0,0.0,0.0,51.552660721379354,0.6,0.0,0.0,0.0,0.0,250.0,850.0,0.0,0.0,94.776,4.513,99.289,20.211,1.293,97.996,emon,0.8,0.923,55.9,25.9,2.162
2026-09-23 14:09:19.911,7.2,0,40,2;26;40;8;0;17;0;0;0;14;2;0;0;8;0;0,809,3428,2689;2667;3428;2970;1153;1544;1482;1208;1132;1447;1574;1330;809;1000;1027;974,4.8,0.0,862.5,0,0,0,0,0,0.0,0,0,0,0,0,0,0,0,0.0,0,0,0,0,0,88.7,0.0,7380.5,0,0,0,37.1,4.51,0.08,3.38,22.22,22.5,63.4,98.50022387504578,15.831016629934311,24.85834527015686,28.177601754665375,0.09620163551699079,1099.0,0.0,0.0,0.0,0.0,50.15323895984329,0.7,0.0,0.0,0.0,0.0,250.0,862.5,0.0,0.0,94.776,4.513,99.289,20.211,1.293,97.996,emon,0.8,0.923,55.9,25.9,2.162
2026-09-23 14:09:20.911,7.3,0,38,8;26;38;3;0;14;0;0;0;20;3;0;0;5;0;0,867,3434,2625;2679;3434;2872;1180;1343;1232;1239;1224;1284;1313;1269;867;1031;962;940,4.8,0.0,862.5,0,0,0,0,0,0.0,0,0,0,0,0,0,0,0,0.0,0,0,0,0,0,95.5,0.0,7380.5,0,0,0,38.1,4.86,0.08,3.4,22.45,22.5,63.4,98.98148949363015,12.714047347821973,23.00341721339659,23.934090801396152,0.18930060440087057,1006.2727272727273,0.0,0.0,0.0,0.0,57.66381876238368,0.7,0.0,0.0,0.0,0.0,250.0,858.5,0.0,0.0,94.776,4.513,99.289,20.211,1.293,97.996,emon,0.8,0.923,55.9,25.9,2.162
2026-09-23 14:09:21.912,6.8,0,41,6;16;41;5;0;14;0;0;0;19;0;0;0;8;0;0,760,3303,2412;2234;3303;2821;1359;1435;1423;1191;1261;1375;1356;1719;760;1021;835;910,4.5,0.0,858.5,0,0,0,0,0,0.0,0,0,0,0,0,0,0,0,0.0,0,0,0,0,0,97.0,0.0,7380.5,0,0,0,38.1,4.86,0.08,3.4,22.45,22.5,63.4,98.81211497996114,12.72964793200245,22.658924442706724,24.035369654103082,0.33110678346313555,1057.4158415841584,0.0,0.0,0.0,0.0,54.78690712891593,0.7,0.0,0.0,0.0,0.0,300.0,858.5,0.0,0.0,94.776,4.513,99.289,20.211,1.293,97.996,emon,0.8,0.923,55.9,25.9,2.162
2026-09-23 14:09:22.912,7.0,0,35,3;20;35;5;0;20;0;0;0;21;0;2;0;6;0;0,834,3079,2543;2479;3079;2547;1145;1469;1327;1179;1217;1460;1831;1559;927;1032;918;834,3.7,0.0,859.5,0,0,0,0,0,0.0,0,0,0,0,0,0,0,0,0.0,0,0,0,0,0,94.9,0.0,7380.5,0,0,0,39.1,4.86,0.08,3.4,22.45,22.4,63.4,98.2881089467851,16.16177577064151,25.222923339359344,28.644141605922155,0.11662933232987092,1156.936507936508,0.0,0.0,0.0,0.0,50.96213360958629,0.7,0.0,0.0,0.0,0.0,300.0,858.5,0.0,0.0,94.776,4.513,99.289,20.211,1.293,97.996,emon,0.8,0.923,55.9,25.9,2.162
2026-09-23 14:09:23.913,9.9,0,49,11;23;49;2;0;19;2;0;0;18;3;2;0;28;3;0,1141,3941,3858;3132;3941;3521;1374;1888;1927;2691;1414;1899;1954;2760;1141;2145;1165;1277,4.1,0.0,861.2,0,0,0,0,0,0.0,0,0,0,0,0,0,0,0,0.0,0,0,0,0,0,53.3,0.0,7380.5,0,0,0,52.1,4.86,0.08,3.4,22.45,22.5,63.4,98.50247528973748,14.761761516770896,25.257368256064023,27.993345428915585,0.2125990430726875,1124.735294117647,0.0,0.0,0.0,0.0,51.65623579459155,0.6,0.0,0.0,0.0,0.0,250.0,858.5,0.0,0.0,94.776,4.513,99.289,20.211,1.293,97.996,emon,0.8,0.923,55.9,25.9,2.162
2026-09-23 14:09:24.913,9.8,0,91,11;24;91;8;0;11;0;0;0;9;0;0;0;3;0;0,1048,4679,4272;4104;4635;4679;1359;2350;2233;2275;1540;2268;2068;1687;1048;1370;1124;1116,4.4,0.0,858.5,0,0,0,0,0,0.0,0,0,0,0,0,0,0,0,0.0,0,0,0,0,0,0.0,0.0,7380.5,0,0,0,90.1,6.73,0.09,2.98,22.65,22.5,63.4,98.62438700458792,11.048294981738719,24.259392990924344,25.763090982885643,0.5322640693405329,1186.6237623762377,0.0,0.0,0.0,0.0,54.814159536715785,0.6,0.0,0.0,0.0,0.0,450.0,858.5,0.0,0.0,94.776,4.513,99.289,20.211,1.293,97.996,emon,0.8,0.923,55.9,25.9,2.162
2026-09-23 14:09:25.914,9.0,0,68,19;68;22;10;0;9;0;0;0;11;3;0;0;2;2;0,974,4542,4542;4479;4304;4279;1223;2186;2199;1453;1514;2351;2142;2448;974;1328;1048;1175,4.4,0.0,858.5,0,0,0,0,0,0.0,0,0,0,0,0,0,0,0,0.0,0,0,0,0,0,0.0,0.0,7380.5,0,0,0,92.1,6.73,0.09,2.98,22.65,22.5,63.4,98.41384787511343,11.19138027695619,23.908503643190016,24.889234331370606,0.4461719682989901,1185.8686868686868,0.0,0.0,0.0,0.0,54.902186135451,0.6,0.0,0.0,0.0,0.0,450.0,858.5,0.0,0.0,94.776,4.513,99.289,20.211,1.293,97.996,emon,0.8,0.923,55.9,25.9,2.162
2026-09-23 14:09:26.914,10.0,0,84,12;84;25;5;0;15;0;0;2;11;0;0;0;6;0;0,1093,4588,4588;4510;4132;4050;1190;2442;1859;2308;3208;2513;1975;1620;1121;1306;1103;1093,4.5,0.0,858.5,0,0,0,0,0,0.0,0,0,0,0,0,0,0,0,0.0,0,0,0,0,0,0.0,0.0,7380.5,0,0,0,93.1,6.73,0.09,2.98,22.65,22.5,63.4,98.50857686550818,10.941362814229226,23.904868105861627,24.65764858859165,0.6390079522818745,1130.3084112149534,0.0,0.0,0.0,0.0,55.52432022473523,0.7,0.0,0.0,0.0,0.0,450.0,858.5,0.0,0.0,94.776,4.513,99.289,20.211,1.293,97.996,emon,0.8,0.923,55.9,25.9,2.162
2026-09-23 14:09:27.914,10.3,0,60,16;48;60;14;0;11;0;0;0;14;0;0;0;3;0;0,1121,4545,4542;4474;4545;4443;1248;2159;2149;1395;1250;2117;1991;1432;1121;1306;1375;1172,4.5,0.0,858.5,0,0,0,0,0,0.0,0,0,0,0,0,0,0,0,0.0,0,0,0,0,0,0.0,0.0,7380.5,0,0,0,92.1,6.73,0.09,2.98,22.65,22.5,63.4,98.33690920743075,13.491537045155253,25.48054669120095,27.206689088375537,0.1610103902481073,1191.2077922077922,0.0,0.0,0.0,0.0,53.50806499495135,0.6,0.0,0.0,0.0,0.0,450.0,858.5,0.0,0.0,33.643,4.228,37.871,29.481,1.887,35.984,emon,0.812,0.969,31.2,14.5,2.146
2026-09-23 14:09:28.914,9.4,0,34,13;34;34;31;0;17;0;0;0;17;0;0;0;3;0;0,1070,4569,4182;4118;4474;4569;1321;1896;2093;1485;1372;2015;1809;2645;1092;1229;1070;1156,4.7,0.0,858.5,0,0,0,0,0,0.0,0,0,0,0,0,0,0,0,0.0,0,0,0,0,0,0.0,0.0,7380.5,0,0,0,67.1,21.11,0.08,0.34,24.53,22.5,63.4,98.50575265117075,12.573128782640929,24.656424648460302,26.084139716693723,0.3539931916841841,1170.83908045977,0.0,0.0,0.0,0.0,54.36750768827296,0.6,0.0,0.0,0.0,0.0,450.0,858.5,0.0,0.0,33.643,4.228,37.871,29.481,1.887,35.984,emon,0.812,0.969,31.2,14.5,2.146
2026-09-23 14:09:29.915,6.1,0,23,9;23;23;5;0;17;2;0;0;12;0;0;0;5;2;0,999,3428,2711;2380;3428;2733;1160;1238;1058;1195;1116;1340;1089;1202;999;1251;1063;1269,5.3,0.0,858.5,0,0,0,0,0,0.0,0,0,0,0,0,0,0,0,0.0,0,0,0,0,0,0.0,0.0,7380.5,0,0,0,37.1,21.11,0.08,0.34,24.53,22.5,63.4,98.77053573608399,10.24032327093184,23.179771176576615,23.83265262708068,0.42363883555517534,1199.0,0.0,0.0,0.0,0.0,55.33351452097297,0.6,0.0,0.0,0.0,0.0,450.0,858.5,0.0,0.0,33.643,4.228,37.871,29.481,1.887,35.984,emon,0.812,0.969,31.2,14.5,2.146
2026-09-23 14:09:30.915,5.8,0,30,5;21;30;0;0;19;3;0;0;11;2;2;0;2;0;0,851,3460,2485;2449;3460;2484;851;1281;1527;1147;974;1335;1281;1861;1029;1165;1154;1006,4.3,0.0,858.5,0,0,0,0,0,0.0,0,0,0,0,0,0,0,0,0.0,0,0,0,0,0,0.0,0.0,7380.5,0,0,0,36.1,21.11,0.08,0.34,24.53,22.4,63.4,98.07654224742542,13.004030429955685,26.674168846823953,28.99934364087654,0.27458740653695934,1199.0,0.0,0.0,0.0,0.0,50.18030897979484,0.7,0.0,0.0,0.0,0.0,450.0,861.2,0.0,0.0,33.643,4.228,37.871,29.481,1.887,35.984,emon,0.812,0.969,31.2,14.5,2.146
2026-09-23 14:09:31.916,5.9,0,32,5;24;32;6;0;17;0;0;0;5;2;0;0;5;0;0,1135,3701,2625;2398;3701;2899;1209;1273;1198;1696;1215;1307;1185;1197;1135;1219;1184;1148,4.3,0.0,858.5,0,0,0,0,0,0.0,0,0,0,0,0,0,0,0,0.0,0,0,0,0,0,0.0,0.0,7380.5,0,0,0,37.1,7.25,0.08,0.33,10.33,22.4,63.4,98.18818163871765,12.976084142923355,26.840127289295197,29.10132259130478,0.3557766293433815,1199.0,0.0,0.0,0.0,0.0,50.17347912630066,0.7,0.0,0.0,0.0,0.0,450.0,858.5,0.0,0.0,33.643,4.228,37.871,29.481,1.887,35.984,emon,0.812,0.969,31.2,14.5,2.146
2026-09-23 14:09:32.916,6.6,0,30,2;25;30;6;0;21;0;0;0;19;0;0;0;3;0;0,1056,3478,2222;2336;3361;3478;1056;1325;1903;1119;1086;1260;1721;2082;1136;1152;1076;1118,4.3,0.0,858.5,0,0,0,0,0,0.0,0,0,0,0,0,0,0,0,0.0,0,0,0,0,0,0.0,0.0,7380.5,0,0,0,37.1,7.25,0.08,0.33,10.33,22.4,63.4,98.45776216607345,10.988520018964712,24.979410235819064,26.49225270218755,0.5410716984107765,1190.4473684210527,0.0,0.0,0.0,0.0,51.575107697005336,0.7,0.0,0.0,0.0,0.0,450.0,858.5,0.0,0.0,33.643,4.228,37.871,29.481,1.887,35.984,emon,0.812,0.969,31.2,14.5,2.146
2026-09-23 14:09:33.917,10.0,2,38,11;26;38;6;3;20;3;3;3;23;5;5;2;9;3;2,1566,3664,3053;2498;3456;3664;3033;1566;2912;2717;3127;1877;2865;3156;2614;1569;2468;2592,4.2,0.0,850.0,0,0,0,0,0,0.0,0,0,0,0,0,0,0,0,0.0,0,0,0,0,0,0.0,0.0,7380.5,0,0,0,40.1,7.25,0.08,0.33,10.33,22.4,63.4,98.76732523064864,10.995631046004986,26.048747737784133,27.501843087924154,0.7924809055139409,1146.8947368421052,0.0,0.0,0.0,0.0,53.96105926876005,0.7,0.0,0.0,0.0,0.0,450.0,850.0,0.0,0.0,33.643,4.228,37.871,29.481,1.887,35.984,emon,0.812,0.969,31.2,14.5,2.146
2026-09-23 14:09:34.917,6.2,0,34,8;16;34;3;0;19;0;0;0;17;0;0;0;3;0;0,810,2996,2367;2039;2996;2497;1370;1260;1408;1186;1066;1347;1184;1041;810;1017;825;1051,3.7,0.0,850.0,0,0,0,0,0,0.0,0,0,0,0,0,0,0,0,0.0,0,0,0,0,0,97.6,0.0,7380.5,0,0,0,42.1,7.25,0.08,0.33,10.33,22.5,63.4,98.98831736713375,11.780074826945816,23.24392080307007,24.7309658107681,0.507286470674978,1043.954128440367,0.0,0.0,0.0,0.0,56.3118205181229,0.7,0.0,0.0,0.0,0.0,450.0,851.0,0.0,0.0,33.643,4.228,37.871,29.481,1.887,35.984,emon,0.812,0.969,31.2,14.5,2.146
2026-09-23 14:09:35.918,6.3,0,30,3;19;30;8;0;14;0;0;0;20;2;0;0;6;0;0,1041,2930,2249;2035;2930;2141;1240;1257;1201;1155;1139;1233;1398;1158;1109;1041;1048;1072,4.4,0.0,850.0,0,0,0,0,0,0.0,0,0,0,0,0,0,0,0,0.0,0,0,0,0,0,99.2,0.0,7380.5,0,0,0,44.1,4.08,0.09,6.94,16.57,22.5,63.4,98.71259095397177,13.786286523636383,25.241659526583515,27.60174092763587,0.44825955128217637,1131.9113924050632,0.0,0.0,0.0,0.0,53.43349852705304,0.6,0.0,0.0,0.0,0.0,450.0,850.0,0.0,0.0,33.643,4.228,37.871,29.481,1.887,35.984,emon,0.812,0.969,31.2,14.5,2.146
2026-09-23 14:09:36.918,10.7,0,43,19;26;43;9;3;25;5;3;2;17;2;2;0;17;0;0,906,3762,3427;2908;3762;3430;3087;1689;2979;3059;2730;1762;2581;2334;922;1074;915;906,4.4,0.0,850.0,0,0,0,0,0,0.0,0,0,0,0,0,0,0,0,0.0,0,0,0,0,0,99.2,0.0,7380.5,0,0,0,43.1,4.08,0.09,6.94,16.57,22.6,63.4,98.56725521364073,14.63519749434098,25.47834429533585,28.475190148837324,0.529995297341594,1096.1014492753623,0.0,0.0,0.0,0.0,50.90638138699359,0.6,0.0,0.0,0.0,0.0,450.0,850.0,0.0,0.0,33.643,4.228,37.871,29.481,1.887,35.984,emon,0.812,0.969,31.2,14.5,2.146
2026-09-23 14:09:37.919,7.1,0,30,5;17;30;9;0;16;2;0;0;16;0;5;0;16;0;0,804,3566,2674;2218;3566;3151;1111;1353;1271;1112;1207;1321;1681;1512;804;1806;1253;866,4.7,0.0,850.0,0,0,0,0,0,0.0,0,0,0,0,0,0,0,0,0.0,0,0,0,0,0,100.0,0.0,7402.8,0,0,0,44.1,4.08,0.09,6.94,16.57,22.6,63.4,98.40919617683657,14.77830037763042,25.614228463942005,28.67981732276178,0.277857547177137,1134.483870967742,0.0,0.0,0.0,0.0,50.15737123691267,0.7,0.0,0.0,0.0,0.0,300.0,850.0,0.0,0.0,33.643,4.228,37.871,29.481,1.887,35.984,emon,0.812,0.969,31.2,14.5,2.146
2026-09-23 14:09:38.919,7.7,0,39,23;15;39;5;0;5;6;0;0;13;11;0;0;3;3;0,857,3698,2779;2812;3698;3056;1076;1567;1642;1454;1019;1513;1528;1532;857;1074;996;869,4.9,0.0,862.5,0,0,0,0,0,0.0,0,0,0,0,0,0,0,0,0.0,0,0,0,0,0,100.0,0.0,7402.8,0,0,0,44.1,4.08,0.09,6.94,16.57,22.7,63.4,98.59048356276293,15.277990575937125,25.856160618708685,29.066726801945613,0.28168230972011,1085.923076923077,0.0,0.0,0.0,0.0,50.918483988940714,0.6,0.0,0.0,0.0,0.0,300.0,862.5,0.0,0.0,33.643,4.228,37.871,29.481,1.887,35.984,emon,0.812,0.969,31.2,14.5,2.146
2026-09-23 14:09:39.920,6.3,0,34,22;3;34;3;0;0;19;2;0;0;17;0;0;0;0;0,968,3449,2348;2134;3449;2526;1967;1864;1283;2509;1355;1311;1360;1395;1013;1017;968;997,5.0,0.0,862.5,0,0,0,0,0,0.0,0,0,0,0,0,0,0,0,0.0,0,0,0,0,0,98.9,0.0,7426.5,0,0,0,46.1,5.36,0.1,14.44,26.29,22.7,63.4,98.47045350074768,14.555626302957535,25.92910325527191,28.83096206188202,0.3360818651608497,1102.125,0.0,0.0,0.0,0.0,50.15161734051071,0.7,0.0,0.0,0.0,0.0,450.0,862.5,0.0,0.0,45.951,28.604,74.555,27.589,1.766,72.789,emon,0.848,0.649,80.8,37.9,2.132
2026-09-23 14:09:40.920,20.0,11,50,38;20;50;19;15;18;28;16;18;14;17;14;11;12;20;11,1758,4259,3593;4046;3903;4259;3363;3348;2383;3199;3309;3345;2484;3131;1921;2001;1758;2026,4.4,0.0,858.5,0,0,0,0,0,0.0,0,0,0,0,0,0,0,0,0.0,0,0,0,0,0,97.7,0.0,7426.5,0,0,0,50.1,5.36,0.1,14.44,26.29,22.7,63.4,98.96943123732942,13.340587248341947,25.63519934159291,27.768100497088856,0.46347142239558053,1080.6455696202531,0.0,0.0,0.0,0.0,52.09186476506764,0.6,0.0,0.0,0.0,0.0,450.0,858.5,0.0,0.0,45.951,28.604,74.555,27.589,1.766,72.789,emon,0.848,0.649,80.8,37.9,2.132
2026-09-23 14:09:41.921,7.4,0,30,28;6;30;8;0;0;19;2;0;0;20;0;0;0;6;0,860,3225,2474;2563;3225;2619;1230;1204;1459;1234;1284;1214;1392;1233;1069;860;978;1066,4.3,0.0,858.5,0,0,0,0,0,0.0,0,0,0,0,0,0,0,0,0.0,0,0,0,0,0,96.2,0.0,7426.5,0,0,0,38.1,5.36,0.1,14.44,26.29,22.7,63.4,98.94520258903503,12.740673958653739,24.333141160507996,26.518114000714075,0.566300082059873,1067.75,0.0,0.0,0.0,0.0,54.46696976905999,0.7,0.0,0.0,0.0,0.0,250.0,858.5,0.0,0.0,45.951,28.604,74.555,27.589,1.766,72.789,emon,0.848,0.649,80.8,37.9,2.132
2026-09-23 14:09:42.921,7.3,0,36,20;12;36;3;0;0;18;0;3;0;16;0;0;0;8;0,870,3460,2560;2491;3460;2979;1048;1100;1302;1338;1246;1214;1372;1411;990;870;1064;885,3.9,0.0,858.5,0,0,0,0,0,0.0,0,0,0,0,0,0,0,0,0.0,0,0,0,0,0,95.7,0.0,7426.5,0,0,0,38.1,5.36,0.1,14.44,26.29,22.7,63.4,99.18288027445475,11.617039284482598,23.59710638920466,24.70091037042439,0.6227384924849806,983.1666666666666,0.0,0.0,0.0,0.0,56.20706674034397,0.6,0.0,0.0,0.0,0.0,450.0,858.5,0.0,0.0,45.951,28.604,74.555,27.589,1.766,72.789,emon,0.848,0.649,80.8,37.9,2.132
2026-09-23 14:09:43.927,24.2,3,74,58;39;74;26;8;3;46;18;11;3;41;21;3;4;26;6,2617,4653,4380;4574;4527;4653;3133;3340;3066;3317;3344;3344;3011;3320;2782;2862;2617;2678,4.3,0.0,858.5,0,0,0,0,0,0.0,0,0,0,0,0,0,0,0,0.0,0,0,0,0,0,11.2,0.0,5510.8,0,0,0,51.1,7.51,0.07,6.39,24.9,17.9,63.4,99.11537099886341,10.431998263042765,23.463793731537187,24.0139644457763,0.5579642431319891,1125.4705882352941,0.0,0.0,0.0,0.0,54.9600953354555,0.7,0.0,0.0,0.0,0.0,300.0,858.5,0.0,0.0,45.951,28.604,74.555,27.589,1.766,72.789,emon,0.848,0.649,80.8,37.9,2.132
