timestamp,cpu_total_pct,cpu_core_min,cpu_core_max,cpu_cores_csv,cpu_freq_min_mhz,cpu_freq_max_mhz,cpu_freq_csv,igpu_pct,igpu_ded_mb,igpu_shared_mb,nvidia_gpu_pct,nvidia_mem_pct,nvidia_mem_used_mb,nvidia_mem_total_mb,nvidia_temp_c,nvidia_power_w,nvidia_sm_clk_mhz,nvidia_mem_clk_mhz,nvidia_pcie_gen,nvidia_pcie_width,nvidia_throttle,nvidia_pcie_rx_kbs,nvidia_pcie_tx_kbs,nvidia_pstate,nvidia_power_limit_w,nvidia_sm_clk_max_mhz,nvidia_mem_clk_max_mhz,nvidia_sm_clk_eff_pct,nvidia_mem_clk_eff_pct,nvidia_power_eff_pct,npu_pct,npu_ded_mb,npu_shared_mb,npu_process_count,npu_infer_ms,cpu_throttle_pct,soc_temp_c,rapl_cpu_w,rapl_igpu_w,rapl_npu_w,rapl_soc_w,ram_used_gb,ram_total_gb,l0_gpu_busy,l0_xve_active,l0_xve_stall,l0_xve_occupancy,l0_l3_stall,l0_gpu_freq_mhz,l0_mem_read_gbs,l0_mem_write_gbs,l0_compute_busy,l0_copy_busy,l0_render_busy,zes_gpu_busy,zes_compute_busy,zes_render_busy,zes_copy_busy,zes_media_busy,zes_freq_mhz,zes_mem_used_mb,zes_temp_c,zes_power_w,dram_read_gbs,dram_write_gbs,dram_total_gbs,l3miss_millions,ia_dram_bw_gbs,nonia_dram_bw_gbs,bw_source,dram_page_hit_rate_rd,dram_page_hit_rate_wr,dram_rd_latency_imc_clks,dram_rd_latency_ns,imc_freq_ghz
2026-09-29 22:59:17.835,15.0,0,100,20;20;0;100;0;40;0;0;0;20;0;0;0;40;0;0,1762,4645,4555;4491;4531;4645;3020;3072;3154;3403;3333;3074;2611;3245;1762;1763;1790;1820,8.7,0.0,854.6,0,0,0,0,0,0.0,0,0,0,0,0,0,0,0,0.0,0,0,0,0,0,0.0,0.0,0.0,0,0,0,67.1,0.0,0.0,0.0,0.0,18.5,63.4,78.83889198303223,3.003732131077693,31.899032592773438,31.199903928316555,0.4789053134647055,1799.0,0.0,0.0,0.0,0.0,46.28670140782084,0.0,0.0,0.0,0.0,0.0,0.0,0.0,0.0,0.0,,,,,,,,,,,,
2026-09-29 22:59:18.835,14.2,0,86,19;40;6;86;0;14;8;2;0;12;0;3;0;35;2;0,1318,4704,4517;4389;4704;4649;2245;2961;2971;3380;1318;3017;3410;3421;1500;1532;1520;1623,11.9,0.0,851.8,0,0,0,0,0,0.0,0,0,0,0,0,0,0,0,0.0,0,0,0,0,0,0.0,0.0,0.0,0,0,0,61.1,0.0,0.0,0.0,0.0,18.5,63.4,85.50878075947837,4.049565034637612,30.938951264771205,30.2292319788701,1.309682500874,1165.468253968254,0.0,0.0,0.0,0.0,54.8123436010487,3.1,0.0,0.0,0.0,0.0,450.0,852.9,0.0,0.0,,,,,,,,,,,,
2026-09-29 22:59:19.836,17.5,0,83,29;38;14;83;0;31;8;0;0;29;5;3;0;34;5;2,1191,4623,4425;4419;4597;4623;3160;2825;2915;2920;3152;2869;2986;3181;1552;1844;1403;1191,10.8,0.0,859.8,0,0,0,0,0,0.0,0,0,0,0,0,0,0,0,0.0,0,0,0,0,0,0.0,0.0,0.0,0,0,0,61.1,20.17,0.39,0.39,25.35,18.5,63.4,84.48288477835108,3.636859043699796,27.050706839952312,26.140623889985633,1.3710769196933128,1110.0655737704917,0.0,0.0,0.0,0.0,53.72209296665597,1.7,0.0,0.0,0.0,0.0,450.0,851.8,0.0,0.0,,,,,,,,,,,,
2026-09-29 22:59:20.836,20.4,0,86,19;59;9;86;0;31;9;3;0;31;2;0;0;75;0;2,1595,4674,4581;4565;4674;4657;2927;2787;3204;3399;2955;2860;3348;2494;1595;2704;1946;1857,10.8,0.0,859.8,0,0,0,0,0,0.0,0,0,0,0,0,0,0,0,0.0,0,0,0,0,0,0.0,0.0,0.0,0,0,0,67.1,20.17,0.39,0.39,25.35,18.7,63.4,80.59025178816876,4.139864883758948,32.828364838587554,32.36225925143069,1.3761160385867761,1195.9162995594713,0.0,0.0,0.0,0.0,52.32721384716454,1.5,0.0,0.0,0.0,0.0,450.0,856.3,0.0,0.0,,,,,,,,,,,,
2026-09-29 22:59:21.837,19.6,0,95,30;73;10;95;2;30;14;2;0;32;2;0;0;23;0;2,1270,4722,4694;4672;4699;4722;3449;3090;3347;3244;2682;3197;3333;3371;1270;1935;1368;1717,11.1,0.0,881.3,0,0,0,0,0,0.0,0,0,0,0,0,0,0,0,0.0,0,0,0,0,0,0.0,0.0,0.0,0,0,0,62.1,20.17,0.39,0.39,25.35,19.6,63.4,81.57901988260546,4.04432479032861,32.291572024643685,31.714408525811418,1.396991043503264,1189.5286343612336,0.0,0.0,0.0,0.0,52.3452498454617,1.6,0.0,0.0,0.0,0.0,450.0,881.3,0.0,0.0,,,,,,,,,,,,
2026-09-29 22:59:22.838,20.9,2,94,29;64;12;94;6;19;12;6;5;42;9;6;2;19;6;2,2015,4710,4688;4553;4710;4699;3425;3162;3343;3396;3427;3246;3429;3421;2668;2015;2627;2331,10.8,0.0,1780.5,0,0,0,0,0,0.0,0,0,0,0,0,0,0,0,0.0,0,0,0,0,0,0.0,0.0,0.0,0,0,0,59.1,20.17,0.39,0.39,25.35,21.5,63.4,82.66749236583709,4.000049388680297,31.869873298704626,31.317404188588263,1.226952677005041,1185.4583333333333,0.0,0.0,0.0,0.0,52.46535139375677,1.5,0.0,0.0,0.0,0.0,450.0,1569.2,0.0,0.0,,,,,,,,,,,,
2026-09-29 22:59:23.838,19.0,0,86,14;52;8;86;6;32;9;8;3;45;12;8;0;18;2;0,1805,4660,4610;4404;4608;4660;3318;3201;3326;3328;3313;3180;3355;3358;1805;2173;2715;1980,7.7,0.0,3887.6,0,0,0,0,0,0.0,0,0,0,0,0,0,0,0,0.0,0,0,0,0,0,0.0,0.0,0.0,0,0,0,56.1,21.32,0.4,0.39,26.73,22.7,63.4,97.50574442118156,3.078013440003196,25.389084512946987,24.418137089858035,1.5095508557746402,1174.420168067227,0.0,0.0,0.0,0.0,51.493881348770955,1.5,0.0,0.0,0.0,0.0,450.0,3438.2,0.0,0.0,,,,,,,,,,,,
2026-09-29 22:59:24.838,14.7,0,59,14;44;9;59;5;17;8;9;2;19;14;13;0;9;13;0,1769,4594,4577;4301;4594;4475;3389;2826;3326;3331;3240;2917;3168;3370;1769;2421;2236;2477,10.2,0.0,4806.3,0,0,0,0,0,0.0,0,0,0,0,0,0,0,0,0.0,0,0,0,0,0,0.0,0.0,0.0,0,0,0,43.1,21.32,0.4,0.39,26.73,22.6,63.4,77.64771820888046,3.4212480956102658,28.72257020131277,27.878410747656716,1.2935258753197618,1304.5785123966941,0.0,0.0,0.4135025731049293,0.0,52.31035593292514,1.4,0.0,0.0,0.0,0.0,450.0,4795.5,0.0,0.0,,,,,,,,,,,,
2026-09-29 22:59:25.839,6.5,0,44,3;27;3;44;2;9;0;0;0;11;0;0;2;2;2;0,876,4596,4161;3929;4596;4406;3129;2260;1943;2031;2092;2122;2075;2405;927;1158;1065;876,9.9,0.0,4806.3,0,0,0,0,0,0.0,0,0,0,0,0,0,0,0,0.0,0,0,0,0,0,0.0,0.0,0.0,0,0,0,40.1,21.32,0.4,0.39,26.73,22.6,63.4,80.3306790664483,3.2973864713869214,27.892933118887463,27.05279656750038,1.4085931302757384,1191.323651452282,0.0,0.0,0.0,0.0,51.654144441407496,1.4,0.3,0.0,0.0,0.0,450.0,4806.3,0.0,0.0,,,,,,,,,,,,
2026-09-29 22:59:26.839,7.3,0,48,3;23;3;48;0;20;0;0;0;17;0;0;0;0;0;2,872,4539,4492;3961;4539;4397;2009;2116;1954;2198;1592;2195;2843;2002;1057;1073;872;930,10.3,0.0,4806.3,0,0,0,0,0,0.0,0,0,0,0,0,0,0,0,0.0,0,0,0,0,0,0.0,0.0,0.0,0,0,0,40.1,21.32,0.4,0.39,26.73,22.6,63.4,98.3872553507487,2.9704567618077484,24.656472439688397,23.758473645138547,1.5073176662578878,1175.0162601626016,0.0,0.0,0.0,0.0,50.63526297154708,1.5,0.0,0.0,0.0,0.0,450.0,4812.1,0.0,0.0,,,,,,,,,,,,
2026-09-29 22:59:27.839,7.0,0,38,2;27;2;38;0;16;5;0;0;19;0;0;0;5;0;0,1031,4376,4246;3920;4336;4376;2712;2376;2491;3133;2392;2314;2715;2220;1039;1238;1031;1070,9.9,0.0,4806.3,0,0,0,0,0,0.0,0,0,0,0,0,0,0,0,0.0,0,0,0,0,0,0.0,0.0,0.0,0,0,0,41.1,10.42,0.3,0.37,14.84,22.6,63.4,98.47742762117305,3.422420713955011,28.850712162816627,28.371328211238243,1.3593826999590068,1193.4444444444443,0.0,0.0,0.0,0.0,51.08935420221498,1.4,0.0,0.0,0.0,0.0,450.0,4806.3,0.0,0.0,,,,,,,,,,,,
2026-09-29 22:59:28.839,6.5,0,34,3;32;2;34;0;17;2;0;0;16;0;0;0;0;0;0,895,4470,4470;4038;4467;4388;1301;2109;1852;1359;1371;2186;1797;1331;977;1020;935;895,7.9,0.0,4806.3,0,0,0,0,0,0.0,0,0,0,0,0,0,0,0,0.0,0,0,0,0,0,0.0,0.0,0.0,0,0,0,41.1,10.42,0.3,0.37,14.84,22.6,63.4,98.4393534757653,2.858839154000185,23.859997371751437,22.80472296111438,1.3778143180588887,1186.9591836734694,0.0,0.0,0.0,0.0,50.854606101403434,1.5,0.0,0.0,0.0,0.0,450.0,4806.3,0.0,0.0,,,,,,,,,,,,
2026-09-29 22:59:29.840,12.8,0,77,9;55;2;77;0;31;0;0;0;27;0;0;0;5;0;0,760,4275,4208;4002;4132;4275;1220;2982;3204;3376;1306;2915;3037;2293;760;1391;861;803,56.4,0.0,4824.7,0,0,0,0,0,0.0,0,0,0,0,0,0,0,0,0.0,0,0,0,0,0,0.0,0.0,0.0,0,0,0,45.1,10.42,0.3,0.37,14.84,22.6,63.4,97.14391489054567,8.793184806126266,32.48779011782138,31.40875075103241,13.605367166162713,1799.0,0.0,0.0,42.64954952954558,0.0,41.99572729463096,1.4,0.0,0.0,0.0,0.0,450.0,4806.3,0.0,0.0,,,,,,,,,,,,
2026-09-29 22:59:30.840,26.4,3,91,36;52;29;91;8;40;22;19;11;38;14;9;3;27;12;11,1746,4144,3955;3903;3962;4144;3225;2957;3106;3108;3319;2999;2967;3282;2248;1746;2293;2435,56.4,0.0,4824.7,0,0,0,0,0,0.0,0,0,0,0,0,0,0,0,0.0,0,0,0,0,0,0.0,0.0,0.0,0,0,0,43.1,10.42,0.3,0.37,14.84,22.7,63.4,98.63736378356238,8.897513114501907,35.45321384272654,33.237554088368604,18.01190560209248,1799.0,0.0,0.0,42.32099544057026,0.0,43.4239602464209,9.6,59.1,0.0,0.0,0.0,450.0,4817.6,0.0,0.0,2.824,1.789,4.613,40.322,2.581,2.032,emon,0.856,0.7,30.7,14.3,2.156
2026-09-29 22:59:31.840,11.4,0,56,25;25;14;56;0;19;6;5;0;20;5;0;0;8;0;0,768,4208,3872;3625;4009;4208;2253;2564;2195;2269;1560;2357;2267;2553;768;1334;876;915,99.4,0.0,4874.9,0,0,0,0,0,0.0,0,0,0,0,0,0,0,0,0.0,0,0,0,0,0,0.0,0.0,0.0,0,0,0,39.1,11.28,5.91,0.38,24.59,22.7,63.4,96.96987467856599,8.232986788350466,34.51319002699188,33.10170135492511,15.577946815984294,1799.0,0.0,0.0,35.834971065200136,0.16495142484966077,41.03412132237752,14.0,91.3,0.0,0.0,0.0,450.0,4890.0,0.0,0.0,2.824,1.789,4.613,40.322,2.581,2.032,emon,0.856,0.7,30.7,14.3,2.156
2026-09-29 22:59:32.840,6.3,0,38,6;22;2;38;0;14;3;0;0;11;0;0;0;5;0;0,1009,3869,3542;3133;3461;3869;1652;1718;1507;2531;1863;1794;2019;1450;1073;1241;1130;1009,8.3,0.0,4886.3,0,0,0,0,0,0.0,0,0,0,0,0,0,0,0,0.0,0,0,0,0,0,0.0,0.0,0.0,0,0,0,36.1,11.28,5.91,0.38,24.59,22.7,63.4,85.1149002895201,2.5532609506226533,22.423521609640506,20.94704232696253,0.8766625845863881,1192.66576819407,0.0,0.0,0.0,0.0,55.37019976016606,6.5,37.9,0.0,0.0,0.0,450.0,4886.3,0.0,0.0,2.824,1.789,4.613,40.322,2.581,2.032,emon,0.856,0.7,30.7,14.3,2.156
2026-09-29 22:59:33.841,8.1,0,38,11;20;5;38;0;17;5;3;0;16;6;2;0;6;2;0,1293,4199,4199;3763;3966;4115;2684;2070;2188;2475;2867;1933;2097;3365;1600;1428;1293;1732,10.7,0.0,4878.2,0,0,0,0,0,0.0,0,0,0,0,0,0,0,0,0.0,0,0,0,0,0,0.0,0.0,0.0,0,0,0,40.1,11.28,5.91,0.38,24.59,22.7,63.4,90.71829360583432,3.0022691108755843,23.442822708531864,22.475203685687404,0.9551763014286053,1191.1671018276763,0.0,0.0,0.0,0.0,56.227655770339794,1.5,0.0,0.0,0.0,0.0,450.0,4878.2,0.0,0.0,2.824,1.789,4.613,40.322,2.581,2.032,emon,0.856,0.7,30.7,14.3,2.156
2026-09-29 22:59:34.841,8.8,0,42,11;31;11;42;0;22;0;0;0;16;3;0;0;6;0;0,1136,4537,4376;4153;4537;4409;3199;2517;2497;2915;2349;2505;3193;2936;1183;1390;1882;1136,10.4,0.0,4891.6,0,0,0,0,0,0.0,0,0,0,0,0,0,0,0,0.0,0,0,0,0,0,0.0,0.0,0.0,0,0,0,42.1,11.28,5.91,0.38,24.59,22.7,63.4,99.37017925239049,3.8115558276250043,28.604385419125936,28.674683502161063,1.0378354257452973,1195.0122699386502,0.0,0.0,0.0,0.0,55.34427732526342,1.6,0.0,0.0,0.0,0.0,450.0,4893.9,0.0,0.0,2.824,1.789,4.613,40.322,2.581,2.032,emon,0.856,0.7,30.7,14.3,2.156
2026-09-29 22:59:35.841,6.6,0,38,5;26;6;38;0;15;2;0;0;12;0;0;0;0;2;0,991,4442,4341;4071;4442;4403;1477;2340;2704;2398;2163;2275;2945;2200;991;1258;1047;1062,12.0,0.0,4891.6,0,0,0,0,0,0.0,0,0,0,0,0,0,0,0,0.0,0,0,0,0,0,0.0,0.0,0.0,0,0,0,40.1,8.17,0.4,0.35,12.18,22.7,63.4,99.2940885558609,3.0378112018358645,21.52255190281289,20.456145269521908,0.7162323645774807,1191.1188630490956,0.0,0.0,0.0,0.0,57.627550835179726,1.8,0.0,0.0,0.0,0.0,450.0,4891.6,0.0,0.0,2.824,1.789,4.613,40.322,2.581,2.032,emon,0.856,0.7,30.7,14.3,2.156
2026-09-29 22:59:36.841,10.7,0,70,14;32;2;70;0;16;5;0;0;19;5;0;0;9;0;0,1084,4414,4272;4067;4218;4414;2046;2770;2962;3003;1624;2830;2964;2746;1084;1400;1145;1688,13.4,0.0,4972.6,0,0,0,0,0,0.0,0,0,0,0,0,0,0,0,0.0,0,0,0,0,0,0.0,0.0,0.0,0,0,0,47.1,8.17,0.4,0.35,12.18,25.8,63.4,88.17016689809739,5.0904955134149725,26.03391202057109,25.908582701908248,1.3156324654424942,1628.0723981900453,0.0,0.0,4.535249082621807,13.235259103559262,54.115173078075834,1.6,0.0,0.0,0.0,0.0,450.0,4899.5,0.0,0.0,2.824,1.789,4.613,40.322,2.581,2.032,emon,0.856,0.7,30.7,14.3,2.156
2026-09-29 22:59:37.842,20.4,0,95,19;49;6;95;2;27;8;5;0;20;3;0;0;86;6;0,1506,4260,4033;4123;4096;4260;1540;2226;1848;1880;1506;2336;2044;1566;2183;2384;2121;2208,8.8,0.0,10601.8,0,0,0,0,0,0.0,0,0,0,0,0,0,0,0,0.0,0,0,0,0,0,0.0,0.0,0.0,0,0,0,53.1,8.17,0.4,0.35,12.18,28.3,63.4,92.76861273053358,7.250143491682094,25.17600362532584,24.829188215153298,1.0915665323656234,1681.0971867007672,0.0,0.0,18.019032037114876,0.0,49.83864813328636,3.6,4.3,0.0,0.0,0.0,450.0,5699.7,0.0,0.0,2.824,1.789,4.613,40.322,2.581,2.032,emon,0.856,0.7,30.7,14.3,2.156
2026-09-29 22:59:38.842,22.4,0,90,45;39;18;90;0;22;20;5;0;14;14;0;2;44;44;2,945,4130,3738;3799;3825;4130;1562;2474;2470;2682;1325;2276;2541;2316;1090;1614;1456;945,7.4,0.0,10592.0,0,0,0,0,0,0.0,0,0,0,0,0,0,0,0,0.0,0,0,0,0,0,0.0,0.0,0.0,0,0,0,42.1,8.17,0.4,0.35,12.18,28.3,63.4,100.0002039729638,15.357193288790198,24.85870629842496,31.864950540081832,1.1968021645172735,1809.2716468590831,0.0,0.0,30.176920153096663,0.0,50.29532537921742,14.1,90.8,0.0,0.0,0.0,450.0,10600.5,0.0,0.0,2.824,1.789,4.613,40.322,2.581,2.032,emon,0.856,0.7,30.7,14.3,2.156
2026-09-29 22:59:39.842,22.7,0,95,34;50;14;95;0;0;40;9;2;0;27;3;3;2;84;0,842,4137,3819;3780;3833;4137;2121;1596;2448;2469;2030;1820;2539;2631;934;842;1573;1204,6.0,0.0,10587.9,0,0,0,0,0,0.0,0,0,0,0,0,0,0,0,0.0,0,0,0,0,0,0.0,0.0,0.0,0,0,0,42.1,11.74,13.82,0.39,31.09,28.3,63.4,99.99978169527921,15.11186870028376,23.58773255280473,28.216876723994076,1.0567963130456106,1847.5085227272727,0.0,0.0,33.283403741179264,0.0,46.26823297870293,14.1,90.9,0.0,0.0,0.0,450.0,10592.0,0.0,0.0,2.824,1.789,4.613,40.322,2.581,2.032,emon,0.856,0.7,30.7,14.3,2.156
2026-09-29 22:59:40.843,26.3,3,92,46;48;23;92;5;6;20;16;6;3;30;9;14;11;81;9,1502,4091,3759;3828;3811;4091;2861;3057;2775;2912;3028;3138;2767;2761;1742;1503;1502;2019,6.0,0.0,10587.9,0,0,0,0,0,0.0,0,0,0,0,0,0,0,0,0.0,0,0,0,0,0,0.0,0.0,0.0,0,0,0,43.1,11.74,13.82,0.39,31.09,28.3,63.4,99.9988301270397,11.902654934401049,29.317768664732046,29.15517413483021,1.2401299756717974,1843.1843971631206,0.0,0.0,33.09384383288615,0.0,46.19180605481765,14.1,91.7,0.0,0.0,0.0,450.0,10587.9,0.0,0.0,2.824,1.789,4.613,40.322,2.581,2.032,emon,0.856,0.7,30.7,14.3,2.156
2026-09-29 22:59:41.843,20.6,0,92,35;25;17;92;0;0;25;12;0;0;19;8;0;2;88;6,924,4123,3770;3788;3875;4123;2106;1222;2360;2275;1793;1251;2525;2208;924;973;1547;1044,7.5,0.0,10587.9,0,0,0,0,0,0.0,0,0,0,0,0,0,0,0,0.0,0,0,0,0,0,0.0,0.0,0.0,0,0,0,42.1,11.74,13.82,0.39,31.09,28.3,63.4,99.99976623122757,14.870865323136535,24.92136151790619,28.71780813596136,1.0747119240220904,1849.0,0.0,0.0,33.57563547171917,0.0,45.09785760014052,14.1,91.2,0.0,0.0,0.0,450.0,10587.9,0.0,0.0,22.385,9.169,31.554,78.492,5.023,26.531,emon,0.623,0.65,62.9,29.4,2.137
2026-09-29 22:59:42.844,21.4,0,91,38;44;17;91;2;0;19;9;0;0;30;0;5;3;80;6,941,4110,3682;3778;3890;4110;2132;2130;2548;2360;1638;1428;2556;2191;1143;941;1573;1052,7.6,0.0,10587.9,0,0,0,0,0,0.0,0,0,0,0,0,0,0,0,0.0,0,0,0,0,0,0.0,0.0,0.0,0,0,0,42.1,11.74,13.82,0.39,31.09,28.3,63.4,100.0026736906691,15.61595885622782,25.885390875412156,30.890459436438256,1.1708709027199269,1839.9279778393352,0.0,0.0,34.11821682336856,0.0,46.224633237945824,14.1,91.4,0.0,0.0,0.0,450.0,10587.9,0.0,0.0,22.385,9.169,31.554,78.492,5.023,26.531,emon,0.623,0.65,62.9,29.4,2.137
2026-09-29 22:59:43.844,21.9,0,91,41;33;16;91;2;3;23;12;0;3;23;3;2;3;86;11,911,4167,3837;3833;3909;4167;2204;1507;2504;2548;2283;1411;2486;2520;1168;911;1497;1190,5.5,0.0,10582.7,0,0,0,0,0,0.0,0,0,0,0,0,0,0,0,0.0,0,0,0,0,0,0.0,0.0,0.0,0,0,0,41.1,11.08,22.31,0.39,39.79,28.3,63.4,100.00094310536105,13.102910517156124,27.885934196850833,30.09601855944185,1.0074365754162393,1820.1764705882354,0.0,0.0,33.26911982954514,0.0,45.97987240241756,14.1,91.8,0.0,0.0,0.0,450.0,10579.4,0.0,0.0,22.385,9.169,31.554,78.492,5.023,26.531,emon,0.623,0.65,62.9,29.4,2.137
2026-09-29 22:59:44.844,16.0,0,89,46;23;12;89;0;0;25;5;0;0;27;3;2;0;25;0,857,4218,3753;3800;3834;4218;2818;2161;2760;3113;2282;1196;2788;2531;1098;857;1555;1003,6.9,0.0,10576.9,0,0,0,0,0,0.0,0,0,0,0,0,0,0,0,0.0,0,0,0,0,0,0.0,0.0,0.0,0,0,0,41.1,11.08,22.31,0.39,39.79,28.3,63.4,99.99475948462326,14.77217196030647,25.612016057365395,29.766087058199087,1.0615242743661746,1810.5870786516855,0.0,0.0,30.515968373839957,0.0,46.48599369218481,14.1,91.2,0.0,0.0,0.0,450.0,10576.9,0.0,0.0,22.385,9.169,31.554,78.492,5.023,26.531,emon,0.623,0.65,62.9,29.4,2.137
2026-09-29 22:59:45.845,14.9,0,96,38;25;9;96;0;0;22;5;0;0;16;0;0;0;26;3,797,4230,3746;3888;3772;4230;2882;2474;2766;3148;2778;1510;2786;3169;797;1022;1684;1185,7.0,0.0,10576.9,0,0,0,0,0,0.0,0,0,0,0,0,0,0,0,0.0,0,0,0,0,0,0.0,0.0,0.0,0,0,0,41.1,11.08,22.31,0.39,39.79,28.3,63.4,99.99852060667226,13.97374638043554,26.526353911656727,30.858425920509116,1.0905498165558551,1799.0,0.0,0.0,32.42126690597916,0.0,47.01243042488167,14.1,91.8,0.0,0.0,0.0,450.0,10576.9,0.0,0.0,22.385,9.169,31.554,78.492,5.023,26.531,emon,0.623,0.65,62.9,29.4,2.137
2026-09-29 22:59:46.845,15.6,0,91,40;26;5;91;3;0;28;5;0;0;20;2;0;2;22;6,711,4239,3687;3731;3792;4239;2956;2299;2776;3089;2866;1919;2814;3071;711;940;1560;1152,7.3,0.0,10576.8,0,0,0,0,0,0.0,0,0,0,0,0,0,0,0,0.0,0,0,0,0,0,0.0,0.0,0.0,0,0,0,42.1,11.08,22.31,0.39,39.79,28.3,63.4,100.001282686506,15.141651432664533,24.60966631906373,29.52537939056754,1.13840372357663,1799.0,0.0,0.0,32.75157705696366,0.0,46.519892431805125,14.1,90.9,0.0,0.0,0.0,450.0,10576.9,0.0,0.0,22.385,9.169,31.554,78.492,5.023,26.531,emon,0.623,0.65,62.9,29.4,2.137
2026-09-29 22:59:47.846,20.8,2,89,41;36;17;89;11;2;20;12;5;2;28;12;2;3;49;5,1201,4162,3725;3786;3871;4162;2762;3161;2719;2634;3140;2847;2785;2875;1201;1320;1740;1245,7.4,0.0,10576.0,0,0,0,0,0,0.0,0,0,0,0,0,0,0,0,0.0,0,0,0,0,0,0.0,0.0,0.0,0,0,0,42.1,10.2,21.2,0.4,37.49,28.3,63.4,100.0014831135782,12.71593437905082,27.99520403245108,30.943488131036585,1.1177139959965663,1799.0,0.0,0.0,31.90848699831201,0.0,47.02217430830101,14.1,91.8,0.0,0.0,0.0,450.0,10576.4,0.0,0.0,22.385,9.169,31.554,78.492,5.023,26.531,emon,0.623,0.65,62.9,29.4,2.137
2026-09-29 22:59:48.846,13.9,0,91,38;28;11;91;0;0;22;5;0;0;19;0;0;0;9;0,929,4217,3622;3984;3749;4217;2613;2385;2687;2851;2497;2477;2787;3070;929;1093;1572;1289,5.6,0.0,10575.9,0,0,0,0,0,0.0,0,0,0,0,0,0,0,0,0.0,0,0,0,0,0,0.0,0.0,0.0,0,0,0,39.1,10.2,21.2,0.4,37.49,28.3,63.4,99.99769971629703,15.096791911401986,22.76829341759589,28.396392460424753,1.055648864562264,1799.0,0.0,0.0,31.391991736480193,0.0,46.499427627672326,14.1,90.8,0.0,0.0,0.0,450.0,10581.7,0.0,0.0,22.385,9.169,31.554,78.492,5.023,26.531,emon,0.623,0.65,62.9,29.4,2.137
2026-09-29 22:59:49.846,14.3,0,89,37;22;9;89;0;0;18;3;0;0;27;2;0;0;22;0,739,4212,3764;3773;3958;4212;2874;1593;2632;2991;2332;1571;2834;2608;739;883;1691;986,5.6,0.0,10575.9,0,0,0,0,0,0.0,0,0,0,0,0,0,0,0,0.0,0,0,0,0,0,0.0,0.0,0.0,0,0,0,40.1,10.2,21.2,0.4,37.49,28.3,63.4,100.00079111299276,15.651607746035522,23.564576654349683,31.858882381961827,1.0151761972800755,1799.0,0.0,0.0,27.647404523004063,0.0,47.82676420560098,14.1,91.7,0.0,0.0,0.0,450.0,10577.2,0.0,0.0,22.385,9.169,31.554,78.492,5.023,26.531,emon,0.623,0.65,62.9,29.4,2.137
2026-09-29 22:59:50.846,14.2,0,86,48;25;6;86;0;0;20;0;0;0;16;0;0;0;26;0,732,4201,3724;3754;3725;4201;2861;2396;2649;3008;2221;2755;2817;2986;732;968;1606;957,7.4,0.0,10581.7,0,0,0,0,0,0.0,0,0,0,0,0,0,0,0,0.0,0,0,0,0,0,0.0,0.0,0.0,0,0,0,40.1,10.2,21.2,0.4,37.49,28.3,63.4,99.99095509628711,12.335008375575994,28.45198600205229,30.036149258382927,1.076252717218698,1799.0,0.0,0.0,32.07952311214024,0.0,46.60724411383481,14.1,91.0,0.0,0.0,0.0,450.0,10575.9,0.0,0.0,22.385,9.169,31.554,78.492,5.023,26.531,emon,0.623,0.65,62.9,29.4,2.137
2026-09-29 22:59:51.847,15.0,0,86,53;22;11;86;2;2;17;3;2;0;19;5;0;0;20;0,511,4191,3765;3783;3801;4191;3063;3044;2605;3124;3389;2039;2800;3059;642;511;1635;1232,7.4,0.0,10575.9,0,0,0,0,0,0.0,0,0,0,0,0,0,0,0,0.0,0,0,0,0,0,0.0,0.0,0.0,0,0,0,40.1,10.13,21.52,0.39,37.41,28.3,63.4,99.99758281213062,15.292669536731063,25.106936223912307,30.594112818303817,1.1173925945528256,1799.0,0.0,0.0,31.722028079489313,0.0,47.21441425886187,14.1,91.6,0.0,0.0,0.0,450.0,10575.9,0.0,0.0,22.385,9.169,31.554,78.492,5.023,26.531,emon,0.623,0.65,62.9,29.4,2.137
2026-09-29 22:59:52.847,14.9,0,86,43;28;6;86;0;0;23;3;0;0;19;2;3;2;22;2,817,4196,3753;3809;3544;4196;3074;2721;2591;2985;2705;2928;2789;2724;1108;817;1553;883,6.2,0.0,10575.8,0,0,0,0,0,0.0,0,0,0,0,0,0,0,0,0.0,0,0,0,0,0,0.0,0.0,0.0,0,0,0,41.1,10.13,21.52,0.39,37.41,28.3,63.4,99.99188472507717,12.516284004663984,26.429119517753175,28.010247480452477,1.040055893474239,1799.0,0.0,0.0,33.20346217650946,0.0,46.673515144937106,14.1,91.9,0.0,0.0,0.0,450.0,10575.8,0.0,0.0,22.385,9.169,31.554,78.492,5.023,26.531,emon,0.623,0.65,62.9,29.4,2.137
2026-09-29 22:59:53.848,15.4,0,91,40;25;12;91;2;0;18;5;0;0;25;3;2;3;18;3,717,4217,3699;3780;3783;4217;3254;3036;2745;3065;2471;2286;2785;3189;717;1104;1465;1360,7.2,0.0,10575.8,0,0,0,0,0,0.0,0,0,0,0,0,0,0,0,0.0,0,0,0,0,0,0.0,0.0,0.0,0,0,0,41.1,10.13,21.52,0.39,37.41,28.3,63.4,100.00091118176321,14.756711643330828,25.21971773553955,30.14389224660448,1.0440288405424323,1801.152080344333,0.0,0.0,30.88104326631794,0.0,46.873218094580345,14.1,91.1,0.0,0.0,0.0,450.0,10575.8,0.0,0.0,21.293,7.766,29.059,53.218,3.406,25.653,emon,0.626,0.629,81.9,37.9,2.161
2026-09-29 22:59:54.848,14.9,0,89,42;27;8;89;0;0;22;2;0;0;21;2;0;0;28;0,921,4219,3776;3853;3766;4219;3025;2305;2717;2818;3192;3053;2838;3109;921;1536;1619;1035,5.6,0.0,10581.7,0,0,0,0,0,0.0,0,0,0,0,0,0,0,0,0.0,0,0,0,0,0,0.0,0.0,0.0,0,0,0,42.1,10.13,21.52,0.39,37.41,28.3,63.4,100.00285682077913,14.994274421323235,26.227931525915306,30.157933229945588,1.1607961052295404,1805.7954220314734,0.0,0.0,32.37045529288425,0.0,46.445888120312816,14.1,91.9,0.0,0.0,0.0,450.0,10575.9,0.0,0.0,21.293,7.766,29.059,53.218,3.406,25.653,emon,0.626,0.629,81.9,37.9,2.161
2026-09-29 22:59:55.848,15.4,0,94,46;17;8;94;0;0;31;0;0;0;25;0;2;2;24;0,923,4208,3699;3839;3794;4208;3128;2456;2697;2970;2539;2464;2770;3034;941;923;1647;1119,7.3,0.0,10575.9,0,0,0,0,0,0.0,0,0,0,0,0,0,0,0,0.0,0,0,0,0,0,0.0,0.0,0.0,0,0,0,42.1,10.13,21.56,0.39,37.39,28.3,63.4,99.99713893442846,14.741637510377602,23.954353513497882,29.261387663118168,1.1246274233084854,1823.5810055865923,0.0,0.0,32.45241891395388,0.0,46.48939609843886,14.1,91.0,0.0,0.0,0.0,450.0,10575.9,0.0,0.0,21.293,7.766,29.059,53.218,3.406,25.653,emon,0.626,0.629,81.9,37.9,2.161
2026-09-29 22:59:56.849,15.3,0,89,45;26;8;89;0;0;22;5;0;0;28;0;0;0;23;0,879,4214,3815;3803;3775;4214;2777;2694;2737;3140;2826;2692;2839;2941;879;1210;1625;1705,7.2,0.0,10575.9,0,0,0,0,0,0.0,0,0,0,0,0,0,0,0,0.0,0,0,0,0,0,0.0,0.0,0.0,0,0,0,42.1,10.13,21.56,0.39,37.39,28.3,63.4,99.9971553304921,15.48085557000536,24.47040995369139,31.583773689120466,1.0797165099866317,1825.0869565217392,0.0,0.0,29.726302194017986,0.0,48.37290281810238,14.1,91.7,0.0,0.0,0.0,450.0,10575.9,0.0,0.0,21.293,7.766,29.059,53.218,3.406,25.653,emon,0.626,0.629,81.9,37.9,2.161
2026-09-29 22:59:57.849,14.1,0,92,42;23;2;92;0;0;23;2;0;0;16;2;0;0;23;0,809,4236,3753;3872;3797;4236;2354;2764;2820;3165;2324;2584;2828;3144;918;809;1567;1505,6.0,0.0,10575.9,0,0,0,0,0,0.0,0,0,0,0,0,0,0,0,0.0,0,0,0,0,0,0.0,0.0,0.0,0,0,0,43.1,10.13,21.56,0.39,37.39,28.3,63.4,99.9990385196316,12.434492957445372,26.37195750721629,28.10916979509566,1.0780013825662849,1812.5311143270621,0.0,0.0,32.88576604867241,0.0,46.83380382243123,14.1,91.0,0.0,0.0,0.0,450.0,10575.9,0.0,0.0,21.293,7.766,29.059,53.218,3.406,25.653,emon,0.626,0.629,81.9,37.9,2.161
2026-09-29 22:59:58.849,14.5,0,89,38;25;8;89;3;0;19;3;0;0;22;3;0;0;21;2,713,4210,3698;3881;3750;4210;3134;2650;2881;2809;2658;3069;2868;2933;1307;713;1604;1400,7.5,0.0,10575.9,0,0,0,0,0,0.0,0,0,0,0,0,0,0,0,0.0,0,0,0,0,0,0.0,0.0,0.0,0,0,0,42.1,10.13,21.56,0.39,37.39,28.3,63.4,99.99632846078339,15.180481951170709,24.21861390413436,31.203102947611107,1.061861498276466,1814.117994100295,0.0,0.0,28.34528247091801,0.0,48.20370122208113,14.1,91.8,0.0,0.0,0.0,450.0,10577.2,0.0,0.0,21.293,7.766,29.059,53.218,3.406,25.653,emon,0.626,0.629,81.9,37.9,2.161
2026-09-29 22:59:59.850,14.4,0,86,39;20;12;86;0;0;23;6;0;0;22;0;0;0;22;0,967,4242,3789;3774;3945;4242;2773;2975;2800;2999;2746;2081;2800;3017;1180;967;1359;1374,6.0,0.0,10575.9,0,0,0,0,0,0.0,0,0,0,0,0,0,0,0,0.0,0,0,0,0,0,0.0,0.0,0.0,0,0,0,41.1,10.07,21.44,0.39,37.48,28.3,63.4,100.01202884274231,12.095771823922652,26.345007575605138,27.151561129236693,1.1118016714400352,1800.558073654391,0.0,0.0,31.930792279691875,0.0,45.86484764230458,14.1,90.9,0.0,0.0,0.0,450.0,10575.9,0.0,0.0,21.293,7.766,29.059,53.218,3.406,25.653,emon,0.626,0.629,81.9,37.9,2.161
2026-09-29 23:00:00.851,19.4,0,89,41;42;12;89;3;3;25;12;5;3;29;8;9;0;28;2,1669,4154,3834;3841;3896;4154;3186;3253;2944;3144;3267;3225;2962;3244;1872;2224;1669;2020,6.0,0.0,10575.9,0,0,0,0,0,0.0,0,0,0,0,0,0,0,0,0.0,0,0,0,0,0,0.0,0.0,0.0,0,0,0,43.1,10.07,21.44,0.39,37.48,28.2,63.4,100.00049570162003,14.742501385789364,25.50495793325444,29.575836031894163,1.0486114159398647,1810.9178082191781,0.0,0.0,32.377139117722784,0.0,46.14862626568866,14.1,91.9,0.0,0.0,0.0,450.0,10575.8,0.0,0.0,21.293,7.766,29.059,53.218,3.406,25.653,emon,0.626,0.629,81.9,37.9,2.161
2026-09-29 23:00:01.851,14.6,0,89,34;32;5;89;2;0;17;3;0;0;25;2;0;2;20;3,1075,4209,3706;3845;3972;4209;2998;2026;2834;3099;2795;2659;2828;3026;1461;1075;1567;1356,7.3,0.0,10575.8,0,0,0,0,0,0.0,0,0,0,0,0,0,0,0,0.0,0,0,0,0,0,0.0,0.0,0.0,0,0,0,41.1,10.07,21.44,0.39,37.48,28.3,63.4,99.99933222602395,15.027547155123424,23.42828694792355,29.773575709869757,1.063501302638478,1799.8823529411766,0.0,0.0,29.877955866645447,0.0,47.77082321721206,14.1,91.6,0.0,0.0,0.0,450.0,10575.8,0.0,0.0,21.293,7.766,29.059,53.218,3.406,25.653,emon,0.626,0.629,81.9,37.9,2.161
2026-09-29 23:00:02.852,14.8,0,98,44;22;3;98;2;0;21;3;0;0;29;2;0;0;14;0,948,4219,3754;3846;3853;4219;3192;2885;2911;3249;3117;3143;2822;3328;1976;948;1458;1177,7.2,0.0,10577.2,0,0,0,0,0,0.0,0,0,0,0,0,0,0,0,0.0,0,0,0,0,0,0.0,0.0,0.0,0,0,0,41.1,10.07,21.44,0.39,37.48,28.2,63.4,100.00029035799766,12.644689916926126,28.754086345144835,30.311986009111713,1.1355558771578995,1804.8526011560693,0.0,0.0,31.964315393444682,0.0,46.787959556452094,14.1,91.1,0.0,0.0,0.0,450.0,10575.9,0.0,0.0,21.293,7.766,29.059,53.218,3.406,25.653,emon,0.626,0.629,81.9,37.9,2.161
2026-09-29 23:00:03.852,14.7,0,91,29;34;8;91;0;0;22;3;0;0;16;2;0;3;25;3,1242,4176,3701;3848;3771;4176;3097;2756;2790;3235;3101;3142;2830;2963;1242;1462;1603;1404,5.3,0.0,10575.9,0,0,0,0,0,0.0,0,0,0,0,0,0,0,0,0.0,0,0,0,0,0,0.0,0.0,0.0,0,0,0,41.1,10.39,21.64,0.39,37.82,28.3,63.4,100.02545748258892,15.501304611977604,24.304109054524996,31.111310579623396,1.0995721420056523,1799.0,0.0,0.0,30.694335564587686,0.0,47.2462838038195,14.1,91.9,0.0,0.0,0.0,450.0,10575.9,0.0,0.0,21.293,7.766,29.059,53.218,3.406,25.653,emon,0.626,0.629,81.9,37.9,2.161
2026-09-29 23:00:04.853,14.2,0,81,37;26;11;81;0;0;25;2;0;0;28;0;0;0;17;0,981,4210,3819;3870;3802;4210;3164;2424;2787;3153;1948;2082;2734;3056;1457;981;1529;1031,7.1,0.0,10575.8,0,0,0,0,0,0.0,0,0,0,0,0,0,0,0,0.0,0,0,0,0,0,0.0,0.0,0.0,0,0,0,40.1,10.39,21.64,0.39,37.82,28.2,63.4,99.9979684417681,15.026322353135619,23.5907900482203,28.3476344277504,1.1152446072152915,1799.8583690987125,0.0,0.0,31.943032139595477,0.0,46.7392894690885,14.1,91.1,0.0,0.0,0.0,450.0,10575.8,0.0,0.0,21.293,7.766,29.059,53.218,3.406,25.653,emon,0.626,0.629,81.9,37.9,2.161
2026-09-29 23:00:05.854,15.3,0,91,37;28;8;91;2;0;20;6;0;0;27;2;0;0;23;2,696,4221,3748;3890;3844;4221;2927;2608;2872;2921;3211;1334;2889;3114;878;696;1551;1136,6.4,0.0,10575.8,0,0,0,0,0,0.0,0,0,0,0,0,0,0,0,0.0,0,0,0,0,0,0.0,0.0,0.0,0,0,0,41.1,10.39,21.64,0.39,37.82,28.3,63.4,100.0109953355159,15.169125317702571,24.441723118094444,30.752765935882596,1.0210539855285365,1802.0837004405287,0.0,0.0,30.34200402419493,0.0,47.96543531460875,14.1,91.8,0.0,0.0,0.0,450.0,10575.8,0.0,0.0,20.772,7.412,28.184,53.25,3.408,24.776,emon,0.617,0.562,94.5,44.2,2.136
2026-09-29 23:00:06.854,17.3,2,89,38;29;8;89;2;2;27;3;2;2;28;8;3;2;35;2,1341,4212,3743;3856;3826;4212;3214;3134;2871;3149;3187;3009;2825;3265;1733;1341;1538;1730,7.4,0.0,10575.8,0,0,0,0,0,0.0,0,0,0,0,0,0,0,0,0.0,0,0,0,0,0,0.0,0.0,0.0,0,0,0,41.1,10.39,21.64,0.39,37.82,28.3,63.4,99.9993332110542,14.064173651603802,26.38622353210652,30.982494199774134,1.0075826179012775,1799.0,0.0,0.0,29.347977365373602,0.0,47.46405263531433,14.1,91.0,0.0,0.0,0.0,450.0,10575.8,0.0,0.0,20.772,7.412,28.184,53.25,3.408,24.776,emon,0.617,0.562,94.5,44.2,2.136
2026-09-29 23:00:07.854,14.4,0,86,33;30;12;86;2;0;19;5;0;0;19;0;0;0;23;2,678,4171,3783;3927;3916;4171;3268;3097;2848;3205;2634;2234;2887;3262;1072;678;1584;1611,7.4,0.0,10575.8,0,0,0,0,0,0.0,0,0,0,0,0,0,0,0,0.0,0,0,0,0,0,0.0,0.0,0.0,0,0,0,41.1,9.85,21.59,0.39,37.21,28.3,63.4,99.85470567630533,15.19577915496343,24.271432911720442,31.066535815989866,1.0697429387115318,1805.5982404692081,0.0,0.0,28.650893015775058,0.0,47.76281442342097,14.1,91.8,0.0,0.0,0.0,450.0,10575.8,0.0,0.0,20.772,7.412,28.184,53.25,3.408,24.776,emon,0.617,0.562,94.5,44.2,2.136
2026-09-29 23:00:08.855,14.3,0,84,23;33;8;84;0;0;16;14;2;0;13;12;0;0;12;12,866,4230,3728;3851;3835;4230;3386;2778;2665;2816;3149;2873;2819;2737;866;986;1349;1498,5.4,0.0,10575.9,0,0,0,0,0,0.0,0,0,0,0,0,0,0,0,0.0,0,0,0,0,0,0.0,0.0,0.0,0,0,0,43.1,9.85,21.59,0.39,37.21,28.2,63.4,100.02183869877888,15.102635136665645,23.196042932126744,27.710125030902223,1.0967823723559473,1799.0,0.0,0.0,33.76363041150719,0.0,46.26868803363911,14.1,90.9,0.0,0.0,0.0,450.0,10575.8,0.0,0.0,20.772,7.412,28.184,53.25,3.408,24.776,emon,0.617,0.562,94.5,44.2,2.136
2026-09-29 23:00:09.855,15.8,0,91,17;45;8;91;5;0;0;25;2;0;0;27;0;0;6;28,783,4228,3943;3845;3915;4228;2282;3110;2556;2796;3102;3162;2808;2847;1347;1031;783;1609,7.2,0.0,10575.9,0,0,0,0,0,0.0,0,0,0,0,0,0,0,0,0.0,0,0,0,0,0,0.0,0.0,0.0,0,0,0,40.1,9.85,21.59,0.39,37.21,28.2,63.4,99.99380747477214,12.360775455915265,28.660429204128405,30.418093841451185,1.1382429984687932,1804.6296296296296,0.0,0.0,31.71844182816127,0.0,46.90608311362544,14.1,91.9,0.0,0.0,0.0,450.0,10575.9,0.0,0.0,20.772,7.412,28.184,53.25,3.408,24.776,emon,0.617,0.562,94.5,44.2,2.136
2026-09-29 23:00:10.856,14.8,0,88,22;45;11;88;2;0;0;20;2;0;0;22;0;2;6;19,785,4225,3909;3706;3906;4225;2921;3331;3086;2804;3143;2987;3013;2813;843;875;785;1618,7.2,0.0,10575.9,0,0,0,0,0,0.0,0,0,0,0,0,0,0,0,0.0,0,0,0,0,0,0.0,0.0,0.0,0,0,0,41.1,9.85,21.59,0.39,37.21,28.2,63.4,100.01255957599419,14.6627219809989,24.693858758729,29.2864030449952,1.0922542526335777,1817.9703808180536,0.0,0.0,31.20377840833904,0.0,47.210385481152464,14.1,91.6,0.0,0.0,0.0,450.0,10575.9,0.0,0.0,20.772,7.412,28.184,53.25,3.408,24.776,emon,0.617,0.562,94.5,44.2,2.136
2026-09-29 23:00:11.860,14.2,0,92,17;41;3;92;2;0;0;19;5;0;0;22;0;0;0;27,891,4206,3915;3817;3915;4206;3144;1852;2615;2731;3118;2634;2173;2854;979;938;891;1648,7.2,0.0,10575.9,0,0,0,0,0,0.0,0,0,0,0,0,0,0,0,0.0,0,0,0,0,0,0.0,0.0,0.0,0,0,0,41.1,10.03,21.21,0.39,37.22,28.2,63.4,100.0015749724015,14.994086488476698,24.77095986034559,30.34778511852458,1.1168992952596348,1838.7826086956522,0.0,0.0,30.744247478107667,0.0,47.34609377453759,14.1,91.3,0.0,0.0,0.0,450.0,10575.9,0.0,0.0,20.772,7.412,28.184,53.25,3.408,24.776,emon,0.617,0.562,94.5,44.2,2.136
2026-09-29 23:00:12.860,14.7,0,81,22;45;9;81;0;0;0;23;5;0;0;27;3;0;0;20,726,4253,3921;3826;3960;4253;2776;2165;2024;2704;2512;2663;2502;2669;1370;1269;726;1618,6.9,0.0,10575.9,0,0,0,0,0,0.0,0,0,0,0,0,0,0,0,0.0,0,0,0,0,0,0.0,0.0,0.0,0,0,0,41.1,10.03,21.21,0.39,37.22,28.2,63.4,100.00159692898603,14.722056805001388,23.84093435079279,27.25237564983922,1.0736766171459646,1829.9154929577464,0.0,0.0,34.88022175163135,0.0,45.74616130584057,14.1,92.0,0.0,0.0,0.0,450.0,10581.7,0.0,0.0,20.772,7.412,28.184,53.25,3.408,24.776,emon,0.617,0.562,94.5,44.2,2.136
2026-09-29 23:00:13.861,14.2,0,92,20;36;3;92;0;0;0;19;3;0;0;27;0;0;9;18,703,4229,3989;3773;3957;4229;3236;3058;2281;2818;3112;2509;1958;2775;1064;1190;703;1489,7.2,0.0,10575.9,0,0,0,0,0,0.0,0,0,0,0,0,0,0,0,0.0,0,0,0,0,0,0.0,0.0,0.0,0,0,0,42.1,10.03,21.21,0.39,37.22,28.2,63.4,99.99533393066054,14.42189555076362,25.543460721198493,29.66055489085918,1.1278261182919909,1807.5982658959538,0.0,0.0,30.8080763303341,0.0,47.05991365974939,14.1,91.1,0.0,0.0,0.0,450.0,10575.9,0.0,0.0,20.772,7.412,28.184,53.25,3.408,24.776,emon,0.617,0.562,94.5,44.2,2.136
2026-09-29 23:00:14.861,20.1,5,91,34;48;11;91;10;6;8;22;14;6;8;25;5;5;8;22,1577,4201,3947;3832;3942;4201;3251;3196;3267;2905;3196;3251;3188;2960;2207;2050;1577;1854,5.3,0.0,10575.9,0,0,0,0,0,0.0,0,0,0,0,0,0,0,0,0.0,0,0,0,0,0,0.0,0.0,0.0,0,0,0,42.1,10.03,21.21,0.39,37.22,28.3,63.4,99.99295225350753,12.893852862948298,29.51708100800929,29.729622252690405,1.0686787655112826,1815.1684782608695,0.0,0.0,37.148372308773425,0.0,44.38269712493746,14.1,92.0,0.0,0.0,0.0,450.0,10575.9,0.0,0.0,20.772,7.412,28.184,53.25,3.408,24.776,emon,0.617,0.562,94.5,44.2,2.136
2026-09-29 23:00:15.862,14.3,0,94,22;37;6;94;3;0;0;17;2;0;0;17;2;0;6;23,822,4266,3980;3765;3832;4266;3262;2549;1984;2798;2921;3155;2426;2876;1419;968;822;1574,6.8,0.0,10575.9,0,0,0,0,0,0.0,0,0,0,0,0,0,0,0,0.0,0,0,0,0,0,0.0,0.0,0.0,0,0,0,41.1,10.5,21.93,0.39,38.38,28.3,63.4,100.00087768677248,15.255670558122626,26.064451725128663,28.615435116820866,1.177812676316369,1821.8246318607764,0.0,0.0,39.005496047579946,0.0,44.94123183045656,14.1,91.2,0.0,0.0,0.0,450.0,10575.9,0.0,0.0,20.772,7.412,28.184,53.25,3.408,24.776,emon,0.617,0.562,94.5,44.2,2.136
2026-09-29 23:00:16.862,14.4,0,91,20;46;5;91;3;0;0;20;5;0;0;19;0;0;6;16,809,4231,3929;3805;3776;4231;3032;2822;2588;2894;3205;3289;3331;2974;957;1252;809;1454,7.2,0.0,10575.9,0,0,0,0,0,0.0,0,0,0,0,0,0,0,0,0.0,0,0,0,0,0,0.0,0.0,0.0,0,0,0,42.1,10.5,21.93,0.39,38.38,28.3,63.4,100.00340733797054,15.23598888040132,27.437468625656347,30.099038588172633,1.1063414187365284,1807.528198074278,0.0,0.0,37.86439399701829,0.0,45.20985968882568,14.1,91.9,0.0,0.0,0.0,450.0,10575.9,0.0,0.0,20.772,7.412,28.184,53.25,3.408,24.776,emon,0.617,0.562,94.5,44.2,2.136
2026-09-29 23:00:17.863,15.2,0,98,19;35;8;98;0;0;0;22;3;0;0;23;0;3;6;27,845,4251,3870;3765;3901;4251;3099;1639;1620;2748;3027;3047;1725;2788;860;1530;845;1625,6.3,0.0,10575.9,0,0,0,0,0,0.0,0,0,0,0,0,0,0,0,0.0,0,0,0,0,0,0.0,0.0,0.0,0,0,0,42.1,10.5,21.93,0.39,38.38,28.3,63.4,100.0105691708328,15.120910728419268,23.824306103018902,27.876522699756794,1.1149337322742452,1828.355281207133,0.0,0.0,37.23516500314068,0.0,45.36474886320207,14.1,91.1,0.0,0.0,0.0,450.0,10575.9,0.0,0.0,18.137,8.17,26.307,58.072,3.717,22.59,emon,0.642,0.558,95.9,44.9,2.137
2026-09-29 23:00:18.867,15.9,0,85,25;41;12;85;0;0;0;34;5;0;0;20;0;2;9;22,789,4219,3975;3810;3764;4219;3164;1625;1595;2770;2934;3218;2704;2774;1092;842;789;1632,7.3,0.0,10575.9,0,0,0,0,0,0.0,0,0,0,0,0,0,0,0,0.0,0,0,0,0,0,0.0,0.0,0.0,0,0,0,42.1,10.5,21.93,0.39,38.38,28.3,63.4,99.99836538924652,15.791607364221495,26.14392616513635,30.040694818116066,1.1561189681697055,1803.8299319727892,0.0,0.0,37.87733171509078,0.0,44.71895647576935,14.1,92.1,0.0,0.0,0.0,450.0,10575.9,0.0,0.0,18.137,8.17,26.307,58.072,3.717,22.59,emon,0.642,0.558,95.9,44.9,2.137
2026-09-29 23:00:19.867,14.0,0,94,17;49;6;94;2;0;0;17;2;0;0;17;0;0;3;17,715,4267,3852;3669;3976;4267;2894;1553;1928;2802;3114;3163;2914;2884;1303;1268;715;1633,5.1,0.0,10575.9,0,0,0,0,0,0.0,0,0,0,0,0,0,0,0,0.0,0,0,0,0,0,0.0,0.0,0.0,0,0,0,42.1,10.1,21.51,0.39,37.47,28.3,63.4,99.99955620431179,15.404727179557085,24.032355982876872,28.193711926235704,1.045515911939632,1800.9257221458047,0.0,0.0,36.77244431319028,0.0,45.7951949802695,14.1,91.6,0.0,0.0,0.0,450.0,10575.9,0.0,0.0,18.137,8.17,26.307,58.072,3.717,22.59,emon,0.642,0.558,95.9,44.9,2.137
2026-09-29 23:00:20.868,14.3,0,86,22;44;8;86;3;0;0;15;2;0;0;20;3;2;8;17,764,4236,3918;3784;3832;4236;2821;2820;1572;2746;2967;3188;2152;2841;764;880;778;1618,7.0,0.0,10575.9,0,0,0,0,0,0.0,0,0,0,0,0,0,0,0,0.0,0,0,0,0,0,0.0,0.0,0.0,0,0,0,40.1,10.1,21.51,0.39,37.47,28.3,63.4,99.99359222991819,15.8170579202458,25.872882307465396,30.303061711254404,1.1146675418699703,1803.8168249660787,0.0,0.0,36.944277840584334,0.0,45.41202057167069,14.1,91.5,0.0,0.0,0.0,450.0,10575.9,0.0,0.0,18.137,8.17,26.307,58.072,3.717,22.59,emon,0.642,0.558,95.9,44.9,2.137
2026-09-29 23:00:21.868,15.3,0,95,22;39;9;95;0;0;0;20;0;0;0;18;0;0;12;28,830,4219,3775;3717;3785;4219;2786;3110;1874;2788;3110;2892;2021;2832;1246;1080;830;1701,7.0,0.0,10575.9,0,0,0,0,0,0.0,0,0,0,0,0,0,0,0,0.0,0,0,0,0,0,0.0,0.0,0.0,0,0,0,40.1,10.1,21.51,0.39,37.47,28.3,63.4,100.00082584260419,12.981287390957016,27.925308372000387,28.204800258722397,1.0786248994528405,1801.4071526822559,0.0,0.0,37.75142469035271,0.0,44.64785361537811,14.1,92.0,0.0,0.0,0.0,450.0,10575.9,0.0,0.0,18.137,8.17,26.307,58.072,3.717,22.59,emon,0.642,0.558,95.9,44.9,2.137
2026-09-29 23:00:22.869,15.7,0,84,19;43;8;84;2;0;0;30;3;0;0;31;2;0;6;23,808,4227,3921;3777;3763;4227;3277;3233;2073;2788;3168;2857;1766;2834;1231;814;808;1666,7.1,0.0,10581.7,0,0,0,0,0,0.0,0,0,0,0,0,0,0,0,0.0,0,0,0,0,0,0.0,0.0,0.0,0,0,0,41.1,10.1,21.51,0.39,37.47,28.3,63.4,100.00115629381395,16.035735665408655,26.28518488432166,30.146555949931383,1.1395797809361958,1799.984251968504,0.0,0.0,39.16820246812073,0.0,44.18934135799552,14.1,91.0,0.0,0.0,0.0,450.0,10575.9,0.0,0.0,18.137,8.17,26.307,58.072,3.717,22.59,emon,0.642,0.558,95.9,44.9,2.137
2026-09-29 23:00:23.869,15.7,0,89,20;46;5;89;2;0;0;27;5;0;0;23;0;0;14;20,844,4259,3878;3778;3903;4259;3088;3226;3082;2855;3087;3178;3092;2826;1190;1137;844;1549,5.6,0.0,10575.9,0,0,0,0,0,0.0,0,0,0,0,0,0,0,0,0.0,0,0,0,0,0,0.0,0.0,0.0,0,0,0,41.1,9.83,20.96,0.39,36.83,28.3,63.4,99.99979427088977,15.914516646337493,26.06956563338162,30.147760192828766,1.1515238548663862,1801.8432732316228,0.0,0.0,37.905528055299875,0.0,44.87918746933406,14.1,92.0,0.0,0.0,0.0,450.0,10575.9,0.0,0.0,18.137,8.17,26.307,58.072,3.717,22.59,emon,0.642,0.558,95.9,44.9,2.137
2026-09-29 23:00:24.869,15.3,0,92,22;43;9;92;0;0;0;25;0;2;0;22;0;0;6;23,657,4283,4018;3711;3810;4283;3205;2887;1298;2830;3097;2698;2184;2841;1265;657;703;1676,6.8,0.0,10575.9,0,0,0,0,0,0.0,0,0,0,0,0,0,0,0,0.0,0,0,0,0,0,0.0,0.0,0.0,0,0,0,41.1,9.83,20.96,0.39,36.83,28.2,63.4,99.99816246247023,14.150068024822165,26.59041994709647,29.872597779586826,1.142870791501276,1799.0,0.0,0.0,37.81955784252188,0.0,45.44843600875486,14.1,91.3,0.0,0.0,0.0,450.0,10575.9,0.0,0.0,18.137,8.17,26.307,58.072,3.717,22.59,emon,0.642,0.558,95.9,44.9,2.137
2026-09-29 23:00:25.870,14.8,0,91,25;39;5;91;0;0;0;28;2;0;0;20;0;3;6;18,736,4187,3917;3773;3667;4187;2984;2834;2203;2835;3158;3110;2716;2824;990;1169;736;1638,5.7,0.0,10575.9,0,0,0,0,0,0.0,0,0,0,0,0,0,0,0,0.0,0,0,0,0,0,0.0,0.0,0.0,0,0,0,41.1,9.83,20.96,0.39,36.83,28.2,63.4,100.00131774366947,15.804431226893797,25.71583774890977,30.077148697475995,1.1319628761568787,1799.0,0.0,0.0,37.71776377885099,0.0,44.62618967403631,14.1,92.0,0.0,0.0,0.0,450.0,10575.9,0.0,0.0,18.137,8.17,26.307,58.072,3.717,22.59,emon,0.642,0.558,95.9,44.9,2.137
2026-09-29 23:00:26.870,15.1,0,92,28;31;13;92;3;0;0;28;2;0;0;22;2;0;9;13,738,4242,3982;3780;4019;4242;2933;2937;2127;2910;3047;3081;2821;2867;817;856;738;1340,7.1,0.0,10575.9,0,0,0,0,0,0.0,0,0,0,0,0,0,0,0,0.0,0,0,0,0,0,0.0,0.0,0.0,0,0,0,41.1,9.83,20.96,0.39,36.83,28.2,63.4,99.99723410008677,15.34294125323202,26.40969298144901,29.400541381691234,1.1684250913684735,1804.7103064066853,0.0,0.0,37.38606738195395,0.0,45.21319512509713,14.1,91.1,0.0,0.0,0.0,450.0,10575.9,0.0,0.0,18.137,8.17,26.307,58.072,3.717,22.59,emon,0.642,0.558,95.9,44.9,2.137
2026-09-29 23:00:27.871,15.7,0,92,20;45;8;92;2;0;0;23;5;0;0;28;0;0;9;19,733,4246,4055;3777;3928;4246;3169;3007;2880;2808;3149;2791;2629;2890;733;1053;760;1590,7.1,0.0,10575.9,0,0,0,0,0,0.0,0,0,0,0,0,0,0,0,0.0,0,0,0,0,0,0.0,0.0,0.0,0,0,0,41.1,9.95,21.43,0.39,37.2,28.2,63.4,100.00051355298275,15.673040367524887,26.368227345602854,29.512654600120356,1.1953408334613125,1799.667556742323,0.0,0.0,38.636239247275974,0.0,44.55451827780704,14.1,91.9,0.0,0.0,0.0,450.0,10575.9,0.0,0.0,18.137,8.17,26.307,58.072,3.717,22.59,emon,0.642,0.558,95.9,44.9,2.137
2026-09-29 23:00:28.871,15.1,0,94,26;34;6;94;3;0;0;23;0;0;0;20;0;0;6;28,818,4257,3948;3784;3955;4257;3124;2469;2753;2779;3119;2819;1572;2741;1366;818;858;1539,5.4,0.0,10575.9,0,0,0,0,0,0.0,0,0,0,0,0,0,0,0,0.0,0,0,0,0,0,0.0,0.0,0.0,0,0,0,42.1,9.95,21.43,0.39,37.2,28.2,63.4,100.00104891316275,13.060775133603242,26.975595719358893,27.79904809376497,1.2158076393046369,1802.862359550562,0.0,0.0,35.301112701385506,0.0,45.471953705998644,14.1,91.4,0.0,0.0,0.0,450.0,10575.9,0.0,0.0,20.793,7.602,28.395,50.812,3.252,25.143,emon,0.625,0.584,83.1,39.0,2.133
2026-09-29 23:00:29.872,14.7,0,91,22;42;10;91;0;0;0;27;2;0;0;20;0;0;3;20,765,4216,3930;3809;3943;4216;2870;2103;2432;2853;3204;2838;3074;2825;1607;942;765;1613,7.1,0.0,10575.9,0,0,0,0,0,0.0,0,0,0,0,0,0,0,0,0.0,0,0,0,0,0,0.0,0.0,0.0,0,0,0,42.1,9.95,21.43,0.39,37.2,28.2,63.4,100.00024757490924,15.51688688797902,26.231650704657273,29.921889404820437,1.118237584903501,1801.2160664819944,0.0,0.0,36.87818317164678,0.0,45.41211840780735,14.1,91.7,0.0,0.0,0.0,450.0,10575.9,0.0,0.0,20.793,7.602,28.395,50.812,3.252,25.143,emon,0.625,0.584,83.1,39.0,2.133
2026-09-29 23:00:30.872,14.4,0,94,11;35;9;94;5;0;0;23;3;2;0;16;0;0;6;27,739,4227,3808;3731;3784;4227;3022;1461;1667;2828;3146;2821;1874;2850;999;1231;739;1550,7.1,0.0,10575.9,0,0,0,0,0,0.0,0,0,0,0,0,0,0,0,0.0,0,0,0,0,0,0.0,0.0,0.0,0,0,0,41.1,9.95,21.43,0.39,37.2,28.2,63.4,99.99880801867641,15.532789924456985,24.72620206133237,28.438267299342474,1.1405294227341196,1805.406685236769,0.0,0.0,37.513236428925204,0.0,45.071108482487624,14.1,91.8,0.0,0.0,0.0,450.0,10575.9,0.0,0.0,20.793,7.602,28.395,50.812,3.252,25.143,emon,0.625,0.584,83.1,39.0,2.133
2026-09-29 23:00:31.873,15.3,0,84,25;47;11;84;0;0;0;23;3;2;0;23;3;0;6;18,773,4233,3932;3762;3826;4233;3103;3226;3188;2863;3247;3104;2756;2896;1040;822;773;1632,6.8,0.0,10575.9,0,0,0,0,0,0.0,0,0,0,0,0,0,0,0,0.0,0,0,0,0,0,0.0,0.0,0.0,0,0,0,41.1,9.92,21.39,0.39,37.15,28.2,63.4,99.86567649934285,13.346855711129631,29.58722147694205,30.54274534368706,1.205635066382836,1803.5961002785516,0.0,0.0,37.77725945013215,0.0,45.06889665732459,14.1,91.1,0.0,0.0,0.0,450.0,10575.9,0.0,0.0,20.793,7.602,28.395,50.812,3.252,25.143,emon,0.625,0.584,83.1,39.0,2.133
2026-09-29 23:00:32.880,15.7,0,89,17;61;5;89;0;0;0;23;5;0;0;18;0;0;15;18,981,4181,3909;3871;3933;4181;2969;3020;3230;2931;3079;3051;2352;2948;1440;981;1035;1551,100.0,0.0,10576.8,0,0,0,0,0,0.0,0,0,0,0,0,0,0,0,0.0,0,0,0,0,0,0.0,0.0,0.0,0,0,0,42.1,9.92,21.39,0.39,37.15,28.4,63.4,98.44099411906966,9.943706503213997,33.46667983026868,33.232694262937905,14.146129283850664,1799.0,0.0,0.0,36.32824152034528,0.0,44.00329968687768,14.0,90.9,0.0,0.0,0.0,450.0,10576.9,0.0,0.0,20.793,7.602,28.395,50.812,3.252,25.143,emon,0.625,0.584,83.1,39.0,2.133
2026-09-29 23:00:33.880,17.6,0,84,40;35;9;84;0;0;0;32;8;2;0;31;0;0;9;31,752,4188,3979;3899;3857;4188;3157;3262;3199;2863;3110;3213;3054;2987;1048;941;752;1597,99.0,0.0,10576.9,0,0,0,0,0,0.0,0,0,0,0,0,0,0,0,0.0,0,0,0,0,0,0.0,0.0,0.0,0,0,0,42.1,9.92,21.39,0.39,37.15,28.2,63.4,98.8059887389342,10.046037762030029,35.70590836668594,35.042694554157144,13.769374743591955,1799.0,0.0,0.0,36.00858133002961,0.0,44.52950479984915,13.9,90.3,0.0,0.0,0.0,450.0,10576.9,0.0,0.0,20.793,7.602,28.395,50.812,3.252,25.143,emon,0.625,0.584,83.1,39.0,2.133
2026-09-29 23:00:34.881,17.8,0,92,27;63;9;92;0;0;0;27;5;2;0;25;3;2;8;22,821,4189,3940;3874;4027;4189;3187;2705;2145;2902;3128;1830;3260;2949;821;1323;878;1313,94.1,0.0,10576.9,0,0,0,0,0,0.0,0,0,0,0,0,0,0,0,0.0,0,0,0,0,0,0.0,0.0,0.0,0,0,0,42.1,9.92,21.39,0.39,37.15,28.2,63.4,98.58885667793243,10.177506320819338,34.92330995736671,34.944528348191604,13.912151636482077,1799.0,0.0,0.0,37.94357984447185,0.0,42.905398613634496,14.0,91.1,0.0,0.0,0.0,450.0,10576.9,0.0,0.0,20.793,7.602,28.395,50.812,3.252,25.143,emon,0.625,0.584,83.1,39.0,2.133
2026-09-29 23:00:35.881,17.0,0,88,29;42;6;88;3;2;2;30;5;2;2;30;5;0;8;22,739,4190,3975;3920;3823;4190;3278;3142;3180;2842;3202;3158;2955;2940;1189;1791;739;1651,97.0,0.0,10576.9,0,0,0,0,0,0.0,0,0,0,0,0,0,0,0,0.0,0,0,0,0,0,0.0,0.0,0.0,0,0,0,42.1,11.98,13.25,0.39,35.05,28.3,63.4,98.67540070895225,10.049415777389822,34.81108924954809,34.633801851381534,13.721373560536557,1799.0,0.0,0.0,35.94283831801099,0.0,44.584188135518595,13.9,90.1,0.0,0.0,0.0,450.0,10576.9,0.0,0.0,20.793,7.602,28.395,50.812,3.252,25.143,emon,0.625,0.584,83.1,39.0,2.133
2026-09-29 23:00:36.882,16.1,0,89,27;49;5;89;8;0;0;19;5;2;0;22;0;0;3;31,906,4193,4001;3916;3991;4193;3171;3116;2692;2889;2980;2785;2990;2912;1068;906;914;1478,97.3,0.0,10576.9,0,0,0,0,0,0.0,0,0,0,0,0,0,0,0,0.0,0,0,0,0,0,0.0,0.0,0.0,0,0,0,42.1,11.98,13.25,0.39,35.05,28.2,63.4,98.80649345880562,9.968377687074595,35.21095790346009,34.90412786282088,13.634196546204278,1799.0,0.0,0.0,36.64190132512453,0.0,44.236564836243026,13.9,91.1,0.0,0.0,0.0,450.0,10576.9,0.0,0.0,20.793,7.602,28.395,50.812,3.252,25.143,emon,0.625,0.584,83.1,39.0,2.133
2026-09-29 23:00:37.883,17.7,0,97,35;42;11;97;2;0;0;36;5;2;0;23;2;2;9;19,778,4233,3905;3859;3959;4233;3251;2801;1689;2961;3111;3070;1807;2970;858;1010;778;1388,96.7,0.0,10576.9,0,0,0,0,0,0.0,0,0,0,0,0,0,0,0,0.0,0,0,0,0,0,0.0,0.0,0.0,0,0,0,43.1,11.98,13.25,0.39,35.05,28.2,63.4,98.67703483967071,9.6573264446347,32.89322041595315,31.591324457849197,13.501243419353642,1799.0,0.0,0.0,37.821341719087634,0.0,43.83684177574107,13.9,90.1,0.0,0.0,0.0,450.0,10576.9,0.0,0.0,20.793,7.602,28.395,50.812,3.252,25.143,emon,0.625,0.584,83.1,39.0,2.133
2026-09-29 23:00:38.883,19.1,2,91,44;38;17;91;14;3;2;14;15;6;2;14;15;3;8;19,808,4137,3923;3887;3702;4137;3058;3264;3217;2845;3017;3188;3301;2901;1635;1549;808;1632,97.8,0.0,10586.7,0,0,0,0,0,0.0,0,0,0,0,0,0,0,0,0.0,0,0,0,0,0,0.0,0.0,0.0,0,0,0,43.1,11.98,13.25,0.39,35.05,28.2,63.4,98.6300515409657,9.97971956114469,35.47839907508338,35.19282313438588,13.729543442904635,1799.0,0.0,0.0,35.85515564396323,0.0,44.619035204953,14.0,91.0,0.0,0.0,0.0,450.0,10586.7,0.0,0.0,20.793,7.602,28.395,50.812,3.252,25.143,emon,0.625,0.584,83.1,39.0,2.133
2026-09-29 23:00:39.909,16.0,0,89,42;38;9;89;20;0;0;0;18;4;3;0;26;0;4;2,855,4215,3866;3984;4082;4215;2901;3084;3394;2586;2967;3222;3357;3209;1711;1827;920;855,96.2,0.0,10580.9,0,0,0,0,0,0.0,0,0,0,0,0,0,0,0,0.0,0,0,0,0,0,0.0,0.0,0.0,0,0,0,44.1,12.49,11.98,0.39,35.01,28.4,63.4,98.5558311262735,10.064646353762976,34.755058027660226,33.711172967861835,14.27988548825858,1799.0,0.0,0.0,37.50003171675856,0.0,44.286920956925435,14.0,91.0,0.0,0.0,0.0,450.0,10580.9,0.0,0.0,20.793,7.602,28.395,50.812,3.252,25.143,emon,0.625,0.584,83.1,39.0,2.133
2026-09-29 23:00:40.909,19.9,0,92,42;41;21;92;23;9;5;0;31;12;2;2;34;0;3;2,823,4155,3891;3976;3845;4155;2952;3077;2314;3054;2868;2771;3310;3170;1541;1758;823;921,96.2,0.0,10580.9,0,0,0,0,0,0.0,0,0,0,0,0,0,0,0,0.0,0,0,0,0,0,0.0,0.0,0.0,0,0,0,43.1,12.49,11.98,0.39,35.01,28.3,63.4,98.84149447176986,10.276417070444506,36.59604549558394,36.21088546541193,14.64787031133904,1799.0,0.0,0.0,37.00174431614883,0.0,44.150476545624066,13.9,90.2,0.0,0.0,0.0,450.0,10576.9,0.0,0.0,101.053,3.341,104.394,60.769,3.889,100.505,emon,0.549,0.404,144.9,67.8,2.138
2026-09-29 23:00:41.909,18.1,0,89,41;46;12;89;25;2;0;0;29;14;3;0;18;0;9;0,817,4222,3937;3956;4020;4222;2882;3052;3040;2448;2945;3187;3291;3016;1486;1020;817;841,90.5,0.0,10576.9,0,0,0,0,0,0.0,0,0,0,0,0,0,0,0,0.0,0,0,0,0,0,0.0,0.0,0.0,0,0,0,43.1,12.49,11.98,0.39,35.01,28.0,63.4,98.72527170636023,9.869315095234418,33.32990137396294,32.90387619545617,13.757051538426678,1799.0,0.0,0.0,37.37691435656477,0.0,44.49632841228339,14.0,91.0,0.0,0.0,0.0,450.0,10576.9,0.0,0.0,101.053,3.341,104.394,60.769,3.889,100.505,emon,0.549,0.404,144.9,67.8,2.138
2026-09-29 23:00:42.909,18.4,0,92,32;45;9;92;28;0;0;0;29;11;0;0;34;3;9;0,846,4201,3901;3977;3966;4201;2942;3119;3300;2831;2919;3055;3284;3180;1752;908;846;1389,99.6,0.0,9539.8,0,0,0,0,0,0.0,0,0,0,0,0,0,0,0,0.0,0,0,0,0,0,0.0,0.0,0.0,0,0,0,43.1,12.49,11.98,0.39,35.01,27.6,63.4,98.68824532844137,9.733636045785383,35.62839497964818,34.456735806120754,13.315182456257466,1799.0,0.0,0.0,37.23386839800992,0.0,44.27160046570185,14.0,90.5,0.0,0.0,0.0,450.0,9534.1,0.0,0.0,101.053,3.341,104.394,60.769,3.889,100.505,emon,0.549,0.404,144.9,67.8,2.138
2026-09-29 23:00:43.910,15.2,0,91,37;31;11;91;14;0;0;0;20;3;2;0;26;0;9;0,862,4223,3822;3910;4004;4223;2878;3081;2628;2960;2926;2966;3194;2854;1578;1309;862;1007,96.8,0.0,9534.1,0,0,0,0,0,0.0,0,0,0,0,0,0,0,0,0.0,0,0,0,0,0,0.0,0.0,0.0,0,0,0,43.1,12.86,11.96,0.39,35.45,27.6,63.4,98.82156379984066,10.0857245103219,35.30457168691772,35.44800094400864,14.176423429837811,1799.0,0.0,0.0,36.312344699119556,0.0,44.666890138377276,13.9,91.2,0.0,0.0,0.0,450.0,9534.1,0.0,0.0,101.053,3.341,104.394,60.769,3.889,100.505,emon,0.549,0.404,144.9,67.8,2.138
2026-09-29 23:00:44.911,15.7,0,80,30;42;8;80;25;3;0;0;19;3;0;0;34;3;5;0,802,4184,3814;3929;3910;4184;2885;3312;2502;2785;2872;3158;3224;2939;1747;1575;975;802,96.5,0.0,9538.2,0,0,0,0,0,0.0,0,0,0,0,0,0,0,0,0.0,0,0,0,0,0,0.0,0.0,0.0,0,0,0,42.1,12.86,11.96,0.39,35.45,27.4,63.4,99.06078607027604,9.873960970321159,33.70987296067256,33.19914607315504,13.025854281793839,1799.0,0.0,0.0,37.8602633116609,0.0,43.90254272869494,13.9,90.3,0.0,0.0,0.0,450.0,9538.2,0.0,0.0,101.053,3.341,104.394,60.769,3.889,100.505,emon,0.549,0.404,144.9,67.8,2.138
2026-09-29 23:00:45.911,15.9,0,86,35;37;11;86;22;0;0;0;28;3;0;0;30;0;3;0,810,4183,3823;3944;3998;4183;2942;3235;2693;2979;2881;3245;2958;3345;1739;1340;858;810,91.4,0.0,9538.2,0,0,0,0,0,0.0,0,0,0,0,0,0,0,0,0.0,0,0,0,0,0,0.0,0.0,0.0,0,0,0,43.1,12.86,11.96,0.39,35.45,27.4,63.4,98.29820344801787,10.106725468513124,35.926179801033946,35.2345508153622,14.396865985927795,1799.0,0.0,0.0,38.63708170375641,0.0,43.47665027682772,14.0,91.4,0.0,0.0,0.0,450.0,9538.2,0.0,0.0,101.053,3.341,104.394,60.769,3.889,100.505,emon,0.549,0.404,144.9,67.8,2.138
2026-09-29 23:00:46.935,22.6,4,86,48;42;24;86;35;6;12;6;20;15;8;4;35;6;8;8,1401,4128,3843;3948;3868;4128;3040;3278;3284;3270;2979;3296;3295;3261;1938;2280;1401;2473,100.0,0.0,9534.1,0,0,0,0,0,0.0,0,0,0,0,0,0,0,0,0.0,0,0,0,0,0,0.0,0.0,0.0,0,0,0,44.1,12.64,11.96,0.39,35.24,27.5,63.4,98.94991100494035,10.254899583306972,35.939937154612885,35.59232478998049,14.525642588049017,1799.0,0.0,0.0,37.96845539759024,0.0,44.10149704890449,13.9,90.2,0.0,0.0,0.0,450.0,9540.0,0.0,0.0,101.053,3.341,104.394,60.769,3.889,100.505,emon,0.549,0.404,144.9,67.8,2.138
2026-09-29 23:00:47.936,17.8,0,88,47;46;9;88;22;5;0;0;22;8;3;0;25;3;8;0,868,4168,3912;4031;3875;4168;2966;3240;3349;3147;2924;3065;2672;3178;1737;2030;868;1197,96.8,0.0,9534.1,0,0,0,0,0,0.0,0,0,0,0,0,0,0,0,0.0,0,0,0,0,0,0.0,0.0,0.0,0,0,0,44.1,12.64,11.96,0.39,35.24,27.4,63.4,98.98224197152189,9.447591811985289,34.03885424778553,32.71372137678499,12.244742202480909,1799.0,0.0,0.0,37.08649193191095,0.0,43.90603926947527,14.0,91.3,0.0,0.0,0.0,450.0,9534.1,0.0,0.0,101.053,3.341,104.394,60.769,3.889,100.505,emon,0.549,0.404,144.9,67.8,2.138
2026-09-29 23:00:48.937,16.3,0,89,43;33;11;89;22;2;0;2;22;6;0;0;25;2;6;0,839,4182,3861;3938;3846;4182;2888;3178;2841;3153;2987;3193;3004;2879;1633;1139;839;916,99.0,0.0,9534.1,0,0,0,0,0,0.0,0,0,0,0,0,0,0,0,0.0,0,0,0,0,0,0.0,0.0,0.0,0,0,0,44.1,12.64,11.96,0.39,35.24,27.2,63.4,98.39451940650062,9.922676765240215,33.19420402278274,32.61676209814171,14.416014306485893,1799.0,0.0,0.0,38.34654221512158,0.0,43.9177370452329,13.9,90.4,0.0,0.0,0.0,450.0,9534.1,0.0,0.0,101.053,3.341,104.394,60.769,3.889,100.505,emon,0.549,0.404,144.9,67.8,2.138
2026-09-29 23:00:49.937,17.5,0,94,44;31;6;94;25;3;2;0;25;6;2;0;31;0;9;2,784,4188,3827;3953;3873;4188;2917;3056;2557;2698;2928;3184;2867;2566;1694;1061;784;945,99.0,0.0,9534.1,0,0,0,0,0,0.0,0,0,0,0,0,0,0,0,0.0,0,0,0,0,0,0.0,0.0,0.0,0,0,0,42.1,12.64,11.96,0.39,35.24,27.2,63.4,98.36884278269177,10.07442780177415,34.34029597846846,34.678679172519715,13.322107580061447,1799.0,0.0,0.0,36.27954818481581,0.0,44.09406819168803,13.9,90.3,0.0,0.0,0.0,450.0,9534.1,0.0,0.0,101.053,3.341,104.394,60.769,3.889,100.505,emon,0.549,0.404,144.9,67.8,2.138
2026-09-29 23:00:50.938,16.9,0,92,32;28;9;92;30;6;0;0;30;8;0;2;23;3;8;0,831,4199,3808;3947;3902;4199;2843;2795;2975;2471;2905;3142;3084;3295;1560;1019;831;926,99.4,0.0,9534.1,0,0,0,0,0,0.0,0,0,0,0,0,0,0,0,0.0,0,0,0,0,0,0.0,0.0,0.0,0,0,0,42.1,12.32,11.86,0.39,34.84,27.2,63.4,98.0151103180431,9.777750936712977,32.78304165062134,32.782160074758785,13.439348819571732,1799.0,0.0,0.0,36.282580103964186,0.0,43.932228053236024,14.0,91.2,0.0,0.0,0.0,450.0,9534.1,0.0,0.0,101.053,3.341,104.394,60.769,3.889,100.505,emon,0.549,0.404,144.9,67.8,2.138
2026-09-29 23:00:51.938,17.0,0,96,38;36;6;96;31;2;0;0;25;3;2;0;23;0;12;0,772,4188,3887;3953;3922;4188;2860;3342;3331;3119;2938;3151;3182;3070;1613;1207;772;1479,96.9,0.0,9534.1,0,0,0,0,0,0.0,0,0,0,0,0,0,0,0,0.0,0,0,0,0,0,0.0,0.0,0.0,0,0,0,42.1,12.32,11.86,0.39,34.84,27.2,63.4,98.56182130262474,9.688155993644187,34.354057013785116,33.47272319590968,12.863706573395346,1799.0,0.0,0.0,37.7269781689704,0.0,44.161521420055884,13.9,90.0,0.0,0.0,0.0,450.0,9534.1,0.0,0.0,100.542,3.443,103.984,64.726,4.142,99.842,emon,0.551,0.44,144.9,67.9,2.132
2026-09-29 23:00:52.939,18.7,0,94,39;38;14;94;34;3;0;0;28;8;0;0;28;2;12;0,843,4179,3850;4015;4003;4179;2898;3352;2259;2315;2948;3157;2137;2967;1712;1254;843;870,96.3,0.0,9534.1,0,0,0,0,0,0.0,0,0,0,0,0,0,0,0,0.0,0,0,0,0,0,0.0,0.0,0.0,0,0,0,43.1,12.32,11.86,0.39,34.84,27.2,63.4,98.46565198003447,10.102234662522939,35.262548125980686,35.281241710587395,14.273282006899633,1799.0,0.0,0.0,38.00656125867919,0.0,44.18825572698319,13.9,90.9,0.0,0.0,0.0,450.0,9534.1,0.0,0.0,100.542,3.443,103.984,64.726,4.142,99.842,emon,0.551,0.44,144.9,67.9,2.132
2026-09-29 23:00:53.959,16.4,0,88,44;36;12;88;23;3;0;0;27;3;0;0;21;2;3;0,918,4173,3827;3959;3956;4173;2860;3156;3287;3114;2940;3046;3113;2340;1677;1068;918;1209,89.4,0.0,9534.1,0,0,0,0,0,0.0,0,0,0,0,0,0,0,0,0.0,0,0,0,0,0,0.0,0.0,0.0,0,0,0,42.1,12.32,11.86,0.39,34.84,27.4,63.4,98.74570465868524,9.741612398623404,33.937700935958354,33.586451864462106,12.596220839692414,1799.0,0.0,0.0,36.60661069668911,0.0,44.146650499401005,13.9,90.0,0.0,0.0,0.0,450.0,9534.1,0.0,0.0,100.542,3.443,103.984,64.726,4.142,99.842,emon,0.551,0.44,144.9,67.9,2.132
2026-09-29 23:00:54.960,17.3,0,83,39;41;8;83;30;4;0;0;34;6;2;0;22;0;9;0,861,4164,3894;3938;3906;4164;2882;3273;2405;2058;2825;3077;3250;3046;1442;1084;861;974,98.2,0.0,9534.1,0,0,0,0,0,0.0,0,0,0,0,0,0,0,0,0.0,0,0,0,0,0,0.0,0.0,0.0,0,0,0,42.1,12.43,11.96,0.39,35.01,27.2,63.4,98.76299756964048,10.249827617871214,35.00494122621086,35.09363048029029,14.067555253521682,1799.0,0.0,0.0,36.69569223679686,0.0,44.524589382141556,14.0,91.1,0.0,0.0,0.0,450.0,9534.1,0.0,0.0,100.542,3.443,103.984,64.726,4.142,99.842,emon,0.551,0.44,144.9,67.9,2.132
2026-09-29 23:00:55.960,16.3,0,83,39;31;11;83;30;0;0;0;32;5;0;0;22;2;6;0,903,4168,3801;3937;3900;4168;2886;3144;2972;2967;2904;3251;3065;2700;1676;1441;903;1052,91.2,0.0,9534.1,0,0,0,0,0,0.0,0,0,0,0,0,0,0,0,0.0,0,0,0,0,0,0.0,0.0,0.0,0,0,0,42.1,12.43,11.96,0.39,35.01,27.2,63.4,99.02351348547923,10.031499610596269,34.83253070005188,34.17446462914468,13.71242130343988,1799.0,0.0,0.0,39.27162388735639,0.0,43.468924294705666,14.0,90.3,0.0,0.0,0.0,450.0,9540.0,0.0,0.0,100.542,3.443,103.984,64.726,4.142,99.842,emon,0.551,0.44,144.9,67.9,2.132
2026-09-29 23:00:56.961,18.7,0,78,44;40;17;78;38;8;0;0;32;0;0;0;35;0;6;0,845,4157,3829;3956;3977;4157;2965;3217;2634;2627;2948;3189;3365;2901;1632;1044;845;1256,89.9,0.0,9534.1,0,0,0,0,0,0.0,0,0,0,0,0,0,0,0,0.0,0,0,0,0,0,0.0,0.0,0.0,0,0,0,43.1,12.43,11.96,0.39,35.01,27.2,63.4,98.87951483991411,10.341559998171094,35.97307057397233,35.3725444185651,14.198365463024029,1799.0,0.0,0.0,37.956014030366916,0.0,44.102672158830124,14.0,91.4,0.0,0.0,0.0,450.0,9534.1,0.0,0.0,100.542,3.443,103.984,64.726,4.142,99.842,emon,0.551,0.44,144.9,67.9,2.132
2026-09-29 23:00:57.962,16.0,0,88,29;46;12;88;27;5;0;0;20;5;0;3;16;2;5;0,613,4216,3819;3980;3898;4216;2898;3115;2777;2970;2882;3127;2909;3090;1667;830;733;613,88.3,0.0,9540.0,0,0,0,0,0,0.0,0,0,0,0,0,0,0,0,0.0,0,0,0,0,0,0.0,0.0,0.0,0,0,0,44.1,12.43,11.96,0.39,35.01,27.2,63.4,98.58158980873252,9.653418201396377,32.20556905618482,31.788028627336924,13.369520031361736,1799.0,0.0,0.0,36.38431980735597,0.0,43.77879223673125,13.9,90.3,0.0,0.0,0.0,450.0,9534.1,0.0,0.0,100.542,3.443,103.984,64.726,4.142,99.842,emon,0.551,0.44,144.9,67.9,2.132
2026-09-29 23:00:58.962,17.1,0,94,32;45;8;94;36;3;0;0;19;5;2;0;30;0;2;0,910,4181,3802;3954;3946;4181;2856;3189;2895;3129;2914;3134;2671;2546;1779;1115;910;1703,88.3,0.0,9540.0,0,0,0,0,0,0.0,0,0,0,0,0,0,0,0,0.0,0,0,0,0,0,0.0,0.0,0.0,0,0,0,43.1,12.32,12.0,0.39,35.0,27.2,63.4,98.30461544145267,9.988767908011464,35.86703478249549,35.07614567436288,14.161640465225682,1799.0,0.0,0.0,38.06398231045756,0.0,43.92301910014144,14.0,91.0,0.0,0.0,0.0,450.0,9534.1,0.0,0.0,100.542,3.443,103.984,64.726,4.142,99.842,emon,0.551,0.44,144.9,67.9,2.132
2026-09-29 23:00:59.963,16.7,0,88,41;23;12;88;28;2;0;0;30;9;0;0;31;0;3;0,946,4184,3849;3903;3983;4184;2864;3225;2770;2821;2923;3163;3185;2792;1750;1344;946;1082,90.9,0.0,9534.1,0,0,0,0,0,0.0,0,0,0,0,0,0,0,0,0.0,0,0,0,0,0,0.0,0.0,0.0,0,0,0,42.1,12.32,12.0,0.39,35.0,27.2,63.4,99.29502681346136,10.184054592788002,35.19250618996776,34.27464235940087,13.685490295000761,1799.0,0.0,0.0,38.66950687833878,0.0,44.02097820558742,13.9,91.1,0.0,0.0,0.0,450.0,9538.2,0.0,0.0,100.542,3.443,103.984,64.726,4.142,99.842,emon,0.551,0.44,144.9,67.9,2.132
2026-09-29 23:01:00.963,18.6,0,91,44;38;9;91;32;3;0;0;23;11;0;0;35;2;10;0,867,4175,3832;3875;3902;4175;2888;2631;3331;2353;2788;2887;3150;3337;1590;1584;867;996,100.0,0.0,9538.2,0,0,0,0,0,0.0,0,0,0,0,0,0,0,0,0.0,0,0,0,0,0,0.0,0.0,0.0,0,0,0,42.1,12.32,12.0,0.39,35.0,27.2,63.4,98.75845314845566,9.726886758827105,34.27060942150673,32.98499858574352,12.89952643037233,1799.0,0.0,0.0,37.095845377880224,0.0,44.01432538597607,13.9,90.2,0.0,0.0,0.0,450.0,9538.2,0.0,0.0,100.542,3.443,103.984,64.726,4.142,99.842,emon,0.551,0.44,144.9,67.9,2.132
2026-09-29 23:01:01.964,17.1,0,91,41;36;9;91;28;0;0;0;20;3;2;0;31;0;12;0,755,4164,3763;3948;3834;4164;2891;3205;2796;1926;2943;3031;2993;3047;1821;911;791;755,98.9,0.0,9538.2,0,0,0,0,0,0.0,0,0,0,0,0,0,0,0,0.0,0,0,0,0,0,0.0,0.0,0.0,0,0,0,42.1,12.32,12.0,0.39,35.0,27.2,63.4,98.9558219815307,10.536106472812099,33.98443469835696,34.413387618267215,15.430050278522426,1799.0,0.0,0.0,39.246811485277384,0.0,43.617484837231295,14.0,91.1,0.0,0.0,0.0,450.0,9534.1,0.0,0.0,100.542,3.443,103.984,64.726,4.142,99.842,emon,0.551,0.44,144.9,67.9,2.132
2026-09-29 23:01:02.965,15.7,0,89,40;44;8;89;23;2;0;0;25;0;0;0;20;0;0;0,804,4204,3877;4001;4020;4204;2926;2547;3203;2376;2941;3144;3290;3078;1576;1057;804;843,98.0,0.0,9534.1,0,0,0,0,0,0.0,0,0,0,0,0,0,0,0,0.0,0,0,0,0,0,0.0,0.0,0.0,0,0,0,43.1,12.39,11.94,0.39,34.99,27.2,63.4,99.01487768230153,9.640537190848766,34.22269646301765,33.406490610702676,13.101893509040327,1799.0,0.0,0.0,37.473675059681575,0.0,44.028690637469545,13.9,90.1,0.0,0.0,0.0,450.0,9534.1,0.0,0.0,100.542,3.443,103.984,64.726,4.142,99.842,emon,0.551,0.44,144.9,67.9,2.132
2026-09-29 23:01:03.965,16.8,0,89,46;34;11;89;27;0;0;0;23;8;0;0;27;3;2;0,933,4212,3800;3857;3953;4212;2940;3238;2931;2851;2908;3068;3205;2895;1737;1352;933;1187,79.2,0.0,9534.1,0,0,0,0,0,0.0,0,0,0,0,0,0,0,0,0.0,0,0,0,0,0,0.0,0.0,0.0,0,0,0,42.1,12.39,11.94,0.39,34.99,27.2,63.4,98.78446164383493,10.124600780698737,34.780314343350874,34.684285172028154,13.615147737254327,1799.135685210312,0.0,0.0,37.76758737127074,0.0,44.044843157263,13.9,91.0,0.0,0.0,0.0,450.0,9534.1,0.0,0.0,101.12,3.184,104.304,67.405,4.314,99.99,emon,0.554,0.411,144.4,67.7,2.131
2026-09-29 23:01:04.966,17.2,0,88,44;33;11;88;34;2;0;0;31;2;0;0;22;0;9;0,773,4213,3894;3870;3962;4213;2952;3126;2898;3030;2923;2950;3010;3158;1464;1485;943;773,96.4,0.0,9534.1,0,0,0,0,0,0.0,0,0,0,0,0,0,0,0,0.0,0,0,0,0,0,0.0,0.0,0.0,0,0,0,43.1,12.39,11.94,0.39,34.99,27.2,63.4,98.3965783889781,10.188163927923718,33.88442386969672,33.62946641712722,13.829159762384723,1799.0,0.0,0.0,38.32800052606228,0.0,42.87921140901825,13.9,90.2,0.0,0.0,0.0,450.0,9534.1,0.0,0.0,101.12,3.184,104.304,67.405,4.314,99.99,emon,0.554,0.411,144.4,67.7,2.131
2026-09-29 23:01:05.966,18.0,0,95,45;35;8;95;31;2;0;2;30;6;0;5;26;0;5;0,554,4159,3840;3960;3849;4159;2917;2597;3303;3211;2838;3177;3378;3081;1660;1544;863;554,96.9,0.0,9538.2,0,0,0,0,0,0.0,0,0,0,0,0,0,0,0,0.0,0,0,0,0,0,0.0,0.0,0.0,0,0,0,43.1,12.39,11.94,0.39,34.99,27.2,63.4,98.8401071483001,9.849222970634454,34.05005192437772,33.82325453579947,13.149876556462171,1799.0,0.0,0.0,37.3303300351419,0.0,44.08605337056813,13.9,91.1,0.0,0.0,0.0,450.0,9538.2,0.0,0.0,101.12,3.184,104.304,67.405,4.314,99.99,emon,0.554,0.411,144.4,67.7,2.131
2026-09-29 23:01:06.967,15.8,0,94,46;25;11;94;30;3;0;0;23;3;0;0;18;0;0;0,905,4187,3863;3963;3853;4187;2959;3323;2965;2928;2882;3201;3107;3028;1531;1227;905;1927,98.3,0.0,9538.2,0,0,0,0,0,0.0,0,0,0,0,0,0,0,0,0.0,0,0,0,0,0,0.0,0.0,0.0,0,0,0,43.1,12.34,11.99,0.39,34.99,27.2,63.4,99.08610719823513,10.378302081342197,34.0409544551479,34.06594582388469,15.107214214253164,1799.0,0.0,0.0,39.91967452403481,0.0,43.47495810444437,14.0,90.4,0.0,0.0,0.0,450.0,9538.2,0.0,0.0,101.12,3.184,104.304,67.405,4.314,99.99,emon,0.554,0.411,144.4,67.7,2.131
2026-09-29 23:01:07.967,17.3,0,81,47;40;10;81;30;2;0;0;27;5;3;0;25;2;6;0,1000,4145,3873;3956;4018;4145;2915;3317;2589;2063;2851;3198;2811;3273;1502;1676;1000;1114,100.0,0.0,9534.1,0,0,0,0,0,0.0,0,0,0,0,0,0,0,0,0.0,0,0,0,0,0,0.0,0.0,0.0,0,0,0,44.1,12.34,11.99,0.39,34.99,27.2,63.4,98.65989369284976,9.75975735073015,35.16391529228825,34.070779034042744,12.987229313743208,1799.0,0.0,0.0,36.27588518220288,0.0,45.42281890703654,14.0,91.1,0.0,0.0,0.0,450.0,9534.1,0.0,0.0,101.12,3.184,104.304,67.405,4.314,99.99,emon,0.554,0.411,144.4,67.7,2.131
2026-09-29 23:01:08.968,15.8,0,89,30;41;3;89;11;17;0;0;10;15;0;0;12;18;6;0,751,4170,3867;3898;3845;4170;2930;2898;3106;2428;2942;2981;3201;3222;1322;1400;751;1442,100.0,0.0,9534.1,0,0,0,0,0,0.0,0,0,0,0,0,0,0,0,0.0,0,0,0,0,0,0.0,0.0,0.0,0,0,0,42.1,12.34,11.99,0.39,34.99,27.2,63.4,98.94047077850774,10.078084976768043,33.54433190931193,32.47626484871695,13.726813085898494,1799.0,0.0,0.0,36.89097149635529,0.0,44.3545605630444,14.0,91.0,0.0,0.0,0.0,450.0,9534.1,0.0,0.0,101.12,3.184,104.304,67.405,4.314,99.99,emon,0.554,0.411,144.4,67.7,2.131
2026-09-29 23:01:09.968,17.1,0,91,25;53;12;91;0;25;0;0;0;25;11;0;0;25;5;2,877,4210,3961;3944;4074;4210;2890;2903;3191;3071;2678;2981;3031;2991;877;1522;895;1146,100.0,0.0,9534.1,0,0,0,0,0,0.0,0,0,0,0,0,0,0,0,0.0,0,0,0,0,0,0.0,0.0,0.0,0,0,0,42.1,12.34,11.99,0.39,34.99,27.2,63.4,98.3392211733998,9.941072265018377,34.80128350116156,34.707542909358764,13.102810852885103,1799.0,0.0,0.0,34.85183554621693,0.0,44.5571361076135,13.9,90.0,0.0,0.0,0.0,450.0,9534.1,0.0,0.0,101.12,3.184,104.304,67.405,4.314,99.99,emon,0.554,0.411,144.4,67.7,2.131
2026-09-29 23:01:10.969,15.9,0,98,18;40;8;98;0;20;4;0;0;20;12;0;2;26;5;0,866,4221,3971;3883;3896;4221;3007;2888;3095;3135;3202;2939;3138;3168;1813;1772;866;2020,98.2,0.0,9534.1,0,0,0,0,0,0.0,0,0,0,0,0,0,0,0,0.0,0,0,0,0,0,0.0,0.0,0.0,0,0,0,42.1,12.46,12.05,0.39,35.11,27.2,63.4,99.0172875835471,10.479606283772481,34.334001450342676,34.33476829553304,15.006770106688244,1799.0,0.0,0.0,37.86752177585835,0.0,43.77387794741457,13.9,90.9,0.0,0.0,0.0,450.0,9533.0,0.0,0.0,101.12,3.184,104.304,67.405,4.314,99.99,emon,0.554,0.411,144.4,67.7,2.131
2026-09-29 23:01:11.970,17.8,0,91,36;52;6;91;0;22;3;0;0;30;8;0;0;32;3;2,698,4208,3845;3863;3979;4208;2815;2927;3261;3034;2926;2916;3225;3013;698;1613;832;956,100.0,0.0,9533.0,0,0,0,0,0,0.0,0,0,0,0,0,0,0,0,0.0,0,0,0,0,0,0.0,0.0,0.0,0,0,0,43.1,12.46,12.05,0.39,35.11,27.2,63.4,98.70853649196381,10.25366785115487,35.38207382056994,35.550761425139044,13.578687817340512,1799.0,0.0,0.0,35.74602466609374,0.0,44.597206632234816,14.0,90.7,0.0,0.0,0.0,450.0,9533.0,0.0,0.0,101.12,3.184,104.304,67.405,4.314,99.99,emon,0.554,0.411,144.4,67.7,2.131
2026-09-29 23:01:12.971,16.4,0,92,31;41;12;92;0;30;3;0;0;22;8;0;0;23;0;0,782,4194,3927;3858;3988;4194;2024;2897;3017;2692;2755;2923;3219;2640;782;1757;974;1193,97.7,0.0,9533.3,0,0,0,0,0,0.0,0,0,0,0,0,0,0,0,0.0,0,0,0,0,0,0.0,0.0,0.0,0,0,0,43.1,12.46,12.05,0.39,35.11,27.2,63.4,98.0893684239361,9.80012090581693,34.3289958331838,33.99226860815982,13.105457714982863,1799.0,0.0,0.0,35.75874687400832,0.0,45.18345873489083,14.0,91.1,0.0,0.0,0.0,450.0,9533.3,0.0,0.0,101.12,3.184,104.304,67.405,4.314,99.99,emon,0.554,0.411,144.4,67.7,2.131
2026-09-29 23:01:13.971,16.9,0,94,14;58;11;94;0;22;2;0;0;22;5;0;0;30;14;0,777,4192,3915;3889;3986;4192;1559;2840;3193;2993;3193;2916;3163;2787;791;1544;777;860,97.4,0.0,9533.3,0,0,0,0,0,0.0,0,0,0,0,0,0,0,0,0.0,0,0,0,0,0,0.0,0.0,0.0,0,0,0,44.1,12.46,12.05,0.39,35.11,27.4,63.4,98.33217887290536,10.085223163041759,34.923602458712175,34.79311868270783,13.357519130768695,1799.0,0.0,0.0,36.20086561817491,0.0,43.91650137712022,13.9,90.2,0.0,0.0,0.0,450.0,9533.3,0.0,0.0,101.12,3.184,104.304,67.405,4.314,99.99,emon,0.554,0.411,144.4,67.7,2.131
2026-09-29 23:01:14.971,23.8,5,94,41;54;19;94;11;36;9;9;5;27;9;11;8;32;8;8,1731,4120,3969;3898;3851;4120;3312;3062;3285;3291;3303;3023;3270;3262;2492;1907;1731;2136,100.0,0.0,9537.3,0,0,0,0,0,0.0,0,0,0,0,0,0,0,0,0.0,0,0,0,0,0,0.0,0.0,0.0,0,0,0,45.1,12.45,12.12,0.39,35.24,27.3,63.4,98.23591947983583,9.470440123654916,33.90278096317817,33.96642776436542,12.991901522784877,1799.0,0.0,0.0,34.069775998666785,0.0,46.999726266682764,14.0,91.8,0.0,0.0,0.0,450.0,9537.3,0.0,0.0,100.718,3.423,104.141,60.846,3.894,100.247,emon,0.548,0.437,144.5,67.8,2.131
2026-09-29 23:01:15.972,11.7,0,71,21;30;3;71;0;28;0;0;0;16;0;0;0;19;0;0,908,4214,4013;3849;3998;4214;2373;2795;2789;2556;2226;2697;3024;2325;908;1686;938;916,31.1,0.0,9537.3,0,0,0,0,0,0.0,0,0,0,0,0,0,0,0,0.0,0,0,0,0,0,0.0,0.0,0.0,0,0,0,40.1,12.45,12.12,0.39,35.24,27.3,63.4,94.44979114333789,8.023010829522779,30.356143194933733,30.949188692953125,8.908973630958343,1775.4583333333333,0.0,0.0,20.282361215927327,0.0,53.482755419463004,11.6,74.0,0.0,0.0,0.0,450.0,9543.2,0.0,0.0,100.718,3.423,104.141,60.846,3.894,100.247,emon,0.548,0.437,144.5,67.8,2.131
2026-09-29 23:01:16.972,7.6,0,42,8;35;0;42;0;16;2;0;0;11;2;0;0;5;2;0,881,4427,4427;4030;4363;4331;3046;2641;2228;2581;3225;2531;2314;1407;941;1140;1127;881,11.3,0.0,9533.3,0,0,0,0,0,0.0,0,0,0,0,0,0,0,0,0.0,0,0,0,0,0,0.0,0.0,0.0,0,0,0,40.1,12.45,12.12,0.39,35.24,27.3,63.4,90.46748171209946,5.190828734241233,24.253651660182634,24.72346528668912,1.1175521939260444,1186.7521613832853,0.0,0.0,0.0,0.0,62.48550115070528,1.5,0.0,0.0,0.0,0.0,450.0,9533.3,0.0,0.0,100.718,3.423,104.141,60.846,3.894,100.247,emon,0.548,0.437,144.5,67.8,2.131
2026-09-29 23:01:17.972,7.2,0,37,2;37;2;28;0;18;3;0;0;9;0;0;2;12;0;2,1180,4457,4457;3996;4369;4245;3156;2447;2550;3243;2800;2512;2744;2887;1180;1788;1375;1448,11.3,0.0,9533.3,0,0,0,0,0,0.0,0,0,0,0,0,0,0,0,0.0,0,0,0,0,0,0.0,0.0,0.0,0,0,0,38.1,12.45,12.12,0.39,35.24,27.3,63.4,91.3820075358241,5.121736267217263,22.32423092051314,22.66542372099296,1.0300298662756482,1178.7520661157025,0.0,0.0,0.0,0.0,63.06697704626591,1.6,0.0,0.0,0.0,0.0,450.0,9533.3,0.0,0.0,100.718,3.423,104.141,60.846,3.894,100.247,emon,0.548,0.437,144.5,67.8,2.131
2026-09-29 23:01:18.972,7.9,0,48,3;38;2;48;0;14;0;0;0;20;0;0;0;2;0;0,924,4507,4453;4047;4507;4309;1642;2677;3044;3103;2992;2517;2951;2944;962;1230;924;927,9.6,0.0,9533.3,0,0,0,0,0,0.0,0,0,0,0,0,0,0,0,0.0,0,0,0,0,0,0.0,0.0,0.0,0,0,0,38.1,10.54,4.24,0.38,21.03,27.3,63.4,99.37908933385573,5.2441864690767135,24.27327869431493,24.79564168095251,1.115285419059585,1185.4022662889518,0.0,0.0,0.0,0.0,62.61375084519386,1.7,0.0,0.0,0.0,0.0,450.0,9533.3,0.0,0.0,100.718,3.423,104.141,60.846,3.894,100.247,emon,0.548,0.437,144.5,67.8,2.131
2026-09-29 23:01:19.973,8.2,0,52,5;26;0;52;0;20;0;0;0;23;0;0;0;4;0;0,995,4599,4299;4117;4599;4312;3302;2555;2955;3200;3143;2546;2873;3393;1041;1443;1045;995,11.6,0.0,9533.3,0,0,0,0,0,0.0,0,0,0,0,0,0,0,0,0.0,0,0,0,0,0,0.0,0.0,0.0,0,0,0,39.1,10.54,4.24,0.38,21.03,27.3,63.4,99.39433678474215,5.171476051002003,22.819123441178494,23.222506256084582,1.0977529001929374,1182.2872928176796,0.0,0.0,0.0,0.0,62.73209180777573,1.6,0.0,0.0,0.0,0.0,450.0,9533.3,0.0,0.0,100.718,3.423,104.141,60.846,3.894,100.247,emon,0.548,0.437,144.5,67.8,2.131
2026-09-29 23:01:20.978,11.7,0,66,11;44;8;66;0;20;0;0;0;27;4;0;0;8;0;0,694,4266,4228;3913;4091;4266;2980;2754;3028;3056;2194;2907;2894;2534;694;1393;950;989,11.3,0.0,9533.3,0,0,0,0,0,0.0,0,0,0,0,0,0,0,0,0.0,0,0,0,0,0,0.0,0.0,0.0,0,0,0,42.1,10.54,4.24,0.38,21.03,27.8,63.4,98.60878872802292,5.106591029839499,23.865847990651062,24.32739733471063,1.1598313285879145,1218.1304347826087,0.0,0.0,0.0,3.9829207931739696,62.27387656712756,4.7,13.2,0.0,0.0,0.0,450.0,9617.5,0.0,0.0,100.718,3.423,104.141,60.846,3.894,100.247,emon,0.548,0.437,144.5,67.8,2.131
2026-09-29 23:01:21.978,14.1,0,85,21;45;5;85;0;23;2;0;0;33;0;2;0;11;0;0,663,4262,4019;3723;4131;4262;2769;2810;3164;2854;3125;2778;3138;2974;663;1701;983;937,5.3,0.0,9617.5,0,0,0,0,0,0.0,0,0,0,0,0,0,0,0,0.0,0,0,0,0,0,0.0,0.0,0.0,0,0,0,42.1,10.54,4.24,0.38,21.03,27.7,63.4,99.98964763627684,14.693473060194764,22.955481933863787,28.020280739339235,1.2296711406320013,1808.9462365591398,0.0,0.0,31.389753007241126,0.0,51.82055319406145,14.2,92.9,0.0,0.0,0.0,450.0,9617.5,0.0,0.0,100.718,3.423,104.141,60.846,3.894,100.247,emon,0.548,0.437,144.5,67.8,2.131
2026-09-29 23:01:22.978,13.8,0,86,18;46;5;86;0;23;2;2;0;23;3;2;0;11;0;0,659,4249,4063;3882;4008;4249;2384;2819;2973;1528;2486;2854;3060;2659;659;1549;926;840,6.7,0.0,9617.5,0,0,0,0,0,0.0,0,0,0,0,0,0,0,0,0.0,0,0,0,0,0,0.0,0.0,0.0,0,0,0,43.1,9.36,8.98,0.38,22.87,27.7,63.4,100.01212772852938,14.424905267435218,24.87611971573091,28.98300626462614,1.0905139855656798,1849.0,0.0,0.0,31.578808465531477,0.0,46.88553113881175,14.1,91.7,0.0,0.0,0.0,450.0,9617.5,0.0,0.0,100.718,3.423,104.141,60.846,3.894,100.247,emon,0.548,0.437,144.5,67.8,2.131
2026-09-29 23:01:23.979,14.4,0,86,14;46;6;86;0;22;0;0;0;31;3;0;0;20;2;0,554,4241,4036;3806;4020;4241;2549;2698;2925;2967;2415;2768;3086;3155;554;1502;776;712,5.3,0.0,9617.5,0,0,0,0,0,0.0,0,0,0,0,0,0,0,0,0.0,0,0,0,0,0,0.0,0.0,0.0,0,0,0,44.1,9.36,8.98,0.38,22.87,27.6,63.4,99.99367640984295,13.882057238461202,25.103833959561907,27.61675128448364,1.086045993566457,1849.0,0.0,0.0,32.77015144545117,0.0,45.829040629859094,14.1,92.8,0.0,0.0,0.0,450.0,9617.5,0.0,0.0,100.718,3.423,104.141,60.846,3.894,100.247,emon,0.548,0.437,144.5,67.8,2.131
2026-09-29 23:01:24.979,13.5,0,91,17;35;8;91;0;25;0;0;0;25;0;0;0;16;0;0,617,4250,4042;3836;4122;4250;2716;2663;2966;3127;1283;2826;2954;2753;617;1358;836;790,6.4,0.0,9617.5,0,0,0,0,0,0.0,0,0,0,0,0,0,0,0,0.0,0,0,0,0,0,0.0,0.0,0.0,0,0,0,45.1,9.36,8.98,0.38,22.87,27.6,63.4,100.00026275679382,14.759547794063451,24.3141359101262,28.292290534540925,1.0577352989971507,1849.0,0.0,0.0,32.497312833555725,0.0,45.71899209601067,14.1,91.9,0.0,0.0,0.0,450.0,9617.5,0.0,0.0,100.718,3.423,104.141,60.846,3.894,100.247,emon,0.548,0.437,144.5,67.8,2.131
2026-09-29 23:01:25.979,14.9,0,86,20;57;12;86;0;22;0;0;0;22;2;0;0;17;0;0,634,4211,4007;3809;4147;4211;2209;2791;2909;3309;1828;2888;3167;2954;634;1607;904;1058,6.3,0.0,9617.4,0,0,0,0,0,0.0,0,0,0,0,0,0,0,0,0.0,0,0,0,0,0,0.0,0.0,0.0,0,0,0,45.1,10.43,23.49,0.4,39.48,27.6,63.4,100.01711462598134,13.742008807880588,25.02797165172203,28.17039173384258,1.1218010964894323,1849.0,0.0,0.0,32.01725803217149,0.0,46.557042273568435,14.1,92.7,0.0,0.0,0.0,450.0,9617.4,0.0,0.0,100.718,3.423,104.141,60.846,3.894,100.247,emon,0.548,0.437,144.5,67.8,2.131
2026-09-29 23:01:26.980,14.8,0,94,16;55;6;94;0;28;0;0;0;23;2;0;0;9;3;0,651,4247,4080;3896;4139;4247;1327;2740;3253;2175;1281;2867;3042;2879;651;1438;862;1267,5.0,0.0,9623.2,0,0,0,0,0,0.0,0,0,0,0,0,0,0,0,0.0,0,0,0,0,0,0.0,0.0,0.0,0,0,0,43.1,10.43,23.49,0.4,39.48,27.3,63.4,99.99800287605306,14.503170654786706,23.432596001378197,26.720757754037425,1.0275815433308062,1847.5013623978202,0.0,0.0,34.135766488819684,0.0,45.18415893004534,14.1,92.2,0.0,0.0,0.0,450.0,9617.4,0.0,0.0,13.175,6.508,19.683,44.772,2.865,16.818,emon,0.597,0.609,98.5,46.2,2.131
2026-09-29 23:01:27.985,13.8,0,91,16;41;8;91;0;22;2;0;0;23;2;0;0;16;3;0,686,4221,4084;3804;4136;4221;2554;2804;3015;2739;2336;2912;3115;2645;686;1668;1407;716,6.6,0.0,9617.4,0,0,0,0,0,0.0,0,0,0,0,0,0,0,0,0.0,0,0,0,0,0,0.0,0.0,0.0,0,0,0,43.1,10.43,23.49,0.4,39.48,27.5,63.4,99.99080454292944,13.909392548471132,24.94555936320711,28.589323919340128,1.1500103601294727,1847.587570621469,0.0,0.0,32.48260218865635,0.0,46.45189484102102,14.1,92.1,0.0,0.0,0.0,450.0,9617.4,0.0,0.0,13.175,6.508,19.683,44.772,2.865,16.818,emon,0.597,0.609,98.5,46.2,2.131
2026-09-29 23:01:28.985,14.2,0,86,25;43;8;86;0;22;6;0;0;25;0;0;0;12;0;0,805,4248,4008;3820;4059;4248;2270;2879;3122;2456;2299;2789;2918;2512;848;1805;990;805,6.6,0.0,9617.4,0,0,0,0,0,0.0,0,0,0,0,0,0,0,0,0.0,0,0,0,0,0,0.0,0.0,0.0,0,0,0,42.1,10.43,23.49,0.4,39.48,27.3,63.4,100.00147075998899,14.64260038337378,23.24357936339066,27.68219739309872,1.110190723183181,1846.5592747559274,0.0,0.0,32.55110466359131,0.0,45.86398487506178,14.1,92.4,0.0,0.0,0.0,450.0,9617.4,0.0,0.0,13.175,6.508,19.683,44.772,2.865,16.818,emon,0.597,0.609,98.5,46.2,2.131
2026-09-29 23:01:29.986,14.3,0,86,11;42;11;86;0;36;2;0;0;28;2;0;0;12;0;0,895,4222,3954;3815;3907;4222;1936;2898;3124;2902;3108;2862;2779;3033;942;1446;1100;895,5.8,0.0,9617.4,0,0,0,0,0,0.0,0,0,0,0,0,0,0,0,0.0,0,0,0,0,0,0.0,0.0,0.0,0,0,0,42.1,10.31,23.0,0.39,38.84,27.3,63.4,99.99414706881956,13.91365681430526,24.15995221326677,28.7860770676419,1.073011222949064,1801.4460431654677,0.0,0.0,28.395297180381505,0.0,46.85713733698092,14.1,91.6,0.0,0.0,0.0,450.0,9617.4,0.0,0.0,13.175,6.508,19.683,44.772,2.865,16.818,emon,0.597,0.609,98.5,46.2,2.131
2026-09-29 23:01:30.986,16.1,0,88,23;48;9;88;0;26;0;0;0;34;5;0;3;20;0;0,702,4225,4067;3902;4045;4225;3191;2768;3073;3336;3066;2852;3149;2953;702;1665;891;871,6.8,0.0,9617.4,0,0,0,0,0,0.0,0,0,0,0,0,0,0,0,0.0,0,0,0,0,0,0.0,0.0,0.0,0,0,0,41.1,10.31,23.0,0.39,38.84,27.3,63.4,99.53163158411428,11.7484960388639,27.956849317836628,28.54788935679106,7.237777767244623,1799.278940027894,0.0,0.0,35.35373111454948,0.0,44.697222322505965,14.1,92.2,0.0,0.0,0.0,450.0,9617.3,0.0,0.0,13.175,6.508,19.683,44.772,2.865,16.818,emon,0.597,0.609,98.5,46.2,2.131
2026-09-29 23:01:31.987,16.3,0,86,23;60;8;86;0;29;0;0;0;36;2;0;0;17;0;0,679,4172,4036;3889;4015;4172;2878;2885;2922;2718;3264;2950;3198;2865;679;1432;935;942,99.1,0.0,9617.3,0,0,0,0,0,0.0,0,0,0,0,0,0,0,0,0.0,0,0,0,0,0,0.0,0.0,0.0,0,0,0,41.1,10.31,23.0,0.39,38.84,27.3,63.4,98.90063652433199,9.690287613334327,33.101828411365375,33.19382241894459,12.655945120794732,1799.0,0.0,0.0,31.92275669879264,0.0,44.78687584326547,13.9,90.5,0.0,0.0,0.0,450.0,9617.3,0.0,0.0,13.175,6.508,19.683,44.772,2.865,16.818,emon,0.597,0.609,98.5,46.2,2.131
2026-09-29 23:01:32.987,16.5,0,89,16;61;6;89;0;30;0;0;0;30;5;0;0;23;2;3,653,4209,3964;3859;3898;4209;3094;2954;2984;3276;3237;2947;3186;2900;653;1607;844;911,90.1,0.0,9617.3,0,0,0,0,0,0.0,0,0,0,0,0,0,0,0,0.0,0,0,0,0,0,0.0,0.0,0.0,0,0,0,40.1,10.31,23.0,0.39,38.84,27.3,63.4,99.04685202578564,9.094090647297305,31.910882487830584,31.31782299496911,11.754049875896905,1799.0,0.0,0.0,32.490571821732054,0.0,45.69892529714099,14.0,91.8,0.0,0.0,0.0,450.0,9623.2,0.0,0.0,13.175,6.508,19.683,44.772,2.865,16.818,emon,0.597,0.609,98.5,46.2,2.131
2026-09-29 23:01:33.988,17.4,0,91,20;55;11;91;0;34;3;0;2;28;5;0;0;28;0;2,819,4163,3887;3899;3791;4163;2519;2773;3088;3030;3108;2896;3115;2942;819;1605;1436;1144,100.0,0.0,9617.3,0,0,0,0,0,0.0,0,0,0,0,0,0,0,0,0.0,0,0,0,0,0,0.0,0.0,0.0,0,0,0,40.1,12.12,13.09,0.39,35.05,27.4,63.4,98.40882460856706,8.997570311935785,30.313091601590425,29.915038814208355,10.973800526170237,1799.0,0.0,0.0,31.21752378125309,0.0,45.31174710721922,14.0,90.7,0.0,0.0,0.0,450.0,9617.3,0.0,0.0,13.175,6.508,19.683,44.772,2.865,16.818,emon,0.597,0.609,98.5,46.2,2.131
2026-09-29 23:01:34.988,15.9,0,96,15;54;6;96;0;29;2;0;0;31;5;0;2;15;0;0,819,4198,3974;3867;3996;4198;3051;2895;3258;3273;2857;2894;2938;2411;819;1442;882;891,82.5,0.0,9617.3,0,0,0,0,0,0.0,0,0,0,0,0,0,0,0,0.0,0,0,0,0,0,0.0,0.0,0.0,0,0,0,42.1,12.12,13.09,0.39,35.05,27.4,63.4,98.67766120638935,9.110388834001851,31.509479260411013,31.001326867908617,12.316884613027783,1799.0,0.0,0.0,32.913354967908646,0.0,44.64616944784024,14.0,91.6,0.0,0.0,0.0,450.0,9623.2,0.0,0.0,13.175,6.508,19.683,44.772,2.865,16.818,emon,0.597,0.609,98.5,46.2,2.131
2026-09-29 23:01:35.989,16.8,0,91,25;52;12;91;0;32;2;0;3;20;5;0;0;27;0;0,775,4179,3997;3861;3987;4179;3131;2871;3187;3021;3335;2808;2661;2757;775;1653;1872;1060,96.8,0.0,9617.3,0,0,0,0,0,0.0,0,0,0,0,0,0,0,0,0.0,0,0,0,0,0,0.0,0.0,0.0,0,0,0,43.1,12.12,13.09,0.39,35.05,27.4,63.4,98.66092302166136,8.828236849610246,31.088776209386392,31.027842873373295,10.75699653324479,1799.0,0.0,0.0,28.71248615370099,0.0,46.027902080492034,14.0,91.0,0.0,0.0,0.0,450.0,9617.3,0.0,0.0,13.175,6.508,19.683,44.772,2.865,16.818,emon,0.597,0.609,98.5,46.2,2.131
2026-09-29 23:01:36.989,22.0,0,89,27;67;20;89;0;30;14;3;2;41;17;5;0;34;5;0,852,4154,4045;3944;4085;4154;3341;3063;3299;3310;3387;3132;3253;3330;852;2083;1875;1743,99.9,0.0,9617.3,0,0,0,0,0,0.0,0,0,0,0,0,0,0,0,0.0,0,0,0,0,0,0.0,0.0,0.0,0,0,0,42.1,12.12,13.09,0.39,35.05,27.3,63.4,98.85092627403554,9.347494389351398,31.77137848260242,32.23508534128303,11.82709892019075,1799.0,0.0,0.0,31.746204876208644,0.0,45.25073027152619,14.0,91.4,0.0,0.0,0.0,450.0,9617.3,0.0,0.0,13.175,6.508,19.683,44.772,2.865,16.818,emon,0.597,0.609,98.5,46.2,2.131
2026-09-29 23:01:37.989,16.5,0,91,21;46;8;91;0;25;2;0;0;30;3;3;0;36;0;0,762,4182,3909;3802;3924;4182;1652;2855;2977;2427;2304;2902;2933;2806;762;1593;1204;959,99.9,0.0,9617.3,0,0,0,0,0,0.0,0,0,0,0,0,0,0,0,0.0,0,0,0,0,0,0.0,0.0,0.0,0,0,0,42.1,12.78,11.98,0.39,35.3,27.3,63.4,98.56600661165652,9.371869952114071,30.732168541141732,30.72389326151074,12.959728086928877,1799.0,0.0,0.0,31.749027196088623,0.0,44.75907541139393,14.0,91.7,0.0,0.0,0.0,450.0,9617.3,0.0,0.0,99.979,3.133,103.111,55.503,3.552,99.559,emon,0.549,0.413,144.8,67.1,2.157
2026-09-29 23:01:38.990,17.2,0,89,38;39;6;89;0;10;20;0;2;16;16;3;0;19;17;0,923,4164,3849;3910;3984;4164;2986;2909;2937;3037;3017;2850;2921;2985;923;1737;1342;1223,98.4,0.0,9617.3,0,0,0,0,0,0.0,0,0,0,0,0,0,0,0,0.0,0,0,0,0,0,0.0,0.0,0.0,0,0,0,43.1,12.78,11.98,0.39,35.3,27.3,63.4,98.94234819412232,9.563079200361992,32.40771422961375,32.72570800856277,12.680739981197537,1799.0,0.0,0.0,31.255553049588627,0.0,45.269083801255256,13.9,90.5,0.0,0.0,0.0,450.0,9617.3,0.0,0.0,99.979,3.133,103.111,55.503,3.552,99.559,emon,0.549,0.413,144.8,67.1,2.157
2026-09-29 23:01:39.990,18.8,2,97,39;34;11;97;3;5;23;9;5;6;25;11;3;2;25;3,1676,4195,3923;4047;4052;4195;3267;3305;2965;3161;3247;3327;3002;3234;1885;2174;1676;2315,100.0,0.0,9617.3,0,0,0,0,0,0.0,0,0,0,0,0,0,0,0,0.0,0,0,0,0,0,0.0,0.0,0.0,0,0,0,44.1,12.78,11.98,0.39,35.3,27.3,63.4,99.01776361532708,9.225666844447593,30.538338539630637,30.401612850187192,11.294367937804777,1799.0,0.0,0.0,30.681500446263172,0.0,44.93405439649106,14.0,91.5,0.0,0.0,0.0,450.0,9623.2,0.0,0.0,99.979,3.133,103.111,55.503,3.552,99.559,emon,0.549,0.413,144.8,67.1,2.157
2026-09-29 23:01:40.991,22.0,3,89,52;39;17;89;8;3;33;5;5;5;28;11;5;8;32;12,1431,4138,3863;3969;3965;4138;2921;3291;2942;3207;3246;3262;2974;3180;2172;2446;1771;1431,93.5,0.0,9617.3,0,0,0,0,0,0.0,0,0,0,0,0,0,0,0,0.0,0,0,0,0,0,0.0,0.0,0.0,0,0,0,45.1,12.78,11.98,0.39,35.3,27.3,63.4,98.624463300136,9.3967054260047,32.387981569965966,32.22044868467889,11.842356491058043,1799.0,0.0,0.0,30.576256838246493,0.0,45.40772492285395,13.9,90.5,0.0,0.0,0.0,450.0,9568.9,0.0,0.0,99.979,3.133,103.111,55.503,3.552,99.559,emon,0.549,0.413,144.8,67.1,2.157
2026-09-29 23:01:41.991,15.9,0,80,37;39;8;80;0;0;32;0;0;0;27;5;2;0;26;0,1034,4143,3807;3929;3938;4143;3018;2141;2929;3138;2420;2568;2928;3033;1034;1070;1684;1071,96.4,0.0,9563.1,0,0,0,0,0,0.0,0,0,0,0,0,0,0,0,0.0,0,0,0,0,0,0.0,0.0,0.0,0,0,0,43.1,13.1,11.96,0.39,35.83,27.3,63.4,98.75255241812795,9.048964245503415,29.701838269323193,29.270160911013782,10.888028782569782,1799.0,0.0,0.0,30.950897348601444,0.0,45.13472421461983,14.0,91.3,0.0,0.0,0.0,450.0,9568.9,0.0,0.0,99.979,3.133,103.111,55.503,3.552,99.559,emon,0.549,0.413,144.8,67.1,2.157
2026-09-29 23:01:42.991,15.7,0,89,52;25;8;89;0;0;27;2;0;0;22;8;0;0;20;0,1003,4171,3893;3971;4026;4171;2509;1737;2943;2998;2514;2998;2951;3105;1056;1320;1568;1003,97.2,0.0,9563.1,0,0,0,0,0,0.0,0,0,0,0,0,0,0,0,0.0,0,0,0,0,0,0.0,0.0,0.0,0,0,0,44.1,13.1,11.96,0.39,35.83,27.3,63.4,98.90703229622895,9.04557539998381,30.746950906554886,30.56934412034082,11.24698490064066,1799.0,0.0,0.0,30.121570412578386,0.0,45.75425604172021,14.0,90.7,0.0,0.0,0.0,450.0,9563.1,0.0,0.0,99.979,3.133,103.111,55.503,3.552,99.559,emon,0.549,0.413,144.8,67.1,2.157
2026-09-29 23:01:43.992,16.0,0,89,51;31;8;89;0;0;30;0;2;0;22;2;0;2;19;2,664,4200,3869;4087;3972;4200;2715;2278;2946;3109;3220;1939;2909;3133;664;1176;1423;1108,96.2,0.0,9563.1,0,0,0,0,0,0.0,0,0,0,0,0,0,0,0,0.0,0,0,0,0,0,0.0,0.0,0.0,0,0,0,44.1,13.1,11.96,0.39,35.83,27.3,63.4,98.82588402809722,9.648672029661181,31.531897315315987,32.25062913244611,11.620856782458095,1799.0,0.0,0.0,29.9587645848714,0.0,46.03049705416125,14.0,91.4,0.0,0.0,0.0,450.0,9563.1,0.0,0.0,99.979,3.133,103.111,55.503,3.552,99.559,emon,0.549,0.413,144.8,67.1,2.157
2026-09-29 23:01:44.992,15.7,0,89,50;26;3;89;0;0;28;0;2;0;20;3;0;2;27;2,870,4187,3841;3980;3930;4187;2342;2199;2818;2989;3143;2692;2884;2943;870;964;1664;1697,90.6,0.0,9563.1,0,0,0,0,0,0.0,0,0,0,0,0,0,0,0,0.0,0,0,0,0,0,0.0,0.0,0.0,0,0,0,44.1,13.1,11.96,0.39,35.83,27.3,63.4,98.68431495116637,9.444854100567621,31.80644852191478,31.531180803929722,11.459804275322723,1799.0,0.0,0.0,30.66220905966064,0.0,45.41357653611395,14.0,91.0,0.0,0.0,0.0,450.0,9563.1,0.0,0.0,99.979,3.133,103.111,55.503,3.552,99.559,emon,0.549,0.413,144.8,67.1,2.157
2026-09-29 23:01:45.993,17.5,0,94,61;34;15;94;0;0;27;2;0;0;22;3;0;0;23;0,866,4173,3811;3992;3984;4173;2919;1765;2948;3107;2989;2069;2831;3036;1091;866;1554;1174,88.5,0.0,9563.1,0,0,0,0,0,0.0,0,0,0,0,0,0,0,0,0.0,0,0,0,0,0,0.0,0.0,0.0,0,0,0,42.1,12.44,12.01,0.39,34.99,27.3,63.4,98.9603713120758,8.907517483935175,31.96122234684482,31.19754066487357,11.41157951297533,1799.0,0.0,0.0,32.25207487348345,0.0,45.51366117226379,13.9,91.2,0.0,0.0,0.0,450.0,9563.1,0.0,0.0,99.979,3.133,103.111,55.503,3.552,99.559,emon,0.549,0.413,144.8,67.1,2.157
2026-09-29 23:01:46.993,15.6,0,92,40;23;8;92;0;0;33;0;0;2;30;0;0;0;22;0,849,4153,3770;4019;3934;4153;3168;2108;2950;3102;2662;3373;2948;3151;849;849;1563;1153,88.5,0.0,9563.1,0,0,0,0,0,0.0,0,0,0,0,0,0,0,0,0.0,0,0,0,0,0,0.0,0.0,0.0,0,0,0,41.1,12.44,12.01,0.39,34.99,27.3,63.4,98.85704632791979,9.576604148945933,30.88221928760923,31.222264161754786,12.327484582450547,1799.0,0.0,0.0,31.09788401164211,0.0,45.347525278208636,14.0,91.4,0.0,0.0,0.0,450.0,9563.1,0.0,0.0,99.979,3.133,103.111,55.503,3.552,99.559,emon,0.549,0.413,144.8,67.1,2.157
2026-09-29 23:01:47.995,24.7,2,95,66;38;25;95;12;9;36;9;12;6;33;14;2;3;29;5,1456,4151,3905;3908;3999;4151;3334;3329;3046;3198;3318;3288;2999;3169;1805;2355;1776;1456,96.6,0.0,9563.1,0,0,0,0,0,0.0,0,0,0,0,0,0,0,0,0.0,0,0,0,0,0,0.0,0.0,0.0,0,0,0,42.1,12.44,12.01,0.39,34.99,27.3,63.4,99.25214254578118,10.565399027614763,36.61628504267118,36.69802580424297,15.227734556141138,1799.0,0.0,0.0,38.03519063946294,0.0,44.52682924406274,14.0,90.7,0.0,0.0,0.0,450.0,9563.1,0.0,0.0,99.979,3.133,103.111,55.503,3.552,99.559,emon,0.549,0.413,144.8,67.1,2.157
2026-09-29 23:01:48.996,26.0,8,89,46;50;23;89;14;14;27;16;19;12;30;16;12;8;20;22,1802,4118,3838;3891;3928;4118;3326;3305;3057;3270;3292;3320;3069;3270;2128;2376;2003;1802,68.9,0.0,9563.1,0,0,0,0,0,0.0,0,0,0,0,0,0,0,0,0.0,0,0,0,0,0,0.0,0.0,0.0,0,0,0,42.1,12.44,12.01,0.39,34.99,27.2,63.4,99.0038146175714,10.18858343885153,33.68837639847174,33.730825554382335,14.399100383671492,1799.0,0.0,0.0,34.99672462041315,0.0,44.52327376451728,14.0,91.3,0.0,0.0,0.0,450.0,9563.1,0.0,0.0,99.979,3.133,103.111,55.503,3.552,99.559,emon,0.549,0.413,144.8,67.1,2.157
2026-09-29 23:01:49.996,19.2,2,91,50;51;16;91;3;2;25;3;2;3;25;6;9;2;20;2,1175,4125,3859;3944;3800;4125;3270;3307;2925;3174;3061;3216;2934;3169;1840;2291;1442;1175,94.1,0.0,9563.1,0,0,0,0,0,0.0,0,0,0,0,0,0,0,0,0.0,0,0,0,0,0,0.0,0.0,0.0,0,0,0,42.1,13.51,12.06,0.39,36.17,27.2,63.4,98.54012012681203,9.841868366994161,34.6134200999864,33.93775968630168,12.204454513822943,1799.0,0.0,0.0,36.99236152454856,0.0,44.00337271184246,14.0,90.4,0.0,0.0,0.0,450.0,9563.1,0.0,0.0,102.026,3.374,105.401,74.917,4.795,100.606,emon,0.532,0.383,144.4,67.7,2.133
2026-09-29 23:01:50.997,16.7,0,83,43;38;9;83;0;0;27;0;2;0;25;14;0;0;27;0,895,4212,3835;3936;3872;4212;3085;2171;2858;2891;2568;2573;3030;3028;895;1092;1418;1117,95.3,0.0,9563.1,0,0,0,0,0,0.0,0,0,0,0,0,0,0,0,0.0,0,0,0,0,0,0.0,0.0,0.0,0,0,0,42.1,13.51,12.06,0.39,36.17,27.2,63.4,98.4154353463248,10.114553201343247,32.34955590703849,32.63221992560652,14.198575175351355,1799.0,0.0,0.0,36.97172369862602,0.0,44.17517096914812,13.9,91.0,0.0,0.0,0.0,450.0,9563.1,0.0,0.0,102.026,3.374,105.401,74.917,4.795,100.606,emon,0.532,0.383,144.4,67.7,2.133
2026-09-29 23:01:51.997,16.4,0,91,54;23;5;91;0;0;30;3;0;0;20;6;0;0;30;0,566,4155,3895;3954;3950;4155;2895;1502;2865;3275;2888;1642;2914;3110;1067;566;1515;809,93.3,0.0,9563.1,0,0,0,0,0,0.0,0,0,0,0,0,0,0,0,0.0,0,0,0,0,0,0.0,0.0,0.0,0,0,0,42.1,13.51,12.06,0.39,36.17,27.1,63.4,98.84350892038293,10.027639824456836,34.68230787639206,34.061002415269,13.016949646497197,1799.0,0.0,0.0,37.35868545505282,0.0,44.07392439531002,13.9,90.2,0.0,0.0,0.0,450.0,9563.1,0.0,0.0,102.026,3.374,105.401,74.917,4.795,100.606,emon,0.532,0.383,144.4,67.7,2.133
2026-09-29 23:01:52.998,18.5,0,86,49;43;9;86;0;0;36;0;0;0;32;3;0;0;37;0,1212,4179,3888;3910;3922;4179;2710;1283;2899;2675;3093;2878;2839;2926;1384;1212;1771;2268,100.0,0.0,9563.1,0,0,0,0,0,0.0,0,0,0,0,0,0,0,0,0.0,0,0,0,0,0,0.0,0.0,0.0,0,0,0,43.1,13.51,12.06,0.39,36.17,27.1,63.4,99.0551788284354,10.323205249685131,36.23363714985651,35.96237670352606,14.194449730500681,1799.0,0.0,0.0,38.801763701325356,0.0,44.18157432847984,14.0,91.1,0.0,0.0,0.0,450.0,9563.1,0.0,0.0,102.026,3.374,105.401,74.917,4.795,100.606,emon,0.532,0.383,144.4,67.7,2.133
2026-09-29 23:01:53.998,16.8,0,94,46;32;8;94;0;0;37;0;0;0;19;6;0;0;26;0,642,4161,3844;3962;3865;4161;2520;1584;2960;2973;3055;2307;2890;3184;871;642;1426;1139,99.4,0.0,9563.1,0,0,0,0,0,0.0,0,0,0,0,0,0,0,0,0.0,0,0,0,0,0,0.0,0.0,0.0,0,0,0,43.1,12.4,12.12,0.39,35.08,27.1,63.4,98.5057275419878,10.012331516852159,33.72988174244905,33.51466383816779,13.736432741079911,1799.0,0.0,0.0,37.036984983934445,0.0,44.503625184658695,13.9,90.1,0.0,0.0,0.0,450.0,9563.1,0.0,0.0,102.026,3.374,105.401,74.917,4.795,100.606,emon,0.532,0.383,144.4,67.7,2.133
2026-09-29 23:01:54.999,16.7,0,91,39;49;6;91;0;0;21;2;0;0;29;2;0;0;28;0,1117,4183,3858;4022;3888;4183;2011;1803;2907;3100;3269;1830;2925;2986;1117;1685;1442;1455,97.2,0.0,9563.1,0,0,0,0,0,0.0,0,0,0,0,0,0,0,0,0.0,0,0,0,0,0,0.0,0.0,0.0,0,0,0,44.1,12.4,12.12,0.39,35.08,27.1,63.4,98.62619581171053,10.04587258694143,34.7167089324892,33.7458359416519,13.452446832464785,1799.0,0.0,0.0,37.425030000876404,0.0,43.66811044439036,13.9,90.9,0.0,0.0,0.0,450.0,9563.1,0.0,0.0,102.026,3.374,105.401,74.917,4.795,100.606,emon,0.532,0.383,144.4,67.7,2.133
2026-09-29 23:01:56.000,16.6,0,94,44;30;11;94;0;0;25;8;0;0;29;0;0;0;25;2,708,4179,3840;3888;3923;4179;3214;3222;2939;3236;2552;2669;2892;3109;1624;708;1389;1529,97.2,0.0,9563.1,0,0,0,0,0,0.0,0,0,0,0,0,0,0,0,0.0,0,0,0,0,0,0.0,0.0,0.0,0,0,0,42.1,12.4,12.12,0.39,35.08,27.1,63.4,99.07452197094143,10.218891755113702,36.11724459645645,35.714654184874114,14.408143727356375,1799.0,0.0,0.0,38.927406209520996,0.0,44.3627006819297,14.0,91.3,0.0,0.0,0.0,450.0,9563.1,0.0,0.0,102.026,3.374,105.401,74.917,4.795,100.606,emon,0.532,0.383,144.4,67.7,2.133
2026-09-29 23:01:57.001,17.7,0,92,47;33;8;92;0;0;33;3;0;0;27;12;0;0;28;0,1129,4146,3824;3916;3985;4146;3252;3221;2866;2788;3056;2934;2871;2789;1129;1194;1709;1780,96.6,0.0,9563.1,0,0,0,0,0,0.0,0,0,0,0,0,0,0,0,0.0,0,0,0,0,0,0.0,0.0,0.0,0,0,0,42.1,12.4,12.12,0.39,35.08,27.1,63.4,98.33443671168897,10.302220268081248,35.44397631451587,35.489153151634156,14.417601615596162,1799.0,0.0,0.0,37.08483691861566,0.0,43.84503451516764,13.9,90.1,0.0,0.0,0.0,450.0,9563.1,0.0,0.0,102.026,3.374,105.401,74.917,4.795,100.606,emon,0.532,0.383,144.4,67.7,2.133
2026-09-29 23:01:58.001,16.8,0,91,36;35;8;91;2;0;27;3;0;0;20;9;0;0;39;0,1042,4193,3868;3896;3894;4193;3136;2414;2889;3003;3222;3341;3010;3049;1165;1042;1500;1343,91.5,0.0,9563.1,0,0,0,0,0,0.0,0,0,0,0,0,0,0,0,0.0,0,0,0,0,0,0.0,0.0,0.0,0,0,0,43.1,12.39,12.11,0.39,35.14,27.1,63.4,98.75883605363576,10.220053734865202,33.28484751041169,32.532441056900375,13.825650843562629,1800.1548913043478,0.0,0.0,37.00781791318561,0.0,44.09981922466141,13.9,90.6,0.0,0.0,0.0,450.0,9568.4,0.0,0.0,102.026,3.374,105.401,74.917,4.795,100.606,emon,0.532,0.383,144.4,67.7,2.133
2026-09-29 23:01:59.002,17.9,0,92,42;40;16;92;0;0;28;3;0;0;22;5;0;0;38;2,830,4149,3871;3945;3930;4149;3297;2307;2931;3148;3234;2707;2997;3225;1047;830;1709;1202,91.6,0.0,9567.1,0,0,0,0,0,0.0,0,0,0,0,0,0,0,0,0.0,0,0,0,0,0,0.0,0.0,0.0,0,0,0,43.1,12.39,12.11,0.39,35.14,27.1,63.4,98.76000687716758,10.297329292247353,35.03755155364944,34.90810084327647,13.812602512221002,1799.0,0.0,0.0,37.42135852119847,0.0,44.46693660511252,14.0,90.4,0.0,0.0,0.0,450.0,9567.1,0.0,0.0,102.026,3.374,105.401,74.917,4.795,100.606,emon,0.532,0.383,144.4,67.7,2.133
2026-09-29 23:02:00.003,15.9,0,91,49;35;2;91;0;0;28;3;0;0;22;5;0;0;21;0,881,4158,3797;3875;3850;4158;2633;1806;2900;3241;2879;2831;3002;3196;1150;881;1448;1332,98.8,0.0,9567.1,0,0,0,0,0,0.0,0,0,0,0,0,0,0,0,0.0,0,0,0,0,0,0.0,0.0,0.0,0,0,0,42.1,12.39,12.11,0.39,35.14,27.1,63.4,98.72888536609162,9.99277836693516,34.42861873729596,33.776877724976664,13.67332792208544,1799.0,0.0,0.0,37.50093940336908,0.0,44.50056648488029,14.0,91.1,0.0,0.0,0.0,450.0,9563.1,0.0,0.0,102.026,3.374,105.401,74.917,4.795,100.606,emon,0.532,0.383,144.4,67.7,2.133
2026-09-29 23:02:01.008,18.3,0,88,51;37;12;88;2;0;38;2;2;0;22;3;0;2;35;2,1186,4140,3823;3917;3882;4140;2982;2380;2895;3083;3284;2426;2907;3036;1541;1186;1721;1623,100.0,0.0,9563.1,0,0,0,0,0,0.0,0,0,0,0,0,0,0,0,0.0,0,0,0,0,0,0.0,0.0,0.0,0,0,0,42.1,12.39,12.11,0.39,35.14,27.2,63.4,98.93250825523671,9.913293136240501,34.12188654296224,34.56806253096428,13.337513323725753,1799.0,0.0,0.0,35.526884024180355,0.0,44.693015741364164,13.9,90.2,0.0,0.0,0.0,450.0,9563.1,0.0,0.0,100.815,2.926,103.741,58.551,3.747,99.994,emon,0.561,0.354,144.3,67.5,2.138
2026-09-29 23:02:02.008,15.9,0,92,46;19;6;92;2;0;28;2;2;0;22;6;0;0;30;0,930,4205,3851;3919;3950;4205;3240;2844;2956;2883;3270;3221;2934;3133;930;2000;1492;1130,99.6,0.0,9563.1,0,0,0,0,0,0.0,0,0,0,0,0,0,0,0,0.0,0,0,0,0,0,0.0,0.0,0.0,0,0,0,43.1,12.39,12.11,0.39,35.14,27.1,63.4,98.84041490190016,10.047816197018907,32.940684124257395,32.63938524496685,13.558687923835842,1799.0,0.0,0.0,36.9556434402798,0.0,43.793173671198566,13.9,91.0,0.0,0.0,0.0,450.0,9563.1,0.0,0.0,100.815,2.926,103.741,58.551,3.747,99.994,emon,0.561,0.354,144.3,67.5,2.138
2026-09-29 23:02:03.009,17.6,0,94,44;33;8;94;0;0;30;0;0;0;23;3;0;0;46;0,1152,4180,3847;3937;3934;4180;3165;1436;2951;3073;3216;2339;2975;3250;1152;1421;1657;1419,99.1,0.0,9563.1,0,0,0,0,0,0.0,0,0,0,0,0,0,0,0,0.0,0,0,0,0,0,0.0,0.0,0.0,0,0,0,43.1,12.39,12.11,0.39,35.14,27.1,63.4,98.1006470568802,9.362444441532716,32.774148619227596,32.24386402703417,11.786336893149343,1799.0,0.0,0.0,34.821659162488096,0.0,44.65568572121465,13.9,90.2,0.0,0.0,0.0,450.0,9568.9,0.0,0.0,100.815,2.926,103.741,58.551,3.747,99.994,emon,0.561,0.354,144.3,67.5,2.138
2026-09-29 23:02:04.009,16.8,0,86,35;42;9;86;0;0;37;3;0;0;25;5;0;0;26;2,957,4154,3805;3995;3887;4154;3240;3189;2981;3286;3231;3438;2945;3199;957;1026;1490;1159,100.0,0.0,9563.1,0,0,0,0,0,0.0,0,0,0,0,0,0,0,0,0.0,0,0,0,0,0,0.0,0.0,0.0,0,0,0,44.1,12.39,12.11,0.39,35.14,27.1,63.4,98.92318040937991,10.331712114715923,35.94763241239094,35.08235071036411,14.225856887862225,1799.0,0.0,0.0,38.03235164398667,0.0,43.86354653994125,13.9,90.9,0.0,0.0,0.0,450.0,9563.1,0.0,0.0,100.815,2.926,103.741,58.551,3.747,99.994,emon,0.561,0.354,144.3,67.5,2.138
2026-09-29 23:02:05.010,19.3,0,88,52;46;12;88;0;0;34;0;0;0;31;5;0;0;40;0,1072,4167,3798;3943;3842;4167;3061;2608;2857;3152;2972;1816;2952;3240;1072;1253;1636;1117,99.9,0.0,9563.1,0,0,0,0,0,0.0,0,0,0,0,0,0,0,0,0.0,0,0,0,0,0,0.0,0.0,0.0,0,0,0,42.1,12.39,12.11,0.39,35.14,27.1,63.4,98.65160063848104,9.94213379511278,33.999322407131324,33.81024923135769,13.88490048386047,1799.0,0.0,0.0,37.97960495280918,0.0,44.049821528738114,13.9,91.0,0.0,0.0,0.0,450.0,9563.1,0.0,0.0,100.815,2.926,103.741,58.551,3.747,99.994,emon,0.561,0.354,144.3,67.5,2.138
2026-09-29 23:02:06.010,15.9,0,89,48;23;11;89;0;0;33;0;0;0;20;5;0;0;23;2,715,4142,3912;3816;3902;4142;3181;1979;2976;3205;3288;2561;2940;3197;1505;715;1500;1871,99.9,0.0,9563.1,0,0,0,0,0,0.0,0,0,0,0,0,0,0,0,0.0,0,0,0,0,0,0.0,0.0,0.0,0,0,0,42.1,0.0,0.0,0.0,0.0,27.1,63.4,98.61207723745564,10.2011055739734,35.404549752385826,35.57911224229224,13.846296353126414,1799.0,0.0,0.0,36.568320437989215,0.0,44.52724423823959,14.0,90.4,0.0,0.0,0.0,450.0,9563.1,0.0,0.0,100.815,2.926,103.741,58.551,3.747,99.994,emon,0.561,0.354,144.3,67.5,2.138
2026-09-29 23:02:07.011,16.3,0,86,41;32;12;86;0;0;25;2;0;0;26;3;0;0;31;2,994,4178,3838;3937;3952;4178;2863;2239;2924;3237;2836;2353;2968;3121;1086;994;1643;1270,100.0,0.0,9563.1,0,0,0,0,0,0.0,0,0,0,0,0,0,0,0,0.0,0,0,0,0,0,0.0,0.0,0.0,0,0,0,41.1,0.0,0.0,0.0,0.0,27.1,63.4,98.80605099197932,10.434561126623992,33.21782752564905,33.43439936842284,14.113995542317157,1799.0,0.0,0.0,36.947452336765984,0.0,44.109087366579296,14.0,91.2,0.0,0.0,0.0,450.0,9563.1,0.0,0.0,100.815,2.926,103.741,58.551,3.747,99.994,emon,0.561,0.354,144.3,67.5,2.138
2026-09-29 23:02:08.011,17.7,0,92,47;34;11;92;0;0;30;2;0;0;19;12;2;2;34;0,1304,4155,3840;3979;3958;4155;3329;3032;2902;3255;3208;3193;2928;3031;1304;1316;1496;1715,90.7,0.0,9563.1,0,0,0,0,0,0.0,0,0,0,0,0,0,0,0,0.0,0,0,0,0,0,0.0,0.0,0.0,0,0,0,42.1,0.0,0.0,0.0,0.0,27.1,63.4,98.8594636429367,10.12721455483782,35.15896143239809,34.48140231865392,13.13992103969385,1799.0,0.0,0.0,38.803556809058,0.0,44.092818450326874,14.0,90.3,0.0,0.0,0.0,450.0,9563.1,0.0,0.0,100.815,2.926,103.741,58.551,3.747,99.994,emon,0.561,0.354,144.3,67.5,2.138
2026-09-29 23:02:09.012,18.8,0,91,38;44;14;91;2;0;10;18;2;0;14;17;5;2;24;20,1124,4190,3933;3882;3884;4190;3096;2748;2853;2916;3148;2859;3015;2949;1328;1124;1813;1476,92.3,0.0,9568.9,0,0,0,0,0,0.0,0,0,0,0,0,0,0,0,0.0,0,0,0,0,0,0.0,0.0,0.0,0,0,0,42.1,0.0,0.0,0.0,0.0,27.1,63.4,98.75358831364176,9.571976514463566,31.955270141849052,31.357062810363814,12.70652351752213,1799.0,0.0,0.0,35.36933412086269,0.0,44.793211410554484,14.0,91.2,0.0,0.0,0.0,450.0,9563.1,0.0,0.0,100.815,2.926,103.741,58.551,3.747,99.994,emon,0.561,0.354,144.3,67.5,2.138
2026-09-29 23:02:10.012,16.5,0,91,20;55;6;91;8;2;3;20;0;0;0;29;0;0;3;27,766,4190,4005;3918;3931;4190;3122;3016;3332;2937;3137;3173;2615;2971;919;967;766;1541,99.1,0.0,9563.1,0,0,0,0,0,0.0,0,0,0,0,0,0,0,0,0.0,0,0,0,0,0,0.0,0.0,0.0,0,0,0,42.1,12.34,12.12,0.39,35.09,27.1,63.4,98.66447749577071,9.717816113079378,33.55515507259651,32.99052430904274,12.272978797433117,1799.0,0.0,0.0,36.51387103203819,0.0,44.043986365341226,13.9,90.1,0.0,0.0,0.0,450.0,9563.1,0.0,0.0,100.815,2.926,103.741,58.551,3.747,99.994,emon,0.561,0.354,144.3,67.5,2.138
2026-09-29 23:02:11.013,16.8,0,91,23;55;8;91;2;0;0;28;2;0;0;23;0;0;6;31,768,4193,3939;3822;4003;4193;3166;2904;1981;2942;3149;1472;1632;2925;1052;1127;768;1704,98.9,0.0,9563.1,0,0,0,0,0,0.0,0,0,0,0,0,0,0,0,0.0,0,0,0,0,0,0.0,0.0,0.0,0,0,0,42.1,12.34,12.12,0.39,35.09,27.1,63.4,98.76922207695732,10.154608488402054,33.36187232019432,32.336964405085666,13.078627083664998,1799.0,0.0,0.0,37.865374253640745,0.0,43.52042037051678,14.0,91.1,0.0,0.0,0.0,450.0,9563.1,0.0,0.0,100.815,2.926,103.741,58.551,3.747,99.994,emon,0.561,0.354,144.3,67.5,2.138
2026-09-29 23:02:12.013,16.7,0,86,22;58;8;86;5;0;0;25;2;0;0;29;0;0;3;30,790,4191,4053;3882;3875;4191;3194;2935;2626;2843;3209;2453;3171;2893;994;826;790;1596,91.9,0.0,9563.1,0,0,0,0,0,0.0,0,0,0,0,0,0,0,0,0.0,0,0,0,0,0,0.0,0.0,0.0,0,0,0,43.1,12.34,12.12,0.39,35.09,27.1,63.4,98.54750018535844,10.668352036928171,36.70819832550599,36.19159735193188,14.904437331305722,1799.0,0.0,0.0,39.240513232663496,0.0,42.88934881234112,13.9,89.8,0.0,0.0,0.0,450.0,9563.1,0.0,0.0,100.815,2.926,103.741,58.551,3.747,99.994,emon,0.561,0.354,144.3,67.5,2.138
2026-09-29 23:02:13.014,17.0,0,92,35;55;5;92;6;0;0;25;3;0;0;23;0;0;6;22,946,4182,3832;3874;3950;4182;3124;3232;2725;2918;2809;3079;2248;2882;1398;946;1057;1673,98.1,0.0,9563.1,0,0,0,0,0,0.0,0,0,0,0,0,0,0,0,0.0,0,0,0,0,0,0.0,0.0,0.0,0,0,0,43.1,12.34,12.12,0.39,35.09,27.1,63.4,98.7205727792766,10.522508774483448,36.42625250167226,36.288474921231504,14.46844034159607,1799.0,0.0,0.0,38.24729445811859,0.0,44.191261768376634,13.9,91.0,0.0,0.0,0.0,450.0,9563.1,0.0,0.0,100.295,3.665,103.959,64.226,4.11,99.849,emon,0.548,0.444,144.2,67.5,2.137
2026-09-29 23:02:14.023,15.9,0,86,26;56;14;86;2;2;0;22;0;0;0;22;0;0;3;23,775,4168,4004;3928;3953;4168;3214;3162;2280;2936;3090;2030;1803;2930;775;894;850;1553,99.1,0.0,9563.1,0,0,0,0,0,0.0,0,0,0,0,0,0,0,0,0.0,0,0,0,0,0,0.0,0.0,0.0,0,0,0,44.1,12.33,12.13,0.39,35.19,27.2,63.4,98.6524567097746,10.122486588771716,34.74881695154854,34.503342040912095,13.424447924699834,1799.0,0.0,0.0,36.74072607988848,0.0,43.636564495539815,14.0,91.0,0.0,0.0,0.0,450.0,9563.1,0.0,0.0,100.295,3.665,103.959,64.226,4.11,99.849,emon,0.548,0.444,144.2,67.5,2.137
2026-09-29 23:02:15.024,22.1,2,89,26;60;22;89;14;11;9;30;8;9;2;25;11;6;11;20,1820,4408,4084;4173;4131;4408;3023;3302;3258;3021;3236;3291;3291;3135;1949;2057;1820;1944,10.2,0.0,9563.1,0,0,0,0,0,0.0,0,0,0,0,0,0,0,0,0.0,0,0,0,0,0,0.0,0.0,0.0,0,0,0,82.1,12.33,12.13,0.39,35.19,27.1,63.4,89.43100265809048,7.8567516024143975,31.284875653702535,30.864371267255443,9.67393454119019,1779.6172839506173,0.0,0.0,25.065572810315608,0.0,45.79299137440374,14.0,91.0,0.0,0.0,0.0,450.0,9563.1,0.0,0.0,100.295,3.665,103.959,64.226,4.11,99.849,emon,0.548,0.444,144.2,67.5,2.137
2026-09-29 23:02:16.025,17.1,0,94,16;47;8;94;2;0;0;20;0;0;0;31;0;2;2;54,1509,4603,4527;4316;4603;4554;2719;3215;2380;3038;3125;2437;2668;2999;1854;2180;1509;2503,10.2,0.0,9563.1,0,0,0,0,0,0.0,0,0,0,0,0,0,0,0,0.0,0,0,0,0,0,0.0,0.0,0.0,0,0,0,92.1,12.33,12.13,0.39,35.19,27.1,63.4,76.39745265043007,4.7942028624796365,26.414334391198068,26.983463344933853,1.4478418424533888,1182.9622641509434,0.0,0.0,0.0,0.0,50.81493866106601,4.6,22.7,0.0,0.0,0.0,450.0,9563.1,0.0,0.0,100.295,3.665,103.959,64.226,4.11,99.849,emon,0.548,0.444,144.2,67.5,2.137
2026-09-29 23:02:17.025,13.4,0,78,26;47;8;78;3;0;0;23;0;0;0;23;2;0;0;5,1032,4687,4530;4295;4687;4577;3377;3440;3397;3147;3343;2938;3146;3030;1194;1050;1032;1414,8.2,0.0,9563.1,0,0,0,0,0,0.0,0,0,0,0,0,0,0,0,0.0,0,0,0,0,0,0.0,0.0,0.0,0,0,0,90.1,12.33,12.13,0.39,35.19,27.1,63.4,84.83784938043402,4.650112610194803,25.847494304642197,26.427867780186872,1.4634019339126296,1190.6666666666667,0.0,0.0,0.0,0.0,49.85287088425758,1.4,0.0,0.0,0.0,0.0,450.0,9563.1,0.0,0.0,100.295,3.665,103.959,64.226,4.11,99.849,emon,0.548,0.444,144.2,67.5,2.137
2026-09-29 23:02:18.025,14.5,0,72,22;72;12;47;3;0;0;31;6;0;0;25;0;2;3;8,1015,4645,4638;4445;4645;4470;2854;3068;2977;3124;3382;2628;3151;3038;1015;1056;1039;1662,11.1,0.0,9563.1,0,0,0,0,0,0.0,0,0,0,0,0,0,0,0,0.0,0,0,0,0,0,0.0,0.0,0.0,0,0,0,87.1,22.8,2.59,0.39,31.2,27.1,63.4,98.60675728321075,4.692918624728918,22.769653655588627,23.521419674158096,1.438293314397015,1187.0859375,0.0,0.0,0.0,0.0,50.21907263812318,1.6,0.0,0.0,0.0,0.0,450.0,9563.1,0.0,0.0,100.295,3.665,103.959,64.226,4.11,99.849,emon,0.548,0.444,144.2,67.5,2.137
2026-09-29 23:02:19.025,13.0,0,72,19;42;12;72;0;0;0;30;0;0;0;19;0;0;3;11,1025,4651,4629;4386;4651;4554;3381;3061;2941;3135;3221;1714;1855;3072;1025;1204;1052;1464,11.1,0.0,9563.1,0,0,0,0,0,0.0,0,0,0,0,0,0,0,0,0.0,0,0,0,0,0,0.0,0.0,0.0,0,0,0,89.1,22.8,2.59,0.39,31.2,27.1,63.4,98.7380793195118,4.843719846900853,26.475120946365298,27.32116653133626,1.4693747779996298,1185.9731800766283,0.0,0.0,0.0,0.0,51.1621575859229,1.5,0.0,0.0,0.0,0.0,450.0,9563.1,0.0,0.0,100.295,3.665,103.959,64.226,4.11,99.849,emon,0.548,0.444,144.2,67.5,2.137
2026-09-29 23:02:20.025,9.3,0,58,2;32;2;58;0;0;0;30;0;0;0;11;3;0;6;6,1013,4609,4551;4090;4609;4495;3052;1780;1552;2751;2501;1537;1257;2710;1013;1018;1073;1500,10.0,0.0,9563.1,0,0,0,0,0,0.0,0,0,0,0,0,0,0,0,0.0,0,0,0,0,0,0.0,0.0,0.0,0,0,0,48.1,22.8,2.59,0.39,31.2,27.1,63.4,98.49354687365857,4.675058212035742,22.555838703672528,23.220662038404864,1.3035536034897501,1188.010989010989,0.0,0.0,0.0,0.0,51.53501036282861,1.6,0.0,0.0,0.0,0.0,450.0,9563.1,0.0,0.0,100.295,3.665,103.959,64.226,4.11,99.849,emon,0.548,0.444,144.2,67.5,2.137
2026-09-29 23:02:21.026,7.9,0,47,6;27;2;47;2;0;0;19;0;0;0;16;5;0;0;5,912,4561,4561;4039;4504;4406;2319;1589;2819;2628;1596;1652;1558;2525;1056;912;920;1210,10.3,0.0,9563.1,0,0,0,0,0,0.0,0,0,0,0,0,0,0,0,0.0,0,0,0,0,0,0.0,0.0,0.0,0,0,0,42.1,22.8,2.59,0.39,31.2,27.1,63.4,98.47629514716307,4.761874825337679,26.862878114560395,27.70265987941197,1.4933643853772813,1196.6833976833977,0.0,0.0,0.0,0.0,50.8207921346067,1.4,0.0,0.0,0.0,0.0,450.0,9563.1,0.0,0.0,100.295,3.665,103.959,64.226,4.11,99.849,emon,0.548,0.444,144.2,67.5,2.137
2026-09-29 23:02:22.026,7.9,0,52,6;32;0;52;3;0;0;16;0;0;0;17;0;0;0;0,971,4365,4328;4053;4229;4365;1635;3349;1310;2324;2440;1675;1319;2429;991;971;1023;1021,8.4,0.0,9563.1,0,0,0,0,0,0.0,0,0,0,0,0,0,0,0,0.0,0,0,0,0,0,0.0,0.0,0.0,0,0,0,40.1,15.73,0.27,0.38,20.17,27.1,63.4,98.51987996495755,4.678844934791551,25.71234811338267,26.406816145531216,1.551800599203557,1199.0,0.0,0.0,0.0,0.0,50.61767821243607,1.6,0.0,0.0,0.0,0.0,450.0,9563.1,0.0,0.0,100.295,3.665,103.959,64.226,4.11,99.849,emon,0.548,0.444,144.2,67.5,2.137
2026-09-29 23:02:23.026,7.0,0,38,3;23;0;38;0;0;0;20;0;0;0;23;2;0;0;3,1001,4447,4447;4097;4208;4420;2857;3122;2478;2365;2589;2267;2111;2520;1071;1039;1001;1287,10.8,0.0,9563.1,0,0,0,0,0,0.0,0,0,0,0,0,0,0,0,0.0,0,0,0,0,0,0.0,0.0,0.0,0,0,0,42.1,15.73,0.27,0.38,20.17,27.1,63.4,98.50646000338676,4.726150053525274,26.55721946766502,27.41030888819605,1.5325782058853088,1194.3007518796992,0.0,0.0,0.0,0.0,50.6351512976256,1.4,0.0,0.0,0.0,0.0,450.0,9563.1,0.0,0.0,100.295,3.665,103.959,64.226,4.11,99.849,emon,0.548,0.444,144.2,67.5,2.137
2026-09-29 23:02:24.026,6.0,0,47,3;22;0;47;0;0;0;9;0;0;0;11;0;0;0;5,884,4385,3993;4010;4356;4385;1881;1656;1607;2423;2025;1923;1356;2397;994;1029;884;1283,10.4,0.0,9563.1,0,0,0,0,0,0.0,0,0,0,0,0,0,0,0,0.0,0,0,0,0,0,0.0,0.0,0.0,0,0,0,42.1,15.73,0.27,0.38,20.17,27.1,63.4,98.62062516122494,4.638849930465222,24.253751814140465,24.946633310812825,1.447975250010001,1184.8490566037735,0.0,0.0,0.0,0.0,51.58276501129259,1.5,0.0,0.0,0.0,0.0,450.0,9563.1,0.0,0.0,100.295,3.665,103.959,64.226,4.11,99.849,emon,0.548,0.444,144.2,67.5,2.137
2026-09-29 23:02:25.027,13.7,0,80,20;37;2;80;4;2;3;28;0;0;0;30;5;3;3;3,1132,4269,4085;3990;4147;4269;2590;2537;2408;2833;2805;2193;2143;2818;1132;1235;1247;1202,22.8,0.0,9781.1,0,0,0,0,0,0.0,0,0,0,0,0,0,0,0,0.0,0,0,0,0,0,0.0,0.0,0.0,0,0,0,44.1,15.73,0.27,0.38,20.17,27.7,63.4,96.70880804102644,13.009098583169711,24.434961760145985,28.510238794211904,1.206739337148259,1664.3846153846155,0.0,0.0,30.683704100776424,16.537195882226666,45.94287799911933,1.6,0.0,0.0,0.0,0.0,450.0,9563.0,0.0,0.0,100.295,3.665,103.959,64.226,4.11,99.849,emon,0.548,0.444,144.2,67.5,2.137
2026-09-29 23:02:26.027,14.0,0,95,16;37;11;95;3;0;0;25;2;0;0;28;0;0;0;8,722,4290,4182;3851;4151;4290;3233;2036;2946;2860;3217;2060;2529;2858;722;780;749;1129,22.8,0.0,9781.1,0,0,0,0,0,0.0,0,0,0,0,0,0,0,0,0.0,0,0,0,0,0,0.0,0.0,0.0,0,0,0,43.1,9.6,6.2,0.38,20.25,27.7,63.4,100.00114165357574,17.680343456202422,25.582235536415965,30.728510932628172,1.2333262776116516,1838.5886889460155,0.0,0.0,42.77787949165041,0.0,41.70433390965535,12.2,68.1,0.0,0.0,0.0,450.0,9781.1,0.0,0.0,2.983,1.915,4.898,41.499,2.656,2.242,emon,0.847,0.73,31.5,14.6,2.156
2026-09-29 23:02:27.027,13.6,0,88,20;33;11;88;0;0;0;23;0;0;0;29;0;0;0;12,684,4295,4079;3890;4095;4295;3291;3079;2216;2892;2774;1436;1466;2920;849;853;684;1253,6.2,0.0,9781.1,0,0,0,0,0,0.0,0,0,0,0,0,0,0,0,0.0,0,0,0,0,0,0.0,0.0,0.0,0,0,0,43.1,9.6,6.2,0.38,20.25,27.7,63.4,100.00089557657562,17.29167878288939,24.29853078376415,29.099114841885036,1.1103057432431669,1849.0,0.0,0.0,42.74544921261168,0.0,41.66208989634822,14.1,91.9,0.0,0.0,0.0,450.0,9781.1,0.0,0.0,2.983,1.915,4.898,41.499,2.656,2.242,emon,0.847,0.73,31.5,14.6,2.156
2026-09-29 23:02:28.028,14.6,0,82,23;47;5;82;3;2;0;34;2;0;0;16;3;0;0;18,672,4294,4208;3915;4173;4294;3236;3289;1936;2986;2993;2708;2474;2999;906;1063;672;1671,4.8,0.0,9781.1,0,0,0,0,0,0.0,0,0,0,0,0,0,0,0,0.0,0,0,0,0,0,0.0,0.0,0.0,0,0,0,44.1,9.6,6.2,0.38,20.25,27.6,63.4,99.99800758745204,16.466626265352993,26.62182056911327,29.77732060243137,1.161440197343882,1848.748743718593,0.0,0.0,42.56225635001498,0.0,41.78118998433948,14.1,92.6,0.0,0.0,0.0,450.0,9781.1,0.0,0.0,2.983,1.915,4.898,41.499,2.656,2.242,emon,0.847,0.73,31.5,14.6,2.156
2026-09-29 23:02:29.028,15.9,0,88,23;41;9;88;5;2;0;36;2;0;0;34;5;0;0;11,743,4297,4177;3915;4160;4297;3170;2878;2825;2931;3087;1804;1308;2927;1104;743;764;1411,6.3,0.0,9781.1,0,0,0,0,0,0.0,0,0,0,0,0,0,0,0,0.0,0,0,0,0,0,0.0,0.0,0.0,0,0,0,44.1,9.6,6.2,0.38,20.25,27.6,63.4,99.99638687534834,17.06749685126845,24.25735130753177,28.972312359845684,1.1343280402696163,1849.0,0.0,0.0,42.54325726338795,0.0,41.87678503457969,14.1,91.9,0.0,0.0,0.0,450.0,9781.1,0.0,0.0,2.983,1.915,4.898,41.499,2.656,2.242,emon,0.847,0.73,31.5,14.6,2.156
2026-09-29 23:02:30.038,13.6,0,92,11;42;5;92;2;0;0;23;2;0;0;34;0;0;0;8,697,4293,4194;3902;4271;4293;3187;3113;2942;2959;2935;2446;2449;2976;697;1260;1443;1365,5.9,0.0,9781.1,0,0,0,0,0,0.0,0,0,0,0,0,0,0,0,0.0,0,0,0,0,0,0.0,0.0,0.0,0,0,0,43.1,10.52,22.75,0.39,38.92,27.7,63.4,100.00041992148174,16.631471498010047,26.27370461007369,29.834173153394584,1.1549761500139435,1849.0,0.0,0.0,42.500561157567006,0.0,41.942915007883414,14.1,92.8,0.0,0.0,0.0,450.0,9781.1,0.0,0.0,2.983,1.915,4.898,41.499,2.656,2.242,emon,0.847,0.73,31.5,14.6,2.156
2026-09-29 23:02:31.038,12.4,0,89,16;34;8;89;2;2;0;20;0;0;0;17;0;0;0;11,830,4305,4176;3908;4255;4305;3198;3379;2001;2890;3140;2189;1541;2911;869;830;1262;1646,5.1,0.0,9781.1,0,0,0,0,0,0.0,0,0,0,0,0,0,0,0,0.0,0,0,0,0,0,0.0,0.0,0.0,0,0,0,43.1,10.52,22.75,0.39,38.92,27.3,63.4,100.00010282299186,16.981427582806045,24.32099855127214,28.966104397875597,1.0657975345440696,1844.9493670886077,0.0,0.0,42.140937950919515,0.0,41.84285549120799,14.1,91.8,0.0,0.0,0.0,450.0,9781.1,0.0,0.0,2.983,1.915,4.898,41.499,2.656,2.242,emon,0.847,0.73,31.5,14.6,2.156
2026-09-29 23:02:32.039,13.9,0,94,23;42;8;94;2;0;0;22;0;0;0;22;3;0;0;6,669,4288,4228;3904;4153;4288;2952;2624;2468;2980;3114;3367;2581;2893;726;1613;669;1276,6.2,0.0,9781.1,0,0,0,0,0,0.0,0,0,0,0,0,0,0,0,0.0,0,0,0,0,0,0.0,0.0,0.0,0,0,0,42.1,10.52,22.75,0.39,38.92,27.3,63.4,100.00005038479087,17.022926794528296,26.05605123830022,30.053750981354774,1.1908169960104205,1814.3846153846155,0.0,0.0,42.47803070221547,0.0,41.85786570152726,14.1,92.9,0.0,0.0,0.0,450.0,9781.1,0.0,0.0,2.983,1.915,4.898,41.499,2.656,2.242,emon,0.847,0.73,31.5,14.6,2.156
2026-09-29 23:02:33.039,13.9,0,89,17;41;5;89;3;2;2;20;3;2;0;20;3;2;2;12,671,4252,4181;3883;4115;4252;3068;2796;2974;2944;3023;2929;1875;2914;1243;684;671;1216,5.0,0.0,9781.1,0,0,0,0,0,0.0,0,0,0,0,0,0,0,0,0.0,0,0,0,0,0,0.0,0.0,0.0,0,0,0,43.1,10.52,22.75,0.39,38.92,27.3,63.4,99.99845286287089,17.133873360535965,25.17510184511408,29.443490303314483,1.1725219113595227,1803.8262548262549,0.0,0.0,42.456928688485924,0.0,41.63048310267259,14.1,92.4,0.0,0.0,0.0,450.0,9781.1,0.0,0.0,2.983,1.915,4.898,41.499,2.656,2.242,emon,0.847,0.73,31.5,14.6,2.156
2026-09-29 23:02:34.040,15.3,0,88,19;43;12;88;2;2;2;31;6;0;0;33;0;0;0;8,807,4295,4123;3945;4253;4295;3153;2568;2232;2883;2840;2590;2233;2856;807;896;825;1089,6.4,0.0,9781.1,0,0,0,0,0,0.0,0,0,0,0,0,0,0,0,0.0,0,0,0,0,0,0.0,0.0,0.0,0,0,0,42.1,10.49,22.08,0.39,38.16,27.3,63.4,100.00014077463457,16.80792832036172,26.36330876042766,29.96509935532847,1.1860890403928446,1799.0,0.0,0.0,42.29816265146969,0.0,41.86974525696802,14.1,92.1,0.0,0.0,0.0,450.0,9786.9,0.0,0.0,2.983,1.915,4.898,41.499,2.656,2.242,emon,0.847,0.73,31.5,14.6,2.156
2026-09-29 23:02:35.040,13.3,0,82,19;44;5;82;0;0;0;25;0;2;0;28;2;0;0;8,757,4297,4149;3965;4257;4297;3189;2762;2907;3002;3230;3275;2995;2996;859;757;841;1063,6.2,0.0,9779.8,0,0,0,0,0,0.0,0,0,0,0,0,0,0,0,0.0,0,0,0,0,0,0.0,0.0,0.0,0,0,0,40.1,10.49,22.08,0.39,38.16,27.3,63.4,100.00061721610545,17.03858003177141,26.104283635777637,29.973013019800785,1.158071581847631,1799.0,0.0,0.0,42.7130795046868,0.0,41.675543705801516,14.1,92.6,0.0,0.0,0.0,450.0,9782.4,0.0,0.0,2.983,1.915,4.898,41.499,2.656,2.242,emon,0.847,0.73,31.5,14.6,2.156
2026-09-29 23:02:36.040,13.7,0,84,11;48;2;84;2;0;0;20;2;0;0;29;0;0;0;22,862,4290,4164;3817;4208;4290;2923;3064;2330;2939;3074;1549;1413;2969;918;862;1280;1438,4.9,0.0,9779.8,0,0,0,0,0,0.0,0,0,0,0,0,0,0,0,0.0,0,0,0,0,0,0.0,0.0,0.0,0,0,0,40.1,10.49,22.08,0.39,38.16,27.3,63.4,100.0003757154368,16.853282422631477,24.3501115180116,28.393159215254965,1.1075257902454176,1799.0,0.0,0.0,42.5070052175148,0.0,41.67042592077411,14.1,91.8,0.0,0.0,0.0,450.0,9779.8,0.0,0.0,2.983,1.915,4.898,41.499,2.656,2.242,emon,0.847,0.73,31.5,14.6,2.156
2026-09-29 23:02:37.047,12.7,0,83,22;40;5;83;0;0;0;23;2;0;0;25;0;0;0;5,622,4282,4137;3892;4282;4269;3158;3077;3070;2962;3125;3348;3218;2926;732;865;622;1134,4.9,0.0,9779.8,0,0,0,0,0,0.0,0,0,0,0,0,0,0,0,0.0,0,0,0,0,0,0.0,0.0,0.0,0,0,0,40.1,10.49,22.08,0.39,38.16,27.4,63.4,99.99593636483857,16.75592397021205,25.560785784263803,29.255002032118764,1.1508001362982223,1799.0,0.0,0.0,42.52690196063369,0.0,41.7501036464289,14.1,92.6,0.0,0.0,0.0,450.0,9779.8,0.0,0.0,11.343,7.243,18.586,41.905,2.682,15.904,emon,0.618,0.579,103.7,48.6,2.133
2026-09-29 23:02:38.047,12.9,0,89,12;46;6;89;0;0;0;25;2;0;0;17;0;0;0;9,783,4302,4140;3921;4245;4302;3047;2980;2281;2959;3043;3335;2370;2927;1351;1177;783;1359,6.5,0.0,9779.8,0,0,0,0,0,0.0,0,0,0,0,0,0,0,0,0.0,0,0,0,0,0,0.0,0.0,0.0,0,0,0,40.1,10.31,21.64,0.4,37.52,27.3,63.4,99.99926742182498,17.54541505703395,24.55251136158859,29.97864279129975,1.1740394614177945,1799.0,0.0,0.0,42.366351140496675,0.0,41.67748296125298,14.1,91.7,0.0,0.0,0.0,450.0,9785.6,0.0,0.0,11.343,7.243,18.586,41.905,2.682,15.904,emon,0.618,0.579,103.7,48.6,2.133
2026-09-29 23:02:39.048,13.2,0,88,31;20;9;88;18;2;0;9;20;0;0;6;5;0;0;3,822,4281,3881;4062;4122;4281;3054;3143;3043;2969;3011;2524;2625;2989;975;822;858;1199,5.7,0.0,9779.8,0,0,0,0,0,0.0,0,0,0,0,0,0,0,0,0.0,0,0,0,0,0,0.0,0.0,0.0,0,0,0,41.1,10.31,21.64,0.4,37.52,27.3,63.4,99.9992413711057,17.093624890313283,26.10977042657221,29.928849407758186,1.174377200954935,1799.0,0.0,0.0,42.31437474883196,0.0,42.024922177342376,14.1,92.6,0.0,0.0,0.0,450.0,9779.8,0.0,0.0,11.343,7.243,18.586,41.905,2.682,15.904,emon,0.618,0.579,103.7,48.6,2.133
2026-09-29 23:02:40.048,16.8,2,88,39;25;14;88;31;9;3;2;20;5;2;5;20;3;2;2,1753,4219,3862;4048;4027;4219;3019;3237;3317;3323;2995;3224;3341;3328;1753;2327;1882;2501,6.2,0.0,9779.8,0,0,0,0,0,0.0,0,0,0,0,0,0,0,0,0.0,0,0,0,0,0,0.0,0.0,0.0,0,0,0,41.1,10.31,21.64,0.4,37.52,27.4,63.4,99.9968140620335,17.111025995054064,23.978357845354992,28.412827026464377,1.1669375789571246,1799.0,0.0,0.0,42.537995458321326,0.0,41.84862993670024,14.1,91.8,0.0,0.0,0.0,450.0,9779.8,0.0,0.0,11.343,7.243,18.586,41.905,2.682,15.904,emon,0.618,0.579,103.7,48.6,2.133
2026-09-29 23:02:41.049,13.7,0,97,43;17;8;97;25;2;0;0;16;0;0;0;12;0;0;0,774,4310,3915;4122;4285;4310;2893;2986;2983;3185;2946;2970;3282;2278;1154;832;774;822,6.1,0.0,9779.8,0,0,0,0,0,0.0,0,0,0,0,0,0,0,0,0.0,0,0,0,0,0,0.0,0.0,0.0,0,0,0,42.1,10.31,21.64,0.4,37.52,27.4,63.4,100.0001848019921,16.555867195390988,26.411656019397768,29.31625407476884,1.2502526932489892,1802.0559167750325,0.0,0.0,42.495912203158014,0.0,41.930982163100644,14.1,92.8,0.0,0.0,0.0,450.0,9779.8,0.0,0.0,11.343,7.243,18.586,41.905,2.682,15.904,emon,0.618,0.579,103.7,48.6,2.133
2026-09-29 23:02:42.049,13.4,0,86,44;25;2;86;22;2;0;0;22;0;0;0;12;0;0;0,632,4290,3824;4117;4176;4290;2912;3127;2893;2159;2944;2706;2752;1909;1614;731;989;632,4.6,0.0,9779.8,0,0,0,0,0,0.0,0,0,0,0,0,0,0,0,0.0,0,0,0,0,0,0.0,0.0,0.0,0,0,0,42.1,10.91,21.78,0.39,38.25,27.4,63.4,99.99900878077183,17.208633255758077,25.56432880251096,29.390734225935645,1.2212572179343593,1809.2846054333766,0.0,0.0,42.4064777688901,0.0,41.974484534384544,14.1,92.2,0.0,0.0,0.0,450.0,9779.8,0.0,0.0,11.343,7.243,18.586,41.905,2.682,15.904,emon,0.618,0.579,103.7,48.6,2.133
2026-09-29 23:02:43.049,13.6,0,85,40;19;9;85;30;3;0;0;23;2;0;0;5;0;2;0,671,4274,3943;4135;4152;4274;2985;3221;3142;2271;3016;3165;1538;1257;1193;671;1061;737,6.8,0.0,9681.4,0,0,0,0,0,0.0,0,0,0,0,0,0,0,0,0.0,0,0,0,0,0,0.0,0.0,0.0,0,0,0,43.1,10.91,21.78,0.39,38.25,27.4,63.4,99.99885421615463,16.86839372525651,26.07046834750525,29.559546278557107,1.1552184890500063,1820.8146718146718,0.0,0.0,42.31873459031984,0.0,41.89056926554661,14.1,92.3,0.0,0.0,0.0,450.0,9779.8,0.0,0.0,11.343,7.243,18.586,41.905,2.682,15.904,emon,0.618,0.579,103.7,48.6,2.133
2026-09-29 23:02:44.063,15.8,0,94,48;14;11;94;29;3;0;0;34;5;0;0;15;2;0;0,608,4216,3850;4094;4142;4216;2974;3212;3217;2437;3034;2990;1181;1182;1400;1051;924;608,99.7,0.0,9682.4,0,0,0,0,0,0.0,0,0,0,0,0,0,0,0,0.0,0,0,0,0,0,0.0,0.0,0.0,0,0,0,44.1,10.91,21.78,0.39,38.25,27.5,63.4,99.0084478386497,12.250694878844438,30.443721505435736,31.50316859093433,10.527550122224673,1801.825552825553,0.0,0.0,42.50363264454578,0.0,40.73343467994488,14.1,92.5,0.0,0.0,0.0,450.0,9682.3,0.0,0.0,11.343,7.243,18.586,41.905,2.682,15.904,emon,0.618,0.579,103.7,48.6,2.133
2026-09-29 23:02:45.064,16.5,0,82,58;26;6;82;36;6;0;0;32;0;2;0;12;2;2;0,796,4204,3881;3947;4117;4204;2950;3188;3150;3204;2923;2899;3011;2408;1435;1287;796;989,99.3,0.0,9682.4,0,0,0,0,0,0.0,0,0,0,0,0,0,0,0,0.0,0,0,0,0,0,0.0,0.0,0.0,0,0,0,43.1,10.91,21.78,0.39,38.25,27.4,63.4,98.9726114557935,10.918814687447792,35.86037363495146,35.14347282659214,15.11764075237798,1799.0,0.0,0.0,41.916681747455996,0.0,40.71838163600478,13.9,91.0,0.0,0.0,0.0,450.0,9682.4,0.0,0.0,11.343,7.243,18.586,41.905,2.682,15.904,emon,0.618,0.579,103.7,48.6,2.133
2026-09-29 23:02:46.064,25.3,6,91,57;48;22;91;34;16;16;9;39;18;6;6;23;6;8;6,1744,4141,3868;3978;3983;4141;2969;3258;3304;3277;2991;3267;3310;3266;1744;2205;2234;2252,93.6,0.0,9686.4,0,0,0,0,0,0.0,0,0,0,0,0,0,0,0,0.0,0,0,0,0,0,0.0,0.0,0.0,0,0,0,43.1,11.68,16.67,0.39,36.6,27.4,63.4,99.026600038343,9.841841662033564,33.822682959876126,32.65685093936562,13.790500756756956,1799.0,0.0,0.0,40.80000101434869,0.0,40.7294609722528,14.0,92.1,0.0,0.0,0.0,450.0,9683.7,0.0,0.0,11.343,7.243,18.586,41.905,2.682,15.904,emon,0.618,0.579,103.7,48.6,2.133
2026-09-29 23:02:47.065,16.4,0,89,48;28;9;89;27;11;0;0;30;3;0;0;17;0;0;0,814,4179,3797;3875;3932;4179;2895;3144;2802;2170;2850;3034;2474;2859;1632;814;904;953,93.6,0.0,9686.4,0,0,0,0,0,0.0,0,0,0,0,0,0,0,0,0.0,0,0,0,0,0,0.0,0.0,0.0,0,0,0,42.1,11.68,16.67,0.39,36.6,27.4,63.4,99.13270368129426,9.891444087110603,33.37548768290475,33.00212872783671,13.062761491228786,1799.0,0.0,0.0,36.55266267408202,0.0,44.578402785781854,14.0,90.7,0.0,0.0,0.0,450.0,9686.4,0.0,0.0,11.343,7.243,18.586,41.905,2.682,15.904,emon,0.618,0.579,103.7,48.6,2.133
2026-09-29 23:02:48.065,17.6,0,90,42;38;11;90;33;6;0;0;28;2;0;2;31;0;0;0,1331,4179,3849;3911;3886;4179;2883;3017;2853;2471;2879;3085;2383;2861;1619;1641;1331;1448,100.0,0.0,9686.4,0,0,0,0,0,0.0,0,0,0,0,0,0,0,0,0.0,0,0,0,0,0,0.0,0.0,0.0,0,0,0,42.1,11.68,16.67,0.39,36.6,27.4,63.4,98.83305019115849,9.958836406316877,34.85049982903599,34.112532946821126,13.02961199169554,1799.0,0.0,0.0,36.736360498676696,0.0,44.69870541271129,14.0,91.2,0.0,0.0,0.0,450.0,9686.4,0.0,0.0,11.343,7.243,18.586,41.905,2.682,15.904,emon,0.618,0.579,103.7,48.6,2.133
2026-09-29 23:02:49.066,16.6,0,94,41;31;11;94;28;5;2;0;28;2;0;0;25;0;0;0,980,4192,3833;3877;3879;4192;2898;3087;2891;3013;2896;2969;2918;1673;1650;1030;982;980,100.0,0.0,9682.4,0,0,0,0,0,0.0,0,0,0,0,0,0,0,0,0.0,0,0,0,0,0,0.0,0.0,0.0,0,0,0,42.1,11.68,16.67,0.39,36.6,27.4,63.4,98.90503226994166,10.142556710020019,32.74391609581971,32.8510109580636,13.921164028363396,1799.0,0.0,0.0,38.17717095932992,0.0,44.208949326129826,14.0,90.6,0.0,0.0,0.0,450.0,9682.4,0.0,0.0,101.952,3.704,105.656,78.874,5.048,100.608,emon,0.531,0.424,143.6,67.4,2.13
2026-09-29 23:02:50.066,17.1,0,89,37;48;9;89;20;8;0;0;27;3;0;0;30;2;0;2,826,4174,3885;3972;3780;4174;2983;3124;3240;3132;2897;3212;3366;1537;1552;1526;1206;826,99.0,0.0,9682.4,0,0,0,0,0,0.0,0,0,0,0,0,0,0,0,0.0,0,0,0,0,0,0.0,0.0,0.0,0,0,0,42.1,12.79,12.18,0.39,35.64,27.4,63.4,98.80318895733588,10.24824268691799,34.905827254015655,35.10933723635301,13.587870809425816,1799.0,0.0,0.0,36.16680578205836,0.0,45.23989317370894,14.0,91.5,0.0,0.0,0.0,450.0,9682.4,0.0,0.0,101.952,3.704,105.656,78.874,5.048,100.608,emon,0.531,0.424,143.6,67.4,2.13
2026-09-29 23:02:51.095,15.4,0,86,49;34;9;86;21;2;0;0;18;2;0;0;27;0;0;0,1029,4167,3742;3921;3835;4167;2920;3238;3112;3240;2946;3224;3314;2640;1630;1128;1086;1029,100.0,0.0,9682.4,0,0,0,0,0,0.0,0,0,0,0,0,0,0,0,0.0,0,0,0,0,0,0.0,0.0,0.0,0,0,0,42.1,12.79,12.18,0.39,35.64,27.5,63.4,98.77135803821412,10.011920792592264,32.83051299215929,32.748235267794705,14.00081282707569,1799.0,0.0,0.0,36.54169349122524,0.0,44.529794984931726,14.0,90.8,0.0,0.0,0.0,450.0,9682.4,0.0,0.0,101.952,3.704,105.656,78.874,5.048,100.608,emon,0.531,0.424,143.6,67.4,2.13
2026-09-29 23:02:52.095,17.1,0,88,34;42;14;88;36;2;3;3;17;3;0;0;30;2;0;0,894,4172,3882;3988;3932;4172;2961;3179;3192;3240;2909;3194;2086;1755;1572;1046;1227;894,93.7,0.0,9682.4,0,0,0,0,0,0.0,0,0,0,0,0,0,0,0,0.0,0,0,0,0,0,0.0,0.0,0.0,0,0,0,42.1,12.79,12.18,0.39,35.64,27.4,63.4,98.77363980183749,10.503544123963314,35.880690913407406,36.44256374747062,14.736707606355475,1799.0,0.0,0.0,36.71167246719786,0.0,45.04421380531433,13.9,90.8,0.0,0.0,0.0,450.0,9682.4,0.0,0.0,101.952,3.704,105.656,78.874,5.048,100.608,emon,0.531,0.424,143.6,67.4,2.13
2026-09-29 23:02:53.096,17.8,0,81,48;36;5;81;35;2;2;0;39;5;0;0;32;0;0;0,1048,4175,3853;3965;3962;4175;2935;3268;3286;3193;2933;3213;2804;1371;1548;1048;1175;1099,100.0,0.0,9682.4,0,0,0,0,0,0.0,0,0,0,0,0,0,0,0,0.0,0,0,0,0,0,0.0,0.0,0.0,0,0,0,43.1,12.79,12.18,0.39,35.64,27.4,63.4,99.00527240304854,10.350290190796361,34.14739014782395,34.80627738773533,14.035552916984217,1799.0,0.0,0.0,36.60494809444464,0.0,45.28753027920116,14.0,91.3,0.0,0.0,0.0,450.0,9682.4,0.0,0.0,101.952,3.704,105.656,78.874,5.048,100.608,emon,0.531,0.424,143.6,67.4,2.13
2026-09-29 23:02:54.097,17.1,0,89,36;42;9;89;28;11;0;0;30;2;0;0;26;0;0;0,893,4191,3768;3861;3819;4191;2913;3150;3240;3011;2942;3147;2950;2618;1475;1441;1286;893,91.5,0.0,9516.7,0,0,0,0,0,0.0,0,0,0,0,0,0,0,0,0.0,0,0,0,0,0,0.0,0.0,0.0,0,0,0,42.1,12.34,12.24,0.39,35.21,27.3,63.4,98.51166067829325,10.448628870794666,34.973154767356945,35.56024350338387,13.598783804625489,1799.0,0.0,0.0,36.1577532362032,0.0,44.18055332671956,14.0,90.4,0.0,0.0,0.0,450.0,9537.8,0.0,0.0,101.952,3.704,105.656,78.874,5.048,100.608,emon,0.531,0.424,143.6,67.4,2.13
2026-09-29 23:02:55.097,14.5,0,92,43;27;8;92;16;11;2;0;16;2;0;0;17;0;0;0,649,4188,3827;3931;3750;4188;2937;3234;3037;3311;2928;3244;2380;2541;1481;953;804;649,90.3,0.0,9516.7,0,0,0,0,0,0.0,0,0,0,0,0,0,0,0,0.0,0,0,0,0,0,0.0,0.0,0.0,0,0,0,41.1,12.34,12.24,0.39,35.21,27.3,63.4,98.63912558215004,10.071873511283526,34.12195060597999,34.0383148031735,12.537158469179412,1799.0,0.0,0.0,37.02892977867375,0.0,44.357590315289606,14.0,91.8,0.0,0.0,0.0,450.0,9516.7,0.0,0.0,101.952,3.704,105.656,78.874,5.048,100.608,emon,0.531,0.424,143.6,67.4,2.13
2026-09-29 23:02:56.098,17.1,0,86,42;40;14;86;30;0;2;2;28;0;0;0;29;2;0;0,577,4246,3734;3867;3879;4246;2883;3146;3252;3182;2871;3228;2104;1654;1446;932;676;577,90.3,0.0,9516.7,0,0,0,0,0,0.0,0,0,0,0,0,0,0,0,0.0,0,0,0,0,0,0.0,0.0,0.0,0,0,0,42.1,12.34,12.24,0.39,35.21,27.3,63.4,98.99636261477441,10.19094027792979,33.16238141773704,32.834989894203794,13.925306481285446,1799.0,0.0,0.0,35.365844959352714,0.0,44.66498326202244,14.0,90.8,0.0,0.0,0.0,450.0,9516.7,0.0,0.0,101.952,3.704,105.656,78.874,5.048,100.608,emon,0.531,0.424,143.6,67.4,2.13
2026-09-29 23:02:57.099,14.3,0,83,46;17;6;83;32;8;2;0;19;2;0;0;15;0;0;0,763,4179,3826;3967;3844;4179;2901;3114;3133;2962;2936;3262;2989;3145;1359;1163;1247;763,100.0,0.0,9516.7,0,0,0,0,0,0.0,0,0,0,0,0,0,0,0,0.0,0,0,0,0,0,0.0,0.0,0.0,0,0,0,42.1,12.34,12.24,0.39,35.21,27.3,63.4,99.06810988217902,10.407671731260134,35.3615244050769,35.09027348366603,13.590453706067304,1799.0,0.0,0.0,37.17701585187693,0.0,43.87819177733556,14.0,91.6,0.0,0.0,0.0,450.0,9516.7,0.0,0.0,101.952,3.704,105.656,78.874,5.048,100.608,emon,0.531,0.424,143.6,67.4,2.13
2026-09-29 23:02:58.099,15.7,0,89,31;41;6;89;33;3;0;0;19;2;0;0;24;0;5;0,1039,4171,3788;3946;3935;4171;2850;3117;2173;2916;2884;3174;2622;2508;1583;1101;1152;1039,99.4,0.0,9516.7,0,0,0,0,0,0.0,0,0,0,0,0,0,0,0,0.0,0,0,0,0,0,0.0,0.0,0.0,0,0,0,42.1,11.74,12.36,0.39,34.72,27.3,63.4,98.44391230736579,9.674667027222897,33.04519721436334,32.87178930121285,12.91689114891582,1799.0,0.0,0.0,35.419669027785424,0.0,44.26762380743052,14.0,90.9,0.0,0.0,0.0,450.0,9516.7,0.0,0.0,101.952,3.704,105.656,78.874,5.048,100.608,emon,0.531,0.424,143.6,67.4,2.13
2026-09-29 23:02:59.100,17.6,0,92,46;36;12;92;31;6;2;0;28;5;0;0;23;0;0;0,1021,4118,3879;3890;3743;4118;2894;3214;3320;3109;2962;3176;3021;2310;1736;1021;1552;1121,99.7,0.0,9516.7,0,0,0,0,0,0.0,0,0,0,0,0,0,0,0,0.0,0,0,0,0,0,0.0,0.0,0.0,0,0,0,42.1,11.74,12.36,0.39,34.72,27.3,63.4,98.80972148809394,10.341592247708412,34.68956045246344,34.56399551787163,12.928240228017746,1799.0,0.0,0.0,37.97272643137985,0.0,44.01277053687119,13.9,91.0,0.0,0.0,0.0,450.0,9516.7,0.0,0.0,101.952,3.704,105.656,78.874,5.048,100.608,emon,0.531,0.424,143.6,67.4,2.13
2026-09-29 23:03:00.101,19.1,0,92,41;38;19;92;24;3;6;3;30;5;0;0;41;2;2;0,906,4172,3810;3888;3899;4172;2863;2849;2494;3017;2867;3009;2519;1894;1468;1460;1450;906,99.3,0.0,9516.7,0,0,0,0,0,0.0,0,0,0,0,0,0,0,0,0.0,0,0,0,0,0,0.0,0.0,0.0,0,0,0,42.1,11.74,12.36,0.39,34.72,27.2,63.4,98.78018075514605,9.38668988689285,31.832568054385657,31.204514000166387,12.967312637131858,1799.0,0.0,0.0,37.012860075046774,0.0,44.12392348576123,14.0,90.8,0.0,0.0,0.0,450.0,9516.7,0.0,0.0,101.952,3.704,105.656,78.874,5.048,100.608,emon,0.531,0.424,143.6,67.4,2.13
2026-09-29 23:03:01.101,17.7,0,94,42;39;11;94;29;3;3;0;20;0;3;3;34;2;0;0,847,4172,3827;3957;3953;4172;2896;3168;3250;3076;2886;3013;1775;2571;1656;1366;847;1731,100.0,0.0,9516.7,0,0,0,0,0,0.0,0,0,0,0,0,0,0,0,0.0,0,0,0,0,0,0.0,0.0,0.0,0,0,0,43.1,11.74,12.36,0.39,34.72,27.2,63.4,99.1097946445534,10.34240515568924,35.27544482473041,35.11607297911906,13.875058888849503,1799.0,0.0,0.0,37.99698614816716,0.0,44.89108019655296,14.0,91.0,0.0,0.0,0.0,450.0,9516.7,0.0,0.0,101.844,3.25,105.094,64.556,4.132,100.962,emon,0.556,0.377,143.9,67.3,2.137
2026-09-29 23:03:02.102,15.9,0,86,42;34;9;86;23;5;0;0;25;2;0;0;29;0;0;0,718,4193,3839;3923;3891;4193;2900;3218;2838;2922;2837;3156;1851;2489;1535;718;1256;846,100.0,0.0,9516.7,0,0,0,0,0,0.0,0,0,0,0,0,0,0,0,0.0,0,0,0,0,0,0.0,0.0,0.0,0,0,0,43.1,11.74,12.36,0.39,34.72,27.2,63.4,98.36714026014505,10.220993731847164,35.06642516452,34.69923107583401,13.216662360357834,1799.0,0.0,0.0,35.989430986382814,0.0,44.20168172652342,14.0,91.3,0.0,0.0,0.0,450.0,9516.7,0.0,0.0,101.844,3.25,105.094,64.556,4.132,100.962,emon,0.556,0.377,143.9,67.3,2.137
2026-09-29 23:03:03.103,15.7,0,94,40;42;6;94;25;5;0;0;22;2;0;0;17;0;0;0,922,4139,3877;3913;3921;4139;2874;3186;3145;2690;2975;3166;1817;1708;1442;1721;1137;922,93.0,0.0,9516.7,0,0,0,0,0,0.0,0,0,0,0,0,0,0,0,0.0,0,0,0,0,0,0.0,0.0,0.0,0,0,0,44.1,11.74,12.36,0.39,34.72,27.2,63.4,98.76268886363088,10.251539377159435,34.58234668049285,34.59818236678912,14.041622211816664,1799.0,0.0,0.0,36.43152906213362,0.0,44.01843051029499,13.9,89.9,0.0,0.0,0.0,450.0,9516.7,0.0,0.0,101.844,3.25,105.094,64.556,4.132,100.962,emon,0.556,0.377,143.9,67.3,2.137
2026-09-29 23:03:04.119,17.8,0,89,36;40;5;89;29;5;0;0;31;2;0;0;46;0;2;2,1270,4176,3834;3932;3943;4176;2879;3182;2986;2711;2875;3245;2256;1473;1745;1272;1925;1270,90.9,0.0,9516.7,0,0,0,0,0,0.0,0,0,0,0,0,0,0,0,0.0,0,0,0,0,0,0.0,0.0,0.0,0,0,0,42.1,11.74,12.36,0.39,34.72,27.3,63.4,98.8219725639248,10.048907608869802,33.37667230296565,33.292212006660506,13.480274124376734,1799.0,0.0,0.0,36.657137007332096,0.0,44.59344521430563,14.0,91.2,0.0,0.0,0.0,450.0,9522.6,0.0,0.0,101.844,3.25,105.094,64.556,4.132,100.962,emon,0.556,0.377,143.9,67.3,2.137
2026-09-29 23:03:05.120,16.3,0,78,35;42;9;78;25;6;0;0;22;2;0;0;41;0;0;0,869,4119,3753;3878;3889;4119;2910;3101;2976;3117;2944;3176;3131;3112;1588;1137;878;869,86.5,0.0,9516.7,0,0,0,0,0,0.0,0,0,0,0,0,0,0,0,0.0,0,0,0,0,0,0.0,0.0,0.0,0,0,0,42.1,0.0,0.0,0.0,0.0,27.2,63.4,98.39443220233,10.194102797689277,35.093357122829886,35.111700195004396,13.15510276473429,1799.0,0.0,0.0,36.343061264538356,0.0,43.96182593906994,14.0,90.4,0.0,0.0,0.0,450.0,9516.7,0.0,0.0,101.844,3.25,105.094,64.556,4.132,100.962,emon,0.556,0.377,143.9,67.3,2.137
2026-09-29 23:03:06.120,16.8,0,89,42;31;6;89;28;9;3;0;32;0;0;0;29;0;0;0,846,4144,3834;3935;3897;4144;2900;3235;2996;2779;2918;3266;3050;2985;1641;1711;846;1170,86.5,0.0,9516.7,0,0,0,0,0,0.0,0,0,0,0,0,0,0,0,0.0,0,0,0,0,0,0.0,0.0,0.0,0,0,0,42.1,0.0,0.0,0.0,0.0,27.2,63.4,98.83194721853229,9.989358240479692,34.07097065282697,34.03666158225584,13.011512963980122,1799.0,0.0,0.0,37.06546095108357,0.0,44.431773282655186,14.0,91.5,0.0,0.0,0.0,450.0,9516.7,0.0,0.0,101.844,3.25,105.094,64.556,4.132,100.962,emon,0.556,0.377,143.9,67.3,2.137
2026-09-29 23:03:07.120,16.0,0,85,33;38;11;85;23;5;0;2;23;3;2;2;30;2;0;0,803,4199,3857;4015;3948;4199;2939;3190;3076;2743;2941;3190;2817;2615;1571;1298;1818;803,100.0,0.0,9516.7,0,0,0,0,0,0.0,0,0,0,0,0,0,0,0,0.0,0,0,0,0,0,0.0,0.0,0.0,0,0,0,43.1,0.0,0.0,0.0,0.0,27.2,63.4,98.8501737575403,9.97767198780339,33.0337500565004,32.896157335029955,13.470347513484178,1799.0,0.0,0.0,39.239574490738846,0.0,44.10335215830636,14.0,90.6,0.0,0.0,0.0,450.0,9516.7,0.0,0.0,101.844,3.25,105.094,64.556,4.132,100.962,emon,0.556,0.377,143.9,67.3,2.137
2026-09-29 23:03:08.121,17.1,0,81,35;44;11;81;28;8;2;0;23;3;0;0;36;2;0;0,876,4172,3930;4030;3977;4172;2970;3070;3184;3101;2938;2803;3169;1628;1575;1078;986;876,100.0,0.0,9516.7,0,0,0,0,0,0.0,0,0,0,0,0,0,0,0,0.0,0,0,0,0,0,0.0,0.0,0.0,0,0,0,43.1,0.0,0.0,0.0,0.0,27.2,63.4,98.9249144218708,10.472674196710527,35.27307622386978,35.669186544804994,13.890589079436172,1799.0,0.0,0.0,36.57780207332127,0.0,44.91231829981489,14.0,91.1,0.0,0.0,0.0,450.0,9516.7,0.0,0.0,101.844,3.25,105.094,64.556,4.132,100.962,emon,0.556,0.377,143.9,67.3,2.137
2026-09-29 23:03:09.121,15.8,0,94,23;42;9;94;9;20;5;2;3;22;0;0;8;15;0;0,845,4201,3845;3865;4004;4201;2904;2947;3131;3301;2971;2936;3154;2940;1301;1602;1108;845,93.7,0.0,9516.7,0,0,0,0,0,0.0,0,0,0,0,0,0,0,0,0.0,0,0,0,0,0,0.0,0.0,0.0,0,0,0,42.1,12.32,12.31,0.39,35.37,27.2,63.4,98.5329496483008,9.861156635659022,32.285683147774805,32.18357209397687,12.91350152267591,1799.0,0.0,0.0,35.20570762851761,0.0,44.52997864474116,14.0,90.4,0.0,0.0,0.0,450.0,9516.7,0.0,0.0,101.844,3.25,105.094,64.556,4.132,100.962,emon,0.556,0.377,143.9,67.3,2.137
2026-09-29 23:03:10.122,16.5,0,89,18;56;11;89;0;23;6;0;0;27;3;0;3;26;0;0,862,4188,4017;3924;3987;4188;3225;2915;3250;3312;2441;2886;3309;3275;862;1877;1034;1176,99.6,0.0,9516.7,0,0,0,0,0,0.0,0,0,0,0,0,0,0,0,0.0,0,0,0,0,0,0.0,0.0,0.0,0,0,0,43.1,12.32,12.31,0.39,35.37,27.2,63.4,98.96791106039691,10.610580879350366,35.511815897281046,35.99388264907169,14.397718073295039,1799.0,0.0,0.0,37.59216969092286,0.0,44.155684355943016,13.9,90.6,0.0,0.0,0.0,450.0,9516.7,0.0,0.0,101.844,3.25,105.094,64.556,4.132,100.962,emon,0.556,0.377,143.9,67.3,2.137
2026-09-29 23:03:11.123,15.5,0,91,27;52;6;91;0;20;2;0;0;25;0;0;3;20;2;0,710,4235,3904;3902;4013;4235;1393;2869;3080;3082;2059;2939;3032;3331;710;1358;934;807,100.0,0.0,9516.7,0,0,0,0,0,0.0,0,0,0,0,0,0,0,0,0.0,0,0,0,0,0,0.0,0.0,0.0,0,0,0,43.1,12.32,12.31,0.39,35.37,27.3,63.4,98.50508326704812,10.010160229874419,32.464367682913995,32.73137594478778,13.615215961289527,1799.0,0.0,0.0,36.20117369378269,0.0,44.27144607422528,14.0,91.2,0.0,0.0,0.0,450.0,9516.7,0.0,0.0,101.844,3.25,105.094,64.556,4.132,100.962,emon,0.556,0.377,143.9,67.3,2.137
2026-09-29 23:03:12.124,17.3,0,94,19;69;9;94;0;22;3;2;0;25;5;0;3;25;2;0,771,4175,3973;3941;3995;4175;2604;2951;3152;2698;2699;2983;3205;3166;771;1769;1422;1503,100.0,0.0,9516.7,0,0,0,0,0,0.0,0,0,0,0,0,0,0,0,0.0,0,0,0,0,0,0.0,0.0,0.0,0,0,0,43.1,12.32,12.31,0.39,35.37,27.2,63.4,99.23336265664624,9.81152603100783,33.54187750966819,33.44693232972631,12.258400198668685,1799.0,0.0,0.0,36.29485636079685,0.0,44.206064831267774,14.0,90.5,0.0,0.0,0.0,450.0,9516.7,0.0,0.0,100.776,3.598,104.374,69.477,4.447,99.927,emon,0.545,0.455,143.7,67.4,2.13
2026-09-29 23:03:13.124,15.1,0,92,27;42;9;92;0;27;3;0;0;22;2;0;0;19;0;0,767,4192,3933;3925;3995;4192;2033;2932;3246;3102;2000;2964;3301;3335;767;1462;941;876,100.0,0.0,9516.7,0,0,0,0,0,0.0,0,0,0,0,0,0,0,0,0.0,0,0,0,0,0,0.0,0.0,0.0,0,0,0,43.1,12.52,12.28,0.39,35.4,27.2,63.4,98.82386290897493,10.42853166345183,34.98349152400118,35.07218281471211,13.812452612359346,1799.0,0.0,0.0,37.26612915516054,0.0,44.23965052496511,14.0,91.2,0.0,0.0,0.0,450.0,9516.7,0.0,0.0,100.776,3.598,104.374,69.477,4.447,99.927,emon,0.545,0.455,143.7,67.4,2.13
2026-09-29 23:03:14.125,17.5,0,85,22;59;9;85;0;31;3;2;0;37;3;0;0;26;2;2,838,4198,3915;3895;3967;4198;2715;2935;3075;3373;3137;3008;3261;3312;838;1582;1633;1590,92.5,0.0,9516.7,0,0,0,0,0,0.0,0,0,0,0,0,0,0,0,0.0,0,0,0,0,0,0.0,0.0,0.0,0,0,0,42.1,12.52,12.28,0.39,35.4,27.2,63.4,98.18884090707215,10.32683184654147,34.57833345079894,34.70967846389702,13.257151408738483,1799.0,0.0,0.0,35.79891074364601,0.0,43.45352295036738,13.9,90.0,0.0,0.0,0.0,450.0,9516.7,0.0,0.0,100.776,3.598,104.374,69.477,4.447,99.927,emon,0.545,0.455,143.7,67.4,2.13
2026-09-29 23:03:15.126,25.7,3,88,36;76;25;88;6;35;17;10;5;41;9;13;12;30;6;3,1156,4117,4002;3937;3976;4117;3336;3078;3142;3253;3360;3116;3255;3308;1156;1910;2439;1963,92.5,0.0,9516.7,0,0,0,0,0,0.0,0,0,0,0,0,0,0,0,0.0,0,0,0,0,0,0.0,0.0,0.0,0,0,0,43.1,12.52,12.28,0.39,35.4,27.2,63.4,98.32463618557716,11.141068156815209,35.165691709280466,35.21213873330898,15.734483370207002,1799.0,0.0,0.0,41.03241928430724,0.0,40.73571163898877,13.9,91.6,0.0,0.0,0.0,450.0,9516.7,0.0,0.0,100.776,3.598,104.374,69.477,4.447,99.927,emon,0.545,0.455,143.7,67.4,2.13
2026-09-29 23:03:16.127,15.5,0,91,17;43;2;91;0;43;2;0;0;31;0;0;6;14;0;0,799,4187,4051;3874;4080;4187;2160;2989;3168;2921;1907;3014;2829;2711;799;1605;1282;1272,91.9,0.0,9516.7,0,0,0,0,0,0.0,0,0,0,0,0,0,0,0,0.0,0,0,0,0,0,0.0,0.0,0.0,0,0,0,42.1,12.52,12.28,0.39,35.4,27.2,63.4,98.79860001339274,11.021062389186993,33.57493351986454,33.458194935672985,16.35146856511095,1799.0,0.0,0.0,42.534242763671024,0.0,40.56245886658457,13.9,90.4,0.0,0.0,0.0,450.0,9516.7,0.0,0.0,100.776,3.598,104.374,69.477,4.447,99.927,emon,0.545,0.455,143.7,67.4,2.13
2026-09-29 23:03:17.136,19.3,0,91,14;68;11;91;0;32;8;0;0;35;3;0;12;36;0;0,869,4159,4048;3880;3967;4159;2219;2917;3228;2841;2449;3014;3227;2995;869;1833;1071;1158,96.4,0.0,9516.7,0,0,0,0,0,0.0,0,0,0,0,0,0,0,0,0.0,0,0,0,0,0,0.0,0.0,0.0,0,0,0,43.1,12.87,12.27,0.39,35.83,27.4,63.4,99.07196892777534,10.966223155026547,35.14224441039607,34.62757697359312,15.775259083123869,1799.0,0.0,0.0,42.57274194057059,0.0,40.53735744874579,14.0,92.0,0.0,0.0,0.0,450.0,9516.7,0.0,0.0,100.776,3.598,104.374,69.477,4.447,99.927,emon,0.545,0.455,143.7,67.4,2.13
2026-09-29 23:03:18.136,17.8,0,95,22;54;3;95;0;38;5;2;0;31;0;0;8;25;3;0,870,4167,4015;3812;4029;4167;3043;2958;3192;3326;1356;3039;3213;2004;870;1704;1941;1202,99.2,0.0,9516.7,0,0,0,0,0,0.0,0,0,0,0,0,0,0,0,0.0,0,0,0,0,0,0.0,0.0,0.0,0,0,0,42.1,12.87,12.27,0.39,35.83,27.2,63.4,99.03207333723505,10.384362961846323,32.74635858112044,32.71499888459046,14.677861358403353,1799.0,0.0,0.0,41.669563320656835,0.0,41.11971475802185,13.9,91.0,0.0,0.0,0.0,450.0,9516.7,0.0,0.0,100.776,3.598,104.374,69.477,4.447,99.927,emon,0.545,0.455,143.7,67.4,2.13
2026-09-29 23:03:19.136,15.7,0,88,14;53;11;88;0;27;3;0;0;34;2;0;3;17;0;0,726,4168,4044;3854;4107;4168;2347;2987;3038;3253;2714;3012;3090;3350;726;1782;1597;825,93.4,0.0,9516.7,0,0,0,0,0,0.0,0,0,0,0,0,0,0,0,0.0,0,0,0,0,0,0.0,0.0,0.0,0,0,0,42.1,12.87,12.27,0.39,35.83,27.2,63.4,98.69197867078805,10.960461678879538,34.83926485925537,34.13371274160498,14.91070092543863,1799.0,0.0,0.0,42.16907350447701,0.0,40.617395921884906,14.0,91.9,0.0,0.0,0.0,450.0,9516.7,0.0,0.0,100.776,3.598,104.374,69.477,4.447,99.927,emon,0.545,0.455,143.7,67.4,2.13
2026-09-29 23:03:20.137,16.0,0,86,23;44;11;86;0;31;3;0;0;32;2;0;3;20;0;0,766,4208,4034;3854;4146;4208;2645;2949;3245;3255;3188;3043;3155;3065;766;1563;1924;818,96.4,0.0,9516.7,0,0,0,0,0,0.0,0,0,0,0,0,0,0,0,0.0,0,0,0,0,0,0.0,0.0,0.0,0,0,0,43.1,12.87,12.27,0.39,35.83,27.2,63.4,98.61582046966844,11.053985489099233,32.896833784381236,33.35945447275872,15.37622017401248,1799.0,0.0,0.0,41.91218667276756,0.0,40.713024502004004,14.0,91.7,0.0,0.0,0.0,450.0,9516.7,0.0,0.0,100.776,3.598,104.374,69.477,4.447,99.927,emon,0.545,0.455,143.7,67.4,2.13
2026-09-29 23:03:21.138,19.6,0,92,23;63;11;92;0;35;0;0;0;47;0;0;6;34;2;0,766,4137,4121;3943;4050;4137;1947;2967;3227;3169;2131;3082;2976;3157;766;1694;1437;1277,93.5,0.0,9516.7,0,0,0,0,0,0.0,0,0,0,0,0,0,0,0,0.0,0,0,0,0,0,0.0,0.0,0.0,0,0,0,43.1,12.4,12.3,0.39,35.3,27.2,63.4,98.515089671018,10.700405168327045,33.854933179528764,33.9254043266488,14.82477083723367,1799.0,0.0,0.0,41.82828553520745,0.0,40.514393454625655,13.9,91.0,0.0,0.0,0.0,450.0,9516.7,0.0,0.0,100.776,3.598,104.374,69.477,4.447,99.927,emon,0.545,0.455,143.7,67.4,2.13
2026-09-29 23:03:22.138,16.5,0,88,24;54;10;88;0;33;2;0;0;29;0;0;0;26;0;0,687,4209,4033;3906;4056;4209;2975;2958;3266;3234;2056;3013;3198;3122;760;1287;953;687,92.2,0.0,9516.7,0,0,0,0,0,0.0,0,0,0,0,0,0,0,0,0.0,0,0,0,0,0,0.0,0.0,0.0,0,0,0,44.1,12.4,12.3,0.39,35.3,27.2,63.4,98.61810600513067,10.865050551815866,34.1666194218378,34.00961363276658,14.292348930950894,1799.0,0.0,0.0,41.5123763513411,0.0,40.44152672270041,13.9,91.5,0.0,0.0,0.0,450.0,9516.7,0.0,0.0,100.776,3.598,104.374,69.477,4.447,99.927,emon,0.545,0.455,143.7,67.4,2.13
2026-09-29 23:03:23.139,16.3,0,80,18;61;12;80;0;30;0;0;0;28;0;0;3;28;0;0,822,4145,3931;3871;4087;4145;2271;2931;3241;3015;1984;2973;2995;2683;906;1862;1562;822,92.4,0.0,9516.7,0,0,0,0,0,0.0,0,0,0,0,0,0,0,0,0.0,0,0,0,0,0,0.0,0.0,0.0,0,0,0,42.1,12.4,12.3,0.39,35.3,27.2,63.4,98.87917685326265,11.01449640003052,34.22391253717396,34.047268306380325,15.90984658935842,1799.0,0.0,0.0,42.457457360574246,0.0,40.356938358245884,13.9,90.8,0.0,0.0,0.0,450.0,9516.7,0.0,0.0,101.302,3.199,104.501,56.645,3.625,100.876,emon,0.545,0.413,144.7,67.7,2.136
2026-09-29 23:03:24.140,16.4,0,94,8;59;3;94;0;33;2;2;0;31;3;2;0;25;2;0,736,4181,4018;3832;4042;4181;3207;2984;3182;3180;2816;2998;3162;3185;736;1591;1106;1105,92.4,0.0,9516.7,0,0,0,0,0,0.0,0,0,0,0,0,0,0,0,0.0,0,0,0,0,0,0.0,0.0,0.0,0,0,0,42.1,12.4,12.3,0.39,35.3,27.2,63.4,98.9864027028066,10.292283927838648,32.63746152923281,31.518013373400045,13.516916103887223,1799.0,0.0,0.0,41.45796382811339,0.0,40.784499637784144,13.9,91.7,0.0,0.0,0.0,450.0,9516.7,0.0,0.0,101.302,3.199,104.501,56.645,3.625,100.876,emon,0.545,0.413,144.7,67.7,2.136
2026-09-29 23:03:25.140,16.4,0,97,25;52;5;97;0;30;3;0;0;33;0;0;3;16;0;0,670,4177,4074;3901;4103;4177;3158;2955;3097;3271;2503;3002;3141;3030;746;1438;1329;670,100.0,0.0,9516.7,0,0,0,0,0,0.0,0,0,0,0,0,0,0,0,0.0,0,0,0,0,0,0.0,0.0,0.0,0,0,0,42.1,12.31,12.33,0.39,35.23,27.2,63.4,98.66380947466381,11.10913212861418,36.13228921464828,35.35748744317442,15.603110031041293,1799.0,0.0,0.0,42.14692250792228,0.0,40.585799775590374,13.9,90.4,0.0,0.0,0.0,450.0,9516.7,0.0,0.0,101.302,3.199,104.501,56.645,3.625,100.876,emon,0.545,0.413,144.7,67.7,2.136
2026-09-29 23:03:26.140,17.3,0,91,16;61;6;91;0;33;0;0;0;31;0;0;9;27;3;0,931,4145,4008;3896;4061;4145;1548;2979;3202;2975;2093;3074;2909;3044;931;1754;953;1184,88.4,0.0,9516.7,0,0,0,0,0,0.0,0,0,0,0,0,0,0,0,0.0,0,0,0,0,0,0.0,0.0,0.0,0,0,0,42.1,12.31,12.33,0.39,35.23,27.2,63.4,98.62590648132034,10.779576487311374,34.445185825766266,33.20339142798411,14.205846838466675,1799.0,0.0,0.0,42.2608777630081,0.0,40.17994304774434,13.9,91.7,0.0,0.0,0.0,450.0,9516.7,0.0,0.0,101.302,3.199,104.501,56.645,3.625,100.876,emon,0.545,0.413,144.7,67.7,2.136
2026-09-29 23:03:27.141,16.0,0,88,27;46;8;88;0;30;0;2;0;28;2;0;3;25;0;0,723,4171,4071;3807;3934;4171;2992;3010;3217;3301;2765;3011;3173;2437;759;1560;723;898,94.0,0.0,9516.7,0,0,0,0,0,0.0,0,0,0,0,0,0,0,0,0.0,0,0,0,0,0,0.0,0.0,0.0,0,0,0,42.1,12.31,12.33,0.39,35.23,27.2,63.4,98.5880889964283,10.662270656261677,32.487197099472944,32.543962766166615,14.761380004165895,1799.0,0.0,0.0,41.84411586131486,0.0,40.53694368180517,13.9,90.8,0.0,0.0,0.0,450.0,9516.7,0.0,0.0,101.302,3.199,104.501,56.645,3.625,100.876,emon,0.545,0.413,144.7,67.7,2.136
2026-09-29 23:03:28.141,16.7,0,86,26;52;6;86;0;33;2;0;0;25;2;0;0;34;2;0,1027,4555,4514;4417;4555;4533;3193;2955;3237;2924;2964;2964;3295;3025;1091;2571;1119;1027,67.3,0.0,8932.6,0,0,0,0,0,0.0,0,0,0,0,0,0,0,0,0.0,0,0,0,0,0,0.0,0.0,0.0,0,0,0,57.1,12.31,12.33,0.39,35.23,18.8,63.4,90.91238510853624,4.399123935462677,24.365219259915285,24.664761185646057,0.8396725379905746,1209.6164383561643,0.0,0.0,0.0,0.0,58.49407982389596,10.3,67.5,0.0,0.0,0.0,450.0,4836.7,0.0,0.0,101.302,3.199,104.501,56.645,3.625,100.876,emon,0.545,0.413,144.7,67.7,2.136
2026-09-29 23:03:29.142,14.5,0,72,38;46;8;72;0;19;6;2;0;27;3;0;0;11;2;0,1058,4694,4669;4481;4694;4603;2848;2966;3357;3404;3438;3028;3380;2906;1551;1803;2161;1058,10.7,0.0,842.4,0,0,0,0,0,0.0,0,0,0,0,0,0,0,0,0.0,0,0,0,0,0,0.0,0.0,0.0,0,0,0,61.1,14.41,7.84,0.39,30.59,18.9,63.4,91.47510529019668,4.32114501983852,21.030929417484984,21.177295121486544,0.9486050265635236,1175.7303102625299,0.0,0.0,0.0,0.0,59.46938517837294,1.7,0.0,0.0,0.0,0.0,450.0,842.4,0.0,0.0,101.302,3.199,104.501,56.645,3.625,100.876,emon,0.545,0.413,144.7,67.7,2.136
2026-09-29 23:03:30.142,20.3,0,98,57;59;17;98;3;27;11;2;2;30;3;0;0;14;3;0,1061,4729,4698;4674;4729;4724;3108;3167;3405;3441;3404;3201;3423;3223;1061;1959;1094;1162,11.9,0.0,844.4,0,0,0,0,0,0.0,0,0,0,0,0,0,0,0,0.0,0,0,0,0,0,0.0,0.0,0.0,0,0,0,63.1,14.41,7.84,0.39,30.59,19.5,63.4,99.57886401261433,4.464258104415223,23.831164718854545,24.18276023982775,0.9995750378656528,1199.0,0.0,0.0,0.0,0.0,58.29651324952593,1.7,0.0,0.0,0.0,0.0,450.0,844.4,0.0,0.0,101.302,3.199,104.501,56.645,3.625,100.876,emon,0.545,0.413,144.7,67.7,2.136
2026-09-29 23:03:31.142,16.0,0,92,33;42;16;92;0;30;5;0;0;16;5;0;0;19;0;0,1012,4720,4629;4444;4720;4692;2863;3129;3366;3268;2400;3187;3362;2995;1012;1888;1875;1056,9.1,0.0,2666.2,0,0,0,0,0,0.0,0,0,0,0,0,0,0,0,0.0,0,0,0,0,0,0.0,0.0,0.0,0,0,0,57.1,14.41,7.84,0.39,30.59,21.3,63.4,99.59191787719726,4.518697964400053,23.608881769180297,23.982511150836945,0.9499888562154957,1189.375,0.0,0.0,0.0,0.0,59.53615217816085,1.6,0.0,0.0,0.0,0.0,450.0,2267.3,0.0,0.0,101.302,3.199,104.501,56.645,3.625,100.876,emon,0.545,0.413,144.7,67.7,2.136
2026-09-29 23:03:32.143,20.8,0,88,20;52;14;88;5;39;17;11;0;27;19;17;0;15;9;0,2148,4713,4681;4455;4713;4679;3389;3256;3366;3389;3423;3256;3396;3393;2148;2235;2768;2270,11.8,0.0,4739.5,0,0,0,0,0,0.0,0,0,0,0,0,0,0,0,0.0,0,0,0,0,0,0.0,0.0,0.0,0,0,0,58.1,14.41,7.84,0.39,30.59,22.6,63.4,99.54268345128537,4.465441703417544,23.746141621044703,24.06191122513851,1.0222074009631927,1195.8523002421307,0.0,0.0,0.0,0.0,59.38420242554628,1.8,0.0,0.0,0.0,0.0,450.0,4250.8,0.0,0.0,101.302,3.199,104.501,56.645,3.625,100.876,emon,0.545,0.413,144.7,67.7,2.136
2026-09-29 23:03:33.143,13.9,0,55,27;40;11;55;2;19;9;3;2;17;11;5;0;11;8;3,2182,4665,4570;4259;4665;4501;3362;2944;3304;3308;3332;3008;3307;3333;2225;2182;2594;2226,12.3,0.0,4750.3,0,0,0,0,0,0.0,0,0,0,0,0,0,0,0,0.0,0,0,0,0,0,0.0,0.0,0.0,0,0,0,48.1,20.61,0.34,0.39,25.66,22.5,63.4,95.56676207508957,4.472920327336715,22.034478481528105,22.256324187903502,0.8667272893584786,1295.3815789473683,0.0,0.0,0.4391481990419459,0.0,59.731234750122226,1.7,0.2,0.0,0.0,0.0,450.0,4750.3,0.0,0.0,101.302,3.199,104.501,56.645,3.625,100.876,emon,0.545,0.413,144.7,67.7,2.136
2026-09-29 23:03:34.143,6.3,0,44,9;16;3;44;0;18;0;0;0;8;0;0;0;2;0;0,781,4499,4499;4012;4464;4348;3376;2225;2613;2947;2740;2255;2948;2207;1062;1252;781;862,11.1,0.0,4750.3,0,0,0,0,0,0.0,0,0,0,0,0,0,0,0,0.0,0,0,0,0,0,0.0,0.0,0.0,0,0,0,39.1,20.61,0.34,0.39,25.66,22.5,63.4,91.73697679353796,4.709287803846856,24.812376128072323,25.095380698079648,0.8470591177145252,1199.0,0.0,0.0,0.0,0.0,59.86985280612564,1.8,0.0,0.0,0.0,0.0,450.0,4750.3,0.0,0.0,101.302,3.199,104.501,56.645,3.625,100.876,emon,0.545,0.413,144.7,67.7,2.136
2026-09-29 23:03:35.144,6.4,0,34,8;22;2;34;0;14;2;0;0;17;0;0;0;5;0;0,978,4551,4551;3977;4461;4292;2009;2551;1877;2394;1609;2512;2635;1777;978;1196;1022;997,11.1,0.0,4750.3,0,0,0,0,0,0.0,0,0,0,0,0,0,0,0,0.0,0,0,0,0,0,0.0,0.0,0.0,0,0,0,39.1,20.61,0.34,0.39,25.66,22.5,63.4,99.52599308468879,4.450847054840228,23.931190737890542,24.077981302497584,0.9624853826404566,1197.6238532110092,0.0,0.0,0.0,0.0,59.45917298849843,1.7,0.0,0.0,0.0,0.0,450.0,4756.1,0.0,0.0,5.05,3.381,8.431,86.425,5.531,2.9,emon,0.834,0.8,31.6,14.6,2.158
2026-09-29 23:03:36.144,8.9,0,48,12;22;0;48;0;20;2;0;0;17;2;0;0;17;2;2,1849,4427,4425;4010;4427;4309;2978;2480;2850;3100;2514;2668;2982;2332;1907;2120;1867;1849,11.7,0.0,4750.3,0,0,0,0,0,0.0,0,0,0,0,0,0,0,0,0.0,0,0,0,0,0,0.0,0.0,0.0,0,0,0,40.1,20.61,0.34,0.39,25.66,22.5,63.4,99.39989870323983,4.337488603646352,22.326413624907193,22.43579177442751,0.9470486275096356,1183.8173515981734,0.0,0.0,0.0,0.0,58.684788200102716,1.8,0.0,0.0,0.0,0.0,450.0,4750.3,0.0,0.0,5.05,3.381,8.431,86.425,5.531,2.9,emon,0.834,0.8,31.6,14.6,2.158
2026-09-29 23:03:37.145,14.8,0,54,17;34;11;48;2;28;6;0;0;27;0;3;3;54;2;2,1293,4330,3890;3928;4314;4330;2541;2414;2494;1989;2440;2403;2202;3004;1293;2048;1914;1609,9.5,0.0,4750.3,0,0,0,0,0,0.0,0,0,0,0,0,0,0,0,0.0,0,0,0,0,0,0.0,0.0,0.0,0,0,0,44.1,9.49,0.37,0.38,14.06,22.6,63.4,99.55524512476329,4.518630899227196,24.30930596604001,24.529199131199572,0.9741828144602673,1199.0,0.0,0.0,0.0,0.0,60.01468935441357,1.6,0.0,0.0,0.0,0.0,450.0,4750.3,0.0,0.0,5.05,3.381,8.431,86.425,5.531,2.9,emon,0.834,0.8,31.6,14.6,2.158
2026-09-29 23:03:38.145,14.7,0,78,12;45;8;78;0;19;8;0;0;28;2;0;0;36;0;0,1013,4286,4073;3993;4135;4286;2984;2818;3115;3171;3085;2711;3140;3312;1013;1687;1335;1167,11.6,0.0,4750.3,0,0,0,0,0,0.0,0,0,0,0,0,0,0,0,0.0,0,0,0,0,0,0.0,0.0,0.0,0,0,0,46.1,9.49,0.37,0.38,14.06,22.6,63.4,97.81698379110783,8.914411372440728,30.074616304182626,29.326220323024515,11.635698637536057,1799.0,0.0,0.0,35.70889342975545,0.0,42.79532330730725,2.7,7.2,0.0,0.0,0.0,450.0,4761.2,0.0,0.0,5.05,3.381,8.431,86.425,5.531,2.9,emon,0.834,0.8,31.6,14.6,2.158
2026-09-29 23:03:39.146,23.5,0,91,57;47;22;91;2;6;34;12;0;6;27;0;3;26;41;2,1138,4075,3919;3911;3667;4075;2985;2566;2795;2816;2559;2941;2889;3037;1267;1138;1478;1588,94.3,0.0,4765.6,0,0,0,0,0,0.0,0,0,0,0,0,0,0,0,0.0,0,0,0,0,0,0.0,0.0,0.0,0,0,0,44.1,9.49,0.37,0.38,14.06,22.6,63.4,99.02412836946905,8.489639139197578,33.359446327695075,32.028252523305284,13.511555373366699,1799.0,0.0,0.0,34.8578916323464,0.0,42.31383002642678,13.9,91.2,0.0,0.0,0.0,450.0,4771.4,0.0,0.0,5.05,3.381,8.431,86.425,5.531,2.9,emon,0.834,0.8,31.6,14.6,2.158
2026-09-29 23:03:40.146,12.9,0,80,44;14;2;80;0;0;19;3;0;0;22;2;0;0;21;0,867,4260,3926;3989;4039;4260;2965;3396;2839;3028;3029;3206;2815;2821;934;867;1403;1003,100.0,0.0,4782.8,0,0,0,0,0,0.0,0,0,0,0,0,0,0,0,0.0,0,0,0,0,0,0.0,0.0,0.0,0,0,0,49.1,9.49,0.37,0.38,14.06,22.6,63.4,97.69360171156987,8.67110349090861,32.54722600277061,31.348855607138226,14.461346529276145,1799.0,0.0,0.0,36.26566614471506,0.21488056832225683,42.4962892502567,13.9,90.5,0.0,0.0,0.0,450.0,4782.8,0.0,0.0,5.05,3.381,8.431,86.425,5.531,2.9,emon,0.834,0.8,31.6,14.6,2.158
2026-09-29 23:03:41.146,7.9,0,44,29;8;5;44;0;0;16;2;2;0;16;0;0;0;5;2,1057,4486,3952;4391;4486;4309;2720;1905;2376;2741;2874;1313;2450;2522;1057;1088;1337;1188,12.2,0.0,4778.8,0,0,0,0,0,0.0,0,0,0,0,0,0,0,0,0.0,0,0,0,0,0,0.0,0.0,0.0,0,0,0,42.1,12.0,5.85,0.39,25.77,22.7,63.4,92.14872371629737,4.53678922009194,24.673308909624474,24.909307821865738,0.9813170535776606,1200.7241379310344,0.0,0.0,0.0,0.0,59.41578247067572,1.7,0.0,0.0,0.0,0.0,450.0,4778.8,0.0,0.0,5.05,3.381,8.431,86.425,5.531,2.9,emon,0.834,0.8,31.6,14.6,2.158
2026-09-29 23:03:42.146,6.7,0,44,17;8;3;44;2;0;14;2;0;0;17;0;0;0;2;0,874,4564,3892;4484;4564;4313;3349;2861;2447;2533;2224;2882;2306;2651;909;874;1188;1012,9.6,0.0,4778.8,0,0,0,0,0,0.0,0,0,0,0,0,0,0,0,0.0,0,0,0,0,0,0.0,0.0,0.0,0,0,0,41.1,12.0,5.85,0.39,25.77,22.6,63.4,92.33784571242059,4.309171284667762,22.583239985060416,22.74778362037293,0.9493137971719194,1189.344827586207,0.0,0.0,0.0,0.0,58.65574936142256,1.6,0.0,0.0,0.0,0.0,450.0,4778.8,0.0,0.0,5.05,3.381,8.431,86.425,5.531,2.9,emon,0.834,0.8,31.6,14.6,2.158
2026-09-29 23:03:43.147,11.4,2,52,28;12;6;52;2;6;22;8;6;2;19;5;2;3;5;6,1077,4674,4222;4591;4674;4399;3412;3410;2577;3390;3410;3429;2521;3370;1077;2617;1589;2519,12.1,0.0,4784.6,0,0,0,0,0,0.0,0,0,0,0,0,0,0,0,0.0,0,0,0,0,0,0.0,0.0,0.0,0,0,0,46.1,12.0,5.85,0.39,25.77,22.6,63.4,99.6148584448773,4.685436834200569,24.111847620425017,24.53101992347966,0.8708037346790028,1197.804347826087,0.0,0.0,0.0,0.0,60.07073277494182,1.8,0.0,0.0,0.0,0.0,450.0,4778.8,0.0,0.0,5.05,3.381,8.431,86.425,5.531,2.9,emon,0.834,0.8,31.6,14.6,2.158
2026-09-29 23:03:44.147,6.9,0,45,25;3;2;45;0;0;14;5;0;0;14;0;0;0;2;0,929,4594,3943;4594;4472;4308;2350;2613;2491;2589;2695;2059;2365;2649;1056;968;1377;929,11.7,0.0,4778.8,0,0,0,0,0,0.0,0,0,0,0,0,0,0,0,0.0,0,0,0,0,0,0.0,0.0,0.0,0,0,0,42.1,12.0,5.85,0.39,25.77,22.6,63.4,99.57047856762804,4.661970149909434,23.927994956884685,24.1811784489807,0.9265283489196677,1199.0,0.0,0.0,0.0,0.0,59.80185991041195,1.6,0.0,0.0,0.0,0.0,450.0,4778.8,0.0,0.0,5.05,3.381,8.431,86.425,5.531,2.9,emon,0.834,0.8,31.6,14.6,2.158
2026-09-29 23:03:45.147,12.6,0,73,32;14;9;73;0;0;27;3;0;0;25;0;2;2;15;2,955,4421,3992;4096;4376;4421;2117;2156;2640;2784;2280;2077;2668;2634;972;955;1290;1015,11.7,0.0,4778.8,0,0,0,0,0,0.0,0,0,0,0,0,0,0,0,0.0,0,0,0,0,0,0.0,0.0,0.0,0,0,0,48.1,9.41,0.39,0.37,13.76,26.1,63.4,91.23137292779725,4.4197594876831285,21.470025813239143,21.19380585488799,1.0304232411721512,1586.0689655172414,0.0,0.0,6.938228677384202,14.197121192669046,54.112367867182535,2.7,0.0,0.0,0.0,0.0,450.0,5149.7,0.0,0.0,5.05,3.381,8.431,86.425,5.531,2.9,emon,0.834,0.8,31.6,14.6,2.158
2026-09-29 23:03:46.148,16.9,0,89,58;23;5;89;0;0;30;5;0;3;25;3;3;0;27;0,1379,4284,4071;4243;4284;4268;1590;1574;2820;2457;1813;1684;2667;2481;1379;1403;1908;1407,20.6,0.0,5587.0,0,0,0,0,0,0.0,0,0,0,0,0,0,0,0,0.0,0,0,0,0,0,0.0,0.0,0.0,0,0,0,46.1,9.41,0.39,0.37,13.76,28.3,63.4,95.78608500666735,7.971736826627265,23.348393056814263,23.366439228650272,1.0077558306082033,1674.3048780487804,0.0,0.0,21.462515853115402,0.0,49.932066864229164,8.4,49.6,0.0,0.0,0.0,450.0,10491.8,0.0,0.0,5.05,3.381,8.431,86.425,5.531,2.9,emon,0.834,0.8,31.6,14.6,2.158
2026-09-29 23:03:47.148,15.3,0,88,28;25;11;88;0;0;22;3;0;0;29;0;2;3;31;3,914,4200,3660;3879;3881;4200;3008;2072;2763;3043;3176;1480;2802;2968;914;1561;1607;1697,7.2,0.0,10491.8,0,0,0,0,0,0.0,0,0,0,0,0,0,0,0,0.0,0,0,0,0,0,0.0,0.0,0.0,0,0,0,41.1,9.41,0.39,0.37,13.76,28.3,63.4,99.99709298677534,13.139714773127608,27.552555406483535,26.019303377543654,1.0842242963005602,1803.4058744993324,0.0,0.0,37.33120453575202,0.0,43.204635010738706,14.1,91.3,0.0,0.0,0.0,450.0,10491.8,0.0,0.0,3.415,2.608,6.023,47.766,3.057,2.966,emon,0.832,0.647,49.9,23.6,2.111
2026-09-29 23:03:48.149,14.8,0,88,37;23;12;88;0;0;25;6;0;0;17;2;5;0;23;0,1084,4241,3772;3883;3813;4241;3081;2643;2726;2919;2690;1930;2747;3081;1418;1084;1518;1300,6.3,0.0,10491.8,0,0,0,0,0,0.0,0,0,0,0,0,0,0,0,0.0,0,0,0,0,0,0.0,0.0,0.0,0,0,0,42.1,9.41,0.39,0.37,13.76,28.3,63.4,99.92468874241278,13.041168131842845,26.793732841163468,26.698928924433908,1.1456277840972693,1825.7615176151762,0.0,0.0,34.885987683683936,0.0,44.40245305559062,14.1,91.7,0.0,0.0,0.0,450.0,10484.5,0.0,0.0,3.415,2.608,6.023,47.766,3.057,2.966,emon,0.832,0.647,49.9,23.6,2.111
2026-09-29 23:03:49.149,13.9,0,89,36;23;8;89;0;0;17;3;0;0;17;0;0;0;28;0,643,4247,3696;3887;3802;4247;2984;2520;2694;3055;3207;1685;2841;3148;722;643;1631;1303,6.9,0.0,10483.7,0,0,0,0,0,0.0,0,0,0,0,0,0,0,0,0.0,0,0,0,0,0,0.0,0.0,0.0,0,0,0,43.1,11.82,18.22,0.39,35.55,28.3,63.4,100.00211124009984,11.562261881887592,27.835175261702588,25.31105091206489,1.2045113660000013,1840.8682795698924,0.0,0.0,35.97562760876158,0.0,43.522727359792356,14.1,92.0,0.0,0.0,0.0,450.0,10487.7,0.0,0.0,3.415,2.608,6.023,47.766,3.057,2.966,emon,0.832,0.647,49.9,23.6,2.111
2026-09-29 23:03:50.149,14.6,0,91,39;27;9;91;0;0;22;5;0;0;16;3;0;2;20;2,697,4222,3784;3878;3892;4222;2822;3087;2750;3150;2138;1355;2820;3072;697;1359;1615;972,7.1,0.0,10487.7,0,0,0,0,0,0.0,0,0,0,0,0,0,0,0,0.0,0,0,0,0,0,0.0,0.0,0.0,0,0,0,42.1,11.82,18.22,0.39,35.55,28.3,63.4,99.99986522788898,12.370755366168977,27.737986717708104,25.543627725310156,1.181626896853199,1846.9564032697547,0.0,0.0,35.64234925897117,0.0,43.81309031755442,14.1,91.0,0.0,0.0,0.0,450.0,10487.7,0.0,0.0,3.415,2.608,6.023,47.766,3.057,2.966,emon,0.832,0.647,49.9,23.6,2.111
2026-09-29 23:03:51.150,14.2,0,91,38;27;9;91;0;0;22;2;0;0;12;0;2;0;25;0,988,4205,3775;3910;3880;4205;3151;1743;2741;3156;2927;1549;2712;3221;1097;988;1598;993,5.2,0.0,10487.7,0,0,0,0,0,0.0,0,0,0,0,0,0,0,0,0.0,0,0,0,0,0,0.0,0.0,0.0,0,0,0,43.1,11.82,18.22,0.39,35.55,28.2,63.4,99.9988599927869,13.011760062162816,26.368441467144724,26.003928349200024,1.1215553487943413,1846.5234270414994,0.0,0.0,34.61942886345374,0.0,43.878964128739334,14.1,92.1,0.0,0.0,0.0,450.0,10483.7,0.0,0.0,3.415,2.608,6.023,47.766,3.057,2.966,emon,0.832,0.647,49.9,23.6,2.111
2026-09-29 23:03:52.150,14.4,0,88,37;28;11;88;2;0;22;5;0;0;14;2;0;0;23;0,840,4188,3749;3925;3761;4188;3275;2276;2797;2953;2944;2275;2743;2878;894;840;1646;980,7.0,0.0,10483.7,0,0,0,0,0,0.0,0,0,0,0,0,0,0,0,0.0,0,0,0,0,0,0.0,0.0,0.0,0,0,0,42.1,11.82,18.22,0.39,35.55,28.2,63.4,100.011699811272,11.846918470974703,29.09237963036614,26.51428890309256,1.2311199119776377,1825.9701086956522,0.0,0.0,35.9494786401116,0.0,43.76038046822289,14.1,91.2,0.0,0.0,0.0,450.0,10483.7,0.0,0.0,3.415,2.608,6.023,47.766,3.057,2.966,emon,0.832,0.647,49.9,23.6,2.111
2026-09-29 23:03:53.151,13.5,0,80,26;23;9;80;0;0;31;3;2;0;27;2;0;0;14;0,860,4197,3657;3972;3824;4197;2992;2802;2785;2819;3250;2908;2628;3074;901;860;1509;1919,7.0,0.0,10483.7,0,0,0,0,0,0.0,0,0,0,0,0,0,0,0,0.0,0,0,0,0,0,0.0,0.0,0.0,0,0,0,43.1,9.9,22.29,0.39,38.08,28.2,63.4,100.00163549640834,13.429423613136247,24.73231680073194,25.29515401248964,1.105080759527565,1822.5570469798658,0.0,0.0,36.198888424454545,0.0,43.70229958968187,14.1,91.9,0.0,0.0,0.0,450.0,10483.7,0.0,0.0,3.415,2.608,6.023,47.766,3.057,2.966,emon,0.832,0.647,49.9,23.6,2.111
2026-09-29 23:03:54.151,15.5,0,91,32;28;5;91;2;0;23;6;2;2;34;0;0;0;22;2,592,4203,3753;3902;3834;4203;2843;1313;2770;3157;2919;3081;2830;3145;592;724;1674;696,6.6,0.0,10483.7,0,0,0,0,0,0.0,0,0,0,0,0,0,0,0,0.0,0,0,0,0,0,0.0,0.0,0.0,0,0,0,42.1,9.9,22.29,0.39,38.08,28.2,63.4,99.99625077189071,10.347766600437412,29.57651266232031,25.82575128836326,1.2271767043194761,1812.7789904502047,0.0,0.0,34.45938482844667,0.0,44.4438495179526,14.1,90.9,0.0,0.0,0.0,450.0,10483.7,0.0,0.0,3.415,2.608,6.023,47.766,3.057,2.966,emon,0.832,0.647,49.9,23.6,2.111
2026-09-29 23:03:55.151,14.0,0,89,37;25;8;89;2;0;19;3;2;0;12;2;2;0;25;0,845,4162,3754;3722;3749;4162;2979;2773;2697;3188;2728;1682;2713;3197;1059;845;1637;1165,6.6,0.0,10483.7,0,0,0,0,0,0.0,0,0,0,0,0,0,0,0,0.0,0,0,0,0,0,0.0,0.0,0.0,0,0,0,40.1,9.9,22.29,0.39,38.08,28.2,63.4,100.01759149412446,12.825343703749953,27.196500429254495,26.590143287892374,1.161208077399168,1799.0,0.0,0.0,34.648127144428635,0.0,44.19850547101376,14.1,91.9,0.0,0.0,0.0,450.0,10483.6,0.0,0.0,3.415,2.608,6.023,47.766,3.057,2.966,emon,0.832,0.647,49.9,23.6,2.111
2026-09-29 23:03:56.152,15.1,0,89,36;31;9;89;0;0;22;3;0;0;14;3;0;0;33;0,1009,4179,3660;3824;3744;4179;2847;2511;2781;3056;2335;2320;2751;2874;1009;1276;1664;1276,7.0,0.0,10483.3,0,0,0,0,0,0.0,0,0,0,0,0,0,0,0,0.0,0,0,0,0,0,0.0,0.0,0.0,0,0,0,40.1,9.9,22.29,0.39,38.08,28.2,63.4,99.99830031203201,11.666478613536336,28.780521596964178,25.603129089917317,1.205637278408171,1799.0,0.0,0.0,36.295501334583335,0.0,43.51789696461497,14.1,91.1,0.0,0.0,0.0,450.0,10483.0,0.0,0.0,3.415,2.608,6.023,47.766,3.057,2.966,emon,0.832,0.647,49.9,23.6,2.111
2026-09-29 23:03:57.152,15.6,0,94,38;29;6;94;0;0;30;3;0;0;22;2;0;0;24;2,935,4221,3820;3925;3928;4221;2987;1482;2836;3050;2793;1269;2833;2870;935;1456;1569;1107,5.4,0.0,10482.7,0,0,0,0,0,0.0,0,0,0,0,0,0,0,0,0.0,0,0,0,0,0,0.0,0.0,0.0,0,0,0,40.1,10.1,21.54,0.39,37.4,28.2,63.4,99.99609544309851,12.655131747808358,27.78316041476106,26.038740279124923,1.1558228103750168,1799.0,0.0,0.0,36.36422458886813,0.0,44.330827044598465,14.1,91.7,0.0,0.0,0.0,450.0,10482.7,0.0,0.0,3.415,2.608,6.023,47.766,3.057,2.966,emon,0.832,0.647,49.9,23.6,2.111
2026-09-29 23:03:58.152,15.1,0,78,43;28;9;78;0;0;23;8;0;0;19;0;0;0;33;2,744,4233,3690;3873;3867;4233;2887;3385;2838;3150;3285;3298;2874;3146;887;744;1463;1123,7.1,0.0,10482.7,0,0,0,0,0,0.0,0,0,0,0,0,0,0,0,0.0,0,0,0,0,0,0.0,0.0,0.0,0,0,0,41.1,10.1,21.54,0.39,37.4,28.2,63.4,99.99815570606904,13.070899292587596,25.870785777262824,24.594688747655898,1.0917958151902394,1799.0,0.0,0.0,37.12709810900537,0.0,43.67086259994304,14.1,91.8,0.0,0.0,0.0,450.0,10482.7,0.0,0.0,3.415,2.608,6.023,47.766,3.057,2.966,emon,0.832,0.647,49.9,23.6,2.111
2026-09-29 23:03:59.153,15.1,0,94,39;28;8;94;0;0;28;0;0;0;22;0;0;0;23;0,790,4179,3824;3947;3880;4179;2637;3218;2793;3219;2743;1604;2761;3007;790;818;1499;1107,7.1,0.0,10482.7,0,0,0,0,0,0.0,0,0,0,0,0,0,0,0,0.0,0,0,0,0,0,0.0,0.0,0.0,0,0,0,41.1,10.1,21.54,0.39,37.4,28.2,63.4,99.98785439761281,10.715660300495484,29.437014881038266,26.881171303480407,1.1724278364031617,1799.0,0.0,0.0,31.86249123868205,0.0,45.159743031248034,14.1,91.0,0.0,0.0,0.0,450.0,10482.7,0.0,0.0,7.577,6.672,14.249,52.588,3.366,10.883,emon,0.71,0.528,98.5,46.0,2.143
2026-09-29 23:04:00.153,16.0,0,86,41;25;12;86;3;3;27;3;3;0;22;3;0;0;27;0,853,4201,3709;4002;3643;4201;3229;3160;2883;3194;2554;2568;2701;2933;853;990;1643;1086,6.0,0.0,10482.7,0,0,0,0,0,0.0,0,0,0,0,0,0,0,0,0.0,0,0,0,0,0,0.0,0.0,0.0,0,0,0,40.1,10.1,21.54,0.39,37.4,28.3,63.4,99.99796297137435,12.811358549451644,26.083150363861744,24.373583202579994,1.151126567987263,1799.0,0.0,0.0,37.054832630980286,0.0,43.24935596774144,14.1,91.8,0.0,0.0,0.0,450.0,10482.7,0.0,0.0,7.577,6.672,14.249,52.588,3.366,10.883,emon,0.71,0.528,98.5,46.0,2.143
2026-09-29 23:04:01.153,16.4,0,94,45;22;6;94;2;0;23;5;3;0;22;2;3;0;29;6,882,4210,3746;3961;3781;4210;3228;2164;2900;3040;3203;2832;2814;3203;1129;882;1592;1128,7.1,0.0,10482.7,0,0,0,0,0,0.0,0,0,0,0,0,0,0,0,0.0,0,0,0,0,0,0.0,0.0,0.0,0,0,0,41.1,9.88,21.18,0.39,36.95,28.2,63.4,100.05099079860386,11.0580257364264,29.013843590490648,27.43474547097457,1.0859407409615267,1799.0,0.0,0.0,33.635176037320086,0.0,44.88175646594456,14.1,91.1,0.0,0.0,0.0,450.0,10482.7,0.0,0.0,7.577,6.672,14.249,52.588,3.366,10.883,emon,0.71,0.528,98.5,46.0,2.143
2026-09-29 23:04:02.154,13.3,0,91,27;25;3;91;0;0;17;3;0;0;17;0;0;0;27;2,1029,4235,3684;3821;3887;4235;3189;2365;2838;3064;2717;2027;2853;3208;1336;1029;1533;1122,5.5,0.0,10482.7,0,0,0,0,0,0.0,0,0,0,0,0,0,0,0,0.0,0,0,0,0,0,0.0,0.0,0.0,0,0,0,42.1,9.88,21.18,0.39,36.95,28.2,63.4,99.9921176724929,12.719239043539362,25.95969003791408,24.21877211324489,1.1925901428876817,1801.03679369251,0.0,0.0,36.88156963362935,0.0,43.57435584168152,14.1,92.1,0.0,0.0,0.0,450.0,10482.7,0.0,0.0,7.577,6.672,14.249,52.588,3.366,10.883,emon,0.71,0.528,98.5,46.0,2.143
2026-09-29 23:04:03.155,15.2,0,89,28;25;6;89;0;0;27;11;0;0;25;0;2;0;29;2,852,4192,3695;3898;3760;4192;2777;2595;2884;3025;2938;2772;2874;3278;852;1062;1553;1090,7.2,0.0,10482.7,0,0,0,0,0,0.0,0,0,0,0,0,0,0,0,0.0,0,0,0,0,0,0.0,0.0,0.0,0,0,0,40.1,9.88,21.18,0.39,36.95,28.2,63.4,100.00006920513623,13.041091392464178,26.616072708750792,26.83832310379189,1.1035954374767079,1806.6871657754011,0.0,0.0,34.05865848321408,0.0,44.24199576759919,14.1,91.0,0.0,0.0,0.0,450.0,10482.7,0.0,0.0,7.577,6.672,14.249,52.588,3.366,10.883,emon,0.71,0.528,98.5,46.0,2.143
2026-09-29 23:04:04.155,15.5,0,92,39;22;12;92;2;0;22;3;0;0;27;2;0;2;24;2,912,4217,3709;3955;3807;4217;3115;2436;2760;3089;2478;2580;2747;3018;912;919;1393;1297,7.2,0.0,10482.7,0,0,0,0,0,0.0,0,0,0,0,0,0,0,0,0.0,0,0,0,0,0,0.0,0.0,0.0,0,0,0,41.1,9.88,21.18,0.39,36.95,28.2,63.4,99.99946897587877,11.00162616506853,29.839539370004168,26.763400994082716,1.2012623173719243,1815.9547872340424,0.0,0.0,35.04837402671964,0.0,44.387860754505894,14.1,91.9,0.0,0.0,0.0,450.0,10482.7,0.0,0.0,7.577,6.672,14.249,52.588,3.366,10.883,emon,0.71,0.528,98.5,46.0,2.143
2026-09-29 23:04:05.156,14.4,0,89,34;23;12;89;0;0;28;3;0;0;12;2;2;0;25;0,1248,4231,3656;3830;3739;4231;2531;2838;2812;2944;2162;1248;2746;3159;1550;1627;1554;1318,7.2,0.0,10482.7,0,0,0,0,0,0.0,0,0,0,0,0,0,0,0,0.0,0,0,0,0,0,0.0,0.0,0.0,0,0,0,41.1,9.9,21.6,0.39,37.47,28.2,63.4,100.00077853393555,13.235618314901988,25.75650034681956,25.354238406817117,1.0887111131882605,1799.2666666666667,0.0,0.0,36.350175658257676,0.0,44.21680005593852,14.1,91.1,0.0,0.0,0.0,450.0,10482.7,0.0,0.0,7.577,6.672,14.249,52.588,3.366,10.883,emon,0.71,0.528,98.5,46.0,2.143
2026-09-29 23:04:06.165,14.8,0,94,48;23;5;94;0;0;18;3;0;0;29;0;2;0;15;0,793,4194,3719;3855;3634;4194;3179;3086;2826;2660;2895;2669;2906;2964;1164;793;1588;1080,5.4,0.0,10482.7,0,0,0,0,0,0.0,0,0,0,0,0,0,0,0,0.0,0,0,0,0,0,0.0,0.0,0.0,0,0,0,41.1,9.9,21.6,0.39,37.47,28.4,63.4,99.99831504667335,11.142377508725021,28.05918175778408,25.855183952049366,1.1156702780991312,1817.6234817813765,0.0,0.0,33.02018298198533,0.0,44.22144704524825,14.1,92.1,0.0,0.0,0.0,450.0,10482.7,0.0,0.0,7.577,6.672,14.249,52.588,3.366,10.883,emon,0.71,0.528,98.5,46.0,2.143
2026-09-29 23:04:07.166,14.2,0,95,28;27;5;95;2;0;23;3;0;0;14;3;0;0;25;3,1246,4224,3623;3903;3917;4224;3197;1757;2766;2823;2423;2349;2739;3102;1246;1655;1534;1447,7.1,0.0,10482.7,0,0,0,0,0,0.0,0,0,0,0,0,0,0,0,0.0,0,0,0,0,0,0.0,0.0,0.0,0,0,0,42.1,9.9,21.6,0.39,37.47,28.2,63.4,99.99367716444513,12.72210607040639,27.946778225080948,26.063492396615427,1.181832206820993,1813.8416886543537,0.0,0.0,36.49536606348685,0.0,44.0094774057221,14.1,91.6,0.0,0.0,0.0,450.0,10482.7,0.0,0.0,7.577,6.672,14.249,52.588,3.366,10.883,emon,0.71,0.528,98.5,46.0,2.143
2026-09-29 23:04:08.166,15.2,0,89,38;30;11;89;2;0;17;5;0;0;17;3;2;0;30;0,722,4209,3790;3975;3847;4209;3024;2678;2840;2997;3242;2313;2839;3135;831;722;1662;900,6.6,0.0,10482.7,0,0,0,0,0,0.0,0,0,0,0,0,0,0,0,0.0,0,0,0,0,0,0.0,0.0,0.0,0,0,0,41.1,9.9,21.6,0.39,37.47,28.2,63.4,100.01083990868102,11.31017924372622,29.966500129312912,26.284810457438073,1.2898942979149108,1802.5239361702127,0.0,0.0,35.84578458345842,0.0,43.9601580299383,14.1,91.3,0.0,0.0,0.0,450.0,10482.7,0.0,0.0,7.577,6.672,14.249,52.588,3.366,10.883,emon,0.71,0.528,98.5,46.0,2.143
2026-09-29 23:04:09.167,14.2,0,94,26;40;3;94;3;0;6;15;0;0;5;11;0;0;8;15,645,4253,3867;3857;3872;4253;3167;1408;2776;2811;3129;3005;2916;2793;645;655;1046;1324,7.2,0.0,10482.7,0,0,0,0,0,0.0,0,0,0,0,0,0,0,0,0.0,0,0,0,0,0,0.0,0.0,0.0,0,0,0,42.1,9.82,21.58,0.39,37.21,28.2,63.4,100.0014540345945,13.166780532338965,24.907857316311762,25.212565350310303,1.086234706662395,1804.1930758988017,0.0,0.0,34.988090431382176,0.0,43.89574509713745,14.1,91.9,0.0,0.0,0.0,450.0,10482.7,0.0,0.0,7.577,6.672,14.249,52.588,3.366,10.883,emon,0.71,0.528,98.5,46.0,2.143
2026-09-29 23:04:10.167,14.4,0,92,23;43;6;92;0;0;0;17;0;0;0;23;0;0;3;22,725,4222,3943;3798;3893;4222;2874;2460;1853;2843;3168;3121;2575;2858;945;863;725;1453,7.2,0.0,10482.7,0,0,0,0,0,0.0,0,0,0,0,0,0,0,0,0.0,0,0,0,0,0,0.0,0.0,0.0,0,0,0,41.1,9.82,21.58,0.39,37.21,28.2,63.4,100.00008029608455,12.272922881175164,27.32902241782205,25.615922129080985,1.1241521340192533,1799.796812749004,0.0,0.0,33.81017824974014,0.0,44.19658913138767,14.1,90.9,0.0,0.0,0.0,450.0,10482.7,0.0,0.0,7.6,6.779,14.379,52.697,3.373,11.006,emon,0.703,0.536,98.0,45.9,2.136
2026-09-29 23:04:11.168,15.5,0,89,22;38;6;89;2;0;0;33;5;0;0;22;2;0;6;23,753,4245,3889;3813;3934;4245;2975;1493;1605;2865;3044;3056;2986;2752;949;871;753;1538,5.4,0.0,10482.7,0,0,0,0,0,0.0,0,0,0,0,0,0,0,0,0.0,0,0,0,0,0,0.0,0.0,0.0,0,0,0,42.1,9.82,21.58,0.39,37.21,28.2,63.4,100.00115407585123,11.81742442867716,28.166517601670744,26.145394267763038,1.1825792756975548,1799.0,0.0,0.0,34.27590062058015,0.0,43.85857352600096,14.1,91.9,0.0,0.0,0.0,450.0,10482.7,0.0,0.0,7.6,6.779,14.379,52.697,3.373,11.006,emon,0.703,0.536,98.0,45.9,2.136
2026-09-29 23:04:12.169,17.3,0,84,27;49;11;84;2;2;0;27;3;2;0;27;5;0;12;28,908,4202,3888;3810;3861;4202;3044;3082;2413;2719;3065;2736;3371;2835;1411;1078;908;1702,7.2,0.0,10482.7,0,0,0,0,0,0.0,0,0,0,0,0,0,0,0,0.0,0,0,0,0,0,0.0,0.0,0.0,0,0,0,42.1,9.82,21.58,0.39,37.21,28.2,63.4,99.998820894018,12.717785581685654,27.43882644866389,26.051285894529975,1.1309493322001862,1799.0,0.0,0.0,34.93427950610447,0.0,43.8363247122575,14.1,91.1,0.0,0.0,0.0,450.0,10482.7,0.0,0.0,7.6,6.779,14.379,52.697,3.373,11.006,emon,0.703,0.536,98.0,45.9,2.136
2026-09-29 23:04:13.169,13.7,0,95,17;37;2;95;2;0;0;23;0;0;0;22;0;0;3;19,723,4253,3879;3776;3975;4253;3208;2408;2782;2668;3066;3072;2689;2779;1256;1118;723;1567,6.9,0.0,10482.7,0,0,0,0,0,0.0,0,0,0,0,0,0,0,0,0.0,0,0,0,0,0,0.0,0.0,0.0,0,0,0,42.1,9.95,21.35,0.39,37.08,28.2,63.4,99.99050054387683,11.512220156299705,27.454056552014414,24.600484681834477,1.1799815686075243,1799.0,0.0,0.0,36.26577121776139,0.0,43.59254323876069,14.1,91.9,0.0,0.0,0.0,450.0,10482.7,0.0,0.0,7.6,6.779,14.379,52.697,3.373,11.006,emon,0.703,0.536,98.0,45.9,2.136
2026-09-29 23:04:14.170,15.0,0,89,17;39;8;89;0;0;0;25;5;0;0;28;2;0;0;28,762,4238,3918;3933;3988;4238;2852;1690;1569;2832;2838;2970;2862;2739;1427;1088;762;1638,6.9,0.0,10482.7,0,0,0,0,0,0.0,0,0,0,0,0,0,0,0,0.0,0,0,0,0,0,0.0,0.0,0.0,0,0,0,40.1,9.95,21.35,0.39,37.08,28.3,63.4,99.99874296352999,12.367561911187007,27.83789674243129,25.980954205326658,1.118817746307785,1799.0,0.0,0.0,34.616067616583145,0.0,44.21037429721372,14.1,91.0,0.0,0.0,0.0,450.0,10482.7,0.0,0.0,7.6,6.779,14.379,52.697,3.373,11.006,emon,0.703,0.536,98.0,45.9,2.136
2026-09-29 23:04:15.170,26.0,3,91,46;61;27;91;19;8;11;31;11;14;13;34;3;5;9;34,1558,4155,3995;3992;3962;4155;3202;3178;3312;3088;3190;3243;3295;3130;2074;2117;1558;2094,6.8,0.0,10507.8,0,0,0,0,0,0.0,0,0,0,0,0,0,0,0,0.0,0,0,0,0,0,0.0,0.0,0.0,0,0,0,44.1,9.95,21.35,0.39,37.08,28.4,63.4,99.99932223923352,17.576759402088975,25.02175019407759,30.054319597932757,1.197096759229346,1799.0,0.0,0.0,42.19513721393578,0.0,42.03830389942531,14.1,92.5,0.0,0.0,0.0,450.0,10501.2,0.0,0.0,7.6,6.779,14.379,52.697,3.373,11.006,emon,0.703,0.536,98.0,45.9,2.136
2026-09-29 23:04:16.171,14.0,0,92,22;40;9;92;0;0;0;20;2;0;0;22;0;0;3;14,905,4188,3826;3817;3835;4188;2901;2227;2315;2780;3133;2989;2961;2817;1377;922;905;1560,6.8,0.0,10507.8,0,0,0,0,0,0.0,0,0,0,0,0,0,0,0,0.0,0,0,0,0,0,0.0,0.0,0.0,0,0,0,41.1,9.95,21.35,0.39,37.08,28.5,63.4,100.0036143756735,13.360581882460492,27.239077116014627,29.38679177452521,1.1989094252061452,1799.6206896551723,0.0,0.0,39.08779263048208,0.0,44.76060143307168,14.1,91.9,0.0,0.0,0.0,450.0,10501.2,0.0,0.0,7.6,6.779,14.379,52.697,3.373,11.006,emon,0.703,0.536,98.0,45.9,2.136
2026-09-29 23:04:17.171,16.9,0,84,28;45;11;84;0;0;0;34;5;0;0;30;0;0;12;22,820,4230,3920;3774;3970;4230;3233;2601;2863;2823;3018;3244;2850;2814;932;1735;820;1657,5.4,0.0,10501.2,0,0,0,0,0,0.0,0,0,0,0,0,0,0,0,0.0,0,0,0,0,0,0.0,0.0,0.0,0,0,0,41.1,11.36,21.28,0.39,38.72,28.5,63.4,99.99624383195918,16.123204031652037,26.159016291115513,29.92895787739829,1.150471436385526,1800.529255319149,0.0,0.0,39.28235484620258,0.0,44.37336239526087,14.1,91.2,0.0,0.0,0.0,450.0,10497.2,0.0,0.0,7.6,6.779,14.379,52.697,3.373,11.006,emon,0.703,0.536,98.0,45.9,2.136
2026-09-29 23:04:18.172,16.7,0,94,27;38;6;94;0;0;2;30;2;0;0;19;0;2;14;34,800,4239,3908;3806;3735;4239;3201;2031;3214;2748;3042;2513;2996;2915;941;1382;800;1548,7.3,0.0,10497.2,0,0,0,0,0,0.0,0,0,0,0,0,0,0,0,0.0,0,0,0,0,0,0.0,0.0,0.0,0,0,0,41.1,11.36,21.28,0.39,38.72,28.4,63.4,100.00025174964732,12.962956506077534,27.52847287906346,26.98525072544694,1.2798348608298833,1799.0,0.0,0.0,39.32749604660233,0.0,44.00749192371794,14.1,91.8,0.0,0.0,0.0,450.0,10497.2,0.0,0.0,7.6,6.779,14.379,52.697,3.373,11.006,emon,0.703,0.536,98.0,45.9,2.136
2026-09-29 23:04:19.173,15.8,0,94,20;39;20;94;0;0;0;20;2;0;0;25;0;0;12;20,936,4255,3858;3788;3949;4255;3297;2092;1640;2885;3056;3000;1872;2909;1003;975;936;1640,7.3,0.0,10497.2,0,0,0,0,0,0.0,0,0,0,0,0,0,0,0,0.0,0,0,0,0,0,0.0,0.0,0.0,0,0,0,41.1,11.36,21.28,0.39,38.72,28.4,63.4,99.99029657292493,16.18986636567562,26.392378060894217,29.53667786271177,1.143261108426676,1800.9385026737968,0.0,0.0,40.43847230262401,0.0,43.65177416408514,14.1,91.0,0.0,0.0,0.0,450.0,10497.2,0.0,0.0,7.6,6.779,14.379,52.697,3.373,11.006,emon,0.703,0.536,98.0,45.9,2.136
2026-09-29 23:04:20.173,14.9,0,84,30;43;6;84;2;0;0;14;6;0;0;17;2;2;0;33,957,4229,3873;3710;3823;4229;2883;2679;2616;2867;3157;3178;2615;2860;1492;1554;957;1619,6.4,0.0,10497.2,0,0,0,0,0,0.0,0,0,0,0,0,0,0,0,0.0,0,0,0,0,0,0.0,0.0,0.0,0,0,0,41.1,11.36,21.28,0.39,38.72,28.4,63.4,99.99914135742188,12.991239651702344,27.662326482504607,27.16037840892126,1.1691264301749955,1802.2,0.0,0.0,40.06733238469002,0.0,44.35323391754044,14.1,91.9,0.0,0.0,0.0,450.0,10491.2,0.0,0.0,7.6,6.779,14.379,52.697,3.373,11.006,emon,0.703,0.536,98.0,45.9,2.136
2026-09-29 23:04:21.173,14.4,0,94,20;50;3;94;0;0;0;23;2;0;0;20;0;0;0;19,810,4249,3884;3823;3881;4249;3128;3079;1789;2854;3299;3254;3107;2916;1045;864;810;1780,7.1,0.0,10491.2,0,0,0,0,0,0.0,0,0,0,0,0,0,0,0,0.0,0,0,0,0,0,0.0,0.0,0.0,0,0,0,42.1,10.07,21.36,0.39,37.27,28.4,63.4,100.0005469476023,15.72836651540892,26.584371691429485,29.49845967306605,1.1142025949062293,1800.478494623656,0.0,0.0,40.24367371832286,0.0,44.02983105331235,14.1,91.1,0.0,0.0,0.0,450.0,10491.2,0.0,0.0,7.6,6.779,14.379,52.697,3.373,11.006,emon,0.703,0.536,98.0,45.9,2.136
2026-09-29 23:04:22.174,14.2,0,91,22;42;2;91;0;0;0;23;2;0;0;16;0;0;3;28,772,4261,3860;3777;3902;4261;3128;1790;1820;2770;3094;2214;2775;2778;1234;1024;772;1596,5.5,0.0,10491.2,0,0,0,0,0,0.0,0,0,0,0,0,0,0,0,0.0,0,0,0,0,0,0.0,0.0,0.0,0,0,0,42.1,10.07,21.36,0.39,37.27,28.4,63.4,100.00112875540835,15.407158198002573,25.39362217425001,27.701746403785265,1.0668364919166016,1799.0,0.0,0.0,39.846902470051425,0.0,44.08373096284461,14.1,92.0,0.0,0.0,0.0,450.0,10491.2,0.0,0.0,8.113,7.048,15.161,57.58,3.685,11.476,emon,0.698,0.523,98.7,45.6,2.162
2026-09-29 23:04:23.174,16.0,0,92,29;44;5;92;0;0;0;27;5;0;0;28;0;0;6;22,861,4206,3904;3855;3966;4206;3196;2508;2061;2948;3091;3140;3233;2962;1237;936;861;1759,7.0,0.0,10491.2,0,0,0,0,0,0.0,0,0,0,0,0,0,0,0,0.0,0,0,0,0,0,0.0,0.0,0.0,0,0,0,43.1,10.07,21.36,0.39,37.27,28.4,63.4,99.9995760624125,13.312558559382337,29.631389614243044,29.91392479672335,1.2486110201620506,1799.8207934336526,0.0,0.0,38.7619319764143,0.0,44.67455167414738,14.1,91.1,0.0,0.0,0.0,450.0,10491.2,0.0,0.0,8.113,7.048,15.161,57.58,3.685,11.476,emon,0.698,0.523,98.7,45.6,2.162
2026-09-29 23:04:24.175,15.4,0,88,20;43;9;88;3;0;0;17;5;0;0;23;0;0;6;31,855,4210,3862;3794;3892;4210;3060;2712;3003;2804;3247;3226;2507;2893;855;1413;918;1723,7.1,0.0,10489.5,0,0,0,0,0,0.0,0,0,0,0,0,0,0,0,0.0,0,0,0,0,0,0.0,0.0,0.0,0,0,0,41.1,10.07,21.36,0.39,37.27,28.4,63.4,100.00218353271484,15.85713347544606,26.37198340908793,29.645804315925446,1.1029390810538808,1814.3020134228188,0.0,0.0,39.52302047200657,0.0,44.004437638846966,14.1,91.7,0.0,0.0,0.0,450.0,10489.5,0.0,0.0,8.113,7.048,15.161,57.58,3.685,11.476,emon,0.698,0.523,98.7,45.6,2.162
2026-09-29 23:04:25.175,15.6,0,86,25;36;5;86;0;0;0;20;5;2;0;25;0;0;14;32,817,4266,3782;3795;3918;4266;2588;1752;1159;2877;3122;3110;3325;2834;1151;1148;817;1638,7.1,0.0,10489.5,0,0,0,0,0,0.0,0,0,0,0,0,0,0,0,0.0,0,0,0,0,0,0.0,0.0,0.0,0,0,0,41.1,10.19,21.34,0.39,37.35,28.4,63.4,100.00335169672806,16.2869681111295,24.822269010672176,27.640132876977948,1.243035212743897,1799.807537012113,0.0,0.0,40.04304219560991,0.0,43.951934838863856,14.1,91.5,0.0,0.0,0.0,450.0,10489.5,0.0,0.0,8.113,7.048,15.161,57.58,3.685,11.476,emon,0.698,0.523,98.7,45.6,2.162
2026-09-29 23:04:26.176,14.5,0,94,26;32;6;94;0;0;0;22;0;0;0;22;0;0;6;25,753,4227,3940;3754;3781;4227;3141;1766;1731;2850;3186;3210;2902;2858;1313;1106;753;1642,5.5,0.0,10489.5,0,0,0,0,0,0.0,0,0,0,0,0,0,0,0,0.0,0,0,0,0,0,0.0,0.0,0.0,0,0,0,41.1,10.19,21.34,0.39,37.35,28.6,63.4,100.0044089891634,15.87366855675123,25.394047537396627,29.67037659305153,1.1495152706465586,1800.1049723756905,0.0,0.0,38.031922508894915,0.0,44.86112056494254,14.1,91.4,0.0,0.0,0.0,450.0,10489.5,0.0,0.0,8.113,7.048,15.161,57.58,3.685,11.476,emon,0.698,0.523,98.7,45.6,2.162
2026-09-29 23:04:27.176,14.9,0,88,17;43;9;88;2;0;0;25;0;2;0;22;0;2;3;26,791,4215,3865;3778;3792;4215;3093;3359;2457;2785;3163;2979;2693;2923;910;1156;791;1829,7.1,0.0,10507.8,0,0,0,0,0,0.0,0,0,0,0,0,0,0,0,0.0,0,0,0,0,0,0.0,0.0,0.0,0,0,0,41.1,10.19,21.34,0.39,37.35,28.4,63.4,100.00128047015215,13.857382046499264,28.644823547150637,29.320980835524765,1.1901860236018782,1799.472972972973,0.0,0.0,39.65511332490872,0.0,43.87816119323699,14.1,91.8,0.0,0.0,0.0,450.0,10501.2,0.0,0.0,8.113,7.048,15.161,57.58,3.685,11.476,emon,0.698,0.523,98.7,45.6,2.162
2026-09-29 23:04:28.177,16.4,0,94,34;48;6;94;2;0;0;22;0;2;0;22;2;0;6;27,769,4228,3840;3899;3922;4228;3016;2551;1532;2817;3028;3049;3134;2871;1266;801;769;1611,6.7,0.0,10501.2,0,0,0,0,0,0.0,0,0,0,0,0,0,0,0,0.0,0,0,0,0,0,0.0,0.0,0.0,0,0,0,41.1,10.19,21.34,0.39,37.35,28.4,63.4,100.00196068042533,15.85131313280948,25.63301587530987,30.19723773043902,1.1883112957583866,1803.5706371191136,0.0,0.0,37.28900928374662,0.0,45.664426483063295,14.1,91.0,0.0,0.0,0.0,450.0,10501.2,0.0,0.0,8.113,7.048,15.161,57.58,3.685,11.476,emon,0.698,0.523,98.7,45.6,2.162
2026-09-29 23:04:29.177,16.0,0,89,32;29;9;89;2;0;0;29;6;0;0;23;0;0;9;27,767,4214,3829;3853;3892;4214;3299;2933;2596;2866;3079;3212;2985;2918;1067;852;767;1720,7.2,0.0,10501.2,0,0,0,0,0,0.0,0,0,0,0,0,0,0,0,0.0,0,0,0,0,0,0.0,0.0,0.0,0,0,0,44.1,10.11,21.0,0.39,37.14,28.4,63.4,100.00031583044971,15.807077004351667,24.2620828113505,28.083230178489863,1.0632528987652852,1801.9372496662215,0.0,0.0,38.91220628221964,0.0,44.44935904366935,14.1,91.7,0.0,0.0,0.0,450.0,10509.1,0.0,0.0,8.113,7.048,15.161,57.58,3.685,11.476,emon,0.698,0.523,98.7,45.6,2.162
2026-09-29 23:04:30.178,14.2,0,91,18;43;5;91;0;0;0;19;0;0;0;22;0;0;3;28,772,4223,3917;3839;3839;4223;2872;3187;1510;2846;3132;2972;2461;2863;1019;1147;772;1614,7.3,0.0,10501.2,0,0,0,0,0,0.0,0,0,0,0,0,0,0,0,0.0,0,0,0,0,0,0.0,0.0,0.0,0,0,0,41.1,10.11,21.0,0.39,37.14,28.4,63.4,100.00027569580078,13.507743054509163,29.13206415526072,29.91308532889684,1.2813894858234562,1803.7333333333333,0.0,0.0,38.718881809152045,0.0,44.62715538807517,14.1,90.9,0.0,0.0,0.0,450.0,10501.2,0.0,0.0,8.113,7.048,15.161,57.58,3.685,11.476,emon,0.698,0.523,98.7,45.6,2.162
2026-09-29 23:04:31.178,13.5,0,84,19;27;9;84;0;0;0;28;0;0;0;22;0;0;3;23,816,4258,3847;3805;3847;4258;2985;2454;1499;2818;3035;2461;2763;2868;1500;1042;816;1641,5.5,0.0,10501.2,0,0,0,0,0,0.0,0,0,0,0,0,0,0,0,0.0,0,0,0,0,0,0.0,0.0,0.0,0,0,0,42.1,10.11,21.0,0.39,37.14,28.4,63.4,100.0020184852337,15.468538678925613,26.385356017145618,28.7087852580794,1.12584778471047,1799.1379310344828,0.0,0.0,39.77967319691843,0.0,44.21069629967731,14.1,92.0,0.0,0.0,0.0,450.0,10497.2,0.0,0.0,8.113,7.048,15.161,57.58,3.685,11.476,emon,0.698,0.523,98.7,45.6,2.162
2026-09-29 23:04:32.179,16.0,0,80,29;43;14;80;2;2;0;20;5;0;0;24;0;0;12;27,975,4241,3849;3845;3828;4241;3247;3363;2052;2840;3073;2982;3139;2846;1554;1368;975;1602,7.1,0.0,10493.7,0,0,0,0,0,0.0,0,0,0,0,0,0,0,0,0.0,0,0,0,0,0,0.0,0.0,0.0,0,0,0,41.1,10.11,21.0,0.39,37.14,28.4,63.4,99.99865824246058,15.755671109582549,26.407978231833873,29.72982049742329,1.1164015999377597,1804.9254327563249,0.0,0.0,39.070027202269195,0.0,44.30112193402828,14.1,91.0,0.0,0.0,0.0,450.0,10493.7,0.0,0.0,8.113,7.048,15.161,57.58,3.685,11.476,emon,0.698,0.523,98.7,45.6,2.162
2026-09-29 23:04:33.198,20.7,0,97,39;51;14;97;15;0;0;26;21;2;0;25;0;0;6;36,1279,4178,3913;3947;4026;4178;3259;3355;3086;3028;3251;3218;3247;2989;1852;1279;1281;2116,7.2,0.0,10497.7,0,0,0,0,0,0.0,0,0,0,0,0,0,0,0,0.0,0,0,0,0,0,0.0,0.0,0.0,0,0,0,45.1,10.46,21.36,0.39,37.65,28.6,63.4,100.00044029256516,15.974749118138892,24.43653969906856,28.373691770240544,1.0275709181018777,1803.3360433604337,0.0,0.0,39.226396547048665,0.0,43.99250369425966,14.1,91.7,0.0,0.0,0.0,450.0,10497.7,0.0,0.0,7.868,6.801,14.669,55.57,3.557,11.112,emon,0.704,0.518,97.5,45.5,2.141
2026-09-29 23:04:34.199,15.1,0,91,22;37;9;91;2;0;0;23;5;0;0;22;0;0;3;28,741,4224,3732;3794;3916;4224;3233;3019;1934;2838;3176;3053;1904;2787;952;1591;741;1670,7.3,0.0,10491.6,0,0,0,0,0,0.0,0,0,0,0,0,0,0,0,0.0,0,0,0,0,0,0.0,0.0,0.0,0,0,0,43.1,10.46,21.36,0.39,37.65,28.4,63.4,99.99803046824611,16.302203695117417,26.62602013877324,29.858244198616273,1.2297223674514133,1804.5925432756326,0.0,0.0,39.20058550311627,0.0,44.305892211315665,14.1,91.2,0.0,0.0,0.0,450.0,10491.6,0.0,0.0,7.868,6.801,14.669,55.57,3.557,11.112,emon,0.704,0.518,97.5,45.5,2.141
2026-09-29 23:04:35.199,17.7,2,88,28;55;9;88;5;2;2;25;3;5;3;20;3;2;12;24,912,4190,3881;3890;3913;4190;3172;3276;3361;2863;3205;3319;3326;2932;1861;2528;912;1883,7.0,0.0,10491.6,0,0,0,0,0,0.0,0,0,0,0,0,0,0,0,0.0,0,0,0,0,0,0.0,0.0,0.0,0,0,0,41.1,10.46,21.36,0.39,37.65,28.4,63.4,99.99781433950943,14.509589194022807,27.714471219082935,29.72604819047105,1.1228493323797202,1806.1899736147757,0.0,0.0,39.11563213141408,0.0,43.890835845941865,14.1,91.4,0.0,0.0,0.0,450.0,10491.6,0.0,0.0,7.868,6.801,14.669,55.57,3.557,11.112,emon,0.704,0.518,97.5,45.5,2.141
2026-09-29 23:04:36.200,20.2,0,78,41;60;17;78;6;6;2;28;12;5;5;25;3;0;3;31,1000,4158,3839;3855;3959;4158;2992;3243;3236;2931;3150;3193;2991;2898;2002;1842;1000;1687,7.0,0.0,10491.6,0,0,0,0,0,0.0,0,0,0,0,0,0,0,0,0.0,0,0,0,0,0,0.0,0.0,0.0,0,0,0,43.1,11.72,21.4,0.39,39.09,28.4,63.4,100.00125014275027,16.229657960117926,25.34714435419101,29.449872997399055,1.1080395899346067,1803.0466392318244,0.0,0.0,39.01581966467502,0.0,44.10747440176255,14.1,91.8,0.0,0.0,0.0,450.0,10496.4,0.0,0.0,7.868,6.801,14.669,55.57,3.557,11.112,emon,0.704,0.518,97.5,45.5,2.141
2026-09-29 23:04:37.200,20.5,0,91,31;51;22;91;6;2;0;34;14;3;0;25;3;5;9;32,923,4188,3877;3926;3972;4188;3075;3140;3077;2896;2864;3089;3059;2790;1485;1293;923;1777,5.9,0.0,10500.1,0,0,0,0,0,0.0,0,0,0,0,0,0,0,0,0.0,0,0,0,0,0,0.0,0.0,0.0,0,0,0,44.1,11.72,21.4,0.39,39.09,28.5,63.4,100.00069758780775,13.632398731023853,28.50157441309478,30.479734008075326,1.1712148554090942,1810.5275813295616,0.0,0.0,36.101715931444936,0.0,45.63371812058764,14.1,90.9,0.0,0.0,0.0,450.0,10514.5,0.0,0.0,7.868,6.801,14.669,55.57,3.557,11.112,emon,0.704,0.518,97.5,45.5,2.141
2026-09-29 23:04:38.200,13.1,0,89,8;37;5;89;0;0;0;30;2;0;0;22;0;0;0;17,638,4256,4020;3816;4172;4256;3192;1637;1380;2879;3020;1763;1301;2882;854;820;638;1529,7.0,0.0,10514.6,0,0,0,0,0,0.0,0,0,0,0,0,0,0,0,0.0,0,0,0,0,0,0.0,0.0,0.0,0,0,0,42.1,11.72,21.4,0.39,39.09,28.4,63.4,99.99897981371198,13.465986201740868,21.146041414354528,22.653464480755584,1.0889546048770626,1828.1964285714287,0.0,0.0,38.772813875179935,0.0,46.56542610499904,14.1,94.5,0.0,0.0,0.0,450.0,10507.7,0.0,0.0,7.868,6.801,14.669,55.57,3.557,11.112,emon,0.704,0.518,97.5,45.5,2.141
2026-09-29 23:04:39.201,14.2,0,86,42;20;3;86;18;2;0;5;17;0;0;8;18;0;8;0,664,4326,3771;3962;4091;4326;2502;2313;2412;2834;2608;2707;2330;2720;1924;1161;664;906,4.5,0.0,10507.7,0,0,0,0,0,0.0,0,0,0,0,0,0,0,0,0.0,0,0,0,0,0,0.0,0.0,0.0,0,0,0,42.1,11.72,21.4,0.39,39.09,28.4,63.4,99.99274170450317,16.93352879487075,26.622234893567633,32.06409290368423,1.7533622129033601,1810.904761904762,0.0,0.0,42.194973305893306,0.0,41.93768501942301,14.2,94.9,0.0,0.0,0.0,450.0,10503.7,0.0,0.0,7.868,6.801,14.669,55.57,3.557,11.112,emon,0.704,0.518,97.5,45.5,2.141
2026-09-29 23:04:40.202,20.0,3,95,56;22;15;95;17;8;6;8;22;11;6;11;20;14;6;3,1174,4193,3934;4016;3999;4193;2838;3261;3274;3297;2850;3267;3308;3306;1937;2314;1174;2559,3.7,0.0,10503.7,0,0,0,0,0,0.0,0,0,0,0,0,0,0,0,0.0,0,0,0,0,0,0.0,0.0,0.0,0,0,0,45.1,10.76,21.25,0.39,38.39,28.5,63.4,99.99145089426348,19.27369649054092,25.621457183553325,35.054262379845305,1.9338685744684383,1806.6612903225807,0.0,0.0,42.51317495010106,0.0,42.940510781735746,14.2,96.0,0.0,0.0,0.0,450.0,10496.7,0.0,0.0,7.868,6.801,14.669,55.57,3.557,11.112,emon,0.704,0.518,97.5,45.5,2.141
2026-09-29 23:04:41.203,12.7,0,88,34;16;2;88;23;0;0;0;23;2;0;0;16;0;0;0,548,4242,3903;4092;4085;4242;2736;3175;2456;1465;2914;3130;2906;2684;1097;745;677;548,91.6,0.0,10493.2,0,0,0,0,0,0.0,0,0,0,0,0,0,0,0,0.0,0,0,0,0,0,0.0,0.0,0.0,0,0,0,42.1,10.76,21.25,0.39,38.39,28.4,63.4,98.71386151108445,9.521619435868496,36.91289801347297,35.59249322462168,16.36747804644496,1799.0,0.0,0.0,41.35895124741698,0.0,40.40598688641335,14.0,94.8,0.0,0.0,0.0,450.0,10493.2,0.0,0.0,7.868,6.801,14.669,55.57,3.557,11.112,emon,0.704,0.518,97.5,45.5,2.141
2026-09-29 23:04:42.203,13.7,0,92,36;20;5;92;25;2;0;0;22;0;0;0;3;0;14;0,575,4290,3869;3942;4181;4290;2380;3109;1792;1487;2803;2897;2740;2644;1001;760;603;575,91.2,0.0,10493.2,0,0,0,0,0,0.0,0,0,0,0,0,0,0,0,0.0,0,0,0,0,0,0.0,0.0,0.0,0,0,0,42.1,10.76,21.25,0.39,38.39,28.4,63.4,97.09690675382261,8.903361591144844,34.69915099938711,32.15614023015455,13.856940048768754,1799.0,0.0,0.0,40.96907703254838,0.0,36.750525806138626,14.1,96.0,0.0,0.0,0.0,450.0,10487.2,0.0,0.0,7.868,6.801,14.669,55.57,3.557,11.112,emon,0.704,0.518,97.5,45.5,2.141
2026-09-29 23:04:43.203,12.9,0,81,42;11;8;81;23;2;0;0;15;0;2;0;12;0;9;0,666,4242,3868;4168;3977;4242;2734;2932;2851;2859;2830;2628;3180;3150;1505;821;666;706,100.0,0.0,10482.2,0,0,0,0,0,0.0,0,0,0,0,0,0,0,0,0.0,0,0,0,0,0,0.0,0.0,0.0,0,0,0,41.1,10.76,21.25,0.39,38.39,28.4,63.4,97.32266657546377,9.313080344906156,36.0954746459945,34.72525602404884,15.449293208149909,1799.0,0.0,0.0,40.868305462719725,0.0,39.57471908412542,14.0,95.0,0.0,0.0,0.0,450.0,10482.2,0.0,0.0,7.868,6.801,14.669,55.57,3.557,11.112,emon,0.704,0.518,97.5,45.5,2.141
2026-09-29 23:04:44.204,14.2,0,88,38;17;3;88;30;3;0;0;25;0;0;0;14;0;9;0,617,4303,3889;4076;4033;4303;2856;3092;2912;2642;2624;3004;2605;2740;1249;1536;621;617,100.0,0.0,10482.2,0,0,0,0,0,0.0,0,0,0,0,0,0,0,0,0.0,0,0,0,0,0,0.0,0.0,0.0,0,0,0,43.1,11.12,12.22,0.39,33.96,28.4,63.4,97.28781272359642,10.088106741181699,36.92920503049012,36.24141449652253,16.26500344870525,1799.0,0.0,0.0,42.37104519068275,0.0,38.971523752639634,14.1,95.7,0.0,0.0,0.0,450.0,10482.2,0.0,0.0,7.868,6.801,14.669,55.57,3.557,11.112,emon,0.704,0.518,97.5,45.5,2.141
2026-09-29 23:04:45.205,14.0,0,91,34;20;5;91;23;2;0;0;20;3;0;3;5;2;16;0,616,4309,3896;4127;4040;4309;2753;3197;2107;1809;2771;3142;2037;1523;1312;869;616;891,100.0,0.0,10482.2,0,0,0,0,0,0.0,0,0,0,0,0,0,0,0,0.0,0,0,0,0,0,0.0,0.0,0.0,0,0,0,44.1,11.12,12.22,0.39,33.96,28.3,63.4,96.80937719002044,10.169802685221322,36.79413594959451,36.21236863153444,17.343317837597596,1799.0,0.0,0.0,42.6586898344723,0.0,37.43657488287032,14.1,95.8,0.0,0.0,0.0,450.0,10482.2,0.0,0.0,105.371,2.112,107.483,43.466,2.782,104.701,emon,0.564,0.413,146.5,68.4,2.141
2026-09-29 23:04:46.205,13.4,0,89,35;23;0;89;20;0;0;0;20;0;0;0;19;0;8;0,631,4254,3895;4116;4027;4254;2795;2087;1615;1837;2765;2892;3138;2291;1463;923;812;631,100.0,0.0,10482.2,0,0,0,0,0,0.0,0,0,0,0,0,0,0,0,0.0,0,0,0,0,0,0.0,0.0,0.0,0,0,0,41.1,11.12,12.22,0.39,33.96,28.3,63.4,97.57705845513465,9.577494537668608,36.33054677002975,36.25632783316299,16.183892246382662,1799.0,0.0,0.0,41.326218243559296,0.0,38.78595535080539,14.0,94.9,0.0,0.0,0.0,450.0,10482.2,0.0,0.0,105.371,2.112,107.483,43.466,2.782,104.701,emon,0.564,0.413,146.5,68.4,2.141
2026-09-29 23:04:47.206,14.1,0,88,44;16;12;88;17;2;0;0;25;0;0;0;11;2;10;0,544,4285,3677;3914;4165;4285;2480;3104;1252;1511;2593;2515;1638;1384;1325;1015;628;544,100.0,0.0,10482.2,0,0,0,0,0,0.0,0,0,0,0,0,0,0,0,0.0,0,0,0,0,0,0.0,0.0,0.0,0,0,0,42.1,11.12,12.22,0.39,33.96,28.3,63.4,98.2052696086265,9.690746587801826,36.41866045118989,35.42831979238906,15.274061619582337,1799.0,0.0,0.0,41.555696250644914,0.0,39.9080682550273,14.1,96.1,0.0,0.0,0.0,450.0,10482.2,0.0,0.0,105.371,2.112,107.483,43.466,2.782,104.701,emon,0.564,0.413,146.5,68.4,2.141
2026-09-29 23:04:48.207,15.5,0,86,45;20;16;86;22;3;0;2;28;2;2;0;20;2;2;0,947,4248,3877;3976;4060;4248;2750;3200;3242;3260;2761;3140;3205;3227;1603;1656;947;2179,100.0,0.0,10482.2,0,0,0,0,0,0.0,0,0,0,0,0,0,0,0,0.0,0,0,0,0,0,0.0,0.0,0.0,0,0,0,42.1,11.14,12.26,0.39,34.03,28.3,63.4,98.81820669989688,10.06594582195803,36.96547485459729,36.31277193647595,15.236976080277664,1799.0,0.0,0.0,41.7819821206245,0.0,40.15200748118601,14.1,95.1,0.0,0.0,0.0,450.0,10482.2,0.0,0.0,105.371,2.112,107.483,43.466,2.782,104.701,emon,0.564,0.413,146.5,68.4,2.141
2026-09-29 23:04:49.207,22.4,6,92,46;34;25;92;17;14;11;13;22;16;18;13;19;6;8;6,1401,4233,3843;3917;3912;4233;2915;3191;3300;3293;2925;3213;3247;3295;1853;2086;1401;2662,87.7,0.0,10482.2,0,0,0,0,0,0.0,0,0,0,0,0,0,0,0,0.0,0,0,0,0,0,0.0,0.0,0.0,0,0,0,45.1,11.14,12.26,0.39,34.03,28.2,63.4,96.64895434504591,10.241157878669021,35.30623635113909,35.492599057187135,16.60930020844445,1799.0,0.0,0.0,43.264560688297486,0.0,37.11339967325764,14.0,95.1,0.0,0.0,0.0,450.0,10482.2,0.0,0.0,105.371,2.112,107.483,43.466,2.782,104.701,emon,0.564,0.413,146.5,68.4,2.141
2026-09-29 23:04:50.207,13.9,0,88,40;18;8;88;20;0;0;0;20;0;0;0;24;2;3;0,667,4264,3912;4111;3977;4264;2780;2859;2818;1461;2958;2965;2320;2171;1778;1291;681;667,100.0,0.0,10482.2,0,0,0,0,0,0.0,0,0,0,0,0,0,0,0,0.0,0,0,0,0,0,0.0,0.0,0.0,0,0,0,43.1,11.14,12.26,0.39,34.03,27.6,63.4,97.89344355897995,9.753862529016525,36.17826133445629,35.278655497628506,15.912409205789109,1799.0,0.0,0.0,41.713574930529894,0.0,40.23321675673811,14.0,94.5,0.0,0.0,0.0,450.0,9487.2,0.0,0.0,105.371,2.112,107.483,43.466,2.782,104.701,emon,0.564,0.413,146.5,68.4,2.141
2026-09-29 23:04:51.208,13.5,0,96,44;14;4;96;19;0;0;0;20;0;0;0;12;0;6;2,619,4309,3907;3951;4143;4309;2673;2650;3113;1463;2820;3056;2752;3201;981;780;619;1127,100.0,0.0,9439.5,0,0,0,0,0,0.0,0,0,0,0,0,0,0,0,0.0,0,0,0,0,0,0.0,0.0,0.0,0,0,0,43.1,11.14,12.26,0.39,34.03,27.6,63.4,97.52376054270601,9.43896166268628,36.52333142386263,34.92555113801227,15.764179320077075,1799.0,0.0,0.0,41.90489930534332,0.0,38.446352431769036,14.0,95.6,0.0,0.0,0.0,450.0,9439.5,0.0,0.0,105.371,2.112,107.483,43.466,2.782,104.701,emon,0.564,0.413,146.5,68.4,2.141
2026-09-29 23:04:52.209,12.3,0,92,30;17;6;92;19;0;0;0;12;2;0;0;14;2;3;0,681,4225,3774;4179;4138;4225;2921;3166;2530;3309;2857;3112;3103;3323;1456;1104;681;718,99.9,0.0,9442.6,0,0,0,0,0,0.0,0,0,0,0,0,0,0,0,0.0,0,0,0,0,0,0.0,0.0,0.0,0,0,0,42.1,11.88,12.18,0.39,34.69,27.6,63.4,97.60205314574985,9.517223010822242,36.25668900637725,35.4075370861918,15.711995988968095,1799.0,0.0,0.0,41.03068929113856,0.0,39.578498732261224,14.0,94.6,0.0,0.0,0.0,450.0,9439.5,0.0,0.0,105.371,2.112,107.483,43.466,2.782,104.701,emon,0.564,0.413,146.5,68.4,2.141
2026-09-29 23:04:53.210,12.9,0,84,46;11;2;84;16;0;0;0;16;3;0;0;14;0;14;0,629,4310,3688;4063;3980;4310;2618;2497;2861;2159;2678;3053;2848;2917;1463;846;629;728,91.8,0.0,9439.5,0,0,0,0,0,0.0,0,0,0,0,0,0,0,0,0.0,0,0,0,0,0,0.0,0.0,0.0,0,0,0,43.1,11.88,12.18,0.39,34.69,27.4,63.4,98.23902392108211,9.34797211672971,35.94135149943466,34.72714749924332,15.306209984143315,1799.0,0.0,0.0,40.751063701470954,0.0,38.15592012731653,14.1,95.9,0.0,0.0,0.0,450.0,9439.5,0.0,0.0,105.371,2.112,107.483,43.466,2.782,104.701,emon,0.564,0.413,146.5,68.4,2.141
2026-09-29 23:04:54.210,11.9,0,86,40;11;5;86;10;2;0;0;16;2;0;0;11;0;9;0,585,4315,3904;4182;4225;4315;2649;3288;1399;1318;2542;3135;2669;2732;1185;585;603;663,96.6,0.0,9439.5,0,0,0,0,0,0.0,0,0,0,0,0,0,0,0,0.0,0,0,0,0,0,0.0,0.0,0.0,0,0,0,44.1,11.88,12.18,0.39,34.69,27.4,63.4,98.32565077795672,9.830727438007012,36.93187564299041,36.40745319272987,16.06993054721648,1799.0,0.0,0.0,41.51581811368762,0.0,39.651291942485535,14.1,95.4,0.0,0.0,0.0,450.0,9439.5,0.0,0.0,105.371,2.112,107.483,43.466,2.782,104.701,emon,0.564,0.413,146.5,68.4,2.141
2026-09-29 23:04:55.211,14.3,0,83,40;22;5;83;22;0;0;0;22;2;0;0;18;0;17;0,789,4266,3753;4011;4088;4266;2797;2913;1956;1592;2819;3082;2746;1418;1450;795;789;2137,93.7,0.0,9439.5,0,0,0,0,0,0.0,0,0,0,0,0,0,0,0,0.0,0,0,0,0,0,0.0,0.0,0.0,0,0,0,43.1,11.88,12.18,0.39,34.69,27.4,63.4,97.91914929113081,9.230026991387643,35.31819883732139,33.83787221453215,14.639646453670329,1799.0,0.0,0.0,41.410872133638506,0.0,38.92146820424016,14.1,95.0,0.0,0.0,0.0,450.0,9439.5,0.0,0.0,105.371,2.112,107.483,43.466,2.782,104.701,emon,0.564,0.413,146.5,68.4,2.141
2026-09-29 23:04:56.212,12.0,0,89,38;9;3;89;15;0;0;0;17;0;0;0;8;0;12;0,599,4297,3754;4250;4091;4297;2701;2794;1723;2666;2889;2840;2125;1941;1246;751;599;648,93.7,0.0,9439.5,0,0,0,0,0,0.0,0,0,0,0,0,0,0,0,0.0,0,0,0,0,0,0.0,0.0,0.0,0,0,0,42.1,11.03,12.13,0.39,33.78,27.3,63.4,97.71506859366185,10.120236173272133,36.71614553980346,36.29654795735344,16.93677809548771,1799.0,0.0,0.0,42.985471844366735,0.0,38.577184487391584,14.1,95.5,0.0,0.0,0.0,450.0,9439.5,0.0,0.0,105.371,2.112,107.483,43.466,2.782,104.701,emon,0.564,0.413,146.5,68.4,2.141
2026-09-29 23:04:57.212,12.8,0,86,28;22;5;86;24;2;0;0;30;0;0;2;2;0;6;0,536,4269,3871;4164;4172;4269;2834;3141;2701;2631;2764;3234;2574;3286;1008;1072;614;536,100.0,0.0,9442.7,0,0,0,0,0,0.0,0,0,0,0,0,0,0,0,0.0,0,0,0,0,0,0.0,0.0,0.0,0,0,0,42.1,11.03,12.13,0.39,33.78,27.2,63.4,97.97470202119074,9.468751248315716,36.13855842157459,34.948759426743706,15.689231039795487,1799.0,0.0,0.0,40.871228350154134,0.0,39.717690178253356,14.1,95.5,0.0,0.0,0.0,450.0,9439.5,0.0,0.0,105.957,1.949,107.906,39.814,2.548,105.358,emon,0.572,0.422,146.2,68.2,2.143
2026-09-29 23:04:58.213,10.7,0,95,34;5;2;95;11;2;0;0;9;2;0;0;6;0;6;0,506,4304,3852;4106;4164;4304;2782;3179;2368;2587;2776;2954;2945;2120;1191;716;584;506,97.0,0.0,9442.7,0,0,0,0,0,0.0,0,0,0,0,0,0,0,0,0.0,0,0,0,0,0,0.0,0.0,0.0,0,0,0,42.1,11.03,12.13,0.39,33.78,27.2,63.4,95.4578464773186,10.929199381268688,37.18083560256542,37.672804683037256,18.608172513296513,1799.0,0.0,0.0,43.75180896864605,0.0,36.50352615202186,14.0,94.4,0.0,0.0,0.0,450.0,9439.5,0.0,0.0,105.957,1.949,107.906,39.814,2.548,105.358,emon,0.572,0.422,146.2,68.2,2.143
2026-09-29 23:04:59.214,16.1,0,85,35;23;6;85;28;2;0;0;38;2;0;0;19;3;19;0,641,4233,3862;4166;4004;4233;2780;3017;2938;2283;2840;2870;2019;1921;1284;719;658;641,99.2,0.0,9442.7,0,0,0,0,0,0.0,0,0,0,0,0,0,0,0,0.0,0,0,0,0,0,0.0,0.0,0.0,0,0,0,42.1,11.03,12.13,0.39,33.78,27.2,63.4,97.83948919980642,9.932926417243392,37.02741354033193,36.29302222485755,16.007903977867088,1799.0,0.0,0.0,41.23731340809909,0.0,39.133732545378734,14.0,95.4,0.0,0.0,0.0,450.0,9439.5,0.0,0.0,105.957,1.949,107.906,39.814,2.548,105.358,emon,0.572,0.422,146.2,68.2,2.143
2026-09-29 23:05:00.233,14.9,0,86,36;24;12;86;20;0;0;0;25;3;0;0;12;2;18;0,653,4279,3821;4100;4084;4279;2692;2921;1638;2100;2867;2977;2983;2593;1167;808;653;1094,94.4,0.0,9439.5,0,0,0,0,0,0.0,0,0,0,0,0,0,0,0,0.0,0,0,0,0,0,0.0,0.0,0.0,0,0,0,42.1,11.19,12.06,0.39,33.8,27.3,63.4,96.68692535482427,9.241161479681436,34.98337969301422,32.344708086929444,13.722733319814418,1799.0,0.0,0.0,41.785463781386454,0.0,38.406903127506894,14.1,95.6,0.0,0.0,0.0,450.0,9439.5,0.0,0.0,105.957,1.949,107.906,39.814,2.548,105.358,emon,0.572,0.422,146.2,68.2,2.143
2026-09-29 23:05:01.234,12.3,0,86,42;12;5;86;16;0;0;0;22;0;0;0;11;3;0;0,672,4221,3900;4109;4018;4221;2840;2928;1841;1505;2947;3094;3275;2016;1296;980;672;911,96.4,0.0,9439.5,0,0,0,0,0,0.0,0,0,0,0,0,0,0,0,0.0,0,0,0,0,0,0.0,0.0,0.0,0,0,0,42.1,11.19,12.06,0.39,33.8,27.1,63.4,97.78070782805197,9.635581863680242,36.61182805297861,35.24470362006716,16.038201400369687,1799.0,0.0,0.0,40.75877236325547,0.0,39.57673290927243,14.1,95.6,0.0,0.0,0.0,450.0,9439.5,0.0,0.0,105.957,1.949,107.906,39.814,2.548,105.358,emon,0.572,0.422,146.2,68.2,2.143
2026-09-29 23:05:02.234,13.2,0,84,42;8;6;84;25;3;0;0;15;3;0;0;20;2;3;0,530,4316,3839;4070;4052;4316;2716;3006;2403;1677;2745;2712;2335;2148;1275;705;629;530,89.1,0.0,9439.5,0,0,0,0,0,0.0,0,0,0,0,0,0,0,0,0.0,0,0,0,0,0,0.0,0.0,0.0,0,0,0,42.1,11.19,12.06,0.39,33.8,27.1,63.4,97.60851997158903,10.311040591093755,37.099776472964564,36.84514504986996,17.36563763041143,1799.0,0.0,0.0,43.42833386234352,0.0,38.524846397003365,14.0,94.5,0.0,0.0,0.0,450.0,9439.5,0.0,0.0,105.957,1.949,107.906,39.814,2.548,105.358,emon,0.572,0.422,146.2,68.2,2.143
2026-09-29 23:05:03.235,11.6,0,91,46;5;8;91;12;0;0;0;14;0;0;0;8;0;3;0,636,4325,3970;4112;4175;4325;2685;2881;1867;2903;2656;1983;2890;1956;1108;747;636;640,96.7,0.0,9439.5,0,0,0,0,0,0.0,0,0,0,0,0,0,0,0,0.0,0,0,0,0,0,0.0,0.0,0.0,0,0,0,43.1,11.19,12.06,0.39,33.8,27.1,63.4,97.67822636637771,9.461408118962458,35.77924049547628,35.14265591826845,15.709840338358303,1799.0,0.0,0.0,41.435587821671284,0.0,39.46608372698016,14.1,96.1,0.0,0.0,0.0,450.0,9439.5,0.0,0.0,105.957,1.949,107.906,39.814,2.548,105.358,emon,0.572,0.422,146.2,68.2,2.143
2026-09-29 23:05:04.235,13.4,0,83,46;17;9;83;23;3;0;0;19;2;0;0;9;0;3;0,637,4226,3894;4174;4221;4226;2834;1881;3318;3363;2811;2812;2571;2715;1153;1238;648;637,94.1,0.0,9439.5,0,0,0,0,0,0.0,0,0,0,0,0,0,0,0,0.0,0,0,0,0,0,0.0,0.0,0.0,0,0,0,43.1,11.18,12.29,0.39,34.11,27.1,63.4,97.78483932245345,9.686433870655796,36.40857740058785,35.246355733643504,15.692095434590149,1799.0,0.0,0.0,42.11428311165738,0.0,39.93209640717538,14.0,95.2,0.0,0.0,0.0,450.0,9439.5,0.0,0.0,105.957,1.949,107.906,39.814,2.548,105.358,emon,0.572,0.422,146.2,68.2,2.143
2026-09-29 23:05:05.236,12.6,0,89,40;11;3;89;12;3;0;0;22;2;3;0;3;0;13;0,602,4314,3834;4179;4237;4314;2618;3197;2355;2615;2791;3086;2805;2519;1001;776;602;784,100.0,0.0,9439.5,0,0,0,0,0,0.0,0,0,0,0,0,0,0,0,0.0,0,0,0,0,0,0.0,0.0,0.0,0,0,0,43.1,11.18,12.29,0.39,34.11,27.1,63.4,96.8005439933887,9.975015604592834,36.64398718009357,35.60850514842715,16.62791067757791,1799.0,0.0,0.0,42.804415617629026,0.0,37.564038172416566,14.0,94.7,0.0,0.0,0.0,450.0,9439.5,0.0,0.0,105.957,1.949,107.906,39.814,2.548,105.358,emon,0.572,0.422,146.2,68.2,2.143
2026-09-29 23:05:06.237,15.0,0,91,50;9;6;91;22;0;0;0;27;6;0;0;12;3;14;0,531,4307,3880;4071;4137;4307;2836;3248;3008;3132;2950;3210;3041;3251;1359;815;602;531,100.0,0.0,9439.5,0,0,0,0,0,0.0,0,0,0,0,0,0,0,0,0.0,0,0,0,0,0,0.0,0.0,0.0,0,0,0,43.1,11.18,12.29,0.39,34.11,27.1,63.4,97.66815340362783,9.57486439829562,36.46244322515081,35.33732394532882,16.31965725080544,1799.0,0.0,0.0,41.047656045928214,0.0,38.918589031422606,14.0,95.5,0.0,0.0,0.0,450.0,9439.5,0.0,0.0,105.957,1.949,107.906,39.814,2.548,105.358,emon,0.572,0.422,146.2,68.2,2.143
2026-09-29 23:05:07.237,13.2,0,95,36;14;0;95;22;2;0;0;16;0;0;0;16;0;12;0,644,4302,3840;4031;4081;4302;2802;3026;1867;2599;2849;3000;2284;3243;1155;931;644;700,100.0,0.0,9439.5,0,0,0,0,0,0.0,0,0,0,0,0,0,0,0,0.0,0,0,0,0,0,0.0,0.0,0.0,0,0,0,42.1,11.18,12.29,0.39,34.11,27.1,63.4,98.13268482435,9.778312586369493,37.34025803201404,36.60491089220647,16.582886377802673,1799.0,0.0,0.0,40.98952893365722,0.0,41.204296821556966,14.0,94.5,0.0,0.0,0.0,450.0,9439.5,0.0,0.0,105.957,1.949,107.906,39.814,2.548,105.358,emon,0.572,0.422,146.2,68.2,2.143
2026-09-29 23:05:08.238,14.6,0,83,40;14;11;83;31;0;0;0;38;0;0;0;11;0;5;0,654,4238,3820;4164;4099;4238;2844;2235;1940;1649;2852;2976;2072;2219;1191;727;677;654,99.3,0.0,9439.5,0,0,0,0,0,0.0,0,0,0,0,0,0,0,0,0.0,0,0,0,0,0,0.0,0.0,0.0,0,0,0,41.1,11.11,12.33,0.39,34.01,27.1,63.4,98.24971726246369,9.547118463691993,36.23571531524261,34.900247709868616,15.465675829280503,1799.0,0.0,0.0,41.47310362642225,0.0,40.63654264264994,14.0,95.6,0.0,0.0,0.0,450.0,9439.5,0.0,0.0,106.087,1.724,107.811,37.991,2.431,105.38,emon,0.575,0.411,146.1,68.2,2.142
2026-09-29 23:05:09.238,13.7,0,94,17;37;6;94;3;17;0;0;5;17;0;0;5;8;10;0,491,4235,3928;3874;3843;4235;2865;2687;3156;1474;2811;2729;2879;1793;1571;1037;662;491,91.7,0.0,9439.5,0,0,0,0,0,0.0,0,0,0,0,0,0,0,0,0.0,0,0,0,0,0,0.0,0.0,0.0,0,0,0,42.1,11.11,12.33,0.39,34.01,27.1,63.4,96.17808213479378,9.945791922400103,35.67853077281924,34.56997387593283,16.018133875908674,1799.0,0.0,0.0,43.59425961772007,0.0,36.07032871726042,14.1,94.9,0.0,0.0,0.0,450.0,9439.5,0.0,0.0,106.087,1.724,107.811,37.991,2.431,105.38,emon,0.575,0.411,146.1,68.2,2.142
2026-09-29 23:05:10.239,14.9,0,96,14;45;2;96;0;36;0;0;0;22;0;0;0;11;13;0,695,4280,4143;3859;4194;4280;1818;2848;2679;2904;1925;2910;3089;2935;695;1233;808;810,95.2,0.0,9439.5,0,0,0,0,0,0.0,0,0,0,0,0,0,0,0,0.0,0,0,0,0,0,0.0,0.0,0.0,0,0,0,42.1,11.11,12.33,0.39,34.01,27.1,63.4,97.93620034268028,9.800328270711919,37.007078571408464,36.74826889202456,16.131312755333248,1799.0,0.0,0.0,40.32643884708574,0.0,40.612956761239836,14.0,95.2,0.0,0.0,0.0,450.0,9439.5,0.0,0.0,106.087,1.724,107.811,37.991,2.431,105.38,emon,0.575,0.411,146.1,68.2,2.142
2026-09-29 23:05:11.240,13.9,0,88,8;46;6;88;0;20;0;0;0;19;2;0;0;15;17;2,682,4301,3995;3914;4105;4301;1499;2730;3001;2115;1718;2468;2700;2975;936;1116;682;839,86.8,0.0,9439.5,0,0,0,0,0,0.0,0,0,0,0,0,0,0,0,0.0,0,0,0,0,0,0.0,0.0,0.0,0,0,0,43.1,11.11,12.33,0.39,34.01,27.1,63.4,97.14918582587592,10.151194644586766,36.97162879326797,36.37391700113645,16.91656891525469,1799.0,0.0,0.0,42.86321646534104,0.0,38.28881857420338,14.0,94.6,0.0,0.0,0.0,450.0,9439.5,0.0,0.0,106.087,1.724,107.811,37.991,2.431,105.38,emon,0.575,0.411,146.1,68.2,2.142
2026-09-29 23:05:12.240,14.4,0,82,17;60;6;82;0;31;2;0;0;21;5;0;0;6;2;0,561,4253,4047;3855;4162;4253;1957;2833;2101;2021;1931;2883;3023;2416;741;1224;768;561,100.0,0.0,9439.5,0,0,0,0,0,0.0,0,0,0,0,0,0,0,0,0.0,0,0,0,0,0,0.0,0.0,0.0,0,0,0,42.1,11.04,12.35,0.39,34.06,27.1,63.4,98.55121899981832,9.618968815590407,36.734540197876996,35.8215788546863,15.274208571284273,1799.0,0.0,0.0,41.822441260092134,0.0,40.29573279639098,14.1,96.1,0.0,0.0,0.0,450.0,9439.5,0.0,0.0,106.087,1.724,107.811,37.991,2.431,105.38,emon,0.575,0.411,146.1,68.2,2.142
2026-09-29 23:05:13.242,12.6,0,88,8;37;3;88;0;26;0;0;0;20;0;0;0;11;9;0,651,4292,4156;3964;3939;4292;1449;2783;2980;2775;1538;2738;3003;2482;651;1209;660;745,100.0,0.0,9439.5,0,0,0,0,0,0.0,0,0,0,0,0,0,0,0,0.0,0,0,0,0,0,0.0,0.0,0.0,0,0,0,43.1,11.04,12.35,0.39,34.06,27.1,63.4,96.85204844176769,9.415111194477223,36.60817327984394,35.35565338115423,15.827963493507731,1799.0,0.0,0.0,40.32900720284782,0.0,40.33357553636653,14.1,95.2,0.0,0.0,0.0,450.0,9439.5,0.0,0.0,106.087,1.724,107.811,37.991,2.431,105.38,emon,0.575,0.411,146.1,68.2,2.142
2026-09-29 23:05:14.242,13.4,0,91,11;46;8;91;0;27;0;2;0;17;3;0;0;5;6;0,809,4308,4161;3891;4070;4308;3298;2842;3209;3300;3238;2789;3068;3244;1787;1523;809;2363,100.0,0.0,9439.5,0,0,0,0,0,0.0,0,0,0,0,0,0,0,0,0.0,0,0,0,0,0,0.0,0.0,0.0,0,0,0,45.1,11.04,12.35,0.39,34.06,27.1,63.4,97.71248131500178,9.468255902427094,35.68677029361972,34.9421495645432,15.102840737464387,1799.0,0.0,0.0,41.13733580579489,0.0,38.09843778440089,14.0,95.0,0.0,0.0,0.0,450.0,9439.5,0.0,0.0,106.087,1.724,107.811,37.991,2.431,105.38,emon,0.575,0.411,146.1,68.2,2.142
2026-09-29 23:05:15.243,20.8,2,88,30;52;16;88;3;35;6;8;8;30;5;10;3;25;12;2,1393,4207,3983;3796;3981;4207;3314;2877;3230;3262;3330;3017;3167;3199;2275;2041;1393;2419,96.0,0.0,9439.5,0,0,0,0,0,0.0,0,0,0,0,0,0,0,0,0.0,0,0,0,0,0,0.0,0.0,0.0,0,0,0,43.1,11.04,12.35,0.39,34.06,27.2,63.4,97.58143043976564,10.024827696383,36.22096582502127,36.01678567505083,16.726179335463783,1799.0,0.0,0.0,42.75809110483981,0.0,38.3988501495587,14.0,95.3,0.0,0.0,0.0,450.0,9439.5,0.0,0.0,106.087,1.724,107.811,37.991,2.431,105.38,emon,0.575,0.411,146.1,68.2,2.142
2026-09-29 23:05:16.244,12.1,0,89,6;45;12;89;0;12;0;0;0;14;0;0;0;12;3;0,544,4325,3935;3888;4175;4325;1885;2711;2629;2806;3145;2645;2960;2712;544;1385;635;754,100.0,0.0,9439.5,0,0,0,0,0,0.0,0,0,0,0,0,0,0,0,0.0,0,0,0,0,0,0.0,0.0,0.0,0,0,0,44.1,11.71,12.38,0.39,34.86,27.2,63.4,97.84282728677155,9.77464341055802,35.76583480690756,34.96441827574244,15.391195751994507,1799.0,0.0,0.0,42.414411139012294,0.0,38.60665447655451,14.0,94.7,0.0,0.0,0.0,450.0,9439.5,0.0,0.0,106.087,1.724,107.811,37.991,2.431,105.38,emon,0.575,0.411,146.1,68.2,2.142
2026-09-29 23:05:17.244,13.9,0,84,15;37;8;84;0;33;0;0;0;33;2;0;0;5;6;0,534,4274,4212;3835;4144;4274;1414;2630;2449;1418;1581;2802;3208;2337;534;1075;599;801,100.0,0.0,9439.5,0,0,0,0,0,0.0,0,0,0,0,0,0,0,0,0.0,0,0,0,0,0,0.0,0.0,0.0,0,0,0,42.1,11.71,12.38,0.39,34.86,27.1,63.4,97.80714908306733,9.098978000060173,35.19687439469032,33.62077310233623,14.281727353770092,1799.0,0.0,0.0,40.27475675650533,0.0,38.94692481645447,14.1,95.6,0.0,0.0,0.0,450.0,9439.5,0.0,0.0,106.087,1.724,107.811,37.991,2.431,105.38,emon,0.575,0.411,146.1,68.2,2.142
2026-09-29 23:05:18.245,14.7,0,86,11;35;9;86;2;23;3;0;0;22;5;2;2;14;21;0,628,4337,4027;3811;4088;4337;2848;2767;3146;3326;2549;2792;3086;2955;628;1283;681;761,97.5,0.0,9439.5,0,0,0,0,0,0.0,0,0,0,0,0,0,0,0,0.0,0,0,0,0,0,0.0,0.0,0.0,0,0,0,42.1,11.71,12.38,0.39,34.86,27.1,63.4,96.3890419293167,10.018229583712449,35.47231763870196,34.760165664990595,15.208239088083541,1799.0,0.0,0.0,42.711215032876424,0.0,35.73889592278554,14.0,94.7,0.0,0.0,0.0,450.0,9439.5,0.0,0.0,106.087,1.724,107.811,37.991,2.431,105.38,emon,0.575,0.411,146.1,68.2,2.142
2026-09-29 23:05:19.246,12.4,0,88,19;35;2;88;0;23;0;0;0;17;2;0;0;10;2;2,542,4254,4031;3886;4133;4254;1939;2924;3174;3127;2125;2876;2932;2935;542;1010;668;1042,100.0,0.0,9439.5,0,0,0,0,0,0.0,0,0,0,0,0,0,0,0,0.0,0,0,0,0,0,0.0,0.0,0.0,0,0,0,42.1,11.71,12.38,0.39,34.86,27.1,63.4,97.69569152539914,9.734025494214398,35.10655283310392,34.41839087556477,15.049221806666292,1799.0,0.0,0.0,41.216420520058215,0.0,38.25003537039449,14.0,95.5,0.0,0.0,0.0,450.0,9439.5,0.0,0.0,106.087,1.724,107.811,37.991,2.431,105.38,emon,0.575,0.411,146.1,68.2,2.142
2026-09-29 23:05:20.277,11.5,0,87,9;37;9;87;0;17;2;0;0;12;0;0;0;9;3;0,530,4307,4091;3868;4045;4307;1967;2745;3056;1969;1902;2835;2971;2573;530;1236;677;799,100.0,0.0,9439.5,0,0,0,0,0,0.0,0,0,0,0,0,0,0,0,0.0,0,0,0,0,0,0.0,0.0,0.0,0,0,0,42.1,11.09,12.37,0.39,34.07,27.3,63.4,95.85660688474145,9.317937377724531,34.448116357333326,32.91962596241788,15.110143949897077,1799.0,0.0,0.0,42.813159003687375,0.0,37.0214553168557,14.0,94.8,0.0,0.0,0.0,450.0,9439.5,0.0,0.0,104.94,2.195,107.135,40.511,2.593,104.542,emon,0.564,0.428,145.9,68.0,2.146
2026-09-29 23:05:21.277,8.4,0,49,5;40;0;49;0;11;2;0;0;19;0;0;0;6;3;0,678,4232,4166;3909;4176;4232;1374;2483;3063;1346;1371;2463;3193;1602;789;1033;678;773,100.0,0.0,9439.5,0,0,0,0,0,0.0,0,0,0,0,0,0,0,0,0.0,0,0,0,0,0,0.0,0.0,0.0,0,0,0,39.1,11.09,12.37,0.39,34.07,27.1,63.4,91.69065812933312,8.60873468851231,35.71591878740975,35.53193288907576,14.239587354195812,1778.7752808988764,0.0,0.0,31.604555195888434,0.0,43.625757614199216,14.0,95.6,0.0,0.0,0.0,450.0,9439.5,0.0,0.0,104.94,2.195,107.135,40.511,2.593,104.542,emon,0.564,0.428,145.9,68.0,2.146
2026-09-29 23:05:22.277,4.5,0,34,0;22;2;34;0;6;0;0;0;6;0;0;0;2;0;0,1101,3975,3482;3399;2317;3975;1365;1686;1242;2074;2301;1774;1273;1215;1126;1138;1156;1101,3.5,0.0,9439.5,0,0,0,0,0,0.0,0,0,0,0,0,0,0,0,0.0,0,0,0,0,0,0.0,0.0,0.0,0,0,0,38.1,11.09,12.37,0.39,34.07,27.1,63.4,75.80523183610704,2.8366801738739014,29.849469744969927,28.930313413105313,2.3532749281829823,1194.2380952380952,0.0,0.0,0.0,0.0,50.16939505650883,4.3,25.0,0.0,0.0,0.0,450.0,9439.5,0.0,0.0,104.94,2.195,107.135,40.511,2.593,104.542,emon,0.564,0.428,145.9,68.0,2.146
2026-09-29 23:05:23.278,6.0,0,33,2;24;0;33;0;12;0;0;0;9;0;0;0;0;9;6,1146,4277,4277;3259;4089;4203;1340;1745;1492;1661;1596;1760;1738;2107;1146;1197;2146;1667,6.6,0.0,9439.5,0,0,0,0,0,0.0,0,0,0,0,0,0,0,0,0.0,0,0,0,0,0,0.0,0.0,0.0,0,0,0,36.1,11.09,12.37,0.39,34.07,27.1,63.4,98.6298069052982,3.3333369798374615,29.911984819421022,29.267370181698954,2.563146794765135,1173.4239631336407,0.0,0.0,0.0,0.0,53.37017135631104,0.8,0.0,0.0,0.0,0.0,450.0,9442.7,0.0,0.0,104.94,2.195,107.135,40.511,2.593,104.542,emon,0.564,0.428,145.9,68.0,2.146
2026-09-29 23:05:24.278,4.2,0,38,2;14;2;38;0;5;0;0;0;5;0;0;0;0;0;2,993,4161,4074;3619;3783;4161;1815;1753;1372;2254;2827;1744;1406;1836;1011;1026;993;1058,6.4,0.0,9439.5,0,0,0,0,0,0.0,0,0,0,0,0,0,0,0,0.0,0,0,0,0,0,0.0,0.0,0.0,0,0,0,37.1,6.88,2.62,0.35,14.22,27.1,63.4,98.61668032691593,3.2552464104124477,29.710124421687354,29.040593850825513,2.896172018382848,1170.7261904761904,0.0,0.0,0.0,0.0,52.68825984737348,0.8,0.0,0.0,0.0,0.0,450.0,9439.5,0.0,0.0,104.94,2.195,107.135,40.511,2.593,104.542,emon,0.564,0.428,145.9,68.0,2.146
2026-09-29 23:05:25.278,5.4,0,35,2;15;0;35;0;13;0;0;0;6;2;0;0;6;5;2,1072,4173,3927;3645;3455;4173;3309;1662;1430;3197;1523;1738;1578;2313;1096;1248;1091;1072,5.6,0.0,9439.5,0,0,0,0,0,0.0,0,0,0,0,0,0,0,0,0.0,0,0,0,0,0,0.0,0.0,0.0,0,0,0,37.1,6.88,2.62,0.35,14.22,27.1,63.4,98.59602764040925,3.2177047269750934,29.314621363499366,28.617538661919824,2.7335990865562785,1180.3953488372092,0.0,0.0,0.0,0.0,51.49836916436059,1.0,0.0,0.0,0.0,0.0,450.0,9439.5,0.0,0.0,104.94,2.195,107.135,40.511,2.593,104.542,emon,0.564,0.428,145.9,68.0,2.146
2026-09-29 23:05:26.278,10.0,0,70,9;33;2;70;2;23;2;0;2;12;2;2;0;3;2;0,762,4291,4078;3889;4291;4282;3192;2593;2134;2847;3274;2448;2430;2258;762;1125;970;816,23.3,0.0,9523.6,0,0,0,0,0,0.0,0,0,0,0,0,0,0,0,0.0,0,0,0,0,0,0.0,0.0,0.0,0,0,0,42.1,6.88,2.62,0.35,14.22,27.5,63.4,97.47333365930221,15.375559763636247,26.74289430075189,31.375937388493465,1.8787504873052832,1799.0,0.0,0.0,39.390066921028506,9.19300188675116,42.11707083316892,0.7,0.0,0.0,0.0,0.0,450.0,9439.5,0.0,0.0,104.94,2.195,107.135,40.511,2.593,104.542,emon,0.564,0.428,145.9,68.0,2.146
2026-09-29 23:05:27.279,10.5,0,89,5;34;3;89;0;14;0;0;0;12;0;3;0;6;0;2,797,4162,4098;3872;4103;4162;2145;2705;2615;1948;1390;2453;2411;2013;915;1144;797;1038,1.6,0.0,9523.6,0,0,0,0,0,0.0,0,0,0,0,0,0,0,0,0.0,0,0,0,0,0,0.0,0.0,0.0,0,0,0,44.1,6.88,2.62,0.35,14.22,27.5,63.4,99.99938412370354,19.254783730259955,24.416627134999324,33.22769731411646,1.642581006836908,1824.2155172413793,0.0,0.0,43.329390252473694,0.0,39.68517733762609,11.5,67.5,0.0,0.0,0.0,450.0,9523.6,0.0,0.0,104.94,2.195,107.135,40.511,2.593,104.542,emon,0.564,0.428,145.9,68.0,2.146
2026-09-29 23:05:28.279,10.2,0,78,6;29;5;78;0;16;0;0;0;22;2;0;0;6;0;0,821,4333,3988;3742;4158;4333;1813;2643;3036;1366;1480;2651;2937;1393;821;1159;1048;946,1.6,0.0,9523.6,0,0,0,0,0,0.0,0,0,0,0,0,0,0,0,0.0,0,0,0,0,0,0.0,0.0,0.0,0,0,0,43.1,7.62,12.21,0.37,24.0,27.5,63.4,100.0012974967284,17.811215513148895,26.92896770049703,33.40653609268611,1.8539966453365357,1849.0,0.0,0.0,42.250957745011256,0.0,42.52678865438664,14.2,96.5,0.0,0.0,0.0,450.0,9523.6,0.0,0.0,104.94,2.195,107.135,40.511,2.593,104.542,emon,0.564,0.428,145.9,68.0,2.146
2026-09-29 23:05:29.280,10.8,0,89,11;34;6;89;0;12;0;0;0;12;0;0;2;6;0;0,861,4193,4104;3819;3992;4193;1427;2577;2263;2225;2645;2600;3061;2471;1161;1138;861;1107,3.6,0.0,9523.6,0,0,0,0,0,0.0,0,0,0,0,0,0,0,0,0.0,0,0,0,0,0,0.0,0.0,0.0,0,0,0,44.1,7.62,12.21,0.37,24.0,27.5,63.4,100.00310242322027,18.778485160151362,25.874675292141582,34.19471231315817,1.8694226793976167,1849.0,0.0,0.0,43.048072122427044,0.0,42.08277015475629,14.2,95.4,0.0,0.0,0.0,450.0,9523.6,0.0,0.0,104.94,2.195,107.135,40.511,2.593,104.542,emon,0.564,0.428,145.9,68.0,2.146
2026-09-29 23:05:30.280,10.8,0,88,6;39;3;88;0;12;0;0;0;23;0;0;0;0;0;0,699,4321,4196;3837;4267;4321;2801;2505;2606;2949;3004;2821;3038;2208;699;950;974;768,3.5,0.0,9523.6,0,0,0,0,0,0.0,0,0,0,0,0,0,0,0,0.0,0,0,0,0,0,0.0,0.0,0.0,0,0,0,44.1,7.62,12.21,0.37,24.0,27.5,63.4,99.99972421822808,16.997004501203037,27.45354961357887,32.757215223516255,1.9617095017505575,1849.0,0.0,0.0,42.47768300213804,0.0,42.08037950056011,14.2,96.7,0.0,0.0,0.0,450.0,9523.6,0.0,0.0,104.94,2.195,107.135,40.511,2.593,104.542,emon,0.564,0.428,145.9,68.0,2.146
2026-09-29 23:05:31.280,11.1,0,83,9;48;5;83;0;12;2;0;2;12;0;0;0;5;0;0,704,4284,4035;3847;4021;4284;1942;2250;2157;2433;2242;2668;2620;2687;704;1178;965;929,2.5,0.0,9523.6,0,0,0,0,0,0.0,0,0,0,0,0,0,0,0,0.0,0,0,0,0,0,0.0,0.0,0.0,0,0,0,45.1,7.62,12.21,0.37,24.0,27.5,63.4,99.99939207128577,19.028942514714355,26.177550644487948,33.968915207965956,2.050947954522967,1849.0,0.0,0.0,43.41845289631699,0.0,42.68077341239503,14.2,95.8,0.0,0.0,0.0,450.0,9523.6,0.0,0.0,104.94,2.195,107.135,40.511,2.593,104.542,emon,0.564,0.428,145.9,68.0,2.146
2026-09-29 23:05:32.280,11.9,0,86,6;56;6;86;0;16;0;0;0;17;0;0;0;3;0;0,623,4238,4132;3917;4097;4238;1459;2439;2983;1799;1408;2760;3145;1947;623;1000;899;999,3.6,0.0,9523.6,0,0,0,0,0,0.0,0,0,0,0,0,0,0,0,0.0,0,0,0,0,0,0.0,0.0,0.0,0,0,0,45.1,9.1,24.61,0.39,38.88,27.2,63.4,99.98030281922208,17.01321521022194,26.967195410097663,32.70598915767242,1.7263492272812995,1849.0,0.0,0.0,42.118479199976356,0.0,42.169106574380045,14.2,96.0,0.0,0.0,0.0,450.0,9523.6,0.0,0.0,13.105,4.957,18.062,25.359,1.623,16.439,emon,0.572,0.616,103.2,48.4,2.132
2026-09-29 23:05:33.281,11.1,0,81,17;30;9;81;0;11;2;0;0;20;2;0;0;5;0;0,577,4207,4207;3676;4015;4098;2439;2439;1674;3249;2426;2755;1739;1362;577;1290;774;733,2.2,0.0,9523.6,0,0,0,0,0,0.0,0,0,0,0,0,0,0,0,0.0,0,0,0,0,0,0.0,0.0,0.0,0,0,0,43.1,9.1,24.61,0.39,38.88,27.2,63.4,100.02851209301635,18.204760395482108,27.08323671309476,34.07975906890056,1.9887171558089294,1847.2233502538072,0.0,0.0,43.338084259690945,0.0,42.809511533819744,14.2,96.5,0.0,0.0,0.0,450.0,9523.6,0.0,0.0,13.105,4.957,18.062,25.359,1.623,16.439,emon,0.572,0.616,103.2,48.4,2.132
2026-09-29 23:05:34.281,11.4,0,85,9;47;5;85;0;14;2;2;0;16;0;2;0;0;2;0,673,4340,4087;3875;4141;4340;1531;2453;2964;2553;1623;2736;2619;2284;673;835;990;692,3.7,0.0,9523.6,0,0,0,0,0,0.0,0,0,0,0,0,0,0,0,0.0,0,0,0,0,0,0.0,0.0,0.0,0,0,0,45.1,9.1,24.61,0.39,38.88,27.2,63.4,99.99955332438151,18.2173391080151,26.14344723701477,33.38815302769343,1.8487853998152544,1844.6666666666667,0.0,0.0,43.19208248599045,0.0,41.821854348518954,14.2,95.4,0.0,0.0,0.0,450.0,9523.6,0.0,0.0,13.105,4.957,18.062,25.359,1.623,16.439,emon,0.572,0.616,103.2,48.4,2.132
2026-09-29 23:05:35.293,12.3,0,83,6;50;5;83;0;21;2;0;0;26;0;0;0;5;0;0,618,4318,4104;3831;4105;4318;2152;2720;3093;2165;1884;2610;3027;2694;618;1142;978;874,3.3,0.0,9523.6,0,0,0,0,0,0.0,0,0,0,0,0,0,0,0,0.0,0,0,0,0,0,0.0,0.0,0.0,0,0,0,42.1,9.1,24.61,0.39,38.88,27.3,63.4,99.99891463671725,18.841245558547097,26.653954595875888,34.62314280995562,1.9519251396623356,1842.0981595092026,0.0,0.0,43.73717460392094,0.0,42.77922970441266,14.2,96.6,0.0,0.0,0.0,450.0,9523.6,0.0,0.0,13.105,4.957,18.062,25.359,1.623,16.439,emon,0.572,0.616,103.2,48.4,2.132
2026-09-29 23:05:36.293,13.5,0,88,10;54;3;88;0;25;5;0;0;18;2;0;0;12;2;0,773,4289,4105;3932;4069;4289;3332;2820;2581;2833;2385;2721;2898;2123;773;1224;942;1059,84.0,0.0,9523.5,0,0,0,0,0,0.0,0,0,0,0,0,0,0,0,0.0,0,0,0,0,0,0.0,0.0,0.0,0,0,0,42.1,9.28,22.32,0.39,37.64,27.2,63.4,98.12746835147634,9.98554147069945,36.021318047116786,35.84480674375506,15.492067582170916,1799.0,0.0,0.0,41.870263643415974,0.0,39.73135210042085,14.1,95.2,0.0,0.0,0.0,450.0,9523.6,0.0,0.0,13.105,4.957,18.062,25.359,1.623,16.439,emon,0.572,0.616,103.2,48.4,2.132
2026-09-29 23:05:37.294,13.0,0,89,9;41;8;89;0;20;2;2;0;27;3;0;0;8;0;0,935,4312,4134;3930;4100;4312;2327;2879;2644;3002;1628;2918;3105;2634;953;1081;996;935,100.0,0.0,9523.5,0,0,0,0,0,0.0,0,0,0,0,0,0,0,0,0.0,0,0,0,0,0,0.0,0.0,0.0,0,0,0,40.1,9.28,22.32,0.39,37.64,27.2,63.4,97.64439794545372,9.961665922329606,36.70153216346322,36.69623771936555,16.016030354793656,1799.0,0.0,0.0,42.11589499250628,0.0,40.28479487610066,14.1,96.1,0.0,0.0,0.0,450.0,9523.5,0.0,0.0,13.105,4.957,18.062,25.359,1.623,16.439,emon,0.572,0.616,103.2,48.4,2.132
2026-09-29 23:05:38.294,12.4,0,91,11;44;3;91;0;20;0;0;0;27;0;0;0;2;2;0,705,4287,4070;3954;4182;4287;2781;2688;2280;3279;2223;2795;2448;2754;705;1034;947;738,100.0,0.0,9523.5,0,0,0,0,0,0.0,0,0,0,0,0,0,0,0,0.0,0,0,0,0,0,0.0,0.0,0.0,0,0,0,40.1,9.28,22.32,0.39,37.64,27.2,63.4,96.00979600922535,10.720954841097532,37.424865256931824,37.335165802705085,18.123867170489095,1799.0,0.0,0.0,42.56685486546756,0.0,36.85999005258124,14.0,95.0,0.0,0.0,0.0,450.0,9523.5,0.0,0.0,13.105,4.957,18.062,25.359,1.623,16.439,emon,0.572,0.616,103.2,48.4,2.132
2026-09-29 23:05:39.295,13.1,0,94,34;17;2;94;0;2;17;3;2;5;20;0;0;5;10;0,728,4314,3924;4097;4106;4314;2455;2587;2578;2890;2760;2782;2850;3037;728;1033;1009;844,100.0,0.0,9523.5,0,0,0,0,0,0.0,0,0,0,0,0,0,0,0,0.0,0,0,0,0,0,0.0,0.0,0.0,0,0,0,40.1,9.28,22.32,0.39,37.64,27.2,63.4,98.34897486897376,9.31367741522143,35.861096080179124,35.265070576861866,15.054293206287534,1799.0,0.0,0.0,40.34402307288416,0.0,40.370167284268,14.1,96.1,0.0,0.0,0.0,450.0,9523.5,0.0,0.0,13.105,4.957,18.062,25.359,1.623,16.439,emon,0.572,0.616,103.2,48.4,2.132
2026-09-29 23:05:40.295,21.9,3,91,40;42;22;91;12;8;25;9;8;9;25;12;6;3;26;11,1665,4249,3924;3983;3980;4249;3310;3213;2997;3210;3262;3298;3015;3163;2323;2314;1696;1665,88.3,0.0,9523.5,0,0,0,0,0,0.0,0,0,0,0,0,0,0,0,0.0,0,0,0,0,0,0.0,0.0,0.0,0,0,0,44.1,11.22,12.25,0.39,33.91,27.3,63.4,98.09670548412682,9.61293575132667,36.39527313510028,36.13322828886567,15.739284105319868,1799.0,0.0,0.0,42.21567163912024,0.0,37.980648718614,14.1,95.3,0.0,0.0,0.0,450.0,9523.5,0.0,0.0,13.105,4.957,18.062,25.359,1.623,16.439,emon,0.572,0.616,103.2,48.4,2.132
2026-09-29 23:05:41.296,13.2,0,84,42;14;9;84;0;0;29;2;0;0;19;2;2;0;9;0,786,4293,3941;4105;4119;4293;3016;2545;2872;2745;3191;2078;2820;2354;1078;786;1262;886,100.0,0.0,9523.5,0,0,0,0,0,0.0,0,0,0,0,0,0,0,0,0.0,0,0,0,0,0,0.0,0.0,0.0,0,0,0,41.1,11.22,12.25,0.39,33.91,27.3,63.4,97.74409202213201,9.193603537726002,34.81695836170564,33.22686124751049,14.252133928776647,1799.0,0.0,0.0,41.830105674794424,0.0,40.00601691331365,14.0,95.5,0.0,0.0,0.0,450.0,9523.5,0.0,0.0,13.105,4.957,18.062,25.359,1.623,16.439,emon,0.572,0.616,103.2,48.4,2.132
2026-09-29 23:05:42.305,12.8,0,92,34;14;6;92;0;0;24;0;2;0;26;3;0;0;5;0,674,4280,3888;4185;4118;4280;2154;2654;2717;2288;2372;1704;2715;2762;674;889;1116;832,98.0,0.0,9523.5,0,0,0,0,0,0.0,0,0,0,0,0,0,0,0,0.0,0,0,0,0,0,0.0,0.0,0.0,0,0,0,41.1,11.22,12.25,0.39,33.91,27.4,63.4,97.47513759001247,10.324887228321355,37.5164953716521,36.97966736123528,17.060248948556353,1799.0,0.0,0.0,42.47802781806732,0.0,37.39911963657008,14.1,95.9,0.0,0.0,0.0,450.0,9523.5,0.0,0.0,13.105,4.957,18.062,25.359,1.623,16.439,emon,0.572,0.616,103.2,48.4,2.132
2026-09-29 23:05:43.305,11.9,0,87,36;14;6;87;0;2;16;2;2;0;19;2;0;0;6;0,711,4317,3936;4218;4031;4317;1336;2106;2756;2589;2657;2717;2708;2833;1360;711;1040;944,85.1,0.0,9523.5,0,0,0,0,0,0.0,0,0,0,0,0,0,0,0,0.0,0,0,0,0,0,0.0,0.0,0.0,0,0,0,42.1,11.22,12.25,0.39,33.91,27.3,63.4,98.49710870117222,9.50697712183272,36.18984866251639,35.221155083780985,15.578037466709139,1799.0,0.0,0.0,40.58018108969448,0.0,40.18130709173504,14.1,95.0,0.0,0.0,0.0,450.0,9523.5,0.0,0.0,13.105,4.957,18.062,25.359,1.623,16.439,emon,0.572,0.616,103.2,48.4,2.132
2026-09-29 23:05:44.306,12.7,0,92,40;11;5;92;0;0;21;0;2;0;18;2;2;0;9;2,726,4306,3910;4166;3993;4306;2360;2433;2851;2783;2992;2752;2690;3133;726;913;1179;817,100.0,0.0,9523.5,0,0,0,0,0,0.0,0,0,0,0,0,0,0,0,0.0,0,0,0,0,0,0.0,0.0,0.0,0,0,0,44.1,11.81,12.23,0.39,34.56,27.3,63.4,97.1483162228306,9.93143204582897,37.096915174898065,35.90380967703841,15.883659054840912,1799.0,0.0,0.0,41.598756987686286,0.0,39.138339112983076,14.1,96.1,0.0,0.0,0.0,450.0,9523.5,0.0,0.0,103.845,2.172,106.018,32.574,2.085,103.933,emon,0.569,0.458,145.7,68.4,2.13
2026-09-29 23:05:45.306,12.6,0,89,53;12;6;89;0;0;18;0;0;0;20;0;0;0;2;0,712,4266,3925;4226;4179;4266;1897;1280;2701;2999;2413;1712;2910;3026;712;885;1047;930,90.7,0.0,9523.0,0,0,0,0,0,0.0,0,0,0,0,0,0,0,0,0.0,0,0,0,0,0,0.0,0.0,0.0,0,0,0,45.1,11.81,12.23,0.39,34.56,27.3,63.4,96.70921124129737,10.259410727664786,36.95158633264173,36.39103707886126,16.697712450336496,1799.0,0.0,0.0,42.483650569279,0.0,39.639992104526456,14.0,94.7,0.0,0.0,0.0,450.0,9523.5,0.0,0.0,103.845,2.172,106.018,32.574,2.085,103.933,emon,0.569,0.458,145.7,68.4,2.13
2026-09-29 23:05:46.307,13.6,0,89,52;9;5;89;0;0;18;0;0;0;23;2;0;0;18;2,726,4291,3924;4031;4145;4291;2223;2781;2712;3074;3083;2507;2859;2803;877;726;1281;1445,78.3,0.0,9469.2,0,0,0,0,0,0.0,0,0,0,0,0,0,0,0,0.0,0,0,0,0,0,0.0,0.0,0.0,0,0,0,43.1,11.81,12.23,0.39,34.56,27.3,63.4,98.04644145204428,9.57492373707079,35.29195126317477,34.82950722205807,14.489361512582112,1799.0,0.0,0.0,40.83484221081098,0.0,38.932339908473026,14.0,95.6,0.0,0.0,0.0,450.0,9469.2,0.0,0.0,103.845,2.172,106.018,32.574,2.085,103.933,emon,0.569,0.458,145.7,68.4,2.13
2026-09-29 23:05:47.307,12.6,0,92,44;14;2;92;0;0;15;0;0;0;24;3;0;0;8;0,687,4257,3743;4085;4004;4257;2538;2178;2682;2763;2532;2091;2916;2499;687;744;1210;881,100.0,0.0,9469.2,0,0,0,0,0,0.0,0,0,0,0,0,0,0,0,0.0,0,0,0,0,0,0.0,0.0,0.0,0,0,0,43.1,11.81,12.23,0.39,34.56,27.3,63.4,95.3265051808926,9.857546293612467,35.478775321343626,34.730934999404695,15.709562812884842,1799.0,0.0,0.0,41.458092665572124,0.0,36.656877602592225,14.0,94.7,0.0,0.0,0.0,450.0,9469.2,0.0,0.0,103.845,2.172,106.018,32.574,2.085,103.933,emon,0.569,0.458,145.7,68.4,2.13
2026-09-29 23:05:48.308,13.6,0,83,31;30;5;83;0;0;17;2;0;0;33;2;4;0;11;0,1086,4270,3838;4056;4177;4270;2218;2452;2743;1812;2951;2475;2820;2819;1253;1329;1086;1174,100.0,0.0,9469.2,0,0,0,0,0,0.0,0,0,0,0,0,0,0,0,0.0,0,0,0,0,0,0.0,0.0,0.0,0,0,0,43.1,11.32,12.28,0.39,34.23,27.3,63.4,97.88918538436536,9.705536918029656,35.99609993989396,35.30162434920392,16.20624727608321,1799.0,0.0,0.0,41.554701093214796,0.0,38.23210994766562,14.0,95.8,0.0,0.0,0.0,450.0,9469.2,0.0,0.0,103.845,2.172,106.018,32.574,2.085,103.933,emon,0.569,0.458,145.7,68.4,2.13
2026-09-29 23:05:49.312,12.7,0,86,48;11;2;86;0;0;23;2;0;0;19;4;2;0;6;0,877,4380,3935;4179;4205;4380;2545;1622;2786;3185;1553;1450;2655;3111;877;967;1102;909,100.0,0.0,9469.2,0,0,0,0,0,0.0,0,0,0,0,0,0,0,0,0.0,0,0,0,0,0,0.0,0.0,0.0,0,0,0,44.1,11.32,12.28,0.39,34.23,27.3,63.4,97.35385001667085,9.646479153724936,35.39446500508535,34.234587397186026,15.043965743063831,1799.0,0.0,0.0,42.677048974877636,0.0,38.59960896386433,14.0,94.6,0.0,0.0,0.0,450.0,9472.5,0.0,0.0,103.845,2.172,106.018,32.574,2.085,103.933,emon,0.569,0.458,145.7,68.4,2.13
2026-09-29 23:05:50.313,12.1,0,86,40;11;3;86;0;0;20;0;0;0;17;2;3;2;8;2,655,4310,3885;4182;4238;4310;1857;1324;2780;2350;1453;1428;2815;2698;655;969;1031;980,94.7,0.0,9469.2,0,0,0,0,0,0.0,0,0,0,0,0,0,0,0,0.0,0,0,0,0,0,0.0,0.0,0.0,0,0,0,43.1,11.32,12.28,0.39,34.23,27.3,63.4,97.60967079837148,9.572587118615829,35.39604768883891,34.400564857554144,14.898778192859524,1799.0,0.0,0.0,40.95849131523041,0.0,37.988572976109545,14.0,95.5,0.0,0.0,0.0,450.0,9469.2,0.0,0.0,103.845,2.172,106.018,32.574,2.085,103.933,emon,0.569,0.458,145.7,68.4,2.13
2026-09-29 23:05:51.313,13.3,0,88,56;11;6;88;0;0;17;2;0;0;17;0;5;0;11;0,684,4327,3949;4095;4106;4327;2765;1819;2787;3077;2760;1679;2737;2765;1053;684;1286;837,93.6,0.0,9469.2,0,0,0,0,0,0.0,0,0,0,0,0,0,0,0,0.0,0,0,0,0,0,0.0,0.0,0.0,0,0,0,42.1,11.32,12.28,0.39,34.23,27.2,63.4,97.13790924765847,9.80202778079293,34.872440775307744,33.86023362289775,14.832062199049608,1799.0,0.0,0.0,42.76264046058313,0.0,37.499708683983094,14.1,95.8,0.0,0.0,0.0,450.0,9469.2,0.0,0.0,103.845,2.172,106.018,32.574,2.085,103.933,emon,0.569,0.458,145.7,68.4,2.13
2026-09-29 23:05:52.314,12.7,0,88,43;17;2;88;0;0;20;0;2;0;23;0;0;0;10;0,655,4308,3946;4059;4244;4308;1403;1725;2601;2986;3009;2678;2756;2671;818;655;1040;1004,91.6,0.0,9469.2,0,0,0,0,0,0.0,0,0,0,0,0,0,0,0,0.0,0,0,0,0,0,0.0,0.0,0.0,0,0,0,42.1,11.32,12.21,0.39,34.13,27.2,63.4,97.72457113288118,9.757271460938135,36.065197925833154,34.818206718653926,15.606449306273202,1799.0,0.0,0.0,41.0402890557608,0.0,39.17980562669374,14.0,94.6,0.0,0.0,0.0,450.0,9469.2,0.0,0.0,103.845,2.172,106.018,32.574,2.085,103.933,emon,0.569,0.458,145.7,68.4,2.13
2026-09-29 23:05:53.314,12.8,0,89,37;14;8;89;0;0;33;0;0;0;9;2;3;0;9;0,609,4290,3874;4265;4166;4290;2180;1816;2810;3082;2013;2214;2730;3136;609;758;1071;828,97.1,0.0,9469.2,0,0,0,0,0,0.0,0,0,0,0,0,0,0,0,0.0,0,0,0,0,0,0.0,0.0,0.0,0,0,0,42.1,11.32,12.21,0.39,34.13,27.2,63.4,97.64475064834991,9.94415231038901,37.05971527728555,36.02002862877781,16.31345673248825,1799.0,0.0,0.0,42.26703062901854,0.0,39.68692869142574,14.1,96.0,0.0,0.0,0.0,450.0,9469.2,0.0,0.0,103.845,2.172,106.018,32.574,2.085,103.933,emon,0.569,0.458,145.7,68.4,2.13
2026-09-29 23:05:54.315,12.1,0,84,33;18;3;84;0;0;23;2;0;0;11;2;0;0;15;2,664,4309,3929;4211;4122;4309;1562;1230;2692;2802;1767;1400;2738;2116;839;664;1522;1014,94.2,0.0,9469.2,0,0,0,0,0,0.0,0,0,0,0,0,0,0,0,0.0,0,0,0,0,0,0.0,0.0,0.0,0,0,0,43.1,11.32,12.21,0.39,34.13,27.2,63.4,98.17763093692153,9.916914457493503,35.60832297784179,35.74584228279653,15.527070788695102,1799.0,0.0,0.0,42.00119268125507,0.0,39.542083730026775,14.0,94.8,0.0,0.0,0.0,450.0,9469.2,0.0,0.0,103.845,2.172,106.018,32.574,2.085,103.933,emon,0.569,0.458,145.7,68.4,2.13
2026-09-29 23:05:55.315,12.7,0,84,39;17;5;84;0;0;20;2;2;0;20;5;0;0;9;0,690,4270,3915;4142;3855;4270;1583;1762;2854;2884;1942;1718;2814;2836;735;690;1065;941,100.0,0.0,9469.2,0,0,0,0,0,0.0,0,0,0,0,0,0,0,0,0.0,0,0,0,0,0,0.0,0.0,0.0,0,0,0,43.1,11.32,12.21,0.39,34.13,27.2,63.4,97.85182334582011,9.072724416880972,35.260511300828725,33.52222664776775,14.77571145434243,1799.0,0.0,0.0,41.98156829860346,0.0,39.748833619748716,14.1,95.9,0.0,0.0,0.0,450.0,9469.2,0.0,0.0,103.845,2.172,106.018,32.574,2.085,103.933,emon,0.569,0.458,145.7,68.4,2.13
2026-09-29 23:05:56.319,11.5,0,83,34;11;8;83;0;0;18;0;0;0;17;3;0;0;9;0,859,4308,3928;4082;4198;4308;1838;1974;2542;1955;1856;2277;2755;2963;1228;859;1226;861,91.8,0.0,9469.2,0,0,0,0,0,0.0,0,0,0,0,0,0,0,0,0.0,0,0,0,0,0,0.0,0.0,0.0,0,0,0,42.1,11.25,12.38,0.4,34.18,27.4,63.4,97.70528414670159,9.470376502868591,35.568498539866184,34.1711312343056,14.664164662088583,1799.0,0.0,0.0,41.39824321040143,0.0,38.40683449286657,14.0,94.4,0.0,0.0,0.0,450.0,9469.2,0.0,0.0,104.81,1.952,106.762,33.12,2.12,104.642,emon,0.567,0.382,145.7,67.4,2.162
2026-09-29 23:05:57.319,15.9,0,91,39;19;11;91;0;0;27;0;0;0;28;3;3;2;31;2,847,4245,3819;3870;4033;4245;2882;3017;2728;2933;2718;2359;2809;3015;1019;847;1435;1424,100.0,0.0,9469.2,0,0,0,0,0,0.0,0,0,0,0,0,0,0,0,0.0,0,0,0,0,0,0.0,0.0,0.0,0,0,0,41.1,11.25,12.38,0.4,34.18,27.2,63.4,97.37552187906057,10.086954398848716,37.12771003015595,36.33736594503313,16.945951571285843,1799.0,0.0,0.0,41.01248966334322,0.0,38.85869149864858,14.1,95.8,0.0,0.0,0.0,450.0,9469.2,0.0,0.0,104.81,1.952,106.762,33.12,2.12,104.642,emon,0.567,0.382,145.7,67.4,2.162
2026-09-29 23:05:58.320,18.6,0,94,39;31;9;94;0;0;29;0;2;0;31;2;2;2;58;0,930,4263,3688;3654;3911;4263;2376;2497;2680;2471;2725;2242;2569;2849;930;950;1579;1011,100.0,0.0,9469.2,0,0,0,0,0,0.0,0,0,0,0,0,0,0,0,0.0,0,0,0,0,0,0.0,0.0,0.0,0,0,0,43.1,11.25,12.38,0.4,34.18,27.3,63.4,96.16621779855693,9.93407581234878,36.81810460720422,35.160335606898904,15.894668249638293,1799.0,0.0,0.0,42.46939820694333,0.0,36.63693740710097,14.0,94.7,0.0,0.0,0.0,450.0,9469.2,0.0,0.0,104.81,1.952,106.762,33.12,2.12,104.642,emon,0.567,0.382,145.7,67.4,2.162
2026-09-29 23:05:59.320,16.8,0,89,35;34;3;89;0;0;25;2;0;0;19;2;2;2;50;6,971,4232,3838;4035;3974;4232;2589;2773;2627;2975;2706;2778;2665;2763;971;1034;1357;1096,100.0,0.0,9469.2,0,0,0,0,0,0.0,0,0,0,0,0,0,0,0,0.0,0,0,0,0,0,0.0,0.0,0.0,0,0,0,42.1,11.25,12.38,0.4,34.18,27.3,63.4,97.86833533322867,9.714371888543328,36.10786813242195,35.5817005849474,15.332903834457724,1799.0,0.0,0.0,40.846767768967226,0.0,37.98238053022277,14.1,95.9,0.0,0.0,0.0,250.0,9469.2,0.0,0.0,104.81,1.952,106.762,33.12,2.12,104.642,emon,0.567,0.382,145.7,67.4,2.162
2026-09-29 23:06:00.321,13.6,0,96,36;20;6;96;0;0;17;0;2;0;20;2;0;0;16;3,831,4292,3844;4151;4095;4292;2842;2814;2687;2984;2376;1864;2712;2847;831;911;1266;979,100.0,0.0,9469.2,0,0,0,0,0,0.0,0,0,0,0,0,0,0,0,0.0,0,0,0,0,0,0.0,0.0,0.0,0,0,0,43.1,11.79,12.42,0.4,35.02,27.3,63.4,97.63284319639206,10.071551220048041,36.23990126450857,36.023538539807,16.838025253432402,1799.0,0.0,0.0,41.889305086529234,0.0,37.32700413572001,14.1,95.8,0.0,0.0,0.0,450.0,9469.2,0.0,0.0,104.81,1.952,106.762,33.12,2.12,104.642,emon,0.567,0.382,145.7,67.4,2.162
2026-09-29 23:06:01.321,13.7,0,97,37;20;3;97;0;0;28;0;2;0;17;2;0;0;14;0,752,4238,3886;4193;4083;4238;3011;1995;2876;3058;1719;1325;2716;2891;752;904;1150;889,100.0,0.0,9469.2,0,0,0,0,0,0.0,0,0,0,0,0,0,0,0,0.0,0,0,0,0,0,0.0,0.0,0.0,0,0,0,43.1,11.79,12.42,0.4,35.02,27.3,63.4,97.64928051419214,9.640191346261684,36.86286057131963,35.7185362613196,15.872723502926679,1799.0,0.0,0.0,41.711323281529,0.0,39.64339510055299,14.1,95.2,0.0,0.0,0.0,450.0,9472.5,0.0,0.0,104.81,1.952,106.762,33.12,2.12,104.642,emon,0.567,0.382,145.7,67.4,2.162
2026-09-29 23:06:02.322,12.4,0,89,43;14;5;89;0;0;18;0;0;0;25;0;0;0;5;0,902,4297,3929;4131;4158;4297;2738;2645;2619;3181;2946;2886;2841;2746;904;1014;1247;902,100.0,0.0,9469.2,0,0,0,0,0,0.0,0,0,0,0,0,0,0,0,0.0,0,0,0,0,0,0.0,0.0,0.0,0,0,0,43.1,11.79,12.42,0.4,35.02,27.3,63.4,97.10720520334195,10.230555170418949,36.46082594461247,36.23455027831236,16.54270279661133,1799.0,0.0,0.0,41.0703912669848,0.0,38.24356498309552,14.0,95.7,0.0,0.0,0.0,450.0,9469.2,0.0,0.0,104.81,1.952,106.762,33.12,2.12,104.642,emon,0.567,0.382,145.7,67.4,2.162
2026-09-29 23:06:03.344,12.2,0,89,41;11;3;89;0;0;17;0;0;0;31;0;0;0;3;0,740,4280,3902;4058;4135;4280;2198;2090;2667;2520;2394;1876;2916;2413;740;895;1029;869,95.1,0.0,9469.2,0,0,0,0,0,0.0,0,0,0,0,0,0,0,0,0.0,0,0,0,0,0,0.0,0.0,0.0,0,0,0,43.1,11.79,12.42,0.4,35.02,27.4,63.4,97.50519116061858,9.963013829890606,37.29513048324092,36.58167502233951,16.676188006590994,1799.0,0.0,0.0,41.349059207386325,0.0,39.59900152749189,14.0,94.6,0.0,0.0,0.0,450.0,9469.2,0.0,0.0,104.81,1.952,106.762,33.12,2.12,104.642,emon,0.567,0.382,145.7,67.4,2.162
2026-09-29 23:06:04.345,26.0,8,91,54;20;23;91;12;8;26;20;15;8;34;17;20;12;35;20,1341,4178,3651;3500;3813;4178;2063;2219;2458;2204;2323;2430;2637;2415;1430;1461;1341;1357,100.0,0.0,9469.2,0,0,0,0,0,0.0,0,0,0,0,0,0,0,0,0.0,0,0,0,0,0,0.0,0.0,0.0,0,0,0,44.1,11.52,12.54,0.4,34.7,27.3,63.4,97.5107036602497,9.71912407706026,36.231727278400214,34.96127474793233,14.737368774290662,1799.0,0.0,0.0,41.22062496167957,0.0,38.27681673025229,14.0,95.6,0.0,0.0,0.0,450.0,9469.2,0.0,0.0,104.81,1.952,106.762,33.12,2.12,104.642,emon,0.567,0.382,145.7,67.4,2.162
2026-09-29 23:06:05.345,18.0,0,83,33;36;14;83;0;0;20;6;3;0;33;16;3;0;38;3,979,4176,3694;3862;3707;4176;2623;2471;2410;2467;2148;2265;2452;2487;979;997;1295;1072,100.0,0.0,9606.2,0,0,0,0,0,0.0,0,0,0,0,0,0,0,0,0.0,0,0,0,0,0,0.0,0.0,0.0,0,0,0,44.1,11.52,12.54,0.4,34.7,27.3,63.4,98.12107586542766,7.997040784965669,29.940888568049385,28.643495945621815,12.298700759229638,1799.0,0.0,0.0,35.463430539859196,0.0,39.20809043729911,14.1,93.9,0.0,0.0,0.0,450.0,9606.2,0.0,0.0,104.81,1.952,106.762,33.12,2.12,104.642,emon,0.567,0.382,145.7,67.4,2.162
2026-09-29 23:06:06.345,16.9,0,91,34;42;16;91;2;0;26;6;2;2;18;5;3;3;17;5,852,4187,3699;3874;3820;4187;2962;2976;2598;2939;2817;3069;2667;2476;852;1446;1107;983,100.0,0.0,9605.2,0,0,0,0,0,0.0,0,0,0,0,0,0,0,0,0.0,0,0,0,0,0,0.0,0.0,0.0,0,0,0,42.1,11.52,12.54,0.4,34.7,27.3,63.4,98.27293886378722,8.358955250536368,30.87383035963648,29.984624613419662,13.656871228708999,1799.0,0.0,0.0,36.90984658999083,0.0,37.545488553202674,14.0,95.0,0.0,0.0,0.0,450.0,9606.2,0.0,0.0,104.81,1.952,106.762,33.12,2.12,104.642,emon,0.567,0.382,145.7,67.4,2.162
2026-09-29 23:06:07.346,19.0,6,88,23;36;12;88;6;8;22;8;6;8;19;8;9;9;32;10,706,4216,3615;3942;3845;4216;1841;1807;2516;2576;1749;1617;2347;2252;739;706;1038;766,100.0,0.0,9605.2,0,0,0,0,0,0.0,0,0,0,0,0,0,0,0,0.0,0,0,0,0,0,0.0,0.0,0.0,0,0,0,42.1,12.1,12.37,0.4,35.3,27.3,63.4,97.52740570687097,8.87470382569113,29.360247915375968,29.39950328117521,14.509628075719299,1799.0,0.0,0.0,35.681833972688764,0.0,33.96970866725985,14.0,94.2,0.0,0.0,0.0,450.0,9605.2,0.0,0.0,106.356,2.072,108.428,27.794,1.779,106.649,emon,0.575,0.378,145.1,67.9,2.136
2026-09-29 23:06:08.346,16.3,0,88,36;31;19;88;0;0;22;5;3;0;17;5;3;2;31;0,1063,4206,3735;3806;3839;4206;2956;1816;2695;2512;2525;2639;2624;2650;1063;1302;1219;1122,100.0,0.0,9607.2,0,0,0,0,0,0.0,0,0,0,0,0,0,0,0,0.0,0,0,0,0,0,0.0,0.0,0.0,0,0,0,42.1,12.1,12.37,0.4,35.3,27.3,63.4,98.40454218756985,8.242119639262583,30.33316533456386,29.559033280133573,13.246085601250279,1799.0,0.0,0.0,36.86264757406701,0.0,38.5891342144639,14.0,94.6,0.0,0.0,0.0,450.0,9607.2,0.0,0.0,106.356,2.072,108.428,27.794,1.779,106.649,emon,0.575,0.378,145.1,67.9,2.136
2026-09-29 23:06:09.347,16.2,0,92,29;36;14;92;8;2;9;17;2;0;3;14;0;2;5;27,908,4183,3769;3802;3909;4183;2580;2918;2020;2603;2889;2751;2656;2650;908;1100;1068;1120,97.6,0.0,9608.5,0,0,0,0,0,0.0,0,0,0,0,0,0,0,0,0.0,0,0,0,0,0,0.0,0.0,0.0,0,0,0,42.1,12.1,12.37,0.4,35.3,27.3,63.4,98.28618509064681,8.185177509266829,29.302880607092405,28.005931281349945,12.806471609364168,1799.0,0.0,0.0,35.714881924102066,0.0,36.338902498356255,14.0,94.3,0.0,0.0,0.0,450.0,9605.2,0.0,0.0,106.356,2.072,108.428,27.794,1.779,106.649,emon,0.575,0.378,145.1,67.9,2.136
2026-09-29 23:06:10.371,18.8,0,91,41;30;17;91;8;2;3;24;9;0;0;21;2;9;3;42,871,4196,3679;3894;3841;4196;2805;2490;3179;2796;2713;2911;1922;2607;1158;1051;871;1254,95.8,0.0,9592.7,0,0,0,0,0,0.0,0,0,0,0,0,0,0,0,0.0,0,0,0,0,0,0.0,0.0,0.0,0,0,0,42.1,12.1,12.37,0.4,35.3,27.4,63.4,97.60325207078522,8.713225110235129,31.56977775780832,30.833585835937512,14.149361721586695,1799.0,0.0,0.0,36.35106172311515,0.0,37.889808041329225,14.0,94.2,0.0,0.0,0.0,450.0,9592.7,0.0,0.0,106.356,2.072,108.428,27.794,1.779,106.649,emon,0.575,0.378,145.1,67.9,2.136
2026-09-29 23:06:11.372,14.6,0,92,24;34;11;92;5;0;0;14;0;0;0;24;0;2;0;28,866,4220,3668;3800;3829;4220;2590;2749;3118;2675;2696;1912;2619;2471;866;1206;1138;1143,99.5,0.0,9584.7,0,0,0,0,0,0.0,0,0,0,0,0,0,0,0,0.0,0,0,0,0,0,0.0,0.0,0.0,0,0,0,42.1,11.65,12.29,0.39,34.65,27.3,63.4,97.72993149311084,8.539181433269396,29.16182704923188,28.68123920229516,14.289416315890229,1799.0,0.0,0.0,36.4961335659073,0.0,34.201116065929526,14.0,94.7,0.0,0.0,0.0,450.0,9584.7,0.0,0.0,106.356,2.072,108.428,27.794,1.779,106.649,emon,0.575,0.378,145.1,67.9,2.136
2026-09-29 23:06:12.372,18.6,0,95,32;45;11;95;8;2;0;22;3;0;0;31;6;4;0;37,1037,4218,3633;3821;3951;4218;2768;3016;2588;2710;2918;3185;2289;2799;1037;1191;1214;1190,87.5,0.0,9596.0,0,0,0,0,0,0.0,0,0,0,0,0,0,0,0,0.0,0,0,0,0,0,0.0,0.0,0.0,0,0,0,42.1,11.65,12.29,0.39,34.65,27.3,63.4,98.0670680956328,8.30768658223864,30.52784197529157,29.674895808745333,13.108192440187306,1799.0,0.0,0.0,35.94712232274999,0.0,37.724635285432676,14.0,93.6,0.0,0.0,0.0,450.0,9596.0,0.0,0.0,106.356,2.072,108.428,27.794,1.779,106.649,emon,0.575,0.378,145.1,67.9,2.136
2026-09-29 23:06:13.372,19.8,0,94,31;31;18;94;2;2;0;27;5;3;2;31;8;16;8;41,903,4262,3565;3697;3808;4262;2613;2461;2528;2664;2142;1587;1674;2618;1062;907;903;1093,90.9,0.0,9596.0,0,0,0,0,0,0.0,0,0,0,0,0,0,0,0,0.0,0,0,0,0,0,0.0,0.0,0.0,0,0,0,43.1,11.65,12.29,0.39,34.65,27.3,63.4,98.47899225348293,8.568447788162064,30.85464925116832,30.083834681471828,13.927103049823286,1799.0,0.0,0.0,36.47892575757578,0.0,38.1013174131637,14.0,95.3,0.0,0.0,0.0,450.0,9599.2,0.0,0.0,106.356,2.072,108.428,27.794,1.779,106.649,emon,0.575,0.378,145.1,67.9,2.136
2026-09-29 23:06:14.373,16.7,0,97,35;38;11;97;5;2;0;12;5;0;0;23;5;2;2;32,1050,4177,3854;3940;3848;4177;2743;3316;2801;2720;2681;2538;2664;2864;1050;1126;1564;1131,96.8,0.0,9594.0,0,0,0,0,0,0.0,0,0,0,0,0,0,0,0,0.0,0,0,0,0,0,0.0,0.0,0.0,0,0,0,44.1,11.65,12.29,0.39,34.65,27.3,63.4,97.96122339990404,8.52330775260201,30.1177246954706,28.899184195349616,13.252329540286187,1799.0,0.0,0.0,36.24307566934524,0.0,37.60324883629603,14.0,93.9,0.0,0.0,0.0,450.0,9594.0,0.0,0.0,106.356,2.072,108.428,27.794,1.779,106.649,emon,0.575,0.378,145.1,67.9,2.136
2026-09-29 23:06:15.373,17.2,0,92,37;38;14;92;9;3;0;28;5;0;0;17;3;3;0;24,937,4229,3691;3901;3770;4229;2907;2979;3139;2841;2694;2936;3105;2788;1147;937;992;1182,96.4,0.0,9589.2,0,0,0,0,0,0.0,0,0,0,0,0,0,0,0,0.0,0,0,0,0,0,0.0,0.0,0.0,0,0,0,44.1,11.9,12.35,0.39,34.94,27.3,63.4,98.09602574696616,8.40110536743628,30.177697730915888,29.399049533760206,13.050340620781393,1799.0,0.0,0.0,37.53366476216257,0.0,38.390034682980804,14.0,95.1,0.0,0.0,0.0,450.0,9585.9,0.0,0.0,106.356,2.072,108.428,27.794,1.779,106.649,emon,0.575,0.378,145.1,67.9,2.136
2026-09-29 23:06:16.374,11.8,0,94,16;41;3;94;2;0;0;14;0;0;0;8;2;0;0;11,829,4344,4282;3989;4238;4344;2425;3228;2976;2558;2853;3364;1494;2740;1040;1029;829;1047,100.0,0.0,9586.7,0,0,0,0,0,0.0,0,0,0,0,0,0,0,0,0.0,0,0,0,0,0,0.0,0.0,0.0,0,0,0,44.1,11.9,12.35,0.39,34.94,27.3,63.4,89.7033643927685,8.663080633942817,33.34549662789633,33.11299961715243,12.658801741658698,1780.6279069767443,0.0,0.0,34.0966930590949,0.0,38.97620986124065,14.0,94.3,0.0,0.0,0.0,450.0,9585.9,0.0,0.0,106.356,2.072,108.428,27.794,1.779,106.649,emon,0.575,0.378,145.1,67.9,2.136
2026-09-29 23:06:17.374,12.2,0,71,25;71;14;39;0;0;0;18;0;0;0;20;0;0;0;8,864,4614,4592;4483;4614;4355;3205;2586;1608;2751;3267;2090;2202;2928;992;895;864;1250,6.3,0.0,9583.4,0,0,0,0,0,0.0,0,0,0,0,0,0,0,0,0.0,0,0,0,0,0,0.0,0.0,0.0,0,0,0,87.1,11.9,12.35,0.39,34.94,27.3,63.4,82.35282150969327,3.3357019145085225,29.404869619931016,28.611501529534287,2.512328781446477,1163.4859813084113,0.0,0.0,0.0,0.0,53.612963930921296,5.1,31.2,0.0,0.0,0.0,450.0,9583.4,0.0,0.0,106.356,2.072,108.428,27.794,1.779,106.649,emon,0.575,0.378,145.1,67.9,2.136
2026-09-29 23:06:18.374,10.7,0,65,22;65;11;34;0;0;0;19;0;0;0;14;0;0;0;8,983,4577,4577;4456;3933;4266;2460;2561;2402;2838;3019;2973;2151;2843;1022;1047;983;1271,6.3,0.0,9583.4,0,0,0,0,0,0.0,0,0,0,0,0,0,0,0,0.0,0,0,0,0,0,0.0,0.0,0.0,0,0,0,91.1,11.9,12.35,0.39,34.94,27.3,63.4,82.47173769999358,3.4336278211262266,30.138419321027854,29.336018557770778,2.211149887792999,1157.8983050847457,0.0,0.0,0.0,0.0,53.709143368495724,0.8,0.0,0.0,0.0,0.0,450.0,9583.4,0.0,0.0,106.356,2.072,108.428,27.794,1.779,106.649,emon,0.575,0.378,145.1,67.9,2.136
2026-09-29 23:06:19.375,11.6,0,74,23;74;8;38;3;0;0;14;0;0;0;14;0;2;0;11,965,4592,4573;4477;4592;4334;2898;3143;2544;2968;3151;3035;2713;2996;1160;1068;965;1361,5.1,0.0,9583.4,0,0,0,0,0,0.0,0,0,0,0,0,0,0,0,0.0,0,0,0,0,0,0.0,0.0,0.0,0,0,0,90.1,19.31,3.12,0.38,27.99,27.3,63.4,91.28312702455382,3.5045122985102704,30.035785453906957,29.387938339353184,2.089035149429872,1154.3140096618358,0.0,0.0,0.0,0.0,53.539773393008446,0.9,0.0,0.0,0.0,0.0,450.0,9583.4,0.0,0.0,104.7,2.37,107.07,47.925,3.067,104.003,emon,0.568,0.579,143.5,67.4,2.129
2026-09-29 23:06:20.375,10.1,0,55,11;53;23;55;0;0;0;9;0;0;0;11;0;0;0;0,997,4633,4624;4433;4633;4471;3162;2889;1845;2629;3016;1972;1154;2880;1009;1027;997;1099,6.4,0.0,9583.4,0,0,0,0,0,0.0,0,0,0,0,0,0,0,0,0.0,0,0,0,0,0,0.0,0.0,0.0,0,0,0,90.1,19.31,3.12,0.38,27.99,27.3,63.4,98.09538028551185,3.3467378292394723,29.43700761380403,28.79958764496057,2.410480582204637,1185.4130434782608,0.0,0.0,0.0,0.0,51.343885905554764,0.7,0.0,0.0,0.0,0.0,450.0,9583.4,0.0,0.0,104.7,2.37,107.07,47.925,3.067,104.003,emon,0.568,0.579,143.5,67.4,2.129
2026-09-29 23:06:21.376,10.9,0,53,6;48;19;53;0;0;0;20;2;0;0;14;0;0;0;12,985,4608,4537;4210;4608;4493;2752;3196;1507;2742;3118;1521;1351;2880;1105;1059;985;1370,6.2,0.0,9583.4,0,0,0,0,0,0.0,0,0,0,0,0,0,0,0,0.0,0,0,0,0,0,0.0,0.0,0.0,0,0,0,80.1,19.31,3.12,0.38,27.99,27.3,63.4,98.85914888187331,3.4875268826679306,30.23755377895978,29.63731719644702,2.392812505433614,1155.1224489795918,0.0,0.0,0.0,0.0,52.91349126527808,0.9,0.0,0.0,0.0,0.0,450.0,9583.4,0.0,0.0,104.7,2.37,107.07,47.925,3.067,104.003,emon,0.568,0.579,143.5,67.4,2.129
2026-09-29 23:06:22.376,6.0,0,34,2;27;5;34;0;0;0;14;0;2;0;6;0;0;0;8,1000,4079,3582;3620;3976;4079;1355;1269;1233;1719;2263;1089;1213;1794;1057;1046;1000;1053,3.0,0.0,9583.4,0,0,0,0,0,0.0,0,0,0,0,0,0,0,0,0.0,0,0,0,0,0,0.0,0.0,0.0,0,0,0,41.1,19.31,3.12,0.38,27.99,27.3,63.4,98.70114787932366,3.2317166322021076,30.424322720496885,29.565716005781645,2.3083469186848786,1176.4193548387098,0.0,0.0,0.0,0.0,54.08818388521992,0.7,0.0,0.0,0.0,0.0,450.0,9583.4,0.0,0.0,104.7,2.37,107.07,47.925,3.067,104.003,emon,0.568,0.579,143.5,67.4,2.129
2026-09-29 23:06:23.376,4.5,0,33,0;17;0;33;0;0;0;9;0;0;0;12;0;0;0;0,919,4018,3855;3741;3869;4018;2409;1570;1168;1765;1651;1492;1650;1971;983;1186;919;1019,6.5,0.0,9583.4,0,0,0,0,0,0.0,0,0,0,0,0,0,0,0,0.0,0,0,0,0,0,0.0,0.0,0.0,0,0,0,40.1,14.32,0.12,0.36,17.9,27.3,63.4,98.72100321451823,3.2920280023549613,29.793166217437157,29.05927007985421,2.5007895729120952,1171.051282051282,0.0,0.0,0.0,0.0,54.21618447915102,0.9,0.0,0.0,0.0,0.0,450.0,9583.4,0.0,0.0,104.7,2.37,107.07,47.925,3.067,104.003,emon,0.568,0.579,143.5,67.4,2.129
2026-09-29 23:06:24.376,4.7,0,39,2;25;0;39;0;0;0;5;0;0;0;5;0;0;0;0,972,4155,3727;3407;4130;4155;2257;1864;1787;1643;1661;2414;2512;1690;1122;972;980;1051,5.9,0.0,9583.4,0,0,0,0,0,0.0,0,0,0,0,0,0,0,0,0.0,0,0,0,0,0,0.0,0.0,0.0,0,0,0,39.1,14.32,0.12,0.36,17.9,27.3,63.4,98.46104456443155,3.221988206142714,29.591903271596077,28.998139312254132,2.677433143451537,1192.0939226519338,0.0,0.0,0.0,0.0,52.242828815187536,0.7,0.0,0.0,0.0,0.0,450.0,9583.4,0.0,0.0,104.7,2.37,107.07,47.925,3.067,104.003,emon,0.568,0.579,143.5,67.4,2.129
2026-09-29 23:06:25.377,4.3,0,33,0;14;0;33;0;0;0;11;0;0;0;11;0;0;0;0,1055,4154,3627;3654;4138;4154;1314;1354;1360;1597;1444;2360;2113;1595;1124;1055;1166;1096,6.2,0.0,9583.4,0,0,0,0,0,0.0,0,0,0,0,0,0,0,0,0.0,0,0,0,0,0,0.0,0.0,0.0,0,0,0,39.1,14.32,0.12,0.36,17.9,27.3,63.4,98.68852892492572,3.054464445043451,30.03041338818705,29.23495084964312,1.7901819752788959,1162.6752136752136,0.0,0.0,0.0,0.0,52.46497340793284,0.9,0.0,0.0,0.0,0.0,450.0,9583.4,0.0,0.0,104.7,2.37,107.07,47.925,3.067,104.003,emon,0.568,0.579,143.5,67.4,2.129
2026-09-29 23:06:26.377,8.6,0,47,5;40;2;47;3;0;0;14;0;0;3;12;3;3;3;3,1188,4223,4045;3930;3959;4223;2406;2559;2060;2166;2427;2014;2016;2170;1188;1202;1190;1210,5.7,0.0,9583.4,0,0,0,0,0,0.0,0,0,0,0,0,0,0,0,0.0,0,0,0,0,0,0.0,0.0,0.0,0,0,0,42.1,14.32,0.12,0.36,17.9,27.9,63.4,98.6771590606026,3.2623372424555863,29.982291561105978,29.24764514811661,2.56272563824804,1192.4782608695652,0.0,0.0,0.0,0.0,52.52591953102661,0.7,0.0,0.0,0.0,0.0,450.0,9583.4,0.0,0.0,104.7,2.37,107.07,47.925,3.067,104.003,emon,0.568,0.579,143.5,67.4,2.129
2026-09-29 23:06:27.378,11.3,0,81,12;38;6;81;0;0;0;19;0;0;0;18;0;0;0;6,622,4259,4007;3884;4248;4259;2413;1845;1823;2535;2848;1238;1291;2482;878;622;684;1172,2.1,0.0,9801.5,0,0,0,0,0,0.0,0,0,0,0,0,0,0,0,0.0,0,0,0,0,0,0.0,0.0,0.0,0,0,0,45.1,6.93,5.32,0.35,15.88,27.9,63.4,99.99482501093104,19.53198859503149,26.174329824148572,35.41790869883959,2.066845571851027,1800.219512195122,0.0,0.0,43.734279856674746,0.0,42.70355322355691,12.3,71.1,0.0,0.0,0.0,450.0,9801.5,0.0,0.0,104.7,2.37,107.07,47.925,3.067,104.003,emon,0.568,0.579,143.5,67.4,2.129
2026-09-29 23:06:28.378,12.0,0,91,9;38;5;91;3;0;0;23;0;0;0;23;0;0;0;0,698,4295,4115;3800;4079;4295;3036;2283;2491;2744;3094;1289;1328;2842;781;698;728;935,3.7,0.0,9801.5,0,0,0,0,0,0.0,0,0,0,0,0,0,0,0,0.0,0,0,0,0,0,0.0,0.0,0.0,0,0,0,43.1,6.93,5.32,0.35,15.88,27.9,63.4,100.02629741150656,17.363386223143266,27.419542717933655,33.74896982761077,1.8072339257334624,1846.9012345679012,0.0,0.0,42.14918992126441,0.0,43.72161075604575,14.2,95.5,0.0,0.0,0.0,450.0,9801.5,0.0,0.0,104.7,2.37,107.07,47.925,3.067,104.003,emon,0.568,0.579,143.5,67.4,2.129
2026-09-29 23:06:29.379,12.1,0,94,6;41;2;94;3;0;0;24;2;0;0;15;0;0;0;8,772,4118,4096;3713;4118;4078;2734;1881;1341;2503;2960;3087;1565;2540;825;994;772;1144,3.7,0.0,9801.5,0,0,0,0,0,0.0,0,0,0,0,0,0,0,0,0.0,0,0,0,0,0,0.0,0.0,0.0,0,0,0,44.1,6.93,5.32,0.35,15.88,27.8,63.4,99.99781974302519,19.47688567911813,26.78564101895061,35.24290064715464,1.8865164557654297,1846.9357798165138,0.0,0.0,44.67740806705028,0.0,41.26896419296008,14.2,96.3,0.0,0.0,0.0,450.0,9801.5,0.0,0.0,104.7,2.37,107.07,47.925,3.067,104.003,emon,0.568,0.579,143.5,67.4,2.129
2026-09-29 23:06:30.379,13.1,0,83,11;45;8;83;2;0;0;32;0;0;0;23;0;0;0;6,679,4263,4230;3811;4220;4263;2768;1864;1571;2668;2683;1491;1921;2770;679;982;851;1198,3.7,0.0,9801.5,0,0,0,0,0,0.0,0,0,0,0,0,0,0,0,0.0,0,0,0,0,0,0.0,0.0,0.0,0,0,0,44.1,6.93,5.32,0.35,15.88,27.8,63.4,100.00115676490448,16.83832904578915,27.257246995746673,32.665059481308795,1.843061566287006,1848.0719257540604,0.0,0.0,41.967411506410016,0.0,41.990303466575966,14.2,95.5,0.0,0.0,0.0,450.0,9801.5,0.0,0.0,104.7,2.37,107.07,47.925,3.067,104.003,emon,0.568,0.579,143.5,67.4,2.129
2026-09-29 23:06:31.379,13.1,0,89,11;45;6;89;6;0;0;16;0;0;0;25;0;0;0;12,710,4359,4073;3800;4074;4359;2487;1975;1486;2490;2032;3057;1195;2566;868;782;710;1117,3.0,0.0,9801.5,0,0,0,0,0,0.0,0,0,0,0,0,0,0,0,0.0,0,0,0,0,0,0.0,0.0,0.0,0,0,0,44.1,8.82,24.37,0.39,38.45,27.8,63.4,100.00362906164052,17.665540161233736,26.4458923181709,33.42568625243647,2.018739868922703,1848.3622448979593,0.0,0.0,42.28193520051213,0.0,42.72193053203582,14.2,96.6,0.0,0.0,0.0,450.0,9801.5,0.0,0.0,12.645,5.06,17.705,25.122,1.608,16.097,emon,0.588,0.625,104.0,48.1,2.161
2026-09-29 23:06:32.380,12.8,0,82,9;48;8;82;0;0;0;23;0;0;0;27;0;0;0;8,783,4330,4142;3869;4063;4330;2743;1494;2089;2730;2957;3034;1490;2879;783;1012;959;1044,3.5,0.0,9801.5,0,0,0,0,0,0.0,0,0,0,0,0,0,0,0,0.0,0,0,0,0,0,0.0,0.0,0.0,0,0,0,44.1,8.82,24.37,0.39,38.45,27.8,63.4,100.00403307069023,18.090528487180162,26.98579243347651,34.673728974159516,1.9323144691209924,1844.956873315364,0.0,0.0,43.029581124166334,0.0,43.348381292656214,14.2,95.3,0.0,0.0,0.0,450.0,9801.5,0.0,0.0,12.645,5.06,17.705,25.122,1.608,16.097,emon,0.588,0.625,104.0,48.1,2.161
2026-09-29 23:06:33.389,12.9,0,82,9;42;14;82;2;0;0;18;3;0;0;26;2;0;3;6,753,4295,3841;3883;4222;4295;2538;2277;2040;2511;2784;2345;2502;2807;1081;764;753;1128,2.1,0.0,9801.5,0,0,0,0,0,0.0,0,0,0,0,0,0,0,0,0.0,0,0,0,0,0,0.0,0.0,0.0,0,0,0,43.1,8.82,24.37,0.39,38.45,27.6,63.4,99.9976153686969,19.147186147905614,26.27271367207061,35.12310815031511,1.8731748120324774,1844.4379562043796,0.0,0.0,42.15101150200655,0.0,42.79413966653493,14.2,96.6,0.0,0.0,0.0,450.0,9801.5,0.0,0.0,12.645,5.06,17.705,25.122,1.608,16.097,emon,0.588,0.625,104.0,48.1,2.161
2026-09-29 23:06:34.390,11.8,0,91,8;30;6;91;2;0;2;9;2;0;0;32;3;0;0;5,769,4160,4058;3719;3955;4160;2637;2279;2078;2422;2639;1789;1363;2723;1011;822;769;1572,4.0,0.0,9801.5,0,0,0,0,0,0.0,0,0,0,0,0,0,0,0,0.0,0,0,0,0,0,0.0,0.0,0.0,0,0,0,42.1,8.82,24.37,0.39,38.45,27.5,63.4,100.00154313019344,16.888706713848347,27.17697749153844,32.67556149725403,1.9642699436241335,1805.361607142857,0.0,0.0,42.62493287876506,0.0,42.64393627454457,14.2,95.3,0.0,0.0,0.0,450.0,9804.7,0.0,0.0,12.645,5.06,17.705,25.122,1.608,16.097,emon,0.588,0.625,104.0,48.1,2.161
2026-09-29 23:06:35.390,11.9,0,95,8;28;11;95;0;0;0;9;2;0;0;25;0;0;0;12,748,4337,4103;3753;4162;4337;2823;2934;2118;2687;2870;1451;2068;2746;748;803;1431;1120,3.2,0.0,9801.5,0,0,0,0,0,0.0,0,0,0,0,0,0,0,0,0.0,0,0,0,0,0,0.0,0.0,0.0,0,0,0,41.1,8.71,24.02,0.39,37.87,27.5,63.4,99.98356906816488,18.091519640099705,26.72762095430103,33.819369363917616,1.792256424552761,1812.9275766016713,0.0,0.0,43.08236250038062,0.0,42.525468630252725,14.2,96.8,0.0,0.0,0.0,450.0,9801.5,0.0,0.0,12.645,5.06,17.705,25.122,1.608,16.097,emon,0.588,0.625,104.0,48.1,2.161
2026-09-29 23:06:36.391,12.4,0,92,17;42;9;92;2;0;0;12;0;0;0;12;5;2;0;6,741,4324,3899;3816;4231;4324;2919;3065;3208;2729;2471;2045;1676;2647;990;768;741;1143,2.6,0.0,9801.5,0,0,0,0,0,0.0,0,0,0,0,0,0,0,0,0.0,0,0,0,0,0,0.0,0.0,0.0,0,0,0,42.1,8.71,24.02,0.39,37.87,27.5,63.4,99.99811619638608,17.734455685347122,27.239137922691192,33.462487482866706,1.7505186401819406,1799.0,0.0,0.0,43.57738814492392,0.0,41.1715778065683,14.2,95.9,0.0,0.0,0.0,450.0,9801.5,0.0,0.0,12.645,5.06,17.705,25.122,1.608,16.097,emon,0.588,0.625,104.0,48.1,2.161
2026-09-29 23:06:37.391,12.9,0,84,14;40;3;84;2;2;0;22;3;0;0;22;0;0;2;14,734,4286,3927;3837;4238;4286;2713;1617;1487;2713;2974;1793;1802;2753;779;836;734;1110,3.7,0.0,9800.2,0,0,0,0,0,0.0,0,0,0,0,0,0,0,0,0.0,0,0,0,0,0,0.0,0.0,0.0,0,0,0,42.1,8.71,24.02,0.39,37.87,27.5,63.4,100.00354213966672,16.591640424885938,27.268516881612953,32.4474168472353,1.8941355155412818,1799.0,0.0,0.0,41.16077924823944,0.0,43.1072135829981,14.2,95.4,0.0,0.0,0.0,450.0,9803.4,0.0,0.0,12.645,5.06,17.705,25.122,1.608,16.097,emon,0.588,0.625,104.0,48.1,2.161
2026-09-29 23:06:38.392,11.7,0,91,10;40;0;91;5;0;0;11;2;0;0;17;0;2;0;11,822,4239,4014;3775;4128;4239;2944;2864;2863;2629;2420;2713;2537;2504;822;1374;910;1231,2.2,0.0,9804.2,0,0,0,0,0,0.0,0,0,0,0,0,0,0,0,0.0,0,0,0,0,0,0.0,0.0,0.0,0,0,0,41.1,8.71,24.02,0.39,37.87,27.5,63.4,99.95960951481622,20.6526336510038,24.930748180670886,35.565695975189165,1.8172303921791022,1799.0,0.0,0.0,43.79969233840946,0.0,42.22956158321791,14.2,96.5,0.0,0.0,0.0,450.0,9800.2,0.0,0.0,12.645,5.06,17.705,25.122,1.608,16.097,emon,0.588,0.625,104.0,48.1,2.161
2026-09-29 23:06:39.392,12.2,0,91,38;12;5;91;14;3;0;0;21;2;0;0;6;0;3;0,745,4292,3768;4095;4113;4292;2721;2783;2015;2013;2664;3085;2257;1811;1215;795;1520;745,2.2,0.0,9804.2,0,0,0,0,0,0.0,0,0,0,0,0,0,0,0,0.0,0,0,0,0,0,0.0,0.0,0.0,0,0,0,41.1,8.57,23.09,0.39,36.85,27.5,63.4,99.99203238593208,16.68813373417283,26.995291459295483,32.3891316855616,1.8642047917954754,1799.0,0.0,0.0,41.52891181834042,0.0,42.29705679202449,14.2,95.4,0.0,0.0,0.0,450.0,9804.2,0.0,0.0,12.645,5.06,17.705,25.122,1.608,16.097,emon,0.588,0.625,104.0,48.1,2.161
2026-09-29 23:06:40.392,13.3,0,91,34;17;8;91;14;3;2;0;23;3;0;0;18;0;0;0,822,4271,3861;4132;4070;4271;2510;2754;3049;2927;2709;3046;1943;1625;1696;1024;1285;822,3.9,0.0,9804.2,0,0,0,0,0,0.0,0,0,0,0,0,0,0,0,0.0,0,0,0,0,0,0.0,0.0,0.0,0,0,0,42.1,8.57,23.09,0.39,36.85,27.5,63.4,100.00144380045778,17.2392816433181,26.477756603238564,32.74058187807387,1.7565058247347232,1799.0,0.0,0.0,41.77385454321273,0.0,41.51235505667725,14.2,96.5,0.0,0.0,0.0,450.0,9807.4,0.0,0.0,12.645,5.06,17.705,25.122,1.608,16.097,emon,0.588,0.625,104.0,48.1,2.161
2026-09-29 23:06:41.393,10.7,0,80,36;6;6;80;17;0;2;0;14;2;0;0;8;0;0;0,842,4324,3774;4033;4190;4324;2614;2769;2772;1701;2719;2217;2766;1349;1381;846;863;842,3.6,0.0,9800.2,0,0,0,0,0,0.0,0,0,0,0,0,0,0,0,0.0,0,0,0,0,0,0.0,0.0,0.0,0,0,0,41.1,8.57,23.09,0.39,36.85,27.5,63.4,99.99939473470052,17.824335462007767,27.313369877521808,34.26240839163462,2.025112062162505,1799.0,0.0,0.0,42.98111468468053,0.0,44.31260072420275,14.2,95.3,0.0,0.0,0.0,450.0,9803.4,0.0,0.0,12.645,5.06,17.705,25.122,1.608,16.097,emon,0.588,0.625,104.0,48.1,2.161
2026-09-29 23:06:42.393,10.5,0,78,31;8;3;78;14;2;0;2;23;2;0;0;3;2;0;2,858,4311,3790;4205;4311;4225;2468;2531;2359;2368;2497;2490;1308;1301;1156;927;858;1095,1.9,0.0,9800.2,0,0,0,0,0,0.0,0,0,0,0,0,0,0,0,0.0,0,0,0,0,0,0.0,0.0,0.0,0,0,0,42.1,8.57,23.09,0.39,36.85,27.5,63.4,99.9747509264764,18.851868137830998,27.21097198651947,34.686870502151606,1.8763202914536241,1799.0,0.0,0.0,43.690625392553706,0.0,42.955384611259156,14.2,96.8,0.0,0.0,0.0,450.0,9800.2,0.0,0.0,12.861,5.236,18.097,31.051,1.987,16.11,emon,0.593,0.587,102.4,48.1,2.13
2026-09-29 23:06:43.394,11.9,0,84,41;9;9;84;20;2;2;0;20;0;0;0;3;0;0;0,770,4352,3879;4196;4060;4352;2516;2377;3167;2237;2526;3025;1372;2876;1074;908;770;838,3.7,0.0,9800.2,0,0,0,0,0,0.0,0,0,0,0,0,0,0,0,0.0,0,0,0,0,0,0.0,0.0,0.0,0,0,0,44.1,8.95,23.32,0.39,37.4,27.5,63.4,100.00399956631301,17.995226512452465,27.13183205301438,33.92024026084785,2.006128992382835,1800.7587939698492,0.0,0.0,43.39532070049382,0.0,43.17111437951692,14.2,95.3,0.0,0.0,0.0,450.0,9800.2,0.0,0.0,12.861,5.236,18.097,31.051,1.987,16.11,emon,0.593,0.587,102.4,48.1,2.13
2026-09-29 23:06:44.394,11.9,0,92,26;19;6;92;16;2;0;0;12;0;0;0;16;0;2;0,729,4316,3915;4163;4185;4316;2650;2898;2942;2421;2628;2083;2305;1621;1413;729;1363;893,100.0,0.0,9804.4,0,0,0,0,0,0.0,0,0,0,0,0,0,0,0,0.0,0,0,0,0,0,0.0,0.0,0.0,0,0,0,42.1,8.95,23.32,0.39,37.4,27.5,63.4,96.4223150600519,9.629874250500874,35.42232992330989,34.38726240589732,14.287163815325233,1799.0,0.0,0.0,39.83278335798404,0.0,40.34733256062525,14.0,95.4,0.0,0.0,0.0,450.0,9801.2,0.0,0.0,12.861,5.236,18.097,31.051,1.987,16.11,emon,0.593,0.587,102.4,48.1,2.13
2026-09-29 23:06:45.394,12.3,0,89,31;15;5;89;22;2;0;0;14;2;0;0;17;0;2;0,866,4275,3753;3955;4162;4275;2686;2719;2562;2382;2640;2528;2824;1420;1418;1142;866;894,97.0,0.0,9801.2,0,0,0,0,0,0.0,0,0,0,0,0,0,0,0,0.0,0,0,0,0,0,0.0,0.0,0.0,0,0,0,42.1,8.95,23.32,0.39,37.4,27.5,63.4,97.32100331077694,10.129610714731836,36.07614802065483,35.61349762245038,16.232749266162983,1799.0,0.0,0.0,42.57231484063991,0.0,37.89336435428963,14.0,94.9,0.0,0.0,0.0,450.0,9804.4,0.0,0.0,12.861,5.236,18.097,31.051,1.987,16.11,emon,0.593,0.587,102.4,48.1,2.13
2026-09-29 23:06:46.395,13.9,0,82,35;23;14;82;25;6;0;0;29;2;0;0;5;2;0;0,813,4323,3944;4263;4168;4323;2622;2893;2905;2064;2693;2732;2314;1404;1124;834;813;916,97.0,0.0,9801.2,0,0,0,0,0,0.0,0,0,0,0,0,0,0,0,0.0,0,0,0,0,0,0.0,0.0,0.0,0,0,0,43.1,8.95,23.32,0.39,37.4,27.5,63.4,98.07978175810014,9.311528362451527,35.71097771922747,33.961670610218725,14.079892615276261,1799.0,0.0,0.0,40.66087901122472,0.0,40.5760400484687,14.0,95.2,0.0,0.0,0.0,450.0,9801.2,0.0,0.0,12.861,5.236,18.097,31.051,1.987,16.11,emon,0.593,0.587,102.4,48.1,2.13
2026-09-29 23:06:47.395,13.2,0,86,44;8;5;86;29;2;0;0;26;2;0;0;8;2;2;0,750,4260,3744;4126;4200;4260;2867;2687;2894;1524;2685;2757;2205;1788;1311;932;938;750,80.9,0.0,9801.2,0,0,0,0,0,0.0,0,0,0,0,0,0,0,0,0.0,0,0,0,0,0,0.0,0.0,0.0,0,0,0,43.1,11.02,13.33,0.39,34.48,27.5,63.4,97.11551831641667,10.240861936387095,36.17809148237739,35.92005212935553,16.48192768590863,1799.0,0.0,0.0,41.08614251906467,0.0,35.97217001340808,14.1,95.9,0.0,0.0,0.0,450.0,9801.2,0.0,0.0,12.861,5.236,18.097,31.051,1.987,16.11,emon,0.593,0.587,102.4,48.1,2.13
2026-09-29 23:06:48.396,12.2,0,94,36;13;3;94;16;0;2;0;19;2;0;0;10;0;2;0,1009,4285,3876;4155;4157;4285;2792;2723;3023;2532;2651;2246;1418;1009;1311;1080;1409;1602,100.0,0.0,9801.2,0,0,0,0,0,0.0,0,0,0,0,0,0,0,0,0.0,0,0,0,0,0,0.0,0.0,0.0,0,0,0,43.1,11.02,13.33,0.39,34.48,27.5,63.4,98.10645185012629,9.685711024126205,35.77035470041308,34.47019846368544,15.025612490166655,1799.0,0.0,0.0,41.79614200063585,0.0,39.53434850483397,14.0,94.9,0.0,0.0,0.0,450.0,9801.2,0.0,0.0,12.861,5.236,18.097,31.051,1.987,16.11,emon,0.593,0.587,102.4,48.1,2.13
2026-09-29 23:06:49.396,12.6,0,92,45;9;2;92;28;2;0;0;12;2;0;0;8;3;0;0,886,4323,3959;4045;4245;4323;2637;2881;2693;2249;2774;3039;1461;1525;1229;1133;928;886,91.7,0.0,9804.4,0,0,0,0,0,0.0,0,0,0,0,0,0,0,0,0.0,0,0,0,0,0,0.0,0.0,0.0,0,0,0,43.1,11.02,13.33,0.39,34.48,27.5,63.4,96.94755321884155,10.037401485571637,35.624742487430574,34.266811794653535,15.73894392660167,1799.0,0.0,0.0,42.20475672166795,0.0,38.05208252948485,14.1,95.9,0.0,0.0,0.0,450.0,9801.2,0.0,0.0,12.861,5.236,18.097,31.051,1.987,16.11,emon,0.593,0.587,102.4,48.1,2.13
2026-09-29 23:06:50.397,13.1,0,88,43;14;8;88;22;0;0;0;19;0;0;0;17;0;0;0,783,4298,3921;3970;4233;4298;2684;2740;2391;2019;2763;2456;2508;1570;1412;883;783;913,91.7,0.0,9804.4,0,0,0,0,0,0.0,0,0,0,0,0,0,0,0,0.0,0,0,0,0,0,0.0,0.0,0.0,0,0,0,42.1,11.02,13.33,0.39,34.48,27.5,63.4,98.59246855629814,9.948093503663937,36.673892703519925,36.16900586654329,15.855664958726718,1799.0,0.0,0.0,40.64046453850654,0.0,41.55676157643207,14.1,94.8,0.0,0.0,0.0,450.0,9801.2,0.0,0.0,12.861,5.236,18.097,31.051,1.987,16.11,emon,0.593,0.587,102.4,48.1,2.13
2026-09-29 23:06:51.397,12.8,0,83,41;14;14;83;17;4;0;0;17;3;0;0;8;2;2;2,906,4309,3923;4177;4256;4309;2802;2838;2876;2382;2797;3019;1995;1660;1018;906;1007;954,70.0,0.0,9801.2,0,0,0,0,0,0.0,0,0,0,0,0,0,0,0,0.0,0,0,0,0,0,0.0,0.0,0.0,0,0,0,42.1,11.15,12.52,0.4,34.3,27.5,63.4,97.83090614767933,10.3151675522053,37.13698386990283,36.46234344400554,16.99748837563983,1799.0,0.0,0.0,41.75176605174352,0.0,38.26578857358185,14.1,95.7,0.0,0.0,0.0,450.0,9801.2,0.0,0.0,12.861,5.236,18.097,31.051,1.987,16.11,emon,0.593,0.587,102.4,48.1,2.13
2026-09-29 23:06:52.398,11.6,0,97,30;13;3;97;14;0;0;0;17;3;0;0;6;2;0;0,808,4326,3874;4110;4127;4326;2869;2918;2412;2569;2694;2738;2003;2531;1144;865;889;808,100.0,0.0,9801.2,0,0,0,0,0,0.0,0,0,0,0,0,0,0,0,0.0,0,0,0,0,0,0.0,0.0,0.0,0,0,0,42.1,11.15,12.52,0.4,34.3,27.5,63.4,98.2482179743532,9.593824246496547,36.318848020111034,35.71402960522242,15.657624915256461,1799.0,0.0,0.0,41.385478700482246,0.0,39.908597777580674,14.1,94.8,0.0,0.0,0.0,450.0,9801.2,0.0,0.0,12.861,5.236,18.097,31.051,1.987,16.11,emon,0.593,0.587,102.4,48.1,2.13
2026-09-29 23:06:53.398,12.7,0,78,45;20;4;78;22;3;0;0;23;2;0;0;4;0;2;0,825,4237,3999;4176;4091;4237;2791;2701;2488;1815;2646;2889;2002;1588;1129;877;825;839,97.5,0.0,9801.2,0,0,0,0,0,0.0,0,0,0,0,0,0,0,0,0.0,0,0,0,0,0,0.0,0.0,0.0,0,0,0,43.1,11.15,12.52,0.4,34.3,27.5,63.4,98.41446787750667,9.701881630541456,35.56335648633368,34.52928813071364,14.782310065238796,1799.0,0.0,0.0,41.7018981213823,0.0,38.44490356533967,14.1,96.1,0.0,0.0,0.0,450.0,9801.2,0.0,0.0,12.861,5.236,18.097,31.051,1.987,16.11,emon,0.593,0.587,102.4,48.1,2.13
2026-09-29 23:06:54.398,12.7,0,89,46;6;6;89;22;2;0;0;22;2;0;0;9;0;0;0,717,4331,3906;3790;4205;4331;2744;2802;2720;2275;2782;3131;2903;2992;1037;785;717;931,94.0,0.0,9635.5,0,0,0,0,0,0.0,0,0,0,0,0,0,0,0,0.0,0,0,0,0,0,0.0,0.0,0.0,0,0,0,42.1,11.15,12.52,0.4,34.3,27.5,63.4,96.46083757363114,10.359554857351617,36.32927773139056,36.49897542943557,16.497492679435414,1799.0,0.0,0.0,41.001384765516015,0.0,36.098467030662555,14.0,95.0,0.0,0.0,0.0,450.0,9635.5,0.0,0.0,106.684,2.335,109.018,40.682,2.604,106.414,emon,0.56,0.44,145.4,68.2,2.132
2026-09-29 23:06:55.398,12.0,0,88,38;6;8;88;20;2;0;0;19;0;0;0;11;0;0;0,976,4251,3913;3891;4188;4251;2730;2784;2403;1603;2728;3042;1552;1609;1214;976;1112;1276,91.0,0.0,9635.5,0,0,0,0,0,0.0,0,0,0,0,0,0,0,0,0.0,0,0,0,0,0,0.0,0.0,0.0,0,0,0,43.1,11.28,12.55,0.39,34.37,27.5,63.4,97.87332590458006,9.548877438731074,35.96003890034071,34.10451963808777,15.257713895684194,1799.0,0.0,0.0,41.15258107531577,0.0,38.56818261534222,14.1,95.2,0.0,0.0,0.0,450.0,9635.5,0.0,0.0,106.684,2.335,109.018,40.682,2.604,106.414,emon,0.56,0.44,145.4,68.2,2.132
2026-09-29 23:06:56.399,12.1,0,83,43;16;6;83;22;2;2;0;17;3;0;0;2;0;0;0,865,4338,3861;4269;4215;4338;2670;2595;2486;3140;2657;2513;1326;1333;867;875;865;905,86.7,0.0,9635.5,0,0,0,0,0,0.0,0,0,0,0,0,0,0,0,0.0,0,0,0,0,0,0.0,0.0,0.0,0,0,0,43.1,11.28,12.55,0.39,34.37,27.5,63.4,97.65940226051924,10.507937561280446,37.50317781459358,37.22933408197134,16.421313437179634,1799.0,0.0,0.0,41.98934685295348,0.0,39.62469727519447,14.1,95.7,0.0,0.0,0.0,450.0,9635.5,0.0,0.0,106.684,2.335,109.018,40.682,2.604,106.414,emon,0.56,0.44,145.4,68.2,2.132
2026-09-29 23:06:57.399,13.6,0,83,53;16;3;83;26;0;2;0;22;0;0;0;14;0;0;0,906,4294,3809;4064;4116;4294;2833;3085;2862;1971;2851;2599;2373;1542;1155;906;914;933,87.9,0.0,9635.5,0,0,0,0,0,0.0,0,0,0,0,0,0,0,0,0.0,0,0,0,0,0,0.0,0.0,0.0,0,0,0,43.1,11.28,12.55,0.39,34.37,27.5,63.4,98.38853949294436,9.425673845204452,35.80815626426101,34.53836196148877,15.917071457279397,1799.0,0.0,0.0,41.44238361449742,0.0,39.074410840042006,14.1,94.9,0.0,0.0,0.0,450.0,9635.5,0.0,0.0,106.684,2.335,109.018,40.682,2.604,106.414,emon,0.56,0.44,145.4,68.2,2.132
2026-09-29 23:06:58.400,12.6,0,91,39;20;3;91;12;2;2;2;19;2;0;0;9;2;0;0,862,4300,3809;4094;3871;4300;2639;2857;1948;2612;2798;2544;2558;2626;1308;1098;866;862,100.0,0.0,9635.5,0,0,0,0,0,0.0,0,0,0,0,0,0,0,0,0.0,0,0,0,0,0,0.0,0.0,0.0,0,0,0,44.1,11.28,12.55,0.39,34.37,27.5,63.4,95.39372622725452,10.171140468072313,36.92823523548451,36.25388394097085,16.411969380626672,1799.0,0.0,0.0,41.887928798000104,0.0,36.848649844860994,14.0,95.6,0.0,0.0,0.0,450.0,9635.5,0.0,0.0,106.684,2.335,109.018,40.682,2.604,106.414,emon,0.56,0.44,145.4,68.2,2.132
2026-09-29 23:06:59.400,14.1,0,84,50;23;0;84;25;2;0;0;31;2;0;0;3;6;0;0,833,4283,3805;4066;4166;4283;2670;2700;3230;3179;2907;2707;2896;2444;1186;1664;1078;833,100.0,0.0,9635.5,0,0,0,0,0,0.0,0,0,0,0,0,0,0,0,0.0,0,0,0,0,0,0.0,0.0,0.0,0,0,0,42.1,11.43,12.59,0.39,34.59,27.5,63.4,97.30225428736587,9.58790155787788,35.71477970217957,34.656188283296835,15.735435851022988,1799.0,0.0,0.0,40.463096424252456,0.0,39.85888396330553,14.0,94.5,0.0,0.0,0.0,450.0,9635.5,0.0,0.0,106.684,2.335,109.018,40.682,2.604,106.414,emon,0.56,0.44,145.4,68.2,2.132
2026-09-29 23:07:00.401,13.4,0,92,46;11;2;92;19;5;0;0;21;0;0;0;14;2;3;0,725,4329,3882;4064;4172;4329;2632;3107;2775;1388;2764;2317;1386;1456;1220;1079;955;725,96.4,0.0,9635.5,0,0,0,0,0,0.0,0,0,0,0,0,0,0,0,0.0,0,0,0,0,0,0.0,0.0,0.0,0,0,0,42.1,11.43,12.59,0.39,34.59,27.3,63.4,97.46856603807616,9.992941667285105,36.079686303451226,36.15661083971991,15.948975019345683,1799.0,0.0,0.0,40.991094165852914,0.0,39.00446535856098,14.0,95.4,0.0,0.0,0.0,450.0,9638.8,0.0,0.0,106.684,2.335,109.018,40.682,2.604,106.414,emon,0.56,0.44,145.4,68.2,2.132
2026-09-29 23:07:01.401,14.6,0,86,45;13;11;86;29;3;0;0;25;5;0;0;12;3;2;0,736,4301,3972;4184;4228;4301;2797;2963;1830;3052;2620;2446;2038;3216;1153;945;847;736,100.0,0.0,9635.5,0,0,0,0,0,0.0,0,0,0,0,0,0,0,0,0.0,0,0,0,0,0,0.0,0.0,0.0,0,0,0,42.1,11.43,12.59,0.39,34.59,27.3,63.4,97.75425426028578,9.677641228514126,35.736041869666124,35.54133702451203,15.77870266179609,1799.0,0.0,0.0,41.48382599215442,0.0,39.74274188445477,14.0,94.5,0.0,0.0,0.0,450.0,9635.5,0.0,0.0,106.684,2.335,109.018,40.682,2.604,106.414,emon,0.56,0.44,145.4,68.2,2.132
2026-09-29 23:07:02.401,12.2,0,86,43;11;3;86;15;0;0;0;22;0;0;0;14;2;0;0,858,4319,3945;4005;4067;4319;2691;3092;3185;2620;2669;3009;2551;2897;1204;951;908;858,98.7,0.0,9635.5,0,0,0,0,0,0.0,0,0,0,0,0,0,0,0,0.0,0,0,0,0,0,0.0,0.0,0.0,0,0,0,42.1,11.37,12.61,0.4,34.63,27.3,63.4,96.38332235245477,9.442034354065957,34.18990075182752,33.69888602187034,14.817353452852021,1799.0,0.0,0.0,42.72352910573598,0.0,37.80290373168751,14.1,95.7,0.0,0.0,0.0,450.0,9635.5,0.0,0.0,106.684,2.335,109.018,40.682,2.604,106.414,emon,0.56,0.44,145.4,68.2,2.132
2026-09-29 23:07:03.402,11.9,0,82,45;8;6;82;29;3;0;0;16;0;0;0;3;0;0;0,825,4363,3929;3992;3969;4363;2612;3003;2786;1943;2706;3132;2663;1310;1046;873;1165;825,94.2,0.0,9635.5,0,0,0,0,0,0.0,0,0,0,0,0,0,0,0,0.0,0,0,0,0,0,0.0,0.0,0.0,0,0,0,43.1,11.37,12.61,0.4,34.63,27.3,63.4,97.42856016623725,9.086488823345084,34.883839226654125,33.016202750942064,13.494612749358057,1799.0,0.0,0.0,41.28275636626837,0.0,39.07445995805523,14.0,95.1,0.0,0.0,0.0,450.0,9635.5,0.0,0.0,106.684,2.335,109.018,40.682,2.604,106.414,emon,0.56,0.44,145.4,68.2,2.132
2026-09-29 23:07:04.403,12.5,0,86,51;11;11;86;18;4;0;0;16;0;0;0;3;0;0;0,726,4319,3973;4065;4276;4319;2790;3085;2606;2405;2726;2720;2440;1277;1194;864;927;726,100.0,0.0,9635.5,0,0,0,0,0,0.0,0,0,0,0,0,0,0,0,0.0,0,0,0,0,0,0.0,0.0,0.0,0,0,0,44.1,11.37,12.61,0.4,34.63,27.3,63.4,97.99525510503891,9.749498890646805,36.692588573933776,35.313722107568246,15.734789697051156,1799.0,0.0,0.0,42.05078207515621,0.0,40.15917374297939,14.1,95.5,0.0,0.0,0.0,450.0,9635.5,0.0,0.0,106.684,2.335,109.018,40.682,2.604,106.414,emon,0.56,0.44,145.4,68.2,2.132
2026-09-29 23:07:05.403,13.2,0,81,35;17;14;81;19;3;0;0;30;3;0;0;9;0;0;0,757,4311,3891;4105;4192;4311;2621;2531;3161;2402;2781;2702;2314;2235;1173;810;884;757,93.9,0.0,9635.5,0,0,0,0,0,0.0,0,0,0,0,0,0,0,0,0.0,0,0,0,0,0,0.0,0.0,0.0,0,0,0,43.1,11.37,12.61,0.4,34.63,27.3,63.4,98.05371343940496,9.724030829197726,36.48833844969049,35.517240901809416,14.470762252871191,1799.0,0.0,0.0,42.07677765617409,0.0,39.48842083782006,14.1,96.1,0.0,0.0,0.0,450.0,9635.5,0.0,0.0,106.684,2.335,109.018,40.682,2.604,106.414,emon,0.56,0.44,145.4,68.2,2.132
2026-09-29 23:07:06.403,13.6,0,84,44;19;5;84;20;3;2;0;25;0;0;0;9;5;2;0,770,4304,3924;4126;4121;4304;2654;2844;3079;2366;2935;2779;2829;2506;1179;883;1027;770,100.0,0.0,9635.5,0,0,0,0,0,0.0,0,0,0,0,0,0,0,0,0.0,0,0,0,0,0,0.0,0.0,0.0,0,0,0,44.1,11.31,12.62,0.39,34.51,27.3,63.4,98.10479551539433,9.52879403983589,35.87414666016897,34.99148508666499,15.027756378301966,1799.0,0.0,0.0,40.97235598983729,0.0,40.96579811829944,14.0,94.7,0.0,0.0,0.0,450.0,9635.5,0.0,0.0,107.861,2.05,109.911,30.975,1.982,107.929,emon,0.573,0.427,145.1,68.0,2.134
2026-09-29 23:07:07.404,11.7,0,81,28;20;6;81;22;2;0;0;17;2;0;0;8;0;0;2,755,4316,3920;4209;4267;4316;2696;2930;2456;3050;2757;2095;1298;1444;1163;808;936;755,100.0,0.0,9635.5,0,0,0,0,0,0.0,0,0,0,0,0,0,0,0,0.0,0,0,0,0,0,0.0,0.0,0.0,0,0,0,42.1,11.31,12.62,0.39,34.51,27.3,63.4,96.44308959589843,10.204393685966824,35.433433541973514,35.802909265813966,16.26819856941435,1799.0,0.0,0.0,42.03097059387932,0.0,37.28534424337195,14.1,95.9,0.0,0.0,0.0,450.0,9635.5,0.0,0.0,107.861,2.05,109.911,30.975,1.982,107.929,emon,0.573,0.427,145.1,68.0,2.134
2026-09-29 23:07:08.408,12.9,0,86,41;12;14;86;11;5;0;0;27;3;0;0;8;0;0;0,734,4263,3912;4145;4194;4263;2637;2982;3151;2364;2919;1675;1898;1424;1203;801;734;891,88.0,0.0,9635.5,0,0,0,0,0,0.0,0,0,0,0,0,0,0,0,0.0,0,0,0,0,0,0.0,0.0,0.0,0,0,0,42.1,11.31,12.62,0.39,34.51,27.3,63.4,97.619019852804,9.569678084615777,34.580876156385,34.59054938291723,14.70213367468567,1799.0,0.0,0.0,41.284364342715264,0.0,40.154566315798974,14.0,94.6,0.0,0.0,0.0,450.0,9635.5,0.0,0.0,107.861,2.05,109.911,30.975,1.982,107.929,emon,0.573,0.427,145.1,68.0,2.134
2026-09-29 23:07:09.409,11.8,0,88,12;35;3;88;0;22;0;0;0;22;0;0;0;6;0;0,663,4327,4024;3770;4204;4327;1318;2748;2812;2531;1378;2803;2141;2350;663;1205;783;781,88.0,0.0,9635.5,0,0,0,0,0,0.0,0,0,0,0,0,0,0,0,0.0,0,0,0,0,0,0.0,0.0,0.0,0,0,0,42.1,11.31,12.62,0.39,34.51,27.3,63.4,95.45616926322003,10.862668611203567,37.65860064019634,37.88927781682477,17.453212740688627,1799.0,0.0,0.0,43.2146880164711,0.0,37.92111011476599,14.0,95.4,0.0,0.0,0.0,450.0,9635.5,0.0,0.0,107.861,2.05,109.911,30.975,1.982,107.929,emon,0.573,0.427,145.1,68.0,2.134
2026-09-29 23:07:10.409,13.2,0,89,12;46;3;89;3;28;0;0;0;22;0;0;0;8;0;0,648,4262,4120;3872;4086;4262;1409;2797;2581;3140;1492;2795;2648;2161;648;1120;903;930,100.0,0.0,9635.5,0,0,0,0,0,0.0,0,0,0,0,0,0,0,0,0.0,0,0,0,0,0,0.0,0.0,0.0,0,0,0,42.1,11.22,12.61,0.39,34.41,27.3,63.4,97.67484945618963,10.091436080652548,37.10380584992558,36.063600996459826,15.700663055903952,1799.0,0.0,0.0,41.66148279908419,0.0,38.76316390881092,14.0,94.9,0.0,0.0,0.0,450.0,9635.5,0.0,0.0,107.861,2.05,109.911,30.975,1.982,107.929,emon,0.573,0.427,145.1,68.0,2.134
2026-09-29 23:07:11.410,12.6,0,82,12;45;9;82;0;22;2;0;0;23;0;0;0;8;0;0,754,4306,4194;3957;4306;4267;1420;2911;2607;1652;1815;2748;2298;1849;754;1216;831;976,100.0,0.0,9635.5,0,0,0,0,0,0.0,0,0,0,0,0,0,0,0,0.0,0,0,0,0,0,0.0,0.0,0.0,0,0,0,42.1,11.22,12.61,0.39,34.41,27.3,63.4,98.01418955545677,9.985859336319232,35.93964260071516,35.28235889453514,15.78754981244971,1799.0,0.0,0.0,42.30767852520589,0.0,37.928807512255936,14.1,95.4,0.0,0.0,0.0,450.0,9635.5,0.0,0.0,107.861,2.05,109.911,30.975,1.982,107.929,emon,0.573,0.427,145.1,68.0,2.134
2026-09-29 23:07:12.410,12.4,0,89,16;34;6;89;0;25;0;2;0;16;2;0;3;6;0;0,695,4309,4054;3879;4007;4309;1379;2837;3056;3023;2302;2886;3045;2138;695;1286;801;1016,94.5,0.0,9635.5,0,0,0,0,0,0.0,0,0,0,0,0,0,0,0,0.0,0,0,0,0,0,0.0,0.0,0.0,0,0,0,42.1,11.22,12.61,0.39,34.41,27.3,63.4,97.82243872864899,9.637190664036268,35.83300875319427,35.71541111389668,15.982215416583498,1799.0,0.0,0.0,40.11672033033281,0.0,39.66347907097072,14.0,95.0,0.0,0.0,0.0,450.0,9635.5,0.0,0.0,107.861,2.05,109.911,30.975,1.982,107.929,emon,0.573,0.427,145.1,68.0,2.134
2026-09-29 23:07:13.410,13.9,0,91,14;49;9;91;6;22;2;2;0;20;0;0;0;9;0;0,585,4283,4087;3888;4072;4283;1398;2788;2930;2799;2038;2767;2630;2493;585;1129;845;953,99.0,0.0,9615.5,0,0,0,0,0,0.0,0,0,0,0,0,0,0,0,0.0,0,0,0,0,0,0.0,0.0,0.0,0,0,0,42.1,11.22,12.61,0.39,34.41,27.3,63.4,97.5813845253476,9.535619289114237,35.705734658483934,34.46460796657561,14.487019915487403,1799.0,0.0,0.0,40.92557914002796,0.0,39.371294858114375,14.0,95.4,0.0,0.0,0.0,450.0,9615.5,0.0,0.0,107.861,2.05,109.911,30.975,1.982,107.929,emon,0.573,0.427,145.1,68.0,2.134
2026-09-29 23:07:14.411,20.3,0,92,23;54;14;92;5;21;16;14;6;31;11;5;0;28;2;5,1732,4209,4074;3934;4046;4209;2786;2940;3178;3316;3349;2941;3022;3340;2083;1732;2203;2558,97.4,0.0,9615.5,0,0,0,0,0,0.0,0,0,0,0,0,0,0,0,0.0,0,0,0,0,0,0.0,0.0,0.0,0,0,0,43.1,11.16,12.54,0.39,34.27,27.3,63.4,96.520262939174,10.12895073436723,35.284933789266525,35.0036845531717,15.711170641921187,1799.0,0.0,0.0,43.107858160250245,0.0,38.13369616813358,14.0,94.9,0.0,0.0,0.0,450.0,9615.5,0.0,0.0,107.861,2.05,109.911,30.975,1.982,107.929,emon,0.573,0.427,145.1,68.0,2.134
2026-09-29 23:07:15.420,13.4,0,86,14;49;5;86;3;17;2;0;0;25;0;0;0;14;0;0,682,4302,4083;3962;4120;4302;1339;2722;2788;2990;1381;2789;2971;1517;682;1368;1253;1403,94.8,0.0,9615.5,0,0,0,0,0,0.0,0,0,0,0,0,0,0,0,0.0,0,0,0,0,0,0.0,0.0,0.0,0,0,0,44.1,11.16,12.54,0.39,34.27,27.4,63.4,97.91465081806425,10.386161941063556,36.88797372021253,36.39060602987869,16.378168641800528,1799.0,0.0,0.0,41.480195869615045,0.0,38.922832532238736,14.0,94.6,0.0,0.0,0.0,450.0,9615.5,0.0,0.0,107.861,2.05,109.911,30.975,1.982,107.929,emon,0.573,0.427,145.1,68.0,2.134
2026-09-29 23:07:16.420,12.7,0,83,17;44;5;83;3;16;2;0;0;18;3;0;3;9;0;0,694,4301,4061;3927;4164;4301;1314;2475;2479;1888;1612;2886;2648;2134;694;1148;858;742,86.2,0.0,9615.5,0,0,0,0,0,0.0,0,0,0,0,0,0,0,0,0.0,0,0,0,0,0,0.0,0.0,0.0,0,0,0,44.1,11.16,12.54,0.39,34.27,27.3,63.4,97.41120910644531,9.702464475407817,34.588911506150666,34.58526410310323,15.39287981328391,1799.0,0.0,0.0,42.443031962135386,0.0,39.108669070935576,14.1,95.7,0.0,0.0,0.0,450.0,9615.5,0.0,0.0,107.861,2.05,109.911,30.975,1.982,107.929,emon,0.573,0.427,145.1,68.0,2.134
2026-09-29 23:07:17.421,13.0,0,92,14;36;5;92;0;25;0;0;0;28;2;0;0;8;0;0,622,4261,4052;3887;4068;4261;1398;2885;2873;2865;2622;2966;2439;2611;622;1138;861;679,100.0,0.0,9615.5,0,0,0,0,0,0.0,0,0,0,0,0,0,0,0,0.0,0,0,0,0,0,0.0,0.0,0.0,0,0,0,42.1,11.16,12.54,0.39,34.27,27.3,63.4,97.06935671828982,9.60798055279538,35.19994446595929,34.72047600252333,14.700930460513598,1799.0,0.0,0.0,41.339431875896466,0.0,39.74628745351698,14.0,94.3,0.0,0.0,0.0,450.0,9615.5,0.0,0.0,106.108,2.297,108.404,36.795,2.355,106.049,emon,0.565,0.397,145.0,67.3,2.155
2026-09-29 23:07:18.421,12.3,0,94,13;32;2;94;3;16;0;2;0;22;0;0;0;14;0;0,638,4253,4136;3861;4111;4253;1389;2721;2723;2947;1642;2629;2267;1728;638;1148;786;774,99.7,0.0,9615.5,0,0,0,0,0,0.0,0,0,0,0,0,0,0,0,0.0,0,0,0,0,0,0.0,0.0,0.0,0,0,0,42.1,11.67,12.51,0.39,34.81,27.3,63.4,95.6901820362478,10.852894695016785,37.30380033928415,36.69679004688194,16.991087025073625,1799.0,0.0,0.0,43.32226538090175,0.0,35.8988516301305,14.0,95.3,0.0,0.0,0.0,450.0,9615.5,0.0,0.0,106.108,2.297,108.404,36.795,2.355,106.049,emon,0.565,0.397,145.0,67.3,2.155
2026-09-29 23:07:19.422,12.8,0,84,12;41;3;84;3;22;2;2;0;17;0;0;2;16;2;0,848,4286,4140;3779;4120;4286;1317;2697;3099;3012;1860;2857;2769;2360;848;1390;974;1605,99.7,0.0,9615.5,0,0,0,0,0,0.0,0,0,0,0,0,0,0,0,0.0,0,0,0,0,0,0.0,0.0,0.0,0,0,0,42.1,11.67,12.51,0.39,34.81,27.3,63.4,97.80775711452384,9.61349423013685,35.57984699479546,34.340901319171394,14.716495947643606,1799.0,0.0,0.0,40.31819165821007,0.0,38.535477580710605,14.0,94.4,0.0,0.0,0.0,450.0,9615.5,0.0,0.0,106.108,2.297,108.404,36.795,2.355,106.049,emon,0.565,0.397,145.0,67.3,2.155
2026-09-29 23:07:20.422,12.5,0,83,14;48;0;83;0;21;0;0;0;20;2;0;0;11;2;0,881,4289,4103;3893;4249;4289;1365;2707;2995;3029;2134;2760;3076;1850;881;1137;1109;960,96.7,0.0,9615.5,0,0,0,0,0,0.0,0,0,0,0,0,0,0,0,0.0,0,0,0,0,0,0.0,0.0,0.0,0,0,0,42.1,11.67,12.51,0.39,34.81,27.3,63.4,97.63405361771584,10.540809910043405,36.7768969762382,36.64555624182559,16.74702970105927,1799.0,0.0,0.0,41.7978220531374,0.0,37.373996372782216,14.0,95.5,0.0,0.0,0.0,450.0,9615.5,0.0,0.0,106.108,2.297,108.404,36.795,2.355,106.049,emon,0.565,0.397,145.0,67.3,2.155
2026-09-29 23:07:21.423,12.6,0,89,8;50;8;89;0;16;3;0;0;23;0;0;0;5;0;0,638,4293,4138;3952;4250;4293;2728;2743;3077;2007;1967;2886;2851;1915;638;1049;753;932,96.9,0.0,9615.5,0,0,0,0,0,0.0,0,0,0,0,0,0,0,0,0.0,0,0,0,0,0,0.0,0.0,0.0,0,0,0,43.1,11.67,12.51,0.39,34.81,27.3,63.4,98.24201994106687,10.66613162518823,37.1363267347657,37.63041492989241,16.71952847542076,1799.0,0.0,0.0,41.817954246091816,0.0,40.83135452850804,14.0,95.5,0.0,0.0,0.0,450.0,9615.5,0.0,0.0,106.108,2.297,108.404,36.795,2.355,106.049,emon,0.565,0.397,145.0,67.3,2.155
2026-09-29 23:07:22.424,13.5,0,91,33;27;8;91;0;16;3;2;0;19;3;0;0;6;8;2,713,4278,3853;3900;4143;4278;1842;2821;2749;2234;1277;2867;2302;3302;713;1306;1057;1091,100.0,0.0,9615.5,0,0,0,0,0,0.0,0,0,0,0,0,0,0,0,0.0,0,0,0,0,0,0.0,0.0,0.0,0,0,0,42.1,11.24,12.51,0.39,34.31,27.4,63.4,97.03905181418685,9.998636866787143,35.054187356795474,34.97932412318318,15.382814309755721,1799.0,0.0,0.0,42.695330172167964,0.0,37.23884147595735,14.0,94.6,0.0,0.0,0.0,450.0,9615.5,0.0,0.0,106.108,2.297,108.404,36.795,2.355,106.049,emon,0.565,0.397,145.0,67.3,2.155
2026-09-29 23:07:23.425,11.1,0,94,31;14;2;94;0;14;2;0;0;14;0;0;0;6;2;0,657,4359,3994;4006;4174;4359;2968;2727;3063;2297;1294;2746;2645;1921;657;1184;1445;822,100.0,0.0,9615.5,0,0,0,0,0,0.0,0,0,0,0,0,0,0,0,0.0,0,0,0,0,0,0.0,0.0,0.0,0,0,0,43.1,11.24,12.51,0.39,34.31,27.3,63.4,98.26138250557881,9.204823868876359,35.42221744948963,33.15556280919403,13.749858700459711,1799.0,0.0,0.0,41.96140017209548,0.0,39.70331911736566,14.1,95.5,0.0,0.0,0.0,450.0,9615.5,0.0,0.0,106.108,2.297,108.404,36.795,2.355,106.049,emon,0.565,0.397,145.0,67.3,2.155
2026-09-29 23:07:24.425,12.5,0,83,17;30;6;83;0;25;0;0;0;22;2;0;0;14;2;0,807,4306,4133;3857;4195;4306;3227;2808;3046;1714;1745;2798;2302;2400;917;1455;998;807,95.7,0.0,9615.5,0,0,0,0,0,0.0,0,0,0,0,0,0,0,0,0.0,0,0,0,0,0,0.0,0.0,0.0,0,0,0,42.1,11.24,12.51,0.39,34.31,27.3,63.4,97.41242565002823,10.241922901845781,36.33694019579234,36.87678848894457,16.06814202527455,1799.0,0.0,0.0,39.847320395718654,0.0,40.31908670360926,14.1,95.8,0.0,0.0,0.0,450.0,9615.5,0.0,0.0,106.108,2.297,108.404,36.795,2.355,106.049,emon,0.565,0.397,145.0,67.3,2.155
2026-09-29 23:07:25.425,14.8,0,84,14;48;3;84;0;19;5;3;0;25;2;0;0;31;2;0,1111,4568,4509;4407;4479;4568;1453;2871;3198;3254;2231;3073;3173;2335;1281;2595;1269;1111,36.2,0.0,3370.3,0,0,0,0,0,0.0,0,0,0,0,0,0,0,0,0.0,0,0,0,0,0,0.0,0.0,0.0,0,0,0,58.1,11.24,12.51,0.39,34.31,18.9,63.4,87.21551632713265,4.435305732551595,30.159306872898423,28.74762744288629,4.3777291675328405,1649.0,0.0,0.0,10.61694855401358,0.0,50.36107512299565,14.0,94.9,0.0,0.0,0.0,450.0,9615.5,0.0,0.0,106.108,2.297,108.404,36.795,2.355,106.049,emon,0.565,0.397,145.0,67.3,2.155
2026-09-29 23:07:26.425,12.7,0,70,17;51;8;70;0;25;0;0;0;23;0;0;0;9;0;0,989,4689,4680;4425;4689;4584;1542;2916;2796;3076;1302;2935;3017;2797;989;1691;1107;1036,5.5,0.0,941.9,0,0,0,0,0,0.0,0,0,0,0,0,0,0,0,0.0,0,0,0,0,0,0.0,0.0,0.0,0,0,0,59.1,11.95,8.61,0.39,29.06,19.0,63.4,79.20629760954115,3.3081515170116393,29.693631049659515,28.918974854465986,2.346266757776741,1199.0,0.0,0.0,0.0,0.0,52.46323747837709,3.0,17.7,0.0,0.0,0.0,450.0,939.9,0.0,0.0,106.108,2.297,108.404,36.795,2.355,106.049,emon,0.565,0.397,145.0,67.3,2.155
2026-09-29 23:07:27.426,17.9,0,94,29;59;6;94;2;38;6;3;0;37;2;2;0;10;0;0,836,4713,4713;4632;4713;4710;3236;3237;3284;3190;2564;3112;3203;3400;2221;1858;1018;836,2.8,0.0,1192.9,0,0,0,0,0,0.0,0,0,0,0,0,0,0,0,0.0,0,0,0,0,0,0.0,0.0,0.0,0,0,0,62.1,11.95,8.61,0.39,29.06,19.6,63.4,98.64355278015137,3.45754980917131,29.070637968453493,28.768333053216338,2.1655642241074187,1176.2727272727273,0.0,0.0,0.0,0.0,50.219009078023106,0.9,0.0,0.0,0.0,0.0,450.0,944.9,0.0,0.0,106.108,2.297,108.404,36.795,2.355,106.049,emon,0.565,0.397,145.0,67.3,2.155
2026-09-29 23:07:28.426,14.0,0,91,11;61;5;91;0;30;3;0;0;14;2;0;0;6;2;0,876,4725,4661;4372;4725;4666;1966;3089;3240;2869;2123;3014;3274;3315;936;1396;936;876,5.8,0.0,3227.0,0,0,0,0,0,0.0,0,0,0,0,0,0,0,0,0.0,0,0,0,0,0,0.0,0.0,0.0,0,0,0,55.1,11.95,8.61,0.39,29.06,21.3,63.4,98.75980534273036,3.5711093703741392,30.48373420565736,30.074148180657158,1.785489365123081,1157.578431372549,0.0,0.0,0.0,0.0,53.339516024452216,0.6,0.0,0.0,0.0,0.0,450.0,1486.6,0.0,0.0,106.108,2.297,108.404,36.795,2.355,106.049,emon,0.565,0.397,145.0,67.3,2.155
2026-09-29 23:07:29.426,19.1,0,83,22;46;14;83;3;36;14;11;0;28;18;12;0;15;3;0,1116,4708,4646;4376;4708;4677;3361;3052;3357;3378;3380;3035;3362;3384;1399;2664;2815;1116,5.8,0.0,3227.0,0,0,0,0,0,0.0,0,0,0,0,0,0,0,0,0.0,0,0,0,0,0,0.0,0.0,0.0,0,0,0,57.1,11.95,8.61,0.39,29.06,22.7,63.4,98.54967002100592,3.517670292444777,29.420437848807982,28.986352556803883,1.7695601310084055,1176.1812080536913,0.0,0.0,0.0,0.0,51.991988069859126,0.9,0.0,0.0,0.0,0.0,450.0,3402.2,0.0,0.0,2.963,1.648,4.61,47.396,3.033,1.577,emon,0.857,0.608,31.5,14.8,2.13
2026-09-29 23:07:30.427,12.5,0,44,9;36;10;44;5;30;11;6;0;12;7;8;3;5;13;0,1161,4628,4628;4293;4594;4399;3392;2807;3316;3369;3362;2760;3359;3366;1161;2673;2796;2050,5.5,0.0,4837.0,0,0,0,0,0,0.0,0,0,0,0,0,0,0,0,0.0,0,0,0,0,0,0.0,0.0,0.0,0,0,0,44.1,19.66,0.11,0.39,24.22,22.6,63.4,79.49576850030937,3.216344006414361,29.23816586066695,28.368672804432173,2.470506674248278,1180.3725490196077,0.0,0.0,0.0,0.0,52.339317918152496,0.6,0.0,0.0,0.0,0.0,450.0,4837.0,0.0,0.0,2.963,1.648,4.61,47.396,3.033,1.577,emon,0.857,0.608,31.5,14.8,2.13
2026-09-29 23:07:31.427,5.1,0,25,5;25;2;25;0;11;0;0;0;11;0;0;0;5;0;0,1074,4431,4431;3721;2718;3754;1250;1403;1495;1217;1195;1513;1175;1189;1169;1105;1074;1095,5.6,0.0,4844.5,0,0,0,0,0,0.0,0,0,0,0,0,0,0,0,0.0,0,0,0,0,0,0.0,0.0,0.0,0,0,0,39.1,19.66,0.11,0.39,24.22,22.6,63.4,76.1458549896876,2.878537913163503,30.03213060895602,28.856699818745255,2.5472715119994973,1180.7708333333333,0.0,0.0,0.0,0.0,51.22107617246608,1.0,0.3,0.0,0.0,0.0,450.0,4844.5,0.0,0.0,2.963,1.648,4.61,47.396,3.033,1.577,emon,0.857,0.608,31.5,14.8,2.13
2026-09-29 23:07:32.427,4.9,0,35,5;35;2;22;0;6;0;0;0;8;0;0;0;2;0;0,1065,4566,4566;3882;4070;3874;1450;1693;1248;1132;1667;1851;1469;1271;1148;1255;1065;1247,6.3,0.0,4844.5,0,0,0,0,0,0.0,0,0,0,0,0,0,0,0,0.0,0,0,0,0,0,0.0,0.0,0.0,0,0,0,39.1,19.66,0.11,0.39,24.22,22.6,63.4,98.7989286977082,3.260216060640483,29.87056761069838,29.15665758889297,2.614958265910712,1178.064039408867,0.0,0.0,0.0,0.0,54.03889604896454,0.7,0.0,0.0,0.0,0.0,450.0,4844.5,0.0,0.0,2.963,1.648,4.61,47.396,3.033,1.577,emon,0.857,0.608,31.5,14.8,2.13
2026-09-29 23:07:33.428,6.2,0,44,6;44;3;22;0;16;0;0;0;8;0;0;0;2;0;0,986,4416,4416;3908;3818;3851;1773;1756;1233;1622;2051;1930;1267;1998;986;1167;1095;1029,3.0,0.0,4844.5,0,0,0,0,0,0.0,0,0,0,0,0,0,0,0,0.0,0,0,0,0,0,0.0,0.0,0.0,0,0,0,38.1,19.66,0.11,0.39,24.22,22.6,63.4,98.6035078662937,3.22884063229049,29.575257357904466,28.92492107617653,2.4834819879398635,1179.7909604519773,0.0,0.0,0.0,0.0,52.86854257977615,0.8,0.0,0.0,0.0,0.0,450.0,4844.5,0.0,0.0,2.963,1.648,4.61,47.396,3.033,1.577,emon,0.857,0.608,31.5,14.8,2.13
2026-09-29 23:07:34.428,5.5,0,26,6;21;0;26;0;17;0;0;0;12;0;0;0;5;0;0,1090,3708,3168;3708;2813;3099;1805;1941;1795;2006;1580;1928;1421;1390;1144;1273;1090;1166,6.5,0.0,4844.5,0,0,0,0,0,0.0,0,0,0,0,0,0,0,0,0.0,0,0,0,0,0,0.0,0.0,0.0,0,0,0,37.1,5.77,0.12,0.34,9.03,22.6,63.4,98.65756711904068,3.237742621299119,30.053967757531773,29.392926205668534,2.563600252477768,1185.2573099415204,0.0,0.0,0.0,0.0,52.96933872745051,0.9,0.0,0.0,0.0,0.0,450.0,4844.5,0.0,0.0,2.963,1.648,4.61,47.396,3.033,1.577,emon,0.857,0.608,31.5,14.8,2.13
2026-09-29 23:07:35.429,9.7,0,61,14;61;3;33;0;20;3;0;0;11;2;0;0;8;0;0,785,4295,4295;4231;3953;3928;1840;2644;3094;2495;1552;2534;2787;2715;880;1313;819;785,21.5,0.0,4855.5,0,0,0,0,0,0.0,0,0,0,0,0,0,0,0,0.0,0,0,0,0,0,0.0,0.0,0.0,0,0,0,44.1,5.77,0.12,0.34,9.03,22.6,63.4,96.6830458748812,6.935649542601011,31.14708110117643,30.306450485741184,10.513932563126332,1699.0,0.0,0.0,32.929949761916866,0.0,40.51520588060719,0.7,0.0,0.0,0.0,0.0,450.0,4844.5,0.0,0.0,2.963,1.648,4.61,47.396,3.033,1.577,emon,0.857,0.608,31.5,14.8,2.13
2026-09-29 23:07:36.429,13.5,0,69,22;52;11;69;0;27;2;0;0;20;2;3;0;9;0;0,683,4299,4252;4082;4299;4200;2888;2584;2838;2588;3032;2710;2871;3044;683;1047;850;854,100.0,0.0,4855.5,0,0,0,0,0,0.0,0,0,0,0,0,0,0,0,0.0,0,0,0,0,0,0.0,0.0,0.0,0,0,0,45.1,5.77,0.12,0.34,9.03,22.6,63.4,97.62201104287443,9.32648097413014,37.57859075788794,36.51290420847463,18.512295465619335,1799.0,0.0,0.0,43.72701984464897,0.0,38.79903957948669,9.9,64.7,0.0,0.0,0.0,450.0,4855.5,0.0,0.0,2.963,1.648,4.61,47.396,3.033,1.577,emon,0.857,0.608,31.5,14.8,2.13
2026-09-29 23:07:37.429,8.2,0,59,5;32;2;59;0;11;0;2;0;18;0;0;0;3;0;0,891,4231,4231;3716;4158;4213;1691;2356;2412;2107;1520;2583;1779;1321;891;1008;926;935,28.9,0.0,4871.5,0,0,0,0,0,0.0,0,0,0,0,0,0,0,0,0.0,0,0,0,0,0,0.0,0.0,0.0,0,0,0,44.1,5.77,0.12,0.34,9.03,22.6,63.4,74.61453718563607,3.004261207294288,29.109021836900947,28.086037016854497,2.3297056006561037,1419.6896551724137,0.0,0.0,0.0,0.0,51.48934378860555,14.1,95.7,0.0,0.0,0.0,450.0,4871.5,0.0,0.0,2.963,1.648,4.61,47.396,3.033,1.577,emon,0.857,0.608,31.5,14.8,2.13
2026-09-29 23:07:38.430,4.6,0,31,2;19;0;31;0;7;4;0;0;8;3;0;0;0;0;0,1017,4064,3718;3464;4064;3883;1308;1628;1787;1310;1156;1521;1880;1200;1141;1130;1134;1017,3.8,0.0,4871.5,0,0,0,0,0,0.0,0,0,0,0,0,0,0,0,0.0,0,0,0,0,0,0.0,0.0,0.0,0,0,0,37.1,8.8,5.63,0.37,21.28,22.6,63.4,78.74277057786928,3.269527095295217,29.713736193023458,28.83428342499002,2.364813480263,1190.2408759124087,0.0,0.0,0.0,0.0,52.83288754343334,4.1,23.2,0.0,0.0,0.0,450.0,4871.5,0.0,0.0,2.963,1.648,4.61,47.396,3.033,1.577,emon,0.857,0.608,31.5,14.8,2.13
2026-09-29 23:07:39.430,4.3,0,33,20;0;0;33;0;0;6;2;0;0;6;0;0;0;2;0,1001,4195,3678;3934;4195;4082;1384;1397;1634;1671;1185;1222;1624;1363;1101;1001;1060;1054,3.8,0.0,4871.5,0,0,0,0,0,0.0,0,0,0,0,0,0,0,0,0.0,0,0,0,0,0,0.0,0.0,0.0,0,0,0,38.1,8.8,5.63,0.37,21.28,22.6,63.4,79.50848280781447,3.203527846862797,29.30613142312175,28.53854145786979,2.4445910294028117,1181.828282828283,0.0,0.0,0.0,0.0,52.78594077912846,0.7,0.0,0.0,0.0,0.0,450.0,4871.5,0.0,0.0,2.963,1.648,4.61,47.396,3.033,1.577,emon,0.857,0.608,31.5,14.8,2.13
2026-09-29 23:07:40.430,10.4,0,41,34;12;8;41;5;5;14;5;5;0;14;6;0;0;14;5,1827,4649,3868;4450;4649;4232;3332;3410;2607;3337;3374;3430;2591;3406;1827;2012;1864;2484,6.4,0.0,4871.5,0,0,0,0,0,0.0,0,0,0,0,0,0,0,0,0.0,0,0,0,0,0,0.0,0.0,0.0,0,0,0,44.1,8.8,5.63,0.37,21.28,22.6,63.4,98.65742550256117,3.096381938937208,28.106226626713323,27.61898705869351,2.000735830622154,1179.6603773584907,0.0,0.0,0.0,0.0,51.239766494001984,0.9,0.0,0.0,0.0,0.0,450.0,4871.5,0.0,0.0,2.963,1.648,4.61,47.396,3.033,1.577,emon,0.857,0.608,31.5,14.8,2.13
2026-09-29 23:07:41.430,4.9,0,34,26;2;0;34;0;0;10;0;0;0;5;0;0;0;2;2,1142,4200,3395;4200;3782;4128;1254;1823;1709;2578;1697;1718;1826;2074;1153;1142;1143;1172,5.9,0.0,4871.5,0,0,0,0,0,0.0,0,0,0,0,0,0,0,0,0.0,0,0,0,0,0,0.0,0.0,0.0,0,0,0,39.1,8.8,5.63,0.37,21.28,22.6,63.4,98.62079008498995,3.1899402075179735,29.50888984510214,28.906738398688855,2.5493123140686023,1180.4356435643565,0.0,0.0,0.0,0.0,52.33057282024091,0.7,0.0,0.0,0.0,0.0,450.0,4871.5,0.0,0.0,2.963,1.648,4.61,47.396,3.033,1.577,emon,0.857,0.608,31.5,14.8,2.13
2026-09-29 23:07:42.431,10.4,0,64,30;6;9;64;0;0;17;2;0;0;8;0;6;6;12;6,1379,4423,3931;4231;4407;4423;2099;2093;2646;2561;2046;1980;2353;2987;1656;1686;1379;1647,3.5,0.0,4871.5,0,0,0,0,0,0.0,0,0,0,0,0,0,0,0,0.0,0,0,0,0,0,0.0,0.0,0.0,0,0,0,48.1,6.7,0.14,0.34,10.0,27.6,63.4,87.75316014554765,4.2465556612221045,27.620249757060297,25.707207403318197,2.384234276074831,1617.5185185185185,0.0,0.0,11.187946488386606,13.859397358364529,46.56789654469857,0.8,0.0,0.0,0.0,0.0,450.0,4871.5,0.0,0.0,1.42,1.049,2.469,23.588,1.51,0.959,emon,0.894,0.706,28.5,13.4,2.122
2026-09-29 23:07:43.431,13.6,0,89,45;24;6;89;0;0;20;5;0;0;25;0;2;0;2;0,756,4316,3943;4211;4041;4316;2799;3284;2640;2651;2318;1677;2770;2528;756;1001;1237;1363,6.0,0.0,10580.5,0,0,0,0,0,0.0,0,0,0,0,0,0,0,0,0.0,0,0,0,0,0,0.0,0.0,0.0,0,0,0,45.1,6.7,0.14,0.34,10.0,28.3,63.4,100.00042806014825,17.832143845244612,25.876869490365532,32.92594434502107,1.7555851273360852,1799.0,0.0,0.0,42.13578080569704,0.0,42.14493571548783,6.3,29.8,0.0,0.0,0.0,450.0,10580.1,0.0,0.0,1.42,1.049,2.469,23.588,1.51,0.959,emon,0.894,0.706,28.5,13.4,2.122
2026-09-29 23:07:44.431,12.8,0,89,31;14;5;89;0;0;29;6;2;0;9;5;2;0;11;3,663,4234,3721;4005;4138;4234;2538;3134;2443;2931;3087;1533;2681;2741;1498;663;1298;1171,2.5,0.0,10580.5,0,0,0,0,0,0.0,0,0,0,0,0,0,0,0,0.0,0,0,0,0,0,0.0,0.0,0.0,0,0,0,42.1,6.7,0.14,0.34,10.0,28.3,63.4,99.99135392287681,14.795899637761465,29.531602324229745,31.488509272229788,2.1026677301763144,1822.152709359606,0.0,0.0,42.81636164919186,0.0,41.83244246701194,14.2,96.3,0.0,0.0,0.0,450.0,10580.5,0.0,0.0,1.42,1.049,2.469,23.588,1.51,0.959,emon,0.894,0.706,28.5,13.4,2.122
2026-09-29 23:07:45.432,11.1,0,88,29;18;9;88;0;0;15;0;0;0;12;0;0;0;5;0,568,4202,3728;4119;4039;4202;2611;2507;2358;2908;2317;1616;2693;2348;780;568;1030;980,3.7,0.0,10578.9,0,0,0,0,0,0.0,0,0,0,0,0,0,0,0,0.0,0,0,0,0,0,0.0,0.0,0.0,0,0,0,44.1,6.7,0.14,0.34,10.0,28.3,63.4,100.04435630317207,20.75390119762957,25.55419836387978,35.575586802384876,1.515006572440233,1849.0,0.0,0.0,44.776720232101624,0.0,41.853757994852714,14.2,95.5,0.0,0.0,0.0,450.0,10580.5,0.0,0.0,1.42,1.049,2.469,23.588,1.51,0.959,emon,0.894,0.706,28.5,13.4,2.122
2026-09-29 23:07:46.432,11.7,0,88,38;16;5;88;0;0;19;2;0;0;16;0;0;0;5;0,664,4306,3882;4042;4221;4306;2882;2499;2482;2737;3272;2031;2722;2375;664;788;1293;919,3.5,0.0,10576.4,0,0,0,0,0,0.0,0,0,0,0,0,0,0,0,0.0,0,0,0,0,0,0.0,0.0,0.0,0,0,0,44.1,10.13,18.8,0.39,34.04,28.3,63.4,99.99946398457521,15.296781371510217,29.574526493196135,32.326702086540756,2.1738024006582917,1844.7671957671957,0.0,0.0,42.520398499344346,0.0,42.2569667673386,14.2,96.5,0.0,0.0,0.0,450.0,10576.4,0.0,0.0,1.42,1.049,2.469,23.588,1.51,0.959,emon,0.894,0.706,28.5,13.4,2.122
2026-09-29 23:07:47.432,11.1,0,89,36;16;6;89;0;0;11;0;0;0;14;0;0;0;5;0,694,4257,3901;4192;3989;4257;2096;1656;2341;1999;1536;1537;2514;1608;698;757;1169;694,2.1,0.0,10576.4,0,0,0,0,0,0.0,0,0,0,0,0,0,0,0,0.0,0,0,0,0,0,0.0,0.0,0.0,0,0,0,45.1,10.13,18.8,0.39,34.04,28.3,63.4,99.99802329105401,17.66121352168749,26.676671382016355,32.81194711781148,1.802853350043619,1843.0251572327045,0.0,0.0,43.580043145575495,0.0,42.261322379678646,14.2,95.5,0.0,0.0,0.0,450.0,10576.4,0.0,0.0,1.42,1.049,2.469,23.588,1.51,0.959,emon,0.894,0.706,28.5,13.4,2.122
2026-09-29 23:07:48.433,14.8,2,91,35;23;11;91;2;3;22;9;6;2;15;5;3;5;3;3,1568,4281,3835;4110;4012;4281;3181;3275;2441;3106;3282;3289;2685;3163;2345;2592;1568;1778,3.7,0.0,10576.4,0,0,0,0,0,0.0,0,0,0,0,0,0,0,0,0.0,0,0,0,0,0,0.0,0.0,0.0,0,0,0,46.1,10.13,18.8,0.39,34.04,28.2,63.4,100.00081528824583,17.098955093688268,26.665584615856336,32.765707698216666,1.824206933796157,1849.0,0.0,0.0,41.7482855514452,0.0,43.280196206372246,14.2,96.6,0.0,0.0,0.0,450.0,10576.4,0.0,0.0,1.42,1.049,2.469,23.588,1.51,0.959,emon,0.894,0.706,28.5,13.4,2.122
2026-09-29 23:07:49.433,14.9,0,88,46;19;12;88;2;3;19;9;3;0;22;6;2;0;9;0,1307,4260,3899;4073;4130;4260;3112;3152;2610;2992;3246;2749;2856;3209;1668;1753;1645;1307,3.7,0.0,10576.4,0,0,0,0,0,0.0,0,0,0,0,0,0,0,0,0.0,0,0,0,0,0,0.0,0.0,0.0,0,0,0,43.1,10.13,18.8,0.39,34.04,28.2,63.4,100.0014225277093,19.89823499338223,27.752790457563975,35.20772672350941,2.185308715958362,1835.3387978142077,0.0,0.0,44.4481547571454,0.0,40.87397630398724,14.2,95.7,0.0,0.0,0.0,450.0,10576.4,0.0,0.0,1.42,1.049,2.469,23.588,1.51,0.959,emon,0.894,0.706,28.5,13.4,2.122
2026-09-29 23:07:50.433,11.8,0,96,33;11;6;96;0;0;22;3;0;0;14;0;0;0;5;0,730,4312,3891;4003;4062;4312;2630;3262;2716;3156;2541;2494;2713;2576;730;804;1096;740,3.0,0.0,10576.4,0,0,0,0,0,0.0,0,0,0,0,0,0,0,0,0.0,0,0,0,0,0,0.0,0.0,0.0,0,0,0,42.1,9.7,23.84,0.39,38.85,28.2,63.4,100.02587858835857,14.237207169331938,29.327596784189897,31.76594630594331,2.021786209432489,1819.8333333333333,0.0,0.0,41.868532950776476,0.0,42.11529696864109,14.2,96.3,0.0,0.0,0.0,450.0,10576.4,0.0,0.0,1.42,1.049,2.469,23.588,1.51,0.959,emon,0.894,0.706,28.5,13.4,2.122
2026-09-29 23:07:51.434,10.8,0,95,42;6;3;95;0;0;12;3;0;0;8;2;0;0;2;0,596,4365,3941;4158;4258;4365;1484;2291;2417;1922;1279;1636;2566;2102;730;596;893;894,3.6,0.0,10576.4,0,0,0,0,0,0.0,0,0,0,0,0,0,0,0,0.0,0,0,0,0,0,0.0,0.0,0.0,0,0,0,42.1,9.7,23.84,0.39,38.85,28.2,63.4,99.99801097899753,18.406887150271405,25.705393772757084,33.05851631281854,1.7073039103259258,1802.1331592689296,0.0,0.0,42.50730574541292,0.0,41.465786552400154,14.2,96.4,0.0,0.0,0.0,450.0,10576.4,0.0,0.0,1.42,1.049,2.469,23.588,1.51,0.959,emon,0.894,0.706,28.5,13.4,2.122
2026-09-29 23:07:52.434,10.5,0,83,31;11;0;83;0;0;19;2;0;0;16;0;0;0;5;2,611,4319,3812;4104;4034;4319;2844;2974;2628;2766;1818;1635;2684;2119;643;611;919;794,3.4,0.0,10576.4,0,0,0,0,0,0.0,0,0,0,0,0,0,0,0,0.0,0,0,0,0,0,0.0,0.0,0.0,0,0,0,41.1,9.7,23.84,0.39,38.85,28.2,63.4,100.00419519908392,17.967450016507165,26.54354566780489,32.98325880568716,1.9014308614707298,1799.0,0.0,0.0,43.219457640764375,0.0,42.98510404032026,14.2,95.6,0.0,0.0,0.0,450.0,10576.4,0.0,0.0,1.42,1.049,2.469,23.588,1.51,0.959,emon,0.894,0.706,28.5,13.4,2.122
2026-09-29 23:07:53.437,11.4,0,89,43;12;5;89;0;0;14;0;0;0;17;0;0;0;2;0,787,4252,3821;4167;4075;4252;1896;1347;2490;2483;2035;1196;2565;1725;787;981;925;983,1.8,0.0,10575.8,0,0,0,0,0,0.0,0,0,0,0,0,0,0,0,0.0,0,0,0,0,0,0.0,0.0,0.0,0,0,0,41.1,9.7,23.84,0.39,38.85,28.2,63.4,100.00018418710442,15.337903646778173,29.2996431706261,33.01777772805359,1.866249542251475,1799.0,0.0,0.0,42.474297709876225,0.0,41.978712473501034,14.2,96.4,0.0,0.0,0.0,450.0,10575.6,0.0,0.0,1.42,1.049,2.469,23.588,1.51,0.959,emon,0.894,0.706,28.5,13.4,2.122
2026-09-29 23:07:54.437,12.1,0,86,46;6;5;86;0;0;17;3;0;0;19;3;3;0;6;0,880,4231,3870;4050;4118;4231;1797;3110;2559;2458;2061;2508;2713;1714;1081;880;1054;918,3.8,0.0,10575.4,0,0,0,0,0,0.0,0,0,0,0,0,0,0,0,0.0,0,0,0,0,0,0.0,0.0,0.0,0,0,0,41.1,8.9,22.46,0.39,36.72,28.2,63.4,99.98917620718194,17.454470639558213,26.490308326967597,33.03179951005005,1.7587251499817154,1799.0,0.0,0.0,41.57470938475339,0.0,43.343926610142205,14.2,95.6,0.0,0.0,0.0,450.0,10575.4,0.0,0.0,19.056,6.178,25.234,30.542,1.955,23.279,emon,0.617,0.69,64.3,29.8,2.16
2026-09-29 23:07:55.437,12.3,0,88,46;12;6;88;0;0;20;3;0;0;16;2;0;0;3;0,666,4318,3798;4124;4139;4318;1902;2035;2733;2697;1975;2151;2718;2011;666;774;1111;787,3.3,0.0,10575.4,0,0,0,0,0,0.0,0,0,0,0,0,0,0,0,0.0,0,0,0,0,0,0.0,0.0,0.0,0,0,0,40.1,8.9,22.46,0.39,36.72,28.2,63.4,100.00489448715042,16.70873254021773,29.057657478929876,34.50476844625159,2.0931005263061038,1799.0,0.0,0.0,42.19716531240796,0.0,44.11723013116136,14.2,96.5,0.0,0.0,0.0,450.0,10575.4,0.0,0.0,19.056,6.178,25.234,30.542,1.955,23.279,emon,0.617,0.69,64.3,29.8,2.16
2026-09-29 23:07:56.438,11.7,0,89,38;11;2;89;0;0;19;3;0;0;20;0;0;0;5;0,727,4366,3790;4197;4106;4366;2423;2035;2624;2221;2263;2556;2853;2828;727;758;998;801,3.7,0.0,10575.4,0,0,0,0,0,0.0,0,0,0,0,0,0,0,0,0.0,0,0,0,0,0,0.0,0.0,0.0,0,0,0,41.1,8.9,22.46,0.39,36.72,28.2,63.4,99.99839030832484,18.012986426249796,26.15868314107259,33.226198761359505,1.728669453217847,1799.0,0.0,0.0,42.803523527054736,0.0,41.90579173319782,14.2,95.5,0.0,0.0,0.0,450.0,10575.4,0.0,0.0,19.056,6.178,25.234,30.542,1.955,23.279,emon,0.617,0.69,64.3,29.8,2.16
2026-09-29 23:07:57.438,13.3,0,83,42;16;9;83;0;0;23;2;3;0;14;0;8;0;9;4,1082,4308,3804;4089;4030;4308;2144;1877;2745;2543;1830;1377;2698;2445;1151;1082;1154;1090,3.4,0.0,10575.4,0,0,0,0,0,0.0,0,0,0,0,0,0,0,0,0.0,0,0,0,0,0,0.0,0.0,0.0,0,0,0,41.1,8.9,22.46,0.39,36.72,28.2,63.4,99.99925662747663,17.903939376670905,26.440583447467034,33.21333089222511,1.8149392049393585,1799.0,0.0,0.0,42.71693091861561,0.0,43.254102890683704,14.2,96.6,0.0,0.0,0.0,450.0,10575.4,0.0,0.0,19.056,6.178,25.234,30.542,1.955,23.279,emon,0.617,0.69,64.3,29.8,2.16
2026-09-29 23:07:58.438,11.1,0,88,28;12;6;88;0;0;17;2;2;0;21;0;0;0;2;0,847,4165,3846;4009;4162;4165;1437;1607;2486;2738;1796;1671;2593;1957;940;847;1090;1012,1.5,0.0,10575.4,0,0,0,0,0,0.0,0,0,0,0,0,0,0,0,0.0,0,0,0,0,0,0.0,0.0,0.0,0,0,0,42.1,8.65,22.77,0.39,36.57,28.2,63.4,100.00434340717636,18.58363764331389,27.32348254974061,33.6313666507741,1.7173676760293322,1799.0,0.0,0.0,43.20281474632385,0.0,39.7012325245309,14.2,95.5,0.0,0.0,0.0,450.0,10575.4,0.0,0.0,19.056,6.178,25.234,30.542,1.955,23.279,emon,0.617,0.69,64.3,29.8,2.16
2026-09-29 23:07:59.439,12.7,0,83,44;12;8;83;0;0;27;0;0;0;26;0;0;0;3;0,856,4331,3821;3981;4043;4331;2862;2219;2721;2983;1636;2626;2632;2339;886;856;1004;879,4.0,0.0,10575.4,0,0,0,0,0,0.0,0,0,0,0,0,0,0,0,0.0,0,0,0,0,0,0.0,0.0,0.0,0,0,0,43.1,8.65,22.77,0.39,36.57,28.2,63.4,100.00112117585682,17.67751778509645,26.260478794574738,33.24645423867873,1.9142446544225096,1799.2380952380952,0.0,0.0,42.320960588214945,0.0,43.764647221551336,14.2,96.5,0.0,0.0,0.0,450.0,10575.4,0.0,0.0,19.056,6.178,25.234,30.542,1.955,23.279,emon,0.617,0.69,64.3,29.8,2.16
2026-09-29 23:08:00.440,11.3,0,86,35;14;6;86;0;0;20;0;0;0;11;0;3;0;3;2,796,4235,3691;4014;4108;4235;2818;1571;2550;2504;1350;1200;2565;2785;850;796;1076;827,4.0,0.0,10575.4,0,0,0,0,0,0.0,0,0,0,0,0,0,0,0,0.0,0,0,0,0,0,0.0,0.0,0.0,0,0,0,41.1,8.65,22.77,0.39,36.57,28.2,63.4,99.99646270916026,18.75237063862013,25.802087174948827,34.049491106542526,1.6206295302610905,1799.6720430107528,0.0,0.0,42.12215715077247,0.0,42.398888903839115,14.2,95.9,0.0,0.0,0.0,450.0,10575.4,0.0,0.0,19.056,6.178,25.234,30.542,1.955,23.279,emon,0.617,0.69,64.3,29.8,2.16
2026-09-29 23:08:01.440,13.9,0,83,39;18;5;83;0;0;16;5;0;0;26;0;2;0;23;6,968,4293,3791;3957;4037;4293;2766;2210;2550;2632;2903;1841;2566;2797;1046;968;1637;1146,3.3,0.0,10575.4,0,0,0,0,0,0.0,0,0,0,0,0,0,0,0,0.0,0,0,0,0,0,0.0,0.0,0.0,0,0,0,42.1,8.65,22.77,0.39,36.57,28.3,63.4,100.02633255004883,17.109478847011925,26.371323804855347,32.05008868798613,1.7459953548037448,1802.125,0.0,0.0,41.71836855823989,0.0,44.29944483719874,14.2,96.1,0.0,0.0,0.0,450.0,10575.4,0.0,0.0,19.056,6.178,25.234,30.542,1.955,23.279,emon,0.617,0.69,64.3,29.8,2.16
2026-09-29 23:08:02.441,11.8,0,94,36;11;2;94;0;0;19;0;0;0;23;0;0;0;5;0,778,4351,3854;3834;4018;4351;1613;2866;2574;2620;2419;2865;2514;1578;778;879;1302;1195,2.6,0.0,10575.4,0,0,0,0,0,0.0,0,0,0,0,0,0,0,0,0.0,0,0,0,0,0,0.0,0.0,0.0,0,0,0,42.1,8.65,22.77,0.39,36.57,28.2,63.4,100.00768826802572,19.955720119923352,25.78645935157935,35.0704380551974,1.6722565852129871,1805.0416666666667,0.0,0.0,43.52322026444211,0.0,41.80448535586376,14.2,96.4,0.0,0.0,0.0,450.0,10575.4,0.0,0.0,19.056,6.178,25.234,30.542,1.955,23.279,emon,0.617,0.69,64.3,29.8,2.16
2026-09-29 23:08:03.441,11.8,0,81,38;14;6;81;0;0;18;3;0;0;22;0;0;0;5;0,544,4230,3781;4230;4142;4134;3071;2309;2690;2196;2051;2195;2827;3029;544;637;1271;990,3.5,0.0,10578.7,0,0,0,0,0,0.0,0,0,0,0,0,0,0,0,0.0,0,0,0,0,0,0.0,0.0,0.0,0,0,0,43.1,8.65,22.77,0.39,36.57,28.2,63.4,100.00270582128454,15.420247165835463,29.929867161580155,32.92417576753629,2.006298031633681,1815.2037037037037,0.0,0.0,42.7695549672601,0.0,43.05894518552512,14.2,95.5,0.0,0.0,0.0,450.0,10575.4,0.0,0.0,19.056,6.178,25.234,30.542,1.955,23.279,emon,0.617,0.69,64.3,29.8,2.16
2026-09-29 23:08:04.441,11.7,0,83,37;11;3;83;0;0;18;2;0;0;26;0;0;3;5;0,728,4290,3874;4212;4221;4290;2557;2307;2550;2654;2287;2080;2714;2247;789;912;1183;728,1.7,0.0,10575.4,0,0,0,0,0,0.0,0,0,0,0,0,0,0,0,0.0,0,0,0,0,0,0.0,0.0,0.0,0,0,0,42.1,8.65,22.77,0.39,36.57,28.2,63.4,99.98946322879276,18.39381598169739,26.544079308252076,33.68556894998293,1.8153670997998357,1819.1351351351352,0.0,0.0,43.15412014631391,0.0,42.923103993355,14.2,96.6,0.0,0.0,0.0,450.0,10575.4,0.0,0.0,19.056,6.178,25.234,30.542,1.955,23.279,emon,0.617,0.69,64.3,29.8,2.16
2026-09-29 23:08:05.442,12.3,0,84,40;8;3;84;0;0;12;2;0;0;27;0;2;0;8;11,721,4306,3785;4130;4081;4306;3015;2296;2649;2847;2745;2991;2683;2751;801;721;1141;1648,3.8,0.0,10575.4,0,0,0,0,0,0.0,0,0,0,0,0,0,0,0,0.0,0,0,0,0,0,0.0,0.0,0.0,0,0,0,42.1,8.65,22.77,0.39,36.57,28.2,63.4,99.99364912038878,18.592506652055338,25.824633741088913,33.626958623845525,1.7080184570807357,1799.6079027355622,0.0,0.0,43.345763368151324,0.0,42.48650462637018,14.2,95.5,0.0,0.0,0.0,450.0,10575.4,0.0,0.0,5.437,4.938,10.375,30.036,1.922,8.453,emon,0.768,0.555,98.4,45.6,2.16
2026-09-29 23:08:06.442,10.7,0,91,30;11;5;91;0;0;12;2;0;0;19;0;2;0;0;0,771,4361,3843;4214;4131;4361;2822;1451;2741;2581;1850;1605;2765;2143;808;771;929;887,3.1,0.0,10575.4,0,0,0,0,0,0.0,0,0,0,0,0,0,0,0,0.0,0,0,0,0,0,0.0,0.0,0.0,0,0,0,42.1,0.0,0.0,0.0,0.0,28.2,63.4,100.00318075757508,15.066014866989454,28.91864825094785,31.13170048220237,1.875414917155192,1803.8165137614678,0.0,0.0,42.411033468205616,0.0,42.210663419070315,14.2,96.7,0.0,0.0,0.0,450.0,10575.4,0.0,0.0,5.437,4.938,10.375,30.036,1.922,8.453,emon,0.768,0.555,98.4,45.6,2.16
2026-09-29 23:08:07.442,11.0,0,84,38;6;6;84;0;0;15;3;0;0;14;2;0;0;6;0,659,4255,3875;4040;4148;4255;1636;1475;2402;2243;3082;1977;2645;1762;878;659;1130;829,2.4,0.0,10575.4,0,0,0,0,0,0.0,0,0,0,0,0,0,0,0,0.0,0,0,0,0,0,0.0,0.0,0.0,0,0,0,42.1,0.0,0.0,0.0,0.0,28.2,63.4,100.00514605813775,19.81620483994407,25.061450055315476,34.303738435622584,1.622901588321417,1799.6198347107438,0.0,0.0,43.18740128238362,0.0,40.515607820320575,14.2,95.5,0.0,0.0,0.0,450.0,10575.4,0.0,0.0,5.437,4.938,10.375,30.036,1.922,8.453,emon,0.768,0.555,98.4,45.6,2.16
2026-09-29 23:08:08.442,11.7,0,84,31;24;5;84;0;0;9;3;0;0;24;3;0;0;2;2,635,4312,3912;4085;4234;4312;2336;1644;2464;2859;1806;1317;2804;2550;676;635;1011;751,3.5,0.0,10575.4,0,0,0,0,0,0.0,0,0,0,0,0,0,0,0,0.0,0,0,0,0,0,0.0,0.0,0.0,0,0,0,42.1,0.0,0.0,0.0,0.0,28.2,63.4,99.99085947672526,15.780095678284054,29.60991277354104,33.16801585242862,1.9493665404771967,1799.0,0.0,0.0,42.561114282533524,0.0,43.52471614260378,14.2,96.3,0.0,0.0,0.0,450.0,10575.4,0.0,0.0,5.437,4.938,10.375,30.036,1.922,8.453,emon,0.768,0.555,98.4,45.6,2.16
2026-09-29 23:08:09.443,12.6,0,91,17;36;3;91;2;0;6;19;0;0;0;18;2;2;0;6,709,4185,4140;3792;3944;4185;2303;1836;1270;2522;2493;2822;1552;2802;1110;1048;709;1150,2.0,0.0,10575.4,0,0,0,0,0,0.0,0,0,0,0,0,0,0,0,0.0,0,0,0,0,0,0.0,0.0,0.0,0,0,0,42.1,0.0,0.0,0.0,0.0,28.2,63.4,100.00862065190854,17.856135930963184,27.628154921661253,34.21535024228303,1.597715901022615,1799.0,0.0,0.0,44.08841433291951,0.0,42.38965824170767,14.2,96.1,0.0,0.0,0.0,450.0,10575.4,0.0,0.0,5.437,4.938,10.375,30.036,1.922,8.453,emon,0.768,0.555,98.4,45.6,2.16
2026-09-29 23:08:10.443,11.2,0,86,9;35;3;86;0;0;0;17;5;0;0;22;0;0;0;2,653,4312,4131;3884;4243;4312;2343;1735;1275;2682;1697;3004;1628;2595;781;829;653;1100,2.0,0.0,10575.4,0,0,0,0,0,0.0,0,0,0,0,0,0,0,0,0.0,0,0,0,0,0,0.0,0.0,0.0,0,0,0,41.1,8.96,22.37,0.39,36.74,28.2,63.4,99.98430482121825,18.3940893749851,26.474363200840454,34.00608922628349,1.7614112442297714,1799.0,0.0,0.0,43.175288877157264,0.0,43.48597202727267,14.2,95.9,0.0,0.0,0.0,450.0,10575.4,0.0,0.0,5.437,4.938,10.375,30.036,1.922,8.453,emon,0.768,0.555,98.4,45.6,2.16
2026-09-29 23:08:11.443,11.0,0,89,11;27;8;89;0;0;0;9;2;0;0;20;2;2;0;6,608,4184,4184;3624;4084;4178;2817;1306;1219;2529;2367;2109;1386;2504;935;917;608;1229,3.7,0.0,10575.4,0,0,0,0,0,0.0,0,0,0,0,0,0,0,0,0.0,0,0,0,0,0,0.0,0.0,0.0,0,0,0,41.1,8.96,22.37,0.39,36.74,28.2,63.4,99.98742783454156,19.20846481921692,26.75974616216075,35.24241391305001,1.9360084523753855,1799.0,0.0,0.0,44.940260077338486,0.0,42.079349175782454,14.2,96.6,0.0,0.0,0.0,450.0,10575.4,0.0,0.0,5.437,4.938,10.375,30.036,1.922,8.453,emon,0.768,0.555,98.4,45.6,2.16
2026-09-29 23:08:12.444,11.1,0,80,13;38;10;80;0;0;0;16;2;0;0;12;0;0;0;6,720,4215,4111;3807;4193;4215;2316;2530;1265;2731;2521;1619;1373;2663;1045;789;720;1112,3.2,0.0,10575.4,0,0,0,0,0,0.0,0,0,0,0,0,0,0,0,0.0,0,0,0,0,0,0.0,0.0,0.0,0,0,0,41.1,8.96,22.37,0.39,36.74,28.2,63.4,99.99887658505585,15.767250062729858,28.36008712028173,33.72903822327525,1.7588436422715252,1799.0,0.0,0.0,41.16875774348624,0.0,43.329883765296024,14.2,95.5,0.0,0.0,0.0,450.0,10575.4,0.0,0.0,5.437,4.938,10.375,30.036,1.922,8.453,emon,0.768,0.555,98.4,45.6,2.16
2026-09-29 23:08:13.444,12.5,0,86,8;50;8;86;0;0;0;18;2;0;0;20;2;0;0;8,685,4301,4101;3809;4301;4268;2780;1374;1254;2699;2344;1594;1520;2547;1403;835;685;1066,1.9,0.0,10575.4,0,0,0,0,0,0.0,0,0,0,0,0,0,0,0,0.0,0,0,0,0,0,0.0,0.0,0.0,0,0,0,41.1,8.64,22.72,0.39,36.53,28.2,63.4,100.00192926831814,18.72131025025843,26.109623401893852,33.90141045502894,1.7728843091687891,1799.0,0.0,0.0,43.97416250751875,0.0,42.419880945659756,14.2,96.7,0.0,0.0,0.0,450.0,10575.4,0.0,0.0,5.437,4.938,10.375,30.036,1.922,8.453,emon,0.768,0.555,98.4,45.6,2.16
2026-09-29 23:08:14.445,15.1,0,86,19;41;11;86;6;5;2;20;6;3;2;20;3;5;0;14,1680,4319,4060;3939;3996;4319;3136;3338;2692;2755;2946;3278;3315;2775;2290;2618;1984;1680,3.7,0.0,10575.4,0,0,0,0,0,0.0,0,0,0,0,0,0,0,0,0.0,0,0,0,0,0,0.0,0.0,0.0,0,0,0,45.1,8.64,22.72,0.39,36.53,28.2,63.4,99.98288305874529,17.754617660166257,27.246925063886707,32.70662857886976,1.909869182941655,1799.0,0.0,0.0,42.18413025856479,0.0,43.14264975222545,14.2,95.4,0.0,0.0,0.0,450.0,10575.4,0.0,0.0,5.437,4.938,10.375,30.036,1.922,8.453,emon,0.768,0.555,98.4,45.6,2.16
2026-09-29 23:08:15.445,12.0,0,91,17;36;5;91;0;0;0;21;0;2;0;12;0;2;0;8,725,4314,3946;3868;4070;4314;3105;2970;3141;2573;2365;2582;3054;2629;725;1144;859;1168,2.4,0.0,10575.4,0,0,0,0,0,0.0,0,0,0,0,0,0,0,0,0.0,0,0,0,0,0,0.0,0.0,0.0,0,0,0,41.1,8.64,22.72,0.39,36.53,28.2,63.4,100.00321312038783,14.221778729141691,28.840280781786106,31.29155524684155,1.8237640777751738,1799.0,0.0,0.0,41.54078865151231,0.0,42.27334961556754,14.2,96.6,0.0,0.0,0.0,450.0,10575.4,0.0,0.0,5.437,4.938,10.375,30.036,1.922,8.453,emon,0.768,0.555,98.4,45.6,2.16
2026-09-29 23:08:16.445,12.0,0,88,12;34;6;88;0;0;0;17;0;0;0;25;3;2;0;5,656,4365,3913;3783;4162;4365;2370;2241;1495;2335;1871;1364;1492;2635;808;656;818;1072,3.7,0.0,10575.4,0,0,0,0,0,0.0,0,0,0,0,0,0,0,0,0.0,0,0,0,0,0,0.0,0.0,0.0,0,0,0,43.1,8.64,22.72,0.39,36.53,28.2,63.4,100.00379729214572,17.791186584225784,26.953879446566244,32.861070017442636,1.7964539599426566,1809.2836879432625,0.0,0.0,42.270630421986624,0.0,42.77726498492111,14.2,95.4,0.0,0.0,0.0,450.0,10575.4,0.0,0.0,5.437,4.938,10.375,30.036,1.922,8.453,emon,0.768,0.555,98.4,45.6,2.16
2026-09-29 23:08:17.446,11.7,0,78,17;38;5;78;2;0;0;18;5;0;0;17;2;0;0;6,695,4314,4140;3922;4077;4314;1701;2498;2131;2476;2899;2483;1722;2782;794;695;843;1299,3.6,0.0,10578.7,0,0,0,0,0,0.0,0,0,0,0,0,0,0,0,0.0,0,0,0,0,0,0.0,0.0,0.0,0,0,0,43.1,9.69,22.51,0.39,37.76,28.2,63.4,99.99618934517476,15.830034218105343,29.353242215343673,32.923580094537144,2.0144544893966794,1799.995024875622,0.0,0.0,42.729854120012256,0.0,42.23989561885008,14.2,96.4,0.0,0.0,0.0,450.0,10575.4,0.0,0.0,13.901,5.976,19.877,46.474,2.974,16.903,emon,0.676,0.539,98.6,45.6,2.161
2026-09-29 23:08:18.446,11.2,0,92,11;42;9;92;0;0;0;9;0;0;0;9;0;0;0;6,782,4204,4062;3884;4204;4165;1629;1934;1735;2175;2746;1646;3208;2624;809;782;856;1269,1.6,0.0,10575.4,0,0,0,0,0,0.0,0,0,0,0,0,0,0,0,0.0,0,0,0,0,0,0.0,0.0,0.0,0,0,0,41.1,9.69,22.51,0.39,37.76,28.2,63.4,99.99713301346291,19.207557722470646,26.43299888627498,35.095316224743705,1.3095737736220736,1799.0,0.0,0.0,42.9646370912837,0.0,42.870038712624584,14.2,96.4,0.0,0.0,0.0,450.0,10575.4,0.0,0.0,13.901,5.976,19.877,46.474,2.974,16.903,emon,0.676,0.539,98.6,45.6,2.161
2026-09-29 23:08:19.447,12.1,0,88,12;37;6;88;0;0;0;23;3;0;0;17;3;0;0;5,816,4279,4145;3903;4124;4279;2657;3005;2047;2555;2987;2181;2121;2782;941;816;885;1028,3.6,0.0,10578.7,0,0,0,0,0,0.0,0,0,0,0,0,0,0,0,0.0,0,0,0,0,0,0.0,0.0,0.0,0,0,0,41.1,9.69,22.51,0.39,37.76,28.2,63.4,99.99941983345228,18.18398906574465,26.599018505597726,34.040996971115085,1.791361784220685,1801.051282051282,0.0,0.0,42.47217242045698,0.0,43.897094926264515,14.2,96.0,0.0,0.0,0.0,450.0,10575.4,0.0,0.0,13.901,5.976,19.877,46.474,2.974,16.903,emon,0.676,0.539,98.6,45.6,2.161
2026-09-29 23:08:20.447,11.1,0,92,9;30;3;92;0;0;0;11;0;0;0;20;3;0;0;9,786,4168,4040;3801;3978;4168;2790;2482;1843;2278;2431;2418;2026;2453;909;830;786;1011,3.6,0.0,10578.7,0,0,0,0,0,0.0,0,0,0,0,0,0,0,0,0.0,0,0,0,0,0,0.0,0.0,0.0,0,0,0,41.1,9.69,22.51,0.39,37.76,28.2,63.4,99.98329861289577,15.731380254147869,30.194619287942587,33.130768603138755,1.9567827270882971,1809.877192982456,0.0,0.0,42.31372828052477,0.0,41.16723567176168,14.2,96.6,0.0,0.0,0.0,450.0,10575.4,0.0,0.0,13.901,5.976,19.877,46.474,2.974,16.903,emon,0.676,0.539,98.6,45.6,2.161
2026-09-29 23:08:21.448,11.6,0,81,16;44;5;81;0;0;0;12;3;0;0;16;0;0;0;9,849,4302,4079;3780;3846;4302;2721;2597;1985;2481;2632;2492;2882;2692;849;1356;874;1686,3.2,0.0,10575.4,0,0,0,0,0,0.0,0,0,0,0,0,0,0,0,0.0,0,0,0,0,0,0.0,0.0,0.0,0,0,0,42.1,8.71,23.01,0.39,36.88,28.2,63.4,100.00008438251636,17.502932303779136,26.76518798702293,32.915164561838736,1.7444614475270672,1820.875,0.0,0.0,42.54166481832551,0.0,42.823064250026604,14.2,95.6,0.0,0.0,0.0,450.0,10575.4,0.0,0.0,13.901,5.976,19.877,46.474,2.974,16.903,emon,0.676,0.539,98.6,45.6,2.161
2026-09-29 23:08:22.448,11.3,0,84,9;52;5;84;2;0;0;11;0;0;0;11;0;0;2;6,770,4331,4024;3942;4193;4331;3130;2537;2298;2376;2652;1341;1829;2651;770;872;1113;1165,3.4,0.0,10575.4,0,0,0,0,0,0.0,0,0,0,0,0,0,0,0,0.0,0,0,0,0,0,0.0,0.0,0.0,0,0,0,42.1,8.71,23.01,0.39,36.88,28.1,63.4,99.99491141704803,18.92404624869294,26.239974033959367,33.90478498659077,1.6847995245740055,1825.9946808510638,0.0,0.0,44.06762547541702,0.0,42.47287665253223,14.2,96.5,0.0,0.0,0.0,450.0,10575.4,0.0,0.0,13.901,5.976,19.877,46.474,2.974,16.903,emon,0.676,0.539,98.6,45.6,2.161
2026-09-29 23:08:23.449,12.2,0,94,9;33;3;94;0;0;0;23;0;0;0;17;0;2;0;14,926,4102,3987;3825;4055;4102;2777;2725;2796;2576;2936;2977;2405;2574;926;1009;1032;1585,3.6,0.0,10575.4,0,0,0,0,0,0.0,0,0,0,0,0,0,0,0,0.0,0,0,0,0,0,0.0,0.0,0.0,0,0,0,42.1,8.71,23.01,0.39,36.88,28.1,63.4,100.0015309534227,16.99305747958722,26.747188376499377,32.45374587721968,1.7812924911217645,1804.7736720554271,0.0,0.0,41.07004149775472,0.0,42.82545837268237,14.2,95.3,0.0,0.0,0.0,450.0,10578.7,0.0,0.0,13.901,5.976,19.877,46.474,2.974,16.903,emon,0.676,0.539,98.6,45.6,2.161
2026-09-29 23:08:24.449,12.6,0,88,12;46;2;88;2;0;0;26;2;0;0;20;0;0;2;3,790,4296,3985;3828;4174;4296;2832;1798;3083;2434;2716;2755;1800;2608;790;826;1005;1420,1.7,0.0,10575.4,0,0,0,0,0,0.0,0,0,0,0,0,0,0,0,0.0,0,0,0,0,0,0.0,0.0,0.0,0,0,0,42.1,8.71,23.01,0.39,36.88,28.1,63.4,99.99876412192543,18.372591688394277,25.451073650475387,32.70921815201067,1.6287850372125952,1801.4725274725274,0.0,0.0,42.786182385268056,0.0,41.947806298891116,14.2,96.8,0.0,0.0,0.0,450.0,10575.4,0.0,0.0,13.901,5.976,19.877,46.474,2.974,16.903,emon,0.676,0.539,98.6,45.6,2.161
2026-09-29 23:08:25.450,13.3,0,92,3;50;5;92;2;0;0;26;5;2;2;19;2;0;0;6,794,4220,3951;3866;4090;4220;2528;2064;1779;2456;2943;1636;1644;2617;1015;1361;794;1045,3.7,0.0,10575.4,0,0,0,0,0,0.0,0,0,0,0,0,0,0,0,0.0,0,0,0,0,0,0.0,0.0,0.0,0,0,0,42.1,8.79,22.66,0.39,36.88,28.2,63.4,99.99897437574761,15.329055183954786,29.327851902354848,32.09117417472401,2.119255847583077,1804.622009569378,0.0,0.0,42.53029649790641,0.0,43.296876071120515,14.2,95.4,0.0,0.0,0.0,450.0,10575.4,0.0,0.0,13.901,5.976,19.877,46.474,2.974,16.903,emon,0.676,0.539,98.6,45.6,2.161
2026-09-29 23:08:26.450,12.2,0,78,17;40;12;78;0;0;0;19;2;0;0;22;0;0;0;5,743,4329,4060;3918;4138;4329;2472;2283;2255;2438;2295;3149;3153;2777;971;743;870;1088,3.3,0.0,10575.4,0,0,0,0,0,0.0,0,0,0,0,0,0,0,0,0.0,0,0,0,0,0,0.0,0.0,0.0,0,0,0,42.1,8.79,22.66,0.39,36.88,28.1,63.4,100.00105867994593,18.08035128218112,26.33410095788063,33.529554201963734,1.8527028916751658,1799.0,0.0,0.0,41.66994122459622,0.0,43.28344486018996,14.2,96.6,0.0,0.0,0.0,450.0,10575.4,0.0,0.0,13.901,5.976,19.877,46.474,2.974,16.903,emon,0.676,0.539,98.6,45.6,2.161
2026-09-29 23:08:27.450,11.5,0,86,17;42;6;86;0;0;0;14;0;0;0;17;0;0;0;2,804,4271,4248;3828;4126;4271;2286;1662;2330;2344;2264;1885;1344;2662;804;843;933;1009,2.9,0.0,10575.4,0,0,0,0,0,0.0,0,0,0,0,0,0,0,0,0.0,0,0,0,0,0,0.0,0.0,0.0,0,0,0,43.1,8.79,22.66,0.39,36.88,28.2,63.4,100.02461813354492,18.913038490474225,26.13956232881546,33.95470019698143,1.7799583771838807,1800.2,0.0,0.0,43.39188060356118,0.0,41.61881774721705,14.2,96.1,0.0,0.0,0.0,450.0,10575.4,0.0,0.0,13.901,5.976,19.877,46.474,2.974,16.903,emon,0.676,0.539,98.6,45.6,2.161
2026-09-29 23:08:28.451,11.6,0,83,20;37;5;83;2;0;0;19;0;0;0;16;2;0;0;3,935,4314,4134;3865;4149;4314;3050;2248;2707;2494;2622;2568;2002;2778;1219;935;1721;1022,3.4,0.0,10575.4,0,0,0,0,0,0.0,0,0,0,0,0,0,0,0,0.0,0,0,0,0,0,0.0,0.0,0.0,0,0,0,43.1,8.79,22.66,0.39,36.88,28.2,63.4,100.00191209266468,14.447052863294696,29.226957031441398,32.17862166426298,1.8585479818202129,1799.9280742459396,0.0,0.0,41.26661391224844,0.0,42.30487795116862,14.2,95.8,0.0,0.0,0.0,450.0,10575.4,0.0,0.0,13.901,5.976,19.877,46.474,2.974,16.903,emon,0.676,0.539,98.6,45.6,2.161
2026-09-29 23:08:29.451,11.9,0,95,12;38;3;95;0;2;0;16;0;2;0;16;0;0;0;6,750,4256,4145;3819;3828;4256;2770;1709;1209;2357;2245;1815;1394;2708;750;779;815;1129,1.7,0.0,10575.4,0,0,0,0,0,0.0,0,0,0,0,0,0,0,0,0.0,0,0,0,0,0,0.0,0.0,0.0,0,0,0,42.1,8.99,22.71,0.39,36.82,28.2,63.4,99.9983429599118,19.03409370793598,25.58954347612022,33.98116790048488,1.6593850246837927,1803.0584415584415,0.0,0.0,42.7313975431781,0.0,41.500127594394904,14.2,96.2,0.0,0.0,0.0,450.0,10575.4,0.0,0.0,19.095,6.321,25.416,30.226,1.934,23.482,emon,0.617,0.632,102.0,47.9,2.132
2026-09-29 23:08:30.455,10.5,0,86,19;30;6;86;0;0;0;12;0;0;0;9;0;0;0;6,643,4306,4185;3913;4141;4306;2699;2911;2924;2631;2788;2983;3010;2720;800;893;643;974,3.6,0.0,10575.4,0,0,0,0,0,0.0,0,0,0,0,0,0,0,0,0.0,0,0,0,0,0,0.0,0.0,0.0,0,0,0,42.1,8.99,22.71,0.39,36.82,28.3,63.4,99.99533016663378,15.502664627626425,29.67214367944566,32.42983030419216,2.05582622454747,1799.0,0.0,0.0,42.88369739693982,0.0,43.17565287763695,14.2,95.5,0.0,0.0,0.0,450.0,10575.4,0.0,0.0,19.095,6.321,25.416,30.226,1.934,23.482,emon,0.617,0.632,102.0,47.9,2.132
2026-09-29 23:08:31.455,12.2,0,91,16;34;2;91;0;0;0;20;0;0;0;19;2;0;0;12,649,4139,4015;3841;4127;4139;1937;2391;1432;2407;2581;1192;1553;2523;891;649;710;1126,3.6,0.0,10575.4,0,0,0,0,0,0.0,0,0,0,0,0,0,0,0,0.0,0,0,0,0,0,0.0,0.0,0.0,0,0,0,42.1,8.99,22.71,0.39,36.82,28.1,63.4,99.99465651576294,19.672896108418836,26.088950042767376,34.88384508445124,1.7927052045600294,1803.7085201793723,0.0,0.0,43.69640140491747,0.0,40.79582286750474,14.2,96.6,0.0,0.0,0.0,450.0,10575.4,0.0,0.0,19.095,6.321,25.416,30.226,1.934,23.482,emon,0.617,0.632,102.0,47.9,2.132
2026-09-29 23:08:32.455,11.8,0,92,14;38;3;92;3;0;0;22;0;0;0;9;2;0;0;6,705,4277,4096;3811;4094;4277;2462;2995;1563;2562;2617;1869;2266;2708;957;824;705;1133,3.5,0.0,10575.4,0,0,0,0,0,0.0,0,0,0,0,0,0,0,0,0.0,0,0,0,0,0,0.0,0.0,0.0,0,0,0,42.1,8.99,22.71,0.39,36.82,28.1,63.4,99.99335361480713,18.593918031454088,26.485393847823143,34.68446103453636,1.7058026263606734,1800.75,0.0,0.0,42.66060512746743,0.0,44.761968463597874,14.2,95.5,0.0,0.0,0.0,450.0,10575.4,0.0,0.0,19.095,6.321,25.416,30.226,1.934,23.482,emon,0.617,0.632,102.0,47.9,2.132
2026-09-29 23:08:33.456,14.5,0,81,23;54;11;81;2;0;0;23;5;2;0;14;0;5;0;12,821,4182,4058;3922;4079;4182;2985;2852;1851;2638;2637;2658;2450;2596;821;1176;1221;1235,2.4,0.0,10575.4,0,0,0,0,0,0.0,0,0,0,0,0,0,0,0,0.0,0,0,0,0,0,0.0,0.0,0.0,0,0,0,43.1,9.3,21.07,0.39,36.4,28.2,63.4,98.59945904019395,9.711292955725298,35.8836230042497,33.857418618933124,13.004212098561823,1799.0,0.0,0.0,42.05773986546989,0.0,39.8513260832702,14.2,96.4,0.0,0.0,0.0,450.0,10576.4,0.0,0.0,19.095,6.321,25.416,30.226,1.934,23.482,emon,0.617,0.632,102.0,47.9,2.132
2026-09-29 23:08:34.456,13.7,0,86,17;58;6;86;0;0;0;24;2;0;0;16;2;3;0;6,635,4271,3855;3982;3963;4271;2775;2953;2952;2677;2933;2815;2265;2740;737;1076;635;1067,100.0,0.0,10576.4,0,0,0,0,0,0.0,0,0,0,0,0,0,0,0,0.0,0,0,0,0,0,0.0,0.0,0.0,0,0,0,41.1,9.3,21.07,0.39,36.4,28.2,63.4,97.52476229775763,9.862935829614418,37.08730623593333,36.38246362369217,16.112327599225292,1799.0,0.0,0.0,42.007543339145364,0.0,39.329284487376576,14.0,94.5,0.0,0.0,0.0,450.0,10576.4,0.0,0.0,19.095,6.321,25.416,30.226,1.934,23.482,emon,0.617,0.632,102.0,47.9,2.132
2026-09-29 23:08:35.457,13.6,0,88,20;39;3;88;0;0;0;27;2;0;0;31;0;0;0;8,580,4298,4220;3920;4187;4298;2884;2428;1856;2641;2467;2917;2357;2922;768;691;580;1160,100.0,0.0,10576.4,0,0,0,0,0,0.0,0,0,0,0,0,0,0,0,0.0,0,0,0,0,0,0.0,0.0,0.0,0,0,0,42.1,9.3,21.07,0.39,36.4,28.2,63.4,98.13406375614372,9.705586186584991,36.17299776007463,36.01814236538904,16.11366154736449,1799.0,0.0,0.0,39.21139688221507,0.0,40.05033827094257,14.1,95.8,0.0,0.0,0.0,450.0,10576.4,0.0,0.0,19.095,6.321,25.416,30.226,1.934,23.482,emon,0.617,0.632,102.0,47.9,2.132
2026-09-29 23:08:36.457,13.2,0,88,9;38;6;88;3;2;0;23;2;2;2;18;0;0;0;18,683,4315,4087;3789;4076;4315;1968;2327;1643;2665;2802;2892;2035;2730;720;683;893;1361,100.0,0.0,10576.4,0,0,0,0,0,0.0,0,0,0,0,0,0,0,0,0.0,0,0,0,0,0,0.0,0.0,0.0,0,0,0,42.1,9.3,21.07,0.39,36.4,28.2,63.4,95.94720710131277,10.220056259218024,37.31359281767887,37.49640485092226,17.46892469938412,1799.0,0.0,0.0,42.02817271081026,0.0,37.845891188148244,14.1,95.5,0.0,0.0,0.0,450.0,10576.4,0.0,0.0,19.095,6.321,25.416,30.226,1.934,23.482,emon,0.617,0.632,102.0,47.9,2.132
2026-09-29 23:08:37.479,13.4,0,88,20;43;9;88;0;0;0;20;4;0;0;14;3;0;0;14,710,4257,4164;3877;4159;4257;2738;3209;2495;2780;2180;2794;2841;2727;1244;1316;710;1461,99.4,0.0,10576.4,0,0,0,0,0,0.0,0,0,0,0,0,0,0,0,0.0,0,0,0,0,0,0.0,0.0,0.0,0,0,0,42.1,11.27,12.22,0.4,34.05,28.3,63.4,97.69168106288444,9.036066887872975,35.06150755417056,33.35337192445267,14.16596403852781,1799.0,0.0,0.0,41.662698316458815,0.0,39.73539692723673,14.1,95.2,0.0,0.0,0.0,450.0,10576.4,0.0,0.0,19.095,6.321,25.416,30.226,1.934,23.482,emon,0.617,0.632,102.0,47.9,2.132
2026-09-29 23:08:38.480,12.6,0,89,8;38;6;89;6;0;2;22;5;0;0;18;3;0;0;5,671,4342,3980;3880;3959;4342;2318;2217;3120;2661;2701;1567;2051;2647;1459;832;671;1163,98.1,0.0,10576.4,0,0,0,0,0,0.0,0,0,0,0,0,0,0,0,0.0,0,0,0,0,0,0.0,0.0,0.0,0,0,0,44.1,11.27,12.22,0.4,34.05,28.2,63.4,96.25589858293533,11.221563396709305,39.02319162232535,39.09777107707092,18.90976148128809,1799.0,0.0,0.0,44.095855452917746,0.0,38.66362327107771,14.0,95.6,0.0,0.0,0.0,450.0,10576.4,0.0,0.0,19.095,6.321,25.416,30.226,1.934,23.482,emon,0.617,0.632,102.0,47.9,2.132
2026-09-29 23:08:39.481,13.4,0,86,52;17;3;86;23;0;0;0;16;3;0;0;11;0;3;0,971,4311,3882;4116;4166;4311;2828;2904;2206;2262;2669;2825;2330;2807;1257;971;1115;1178,100.0,0.0,10576.4,0,0,0,0,0,0.0,0,0,0,0,0,0,0,0,0.0,0,0,0,0,0,0.0,0.0,0.0,0,0,0,42.1,11.27,12.22,0.4,34.05,28.2,63.4,97.83949378210689,9.39129533274254,35.85390762542319,34.476121634625414,15.437413509101015,1799.0,0.0,0.0,41.53540781383279,0.0,39.08597377094095,14.0,94.6,0.0,0.0,0.0,450.0,10576.4,0.0,0.0,19.095,6.321,25.416,30.226,1.934,23.482,emon,0.617,0.632,102.0,47.9,2.132
2026-09-29 23:08:40.481,21.5,3,89,51;30;20;89;22;12;10;14;23;11;11;11;20;3;8;9,1766,4247,3903;3975;3902;4247;2931;3187;3257;3275;2940;2911;3251;3271;1845;2124;1766;2555,100.0,0.0,10576.4,0,0,0,0,0,0.0,0,0,0,0,0,0,0,0,0.0,0,0,0,0,0,0.0,0.0,0.0,0,0,0,45.1,11.27,12.22,0.4,34.05,28.2,63.4,97.0981179665546,9.729649467370947,37.31103119752845,36.58982043655551,17.8484921517182,1799.0,0.0,0.0,41.85848418201643,0.0,36.31595266143766,14.1,95.9,0.0,0.0,0.0,450.0,10576.4,0.0,0.0,19.095,6.321,25.416,30.226,1.934,23.482,emon,0.617,0.632,102.0,47.9,2.132
2026-09-29 23:08:41.481,12.6,0,78,38;22;8;78;17;2;0;0;16;3;0;2;16;0;0;0,556,4256,3904;4114;4144;4256;2748;1981;2289;3077;2812;2680;2652;2241;1209;1031;782;556,100.0,0.0,10576.4,0,0,0,0,0,0.0,0,0,0,0,0,0,0,0,0.0,0,0,0,0,0,0.0,0.0,0.0,0,0,0,42.1,11.8,12.2,0.39,34.59,28.2,63.4,98.10031071045819,9.507132258007632,36.53667818931972,35.66311163758092,16.344720994127325,1799.0,0.0,0.0,41.139664911671595,0.0,39.78815834110781,14.0,94.3,0.0,0.0,0.0,450.0,10576.4,0.0,0.0,106.328,2.101,108.428,36.491,2.335,106.093,emon,0.565,0.364,146.5,67.9,2.159
2026-09-29 23:08:42.481,12.1,0,88,37;17;3;88;22;0;0;0;19;0;0;0;5;0;0;3,822,4350,3941;4153;4174;4350;2654;1919;1594;1492;2524;2608;1926;1942;1068;905;822;1012,93.6,0.0,10576.4,0,0,0,0,0,0.0,0,0,0,0,0,0,0,0,0.0,0,0,0,0,0,0.0,0.0,0.0,0,0,0,42.1,11.8,12.2,0.39,34.59,28.2,63.4,98.23950012131493,10.100840608682038,37.44621660507925,37.08804257563906,17.03726666204235,1799.0,0.0,0.0,42.048236968311585,0.0,39.53276683339551,14.1,95.9,0.0,0.0,0.0,450.0,10576.4,0.0,0.0,106.328,2.101,108.428,36.491,2.335,106.093,emon,0.565,0.364,146.5,67.9,2.159
2026-09-29 23:08:43.482,12.6,0,89,41;20;3;89;20;0;0;0;14;8;2;0;5;0;0;0,859,4286,3929;4128;4063;4286;2783;2527;1566;1549;2765;3113;2860;1904;1175;919;971;859,98.9,0.0,10543.7,0,0,0,0,0,0.0,0,0,0,0,0,0,0,0,0.0,0,0,0,0,0,0.0,0.0,0.0,0,0,0,43.1,11.8,12.2,0.39,34.59,27.4,63.4,96.89153965338834,10.155711543071588,36.95888279835137,37.04993932793384,17.75409549206177,1799.0,0.0,0.0,41.38816390336014,0.0,38.19436010208644,14.1,94.9,0.0,0.0,0.0,450.0,9501.0,0.0,0.0,106.328,2.101,108.428,36.491,2.335,106.093,emon,0.565,0.364,146.5,67.9,2.159
2026-09-29 23:08:44.482,11.4,0,84,31;9;6;84;19;0;0;0;23;2;0;0;8;0;0;0,779,4275,3915;4145;4227;4275;2796;2871;2812;3384;2804;2640;1773;1954;1220;946;1598;779,100.0,0.0,9501.0,0,0,0,0,0,0.0,0,0,0,0,0,0,0,0,0.0,0,0,0,0,0,0.0,0.0,0.0,0,0,0,42.1,11.8,12.2,0.39,34.59,27.5,63.4,97.2399497213243,10.281215562190436,36.949803690367105,36.66886518452364,17.83384577057448,1799.0,0.0,0.0,42.6082967185265,0.0,37.73224826309977,14.1,96.1,0.0,0.0,0.0,450.0,9501.0,0.0,0.0,106.328,2.101,108.428,36.491,2.335,106.093,emon,0.565,0.364,146.5,67.9,2.159
2026-09-29 23:08:45.483,11.5,0,86,38;11;6;86;16;0;0;0;19;5;0;0;5;0;0;0,794,4310,3834;4136;3971;4310;2634;2535;2965;1757;2790;3017;1904;1179;1100;961;794;919,100.0,0.0,9501.0,0,0,0,0,0,0.0,0,0,0,0,0,0,0,0,0.0,0,0,0,0,0,0.0,0.0,0.0,0,0,0,42.1,11.46,12.18,0.39,34.17,27.4,63.4,98.22322961105698,9.440803448633217,36.03661822395763,34.39459028600276,15.736988045112096,1799.0,0.0,0.0,42.51998426979729,0.0,39.276025543825575,14.1,95.1,0.0,0.0,0.0,450.0,9501.0,0.0,0.0,106.328,2.101,108.428,36.491,2.335,106.093,emon,0.565,0.364,146.5,67.9,2.159
2026-09-29 23:08:46.483,12.6,0,89,39;12;5;89;20;0;0;0;20;0;0;2;12;2;0;0,806,4316,3897;4059;4167;4316;2797;2384;2961;1901;2850;2960;2154;1226;1203;975;954;806,100.0,0.0,9501.0,0,0,0,0,0,0.0,0,0,0,0,0,0,0,0,0.0,0,0,0,0,0,0.0,0.0,0.0,0,0,0,43.1,11.46,12.18,0.39,34.17,27.2,63.4,97.85108428037437,9.87633690433178,35.86422464469218,35.22481478326567,15.964456008877711,1799.0,0.0,0.0,42.02325097737266,0.0,38.717756009989316,14.0,95.4,0.0,0.0,0.0,450.0,9501.0,0.0,0.0,106.328,2.101,108.428,36.491,2.335,106.093,emon,0.565,0.364,146.5,67.9,2.159
2026-09-29 23:08:47.483,12.0,0,94,33;3;5;94;19;2;0;0;20;3;0;0;11;2;2;0,719,4333,3910;4167;4235;4333;2722;2694;2289;1790;2868;2796;2880;2885;1204;841;719;1015,93.0,0.0,9501.0,0,0,0,0,0,0.0,0,0,0,0,0,0,0,0,0.0,0,0,0,0,0,0.0,0.0,0.0,0,0,0,44.1,11.46,12.18,0.39,34.17,27.2,63.4,97.23423465938433,10.05807338127906,35.63597149808779,35.763259674244104,16.91804656420722,1799.0,0.0,0.0,43.12806709257866,0.0,36.936684353685266,14.1,95.7,0.0,0.0,0.0,450.0,9501.0,0.0,0.0,106.328,2.101,108.428,36.491,2.335,106.093,emon,0.565,0.364,146.5,67.9,2.159
2026-09-29 23:08:48.484,14.0,0,83,39;20;11;83;25;5;3;0;28;2;2;2;6;0;0;0,850,4268,3893;4132;4111;4268;2857;2920;2749;1423;2691;2939;1777;2750;1201;1196;850;1055,100.0,0.0,9501.0,0,0,0,0,0,0.0,0,0,0,0,0,0,0,0,0.0,0,0,0,0,0,0.0,0.0,0.0,0,0,0,44.1,11.46,12.18,0.39,34.17,27.2,63.4,97.85481329349125,10.286000479257043,37.71162165400693,36.90651780290053,16.901764289667437,1799.0,0.0,0.0,42.360823304428415,0.0,39.03581632155159,14.0,94.6,0.0,0.0,0.0,450.0,9501.0,0.0,0.0,106.328,2.101,108.428,36.491,2.335,106.093,emon,0.565,0.364,146.5,67.9,2.159
2026-09-29 23:08:49.484,11.8,0,86,34;11;5;86;22;2;0;0;16;3;0;0;11;0;0;0,740,4332,3900;4024;4142;4332;2790;2478;3307;1877;2812;2623;1772;3144;1269;871;740;824,95.0,0.0,9501.0,0,0,0,0,0,0.0,0,0,0,0,0,0,0,0,0.0,0,0,0,0,0,0.0,0.0,0.0,0,0,0,42.1,11.07,12.08,0.39,33.7,27.2,63.4,97.34106840594062,9.661757776514097,36.03724131708772,34.065989402765084,15.715701524169056,1799.0,0.0,0.0,42.28578233551876,0.0,37.9826617383463,14.1,95.9,0.0,0.0,0.0,450.0,9501.0,0.0,0.0,106.328,2.101,108.428,36.491,2.335,106.093,emon,0.565,0.364,146.5,67.9,2.159
2026-09-29 23:08:50.485,13.0,0,88,43;19;2;88;20;0;0;0;17;3;0;0;17;0;0;0,706,4318,3873;4177;4318;4295;2711;2491;1614;1719;2760;2819;2744;2542;1610;807;886;706,95.0,0.0,9501.0,0,0,0,0,0,0.0,0,0,0,0,0,0,0,0,0.0,0,0,0,0,0,0.0,0.0,0.0,0,0,0,42.1,11.07,12.08,0.39,33.7,27.2,63.4,97.83606064059329,9.65221236707789,36.90942513819084,35.34225521202496,15.772795362296737,1799.0,0.0,0.0,41.9155693942987,0.0,39.064927065872986,14.0,94.7,0.0,0.0,0.0,450.0,9501.0,0.0,0.0,106.328,2.101,108.428,36.491,2.335,106.093,emon,0.565,0.364,146.5,67.9,2.159
2026-09-29 23:08:51.506,13.0,0,80,44;6;8;80;30;3;0;0;21;3;0;0;11;3;0;0,855,4339,3942;4030;4121;4339;2573;2878;2419;2283;2741;3003;2233;3148;1128;855;1171;1312,100.0,0.0,9501.0,0,0,0,0,0,0.0,0,0,0,0,0,0,0,0,0.0,0,0,0,0,0,0.0,0.0,0.0,0,0,0,42.1,11.07,12.08,0.39,33.7,27.3,63.4,96.61764864789114,10.011283012333378,36.20286998545958,34.116466786841755,16.186415234448255,1799.0,0.0,0.0,42.92399590006809,0.0,37.22675075510743,14.1,95.6,0.0,0.0,0.0,450.0,9501.0,0.0,0.0,106.328,2.101,108.428,36.491,2.335,106.093,emon,0.565,0.364,146.5,67.9,2.159
2026-09-29 23:08:52.507,14.1,0,92,47;20;3;92;23;0;0;0;23;0;0;0;14;0;2;0,766,4269,3878;3919;4106;4269;2869;2963;3032;1551;2885;2760;2294;2219;1235;766;778;776,96.1,0.0,9501.0,0,0,0,0,0,0.0,0,0,0,0,0,0,0,0,0.0,0,0,0,0,0,0.0,0.0,0.0,0,0,0,42.1,11.07,12.08,0.39,33.7,27.2,63.4,98.36247929025383,8.916160013080635,35.12154067474564,33.31343697395977,14.366624811989077,1799.0,0.0,0.0,40.78955181007957,0.0,39.91845011940534,14.1,94.9,0.0,0.0,0.0,450.0,9501.0,0.0,0.0,106.358,1.641,107.999,28.535,1.826,106.173,emon,0.581,0.325,146.3,67.7,2.161
2026-09-29 23:08:53.507,12.7,0,78,38;16;9;78;22;3;0;2;20;6;0;2;8;0;0;0,688,4297,3885;4098;4231;4297;2789;2859;2236;2121;2821;2860;2283;1850;1416;884;817;688,99.0,0.0,9501.0,0,0,0,0,0,0.0,0,0,0,0,0,0,0,0,0.0,0,0,0,0,0,0.0,0.0,0.0,0,0,0,43.1,11.24,12.09,0.39,33.86,27.2,63.4,97.86116499630447,9.540920124983009,36.06253094030256,34.99462858365234,15.743284765950802,1799.0,0.0,0.0,41.97044053146695,0.0,37.8333932522121,14.1,95.9,0.0,0.0,0.0,450.0,9501.0,0.0,0.0,106.358,1.641,107.999,28.535,1.826,106.173,emon,0.581,0.325,146.3,67.7,2.161
2026-09-29 23:08:54.508,12.3,0,92,44;9;5;92;17;0;0;0;20;2;0;0;6;2;0;0,623,4248,3931;4046;4165;4248;2598;3008;2982;1970;2828;2949;3123;2475;1116;930;623;700,80.4,0.0,9501.0,0,0,0,0,0,0.0,0,0,0,0,0,0,0,0,0.0,0,0,0,0,0,0.0,0.0,0.0,0,0,0,43.1,11.24,12.09,0.39,33.86,27.2,63.4,97.33827784606221,9.427440736291778,36.20332788758401,35.30564617026249,15.19311089583124,1799.0,0.0,0.0,40.261480070361685,0.0,39.5710106701853,14.0,94.9,0.0,0.0,0.0,450.0,9501.0,0.0,0.0,106.358,1.641,107.999,28.535,1.826,106.173,emon,0.581,0.325,146.3,67.7,2.161
2026-09-29 23:08:55.508,14.8,0,86,54;14;9;86;28;2;0;0;27;0;0;0;15;0;2;0,793,4264,3898;4187;4010;4264;2650;2399;3245;2411;2778;3102;3042;2623;1297;993;848;793,100.0,0.0,9501.0,0,0,0,0,0,0.0,0,0,0,0,0,0,0,0,0.0,0,0,0,0,0,0.0,0.0,0.0,0,0,0,42.1,11.24,12.09,0.39,33.86,27.2,63.4,97.7520350807845,9.582518125823087,36.0478202503438,35.40929521333586,16.11957870735881,1799.0,0.0,0.0,41.350396143058504,0.0,39.32753048623997,14.0,95.4,0.0,0.0,0.0,450.0,9501.0,0.0,0.0,106.358,1.641,107.999,28.535,1.826,106.173,emon,0.581,0.325,146.3,67.7,2.161
2026-09-29 23:08:56.509,12.3,0,91,46;9;3;91;17;0;0;0;22;3;0;2;3;0;0;0,792,4315,3904;3997;4076;4315;2525;2781;1895;1909;2941;2646;2250;2924;1151;844;792;1005,94.2,0.0,9501.0,0,0,0,0,0,0.0,0,0,0,0,0,0,0,0,0.0,0,0,0,0,0,0.0,0.0,0.0,0,0,0,43.1,11.24,12.09,0.39,33.86,27.2,63.4,96.06403323771461,10.16297552635568,36.81617868064888,34.886261416185235,16.244006343922738,1799.0,0.0,0.0,43.85061094243752,0.0,36.5177188824243,14.0,95.3,0.0,0.0,0.0,450.0,9501.0,0.0,0.0,106.358,1.641,107.999,28.535,1.826,106.173,emon,0.581,0.325,146.3,67.7,2.161
2026-09-29 23:08:57.510,12.5,0,85,40;11;5;85;19;3;0;0;23;5;0;2;8;0;0;0,731,4309,3950;4106;4304;4309;2846;3255;2958;2951;2734;3109;3024;2942;1203;834;1669;731,92.6,0.0,9501.0,0,0,0,0,0,0.0,0,0,0,0,0,0,0,0,0.0,0,0,0,0,0,0.0,0.0,0.0,0,0,0,43.1,11.3,12.23,0.39,34.04,27.2,63.4,98.24618050604705,9.854775925047448,37.317980968187655,36.11014877925151,16.235629640393803,1799.0,0.0,0.0,41.757898517851686,0.0,41.0511318097344,14.1,95.1,0.0,0.0,0.0,450.0,9501.0,0.0,0.0,106.358,1.641,107.999,28.535,1.826,106.173,emon,0.581,0.325,146.3,67.7,2.161
2026-09-29 23:08:58.524,12.9,0,86,52;15;8;86;18;4;0;0;9;3;2;0;8;0;0;0,801,4311,3929;4197;4116;4311;2500;2432;3163;3209;2682;3183;2266;3305;1092;850;853;801,100.0,0.0,9501.0,0,0,0,0,0,0.0,0,0,0,0,0,0,0,0,0.0,0,0,0,0,0,0.0,0.0,0.0,0,0,0,44.1,11.3,12.23,0.39,34.04,27.3,63.4,96.90269811496287,9.702057564811762,37.05875115829168,35.431712161114184,15.607988650721722,1799.0,0.0,0.0,42.976576926877875,0.0,41.55371283166803,14.0,95.5,0.0,0.0,0.0,450.0,9501.0,0.0,0.0,106.358,1.641,107.999,28.535,1.826,106.173,emon,0.581,0.325,146.3,67.7,2.161
2026-09-29 23:08:59.524,12.6,0,91,35;14;6;91;25;2;0;0;16;3;0;0;11;0;0;0,854,4287,3885;4243;4066;4287;2826;2982;2065;2115;2824;3045;2349;2809;1202;913;854;925,99.8,0.0,9501.0,0,0,0,0,0,0.0,0,0,0,0,0,0,0,0,0.0,0,0,0,0,0,0.0,0.0,0.0,0,0,0,43.1,11.3,12.23,0.39,34.04,27.2,63.4,98.01624957929079,9.155741890606071,35.01452115462617,33.819321487973575,14.700372718608142,1799.0,0.0,0.0,40.315658704949506,0.0,39.5712207519372,14.0,94.9,0.0,0.0,0.0,450.0,9501.0,0.0,0.0,106.358,1.641,107.999,28.535,1.826,106.173,emon,0.581,0.325,146.3,67.7,2.161
2026-09-29 23:09:00.524,16.1,0,78,38;29;22;78;25;8;0;0;25;10;2;2;12;3;3;2,1081,4271,3864;3998;4017;4271;2604;2683;2615;3034;2530;2238;2486;2311;1275;1145;1197;1081,93.5,0.0,9501.0,0,0,0,0,0,0.0,0,0,0,0,0,0,0,0,0.0,0,0,0,0,0,0.0,0.0,0.0,0,0,0,42.1,11.3,12.23,0.39,34.04,27.2,63.4,95.9321227338579,10.243402916205744,37.13655897592887,37.103184767704235,16.848590628769344,1799.0,0.0,0.0,42.533706935738515,0.0,35.862749788007605,14.1,96.1,0.0,0.0,0.0,450.0,9501.0,0.0,0.0,106.358,1.641,107.999,28.535,1.826,106.173,emon,0.581,0.325,146.3,67.7,2.161
2026-09-29 23:09:01.525,13.9,0,91,32;20;10;91;17;3;2;0;22;8;0;0;11;2;3;3,1269,4243,3901;4052;3767;4243;2743;2526;3256;2930;2710;2507;3054;3010;1292;1269;1269;1321,93.5,0.0,9501.0,0,0,0,0,0,0.0,0,0,0,0,0,0,0,0,0.0,0,0,0,0,0,0.0,0.0,0.0,0,0,0,42.1,11.3,12.23,0.39,34.04,27.2,63.4,98.6469949956598,9.930144432460455,37.38209112091311,36.66804719613544,16.994460277136913,1799.0,0.0,0.0,41.16200222050498,0.0,39.87019260375131,14.1,95.1,0.0,0.0,0.0,450.0,9504.2,0.0,0.0,106.358,1.641,107.999,28.535,1.826,106.173,emon,0.581,0.325,146.3,67.7,2.161
2026-09-29 23:09:02.525,12.7,0,85,41;14;0;85;17;2;0;0;23;2;0;0;17;0;3;0,888,4325,3979;4058;4168;4325;2602;2549;2055;1637;2801;2912;2204;2024;1264;920;1278;888,92.9,0.0,9501.0,0,0,0,0,0,0.0,0,0,0,0,0,0,0,0,0.0,0,0,0,0,0,0.0,0.0,0.0,0,0,0,42.1,11.3,12.23,0.39,34.04,27.2,63.4,96.95820181375365,9.587203884483653,35.68952389609339,34.78555038284763,15.757704677609471,1799.0,0.0,0.0,40.03567079943332,0.0,38.341955087790296,14.1,95.7,0.0,0.0,0.0,450.0,9501.0,0.0,0.0,106.358,1.641,107.999,28.535,1.826,106.173,emon,0.581,0.325,146.3,67.7,2.161
2026-09-29 23:09:03.525,11.4,0,92,44;5;2;92;9;0;0;0;25;2;0;0;5;0;0;0,669,4323,3902;4202;4253;4323;2769;2879;1908;1547;2818;2960;2819;2946;1133;722;936;669,94.9,0.0,9504.2,0,0,0,0,0,0.0,0,0,0,0,0,0,0,0,0.0,0,0,0,0,0,0.0,0.0,0.0,0,0,0,42.1,11.3,12.23,0.39,34.04,27.2,63.4,97.74887840916412,10.451744678467888,36.66871870196227,36.0161975729044,16.323113804221837,1799.0,0.0,0.0,42.63335427146516,0.0,38.856021264451364,14.0,95.1,0.0,0.0,0.0,450.0,9501.0,0.0,0.0,106.358,1.641,107.999,28.535,1.826,106.173,emon,0.581,0.325,146.3,67.7,2.161
2026-09-29 23:09:04.526,13.5,0,85,44;17;3;85;22;0;2;0;19;3;0;0;20;0;2;0,811,4285,3836;3957;4048;4285;2784;3153;3266;1975;2835;2568;2448;2288;1547;811;1304;1376,83.1,0.0,9501.0,0,0,0,0,0,0.0,0,0,0,0,0,0,0,0,0.0,0,0,0,0,0,0.0,0.0,0.0,0,0,0,42.1,11.3,12.23,0.39,34.04,27.2,63.4,98.03120736679413,9.459272280881924,35.70711880703718,35.07257106830992,15.483690252122845,1799.0,0.0,0.0,40.06617111863664,0.0,40.09188743659017,14.1,95.6,0.0,0.0,0.0,450.0,9501.0,0.0,0.0,104.832,2.086,106.918,43.227,2.766,104.152,emon,0.564,0.407,146.1,68.6,2.129
2026-09-29 23:09:05.532,12.3,0,81,40;12;5;81;28;5;0;0;17;3;2;0;5;0;0;0,757,4338,3892;4153;4230;4338;2658;2285;1982;2582;2752;2803;2376;1786;1160;884;826;757,85.2,0.0,9501.0,0,0,0,0,0,0.0,0,0,0,0,0,0,0,0,0.0,0,0,0,0,0,0.0,0.0,0.0,0,0,0,42.1,0.0,0.0,0.0,0.0,27.3,63.4,98.02831784338399,9.583181014956002,37.03236502255493,35.49962583273777,15.712676974608828,1799.0,0.0,0.0,41.25315650191274,0.0,39.273167030148045,14.0,95.6,0.0,0.0,0.0,450.0,9501.0,0.0,0.0,104.832,2.086,106.918,43.227,2.766,104.152,emon,0.564,0.407,146.1,68.6,2.129
2026-09-29 23:09:06.532,13.4,0,83,41;11;5;83;25;2;0;0;25;2;0;0;20;2;0;0,726,4296,3930;4105;4240;4296;2812;2978;2456;3144;2763;2938;2472;2499;1527;1480;824;726,94.0,0.0,9501.0,0,0,0,0,0,0.0,0,0,0,0,0,0,0,0,0.0,0,0,0,0,0,0.0,0.0,0.0,0,0,0,42.1,0.0,0.0,0.0,0.0,27.2,63.4,97.23260876161969,10.226378644016004,36.59230588481354,36.02008367736997,16.97473074180279,1799.0,0.0,0.0,41.91850564206176,0.0,38.100172373609745,14.0,94.8,0.0,0.0,0.0,450.0,9501.0,0.0,0.0,104.832,2.086,106.918,43.227,2.766,104.152,emon,0.564,0.407,146.1,68.6,2.129
2026-09-29 23:09:07.533,12.1,0,91,36;15;6;91;15;2;0;0;14;3;0;0;11;0;0;0,715,4311,3871;4155;4031;4311;2605;1803;1850;1841;2770;2951;2732;1847;1090;768;715;776,100.0,0.0,9501.0,0,0,0,0,0,0.0,0,0,0,0,0,0,0,0,0.0,0,0,0,0,0,0.0,0.0,0.0,0,0,0,43.1,0.0,0.0,0.0,0.0,27.2,63.4,97.21505754698747,9.746162210491562,36.19627121784402,35.522354706231525,16.354724727623726,1799.0,0.0,0.0,41.09048775126411,0.0,38.1662922942332,14.0,95.3,0.0,0.0,0.0,450.0,9501.0,0.0,0.0,104.832,2.086,106.918,43.227,2.766,104.152,emon,0.564,0.407,146.1,68.6,2.129
2026-09-29 23:09:08.534,13.9,0,88,37;22;8;88;22;5;0;0;21;6;0;0;11;5;0;0,773,4273,3899;4071;4095;4273;2732;2753;3136;2349;2786;2704;3025;3100;1241;1139;1257;773,94.6,0.0,9501.0,0,0,0,0,0,0.0,0,0,0,0,0,0,0,0,0.0,0,0,0,0,0,0.0,0.0,0.0,0,0,0,44.1,0.0,0.0,0.0,0.0,27.2,63.4,97.93100618934194,9.906111402272991,37.72330525919829,36.38700002578494,15.9994392391258,1799.0,0.0,0.0,40.256440625175436,0.0,40.01784475811476,14.0,94.7,0.0,0.0,0.0,450.0,9501.0,0.0,0.0,104.832,2.086,106.918,43.227,2.766,104.152,emon,0.564,0.407,146.1,68.6,2.129
2026-09-29 23:09:09.534,12.5,0,85,11;35;6;85;3;20;0;0;0;22;2;0;0;16;2;0,766,4263,4166;3863;4094;4263;1315;2794;2685;2764;1854;2814;2242;2298;766;1248;1392;916,97.8,0.0,9501.0,0,0,0,0,0,0.0,0,0,0,0,0,0,0,0,0.0,0,0,0,0,0,0.0,0.0,0.0,0,0,0,43.1,11.32,12.25,0.39,34.09,27.2,63.4,96.08814885154847,11.000609016376398,36.50433446851469,36.762785438748615,17.629326383336803,1799.0,0.0,0.0,43.76132024324597,0.0,35.47691024930051,14.0,95.9,0.0,0.0,0.0,450.0,9501.0,0.0,0.0,104.832,2.086,106.918,43.227,2.766,104.152,emon,0.564,0.407,146.1,68.6,2.129
2026-09-29 23:09:10.535,13.2,0,89,16;42;5;89;2;22;0;0;0;17;2;0;0;14;3;0,791,4284,4126;3906;4183;4284;2375;2827;2253;1359;1407;2879;2738;2499;791;1609;1311;1193,97.8,0.0,9501.0,0,0,0,0,0,0.0,0,0,0,0,0,0,0,0,0.0,0,0,0,0,0,0.0,0.0,0.0,0,0,0,42.1,11.32,12.25,0.39,34.09,27.2,63.4,98.2118154965997,9.205531169155835,34.736320992355694,33.36633505509498,14.677593075229868,1799.0,0.0,0.0,40.39530460473884,0.0,39.27109446342986,14.1,94.8,0.0,0.0,0.0,450.0,9501.0,0.0,0.0,104.832,2.086,106.918,43.227,2.766,104.152,emon,0.564,0.407,146.1,68.6,2.129
2026-09-29 23:09:11.535,12.9,0,88,14;33;5;88;2;17;3;0;0;22;8;2;5;6;2;2,1009,4322,4044;3879;4165;4322;2763;2690;2988;1848;2429;2840;2684;2585;1083;1258;1093;1009,91.7,0.0,9501.0,0,0,0,0,0,0.0,0,0,0,0,0,0,0,0,0.0,0,0,0,0,0,0.0,0.0,0.0,0,0,0,42.1,11.32,12.25,0.39,34.09,27.2,63.4,98.01537895763622,10.013466372637717,36.206179469710435,36.006173509530356,16.696088742155254,1799.0,0.0,0.0,40.92244613402537,0.0,39.30879252001363,14.1,96.0,0.0,0.0,0.0,450.0,9501.0,0.0,0.0,104.832,2.086,106.918,43.227,2.766,104.152,emon,0.564,0.407,146.1,68.6,2.129
2026-09-29 23:09:12.560,13.2,0,92,17;36;4;92;0;23;0;0;0;23;2;2;0;12;2;0,787,4330,4029;3891;4146;4330;1645;2565;2568;1301;1767;2853;2895;1887;848;1356;829;787,100.0,0.0,9501.0,0,0,0,0,0,0.0,0,0,0,0,0,0,0,0,0.0,0,0,0,0,0,0.0,0.0,0.0,0,0,0,42.1,11.32,12.25,0.39,34.09,27.3,63.4,98.42844571019502,9.853857275766776,36.975399779364665,35.98404110238507,16.219733362733578,1799.0,0.0,0.0,41.92339739741261,0.0,39.00632098994567,14.1,95.5,0.0,0.0,0.0,450.0,9501.0,0.0,0.0,104.832,2.086,106.918,43.227,2.766,104.152,emon,0.564,0.407,146.1,68.6,2.129
2026-09-29 23:09:13.560,11.7,0,80,14;38;2;80;0;19;3;3;3;17;0;0;0;8;0;0,744,4330,4226;3910;4117;4330;1247;2714;2946;1271;1526;2727;3004;2093;744;1144;827;851,88.7,0.0,9501.0,0,0,0,0,0,0.0,0,0,0,0,0,0,0,0,0.0,0,0,0,0,0,0.0,0.0,0.0,0,0,0,42.1,11.21,12.31,0.39,34.08,27.2,63.4,97.56219710003246,9.721642382760448,37.05187253014777,35.44989675443239,15.764470040634148,1799.0,0.0,0.0,41.11959821836486,0.0,38.21194327340956,14.1,95.5,0.0,0.0,0.0,450.0,9501.0,0.0,0.0,104.832,2.086,106.918,43.227,2.766,104.152,emon,0.564,0.407,146.1,68.6,2.129
2026-09-29 23:09:14.560,5.6,0,48,5;14;2;48;0;6;0;0;0;11;2;0;3;0;0;0,925,4426,4304;3837;4426;4325;1377;2050;1538;1269;1321;1905;1961;1269;1088;1120;961;925,29.0,0.0,9501.0,0,0,0,0,0,0.0,0,0,0,0,0,0,0,0,0.0,0,0,0,0,0,0.0,0.0,0.0,0,0,0,42.1,11.21,12.31,0.39,34.08,27.2,63.4,81.23865971741853,3.1896976234296477,29.562974726712262,28.674282615038532,2.4702550355282087,1209.8796296296296,0.0,0.0,0.0,0.0,52.686550263763856,12.1,80.9,0.0,0.0,0.0,450.0,9501.0,0.0,0.0,104.832,2.086,106.918,43.227,2.766,104.152,emon,0.564,0.407,146.1,68.6,2.129
2026-09-29 23:09:15.560,5.4,0,38,0;29;0;38;0;6;0;0;0;11;0;0;0;2;0;0,998,4133,4088;3798;3700;4133;2496;1869;2745;1516;1541;1749;1370;2060;1044;1087;1050;998,5.3,0.0,9501.0,0,0,0,0,0,0.0,0,0,0,0,0,0,0,0,0.0,0,0,0,0,0,0.0,0.0,0.0,0,0,0,37.1,11.21,12.31,0.39,34.08,27.2,63.4,78.65102376382818,3.194233383894676,29.02609444042993,28.166521336508808,2.3387153142029615,1189.2116402116403,0.0,0.0,0.0,0.0,52.63295179940563,0.7,0.0,0.0,0.0,0.0,450.0,9501.0,0.0,0.0,104.334,1.719,106.053,28.566,1.828,104.225,emon,0.581,0.744,30.0,15.5,1.938
2026-09-29 23:09:16.561,4.0,0,38,2;12;2;38;0;5;0;0;0;5;0;0;0;0;0;0,1022,3997,3585;3561;3488;3997;1127;1572;1270;1181;1173;1599;1790;1344;1121;1056;1022;1040,6.2,0.0,9501.0,0,0,0,0,0,0.0,0,0,0,0,0,0,0,0,0.0,0,0,0,0,0,0.0,0.0,0.0,0,0,0,37.1,11.21,12.31,0.39,34.08,27.2,63.4,97.49302549443694,3.210069318819377,29.574074998880043,28.744252193559948,2.4293399895496597,1174.2136752136753,0.0,0.0,0.0,0.0,53.258984382272274,0.9,0.0,0.0,0.0,0.0,450.0,9501.0,0.0,0.0,104.334,1.719,106.053,28.566,1.828,104.225,emon,0.581,0.744,30.0,15.5,1.938
2026-09-29 23:09:17.561,4.5,0,33,5;19;0;33;0;8;0;0;0;6;0;0;0;2;0;0,961,4322,4322;3577;4034;4211;1239;1772;1259;1217;1339;1680;1440;1386;1076;965;993;961,6.0,0.0,9501.0,0,0,0,0,0,0.0,0,0,0,0,0,0,0,0,0.0,0,0,0,0,0,0.0,0.0,0.0,0,0,0,38.1,7.26,2.05,0.35,13.65,27.2,63.4,98.68626051403227,3.2834208943127168,29.653220568952108,29.077178022975012,2.5501762608066203,1193.7619047619048,0.0,0.0,0.0,0.0,53.2231712775571,0.8,0.0,0.0,0.0,0.0,450.0,9501.0,0.0,0.0,104.334,1.719,106.053,28.566,1.828,104.225,emon,0.581,0.744,30.0,15.5,1.938
2026-09-29 23:09:18.562,7.5,0,47,3;34;3;47;0;18;0;0;0;14;0;0;0;0;0;0,916,4247,4247;3617;3971;3774;1715;2058;2277;1719;1800;1892;2853;1425;952;1023;1014;916,3.4,0.0,9501.0,0,0,0,0,0,0.0,0,0,0,0,0,0,0,0,0.0,0,0,0,0,0,0.0,0.0,0.0,0,0,0,38.1,7.26,2.05,0.35,13.65,27.6,63.4,95.44049822733952,3.0319397476573404,29.89700225866758,29.002507478457233,2.6514470290561665,1219.7692307692307,0.0,0.0,0.0,9.23083478487455,52.592652486362766,0.9,0.0,0.0,0.0,0.0,450.0,9501.0,0.0,0.0,104.334,1.719,106.053,28.566,1.828,104.225,emon,0.581,0.744,30.0,15.5,1.938
2026-09-29 23:09:19.562,11.0,0,77,8;36;8;77;0;16;0;0;0;25;0;0;0;6;0;0,735,4283,3996;3807;4124;4283;1476;2613;2914;2126;1590;2658;2796;2415;735;1204;953;765,4.3,0.0,9585.1,0,0,0,0,0,0.0,0,0,0,0,0,0,0,0,0.0,0,0,0,0,0,0.0,0.0,0.0,0,0,0,42.1,7.26,2.05,0.35,13.65,27.6,63.4,100.00065775270815,16.936176630181123,26.38574810933184,32.65632011524091,2.030644267546719,1807.4490740740741,0.0,0.0,41.16695761763603,0.0,42.499476974981555,3.8,13.1,0.0,0.0,0.0,450.0,9585.1,0.0,0.0,104.334,1.719,106.053,28.566,1.828,104.225,emon,0.581,0.744,30.0,15.5,1.938
2026-09-29 23:09:20.562,11.7,0,91,8;39;2;91;0;19;0;0;0;15;2;0;0;11;2;0,738,4306,4166;3782;4067;4306;1841;2550;2582;1512;1743;2633;2774;2175;738;1141;913;832,3.0,0.0,9585.1,0,0,0,0,0,0.0,0,0,0,0,0,0,0,0,0.0,0,0,0,0,0,0.0,0.0,0.0,0,0,0,44.1,7.26,2.05,0.35,13.65,27.6,63.4,99.98108620372246,18.52780685664677,26.64592095749165,33.94449173531881,1.6381209802575762,1840.260162601626,0.0,0.0,43.27944714139401,0.0,41.52902072249859,14.2,95.0,0.0,0.0,0.0,450.0,9585.1,0.0,0.0,104.334,1.719,106.053,28.566,1.828,104.225,emon,0.581,0.744,30.0,15.5,1.938
2026-09-29 23:09:21.563,11.7,0,82,12;35;9;82;0;22;0;0;0;19;2;0;0;6;0;0,669,4321,4200;3826;4272;4321;3140;2556;3000;1616;2595;2671;2914;2432;669;1045;827;747,3.0,0.0,9585.1,0,0,0,0,0,0.0,0,0,0,0,0,0,0,0,0.0,0,0,0,0,0,0.0,0.0,0.0,0,0,0,43.1,7.89,13.48,0.37,25.66,27.6,63.4,99.99966766207459,16.938904938006576,27.363911535288835,33.32874519760544,1.7850936629380847,1849.0,0.0,0.0,41.93936471420761,0.0,43.93966103114055,14.2,96.6,0.0,0.0,0.0,450.0,9585.1,0.0,0.0,104.334,1.719,106.053,28.566,1.828,104.225,emon,0.581,0.744,30.0,15.5,1.938
2026-09-29 23:09:22.563,11.0,0,88,5;38;6;88;0;17;0;0;0;14;2;0;0;6;0;0,658,4360,4248;3902;4249;4360;1408;2500;1640;2215;1499;2378;2571;1406;760;1112;867;658,3.6,0.0,9585.1,0,0,0,0,0,0.0,0,0,0,0,0,0,0,0,0.0,0,0,0,0,0,0.0,0.0,0.0,0,0,0,45.1,7.89,13.48,0.37,25.66,27.6,63.4,100.03254109830522,19.356994019401746,25.981741493883224,34.80422816451746,1.6699269263760264,1849.0,0.0,0.0,42.67459482997031,0.0,43.49823818823446,14.2,96.0,0.0,0.0,0.0,450.0,9585.1,0.0,0.0,104.334,1.719,106.053,28.566,1.828,104.225,emon,0.581,0.744,30.0,15.5,1.938
2026-09-29 23:09:23.563,11.7,0,91,3;33;5;91;0;17;0;0;0;22;2;0;2;14;0;0,861,4254,4254;3834;4225;4240;3085;2595;2211;2064;1898;2572;2756;2112;941;1683;876;861,3.5,0.0,9585.1,0,0,0,0,0,0.0,0,0,0,0,0,0,0,0,0.0,0,0,0,0,0,0.0,0.0,0.0,0,0,0,45.1,7.89,13.48,0.37,25.66,27.6,63.4,99.98302383917196,16.458174891114137,26.53756320682509,32.702106989550025,1.8424815316301093,1849.0,0.0,0.0,40.575068621268116,0.0,43.42750379125783,14.2,96.1,0.0,0.0,0.0,450.0,9585.1,0.0,0.0,104.334,1.719,106.053,28.566,1.828,104.225,emon,0.581,0.744,30.0,15.5,1.938
2026-09-29 23:09:24.564,11.5,0,86,8;35;5;86;0;28;0;0;0;17;0;0;0;5;0;0,643,4314,3991;3864;4231;4314;2957;2569;2245;2444;1381;2718;2754;2623;709;1039;684;643,2.0,0.0,9585.1,0,0,0,0,0,0.0,0,0,0,0,0,0,0,0,0.0,0,0,0,0,0,0.0,0.0,0.0,0,0,0,45.1,7.89,13.48,0.37,25.66,27.6,63.4,100.00619455208455,17.112843480691744,26.575327978098304,32.33723080513023,1.7820595863285005,1849.0,0.0,0.0,42.06066061055199,0.0,41.54436235123798,14.2,96.2,0.0,0.0,0.0,450.0,9585.1,0.0,0.0,104.334,1.719,106.053,28.566,1.828,104.225,emon,0.581,0.744,30.0,15.5,1.938
2026-09-29 23:09:25.564,11.5,0,92,11;38;6;92;0;17;0;0;0;9;2;0;0;8;0;0,700,4170,3902;3807;4170;4127;1296;2626;2170;2625;1277;2669;2173;1995;700;1237;738;783,4.1,0.0,9585.1,0,0,0,0,0,0.0,0,0,0,0,0,0,0,0,0.0,0,0,0,0,0,0.0,0.0,0.0,0,0,0,44.1,8.91,24.72,0.39,38.82,27.3,63.4,99.99165390477036,19.888712217878084,26.03435123018372,35.631471252222084,1.667291938417462,1849.0,0.0,0.0,43.46989159928272,0.0,41.63858994333578,14.2,95.3,0.0,0.0,0.0,450.0,9585.1,0.0,0.0,104.334,1.719,106.053,28.566,1.828,104.225,emon,0.581,0.744,30.0,15.5,1.938
2026-09-29 23:09:26.565,11.2,0,82,8;43;8;82;0;20;2;0;0;14;2;0;0;2;0;0,707,4318,4156;3859;4162;4318;1428;2753;3052;2204;1312;2828;3087;3332;707;1242;987;760,3.4,0.0,9585.1,0,0,0,0,0,0.0,0,0,0,0,0,0,0,0,0.0,0,0,0,0,0,0.0,0.0,0.0,0,0,0,43.1,8.91,24.72,0.39,38.82,27.3,63.4,99.99980079988778,17.274634792228472,26.910529352290368,33.338807549509966,1.9067608371731182,1842.2400932400933,0.0,0.0,42.60615472288071,0.0,42.87814196977718,14.2,96.6,0.0,0.0,0.0,450.0,9585.1,0.0,0.0,104.334,1.719,106.053,28.566,1.828,104.225,emon,0.581,0.744,30.0,15.5,1.938
2026-09-29 23:09:27.565,11.6,0,88,8;41;6;88;0;22;6;0;0;12;0;0;0;2;0;0,654,4342,4060;3806;4263;4342;2195;2588;2715;1466;2608;2458;2693;2889;707;988;859;654,3.0,0.0,9585.1,0,0,0,0,0,0.0,0,0,0,0,0,0,0,0,0.0,0,0,0,0,0,0.0,0.0,0.0,0,0,0,43.1,8.91,24.72,0.39,38.82,27.3,63.4,100.00006768406634,20.412251179095314,25.573830086543378,35.224592547040864,1.7812510363229563,1831.128514056225,0.0,0.0,43.966691297935284,0.0,41.40887452727707,14.2,95.2,0.0,0.0,0.0,450.0,9585.1,0.0,0.0,104.334,1.719,106.053,28.566,1.828,104.225,emon,0.581,0.744,30.0,15.5,1.938
2026-09-29 23:09:28.565,12.5,0,84,22;43;3;84;0;22;0;0;0;14;3;0;0;9;0;0,950,4286,4086;3871;4121;4286;1847;2873;2450;2901;1549;2603;2593;2829;1807;1182;950;1055,100.0,0.0,9585.1,0,0,0,0,0,0.0,0,0,0,0,0,0,0,0,0.0,0,0,0,0,0,0.0,0.0,0.0,0,0,0,42.1,8.91,24.72,0.39,38.82,27.3,63.4,98.42864797359096,12.540280783005485,33.18107823184006,35.85266807162554,11.815303642372427,1803.1147132169576,0.0,0.0,42.09281895580607,0.0,40.335707705629154,14.2,96.7,0.0,0.0,0.0,450.0,9585.1,0.0,0.0,10.725,4.992,15.717,24.27,1.553,14.164,emon,0.603,0.641,107.2,50.3,2.131
2026-09-29 23:09:29.566,13.1,0,91,14;40;8;91;0;20;0;0;0;22;3;0;0;12;0;0,767,4335,4171;3857;4249;4335;2249;2700;2549;2537;1821;2653;2236;2555;767;1113;786;853,97.9,0.0,9585.0,0,0,0,0,0,0.0,0,0,0,0,0,0,0,0,0.0,0,0,0,0,0,0.0,0.0,0.0,0,0,0,42.1,9.29,21.6,0.39,37.17,27.3,63.4,96.25209256232255,10.57841309353592,36.75625730804571,36.67529389995524,15.99892342492102,1799.0,0.0,0.0,43.0943565916996,0.0,37.809734974599515,14.1,94.9,0.0,0.0,0.0,450.0,9585.0,0.0,0.0,10.725,4.992,15.717,24.27,1.553,14.164,emon,0.603,0.641,107.2,50.3,2.131
2026-09-29 23:09:30.566,14.4,0,83,14;52;8;83;0;23;6;0;0;22;5;3;3;11;2;0,617,4294,4018;3907;4093;4294;1553;2597;2773;1992;1997;2817;3076;2725;617;1242;866;755,100.0,0.0,9585.0,0,0,0,0,0,0.0,0,0,0,0,0,0,0,0,0.0,0,0,0,0,0,0.0,0.0,0.0,0,0,0,42.1,9.29,21.6,0.39,37.17,27.3,63.4,97.84583485403726,9.660263854108482,36.31988528298399,35.17885055512694,14.87075172519719,1799.0,0.0,0.0,41.22899964544356,0.0,39.14381812565502,14.1,95.8,0.0,0.0,0.0,450.0,9585.0,0.0,0.0,10.725,4.992,15.717,24.27,1.553,14.164,emon,0.603,0.641,107.2,50.3,2.131
2026-09-29 23:09:31.566,12.3,0,84,3;48;5;84;0;12;0;0;0;23;0;0;0;20;2;0,664,4307,3831;3754;3975;4307;2078;2490;2644;1939;2161;2582;2605;2205;664;1270;905;761,100.0,0.0,9585.0,0,0,0,0,0,0.0,0,0,0,0,0,0,0,0,0.0,0,0,0,0,0,0.0,0.0,0.0,0,0,0,39.1,9.29,21.6,0.39,37.17,27.3,63.4,97.7222145250503,9.774769075935646,36.2614372572069,35.33464090708405,15.766335206491002,1799.0,0.0,0.0,41.190158962854184,0.0,37.70121852137901,14.0,94.7,0.0,0.0,0.0,450.0,9585.0,0.0,0.0,10.725,4.992,15.717,24.27,1.553,14.164,emon,0.603,0.641,107.2,50.3,2.131
2026-09-29 23:09:32.567,13.0,0,88,14;47;5;88;0;20;0;0;0;25;0;0;0;9;0;0,683,4307,3958;3921;3728;4307;3059;2610;2938;2445;1382;2915;2917;1923;683;1177;824;846,79.0,0.0,9585.0,0,0,0,0,0,0.0,0,0,0,0,0,0,0,0,0.0,0,0,0,0,0,0.0,0.0,0.0,0,0,0,40.1,9.29,21.6,0.39,37.17,27.3,63.4,97.66113713649517,9.3565776687216,36.109550633900604,34.155650556157454,14.605023804998753,1799.0,0.0,0.0,42.209862702871575,0.0,39.69122705293954,14.1,95.4,0.0,0.0,0.0,450.0,9585.0,0.0,0.0,10.725,4.992,15.717,24.27,1.553,14.164,emon,0.603,0.641,107.2,50.3,2.131
2026-09-29 23:09:33.567,11.9,0,86,9;39;3;86;0;17;2;0;0;12;5;0;0;17;0;0,699,4276,4017;3878;4030;4276;2441;2625;2982;2737;2785;2869;3035;2169;699;1287;1214;854,91.4,0.0,9585.0,0,0,0,0,0,0.0,0,0,0,0,0,0,0,0,0.0,0,0,0,0,0,0.0,0.0,0.0,0,0,0,40.1,11.11,12.18,0.39,33.74,27.3,63.4,98.05792164140277,9.655168052646331,36.992173783619094,35.34940870889221,15.757668093299596,1799.0,0.0,0.0,42.11830000354342,0.0,39.302040455124036,14.0,95.2,0.0,0.0,0.0,450.0,9585.0,0.0,0.0,10.725,4.992,15.717,24.27,1.553,14.164,emon,0.603,0.641,107.2,50.3,2.131
2026-09-29 23:09:34.568,11.2,0,81,5;41;6;81;0;9;0;2;0;23;0;0;0;9;2;2,692,4327,4148;3946;4039;4327;2140;2393;1872;2645;1613;2838;2870;2534;692;1149;748;718,94.7,0.0,9585.0,0,0,0,0,0,0.0,0,0,0,0,0,0,0,0,0.0,0,0,0,0,0,0.0,0.0,0.0,0,0,0,41.1,11.11,12.18,0.39,33.74,27.3,63.4,97.06225632018402,10.64206927499006,37.751586408675216,37.36106495039553,17.984881902434434,1799.0,0.0,0.0,43.06620202316832,0.0,36.54600533261859,14.0,94.6,0.0,0.0,0.0,450.0,9585.0,0.0,0.0,10.725,4.992,15.717,24.27,1.553,14.164,emon,0.603,0.641,107.2,50.3,2.131
2026-09-29 23:09:35.568,13.5,0,89,9;43;6;89;0;32;2;0;0;17;5;0;0;12;0;0,734,4295,4107;3807;4171;4295;2333;2637;3254;2472;1745;2951;2848;2738;734;1280;920;825,100.0,0.0,9585.0,0,0,0,0,0,0.0,0,0,0,0,0,0,0,0,0.0,0,0,0,0,0,0.0,0.0,0.0,0,0,0,42.1,11.11,12.18,0.39,33.74,27.3,63.4,97.83285623913298,10.278183466735406,36.87924727016148,36.6017033616794,16.512710016856637,1799.0,0.0,0.0,42.219247872221636,0.0,38.702995076156725,14.1,95.9,0.0,0.0,0.0,450.0,9585.0,0.0,0.0,10.725,4.992,15.717,24.27,1.553,14.164,emon,0.603,0.641,107.2,50.3,2.131
2026-09-29 23:09:36.568,12.9,0,91,16;47;5;91;0;18;3;0;0;17;2;0;2;6;0;0,764,4310,4075;3973;4229;4310;2352;2634;2631;2062;1877;2630;2679;1954;879;965;829;764,99.9,0.0,9585.0,0,0,0,0,0,0.0,0,0,0,0,0,0,0,0,0.0,0,0,0,0,0,0.0,0.0,0.0,0,0,0,42.1,11.23,12.35,0.39,34.08,27.3,63.4,97.61689338684081,9.480397330429142,34.863063391497434,33.89324714360942,14.506164552640616,1799.0,0.0,0.0,41.6104607745277,0.0,39.04365892497057,14.0,94.7,0.0,0.0,0.0,450.0,9585.0,0.0,0.0,10.725,4.992,15.717,24.27,1.553,14.164,emon,0.603,0.641,107.2,50.3,2.131
2026-09-29 23:09:37.569,14.8,0,83,16;42;6;83;0;35;3;0;0;23;6;0;3;18;0;2,797,4298,4112;3968;4195;4298;1889;2808;2052;1941;1488;2735;2841;1579;797;1318;1004;927,84.4,0.0,9585.0,0,0,0,0,0,0.0,0,0,0,0,0,0,0,0,0.0,0,0,0,0,0,0.0,0.0,0.0,0,0,0,43.1,11.23,12.35,0.39,34.08,27.3,63.4,98.84032764388066,9.504279043577958,35.525567453975476,34.95441941198135,14.914205603706483,1799.0,0.0,0.0,40.64984045971034,0.0,40.56741233045466,14.1,96.1,0.0,0.0,0.0,450.0,9585.0,0.0,0.0,10.725,4.992,15.717,24.27,1.553,14.164,emon,0.603,0.641,107.2,50.3,2.131
2026-09-29 23:09:38.569,11.9,0,92,23;28;3;92;0;12;3;0;0;13;3;2;0;6;5;0,677,4358,4012;3960;4158;4358;1505;2443;2755;3081;1539;2693;2499;2702;677;1095;889;979,93.9,0.0,9534.0,0,0,0,0,0,0.0,0,0,0,0,0,0,0,0,0.0,0,0,0,0,0,0.0,0.0,0.0,0,0,0,43.1,11.23,12.35,0.39,34.08,27.3,63.4,95.68059486103809,9.638937250857689,34.592984601737946,33.063466058912006,14.7136275078038,1799.0,0.0,0.0,42.72611529834378,0.0,37.02661216302362,14.1,95.2,0.0,0.0,0.0,450.0,9566.0,0.0,0.0,10.725,4.992,15.717,24.27,1.553,14.164,emon,0.603,0.641,107.2,50.3,2.131
2026-09-29 23:09:39.570,13.1,0,85,38;12;6;85;0;0;26;0;2;0;27;2;0;0;9;3,841,4272,3919;4016;4154;4272;2759;2873;2832;2463;2480;2756;2849;2731;841;968;1147;1066,90.9,0.0,9530.7,0,0,0,0,0,0.0,0,0,0,0,0,0,0,0,0.0,0,0,0,0,0,0.0,0.0,0.0,0,0,0,44.1,11.23,12.35,0.39,34.08,27.3,63.4,97.5985828431098,9.415750144362695,34.68891467763172,33.94375471808835,14.522986478123629,1799.0,0.0,0.0,40.857105986424976,0.0,39.54276910547177,14.1,95.9,0.0,0.0,0.0,450.0,9534.0,0.0,0.0,10.725,4.992,15.717,24.27,1.553,14.164,emon,0.603,0.641,107.2,50.3,2.131
2026-09-29 23:09:40.570,14.3,0,89,36;29;6;89;0;0;25;2;0;0;28;0;0;0;14;0,752,4288,3853;4078;4153;4288;2612;1612;2838;3022;2412;2222;2862;2916;752;822;1339;839,90.9,0.0,9530.7,0,0,0,0,0,0.0,0,0,0,0,0,0,0,0,0.0,0,0,0,0,0,0.0,0.0,0.0,0,0,0,44.1,11.55,12.37,0.39,34.51,27.3,63.4,98.14602942986063,9.504668308460294,35.62096838291624,34.00619655905642,14.759538508077974,1799.0,0.0,0.0,41.80015368286032,0.0,38.86671393020344,14.0,94.8,0.0,0.0,0.0,450.0,9530.7,0.0,0.0,104.625,2.209,106.834,34.32,2.196,104.638,emon,0.568,0.464,146.1,68.5,2.133
2026-09-29 23:09:41.578,12.5,0,86,27;14;9;86;0;0;26;0;0;0;23;0;0;0;11;3,733,4293,3763;4109;4218;4293;2506;2633;2747;2615;2935;2092;2775;2670;733;814;1202;793,100.0,0.0,9530.7,0,0,0,0,0,0.0,0,0,0,0,0,0,0,0,0.0,0,0,0,0,0,0.0,0.0,0.0,0,0,0,42.1,11.55,12.37,0.39,34.51,27.5,63.4,98.32802770184536,9.229351522200101,34.65099800158949,33.34895690720455,14.287962937867597,1799.0,0.0,0.0,42.11150299616594,0.0,39.883628622819266,14.1,95.6,0.0,0.0,0.0,450.0,9530.7,0.0,0.0,104.625,2.209,106.834,34.32,2.196,104.638,emon,0.568,0.464,146.1,68.5,2.133
2026-09-29 23:09:42.579,11.9,0,94,34;13;5;94;0;0;19;0;2;0;12;0;4;0;6;2,691,4336,3944;4194;4161;4336;2007;2517;2717;2489;2936;3013;2740;2644;1041;691;1037;968,100.0,0.0,9530.7,0,0,0,0,0,0.0,0,0,0,0,0,0,0,0,0.0,0,0,0,0,0,0.0,0.0,0.0,0,0,0,42.1,11.55,12.37,0.39,34.51,27.3,63.4,97.51545639560648,9.996274692350871,36.51011733527053,35.0476203955812,16.186061318270855,1799.0,0.0,0.0,42.00644585758141,0.0,36.37539221078444,14.1,95.6,0.0,0.0,0.0,450.0,9530.7,0.0,0.0,104.625,2.209,106.834,34.32,2.196,104.638,emon,0.568,0.464,146.1,68.5,2.133
2026-09-29 23:09:43.579,11.8,0,91,37;20;3;91;0;0;9;3;0;0;11;2;2;0;11;2,850,4330,3854;4042;4152;4330;2705;1566;2729;2731;3086;1938;2776;3070;1050;850;1179;953,100.0,0.0,9530.7,0,0,0,0,0,0.0,0,0,0,0,0,0,0,0,0.0,0,0,0,0,0,0.0,0.0,0.0,0,0,0,42.1,11.55,12.37,0.39,34.51,27.3,63.4,98.34088475004249,10.119245477125407,36.952449919929336,36.29942636084188,16.650645827114104,1799.0,0.0,0.0,41.27188630634171,0.0,39.647703299720334,14.1,95.1,0.0,0.0,0.0,450.0,9530.7,0.0,0.0,104.625,2.209,106.834,34.32,2.196,104.638,emon,0.568,0.464,146.1,68.5,2.133
2026-09-29 23:09:44.580,12.6,0,84,48;12;6;84;0;0;16;3;0;0;16;3;0;0;11;2,719,4293,3936;4045;4047;4293;2898;2262;2831;2619;2384;2197;2730;3095;761;719;1086;1124,98.1,0.0,9530.7,0,0,0,0,0,0.0,0,0,0,0,0,0,0,0,0.0,0,0,0,0,0,0.0,0.0,0.0,0,0,0,42.1,11.34,12.36,0.39,34.33,27.3,63.4,98.1992787269536,9.516523248334805,36.21351976817465,33.93549724194804,15.431073181637752,1799.0,0.0,0.0,42.81216632732961,0.0,39.581110124920606,14.1,95.9,0.0,0.0,0.0,450.0,9530.7,0.0,0.0,104.625,2.209,106.834,34.32,2.196,104.638,emon,0.568,0.464,146.1,68.5,2.133
2026-09-29 23:09:45.580,13.6,0,90,29;12;6;90;0;0;25;5;2;0;30;2;0;0;16;2,520,4340,3865;4028;4175;4340;2647;2371;2716;2731;2904;3121;2726;2281;707;520;1267;806,99.5,0.0,9530.7,0,0,0,0,0,0.0,0,0,0,0,0,0,0,0,0.0,0,0,0,0,0,0.0,0.0,0.0,0,0,0,43.1,11.34,12.36,0.39,34.33,27.3,63.4,97.11654617449989,10.425202252049045,36.865413223307556,36.83128320722858,16.882248203784364,1799.0,0.0,0.0,43.12852422835197,0.0,38.458214975809554,14.0,94.7,0.0,0.0,0.0,450.0,9530.7,0.0,0.0,104.625,2.209,106.834,34.32,2.196,104.638,emon,0.568,0.464,146.1,68.5,2.133
2026-09-29 23:09:46.581,12.5,0,83,51;14;2;83;0;0;19;2;0;0;16;2;2;0;11;0,709,4284,3945;4203;4151;4284;2490;1904;2820;2911;1312;1919;2767;2615;1357;709;1243;817,100.0,0.0,9530.7,0,0,0,0,0,0.0,0,0,0,0,0,0,0,0,0.0,0,0,0,0,0,0.0,0.0,0.0,0,0,0,41.1,11.34,12.36,0.39,34.33,27.3,63.4,98.03273772538662,9.59503523432807,35.96285718350375,34.90774298271535,15.330898102281244,1799.0,0.0,0.0,39.817101503236465,0.0,38.18410545962182,14.1,95.7,0.0,0.0,0.0,450.0,9530.7,0.0,0.0,104.625,2.209,106.834,34.32,2.196,104.638,emon,0.568,0.464,146.1,68.5,2.133
2026-09-29 23:09:47.581,13.6,0,82,50;16;6;82;0;0;25;2;0;0;17;3;0;0;15;3,790,4279,3829;4071;4172;4279;2236;1951;2835;2889;2184;2810;2563;2102;1021;790;1225;835,97.7,0.0,9530.7,0,0,0,0,0,0.0,0,0,0,0,0,0,0,0,0.0,0,0,0,0,0,0.0,0.0,0.0,0,0,0,42.1,11.34,12.36,0.39,34.33,27.3,63.4,96.30508600920439,10.232124598689552,35.389481886755675,35.22029815975111,16.54661827291966,1799.0,0.0,0.0,42.78159788301855,0.0,36.34276722354329,14.1,94.9,0.0,0.0,0.0,450.0,9530.7,0.0,0.0,104.625,2.209,106.834,34.32,2.196,104.638,emon,0.568,0.464,146.1,68.5,2.133
2026-09-29 23:09:48.582,14.6,0,85,48;18;6;85;0;0;32;0;0;0;29;2;0;0;14;0,906,4250,3839;3978;3931;4250;2596;2885;2826;2927;2443;3307;2768;2831;979;1039;1151;906,100.0,0.0,9530.7,0,0,0,0,0,0.0,0,0,0,0,0,0,0,0,0.0,0,0,0,0,0,0.0,0.0,0.0,0,0,0,41.1,11.23,12.39,0.39,34.18,27.4,63.4,97.70679857713117,9.54881974270057,36.64349608920357,35.79381281870507,15.652909185577915,1799.0,0.0,0.0,40.9013730260481,0.0,39.13703952872872,14.1,95.8,0.0,0.0,0.0,450.0,9530.7,0.0,0.0,104.625,2.209,106.834,34.32,2.196,104.638,emon,0.568,0.464,146.1,68.5,2.133
2026-09-29 23:09:49.583,12.3,0,97,35;8;3;97;0;0;18;0;0;0;22;3;3;0;6;2,700,4282,3843;3907;4025;4282;2650;1595;2807;2889;2677;2414;2546;2913;700;895;1047;969,100.0,0.0,9530.7,0,0,0,0,0,0.0,0,0,0,0,0,0,0,0,0.0,0,0,0,0,0,0.0,0.0,0.0,0,0,0,43.1,11.23,12.39,0.39,34.18,27.3,63.4,97.28470011970452,10.314173388599189,36.650307319470144,36.67071327894698,16.586161215520022,1799.0,0.0,0.0,42.29726836299871,0.0,38.14671101041016,14.0,95.2,0.0,0.0,0.0,450.0,9530.7,0.0,0.0,104.625,2.209,106.834,34.32,2.196,104.638,emon,0.568,0.464,146.1,68.5,2.133
2026-09-29 23:09:50.583,13.7,0,91,46;14;3;91;0;0;23;0;0;0;26;2;2;0;9;3,735,4310,3915;4101;4082;4310;1920;2916;2826;2378;3227;3146;2923;3110;735;875;1111;960,100.0,0.0,9530.7,0,0,0,0,0,0.0,0,0,0,0,0,0,0,0,0.0,0,0,0,0,0,0.0,0.0,0.0,0,0,0,43.1,11.23,12.39,0.39,34.18,27.3,63.4,98.20944945876663,9.805140615152226,36.187757393664064,35.12276943796524,15.560237482896097,1799.0,0.0,0.0,41.435463116994036,0.0,39.8986057001157,14.0,95.2,0.0,0.0,0.0,450.0,9530.7,0.0,0.0,104.625,2.209,106.834,34.32,2.196,104.638,emon,0.568,0.464,146.1,68.5,2.133
2026-09-29 23:09:51.584,13.1,0,89,48;14;3;89;0;0;14;0;0;0;27;2;0;0;13;0,684,4245,3849;4142;4033;4245;1324;1738;2672;2768;2582;2097;2787;2981;684;886;1298;921,100.0,0.0,9530.7,0,0,0,0,0,0.0,0,0,0,0,0,0,0,0,0.0,0,0,0,0,0,0.0,0.0,0.0,0,0,0,41.1,11.23,12.39,0.39,34.18,27.3,63.4,98.30310565749211,10.229062843453416,36.660497749741396,36.17025328180683,16.505248022366164,1799.0,0.0,0.0,41.41101195507113,0.0,38.64320569311484,14.1,95.9,0.0,0.0,0.0,450.0,9530.7,0.0,0.0,104.625,2.209,106.834,34.32,2.196,104.638,emon,0.568,0.464,146.1,68.5,2.133
2026-09-29 23:09:52.584,13.3,0,84,54;13;3;84;0;0;20;0;0;0;25;0;0;0;14;0,703,4314,3924;4128;4163;4314;1846;1544;2683;2762;2321;1645;2852;2864;703;908;1085;829,100.0,0.0,9534.0,0,0,0,0,0,0.0,0,0,0,0,0,0,0,0,0.0,0,0,0,0,0,0.0,0.0,0.0,0,0,0,43.1,11.22,12.39,0.39,34.16,27.3,63.4,98.45331885383047,9.303522462540373,35.643644984923945,34.48895145091228,14.649551693925128,1799.0,0.0,0.0,42.02552793497533,0.0,39.22244749882806,14.0,94.7,0.0,0.0,0.0,450.0,9530.7,0.0,0.0,106.267,1.929,108.196,28.882,1.848,106.348,emon,0.574,0.426,145.7,68.2,2.135
2026-09-29 23:09:53.585,13.5,0,86,42;20;3;86;0;0;27;0;0;0;25;0;0;0;11;2,580,4307,3978;4201;4202;4307;1543;2608;2754;3044;2546;1267;2788;2287;702;580;1044;959,100.0,0.0,9530.7,0,0,0,0,0,0.0,0,0,0,0,0,0,0,0,0.0,0,0,0,0,0,0.0,0.0,0.0,0,0,0,43.1,11.22,12.39,0.39,34.16,27.3,63.4,98.48569674151284,9.899418181440394,36.178144874925515,36.06009019139622,16.274869636625745,1799.0,0.0,0.0,41.29788594855808,0.0,40.01755779672495,14.1,95.7,0.0,0.0,0.0,450.0,9530.7,0.0,0.0,106.267,1.929,108.196,28.882,1.848,106.348,emon,0.574,0.426,145.7,68.2,2.135
2026-09-29 23:09:54.585,11.9,0,88,34;20;3;88;0;0;19;2;0;0;20;2;0;0;3;0,853,4327,3885;4111;4312;4327;3086;1715;2786;3124;2548;1586;2622;2746;853;859;1131;957,100.0,0.0,9530.7,0,0,0,0,0,0.0,0,0,0,0,0,0,0,0,0.0,0,0,0,0,0,0.0,0.0,0.0,0,0,0,43.1,11.22,12.39,0.39,34.16,27.3,63.4,96.36467369203645,9.562166946183424,35.2754305936699,33.579256026649745,15.137361087052652,1799.0,0.0,0.0,42.134474630625654,0.0,36.58049018218159,14.0,94.7,0.0,0.0,0.0,450.0,9530.7,0.0,0.0,106.267,1.929,108.196,28.882,1.848,106.348,emon,0.574,0.426,145.7,68.2,2.135
2026-09-29 23:09:55.599,15.1,0,89,55;18;5;89;0;0;23;2;0;0;26;3;0;0;18;3,837,4260,3877;3934;4240;4260;2595;1985;2786;2842;1924;2948;2851;2629;837;862;1351;1209,100.0,0.0,9534.0,0,0,0,0,0,0.0,0,0,0,0,0,0,0,0,0.0,0,0,0,0,0,0.0,0.0,0.0,0,0,0,42.1,11.22,12.39,0.39,34.16,27.4,63.4,97.57101118447734,10.068852763732567,36.61836759841033,35.86966797519548,16.300496372103368,1802.063725490196,0.0,0.0,41.87883245548822,0.0,38.909468409121764,14.1,95.6,0.0,0.0,0.0,450.0,9530.7,0.0,0.0,106.267,1.929,108.196,28.882,1.848,106.348,emon,0.574,0.426,145.7,68.2,2.135
2026-09-29 23:09:56.599,11.2,0,89,30;8;9;89;0;0;20;0;0;0;18;0;0;0;5;0,798,4337,3846;4053;4114;4337;2383;2439;2818;2388;2648;2505;2815;2316;798;849;1384;847,100.0,0.0,9530.7,0,0,0,0,0,0.0,0,0,0,0,0,0,0,0,0.0,0,0,0,0,0,0.0,0.0,0.0,0,0,0,43.1,11.12,12.47,0.4,34.2,27.3,63.4,97.62472801628206,9.945304952999054,36.87826463033634,36.384207078640536,16.019116429211845,1799.0,0.0,0.0,41.277420816138104,0.0,39.78639863964805,14.1,94.8,0.0,0.0,0.0,450.0,9533.9,0.0,0.0,106.267,1.929,108.196,28.882,1.848,106.348,emon,0.574,0.426,145.7,68.2,2.135
2026-09-29 23:09:57.600,13.5,0,92,37;20;5;92;0;0;27;2;0;0;22;2;2;0;8;2,981,4336,3953;4059;4125;4336;3159;2223;2826;3000;2547;2667;2806;2630;1250;981;1249;1200,100.0,0.0,9530.7,0,0,0,0,0,0.0,0,0,0,0,0,0,0,0,0.0,0,0,0,0,0,0.0,0.0,0.0,0,0,0,44.1,11.12,12.47,0.4,34.2,27.3,63.4,98.25857938047241,9.419376402044211,35.73399103598265,34.42500349634765,15.369478058180524,1799.0,0.0,0.0,42.22104208846521,0.0,39.0838508287312,14.1,95.9,0.0,0.0,0.0,450.0,9530.7,0.0,0.0,106.267,1.929,108.196,28.882,1.848,106.348,emon,0.574,0.426,145.7,68.2,2.135
2026-09-29 23:09:58.600,11.8,0,83,39;22;5;83;0;0;20;0;0;0;17;0;0;0;3;0,687,4291,3911;4269;4187;4291;2545;3146;2747;2873;2811;2641;2739;2414;687;855;1031;918,100.0,0.0,9530.7,0,0,0,0,0,0.0,0,0,0,0,0,0,0,0,0.0,0,0,0,0,0,0.0,0.0,0.0,0,0,0,43.1,11.12,12.47,0.4,34.2,27.3,63.4,96.29349869110165,10.98480156626664,37.51485825210028,37.253422605522566,17.890636541353093,1799.0,0.0,0.0,43.27802292268535,0.0,37.089878174940736,14.1,95.0,0.0,0.0,0.0,450.0,9530.7,0.0,0.0,106.267,1.929,108.196,28.882,1.848,106.348,emon,0.574,0.426,145.7,68.2,2.135
2026-09-29 23:09:59.601,12.3,0,94,46;9;0;94;0;0;14;0;0;0;23;0;2;0;10;0,980,4305,3892;4204;4053;4305;2782;1399;2775;3026;2755;2523;2777;2892;1260;1319;1225;980,100.0,0.0,9530.7,0,0,0,0,0,0.0,0,0,0,0,0,0,0,0,0.0,0,0,0,0,0,0.0,0.0,0.0,0,0,0,42.1,11.12,12.47,0.4,34.2,27.3,63.4,97.69480589698342,10.173858606674818,37.57635825960075,36.59639618117143,16.79228126373553,1799.0,0.0,0.0,41.87304910844849,0.0,38.53985221128001,14.0,95.5,0.0,0.0,0.0,450.0,9530.7,0.0,0.0,106.267,1.929,108.196,28.882,1.848,106.348,emon,0.574,0.426,145.7,68.2,2.135
2026-09-29 23:10:00.601,14.6,0,81,42;21;8;81;0;0;25;0;2;0;30;3;3;0;14;6,855,4260,3774;4025;3769;4260;2353;2611;2686;2876;3094;1675;2687;2398;1042;855;1113;1042,100.0,0.0,9530.7,0,0,0,0,0,0.0,0,0,0,0,0,0,0,0,0.0,0,0,0,0,0,0.0,0.0,0.0,0,0,0,42.1,11.3,12.33,0.39,34.18,27.3,63.4,98.3413513637976,10.011665903527156,36.35626482104991,35.76603531635204,15.755158725209467,1799.0,0.0,0.0,40.668779219553606,0.0,38.67319257560504,14.0,95.7,0.0,0.0,0.0,450.0,9530.7,0.0,0.0,106.267,1.929,108.196,28.882,1.848,106.348,emon,0.574,0.426,145.7,68.2,2.135
2026-09-29 23:10:01.602,13.5,0,85,33;23;2;85;0;0;27;0;0;0;32;0;2;0;10;3,727,4309,3888;4058;4114;4309;2311;2223;2687;2507;2945;1959;2841;2857;1039;727;1140;1211,100.0,0.0,9530.7,0,0,0,0,0,0.0,0,0,0,0,0,0,0,0,0.0,0,0,0,0,0,0.0,0.0,0.0,0,0,0,42.1,11.3,12.33,0.39,34.18,27.3,63.4,98.10605489551475,9.430028661560062,36.24088542860582,34.64418175324388,15.416013742119679,1799.0,0.0,0.0,42.416787052165006,0.0,39.664228430190576,14.1,95.1,0.0,0.0,0.0,450.0,9530.7,0.0,0.0,106.267,1.929,108.196,28.882,1.848,106.348,emon,0.574,0.426,145.7,68.2,2.135
2026-09-29 23:10:02.602,12.4,0,84,42;19;3;84;0;0;22;0;0;0;12;0;3;0;11;2,924,4323,3931;4143;4102;4323;2858;2417;2645;2827;2084;2197;2608;2877;1002;1382;1279;924,92.7,0.0,9530.7,0,0,0,0,0,0.0,0,0,0,0,0,0,0,0,0.0,0,0,0,0,0,0.0,0.0,0.0,0,0,0,42.1,11.3,12.33,0.39,34.18,27.4,63.4,97.72491475291874,9.730580374355972,35.29949675295232,32.88166686650906,14.43904068127892,1799.0,0.0,0.0,42.607183546863794,0.0,37.748373534274904,14.1,95.8,0.0,0.0,0.0,450.0,9530.7,0.0,0.0,106.267,1.929,108.196,28.882,1.848,106.348,emon,0.574,0.426,145.7,68.2,2.135
2026-09-29 23:10:03.603,13.6,0,88,43;16;9;88;0;0;22;2;2;0;22;3;0;0;12;0,651,4291,3929;4053;4042;4291;2096;1632;2636;3136;2687;1505;2656;2407;651;809;1075;795,100.0,0.0,9530.7,0,0,0,0,0,0.0,0,0,0,0,0,0,0,0,0.0,0,0,0,0,0,0.0,0.0,0.0,0,0,0,43.1,11.3,12.33,0.39,34.18,27.3,63.4,97.14755028830635,9.50643466114571,35.9597725067536,35.58096707176831,15.483286715330065,1799.0,0.0,0.0,40.85285615999562,0.0,39.986391239490864,14.0,94.5,0.0,0.0,0.0,450.0,9534.0,0.0,0.0,107.089,1.846,108.935,32.246,2.064,106.871,emon,0.576,0.378,145.6,68.3,2.131
2026-09-29 23:10:04.603,13.7,0,88,45;17;14;88;0;0;20;0;0;0;20;0;2;0;14;0,768,4303,3984;4203;4146;4303;3100;2694;2631;3012;2437;2383;2769;2431;839;768;1240;980,97.5,0.0,9530.7,0,0,0,0,0,0.0,0,0,0,0,0,0,0,0,0.0,0,0,0,0,0,0.0,0.0,0.0,0,0,0,42.1,11.5,12.52,0.39,34.57,27.3,63.4,96.82935375958971,10.03313842845077,37.12807684037292,36.54325496322177,16.518260453603254,1799.0,0.0,0.0,42.19132034696223,0.0,38.53060065553923,14.1,95.8,0.0,0.0,0.0,450.0,9530.7,0.0,0.0,107.089,1.846,108.935,32.246,2.064,106.871,emon,0.576,0.378,145.6,68.3,2.131
2026-09-29 23:10:05.603,12.7,0,94,43;12;3;94;0;0;22;0;0;0;11;3;2;0;14;0,1048,4316,3997;4079;4181;4316;3137;1775;2933;3086;3148;2771;2686;2832;1048;1146;1118;1134,100.0,0.0,9530.7,0,0,0,0,0,0.0,0,0,0,0,0,0,0,0,0.0,0,0,0,0,0,0.0,0.0,0.0,0,0,0,42.1,11.5,12.52,0.39,34.57,27.3,63.4,97.2462450534622,9.695661688328457,35.73873429254473,35.0116357035838,15.740486073320142,1799.0,0.0,0.0,42.11023462757824,0.0,37.98782232680027,14.0,94.7,0.0,0.0,0.0,450.0,9530.7,0.0,0.0,107.089,1.846,108.935,32.246,2.064,106.871,emon,0.576,0.378,145.6,68.3,2.131
2026-09-29 23:10:06.604,11.6,0,86,42;8;8;86;0;0;23;0;0;0;11;2;0;0;6;0,713,4319,3949;4070;4260;4319;2103;2092;2781;2855;2826;1910;2814;2863;717;731;1100;713,100.0,0.0,9530.7,0,0,0,0,0,0.0,0,0,0,0,0,0,0,0,0.0,0,0,0,0,0,0.0,0.0,0.0,0,0,0,42.1,11.5,12.52,0.39,34.57,27.3,63.4,98.69475669189565,9.27264755278446,34.91118111020153,33.10196223609077,14.049738726291006,1799.0,0.0,0.0,41.71660435740447,0.0,40.24510703497599,14.1,95.9,0.0,0.0,0.0,450.0,9530.7,0.0,0.0,107.089,1.846,108.935,32.246,2.064,106.871,emon,0.576,0.378,145.6,68.3,2.131
2026-09-29 23:10:07.604,14.2,0,92,46;6;8;92;0;0;21;2;2;0;23;3;3;0;18;3,650,4264,3968;4039;4264;4235;2050;1829;2725;2699;2937;1826;2695;2790;650;945;1167;1104,100.0,0.0,9530.7,0,0,0,0,0,0.0,0,0,0,0,0,0,0,0,0.0,0,0,0,0,0,0.0,0.0,0.0,0,0,0,43.1,11.5,12.52,0.39,34.57,27.3,63.4,97.48954923351606,10.752294196673514,37.03818389226993,36.888381670663755,16.884120468256878,1799.0,0.0,0.0,42.28859991493712,0.0,38.342866382259,14.1,94.9,0.0,0.0,0.0,450.0,9530.7,0.0,0.0,107.089,1.846,108.935,32.246,2.064,106.871,emon,0.576,0.378,145.6,68.3,2.131
2026-09-29 23:10:08.604,11.8,0,85,37;23;0;85;0;0;13;3;0;0;14;3;0;0;10;0,604,4344,3954;3973;4141;4344;2371;1272;2909;2785;2988;1830;2974;2955;668;604;1131;991,91.7,0.0,9530.7,0,0,0,0,0,0.0,0,0,0,0,0,0,0,0,0.0,0,0,0,0,0,0.0,0.0,0.0,0,0,0,44.1,11.36,12.5,0.39,34.43,27.3,63.4,98.1323329157063,9.068847544139967,35.73276017526431,33.34375028994067,14.029369677980997,1799.0,0.0,0.0,40.397947013676976,0.0,39.59298897547272,14.1,95.9,0.0,0.0,0.0,450.0,9530.7,0.0,0.0,107.089,1.846,108.935,32.246,2.064,106.871,emon,0.576,0.378,145.6,68.3,2.131
2026-09-29 23:10:09.618,11.4,0,86,14;31;5;86;0;0;0;12;0;0;0;18;2;0;0;15,1094,4530,4416;4204;4530;4509;2557;2957;2170;2662;2652;2709;2657;2743;1094;1792;1610;2042,3.7,0.0,9530.7,0,0,0,0,0,0.0,0,0,0,0,0,0,0,0,0.0,0,0,0,0,0,0.0,0.0,0.0,0,0,0,84.1,11.36,12.5,0.39,34.43,27.4,63.4,92.73173246466287,8.873366838118228,34.89344842068039,34.07383557707809,13.292884035815648,1795.039603960396,0.0,0.0,35.83189537444631,0.0,40.98481535591952,10.1,67.5,0.0,0.0,0.0,450.0,9530.7,0.0,0.0,107.089,1.846,108.935,32.246,2.064,106.871,emon,0.576,0.378,145.6,68.3,2.131
2026-09-29 23:10:10.618,10.5,0,83,14;31;5;83;3;0;0;14;0;0;0;19;0;0;0;0,996,4658,4576;4292;4658;4570;2684;2282;2004;2767;2922;3015;1549;2847;1038;996;1069;1177,5.7,0.0,9530.7,0,0,0,0,0,0.0,0,0,0,0,0,0,0,0,0.0,0,0,0,0,0,0.0,0.0,0.0,0,0,0,91.1,11.36,12.5,0.39,34.43,27.3,63.4,84.78676091027015,3.3390878850459744,29.827224171038754,29.06052357449974,2.3801267643099244,1188.1752577319587,0.0,0.0,0.0,0.0,53.40370996158148,0.8,0.0,0.0,0.0,0.0,450.0,9530.7,0.0,0.0,107.089,1.846,108.935,32.246,2.064,106.871,emon,0.576,0.378,145.6,68.3,2.131
2026-09-29 23:10:11.618,10.4,0,86,9;20;5;86;0;0;0;27;5;0;0;14;0;0;0;2,1006,4646,4565;4206;4646;4569;2745;2264;3056;2969;2579;1925;2677;2678;1136;1351;1006;1383,5.7,0.0,9530.7,0,0,0,0,0,0.0,0,0,0,0,0,0,0,0,0.0,0,0,0,0,0,0.0,0.0,0.0,0,0,0,92.1,11.36,12.5,0.39,34.43,27.3,63.4,98.53434140341622,3.4740920380655944,30.159053352262294,29.616908542412734,2.2104016702963105,1170.4285714285713,0.0,0.0,0.0,0.0,52.11337612556027,0.7,0.0,0.0,0.0,0.0,450.0,9530.7,0.0,0.0,107.089,1.846,108.935,32.246,2.064,106.871,emon,0.576,0.378,145.6,68.3,2.131
2026-09-29 23:10:12.619,11.3,0,83,8;33;13;83;2;2;0;18;2;0;0;11;5;0;0;6,966,4624,4558;4315;4624;4534;3152;1562;2592;2908;3243;1282;1310;2564;1101;1110;966;1188,5.8,0.0,9530.7,0,0,0,0,0,0.0,0,0,0,0,0,0,0,0,0.0,0,0,0,0,0,0.0,0.0,0.0,0,0,0,90.1,21.04,1.75,0.37,27.44,27.3,63.4,98.72867257816276,3.3379240003270434,29.72637723585994,29.096952785382566,2.3817754667040774,1185.340206185567,0.0,0.0,0.0,0.0,53.97788714894007,0.9,0.0,0.0,0.0,0.0,450.0,9530.7,0.0,0.0,107.089,1.846,108.935,32.246,2.064,106.871,emon,0.576,0.378,145.6,68.3,2.131
2026-09-29 23:10:13.619,9.6,0,83,6;28;6;83;2;0;0;15;2;0;0;11;0;0;0;2,940,4635,4592;4203;4635;4562;2529;2979;2642;2905;3259;1684;1403;2945;1120;994;940;1184,5.1,0.0,9420.7,0,0,0,0,0,0.0,0,0,0,0,0,0,0,0,0.0,0,0,0,0,0,0.0,0.0,0.0,0,0,0,91.1,21.04,1.75,0.37,27.44,27.3,63.4,98.68025245041143,3.3295178114146484,29.783385234452336,29.032703429297673,2.286738325172178,1185.0655737704917,0.0,0.0,0.0,0.0,53.885315471659595,0.7,0.0,0.0,0.0,0.0,450.0,9420.7,0.0,0.0,107.089,1.846,108.935,32.246,2.064,106.871,emon,0.576,0.378,145.6,68.3,2.131
2026-09-29 23:10:14.619,8.6,0,44,8;33;6;44;6;3;2;14;5;2;0;5;3;2;0;6,1828,4627,4530;4029;4627;4391;3410;3246;3429;2379;3403;3420;3431;2545;2540;1828;2442;2283,6.1,0.0,9420.7,0,0,0,0,0,0.0,0,0,0,0,0,0,0,0,0.0,0,0,0,0,0,0.0,0.0,0.0,0,0,0,53.1,21.04,1.75,0.37,27.44,27.3,63.4,98.62589816704482,3.342056774846585,29.530535735056073,28.762425346824223,2.7031938564736384,1173.8502994011976,0.0,0.0,0.0,0.0,53.630565785094646,0.9,0.0,0.0,0.0,0.0,450.0,9420.7,0.0,0.0,107.089,1.846,108.935,32.246,2.064,106.871,emon,0.576,0.378,145.6,68.3,2.131
2026-09-29 23:10:15.620,6.4,0,34,5;31;6;34;0;0;0;14;0;0;0;12;0;0;0;0,825,4250,4017;3612;4217;4250;2296;1584;1601;1831;1744;1492;1354;1749;1058;1009;825;1070,4.2,0.0,9420.7,0,0,0,0,0,0.0,0,0,0,0,0,0,0,0,0.0,0,0,0,0,0,0.0,0.0,0.0,0,0,0,38.1,21.04,1.75,0.37,27.44,27.3,63.4,98.55913221389852,3.160726844079115,29.86587145430519,29.139636168903845,2.575659915057813,1192.3155080213903,0.0,0.0,0.0,0.0,53.81277998238005,0.7,0.0,0.0,0.0,0.0,450.0,9420.7,0.0,0.0,2.302,1.831,4.133,36.633,2.344,1.789,emon,0.871,0.82,30.2,14.6,2.065
2026-09-29 23:10:16.620,5.4,0,29,0;29;2;29;0;0;0;12;0;0;0;8;0;0;0;6,947,3943,3755;3491;2947;3943;3040;1185;1091;1819;2173;1293;1294;1999;1160;1075;947;1217,6.6,0.0,9420.7,0,0,0,0,0,0.0,0,0,0,0,0,0,0,0,0.0,0,0,0,0,0,0.0,0.0,0.0,0,0,0,35.1,13.37,0.13,0.36,17.11,27.3,63.4,98.50650316126206,2.871172611026422,29.263521789335737,28.61999587787717,2.221913074377203,1199.0,0.0,0.0,0.0,0.0,51.25272860407245,0.9,0.0,0.0,0.0,0.0,450.0,9420.7,0.0,0.0,2.302,1.831,4.133,36.633,2.344,1.789,emon,0.871,0.82,30.2,14.6,2.065
2026-09-29 23:10:17.621,6.4,0,42,0;30;0;42;0;0;0;12;2;0;0;12;0;2;0;3,992,4242,3961;3487;4051;4242;1493;1226;1265;1716;1309;1168;1203;1647;992;1056;1097;1413,6.2,0.0,9420.7,0,0,0,0,0,0.0,0,0,0,0,0,0,0,0,0.0,0,0,0,0,0,0.0,0.0,0.0,0,0,0,38.1,13.37,0.13,0.36,17.11,27.3,63.4,98.48041174472907,3.2425144952268172,29.837327045660754,29.18509351091507,2.5248721451080667,1177.974358974359,0.0,0.0,0.0,0.0,53.17257355940647,0.7,0.0,0.0,0.0,0.0,450.0,9420.7,0.0,0.0,2.302,1.831,4.133,36.633,2.344,1.789,emon,0.871,0.82,30.2,14.6,2.065
2026-09-29 23:10:18.621,6.0,0,45,0;23;0;45;0;0;0;11;2;0;0;11;0;0;0;5,1007,3746,3558;3326;3746;3618;1173;1033;1007;1467;1498;1179;1136;1393;1086;1074;1019;1301,3.6,0.0,9420.7,0,0,0,0,0,0.0,0,0,0,0,0,0,0,0,0.0,0,0,0,0,0,0.0,0.0,0.0,0,0,0,38.1,13.37,0.13,0.36,17.11,27.3,63.4,98.65980503108952,3.3217729288381297,30.288619114802433,29.652758885096837,2.700093062994253,1169.6293706293707,0.0,0.0,0.0,0.0,53.54705640944567,0.8,0.0,0.0,0.0,0.0,450.0,9420.7,0.0,0.0,2.302,1.831,4.133,36.633,2.344,1.789,emon,0.871,0.82,30.2,14.6,2.065
2026-09-29 23:10:19.622,17.6,3,94,15;46;6;94;5;3;3;27;5;5;3;21;10;9;9;19,1206,4269,4089;3828;4182;4269;2623;2829;2103;2675;2060;2493;1830;2417;1570;1206;1223;1354,4.1,0.0,9638.8,0,0,0,0,0,0.0,0,0,0,0,0,0,0,0,0.0,0,0,0,0,0,0.0,0.0,0.0,0,0,0,43.1,13.37,0.13,0.36,17.11,27.9,63.4,96.26834172185262,16.118342350713753,24.745086021045843,32.29754796582212,1.8432316280901044,1799.0,0.0,0.0,36.709796095534536,10.658026997884114,42.8953979196931,7.4,36.1,0.0,0.0,0.0,450.0,9638.8,0.0,0.0,2.302,1.831,4.133,36.633,2.344,1.789,emon,0.871,0.82,30.2,14.6,2.065
2026-09-29 23:10:20.622,12.3,0,82,19;36;8;82;3;3;0;23;3;0;0;18;0;0;0;2,739,4293,4228;3809;4096;4293;2388;2399;3093;2609;1727;1977;1836;2645;739;959;851;1059,3.0,0.0,9638.8,0,0,0,0,0,0.0,0,0,0,0,0,0,0,0,0.0,0,0,0,0,0,0.0,0.0,0.0,0,0,0,44.1,6.8,8.17,0.35,18.77,27.9,63.4,99.99959059893075,19.92378380724971,25.163608066106246,34.61825354675115,1.9634615995080635,1847.9406779661017,0.0,0.0,43.415603171976805,0.0,40.69948754905288,14.2,96.4,0.0,0.0,0.0,450.0,9641.8,0.0,0.0,2.302,1.831,4.133,36.633,2.344,1.789,emon,0.871,0.82,30.2,14.6,2.065
2026-09-29 23:10:21.622,11.5,0,78,14;39;8;78;0;0;0;19;2;0;0;25;0;0;0;0,738,4356,4239;3902;4231;4356;2609;2508;2887;2773;2852;2469;2591;2797;756;738;804;1023,3.9,0.0,9638.8,0,0,0,0,0,0.0,0,0,0,0,0,0,0,0,0.0,0,0,0,0,0,0.0,0.0,0.0,0,0,0,43.1,6.8,8.17,0.35,18.77,27.9,63.4,100.05071746073496,17.196787362321043,26.906767427921295,32.49397818958011,2.0126239384509907,1848.7757847533633,0.0,0.0,42.798982540600214,0.0,42.14013048645342,14.2,95.2,0.0,0.0,0.0,450.0,9638.8,0.0,0.0,2.302,1.831,4.133,36.633,2.344,1.789,emon,0.871,0.82,30.2,14.6,2.065
2026-09-29 23:10:22.622,11.0,0,91,11;34;2;91;0;2;0;16;0;0;0;14;2;0;0;6,659,4234,4076;3693;4210;4234;2404;3191;2095;2758;2559;2615;1723;2763;842;659;755;1121,3.9,0.0,9638.8,0,0,0,0,0,0.0,0,0,0,0,0,0,0,0,0.0,0,0,0,0,0,0.0,0.0,0.0,0,0,0,44.1,6.8,8.17,0.35,18.77,27.7,63.4,99.95928176367313,18.756255542741517,25.898828384488127,34.28228593615753,1.914062039681785,1849.0,0.0,0.0,42.28694232550115,0.0,44.112135702886164,14.2,96.5,0.0,0.0,0.0,450.0,9638.8,0.0,0.0,2.302,1.831,4.133,36.633,2.344,1.789,emon,0.871,0.82,30.2,14.6,2.065
2026-09-29 23:10:23.623,10.9,0,89,9;41;3;89;2;0;0;9;0;0;0;17;0;0;0;5,676,4306,4127;3810;4064;4306;2007;2395;1194;2558;1727;1733;1265;2715;748;676;704;1055,3.5,0.0,9638.8,0,0,0,0,0,0.0,0,0,0,0,0,0,0,0,0.0,0,0,0,0,0,0.0,0.0,0.0,0,0,0,44.1,6.8,8.17,0.35,18.77,27.7,63.4,99.98907610460803,18.66676131451038,26.13796614938312,34.35261407767509,1.9734147709840488,1849.0,0.0,0.0,41.912226159160525,0.0,43.79241563947202,14.2,95.5,0.0,0.0,0.0,450.0,9638.8,0.0,0.0,2.302,1.831,4.133,36.633,2.344,1.789,emon,0.871,0.82,30.2,14.6,2.065
2026-09-29 23:10:24.623,11.9,0,89,11;31;5;89;2;2;0;16;0;0;2;22;0;0;0;12,619,4345,4233;3868;4202;4345;1796;2727;2956;2517;2849;3386;2809;2530;694;705;619;1003,2.2,0.0,9638.8,0,0,0,0,0,0.0,0,0,0,0,0,0,0,0,0.0,0,0,0,0,0,0.0,0.0,0.0,0,0,0,44.1,8.99,24.43,0.39,38.63,27.7,63.4,99.99902511078757,17.76311095608228,27.01663746620594,33.42484949319076,2.1083123014527665,1846.2584856396868,0.0,0.0,43.00185360054925,0.0,42.59650729619561,14.2,96.5,0.0,0.0,0.0,450.0,9638.8,0.0,0.0,2.302,1.831,4.133,36.633,2.344,1.789,emon,0.871,0.82,30.2,14.6,2.065
2026-09-29 23:10:25.624,11.1,0,84,8;33;10;84;2;0;0;16;0;0;0;16;2;0;0;8,827,4223,4213;3835;4113;4223;2964;1754;2137;2646;1230;2462;2678;2748;1614;884;827;1195,4.1,0.0,9638.8,0,0,0,0,0,0.0,0,0,0,0,0,0,0,0,0.0,0,0,0,0,0,0.0,0.0,0.0,0,0,0,44.1,8.99,24.43,0.39,38.63,27.6,63.4,100.00590061451119,16.28982350648379,27.460024219844282,31.909368477844716,2.0364731801155216,1845.325167037862,0.0,0.0,42.737460454243475,0.0,42.09150471795931,14.2,95.1,0.0,0.0,0.0,450.0,9638.8,0.0,0.0,2.302,1.831,4.133,36.633,2.344,1.789,emon,0.871,0.82,30.2,14.6,2.065
2026-09-29 23:10:26.624,11.7,0,95,6;31;5;95;2;0;2;20;0;0;0;20;0;0;0;6,770,4335,4182;3795;4135;4335;2964;1699;1759;2716;2817;1300;1372;2664;770;771;909;1050,2.8,0.0,9638.8,0,0,0,0,0,0.0,0,0,0,0,0,0,0,0,0.0,0,0,0,0,0,0.0,0.0,0.0,0,0,0,43.1,8.99,24.43,0.39,38.63,27.5,63.4,99.99762256171114,17.764918473476584,26.713712270862313,33.630701907619994,1.815567031766223,1834.0806451612902,0.0,0.0,42.94098184016528,0.0,41.598519312621605,14.2,96.7,0.0,0.0,0.0,450.0,9638.8,0.0,0.0,2.302,1.831,4.133,36.633,2.344,1.789,emon,0.871,0.82,30.2,14.6,2.065
2026-09-29 23:10:27.625,10.5,0,83,9;36;8;83;0;0;0;14;0;0;0;14;2;0;0;3,773,4355,3944;3686;4227;4355;2697;1835;2213;2583;2032;2361;2127;2476;773;1016;848;867,4.0,0.0,9638.8,0,0,0,0,0,0.0,0,0,0,0,0,0,0,0,0.0,0,0,0,0,0,0.0,0.0,0.0,0,0,0,42.1,8.99,24.43,0.39,38.63,27.5,63.4,99.99610653963956,19.598668122254313,25.643425527919423,34.89803569403562,1.9805134490589527,1801.1818181818182,0.0,0.0,44.168508368943904,0.0,42.63424758124761,14.2,96.0,0.0,0.0,0.0,450.0,9638.8,0.0,0.0,12.619,4.981,17.6,25.719,1.646,15.954,emon,0.593,0.575,105.2,48.7,2.159
2026-09-29 23:10:28.625,11.7,0,81,9;35;5;81;3;0;0;27;2;0;0;22;0;0;0;3,632,4334,4033;3853;4160;4334;2259;2300;2880;2654;2934;2611;2335;2633;969;632;718;1255,3.6,0.0,9638.8,0,0,0,0,0,0.0,0,0,0,0,0,0,0,0,0.0,0,0,0,0,0,0.0,0.0,0.0,0,0,0,41.1,8.67,23.89,0.39,37.65,27.5,63.4,99.99674034603983,17.764393438037683,26.60379799085719,33.37646723570866,1.8682845354445443,1799.0,0.0,0.0,42.67851509442423,0.0,42.52939702894619,14.2,95.8,0.0,0.0,0.0,450.0,9638.8,0.0,0.0,12.619,4.981,17.6,25.719,1.646,15.954,emon,0.593,0.575,105.2,48.7,2.159
2026-09-29 23:10:29.626,10.1,0,86,5;31;3;86;2;0;0;12;0;0;0;14;2;0;0;6,636,4229,4128;3790;4180;4229;2949;1759;1317;2569;1822;1438;1392;2576;684;636;987;1056,1.7,0.0,9637.5,0,0,0,0,0,0.0,0,0,0,0,0,0,0,0,0.0,0,0,0,0,0,0.0,0.0,0.0,0,0,0,42.1,8.67,23.89,0.39,37.65,27.5,63.4,99.99950434366862,18.971337356369588,26.466029135386147,34.433991937481224,2.033598210514358,1799.0,0.0,0.0,43.54229905815973,0.0,40.903149603123055,14.2,96.5,0.0,0.0,0.0,450.0,9637.5,0.0,0.0,12.619,4.981,17.6,25.719,1.646,15.954,emon,0.593,0.575,105.2,48.7,2.159
2026-09-29 23:10:30.626,12.3,0,86,12;41;5;86;2;2;0;23;0;0;0;14;0;0;0;12,727,4309,4097;3882;4216;4309;3058;2243;2130;2773;2704;1657;1316;2709;764;727;832;1047,3.8,0.0,9637.5,0,0,0,0,0,0.0,0,0,0,0,0,0,0,0,0.0,0,0,0,0,0,0.0,0.0,0.0,0,0,0,42.1,8.67,23.89,0.39,37.65,27.5,63.4,99.99835191331468,16.747628432830695,26.859408941086347,32.5193399537254,1.8809023685407247,1799.0,0.0,0.0,42.09188975797922,0.0,42.34921945604542,14.2,95.5,0.0,0.0,0.0,450.0,9637.5,0.0,0.0,12.619,4.981,17.6,25.719,1.646,15.954,emon,0.593,0.575,105.2,48.7,2.159
2026-09-29 23:10:31.626,11.0,0,89,6;33;8;89;0;0;0;16;3;0;0;16;2;0;0;5,708,4277,4083;3871;4204;4277;2983;2476;1434;2627;2309;2131;2061;2495;896;771;708;1072,3.4,0.0,9637.5,0,0,0,0,0,0.0,0,0,0,0,0,0,0,0,0.0,0,0,0,0,0,0.0,0.0,0.0,0,0,0,40.1,8.67,23.89,0.39,37.65,27.5,63.4,100.0164190046858,18.02881944170314,26.991918233361574,33.94685395681622,1.839327861974621,1799.0,0.0,0.0,43.00496463545156,0.0,43.0086601528622,14.2,96.4,0.0,0.0,0.0,450.0,9637.5,0.0,0.0,12.619,4.981,17.6,25.719,1.646,15.954,emon,0.593,0.575,105.2,48.7,2.159
2026-09-29 23:10:32.626,10.4,0,85,11;31;5;85;2;0;0;16;2;0;0;9;0;0;0;8,824,4325,4125;3825;4124;4325;2957;1538;1821;2678;2136;1465;1529;2547;894;828;824;1747,3.4,0.0,9637.5,0,0,0,0,0,0.0,0,0,0,0,0,0,0,0,0.0,0,0,0,0,0,0.0,0.0,0.0,0,0,0,40.1,8.54,23.23,0.39,36.84,27.5,63.4,99.97970012196323,18.923130418048704,25.903787700404898,34.27959248802641,1.9101832519368438,1799.0,0.0,0.0,42.27973351717589,0.0,43.17652346904103,14.2,95.5,0.0,0.0,0.0,450.0,9637.5,0.0,0.0,12.619,4.981,17.6,25.719,1.646,15.954,emon,0.593,0.575,105.2,48.7,2.159
2026-09-29 23:10:33.627,10.5,0,88,8;30;0;88;0;0;0;22;0;0;0;16;0;2;0;3,782,4341,4174;3818;4200;4341;2328;1535;1264;2449;1709;2543;1508;2615;782;809;815;1178,2.9,0.0,9640.7,0,0,0,0,0,0.0,0,0,0,0,0,0,0,0,0.0,0,0,0,0,0,0.0,0.0,0.0,0,0,0,40.1,8.54,23.23,0.39,36.84,27.6,63.4,99.99964759321992,18.35466841953274,27.35913478609189,34.20466849868863,1.8711897372123187,1799.0,0.0,0.0,42.97629945253743,0.0,43.292652985256126,14.2,96.5,0.0,0.0,0.0,450.0,9637.5,0.0,0.0,12.619,4.981,17.6,25.719,1.646,15.954,emon,0.593,0.575,105.2,48.7,2.159
2026-09-29 23:10:34.628,11.0,0,89,11;27;6;89;2;0;0;20;0;0;0;16;0;0;0;6,646,4213,4094;3802;4043;4213;2351;1563;1873;2559;2377;2347;2555;2534;680;767;646;1106,3.4,0.0,9637.5,0,0,0,0,0,0.0,0,0,0,0,0,0,0,0,0.0,0,0,0,0,0,0.0,0.0,0.0,0,0,0,41.1,8.54,23.23,0.39,36.84,27.5,63.4,99.97930526733398,16.592519152191187,27.283283194351625,32.08906104425678,1.905562063541019,1799.0,0.0,0.0,42.581272068447035,0.0,41.956727039275634,14.2,95.2,0.0,0.0,0.0,450.0,9637.5,0.0,0.0,12.619,4.981,17.6,25.719,1.646,15.954,emon,0.593,0.575,105.2,48.7,2.159
2026-09-29 23:10:35.628,10.8,0,84,8;34;5;84;2;0;0;17;2;0;0;16;0;3;0;3,815,4333,4147;3838;4136;4333;2989;2170;1833;2745;3140;2952;1254;2708;910;1005;815;1299,2.0,0.0,9637.5,0,0,0,0,0,0.0,0,0,0,0,0,0,0,0,0.0,0,0,0,0,0,0.0,0.0,0.0,0,0,0,42.1,8.54,23.23,0.39,36.84,27.5,63.4,99.99006694125146,18.46496529514498,26.43814487985729,34.33095098252303,1.843058638825542,1802.9948453608247,0.0,0.0,43.489919699222625,0.0,42.18227178052166,14.2,96.7,0.0,0.0,0.0,450.0,9637.5,0.0,0.0,12.619,4.981,17.6,25.719,1.646,15.954,emon,0.593,0.575,105.2,48.7,2.159
2026-09-29 23:10:36.628,11.8,0,88,14;45;5;88;2;2;0;16;0;0;0;11;0;0;0;8,819,4304,3977;3863;3887;4304;1828;2309;1846;2638;2641;2139;1890;2754;877;909;819;1165,100.0,0.0,9638.4,0,0,0,0,0,0.0,0,0,0,0,0,0,0,0,0.0,0,0,0,0,0,0.0,0.0,0.0,0,0,0,42.1,8.75,22.77,0.39,36.87,27.5,63.4,97.74029531827401,10.185612315700723,35.78871307301759,35.82436579979486,16.856780784638936,1799.0,0.0,0.0,42.742758054609574,0.0,39.06562712426672,14.1,95.9,0.0,0.0,0.0,450.0,9638.5,0.0,0.0,12.619,4.981,17.6,25.719,1.646,15.954,emon,0.593,0.575,105.2,48.7,2.159
2026-09-29 23:10:37.629,13.7,0,90,16;55;3;90;3;0;0;17;2;0;0;22;2;0;0;11,694,4299,4145;3958;4138;4299;3009;2998;2286;2770;2876;2240;1515;2820;960;694;843;1253,96.2,0.0,9638.5,0,0,0,0,0,0.0,0,0,0,0,0,0,0,0,0.0,0,0,0,0,0,0.0,0.0,0.0,0,0,0,42.1,8.75,22.77,0.39,36.87,27.5,63.4,97.74198987420681,9.67870755052293,36.16446291213542,35.220184305072884,15.249195471412937,1799.0,0.0,0.0,41.367061060727615,0.0,38.70931282455349,14.0,95.1,0.0,0.0,0.0,450.0,9638.5,0.0,0.0,12.619,4.981,17.6,25.719,1.646,15.954,emon,0.593,0.575,105.2,48.7,2.159
2026-09-29 23:10:38.629,11.2,0,91,18;32;2;91;5;0;0;11;6;0;0;5;3;0;0;6,802,4311,4003;3953;4230;4311;2902;2618;2058;2662;2939;2770;2229;2874;921;824;802;1109,79.7,0.0,9638.5,0,0,0,0,0,0.0,0,0,0,0,0,0,0,0,0.0,0,0,0,0,0,0.0,0.0,0.0,0,0,0,43.1,8.75,22.77,0.39,36.87,27.5,63.4,96.71433045342565,10.038476465755593,35.526942864991724,34.95311703250627,15.738178598413697,1799.0,0.0,0.0,43.1583363450618,0.0,37.553489879750394,14.1,95.9,0.0,0.0,0.0,450.0,9638.5,0.0,0.0,54.169,3.918,58.087,33.669,2.155,55.932,emon,0.572,0.602,145.1,67.1,2.162
2026-09-29 23:10:39.629,12.3,0,83,46;12;3;83;22;2;2;0;19;0;0;0;9;0;0;0,837,4228,3895;4069;4206;4228;2911;2508;2536;2418;2835;2833;2433;1648;1371;872;837;876,97.4,0.0,9638.5,0,0,0,0,0,0.0,0,0,0,0,0,0,0,0,0.0,0,0,0,0,0,0.0,0.0,0.0,0,0,0,43.1,8.75,22.77,0.39,36.87,27.5,63.4,97.55762816148646,9.60386852178031,35.39781409016427,34.79656853959293,14.795914642303387,1799.0,0.0,0.0,40.67652134305743,0.0,39.267515210328,14.1,94.9,0.0,0.0,0.0,450.0,9638.5,0.0,0.0,54.169,3.918,58.087,33.669,2.155,55.932,emon,0.572,0.602,145.1,67.1,2.162
2026-09-29 23:10:40.641,18.6,2,88,43;29;15;88;20;8;12;8;19;6;8;2;24;6;5;6,1742,4270,3943;4003;3983;4270;3037;3260;3318;3259;3010;3282;3300;3283;1742;1969;2054;2361,95.0,0.0,9638.5,0,0,0,0,0,0.0,0,0,0,0,0,0,0,0,0.0,0,0,0,0,0,0.0,0.0,0.0,0,0,0,46.1,11.4,12.48,0.39,34.43,27.6,63.4,97.35809968454153,10.512474094566546,36.74780023411701,36.42721218908364,16.930911698990627,1799.0,0.0,0.0,42.719028238402224,0.0,37.66097453328049,14.1,95.8,0.0,0.0,0.0,450.0,9638.5,0.0,0.0,54.169,3.918,58.087,33.669,2.155,55.932,emon,0.572,0.602,145.1,67.1,2.162
2026-09-29 23:10:41.642,12.6,0,84,37;19;3;84;20;0;0;0;20;0;0;0;18;0;0;0,777,4310,3711;4053;3998;4310;2807;2695;2893;3140;2868;2752;2163;1704;1394;900;1119;777,100.0,0.0,9638.5,0,0,0,0,0,0.0,0,0,0,0,0,0,0,0,0.0,0,0,0,0,0,0.0,0.0,0.0,0,0,0,44.1,11.4,12.48,0.39,34.43,27.5,63.4,98.08537486315842,9.598576343826107,35.0999275799423,34.395983194644174,14.882475544074174,1799.0,0.0,0.0,41.92540251917828,0.0,38.531332228694744,14.0,94.8,0.0,0.0,0.0,450.0,9638.5,0.0,0.0,54.169,3.918,58.087,33.669,2.155,55.932,emon,0.572,0.602,145.1,67.1,2.162
2026-09-29 23:10:42.642,13.1,0,94,42;8;3;94;24;2;0;2;11;3;0;0;16;2;3;0,619,4281,3954;4105;3771;4281;2760;2591;2280;3009;2721;3042;2512;1928;1084;837;1147;619,96.6,0.0,9638.5,0,0,0,0,0,0.0,0,0,0,0,0,0,0,0,0.0,0,0,0,0,0,0.0,0.0,0.0,0,0,0,42.1,11.4,12.48,0.39,34.43,27.5,63.4,97.35800958857124,10.451161072034688,36.34903673220564,35.84159127715975,16.74134944798919,1799.0,0.0,0.0,42.809548279412816,0.0,37.14778321872511,14.0,95.9,0.0,0.0,0.0,450.0,9638.5,0.0,0.0,54.169,3.918,58.087,33.669,2.155,55.932,emon,0.572,0.602,145.1,67.1,2.162
2026-09-29 23:10:43.643,11.3,0,86,44;6;5;86;12;0;0;0;16;0;0;0;12;0;0;0,599,4329,3851;4123;4079;4329;2607;2822;2754;1633;2736;2949;1865;1405;1008;842;696;599,96.6,0.0,9638.5,0,0,0,0,0,0.0,0,0,0,0,0,0,0,0,0.0,0,0,0,0,0,0.0,0.0,0.0,0,0,0,42.1,11.4,12.48,0.39,34.43,27.5,63.4,98.03087003652415,9.405650820993554,35.160801667861755,34.305182742600806,14.37838993546078,1799.0,0.0,0.0,40.92389101229121,0.0,40.08755576729584,14.0,94.8,0.0,0.0,0.0,450.0,9638.5,0.0,0.0,54.169,3.918,58.087,33.669,2.155,55.932,emon,0.572,0.602,145.1,67.1,2.162
2026-09-29 23:10:44.643,13.7,0,97,48;6;6;97;18;3;2;0;19;2;0;0;18;0;0;0,842,4264,3855;4138;4074;4264;2798;2975;3014;3114;2917;3293;2832;2415;1101;1186;842;987,88.3,0.0,9638.5,0,0,0,0,0,0.0,0,0,0,0,0,0,0,0,0.0,0,0,0,0,0,0.0,0.0,0.0,0,0,0,42.1,11.72,12.46,0.39,34.88,27.5,63.4,97.53245556023386,9.848830480104274,34.84498687036749,34.9043242415409,15.266805769545938,1799.0,0.0,0.0,41.65804914799972,0.0,38.15190014417716,14.0,95.2,0.0,0.0,0.0,450.0,9638.5,0.0,0.0,54.169,3.918,58.087,33.669,2.155,55.932,emon,0.572,0.602,145.1,67.1,2.162
2026-09-29 23:10:45.644,14.4,0,88,42;17;0;88;28;2;0;0;37;0;0;0;17;0;0;0,897,4315,3821;4072;4213;4315;2593;3016;1874;1220;2831;2761;1674;1536;1188;897;1792;991,94.1,0.0,9638.5,0,0,0,0,0,0.0,0,0,0,0,0,0,0,0,0.0,0,0,0,0,0,0.0,0.0,0.0,0,0,0,42.1,11.72,12.46,0.39,34.88,27.5,63.4,97.49803994940879,10.566474029855339,36.75961694967278,36.20578131053646,17.181050167701667,1799.0,0.0,0.0,42.558839715740696,0.0,37.54325908024587,14.0,95.3,0.0,0.0,0.0,450.0,9638.5,0.0,0.0,54.169,3.918,58.087,33.669,2.155,55.932,emon,0.572,0.602,145.1,67.1,2.162
2026-09-29 23:10:46.644,13.8,0,81,48;15;3;81;28;3;0;0;25;0;0;0;17;0;0;0,716,4215,3843;3954;3929;4215;2922;3175;2477;2519;2880;2488;2280;2203;1102;1041;1447;716,100.0,0.0,9499.5,0,0,0,0,0,0.0,0,0,0,0,0,0,0,0,0.0,0,0,0,0,0,0.0,0.0,0.0,0,0,0,42.1,11.72,12.46,0.39,34.88,27.5,63.4,98.21042177999628,9.297354264465675,35.16254180270823,34.311596546297324,14.756349882581002,1799.0,0.0,0.0,40.57408295197881,0.0,39.45511555438571,14.1,95.3,0.0,0.0,0.0,450.0,9472.8,0.0,0.0,54.169,3.918,58.087,33.669,2.155,55.932,emon,0.572,0.602,145.1,67.1,2.162
2026-09-29 23:10:47.674,13.6,0,94,39;14;2;94;23;3;0;0;21;0;0;0;21;2;2;0,676,4299,3871;4087;4119;4299;2712;2960;2081;3069;2893;2510;2829;1782;1173;1161;742;676,100.0,0.0,9472.8,0,0,0,0,0,0.0,0,0,0,0,0,0,0,0,0.0,0,0,0,0,0,0.0,0.0,0.0,0,0,0,42.1,11.72,12.46,0.39,34.88,27.6,63.4,97.49890896522835,9.542276076992897,36.679852970658914,35.951761024577976,15.337681996097553,1799.0,0.0,0.0,40.175547966869445,0.0,40.99767733868975,14.1,95.7,0.0,0.0,0.0,450.0,9472.8,0.0,0.0,54.169,3.918,58.087,33.669,2.155,55.932,emon,0.572,0.602,145.1,67.1,2.162
2026-09-29 23:10:48.674,19.0,2,89,41;34;17;89;22;8;3;8;25;9;8;2;20;8;6;3,1227,4266,3892;4008;3992;4266;2932;3273;3259;3240;3003;3240;3316;3244;1227;1946;1944;2146,100.0,0.0,9472.8,0,0,0,0,0,0.0,0,0,0,0,0,0,0,0,0.0,0,0,0,0,0,0.0,0.0,0.0,0,0,0,43.1,10.98,12.58,0.39,34.24,27.4,63.4,98.51109588834974,9.497502651909986,35.895840884314644,34.93665436314212,14.555206427167997,1799.0,0.0,0.0,40.65257195985359,0.0,40.45529071878317,14.0,95.0,0.0,0.0,0.0,450.0,9472.8,0.0,0.0,54.169,3.918,58.087,33.669,2.155,55.932,emon,0.572,0.602,145.1,67.1,2.162
2026-09-29 23:10:49.675,18.4,0,89,45;30;20;89;33;3;8;5;19;3;8;6;18;5;0;3,1551,4226,3853;4045;3898;4226;2890;2960;3271;3267;2889;3112;3316;3282;1551;2041;1552;2235,97.5,0.0,9472.8,0,0,0,0,0,0.0,0,0,0,0,0,0,0,0,0.0,0,0,0,0,0,0.0,0.0,0.0,0,0,0,43.1,10.98,12.58,0.39,34.24,27.4,63.4,94.23638801177343,10.270209071338952,36.242382698118064,35.92826492407669,16.633843019926765,1799.0,0.0,0.0,41.85672210946844,0.0,37.04154394110723,14.1,95.6,0.0,0.0,0.0,450.0,9472.8,0.0,0.0,54.169,3.918,58.087,33.669,2.155,55.932,emon,0.572,0.602,145.1,67.1,2.162
2026-09-29 23:10:50.676,13.5,0,94,48;22;3;94;15;0;0;0;15;0;0;0;16;0;3;0,710,4266,3957;4188;4082;4266;2800;3033;2938;2942;2593;3166;1971;2088;1027;837;1363;710,87.2,0.0,9472.8,0,0,0,0,0,0.0,0,0,0,0,0,0,0,0,0.0,0,0,0,0,0,0.0,0.0,0.0,0,0,0,43.1,10.98,12.58,0.39,34.24,27.4,63.4,98.32626000397751,10.166028821223586,37.10283404423513,36.852935886995624,16.832582497836455,1799.0,0.0,0.0,41.09805147848861,0.0,39.491502931915086,14.1,95.1,0.0,0.0,0.0,450.0,9472.8,0.0,0.0,105.881,2.266,108.147,47.783,3.058,105.089,emon,0.562,0.397,145.0,67.6,2.146
2026-09-29 23:10:51.676,13.7,0,86,44;13;8;86;22;0;0;0;21;2;0;0;25;0;0;0,673,4305,3898;4185;4138;4305;2779;3116;2616;2427;2810;2710;2612;2094;946;771;673;884,94.0,0.0,9472.8,0,0,0,0,0,0.0,0,0,0,0,0,0,0,0,0.0,0,0,0,0,0,0.0,0.0,0.0,0,0,0,43.1,10.98,12.58,0.39,34.24,27.4,63.4,98.28765258764672,9.937200575584823,36.63142525417078,36.040956536678316,15.81328793106359,1799.0,0.0,0.0,40.62848864083611,0.0,39.05436445842499,14.1,96.2,0.0,0.0,0.0,450.0,9472.8,0.0,0.0,105.881,2.266,108.147,47.783,3.058,105.089,emon,0.562,0.397,145.0,67.6,2.146
2026-09-29 23:10:52.677,13.6,0,86,46;16;15;86;16;2;0;0;23;0;0;0;14;0;0;0,799,4329,3873;4050;4242;4329;2743;2895;2809;2781;2784;3052;3276;2884;980;799;1829;907,100.0,0.0,9472.8,0,0,0,0,0,0.0,0,0,0,0,0,0,0,0,0.0,0,0,0,0,0,0.0,0.0,0.0,0,0,0,41.1,11.94,12.59,0.39,35.21,27.2,63.4,97.63389199688321,9.761180722682843,35.4173630929419,35.236045416342535,15.239332939697695,1799.0,0.0,0.0,40.922639820112714,0.0,39.72955833024659,14.0,94.6,0.0,0.0,0.0,450.0,9472.8,0.0,0.0,105.881,2.266,108.147,47.783,3.058,105.089,emon,0.562,0.397,145.0,67.6,2.146
2026-09-29 23:10:53.678,12.4,0,84,43;12;2;84;14;0;0;0;20;2;0;0;21;0;0;0,690,4308,3845;4106;3976;4308;2787;3017;3171;3045;2896;3263;1769;3244;921;729;690;730,100.0,0.0,9472.8,0,0,0,0,0,0.0,0,0,0,0,0,0,0,0,0.0,0,0,0,0,0,0.0,0.0,0.0,0,0,0,41.1,11.94,12.59,0.39,35.21,27.2,63.4,97.94502683180683,9.988523752547204,36.75807805781095,35.77701317378372,15.735473275161157,1799.0,0.0,0.0,41.03287140596252,0.0,39.31362200732706,14.0,95.7,0.0,0.0,0.0,450.0,9472.8,0.0,0.0,105.881,2.266,108.147,47.783,3.058,105.089,emon,0.562,0.397,145.0,67.6,2.146
2026-09-29 23:10:54.705,11.8,0,92,35;12;4;92;20;2;0;0;20;0;0;0;5;0;0;0,633,4275,3907;4015;4043;4275;2764;3149;3162;1733;2816;2369;1744;1755;974;962;801;633,96.3,0.0,9472.8,0,0,0,0,0,0.0,0,0,0,0,0,0,0,0,0.0,0,0,0,0,0,0.0,0.0,0.0,0,0,0,42.1,11.94,12.59,0.39,35.21,27.4,63.4,97.61773157994682,10.181904543037398,36.972371613213774,36.0796832155197,15.950646814679803,1799.0,0.0,0.0,41.949571757552796,0.0,38.964491749286594,14.0,94.9,0.0,0.0,0.0,450.0,9472.8,0.0,0.0,105.881,2.266,108.147,47.783,3.058,105.089,emon,0.562,0.397,145.0,67.6,2.146
2026-09-29 23:10:55.705,13.4,0,80,44;11;8;80;22;2;0;0;32;0;0;0;15;2;0;0,728,4291,3867;4150;4041;4291;2793;3167;2905;2399;2818;2900;1235;2021;967;1233;728;950,94.2,0.0,9472.8,0,0,0,0,0,0.0,0,0,0,0,0,0,0,0,0.0,0,0,0,0,0,0.0,0.0,0.0,0,0,0,42.1,11.94,12.59,0.39,35.21,27.2,63.4,98.30628939678795,9.986249984967529,36.80502071374198,35.352635768464985,15.805886479867478,1799.0,0.0,0.0,42.56026251508206,0.0,38.949454406601845,14.1,95.4,0.0,0.0,0.0,450.0,9472.8,0.0,0.0,105.881,2.266,108.147,47.783,3.058,105.089,emon,0.562,0.397,145.0,67.6,2.146
2026-09-29 23:10:56.706,12.9,0,88,38;9;3;88;25;0;0;0;22;0;0;0;20;0;2;2,901,4294,3916;4092;4166;4294;2761;3216;2645;2754;2787;1929;1531;1589;1474;901;1454;928,100.0,0.0,9476.1,0,0,0,0,0,0.0,0,0,0,0,0,0,0,0,0.0,0,0,0,0,0,0.0,0.0,0.0,0,0,0,42.1,11.14,12.64,0.39,34.41,27.2,63.4,96.80797717221984,9.920237241226847,35.81254571372536,34.56613947640938,15.777902150295295,1799.0,0.0,0.0,42.23499505742969,0.0,38.30207032725849,14.0,95.4,0.0,0.0,0.0,450.0,9472.8,0.0,0.0,105.881,2.266,108.147,47.783,3.058,105.089,emon,0.562,0.397,145.0,67.6,2.146
2026-09-29 23:10:57.707,13.0,0,92,48;12;2;92;21;3;0;0;14;0;0;0;16;0;0;0,704,4278,3916;4148;4106;4278;2751;2152;2008;2636;2785;3184;3068;2842;895;704;764;1027,96.1,0.0,9472.8,0,0,0,0,0,0.0,0,0,0,0,0,0,0,0,0.0,0,0,0,0,0,0.0,0.0,0.0,0,0,0,43.1,11.14,12.64,0.39,34.41,27.2,63.4,98.46821093832055,9.42733838439235,35.928569923549276,34.04809511076122,14.50198741415377,1799.0,0.0,0.0,40.48598459540936,0.0,39.80509077386953,14.0,94.6,0.0,0.0,0.0,450.0,9472.8,0.0,0.0,105.881,2.266,108.147,47.783,3.058,105.089,emon,0.562,0.397,145.0,67.6,2.146
2026-09-29 23:10:58.708,13.6,0,91,47;6;5;91;33;3;0;0;14;3;0;0;14;2;0;0,724,4249,3956;4072;4224;4249;2752;2301;2980;1894;2718;3059;2321;1892;925;925;759;724,89.4,0.0,9472.8,0,0,0,0,0,0.0,0,0,0,0,0,0,0,0,0.0,0,0,0,0,0,0.0,0.0,0.0,0,0,0,42.1,11.14,12.64,0.39,34.41,27.2,63.4,96.66481702327728,10.055216604353001,35.046841064783244,34.78133638105714,15.456569411508434,1799.0,0.0,0.0,42.89321106025018,0.0,37.332940358811314,14.0,95.6,0.0,0.0,0.0,450.0,9472.8,0.0,0.0,105.881,2.266,108.147,47.783,3.058,105.089,emon,0.562,0.397,145.0,67.6,2.146
2026-09-29 23:10:59.708,12.4,0,89,42;13;5;89;21;0;0;0;11;2;0;0;18;0;0;0,754,4278,3896;4119;4108;4278;2750;3075;3046;2365;2742;2631;2479;1673;956;855;1279;754,99.3,0.0,9472.8,0,0,0,0,0,0.0,0,0,0,0,0,0,0,0,0.0,0,0,0,0,0,0.0,0.0,0.0,0,0,0,42.1,11.2,12.64,0.39,34.47,27.2,63.4,98.63419550420954,9.537779747227429,36.13295215273087,35.24271815837595,14.938980658451456,1799.0,0.0,0.0,40.506157123866814,0.0,41.634223332934425,14.0,94.7,0.0,0.0,0.0,450.0,9476.1,0.0,0.0,105.881,2.266,108.147,47.783,3.058,105.089,emon,0.562,0.397,145.0,67.6,2.146
2026-09-29 23:11:00.709,13.5,0,89,36;20;3;89;25;0;0;0;25;0;0;0;18;0;0;0,708,4288,3810;4102;4052;4288;2706;3096;2446;3211;2840;2694;1679;1643;1023;771;758;708,100.0,0.0,9472.8,0,0,0,0,0,0.0,0,0,0,0,0,0,0,0,0.0,0,0,0,0,0,0.0,0.0,0.0,0,0,0,43.1,11.2,12.64,0.39,34.47,27.2,63.4,97.5465191156724,9.860056831936692,35.47507879437824,35.33629428573761,15.736537728678874,1799.0,0.0,0.0,40.435890192403185,0.0,41.006086817233644,14.0,95.6,0.0,0.0,0.0,450.0,9472.8,0.0,0.0,105.881,2.266,108.147,47.783,3.058,105.089,emon,0.562,0.397,145.0,67.6,2.146
2026-09-29 23:11:01.709,12.0,0,84,44;13;3;84;16;2;3;0;19;0;0;0;8;0;0;0,764,4273,3818;4072;4046;4273;2640;2590;2927;2715;2912;2759;2817;1900;1182;915;764;946,96.4,0.0,9476.1,0,0,0,0,0,0.0,0,0,0,0,0,0,0,0,0.0,0,0,0,0,0,0.0,0.0,0.0,0,0,0,43.1,11.2,12.64,0.39,34.47,27.4,63.4,97.58366915043568,9.562340307964108,34.67467545982975,34.30981883153286,14.86810431999969,1799.0,0.0,0.0,40.70387403331895,0.0,39.21136369960453,14.0,94.4,0.0,0.0,0.0,450.0,9472.8,0.0,0.0,105.881,2.266,108.147,47.783,3.058,105.089,emon,0.562,0.397,145.0,67.6,2.146
2026-09-29 23:11:02.710,13.0,0,94,41;14;6;94;17;2;0;0;16;2;0;0;17;0;0;0,641,4287,3882;4108;4007;4287;2757;2791;2877;2756;2865;2930;2367;2575;1058;873;1403;641,100.0,0.0,9472.8,0,0,0,0,0,0.0,0,0,0,0,0,0,0,0,0.0,0,0,0,0,0,0.0,0.0,0.0,0,0,0,44.1,11.2,12.64,0.39,34.47,27.2,63.4,97.36191236507428,9.635381316808095,36.890748165033244,34.67341566311794,15.374540622903359,1799.0,0.0,0.0,41.63849990967768,0.0,39.47674746352316,14.0,95.5,0.0,0.0,0.0,450.0,9472.8,0.0,0.0,106.81,2.1,108.91,39.372,2.52,106.39,emon,0.572,0.409,144.9,67.8,2.138
2026-09-29 23:11:03.710,12.6,0,85,35;15;9;85;12;3;0;0;21;0;0;0;21;0;0;0,731,4326,3859;4031;4172;4326;2774;2833;2838;3072;2754;2842;1424;2669;931;986;836;731,85.5,0.0,9472.8,0,0,0,0,0,0.0,0,0,0,0,0,0,0,0,0.0,0,0,0,0,0,0.0,0.0,0.0,0,0,0,43.1,11.18,12.68,0.39,34.53,27.2,63.4,97.75949092009073,9.700147396558153,36.40469502713658,35.352181423782184,15.723296914756158,1799.0,0.0,0.0,40.99544470184981,0.0,39.16619899267005,14.0,94.5,0.0,0.0,0.0,450.0,9472.8,0.0,0.0,106.81,2.1,108.91,39.372,2.52,106.39,emon,0.572,0.409,144.9,67.8,2.138
2026-09-29 23:11:04.711,12.4,0,89,31;14;3;89;20;0;0;0;28;0;0;0;12;0;0;0,637,4249,3878;4153;4104;4249;2754;2845;3112;3042;2868;2934;2765;2051;911;718;637;867,85.5,0.0,9472.8,0,0,0,0,0,0.0,0,0,0,0,0,0,0,0,0.0,0,0,0,0,0,0.0,0.0,0.0,0,0,0,42.1,11.18,12.68,0.39,34.53,27.2,63.4,97.75917735035064,9.61410837565634,36.46766143980567,35.02108960892432,16.00417142912505,1799.0,0.0,0.0,41.84824450555936,0.0,38.19536847844853,14.0,95.4,0.0,0.0,0.0,450.0,9472.8,0.0,0.0,106.81,2.1,108.91,39.372,2.52,106.39,emon,0.572,0.409,144.9,67.8,2.138
2026-09-29 23:11:05.711,12.6,0,88,32;9;6;88;27;0;0;0;27;0;0;0;14;0;0;0,597,4272,3858;4089;4184;4272;2838;2380;2865;1544;2798;2881;2018;2451;939;874;600;597,98.3,0.0,9472.8,0,0,0,0,0,0.0,0,0,0,0,0,0,0,0,0.0,0,0,0,0,0,0.0,0.0,0.0,0,0,0,42.1,11.18,12.68,0.39,34.53,27.2,63.4,96.98232747743714,9.919170504042281,35.50186943333104,34.96571307761489,15.381707057335968,1799.0,0.0,0.0,42.095840000819834,0.0,37.028832205739754,14.0,95.3,0.0,0.0,0.0,450.0,9472.8,0.0,0.0,106.81,2.1,108.91,39.372,2.52,106.39,emon,0.572,0.409,144.9,67.8,2.138
2026-09-29 23:11:06.712,13.7,0,80,50;14;8;80;21;2;2;0;14;2;0;0;22;3;2;0,724,4254,3915;4081;4032;4254;2895;3101;2849;3350;2793;2438;2160;3025;1087;1243;944;724,94.2,0.0,9472.8,0,0,0,0,0,0.0,0,0,0,0,0,0,0,0,0.0,0,0,0,0,0,0.0,0.0,0.0,0,0,0,42.1,11.18,12.68,0.39,34.53,27.2,63.4,98.14283397369886,9.422987427173235,36.14265375977272,34.369269374228146,14.186015590985614,1799.0,0.0,0.0,41.12629762962481,0.0,40.03069716511867,14.0,94.6,0.0,0.0,0.0,450.0,9472.8,0.0,0.0,106.81,2.1,108.91,39.372,2.52,106.39,emon,0.572,0.409,144.9,67.8,2.138
2026-09-29 23:11:07.713,13.7,0,91,35;14;9;91;17;3;0;0;22;0;0;0;26;2;0;0,742,4302,3858;4038;4211;4302;2750;3040;2786;2507;2760;2776;1892;2192;1055;1060;898;742,96.3,0.0,9472.8,0,0,0,0,0,0.0,0,0,0,0,0,0,0,0,0.0,0,0,0,0,0,0.0,0.0,0.0,0,0,0,42.1,11.12,12.67,0.39,34.47,27.2,63.4,97.46723683366498,10.031323839963832,35.57526865905199,35.13475585539869,15.626428167352643,1799.0,0.0,0.0,41.65417517464937,0.0,37.611651284743445,14.0,95.4,0.0,0.0,0.0,450.0,9472.8,0.0,0.0,106.81,2.1,108.91,39.372,2.52,106.39,emon,0.572,0.409,144.9,67.8,2.138
2026-09-29 23:11:08.714,11.4,0,80,34;14;6;80;10;8;0;0;13;3;0;0;15;2;0;0,591,4299,3970;3908;4149;4299;2852;3065;2788;2801;2822;2957;2499;2488;857;939;726;591,95.8,0.0,9472.8,0,0,0,0,0,0.0,0,0,0,0,0,0,0,0,0.0,0,0,0,0,0,0.0,0.0,0.0,0,0,0,42.1,11.12,12.67,0.39,34.47,27.2,63.4,97.71904217819282,9.446687008443865,35.862228585044726,35.19290064639365,15.361962983893585,1799.0,0.0,0.0,39.578381830922275,0.0,39.38092528969648,14.0,94.4,0.0,0.0,0.0,450.0,9472.8,0.0,0.0,106.81,2.1,108.91,39.372,2.52,106.39,emon,0.572,0.409,144.9,67.8,2.138
2026-09-29 23:11:09.715,12.0,0,86,8;38;6;86;0;20;2;0;0;19;0;0;2;8;3;0,597,4321,4135;3931;4044;4321;1656;2715;2951;2342;1494;2665;3285;1321;597;1071;1130;606,93.3,0.0,9472.8,0,0,0,0,0,0.0,0,0,0,0,0,0,0,0,0.0,0,0,0,0,0,0.0,0.0,0.0,0,0,0,42.1,11.12,12.67,0.39,34.47,27.2,63.4,95.74256498643331,10.80792418569659,37.05028679754053,37.62922070712916,18.423196555475545,1799.0,0.0,0.0,42.70141614189904,0.0,36.82923084846674,14.0,95.5,0.0,0.0,0.0,450.0,9472.8,0.0,0.0,106.81,2.1,108.91,39.372,2.52,106.39,emon,0.572,0.409,144.9,67.8,2.138
2026-09-29 23:11:10.715,13.4,0,89,6;50;8;89;0;20;0;0;0;22;0;0;3;11;3;2,653,4309,4024;3876;4309;4286;2324;2926;2423;3031;2075;2835;2842;2330;653;1270;689;1006,100.0,0.0,9472.8,0,0,0,0,0,0.0,0,0,0,0,0,0,0,0,0.0,0,0,0,0,0,0.0,0.0,0.0,0,0,0,42.1,11.12,12.67,0.39,34.47,27.2,63.4,97.85015973069451,9.724849168410186,36.1941503609446,35.18246027399701,15.447036718704807,1799.0,0.0,0.0,41.587118728410466,0.0,38.83882703704331,14.0,94.6,0.0,0.0,0.0,450.0,9472.8,0.0,0.0,106.81,2.1,108.91,39.372,2.52,106.39,emon,0.572,0.409,144.9,67.8,2.138
2026-09-29 23:11:11.716,12.5,0,84,10;51;5;84;0;22;2;0;0;14;0;0;3;10;0;0,626,4303,4064;3926;4054;4303;2007;2494;2676;2908;1478;2750;2716;1489;626;1264;719;769,94.0,0.0,9472.8,0,0,0,0,0,0.0,0,0,0,0,0,0,0,0,0.0,0,0,0,0,0,0.0,0.0,0.0,0,0,0,42.1,11.14,12.69,0.39,34.44,27.2,63.4,98.01575746680751,10.17852958174413,36.549426319021165,35.450310138176484,15.69531557288002,1799.0,0.0,0.0,40.8463445491589,0.0,38.09927497764619,14.1,95.9,0.0,0.0,0.0,450.0,9472.8,0.0,0.0,106.81,2.1,108.91,39.372,2.52,106.39,emon,0.572,0.409,144.9,67.8,2.138
2026-09-29 23:11:12.716,13.3,0,89,6;48;6;89;0;23;3;0;0;20;2;0;6;8;2;0,621,4327,4145;3918;4120;4327;3335;2646;2740;2598;1782;2791;2923;3158;621;951;834;653,100.0,0.0,9472.8,0,0,0,0,0,0.0,0,0,0,0,0,0,0,0,0.0,0,0,0,0,0,0.0,0.0,0.0,0,0,0,43.1,11.14,12.69,0.39,34.44,27.2,63.4,97.3933178653904,9.628958135240657,35.17679514925854,34.096351807462234,13.876118671866339,1799.0,0.0,0.0,40.4068614109328,0.0,40.355836353792284,14.0,94.5,0.0,0.0,0.0,450.0,9472.8,0.0,0.0,106.81,2.1,108.91,39.372,2.52,106.39,emon,0.572,0.409,144.9,67.8,2.138
2026-09-29 23:11:13.717,13.3,0,89,17;45;3;89;0;20;0;0;0;19;0;0;3;12;2;3,606,4276,4095;3848;4107;4276;2755;2765;2876;2616;2988;2846;3283;2898;606;1096;868;945,93.7,0.0,9472.8,0,0,0,0,0,0.0,0,0,0,0,0,0,0,0,0.0,0,0,0,0,0,0.0,0.0,0.0,0,0,0,43.1,11.14,12.69,0.39,34.44,27.2,63.4,97.66564496878152,9.850373242078698,36.321337473918206,35.81527569382147,15.402822202176539,1799.0,0.0,0.0,41.09775137874202,0.0,40.38066993376113,14.0,95.4,0.0,0.0,0.0,450.0,9472.8,0.0,0.0,105.795,2.469,108.264,39.379,2.52,105.744,emon,0.567,0.523,144.9,67.8,2.137
2026-09-29 23:11:14.722,13.0,0,91,8;45;5;91;0;31;0;2;0;12;2;0;3;9;2;0,610,4308,4057;3935;4129;4308;3154;2910;2909;2819;3019;2784;2615;3174;675;1224;878;610,100.0,0.0,9472.8,0,0,0,0,0,0.0,0,0,0,0,0,0,0,0,0.0,0,0,0,0,0,0.0,0.0,0.0,0,0,0,45.1,11.14,12.69,0.39,34.44,27.4,63.4,97.53660417674,9.74453420799895,36.441206908676925,35.38985853228304,15.229262638390152,1799.0,0.0,0.0,40.86124385596885,0.0,40.68526217661638,14.0,95.5,0.0,0.0,0.0,450.0,9472.8,0.0,0.0,105.795,2.469,108.264,39.379,2.52,105.744,emon,0.567,0.523,144.9,67.8,2.137
2026-09-29 23:11:15.723,13.6,0,91,12;38;5;91;0;22;2;0;0;30;0;0;3;16;0;0,615,4244,4126;3872;4044;4244;2559;2781;3085;3174;1431;2808;3137;2857;615;1244;763;1241,100.0,0.0,9472.8,0,0,0,0,0,0.0,0,0,0,0,0,0,0,0,0.0,0,0,0,0,0,0.0,0.0,0.0,0,0,0,42.1,11.27,12.67,0.39,34.58,27.2,63.4,97.59620028300719,9.808748094259169,35.05136123787273,35.019410436769775,15.318904886566717,1799.0,0.0,0.0,40.48925617071694,0.0,38.153429015432486,14.0,94.8,0.0,0.0,0.0,450.0,9472.8,0.0,0.0,105.795,2.469,108.264,39.379,2.52,105.744,emon,0.567,0.523,144.9,67.8,2.137
2026-09-29 23:11:16.723,12.2,0,94,20;32;3;94;0;17;3;0;0;17;0;0;0;8;2;0,604,4323,4207;3808;4156;4323;1538;2635;2960;1698;1456;2826;2648;1448;604;1258;825;649,93.8,0.0,9472.8,0,0,0,0,0,0.0,0,0,0,0,0,0,0,0,0.0,0,0,0,0,0,0.0,0.0,0.0,0,0,0,42.1,11.27,12.67,0.39,34.58,27.2,63.4,97.60597652906975,10.455308153058674,36.42524003250934,35.95383946102664,16.517140769434164,1799.0,0.0,0.0,42.793621437190374,0.0,38.69020769274606,14.0,95.5,0.0,0.0,0.0,450.0,9472.8,0.0,0.0,105.795,2.469,108.264,39.379,2.52,105.744,emon,0.567,0.523,144.9,67.8,2.137
2026-09-29 23:11:17.724,17.1,0,92,18;44;11;92;2;22;5;3;0;25;3;2;3;43;2;0,922,4493,4342;4383;4402;4493;3000;2900;2793;2807;2899;2952;3042;2970;1043;2276;922;1037,100.0,0.0,9472.8,0,0,0,0,0,0.0,0,0,0,0,0,0,0,0,0.0,0,0,0,0,0,0.0,0.0,0.0,0,0,0,59.1,11.27,12.67,0.39,34.58,19.3,63.4,92.61758474649581,7.832174663382491,34.09151077217761,32.41198648307967,11.12259916060391,1775.3274336283187,0.0,0.0,30.67172081889976,0.0,43.28659482982665,8.2,54.4,0.0,0.0,0.0,450.0,3092.8,0.0,0.0,105.795,2.469,108.264,39.379,2.52,105.744,emon,0.567,0.523,144.9,67.8,2.137
