timestamp,cpu_total_pct,cpu_core_min,cpu_core_max,cpu_cores_csv,cpu_freq_min_mhz,cpu_freq_max_mhz,cpu_freq_csv,igpu_pct,igpu_ded_mb,igpu_shared_mb,nvidia_gpu_pct,nvidia_mem_pct,nvidia_mem_used_mb,nvidia_mem_total_mb,nvidia_temp_c,nvidia_power_w,nvidia_sm_clk_mhz,nvidia_mem_clk_mhz,nvidia_pcie_gen,nvidia_pcie_width,nvidia_throttle,nvidia_pcie_rx_kbs,nvidia_pcie_tx_kbs,nvidia_pstate,nvidia_power_limit_w,nvidia_sm_clk_max_mhz,nvidia_mem_clk_max_mhz,nvidia_sm_clk_eff_pct,nvidia_mem_clk_eff_pct,nvidia_power_eff_pct,npu_pct,npu_ded_mb,npu_shared_mb,npu_process_count,npu_infer_ms,cpu_throttle_pct,soc_temp_c,rapl_cpu_w,rapl_igpu_w,rapl_npu_w,rapl_soc_w,ram_used_gb,ram_total_gb,l0_gpu_busy,l0_xve_active,l0_xve_stall,l0_xve_occupancy,l0_l3_stall,l0_gpu_freq_mhz,l0_mem_read_gbs,l0_mem_write_gbs,l0_compute_busy,l0_copy_busy,l0_render_busy,zes_gpu_busy,zes_compute_busy,zes_render_busy,zes_copy_busy,zes_media_busy,zes_freq_mhz,zes_mem_used_mb,zes_temp_c,zes_power_w,dram_read_gbs,dram_write_gbs,dram_total_gbs,l3miss_millions,ia_dram_bw_gbs,nonia_dram_bw_gbs,bw_source,dram_page_hit_rate_rd,dram_page_hit_rate_wr,dram_rd_latency_imc_clks,dram_rd_latency_ns,imc_freq_ghz
2026-09-17 21:18:30.431,19.9,0,100,60;50;100;0;0;0;50;0;0;0;0;33;0;0;25;0,1275,4674,4651;4657;4674;4563;3356;3260;2753;3108;3415;3392;3090;2905;1323;1592;1564;1275,7.0,0.0,990.1,0,0,0,0,0,0.0,0,0,0,0,0,0,0,0,0.0,0,0,0,0,0,0.0,0.0,0.0,0,0,0,77.1,0.0,0.0,0.0,0.0,16.0,63.4,89.04637854439872,4.7898369289579845,20.531733104160853,21.059463500976562,0.8415007928297633,1506.142857142857,0.0,0.0,0.0,0.0,57.52966698205897,0.0,0.0,0.0,0.0,0.0,0.0,0.0,0.0,0.0,,,,,,,,,,,,
2026-09-17 21:18:31.431,19.8,0,94,57;52;94;17;0;0;26;3;5;0;25;9;0;0;14;15,1206,4729,4729;4728;4728;4724;3391;2142;2732;3429;3443;2717;2583;3015;1469;1224;1458;1206,6.6,0.0,980.4,0,0,0,0,0,0.0,0,0,0,0,0,0,0,0,0.0,0,0,0,0,0,0.0,0.0,0.0,0,0,0,79.1,0.0,0.0,0.0,0.0,16.0,63.4,92.80983941679816,3.986050678509449,19.83633554145981,19.793360713756446,1.4174455663012264,1175.5840220385676,0.0,0.0,0.0,0.0,57.91138506223019,0.0,0.0,0.0,0.0,0.0,450.0,980.4,0.0,0.0,,,,,,,,,,,,
2026-09-17 21:18:32.432,21.0,0,88,58;47;88;22;5;2;34;9;2;2;29;9;3;0;23;5,1820,4725,4712;4712;4725;4720;3269;3366;2850;3292;3256;3207;2804;3225;2274;2576;1879;1820,6.6,0.0,980.4,0,0,0,0,0,0.0,0,0,0,0,0,0,0,0,0.0,0,0,0,0,0,0.0,0.0,0.0,0,0,0,78.1,31.75,0.22,0.4,36.54,16.1,63.4,98.369005353964,3.975270150145592,20.472780778232647,20.55715340245972,1.2992082653863468,1142.732970027248,0.0,0.0,0.0,0.0,57.96164241152986,1.1,0.0,0.0,0.0,0.0,450.0,980.4,0.0,0.0,,,,,,,,,,,,
2026-09-17 21:18:33.432,23.7,0,92,51;66;92;32;6;2;31;8;6;2;25;16;2;0;32;9,1093,4705,4668;4687;4694;4705;3433;3391;2977;3282;3160;3367;2951;3203;1682;1093;2192;1759,8.2,0.0,986.7,0,0,0,0,0,0.0,0,0,0,0,0,0,0,0,0.0,0,0,0,0,0,0.0,0.0,0.0,0,0,0,77.1,31.75,0.22,0.4,36.54,16.0,63.4,90.21103561391408,4.211400756746161,20.09405551784655,20.267688671501435,1.174866423416912,1137.1201044386423,0.0,0.0,0.0,0.0,57.21819980369088,1.2,0.0,0.0,0.0,0.0,450.0,986.7,0.0,0.0,,,,,,,,,,,,
2026-09-17 21:18:34.432,27.0,0,94,58;72;94;25;6;0;72;17;11;0;22;17;0;0;29;8,1330,4710,4690;4697;4710;4706;3445;3341;3361;3423;3341;3451;3002;3295;1330;2217;2147;1792,6.9,0.0,1000.1,0,0,0,0,0,0.0,0,0,0,0,0,0,0,0,0.0,0,0,0,0,0,0.0,0.0,0.0,0,0,0,78.1,31.75,0.22,0.4,36.54,16.1,63.4,91.62329751989814,3.6000662037495816,19.43437756313367,19.284977757528928,1.157265782628334,1274.2808988764045,0.0,0.0,0.2805553622481026,0.009830717290385385,56.45879481333109,1.0,0.0,0.0,0.0,0.0,450.0,1000.1,0.0,0.0,,,,,,,,,,,,
2026-09-17 21:18:35.443,76.5,67,97,86;89;97;80;67;67;91;71;68;67;80;78;67;67;80;68,2655,4689,4671;4678;4689;4678;3427;3427;3407;3419;3430;3429;3364;3427;2699;2706;2655;2694,6.9,0.0,1000.1,0,0,0,0,0,0.0,0,0,0,0,0,0,0,0,0.0,0,0,0,0,0,0.0,0.0,0.0,0,0,0,82.1,31.75,0.22,0.4,36.54,23.5,63.4,91.7086515717229,4.127740912820494,19.646330186204565,19.734092738819914,0.8454584060952718,1151.9085872576177,0.0,0.0,0.0,0.0,57.336601521087154,1.0,0.0,0.0,0.0,0.0,450.0,1000.1,0.0,0.0,,,,,,,,,,,,
2026-09-17 21:18:36.443,33.0,9,95,54;58;95;24;11;13;92;22;18;13;42;21;14;14;29;9,2324,4663,4619;4663;4648;4646;3428;3433;3395;3436;3351;3413;3037;3413;2782;2807;2324;2564,6.5,0.0,992.1,0,0,0,0,0,0.0,0,0,0,0,0,0,0,0,0.0,0,0,0,0,0,0.0,0.0,4342.6,0,0,0,71.1,33.46,0.27,0.39,39.52,20.7,63.4,92.72681502372988,4.1021083612595834,19.66988270769837,19.793401374611804,0.9177305864756026,1126.4193548387098,0.0,0.0,0.0,0.0,57.583405177138985,1.0,0.0,0.0,0.0,0.0,450.0,992.1,0.0,0.0,,,,,,,,,,,,
2026-09-17 21:18:37.444,14.1,0,94,39;19;94;9;0;0;23;2;0;0;19;0;0;0;14;6,415,4004,3667;3579;4004;3259;3208;2857;2674;2740;3216;2464;2630;2708;592;415;792;636,6.8,0.0,992.1,0,0,0,0,0,0.0,0,0,0,0,0,0,0,0,0.0,0,0,0,0,0,65.7,0.0,4709.6,0,0,0,60.1,33.46,0.27,0.39,39.52,20.7,63.4,99.82087445196517,4.514028780005892,19.356961670822983,19.736608690477105,1.3402796903927017,932.0708661417323,0.0,0.0,0.0,0.0,58.84173362946573,1.1,0.0,0.0,0.0,0.0,250.0,992.1,0.0,0.0,,,,,,,,,,,,
2026-09-17 21:18:38.444,14.0,0,96,36;14;96;5;0;0;27;2;0;0;18;2;0;0;17;8,446,4038,3670;3514;4038;3367;2888;1993;2616;3247;3048;1878;2568;2901;659;446;797;639,7.3,0.0,987.2,0,0,0,0,0,0.0,0,0,0,0,0,0,0,0,0.0,0,0,0,0,0,99.3,0.0,4709.6,0,0,0,59.1,33.46,0.27,0.39,39.52,20.7,63.4,99.831895813307,4.505794163161096,19.20095348109153,19.61932251036323,1.2051846540057922,902.0026109660574,0.0,0.0,0.0,0.0,58.93773304992027,1.1,0.0,0.0,0.0,0.0,250.0,987.2,0.0,0.0,,,,,,,,,,,,
2026-09-17 21:18:39.444,12.9,0,94,30;11;94;3;0;0;18;0;0;0;20;0;2;0;24;5,628,4060,3755;3643;4060;3443;3076;2558;2525;2852;2991;2035;2513;2926;804;629;808;628,7.7,0.0,987.2,0,0,0,0,0,0.0,0,0,0,0,0,0,0,0,0.0,0,0,0,0,0,98.8,0.0,4709.6,0,0,0,58.1,33.46,0.27,0.39,39.52,20.7,63.4,99.814153307723,4.5497487064806,19.094650004924745,19.534807406151884,1.20325580783378,906.1801566579635,0.0,0.0,0.0,0.0,58.290043421848324,1.2,0.0,0.0,0.0,0.0,250.0,987.2,0.0,0.0,,,,,,,,,,,,
2026-09-17 21:18:40.445,13.7,0,96,42;17;96;2;0;0;23;0;0;0;12;2;0;0;18;9,554,4025,3749;3475;4025;3225;2120;2805;2529;3011;1955;1522;2582;2576;554;622;828;643,7.4,0.0,987.2,0,0,0,0,0,0.0,0,0,0,0,0,0,0,0,0.0,0,0,0,0,0,98.3,0.0,4709.6,0,0,0,58.1,16.08,0.09,4.52,32.51,20.7,63.4,99.80607883670787,4.486815040033561,19.04519721788446,19.493609838843962,0.9890862568025236,917.6528497409327,0.0,0.0,0.0,0.0,58.60963341310003,1.2,0.0,0.0,0.0,0.0,250.0,987.2,0.0,0.0,,,,,,,,,,,,
2026-09-17 21:18:41.446,20.5,0,92,62;34;92;20;0;0;36;8;0;0;22;17;3;0;23;12,547,3973,3833;3706;3973;3589;2975;1584;2834;2915;3138;1695;2811;2952;547;569;789;624,9.0,0.0,1018.0,0,0,0,0,0,0.0,0,0,0,0,0,0,0,0,0.0,0,0,0,0,0,98.7,0.0,4709.6,0,0,0,57.1,16.08,0.09,4.52,32.51,20.9,63.4,99.78408617348168,4.559555767204584,19.864468415169604,20.11772773474225,1.136773913122826,966.866323907455,0.0,0.0,0.0,0.0,58.91157239516551,1.2,0.0,0.0,0.0,0.0,250.0,987.2,0.0,0.0,,,,,,,,,,,,
2026-09-17 21:18:42.446,16.3,0,98,38;22;98;11;0;0;30;0;0;0;22;6;0;0;22;13,493,3965,3748;3639;3965;3529;1777;1509;2675;3201;2840;1795;2659;2799;724;493;796;636,7.9,0.0,1010.5,0,0,0,0,0,0.0,0,0,0,0,0,0,0,0,0.0,0,0,0,0,0,90.2,0.0,4709.6,0,0,0,56.1,16.08,0.09,4.52,32.51,20.9,63.4,99.57034299638536,4.331294702490171,21.26487834188673,21.123701303535036,1.430416093989657,989.5555555555555,0.0,0.0,0.0,0.0,55.77989153669526,1.2,0.0,0.0,0.0,0.0,250.0,1010.5,0.0,0.0,,,,,,,,,,,,
2026-09-17 21:18:43.447,16.2,0,97,46;28;97;3;0;0;32;0;0;0;25;3;0;0;16;9,537,3945,3699;3642;3945;3408;2691;2264;2779;2758;3037;2859;2779;2867;537;562;793;666,8.7,0.0,1010.5,0,0,0,0,0,0.0,0,0,0,0,0,0,0,0,0.0,0,0,0,0,0,90.2,0.0,4709.6,0,0,0,56.1,16.08,0.09,4.52,32.51,20.9,63.4,99.61857231584176,4.335198713200433,21.029984845055473,20.793825773965743,1.2279570205160617,901.1164021164021,0.0,0.0,0.0,0.0,56.60185276040876,1.3,0.0,0.0,0.0,0.0,250.0,1010.5,0.0,0.0,84.54,1.035,85.575,38.701,2.477,83.098,emon,0.826,0.46,46.8,21.9,2.142
2026-09-17 21:18:44.447,13.2,0,91,9;46;91;5;3;0;0;20;0;0;0;23;0;0;0;14,480,3981,3635;3747;3981;3453;3091;2988;2566;2709;2779;1936;1615;2745;666;507;480;844,10.3,0.0,1011.9,0,0,0,0,0,0.0,0,0,0,0,0,0,0,0,0.0,0,0,0,0,0,90.1,0.0,4709.6,0,0,0,56.1,16.68,0.18,4.01,33.24,20.9,63.4,99.75942210252373,4.56970130024156,20.852493629405636,20.7184100151062,1.346109359415319,797.5602094240837,0.0,0.0,0.0,0.0,57.90557195235309,1.4,0.0,0.0,0.0,0.0,250.0,1011.9,0.0,0.0,84.54,1.035,85.575,38.701,2.477,83.098,emon,0.826,0.46,46.8,21.9,2.142
2026-09-17 21:18:45.447,30.4,12,89,38;64;89;23;18;20;14;29;29;14;12;34;28;15;17;42,695,3951,3838;3875;3951;3837;3045;3097;3095;2977;3124;3206;3215;3008;721;695;696;756,10.3,0.0,1011.9,0,0,0,0,0,0.0,0,0,0,0,0,0,0,0,0.0,0,0,0,0,0,90.1,0.0,4709.6,0,0,0,54.1,16.68,0.18,4.01,33.24,20.9,63.4,99.6834454510663,4.603373215488485,20.763870881054853,20.97090555719427,1.1842468138787317,912.3783783783783,0.0,0.0,0.0,0.0,57.80023806586459,1.5,0.0,0.0,0.0,0.0,250.0,1010.5,0.0,0.0,84.54,1.035,85.575,38.701,2.477,83.098,emon,0.826,0.46,46.8,21.9,2.142
2026-09-17 21:18:46.448,15.0,0,84,19;84;56;8;3;0;2;25;2;0;0;27;0;0;0;15,608,4021,3637;4021;3873;3454;2792;2498;1985;2563;2571;1755;3099;2671;716;608;802;802,8.9,0.0,1033.3,0,0,0,0,0,0.0,0,0,0,0,0,0,0,0,0.0,0,0,0,0,0,100.0,0.0,4709.6,0,0,0,59.1,16.68,0.18,4.01,33.24,20.9,63.4,99.76629122625295,3.7505620962023656,20.05611058856195,20.02257377272892,1.1594603702861201,893.5623342175066,0.0,0.0,0.0,0.0,58.11583335221367,1.4,0.0,0.0,0.0,0.0,250.0,1033.3,0.0,0.0,84.54,1.035,85.575,38.701,2.477,83.098,emon,0.826,0.46,46.8,21.9,2.142
2026-09-17 21:18:47.459,16.9,2,82,19;82;56;14;2;2;2;28;3;2;2;25;6;5;3;22,663,4247,4099;4247;4118;4022;2771;3141;3163;2449;2859;3029;2940;2457;739;663;780;800,6.7,0.0,1022.2,0,0,0,0,0,0.0,0,0,0,0,0,0,0,0,0.0,0,0,0,0,0,99.4,0.0,4709.6,0,0,0,63.1,16.68,0.18,4.01,33.24,20.9,63.4,98.75805206298828,0.060258538089692594,4.6201744556427,0.601225246489048,0.531449842453003,909.0,0.0,0.0,0.0,0.0,50.13330879062414,1.1,0.0,0.0,0.0,0.0,250.0,1022.2,0.0,0.0,84.54,1.035,85.575,38.701,2.477,83.098,emon,0.826,0.46,46.8,21.9,2.142
2026-09-17 21:18:48.460,8.4,0,82,5;28;82;2;0;0;0;12;0;0;0;5;0;0;0;0,652,4294,3949;4140;4294;4078;1325;1482;1330;1906;1410;1329;1269;1859;820;663;881;652,0.0,0.0,1023.2,0,0,0,0,0,0.0,0,0,0,0,0,0,0,0,0.0,0,0,0,0,0,95.7,0.0,4709.6,0,0,0,64.1,17.96,0.11,3.32,34.2,20.9,63.4,98.75805206298828,0.060258538089692594,4.6201744556427,0.601225246489048,0.531449842453003,909.0,0.0,0.0,0.0,0.0,50.13330879062414,0.0,0.0,0.0,0.0,0.0,250.0,1023.2,0.0,0.0,84.54,1.035,85.575,38.701,2.477,83.098,emon,0.826,0.46,46.8,21.9,2.142
2026-09-17 21:18:49.460,10.1,0,98,0;30;98;2;0;0;0;12;0;0;0;12;0;0;0;6,500,4324,4050;4250;4324;4308;2268;2687;2889;1828;2760;2910;2910;1999;743;548;500;610,0.0,0.0,1023.2,0,0,0,0,0,0.0,0,0,0,0,0,0,0,0,0.0,0,0,0,0,0,98.6,0.0,4709.6,0,0,0,64.1,17.96,0.11,3.32,34.2,20.9,63.4,98.36985778808594,0.008587371557950974,1.0684584379196167,0.10675523430109024,0.0,1049.0,0.0,0.0,0.0,0.0,50.20611736178398,0.0,0.0,0.0,0.0,0.0,250.0,1023.2,0.0,0.0,84.54,1.035,85.575,38.701,2.477,83.098,emon,0.826,0.46,46.8,21.9,2.142
2026-09-17 21:18:50.461,8.8,0,98,0;25;98;0;0;0;0;11;0;0;0;6;0;0;0;0,458,4344,4004;4196;4344;3659;1692;1170;1249;1523;1232;1330;1381;1646;613;458;465;612,0.0,0.0,1010.6,0,0,0,0,0,0.0,0,0,0,0,0,0,0,0,0.0,0,0,0,0,0,96.1,0.0,4709.6,0,0,0,65.1,17.96,0.11,3.32,34.2,20.9,63.4,99.13964080810547,5.336312770843506,28.64617919921875,24.03744888305664,0.05353915202431381,949.0,0.0,0.0,0.0,0.0,50.09603908658028,0.0,0.0,0.0,0.0,0.0,250.0,1010.6,0.0,0.0,84.54,1.035,85.575,38.701,2.477,83.098,emon,0.826,0.46,46.8,21.9,2.142
2026-09-17 21:18:51.462,9.2,0,95,0;26;95;2;0;0;0;9;0;0;0;11;0;0;0;3,461,4326,4043;4152;4326;4175;1634;1459;1766;1754;1409;2951;1229;1747;597;497;461;612,0.0,0.0,1019.9,0,0,0,0,0,0.0,0,0,0,0,0,0,0,0,0.0,0,0,0,0,0,94.6,0.0,4709.6,0,0,0,65.1,17.96,0.11,3.32,34.2,20.9,63.4,98.9473991394043,0.008276332169771194,1.0366849899291992,0.10384117066860199,0.0,1074.0,0.0,0.0,0.0,0.0,50.16121882945299,0.0,0.0,0.0,0.0,0.0,250.0,1019.9,0.0,0.0,84.54,1.035,85.575,38.701,2.477,83.098,emon,0.826,0.46,46.8,21.9,2.142
2026-09-17 21:18:52.462,8.7,0,97,0;25;97;0;0;0;0;5;0;0;0;6;0;0;0;6,460,4361,3516;4095;4325;4361;1625;1479;1477;1654;1437;1340;1417;1535;536;460;471;841,0.4,0.0,1011.1,0,0,0,0,0,0.0,0,0,0,0,0,0,0,0,0.0,0,0,0,0,0,95.1,0.0,4709.6,0,0,0,64.1,17.47,0.0,3.97,33.73,20.9,63.4,97.97585678100586,2.429832862690091,17.000209122896194,17.59256998822093,0.011346375569701195,1024.0,0.0,0.0,0.0,0.0,50.14529566466808,0.0,0.0,0.0,0.0,0.0,250.0,1019.9,0.0,0.0,84.54,1.035,85.575,38.701,2.477,83.098,emon,0.826,0.46,46.8,21.9,2.142
2026-09-17 21:18:53.463,12.2,0,83,12;38;83;8;6;2;5;9;5;3;3;11;0;3;2;6,675,4337,4245;4268;4337;4227;3057;3392;3411;2058;3364;3381;3408;2100;695;730;715;675,0.0,0.0,1011.1,0,0,0,0,0,0.0,0,0,0,0,0,0,0,0,0.0,0,0,0,0,0,94.2,0.0,4709.6,0,0,0,65.1,17.47,0.0,3.97,33.73,20.8,63.4,96.74057006835938,0.006808705627918243,1.11790132522583,0.11207423359155655,0.0,1499.0,0.0,0.0,0.0,0.0,50.08146920800209,0.0,0.0,0.0,0.0,0.0,250.0,1011.1,0.0,0.0,84.54,1.035,85.575,38.701,2.477,83.098,emon,0.826,0.46,46.8,21.9,2.142
2026-09-17 21:18:54.463,12.5,2,83,6;83;43;5;3;5;2;16;5;3;3;8;3;2;2;12,693,4306,4202;4306;4243;4177;3269;3365;3278;2268;3394;3296;3395;2350;693;725;766;834,0.0,0.0,1011.1,0,0,0,0,0,0.0,0,0,0,0,0,0,0,0,0.0,0,0,0,0,0,95.2,0.0,4709.6,0,0,0,68.1,17.47,0.0,3.97,33.73,20.8,63.4,98.9071159362793,0.008537582121789455,0.8230760097503662,0.082254558801651,0.0,1074.0,0.0,0.0,0.0,0.0,50.09675281494856,0.0,0.0,0.0,0.0,0.0,250.0,1011.1,0.0,0.0,86.743,0.642,87.385,10.599,0.678,86.707,emon,0.839,0.704,45.8,21.3,2.146
2026-09-17 21:18:55.464,9.1,0,86,3;86;35;0;0;0;0;9;0;0;0;5;0;0;0;8,735,4267,4110;4267;4130;3884;2552;2034;2110;1823;2258;2320;2206;2161;750;735;758;804,1.1,0.0,923.6,0,0,0,0,0,0.0,0,0,0,0,0,0,0,0,0.0,0,0,0,0,0,95.5,0.0,4709.6,0,0,0,66.1,17.47,0.0,3.97,33.73,20.8,63.4,98.32173919677734,0.010182016529142857,0.8600263595581055,0.08673027157783508,0.0,399.0,0.0,0.0,0.0,0.0,50.35364815592766,0.0,0.0,0.0,0.0,0.0,250.0,1011.1,0.0,0.0,86.743,0.642,87.385,10.599,0.678,86.707,emon,0.839,0.704,45.8,21.3,2.146
2026-09-17 21:18:56.465,10.7,0,85,3;85;38;2;2;3;0;10;3;2;2;16;0;0;0;8,529,4322,3975;4322;4192;3697;2400;2275;2276;1624;2401;2472;2174;2010;793;743;529;784,0.0,0.0,923.6,0,0,0,0,0,0.0,0,0,0,0,0,0,0,0,0.0,0,0,0,0,0,95.3,0.0,4709.6,0,0,0,67.1,17.79,0.0,4.21,34.3,20.8,63.4,98.32173919677734,0.010182016529142857,0.8600263595581055,0.08673027157783508,0.0,399.0,0.0,0.0,0.0,0.0,50.35364815592766,0.0,0.0,0.0,0.0,0.0,250.0,923.6,0.0,0.0,86.743,0.642,87.385,10.599,0.678,86.707,emon,0.839,0.704,45.8,21.3,2.146
2026-09-17 21:18:57.465,8.6,0,88,0;88;34;0;0;0;0;2;0;0;0;8;0;0;0;6,469,4436,4403;4340;4225;4436;1181;1277;1268;1467;1010;1051;1223;1486;852;469;578;613,0.0,0.0,923.6,0,0,0,0,0,0.0,0,0,0,0,0,0,0,0,0.0,0,0,0,0,0,95.3,0.0,4709.6,0,0,0,68.1,17.79,0.0,4.21,34.3,20.8,63.4,98.26305389404297,0.010272069834172726,0.8991509675979614,0.08986213058233261,0.0,399.0,0.0,0.0,0.0,0.0,50.26292023062706,0.0,0.0,0.0,0.0,0.0,250.0,923.6,0.0,0.0,86.743,0.642,87.385,10.599,0.678,86.707,emon,0.839,0.704,45.8,21.3,2.146
2026-09-17 21:18:58.466,9.7,0,86,0;86;36;0;0;0;0;9;0;0;0;14;0;0;0;10,450,4309,3888;4309;4167;4225;2591;1357;1532;1564;1784;1386;1412;1654;505;685;450;640,0.0,0.0,923.6,0,0,0,0,0,0.0,0,0,0,0,0,0,0,0,0.0,0,0,0,0,0,95.7,0.0,4709.6,0,0,0,67.1,17.79,0.0,4.21,34.3,20.8,63.4,97.13735071818034,1.858733316262563,18.72599697113037,15.445679346720377,0.18358240400751433,1440.6666666666667,0.0,0.0,0.0,0.0,50.06597142914931,0.0,0.0,0.0,0.0,0.0,250.0,923.6,0.0,0.0,86.743,0.642,87.385,10.599,0.678,86.707,emon,0.839,0.704,45.8,21.3,2.146
2026-09-17 21:18:59.467,9.2,0,94,0;94;29;0;0;0;0;6;0;0;0;12;0;0;0;6,430,4361,4039;4319;4127;4361;1625;2232;1688;1500;3027;1552;1397;1732;509;437;430;630,0.0,0.0,899.9,0,0,0,0,0,0.0,0,0,0,0,0,0,0,0,0.0,0,0,0,0,0,95.3,0.0,4709.6,0,0,0,69.1,17.79,0.0,4.21,34.3,20.8,63.4,98.86144638061523,0.0074030752293765545,0.9249687194824219,0.09255170822143555,0.0,1449.0,0.0,0.0,0.0,0.0,50.101168386638165,0.0,0.0,0.0,0.0,0.0,250.0,899.9,0.0,0.0,86.743,0.642,87.385,10.599,0.678,86.707,emon,0.839,0.704,45.8,21.3,2.146
2026-09-17 21:19:00.467,8.1,0,92,0;92;29;0;0;0;0;5;0;0;0;0;2;2;0;0,530,4307,4193;4307;4160;3724;2248;2575;2949;1856;3220;1962;1298;1740;767;946;530;641,0.0,0.0,899.9,0,0,0,0,0,0.0,0,0,0,0,0,0,0,0,0.0,0,0,0,0,0,100.0,0.0,4709.6,0,0,0,68.1,17.32,0.01,3.3,33.26,20.8,63.4,97.70633316040039,0.01023168582469225,0.8678508400917053,0.08725797384977341,0.0,399.0,0.0,0.0,0.0,0.0,50.404185473918915,0.0,0.0,0.0,0.0,0.0,250.0,899.9,0.0,0.0,86.743,0.642,87.385,10.599,0.678,86.707,emon,0.839,0.704,45.8,21.3,2.146
2026-09-17 21:19:01.468,26.1,0,98,39;64;98;19;36;8;5;27;18;5;0;50;2;0;0;47,907,4712,4696;4702;4712;4697;3319;3367;3434;2985;3354;3426;3444;3134;2862;2699;907;2699,0.2,0.0,895.9,0,0,0,0,0,0.0,0,0,0,0,0,0,0,0,0.0,0,0,0,0,0,51.5,0.0,2882.6,0,0,0,71.1,17.32,0.01,3.3,33.26,16.0,63.4,98.58940124511719,0.4376379393506795,12.678836812575659,8.109019074589014,0.5597959458827972,1244.8333333333333,0.0,0.0,0.0,0.0,50.13816997408867,0.0,0.0,0.0,0.0,0.0,450.0,895.9,0.0,0.0,86.743,0.642,87.385,10.599,0.678,86.707,emon,0.839,0.704,45.8,21.3,2.146
2026-09-17 21:19:02.468,21.7,0,98,17;87;98;8;0;2;0;67;0;0;0;52;0;0;0;17,1178,4725,4725;4718;4713;4719;3371;3452;3458;3235;3447;3289;2460;3173;2331;1433;1178;2175,0.0,0.0,895.9,0,0,0,0,0,0.0,0,0,0,0,0,0,0,0,0.0,0,0,0,0,0,0.0,0.0,0.0,0,0,0,74.1,17.32,0.01,3.3,33.26,16.2,63.4,99.23173141479492,0.007564155384898186,0.9403750896453857,0.09378118813037872,0.0,1199.0,0.0,0.0,0.0,0.0,50.095255732536316,0.0,0.0,0.0,0.0,0.0,250.0,895.9,0.0,0.0,86.743,0.642,87.385,10.599,0.678,86.707,emon,0.839,0.704,45.8,21.3,2.146
2026-09-17 21:19:03.468,78.7,68,100,81;94;100;73;72;72;72;91;73;72;70;98;68;70;69;83,2951,4726,4721;4724;4726;4726;3446;3448;3449;3424;3451;3451;3451;3429;2983;2990;2991;2951,0.0,0.0,895.9,0,0,0,0,0,0.0,0,0,0,0,0,0,0,0,0.0,0,0,0,0,0,0.0,0.0,3129.7,0,0,0,83.1,17.32,0.01,3.3,33.26,24.1,63.4,98.07096481323242,0.00842617079615593,1.076340913772583,0.10747116804122925,0.0,1199.0,0.0,0.0,0.0,0.0,50.17308275401592,0.0,0.0,0.0,0.0,0.0,300.0,895.9,0.0,0.0,86.743,0.642,87.385,10.599,0.678,86.707,emon,0.839,0.704,45.8,21.3,2.146
2026-09-17 21:19:04.469,18.1,2,94,14;84;94;5;6;10;5;18;5;3;5;23;2;2;2;14,1556,4653,4628;4601;4619;4653;2603;3077;3004;2555;2947;3114;3337;2641;2602;2847;2895;1556,0.0,0.0,895.9,0,0,0,0,0,0.0,0,0,0,0,0,0,0,0,0.0,0,0,0,0,0,0.0,0.0,4629.9,0,0,0,78.1,29.32,0.0,0.67,35.45,20.8,63.4,96.99753189086914,0.009304973296821117,0.8893436789512634,0.0887928456068039,0.0,849.0,0.0,0.0,0.0,0.0,50.33377414941788,0.0,0.0,0.0,0.0,0.0,450.0,895.9,0.0,0.0,86.743,0.642,87.385,10.599,0.678,86.707,emon,0.839,0.704,45.8,21.3,2.146
2026-09-17 21:19:05.484,8.8,0,91,0;91;31;0;0;0;0;6;0;0;0;9;0;0;0;3,648,4342,4099;4342;4225;4201;1236;2835;1116;1491;1153;968;983;1574;749;753;726;648,0.0,0.0,895.9,0,0,0,0,0,0.0,0,0,0,0,0,0,0,0,0.0,0,0,0,0,0,100.0,0.0,4738.4,0,0,0,70.1,29.32,0.0,0.67,35.45,20.8,63.4,98.82556533813477,0.008002487011253834,1.0260838270187378,0.10316875576972961,0.0,1149.0,0.0,0.0,0.0,0.0,50.077562533318996,0.0,0.0,0.0,0.0,0.0,250.0,895.9,0.0,0.0,86.743,0.642,87.385,10.599,0.678,86.707,emon,0.839,0.704,45.8,21.3,2.146
2026-09-17 21:19:06.484,9.4,0,94,3;94;23;3;0;0;0;14;0;0;0;6;0;0;0;6,461,4333,3831;4333;4155;2816;1283;1207;1223;1405;1274;1329;1330;1813;562;470;461;606,0.0,0.0,895.9,0,0,0,0,0,0.0,0,0,0,0,0,0,0,0,0.0,0,0,0,0,0,93.2,0.0,4738.4,0,0,0,69.1,29.32,0.0,0.67,35.45,20.8,63.4,98.82556533813477,0.008002487011253834,1.0260838270187378,0.10316875576972961,0.0,1149.0,0.0,0.0,0.0,0.0,50.077562533318996,0.0,0.0,0.0,0.0,0.0,250.0,895.9,0.0,0.0,11.686,13.531,25.217,266.591,17.062,8.155,emon,0.809,0.929,46.4,21.7,2.141
2026-09-17 21:19:07.485,8.9,0,68,0;50;68;0;0;0;0;9;0;0;0;3;0;0;0;12,478,4279,4111;4279;4264;3987;1502;1037;1215;1435;1228;1186;1183;1760;741;735;478;632,0.0,0.0,895.9,0,0,0,0,0,0.0,0,0,0,0,0,0,0,0,0.0,0,0,0,0,0,93.5,0.0,4738.4,0,0,0,65.1,29.32,0.0,0.67,35.45,20.8,63.4,98.2495002746582,0.008223011158406734,0.9484201073646545,0.09537119418382645,0.0,1149.0,0.0,0.0,0.0,0.0,50.141081012785435,0.0,0.0,0.0,0.0,0.0,250.0,895.9,0.0,0.0,11.686,13.531,25.217,266.591,17.062,8.155,emon,0.809,0.929,46.4,21.7,2.141
2026-09-17 21:19:08.485,9.5,0,98,0;23;98;0;0;0;0;12;0;0;0;11;0;0;0;6,501,4382,4148;4137;4337;4382;1871;1817;1272;1558;1337;1752;1816;1714;538;501;737;591,0.0,0.0,895.9,0,0,0,0,0,0.0,0,0,0,0,0,0,0,0,0.0,0,0,0,0,0,92.8,0.0,4738.4,0,0,0,65.1,17.49,0.0,4.94,33.98,20.8,63.4,98.41630935668945,0.007833561860024929,0.9815217852592468,0.09816812723875046,0.0,1199.0,0.0,0.0,0.0,0.0,50.13308483362198,0.0,0.0,0.0,0.0,0.0,250.0,895.9,0.0,0.0,11.686,13.531,25.217,266.591,17.062,8.155,emon,0.809,0.929,46.4,21.7,2.141
2026-09-17 21:19:09.485,8.3,0,100,2;20;100;0;0;0;0;5;0;0;0;5;0;0;0;2,485,4348,4019;4209;4302;4348;1867;2442;1944;1418;2440;2646;1165;1741;687;485;546;698,0.0,0.0,895.9,0,0,0,0,0,0.0,0,0,0,0,0,0,0,0,0.0,0,0,0,0,0,93.3,0.0,4738.4,0,0,0,64.1,17.49,0.0,4.94,33.98,20.8,63.4,98.68655395507812,0.008782102726399899,0.8954698443412781,0.08975393325090408,0.0,1024.0,0.0,0.0,0.0,0.0,50.10336286574602,0.0,0.0,0.0,0.0,0.0,250.0,895.9,0.0,0.0,11.686,13.531,25.217,266.591,17.062,8.155,emon,0.809,0.929,46.4,21.7,2.141
2026-09-17 21:19:10.486,10.3,0,83,5;44;83;2;2;2;0;9;0;0;2;16;0;2;0;0,653,4303,4080;4242;4303;4022;2862;2985;3142;1686;2666;3154;3199;2009;692;768;731;653,0.0,0.0,895.9,0,0,0,0,0,0.0,0,0,0,0,0,0,0,0,0.0,0,0,0,0,0,93.3,0.0,4738.4,0,0,0,65.1,17.49,0.0,4.94,33.98,20.8,63.4,97.25420761108398,0.007995416410267353,1.0173640251159668,0.10215726494789124,0.0,1099.0,0.0,0.0,0.0,0.0,50.13036398589611,0.0,0.0,0.0,0.0,0.0,250.0,895.9,0.0,0.0,11.686,13.531,25.217,266.591,17.062,8.155,emon,0.809,0.929,46.4,21.7,2.141
2026-09-17 21:19:11.486,8.2,0,91,2;91;23;0;0;0;0;12;0;0;0;3;0;0;0;0,476,4329,4086;4329;4202;3325;1354;1228;1234;1691;1410;1218;1200;1632;476;488;491;636,0.0,0.0,895.9,0,0,0,0,0,0.0,0,0,0,0,0,0,0,0,0.0,0,0,0,0,0,99.9,0.0,4738.4,0,0,0,67.1,17.49,0.0,4.94,33.98,20.8,63.4,98.17798614501953,0.008027777075767517,1.0193448066711426,0.10164667665958405,0.0,1174.0,0.0,0.0,0.0,0.0,50.22671380639076,0.0,0.0,0.0,0.0,0.0,250.0,895.9,0.0,0.0,11.686,13.531,25.217,266.591,17.062,8.155,emon,0.809,0.929,46.4,21.7,2.141
2026-09-17 21:19:12.487,9.2,0,84,3;84;31;3;0;0;0;12;0;0;0;11;0;0;0;3,514,4369,4069;4333;4218;4369;1698;1244;1319;1504;1288;1343;1565;1780;642;887;514;604,0.0,0.0,895.9,0,0,0,0,0,0.0,0,0,0,0,0,0,0,0,0.0,0,0,0,0,0,100.0,0.0,4738.4,0,0,0,68.1,17.47,0.0,4.47,34.11,20.8,63.4,98.36344146728516,0.01039409264922142,0.8756464719772339,0.08811412006616592,0.0,399.0,0.0,0.0,0.0,0.0,50.355747640132904,0.0,0.0,0.0,0.0,0.0,250.0,895.9,0.0,0.0,11.686,13.531,25.217,266.591,17.062,8.155,emon,0.809,0.929,46.4,21.7,2.141
2026-09-17 21:19:13.487,8.1,0,84,3;84;29;0;2;0;0;5;0;0;0;3;0;0;0;3,496,4355,4197;4355;4258;4125;1800;2107;1499;1550;2708;1378;1684;1658;661;496;502;794,0.0,0.0,895.9,0,0,0,0,0,0.0,0,0,0,0,0,0,0,0,0.0,0,0,0,0,0,93.4,0.0,4738.4,0,0,0,68.1,17.47,0.0,4.47,34.11,20.8,63.4,98.43801498413086,0.007914852350950241,1.0253340005874634,0.10295002162456512,0.0,1199.0,0.0,0.0,0.0,0.0,50.012178257107735,0.0,0.0,0.0,0.0,0.0,250.0,895.9,0.0,0.0,11.686,13.531,25.217,266.591,17.062,8.155,emon,0.809,0.929,46.4,21.7,2.141
2026-09-17 21:19:14.488,10.4,0,95,28;3;95;2;11;2;2;0;11;2;0;0;6;0;0;6,443,4332,4173;3925;4332;4100;1631;1764;1253;1384;1543;1601;1197;1139;885;443;575;605,0.0,0.0,895.9,0,0,0,0,0,0.0,0,0,0,0,0,0,0,0,0.0,0,0,0,0,0,93.4,0.0,4738.4,0,0,0,65.1,17.47,0.0,4.47,34.11,20.8,63.4,97.45434951782227,0.008172275498509407,0.8440639972686768,0.08456103503704071,0.0,1149.0,0.0,0.0,0.0,0.0,50.09524016082287,0.0,0.0,0.0,0.0,0.0,250.0,895.9,0.0,0.0,11.686,13.531,25.217,266.591,17.062,8.155,emon,0.809,0.929,46.4,21.7,2.141
2026-09-17 21:19:15.488,8.0,0,100,17;2;100;0;6;0;0;0;0;0;0;0;3;0;0;0,459,4391,4116;3968;4331;4391;1653;1578;2532;2727;1886;1651;2567;1325;806;592;459;606,0.0,0.0,895.9,0,0,0,0,0,0.0,0,0,0,0,0,0,0,0,0.0,0,0,0,0,0,100.0,0.0,4738.4,0,0,0,64.1,17.47,0.0,4.47,34.11,20.8,63.4,98.7397346496582,0.00804517325013876,1.0145986080169678,0.1018669456243515,0.0,1149.0,0.0,0.0,0.0,0.0,50.04385896772146,0.0,0.0,0.0,0.0,0.0,250.0,895.9,0.0,0.0,11.686,13.531,25.217,266.591,17.062,8.155,emon,0.809,0.929,46.4,21.7,2.141
2026-09-17 21:19:16.488,10.8,0,70,58;0;70;0;14;0;0;0;17;0;0;0;0;0;3;9,607,4272,4268;4089;4238;4272;1976;2471;3042;3087;2148;2322;2307;2379;742;775;677;607,0.0,0.0,895.9,0,0,0,0,0,0.0,0,0,0,0,0,0,0,0,0.0,0,0,0,0,0,98.2,0.0,4738.4,0,0,0,66.1,17.42,0.0,3.58,34.03,20.7,63.4,98.1515884399414,0.007815760560333729,0.8938751816749573,0.08942943811416626,0.0,1174.0,0.0,0.0,0.0,0.0,50.07530502974987,0.0,0.0,0.0,0.0,0.0,250.0,895.9,0.0,0.0,11.686,13.531,25.217,266.591,17.062,8.155,emon,0.809,0.929,46.4,21.7,2.141
2026-09-17 21:19:17.489,8.9,0,91,91;0;31;0;5;0;0;0;5;0;0;0;0;2;0;9,458,4350,4350;4135;4213;4107;1363;1362;1404;1248;1589;1886;1358;1375;604;872;458;600,0.0,0.0,895.9,0,0,0,0,0,0.0,0,0,0,0,0,0,0,0,0.0,0,0,0,0,0,100.0,0.0,4738.4,0,0,0,69.1,17.42,0.0,3.58,34.03,20.7,63.4,98.41209030151367,0.008114002645015717,1.0728482007980347,0.10740837454795837,0.0,1149.0,0.0,0.0,0.0,0.0,50.02476892620325,0.0,0.0,0.0,0.0,0.0,250.0,895.9,0.0,0.0,11.686,13.531,25.217,266.591,17.062,8.155,emon,0.809,0.929,46.4,21.7,2.141
2026-09-17 21:19:18.490,8.4,0,85,85;3;34;2;5;0;0;0;6;0;0;0;0;0;0;0,592,4316,4316;4086;4198;3911;1697;2444;2362;1362;1973;2344;1353;1696;888;772;668;592,0.0,0.0,895.9,0,0,0,0,0,0.0,0,0,0,0,0,0,0,0,0.0,0,0,0,0,0,93.7,0.0,4738.4,0,0,0,67.1,17.42,0.0,3.58,34.03,20.7,63.4,98.60057067871094,0.01029920857399702,0.8656899333000183,0.08664688467979431,0.0,399.0,0.0,0.0,0.0,0.0,50.23239804804325,0.0,0.0,0.0,0.0,0.0,250.0,895.9,0.0,0.0,87.326,0.816,88.142,10.942,0.7,87.442,emon,0.833,0.476,46.4,21.6,2.149
2026-09-17 21:19:19.490,9.7,0,83,83;5;44;2;9;0;0;0;8;0;0;0;5;0;0;0,578,4321,4321;4216;4232;4286;1409;1197;1434;1217;1676;1251;1501;2217;816;578;653;603,0.0,0.0,895.9,0,0,0,0,0,0.0,0,0,0,0,0,0,0,0,0.0,0,0,0,0,0,100.0,0.0,4738.4,0,0,0,67.1,17.42,0.0,3.58,34.03,20.7,63.4,98.44095611572266,0.00848864670842886,0.9476721882820129,0.09455297142267227,0.0,1049.0,0.0,0.0,0.0,0.0,50.108577594161034,0.0,0.0,0.0,0.0,0.0,250.0,895.9,0.0,0.0,87.326,0.816,88.142,10.942,0.7,87.442,emon,0.833,0.476,46.4,21.6,2.149
2026-09-17 21:19:20.490,8.9,0,85,85;3;30;2;5;0;0;0;8;0;0;0;5;0;0;6,609,4358,4341;4358;4210;3238;1743;1484;1244;1286;1537;1559;1211;1237;901;684;619;609,0.0,0.0,895.9,0,0,0,0,0,0.0,0,0,0,0,0,0,0,0,0.0,0,0,0,0,0,100.0,0.0,4738.4,0,0,0,68.1,17.43,0.0,4.2,33.61,20.7,63.4,99.56021118164062,0.008665489964187145,0.8598679900169373,0.08578211069107056,0.0,1174.0,0.0,0.0,0.0,0.0,50.05952654033899,0.0,0.0,0.0,0.0,0.0,250.0,895.9,0.0,0.0,87.326,0.816,88.142,10.942,0.7,87.442,emon,0.833,0.476,46.4,21.6,2.149
2026-09-17 21:19:21.491,9.0,0,86,86;2;36;0;14;0;0;0;3;0;0;0;3;0;0;0,567,4364,4364;4243;4257;4277;1417;2054;1505;2576;1806;1685;1477;1360;862;567;659;603,0.0,0.0,895.9,0,0,0,0,0,0.0,0,0,0,0,0,0,0,0,0.0,0,0,0,0,0,93.4,0.0,4738.4,0,0,0,69.1,17.43,0.0,4.2,33.61,20.7,63.4,98.59929275512695,0.01024711038917303,0.9114644527435303,0.09082330763339996,0.0,399.0,0.0,0.0,0.0,0.0,50.26792228221893,0.0,0.0,0.0,0.0,0.0,250.0,895.9,0.0,0.0,87.326,0.816,88.142,10.942,0.7,87.442,emon,0.833,0.476,46.4,21.6,2.149
2026-09-17 21:19:22.491,9.5,0,86,86;0;39;0;9;0;0;0;14;0;0;0;0;0;0;3,535,4298,4296;4085;4215;4298;1599;2023;2289;2356;1810;2187;2170;2270;868;535;629;601,0.0,0.0,895.9,0,0,0,0,0,0.0,0,0,0,0,0,0,0,0,0.0,0,0,0,0,0,93.4,0.0,4738.4,0,0,0,67.1,17.43,0.0,4.2,33.61,20.7,63.4,98.49074935913086,0.010293683968484402,0.8678054809570312,0.08736717700958252,0.0,374.0,0.0,0.0,0.0,0.0,50.343987077474594,0.0,0.0,0.0,0.0,0.0,250.0,895.9,0.0,0.0,87.326,0.816,88.142,10.942,0.7,87.442,emon,0.833,0.476,46.4,21.6,2.149
2026-09-17 21:19:23.492,8.2,0,73,73;2;39;0;6;0;0;0;11;0;0;0;0;0;0;0,584,4348,4348;4075;4240;4210;1528;2536;1241;2040;1693;1218;1363;1431;718;719;584;602,0.0,0.0,895.9,0,0,0,0,0,0.0,0,0,0,0,0,0,0,0,0.0,0,0,0,0,0,100.0,0.0,4738.4,0,0,0,67.1,17.43,0.0,4.2,33.61,20.7,63.4,97.13019561767578,0.007996741682291031,0.9713835716247559,0.09757175296545029,0.0,1199.0,0.0,0.0,0.0,0.0,50.11265054345131,0.0,0.0,0.0,0.0,0.0,250.0,895.9,0.0,0.0,87.326,0.816,88.142,10.942,0.7,87.442,emon,0.833,0.476,46.4,21.6,2.149
2026-09-17 21:19:24.492,8.4,0,98,16;2;98;0;8;0;0;0;5;0;0;0;6;0;0;0,636,4339,4159;3961;4339;4238;1617;1469;1825;1807;2050;1250;1298;1444;897;865;738;636,0.0,0.0,895.9,0,0,0,0,0,0.0,0,0,0,0,0,0,0,0,0.0,0,0,0,0,0,100.0,0.0,4738.4,0,0,0,65.1,17.4,0.0,4.46,34.06,20.7,63.4,98.45125579833984,0.010286510922014713,0.8820713758468628,0.0889110192656517,0.0,399.0,0.0,0.0,0.0,0.0,50.26461496949196,0.0,0.0,0.0,0.0,0.0,250.0,895.9,0.0,0.0,87.326,0.816,88.142,10.942,0.7,87.442,emon,0.833,0.476,46.4,21.6,2.149
2026-09-17 21:19:25.493,8.7,0,77,77;2;39;0;9;3;0;0;6;2;0;0;2;0;0;0,484,4400,4347;4064;4276;4400;1870;1274;1261;1279;1951;1243;1346;1307;850;484;511;595,0.0,0.0,895.9,0,0,0,0,0,0.0,0,0,0,0,0,0,0,0,0.0,0,0,0,0,0,93.2,0.0,4738.4,0,0,0,68.1,17.4,0.0,4.46,34.06,20.7,63.4,98.55825424194336,0.00800221785902977,0.9273766279220581,0.09281040728092194,0.0,1149.0,0.0,0.0,0.0,0.0,50.13112409412861,0.0,0.0,0.0,0.0,0.0,250.0,895.9,0.0,0.0,87.326,0.816,88.142,10.942,0.7,87.442,emon,0.833,0.476,46.4,21.6,2.149
2026-09-17 21:19:26.493,9.3,0,92,92;0;29;0;13;0;0;0;5;0;0;0;2;0;0;9,484,4352,4352;4154;4104;4039;1619;1640;1446;1272;1786;2487;1190;1263;743;484;655;604,0.0,0.0,895.9,0,0,0,0,0,0.0,0,0,0,0,0,0,0,0,0.0,0,0,0,0,0,100.0,0.0,4738.4,0,0,0,68.1,17.4,0.0,4.46,34.06,20.7,63.4,98.6274299621582,0.007970818318426609,0.9336453676223755,0.09347335994243622,0.0,1149.0,0.0,0.0,0.0,0.0,50.088842272758484,0.0,0.0,0.0,0.0,0.0,250.0,895.9,0.0,0.0,87.326,0.816,88.142,10.942,0.7,87.442,emon,0.833,0.476,46.4,21.6,2.149
2026-09-17 21:19:27.493,9.9,0,92,92;2;28;0;14;3;0;2;9;0;0;0;3;0;0;6,528,4400,4347;4400;4240;3951;1504;1239;1251;1191;1406;1226;1252;1428;739;528;555;600,0.0,0.0,895.9,0,0,0,0,0,0.0,0,0,0,0,0,0,0,0,0.0,0,0,0,0,0,100.0,0.0,4738.4,0,0,0,68.1,17.4,0.0,4.46,34.06,20.7,63.4,98.32136917114258,0.008641277439892292,0.9246270060539246,0.09228387475013733,0.0,999.0,0.0,0.0,0.0,0.0,50.19415219128132,0.0,0.0,0.0,0.0,0.0,250.0,895.9,0.0,0.0,87.326,0.816,88.142,10.942,0.7,87.442,emon,0.833,0.476,46.4,21.6,2.149
2026-09-17 21:19:28.494,27.6,0,89,74;54;89;38;38;30;8;5;42;12;5;3;33;8;0;3,1529,4722,4680;4718;4692;4722;3165;3402;3435;3362;3294;3393;3445;3444;2844;2787;2457;1529,0.0,0.0,895.9,0,0,0,0,0,0.0,0,0,0,0,0,0,0,0,0.0,0,0,0,0,0,34.0,0.0,2364.5,0,0,0,76.1,18.38,0.0,3.08,33.5,16.0,63.4,98.78731918334961,0.009352273307740688,0.8600403666496277,0.08581297099590302,0.0,849.0,0.0,0.0,0.0,0.0,50.13550280034542,0.0,0.0,0.0,0.0,0.0,450.0,895.9,0.0,0.0,87.326,0.816,88.142,10.942,0.7,87.442,emon,0.833,0.476,46.4,21.6,2.149
2026-09-17 21:19:29.494,24.7,2,100,64;45;100;6;65;3;2;3;71;3;2;2;16;6;2;6,1781,4726,4720;4725;4722;4726;3252;3435;3431;3291;3248;3388;3427;3354;2544;2219;2402;1781,0.0,0.0,895.9,0,0,0,0,0,0.0,0,0,0,0,0,0,0,0,0.0,0,0,0,0,0,0.0,0.0,0.0,0,0,0,69.1,18.38,0.0,3.08,33.5,16.1,63.4,97.75485610961914,0.009309135377407074,0.9082023501396179,0.09075573086738586,0.0,549.0,0.0,0.0,0.0,0.0,50.35671401023865,0.0,0.0,0.0,0.0,0.0,450.0,895.9,0.0,0.0,87.326,0.816,88.142,10.942,0.7,87.442,emon,0.833,0.476,46.4,21.6,2.149
2026-09-17 21:19:30.494,18.4,0,97,39;26;97;0;36;0;0;0;80;0;0;0;16;2;0;0,1261,4729,4585;4729;4717;4727;3170;3419;2627;3177;3353;2071;2996;2789;2499;1805;1680;1261,0.0,0.0,895.9,0,0,0,0,0,0.0,0,0,0,0,0,0,0,0,0.0,0,0,0,0,0,0.0,0.0,0.0,0,0,0,83.1,18.38,0.0,3.08,33.5,16.1,63.4,97.83963012695312,0.007569365669041872,0.9115345478057861,0.09126286953687668,0.0,1199.0,0.0,0.0,0.0,0.0,50.20678034424782,0.0,0.0,0.0,0.0,0.0,450.0,895.9,0.0,0.0,49.211,0.782,49.993,24.351,1.558,48.435,emon,0.832,0.638,32.1,15.7,2.039
2026-09-17 21:19:31.495,14.4,0,98,52;17;98;3;8;0;0;0;42;0;0;0;5;0;0;6,935,4725,4654;4706;4720;4725;2273;2359;2597;3148;3128;3287;3132;3177;1575;1012;935;1063,0.0,0.0,895.9,0,0,0,0,0,0.0,0,0,0,0,0,0,0,0,0.0,0,0,0,0,0,0.0,0.0,0.0,0,0,0,92.1,18.38,0.0,3.08,33.5,16.2,63.4,99.13131713867188,0.007636343594640493,1.068695306777954,0.10698188096284866,0.0,1199.0,0.0,0.0,0.0,0.0,50.172452330589294,0.0,0.0,0.0,0.0,0.0,450.0,895.9,0.0,0.0,49.211,0.782,49.993,24.351,1.558,48.435,emon,0.832,0.638,32.1,15.7,2.039
2026-09-17 21:19:32.495,15.4,0,98,73;23;98;3;18;3;0;0;12;6;0;0;8;0;0;0,1071,4729,4717;4684;4728;4729;2547;3317;3327;3400;2339;3169;3450;3447;2110;1413;1140;1071,0.0,0.0,895.9,0,0,0,0,0,0.0,0,0,0,0,0,0,0,0,0.0,0,0,0,0,0,0.0,0.0,0.0,0,0,0,92.1,28.22,0.0,0.36,31.68,16.2,63.4,95.85295486450195,0.006991496309638023,0.9663755297660828,0.09701943397521973,0.0,1199.0,0.0,0.0,0.0,0.0,50.17340016365051,0.0,0.0,0.0,0.0,0.0,450.0,895.9,0.0,0.0,49.211,0.782,49.993,24.351,1.558,48.435,emon,0.832,0.638,32.1,15.7,2.039
2026-09-17 21:19:33.496,14.2,0,98,78;19;98;0;11;2;0;0;11;0;0;0;2;0;0;6,969,4729,4724;4723;4727;4729;1990;3350;2178;2627;2740;2329;2813;2144;1811;998;969;1085,0.0,0.0,895.9,0,0,0,0,0,0.0,0,0,0,0,0,0,0,0,0.0,0,0,0,0,0,0.0,0.0,0.0,0,0,0,91.1,28.22,0.0,0.36,31.68,16.2,63.4,98.77921676635742,0.00724836578592658,0.9782714247703552,0.09822696447372437,0.0,1199.0,0.0,0.0,0.0,0.0,50.1023700684309,0.0,0.0,0.0,0.0,0.0,450.0,895.9,0.0,0.0,49.211,0.782,49.993,24.351,1.558,48.435,emon,0.832,0.638,32.1,15.7,2.039
2026-09-17 21:19:34.496,14.7,0,97,91;11;97;2;6;0;2;0;14;0;0;0;2;2;2;9,897,4729,4725;4721;4729;4728;1809;3173;2662;2457;2753;3092;1999;2020;1235;897;933;1082,0.0,0.0,895.9,0,0,0,0,0,0.0,0,0,0,0,0,0,0,0,0.0,0,0,0,0,0,0.0,0.0,0.0,0,0,0,90.1,28.22,0.0,0.36,31.68,16.2,63.4,97.41914367675781,0.007551975082606077,0.9467430114746094,0.09452615678310394,0.0,1199.0,0.0,0.0,0.0,0.0,50.256417244672775,0.0,0.0,0.0,0.0,0.0,450.0,895.9,0.0,0.0,49.211,0.782,49.993,24.351,1.558,48.435,emon,0.832,0.638,32.1,15.7,2.039
2026-09-17 21:19:35.497,14.0,0,98,77;22;98;3;16;0;0;0;8;0;0;0;0;0;0;0,981,4729,4719;4726;4728;4729;2417;3373;3217;3153;2268;2611;3005;2741;988;1014;981;1072,0.0,0.0,895.9,0,0,0,0,0,0.0,0,0,0,0,0,0,0,0,0.0,0,0,0,0,0,0.0,0.0,0.0,0,0,0,85.1,28.22,0.0,0.36,31.68,16.2,63.4,98.39493179321289,0.007249453570693731,0.8826382756233215,0.08824215084314346,0.0,1199.0,0.0,0.0,0.0,0.0,50.18005643785,0.0,0.0,0.0,0.0,0.0,450.0,895.9,0.0,0.0,49.211,0.782,49.993,24.351,1.558,48.435,emon,0.832,0.638,32.1,15.7,2.039
2026-09-17 21:19:36.497,13.8,0,100,73;21;100;0;6;2;0;0;12;0;0;0;6;0;0;0,1025,4729,4722;4729;4728;4675;1936;3409;3336;3418;2544;2288;2435;2582;1147;1061;1025;1094,0.0,0.0,895.9,0,0,0,0,0,0.0,0,0,0,0,0,0,0,0,0.0,0,0,0,0,0,0.0,0.0,0.0,0,0,0,90.1,31.18,0.0,0.36,34.5,16.3,63.4,98.47770309448242,0.009320257231593132,0.8425601720809937,0.08434943854808807,0.0,549.0,0.0,0.0,0.0,0.0,50.2554327249527,0.0,0.0,0.0,0.0,0.0,450.0,895.9,0.0,0.0,49.211,0.782,49.993,24.351,1.558,48.435,emon,0.832,0.638,32.1,15.7,2.039
2026-09-17 21:19:37.497,14.3,0,97,85;14;97;2;19;2;0;0;8;0;0;0;0;0;0;3,971,4729,4729;4729;4725;4729;2159;3442;2923;2626;1881;3322;2694;2493;991;971;993;1089,0.0,0.0,895.9,0,0,0,0,0,0.0,0,0,0,0,0,0,0,0,0.0,0,0,0,0,0,0.0,0.0,0.0,0,0,0,84.1,31.18,0.0,0.36,34.5,16.3,63.4,97.2922134399414,0.007546348962932825,0.9280296564102173,0.09261182695627213,0.0,1199.0,0.0,0.0,0.0,0.0,50.27402713894844,0.0,0.0,0.0,0.0,0.0,450.0,895.9,0.0,0.0,49.211,0.782,49.993,24.351,1.558,48.435,emon,0.832,0.638,32.1,15.7,2.039
2026-09-17 21:19:38.498,14.5,0,97,72;26;97;3;9;2;0;0;14;0;0;0;3;0;0;6,892,4725,4688;4713;4725;4719;1851;3411;2802;3155;2069;2882;2664;1977;1275;938;892;1101,0.0,0.0,895.9,0,0,0,0,0,0.0,0,0,0,0,0,0,0,0,0.0,0,0,0,0,0,0.0,0.0,0.0,0,0,0,81.1,31.18,0.0,0.36,34.5,16.3,63.4,98.68830490112305,0.007466476410627365,0.8843024373054504,0.08863887935876846,0.0,1199.0,0.0,0.0,0.0,0.0,50.096780225634575,0.0,0.0,0.0,0.0,0.0,450.0,895.9,0.0,0.0,49.211,0.782,49.993,24.351,1.558,48.435,emon,0.832,0.638,32.1,15.7,2.039
2026-09-17 21:19:39.498,14.1,0,91,88;11;91;2;13;0;0;0;16;2;0;0;2;0;0;3,873,4729,4727;4727;4729;4729;2174;2993;2322;1832;1956;3431;3134;2239;1841;1000;873;1092,0.0,0.0,895.9,0,0,0,0,0,0.0,0,0,0,0,0,0,0,0,0.0,0,0,0,0,0,0.0,0.0,0.0,0,0,0,83.1,31.18,0.0,0.36,34.5,16.3,63.4,98.81825256347656,0.0076072923839092255,0.9833801984786987,0.09875944256782532,0.0,1199.0,0.0,0.0,0.0,0.0,50.12414685636759,0.0,0.0,0.0,0.0,0.0,450.0,895.9,0.0,0.0,49.211,0.782,49.993,24.351,1.558,48.435,emon,0.832,0.638,32.1,15.7,2.039
2026-09-17 21:19:40.498,14.8,0,100,73;25;100;2;15;0;0;0;14;0;0;0;5;0;0;3,918,4729,4729;4718;4725;4729;2252;3310;3112;3013;2516;3135;3181;2882;1309;918;926;1096,0.0,0.0,895.9,0,0,0,0,0,0.0,0,0,0,0,0,0,0,0,0.0,0,0,0,0,0,0.0,0.0,0.0,0,0,0,83.1,28.02,0.0,0.39,31.95,16.3,63.4,95.42572784423828,0.0074778334237635136,0.9374068379402161,0.09371023625135422,0.0,1199.0,0.0,0.0,0.0,0.0,50.258219957351685,0.0,0.0,0.0,0.0,0.0,450.0,895.9,0.0,0.0,49.211,0.782,49.993,24.351,1.558,48.435,emon,0.832,0.638,32.1,15.7,2.039
2026-09-17 21:19:41.498,14.6,0,97,82;13;97;2;21;0;0;0;11;0;0;0;3;0;0;6,1011,4729,4728;4729;4729;4729;2087;2772;2631;2415;2383;3360;2875;2978;1211;1011;1023;1128,0.0,0.0,895.9,0,0,0,0,0,0.0,0,0,0,0,0,0,0,0,0.0,0,0,0,0,0,0.0,0.0,0.0,0,0,0,83.1,28.02,0.0,0.39,31.95,16.3,63.4,98.40826416015625,0.009210684336721897,0.8484075665473938,0.08461489528417587,0.0,549.0,0.0,0.0,0.0,0.0,50.40162640810013,0.0,0.0,0.0,0.0,0.0,450.0,895.9,0.0,0.0,49.211,0.782,49.993,24.351,1.558,48.435,emon,0.832,0.638,32.1,15.7,2.039
2026-09-17 21:19:42.499,13.9,0,95,77;22;95;3;12;0;2;0;8;0;0;0;3;0;2;0,1032,4729,4727;4726;4728;4729;2082;3351;3274;3400;2320;2840;3300;3397;1063;1039;1032;1086,0.0,0.0,895.9,0,0,0,0,0,0.0,0,0,0,0,0,0,0,0,0.0,0,0,0,0,0,0.0,0.0,0.0,0,0,0,81.1,28.02,0.0,0.39,31.95,16.3,63.4,96.8519172668457,0.009426235221326351,0.8542582392692566,0.08551264554262161,0.0,874.0,0.0,0.0,0.0,0.0,50.33904072642326,0.0,0.0,0.0,0.0,0.0,450.0,895.9,0.0,0.0,2.347,0.899,3.246,45.17,2.891,0.355,emon,0.901,0.352,29.5,13.6,2.16
2026-09-17 21:19:43.515,13.7,0,98,58;15;98;2;36;3;0;0;5;2;0;0;0;0;0;0,1005,4729,4677;4727;4727;4729;2814;2852;3432;3365;2290;2821;2570;3255;1005;1048;1026;1089,0.0,0.0,895.9,0,0,0,0,0,0.0,0,0,0,0,0,0,0,0,0.0,0,0,0,0,0,0.0,0.0,0.0,0,0,0,80.1,28.02,0.0,0.39,31.95,16.3,63.4,94.53645324707031,0.009253215976059437,0.9308381080627441,0.09339446574449539,0.0,874.0,0.0,0.0,0.0,0.0,50.2739200592041,0.0,0.0,0.0,0.0,0.0,450.0,895.9,0.0,0.0,2.347,0.899,3.246,45.17,2.891,0.355,emon,0.901,0.352,29.5,13.6,2.16
2026-09-17 21:19:44.515,14.1,0,100,12;86;100;0;0;8;0;0;0;14;0;0;0;0;2;3,897,4729,4723;4729;4726;4729;2735;1852;2598;2062;1820;2585;3044;2720;897;1010;918;1084,0.0,0.0,895.9,0,0,0,0,0,0.0,0,0,0,0,0,0,0,0,0.0,0,0,0,0,0,0.0,0.0,0.0,0,0,0,82.1,26.44,0.0,0.4,30.59,16.3,63.4,89.86141204833984,0.009240662679076195,0.8500416278839111,0.08478887379169464,0.0,874.0,0.0,0.0,0.0,0.0,50.37716770172119,0.0,0.0,0.0,0.0,0.0,450.0,895.9,0.0,0.0,2.347,0.899,3.246,45.17,2.891,0.355,emon,0.901,0.352,29.5,13.6,2.16
2026-09-17 21:19:45.516,14.0,0,98,5;94;98;0;0;5;0;0;0;16;0;0;0;5;2;0,925,4729,4728;4726;4729;4729;2748;1978;3188;3247;3361;2841;2878;2758;925;1321;1079;1115,0.0,0.0,895.9,0,0,0,0,0,0.0,0,0,0,0,0,0,0,0,0.0,0,0,0,0,0,0.0,0.0,0.0,0,0,0,86.1,26.44,0.0,0.4,30.59,16.4,63.4,98.3222427368164,0.009491345845162868,0.9068487286567688,0.09035488963127136,0.0,849.0,0.0,0.0,0.0,0.0,50.18082685768604,0.0,0.0,0.0,0.0,0.0,450.0,895.9,0.0,0.0,2.347,0.899,3.246,45.17,2.891,0.355,emon,0.901,0.352,29.5,13.6,2.16
2026-09-17 21:19:46.516,14.3,0,98,6;95;98;2;0;11;3;0;0;11;0;2;0;0;0;0,930,4729,4729;4729;4729;4728;1528;1953;1955;3329;2045;2445;2609;3438;930;1014;1051;1093,0.0,0.0,895.9,0,0,0,0,0,0.0,0,0,0,0,0,0,0,0,0.0,0,0,0,0,0,0.0,0.0,0.0,0,0,0,85.1,26.44,0.0,0.4,30.59,16.4,63.4,92.93773651123047,0.009254056960344315,0.9064006209373474,0.09117123484611511,0.0,549.0,0.0,0.0,0.0,0.0,50.466481149196625,0.0,0.0,0.0,0.0,0.0,450.0,895.9,0.0,0.0,2.347,0.899,3.246,45.17,2.891,0.355,emon,0.901,0.352,29.5,13.6,2.16
2026-09-17 21:19:47.516,14.0,0,95,27;73;95;0;0;12;0;0;0;16;0;0;0;0;0;0,996,4729,4728;4727;4728;4729;1998;2572;3050;2300;1783;2002;3291;2500;1033;996;1035;1087,0.0,0.0,895.9,0,0,0,0,0,0.0,0,0,0,0,0,0,0,0,0.0,0,0,0,0,0,0.0,0.0,0.0,0,0,0,84.1,26.44,0.0,0.4,30.59,16.4,63.4,97.12246704101562,0.009282375685870647,0.907676637172699,0.09049484878778458,0.0,549.0,0.0,0.0,0.0,0.0,50.41728323698044,0.0,0.0,0.0,0.0,0.0,450.0,895.9,0.0,0.0,2.347,0.899,3.246,45.17,2.891,0.355,emon,0.901,0.352,29.5,13.6,2.16
2026-09-17 21:19:48.528,27.3,14,95,24;88;95;14;14;31;17;14;14;29;14;14;14;23;15;19,2534,4729,4669;4679;4716;4729;3450;3243;3293;3450;3451;2825;3449;3451;2995;2534;2889;2695,0.0,0.0,895.9,0,0,0,0,0,0.0,0,0,0,0,0,0,0,0,0.0,0,0,0,0,0,0.0,0.0,1376.3,0,0,0,90.1,28.07,0.0,0.4,32.13,20.1,63.4,96.73673248291016,0.008305423893034458,0.8220090270042419,0.08277673274278641,0.0,1199.0,0.0,0.0,0.0,0.0,50.12093389034271,0.0,0.0,0.0,0.0,0.0,450.0,895.9,0.0,0.0,2.347,0.899,3.246,45.17,2.891,0.355,emon,0.901,0.352,29.5,13.6,2.16
2026-09-17 21:19:49.529,67.4,57,98,68;88;98;62;60;73;62;61;60;80;64;67;57;57;64;58,2963,4729,4713;4724;4729;4729;3450;3410;3440;3448;3451;3292;3451;3444;2993;2988;2976;2963,0.0,0.0,895.9,0,0,0,0,0,0.0,0,0,0,0,0,0,0,0,0.0,0,0,0,0,0,0.0,0.0,1376.3,0,0,0,82.1,28.07,0.0,0.4,32.13,24.0,63.4,96.73673248291016,0.008305423893034458,0.8220090270042419,0.08277673274278641,0.0,1199.0,0.0,0.0,0.0,0.0,50.12093389034271,0.0,0.0,0.0,0.0,0.0,450.0,895.9,0.0,0.0,2.347,0.899,3.246,45.17,2.891,0.355,emon,0.901,0.352,29.5,13.6,2.16
2026-09-17 21:19:50.530,14.3,0,91,9;86;91;6;0;16;0;0;0;16;0;0;0;5;0;0,997,4728,4728;4726;4721;4689;1931;2483;2459;2580;2546;2640;3410;3120;997;1254;1022;1079,0.0,0.0,895.9,0,0,0,0,0,0.0,0,0,0,0,0,0,0,0,0.0,0,0,0,0,0,0.0,0.0,4342.3,0,0,0,91.1,28.07,0.0,0.4,32.13,24.0,63.4,91.09801292419434,3.8127247095108032,27.617467880249023,25.93519401550293,0.0039361752569675446,1261.5,0.0,0.0,0.0,0.0,50.117558125406504,0.0,0.0,0.0,0.0,0.0,450.0,899.0,0.0,0.0,2.347,0.899,3.246,45.17,2.891,0.355,emon,0.901,0.352,29.5,13.6,2.16
2026-09-17 21:19:51.530,15.4,0,91,22;77;91;2;0;20;0;0;0;22;0;0;0;2;0;12,971,4728,4718;4716;4728;4728;2220;2030;3019;2996;2242;2479;3248;2886;1048;1041;971;1070,0.0,0.0,899.0,0,0,0,0,0,0.0,0,0,0,0,0,0,0,0,0.0,0,0,0,0,0,0.0,0.0,4342.3,0,0,0,90.1,28.07,0.0,0.4,32.13,24.0,63.4,97.1165885925293,0.008997492492198944,0.9130143523216248,0.09184537082910538,0.0,599.0,0.0,0.0,0.0,0.0,50.433625906705856,0.0,0.0,0.0,0.0,0.0,450.0,899.0,0.0,0.0,2.347,0.899,3.246,45.17,2.891,0.355,emon,0.901,0.352,29.5,13.6,2.16
2026-09-17 21:19:52.531,14.2,0,72,25;65;42;11;0;72;0;0;0;11;0;0;0;0;2;0,962,4712,4712;4673;4646;4256;3432;3327;3352;3451;3088;1990;3094;3180;962;993;1048;1067,0.0,0.0,899.0,0,0,0,0,0,0.0,0,0,0,0,0,0,0,0,0.0,0,0,0,0,0,0.0,0.0,4342.3,0,0,0,77.1,33.8,0.0,0.35,38.03,24.0,63.4,97.40825653076172,0.007294022478163242,0.879967987537384,0.0879470631480217,0.0,1199.0,0.0,0.0,0.0,0.0,50.251135408878326,0.0,0.0,0.0,0.0,0.0,450.0,895.0,0.0,0.0,2.347,0.899,3.246,45.17,2.891,0.355,emon,0.901,0.352,29.5,13.6,2.16
2026-09-17 21:19:53.531,13.9,0,75,2;50;65;14;0;75;0;0;2;9;0;0;0;3;0;3,973,4729,4729;4582;4722;4502;3394;3421;3368;2989;3052;2137;2985;3241;973;1339;982;1087,0.0,0.0,895.0,0,0,0,0,0,0.0,0,0,0,0,0,0,0,0,0.0,0,0,0,0,0,0.0,0.0,4342.3,0,0,0,62.1,33.8,0.0,0.35,38.03,24.0,63.4,97.27944946289062,0.009525356814265251,0.8412813544273376,0.08412358164787292,0.0,499.0,0.0,0.0,0.0,0.0,50.457469284534454,0.0,0.0,0.0,0.0,0.0,450.0,895.0,0.0,0.0,2.347,0.899,3.246,45.17,2.891,0.355,emon,0.901,0.352,29.5,13.6,2.16
2026-09-17 21:19:54.532,13.9,0,91,5;22;91;2;0;84;2;0;0;12;0;0;0;5;0;0,1017,4729,4701;4378;4718;4729;2123;3410;3442;2991;2383;2106;2880;2675;1017;1179;1055;1091,0.0,0.0,895.0,0,0,0,0,0,0.0,0,0,0,0,0,0,0,0,0.0,0,0,0,0,0,0.0,0.0,4342.3,0,0,0,70.1,33.8,0.0,0.35,38.03,24.1,63.4,92.56425857543945,0.009334850125014782,0.9647796154022217,0.0963597446680069,0.0,549.0,0.0,0.0,0.0,0.0,50.4317692220211,0.0,0.0,0.0,0.0,0.0,450.0,895.0,0.0,0.0,1.068,0.825,1.892,25.211,1.613,0.279,emon,0.906,0.757,28.0,13.0,2.157
2026-09-17 21:19:55.533,15.0,0,98,5;42;98;2;0;78;0;2;0;8;2;0;0;0;2;3,990,4729,4690;4475;4713;4729;3013;3411;3435;3347;1615;2224;3218;1756;990;998;992;1063,0.0,0.0,895.0,0,0,0,0,0,0.0,0,0,0,0,0,0,0,0,0.0,0,0,0,0,0,0.0,0.0,4342.3,0,0,0,74.1,33.8,0.0,0.35,38.03,24.0,63.4,97.47003555297852,0.007494262885302305,0.9207186102867126,0.09208261966705322,0.0,1199.0,0.0,0.0,0.0,0.0,50.24694439768791,0.0,0.0,0.0,0.0,0.0,450.0,895.0,0.0,0.0,1.068,0.825,1.892,25.211,1.613,0.279,emon,0.906,0.757,28.0,13.0,2.157
2026-09-17 21:19:56.533,14.0,0,98,6;91;98;0;0;19;2;0;0;8;0;0;0;0;0;0,1004,4729,4729;4715;4728;4729;2955;2856;3232;3304;2608;1922;3046;3328;1063;1025;1004;1058,0.0,0.0,895.0,0,0,0,0,0,0.0,0,0,0,0,0,0,0,0,0.0,0,0,0,0,0,0.0,0.0,4342.3,0,0,0,91.1,23.11,0.0,0.39,26.88,24.0,63.4,97.44507598876953,0.007394184358417988,0.9931653738021851,0.09947899729013443,0.0,1199.0,0.0,0.0,0.0,0.0,50.21371948719025,0.0,0.0,0.0,0.0,0.0,450.0,895.0,0.0,0.0,1.068,0.825,1.892,25.211,1.613,0.279,emon,0.906,0.757,28.0,13.0,2.157
2026-09-17 21:19:57.534,15.1,0,98,11;91;98;2;0;12;0;0;0;9;0;0;0;2;0;17,963,4729,4682;4718;4728;4729;2246;2536;3341;2862;2814;2224;3233;3389;963;1027;990;1070,0.0,0.0,895.0,0,0,0,0,0,0.0,0,0,0,0,0,0,0,0,0.0,0,0,0,0,0,0.0,0.0,4342.3,0,0,0,89.1,23.11,0.0,0.39,26.88,24.0,63.4,98.04425430297852,0.007281946018338203,0.9797875285148621,0.09783590584993362,0.0,1199.0,0.0,0.0,0.0,0.0,50.18883587419987,0.0,0.0,0.0,0.0,0.0,450.0,895.0,0.0,0.0,1.068,0.825,1.892,25.211,1.613,0.279,emon,0.906,0.757,28.0,13.0,2.157
2026-09-17 21:19:58.535,15.2,0,95,11;91;95;3;0;20;2;0;0;17;0;0;0;2;0;3,977,4726,4697;4724;4726;4665;2879;2594;3140;2854;2475;2062;3343;2999;977;1026;1063;1083,0.5,0.0,899.9,0,0,0,0,0,0.0,0,0,0,0,0,0,0,0,0.0,0,0,0,0,0,0.0,0.0,4342.3,0,0,0,85.1,23.11,0.0,0.39,26.88,24.1,63.4,95.69864654541016,1.5074418969452381,14.911391039689383,13.127934160331884,0.14090222182373205,1299.0,0.0,0.0,0.0,0.0,50.24110552171866,0.0,0.0,0.0,0.0,0.0,450.0,899.9,0.0,0.0,1.068,0.825,1.892,25.211,1.613,0.279,emon,0.906,0.757,28.0,13.0,2.157
2026-09-17 21:19:59.535,14.6,0,92,6;92;91;0;0;9;0;0;0;19;2;0;0;5;0;9,929,4729,4729;4728;4728;4729;2083;2357;2688;2589;3435;2289;3399;3400;971;1182;929;1091,0.0,0.0,899.9,0,0,0,0,0,0.0,0,0,0,0,0,0,0,0,0.0,0,0,0,0,0,0.0,0.0,4342.3,0,0,0,86.1,23.11,0.0,0.39,26.88,24.1,63.4,97.79015731811523,0.009418405592441559,0.8588507175445557,0.08631665259599686,0.0,549.0,0.0,0.0,0.0,0.0,50.33304038643837,0.0,0.0,0.0,0.0,0.0,450.0,899.9,0.0,0.0,1.068,0.825,1.892,25.211,1.613,0.279,emon,0.906,0.757,28.0,13.0,2.157
2026-09-17 21:20:00.536,15.1,0,97,12;83;97;5;0;20;3;0;0;12;0;0;2;6;0;2,1015,4729,4728;4725;4724;4729;2579;2804;3385;3002;3096;2136;3111;3087;1015;1285;1027;1109,0.1,0.0,895.9,0,0,0,0,0,0.0,0,0,0,0,0,0,0,0,0.0,0,0,0,0,0,0.0,0.0,4342.3,0,0,0,88.1,30.61,0.0,0.36,33.92,24.5,63.4,98.73309326171875,0.006349680945277214,1.0583535432815552,0.10572674125432968,0.0,1499.0,0.0,0.0,0.0,0.0,50.10405549407005,0.0,0.0,0.0,0.0,0.0,450.0,895.9,0.0,0.0,1.068,0.825,1.892,25.211,1.613,0.279,emon,0.906,0.757,28.0,13.0,2.157
2026-09-17 21:20:01.536,12.0,0,91,5;91;59;2;0;14;2;0;0;8;0;0;0;3;2;8,833,4628,4628;4545;4584;4319;3327;2306;2919;3351;3208;2232;3081;3226;888;1117;852;833,0.0,0.0,895.9,0,0,0,0,0,0.0,0,0,0,0,0,0,0,0,0.0,0,0,0,0,0,71.5,0.0,4874.9,0,0,0,78.1,30.61,0.0,0.36,33.92,20.9,63.4,98.38742446899414,0.009257393889129162,0.8750556707382202,0.08802256733179092,0.0,549.0,0.0,0.0,0.0,0.0,50.23423482477665,0.0,0.0,0.0,0.0,0.0,250.0,895.9,0.0,0.0,1.068,0.825,1.892,25.211,1.613,0.279,emon,0.906,0.757,28.0,13.0,2.157
2026-09-17 21:20:02.537,8.5,0,90,0;90;30;0;0;5;0;0;0;3;0;0;3;0;0;6,603,4329,4115;4329;4169;4162;1296;1772;1397;1274;1256;1417;1230;1180;943;769;721;603,0.0,0.0,895.9,0,0,0,0,0,0.0,0,0,0,0,0,0,0,0,0.0,0,0,0,0,0,71.5,0.0,4874.9,0,0,0,70.1,30.61,0.0,0.36,33.92,20.9,63.4,98.36470794677734,0.010331741534173489,0.8737789392471313,0.08769018948078156,0.0,399.0,0.0,0.0,0.0,0.0,50.27530574798584,0.0,0.0,0.0,0.0,0.0,250.0,895.9,0.0,0.0,1.068,0.825,1.892,25.211,1.613,0.279,emon,0.906,0.757,28.0,13.0,2.157
2026-09-17 21:20:03.537,10.3,0,88,2;88;29;0;3;9;5;3;0;9;3;3;0;0;0;12,464,4400,4365;4348;4197;4400;1533;1560;1384;1264;1414;1517;1299;1320;517;723;464;636,0.0,0.0,895.9,0,0,0,0,0,0.0,0,0,0,0,0,0,0,0,0.0,0,0,0,0,0,98.5,0.0,4874.9,0,0,0,70.1,21.69,0.0,5.31,34.68,20.9,63.4,98.1096305847168,0.010329189710319042,0.8664658069610596,0.08658727258443832,0.0,399.0,0.0,0.0,0.0,0.0,50.401461124420166,0.0,0.0,0.0,0.0,0.0,250.0,895.9,0.0,0.0,1.068,0.825,1.892,25.211,1.613,0.279,emon,0.906,0.757,28.0,13.0,2.157
2026-09-17 21:20:04.537,9.6,0,89,0;89;33;0;0;8;0;0;0;17;0;0;0;0;0;6,491,4348,4240;4348;4178;4036;1209;1546;2663;1201;1164;1573;1219;1187;491;797;523;589,0.0,0.0,895.9,0,0,0,0,0,0.0,0,0,0,0,0,0,0,0,0.0,0,0,0,0,0,98.3,0.0,4874.9,0,0,0,70.1,21.69,0.0,5.31,34.68,20.9,63.4,98.21113586425781,0.010128659196197987,0.8069891333580017,0.08131970465183258,0.0,399.0,0.0,0.0,0.0,0.0,50.36660546064377,0.0,0.0,0.0,0.0,0.0,250.0,895.9,0.0,0.0,1.068,0.825,1.892,25.211,1.613,0.279,emon,0.906,0.757,28.0,13.0,2.157
2026-09-17 21:20:05.538,10.3,0,89,0;89;35;0;0;12;0;0;0;22;0;0;0;0;0;6,499,4384,4384;4314;4122;4279;1219;1598;1280;1227;1216;1405;1187;1203;571;646;499;598,0.0,0.0,895.9,0,0,0,0,0,0.0,0,0,0,0,0,0,0,0,0.0,0,0,0,0,0,97.9,0.0,4874.9,0,0,0,69.1,21.69,0.0,5.31,34.68,20.9,63.4,98.25749206542969,0.008483786135911942,0.9793133735656738,0.09851352125406265,0.0,1024.0,0.0,0.0,0.0,0.0,50.22210069000721,0.0,0.0,0.0,0.0,0.0,250.0,895.9,0.0,0.0,1.068,0.825,1.892,25.211,1.613,0.279,emon,0.906,0.757,28.0,13.0,2.157
2026-09-17 21:20:06.539,8.7,0,91,2;91;25;2;0;10;0;0;0;6;0;0;0;0;2;3,555,4426,4412;4333;4178;4426;1493;1612;1227;1438;1212;1556;1212;1201;555;826;760;622,0.0,0.0,895.9,0,0,0,0,0,0.0,0,0,0,0,0,0,0,0,0.0,0,0,0,0,0,98.8,0.0,4874.9,0,0,0,69.1,21.69,0.0,5.31,34.68,20.9,63.4,98.61685562133789,0.01019066758453846,0.8786159753799438,0.08776652067899704,0.0,399.0,0.0,0.0,0.0,0.0,50.21041879057884,0.0,0.0,0.0,0.0,0.0,250.0,895.9,0.0,0.0,84.719,0.677,85.396,10.394,0.665,84.731,emon,0.83,0.712,46.2,21.5,2.146
2026-09-17 21:20:07.539,8.5,0,91,2;91;28;0;0;3;0;0;0;8;0;0;0;2;0;3,457,4372,4125;4372;4258;4145;1483;1767;1583;1747;1584;2057;2369;1670;457;878;610;621,0.0,0.0,895.9,0,0,0,0,0,0.0,0,0,0,0,0,0,0,0,0.0,0,0,0,0,0,98.1,0.0,4874.9,0,0,0,68.1,17.41,0.0,3.35,33.54,20.9,63.4,99.16989135742188,0.008117211051285267,0.8684346675872803,0.08679097145795822,0.0,1049.0,0.0,0.0,0.0,0.0,50.10477264970541,0.0,0.0,0.0,0.0,0.0,250.0,895.9,0.0,0.0,84.719,0.677,85.396,10.394,0.665,84.731,emon,0.83,0.712,46.2,21.5,2.146
2026-09-17 21:20:08.540,8.8,0,89,0;89;27;0;0;9;0;0;0;8;0;0;0;2;6;0,627,4361,3960;4361;4267;4189;1739;1935;1843;1544;1829;1518;1508;1436;842;716;874;627,0.0,0.0,895.9,0,0,0,0,0,0.0,0,0,0,0,0,0,0,0,0.0,0,0,0,0,0,97.0,0.0,4874.9,0,0,0,68.1,17.41,0.0,3.35,33.54,20.9,63.4,98.30414962768555,0.008273809216916561,1.0488790273666382,0.10476190596818924,0.0,1049.0,0.0,0.0,0.0,0.0,50.07051606476307,0.0,0.0,0.0,0.0,0.0,250.0,895.9,0.0,0.0,84.719,0.677,85.396,10.394,0.665,84.731,emon,0.83,0.712,46.2,21.5,2.146
2026-09-17 21:20:09.540,8.0,0,89,0;89;22;0;0;6;0;0;0;6;0;0;0;0;0;5,521,4360,4121;4360;4186;4164;1258;1715;1647;1256;1286;1475;1258;1236;538;722;521;619,0.0,0.0,895.9,0,0,0,0,0,0.0,0,0,0,0,0,0,0,0,0.0,0,0,0,0,0,97.4,0.0,4874.9,0,0,0,68.1,17.41,0.0,3.35,33.54,20.9,63.4,98.01180267333984,0.01022613886743784,0.8922889232635498,0.08956772089004517,0.0,399.0,0.0,0.0,0.0,0.0,50.316136449575424,0.0,0.0,0.0,0.0,0.0,250.0,895.9,0.0,0.0,84.719,0.677,85.396,10.394,0.665,84.731,emon,0.83,0.712,46.2,21.5,2.146
2026-09-17 21:20:10.541,9.0,0,73,0;45;73;0;0;11;0;0;0;9;0;0;0;0;0;6,545,4319,4081;4312;4319;3126;2511;1657;2360;2425;1906;1409;1912;1735;605;720;545;611,0.0,0.0,895.9,0,0,0,0,0,0.0,0,0,0,0,0,0,0,0,0.0,0,0,0,0,0,97.2,0.0,4874.9,0,0,0,66.1,17.41,0.0,3.35,33.54,20.9,63.4,98.38679122924805,0.008358187042176723,1.0343207120895386,0.10390610247850418,0.0,1024.0,0.0,0.0,0.0,0.0,50.16146308928728,0.0,0.0,0.0,0.0,0.0,250.0,895.9,0.0,0.0,84.719,0.677,85.396,10.394,0.665,84.731,emon,0.83,0.712,46.2,21.5,2.146
2026-09-17 21:20:11.541,9.3,0,95,0;31;95;0;0;6;0;0;0;11;0;0;0;5;0;0,490,4360,4304;4216;4340;4360;1252;1561;1299;1243;1233;1805;1218;1260;559;941;490;600,0.0,0.0,895.9,0,0,0,0,0,0.0,0,0,0,0,0,0,0,0,0.0,0,0,0,0,0,97.3,0.0,4874.9,0,0,0,64.1,17.39,0.0,6.32,34.57,20.9,63.4,98.19906234741211,0.008185504004359245,0.9358139038085938,0.09410879015922546,0.0,1099.0,0.0,0.0,0.0,0.0,50.20390498638153,0.0,0.0,0.0,0.0,0.0,250.0,895.9,0.0,0.0,84.719,0.677,85.396,10.394,0.665,84.731,emon,0.83,0.712,46.2,21.5,2.146
2026-09-17 21:20:12.541,9.6,0,98,0;30;98;0;0;6;0;0;0;12;0;0;0;3;0;3,496,4376,4143;4211;4337;4376;1299;1439;1289;1267;1265;2009;1365;1237;496;902;512;600,0.0,0.0,895.9,0,0,0,0,0,0.0,0,0,0,0,0,0,0,0,0.0,0,0,0,0,0,97.6,0.0,4874.9,0,0,0,64.1,17.39,0.0,6.32,34.57,20.9,63.4,97.31719970703125,0.008791898377239704,0.9372037649154663,0.09378024935722351,0.0,1049.0,0.0,0.0,0.0,0.0,50.14693346619606,0.0,0.0,0.0,0.0,0.0,250.0,895.9,0.0,0.0,84.719,0.677,85.396,10.394,0.665,84.731,emon,0.83,0.712,46.2,21.5,2.146
2026-09-17 21:20:13.542,8.2,0,98,9;13;98;0;0;5;2;0;0;3;0;0;0;0;2;0,524,4313,4146;4184;4313;4185;2364;1679;1756;2719;2097;1862;1650;2653;524;702;805;579,0.0,0.0,895.9,0,0,0,0,0,0.0,0,0,0,0,0,0,0,0,0.0,0,0,0,0,0,97.6,0.0,4874.9,0,0,0,64.1,17.39,0.0,6.32,34.57,20.9,63.4,97.35033416748047,0.008387560956180096,0.9326484799385071,0.09365104138851166,0.0,1049.0,0.0,0.0,0.0,0.0,50.196502044796944,0.0,0.0,0.0,0.0,0.0,250.0,895.9,0.0,0.0,84.719,0.677,85.396,10.394,0.665,84.731,emon,0.83,0.712,46.2,21.5,2.146
2026-09-17 21:20:14.542,9.0,0,97,23;3;97;0;0;0;6;0;0;0;5;0;0;0;5;6,550,4368,4190;4315;4368;4126;2101;2178;2061;2163;2169;2192;1524;1595;550;664;830;634,0.0,0.0,895.9,0,0,0,0,0,0.0,0,0,0,0,0,0,0,0,0.0,0,0,0,0,0,97.6,0.0,4874.9,0,0,0,64.1,17.39,0.0,6.32,34.57,20.9,63.4,98.96119689941406,0.007800154387950897,0.9722228646278381,0.09696882963180542,0.0,1049.0,0.0,0.0,0.0,0.0,50.12764569371939,0.0,0.0,0.0,0.0,0.0,250.0,895.9,0.0,0.0,84.719,0.677,85.396,10.394,0.665,84.731,emon,0.83,0.712,46.2,21.5,2.146
2026-09-17 21:20:15.542,8.1,0,100,18;2;100;0;0;0;2;0;0;0;2;0;0;0;0;6,566,4344,4053;3843;4344;4135;1286;1347;1657;1299;1330;1377;1887;1713;756;566;703;597,0.0,0.0,895.9,0,0,0,0,0,0.0,0,0,0,0,0,0,0,0,0.0,0,0,0,0,0,97.6,0.0,4874.9,0,0,0,65.1,17.32,0.0,6.31,34.62,20.9,63.4,98.98044204711914,0.008644708432257175,0.911034345626831,0.09132782369852066,0.0,999.0,0.0,0.0,0.0,0.0,50.132345370948315,0.0,0.0,0.0,0.0,0.0,250.0,895.9,0.0,0.0,84.719,0.677,85.396,10.394,0.665,84.731,emon,0.83,0.712,46.2,21.5,2.146
2026-09-17 21:20:16.543,8.6,0,94,25;0;94;0;0;0;9;0;0;0;5;0;0;0;2;3,535,4350,4139;3873;4350;3683;1248;1283;1328;1331;1249;1246;1568;1319;849;535;862;587,0.0,0.0,895.9,0,0,0,0,0,0.0,0,0,0,0,0,0,0,0,0.0,0,0,0,0,0,97.2,0.0,4874.9,0,0,0,65.1,17.32,0.0,6.31,34.62,20.9,63.4,98.50378799438477,0.007938580587506294,0.9343870282173157,0.09355981647968292,0.0,1174.0,0.0,0.0,0.0,0.0,50.145945474505424,0.0,0.0,0.0,0.0,0.0,250.0,895.9,0.0,0.0,84.719,0.677,85.396,10.394,0.665,84.731,emon,0.83,0.712,46.2,21.5,2.146
2026-09-17 21:20:17.544,9.7,0,100,23;3;100;0;0;0;12;0;0;0;9;0;0;0;0;6,486,4329,4192;4098;4329;4044;1201;1401;1587;1208;1186;1186;1633;1220;486;511;684;587,0.0,0.0,895.9,0,0,0,0,0,0.0,0,0,0,0,0,0,0,0,0.0,0,0,0,0,0,97.0,0.0,4874.9,0,0,0,65.1,17.32,0.0,6.31,34.62,20.9,63.4,97.95149993896484,0.010306059382855892,0.8401727080345154,0.0843290463089943,0.0,399.0,0.0,0.0,0.0,0.0,50.36349114775658,0.0,0.0,0.0,0.0,0.0,250.0,895.9,0.0,0.0,84.719,0.677,85.396,10.394,0.665,84.731,emon,0.83,0.712,46.2,21.5,2.146
2026-09-17 21:20:18.544,9.2,0,93,28;0;93;0;0;0;11;0;0;0;8;0;2;0;6;0,579,4357,4140;3287;4357;4061;1170;1213;1766;1261;1324;1366;1625;1871;889;579;909;601,0.0,0.0,895.9,0,0,0,0,0,0.0,0,0,0,0,0,0,0,0,0.0,0,0,0,0,0,98.1,0.0,4874.9,0,0,0,64.1,17.32,0.0,6.31,34.62,20.9,63.4,99.0693130493164,0.008261377923190594,1.1128987073898315,0.11126115173101425,0.0,1149.0,0.0,0.0,0.0,0.0,50.149090722203255,0.0,0.0,0.0,0.0,0.0,250.0,895.9,0.0,0.0,85.329,0.684,86.013,10.392,0.665,85.348,emon,0.828,0.734,46.5,21.7,2.148
2026-09-17 21:20:19.545,8.0,0,97,16;0;97;0;0;0;5;0;0;0;3;0;0;0;8;0,565,4414,4197;4035;4339;4414;1732;1377;1814;1952;1158;1209;1717;1585;883;565;906;605,0.0,0.0,895.9,0,0,0,0,0,0.0,0,0,0,0,0,0,0,0,0.0,0,0,0,0,0,95.1,0.0,4874.9,0,0,0,64.1,17.49,0.0,3.3,33.25,20.9,63.4,96.31398391723633,0.008083951659500599,0.842230498790741,0.08397313207387924,0.0,1199.0,0.0,0.0,0.0,0.0,50.15358141064644,0.0,0.0,0.0,0.0,0.0,250.0,895.9,0.0,0.0,85.329,0.684,86.013,10.392,0.665,85.348,emon,0.828,0.734,46.5,21.7,2.148
2026-09-17 21:20:20.545,8.0,0,97,17;2;97;0;0;0;6;0;0;0;3;0;0;0;3;0,629,4351,4212;4286;4351;4302;3114;3331;1542;3099;3195;3349;1954;3057;701;677;865;629,0.0,0.0,895.9,0,0,0,0,0,0.0,0,0,0,0,0,0,0,0,0.0,0,0,0,0,0,97.3,0.0,4874.9,0,0,0,65.1,17.49,0.0,3.3,33.25,20.9,63.4,98.63810348510742,0.008375270292162895,1.0410038232803345,0.1041184663772583,0.0,1049.0,0.0,0.0,0.0,0.0,50.160624876618385,0.0,0.0,0.0,0.0,0.0,250.0,895.9,0.0,0.0,85.329,0.684,86.013,10.392,0.665,85.348,emon,0.828,0.734,46.5,21.7,2.148
2026-09-17 21:20:21.546,8.3,0,98,17;2;98;0;0;0;5;0;0;0;6;0;0;0;0;5,475,4359,4147;4162;4359;4330;921;1396;1967;1781;1122;1289;1818;1377;478;475;756;678,0.0,0.0,895.9,0,0,0,0,0,0.0,0,0,0,0,0,0,0,0,0.0,0,0,0,0,0,97.4,0.0,4874.9,0,0,0,65.1,17.49,0.0,3.3,33.25,20.9,63.4,98.74525833129883,0.010151701979339123,0.8352932333946228,0.08393368870019913,0.0,949.0,0.0,0.0,0.0,0.0,50.16219970583916,0.0,0.0,0.0,0.0,0.0,250.0,895.9,0.0,0.0,85.329,0.684,86.013,10.392,0.665,85.348,emon,0.828,0.734,46.5,21.7,2.148
2026-09-17 21:20:22.556,8.8,0,94,20;0;94;0;0;0;5;3;0;0;5;0;0;0;6;8,478,4362,4258;4145;4347;4362;1272;1298;1903;1270;1415;1446;1790;1280;478;852;885;628,0.0,0.0,895.9,0,0,0,0,0,0.0,0,0,0,0,0,0,0,0,0.0,0,0,0,0,0,98.4,0.0,4874.9,0,0,0,65.1,17.49,0.0,3.3,33.25,20.9,63.4,96.87789535522461,0.008176162838935852,1.026755452156067,0.10258437693119049,0.0,1174.0,0.0,0.0,0.0,0.0,50.14070823788643,0.0,0.0,0.0,0.0,0.0,250.0,895.9,0.0,0.0,85.329,0.684,86.013,10.392,0.665,85.348,emon,0.828,0.734,46.5,21.7,2.148
2026-09-17 21:20:23.557,10.0,0,100,19;3;100;0;0;0;14;3;0;0;16;0;0;0;2;3,618,4334,3788;4288;4334;4034;1298;1711;1846;1114;1648;1619;1600;1769;758;819;867;618,0.0,0.0,895.9,0,0,0,0,0,0.0,0,0,0,0,0,0,0,0,0.0,0,0,0,0,0,97.3,0.0,4874.9,0,0,0,65.1,17.44,0.0,6.2,34.81,20.9,63.4,98.55946350097656,0.007933789864182472,0.9341323971748352,0.09315068274736404,0.0,1149.0,0.0,0.0,0.0,0.0,50.1425216794014,0.0,0.0,0.0,0.0,0.0,250.0,895.9,0.0,0.0,85.329,0.684,86.013,10.392,0.665,85.348,emon,0.828,0.734,46.5,21.7,2.148
2026-09-17 21:20:24.557,9.5,0,98,23;2;98;2;0;0;12;2;0;0;14;0;0;0;0;0,606,4353,4223;4009;4353;4343;1167;1223;1805;1211;1207;1176;1543;1299;622;652;628;606,0.0,0.0,895.9,0,0,0,0,0,0.0,0,0,0,0,0,0,0,0,0.0,0,0,0,0,0,96.9,0.0,4874.9,0,0,0,64.1,17.44,0.0,6.2,34.81,20.9,63.4,97.73373794555664,0.007995122112333775,1.0923887491226196,0.10951592028141022,0.0,1174.0,0.0,0.0,0.0,0.0,50.185281090438366,0.0,0.0,0.0,0.0,0.0,250.0,895.9,0.0,0.0,85.329,0.684,86.013,10.392,0.665,85.348,emon,0.828,0.734,46.5,21.7,2.148
2026-09-17 21:20:25.558,11.0,0,92,29;2;92;3;0;0;17;0;0;0;26;0;0;0;0;8,477,4323,4187;3741;4323;3965;1212;1201;1639;1198;1210;1160;1617;1303;477;479;592;606,0.2,0.0,886.2,0,0,0,0,0,0.0,0,0,0,0,0,0,0,0,0.0,0,0,0,0,0,89.1,0.0,4874.9,0,0,0,64.1,17.44,0.0,6.2,34.81,20.9,63.4,96.83093643188477,0.007082038559019566,0.8799601197242737,0.0882219597697258,0.0,1499.0,0.0,0.0,0.0,0.0,50.08247095346451,0.0,0.0,0.0,0.0,0.0,250.0,895.9,0.0,0.0,85.329,0.684,86.013,10.392,0.665,85.348,emon,0.828,0.734,46.5,21.7,2.148
2026-09-17 21:20:26.558,12.7,0,97,46;8;97;5;2;0;14;5;0;0;17;2;0;0;6;3,533,4562,4276;4547;4356;4562;3386;2906;2537;3352;3258;2008;2555;3424;714;533;2643;665,0.0,0.0,886.2,0,0,0,0,0,0.0,0,0,0,0,0,0,0,0,0.0,0,0,0,0,0,97.5,0.0,4264.5,0,0,0,64.1,17.44,0.0,6.2,34.81,20.4,63.4,99.0203742980957,0.008600804023444653,1.0267441272735596,0.10296214371919632,0.0,1049.0,0.0,0.0,0.0,0.0,50.07289827615023,0.0,0.0,0.0,0.0,0.0,250.0,886.2,0.0,0.0,85.329,0.684,86.013,10.392,0.665,85.348,emon,0.828,0.734,46.5,21.7,2.148
2026-09-17 21:20:27.559,28.0,0,92,85;52;92;21;8;8;39;25;5;2;48;21;0;0;40;3,2471,4729,4726;4729;4716;4729;3348;3428;3276;3352;3362;3303;3254;3315;2471;2490;2816;2591,0.0,0.0,886.2,0,0,0,0,0,0.0,0,0,0,0,0,0,0,0,0.0,0,0,0,0,0,97.5,0.0,4264.5,0,0,0,75.1,19.3,0.0,2.71,32.67,16.0,63.4,98.2867660522461,0.009504838846623898,0.8835634589195251,0.08840864151716232,0.0,499.0,0.0,0.0,0.0,0.0,50.304170310497284,0.0,0.0,0.0,0.0,0.0,300.0,886.2,0.0,0.0,85.329,0.684,86.013,10.392,0.665,85.348,emon,0.828,0.734,46.5,21.7,2.148
2026-09-17 21:20:28.559,23.4,0,98,64;39;98;2;0;0;82;0;0;0;62;0;0;0;26;3,1467,4722,4722;4663;4710;4669;3459;3375;3324;3347;3115;3342;3268;3442;1992;1467;2411;1561,0.0,0.0,886.2,0,0,0,0,0,0.0,0,0,0,0,0,0,0,0,0.0,0,0,0,0,0,0.0,0.0,0.0,0,0,0,71.1,19.3,0.0,2.71,32.67,16.1,63.4,98.0295524597168,0.007503743749111891,0.8713128566741943,0.08692508935928345,0.0,1199.0,0.0,0.0,0.0,0.0,50.18537326157093,0.0,0.0,0.0,0.0,0.0,450.0,886.2,0.0,0.0,85.329,0.684,86.013,10.392,0.665,85.348,emon,0.828,0.734,46.5,21.7,2.148
2026-09-17 21:20:29.560,16.4,0,89,52;11;89;3;0;0;69;2;0;0;28;0;0;0;11;0,1280,4725,4597;4690;4695;4725;3450;3454;3343;3169;3389;3367;3031;3285;1407;1935;1650;1280,0.0,0.0,886.2,0,0,0,0,0,0.0,0,0,0,0,0,0,0,0,0.0,0,0,0,0,0,0.0,0.0,0.0,0,0,0,84.1,19.3,0.0,2.71,32.67,16.1,63.4,97.38785552978516,0.0072128260508179665,0.9104381203651428,0.09110938012599945,0.0,1199.0,0.0,0.0,0.0,0.0,50.25355465710163,0.0,0.0,0.0,0.0,0.0,450.0,886.2,0.0,0.0,85.329,0.684,86.013,10.392,0.665,85.348,emon,0.828,0.734,46.5,21.7,2.148
2026-09-17 21:20:30.560,19.2,0,91,36;8;91;3;2;0;88;2;0;0;20;0;2;3;46;8,1220,4728,4556;4491;4721;4728;3406;3216;3404;3421;2875;2844;2280;2683;1356;1320;1851;1220,0.0,0.0,886.2,0,0,0,0,0,0.0,0,0,0,0,0,0,0,0,0.0,0,0,0,0,0,0.0,0.0,0.0,0,0,0,85.1,19.3,0.0,2.71,32.67,16.2,63.4,97.87176895141602,0.008882066234946251,0.9649366736412048,0.09689527004957199,0.0,549.0,0.0,0.0,0.0,0.0,50.36830943822861,0.0,0.0,0.0,0.0,0.0,450.0,886.2,0.0,0.0,1.763,4.074,5.837,39.848,2.55,3.287,emon,0.872,0.958,30.1,17.0,1.771
2026-09-17 21:20:31.560,18.8,0,89,65;23;89;11;0;0;39;6;0;0;30;5;0;0;23;11,1123,4724,4713;4677;4723;4724;2793;3184;2981;3228;3442;2438;2633;3275;1345;1123;1761;1247,0.0,0.0,886.2,0,0,0,0,0,0.0,0,0,0,0,0,0,0,0,0.0,0,0,0,0,0,0.0,0.0,0.0,0,0,0,90.1,28.19,0.0,0.36,31.93,16.2,63.4,97.66997909545898,0.00680950190871954,0.9438604116439819,0.09450319409370422,0.0,1199.0,0.0,0.0,0.0,0.0,50.239316299557686,0.0,0.0,0.0,0.0,0.0,450.0,886.2,0.0,0.0,1.763,4.074,5.837,39.848,2.55,3.287,emon,0.872,0.958,30.1,17.0,1.771
2026-09-17 21:20:32.561,13.9,0,98,80;14;98;0;0;0;11;6;0;0;8;0;0;0;2;3,967,4729,4722;4716;4727;4729;2761;1583;2100;3434;2703;2268;1856;3184;985;967;1047;1074,0.0,0.0,886.2,0,0,0,0,0,0.0,0,0,0,0,0,0,0,0,0.0,0,0,0,0,0,0.0,0.0,0.0,0,0,0,92.1,28.19,0.0,0.36,31.93,16.2,63.4,97.66997909545898,0.00680950190871954,0.9438604116439819,0.09450319409370422,0.0,1199.0,0.0,0.0,0.0,0.0,50.239316299557686,0.0,0.0,0.0,0.0,0.0,450.0,886.2,0.0,0.0,1.763,4.074,5.837,39.848,2.55,3.287,emon,0.872,0.958,30.1,17.0,1.771
2026-09-17 21:20:33.562,13.5,0,100,85;11;100;3;0;0;8;0;0;0;9;0;0;0;0;0,1023,4729,4726;4710;4728;4729;2551;2331;2445;3287;3114;2972;1997;2478;1036;1023;1064;1078,0.0,0.0,886.2,0,0,0,0,0,0.0,0,0,0,0,0,0,0,0,0.0,0,0,0,0,0,0.0,0.0,0.0,0,0,0,89.1,28.19,0.0,0.36,31.93,16.2,63.4,97.76363372802734,0.0075454553589224815,0.9546030163764954,0.09537885338068008,0.0,1199.0,0.0,0.0,0.0,0.0,50.21255020797253,0.0,0.0,0.0,0.0,0.0,450.0,886.2,0.0,0.0,1.763,4.074,5.837,39.848,2.55,3.287,emon,0.872,0.958,30.1,17.0,1.771
2026-09-17 21:20:34.562,14.7,0,96,78;25;96;0;0;0;12;0;0;0;22;0;0;0;0;2,1003,4729,4726;4728;4729;4729;3222;3340;2312;2937;3333;3429;2329;3266;1003;1028;1031;1034,0.0,0.0,886.2,0,0,0,0,0,0.0,0,0,0,0,0,0,0,0,0.0,0,0,0,0,0,0.0,0.0,0.0,0,0,0,85.1,28.19,0.0,0.36,31.93,16.2,63.4,97.35529708862305,0.007247867528349161,0.9669192433357239,0.0972617119550705,0.0,1199.0,0.0,0.0,0.0,0.0,50.263218462467194,0.0,0.0,0.0,0.0,0.0,450.0,886.2,0.0,0.0,1.763,4.074,5.837,39.848,2.55,3.287,emon,0.872,0.958,30.1,17.0,1.771
2026-09-17 21:20:35.563,14.8,0,98,92;8;98;2;0;0;14;0;0;0;16;0;2;0;2;3,1037,4729,4726;4727;4728;4729;2891;3284;2879;2933;3223;3264;1942;2658;1037;1148;1815;1112,0.0,0.0,886.2,0,0,0,0,0,0.0,0,0,0,0,0,0,0,0,0.0,0,0,0,0,0,0.0,0.0,0.0,0,0,0,90.1,31.48,0.0,0.36,34.78,16.2,63.4,97.48835372924805,0.0075247264467179775,0.9135215878486633,0.09148341417312622,0.0,1199.0,0.0,0.0,0.0,0.0,50.265293687582016,0.0,0.0,0.0,0.0,0.0,450.0,886.2,0.0,0.0,1.763,4.074,5.837,39.848,2.55,3.287,emon,0.872,0.958,30.1,17.0,1.771
2026-09-17 21:20:36.563,13.7,0,97,82;19;97;0;0;0;8;0;0;0;14;0;0;0;0;0,876,4726,4726;4723;4718;4724;2518;3130;2747;2611;2679;1782;1961;2106;950;876;984;1092,0.0,0.0,886.2,0,0,0,0,0,0.0,0,0,0,0,0,0,0,0,0.0,0,0,0,0,0,0.0,0.0,0.0,0,0,0,83.1,31.48,0.0,0.36,34.78,16.3,63.4,98.44729614257812,0.007464920170605183,0.9993152022361755,0.10043065994977951,0.0,1199.0,0.0,0.0,0.0,0.0,50.15705005824566,0.0,0.0,0.0,0.0,0.0,450.0,886.2,0.0,0.0,1.763,4.074,5.837,39.848,2.55,3.287,emon,0.872,0.958,30.1,17.0,1.771
2026-09-17 21:20:37.564,13.8,0,98,92;8;98;6;0;0;9;0;0;0;5;0;0;0;2;0,937,4729,4728;4711;4716;4729;2785;1633;2052;2732;2793;2049;1820;3049;937;938;956;1091,0.0,0.0,886.2,0,0,0,0,0,0.0,0,0,0,0,0,0,0,0,0.0,0,0,0,0,0,0.0,0.0,0.0,0,0,0,86.1,31.48,0.0,0.36,34.78,16.3,63.4,96.15859603881836,0.009282354265451431,0.8654351830482483,0.08633922040462494,0.0,549.0,0.0,0.0,0.0,0.0,50.4375756084919,0.0,0.0,0.0,0.0,0.0,450.0,886.2,0.0,0.0,1.763,4.074,5.837,39.848,2.55,3.287,emon,0.872,0.958,30.1,17.0,1.771
2026-09-17 21:20:38.565,14.6,0,97,88;12;97;5;0;0;12;0;0;0;14;0;0;0;5;0,917,4729,4729;4729;4729;4729;2992;1593;2233;2633;3392;3547;2286;3049;1018;917;1122;1105,0.0,0.0,886.2,0,0,0,0,0,0.0,0,0,0,0,0,0,0,0,0.0,0,0,0,0,0,0.0,0.0,0.0,0,0,0,86.1,31.48,0.0,0.36,34.78,16.3,63.4,98.00268936157227,0.007436409592628479,0.9673025608062744,0.09649541974067688,0.0,1199.0,0.0,0.0,0.0,0.0,50.243613719940186,0.0,0.0,0.0,0.0,0.0,450.0,886.2,0.0,0.0,1.763,4.074,5.837,39.848,2.55,3.287,emon,0.872,0.958,30.1,17.0,1.771
2026-09-17 21:20:39.565,14.0,0,97,69;30;97;3;0;0;6;2;0;0;16;2;0;0;0;0,1050,4729,4728;4727;4729;4729;3305;3389;2052;3389;3357;3353;2215;3248;1050;1104;1062;1095,0.0,0.0,886.2,0,0,0,0,0,0.0,0,0,0,0,0,0,0,0,0.0,0,0,0,0,0,0.0,0.0,0.0,0,0,0,84.1,27.34,0.0,0.4,31.44,16.3,63.4,97.58993148803711,0.009173856116831303,0.8926986455917358,0.08965110033750534,0.0,874.0,0.0,0.0,0.0,0.0,50.27670402824879,0.0,0.0,0.0,0.0,0.0,450.0,886.2,0.0,0.0,1.763,4.074,5.837,39.848,2.55,3.287,emon,0.872,0.958,30.1,17.0,1.771
2026-09-17 21:20:40.565,14.0,0,97,75;25;97;0;0;0;12;0;0;0;9;2;0;0;0;3,932,4729,4729;4729;4727;4728;3238;2740;2445;3217;3423;3217;1838;3449;1010;932;1098;1093,0.0,0.0,886.2,0,0,0,0,0,0.0,0,0,0,0,0,0,0,0,0.0,0,0,0,0,0,0.0,0.0,0.0,0,0,0,82.1,27.34,0.0,0.4,31.44,16.3,63.4,97.90108489990234,0.004323212429881096,0.7932060360908508,0.07943127304315567,0.0,1199.0,0.0,0.0,0.0,0.0,50.18846179544926,0.0,0.0,0.0,0.0,0.0,450.0,886.2,0.0,0.0,1.763,4.074,5.837,39.848,2.55,3.287,emon,0.872,0.958,30.1,17.0,1.771
2026-09-17 21:20:41.566,13.8,0,98,80;22;98;0;0;0;9;0;0;0;8;0;0;0;0;3,921,4729,4727;4727;4729;4729;2499;2360;2098;2570;3248;3353;2040;3210;949;921;1041;1086,0.0,0.0,886.2,0,0,0,0,0,0.0,0,0,0,0,0,0,0,0,0.0,0,0,0,0,0,0.0,0.0,0.0,0,0,0,82.1,27.34,0.0,0.4,31.44,16.3,63.4,95.37527275085449,0.0068378879223018885,0.8327529430389404,0.08302555233240128,0.0,874.0,0.0,0.0,0.0,0.0,50.36116002500057,0.0,0.0,0.0,0.0,0.0,450.0,886.2,0.0,0.0,1.763,4.074,5.837,39.848,2.55,3.287,emon,0.872,0.958,30.1,17.0,1.771
2026-09-17 21:20:42.566,14.1,0,100,64;35;100;0;0;0;16;0;0;0;11;0;0;0;0;0,931,4729,4726;4729;4729;4729;2221;2252;2346;2966;3472;2532;1844;2665;1040;931;1045;1091,0.0,0.0,886.2,0,0,0,0,0,0.0,0,0,0,0,0,0,0,0,0.0,0,0,0,0,0,0.0,0.0,0.0,0,0,0,82.1,27.34,0.0,0.4,31.44,16.3,63.4,97.56913757324219,0.007581126410514116,1.040543556213379,0.10434237867593765,0.0,1199.0,0.0,0.0,0.0,0.0,50.244395196437836,0.0,0.0,0.0,0.0,0.0,450.0,886.2,0.0,0.0,1.763,4.074,5.837,39.848,2.55,3.287,emon,0.872,0.958,30.1,17.0,1.771
2026-09-17 21:20:43.566,14.3,0,100,75;25;100;0;0;0;14;3;0;0;10;0;0;0;3;0,927,4729,4728;4729;4729;4729;3163;1584;2653;1540;2990;2428;1922;1102;927;969;1145;1102,0.0,0.0,886.2,0,0,0,0,0,0.0,0,0,0,0,0,0,0,0,0.0,0,0,0,0,0,0.0,0.0,0.0,0,0,0,83.1,27.06,0.0,0.4,31.16,16.3,63.4,97.56913757324219,0.007581126410514116,1.040543556213379,0.10434237867593765,0.0,1199.0,0.0,0.0,0.0,0.0,50.244395196437836,0.0,0.0,0.0,0.0,0.0,450.0,886.2,0.0,0.0,2.213,0.93,3.142,43.209,2.765,0.377,emon,0.911,0.551,27.3,12.7,2.158
2026-09-17 21:20:44.567,14.1,0,100,6;92;100;2;0;0;0;14;0;0;0;8;0;0;0;3,878,4729,4729;4727;4729;4729;2481;2595;1849;2434;3291;3151;3508;1751;960;1029;878;1162,0.0,0.0,886.2,0,0,0,0,0,0.0,0,0,0,0,0,0,0,0,0.0,0,0,0,0,0,0.0,0.0,0.0,0,0,0,86.1,27.06,0.0,0.4,31.16,16.4,63.4,98.71792602539062,0.00923157949000597,0.8600055575370789,0.08586693555116653,0.0,874.0,0.0,0.0,0.0,0.0,50.08696811646223,0.0,0.0,0.0,0.0,0.0,450.0,886.2,0.0,0.0,2.213,0.93,3.142,43.209,2.765,0.377,emon,0.911,0.551,27.3,12.7,2.158
2026-09-17 21:20:45.567,14.1,0,92,12;83;92;3;0;0;0;17;0;0;0;14;0;0;0;3,960,4729,4727;4728;4729;4728;2643;2207;1754;3015;2980;3376;3253;1755;1348;960;991;1168,0.0,0.0,886.2,0,0,0,0,0,0.0,0,0,0,0,0,0,0,0,0.0,0,0,0,0,0,0.0,0.0,0.0,0,0,0,88.1,27.06,0.0,0.4,31.16,16.4,63.4,95.86933517456055,0.007610300090163946,0.8984059691429138,0.08979791402816772,0.0,1199.0,0.0,0.0,0.0,0.0,50.193107575178146,0.0,0.0,0.0,0.0,0.0,450.0,886.2,0.0,0.0,2.213,0.93,3.142,43.209,2.765,0.377,emon,0.911,0.551,27.3,12.7,2.158
2026-09-17 21:20:46.568,14.6,0,97,8;92;97;0;0;0;0;11;3;0;0;17;0;0;0;6,900,4729,4729;4727;4728;4729;3320;2609;2041;2366;3414;2841;2892;2005;963;900;1036;1099,0.0,0.0,886.2,0,0,0,0,0,0.0,0,0,0,0,0,0,0,0,0.0,0,0,0,0,0,0.0,0.0,0.0,0,0,0,87.1,27.06,0.0,0.4,31.16,16.4,63.4,98.39187240600586,0.007540083955973387,0.9801838994026184,0.09858862310647964,0.0,1199.0,0.0,0.0,0.0,0.0,50.14055551588535,0.0,0.0,0.0,0.0,0.0,450.0,886.2,0.0,0.0,2.213,0.93,3.142,43.209,2.765,0.377,emon,0.911,0.551,27.3,12.7,2.158
2026-09-17 21:20:47.595,31.2,18,97,23;97;96;20;18;18;18;41;18;18;18;34;18;18;18;28,2680,4728,4728;4719;4687;4726;3450;3451;3451;3035;3450;3451;3451;2999;2967;2930;2993;2680,0.0,0.0,886.2,0,0,0,0,0,0.0,0,0,0,0,0,0,0,0,0.0,0,0,0,0,0,0.0,0.0,0.0,0,0,0,84.1,29.04,0.0,0.4,32.98,21.0,63.4,97.8730239868164,0.007633510511368513,0.9031962156295776,0.09029972553253174,0.0,1199.0,0.0,0.0,0.0,0.0,50.18790550529957,0.0,0.0,0.0,0.0,0.0,450.0,886.2,0.0,0.0,2.213,0.93,3.142,43.209,2.765,0.377,emon,0.911,0.551,27.3,12.7,2.158
2026-09-17 21:20:48.595,63.3,52,100,62;92;100;58;64;56;56;56;56;56;59;77;57;52;57;55,2949,4725,4725;4725;4722;4725;3446;3446;3444;3363;3442;3440;3441;3361;2984;2992;2990;2949,0.0,0.0,886.2,0,0,0,0,0,0.0,0,0,0,0,0,0,0,0,0.0,0,0,0,0,0,0.0,0.0,4342.3,0,0,0,88.1,29.04,0.0,0.4,32.98,24.0,63.4,97.71377182006836,0.009628405794501305,0.9378297924995422,0.09409316629171371,0.0,449.0,0.0,0.0,0.0,0.0,50.40982133150101,0.0,0.0,0.0,0.0,0.0,450.0,886.2,0.0,0.0,2.213,0.93,3.142,43.209,2.765,0.377,emon,0.911,0.551,27.3,12.7,2.158
2026-09-17 21:20:49.595,14.5,0,94,13;82;94;5;0;0;0;17;2;2;0;12;0;0;0;6,1194,4726,4667;4716;4726;4724;2827;3400;3382;2513;3120;3434;3411;2249;1842;1319;1194;1200,0.0,0.0,886.2,0,0,0,0,0,0.0,0,0,0,0,0,0,0,0,0.0,0,0,0,0,0,0.0,0.0,4342.3,0,0,0,92.1,29.04,0.0,0.4,32.98,24.0,63.4,95.15396881103516,0.00750059774145484,0.9438207745552063,0.0948118269443512,0.0,1199.0,0.0,0.0,0.0,0.0,50.30912581086159,0.0,0.0,0.0,0.0,0.0,450.0,886.2,0.0,0.0,2.213,0.93,3.142,43.209,2.765,0.377,emon,0.911,0.551,27.3,12.7,2.158
2026-09-17 21:20:50.596,13.9,0,94,12;62;94;6;2;0;0;34;2;0;0;5;3;0;0;3,962,4720,4693;4674;4720;4690;3411;2822;2590;3053;3296;2802;2825;2056;1092;1009;962;1081,0.5,0.0,889.4,0,0,0,0,0,0.0,0,0,0,0,0,0,0,0,0.0,0,0,0,0,0,0.0,0.0,4342.3,0,0,0,82.1,29.04,0.0,0.4,32.98,24.0,63.4,97.79082870483398,0.009291080757975578,0.902089536190033,0.09057971090078354,0.0,549.0,0.0,0.0,0.0,0.0,50.32098150253296,0.0,0.0,0.0,0.0,0.0,450.0,886.2,0.0,0.0,2.213,0.93,3.142,43.209,2.765,0.377,emon,0.911,0.551,27.3,12.7,2.158
2026-09-17 21:20:51.596,14.6,0,88,5;57;88;0;2;0;0;66;2;0;0;11;0;3;0;2,1000,4729,4654;4586;4711;4729;3229;2821;2765;3407;2486;2485;1569;1794;1000;1033;1023;1076,0.0,0.0,889.4,0,0,0,0,0,0.0,0,0,0,0,0,0,0,0,0.0,0,0,0,0,0,0.0,0.0,4342.3,0,0,0,79.1,32.86,0.0,0.36,37.11,24.0,63.4,98.1616439819336,0.007571824360638857,0.9928013682365417,0.099515400826931,0.0,1199.0,0.0,0.0,0.0,0.0,50.18152931332588,0.0,0.0,0.0,0.0,0.0,450.0,889.4,0.0,0.0,2.213,0.93,3.142,43.209,2.765,0.377,emon,0.911,0.551,27.3,12.7,2.158
2026-09-17 21:20:52.596,14.4,0,100,20;74;100;3;0;0;0;22;0;0;0;8;0;0;0;3,889,4729,4724;4726;4725;4729;1659;981;1246;2846;3209;1954;2021;2077;935;1020;889;1170,0.1,0.0,885.4,0,0,0,0,0,0.0,0,0,0,0,0,0,0,0,0.0,0,0,0,0,0,0.0,0.0,4342.3,0,0,0,82.1,32.86,0.0,0.36,37.11,24.0,63.4,96.8069839477539,0.006657973863184452,1.0164506435394287,0.10156393051147461,0.0,1199.0,0.0,0.0,0.0,0.0,50.30743658542633,0.0,0.0,0.0,0.0,0.0,450.0,889.4,0.0,0.0,2.213,0.93,3.142,43.209,2.765,0.377,emon,0.911,0.551,27.3,12.7,2.158
2026-09-17 21:20:53.602,14.1,0,95,14;87;95;0;0;0;0;9;2;0;0;20;0;0;0;0,1017,4729,4729;4728;4729;4729;2622;1743;2079;2490;3441;3265;3258;2011;1078;1058;1017;1089,0.0,0.0,885.4,0,0,0,0,0,0.0,0,0,0,0,0,0,0,0,0.0,0,0,0,0,0,0.0,0.0,4342.3,0,0,0,86.1,32.86,0.0,0.36,37.11,24.1,63.4,96.11860275268555,0.00939511600881815,0.862743616104126,0.08630920201539993,0.0,549.0,0.0,0.0,0.0,0.0,50.45193576812744,0.0,0.0,0.0,0.0,0.0,450.0,885.4,0.0,0.0,2.213,0.93,3.142,43.209,2.765,0.377,emon,0.911,0.551,27.3,12.7,2.158
2026-09-17 21:20:54.603,14.8,0,97,6;95;97;0;2;0;0;15;5;0;0;9;0;0;0;8,1033,4729,4724;4722;4728;4729;3215;3449;3402;2769;1728;3428;3380;2163;1053;1117;1033;1298,0.0,0.0,885.4,0,0,0,0,0,0.0,0,0,0,0,0,0,0,0,0.0,0,0,0,0,0,0.0,0.0,4342.3,0,0,0,89.1,32.86,0.0,0.36,37.11,24.0,63.4,96.11860275268555,0.00939511600881815,0.862743616104126,0.08630920201539993,0.0,549.0,0.0,0.0,0.0,0.0,50.45193576812744,0.0,0.0,0.0,0.0,0.0,450.0,885.4,0.0,0.0,2.213,0.93,3.142,43.209,2.765,0.377,emon,0.911,0.551,27.3,12.7,2.158
2026-09-17 21:20:55.603,14.6,0,95,13;90;95;3;0;0;0;8;0;0;0;12;2;3;0;8,956,4729,4727;4722;4726;4729;3283;3315;3136;2118;2841;3394;3322;2297;956;961;986;1238,0.0,0.0,885.4,0,0,0,0,0,0.0,0,0,0,0,0,0,0,0,0.0,0,0,0,0,0,0.0,0.0,4342.3,0,0,0,92.1,28.76,0.0,0.39,32.55,24.0,63.4,98.11328506469727,0.007257428485900164,1.0125501155853271,0.10167344659566879,0.0,1199.0,0.0,0.0,0.0,0.0,50.18549335002899,0.0,0.0,0.0,0.0,0.0,450.0,885.4,0.0,0.0,1.675,1.31,2.985,36.822,2.357,0.628,emon,0.909,0.894,28.9,13.4,2.16
2026-09-17 21:20:56.604,14.1,0,100,6;88;100;0;0;0;0;13;0;0;0;11;0;0;0;8,966,4729,4728;4719;4728;4729;3144;1708;2267;2433;3160;2769;2996;1995;1051;1194;966;1307,0.0,0.0,885.4,0,0,0,0,0,0.0,0,0,0,0,0,0,0,0,0.0,0,0,0,0,0,0.0,0.0,4342.3,0,0,0,90.1,28.76,0.0,0.39,32.55,24.0,63.4,99.98602294921875,0.015345397405326366,1.920741319656372,0.19222703576087952,0.0,1199.0,0.0,0.0,0.0,0.0,99.9842758178711,0.0,0.0,0.0,0.0,0.0,450.0,885.4,0.0,0.0,1.675,1.31,2.985,36.822,2.357,0.628,emon,0.909,0.894,28.9,13.4,2.16
2026-09-17 21:20:57.604,14.3,0,100,31;66;100;2;0;0;0;14;0;0;0;6;0;0;0;11,1052,4729,4695;4727;4727;4729;3296;2637;2181;2133;2451;2898;2318;2199;1082;1171;1052;1269,0.0,0.0,885.4,0,0,0,0,0,0.0,0,0,0,0,0,0,0,0,0.0,0,0,0,0,0,0.0,0.0,4342.3,0,0,0,84.1,28.76,0.0,0.39,32.55,24.0,63.4,97.27605438232422,0.009590758010745049,0.881107747554779,0.08831776678562164,0.0,449.0,0.0,0.0,0.0,0.0,50.48034378886223,0.0,0.0,0.0,0.0,0.0,450.0,885.4,0.0,0.0,1.675,1.31,2.985,36.822,2.357,0.628,emon,0.909,0.894,28.9,13.4,2.16
2026-09-17 21:20:58.605,14.8,0,98,19;78;98;3;0;0;0;17;2;0;0;15;0;0;0;3,821,4726,4723;4724;4726;4616;3083;3038;1398;2387;3049;2521;1362;2071;1034;821;824;1192,1.3,0.0,916.0,0,0,0,0,0,0.0,0,0,0,0,0,0,0,0,0.0,0,0,0,0,0,0.0,0.0,4342.3,0,0,0,86.1,28.76,0.0,0.39,32.55,24.1,63.4,96.86216259002686,4.006314244121313,18.993862107396126,18.599326581694186,0.3042905629845336,1320.875,0.0,0.0,0.0,0.0,50.32208269275725,0.1,0.0,0.0,0.0,0.0,450.0,916.0,0.0,0.0,1.675,1.31,2.985,36.822,2.357,0.628,emon,0.909,0.894,28.9,13.4,2.16
2026-09-17 21:20:59.605,14.5,0,89,8;89;86;2;0;0;0;22;2;0;0;21;0;0;0;3,921,4729,4729;4724;4729;4729;3106;3244;3109;2306;3422;3140;2857;2343;1027;984;921;1093,0.0,0.0,916.0,0,0,0,0,0,0.0,0,0,0,0,0,0,0,0,0.0,0,0,0,0,0,0.0,0.0,4342.3,0,0,0,88.1,30.6,0.01,0.37,34.05,24.4,63.4,98.13274002075195,0.007610796019434929,0.9051604270935059,0.09111261367797852,0.0,1199.0,0.0,0.0,0.0,0.0,50.208208218216896,0.0,0.0,0.0,0.0,0.0,450.0,916.0,0.0,0.0,1.675,1.31,2.985,36.822,2.357,0.628,emon,0.909,0.894,28.9,13.4,2.16
2026-09-17 21:21:00.605,12.9,0,95,3;95;61;2;0;0;0;18;3;0;0;8;4;2;0;12,853,4623,4459;4550;4623;4382;3212;3416;3381;1741;3389;3310;3363;2092;1009;853;861;884,0.1,0.0,912.0,0,0,0,0,0,0.0,0,0,0,0,0,0,0,0,0.0,0,0,0,0,0,0.0,0.0,4689.8,0,0,0,76.1,30.6,0.01,0.37,34.05,20.9,63.4,97.39726257324219,0.007605579681694508,1.0844221115112305,0.10826447606086731,0.0,1499.0,0.0,0.0,0.0,0.0,50.05984891206026,0.0,0.0,0.0,0.0,0.0,450.0,912.0,0.0,0.0,1.675,1.31,2.985,36.822,2.357,0.628,emon,0.909,0.894,28.9,13.4,2.16
2026-09-17 21:21:01.606,8.3,0,82,0;82;36;0;0;0;0;6;0;0;0;6;2;0;0;2,468,4308,4177;4308;4250;4145;1036;1118;1764;1755;1268;1242;1321;1811;618;628;468;645,0.0,0.0,912.0,0,0,0,0,0,0.0,0,0,0,0,0,0,0,0,0.0,0,0,0,0,0,88.0,0.0,4874.9,0,0,0,67.1,30.6,0.01,0.37,34.05,20.9,63.4,98.11536407470703,0.008308636024594307,0.8990400433540344,0.0905313715338707,0.0,1049.0,0.0,0.0,0.0,0.0,50.21501965820789,0.0,0.0,0.0,0.0,0.0,250.0,912.0,0.0,0.0,1.675,1.31,2.985,36.822,2.357,0.628,emon,0.909,0.894,28.9,13.4,2.16
2026-09-17 21:21:02.606,9.0,0,80,2;80;33;0;0;0;0;16;0;0;0;8;0;0;0;6,464,4313,3935;4313;4160;4303;1192;1075;1067;1672;1554;1200;1190;1768;546;464;494;674,0.0,0.0,912.0,0,0,0,0,0,0.0,0,0,0,0,0,0,0,0,0.0,0,0,0,0,0,97.7,0.0,4874.9,0,0,0,66.1,21.79,0.0,6.33,34.92,20.9,63.4,98.56064987182617,0.008642792701721191,0.9117787480354309,0.09153363108634949,0.0,1049.0,0.0,0.0,0.0,0.0,50.17033815383911,0.0,0.0,0.0,0.0,0.0,250.0,912.0,0.0,0.0,1.675,1.31,2.985,36.822,2.357,0.628,emon,0.909,0.894,28.9,13.4,2.16
2026-09-17 21:21:03.606,15.1,0,86,18;86;44;9;3;5;0;29;8;3;2;18;3;3;0;11,723,4145,4020;4145;4015;4112;3165;3364;3386;2471;3203;3371;3417;2572;723;763;734;799,2.5,0.0,921.9,0,0,0,0,0,0.0,0,0,0,0,0,0,0,0,0.0,0,0,0,0,0,91.6,0.0,4874.9,0,0,0,63.1,21.79,0.0,6.33,34.92,20.9,63.4,99.36119196965144,0.6482040687249258,14.988249118511494,12.712736716637245,0.45642852783203125,1168.2307692307693,0.0,0.0,0.0,0.0,54.07725370159516,0.0,0.0,0.0,0.0,0.0,250.0,912.0,0.0,0.0,1.675,1.31,2.985,36.822,2.357,0.628,emon,0.909,0.894,28.9,13.4,2.16
2026-09-17 21:21:04.607,10.2,0,85,3;85;43;2;0;0;0;16;0;0;0;6;0;0;0;8,694,4189,3954;4189;4020;3807;3038;3121;3100;2234;2984;3175;3134;2075;694;821;778;730,1.6,0.0,922.6,0,0,0,0,0,0.0,0,0,0,0,0,0,0,0,0.0,0,0,0,0,0,99.1,0.0,4874.9,0,0,0,65.1,21.79,0.0,6.33,34.92,20.9,63.4,99.64016856317934,0.36147146231859273,5.765882006935452,3.4455281674861906,0.7292145569191274,915.304347826087,0.0,0.0,0.0,0.0,57.82777174361374,0.5,0.0,0.0,0.0,0.0,250.0,922.6,0.0,0.0,1.675,1.31,2.985,36.822,2.357,0.628,emon,0.909,0.894,28.9,13.4,2.16
2026-09-17 21:21:05.607,12.1,0,80,6;80;44;0;0;0;0;20;0;2;0;27;0;0;0;15,642,4186,3909;4186;4079;3817;2887;2294;1831;2030;2192;3189;2069;2218;642;680;808;702,2.9,0.0,939.8,0,0,0,0,0,0.0,0,0,0,0,0,0,0,0,0.0,0,0,0,0,0,91.5,0.0,4874.9,0,0,0,63.1,21.79,0.0,6.33,34.92,20.9,63.4,99.28034477729302,2.9875438541851262,16.078107833862305,14.332495463358892,1.3222491635227358,1023.6753246753246,0.0,0.0,0.0,0.0,49.455217959044816,0.1,0.0,0.0,0.0,0.0,250.0,923.6,0.0,0.0,1.675,1.31,2.985,36.822,2.357,0.628,emon,0.909,0.894,28.9,13.4,2.16
2026-09-17 21:21:06.608,12.9,0,81,11;81;54;8;3;0;0;20;2;3;0;17;5;0;0;3,452,4055,3719;4055;3948;3722;2975;3129;2587;2448;2749;2719;2807;2287;825;452;486;759,1.8,0.0,1013.8,0,0,0,0,0,0.0,0,0,0,0,0,0,0,0,0.0,0,0,0,0,0,99.9,0.0,4874.9,0,0,0,62.1,17.16,0.06,3.31,33.1,21.0,63.4,99.34090616207311,2.3710061057959453,18.292358709443914,14.794521562312498,0.9090774490654764,967.3168316831683,0.0,0.0,0.0,0.0,51.68058377608085,0.8,0.0,0.0,0.0,0.0,250.0,1034.0,0.0,0.0,1.675,1.31,2.985,36.822,2.357,0.628,emon,0.909,0.894,28.9,13.4,2.16
2026-09-17 21:21:07.609,11.6,0,64,8;64;56;8;5;2;2;16;3;2;2;9;2;2;0;8,696,4264,4090;4255;4264;4023;2424;2614;2921;2205;2945;2831;3110;2219;696;762;794;722,1.8,0.0,1013.8,0,0,0,0,0,0.0,0,0,0,0,0,0,0,0,0.0,0,0,0,0,0,99.9,0.0,4874.9,0,0,0,64.1,17.16,0.06,3.31,33.1,21.0,63.4,99.15126247406006,0.9377016698941588,18.869434350728987,16.384944913163782,2.5292587917647325,1021.5,0.0,0.0,0.0,0.0,50.260960350371896,0.2,0.0,0.0,0.0,0.0,250.0,1013.8,0.0,0.0,83.387,0.796,84.183,21.072,1.349,82.834,emon,0.825,0.485,47.4,22.1,2.141
2026-09-17 21:21:08.609,10.3,0,94,2;32;94;0;0;0;0;17;0;0;0;17;0;0;0;3,470,4376,3997;4185;4376;4319;1191;1292;1486;1873;2083;1097;1413;1887;506;485;470;638,1.3,0.0,1006.1,0,0,0,0,0,0.0,0,0,0,0,0,0,0,0,0.0,0,0,0,0,0,98.4,0.0,4874.9,0,0,0,65.1,17.16,0.06,3.31,33.1,21.0,63.4,98.89581298828125,1.1929262865334749,16.893262672424317,13.054470732808113,1.432692629878875,936.5,0.0,0.0,0.0,0.0,50.2380310676992,0.1,0.0,0.0,0.0,0.0,250.0,1006.1,0.0,0.0,83.387,0.796,84.183,21.072,1.349,82.834,emon,0.825,0.485,47.4,22.1,2.141
2026-09-17 21:21:09.610,9.3,0,96,0;28;96;0;0;0;0;12;0;0;0;13;0;0;0;0,428,4341,4008;4072;4341;4302;1186;1202;1266;1807;1296;1778;1152;1714;520;428;433;611,0.6,0.0,1011.4,0,0,0,0,0,0.0,0,0,0,0,0,0,0,0,0.0,0,0,0,0,0,97.0,0.0,4874.9,0,0,0,64.1,17.16,0.06,3.31,33.1,21.0,63.4,98.59853393554687,1.474389747083187,19.868987293243407,17.493931010365486,1.6823044551350177,741.0,0.0,0.0,0.0,0.0,48.30315171420574,0.0,0.0,0.0,0.0,0.0,250.0,1011.4,0.0,0.0,83.387,0.796,84.183,21.072,1.349,82.834,emon,0.825,0.485,47.4,22.1,2.141
2026-09-17 21:21:10.610,10.2,0,94,3;34;94;0;0;0;0;15;0;0;0;12;0;0;0;5,634,4364,4116;4131;4364;4351;1121;1076;1075;1775;1237;1174;1157;1764;668;638;675;634,0.6,0.0,1011.2,0,0,0,0,0,0.0,0,0,0,0,0,0,0,0,0.0,0,0,0,0,0,97.1,0.0,4874.9,0,0,0,64.1,17.34,0.01,6.27,34.71,21.0,63.4,98.69134947832893,1.2939297265154035,20.128398842671338,17.79085955374381,3.138909939560108,819.5882352941177,0.0,0.0,0.0,0.0,50.278824637041375,0.1,0.0,0.0,0.0,0.0,250.0,1011.2,0.0,0.0,83.387,0.796,84.183,21.072,1.349,82.834,emon,0.825,0.485,47.4,22.1,2.141
2026-09-17 21:21:11.611,8.8,0,97,3;15;97;0;0;0;0;9;0;0;0;8;0;0;0;9,457,4386,3986;4150;4386;3978;2415;1268;1341;1841;1464;2976;1244;1786;578;462;457;630,0.4,0.0,1011.2,0,0,0,0,0,0.0,0,0,0,0,0,0,0,0,0.0,0,0,0,0,0,88.3,0.0,4874.9,0,0,0,64.1,17.34,0.01,6.27,34.71,21.0,63.4,98.69134947832893,1.2939297265154035,20.128398842671338,17.79085955374381,3.138909939560108,819.5882352941177,0.0,0.0,0.0,0.0,50.278824637041375,0.1,0.0,0.0,0.0,0.0,250.0,1011.2,0.0,0.0,83.387,0.796,84.183,21.072,1.349,82.834,emon,0.825,0.485,47.4,22.1,2.141
2026-09-17 21:21:12.611,9.2,0,95,0;23;95;3;0;0;0;9;0;0;0;14;0;0;0;2,434,4320,3967;4064;4320;3741;1392;1221;1164;2174;2247;1350;1453;1860;593;441;434;642,0.1,0.0,1011.4,0,0,0,0,0,0.0,0,0,0,0,0,0,0,0,0.0,0,0,0,0,0,96.2,0.0,4874.9,0,0,0,63.1,17.34,0.01,6.27,34.71,21.0,63.4,99.18181825720745,1.1890774864460463,17.2913821650588,15.105538648431716,2.175693579018116,917.4782608695652,0.0,0.0,0.0,0.0,54.70734932208838,0.1,0.0,0.0,0.0,0.0,250.0,1011.4,0.0,0.0,83.387,0.796,84.183,21.072,1.349,82.834,emon,0.825,0.485,47.4,22.1,2.141
2026-09-17 21:21:13.612,9.6,0,99,6;20;99;0;3;2;2;6;2;2;2;6;0;2;2;2,623,4283,4176;4103;4283;4002;1443;1615;1523;2060;1393;1222;1126;2033;623;718;720;645,1.1,0.0,1004.4,0,0,0,0,0,0.0,0,0,0,0,0,0,0,0,0.0,0,0,0,0,0,90.6,0.0,4874.9,0,0,0,63.1,17.34,0.01,6.27,34.71,21.0,63.4,98.49232820022938,0.5027313468068145,13.972899880520133,9.016245362370514,1.2247982446190924,780.3953488372093,0.0,0.0,0.0,0.0,49.09780216528926,0.1,0.0,0.0,0.0,0.0,250.0,1004.4,0.0,0.0,83.387,0.796,84.183,21.072,1.349,82.834,emon,0.825,0.485,47.4,22.1,2.141
2026-09-17 21:21:14.613,9.6,0,92,25;8;92;2;12;0;0;0;14;0;0;0;0;0;0;0,452,4354,4022;4181;4354;3741;1883;1187;1179;1215;1536;1255;1222;1221;706;481;452;594,0.0,0.0,1006.7,0,0,0,0,0,0.0,0,0,0,0,0,0,0,0,0.0,0,0,0,0,0,96.1,0.0,4874.9,0,0,0,64.1,17.23,0.01,6.39,34.56,21.0,63.4,99.06582479274019,1.1597352073864733,18.87025632503185,16.685283666912547,2.4305446979569947,959.6382978723404,0.0,0.0,0.0,0.0,51.30347585487873,0.1,0.0,0.0,0.0,0.0,250.0,1006.7,0.0,0.0,83.387,0.796,84.183,21.072,1.349,82.834,emon,0.825,0.485,47.4,22.1,2.141
2026-09-17 21:21:15.613,9.8,0,97,34;3;97;0;12;0;0;0;8;0;0;0;0;0;0;3,516,4288,4069;3989;4288;3607;1901;1229;1482;1541;1705;2880;1699;1806;679;539;516;598,0.7,0.0,1005.5,0,0,0,0,0,0.0,0,0,0,0,0,0,0,0,0.0,0,0,0,0,0,96.9,0.0,4874.9,0,0,0,65.1,17.23,0.01,6.39,34.56,21.0,63.4,98.56244119008382,0.5724347798774639,16.351348280906677,11.086555997530619,1.6386605471683044,805.25,0.0,0.0,0.0,0.0,50.20534030596415,0.1,0.0,0.0,0.0,0.0,250.0,1005.5,0.0,0.0,83.387,0.796,84.183,21.072,1.349,82.834,emon,0.825,0.485,47.4,22.1,2.141
2026-09-17 21:21:16.614,9.3,0,96,29;2;96;0;14;0;0;0;6;0;0;0;0;0;0;3,576,4367,4161;4154;4367;4181;1911;2413;1392;1501;2076;2811;1279;1284;795;576;636;589,0.0,0.0,1009.7,0,0,0,0,0,0.0,0,0,0,0,0,0,0,0,0.0,0,0,0,0,0,95.7,0.0,4874.9,0,0,0,65.1,17.23,0.01,6.39,34.56,21.0,63.4,99.57056427001953,2.8479732871055603,35.84549522399902,34.66965103149414,0.8261489821597934,899.0,0.0,0.0,0.0,0.0,50.081824246793985,0.1,0.0,0.0,0.0,0.0,250.0,1009.7,0.0,0.0,83.387,0.796,84.183,21.072,1.349,82.834,emon,0.825,0.485,47.4,22.1,2.141
2026-09-17 21:21:17.614,10.1,0,92,27;5;92;2;14;0;0;0;9;0;0;0;2;2;0;9,562,4368,4017;3933;4368;4021;1910;2399;1722;1609;2043;2505;1689;1240;665;573;562;600,0.0,0.0,1009.7,0,0,0,0,0,0.0,0,0,0,0,0,0,0,0,0.0,0,0,0,0,0,95.5,0.0,4874.9,0,0,0,66.1,17.23,0.01,6.39,34.56,21.0,63.4,99.48910542023488,1.0530648357951298,19.52370465107453,17.95161300076124,1.2455581908042614,965.6666666666666,0.0,0.0,0.0,0.0,54.05077336308284,0.0,0.0,0.0,0.0,0.0,250.0,1009.7,0.0,0.0,83.387,0.796,84.183,21.072,1.349,82.834,emon,0.825,0.485,47.4,22.1,2.141
2026-09-17 21:21:18.615,8.4,0,100,17;0;100;0;3;0;0;0;5;0;0;0;0;0;0;9,512,4297,4047;3932;4297;3774;2065;2057;1727;1954;2075;1942;1837;1556;750;626;512;636,0.5,0.0,1006.0,0,0,0,0,0,0.0,0,0,0,0,0,0,0,0,0.0,0,0,0,0,0,97.4,0.0,4874.9,0,0,0,66.1,17.23,0.01,3.3,33.08,21.0,63.4,98.8630082101533,1.2464538033712993,19.09530297915141,17.064458239710692,2.945824024034664,949.0,0.0,0.0,0.0,0.0,51.781860168458834,0.1,0.0,0.0,0.0,0.0,250.0,1004.4,0.0,0.0,83.387,0.796,84.183,21.072,1.349,82.834,emon,0.825,0.485,47.4,22.1,2.141
2026-09-17 21:21:19.615,9.5,0,95,28;3;95;2;9;0;0;0;9;0;0;0;2;0;0;3,522,4391,3948;3953;4391;3557;2023;1457;1876;1791;1706;1315;1304;1168;657;522;807;609,0.7,0.0,1006.0,0,0,0,0,0,0.0,0,0,0,0,0,0,0,0,0.0,0,0,0,0,0,100.0,0.0,4874.9,0,0,0,66.1,17.23,0.01,3.3,33.08,21.0,63.4,99.1982811129823,0.9132030977278339,18.175114745996435,15.2745437603824,1.4199885277989872,969.4081632653061,0.0,0.0,0.0,0.0,53.35862789911275,0.1,0.0,0.0,0.0,0.0,250.0,1006.0,0.0,0.0,85.302,0.65,85.952,14.702,0.941,85.011,emon,0.819,0.615,48.3,22.5,2.145
2026-09-17 21:21:20.616,8.0,0,91,19;5;91;0;5;0;0;0;3;0;0;0;0;0;0;6,617,4310,3991;3908;4310;4067;1839;1275;1369;1367;1833;1477;1163;1191;672;719;831;617,0.7,0.0,1006.0,0,0,0,0,0,0.0,0,0,0,0,0,0,0,0,0.0,0,0,0,0,0,100.0,0.0,4874.9,0,0,0,66.1,17.23,0.01,3.3,33.08,21.0,63.4,98.56888715682491,0.42695182069174703,13.34574883214889,7.8703846537297775,1.8322745946145826,962.7096774193549,0.0,0.0,0.0,0.0,50.16884970472705,0.1,0.0,0.0,0.0,0.0,250.0,1004.4,0.0,0.0,85.302,0.65,85.952,14.702,0.941,85.011,emon,0.819,0.615,48.3,22.5,2.145
2026-09-17 21:21:21.616,9.5,0,88,88;2;44;0;10;0;0;0;9;0;0;0;0;0;0;0,519,4305,4305;3919;4133;3938;1745;1362;1192;1231;1754;2423;1234;1215;703;615;519;598,1.2,0.0,1006.6,0,0,0,0,0,0.0,0,0,0,0,0,0,0,0,0.0,0,0,0,0,0,97.0,0.0,4874.9,0,0,0,66.1,17.23,0.01,3.3,33.08,21.0,63.4,98.88635381062825,0.3141676237185796,12.773466242684258,6.8510447475645275,1.3068674761388037,901.7777777777778,0.0,0.0,0.0,0.0,50.13886369599236,0.1,0.0,0.0,0.0,0.0,250.0,1006.6,0.0,0.0,85.302,0.65,85.952,14.702,0.941,85.011,emon,0.819,0.615,48.3,22.5,2.145
2026-09-17 21:21:22.616,8.2,0,66,66;2;50;0;6;0;0;0;5;0;0;0;0;0;0;3,457,4255,4255;3868;4179;3593;2047;1177;1274;1199;1701;2179;1226;1244;726;582;457;596,1.2,0.0,1004.5,0,0,0,0,0,0.0,0,0,0,0,0,0,0,0,0.0,0,0,0,0,0,97.7,0.0,4874.9,0,0,0,66.1,17.07,0.01,6.3,34.44,21.0,63.4,98.53867612566266,0.6190812575320402,15.357300190698533,10.990471157289686,1.8096333202861605,889.4761904761905,0.0,0.0,0.0,0.0,50.19396836878288,0.1,0.0,0.0,0.0,0.0,250.0,1004.5,0.0,0.0,85.302,0.65,85.952,14.702,0.941,85.011,emon,0.819,0.615,48.3,22.5,2.145
2026-09-17 21:21:23.617,10.5,0,84,84;2;42;2;17;0;0;0;22;0;0;0;0;0;0;0,601,4372,4337;4345;4257;4372;1879;1219;1194;1235;1676;1476;1211;1212;760;708;668;601,1.1,0.0,1005.7,0,0,0,0,0,0.0,0,0,0,0,0,0,0,0,0.0,0,0,0,0,0,99.3,0.0,4874.9,0,0,0,68.1,17.07,0.01,6.3,34.44,21.0,63.4,97.73472213745117,0.8880361914634705,15.451905250549316,12.399357795715332,3.3544797897338867,674.0,0.0,0.0,0.0,0.0,50.23653960227966,0.1,0.0,0.0,0.0,0.0,250.0,1005.7,0.0,0.0,85.302,0.65,85.952,14.702,0.941,85.011,emon,0.819,0.615,48.3,22.5,2.145
2026-09-17 21:21:24.618,9.3,0,74,74;4;46;0;9;0;0;0;6;0;0;0;2;0;0;6,495,4305,4305;3760;4249;3759;1821;1369;1527;1542;1794;2003;1774;2378;766;495;515;603,0.8,0.0,1008.6,0,0,0,0,0,0.0,0,0,0,0,0,0,0,0,0.0,0,0,0,0,0,97.6,0.0,4874.9,0,0,0,67.1,17.07,0.01,6.3,34.44,21.0,63.4,98.81829745952899,1.3877775080931873,19.81833582658034,17.55852828289454,2.330000217090576,858.6153846153846,0.0,0.0,0.0,0.0,52.454530712503654,0.0,0.0,0.0,0.0,0.0,250.0,1008.6,0.0,0.0,85.302,0.65,85.952,14.702,0.941,85.011,emon,0.819,0.615,48.3,22.5,2.145
2026-09-17 21:21:25.618,9.7,0,92,24;5;92;3;5;0;0;0;18;2;0;0;3;0;0;3,506,4277,4049;4092;4277;3961;1930;1255;1461;1199;1926;1269;1213;1199;710;528;506;601,1.7,0.0,1004.4,0,0,0,0,0,0.0,0,0,0,0,0,0,0,0,0.0,0,0,0,0,0,89.7,0.0,4874.9,0,0,0,64.1,17.07,0.01,6.3,34.44,21.0,63.4,98.47219108812737,0.6589084479844931,15.686750411987305,11.50554445295623,2.479665876337976,900.5151515151515,0.0,0.0,0.0,0.0,48.98159843005917,0.1,0.0,0.0,0.0,0.0,250.0,1004.4,0.0,0.0,85.302,0.65,85.952,14.702,0.941,85.011,emon,0.819,0.615,48.3,22.5,2.145
2026-09-17 21:21:26.619,29.0,2,83,62;51;83;51;56;24;5;2;52;27;14;5;25;3;2;5,751,4696,4651;4696;4592;4691;3340;3313;3428;3269;3246;3299;3419;3379;2680;1024;751;1268,0.6,0.0,1006.5,0,0,0,0,0,0.0,0,0,0,0,0,0,0,0,0.0,0,0,0,0,0,44.6,0.0,2880.2,0,0,0,64.1,17.57,0.01,3.18,32.77,16.0,63.4,99.04810253779094,1.2033520810461293,17.130599066615105,14.85370945930481,2.427192422095686,791.7083333333334,0.0,0.0,0.0,0.0,52.40137751866132,0.1,0.0,0.0,0.0,0.0,300.0,1006.5,0.0,0.0,85.302,0.65,85.952,14.702,0.941,85.011,emon,0.819,0.615,48.3,22.5,2.145
2026-09-17 21:21:27.619,13.2,0,60,60;15;54;6;55;3;0;0;12;2;0;0;2;0;0;3,1317,4726,4659;4724;4611;4726;3302;2347;2760;2719;2819;2765;2328;2551;1473;1654;1644;1317,0.2,0.0,1008.1,0,0,0,0,0,0.0,0,0,0,0,0,0,0,0,0.0,0,0,0,0,0,0.0,0.0,0.0,0,0,0,65.1,17.57,0.01,3.18,32.77,16.1,63.4,98.12668726994441,1.053200559451794,20.27789151057219,18.147695479102623,2.6363944367338448,1116.948717948718,0.0,0.0,0.0,0.0,51.59202425793195,0.1,0.0,0.0,0.0,0.0,450.0,1008.1,0.0,0.0,85.302,0.65,85.952,14.702,0.941,85.011,emon,0.819,0.615,48.3,22.5,2.145
2026-09-17 21:21:28.620,21.4,0,97,80;17;97;3;26;2;0;0;95;8;0;0;5;0;0;9,1116,4729,4717;4725;4725;4729;2618;3120;2620;2465;3420;3174;3232;2416;2199;2404;2549;1116,0.1,0.0,1008.2,0,0,0,0,0,0.0,0,0,0,0,0,0,0,0,0.0,0,0,0,0,0,0.0,0.0,0.0,0,0,0,76.1,17.57,0.01,3.18,32.77,16.2,63.4,99.04907549344577,1.1168851337323968,20.655570708788357,19.063299873127388,1.2940185161737294,1106.6923076923076,0.0,0.0,0.0,0.0,54.21403000561091,0.1,0.0,0.0,0.0,0.0,450.0,1008.2,0.0,0.0,85.302,0.65,85.952,14.702,0.941,85.011,emon,0.819,0.615,48.3,22.5,2.145
2026-09-17 21:21:29.620,17.4,0,89,55;11;89;6;23;0;0;0;89;2;0;0;0;0;0;3,942,4728,4635;4711;4707;4728;2462;2767;2263;2064;3426;2746;1648;1553;1136;960;942;1047,0.0,0.0,1008.2,0,0,0,0,0,0.0,0,0,0,0,0,0,0,0,0.0,0,0,0,0,0,0.0,0.0,0.0,0,0,0,78.1,17.57,0.01,3.18,32.77,16.2,63.4,97.90224109996448,0.7725234383886511,17.47227772799405,14.50017762184143,3.2810265706344084,903.5454545454545,0.0,0.0,0.0,0.0,50.249589600346305,0.1,0.0,0.0,0.0,0.0,450.0,1008.2,0.0,0.0,85.302,0.65,85.952,14.702,0.941,85.011,emon,0.819,0.615,48.3,22.5,2.145
2026-09-17 21:21:30.621,13.9,0,91,19;9;91;5;5;0;0;0;91;0;0;0;0;0;0;3,917,4709,4445;4630;4709;4593;2075;2453;1833;1246;3379;2901;2445;2771;1045;917;953;1032,0.0,0.0,1006.1,0,0,0,0,0,0.0,0,0,0,0,0,0,0,0,0.0,0,0,0,0,0,0.0,0.0,0.0,0,0,0,86.1,25.07,0.01,0.37,28.78,16.2,63.4,97.29495377974077,0.6382737958973105,16.078490474007346,11.394217385487122,2.849334180355072,1008.0909090909091,0.0,0.0,0.0,0.0,50.28401047397744,0.1,0.0,0.0,0.0,0.0,450.0,1006.1,0.0,0.0,85.302,0.65,85.952,14.702,0.941,85.011,emon,0.819,0.615,48.3,22.5,2.145
2026-09-17 21:21:31.621,15.3,0,88,34;9;81;5;12;0;0;0;88;5;2;2;5;3;0;0,997,4724,4514;4611;4684;4724;2471;3014;3311;1393;3409;3266;3402;3445;1945;1043;997;1033,0.0,0.0,1009.0,0,0,0,0,0,0.0,0,0,0,0,0,0,0,0,0.0,0,0,0,0,0,0.0,0.0,0.0,0,0,0,87.1,25.07,0.01,0.37,28.78,16.3,63.4,97.34039052327473,0.7419759035110474,21.302753448486328,18.58647886912028,8.21177053451538,1199.0,0.0,0.0,0.0,0.0,50.25458186368147,0.0,0.0,0.0,0.0,0.0,450.0,1009.0,0.0,0.0,1.699,0.721,2.419,35.092,2.246,0.173,emon,0.888,0.631,31.0,15.9,1.943
2026-09-17 21:21:32.621,14.2,0,86,37;5;86;0;12;0;0;0;83;0;0;0;0;0;0;3,967,4729,4414;4427;4714;4729;2296;1272;1287;1237;3407;2475;3392;3372;1046;967;970;1073,0.0,0.0,1009.0,0,0,0,0,0,0.0,0,0,0,0,0,0,0,0,0.0,0,0,0,0,0,0.0,0.0,0.0,0,0,0,72.1,25.07,0.01,0.37,28.78,16.3,63.4,97.14749431610107,0.5889756232500076,15.883581757545471,12.341355741024017,5.182199239730835,1036.5,0.0,0.0,0.0,0.0,50.31556172296405,0.1,0.0,0.0,0.0,0.0,450.0,1010.0,0.0,0.0,1.699,0.721,2.419,35.092,2.246,0.173,emon,0.888,0.631,31.0,15.9,1.943
2026-09-17 21:21:33.621,14.3,0,92,54;9;92;2;12;0;0;0;58;0;0;0;2;0;0;0,913,4725,4616;4693;4715;4725;2223;2424;1868;1789;3284;2881;3142;2982;966;1011;913;1064,0.4,0.0,1010.0,0,0,0,0,0,0.0,0,0,0,0,0,0,0,0,0.0,0,0,0,0,0,0.0,0.0,0.0,0,0,0,77.1,25.07,0.01,0.37,28.78,16.3,63.4,97.02391110933743,0.4515624984095876,14.328597077956566,9.546211073031792,3.1352774432072272,1116.3076923076924,0.0,0.0,0.0,0.0,50.29492481625997,0.1,0.0,0.0,0.0,0.0,450.0,1005.4,0.0,0.0,1.699,0.721,2.419,35.092,2.246,0.173,emon,0.888,0.631,31.0,15.9,1.943
2026-09-17 21:21:34.622,13.7,0,98,73;20;98;0;14;2;0;0;11;0;0;0;0;0;0;0,817,4729,4727;4725;4728;4729;2614;3015;2833;2326;2368;3020;2525;1769;1134;987;817;1058,0.8,0.0,1005.4,0,0,0,0,0,0.0,0,0,0,0,0,0,0,0,0.0,0,0,0,0,0,0.0,0.0,0.0,0,0,0,84.1,25.92,0.01,0.36,29.06,16.3,63.4,96.63688049316406,0.21845247944196064,9.833641942342123,3.2223169684410093,1.9425083557764689,995.6666666666666,0.0,0.0,0.0,0.0,50.31320568025112,0.1,0.0,0.0,0.0,0.0,450.0,1005.4,0.0,0.0,1.699,0.721,2.419,35.092,2.246,0.173,emon,0.888,0.631,31.0,15.9,1.943
2026-09-17 21:21:35.623,13.9,0,100,84;14;100;0;9;0;0;0;9;0;0;0;2;0;0;3,966,4729,4725;4718;4727;4729;2328;1848;1904;1751;2352;2403;1819;1777;1006;1015;966;1083,0.6,0.0,1008.2,0,0,0,0,0,0.0,0,0,0,0,0,0,0,0,0.0,0,0,0,0,0,0.0,0.0,0.0,0,0,0,86.1,25.92,0.01,0.36,29.06,16.3,63.4,97.84847895304362,1.179084902551646,21.14382314682007,18.41202023004492,2.696364198801651,1090.6666666666667,0.0,0.0,0.0,0.0,50.244737262527146,0.0,0.0,0.0,0.0,0.0,450.0,1008.2,0.0,0.0,1.699,0.721,2.419,35.092,2.246,0.173,emon,0.888,0.631,31.0,15.9,1.943
2026-09-17 21:21:36.623,14.2,0,95,83;12;95;3;11;0;0;0;17;0;0;0;0;0;0;6,1013,4729,4725;4729;4728;4728;2363;1890;1847;1494;2538;2283;1563;2004;1534;1028;1013;1089,0.7,0.0,1008.2,0,0,0,0,0,0.0,0,0,0,0,0,0,0,0,0.0,0,0,0,0,0,0.0,0.0,0.0,0,0,0,85.1,25.92,0.01,0.36,29.06,16.4,63.4,98.21808170627904,0.909269616813273,17.426220845531773,14.869716608443776,2.9781090058638036,1096.2972972972973,0.0,0.0,0.0,0.0,51.72071867536854,0.1,0.0,0.0,0.0,0.0,450.0,1008.2,0.0,0.0,1.699,0.721,2.419,35.092,2.246,0.173,emon,0.888,0.631,31.0,15.9,1.943
2026-09-17 21:21:37.623,15.4,0,95,75;23;95;3;12;2;0;0;23;3;2;0;0;3;0;3,1107,4726,4711;4726;4710;4650;2566;2932;3375;3363;2870;2937;3418;3445;2487;2619;2357;1107,0.8,0.0,1013.5,0,0,0,0,0,0.0,0,0,0,0,0,0,0,0,0.0,0,0,0,0,0,0.0,0.0,0.0,0,0,0,84.1,25.92,0.01,0.36,29.06,16.4,63.4,98.01959425403226,1.0140813899136358,18.941881629728503,16.447402748369402,2.2503600286680365,1157.0645161290322,0.0,0.0,0.0,0.0,51.952781224443065,0.1,0.0,0.0,0.0,0.0,450.0,1013.5,0.0,0.0,1.699,0.721,2.419,35.092,2.246,0.173,emon,0.888,0.631,31.0,15.9,1.943
2026-09-17 21:21:38.624,14.5,0,96,85;17;96;2;14;0;0;0;8;5;3;0;0;0;0;3,1480,4729,4723;4729;4728;4729;2602;2473;2840;2820;2383;3129;3075;3152;1695;1873;1866;1480,0.7,0.0,1013.5,0,0,0,0,0,0.0,0,0,0,0,0,0,0,0,0.0,0,0,0,0,0,0.0,0.0,0.0,0,0,0,80.1,28.76,0.01,0.38,32.52,16.4,63.4,97.76611351966858,0.9418367036269046,16.798290085047483,13.417608141899109,1.8892937268319656,1097.4375,0.0,0.0,0.0,0.0,50.28253490012139,0.1,0.0,0.0,0.0,0.0,450.0,1013.5,0.0,0.0,1.699,0.721,2.419,35.092,2.246,0.173,emon,0.888,0.631,31.0,15.9,1.943
2026-09-17 21:21:39.625,13.5,0,97,86;8;97;0;9;0;0;0;14;0;0;0;2;0;0;0,852,4729,4724;4729;4727;4724;2583;1255;2179;2491;2457;1269;1857;2102;1894;1112;852;1094,0.6,0.0,1010.6,0,0,0,0,0,0.0,0,0,0,0,0,0,0,0,0.0,0,0,0,0,0,0.0,0.0,0.0,0,0,0,84.1,28.76,0.01,0.38,32.52,16.4,63.4,97.27221059799194,1.4076812195125967,19.4423249065876,16.556192841380835,1.4827974709187401,955.25,0.0,0.0,0.0,0.0,50.26136748120189,0.0,0.0,0.0,0.0,0.0,450.0,1010.6,0.0,0.0,1.699,0.721,2.419,35.092,2.246,0.173,emon,0.888,0.631,31.0,15.9,1.943
2026-09-17 21:21:40.626,13.8,0,95,77;20;95;0;6;0;0;0;16;2;2;0;0;0;0;3,1009,4730,4728;4626;4728;4730;2336;2039;3208;2902;2401;2702;2502;3199;1445;1195;1009;1090,0.4,0.0,1010.6,0,0,0,0,0,0.0,0,0,0,0,0,0,0,0,0.0,0,0,0,0,0,0.0,0.0,0.0,0,0,0,81.1,28.76,0.01,0.38,32.52,16.4,63.4,98.13825493889885,0.9114363029397823,17.87208067404257,15.4095136656149,2.293380715295899,1090.8918918918919,0.0,0.0,0.0,0.0,51.657100457396055,0.1,0.0,0.0,0.0,0.0,450.0,1010.6,0.0,0.0,1.699,0.721,2.419,35.092,2.246,0.173,emon,0.888,0.631,31.0,15.9,1.943
2026-09-17 21:21:41.626,13.9,0,94,75;16;94;0;17;2;0;0;18;0;0;0;0;0;0;0,971,4729,4725;4715;4728;4729;2482;1487;1467;1646;2533;2129;3400;1171;1014;1028;971;1083,0.3,0.0,1010.6,0,0,0,0,0,0.0,0,0,0,0,0,0,0,0,0.0,0,0,0,0,0,0.0,0.0,0.0,0,0,0,79.1,28.76,0.01,0.38,32.52,16.4,63.4,96.5090061823527,0.7042087887724241,15.820451895395914,11.619465400775274,4.708983288456996,955.25,0.0,0.0,0.0,0.0,50.302249163389206,0.1,0.0,0.0,0.0,0.0,450.0,1010.6,0.0,0.0,1.699,0.721,2.419,35.092,2.246,0.173,emon,0.888,0.631,31.0,15.9,1.943
2026-09-17 21:21:42.626,14.3,0,97,91;11;97;2;9;0;0;0;11;0;0;0;0;0;0;9,953,4729,4723;4729;4728;4727;2253;1639;1520;1623;2027;1326;2220;1554;1072;1040;953;1081,0.0,0.0,1010.6,0,0,0,0,0,0.0,0,0,0,0,0,0,0,0,0.0,0,0,0,0,0,0.0,0.0,0.0,0,0,0,82.1,26.01,0.01,0.4,30.22,16.4,63.4,97.43715476989746,0.19505299627780914,9.9108567237854,2.1636451482772827,0.8576675653457642,874.0,0.0,0.0,0.0,0.0,50.338590532541275,0.0,0.0,0.0,0.0,0.0,450.0,1010.6,0.0,0.0,1.699,0.721,2.419,35.092,2.246,0.173,emon,0.888,0.631,31.0,15.9,1.943
2026-09-17 21:21:43.627,13.9,0,98,52;47;98;0;11;5;0;0;6;0;0;0;3;0;0;0,956,4732,4728;4728;4727;4732;2270;2763;2517;1773;2367;1330;2313;1675;969;982;956;1087,0.0,0.0,1010.6,0,0,0,0,0,0.0,0,0,0,0,0,0,0,0,0.0,0,0,0,0,0,0.0,0.0,0.0,0,0,0,83.1,26.01,0.01,0.4,30.22,16.4,63.4,98.54848785400391,1.0508304350823163,18.934386367797853,16.145874381661415,1.9540007793623955,1095.0,0.0,0.0,0.0,0.0,52.28902369081974,0.0,0.0,0.0,0.0,0.0,450.0,1010.6,0.0,0.0,2.809,1.125,3.934,51.955,3.325,0.609,emon,0.899,0.46,29.0,13.5,2.158
2026-09-17 21:21:44.627,14.0,0,97,13;83;97;2;0;17;0;0;0;9;0;0;0;3;0;0,1017,4726,4726;4722;4726;4633;1471;2274;1998;2046;2010;2375;1229;1595;1017;2262;1871;1101,0.0,0.0,1010.6,0,0,0,0,0,0.0,0,0,0,0,0,0,0,0,0.0,0,0,0,0,0,0.0,0.0,0.0,0,0,0,81.1,26.01,0.01,0.4,30.22,16.4,63.4,97.3602661719689,1.0379827064103806,20.160613908217503,17.052146270871162,2.4164875254321556,1095.1538461538462,0.0,0.0,0.0,0.0,50.24187524788655,0.0,0.0,0.0,0.0,0.0,450.0,1010.6,0.0,0.0,2.809,1.125,3.934,51.955,3.325,0.609,emon,0.899,0.46,29.0,13.5,2.158
2026-09-17 21:21:45.628,15.2,0,95,12;83;95;11;0;17;0;0;0;23;0;0;0;2;0;0,986,4729,4713;4720;4728;4729;1644;2390;2596;2122;2136;2425;2437;2079;1035;1285;986;1086,0.3,0.0,1005.4,0,0,0,0,0,0.0,0,0,0,0,0,0,0,0,0.0,0,0,0,0,0,0.0,0.0,0.0,0,0,0,82.1,26.01,0.01,0.4,30.22,16.4,63.4,96.58059051513672,0.2320155057311058,10.753034381866454,4.052876530885697,1.7658846545219422,1035.0,0.0,0.0,0.0,0.0,50.30203108012676,0.1,0.0,0.0,0.0,0.0,450.0,1005.4,0.0,0.0,2.809,1.125,3.934,51.955,3.325,0.609,emon,0.899,0.46,29.0,13.5,2.158
2026-09-17 21:21:46.628,14.3,0,98,17;74;98;2;0;20;0;0;0;15;0;0;0;2;0;0,995,4729,4727;4717;4727;4729;2742;2660;3021;3164;2275;2510;2067;2127;1045;995;1009;1087,0.3,0.0,1005.4,0,0,0,0,0,0.0,0,0,0,0,0,0,0,0,0.0,0,0,0,0,0,0.0,0.0,0.0,0,0,0,84.1,26.67,0.01,0.4,30.79,16.4,63.4,97.9159107208252,1.0337000605650246,18.619318580627443,16.141172255948184,2.775696408079239,1007.75,0.0,0.0,0.0,0.0,52.89782417118549,0.1,0.0,0.0,0.0,0.0,450.0,1007.4,0.0,0.0,2.809,1.125,3.934,51.955,3.325,0.609,emon,0.899,0.46,29.0,13.5,2.158
2026-09-17 21:21:47.629,14.2,0,92,3;72;92;0;0;39;0;0;0;17;2;0;0;0;2;0,970,4729,4699;4664;4725;4729;1420;3151;2105;1878;2560;2381;2567;1938;970;1019;1257;1088,0.0,0.0,1007.4,0,0,0,0,0,0.0,0,0,0,0,0,0,0,0,0.0,0,0,0,0,0,0.0,0.0,0.0,0,0,0,79.1,26.67,0.01,0.4,30.79,16.4,63.4,97.93329836527506,0.804531576562052,16.160698006550472,13.05346122669677,2.209867469108819,1004.0,0.0,0.0,0.0,0.0,53.713327678044635,0.1,0.0,0.0,0.0,0.0,450.0,1008.4,0.0,0.0,2.809,1.125,3.934,51.955,3.325,0.609,emon,0.899,0.46,29.0,13.5,2.158
2026-09-17 21:21:48.629,14.4,0,98,22;77;98;5;0;11;0;0;0;11;3;0;0;0;0;3,992,4718,4678;4692;4698;4718;1858;2177;3274;2949;2135;2366;2303;1957;1026;992;1026;1073,0.0,0.0,1008.4,0,0,0,0,0,0.0,0,0,0,0,0,0,0,0,0.0,0,0,0,0,0,0.0,0.0,0.0,0,0,0,93.1,26.67,0.01,0.4,30.79,16.5,63.4,98.03036249094995,0.6951453766849791,16.433225023335424,13.12012486879168,1.645203968301287,1100.7241379310344,0.0,0.0,0.0,0.0,52.05504741930756,0.1,0.0,0.0,0.0,0.0,450.0,1008.4,0.0,0.0,2.809,1.125,3.934,51.955,3.325,0.609,emon,0.899,0.46,29.0,13.5,2.158
2026-09-17 21:21:49.632,74.9,68,98,75;98;97;73;68;86;68;69;68;77;68;68;69;74;68;71,2853,4711,4705;4711;4709;4701;3443;3390;3442;3443;3442;3391;3437;3442;2895;2853;2892;2874,0.4,0.0,1008.4,0,0,0,0,0,0.0,0,0,0,0,0,0,0,0,0.0,0,0,0,0,0,0.0,0.0,0.1,0,0,0,84.1,26.67,0.01,0.4,30.79,24.0,63.4,98.1378246307373,0.3543496266007423,12.919913959503173,7.122392928600311,1.1883120350539684,1124.0,0.0,0.0,0.0,0.0,50.18472337722778,0.1,0.0,0.0,0.0,0.0,450.0,1005.4,0.0,0.0,2.809,1.125,3.934,51.955,3.325,0.609,emon,0.899,0.46,29.0,13.5,2.158
2026-09-17 21:21:50.633,20.6,3,94,20;33;94;11;8;23;8;9;3;83;8;3;3;6;3;15,2438,4717,4702;4468;4717;4715;3359;2749;3337;3295;3441;3419;3318;3379;2787;2589;2732;2438,0.7,0.0,1008.9,0,0,0,0,0,0.0,0,0,0,0,0,0,0,0,0.0,0,0,0,0,0,0.0,0.0,4342.3,0,0,0,79.1,30.73,0.01,0.39,35.66,24.1,63.4,97.7599876599434,1.2616650925185053,21.387760159296867,19.208311481735645,2.6815198058119187,1147.7179487179487,0.0,0.0,0.0,0.0,51.50004729399314,0.1,0.0,0.0,0.0,0.0,450.0,986.7,0.0,0.0,2.809,1.125,3.934,51.955,3.325,0.609,emon,0.899,0.46,29.0,13.5,2.158
2026-09-17 21:21:51.633,16.8,0,97,18;85;97;6;0;23;2;0;0;22;8;0;0;2;0;6,960,4728,4705;4710;4724;4728;3442;2706;2935;3364;3428;2752;3106;3088;960;1884;1002;1064,0.9,0.0,988.4,0,0,0,0,0,0.0,0,0,0,0,0,0,0,0,0.0,0,0,0,0,0,0.0,0.0,4342.3,0,0,0,88.1,30.73,0.01,0.39,35.66,24.1,63.4,97.74847529484676,1.0354111997219615,19.138459334006676,16.654840534314133,3.4459081013352635,1090.025641025641,0.0,0.0,0.0,0.0,51.68853891736422,0.1,0.0,0.0,0.0,0.0,450.0,988.4,0.0,0.0,2.809,1.125,3.934,51.955,3.325,0.609,emon,0.899,0.46,29.0,13.5,2.158
2026-09-17 21:21:52.634,14.9,0,89,12;89;89;6;0;17;0;0;0;15;3;0;0;0;0;6,878,4729,4724;4722;4723;4729;2314;2527;2479;3239;3116;2535;2926;1521;1000;1141;878;1063,1.2,0.0,982.9,0,0,0,0,0,0.0,0,0,0,0,0,0,0,0,0.0,0,0,0,0,0,0.0,0.0,4342.3,0,0,0,87.1,30.73,0.01,0.39,35.66,24.1,63.4,97.45146800102071,0.5036513900007815,13.374417192124305,9.557468454730003,1.490255450215587,1010.1702127659574,0.0,0.0,0.0,0.0,52.45970125797581,0.1,0.0,0.0,0.0,0.0,450.0,979.1,0.0,0.0,2.809,1.125,3.934,51.955,3.325,0.609,emon,0.899,0.46,29.0,13.5,2.158
2026-09-17 21:21:53.634,13.8,0,100,18;83;100;2;0;5;0;0;0;8;0;4;0;2;0;0,1031,4729,4722;4726;4728;4729;2204;2132;1917;2246;1642;2467;2474;3278;1033;1977;1031;1074,0.6,0.0,982.0,0,0,0,0,0,0.0,0,0,0,0,0,0,0,0,0.0,0,0,0,0,0,0.0,0.0,4342.3,0,0,0,90.1,30.73,0.01,0.39,35.66,24.1,63.4,94.97172975540161,0.9256290532648563,18.609452545642853,15.260275185108185,3.434305589646101,1049.0,0.0,0.0,0.0,0.0,50.29316317476332,0.0,0.0,0.0,0.0,0.0,450.0,982.0,0.0,0.0,2.809,1.125,3.934,51.955,3.325,0.609,emon,0.899,0.46,29.0,13.5,2.158
2026-09-17 21:21:54.634,13.9,0,94,6;83;94;3;0;11;2;0;0;20;0;0;0;0;0;3,997,4729,4727;4718;4729;4729;1461;2039;3018;1469;1540;2753;1909;1760;997;998;1025;1068,0.6,0.0,982.0,0,0,0,0,0,0.0,0,0,0,0,0,0,0,0,0.0,0,0,0,0,0,0.0,0.0,4342.3,0,0,0,90.1,30.07,0.01,0.34,33.03,24.1,63.4,94.74019317626953,1.1531074702739716,21.277727317810058,19.097873497009278,6.357432612776757,1019.0,0.0,0.0,0.0,0.0,50.287065622210505,0.0,0.0,0.0,0.0,0.0,450.0,982.0,0.0,0.0,2.809,1.125,3.934,51.955,3.325,0.609,emon,0.899,0.46,29.0,13.5,2.158
2026-09-17 21:21:55.635,14.5,0,92,26;75;92;2;0;21;0;0;0;17;0;0;0;0;0;0,961,4729,4728;4726;4728;4729;2397;2602;3036;2545;3124;2630;1589;1851;973;1749;961;1079,1.2,0.0,977.9,0,0,0,0,0,0.0,0,0,0,0,0,0,0,0,0.0,0,0,0,0,0,0.0,0.0,4342.3,0,0,0,87.1,30.07,0.01,0.34,33.03,24.1,63.4,96.21305131912231,0.33929338546780247,11.054197440544764,5.9643093546231585,1.536343719266976,917.75,0.0,0.0,0.0,0.0,50.35332591521243,0.1,0.0,0.0,0.0,0.0,450.0,977.9,0.0,0.0,0.668,0.832,1.5,17.232,1.103,0.397,emon,0.899,0.903,28.2,22.2,1.269
2026-09-17 21:21:56.635,13.9,0,100,14;87;100;2;0;8;0;0;0;12;0;0;0;0;0;0,884,4729,4714;4723;4726;4729;2193;2390;2316;2987;3019;2640;2417;2466;884;1027;952;1066,0.5,0.0,980.8,0,0,0,0,0,0.0,0,0,0,0,0,0,0,0,0.0,0,0,0,0,0,0.0,0.0,4342.3,0,0,0,88.1,30.07,0.01,0.34,33.03,24.1,63.4,97.17187881469727,1.405372223428761,21.55600520471732,18.774451658129692,2.662725939313532,846.9166666666666,0.0,0.0,0.0,0.0,50.29541020343701,0.1,0.0,0.0,0.0,0.0,450.0,980.8,0.0,0.0,0.668,0.832,1.5,17.232,1.103,0.397,emon,0.899,0.903,28.2,22.2,1.269
2026-09-17 21:21:57.636,15.1,0,98,14;87;98;2;0;14;0;0;0;20;2;0;0;2;0;3,979,4727,4720;4723;4727;4727;1637;2231;1716;1699;2060;2435;2311;2142;979;1005;1036;1084,0.2,0.0,980.8,0,0,0,0,0,0.0,0,0,0,0,0,0,0,0,0.0,0,0,0,0,0,0.0,0.0,4342.3,0,0,0,83.1,30.07,0.01,0.34,33.03,24.1,63.4,98.2846549539005,1.063325260875418,20.02808107698665,17.710265997139846,3.1443866919760373,1096.0588235294117,0.0,0.0,0.0,0.0,50.26859589096378,0.1,0.0,0.0,0.0,0.0,450.0,980.8,0.0,0.0,0.668,0.832,1.5,17.232,1.103,0.397,emon,0.899,0.903,28.2,22.2,1.269
2026-09-17 21:21:58.636,15.5,0,98,19;82;98;5;0;16;2;0;0;20;2;0;0;3;0;3,955,4729,4608;4723;4727;4729;1513;2225;2849;2083;1950;2577;2731;2636;955;1332;1589;1082,0.6,0.0,982.8,0,0,0,0,0,0.0,0,0,0,0,0,0,0,0,0.0,0,0,0,0,0,0.0,0.0,4342.3,0,0,0,82.1,29.71,0.01,0.37,33.27,24.1,63.4,97.41098374586839,0.44216954364226413,12.935313756649311,7.887816254909222,1.9533468668277447,1102.8461538461538,0.0,0.0,0.0,0.0,50.27573703917173,0.1,0.0,0.0,0.0,0.0,450.0,982.8,0.0,0.0,0.668,0.832,1.5,17.232,1.103,0.397,emon,0.899,0.903,28.2,22.2,1.269
2026-09-17 21:21:59.636,15.0,0,100,14;85;100;0;0;14;0;0;0;17;3;0;0;2;0;6,988,4729,4728;4728;4728;4729;2235;2199;1891;1902;1707;2547;2332;1150;1002;988;1023;1079,0.0,0.0,985.7,0,0,0,0,0,0.0,0,0,0,0,0,0,0,0,0.0,0,0,0,0,0,0.0,0.0,4342.3,0,0,0,81.1,29.71,0.01,0.37,33.27,24.1,63.4,98.22167467389788,1.0263903039374522,19.28090497425624,16.541152376788002,2.6488554887107707,1106.142857142857,0.0,0.0,0.0,0.0,51.75574503370694,0.1,0.0,0.0,0.0,0.0,450.0,985.7,0.0,0.0,0.668,0.832,1.5,17.232,1.103,0.397,emon,0.899,0.903,28.2,22.2,1.269
2026-09-17 21:22:00.636,15.5,0,95,16;87;95;5;0;15;0;0;0;12;2;0;0;8;2;6,924,4724,4719;4706;4724;4615;1194;2388;1554;1238;2517;2251;2039;1771;924;972;970;1078,0.0,0.0,985.7,0,0,0,0,0,0.0,0,0,0,0,0,0,0,0,0.0,0,0,0,0,0,0.0,0.0,4342.3,0,0,0,81.1,29.71,0.01,0.37,33.27,24.1,63.4,97.75078010559082,1.381257514236495,21.029346893231075,18.231630285580952,2.228065878851339,1144.8333333333333,0.0,0.0,0.0,0.0,50.23020177644988,0.1,0.0,0.0,0.0,0.0,450.0,981.7,0.0,0.0,0.668,0.832,1.5,17.232,1.103,0.397,emon,0.899,0.903,28.2,22.2,1.269
2026-09-17 21:22:01.637,14.1,0,97,11;85;97;2;0;14;0;0;0;16;0;0;0;2;0;0,993,4729,4726;4705;4729;4729;1642;2264;2727;1994;2220;2478;1876;2042;993;2074;1004;1090,0.2,0.0,981.7,0,0,0,0,0,0.0,0,0,0,0,0,0,0,0,0.0,0,0,0,0,0,0.0,0.0,4342.3,0,0,0,83.1,29.71,0.01,0.37,33.27,24.1,63.4,97.78929615020752,0.8692229792650323,16.602300830185413,12.903105173725635,3.67586476647557,1077.125,0.0,0.0,0.0,0.0,50.298870080150664,0.0,0.0,0.0,0.0,0.0,450.0,981.7,0.0,0.0,0.668,0.832,1.5,17.232,1.103,0.397,emon,0.899,0.903,28.2,22.2,1.269
2026-09-17 21:22:02.637,14.7,0,92,23;75;92;5;0;17;0;0;0;23;0;0;0;0;0;0,951,4729,4728;4724;4728;4729;1910;2249;1595;1633;2650;2551;1639;2026;951;1011;1075;1084,0.0,0.0,981.7,0,0,0,0,0,0.0,0,0,0,0,0,0,0,0,0.0,0,0,0,0,0,0.0,0.0,4342.3,0,0,0,83.1,29.71,0.01,0.37,33.27,24.2,63.4,98.10811519622803,1.4777906415401958,19.41277725994587,16.427550483494997,1.7197950283443788,1077.125,0.0,0.0,0.0,0.0,50.23151484876871,0.0,0.0,0.0,0.0,0.0,450.0,986.9,0.0,0.0,0.668,0.832,1.5,17.232,1.103,0.397,emon,0.899,0.903,28.2,22.2,1.269
2026-09-17 21:22:03.637,14.6,0,98,9;91;98;2;0;14;0;0;0;14;0;0;0;2;0;3,1008,4729,4729;4728;4723;4729;1983;2226;2115;2298;2589;2612;1685;2009;1008;1479;1055;1098,0.0,0.0,986.9,0,0,0,0,0,0.0,0,0,0,0,0,0,0,0,0.0,0,0,0,0,0,0.0,0.0,4342.3,0,0,0,86.1,29.71,0.01,0.37,33.27,24.2,63.4,98.19897031784058,1.5307884617941454,20.38226544857025,17.294514388777316,2.123783457383979,1158.375,0.0,0.0,0.0,0.0,50.202921863645315,0.0,0.0,0.0,0.0,0.0,450.0,986.9,0.0,0.0,0.668,0.832,1.5,17.232,1.103,0.397,emon,0.899,0.903,28.2,22.2,1.269
2026-09-17 21:22:04.638,15.3,0,88,10;86;88;5;0;25;2;0;0;22;2;2;0;5;0;0,973,4729,4722;4726;4725;4729;1842;2362;2516;2437;2698;2568;1862;1642;975;1602;973;1077,0.1,0.0,986.9,0,0,0,0,0,0.0,0,0,0,0,0,0,0,0,0.0,0,0,0,0,0,0.0,0.0,4342.3,0,0,0,87.1,29.71,0.01,0.37,33.27,24.1,63.4,97.7077624797821,0.9222383027081378,16.639575444161892,12.604539645370096,2.6060818054975243,1036.5,0.0,0.0,0.0,0.0,50.335062129888684,0.0,0.0,0.0,0.0,0.0,450.0,986.9,0.0,0.0,0.668,0.832,1.5,17.232,1.103,0.397,emon,0.899,0.903,28.2,22.2,1.269
2026-09-17 21:22:05.638,16.1,0,88,6;83;88;20;0;29;3;0;0;14;6;2;0;4;0;3,905,4727,4693;4721;4727;4725;2338;2924;3070;2696;1470;2677;2800;2343;1041;1944;905;1062,0.4,0.0,986.9,0,0,0,0,0,0.0,0,0,0,0,0,0,0,0,0.0,0,0,0,0,0,0.0,0.0,4342.3,0,0,0,82.1,29.71,0.01,0.37,33.27,24.1,63.4,98.0306806564331,0.9595394479110837,15.088976383209229,10.799886658787727,3.2774747386574745,1036.5,0.0,0.0,0.0,0.0,50.21739016659558,0.0,0.0,0.0,0.0,0.0,450.0,986.9,0.0,0.0,0.668,0.832,1.5,17.232,1.103,0.397,emon,0.899,0.903,28.2,22.2,1.269
2026-09-17 21:22:06.639,15.0,0,98,9;77;98;0;0;28;0;0;0;16;2;0;0;3;0;8,980,4726,4700;4691;4726;4647;2230;2841;2325;1418;1734;2555;2155;1893;1043;1805;980;1070,0.5,0.0,986.9,0,0,0,0,0,0.0,0,0,0,0,0,0,0,0,0.0,0,0,0,0,0,0.0,0.0,4342.3,0,0,0,91.1,0.0,0.0,0.0,0.0,24.1,63.4,98.51881551742554,1.50942170858616,20.241591595113277,16.627964089624584,1.7730878623115132,1055.25,0.0,0.0,0.0,0.0,51.171218836680055,0.0,0.0,0.0,0.0,0.0,450.0,986.9,0.0,0.0,0.668,0.832,1.5,17.232,1.103,0.397,emon,0.899,0.903,28.2,22.2,1.269
2026-09-17 21:22:07.639,13.8,0,97,10;83;97;0;0;9;0;0;0;16;0;0;0;0;0;6,952,4733,4727;4727;4729;4733;3062;2689;2188;2621;3142;2463;2590;2700;967;1008;952;1060,0.7,0.0,986.9,0,0,0,0,0,0.0,0,0,0,0,0,0,0,0,0.0,0,0,0,0,0,0.0,0.0,4342.3,0,0,0,91.1,0.0,0.0,0.0,0.0,24.1,63.4,97.14274173312717,0.5269527865780724,14.419456164042154,10.249363210466173,4.003330945968628,999.0,0.0,0.0,0.0,0.0,50.309785306453705,0.0,0.0,0.0,0.0,0.0,450.0,986.9,0.0,0.0,0.85,1.25,2.1,19.944,1.276,0.824,emon,0.884,0.916,29.6,16.8,1.761
2026-09-17 21:22:08.640,14.3,0,92,12;82;92;0;0;19;0;0;0;23;2;0;0;0;0;0,1011,4729,4727;4723;4728;4729;3193;2469;2035;2430;2352;2532;3173;1486;1011;1377;1027;1071,0.7,0.0,986.9,0,0,0,0,0,0.0,0,0,0,0,0,0,0,0,0.0,0,0,0,0,0,0.0,0.0,4342.3,0,0,0,89.1,0.0,0.0,0.0,0.0,24.1,63.4,97.53349736531575,1.0954434510320425,19.380495806535084,16.564551195005574,2.017470669027534,1089.0,0.0,0.0,0.0,0.0,50.31050158093373,0.1,0.0,0.0,0.0,0.0,450.0,986.9,0.0,0.0,0.85,1.25,2.1,19.944,1.276,0.824,emon,0.884,0.916,29.6,16.8,1.761
2026-09-17 21:22:09.656,14.7,0,97,20;75;97;0;0;17;0;0;0;17;0;2;0;5;0;3,927,4729,4728;4726;4727;4729;1871;2568;1739;1318;3150;2585;2708;2359;927;1092;998;1071,1.3,0.0,978.8,0,0,0,0,0,0.0,0,0,0,0,0,0,0,0,0.0,0,0,0,0,0,0.0,0.0,4342.3,0,0,0,85.1,31.02,0.01,0.35,34.02,24.2,63.4,98.44303639729817,0.7310339691186393,18.859418091950594,15.220161230199867,1.4630764016398676,1048.0740740740741,0.0,0.0,0.0,0.0,52.16387056835271,0.1,0.0,0.0,0.0,0.0,450.0,986.9,0.0,0.0,0.85,1.25,2.1,19.944,1.276,0.824,emon,0.884,0.916,29.6,16.8,1.761
2026-09-17 21:22:10.656,14.2,0,97,8;84;97;2;0;11;2;0;0;14;2;0;0;0;0;9,1087,4729,4716;4712;4728;4729;1814;2443;2575;1960;1752;2526;2909;1860;1360;1574;1341;1087,0.6,0.0,984.1,0,0,0,0,0,0.0,0,0,0,0,0,0,0,0,0.0,0,0,0,0,0,0.0,0.0,4342.3,0,0,0,83.1,31.02,0.01,0.35,34.02,24.1,63.4,97.63920822143555,1.043929133284837,17.662491029500963,13.462103371322154,1.5583167551842052,1031.5,0.0,0.0,0.0,0.0,50.244122724235055,0.1,0.0,0.0,0.0,0.0,450.0,978.8,0.0,0.0,0.85,1.25,2.1,19.944,1.276,0.824,emon,0.884,0.916,29.6,16.8,1.761
2026-09-17 21:22:11.657,14.5,0,94,11;85;94;3;0;19;0;0;0;14;0;0;0;0;0;6,926,4729,4728;4714;4725;4729;1334;2531;2593;1961;1676;2627;1119;1791;926;1205;989;1083,0.7,0.0,985.1,0,0,0,0,0,0.0,0,0,0,0,0,0,0,0,0.0,0,0,0,0,0,0.0,0.0,4342.3,0,0,0,82.1,31.02,0.01,0.35,34.02,24.1,63.4,97.40368906656902,1.3004435087398936,20.73347121477127,18.087275150542457,3.0379531102468413,982.3333333333334,0.0,0.0,0.0,0.0,50.27286748650173,0.0,0.0,0.0,0.0,0.0,450.0,984.1,0.0,0.0,0.85,1.25,2.1,19.944,1.276,0.824,emon,0.884,0.916,29.6,16.8,1.761
2026-09-17 21:22:12.658,14.9,0,96,19;79;96;3;0;22;0;0;0;15;0;0;0;2;0;3,957,4729,4729;4721;4727;4729;1702;2352;1363;2044;1920;2459;1555;2021;957;1012;1056;1079,0.2,0.0,985.1,0,0,0,0,0,0.0,0,0,0,0,0,0,0,0,0.0,0,0,0,0,0,0.0,0.0,4342.3,0,0,0,80.1,31.02,0.01,0.35,34.02,24.1,63.4,96.91336035728455,0.9574613802251406,16.33752579241991,12.61626171413809,3.112379575279192,1036.5,0.0,0.0,0.0,0.0,50.28128050733358,0.0,0.0,0.0,0.0,0.0,450.0,985.1,0.0,0.0,0.85,1.25,2.1,19.944,1.276,0.824,emon,0.884,0.916,29.6,16.8,1.761
2026-09-17 21:22:13.658,14.2,0,95,22;76;95;3;0;11;6;0;0;10;2;0;0;3;0;0,1030,4729,4725;4726;4728;4729;2885;2538;2138;2772;2461;2127;2151;1269;1030;1030;1044;1085,0.2,0.0,985.1,0,0,0,0,0,0.0,0,0,0,0,0,0,0,0,0.0,0,0,0,0,0,0.0,0.0,4342.3,0,0,0,83.1,27.18,0.01,0.39,31.18,24.1,63.4,97.80216312408447,1.3264280643779784,20.593834064900875,17.375629661604762,2.0351189576176694,1036.5,0.0,0.0,0.0,0.0,50.36396620050073,0.0,0.0,0.0,0.0,0.0,450.0,985.1,0.0,0.0,0.85,1.25,2.1,19.944,1.276,0.824,emon,0.884,0.916,29.6,16.8,1.761
2026-09-17 21:22:14.658,14.2,0,92,83;19;92;2;0;0;14;0;0;0;11;0;3;0;0;3,922,4729,4721;4703;4727;4729;1822;1400;2228;2243;2294;2018;2216;1982;995;922;1705;1089,0.0,0.0,985.1,0,0,0,0,0,0.0,0,0,0,0,0,0,0,0,0.0,0,0,0,0,0,0.0,0.0,4342.3,0,0,0,84.1,27.18,0.01,0.39,31.18,24.2,63.4,97.66814088821411,0.8610944660613313,16.281541228294373,12.572452078573406,3.420448535143805,1077.125,0.0,0.0,0.0,0.0,50.313167080283165,0.0,0.0,0.0,0.0,0.0,450.0,985.1,0.0,0.0,0.85,1.25,2.1,19.944,1.276,0.824,emon,0.884,0.916,29.6,16.8,1.761
2026-09-17 21:22:15.659,14.3,0,98,88;8;98;0;0;0;17;0;0;0;14;0;0;0;3;0,940,4729,4723;4729;4729;4728;2737;1503;2422;1599;2331;2197;2398;3067;964;940;2009;1093,0.0,0.0,985.1,0,0,0,0,0,0.0,0,0,0,0,0,0,0,0,0.0,0,0,0,0,0,0.0,0.0,4342.3,0,0,0,82.1,27.18,0.01,0.39,31.18,24.2,63.4,97.54394674301147,1.4713783005718142,21.087997376918793,17.929891800507903,2.1544241320989386,949.0,0.0,0.0,0.0,0.0,50.25823916308582,0.0,0.0,0.0,0.0,0.0,450.0,985.1,0.0,0.0,0.85,1.25,2.1,19.944,1.276,0.824,emon,0.884,0.916,29.6,16.8,1.761
2026-09-17 21:22:16.659,14.1,0,94,85;11;94;0;0;0;17;0;0;0;19;0;0;0;0;0,945,4728,4722;4721;4728;4728;2113;1809;2608;3040;1663;2157;2292;1982;1022;945;1037;1067,0.0,0.0,985.1,0,0,0,0,0,0.0,0,0,0,0,0,0,0,0,0.0,0,0,0,0,0,0.0,0.0,4342.3,0,0,0,85.1,27.18,0.01,0.39,31.18,24.1,63.4,97.03795750935872,0.37055317172780633,10.536557962497076,5.5421937219798565,2.620771830280622,979.2083333333334,0.0,0.0,0.0,0.0,50.30081036190192,0.0,0.0,0.0,0.0,0.0,450.0,985.1,0.0,0.0,0.85,1.25,2.1,19.944,1.276,0.824,emon,0.884,0.916,29.6,16.8,1.761
2026-09-17 21:22:17.660,13.8,0,98,76;18;98;2;0;0;20;0;2;0;6;0;0;0;0;0,1006,4729,4721;4704;4725;4729;2366;1780;2644;2975;3184;2721;2344;2355;1006;1026;1016;1055,0.1,0.0,979.8,0,0,0,0,0,0.0,0,0,0,0,0,0,0,0,0.0,0,0,0,0,0,0.0,0.0,4342.3,0,0,0,86.1,28.79,0.01,0.38,32.53,24.1,63.4,95.05014991760254,1.0883986353874207,21.397957801818848,19.10016393661499,6.2207443956285715,964.625,0.0,0.0,0.0,0.0,50.320781763643026,0.1,0.0,0.0,0.0,0.0,450.0,979.8,0.0,0.0,0.85,1.25,2.1,19.944,1.276,0.824,emon,0.884,0.916,29.6,16.8,1.761
2026-09-17 21:22:18.660,15.5,0,94,80;17;94;5;0;0;25;0;0;0;17;3;0;0;2;6,1024,4729,4724;4729;4726;4729;3250;2621;2566;3249;2767;2223;2476;2717;1024;1042;2032;1086,0.0,0.0,983.2,0,0,0,0,0,0.0,0,0,0,0,0,0,0,0,0.0,0,0,0,0,0,0.0,0.0,4342.3,0,0,0,89.1,28.79,0.01,0.38,32.53,24.1,63.4,97.14467819213867,0.5385112058371305,15.360345993041992,10.817072697877883,1.963344601392746,961.0,0.0,0.0,0.0,0.0,50.29454176932573,0.1,0.0,0.0,0.0,0.0,450.0,983.2,0.0,0.0,0.85,1.25,2.1,19.944,1.276,0.824,emon,0.884,0.916,29.6,16.8,1.761
2026-09-17 21:22:19.680,15.2,0,96,92;8;96;2;0;0;23;0;0;0;9;0;0;0;6;7,1010,4729,4728;4729;4729;4729;2354;2289;2591;1930;1484;1408;2180;2044;1010;1032;1913;1067,0.3,0.0,979.8,0,0,0,0,0,0.0,0,0,0,0,0,0,0,0,0.0,0,0,0,0,0,0.0,0.0,4342.3,0,0,0,91.1,28.79,0.01,0.38,32.53,24.1,63.4,97.65526707967122,1.2065326283530642,21.277318105101585,18.52415299726029,3.2575453152918876,1074.0,0.0,0.0,0.0,0.0,50.245856588706374,0.1,0.0,0.0,0.0,0.0,450.0,979.8,0.0,0.0,0.9,0.947,1.847,20.853,1.335,0.512,emon,0.901,0.812,28.9,16.2,1.784
2026-09-17 21:22:20.681,14.0,0,100,89;8;100;3;0;0;12;0;0;0;11;0;0;0;0;0,999,4729,4722;4729;4725;4729;2276;1306;2574;1570;1723;1296;2424;2818;1010;999;1026;1070,0.9,0.0,987.9,0,0,0,0,0,0.0,0,0,0,0,0,0,0,0,0.0,0,0,0,0,0,0.0,0.0,4342.3,0,0,0,89.1,28.79,0.01,0.38,32.53,24.1,63.4,98.09768778483073,0.8791924042213294,17.18037354681227,14.071157519684897,2.2679403338581325,1076.7777777777778,0.0,0.0,0.0,0.0,51.404849167995984,0.0,0.0,0.0,0.0,0.0,450.0,982.7,0.0,0.0,0.9,0.947,1.847,20.853,1.335,0.512,emon,0.901,0.812,28.9,16.2,1.784
2026-09-17 21:22:21.681,15.3,0,95,92;13;95;2;0;0;17;0;0;0;19;2;3;0;2;0,982,4729,4725;4720;4728;4729;1502;2529;2440;2522;1609;1581;2511;2226;982;1000;1054;1076,0.5,0.0,987.9,0,0,0,0,0,0.0,0,0,0,0,0,0,0,0,0.0,0,0,0,0,0,0.0,0.0,4342.3,0,0,0,86.1,31.48,0.01,0.35,34.39,24.1,63.4,97.81939110389122,1.0904028566840749,19.84233469229478,17.241590901063038,2.037775769041708,1124.0,0.0,0.0,0.0,0.0,50.285797287638374,0.1,0.0,0.0,0.0,0.0,450.0,987.9,0.0,0.0,0.9,0.947,1.847,20.853,1.335,0.512,emon,0.901,0.812,28.9,16.2,1.784
2026-09-17 21:22:22.681,14.3,0,97,84;11;97;2;0;0;18;0;0;0;12;0;0;0;5;0,1000,4725,4725;4717;4725;4723;1747;3238;2490;2933;1386;1493;2477;2700;1004;1000;1087;1071,1.2,0.0,984.1,0,0,0,0,0,0.0,0,0,0,0,0,0,0,0,0.0,0,0,0,0,0,0.0,0.0,4342.3,0,0,0,83.1,31.48,0.01,0.35,34.39,24.1,63.4,97.89646875858307,0.5612502697040327,15.021459195762873,11.665104606654495,1.4514764912310056,1051.34375,0.0,0.0,0.0,0.0,51.89749879250303,0.0,0.0,0.0,0.0,0.0,450.0,987.9,0.0,0.0,0.9,0.947,1.847,20.853,1.335,0.512,emon,0.901,0.812,28.9,16.2,1.784
2026-09-17 21:22:23.682,14.4,0,92,83;12;92;5;0;0;20;0;0;0;12;2;0;0;2;3,803,4729,4724;4720;4728;4729;1871;2118;2510;1214;1615;1488;2364;2886;859;803;1002;1067,1.1,0.0,978.8,0,0,0,0,0,0.0,0,0,0,0,0,0,0,0,0.0,0,0,0,0,0,0.0,0.0,4342.3,0,0,0,83.1,31.48,0.01,0.35,34.39,24.1,63.4,98.04978975568498,0.6458470626468105,16.92605883393969,13.117854063851492,1.8045749966587339,1087.5714285714287,0.0,0.0,0.0,0.0,51.71394924053124,0.1,0.0,0.0,0.0,0.0,450.0,978.8,0.0,0.0,0.9,0.947,1.847,20.853,1.335,0.512,emon,0.901,0.812,28.9,16.2,1.784
2026-09-17 21:22:24.683,13.9,0,97,80;18;97;2;0;0;12;0;0;0;13;0;0;0;2;0,827,4729,4728;4729;4729;4729;2477;2231;2599;2306;2090;1488;2471;2303;964;827;976;1078,1.2,0.0,979.8,0,0,0,0,0,0.0,0,0,0,0,0,0,0,0,0.0,0,0,0,0,0,0.0,0.0,4342.3,0,0,0,83.1,31.48,0.01,0.35,34.39,24.1,63.4,97.65809539794923,0.6271987957383196,14.770905810991923,11.269781174461047,2.4124195759805542,1034.3333333333333,0.0,0.0,0.0,0.0,51.448646868069964,0.1,0.0,0.0,0.0,0.0,450.0,978.8,0.0,0.0,0.9,0.947,1.847,20.853,1.335,0.512,emon,0.901,0.812,28.9,16.2,1.784
2026-09-17 21:22:25.683,14.7,0,98,69;23;98;5;0;0;12;5;2;0;17;2;0;0;0;3,977,4726,4723;4725;4726;4698;2794;1786;2468;3225;2310;2927;2156;2737;1020;977;1046;1084,1.0,0.0,982.8,0,0,0,0,0,0.0,0,0,0,0,0,0,0,0,0.0,0,0,0,0,0,0.0,0.0,4342.3,0,0,0,82.1,27.66,0.01,0.4,31.7,24.2,63.4,97.89743405296689,0.9201200972754686,19.07881366922742,16.448903296675002,2.582159918949141,1090.6666666666667,0.0,0.0,0.0,0.0,50.275066378215946,0.1,0.0,0.0,0.0,0.0,450.0,979.8,0.0,0.0,0.9,0.947,1.847,20.853,1.335,0.512,emon,0.901,0.812,28.9,16.2,1.784
2026-09-17 21:22:26.683,14.3,0,94,81;15;94;2;0;0;20;0;0;0;14;3;0;0;0;2,945,4729,4728;4728;4727;4729;2570;2320;2386;3172;3369;3272;2277;3061;965;945;1039;1084,0.4,0.0,985.7,0,0,0,0,0,0.0,0,0,0,0,0,0,0,0,0.0,0,0,0,0,0,0.0,0.0,4342.3,0,0,0,84.1,27.66,0.01,0.4,31.7,24.2,63.4,97.85815334320068,1.2401772344795365,21.63863931596279,18.57418521679938,3.5119619318090067,1117.75,0.0,0.0,0.0,0.0,50.220537182564534,0.1,0.0,0.0,0.0,0.0,450.0,982.8,0.0,0.0,0.9,0.947,1.847,20.853,1.335,0.512,emon,0.901,0.812,28.9,16.2,1.784
2026-09-17 21:22:27.684,14.3,0,92,78;14;92;3;0;0;16;2;0;0;17;0;0;0;3;3,922,4729,4719;4721;4724;4729;3038;2951;2646;2080;2759;2289;2381;3188;978;922;1527;1078,0.4,0.0,985.7,0,0,0,0,0,0.0,0,0,0,0,0,0,0,0,0.0,0,0,0,0,0,0.0,0.0,4342.3,0,0,0,83.1,27.66,0.01,0.4,31.7,21.0,63.4,97.2808483668736,1.0202079649482454,16.830542836870467,13.140108406543732,3.3500175669988885,1082.9285714285713,0.0,0.0,0.0,0.0,50.21969372353384,0.0,0.0,0.0,0.0,0.0,450.0,985.7,0.0,0.0,0.9,0.947,1.847,20.853,1.335,0.512,emon,0.901,0.812,28.9,16.2,1.784
2026-09-17 21:22:28.684,10.0,2,64,60;2;64;2;2;3;6;2;2;2;6;2;2;2;2;5,674,4319,4319;4085;4315;4274;2857;3195;2290;2985;3085;3399;2344;2672;792;783;759;674,0.1,0.0,981.6,0,0,0,0,0,0.0,0,0,0,0,0,0,0,0,0.0,0,0,0,0,0,0.0,0.0,4882.2,0,0,0,67.1,27.66,0.01,0.4,31.7,21.1,63.4,98.68083635965984,1.4055170963207881,21.23441155751546,19.421067714691162,4.898982021647195,965.6666666666666,0.0,0.0,0.0,0.0,50.15438038979968,0.0,0.0,0.0,0.0,0.0,250.0,981.6,0.0,0.0,0.9,0.947,1.847,20.853,1.335,0.512,emon,0.901,0.812,28.9,16.2,1.784
2026-09-17 21:22:29.685,10.7,0,96,30;5;96;3;0;0;16;0;0;0;14;2;0;0;5;2,574,4321,4035;4148;4321;4062;1242;1259;1959;1244;1177;1133;1750;1815;574;809;787;609,0.0,0.0,981.6,0,0,0,0,0,0.0,0,0,0,0,0,0,0,0,0.0,0,0,0,0,0,96.4,0.0,5046.3,0,0,0,65.1,23.62,0.01,6.88,35.56,21.1,63.4,99.31604485762746,1.0881647648485868,19.475157216975564,17.343195688175527,1.0943992890288907,814.7894736842105,0.0,0.0,0.0,0.0,53.00536432783855,0.0,0.0,0.0,0.0,0.0,250.0,981.6,0.0,0.0,0.9,0.947,1.847,20.853,1.335,0.512,emon,0.901,0.812,28.9,16.2,1.784
2026-09-17 21:22:30.685,9.1,0,97,25;0;97;0;0;0;6;0;0;0;14;0;0;0;0;3,493,4359,4062;3774;4359;4243;1233;1352;1864;1414;1224;1271;1845;1176;549;493;720;622,0.5,0.0,978.8,0,0,0,0,0,0.0,0,0,0,0,0,0,0,0,0.0,0,0,0,0,0,99.4,0.0,5046.3,0,0,0,66.1,23.62,0.01,6.88,35.56,21.1,63.4,98.7194828578404,1.4088548338572895,19.05540187358856,17.01571795301778,2.3626566480313027,903.2857142857143,0.0,0.0,0.0,0.0,51.7494800388813,0.1,0.0,0.0,0.0,0.0,250.0,978.8,0.0,0.0,0.9,0.947,1.847,20.853,1.335,0.512,emon,0.901,0.812,28.9,16.2,1.784
2026-09-17 21:22:31.686,9.6,0,94,24;6;94;0;0;0;12;0;0;0;11;0;3;0;0;3,461,4285,4043;4228;4285;4236;1899;1353;1781;1938;1905;1230;1758;1973;603;461;642;596,0.0,0.0,982.3,0,0,0,0,0,0.0,0,0,0,0,0,0,0,0,0.0,0,0,0,0,0,89.6,0.0,5046.3,0,0,0,64.1,23.62,0.01,6.88,35.56,21.1,63.4,99.00093078613281,0.9000815505591723,18.714617522863243,15.251586257551725,1.6488121093895574,906.6923076923077,0.0,0.0,0.0,0.0,52.18560685389317,0.1,0.0,0.0,0.0,0.0,250.0,982.3,0.0,0.0,85.189,0.763,85.952,14.104,0.903,85.049,emon,0.82,0.675,47.4,22.1,2.147
2026-09-17 21:22:32.686,9.5,0,95,23;8;95;0;0;0;11;0;0;0;9;0;0;0;3;3,577,4351,4138;3983;4351;4223;1545;1526;1951;2024;1667;1644;1812;1224;577;883;813;595,0.2,0.0,978.9,0,0,0,0,0,0.0,0,0,0,0,0,0,0,0,0.0,0,0,0,0,0,97.5,0.0,5046.3,0,0,0,64.1,23.62,0.01,6.88,35.56,21.1,63.4,99.11335835558303,1.0931687945935955,18.9548475590158,16.82423250155246,2.77194337047478,986.2340425531914,0.0,0.0,0.0,0.0,51.31716862400162,0.1,0.0,0.0,0.0,0.0,300.0,978.9,0.0,0.0,85.189,0.763,85.952,14.104,0.903,85.049,emon,0.82,0.675,47.4,22.1,2.147
2026-09-17 21:22:33.687,9.6,0,98,22;2;98;0;0;0;8;0;0;0;16;2;0;0;0;6,464,4340,4033;3787;4340;4059;1189;1257;2005;2518;1210;1218;1891;1460;553;464;730;596,0.5,0.0,981.1,0,0,0,0,0,0.0,0,0,0,0,0,0,0,0,0.0,0,0,0,0,0,99.0,0.0,5046.3,0,0,0,64.1,17.26,0.01,3.3,33.06,21.1,63.4,98.97251586914062,0.7419288760624253,15.023151151950543,11.504971625713202,1.6967246312737607,872.8461538461538,0.0,0.0,0.0,0.0,52.641401990216515,0.1,0.0,0.0,0.0,0.0,250.0,981.1,0.0,0.0,85.189,0.763,85.952,14.104,0.903,85.049,emon,0.82,0.675,47.4,22.1,2.147
2026-09-17 21:22:34.687,9.4,0,100,27;0;100;0;0;0;6;0;0;0;9;0;0;0;2;6,450,4363,3968;4013;4363;4012;2126;1224;2042;1475;1588;1199;1886;1842;577;450;784;612,0.5,0.0,984.0,0,0,0,0,0,0.0,0,0,0,0,0,0,0,0,0.0,0,0,0,0,0,98.0,0.0,5046.3,0,0,0,64.1,17.26,0.01,3.3,33.06,21.1,63.4,98.84478393554687,1.3428528700396418,19.35626400947571,16.69974537074566,2.2154717819951473,917.0,0.0,0.0,0.0,0.0,52.32152611196041,0.1,0.0,0.0,0.0,0.0,250.0,981.1,0.0,0.0,85.189,0.763,85.952,14.104,0.903,85.049,emon,0.82,0.675,47.4,22.1,2.147
2026-09-17 21:22:35.688,10.3,0,95,20;0;95;2;0;0;14;0;0;0;19;0;0;0;0;14,616,4358,4095;3845;4358;3889;2549;2216;2082;1952;2204;2468;2062;2515;821;834;771;616,0.4,0.0,984.1,0,0,0,0,0,0.0,0,0,0,0,0,0,0,0,0.0,0,0,0,0,0,94.6,0.0,5046.3,0,0,0,64.1,17.26,0.01,3.3,33.06,21.1,63.4,98.48316345214843,1.3949530329555273,20.04332766532898,17.739438750743865,2.115991378526669,1001.0,0.0,0.0,0.0,0.0,48.153526015849785,0.0,0.0,0.0,0.0,0.0,250.0,984.0,0.0,0.0,85.189,0.763,85.952,14.104,0.903,85.049,emon,0.82,0.675,47.4,22.1,2.147
2026-09-17 21:22:36.688,8.8,0,91,34;2;91;0;0;0;8;0;0;0;6;0;0;0;0;0,483,4299,3997;3885;4299;3957;1248;1288;1875;1446;1814;1558;1857;1870;511;483;686;603,0.9,0.0,983.9,0,0,0,0,0,0.0,0,0,0,0,0,0,0,0,0.0,0,0,0,0,0,90.5,0.0,5046.3,0,0,0,64.1,17.26,0.01,3.3,33.06,21.1,63.4,98.88067591875449,0.6021597006882744,13.04315329009089,9.916314562161764,1.8258468392251552,955.8965517241379,0.0,0.0,0.0,0.0,51.94317559606728,0.0,0.0,0.0,0.0,0.0,250.0,984.1,0.0,0.0,85.189,0.763,85.952,14.104,0.903,85.049,emon,0.82,0.675,47.4,22.1,2.147
2026-09-17 21:22:37.688,7.9,0,97,14;2;97;0;0;0;6;0;0;0;8;0;0;0;0;0,494,4336,4132;3801;4336;3835;1219;1191;2039;1265;1217;1200;1744;1347;610;494;594;596,1.2,0.0,980.6,0,0,0,0,0,0.0,0,0,0,0,0,0,0,0,0.0,0,0,0,0,0,99.1,0.0,5046.3,0,0,0,63.1,17.11,0.01,8.09,35.75,21.1,63.4,99.17480349073223,1.0861662478350542,17.580443877799837,15.547731777324396,2.309389182001206,845.0784313725491,0.0,0.0,0.0,0.0,53.29880724642791,0.1,0.0,0.0,0.0,0.0,250.0,978.7,0.0,0.0,85.189,0.763,85.952,14.104,0.903,85.049,emon,0.82,0.675,47.4,22.1,2.147
2026-09-17 21:22:38.689,9.5,0,95,23;2;95;0;0;0;12;0;0;0;16;0;0;0;0;3,469,4376,4094;4120;4376;4308;1508;2082;2014;1608;1248;1191;1879;1316;569;469;653;596,0.6,0.0,983.4,0,0,0,0,0,0.0,0,0,0,0,0,0,0,0,0.0,0,0,0,0,0,98.6,0.0,5046.3,0,0,0,64.1,17.11,0.01,8.09,35.75,21.1,63.4,99.39519023895264,1.892408607993275,24.458759516477585,22.977792909368873,0.7505026269645896,1061.5,0.0,0.0,0.0,0.0,50.38714047987014,0.1,0.0,0.0,0.0,0.0,250.0,980.6,0.0,0.0,85.189,0.763,85.952,14.104,0.903,85.049,emon,0.82,0.675,47.4,22.1,2.147
2026-09-17 21:22:39.689,8.3,0,97,20;0;97;0;0;0;8;0;0;0;8;0;0;0;0;0,477,4349,4107;4107;4349;4161;1172;1227;1942;1998;1255;1290;2206;1105;768;477;719;607,0.8,0.0,983.4,0,0,0,0,0,0.0,0,0,0,0,0,0,0,0,0.0,0,0,0,0,0,98.9,0.0,5046.3,0,0,0,65.1,17.11,0.01,8.09,35.75,21.1,63.4,99.12809952445652,1.2347733924246354,17.980917609256245,15.69054416599481,1.3029238286671108,883.7826086956521,0.0,0.0,0.0,0.0,52.38921373564264,0.0,0.0,0.0,0.0,0.0,250.0,983.4,0.0,0.0,85.189,0.763,85.952,14.104,0.903,85.049,emon,0.82,0.675,47.4,22.1,2.147
2026-09-17 21:22:40.690,9.1,0,92,21;5;92;2;0;0;8;3;0;0;6;0;0;0;2;6,521,4381,3989;3853;4381;4115;1417;2176;1936;1302;1414;1982;1749;2213;836;521;725;599,0.8,0.0,983.4,0,0,0,0,0,0.0,0,0,0,0,0,0,0,0,0.0,0,0,0,0,0,98.9,0.0,5046.3,0,0,0,65.1,17.11,0.01,8.09,35.75,21.1,63.4,99.28018250336518,1.2069813250689894,19.724296772802198,17.80800323711859,2.3235676886853636,992.2432432432432,0.0,0.0,0.0,0.0,51.64199969494665,0.1,0.0,0.0,0.0,0.0,250.0,983.4,0.0,0.0,85.189,0.763,85.952,14.104,0.903,85.049,emon,0.82,0.675,47.4,22.1,2.147
2026-09-17 21:22:41.691,10.2,0,94,28;6;94;0;0;0;9;0;0;0;20;0;0;0;0;6,614,4322,4086;3961;4322;4057;1228;1233;1657;1717;1300;1225;2037;1937;694;618;693;614,0.4,0.0,983.4,0,0,0,0,0,0.0,0,0,0,0,0,0,0,0,0.0,0,0,0,0,0,98.7,0.0,5046.3,0,0,0,64.1,17.34,0.0,3.37,33.46,21.1,63.4,99.00029785779057,0.9465950965425189,19.18903696050449,15.984442262929313,1.3676308694542672,921.4489795918367,0.0,0.0,0.0,0.0,51.30185446477666,0.1,0.0,0.0,0.0,0.0,250.0,983.4,0.0,0.0,85.189,0.763,85.952,14.104,0.903,85.049,emon,0.82,0.675,47.4,22.1,2.147
2026-09-17 21:22:42.691,8.4,0,96,22;2;96;0;0;0;6;0;0;0;6;0;0;0;0;3,644,4360,4146;3931;4360;4226;1930;1977;1877;1607;2048;2729;1899;2865;756;784;727;644,1.0,0.0,978.8,0,0,0,0,0,0.0,0,0,0,0,0,0,0,0,0.0,0,0,0,0,0,100.0,0.0,5046.3,0,0,0,64.1,17.34,0.0,3.37,33.46,21.1,63.4,98.9455100165473,1.2407970969151292,18.288603636953567,15.955077132417095,1.8381885595671419,887.8888888888889,0.0,0.0,0.0,0.0,53.09244459205203,0.1,0.0,0.0,0.0,0.0,250.0,978.8,0.0,0.0,85.189,0.763,85.952,14.104,0.903,85.049,emon,0.82,0.675,47.4,22.1,2.147
2026-09-17 21:22:43.691,9.4,0,97,22;8;97;0;0;0;11;0;0;0;13;0;0;0;0;0,599,4377,3684;4122;4377;3877;1307;1345;2122;1563;1254;1076;1656;1212;629;649;609;599,0.1,0.0,981.7,0,0,0,0,0,0.0,0,0,0,0,0,0,0,0,0.0,0,0,0,0,0,96.9,0.0,5046.3,0,0,0,66.1,17.34,0.0,3.37,33.46,21.1,63.4,98.90652688344319,1.3061236671249692,21.482207452257473,18.859163358807564,3.7107128893840127,1149.0,0.0,0.0,0.0,0.0,50.202729688957334,0.1,0.0,0.0,0.0,0.0,250.0,981.7,0.0,0.0,62.946,4.34,67.286,13.72,0.878,66.408,emon,0.798,0.58,48.9,22.8,2.146
2026-09-17 21:22:44.691,10.0,0,94,6;20;94;2;0;0;0;17;0;0;0;12;0;0;0;9,453,4318,4234;4052;4318;3896;1416;1286;1727;1791;1438;1231;1209;1666;533;453;514;628,0.0,0.0,981.7,0,0,0,0,0,0.0,0,0,0,0,0,0,0,0,0.0,0,0,0,0,0,98.7,0.0,5046.3,0,0,0,64.1,17.34,0.0,3.37,33.46,21.1,63.4,98.93219160422301,0.7669711048261095,16.80178398046738,13.292417341317886,1.753450035110104,957.3333333333334,0.0,0.0,0.0,0.0,51.4950427277348,0.0,0.0,0.0,0.0,0.0,250.0,981.7,0.0,0.0,62.946,4.34,67.286,13.72,0.878,66.408,emon,0.798,0.58,48.9,22.8,2.146
2026-09-17 21:22:45.692,9.6,0,97,2;25;97;0;0;0;0;8;0;0;0;17;0;0;0;5,441,4347,3978;4078;4347;3937;1694;1269;1248;1846;1307;1217;1231;1837;611;517;441;653,0.6,0.0,978.6,0,0,0,0,0,0.0,0,0,0,0,0,0,0,0,0.0,0,0,0,0,0,97.9,0.0,5046.3,0,0,0,64.1,17.1,0.01,8.22,35.43,21.1,63.4,98.46682504507211,0.7153868440252084,16.47172236442566,12.468979626893997,2.2651851250288577,897.0769230769231,0.0,0.0,0.0,0.0,50.17078583744856,0.1,0.0,0.0,0.0,0.0,250.0,978.6,0.0,0.0,62.946,4.34,67.286,13.72,0.878,66.408,emon,0.798,0.58,48.9,22.8,2.146
2026-09-17 21:22:46.693,9.9,0,76,3;52;76;0;0;0;0;11;0;0;0;15;0;0;0;0,457,4373,4349;4257;4373;3834;1254;1312;1263;1916;1265;1347;1355;1947;693;498;457;633,0.0,0.0,980.2,0,0,0,0,0,0.0,0,0,0,0,0,0,0,0,0.0,0,0,0,0,0,96.9,0.0,5046.3,0,0,0,66.1,17.1,0.01,8.22,35.43,21.1,63.4,98.99513290405274,1.154502939619124,18.397155656814576,16.3373232871294,2.7536098681390286,896.0,0.0,0.0,0.0,0.0,52.273082741498946,0.1,0.0,0.0,0.0,0.0,250.0,980.2,0.0,0.0,62.946,4.34,67.286,13.72,0.878,66.408,emon,0.798,0.58,48.9,22.8,2.146
2026-09-17 21:22:47.694,9.8,0,64,5;53;64;2;0;0;0;10;0;0;0;16;2;2;2;5,540,4352,4052;4305;4352;4095;2802;1719;1742;2197;2554;1094;1110;1854;808;794;540;666,0.0,0.0,985.5,0,0,0,0,0,0.0,0,0,0,0,0,0,0,0,0.0,0,0,0,0,0,98.3,0.0,5046.3,0,0,0,66.1,17.1,0.01,8.22,35.43,21.1,63.4,99.60667637416294,1.2632570853013367,18.011855840682983,16.58454692505655,1.4487228878729401,879.952380952381,0.0,0.0,0.0,0.0,57.72444049730187,0.0,0.0,0.0,0.0,0.0,250.0,985.5,0.0,0.0,62.946,4.34,67.286,13.72,0.878,66.408,emon,0.798,0.58,48.9,22.8,2.146
2026-09-17 21:22:48.694,9.1,0,98,2;23;98;0;0;0;0;8;0;0;0;6;0;0;0;9,643,4350,3852;4067;4350;4032;1979;2015;2044;1871;1451;1445;1252;1846;735;823;839;643,0.6,0.0,984.1,0,0,0,0,0,0.0,0,0,0,0,0,0,0,0,0.0,0,0,0,0,0,94.6,0.0,5046.3,0,0,0,65.1,17.1,0.01,8.22,35.43,21.1,63.4,99.4457742600214,0.9580907611664207,18.24209622825895,16.450241636662255,1.3813659733250028,1085.904761904762,0.0,0.0,0.0,0.0,52.62341749171416,0.1,0.0,0.0,0.0,0.0,250.0,985.5,0.0,0.0,62.946,4.34,67.286,13.72,0.878,66.408,emon,0.798,0.58,48.9,22.8,2.146
2026-09-17 21:22:49.695,10.2,0,85,5;39;85;3;2;0;2;8;0;0;0;11;0;2;0;8,430,4332,4100;4118;4332;3952;3089;1176;1151;2076;1341;1202;1255;1856;593;555;430;634,1.0,0.0,980.9,0,0,0,0,0,0.0,0,0,0,0,0,0,0,0,0.0,0,0,0,0,0,98.3,0.0,5046.3,0,0,0,64.1,17.22,0.0,8.13,35.88,21.1,63.4,99.30924712287054,1.182185961657928,19.795647710561752,17.5412880823844,2.013450439708928,1008.7222222222222,0.0,0.0,0.0,0.0,53.13324432633817,0.1,0.0,0.0,0.0,0.0,250.0,978.8,0.0,0.0,62.946,4.34,67.286,13.72,0.878,66.408,emon,0.798,0.58,48.9,22.8,2.146
2026-09-17 21:22:50.695,8.9,0,75,5;75;40;0;0;0;0;12;0;0;0;8;0;0;0;3,484,4285,4000;4285;4248;3867;1378;1447;1467;1771;1792;1195;1186;1724;546;484;530;636,1.1,0.0,982.0,0,0,0,0,0,0.0,0,0,0,0,0,0,0,0,0.0,0,0,0,0,0,91.2,0.0,5046.3,0,0,0,66.1,17.22,0.0,8.13,35.88,21.1,63.4,99.14258208098235,0.8634480856427992,18.078176619829954,14.870954096317291,1.4517105943695814,916.5925925925926,0.0,0.0,0.0,0.0,50.343215340243965,0.1,0.0,0.0,0.0,0.0,250.0,984.2,0.0,0.0,62.946,4.34,67.286,13.72,0.878,66.408,emon,0.798,0.58,48.9,22.8,2.146
2026-09-17 21:22:51.695,10.0,0,97,6;22;97;2;0;0;0;11;0;0;0;10;0;0;0;13,432,4326,4063;4135;4326;4123;1829;1222;1302;2005;1770;1242;1650;1666;720;432;450;619,1.1,0.0,985.4,0,0,0,0,0,0.0,0,0,0,0,0,0,0,0,0.0,0,0,0,0,0,90.1,0.0,5046.3,0,0,0,64.1,17.22,0.0,8.13,35.88,21.1,63.4,98.938108590933,1.3209244835978518,19.144669034542183,16.89870097163396,2.717994137165638,854.1282051282051,0.0,0.0,0.0,0.0,51.61881398944519,0.1,0.0,0.0,0.0,0.0,250.0,982.0,0.0,0.0,62.946,4.34,67.286,13.72,0.878,66.408,emon,0.798,0.58,48.9,22.8,2.146
2026-09-17 21:22:52.696,7.9,0,95,0;20;95;0;0;0;0;3;0;0;0;2;0;0;0;6,480,4341,3916;4065;4341;3892;1769;1469;1463;1885;1322;1211;1195;1555;581;480;481;608,1.1,0.0,985.4,0,0,0,0,0,0.0,0,0,0,0,0,0,0,0,0.0,0,0,0,0,0,90.1,0.0,5046.3,0,0,0,66.1,17.22,0.0,8.13,35.88,21.1,63.4,98.8942487080892,0.8965154122871657,18.059342658519746,14.439407409230869,1.4357200971028456,941.5,0.0,0.0,0.0,0.0,51.92378223364552,0.1,0.0,0.0,0.0,0.0,250.0,981.4,0.0,0.0,62.946,4.34,67.286,13.72,0.878,66.408,emon,0.798,0.58,48.9,22.8,2.146
2026-09-17 21:22:53.714,10.2,0,91,2;32;91;2;0;0;0;11;0;0;0;15;0;0;2;10,535,4292,3789;4089;4292;3870;2735;1278;1336;2058;3114;1459;1534;1811;651;535;684;623,1.1,0.0,981.4,0,0,0,0,0,0.0,0,0,0,0,0,0,0,0,0.0,0,0,0,0,0,97.6,0.0,5046.3,0,0,0,64.1,17.14,0.01,3.3,32.9,21.2,63.4,98.70395922660828,0.6191577326972038,15.76268096268177,11.404357085004449,1.760614663362503,1095.875,0.0,0.0,0.0,0.0,50.136052378453314,0.1,0.0,0.0,0.0,0.0,250.0,978.0,0.0,0.0,62.946,4.34,67.286,13.72,0.878,66.408,emon,0.798,0.58,48.9,22.8,2.146
2026-09-17 21:22:54.714,8.9,0,98,2;22;98;0;2;0;0;3;0;0;0;16;0;0;0;0,437,4324,3937;4106;4324;3877;3187;1203;1200;1690;1228;1234;1270;1699;542;635;437;609,1.1,0.0,980.2,0,0,0,0,0,0.0,0,0,0,0,0,0,0,0,0.0,0,0,0,0,0,100.0,0.0,5046.3,0,0,0,63.1,17.14,0.01,3.3,32.9,21.1,63.4,98.86111288804274,1.1163177604858692,18.4069951405892,16.269908741116524,2.6310181859253836,959.5769230769231,0.0,0.0,0.0,0.0,52.18562362887538,0.1,0.0,0.0,0.0,0.0,250.0,980.2,0.0,0.0,62.946,4.34,67.286,13.72,0.878,66.408,emon,0.798,0.58,48.9,22.8,2.146
2026-09-17 21:22:55.715,27.3,0,97,46;49;97;24;11;11;3;82;17;2;0;57;3;0;0;36,665,4695,4686;4639;4679;4695;3329;3381;3443;3384;3385;3436;3434;3317;2577;1264;665;2687,0.7,0.0,980.1,0,0,0,0,0,0.0,0,0,0,0,0,0,0,0,0.0,0,0,0,0,0,71.6,0.0,3856.2,0,0,0,62.1,17.14,0.01,3.3,32.9,16.0,63.4,99.01256990432739,1.2107038013249014,18.449023095269997,16.3172112427031,2.159015727661123,914.625,0.0,0.0,0.0,0.0,52.35940452494348,0.1,0.0,0.0,0.0,0.0,300.0,980.1,0.0,0.0,62.946,4.34,67.286,13.72,0.878,66.408,emon,0.798,0.58,48.9,22.8,2.146
2026-09-17 21:22:56.715,19.8,0,95,12;71;95;2;0;0;0;80;0;0;0;52;0;0;0;5,987,4729,4727;4712;4725;4729;3007;3111;3457;3344;2426;1637;1518;3121;1258;1204;987;2266,0.3,0.0,983.1,0,0,0,0,0,0.0,0,0,0,0,0,0,0,0,0.0,0,0,0,0,0,0.0,0.0,0.0,0,0,0,73.1,17.14,0.01,3.3,32.9,16.1,63.4,98.54105261600378,1.0605240971640204,19.588634917230316,17.089153205806557,1.8866276508479407,1055.060606060606,0.0,0.0,0.0,0.0,51.77023380362626,0.1,0.0,0.0,0.0,0.0,250.0,983.1,0.0,0.0,83.915,0.788,84.703,15.009,0.961,83.742,emon,0.822,0.722,47.3,22.0,2.15
2026-09-17 21:22:57.715,21.7,0,94,31;64;94;11;6;5;2;66;3;3;0;50;0;0;0;12,1946,4729,4725;4681;4728;4729;3166;3183;2902;3291;3267;3043;3305;3033;2422;2124;2143;1946,0.0,0.0,982.9,0,0,0,0,0,0.0,0,0,0,0,0,0,0,0,0.0,0,0,0,0,0,0.0,0.0,0.0,0,0,0,73.1,22.52,0.01,1.56,31.32,16.1,63.4,98.68373794555664,1.3278137329034507,23.635226809978484,20.029009741544723,0.7542319153726567,1059.0,0.0,0.0,0.0,0.0,50.17460492104292,0.1,0.0,0.0,0.0,0.0,450.0,982.9,0.0,0.0,83.915,0.788,84.703,15.009,0.961,83.742,emon,0.822,0.722,47.3,22.0,2.15
2026-09-17 21:22:58.716,14.2,0,69,6;45;69;18;3;0;0;69;0;0;0;14;0;0;0;2,939,4690,4592;4525;4690;4683;2457;3279;3169;3395;2133;1414;1555;2154;965;952;939;1064,0.5,0.0,988.8,0,0,0,0,0,0.0,0,0,0,0,0,0,0,0,0.0,0,0,0,0,0,0.0,0.0,0.0,0,0,0,80.1,22.52,0.01,1.56,31.32,16.2,63.4,98.97107696533203,1.038759089398967,19.218057445857834,16.494569301605225,1.7932805986265126,1146.8260869565217,0.0,0.0,0.0,0.0,52.519445659673735,0.1,0.0,0.0,0.0,0.0,450.0,988.8,0.0,0.0,83.915,0.788,84.703,15.009,0.961,83.742,emon,0.822,0.722,47.3,22.0,2.15
2026-09-17 21:22:59.716,13.2,0,100,2;32;100;0;0;0;0;71;0;0;0;3;0;0;0;3,1023,4729,4694;4508;4722;4729;2212;2550;2701;3401;2146;1198;1185;1987;1032;1060;1023;1198,0.0,0.0,994.0,0,0,0,0,0,0.0,0,0,0,0,0,0,0,0,0.0,0,0,0,0,0,0.0,0.0,0.0,0,0,0,80.1,22.52,0.01,1.56,31.32,16.2,63.4,98.33160230848524,1.1845700436582167,18.564413891898262,15.58118342111508,1.7447357665773273,1126.7777777777778,0.0,0.0,0.0,0.0,50.309398455752266,0.0,0.0,0.0,0.0,0.0,450.0,994.0,0.0,0.0,83.915,0.788,84.703,15.009,0.961,83.742,emon,0.822,0.722,47.3,22.0,2.15
2026-09-17 21:23:00.716,17.3,0,95,18;34;95;6;6;8;2;73;6;0;0;12;0;0;0;15,871,4715,4555;4513;4715;4714;3353;3037;3360;3386;3157;2804;2974;2559;1350;871;1255;2079,0.1,0.0,990.0,0,0,0,0,0,0.0,0,0,0,0,0,0,0,0,0.0,0,0,0,0,0,0.0,0.0,0.0,0,0,0,80.1,22.52,0.01,1.56,31.32,16.2,63.4,98.31470603131234,0.8688596360226895,17.94385297247704,15.190372836399586,1.6555885844176605,1076.659574468085,0.0,0.0,0.0,0.0,51.36011450690158,0.0,0.0,0.0,0.0,0.0,450.0,990.0,0.0,0.0,83.915,0.788,84.703,15.009,0.961,83.742,emon,0.822,0.722,47.3,22.0,2.15
2026-09-17 21:23:01.717,14.2,0,83,11;49;83;2;0;0;0;64;0;0;0;11;2;0;0;6,1002,4729,4712;4610;4716;4729;2869;3456;3118;3301;2377;1554;1604;2082;1115;1027;1002;1710,0.0,0.0,987.8,0,0,0,0,0,0.0,0,0,0,0,0,0,0,0,0.0,0,0,0,0,0,0.0,0.0,0.0,0,0,0,78.1,22.52,0.01,1.56,31.32,16.3,63.4,98.2432546810228,0.7372904069987791,16.34691616223783,12.544694153630005,2.0489360081906223,1059.204081632653,0.0,0.0,0.0,0.0,53.454524030490795,0.1,0.0,0.0,0.0,0.0,450.0,987.8,0.0,0.0,83.915,0.788,84.703,15.009,0.961,83.742,emon,0.822,0.722,47.3,22.0,2.15
2026-09-17 21:23:02.717,14.7,0,95,16;83;95;2;0;0;0;17;0;0;0;14;0;0;0;9,994,4729,4729;4727;4728;4729;2741;3140;1860;2583;1448;1972;2069;2229;1066;994;1030;1084,0.6,0.0,982.5,0,0,0,0,0,0.0,0,0,0,0,0,0,0,0,0.0,0,0,0,0,0,0.0,0.0,0.0,0,0,0,86.1,22.52,0.01,1.56,31.32,16.3,63.4,97.99235140044114,0.7718219817455473,17.087060998226033,14.195892806453951,2.393630559748874,1081.7586206896551,0.0,0.0,0.0,0.0,52.00674355775118,0.1,0.0,0.0,0.0,0.0,450.0,982.5,0.0,0.0,83.915,0.788,84.703,15.009,0.961,83.742,emon,0.822,0.722,47.3,22.0,2.15
2026-09-17 21:23:03.717,15.2,0,98,6;92;98;3;0;2;0;8;0;0;0;20;2;0;0;12,970,4729,4573;4723;4729;4729;1807;2976;1842;2501;1808;1568;1969;2458;970;1024;996;1076,0.5,0.0,987.1,0,0,0,0,0,0.0,0,0,0,0,0,0,0,0,0.0,0,0,0,0,0,0.0,0.0,0.0,0,0,0,85.1,22.52,0.01,1.56,31.32,16.3,63.4,98.35261154174805,0.5321118235588074,18.278989791870117,14.713094711303711,6.5104475021362305,1199.0,0.0,0.0,0.0,0.0,50.140948712825775,0.1,0.0,0.0,0.0,0.0,450.0,981.8,0.0,0.0,83.915,0.788,84.703,15.009,0.961,83.742,emon,0.822,0.722,47.3,22.0,2.15
2026-09-17 21:23:04.718,15.5,2,95,11;83;95;3;3;2;2;17;2;2;2;16;2;3;2;6,942,4729,4727;4725;4729;4728;2978;3213;3103;2591;2811;2026;1947;2435;1007;990;942;1080,0.9,0.0,986.9,0,0,0,0,0,0.0,0,0,0,0,0,0,0,0,0.0,0,0,0,0,0,0.0,0.0,0.0,0,0,0,86.1,22.52,0.01,1.56,31.32,16.3,63.4,98.65466022491455,1.3571008306462318,21.24916922301054,17.780012351460755,2.2686906706076115,1199.0,0.0,0.0,0.0,0.0,50.28600746951997,0.0,0.0,0.0,0.0,0.0,450.0,987.1,0.0,0.0,83.915,0.788,84.703,15.009,0.961,83.742,emon,0.822,0.722,47.3,22.0,2.15
2026-09-17 21:23:05.718,18.7,2,98,19;85;98;8;3;5;6;22;5;9;2;17;8;2;3;8,1909,4724,4719;4718;4724;4674;3160;3409;3249;2719;3373;3424;3375;2616;2537;2456;2789;1909,0.9,0.0,986.9,0,0,0,0,0,0.0,0,0,0,0,0,0,0,0,0.0,0,0,0,0,0,0.0,0.0,0.0,0,0,0,82.1,0.0,0.0,0.0,0.0,16.4,63.4,96.36486689249675,0.40781304240226746,11.571442445119223,5.476770679155986,2.240904172261556,886.5,0.0,0.0,0.0,0.0,50.30463653802872,0.1,0.0,0.0,0.0,0.0,450.0,980.6,0.0,0.0,83.915,0.788,84.703,15.009,0.961,83.742,emon,0.822,0.722,47.3,22.0,2.15
2026-09-17 21:23:06.719,15.3,0,97,14;82;97;0;0;2;2;17;2;0;0;28;0;0;0;2,915,4720,4693;4688;4692;4720;2281;2645;2975;2559;2408;2037;2610;2877;996;915;996;1185,0.5,0.0,982.0,0,0,0,0,0,0.0,0,0,0,0,0,0,0,0,0.0,0,0,0,0,0,0.0,0.0,0.0,0,0,0,78.1,0.0,0.0,0.0,0.0,16.4,63.4,97.88566618699294,1.0998844673427253,19.865128425451424,16.92790066794707,2.3240119356375475,1118.2307692307693,0.0,0.0,0.0,0.0,50.212960957334595,0.0,0.0,0.0,0.0,0.0,450.0,982.0,0.0,0.0,83.915,0.788,84.703,15.009,0.961,83.742,emon,0.822,0.722,47.3,22.0,2.15
2026-09-17 21:23:07.719,14.7,0,97,8;86;97;0;0;3;0;19;0;0;0;14;0;0;0;9,967,4727,4712;4725;4727;4725;1834;2433;2390;2559;3100;2313;2039;2576;1068;1009;967;1091,1.1,0.0,985.1,0,0,0,0,0,0.0,0,0,0,0,0,0,0,0,0.0,0,0,0,0,0,0.0,0.0,0.0,0,0,0,82.1,0.0,0.0,0.0,0.0,16.3,63.4,97.95573673691861,1.0059570962086666,20.384040926778038,17.91133636617383,2.931672250570426,1052.4883720930231,0.0,0.0,0.0,0.0,53.683028390934304,0.1,0.0,0.0,0.0,0.0,450.0,985.1,0.0,0.0,83.915,0.788,84.703,15.009,0.961,83.742,emon,0.822,0.722,47.3,22.0,2.15
2026-09-17 21:23:08.720,14.1,0,95,14;83;95;0;0;0;0;16;0;0;0;16;0;0;2;0,920,4729,4729;4720;4722;4728;1456;2915;2946;2401;1852;1606;1607;2423;1021;955;920;1579,0.8,0.0,987.2,0,0,0,0,0,0.0,0,0,0,0,0,0,0,0,0.0,0,0,0,0,0,0.0,0.0,0.0,0,0,0,82.1,0.0,0.0,0.0,0.0,16.4,63.4,99.42839177449544,1.1611552944199905,20.5287127494812,19.269614626963932,0.9622092520197233,1162.888888888889,0.0,0.0,0.0,0.0,56.083858932058014,0.1,0.0,0.0,0.0,0.0,450.0,987.2,0.0,0.0,2.964,0.788,3.752,54.587,3.494,0.258,emon,0.849,0.51,28.3,13.4,2.112
2026-09-17 21:23:09.720,14.6,0,95,9;88;95;5;0;0;0;14;0;0;0;12;2;2;0;6,938,4729,4729;4724;4726;4729;1969;1924;2594;2456;1151;1385;1290;2319;1064;938;947;1141,1.1,0.0,991.4,0,0,0,0,0,0.0,0,0,0,0,0,0,0,0,0.0,0,0,0,0,0,0.0,0.0,0.0,0,0,0,82.1,26.59,0.01,0.4,30.84,16.4,63.4,98.72242840853605,1.281713899140331,20.17857561870055,17.052773167463865,1.5712620265443216,1199.0,0.0,0.0,0.0,0.0,54.87423684583469,0.1,0.0,0.0,0.0,0.0,450.0,991.4,0.0,0.0,2.964,0.788,3.752,54.587,3.494,0.258,emon,0.849,0.51,28.3,13.4,2.112
2026-09-17 21:23:10.721,16.6,2,98,5;97;98;5;6;8;3;6;3;2;2;19;2;2;2;8,869,4728,4712;4718;4719;4728;1700;2879;1757;2048;1727;1768;1709;2571;881;869;873;1209,0.1,0.0,990.1,0,0,0,0,0,0.0,0,0,0,0,0,0,0,0,0.0,0,0,0,0,0,0.0,0.0,0.0,0,0,0,84.1,26.59,0.01,0.4,30.84,16.4,63.4,99.15281794621394,1.008483392902865,17.672759432059067,15.327047368081717,1.9341247039735139,1222.076923076923,0.0,0.0,0.0,0.0,54.2217364145013,0.1,0.0,0.0,0.0,0.0,450.0,990.1,0.0,0.0,2.964,0.788,3.752,54.587,3.494,0.258,emon,0.849,0.51,28.3,13.4,2.112
2026-09-17 21:23:11.721,14.2,0,97,11;85;97;2;0;0;0;12;0;0;0;16;0;0;0;6,888,4729,4726;4727;4727;4729;2412;2343;2649;2443;2700;2597;1912;2419;1196;1041;888;1398,0.0,0.0,988.0,0,0,0,0,0,0.0,0,0,0,0,0,0,0,0,0.0,0,0,0,0,0,0.0,0.0,0.0,0,0,0,82.1,26.59,0.01,0.4,30.84,16.4,63.4,97.84101022992816,1.0782750395924918,18.451072803565435,15.50388938454645,2.343115860596299,1174.0,0.0,0.0,0.0,0.0,50.25246709319098,0.0,0.0,0.0,0.0,0.0,450.0,988.0,0.0,0.0,2.964,0.788,3.752,54.587,3.494,0.258,emon,0.849,0.51,28.3,13.4,2.112
2026-09-17 21:23:12.722,13.9,0,100,8;89;100;0;0;0;0;14;0;0;0;9;0;0;0;2,881,4729,4729;4725;4729;4729;2649;2267;1738;2437;2344;2419;1907;2141;1656;921;881;1090,0.0,0.0,984.9,0,0,0,0,0,0.0,0,0,0,0,0,0,0,0,0.0,0,0,0,0,0,0.0,0.0,0.0,0,0,0,83.1,26.59,0.01,0.4,30.84,16.3,63.4,98.322346440068,1.0037297623025045,19.01743252189071,16.1842268926126,1.8097982493194718,1054.5555555555557,0.0,0.0,0.0,0.0,52.208537081325495,0.1,0.0,0.0,0.0,0.0,450.0,984.9,0.0,0.0,2.964,0.788,3.752,54.587,3.494,0.258,emon,0.849,0.51,28.3,13.4,2.112
2026-09-17 21:23:13.722,14.6,0,95,29;72;95;3;6;0;0;6;6;0;2;10;0;0;0;5,919,4729,4719;4724;4726;4729;2423;2740;2130;1923;2553;2552;1446;2246;1024;966;919;1086,0.0,0.0,984.9,0,0,0,0,0,0.0,0,0,0,0,0,0,0,0,0.0,0,0,0,0,0,0.0,0.0,0.0,0,0,0,81.1,26.38,0.01,0.4,30.52,16.5,63.4,98.322346440068,1.0037297623025045,19.01743252189071,16.1842268926126,1.8097982493194718,1054.5555555555557,0.0,0.0,0.0,0.0,52.208537081325495,0.0,0.0,0.0,0.0,0.0,450.0,984.9,0.0,0.0,2.964,0.788,3.752,54.587,3.494,0.258,emon,0.849,0.51,28.3,13.4,2.112
2026-09-17 21:23:14.723,14.0,0,96,77;15;96;2;14;0;0;0;19;0;0;0;2;0;0;0,955,4729,4724;4714;4728;4729;2158;1865;2350;3192;2549;1408;2094;2282;1209;955;973;1244,0.0,0.0,984.9,0,0,0,0,0,0.0,0,0,0,0,0,0,0,0,0.0,0,0,0,0,0,0.0,0.0,0.0,0,0,0,81.1,26.38,0.01,0.4,30.52,16.4,63.4,98.19578216552735,1.2865510675683618,21.628746657371522,19.072102056145667,3.4039515609759836,1095.0,0.0,0.0,0.0,0.0,52.281189144849776,0.0,0.0,0.0,0.0,0.0,450.0,984.9,0.0,0.0,2.964,0.788,3.752,54.587,3.494,0.258,emon,0.849,0.51,28.3,13.4,2.112
2026-09-17 21:23:15.724,14.7,0,94,69;12;94;12;25;3;2;0;17;0;0;0;0;0;0;0,918,4729,4696;4725;4724;4729;2889;3112;1670;2662;2172;3158;3345;2250;1056;1043;918;1086,0.0,0.0,984.9,0,0,0,0,0,0.0,0,0,0,0,0,0,0,0,0.0,0,0,0,0,0,0.0,0.0,0.0,0,0,0,82.1,26.38,0.01,0.4,30.52,16.4,63.4,98.15135049819946,1.4761055510607548,20.88754589110613,17.670853530988097,1.740286783722695,1077.125,0.0,0.0,0.0,0.0,50.19425216317177,0.0,0.0,0.0,0.0,0.0,450.0,984.9,0.0,0.0,2.964,0.788,3.752,54.587,3.494,0.258,emon,0.849,0.51,28.3,13.4,2.112
2026-09-17 21:23:16.724,13.6,0,88,30;6;88;0;78;2;0;0;11;0;0;0;0;0;0;3,938,4729,4444;4582;4715;4729;3403;2983;3323;3116;2262;2880;2022;1530;1069;991;938;1077,0.1,0.0,984.9,0,0,0,0,0,0.0,0,0,0,0,0,0,0,0,0.0,0,0,0,0,0,0.0,0.0,0.0,0,0,0,67.1,26.38,0.01,0.4,30.52,16.4,63.4,95.89607938130696,0.31929883485039073,10.966789960861206,4.290484388669332,1.8347346981366475,1019.8333333333334,0.0,0.0,0.0,0.0,50.29715623458227,0.1,0.0,0.0,0.0,0.0,450.0,979.6,0.0,0.0,2.964,0.788,3.752,54.587,3.494,0.258,emon,0.849,0.51,28.3,13.4,2.112
2026-09-17 21:23:17.725,14.5,0,86,39;10;81;2;86;0;0;0;12;0;0;0;2;0;0;0,937,4729,4360;4561;4683;4729;3398;3266;3109;3289;1960;2357;2270;2281;1005;946;937;1063,0.5,0.0,984.9,0,0,0,0,0,0.0,0,0,0,0,0,0,0,0,0.0,0,0,0,0,0,0.0,0.0,0.0,0,0,0,77.1,25.23,0.01,0.4,29.34,16.2,63.4,98.13699613298688,1.5913931130032455,21.91298703636442,19.143250775124347,1.7870630761275865,1013.2857142857143,0.0,0.0,0.0,0.0,50.24915791728667,0.0,0.0,0.0,0.0,0.0,450.0,984.9,0.0,0.0,2.964,0.788,3.752,54.587,3.494,0.258,emon,0.849,0.51,28.3,13.4,2.112
2026-09-17 21:23:18.725,76.9,67,100,95;74;100;72;95;73;70;72;88;68;73;69;77;67;69;67,2949,4725,4713;4725;4722;4725;3440;3449;3451;3451;3425;3448;3445;3449;2949;2991;2989;2978,0.5,0.0,984.9,0,0,0,0,0,0.0,0,0,0,0,0,0,0,0,0.0,0,0,0,0,0,0.0,0.0,0.0,0,0,0,83.1,25.23,0.01,0.4,29.34,24.2,63.4,98.24841979055694,1.053108057120081,18.93609411788709,16.459903704397608,2.587866971145779,1120.2121212121212,0.0,0.0,0.0,0.0,51.84391254638181,0.1,0.0,0.0,0.0,0.0,450.0,984.9,0.0,0.0,2.964,0.788,3.752,54.587,3.494,0.258,emon,0.849,0.51,28.3,13.4,2.112
2026-09-17 21:23:19.725,15.9,2,91,28;14;91;3;80;3;2;2;14;5;2;2;3;2;2;5,1760,4725,4518;4676;4700;4725;3388;3335;3399;3152;2562;3347;3334;3105;2495;2769;2930;1760,0.7,0.0,984.9,0,0,0,0,0,0.0,0,0,0,0,0,0,0,0,0.0,0,0,0,0,0,0.0,0.0,4342.3,0,0,0,78.1,25.23,0.01,0.4,29.34,24.1,63.4,98.5451545715332,0.44358991272747517,19.314770251512527,17.002293843775988,0.871942362136906,849.0,0.0,0.0,0.0,0.0,50.19547291100025,0.1,0.0,0.0,0.0,0.0,450.0,985.9,0.0,0.0,2.964,0.788,3.752,54.587,3.494,0.258,emon,0.849,0.51,28.3,13.4,2.112
2026-09-17 21:23:20.726,17.9,0,97,62;33;97;3;34;8;0;2;24;5;0;0;6;2;2;9,834,4731,4697;4722;4727;4731;3041;2917;3083;3100;2539;3250;1591;1497;1851;993;834;1070,0.6,0.0,985.9,0,0,0,0,0,0.0,0,0,0,0,0,0,0,0,0.0,0,0,0,0,0,0.0,0.0,4342.3,0,0,0,86.1,25.23,0.01,0.4,29.34,24.1,63.4,99.17648615155902,0.9587833189205932,17.883826502731868,15.944496796599456,1.191207325992374,1152.5714285714287,0.0,0.0,0.0,0.0,53.90771571493575,0.0,0.0,0.0,0.0,0.0,450.0,985.9,0.0,0.0,1.836,0.974,2.81,37.485,2.399,0.411,emon,0.894,0.115,45.4,21.2,2.143
2026-09-17 21:23:21.726,15.0,0,97,88;11;97;2;12;3;0;0;15;2;0;0;2;0;0;9,991,4729,4728;4729;4728;4729;2276;3079;1477;1698;2513;2839;2925;2193;1087;1038;991;1068,0.9,0.0,985.9,0,0,0,0,0,0.0,0,0,0,0,0,0,0,0,0.0,0,0,0,0,0,0.0,0.0,4342.3,0,0,0,90.1,30.6,0.01,0.37,35.05,24.0,63.4,98.80027940538194,0.8251981335019486,16.579932467805016,13.672735116548008,1.5373436495040853,1119.8333333333333,0.0,0.0,0.0,0.0,53.10915647736854,0.1,0.0,0.0,0.0,0.0,450.0,985.9,0.0,0.0,1.836,0.974,2.81,37.485,2.399,0.411,emon,0.894,0.115,45.4,21.2,2.143
2026-09-17 21:23:22.726,14.8,0,95,95;5;75;20;22;0;0;0;14;2;0;0;0;0;0;3,920,4729,4728;4729;4729;4729;2500;2274;2396;1989;2014;1799;2890;2693;1003;972;920;1058,0.9,0.0,985.9,0,0,0,0,0,0.0,0,0,0,0,0,0,0,0,0.0,0,0,0,0,0,0.0,0.0,4342.3,0,0,0,90.1,30.6,0.01,0.37,35.05,24.1,63.4,97.38507690429688,1.1750025011599063,20.828304445743562,17.9601875141263,2.195379197577131,1039.0,0.0,0.0,0.0,0.0,50.24592122659087,0.1,0.0,0.0,0.0,0.0,450.0,985.9,0.0,0.0,1.836,0.974,2.81,37.485,2.399,0.411,emon,0.894,0.115,45.4,21.2,2.143
2026-09-17 21:23:23.726,14.0,0,91,91;6;81;22;6;0;0;2;14;0;0;0;0;0;0;3,893,4729,4724;4706;4728;4729;2119;2032;2218;3041;2556;2038;1717;1956;1098;893;939;1069,0.6,0.0,985.9,0,0,0,0,0,0.0,0,0,0,0,0,0,0,0,0.0,0,0,0,0,0,0.0,0.0,4342.3,0,0,0,87.1,30.6,0.01,0.37,35.05,24.1,63.4,97.10774993896484,1.1546664535999298,22.332520484924316,20.543405532836914,7.340597867965698,1199.0,0.0,0.0,0.0,0.0,50.29061716794968,0.0,0.0,0.0,0.0,0.0,450.0,985.9,0.0,0.0,1.836,0.974,2.81,37.485,2.399,0.411,emon,0.894,0.115,45.4,21.2,2.143
2026-09-17 21:23:24.727,14.7,0,86,74;23;86;11;12;0;0;0;16;0;0;0;2;2;0;9,972,4729,4719;4724;4728;4729;2350;1848;2397;2843;2607;2862;1399;1605;1668;1385;972;1085,0.5,0.0,985.9,0,0,0,0,0,0.0,0,0,0,0,0,0,0,0,0.0,0,0,0,0,0,0.0,0.0,4342.3,0,0,0,87.1,30.6,0.01,0.37,35.05,24.1,63.4,97.98927208685106,1.0920748894793852,18.65016148167272,16.257459929873868,2.296723491579835,995.7741935483871,0.0,0.0,0.0,0.0,51.984224689102945,0.1,0.0,0.0,0.0,0.0,450.0,985.9,0.0,0.0,1.836,0.974,2.81,37.485,2.399,0.411,emon,0.894,0.115,45.4,21.2,2.143
2026-09-17 21:23:25.727,15.2,0,97,84;16;97;0;20;0;0;0;18;2;0;0;0;0;0;6,975,4729,4716;4715;4726;4729;2285;2114;2082;2823;2643;3229;1961;1982;975;999;1042;1080,0.4,0.0,987.2,0,0,0,0,0,0.0,0,0,0,0,0,0,0,0,0.0,0,0,0,0,0,0.0,0.0,4342.3,0,0,0,84.1,31.37,0.01,0.35,34.43,24.1,63.4,95.31968371073405,0.733515610297521,16.135494867960613,13.182385444641113,3.6932645241419473,1090.6666666666667,0.0,0.0,0.0,0.0,50.264679392178856,0.1,0.0,0.0,0.0,0.0,450.0,987.2,0.0,0.0,1.836,0.974,2.81,37.485,2.399,0.411,emon,0.894,0.115,45.4,21.2,2.143
2026-09-17 21:23:26.727,14.2,0,98,82;12;98;0;20;2;0;0;11;0;0;0;2;0;0;0,983,4726,4723;4712;4726;4508;2474;2924;2181;3136;2756;1815;2314;1828;983;1016;1016;1083,0.0,0.0,984.9,0,0,0,0,0,0.0,0,0,0,0,0,0,0,0,0.0,0,0,0,0,0,0.0,0.0,4342.3,0,0,0,82.1,31.37,0.01,0.35,34.43,24.1,63.4,97.44920476277669,1.25268812236997,21.63568469385306,19.07588627561927,2.902018886578541,1057.3333333333333,0.0,0.0,0.0,0.0,50.26621258196732,0.0,0.0,0.0,0.0,0.0,450.0,984.9,0.0,0.0,1.836,0.974,2.81,37.485,2.399,0.411,emon,0.894,0.115,45.4,21.2,2.143
2026-09-17 21:23:27.728,14.2,0,97,72;20;97;0;17;3;0;0;16;2;0;0;2;0;0;0,960,4723,4722;4723;4714;4722;2290;2867;2470;2246;2660;2428;2333;1904;1029;1000;960;1087,0.0,0.0,988.8,0,0,0,0,0,0.0,0,0,0,0,0,0,0,0,0.0,0,0,0,0,0,0.0,0.0,4342.3,0,0,0,81.1,31.37,0.01,0.35,34.43,24.1,63.4,97.92972791955826,0.9126607505604625,16.867100111981657,13.895869208143113,2.3656658917774465,1011.7659574468086,0.0,0.0,0.0,0.0,51.398223417553496,0.1,0.0,0.0,0.0,0.0,450.0,988.8,0.0,0.0,1.836,0.974,2.81,37.485,2.399,0.411,emon,0.894,0.115,45.4,21.2,2.143
2026-09-17 21:23:28.728,14.6,0,95,79;14;95;5;14;2;0;0;20;0;0;0;2;0;0;3,893,4729,4724;4728;4727;4729;2392;2985;1403;1214;2765;1325;2550;1512;1234;996;893;1084,0.0,0.0,988.8,0,0,0,0,0,0.0,0,0,0,0,0,0,0,0,0.0,0,0,0,0,0,0.0,0.0,4342.3,0,0,0,82.1,31.37,0.01,0.35,34.43,24.1,63.4,97.22770027887253,0.8680457467035878,19.511393232004984,17.089765990773838,3.1016503256036057,1068.047619047619,0.0,0.0,0.0,0.0,52.73552665717545,0.1,0.0,0.0,0.0,0.0,450.0,988.8,0.0,0.0,1.836,0.974,2.81,37.485,2.399,0.411,emon,0.894,0.115,45.4,21.2,2.143
2026-09-17 21:23:29.729,14.1,0,91,78;22;91;5;16;0;0;0;11;0;0;0;2;0;0;3,947,4729,4720;4728;4728;4729;2401;1484;2403;2266;2346;2374;1743;1399;999;947;958;1083,0.0,0.0,987.8,0,0,0,0,0,0.0,0,0,0,0,0,0,0,0,0.0,0,0,0,0,0,0.0,0.0,4342.3,0,0,0,81.1,26.66,0.01,0.4,30.77,24.2,63.4,98.37828608921596,0.9048765839210579,18.568340837955475,16.123599768394516,2.6624114579698515,1171.6190476190477,0.0,0.0,0.0,0.0,52.699221478154264,0.1,0.0,0.0,0.0,0.0,450.0,987.8,0.0,0.0,1.836,0.974,2.81,37.485,2.399,0.411,emon,0.894,0.115,45.4,21.2,2.143
2026-09-17 21:23:30.729,14.5,0,97,77;22;97;2;9;3;0;0;14;2;0;0;2;2;0;3,887,4728,4722;4728;4728;4728;2074;1573;2461;1769;2636;2665;1665;1791;1688;887;993;1083,0.0,0.0,987.8,0,0,0,0,0,0.0,0,0,0,0,0,0,0,0,0.0,0,0,0,0,0,0.0,0.0,4342.3,0,0,0,83.1,26.66,0.01,0.4,30.77,24.2,63.4,97.98088598251343,1.3627727385610342,20.854478523135185,17.096537516452372,1.4637215378170367,1036.5,0.0,0.0,0.0,0.0,50.23784852679819,0.0,0.0,0.0,0.0,0.0,450.0,987.8,0.0,0.0,1.836,0.974,2.81,37.485,2.399,0.411,emon,0.894,0.115,45.4,21.2,2.143
2026-09-17 21:23:31.730,13.8,0,92,74;25;92;2;11;3;0;0;11;0;0;0;0;0;0;3,1052,4729,4726;4694;4728;4729;2402;2718;1352;1718;2216;2294;1777;1479;1532;1052;1073;1090,0.2,0.0,990.1,0,0,0,0,0,0.0,0,0,0,0,0,0,0,0,0.0,0,0,0,0,0,0.0,0.0,4342.3,0,0,0,84.1,26.66,0.01,0.4,30.77,24.0,63.4,98.32844604492188,1.0779979740455747,17.609324550628664,14.921287611722946,1.4909334016474896,1017.0,0.0,0.0,0.0,0.0,52.38436953485012,0.1,0.0,0.0,0.0,0.0,450.0,990.1,0.0,0.0,1.836,0.974,2.81,37.485,2.399,0.411,emon,0.894,0.115,45.4,21.2,2.143
2026-09-17 21:23:32.730,13.8,0,98,75;19;98;0;8;2;0;0;16;0;0;0;0;0;0;3,893,4729,4724;4722;4728;4729;2371;2959;3242;2545;2420;3242;2850;2954;1806;1064;893;1063,0.2,0.0,990.1,0,0,0,0,0,0.0,0,0,0,0,0,0,0,0,0.0,0,0,0,0,0,0.0,0.0,4342.3,0,0,0,85.1,26.66,0.01,0.4,30.77,24.1,63.4,97.50172996520996,1.3500520261004567,21.175246849656105,17.821742289699614,2.069831588443776,1117.75,0.0,0.0,0.0,0.0,50.23737902380526,0.0,0.0,0.0,0.0,0.0,450.0,990.1,0.0,0.0,2.078,1.035,3.112,40.848,2.614,0.498,emon,0.913,0.782,29.4,13.7,2.155
2026-09-17 21:23:33.730,15.1,0,88,34;15;69;19;14;0;0;0;88;0;0;0;3;0;0;0,986,4728,4472;4638;4707;4728;2798;2887;2853;1957;3400;2820;3462;2979;2398;986;1010;1093,0.7,0.0,990.1,0,0,0,0,0,0.0,0,0,0,0,0,0,0,0,0.0,0,0,0,0,0,0.0,0.0,4342.3,0,0,0,83.1,28.71,0.01,0.38,32.43,24.1,63.4,99.1096556527274,0.8535164966514068,18.69709233726774,16.2874468027481,1.4663690841656976,1199.0,0.0,0.0,0.0,0.0,53.91746615139501,0.1,0.0,0.0,0.0,0.0,450.0,990.1,0.0,0.0,2.078,1.035,3.112,40.848,2.614,0.498,emon,0.913,0.782,29.4,13.7,2.155
2026-09-17 21:23:34.731,13.9,0,97,67;16;97;0;11;0;0;0;32;0;0;0;0;0;0;0,933,4728,4696;4725;4720;4728;2330;2120;2859;2239;3155;2713;2730;2387;1021;998;933;1050,0.9,0.0,985.9,0,0,0,0,0,0.0,0,0,0,0,0,0,0,0,0.0,0,0,0,0,0,0.0,0.0,4342.3,0,0,0,90.1,28.71,0.01,0.38,32.43,24.1,63.4,95.9580888748169,0.3269236476626247,13.683691372474035,8.436835497617722,1.8241097961242,1112.5416666666667,0.0,0.0,0.0,0.0,50.271806648001075,0.1,0.0,0.0,0.0,0.0,450.0,980.6,0.0,0.0,2.078,1.035,3.112,40.848,2.614,0.498,emon,0.913,0.782,29.4,13.7,2.155
2026-09-17 21:23:35.731,14.3,0,94,80;13;94;6;23;0;0;0;12;0;0;0;0;0;0;0,1077,4729,4726;4726;4729;4729;2607;1702;2449;2410;2559;1804;1440;2056;1614;1078;1091;1077,0.6,0.0,983.5,0,0,0,0,0,0.0,0,0,0,0,0,0,0,0,0.0,0,0,0,0,0,0.0,0.0,4342.3,0,0,0,88.1,28.71,0.01,0.38,32.43,24.1,63.4,97.78092466081891,0.9427480612482343,20.781997271946498,17.721224342073715,5.120862792645182,1199.0,0.0,0.0,0.0,0.0,50.22298661512988,0.0,0.0,0.0,0.0,0.0,450.0,983.5,0.0,0.0,2.078,1.035,3.112,40.848,2.614,0.498,emon,0.913,0.782,29.4,13.7,2.155
2026-09-17 21:23:36.732,14.5,0,94,77;18;94;3;16;0;0;0;14;2;0;0;0;0;0;9,947,4729,4721;4725;4728;4729;2510;2312;2726;2185;2620;1403;1201;2217;1007;978;947;1074,0.9,0.0,983.5,0,0,0,0,0,0.0,0,0,0,0,0,0,0,0,0.0,0,0,0,0,0,0.0,0.0,4342.3,0,0,0,84.1,28.71,0.01,0.38,32.43,24.1,63.4,96.74379501342773,0.7194304019212723,17.256109714508057,14.799702453613282,4.698601651191711,1134.0,0.0,0.0,0.0,0.0,50.287174604833126,0.1,0.0,0.0,0.0,0.0,450.0,983.5,0.0,0.0,2.078,1.035,3.112,40.848,2.614,0.498,emon,0.913,0.782,29.4,13.7,2.155
2026-09-17 21:23:37.732,14.2,0,95,86;8;95;2;16;2;0;0;14;0;2;0;0;0;0;3,953,4729,4720;4728;4726;4729;2384;2814;1936;2891;2622;1697;1043;1514;1143;1002;953;1076,0.9,0.0,983.7,0,0,0,0,0,0.0,0,0,0,0,0,0,0,0,0.0,0,0,0,0,0,0.0,0.0,4342.3,0,0,0,85.1,29.4,0.01,0.35,32.34,24.1,63.4,97.14343176947699,0.3057223449771603,11.50555083486769,5.900842118594381,2.091189139212171,1065.6666666666667,0.0,0.0,0.0,0.0,50.286141622397636,0.1,0.0,0.0,0.0,0.0,450.0,983.7,0.0,0.0,2.078,1.035,3.112,40.848,2.614,0.498,emon,0.913,0.782,29.4,13.7,2.155
2026-09-17 21:23:38.733,14.2,0,92,86;12;92;3;11;0;0;0;20;0;0;0;0;0;0;3,926,4729,4723;4717;4694;4729;2366;1308;2373;2614;2646;1572;1525;1413;1030;1010;926;1083,1.1,0.0,980.8,0,0,0,0,0,0.0,0,0,0,0,0,0,0,0,0.0,0,0,0,0,0,0.0,0.0,4342.3,0,0,0,82.1,29.4,0.01,0.35,32.34,24.1,63.4,96.98877007620675,0.44549445036266533,13.52418419292995,8.330609289663178,2.2603531096662794,1031.142857142857,0.0,0.0,0.0,0.0,50.31377935409546,0.1,0.0,0.0,0.0,0.0,450.0,980.8,0.0,0.0,2.078,1.035,3.112,40.848,2.614,0.498,emon,0.913,0.782,29.4,13.7,2.155
2026-09-17 21:23:39.734,14.1,0,92,83;12;92;2;19;0;0;0;12;2;0;0;0;0;0;3,1009,4729,4726;4714;4726;4729;2719;2186;1233;1991;2240;1429;2588;2187;1037;1009;1024;1084,0.7,0.0,982.2,0,0,0,0,0,0.0,0,0,0,0,0,0,0,0,0.0,0,0,0,0,0,0.0,0.0,4342.3,0,0,0,81.1,29.4,0.01,0.35,32.34,24.1,63.4,97.94329261779785,0.5522386282682419,12.960957050323486,9.13162112236023,2.991449475288391,874.0,0.0,0.0,0.0,0.0,50.256411112844944,0.1,0.0,0.0,0.0,0.0,450.0,982.2,0.0,0.0,2.078,1.035,3.112,40.848,2.614,0.498,emon,0.913,0.782,29.4,13.7,2.155
2026-09-17 21:23:40.734,15.0,0,97,95;8;97;3;17;2;0;0;11;0;2;0;0;0;0;6,940,4729,4725;4706;4728;4729;2904;3014;1440;1424;1989;2037;3009;1873;1006;940;987;1080,0.6,0.0,983.9,0,0,0,0,0,0.0,0,0,0,0,0,0,0,0,0.0,0,0,0,0,0,0.0,0.0,4342.3,0,0,0,82.1,27.3,0.01,0.4,31.35,24.1,63.4,98.58248138427734,0.4773290455341339,16.199398040771484,13.097616195678711,5.503994941711426,1199.0,0.0,0.0,0.0,0.0,50.15940734744072,0.1,0.0,0.0,0.0,0.0,450.0,983.9,0.0,0.0,2.078,1.035,3.112,40.848,2.614,0.498,emon,0.913,0.782,29.4,13.7,2.155
2026-09-17 21:23:41.734,14.7,0,98,82;22;98;0;14;3;0;0;12;0;0;0;0;0;0;3,932,4729,4724;4728;4728;4729;2612;3116;1882;1577;2341;2819;2842;3141;999;965;932;1084,0.3,0.0,983.9,0,0,0,0,0,0.0,0,0,0,0,0,0,0,0,0.0,0,0,0,0,0,0.0,0.0,4342.3,0,0,0,84.1,27.3,0.01,0.4,31.35,24.1,63.4,97.33451723584942,0.9095694134377089,17.122506246847266,14.38336927283044,3.3355915825996623,1084.2941176470588,0.0,0.0,0.0,0.0,51.26189542401071,0.1,0.0,0.0,0.0,0.0,450.0,983.9,0.0,0.0,2.078,1.035,3.112,40.848,2.614,0.498,emon,0.913,0.782,29.4,13.7,2.155
2026-09-17 21:23:42.734,13.8,0,96,92;6;96;2;15;0;0;0;9;0;0;0;0;0;0;0,961,4729,4720;4727;4728;4729;2591;1792;1451;1454;2508;2005;1697;1531;961;1016;986;1081,0.1,0.0,986.0,0,0,0,0,0,0.0,0,0,0,0,0,0,0,0,0.0,0,0,0,0,0,0.0,0.0,4342.3,0,0,0,86.1,27.3,0.01,0.4,31.35,24.0,63.4,97.71635981968471,0.9909769808208304,19.51897513440677,16.868583141693048,4.028119850346619,1175.7857142857142,0.0,0.0,0.0,0.0,50.217964245804716,0.0,0.0,0.0,0.0,0.0,450.0,986.0,0.0,0.0,2.078,1.035,3.112,40.848,2.614,0.498,emon,0.913,0.782,29.4,13.7,2.155
2026-09-17 21:23:43.734,15.1,0,95,62;33;95;2;8;6;0;0;16;12;0;0;2;0;0;6,993,4727,4715;4713;4727;4717;2612;2742;2749;3001;2681;2833;3373;3109;993;1018;1021;1051,0.2,0.0,986.0,0,0,0,0,0,0.0,0,0,0,0,0,0,0,0,0.0,0,0,0,0,0,0.0,0.0,4342.3,0,0,0,86.1,27.3,0.01,0.4,31.35,24.1,63.4,97.86347579956055,0.7299205490698417,17.55169913570086,14.334006898850202,2.1511781701042008,1029.0,0.0,0.0,0.0,0.0,52.00141194984317,0.1,0.0,0.0,0.0,0.0,450.0,986.0,0.0,0.0,2.078,1.035,3.112,40.848,2.614,0.498,emon,0.913,0.782,29.4,13.7,2.155
2026-09-17 21:23:44.735,16.0,0,86,25;74;86;8;0;19;8;0;0;25;3;0;3;5;0;0,981,4727,4724;4717;4727;4719;2723;2549;3076;2935;2383;2560;3070;3167;987;2155;981;1077,0.6,0.0,980.8,0,0,0,0,0,0.0,0,0,0,0,0,0,0,0,0.0,0,0,0,0,0,0.0,0.0,4342.3,0,0,0,88.1,29.94,0.01,0.37,33.43,24.1,63.4,97.50759666844418,0.5791098460751144,15.876859498651404,11.877482136221309,1.8928608814205385,1134.5263157894738,0.0,0.0,0.0,0.0,51.63821144284386,0.1,0.0,0.0,0.0,0.0,450.0,980.8,0.0,0.0,1.728,1.001,2.729,33.629,2.152,0.577,emon,0.92,0.838,29.1,14.4,2.017
2026-09-17 21:23:45.735,13.6,0,98,14;82;98;3;0;8;2;0;0;11;0;0;0;0;0;0,1043,4729,4729;4724;4728;4729;1674;2249;2847;2607;1698;2432;1602;1489;1052;1043;1051;1059,0.6,0.0,980.8,0,0,0,0,0,0.0,0,0,0,0,0,0,0,0,0.0,0,0,0,0,0,0.0,0.0,4342.3,0,0,0,92.1,29.94,0.01,0.37,33.43,24.1,63.4,98.39003701045596,1.0658349377135266,19.366174611552008,16.507443580647994,2.342628743756434,1157.6206896551723,0.0,0.0,0.0,0.0,52.049566899908,0.1,0.0,0.0,0.0,0.0,450.0,986.1,0.0,0.0,1.728,1.001,2.729,33.629,2.152,0.577,emon,0.92,0.838,29.1,14.4,2.017
2026-09-17 21:23:46.736,14.8,0,89,6;89;88;3;0;24;0;0;0;19;0;0;0;3;0;5,906,4729,4724;4721;4727;4729;2682;2559;2863;2025;2610;2486;1665;3186;906;1035;985;1062,0.0,0.0,986.1,0,0,0,0,0,0.0,0,0,0,0,0,0,0,0,0.0,0,0,0,0,0,0.0,0.0,4342.3,0,0,0,87.1,29.94,0.01,0.37,33.43,24.1,63.4,97.48563479305653,0.558975959416437,14.360405135690495,10.091735358318585,2.215688130745057,1010.2359550561798,0.0,0.0,0.0,0.0,52.04342203846808,0.1,0.0,0.0,0.0,0.0,450.0,981.9,0.0,0.0,1.728,1.001,2.729,33.629,2.152,0.577,emon,0.92,0.838,29.1,14.4,2.017
2026-09-17 21:23:47.736,14.1,0,96,14;86;96;2;0;9;3;0;0;14;2;0;0;2;0;0,1007,4729,4729;4721;4728;4729;1820;2287;3146;2888;1900;2477;3276;1453;1010;1007;1021;1071,0.2,0.0,981.9,0,0,0,0,0,0.0,0,0,0,0,0,0,0,0,0.0,0,0,0,0,0,0.0,0.0,4342.3,0,0,0,88.1,29.94,0.01,0.37,33.43,24.1,63.4,97.70698928833008,1.23084648901766,22.48611796985973,19.471185846762225,4.185855807080357,1199.0,0.0,0.0,0.0,0.0,50.23896403881636,0.0,0.0,0.0,0.0,0.0,450.0,983.6,0.0,0.0,1.728,1.001,2.729,33.629,2.152,0.577,emon,0.92,0.838,29.1,14.4,2.017
2026-09-17 21:23:48.736,14.3,0,80,9;54;80;2;0;11;2;0;0;69;0;0;0;0;0;3,1035,4727,4627;4598;4685;4727;2304;2210;1688;1561;3071;3353;2988;2998;1045;1035;1066;1079,0.5,0.0,983.6,0,0,0,0,0,0.0,0,0,0,0,0,0,0,0,0.0,0,0,0,0,0,0.0,0.0,4342.3,0,0,0,68.1,29.23,0.01,0.36,32.47,24.2,63.4,97.84572410583496,0.9258493676781654,19.74997797012329,17.02123889923096,4.2920858428813515,1101.5,0.0,0.0,0.0,0.0,50.21850022226572,0.1,0.0,0.0,0.0,0.0,450.0,983.6,0.0,0.0,1.728,1.001,2.729,33.629,2.152,0.577,emon,0.92,0.838,29.1,14.4,2.017
2026-09-17 21:23:49.737,14.1,0,97,5;36;97;0;0;8;2;0;0;73;0;0;0;2;0;3,863,4727,4675;4255;4712;4727;1419;2148;1438;1365;3476;3413;3452;3466;863;1059;928;1077,0.6,0.0,988.9,0,0,0,0,0,0.0,0,0,0,0,0,0,0,0,0.0,0,0,0,0,0,0.0,0.0,4342.3,0,0,0,58.1,29.23,0.01,0.36,32.47,24.2,63.4,98.01225916544597,1.2931515696562,18.340126713116963,15.504454234408009,1.6852592491001512,1124.0,0.0,0.0,0.0,0.0,55.90971456136968,0.0,0.0,0.0,0.0,0.0,450.0,988.9,0.0,0.0,1.728,1.001,2.729,33.629,2.152,0.577,emon,0.92,0.838,29.1,14.4,2.017
2026-09-17 21:23:50.737,14.0,0,95,13;30;95;0;0;8;0;0;0;75;0;0;0;0;0;3,953,4716,4625;4322;4716;4678;1277;2031;2241;1516;3205;3406;3388;3344;953;1020;967;1075,1.3,0.0,1008.5,0,0,0,0,0,0.0,0,0,0,0,0,0,0,0,0.0,0,0,0,0,0,0.0,0.0,4342.3,0,0,0,63.1,29.23,0.01,0.36,32.47,24.2,63.4,97.71670913696289,0.45740941166877747,16.06253433227539,12.972821235656738,5.4427008628845215,1199.0,0.0,0.0,0.0,0.0,50.22171847522259,0.1,0.0,0.0,0.0,0.0,450.0,1008.5,0.0,0.0,1.728,1.001,2.729,33.629,2.152,0.577,emon,0.92,0.838,29.1,14.4,2.017
2026-09-17 21:23:51.738,14.0,0,89,5;34;89;0;0;11;0;0;0;82;0;0;0;0;0;3,937,4729,4447;4422;4716;4729;1551;2140;1419;1318;3128;3407;3198;3254;962;1046;937;1081,0.5,0.0,1008.5,0,0,0,0,0,0.0,0,0,0,0,0,0,0,0,0.0,0,0,0,0,0,0.0,0.0,4342.3,0,0,0,69.1,29.23,0.01,0.36,32.47,24.2,63.4,98.10247564315796,1.5451379836304113,21.2701206356287,17.790934844873846,2.1351678891151096,1158.375,0.0,0.0,0.0,0.0,50.18965554609895,0.0,0.0,0.0,0.0,0.0,450.0,1008.5,0.0,0.0,1.728,1.001,2.729,33.629,2.152,0.577,emon,0.92,0.838,29.1,14.4,2.017
2026-09-17 21:23:52.739,14.9,0,91,9;64;91;3;0;20;0;0;0;44;0;0;0;2;0;6,964,4729,4724;4624;4720;4729;2589;2710;2658;1567;1596;3195;3314;2703;964;1319;1026;1070,1.1,0.0,1001.7,0,0,0,0,0,0.0,0,0,0,0,0,0,0,0,0.0,0,0,0,0,0,0.0,0.0,4342.3,0,0,0,74.1,21.66,0.01,0.4,25.76,23.9,63.4,97.36016355242047,0.18512651350881373,10.605348473503476,4.682389152901513,1.2608281368655818,1074.0,0.0,0.0,0.0,0.0,50.24637554869766,0.1,0.0,0.0,0.0,0.0,300.0,996.4,0.0,0.0,1.728,1.001,2.729,33.629,2.152,0.577,emon,0.92,0.838,29.1,14.4,2.017
2026-09-17 21:23:53.739,12.5,3,86,5;86;44;3;3;16;5;3;3;12;5;3;3;3;3;3,722,4504,4325;4464;4504;4213;3319;2288;3310;3332;3338;2508;3243;3350;722;795;748;737,0.6,0.0,998.8,0,0,0,0,0,0.0,0,0,0,0,0,0,0,0,0.0,0,0,0,0,0,57.6,0.0,4863.2,0,0,0,73.1,21.66,0.01,0.4,25.76,21.1,63.4,98.43214123065655,1.1771830734796822,18.245241733697746,14.598433330081976,2.319928280812187,1041.3076923076924,0.0,0.0,0.0,0.0,50.14668092246239,0.0,0.0,0.0,0.0,0.0,250.0,998.8,0.0,0.0,1.728,1.001,2.729,33.629,2.152,0.577,emon,0.92,0.838,29.1,14.4,2.017
2026-09-17 21:23:54.739,8.7,0,78,2;78;36;0;0;10;0;0;0;8;0;0;0;0;0;6,601,4327,4107;4327;4301;4054;2109;1839;2872;2722;2939;1950;2805;2929;680;716;725;601,0.6,0.0,1001.6,0,0,0,0,0,0.0,0,0,0,0,0,0,0,0,0.0,0,0,0,0,0,99.2,0.0,5018.8,0,0,0,68.1,21.66,0.01,0.4,25.76,21.1,63.4,98.77070831298828,1.7326917079091073,22.629673309326172,20.235262871980666,2.282058309344575,965.0,0.0,0.0,0.0,0.0,52.242741646170614,0.0,0.0,0.0,0.0,0.0,250.0,1001.6,0.0,0.0,1.728,1.001,2.729,33.629,2.152,0.577,emon,0.92,0.838,29.1,14.4,2.017
2026-09-17 21:23:55.739,10.6,0,83,9;83;32;3;0;6;2;5;0;8;2;2;0;5;2;12,608,4310,4279;4310;4236;4261;2584;2194;2950;3080;2472;2186;3012;3386;782;772;723;608,0.4,0.0,1001.6,0,0,0,0,0,0.0,0,0,0,0,0,0,0,0,0.0,0,0,0,0,0,99.7,0.0,5018.8,0,0,0,67.1,21.66,0.01,0.4,25.76,21.1,63.4,98.60414218902588,1.4339221335637073,21.00602828959624,18.27810304798186,1.9410134272572275,1034.4166666666667,0.0,0.0,0.0,0.0,50.117949469946325,0.0,0.0,0.0,0.0,0.0,250.0,1001.6,0.0,0.0,1.728,1.001,2.729,33.629,2.152,0.577,emon,0.92,0.838,29.1,14.4,2.017
2026-09-17 21:23:56.739,8.4,0,71,3;48;71;0;0;3;0;0;0;6;0;0;0;3;0;0,555,4307,4092;4196;4307;3751;1525;1652;1463;2520;1844;1849;1704;1953;562;696;555;602,0.4,0.0,1001.6,0,0,0,0,0,0.0,0,0,0,0,0,0,0,0,0.0,0,0,0,0,0,98.9,0.0,5018.8,0,0,0,65.1,18.52,0.0,8.05,35.59,21.1,63.4,98.57170274522569,1.3522942792106833,20.435248619980282,18.27659324473805,2.7496269206846287,946.2222222222222,0.0,0.0,0.0,0.0,50.20241024862561,0.1,0.0,0.0,0.0,0.0,250.0,1001.6,0.0,0.0,56.436,5.323,61.759,18.383,1.176,60.583,emon,0.799,0.905,47.0,22.0,2.139
2026-09-17 21:23:57.740,9.8,0,92,0;30;92;6;0;14;0;0;0;8;0;0;0;0;0;6,503,4284,3794;3963;4284;3349;2218;2051;1584;1554;1367;1912;1527;2063;503;683;553;593,0.8,0.0,996.4,0,0,0,0,0,0.0,0,0,0,0,0,0,0,0,0.0,0,0,0,0,0,99.2,0.0,5018.8,0,0,0,65.1,18.52,0.0,8.05,35.59,21.1,63.4,99.0556668537419,0.7271968700991172,15.69917191237938,12.205643772170312,1.9157995063266375,1058.7560975609756,0.0,0.0,0.0,0.0,51.41572968952539,0.1,0.0,0.0,0.0,0.0,250.0,996.4,0.0,0.0,56.436,5.323,61.759,18.383,1.176,60.583,emon,0.799,0.905,47.0,22.0,2.139
2026-09-17 21:23:58.740,9.0,0,95,0;23;95;0;0;9;0;0;0;16;0;0;0;0;0;0,524,4372,3725;3977;4372;4306;1951;1623;1369;2306;2691;1730;2582;2698;581;615;524;601,0.8,0.0,996.4,0,0,0,0,0,0.0,0,0,0,0,0,0,0,0,0.0,0,0,0,0,0,99.2,0.0,5018.8,0,0,0,66.1,18.52,0.0,8.05,35.59,21.1,63.4,98.94526260375977,1.0123759281635285,16.524589331150054,13.916781154572964,1.8046480768546462,927.0,0.0,0.0,0.0,0.0,52.27952385663986,0.1,0.0,0.0,0.0,0.0,250.0,1002.6,0.0,0.0,56.436,5.323,61.759,18.383,1.176,60.583,emon,0.799,0.905,47.0,22.0,2.139
2026-09-17 21:23:59.740,9.3,0,94,5;22;94;3;0;11;2;0;0;5;2;0;0;2;2;3,573,4320,4169;4043;4320;3849;1578;1863;2726;1697;1709;1828;1311;2431;573;697;727;588,0.0,0.0,1002.6,0,0,0,0,0,0.0,0,0,0,0,0,0,0,0,0.0,0,0,0,0,0,97.6,0.0,5018.8,0,0,0,65.1,18.52,0.0,8.05,35.59,21.1,63.4,98.78378622872489,0.6401998329375471,15.509557281221662,11.124972246374403,2.1237206833703177,984.0,0.0,0.0,0.0,0.0,50.156660144456794,0.1,0.0,0.0,0.0,0.0,250.0,998.6,0.0,0.0,56.436,5.323,61.759,18.383,1.176,60.583,emon,0.799,0.905,47.0,22.0,2.139
2026-09-17 21:24:00.741,9.3,0,98,5;19;98;2;0;8;0;0;0;8;0;0;0;3;3;3,653,4336,3919;3981;4336;3867;1541;1666;1792;1972;2805;1815;3039;2771;795;730;754;653,0.6,0.0,994.6,0,0,0,0,0,0.0,0,0,0,0,0,0,0,0,0.0,0,0,0,0,0,97.3,0.0,5018.8,0,0,0,65.1,16.98,0.01,7.73,35.39,21.1,63.4,98.5556201171875,0.42494632199406623,11.266962108612061,5.88899600148201,1.0420165923470632,886.0,0.0,0.0,0.0,0.0,50.19394723534584,0.1,0.0,0.0,0.0,0.0,250.0,996.4,0.0,0.0,56.436,5.323,61.759,18.383,1.176,60.583,emon,0.799,0.905,47.0,22.0,2.139
2026-09-17 21:24:01.742,12.9,0,92,8;39;92;3;0;15;2;0;0;19;0;0;0;8;3;17,611,4297,4264;4080;4277;4297;1222;1702;2436;1607;1390;1766;2478;1417;626;656;628;611,0.2,0.0,996.4,0,0,0,0,0,0.0,0,0,0,0,0,0,0,0,0.0,0,0,0,0,0,93.9,0.0,5018.8,0,0,0,63.1,16.98,0.01,7.73,35.39,21.1,63.4,98.55287551879883,0.6244626225043948,14.974346069189219,10.521979353748835,1.7029360697533076,1006.6923076923077,0.0,0.0,0.0,0.0,50.153456508253626,0.1,0.0,0.0,0.0,0.0,250.0,994.8,0.0,0.0,56.436,5.323,61.759,18.383,1.176,60.583,emon,0.799,0.905,47.0,22.0,2.139
2026-09-17 21:24:02.742,9.5,0,97,0;30;97;0;0;11;0;0;0;9;0;0;0;2;0;3,476,4352,3750;4062;4352;4016;1448;2106;2556;2148;1403;1945;1915;1284;606;836;476;601,0.2,0.0,994.8,0,0,0,0,0,0.0,0,0,0,0,0,0,0,0,0.0,0,0,0,0,0,98.4,0.0,5018.8,0,0,0,65.1,16.98,0.01,7.73,35.39,21.1,63.4,99.08049809655478,1.2756912382536156,19.538329773171004,17.788385758566303,2.59213819428412,903.6511627906976,0.0,0.0,0.0,0.0,53.85928341053253,0.1,0.0,0.0,0.0,0.0,250.0,994.8,0.0,0.0,56.436,5.323,61.759,18.383,1.176,60.583,emon,0.799,0.905,47.0,22.0,2.139
2026-09-17 21:24:03.743,9.6,0,96,5;31;96;2;0;5;0;0;0;12;0;0;0;0;2;3,518,4270,3841;3960;4270;3782;1391;1952;1410;1259;1490;1938;1639;1619;518;735;798;613,0.5,0.0,997.0,0,0,0,0,0,0.0,0,0,0,0,0,0,0,0,0.0,0,0,0,0,0,98.6,0.0,5018.8,0,0,0,64.1,16.98,0.01,7.73,35.39,21.1,63.4,99.16189320882161,0.7924126365650741,16.879755506439814,13.080180584911316,1.928426602530101,1005.3492063492064,0.0,0.0,0.0,0.0,52.63754340273047,0.1,0.0,0.0,0.0,0.0,250.0,997.0,0.0,0.0,56.436,5.323,61.759,18.383,1.176,60.583,emon,0.799,0.905,47.0,22.0,2.139
2026-09-17 21:24:04.744,8.8,0,96,2;28;96;0;0;6;0;0;0;8;0;0;0;2;0;0,492,4316,3968;3973;4316;3994;1315;1803;2138;1498;1229;2085;2056;1271;492;787;584;604,1.1,0.0,996.5,0,0,0,0,0,0.0,0,0,0,0,0,0,0,0,0.0,0,0,0,0,0,99.6,0.0,5018.8,0,0,0,64.1,17.04,0.01,3.53,32.87,21.1,63.4,98.97501478008195,1.0153193356213617,18.153604717815625,15.913187392494258,2.7651087794927696,960.7647058823529,0.0,0.0,0.0,0.0,51.1996916439019,0.1,0.0,0.0,0.0,0.0,250.0,994.8,0.0,0.0,56.436,5.323,61.759,18.383,1.176,60.583,emon,0.799,0.905,47.0,22.0,2.139
2026-09-17 21:24:05.744,10.4,0,94,0;31;94;0;0;20;0;0;0;14;0;0;0;2;0;6,541,4259,3741;4078;4259;3763;1533;1921;1977;1385;1181;2110;1799;1511;566;661;541;601,0.8,0.0,996.4,0,0,0,0,0,0.0,0,0,0,0,0,0,0,0,0.0,0,0,0,0,0,98.4,0.0,5018.8,0,0,0,63.1,17.04,0.01,3.53,32.87,21.1,63.4,98.98570212834998,0.6936889949926659,16.560423374176025,12.8319354928747,1.7847283025054097,997.7341772151899,0.0,0.0,0.0,0.0,52.16119899072602,0.1,0.0,0.0,0.0,0.0,250.0,996.5,0.0,0.0,56.436,5.323,61.759,18.383,1.176,60.583,emon,0.799,0.905,47.0,22.0,2.139
2026-09-17 21:24:06.745,9.3,0,98,0;27;98;0;0;16;0;0;0;5;0;0;0;0;0;3,565,4338,3682;3945;4338;3612;1747;2083;1983;1423;1160;1757;1892;1880;589;702;565;606,0.9,0.0,997.3,0,0,0,0,0,0.0,0,0,0,0,0,0,0,0,0.0,0,0,0,0,0,97.6,0.0,5018.8,0,0,0,65.1,17.04,0.01,3.53,32.87,21.1,63.4,98.95767288208008,1.3594652652740478,23.97504824399948,22.059040290613968,3.0230266504921017,1007.3333333333334,0.0,0.0,0.0,0.0,50.18927934393287,0.1,0.0,0.0,0.0,0.0,250.0,996.4,0.0,0.0,56.436,5.323,61.759,18.383,1.176,60.583,emon,0.799,0.905,47.0,22.0,2.139
2026-09-17 21:24:07.745,10.4,0,94,0;31;94;0;0;16;2;0;0;12;0;0;0;3;2;6,625,4382,3743;4117;4382;4316;2747;1812;2739;2268;2918;1827;3068;1990;689;746;739;625,1.1,0.0,997.3,0,0,0,0,0,0.0,0,0,0,0,0,0,0,0,0.0,0,0,0,0,0,93.0,0.0,5018.8,0,0,0,66.1,17.04,0.01,3.53,32.87,21.1,63.4,98.79177961162492,1.1050993273509484,18.159032284044752,16.30281624694665,2.3953620957612407,861.7450980392157,0.0,0.0,0.0,0.0,53.23495058262465,0.1,0.0,0.0,0.0,0.0,250.0,997.3,0.0,0.0,56.436,5.323,61.759,18.383,1.176,60.583,emon,0.799,0.905,47.0,22.0,2.139
2026-09-17 21:24:08.746,8.6,0,97,2;22;97;0;0;11;0;0;0;6;0;0;0;0;0;0,539,4360,3872;4075;4360;4345;2336;1826;1911;3041;1605;1920;1278;1404;539;716;621;600,0.8,0.0,1000.1,0,0,0,0,0,0.0,0,0,0,0,0,0,0,0,0.0,0,0,0,0,0,97.1,0.0,5018.8,0,0,0,66.1,17.09,0.01,7.94,35.54,21.1,63.4,96.93270404522235,1.4377322563758264,19.86607375511756,18.39645004272461,3.9436376047535586,810.5384615384615,0.0,0.0,0.0,0.0,46.33898312254594,0.1,0.0,0.0,0.0,0.0,250.0,997.3,0.0,0.0,85.097,0.806,85.903,15.022,0.961,84.942,emon,0.817,0.143,52.6,24.5,2.144
2026-09-17 21:24:09.746,9.3,0,96,3;22;96;0;0;14;0;0;0;14;0;0;0;0;0;0,596,4320,4140;4157;4320;3861;1244;1768;2811;1226;1382;1873;1386;1479;664;759;663;596,1.0,0.0,1000.1,0,0,0,0,0,0.0,0,0,0,0,0,0,0,0,0.0,0,0,0,0,0,99.1,0.0,5018.8,0,0,0,65.1,17.09,0.01,7.94,35.54,21.1,63.4,98.52355170249939,0.38549988286104053,13.262433752417564,8.259984347969294,1.569235539791407,969.3125,0.0,0.0,0.0,0.0,50.176383833400905,0.1,0.0,0.0,0.0,0.0,250.0,1000.1,0.0,0.0,85.097,0.806,85.903,15.022,0.961,84.942,emon,0.817,0.143,52.6,24.5,2.144
2026-09-17 21:24:10.747,8.6,0,98,0;23;98;0;0;6;2;0;0;8;0;0;0;0;0;0,613,4391,3992;3995;4391;4109;1105;1903;2508;1218;1073;1868;1419;996;781;738;689;613,1.0,0.0,1000.1,0,0,0,0,0,0.0,0,0,0,0,0,0,0,0,0.0,0,0,0,0,0,99.1,0.0,5018.8,0,0,0,66.1,17.09,0.01,7.94,35.54,21.1,63.4,98.82138748168946,1.472837460041046,20.190082597732545,17.58440888747573,2.7096039217198267,914.0,0.0,0.0,0.0,0.0,50.25359112098813,0.1,0.0,0.0,0.0,0.0,250.0,1000.1,0.0,0.0,85.097,0.806,85.903,15.022,0.961,84.942,emon,0.817,0.143,52.6,24.5,2.144
2026-09-17 21:24:11.747,9.6,0,95,2;29;95;0;0;15;2;0;0;6;0;0;0;4;0;0,518,4294,3679;4038;4294;3654;2538;1896;2210;2341;2207;1812;2155;2173;518;700;528;599,0.6,0.0,1000.1,0,0,0,0,0,0.0,0,0,0,0,0,0,0,0,0.0,0,0,0,0,0,96.2,0.0,5018.8,0,0,0,64.1,17.09,0.01,7.94,35.54,21.1,63.4,99.29106704711914,0.7742710460349918,18.315055754184723,15.21991369664669,1.7647681519109755,1045.0,0.0,0.0,0.0,0.0,52.275663234591484,0.1,0.0,0.0,0.0,0.0,250.0,1000.1,0.0,0.0,85.097,0.806,85.903,15.022,0.961,84.942,emon,0.817,0.143,52.6,24.5,2.144
2026-09-17 21:24:12.748,9.4,0,97,2;28;97;0;0;11;0;0;0;6;0;0;0;0;0;6,478,4378,4288;4112;4341;4378;1958;2079;2309;1716;1498;1819;1562;1454;486;711;478;606,0.9,0.0,997.3,0,0,0,0,0,0.0,0,0,0,0,0,0,0,0,0.0,0,0,0,0,0,99.0,0.0,5018.8,0,0,0,64.1,17.32,0.01,3.31,33.22,21.1,63.4,98.9475695292155,1.3195561753430713,21.47896909713745,18.766594884296257,3.5144269364973297,1065.6666666666667,0.0,0.0,0.0,0.0,50.21613417814175,0.1,0.0,0.0,0.0,0.0,250.0,997.3,0.0,0.0,85.097,0.806,85.903,15.022,0.961,84.942,emon,0.817,0.143,52.6,24.5,2.144
2026-09-17 21:24:13.748,8.1,0,98,5;14;98;0;0;0;0;0;0;5;2;0;0;0;0;6,553,4323,4082;3997;4323;4007;1179;1772;1461;1209;1335;1954;1352;1623;553;596;576;612,0.0,0.0,997.6,0,0,0,0,0,0.0,0,0,0,0,0,0,0,0,0.0,0,0,0,0,0,98.2,0.0,5018.8,0,0,0,65.1,17.32,0.01,3.31,33.22,21.1,63.4,98.97751377246998,0.9620308014736684,17.608834476382643,14.376976419654158,1.431174358163305,867.5185185185185,0.0,0.0,0.0,0.0,52.16466247124804,0.0,0.0,0.0,0.0,0.0,250.0,997.6,0.0,0.0,85.097,0.806,85.903,15.022,0.961,84.942,emon,0.817,0.143,52.6,24.5,2.144
2026-09-17 21:24:14.748,9.2,0,96,25;3;96;0;0;0;5;0;0;0;6;0;3;0;0;9,615,4300,4073;3795;4300;4286;1206;1386;1732;1371;2551;2740;2003;2257;675;773;736;615,0.5,0.0,994.7,0,0,0,0,0,0.0,0,0,0,0,0,0,0,0,0.0,0,0,0,0,0,99.1,0.0,5018.8,0,0,0,64.1,17.32,0.01,3.31,33.22,21.1,63.4,98.73706683777927,0.8128043410547993,16.649231007224635,13.359188317729716,1.6950353500923436,885.8421052631579,0.0,0.0,0.0,0.0,51.11268213809582,0.1,0.0,0.0,0.0,0.0,250.0,994.7,0.0,0.0,85.097,0.806,85.903,15.022,0.961,84.942,emon,0.817,0.143,52.6,24.5,2.144
2026-09-17 21:24:15.749,9.2,0,96,35;2;96;0;0;0;6;0;0;0;5;0;0;0;0;3,436,4373,4098;4268;4373;4090;1611;2115;1855;1398;1827;2196;1841;2136;566;436;701;599,0.1,0.0,996.4,0,0,0,0,0,0.0,0,0,0,0,0,0,0,0,0.0,0,0,0,0,0,98.4,0.0,5018.8,0,0,0,65.1,17.32,0.01,3.31,33.22,21.1,63.4,98.69986534118652,1.4948572566887985,21.278352161248524,18.862945951521397,2.4460891180788167,1026.0833333333333,0.0,0.0,0.0,0.0,50.1431180536747,0.1,0.0,0.0,0.0,0.0,250.0,996.4,0.0,0.0,85.097,0.806,85.903,15.022,0.961,84.942,emon,0.817,0.143,52.6,24.5,2.144
2026-09-17 21:24:16.749,7.5,0,94,16;2;94;0;0;0;6;0;0;0;3;0;0;0;0;0,530,4313,4080;3933;4313;3930;1878;1434;1965;1922;1295;1304;1859;1645;723;530;777;623,0.0,0.0,999.3,0,0,0,0,0,0.0,0,0,0,0,0,0,0,0,0.0,0,0,0,0,0,96.3,0.0,5018.8,0,0,0,64.1,17.2,0.01,7.96,35.65,21.1,63.4,98.79512711645852,0.7344077346767758,17.36366445917479,13.730160894738116,1.5765609791335111,1029.9859154929577,0.0,0.0,0.0,0.0,50.90283016640116,0.0,0.0,0.0,0.0,0.0,300.0,999.3,0.0,0.0,85.097,0.806,85.903,15.022,0.961,84.942,emon,0.817,0.143,52.6,24.5,2.144
2026-09-17 21:24:17.750,9.5,0,85,45;0;85;0;0;0;5;0;0;0;16;0;0;0;2;0,431,4378,4183;4057;4378;3178;1244;1604;1868;2758;1321;1315;2068;3172;516;431;696;593,0.4,0.0,994.7,0,0,0,0,0,0.0,0,0,0,0,0,0,0,0,0.0,0,0,0,0,0,97.3,0.0,5018.8,0,0,0,65.1,17.2,0.01,7.96,35.65,21.1,63.4,99.18642950057983,1.0130531897302717,16.34825962781906,13.411213912069798,2.1299717688125384,1116.1875,0.0,0.0,0.0,0.0,50.16407644771971,0.1,0.0,0.0,0.0,0.0,250.0,994.7,0.0,0.0,85.097,0.806,85.903,15.022,0.961,84.942,emon,0.817,0.143,52.6,24.5,2.144
2026-09-17 21:24:18.751,9.2,0,97,31;2;97;0;0;0;6;0;0;0;8;0;0;0;0;3,499,4368,4138;4136;4355;4368;1231;1295;1947;1244;1466;1552;1940;1687;499;520;720;597,0.3,0.0,1000.0,0,0,0,0,0,0.0,0,0,0,0,0,0,0,0,0.0,0,0,0,0,0,97.4,0.0,5018.8,0,0,0,65.1,17.2,0.01,7.96,35.65,21.1,63.4,98.82626946767171,1.5101532645833988,20.720608075459797,17.708149392157793,2.856215844056957,855.25,0.0,0.0,0.0,0.0,50.24250836794575,0.0,0.0,0.0,0.0,0.0,250.0,1000.0,0.0,0.0,85.097,0.806,85.903,15.022,0.961,84.942,emon,0.817,0.143,52.6,24.5,2.144
2026-09-17 21:24:19.751,8.6,0,89,22;3;89;2;0;0;8;0;0;0;12;0;0;0;2;0,453,4349,4044;3907;4349;3775;1584;1337;2040;1562;1444;2106;1963;1334;588;453;763;596,0.8,0.0,999.8,0,0,0,0,0,0.0,0,0,0,0,0,0,0,0,0.0,0,0,0,0,0,98.5,0.0,5018.8,0,0,0,64.1,17.2,0.01,7.96,35.65,21.1,63.4,99.61004590988159,1.3541204978246242,20.81693398952484,18.590861353091896,1.1208318019052967,936.5,0.0,0.0,0.0,0.0,50.216188522521406,0.1,0.0,0.0,0.0,0.0,250.0,1000.0,0.0,0.0,85.097,0.806,85.903,15.022,0.961,84.942,emon,0.817,0.143,52.6,24.5,2.144
2026-09-17 21:24:20.752,29.5,0,89,53;65;89;30;9;11;36;23;6;5;77;19;3;0;39;8,2045,4703,4655;4703;4689;4685;3334;3397;3241;3268;3282;3371;3402;3322;2174;2671;2773;2045,0.8,0.0,999.8,0,0,0,0,0,0.0,0,0,0,0,0,0,0,0,0.0,0,0,0,0,0,0.0,0.0,0.0,0,0,0,71.1,18.63,0.0,2.9,32.86,16.0,63.4,99.0613515218099,1.0404455718584358,20.686182653903963,18.099734880030155,1.9078628707366685,1199.0,0.0,0.0,0.0,0.0,51.54682273914417,0.1,0.0,0.0,0.0,0.0,450.0,999.8,0.0,0.0,85.41,0.764,86.174,12.11,0.775,85.399,emon,0.819,0.681,47.8,22.2,2.149
2026-09-17 21:24:21.752,17.6,0,97,45;15;97;2;0;0;21;2;0;0;84;6;0;0;6;3,1063,4724,4629;4709;4724;4648;2465;2642;2439;2682;3438;3427;3420;3185;1136;1164;1234;1063,1.1,0.0,1001.0,0,0,0,0,0,0.0,0,0,0,0,0,0,0,0,0.0,0,0,0,0,0,0.0,0.0,0.0,0,0,0,76.1,18.63,0.0,2.9,32.86,16.1,63.4,98.588092907055,0.9220695077517146,19.711552059328234,16.217401773945706,2.0489322341541207,1128.7297297297298,0.0,0.0,0.0,0.0,51.61436234938132,0.1,0.0,0.0,0.0,0.0,450.0,999.8,0.0,0.0,85.41,0.764,86.174,12.11,0.775,85.399,emon,0.819,0.681,47.8,22.2,2.149
2026-09-17 21:24:22.755,27.2,6,100,75;34;100;11;8;6;39;8;6;6;92;9;6;6;20;8,2518,4728,4712;4719;4723;4728;3396;3450;2937;3203;3448;3450;3414;3306;2935;2993;2656;2518,1.2,0.0,996.8,0,0,0,0,0,0.0,0,0,0,0,0,0,0,0,0.0,0,0,0,0,0,0.0,0.0,1167.7,0,0,0,74.1,18.63,0.0,2.9,32.86,19.4,63.4,98.80441786113538,0.938924898687554,20.57310091821771,17.879159100353718,2.9842486326631747,1206.8947368421052,0.0,0.0,0.0,0.0,52.948689875634095,0.1,0.0,0.0,0.0,0.0,450.0,1001.0,0.0,0.0,85.41,0.764,86.174,12.11,0.775,85.399,emon,0.819,0.681,47.8,22.2,2.149
2026-09-17 21:24:23.755,76.9,67,98,92;82;98;74;75;73;79;71;73;71;89;73;67;73;72;67,2907,4721,4715;4721;4721;4718;3426;3442;3407;3417;3446;3448;3425;3445;2944;2928;2915;2907,1.2,0.0,996.8,0,0,0,0,0,0.0,0,0,0,0,0,0,0,0,0.0,0,0,0,0,0,0.0,0.0,1167.7,0,0,0,83.1,18.63,0.0,2.9,32.86,24.0,63.4,99.21496031019423,0.9336268529295921,22.06037966410319,19.85155820184284,0.9414964354752252,1179.5555555555557,0.0,0.0,0.0,0.0,53.04712421571215,0.1,0.0,0.0,0.0,0.0,250.0,996.8,0.0,0.0,85.41,0.764,86.174,12.11,0.775,85.399,emon,0.819,0.681,47.8,22.2,2.149
2026-09-17 21:24:24.756,13.1,0,92,45;3;92;0;0;0;17;2;0;0;49;0;0;0;2;0,939,4684,4543;4684;4577;4670;2724;2730;2647;3133;2939;2820;3261;3380;965;1152;1666;939,1.3,0.0,994.7,0,0,0,0,0,0.0,0,0,0,0,0,0,0,0,0.0,0,0,0,0,0,0.0,0.0,4343.4,0,0,0,69.1,30.28,0.01,0.39,35.28,21.7,63.4,97.9866105104104,0.6373822807382123,16.77206772718674,12.88573768715828,1.3567986083276666,1039.3846153846155,0.0,0.0,0.0,0.0,51.60735469445204,0.1,0.0,0.0,0.0,0.0,300.0,994.7,0.0,0.0,85.41,0.764,86.174,12.11,0.775,85.399,emon,0.819,0.681,47.8,22.2,2.149
2026-09-17 21:24:25.757,8.0,0,98,16;0;98;2;0;0;3;0;0;0;10;0;0;0;0;0,498,4359,3983;3756;4359;4266;1231;1219;1927;1244;1247;1347;2183;1278;523;498;795;624,1.0,0.0,994.8,0,0,0,0,0,0.0,0,0,0,0,0,0,0,0,0.0,0,0,0,0,0,63.6,0.0,5567.1,0,0,0,67.1,30.28,0.01,0.39,35.28,21.7,63.4,99.1169859568278,0.826380038426982,16.174670182996326,12.952455051036345,1.657201633995606,897.6111111111111,0.0,0.0,0.0,0.0,53.03567046475493,0.2,0.0,0.0,0.0,0.0,250.0,994.8,0.0,0.0,85.41,0.764,86.174,12.11,0.775,85.399,emon,0.819,0.681,47.8,22.2,2.149
2026-09-17 21:24:26.757,11.9,3,98,25;6;98;4;5;5;8;3;5;3;9;5;3;3;5;5,768,4360,4193;4218;4360;4209;3378;3405;2478;3238;3404;3392;2405;3368;867;868;864;768,0.7,0.0,995.7,0,0,0,0,0,0.0,0,0,0,0,0,0,0,0,0.0,0,0,0,0,0,83.9,0.0,5567.1,0,0,0,65.1,30.28,0.01,0.39,35.28,21.7,63.4,98.49803606669109,1.403609372054537,21.74537554879983,18.799737266575296,3.0271679150658506,1061.5,0.0,0.0,0.0,0.0,50.12767480375866,0.1,0.0,0.0,0.0,0.0,250.0,995.7,0.0,0.0,85.41,0.764,86.174,12.11,0.775,85.399,emon,0.819,0.681,47.8,22.2,2.149
2026-09-17 21:24:27.758,9.4,0,98,20;2;98;0;0;0;11;0;0;0;12;0;0;0;3;3,474,4338,4133;3894;4338;4085;1543;1470;2267;2477;1399;1635;1846;1780;600;474;760;606,0.0,0.0,997.6,0,0,0,0,0,0.0,0,0,0,0,0,0,0,0,0.0,0,0,0,0,0,100.0,0.0,5615.0,0,0,0,64.1,30.28,0.01,0.39,35.28,21.7,63.4,99.03949250846074,1.0165774470901694,18.14795318759721,15.652674091530256,2.052655960633901,936.0689655172414,0.0,0.0,0.0,0.0,52.006712118870226,0.0,0.0,0.0,0.0,0.0,250.0,997.6,0.0,0.0,85.41,0.764,86.174,12.11,0.775,85.399,emon,0.819,0.681,47.8,22.2,2.149
2026-09-17 21:24:28.758,8.1,0,98,16;5;98;0;0;0;6;0;0;0;5;0;0;0;0;0,590,4362,4140;3862;4362;4186;1262;1322;1763;3210;1302;1395;2118;2879;609;590;801;600,0.0,0.0,998.8,0,0,0,0,0,0.0,0,0,0,0,0,0,0,0,0.0,0,0,0,0,0,100.0,0.0,5615.0,0,0,0,65.1,17.21,0.01,15.03,39.09,21.7,63.4,99.03949250846074,1.0165774470901694,18.14795318759721,15.652674091530256,2.052655960633901,936.0689655172414,0.0,0.0,0.0,0.0,52.006712118870226,0.1,0.0,0.0,0.0,0.0,250.0,998.8,0.0,0.0,85.41,0.764,86.174,12.11,0.775,85.399,emon,0.819,0.681,47.8,22.2,2.149
2026-09-17 21:24:29.759,9.8,0,94,25;0;94;0;0;0;12;0;0;0;9;0;4;0;2;10,528,4315,4167;4042;4315;4186;1268;1278;1984;1249;1284;1291;1884;1358;545;528;701;597,0.0,0.0,998.5,0,0,0,0,0,0.0,0,0,0,0,0,0,0,0,0.0,0,0,0,0,0,100.0,0.0,5615.0,0,0,0,64.1,17.21,0.01,15.03,39.09,21.7,63.4,99.29869606381371,1.145079399015577,19.774496061461313,17.97609279907885,2.31300672907604,1060.904761904762,0.0,0.0,0.0,0.0,52.69349601261673,0.1,0.0,0.0,0.0,0.0,250.0,998.5,0.0,0.0,85.41,0.764,86.174,12.11,0.775,85.399,emon,0.819,0.681,47.8,22.2,2.149
2026-09-17 21:24:30.759,9.1,0,74,44;2;74;0;0;0;6;0;0;0;15;0;0;0;2;3,486,4310,4236;4109;4310;4304;1161;1005;2021;2302;1215;1261;1949;1421;584;486;780;633,0.1,0.0,994.6,0,0,0,0,0,0.0,0,0,0,0,0,0,0,0,0.0,0,0,0,0,0,100.0,0.0,5615.0,0,0,0,64.1,17.21,0.01,15.03,39.09,21.7,63.4,99.15494750976562,1.171851523667574,16.146787014007568,13.254811391234398,1.1976541936397553,777.0,0.0,0.0,0.0,0.0,52.30301247507334,0.1,0.0,0.0,0.0,0.0,300.0,994.6,0.0,0.0,85.41,0.764,86.174,12.11,0.775,85.399,emon,0.819,0.681,47.8,22.2,2.149
2026-09-17 21:24:31.760,8.7,0,65,65;3;45;2;0;0;6;2;0;0;12;0;0;0;0;3,492,4313,4313;4208;4298;3820;1225;1924;2033;1877;1111;1512;2063;2225;492;511;679;597,0.0,0.0,996.8,0,0,0,0,0,0.0,0,0,0,0,0,0,0,0,0.0,0,0,0,0,0,100.0,0.0,5615.0,0,0,0,65.1,17.21,0.01,15.03,39.09,21.7,63.4,99.01527447170682,1.5142014117704496,20.959183560477364,18.099061861634254,2.1234365978452843,1007.3333333333334,0.0,0.0,0.0,0.0,50.11890530586243,0.1,0.0,0.0,0.0,0.0,250.0,996.8,0.0,0.0,85.41,0.764,86.174,12.11,0.775,85.399,emon,0.819,0.681,47.8,22.2,2.149
2026-09-17 21:24:32.761,9.7,0,71,71;3;55;0;0;0;8;0;0;0;14;2;0;0;0;3,551,4363,4282;4117;4278;4363;1304;1324;1888;2716;1226;1246;1869;2999;551;586;676;613,0.6,0.0,999.7,0,0,0,0,0,0.0,0,0,0,0,0,0,0,0,0.0,0,0,0,0,0,94.8,0.0,5615.0,0,0,0,64.1,17.28,0.01,3.31,33.02,21.7,63.4,99.13213018937545,1.1443195061504163,16.912262526425447,14.948528915982354,2.951349521336273,913.7727272727273,0.0,0.0,0.0,0.0,52.552060237154365,0.0,0.0,0.0,0.0,0.0,250.0,999.7,0.0,0.0,84.459,0.637,85.097,13.517,0.865,84.232,emon,0.83,0.56,46.7,21.8,2.145
2026-09-17 21:24:33.762,9.2,0,95,17;5;95;0;0;0;11;2;0;0;9;0;2;0;0;6,435,4403,3875;4106;4403;3744;1822;1259;1906;1477;2157;1220;1672;1678;823;435;553;647,0.9,0.0,996.8,0,0,0,0,0,0.0,0,0,0,0,0,0,0,0,0.0,0,0,0,0,0,100.0,0.0,5615.0,0,0,0,66.1,17.28,0.01,3.31,33.02,21.7,63.4,99.14153631802263,0.863722629989658,17.87335951780451,14.801998197518547,1.9399881973954978,993.8275862068965,0.0,0.0,0.0,0.0,51.968140748297344,0.1,0.0,0.0,0.0,0.0,250.0,999.7,0.0,0.0,84.459,0.637,85.097,13.517,0.865,84.232,emon,0.83,0.56,46.7,21.8,2.145
2026-09-17 21:24:34.762,10.2,0,98,19;8;98;0;0;0;14;5;0;0;3;2;3;3;2;8,712,4324,4127;4097;4324;4094;2781;2667;2183;2841;2837;2898;1950;2853;797;788;791;712,1.2,0.0,997.0,0,0,0,0,0,0.0,0,0,0,0,0,0,0,0,0.0,0,0,0,0,0,94.9,0.0,5615.0,0,0,0,64.1,17.28,0.01,3.31,33.02,21.7,63.4,99.1013412475586,1.1006116293806663,19.068880284086188,16.944071721523365,2.6818468877153987,928.7872340425532,0.0,0.0,0.0,0.0,51.31975235726605,0.1,0.0,0.0,0.0,0.0,250.0,996.8,0.0,0.0,84.459,0.637,85.097,13.517,0.865,84.232,emon,0.83,0.56,46.7,21.8,2.145
2026-09-17 21:24:35.763,9.8,0,97,30;0;97;0;0;0;12;0;0;0;12;0;2;0;0;3,469,4370,4108;3305;4370;4027;1256;1256;1874;1437;1484;1160;1634;1351;660;469;663;607,1.2,0.0,997.0,0,0,0,0,0,0.0,0,0,0,0,0,0,0,0,0.0,0,0,0,0,0,94.9,0.0,5615.0,0,0,0,64.1,17.28,0.01,3.31,33.02,21.7,63.4,98.87514466505785,1.1634539678477898,17.563984536207638,14.005714589013504,2.4339470837551813,910.5384615384615,0.0,0.0,0.0,0.0,50.253220768502125,0.1,0.0,0.0,0.0,0.0,250.0,997.0,0.0,0.0,84.459,0.637,85.097,13.517,0.865,84.232,emon,0.83,0.56,46.7,21.8,2.145
2026-09-17 21:24:36.763,9.0,0,95,27;0;95;0;0;0;11;0;0;0;5;0;0;0;0;6,539,4360,4146;3857;4360;4354;1188;1213;1919;2301;1170;1184;1670;1367;539;566;687;608,0.6,0.0,999.1,0,0,0,0,0,0.0,0,0,0,0,0,0,0,0,0.0,0,0,0,0,0,92.3,0.0,5615.0,0,0,0,64.1,17.0,0.01,15.13,39.31,21.7,63.4,98.87514466505785,1.1634539678477898,17.563984536207638,14.005714589013504,2.4339470837551813,910.5384615384615,0.0,0.0,0.0,0.0,50.253220768502125,0.0,0.0,0.0,0.0,0.0,250.0,999.1,0.0,0.0,84.459,0.637,85.097,13.517,0.865,84.232,emon,0.83,0.56,46.7,21.8,2.145
2026-09-17 21:24:37.763,9.1,0,97,23;2;97;0;0;0;8;0;0;0;11;0;0;0;2;3,467,4360,4102;4077;4360;4161;1406;1267;2058;1713;1233;1200;1764;1495;654;467;762;627,0.9,0.0,1002.0,0,0,0,0,0,0.0,0,0,0,0,0,0,0,0,0.0,0,0,0,0,0,92.1,0.0,5615.0,0,0,0,65.1,17.0,0.01,15.13,39.31,21.7,63.4,98.5898148507783,1.342253018452814,18.932783943234067,16.93687974729321,1.970167226997684,865.6666666666666,0.0,0.0,0.0,0.0,51.85472057488832,0.1,0.0,0.0,0.0,0.0,250.0,1002.0,0.0,0.0,84.459,0.637,85.097,13.517,0.865,84.232,emon,0.83,0.56,46.7,21.8,2.145
2026-09-17 21:24:38.764,9.3,0,95,23;0;95;2;0;0;14;0;0;0;14;0;0;0;2;0,487,4359,4102;4162;4321;4359;1361;2230;2117;1491;1264;1216;1909;2663;551;487;762;603,1.7,0.0,994.8,0,0,0,0,0,0.0,0,0,0,0,0,0,0,0,0.0,0,0,0,0,0,94.5,0.0,5615.0,0,0,0,64.1,17.0,0.01,15.13,39.31,21.7,63.4,98.66292299543109,1.015600757939475,18.072897502354213,15.070681708199638,3.064804588045393,1020.4285714285714,0.0,0.0,0.0,0.0,50.15644967236689,0.1,0.0,0.0,0.0,0.0,250.0,994.8,0.0,0.0,84.459,0.637,85.097,13.517,0.865,84.232,emon,0.83,0.56,46.7,21.8,2.145
2026-09-17 21:24:39.765,8.6,0,94,25;3;94;0;0;0;2;0;0;0;11;0;0;0;0;3,465,4343,4109;3835;4343;3853;1296;1324;1494;1590;1583;1642;2023;1382;512;465;733;588,0.5,0.0,1000.0,0,0,0,0,0,0.0,0,0,0,0,0,0,0,0,0.0,0,0,0,0,0,92.5,0.0,5615.0,0,0,0,63.1,17.0,0.01,15.13,39.31,21.7,63.4,99.40723236083984,1.2151515912264585,17.701272673606873,15.743111855387689,1.1238304691575467,905.0,0.0,0.0,0.0,0.0,52.27541377425194,0.1,0.0,0.0,0.0,0.0,250.0,1000.0,0.0,0.0,84.459,0.637,85.097,13.517,0.865,84.232,emon,0.83,0.56,46.7,21.8,2.145
2026-09-17 21:24:40.766,10.5,0,94,22;5;94;3;2;2;14;3;5;2;11;0;0;3;2;2,622,4329,4114;4128;4329;4254;2884;2642;1950;2640;2594;2909;2142;2251;622;722;675;627,0.2,0.0,1001.1,0,0,0,0,0,0.0,0,0,0,0,0,0,0,0,0.0,0,0,0,0,0,94.2,0.0,5615.0,0,0,0,63.1,17.28,0.01,3.32,33.1,21.7,63.4,99.38334286597467,1.2740763836209812,18.387651962618673,16.31753001530324,1.6510799805363339,969.9677419354839,0.0,0.0,0.0,0.0,51.86248151597477,0.1,0.0,0.0,0.0,0.0,250.0,1001.1,0.0,0.0,84.459,0.637,85.097,13.517,0.865,84.232,emon,0.83,0.56,46.7,21.8,2.145
2026-09-17 21:24:41.766,8.3,0,98,16;2;98;0;0;0;5;0;0;0;6;0;0;0;0;6,520,4343,4101;3496;4343;3192;2956;1469;1942;2061;1668;1998;2167;1619;603;520;714;624,0.0,0.0,1001.1,0,0,0,0,0,0.0,0,0,0,0,0,0,0,0,0.0,0,0,0,0,0,92.7,0.0,5615.0,0,0,0,65.1,17.28,0.01,3.32,33.1,21.7,63.4,99.26202344894409,0.8006300413204978,16.093102221687634,13.484948720782995,2.1688509871989177,1049.0,0.0,0.0,0.0,0.0,52.317295487349234,0.1,0.0,0.0,0.0,0.0,250.0,1001.1,0.0,0.0,84.459,0.637,85.097,13.517,0.865,84.232,emon,0.83,0.56,46.7,21.8,2.145
2026-09-17 21:24:42.766,12.1,0,94,30;5;94;8;5;3;14;3;3;3;11;6;2;0;2;5,669,4308,4126;4197;4308;4217;2417;2235;1807;2455;3193;3145;1910;2561;833;794;800;669,0.3,0.0,995.9,0,0,0,0,0,0.0,0,0,0,0,0,0,0,0,0.0,0,0,0,0,0,100.0,0.0,5615.0,0,0,0,64.1,17.28,0.01,3.32,33.1,21.7,63.4,99.08468462073284,1.180715291639385,18.303324074848838,16.349495689182177,2.441481731913012,800.0869565217391,0.0,0.0,0.0,0.0,52.453370966827094,0.1,0.0,0.0,0.0,0.0,250.0,995.9,0.0,0.0,84.459,0.637,85.097,13.517,0.865,84.232,emon,0.83,0.56,46.7,21.8,2.145
2026-09-17 21:24:43.766,8.5,0,98,12;11;98;0;0;0;5;3;0;0;5;2;0;0;0;0,517,4353,3864;4002;4344;4353;1808;1603;1798;2303;2845;2081;1422;2064;740;517;776;615,0.0,0.0,996.2,0,0,0,0,0,0.0,0,0,0,0,0,0,0,0,0.0,0,0,0,0,0,91.7,0.0,5615.0,0,0,0,64.1,17.28,0.01,3.32,33.1,21.7,63.4,99.10142300923665,0.8367369330177704,18.150104745229086,14.801637615015109,1.6962370292671645,961.5,0.0,0.0,0.0,0.0,51.8719259036084,0.1,0.0,0.0,0.0,0.0,250.0,996.2,0.0,0.0,78.064,2.019,80.083,17.59,1.126,78.957,emon,0.824,0.181,58.7,27.3,2.146
2026-09-17 21:24:44.775,8.9,0,98,0;22;98;0;0;0;0;15;0;0;0;8;0;0;0;0,486,4315,3671;4065;4315;4090;1230;1295;1359;2017;1546;1304;1325;1804;621;486;495;643,0.2,0.0,994.6,0,0,0,0,0,0.0,0,0,0,0,0,0,0,0,0.0,0,0,0,0,0,93.5,0.0,5615.0,0,0,0,64.1,16.95,0.01,14.61,39.2,21.9,63.4,99.00100033782249,1.2801591235018053,20.7373695318089,18.82931273343951,2.524611986415504,969.9302325581396,0.0,0.0,0.0,0.0,51.39130676693694,0.1,0.0,0.0,0.0,0.0,250.0,994.6,0.0,0.0,78.064,2.019,80.083,17.59,1.126,78.957,emon,0.824,0.181,58.7,27.3,2.146
2026-09-17 21:24:45.776,8.6,0,97,2;28;97;0;0;0;0;9;0;0;0;0;0;0;0;2,453,4341,4139;4055;4341;3883;1217;1214;1264;1871;2952;1080;1215;1679;593;453;513;614,0.5,0.0,996.9,0,0,0,0,0,0.0,0,0,0,0,0,0,0,0,0.0,0,0,0,0,0,92.6,0.0,5615.0,0,0,0,65.1,16.95,0.01,14.61,39.2,21.7,63.4,99.00100033782249,1.2801591235018053,20.7373695318089,18.82931273343951,2.524611986415504,969.9302325581396,0.0,0.0,0.0,0.0,51.39130676693694,0.1,0.0,0.0,0.0,0.0,250.0,996.9,0.0,0.0,78.064,2.019,80.083,17.59,1.126,78.957,emon,0.824,0.181,58.7,27.3,2.146
2026-09-17 21:24:46.776,8.1,0,98,2;22;98;0;0;0;0;5;0;0;0;3;0;0;0;0,523,4307,3610;4062;4307;3881;3012;2113;2017;1889;1691;1948;1722;1840;583;523;568;603,1.0,0.0,997.8,0,0,0,0,0,0.0,0,0,0,0,0,0,0,0,0.0,0,0,0,0,0,93.6,0.0,5615.0,0,0,0,63.1,16.95,0.01,14.61,39.2,21.7,63.4,98.53968113490514,0.5984290025063923,15.231414672306606,10.976148544039045,2.7676163099173987,857.5714285714286,0.0,0.0,0.0,0.0,51.65208470480783,0.1,0.0,0.0,0.0,0.0,250.0,994.6,0.0,0.0,78.064,2.019,80.083,17.59,1.126,78.957,emon,0.824,0.181,58.7,27.3,2.146
2026-09-17 21:24:47.777,9.5,0,95,3;30;95;0;0;0;0;6;2;0;0;8;0;0;0;9,470,4481,3740;4076;4321;4481;1335;1090;1198;1798;1346;1576;2194;1731;529;600;470;624,0.7,0.0,997.8,0,0,0,0,0,0.0,0,0,0,0,0,0,0,0,0.0,0,0,0,0,0,95.2,0.0,5615.0,0,0,0,64.1,16.95,0.01,14.61,39.2,21.7,63.4,99.17832149158825,1.0698232436129316,19.27619255943732,17.123762611977078,3.3153887699372717,958.0909090909091,0.0,0.0,0.0,0.0,50.17512697726488,0.1,0.0,0.0,0.0,0.0,250.0,997.8,0.0,0.0,78.064,2.019,80.083,17.59,1.126,78.957,emon,0.824,0.181,58.7,27.3,2.146
2026-09-17 21:24:48.777,8.3,0,92,2;28;92;0;0;0;0;5;0;0;0;3;0;0;0;3,447,4307,3609;4092;4307;4266;1313;1331;1291;1858;1504;1362;1447;1839;544;447;459;614,0.7,0.0,997.8,0,0,0,0,0,0.0,0,0,0,0,0,0,0,0,0.0,0,0,0,0,0,95.2,0.0,5615.0,0,0,0,64.1,17.12,0.01,3.33,32.96,21.7,63.4,98.54993009567261,0.4984826280269772,14.224852114915848,8.721096247434616,1.2512288163416088,900.5625,0.0,0.0,0.0,0.0,50.188935122452676,0.1,0.0,0.0,0.0,0.0,250.0,994.6,0.0,0.0,78.064,2.019,80.083,17.59,1.126,78.957,emon,0.824,0.181,58.7,27.3,2.146
2026-09-17 21:24:49.778,8.7,0,100,3;14;100;0;0;0;0;6;0;0;0;6;0;0;0;9,468,4424,4032;3961;4424;4212;1316;1333;1329;1809;1789;1282;1226;2013;564;494;468;643,0.9,0.0,996.7,0,0,0,0,0,0.0,0,0,0,0,0,0,0,0,0.0,0,0,0,0,0,81.2,0.0,5615.0,0,0,0,67.1,17.12,0.01,3.33,32.96,21.7,63.4,99.56835455643504,1.1834025577102836,17.37200373724887,15.226331343776302,0.9445436470161536,1080.578947368421,0.0,0.0,0.0,0.0,52.94949008210709,0.1,0.0,0.0,0.0,0.0,250.0,996.7,0.0,0.0,78.064,2.019,80.083,17.59,1.126,78.957,emon,0.824,0.181,58.7,27.3,2.146
2026-09-17 21:24:50.778,10.1,0,98,2;17;98;2;2;2;2;9;2;2;2;12;2;0;2;8,661,4356,3981;4070;4356;4074;2170;2970;2876;1985;2372;3233;3142;2190;782;692;856;661,0.7,0.0,999.5,0,0,0,0,0,0.0,0,0,0,0,0,0,0,0,0.0,0,0,0,0,0,92.1,0.0,5615.0,0,0,0,64.1,17.12,0.01,3.33,32.96,21.7,63.4,99.25043306852642,1.015432441018914,20.019701756929095,17.139590964897682,1.766173897887041,985.8421052631579,0.0,0.0,0.0,0.0,52.91520678781365,0.1,0.0,0.0,0.0,0.0,250.0,1002.6,0.0,0.0,78.064,2.019,80.083,17.59,1.126,78.957,emon,0.824,0.181,58.7,27.3,2.146
2026-09-17 21:24:51.779,9.9,0,98,2;30;98;0;0;0;0;12;2;0;0;11;0;0;0;3,472,4249,3664;4024;4249;4146;1543;1940;1504;1934;2434;1540;1915;1925;496;472;500;619,1.2,0.0,999.8,0,0,0,0,0,0.0,0,0,0,0,0,0,0,0,0.0,0,0,0,0,0,93.8,0.0,5615.0,0,0,0,63.1,17.12,0.01,3.33,32.96,21.7,63.4,98.86187907627651,1.0491609308159067,17.1334342445646,14.292232689758142,2.2741012678570334,993.047619047619,0.0,0.0,0.0,0.0,50.205420093876974,0.1,0.0,0.0,0.0,0.0,250.0,997.7,0.0,0.0,78.064,2.019,80.083,17.59,1.126,78.957,emon,0.824,0.181,58.7,27.3,2.146
2026-09-17 21:24:52.779,9.4,0,96,2;23;96;0;0;0;0;11;0;0;0;9;0;0;0;9,444,4373,3963;3915;4373;4163;1222;1142;1078;1947;1393;1378;1268;1841;860;518;444;638,1.1,0.0,998.9,0,0,0,0,0,0.0,0,0,0,0,0,0,0,0,0.0,0,0,0,0,0,93.1,0.0,5615.0,0,0,0,64.1,16.94,0.01,14.86,39.27,21.7,63.4,98.34825134277344,0.7388675808906555,16.62313175201416,13.178128242492676,3.031250238418579,799.0,0.0,0.0,0.0,0.0,50.240792311728,0.1,0.0,0.0,0.0,0.0,250.0,998.9,0.0,0.0,78.064,2.019,80.083,17.59,1.126,78.957,emon,0.824,0.181,58.7,27.3,2.146
2026-09-17 21:24:53.780,9.4,0,95,2;31;95;0;0;0;0;5;0;0;0;8;0;0;0;10,438,4319,3833;4218;4319;4076;1663;1295;1336;2123;1247;1236;1274;1784;550;448;438;619,0.5,0.0,1000.1,0,0,0,0,0,0.0,0,0,0,0,0,0,0,0,0.0,0,0,0,0,0,93.4,0.0,5615.0,0,0,0,63.1,16.94,0.01,14.86,39.27,21.7,63.4,98.84754958807254,1.099822391116736,17.545261009066714,15.446265269436088,2.65273262019607,862.7254901960785,0.0,0.0,0.0,0.0,53.247214776628155,0.1,0.0,0.0,0.0,0.0,250.0,1000.1,0.0,0.0,78.064,2.019,80.083,17.59,1.126,78.957,emon,0.824,0.181,58.7,27.3,2.146
2026-09-17 21:24:54.780,9.9,0,92,0;35;92;0;2;0;0;9;0;0;0;14;0;0;0;6,491,4351,3795;3953;4351;4241;2956;1215;1202;1736;2585;1583;1606;2041;649;504;491;612,0.2,0.0,1000.1,0,0,0,0,0,0.0,0,0,0,0,0,0,0,0,0.0,0,0,0,0,0,100.0,0.0,5615.0,0,0,0,64.1,16.94,0.01,14.86,39.27,21.7,63.4,98.6604276090055,1.3765339739117268,19.305376652124767,17.18713166222379,2.297646323369967,854.4054054054054,0.0,0.0,0.0,0.0,51.62353631129136,0.1,0.0,0.0,0.0,0.0,250.0,1000.1,0.0,0.0,78.064,2.019,80.083,17.59,1.126,78.957,emon,0.824,0.181,58.7,27.3,2.146
2026-09-17 21:24:55.781,9.6,0,100,3;31;100;3;0;0;0;11;2;0;0;5;0;0;0;0,488,4217,3906;4034;4217;4050;2757;2332;3364;1888;3091;3180;1891;1933;532;488;495;636,3.6,0.0,897.6,0,0,0,0,0,0.0,0,0,0,0,0,0,0,0,0.0,0,0,0,0,0,96.2,0.0,5615.0,0,0,0,62.1,16.94,0.01,14.86,39.27,21.7,63.4,66.13809309005737,0.3627993889980846,13.330434481302897,7.372517724831899,1.5515123444433103,962.3333333333334,0.0,0.0,0.0,0.0,48.962391061118495,0.2,0.0,0.0,0.0,0.0,250.0,897.6,0.0,0.0,84.954,0.761,85.715,13.891,0.889,84.826,emon,0.824,0.694,46.8,21.8,2.145
2026-09-17 21:24:56.782,18.0,0,94,23;42;94;18;15;0;2;27;12;9;0;22;3;0;0;20,1467,4629,4574;4378;4499;4629;3345;3433;3443;3093;3357;3381;3330;2907;1467;2854;2962;2408,0.0,0.0,899.8,0,0,0,0,0,0.0,0,0,0,0,0,0,0,0,0.0,0,0,0,0,0,100.0,0.0,5575.7,0,0,0,66.1,17.02,0.05,3.32,32.86,19.6,63.4,98.97709460968667,1.1162494486792292,19.107054520160595,17.10856803300533,2.2837044524940406,930.9148936170212,0.0,0.0,0.0,0.0,51.291035494113224,0.1,0.0,0.0,0.0,0.0,250.0,899.8,0.0,0.0,84.954,0.761,85.715,13.891,0.889,84.826,emon,0.824,0.694,46.8,21.8,2.145
2026-09-17 21:24:57.783,32.5,10,96,38;58;96;30;18;19;13;38;24;18;18;77;11;11;10;43,2800,4752,4752;4671;4621;4735;3374;3441;3379;3133;3402;3432;3448;3386;2956;2977;2979;2800,0.0,0.0,902.7,0,0,0,0,0,0.0,0,0,0,0,0,0,0,0,0.0,0,0,0,0,0,0.0,0.0,0.0,0,0,0,64.1,17.02,0.05,3.32,32.86,16.2,63.4,98.4823013941447,1.2765468513825908,22.144792755444843,19.23511465390523,2.0228163451065484,1053.1666666666667,0.0,0.0,0.0,0.0,50.17714675826331,0.0,0.0,0.0,0.0,0.0,250.0,902.7,0.0,0.0,84.954,0.761,85.715,13.891,0.889,84.826,emon,0.824,0.694,46.8,21.8,2.145
2026-09-17 21:24:58.783,22.0,0,100,27;77;100;21;0;0;0;52;0;2;0;69;0;0;0;6,1198,4722,4719;4719;4722;4720;2836;3098;2949;3129;2083;2475;3376;3227;1198;1206;1583;2094,0.0,0.0,907.4,0,0,0,0,0,0.0,0,0,0,0,0,0,0,0,0.0,0,0,0,0,0,0.0,0.0,0.0,0,0,0,74.1,17.02,0.05,3.32,32.86,16.2,63.4,98.24779148101807,0.605753524962347,16.235680830478668,12.233153819479048,1.9953355303034186,1122.125,0.0,0.0,0.0,0.0,51.49624349959195,0.1,0.0,0.0,0.0,0.0,450.0,907.4,0.0,0.0,84.954,0.761,85.715,13.891,0.889,84.826,emon,0.824,0.694,46.8,21.8,2.145
2026-09-17 21:24:59.783,79.8,71,98,85;92;98;77;74;73;73;97;74;72;71;95;72;72;72;78,2919,4724,4717;4711;4721;4724;3445;3449;3450;3425;3429;3450;3450;3430;2936;2942;2942;2919,0.0,0.0,904.8,0,0,0,0,0,0.0,0,0,0,0,0,0,0,0,0.0,0,0,0,0,0,0.0,0.0,4342.3,0,0,0,80.1,17.02,0.05,3.32,32.86,24.0,63.4,99.13595821982936,1.1381287796324806,23.05286747530887,21.225366553977917,0.9483103356079051,1030.578947368421,0.0,0.0,0.0,0.0,52.8413938127066,0.1,0.0,0.0,0.0,0.0,300.0,904.8,0.0,0.0,84.954,0.761,85.715,13.891,0.889,84.826,emon,0.824,0.694,46.8,21.8,2.145
2026-09-17 21:25:00.784,19.6,2,95,11;65;95;8;3;2;2;68;5;3;2;31;2;2;2;15,1997,4719,4714;4650;4718;4719;3164;3118;3242;3250;3213;3286;3176;2890;2386;2756;2807;1997,0.6,0.0,900.1,0,0,0,0,0,0.0,0,0,0,0,0,0,0,0,0.0,0,0,0,0,0,0.0,0.0,5177.9,0,0,0,73.1,28.57,0.01,0.67,34.89,21.6,63.4,96.37630015781947,0.797701567198549,15.376183455330985,12.079143806866236,2.638150290080479,1050.4285714285713,0.0,0.0,0.0,0.0,48.76962664680821,0.1,0.0,0.0,0.0,0.0,300.0,900.2,0.0,0.0,84.954,0.761,85.715,13.891,0.889,84.826,emon,0.824,0.694,46.8,21.8,2.145
2026-09-17 21:25:01.785,8.1,0,78,2;78;28;2;0;0;0;9;0;0;0;8;0;0;0;3,644,4324,3576;4324;4267;3624;1382;1312;1371;2440;1577;1217;1216;2020;644;761;698;687,0.6,0.0,900.1,0,0,0,0,0,0.0,0,0,0,0,0,0,0,0,0.0,0,0,0,0,0,0.0,0.0,5177.9,0,0,0,69.1,28.57,0.01,0.67,34.89,21.6,63.4,98.7128783331977,0.37507013272907996,11.372623284657797,6.244314448701011,1.3895617384049628,1019.8333333333334,0.0,0.0,0.0,0.0,50.15743220804466,0.1,0.0,0.0,0.0,0.0,250.0,901.2,0.0,0.0,84.954,0.761,85.715,13.891,0.889,84.826,emon,0.824,0.694,46.8,21.8,2.145
2026-09-17 21:25:02.785,13.3,5,88,11;88;28;6;5;5;6;14;5;5;6;11;5;5;5;11,719,4318,4146;4318;4159;4112;2966;2996;2914;2372;3213;3229;3141;2601;797;805;821;719,1.1,0.0,902.8,0,0,0,0,0,0.0,0,0,0,0,0,0,0,0,0.0,0,0,0,0,0,100.0,0.0,5389.1,0,0,0,67.1,28.57,0.01,0.67,34.89,21.6,63.4,98.84856669108073,0.6471060911814371,16.478936513264973,13.39882787068685,5.246933698654175,1024.0,0.0,0.0,0.0,0.0,50.11152684440216,0.1,0.0,0.0,0.0,0.0,250.0,901.6,0.0,0.0,84.954,0.761,85.715,13.891,0.889,84.826,emon,0.824,0.694,46.8,21.8,2.145
2026-09-17 21:25:03.785,9.6,0,79,3;79;46;2;0;0;0;8;2;0;0;16;0;0;0;0,479,4290,4260;4290;4268;4121;1499;1503;1692;1857;2118;1677;1636;1898;554;513;479;630,1.2,0.0,905.2,0,0,0,0,0,0.0,0,0,0,0,0,0,0,0,0.0,0,0,0,0,0,100.0,0.0,5432.2,0,0,0,67.1,28.57,0.01,0.67,34.89,21.6,63.4,99.13247467750726,1.0984601298736971,18.592200916866922,16.48955567250418,3.091375132532639,1001.3255813953489,0.0,0.0,0.0,0.0,51.39341536892015,0.1,0.0,0.0,0.0,0.0,250.0,905.2,0.0,0.0,84.954,0.761,85.715,13.891,0.889,84.826,emon,0.824,0.694,46.8,21.8,2.145
2026-09-17 21:25:04.786,8.6,0,78,2;78;42;0;0;0;0;8;0;0;0;5;0;0;0;3,636,4312,3984;4312;4163;3960;1047;963;981;1726;1820;1201;1261;1875;781;815;714;636,0.9,0.0,904.9,0,0,0,0,0,0.0,0,0,0,0,0,0,0,0,0.0,0,0,0,0,0,93.3,0.0,5432.2,0,0,0,67.1,18.53,0.01,13.15,37.87,21.6,63.4,98.8862813313802,1.3946173946217943,19.923609226942062,17.341042299444478,2.7271440899494337,1003.1666666666666,0.0,0.0,0.0,0.0,50.21724123942355,0.0,0.0,0.0,0.0,0.0,250.0,904.9,0.0,0.0,84.954,0.761,85.715,13.891,0.889,84.826,emon,0.824,0.694,46.8,21.8,2.145
2026-09-17 21:25:05.786,10.2,0,94,0;32;94;0;0;0;0;22;0;0;0;9;0;0;0;6,610,4358,4109;4145;4358;3722;1491;1177;1196;2095;1309;1209;1197;1856;611;649;610;648,1.0,0.0,906.3,0,0,0,0,0,0.0,0,0,0,0,0,0,0,0,0.0,0,0,0,0,0,100.0,0.0,5432.2,0,0,0,65.1,18.53,0.01,13.15,37.87,21.6,63.4,98.98285949707031,1.043701380547136,19.26490594625473,17.229801757037638,2.4084587566368283,1000.0,0.0,0.0,0.0,0.0,52.208641494512555,0.1,0.0,0.0,0.0,0.0,250.0,906.3,0.0,0.0,84.954,0.761,85.715,13.891,0.889,84.826,emon,0.824,0.694,46.8,21.8,2.145
2026-09-17 21:25:06.787,9.1,0,96,3;27;96;0;0;0;0;8;0;2;0;3;0;0;0;8,675,4392,3928;4173;4392;3983;2123;2349;2971;1899;2007;1912;3115;1743;675;752;685;759,0.6,0.0,911.6,0,0,0,0,0,0.0,0,0,0,0,0,0,0,0,0.0,0,0,0,0,0,92.1,0.0,5432.2,0,0,0,66.1,18.53,0.01,13.15,37.87,21.6,63.4,99.28554037342901,1.31963808980325,18.99336782745693,16.606774403349213,2.2295787432889007,1007.695652173913,0.0,0.0,0.0,0.0,52.38032517420209,0.0,0.0,0.0,0.0,0.0,250.0,911.6,0.0,0.0,84.954,0.761,85.715,13.891,0.889,84.826,emon,0.824,0.694,46.8,21.8,2.145
2026-09-17 21:25:07.787,19.1,0,80,5;58;80;0;2;0;0;35;2;0;0;28;9;6;3;76,762,4190,4062;4103;4190;4064;1997;2828;3104;2022;1658;1689;2435;2166;777;762;829;926,1.7,0.0,898.4,0,0,0,0,0,0.0,0,0,0,0,0,0,0,0,0.0,0,0,0,0,0,96.1,0.0,5432.2,0,0,0,59.1,18.53,0.01,13.15,37.87,21.6,63.4,98.68566370010376,0.49060654756613076,13.67562547326088,8.613840663805604,1.2877619969658554,939.625,0.0,0.0,0.0,0.0,50.15314667671919,0.2,0.0,0.0,0.0,0.0,250.0,898.4,0.0,0.0,83.711,0.755,84.465,12.915,0.827,83.638,emon,0.831,0.701,47.4,22.0,2.152
2026-09-17 21:25:08.788,16.3,0,82,11;82;62;3;0;0;0;27;3;0;2;25;5;3;9;28,785,4197,4032;4197;4150;4008;1987;2519;2192;2073;3249;1398;1422;2096;820;785;883;899,0.7,0.0,899.6,0,0,0,0,0,0.0,0,0,0,0,0,0,0,0,0.0,0,0,0,0,0,94.5,0.0,5432.2,0,0,0,61.1,17.55,0.01,3.35,33.51,21.6,63.4,98.86568531237151,0.953425030910263,15.104414745381003,10.81617585295125,0.5815097830797497,820.0526315789474,0.0,0.0,0.0,0.0,53.01836932881882,0.2,0.0,0.0,0.0,0.0,250.0,899.6,0.0,0.0,83.711,0.755,84.465,12.915,0.827,83.638,emon,0.831,0.701,47.4,22.0,2.152
2026-09-17 21:25:09.789,19.8,0,67,6;67;50;9;2;0;0;62;0;0;0;36;15;3;0;66,779,4124,3879;4124;3859;3458;3018;3222;3255;2852;2196;2899;2281;2187;887;842;779;919,0.0,0.0,901.3,0,0,0,0,0,0.0,0,0,0,0,0,0,0,0,0.0,0,0,0,0,0,98.2,0.0,5432.2,0,0,0,62.1,17.55,0.01,3.35,33.51,21.7,63.4,98.23989009857178,1.4199698958545923,18.875154614448547,15.588130861520767,3.078253004932776,692.75,0.0,0.0,0.0,0.0,50.20689445035532,0.0,0.0,0.0,0.0,0.0,250.0,901.3,0.0,0.0,83.711,0.755,84.465,12.915,0.827,83.638,emon,0.831,0.701,47.4,22.0,2.152
2026-09-17 21:25:10.789,11.9,0,92,2;32;92;0;2;2;3;16;3;2;0;18;3;0;3;14,746,4305,3989;4068;4305;4127;2174;2218;2023;2151;2441;1830;2507;1778;822;762;746;751,0.0,0.0,901.3,0,0,0,0,0,0.0,0,0,0,0,0,0,0,0,0.0,0,0,0,0,0,98.1,0.0,5432.2,0,0,0,63.1,17.55,0.01,3.35,33.51,21.7,63.4,98.35501792214133,1.042935233224522,18.70958761735396,15.677974939346313,3.8384825966574927,949.0,0.0,0.0,0.0,0.0,50.149014323949814,0.1,0.0,0.0,0.0,0.0,250.0,901.3,0.0,0.0,83.711,0.755,84.465,12.915,0.827,83.638,emon,0.831,0.701,47.4,22.0,2.152
2026-09-17 21:25:11.790,13.9,2,92,14;29;92;5;3;2;2;26;3;3;2;18;5;3;3;12,709,4243,4027;3978;4243;4115;2872;3296;3264;2245;3138;2913;3019;2054;728;709;772;814,0.7,0.0,898.4,0,0,0,0,0,0.0,0,0,0,0,0,0,0,0,0.0,0,0,0,0,0,93.9,0.0,5432.2,0,0,0,61.1,17.55,0.01,3.35,33.51,21.7,63.4,98.4365541934967,0.4770368852186948,15.75936709344387,10.802674050442874,1.2228401616448537,973.21875,0.0,0.0,0.0,0.0,50.16352581768297,0.1,0.0,0.0,0.0,0.0,250.0,898.4,0.0,0.0,83.711,0.755,84.465,12.915,0.827,83.638,emon,0.831,0.701,47.4,22.0,2.152
2026-09-17 21:25:12.790,11.4,0,96,2;36;96;0;0;0;0;23;0;0;0;12;3;0;2;9,886,4352,4033;4148;4352;4082;1481;1703;2013;1849;2219;1677;1593;1992;886;996;1007;935,0.0,0.0,899.9,0,0,0,0,0,0.0,0,0,0,0,0,0,0,0,0.0,0,0,0,0,0,92.2,0.0,5432.2,0,0,0,64.1,17.3,0.01,15.06,39.53,21.7,63.4,98.01223993301392,0.45532827731221914,11.285713493824005,6.2507958225905895,1.1491134315729141,820.875,0.0,0.0,0.0,0.0,50.24288774840534,0.1,0.0,0.0,0.0,0.0,250.0,899.9,0.0,0.0,83.711,0.755,84.465,12.915,0.827,83.638,emon,0.831,0.701,47.4,22.0,2.152
2026-09-17 21:25:13.790,14.0,0,89,16;11;89;2;11;0;0;25;14;0;0;33;11;0;0;13,793,4291,3815;3794;4291;3871;2155;2645;2092;2077;2170;2556;2226;2696;916;793;799;942,0.0,0.0,899.9,0,0,0,0,0,0.0,0,0,0,0,0,0,0,0,0.0,0,0,0,0,0,92.2,0.0,5432.2,0,0,0,63.1,17.3,0.01,15.06,39.53,21.7,63.4,98.79421458524816,1.1147829471703838,18.885236242238214,16.71426625841973,2.403419388752595,946.0588235294117,0.0,0.0,0.0,0.0,51.25516855307654,0.1,0.0,0.0,0.0,0.0,250.0,901.4,0.0,0.0,83.711,0.755,84.465,12.915,0.827,83.638,emon,0.831,0.701,47.4,22.0,2.152
2026-09-17 21:25:14.791,12.0,0,79,79;6;52;3;30;0;0;0;16;2;0;0;5;0;0;0,565,4340,4340;3984;4244;4016;1977;1454;1389;1248;2000;2963;1424;1610;868;599;565;740,0.0,0.0,901.4,0,0,0,0,0,0.0,0,0,0,0,0,0,0,0,0.0,0,0,0,0,0,93.4,0.0,5432.2,0,0,0,66.1,17.3,0.01,15.06,39.53,21.7,63.4,98.64374415079753,1.3685049793372552,21.1509626408418,18.590291313827038,2.380586354255987,1001.0833333333334,0.0,0.0,0.0,0.0,50.1567149721086,0.0,0.0,0.0,0.0,0.0,250.0,902.8,0.0,0.0,83.711,0.755,84.465,12.915,0.827,83.638,emon,0.831,0.701,47.4,22.0,2.152
2026-09-17 21:25:15.791,11.8,0,92,29;3;92;2;23;2;0;0;20;3;2;0;8;3;3;0,669,4298,4008;3817;4298;3891;2016;1919;1670;1458;2015;2730;2383;2222;911;791;799;669,0.7,0.0,902.6,0,0,0,0,0,0.0,0,0,0,0,0,0,0,0,0.0,0,0,0,0,0,100.0,0.0,5432.2,0,0,0,64.1,17.3,0.01,15.06,39.53,21.7,63.4,97.89694387262517,0.7514888508753343,16.762554862282492,12.345853653821079,2.4375513683665884,883.0909090909091,0.0,0.0,0.0,0.0,50.240598767995834,0.1,0.0,0.0,0.0,0.0,250.0,898.3,0.0,0.0,83.711,0.755,84.465,12.915,0.827,83.638,emon,0.831,0.701,47.4,22.0,2.152
2026-09-17 21:25:16.792,18.1,2,75,75;19;59;5;38;3;2;3;38;9;3;2;16;8;6;3,795,4239,4239;4063;4213;4032;2124;3208;3166;2606;2013;2657;2184;3218;871;795;809;865,1.3,0.0,901.8,0,0,0,0,0,0.0,0,0,0,0,0,0,0,0,0.0,0,0,0,0,0,100.0,0.0,5432.2,0,0,0,65.1,17.97,0.01,3.32,34.15,21.7,63.4,99.49088668823242,0.7827718257904053,33.215335845947266,31.009851455688477,1.5540156364440918,1099.0,0.0,0.0,0.0,0.0,50.10649264603853,0.1,0.0,0.0,0.0,0.0,250.0,901.8,0.0,0.0,83.711,0.755,84.465,12.915,0.827,83.638,emon,0.831,0.701,47.4,22.0,2.152
2026-09-17 21:25:17.794,14.9,0,82,40;8;82;0;38;0;0;0;36;5;0;0;23;5;2;0,674,4247,4092;4074;4247;3632;1934;1771;1754;1304;1885;1578;1551;2250;963;965;801;674,1.1,0.0,901.8,0,0,0,0,0,0.0,0,0,0,0,0,0,0,0,0.0,0,0,0,0,0,100.0,0.0,5432.2,0,0,0,64.1,17.97,0.01,3.32,34.15,21.7,63.4,98.7130252756971,0.7417392960373075,15.506290113672296,11.387091814837557,1.1121087661954236,804.3191489361702,0.0,0.0,0.0,0.0,52.398756397531386,0.2,0.0,0.0,0.0,0.0,250.0,900.1,0.0,0.0,83.711,0.755,84.465,12.915,0.827,83.638,emon,0.831,0.701,47.4,22.0,2.152
2026-09-17 21:25:18.794,16.2,2,77,77;9;58;5;29;2;2;5;42;2;2;2;12;2;2;11,826,4270,4270;4100;4255;4072;1969;2852;3003;1889;1879;2977;2805;2134;917;826;955;909,1.0,0.0,901.3,0,0,0,0,0,0.0,0,0,0,0,0,0,0,0,0.0,0,0,0,0,0,100.0,0.0,5432.2,0,0,0,66.1,17.97,0.01,3.32,34.15,21.7,63.4,98.59771401541573,1.4877006581851415,20.785797391619003,19.01344612666539,4.335584092353072,913.2857142857143,0.0,0.0,0.0,0.0,50.1697434644614,0.1,0.0,0.0,0.0,0.0,250.0,901.3,0.0,0.0,83.711,0.755,84.465,12.915,0.827,83.638,emon,0.831,0.701,47.4,22.0,2.152
2026-09-17 21:25:19.794,15.0,0,71,65;6;71;3;52;0;0;3;31;0;0;0;8;0;0;0,552,4241,3833;4004;4163;4241;2727;1524;1367;1556;2012;2453;1278;1333;884;826;552;920,1.1,0.0,903.2,0,0,0,0,0,0.0,0,0,0,0,0,0,0,0,0.0,0,0,0,0,0,92.6,0.0,5432.2,0,0,0,62.1,17.97,0.01,3.32,34.15,21.7,63.4,98.70258407592773,0.9662385821342468,17.910015296936034,15.355553245544433,3.1224592685699464,1014.0,0.0,0.0,0.0,0.0,50.171429926156996,0.1,0.0,0.0,0.0,0.0,250.0,903.2,0.0,0.0,61.771,4.687,66.458,36.168,2.315,64.143,emon,0.79,0.338,56.6,26.4,2.143
2026-09-17 21:25:20.795,14.8,0,81,81;5;52;2;44;0;0;0;35;0;3;0;14;0;0;0,476,4298,4298;4043;4125;4162;2126;1347;1235;1352;2248;2366;1719;1570;927;579;476;632,0.5,0.0,903.2,0,0,0,0,0,0.0,0,0,0,0,0,0,0,0,0.0,0,0,0,0,0,91.5,0.0,5432.2,0,0,0,64.1,18.05,0.01,14.21,40.04,21.7,63.4,98.57388305664062,1.5485781361348927,20.638663858175278,18.138544197504718,2.2299107272798815,876.0833333333334,0.0,0.0,0.0,0.0,50.17969835177064,0.0,0.0,0.0,0.0,0.0,250.0,903.2,0.0,0.0,61.771,4.687,66.458,36.168,2.315,64.143,emon,0.79,0.338,56.6,26.4,2.143
2026-09-17 21:25:21.795,14.9,0,71,56;3;71;0;30;0;0;0;55;3;0;0;16;2;3;0,562,4100,4100;3840;4076;3960;1763;2117;1775;1242;2738;2578;2222;1912;943;777;856;562,0.4,0.0,903.2,0,0,0,0,0,0.0,0,0,0,0,0,0,0,0,0.0,0,0,0,0,0,94.4,0.0,5432.2,0,0,0,59.1,18.05,0.01,14.21,40.04,21.7,63.4,98.49063809712727,0.29023472716410953,12.33356523513794,6.414203882217407,0.8473982612291971,982.3333333333334,0.0,0.0,0.0,0.0,50.15196197231611,0.1,0.0,0.0,0.0,0.0,250.0,903.2,0.0,0.0,61.771,4.687,66.458,36.168,2.315,64.143,emon,0.79,0.338,56.6,26.4,2.143
2026-09-17 21:25:22.795,16.4,0,77,59;5;77;2;54;2;0;0;54;0;0;0;11;0;0;0,586,4200,3996;3771;4200;4037;2425;1927;2443;1500;2667;2724;2674;3088;947;858;586;622,0.3,0.0,901.3,0,0,0,0,0,0.0,0,0,0,0,0,0,0,0,0.0,0,0,0,0,0,100.0,0.0,5432.2,0,0,0,62.1,18.05,0.01,14.21,40.04,21.7,63.4,98.97201554318691,1.2085776120979101,17.87541061766604,15.96089249722501,1.9226116708460006,899.0,0.0,0.0,0.0,0.0,51.39808366986665,0.1,0.0,0.0,0.0,0.0,250.0,901.3,0.0,0.0,61.771,4.687,66.458,36.168,2.315,64.143,emon,0.79,0.338,56.6,26.4,2.143
2026-09-17 21:25:23.796,15.2,0,80,80;3;60;2;25;0;0;0;52;0;0;0;17;2;2;0,756,4227,4227;4069;4059;3900;2066;1488;1205;1226;2663;2249;1666;2007;928;983;842;756,0.0,0.0,903.2,0,0,0,0,0,0.0,0,0,0,0,0,0,0,0,0.0,0,0,0,0,0,100.0,0.0,5432.2,0,0,0,61.1,18.05,0.01,14.21,40.04,21.7,63.4,99.03954523259944,1.1270687999203801,20.198972393165935,18.159036163917996,2.6623916057023136,955.8181818181819,0.0,0.0,0.0,0.0,50.122378008609466,0.1,0.0,0.0,0.0,0.0,250.0,903.2,0.0,0.0,61.771,4.687,66.458,36.168,2.315,64.143,emon,0.79,0.338,56.6,26.4,2.143
2026-09-17 21:25:24.798,14.6,0,67,55;9;52;0;41;0;0;0;67;0;0;0;9;0;0;0,538,4119,3778;3988;4016;4119;1750;1991;1226;1215;3018;1835;3102;1410;916;643;538;1053,0.0,0.0,903.2,0,0,0,0,0,0.0,0,0,0,0,0,0,0,0,0.0,0,0,0,0,0,97.4,0.0,5432.2,0,0,0,60.1,18.06,0.01,3.33,34.24,21.7,63.4,98.35887304941814,1.6105552640122671,20.402685607473057,18.01471401937306,2.0480659495612294,836.5,0.0,0.0,0.0,0.0,50.1855240277946,0.1,0.0,0.0,0.0,0.0,250.0,903.2,0.0,0.0,61.771,4.687,66.458,36.168,2.315,64.143,emon,0.79,0.338,56.6,26.4,2.143
2026-09-17 21:25:25.798,16.2,0,91,44;13;91;5;31;2;2;0;22;2;2;0;36;5;3;5,812,4321,3902;3976;4321;4175;1962;2610;2287;1993;1875;2459;2412;2532;919;827;911;812,0.0,0.0,903.2,0,0,0,0,0,0.0,0,0,0,0,0,0,0,0,0.0,0,0,0,0,0,98.8,0.0,5432.2,0,0,0,63.1,18.06,0.01,3.33,34.24,21.7,63.4,99.09980149702592,1.253379610853947,19.186647187579762,17.133174868808553,1.917351170167835,887.6363636363636,0.0,0.0,0.0,0.0,52.51213755848055,0.1,0.0,0.0,0.0,0.0,250.0,903.2,0.0,0.0,61.771,4.687,66.458,36.168,2.315,64.143,emon,0.79,0.338,56.6,26.4,2.143
2026-09-17 21:25:26.798,14.5,0,88,40;2;88;0;40;2;0;0;41;3;2;0;14;3;0;0,594,4216,3957;3982;4216;3994;1972;1318;1710;1287;2059;1517;1046;1954;895;946;594;762,0.0,0.0,903.2,0,0,0,0,0,0.0,0,0,0,0,0,0,0,0,0.0,0,0,0,0,0,98.8,0.0,5432.2,0,0,0,61.1,18.06,0.01,3.33,34.24,21.7,63.4,98.30640871384564,0.47483735619222417,13.72452316564672,8.368754915454808,0.9306580862578224,863.7058823529412,0.0,0.0,0.0,0.0,50.20427719525554,0.2,0.0,0.0,0.0,0.0,250.0,898.4,0.0,0.0,61.771,4.687,66.458,36.168,2.315,64.143,emon,0.79,0.338,56.6,26.4,2.143
2026-09-17 21:25:27.799,16.0,0,91,32;14;91;2;42;0;0;3;44;6;0;0;23;0;0;0,740,4317,3959;4061;4317;4095;1885;1678;1536;1293;2343;1546;1579;1757;949;740;961;833,0.5,0.0,898.4,0,0,0,0,0,0.0,0,0,0,0,0,0,0,0,0.0,0,0,0,0,0,91.9,0.0,5432.2,0,0,0,63.1,17.31,0.01,14.34,39.32,21.7,63.4,97.96614946637835,1.1323995675359453,18.52187728881836,16.335327557155065,4.087280409676688,849.0,0.0,0.0,0.0,0.0,50.18255455259766,0.1,0.0,0.0,0.0,0.0,250.0,901.8,0.0,0.0,61.771,4.687,66.458,36.168,2.315,64.143,emon,0.79,0.338,56.6,26.4,2.143
2026-09-17 21:25:28.799,14.9,0,69,69;5;62;0;63;0;0;0;36;0;0;0;3;0;0;0,492,3936,3836;3936;3878;3708;2934;3095;2666;1939;1753;1731;1921;2642;939;748;492;586,0.6,0.0,901.8,0,0,0,0,0,0.0,0,0,0,0,0,0,0,0,0.0,0,0,0,0,0,94.4,0.0,5432.2,0,0,0,54.1,17.31,0.01,14.34,39.32,21.7,63.4,98.21424935080789,1.0622456073760986,16.28175640106201,13.503367987546055,2.640953226522966,937.6363636363636,0.0,0.0,0.0,0.0,50.19932463155551,0.1,0.0,0.0,0.0,0.0,250.0,901.8,0.0,0.0,61.771,4.687,66.458,36.168,2.315,64.143,emon,0.79,0.338,56.6,26.4,2.143
2026-09-17 21:25:29.799,14.9,0,77,77;0;56;2;49;0;0;0;41;2;0;0;12;0;0;0,572,4228,4228;4079;4026;3931;2668;3202;1891;1591;1861;2272;1754;2658;915;920;832;572,0.6,0.0,904.6,0,0,0,0,0,0.0,0,0,0,0,0,0,0,0,0.0,0,0,0,0,0,92.5,0.0,5432.2,0,0,0,63.1,17.31,0.01,14.34,39.32,21.7,63.4,98.76053206125896,1.5181872059280674,21.283570259809494,18.723044748728473,2.2926448366645977,921.9166666666666,0.0,0.0,0.0,0.0,50.152439408004284,0.0,0.0,0.0,0.0,0.0,250.0,904.6,0.0,0.0,61.771,4.687,66.458,36.168,2.315,64.143,emon,0.79,0.338,56.6,26.4,2.143
2026-09-17 21:25:30.800,15.3,0,74,64;12;74;0;51;0;0;3;27;2;0;0;14;0;0;0,563,4061,3957;3949;4061;3896;2703;3172;3060;1655;2115;2725;2044;1644;907;766;768;563,1.4,0.0,902.9,0,0,0,0,0,0.0,0,0,0,0,0,0,0,0,0.0,0,0,0,0,0,100.0,0.0,5432.2,0,0,0,56.1,17.31,0.01,14.34,39.32,21.7,63.4,98.29084765911102,0.33604196581291035,11.944325871765614,6.18925410322845,1.4783961717621423,976.34375,0.0,0.0,0.0,0.0,50.18138691340573,0.2,0.0,0.0,0.0,0.0,250.0,898.4,0.0,0.0,61.771,4.687,66.458,36.168,2.315,64.143,emon,0.79,0.338,56.6,26.4,2.143
2026-09-17 21:25:31.800,15.1,0,72,67;8;72;0;41;2;0;3;31;0;0;0;19;0;0;0,518,4255,4255;4066;4187;4133;2026;1215;1657;1334;1903;1812;1391;1513;916;547;601;518,1.1,0.0,899.8,0,0,0,0,0,0.0,0,0,0,0,0,0,0,0,0.0,0,0,0,0,0,93.8,0.0,5432.2,0,0,0,64.1,17.49,0.02,3.33,33.35,21.7,63.4,98.92462074973366,1.0197572804310104,16.92921120903709,14.601744733615355,2.78077869489789,950.8181818181819,0.0,0.0,0.0,0.0,52.96888597932729,0.1,0.0,0.0,0.0,0.0,250.0,899.8,0.0,0.0,86.693,0.853,87.546,29.985,1.919,85.627,emon,0.819,0.622,48.4,22.6,2.141
2026-09-17 21:25:32.814,35.5,0,89,72;59;83;48;57;23;5;2;89;31;15;11;59;12;2;0,1686,4701,4686;4699;4678;4701;3047;3234;3199;2624;3346;3358;3403;3380;2626;1686;2084;1952,0.9,0.0,902.9,0,0,0,0,0,0.0,0,0,0,0,0,0,0,0,0.0,0,0,0,0,0,8.8,0.0,2034.5,0,0,0,70.1,17.49,0.02,3.33,33.35,16.3,63.4,98.90185374598349,1.2138217458681715,23.138619942049825,21.40279882809808,2.5551816591647483,1176.4193548387098,0.0,0.0,0.0,0.0,51.80453409566994,0.1,0.0,0.0,0.0,0.0,450.0,902.9,0.0,0.0,86.693,0.853,87.546,29.985,1.919,85.627,emon,0.819,0.622,48.4,22.6,2.141
2026-09-17 21:25:33.815,25.6,0,91,83;16;91;2;56;8;0;0;81;3;0;0;68;3;0;0,1934,4722,4695;4722;4701;4690;2868;3272;3135;2153;3366;3163;1934;3060;2713;2375;2356;2562,1.0,0.0,904.5,0,0,0,0,0,0.0,0,0,0,0,0,0,0,0,0.0,0,0,0,0,0,0.0,0.0,0.0,0,0,0,72.1,17.49,0.02,3.33,33.35,16.3,63.4,98.38771305913511,0.9853258634836454,19.004523919976275,16.66863927990198,2.3136938596549244,1142.4782608695652,0.0,0.0,0.0,0.0,52.49149668216705,0.1,0.0,0.0,0.0,0.0,450.0,904.5,0.0,0.0,86.693,0.853,87.546,29.985,1.919,85.627,emon,0.819,0.622,48.4,22.6,2.141
2026-09-17 21:25:34.829,34.2,9,95,76;38;95;20;68;13;9;9;75;17;9;9;80;11;9;9,2819,4722,4679;4714;4698;4722;3203;3149;3450;3356;3147;3308;3450;3449;2949;2819;2979;2987,1.0,0.0,898.4,0,0,0,0,0,0.0,0,0,0,0,0,0,0,0,0.0,0,0,0,0,0,0.0,0.0,0.0,0,0,0,71.1,17.49,0.02,3.33,33.35,19.9,63.4,98.10736111232212,0.5566782744690066,14.876845947333745,10.84224221784444,1.4223832370736913,1153.1666666666667,0.0,0.0,0.0,0.0,51.48571162067709,0.1,0.0,0.0,0.0,0.0,300.0,898.4,0.0,0.0,86.693,0.853,87.546,29.985,1.919,85.627,emon,0.819,0.622,48.4,22.6,2.141
2026-09-17 21:25:35.829,77.8,68,97,92;81;97;73;77;81;73;72;92;76;73;70;78;69;68;73,2830,4706,4700;4706;4701;4700;3308;3418;3442;3431;3372;3427;3394;3427;2830;2915;2919;2924,1.0,0.0,901.8,0,0,0,0,0,0.0,0,0,0,0,0,0,0,0,0.0,0,0,0,0,0,0.0,0.0,4342.3,0,0,0,84.1,31.29,0.01,0.52,37.81,24.2,63.4,98.46065208239433,1.146669375590789,22.91849561838003,18.56046578211662,2.0520859208937066,1124.6410256410256,0.0,0.0,0.0,0.0,51.45712997286748,0.1,0.0,0.0,0.0,0.0,450.0,901.8,0.0,0.0,86.693,0.853,87.546,29.985,1.919,85.627,emon,0.819,0.622,48.4,22.6,2.141
2026-09-17 21:25:36.829,20.8,0,88,72;21;88;5;63;0;0;0;41;2;0;0;36;5;2;0,943,4720,4592;4698;4715;4720;3026;2672;3257;1940;2536;2469;2129;2225;1743;1481;1148;943,0.1,0.0,904.1,0,0,0,0,0,0.0,0,0,0,0,0,0,0,0,0.0,0,0,0,0,0,0.0,0.0,4343.4,0,0,0,76.1,31.29,0.01,0.52,37.81,24.2,63.4,97.90036174229213,0.5561171301773616,15.708484513419014,12.08051872253418,4.301421063286917,1199.0,0.0,0.0,0.0,0.0,50.22166414984635,0.1,0.0,0.0,0.0,0.0,450.0,904.1,0.0,0.0,86.693,0.853,87.546,29.985,1.919,85.627,emon,0.819,0.622,48.4,22.6,2.141
2026-09-17 21:25:37.830,19.7,0,84,58;14;84;11;52;3;0;0;65;2;0;0;25;2;2;0,1082,4707,4475;4694;4641;4707;3026;3133;1895;1929;3146;2767;3125;3230;1594;1301;1082;1124,0.0,0.0,904.8,0,0,0,0,0,0.0,0,0,0,0,0,0,0,0,0.0,0,0,0,0,0,0.0,0.0,4343.4,0,0,0,80.1,31.29,0.01,0.52,37.81,24.3,63.4,98.45428689320882,1.2285733739845455,21.596300443013508,18.757650432487328,2.657569043272815,1080.25,0.0,0.0,0.0,0.0,50.26411461643875,0.0,0.0,0.0,0.0,0.0,450.0,904.8,0.0,0.0,86.693,0.853,87.546,29.985,1.919,85.627,emon,0.819,0.622,48.4,22.6,2.141
2026-09-17 21:25:38.830,20.2,0,86,67;16;86;8;34;2;0;3;71;2;0;0;31;5;0;0,1381,4722,4629;4715;4719;4722;2220;3077;2024;1381;3298;3081;3360;2971;1529;1839;1877;1449,0.0,0.0,903.6,0,0,0,0,0,0.0,0,0,0,0,0,0,0,0,0.0,0,0,0,0,0,0.0,0.0,4343.4,0,0,0,83.1,31.29,0.01,0.52,37.81,24.3,63.4,97.8677848180135,0.8382905427521715,17.578041325012844,14.543475789949298,1.7468000825756462,1149.0,0.0,0.0,0.0,0.0,52.37995133611063,0.1,0.0,0.0,0.0,0.0,450.0,903.6,0.0,0.0,86.693,0.853,87.546,29.985,1.919,85.627,emon,0.819,0.622,48.4,22.6,2.141
2026-09-17 21:25:39.830,22.8,0,89,52;23;89;8;81;8;0;3;39;9;6;0;34;9;2;0,1087,4723,4516;4684;4703;4723;3341;3331;2873;2826;2341;3138;3415;3177;1628;1987;1112;1087,0.0,0.0,903.6,0,0,0,0,0,0.0,0,0,0,0,0,0,0,0,0.0,0,0,0,0,0,0.0,0.0,4343.4,0,0,0,81.1,29.26,0.01,0.36,33.56,24.3,63.4,98.04216743238044,0.955416015490438,16.611558690215602,12.930125045505436,1.4211805240466315,1041.4242424242425,0.0,0.0,0.0,0.0,51.88279192646345,0.1,0.0,0.0,0.0,0.0,450.0,908.8,0.0,0.0,86.693,0.853,87.546,29.985,1.919,85.627,emon,0.819,0.622,48.4,22.6,2.141
2026-09-17 21:25:40.830,16.6,0,89,37;3;85;2;89;0;0;0;38;0;0;0;9;3;0;0,949,4728,4408;4558;4714;4728;3405;3234;3442;2976;2564;2697;2380;2103;1314;1133;1070;949,0.0,0.0,908.8,0,0,0,0,0,0.0,0,0,0,0,0,0,0,0,0.0,0,0,0,0,0,0.0,0.0,4343.4,0,0,0,75.1,29.26,0.01,0.36,33.56,24.3,63.4,97.94308344523112,1.3136261758239318,21.53198939561844,18.757683386405308,1.9742873373130958,1144.8333333333333,0.0,0.0,0.0,0.0,50.219240045795836,0.0,0.0,0.0,0.0,0.0,450.0,903.7,0.0,0.0,86.693,0.853,87.546,29.985,1.919,85.627,emon,0.819,0.622,48.4,22.6,2.141
2026-09-17 21:25:41.830,18.8,0,89,62;12;89;6;78;2;0;0;28;0;0;0;22;0;2;0,1090,4727,4580;4667;4692;4727;3312;3199;3035;2477;2140;2480;2167;2336;1788;1134;1229;1090,0.0,0.0,903.7,0,0,0,0,0,0.0,0,0,0,0,0,0,0,0,0.0,0,0,0,0,0,0.0,0.0,4343.4,0,0,0,74.1,29.26,0.01,0.36,33.56,24.3,63.4,98.00005792688441,1.1020043930383745,19.148949433256078,16.13765642102118,2.036821684054168,1099.0,0.0,0.0,0.0,0.0,52.18932158251604,0.1,0.0,0.0,0.0,0.0,450.0,908.9,0.0,0.0,86.693,0.853,87.546,29.985,1.919,85.627,emon,0.819,0.622,48.4,22.6,2.141
2026-09-17 21:25:42.831,17.9,0,92,69;8;92;3;70;0;0;0;25;6;0;0;12;0;0;0,864,4729,4616;4694;4720;4729;3297;2990;3123;2363;2184;2524;2313;1858;1619;1119;908;864,0.1,0.0,908.9,0,0,0,0,0,0.0,0,0,0,0,0,0,0,0,0.0,0,0,0,0,0,0.0,0.0,4343.4,0,0,0,75.1,29.26,0.01,0.36,33.56,24.4,63.4,98.1924057006836,1.3243866639677435,20.098642513155937,17.10463649407029,1.5782671410415787,1111.5,0.0,0.0,0.0,0.0,50.19602863211185,0.0,0.0,0.0,0.0,0.0,450.0,908.9,0.0,0.0,86.693,0.853,87.546,29.985,1.919,85.627,emon,0.819,0.622,48.4,22.6,2.141
2026-09-17 21:25:43.831,21.4,0,97,34;47;97;2;43;12;3;3;13;19;0;2;41;27;0;0,1173,4728,4638;4710;4717;4728;3191;2377;1478;1759;2368;2462;1894;2806;2383;1379;1173;1240,0.5,0.0,908.9,0,0,0,0,0,0.0,0,0,0,0,0,0,0,0,0.0,0,0,0,0,0,0.0,0.0,4343.4,0,0,0,82.1,26.43,0.01,0.38,30.68,24.3,63.4,98.00106093462776,0.5905504913124091,15.162547118523541,11.108575327869724,1.6193189926273002,1139.4411764705883,0.0,0.0,0.0,0.0,51.78737588161055,0.1,0.0,0.0,0.0,0.0,450.0,908.9,0.0,0.0,1.973,1.022,2.995,34.732,2.223,0.772,emon,0.889,0.736,30.7,14.3,2.154
2026-09-17 21:25:44.832,19.5,0,91,5;69;91;5;0;58;2;0;0;62;0;0;0;22;0;0,1076,4728,4433;4011;4654;4728;2883;2849;2825;1820;3109;3141;2793;3424;1076;1526;1281;1468,0.9,0.0,903.6,0,0,0,0,0,0.0,0,0,0,0,0,0,0,0,0.0,0,0,0,0,0,0.0,0.0,4343.4,0,0,0,65.1,26.43,0.01,0.38,30.68,24.4,63.4,98.43227516336644,0.9920440580933652,19.24645436063726,16.992196722233547,2.296721045007097,1067.0851063829787,0.0,0.0,0.0,0.0,51.36646829069929,0.1,0.0,0.0,0.0,0.0,450.0,903.7,0.0,0.0,1.973,1.022,2.995,34.732,2.223,0.772,emon,0.889,0.736,30.7,14.3,2.154
2026-09-17 21:25:45.832,20.0,0,88,16;52;88;5;0;66;0;0;0;62;0;0;0;30;2;2,1133,4593,4490;4163;4593;4382;2247;3156;2712;2149;2995;2989;2220;3348;1133;1482;1756;1243,0.8,0.0,903.7,0,0,0,0,0,0.0,0,0,0,0,0,0,0,0,0.0,0,0,0,0,0,0.0,0.0,4343.4,0,0,0,68.1,26.43,0.01,0.38,30.68,24.4,63.4,97.24441707835479,0.3727608210790683,11.766934142393225,6.410475316293099,1.7387431754785425,1099.735294117647,0.0,0.0,0.0,0.0,50.24576758198879,0.1,0.0,0.0,0.0,0.0,450.0,898.4,0.0,0.0,1.973,1.022,2.995,34.732,2.223,0.772,emon,0.889,0.736,30.7,14.3,2.154
2026-09-17 21:25:46.832,20.1,0,95,13;58;95;3;0;73;2;0;0;52;0;0;0;22;3;0,1068,4631,4181;4304;4631;4542;2757;3296;2584;2756;2285;2616;2236;1528;2410;1550;1294;1068,1.2,0.0,901.9,0,0,0,0,0,0.0,0,0,0,0,0,0,0,0,0.0,0,0,0,0,0,0.0,0.0,4343.4,0,0,0,64.1,26.43,0.01,0.38,30.68,24.4,63.4,97.98645945957729,0.762634915964944,19.319677761622838,16.480041640145437,5.316848414284842,1106.142857142857,0.0,0.0,0.0,0.0,50.20091308334044,0.1,0.0,0.0,0.0,0.0,450.0,901.9,0.0,0.0,1.973,1.022,2.995,34.732,2.223,0.772,emon,0.889,0.736,30.7,14.3,2.154
2026-09-17 21:25:47.832,21.1,0,89,15;61;89;6;0;86;0;0;0;38;2;0;3;32;3;2,1313,4715,4500;4450;4613;4715;3440;3335;3329;2794;1788;2216;1990;2135;1354;1635;1447;1313,0.8,0.0,904.0,0,0,0,0,0,0.0,0,0,0,0,0,0,0,0,0.0,0,0,0,0,0,0.0,0.0,4343.4,0,0,0,65.1,24.16,0.01,0.39,28.57,24.4,63.4,97.67947896321614,0.5950377186139425,15.634324391682943,11.438278834025065,4.241429090499878,765.6666666666666,0.0,0.0,0.0,0.0,50.29782281816006,0.1,0.0,0.0,0.0,0.0,450.0,904.0,0.0,0.0,1.973,1.022,2.995,34.732,2.223,0.772,emon,0.889,0.736,30.7,14.3,2.154
2026-09-17 21:25:48.833,19.9,0,89,5;56;84;6;0;89;2;3;0;33;0;0;0;34;3;3,1109,4625,4611;4345;4625;4498;3173;3343;1889;2891;2663;2299;2065;2910;1109;1537;1198;1184,1.3,0.0,898.4,0,0,0,0,0,0.0,0,0,0,0,0,0,0,0,0.0,0,0,0,0,0,0.0,0.0,4343.4,0,0,0,61.1,24.16,0.01,0.39,28.57,24.4,63.4,96.58630630493164,0.2429416336119175,9.407993402481079,3.9248210299015045,1.5500541311502456,1113.0,0.0,0.0,0.0,0.0,50.2869150352478,0.1,0.0,0.0,0.0,0.0,450.0,898.4,0.0,0.0,1.973,1.022,2.995,34.732,2.223,0.772,emon,0.889,0.736,30.7,14.3,2.154
2026-09-17 21:25:49.841,20.4,0,92,14;74;92;3;0;71;6;0;0;38;0;0;0;24;2;2,1052,4665,4657;4653;4643;4665;2652;3187;2814;2269;2517;2492;1643;2614;1052;1581;1206;1186,1.1,0.0,900.2,0,0,0,0,0,0.0,0,0,0,0,0,0,0,0,0.0,0,0,0,0,0,0.0,0.0,4343.4,0,0,0,71.1,24.16,0.01,0.39,28.57,24.4,63.4,97.90081024169922,0.5558397769927979,15.801803588867188,12.483777046203613,3.3947196006774902,1199.0,0.0,0.0,0.0,0.0,50.219663336873055,0.1,0.0,0.0,0.0,0.0,450.0,898.4,0.0,0.0,1.973,1.022,2.995,34.732,2.223,0.772,emon,0.889,0.736,30.7,14.3,2.154
2026-09-17 21:25:50.842,19.8,0,88,19;59;88;2;0;28;0;0;0;77;2;0;0;42;0;0,1125,4643,4485;4497;4643;4599;1833;2277;1530;1284;1876;3269;2747;1903;1125;1596;1255;1168,0.6,0.0,903.3,0,0,0,0,0,0.0,0,0,0,0,0,0,0,0,0.0,0,0,0,0,0,0.0,0.0,4343.4,0,0,0,67.1,24.16,0.01,0.39,28.57,24.5,63.4,97.42398997715541,0.8230497481700565,17.725808686869485,13.856466732493468,1.6057850099734163,1119.0,0.0,0.0,0.0,0.0,51.729104129544325,0.1,0.0,0.0,0.0,0.0,450.0,900.2,0.0,0.0,1.973,1.022,2.995,34.732,2.223,0.772,emon,0.889,0.736,30.7,14.3,2.154
2026-09-17 21:25:51.842,20.3,0,88,6;77;88;8;0;28;0;0;0;77;5;2;0;34;0;2,1329,4669,4660;4474;4669;4652;2247;2473;1873;1329;3243;3320;1993;1860;1394;1635;1534;1622,0.9,0.0,901.5,0,0,0,0,0,0.0,0,0,0,0,0,0,0,0,0.0,0,0,0,0,0,0.0,0.0,4343.4,0,0,0,68.1,24.21,0.01,0.4,29.05,24.4,63.4,97.88894233703613,0.5429722458007745,13.89722262173891,10.321392051689326,1.227131938538514,980.25,0.0,0.0,0.0,0.0,51.555280555412175,0.1,0.0,0.0,0.0,0.0,450.0,903.3,0.0,0.0,1.973,1.022,2.995,34.732,2.223,0.772,emon,0.889,0.736,30.7,14.3,2.154
2026-09-17 21:25:52.842,19.9,0,95,14;51;95;6;0;34;0;0;0;86;0;0;0;32;0;0,1088,4676,4385;4461;4676;4641;1614;2284;1797;1321;3341;3334;2739;3415;1088;1446;1360;1172,0.1,0.0,901.1,0,0,0,0,0,0.0,0,0,0,0,0,0,0,0,0.0,0,0,0,0,0,0.0,0.0,4343.4,0,0,0,63.1,24.21,0.01,0.4,29.05,24.4,63.4,98.39726825093113,0.8620589771849472,17.74016296031863,15.013647055903146,2.096231866541297,1166.4418604651162,0.0,0.0,0.0,0.0,51.42991697649623,0.1,0.0,0.0,0.0,0.0,450.0,901.5,0.0,0.0,1.973,1.022,2.995,34.732,2.223,0.772,emon,0.889,0.736,30.7,14.3,2.154
2026-09-17 21:25:53.843,18.2,0,91,14;47;91;5;0;25;2;6;0;83;0;0;0;16;3;2,1411,4657,4628;4450;4657;4605;1659;2396;1693;1425;3485;3359;3133;2993;1675;1578;1851;1411,0.7,0.0,896.5,0,0,0,0,0,0.0,0,0,0,0,0,0,0,0,0.0,0,0,0,0,0,0.0,0.0,4343.4,0,0,0,57.1,24.21,0.01,0.4,29.05,24.4,63.4,97.2243603515625,0.7063540577391784,16.503607495625815,11.961081908543905,1.2963847193261608,1054.3333333333333,0.0,0.0,0.0,0.0,50.95034753859043,0.1,0.0,0.0,0.0,0.0,450.0,901.1,0.0,0.0,1.973,1.022,2.995,34.732,2.223,0.772,emon,0.889,0.736,30.7,14.3,2.154
2026-09-17 21:25:54.843,13.6,0,89,6;32;89;0;0;5;0;0;0;86;0;0;0;0;0;0,752,4729,4563;4424;4714;4729;2195;2221;1733;1279;3231;3397;2376;2608;752;1664;1279;1090,0.7,0.0,896.5,0,0,0,0,0,0.0,0,0,0,0,0,0,0,0,0.0,0,0,0,0,0,0.0,0.0,4343.4,0,0,0,67.1,24.21,0.01,0.4,29.05,24.5,63.4,94.31786855061848,0.7378405498133765,16.658517095777725,12.964580217997232,4.409972641203138,1090.6666666666667,0.0,0.0,0.0,0.0,50.28809322251214,0.1,0.0,0.0,0.0,0.0,450.0,896.5,0.0,0.0,1.973,1.022,2.995,34.732,2.223,0.772,emon,0.889,0.736,30.7,14.3,2.154
2026-09-17 21:25:55.844,14.3,0,95,10;88;95;2;0;14;0;0;3;16;0;0;0;2;0;0,882,4729,4705;4719;4725;4729;2324;2384;1318;1268;2334;2687;1971;1647;964;1121;981;882,0.0,0.0,899.3,0,0,0,0,0,0.0,0,0,0,0,0,0,0,0,0.0,0,0,0,0,0,0.0,0.0,4343.4,0,0,0,82.1,23.61,0.01,0.4,28.38,24.5,63.4,96.8879451751709,0.6792406141757965,15.739944458007812,12.765486001968384,4.436934471130371,1117.75,0.0,0.0,0.0,0.0,50.302673887461424,0.1,0.0,0.0,0.0,0.0,450.0,899.3,0.0,0.0,3.477,1.181,4.659,70.395,4.505,0.154,emon,0.887,0.805,29.2,13.6,2.144
2026-09-17 21:25:56.844,14.2,0,100,9;88;100;0;0;17;0;3;0;11;0;0;0;0;0;0,846,4728,4710;4723;4728;4727;1507;2426;2368;1874;2927;2403;1940;2486;1023;1100;1135;846,0.0,0.0,902.4,0,0,0,0,0,0.0,0,0,0,0,0,0,0,0,0.0,0,0,0,0,0,0.0,0.0,4343.4,0,0,0,86.1,23.61,0.01,0.4,28.38,24.5,63.4,98.0287822376598,0.8606183576312932,18.72598908977075,16.339929310774263,3.3191403722898527,1156.9545454545455,0.0,0.0,0.0,0.0,52.60564918104898,0.1,0.0,0.0,0.0,0.0,450.0,902.4,0.0,0.0,3.477,1.181,4.659,70.395,4.505,0.154,emon,0.887,0.805,29.2,13.6,2.144
2026-09-17 21:25:57.844,14.0,0,86,9;86;83;12;0;22;0;0;0;11;2;0;0;0;0;0,1018,4715,4623;4667;4714;4715;2498;2409;1873;1263;2595;2560;2540;2656;1085;1260;1349;1018,0.0,0.0,901.1,0,0,0,0,0,0.0,0,0,0,0,0,0,0,0,0.0,0,0,0,0,0,0.0,0.0,4343.4,0,0,0,86.1,23.61,0.01,0.4,28.38,24.3,63.4,97.47419118881226,1.4015367238316685,20.956933341920376,17.778269085101783,2.072334507796768,1036.5,0.0,0.0,0.0,0.0,50.24926927592605,0.1,0.0,0.0,0.0,0.0,450.0,901.1,0.0,0.0,3.477,1.181,4.659,70.395,4.505,0.154,emon,0.887,0.805,29.2,13.6,2.144
2026-09-17 21:25:58.845,15.6,0,75,17;75;52;52;0;20;3;0;2;20;3;2;0;3;0;0,1090,4729,4729;4722;4728;4726;3204;2481;3297;1682;3443;3025;2948;3179;1090;1670;2033;1094,1.0,0.0,910.1,0,0,0,0,0,0.0,0,0,0,0,0,0,0,0,0.0,0,0,0,0,0,0.0,0.0,4345.2,0,0,0,84.1,23.61,0.01,0.4,28.38,24.4,63.4,97.67005560133192,0.5464106266024626,15.310816668801838,11.948232831226456,2.0479822694776684,1160.111111111111,0.0,0.0,0.0,0.0,51.695752700169884,0.1,0.0,0.0,0.0,0.0,450.0,911.2,0.0,0.0,3.477,1.181,4.659,70.395,4.505,0.154,emon,0.887,0.805,29.2,13.6,2.144
2026-09-17 21:25:59.845,14.5,0,89,5;73;89;2;0;45;0;0;0;16;2;0;0;0;0;0,933,4729,4692;4635;4726;4729;2526;3128;2312;1659;2014;2130;1600;2131;933;1490;1078;1038,0.7,0.0,906.7,0,0,0,0,0,0.0,0,0,0,0,0,0,0,0,0.0,0,0,0,0,0,0.0,0.0,4345.2,0,0,0,79.1,28.81,0.01,0.37,32.35,24.4,63.4,98.28876701990764,0.7893625757812212,16.639929150541622,13.338226537841061,2.28663646854208,1132.3333333333333,0.0,0.0,0.0,0.0,52.40998995459328,0.1,0.0,0.0,0.0,0.0,450.0,901.4,0.0,0.0,3.477,1.181,4.659,70.395,4.505,0.154,emon,0.887,0.805,29.2,13.6,2.144
2026-09-17 21:26:00.845,14.4,0,97,9;82;97;2;0;22;5;0;0;14;0;0;0;0;0;0,1035,4729,4719;4722;4724;4729;2401;2667;3283;1359;2644;2071;1534;1816;1160;1766;1090;1035,0.7,0.0,903.7,0,0,0,0,0,0.0,0,0,0,0,0,0,0,0,0.0,0,0,0,0,0,0.0,0.0,4345.2,0,0,0,84.1,28.81,0.01,0.37,32.35,24.5,63.4,96.99318377176921,1.0994946866606672,21.624593670169514,18.651172287141282,2.940514547044586,1124.0,0.0,0.0,0.0,0.0,50.26387943389515,0.1,0.0,0.0,0.0,0.0,450.0,902.7,0.0,0.0,3.477,1.181,4.659,70.395,4.505,0.154,emon,0.887,0.805,29.2,13.6,2.144
2026-09-17 21:26:01.845,13.8,0,97,14;80;97;2;0;16;0;0;0;9;3;0;0;0;0;0,900,4729,4723;4709;4728;4729;1201;2474;3307;1248;2097;2491;2985;2484;994;1117;983;900,0.5,0.0,903.6,0,0,0,0,0,0.0,0,0,0,0,0,0,0,0,0.0,0,0,0,0,0,0.0,0.0,4345.2,0,0,0,84.1,28.81,0.01,0.37,32.35,24.6,63.4,97.57746315002441,0.996039479970932,16.190446615219116,10.883453130722046,3.630275085568428,1199.0,0.0,0.0,0.0,0.0,50.232366763055325,0.1,0.0,0.0,0.0,0.0,450.0,903.6,0.0,0.0,3.477,1.181,4.659,70.395,4.505,0.154,emon,0.887,0.805,29.2,13.6,2.144
2026-09-17 21:26:02.846,14.7,0,94,12;82;94;3;0;23;2;0;0;20;0;0;0;0;0;0,1031,4729,4728;4722;4726;4729;2702;2627;2703;1532;2814;2514;1558;3021;1031;1133;1087;1047,1.0,0.0,904.8,0,0,0,0,0,0.0,0,0,0,0,0,0,0,0,0.0,0,0,0,0,0,0.0,0.0,4345.2,0,0,0,86.1,28.81,0.01,0.37,32.35,24.6,63.4,96.5405735689051,0.3937585452461944,13.571254057042738,8.444372015840868,2.761118082658333,1076.9411764705883,0.0,0.0,0.0,0.0,50.32552511201185,0.0,0.0,0.0,0.0,0.0,450.0,903.6,0.0,0.0,3.477,1.181,4.659,70.395,4.505,0.154,emon,0.887,0.805,29.2,13.6,2.144
2026-09-17 21:26:03.846,14.4,0,97,12;91;97;0;0;9;2;3;0;16;0;0;0;0;0;0,978,4729,4725;4727;4728;4729;1423;2458;2937;1217;1905;2490;1895;2355;1099;1577;1144;978,0.7,0.0,904.8,0,0,0,0,0,0.0,0,0,0,0,0,0,0,0,0.0,0,0,0,0,0,0.0,0.0,4345.2,0,0,0,85.1,29.05,0.01,0.33,31.8,24.6,63.4,97.68227005004883,0.6998765468597412,14.44499397277832,11.349268913269043,2.6438302993774414,1199.0,0.0,0.0,0.0,0.0,50.20544581115246,0.1,0.0,0.0,0.0,0.0,450.0,904.8,0.0,0.0,3.477,1.181,4.659,70.395,4.505,0.154,emon,0.887,0.805,29.2,13.6,2.144
2026-09-17 21:26:04.847,14.4,0,98,8;89;98;2;0;9;0;0;0;22;2;0;0;0;0;0,1044,4727,4722;4700;4727;4727;3154;2248;1447;1464;3131;2864;2511;2040;1099;1136;1081;1044,0.9,0.0,904.6,0,0,0,0,0,0.0,0,0,0,0,0,0,0,0,0.0,0,0,0,0,0,0.0,0.0,4345.2,0,0,0,87.1,29.05,0.01,0.33,31.8,24.6,63.4,97.07259178161621,0.6182443052530289,19.26559829711914,16.15597677230835,5.9995644092559814,1199.0,0.0,0.0,0.0,0.0,50.27637040615082,0.1,0.0,0.0,0.0,0.0,450.0,904.8,0.0,0.0,3.477,1.181,4.659,70.395,4.505,0.154,emon,0.887,0.805,29.2,13.6,2.144
2026-09-17 21:26:05.847,14.3,0,97,20;83;97;0;0;17;0;0;0;8;0;0;0;3;0;0,976,4729,4729;4726;4726;4728;1689;2503;1317;1243;1479;2518;1643;2388;992;2206;1136;976,0.5,0.0,904.6,0,0,0,0,0,0.0,0,0,0,0,0,0,0,0,0.0,0,0,0,0,0,0.0,0.0,4345.2,0,0,0,83.1,29.05,0.01,0.33,31.8,24.6,63.4,96.32932345072429,1.2065591387605916,20.73240480820338,18.10758452800413,3.097355293590226,1092.75,0.0,0.0,0.0,0.0,50.25851356983185,0.1,0.0,0.0,0.0,0.0,450.0,904.6,0.0,0.0,3.477,1.181,4.659,70.395,4.505,0.154,emon,0.887,0.805,29.2,13.6,2.144
2026-09-17 21:26:06.848,14.4,0,96,17;83;96;2;0;17;0;0;0;14;2;0;0;2;0;0,1045,4725,4723;4716;4725;4683;1877;2474;1712;1255;1869;2775;2404;2130;1157;1868;1485;1045,1.0,0.0,897.2,0,0,0,0,0,0.0,0,0,0,0,0,0,0,0,0.0,0,0,0,0,0,0.0,0.0,4345.2,0,0,0,86.1,29.05,0.01,0.33,31.8,24.6,63.4,97.07603402333717,0.5255653958716621,14.003425720619829,10.196404910250886,1.8648656988899186,1072.972602739726,0.0,0.0,0.0,0.0,52.38611416355388,0.0,0.0,0.0,0.0,0.0,450.0,904.6,0.0,0.0,3.477,1.181,4.659,70.395,4.505,0.154,emon,0.887,0.805,29.2,13.6,2.144
2026-09-17 21:26:07.848,14.8,0,94,6;89;94;0;0;22;0;0;0;22;0;0;0;3;0;0,855,4729,4717;4717;4728;4729;2107;2478;2623;1279;2240;2642;2680;3213;1016;1351;964;855,0.2,0.0,899.5,0,0,0,0,0,0.0,0,0,0,0,0,0,0,0,0.0,0,0,0,0,0,0.0,0.0,4345.2,0,0,0,84.1,29.73,0.01,0.34,32.81,24.6,63.4,98.25739034016927,0.8531282007849464,18.424245476722717,16.06566559895873,3.0113692486035384,1161.5,0.0,0.0,0.0,0.0,52.38299719709903,0.1,0.0,0.0,0.0,0.0,450.0,897.2,0.0,0.0,1.063,1.376,2.439,17.436,1.116,1.323,emon,0.898,0.882,27.8,15.2,1.836
2026-09-17 21:26:08.849,14.5,0,95,11;80;95;5;0;22;0;3;0;14;0;0;0;3;0;0,1008,4729,4713;4705;4728;4729;1781;2750;1818;1315;2707;2515;1717;1511;1084;1811;1008;1526,0.0,0.0,901.9,0,0,0,0,0,0.0,0,0,0,0,0,0,0,0,0.0,0,0,0,0,0,0.0,0.0,4345.2,0,0,0,87.1,29.73,0.01,0.34,32.81,24.8,63.4,97.49475065867107,1.2455852654141684,20.85337147116661,18.24397990417977,2.8217488097410146,980.25,0.0,0.0,0.0,0.0,50.345561434825264,0.1,0.0,0.0,0.0,0.0,450.0,899.5,0.0,0.0,1.063,1.376,2.439,17.436,1.116,1.323,emon,0.898,0.882,27.8,15.2,1.836
2026-09-17 21:26:09.849,14.5,0,95,9;86;95;5;0;19;0;6;0;11;0;0;0;0;0;0,920,4723,4699;4712;4723;4718;1755;2366;3149;1284;1255;2058;2065;1447;1060;1103;1117;920,0.0,0.0,901.9,0,0,0,0,0,0.0,0,0,0,0,0,0,0,0,0.0,0,0,0,0,0,0.0,0.0,4345.2,0,0,0,87.1,29.73,0.01,0.34,32.81,24.8,63.4,97.91307512919109,1.6207640763993065,19.763313055038452,16.746551846464474,1.81721189962506,1199.0,0.0,0.0,0.0,0.0,50.22388871635,0.0,0.0,0.0,0.0,0.0,450.0,901.9,0.0,0.0,1.063,1.376,2.439,17.436,1.116,1.323,emon,0.898,0.882,27.8,15.2,1.836
2026-09-17 21:26:10.850,20.7,0,92,38;69;92;9;0;52;0;0;0;30;11;0;0;29;0;0,1125,4729,4728;4727;4729;4729;2796;3112;2832;1960;1791;3097;3389;3017;1474;2902;1292;1125,0.0,0.0,907.2,0,0,0,0,0,0.0,0,0,0,0,0,0,0,0,0.0,0,0,0,0,0,0.0,0.0,4345.2,0,0,0,74.1,29.73,0.01,0.34,32.81,24.6,63.4,97.05633926391602,0.47557705640792847,13.902568817138672,10.861706733703613,3.3136656284332275,1199.0,0.0,0.0,0.0,0.0,50.282621413469315,0.0,0.0,0.0,0.0,0.0,450.0,907.2,0.0,0.0,1.063,1.376,2.439,17.436,1.116,1.323,emon,0.898,0.882,27.8,15.2,1.836
2026-09-17 21:26:11.850,18.2,0,74,11;52;73;3;0;52;0;0;0;74;0;0;0;26;2;0,1445,4729,4716;4698;4728;4729;3399;3111;2957;2132;2762;3266;3245;2793;1698;2860;1445;1633,0.0,0.0,907.2,0,0,0,0,0,0.0,0,0,0,0,0,0,0,0,0.0,0,0,0,0,0,0.0,0.0,4345.2,0,0,0,65.1,29.29,0.01,0.35,32.61,24.6,63.4,98.76630260326245,1.0226703692848484,19.01947491257279,16.155507772057145,1.6817326184698485,1150.851851851852,0.0,0.0,0.0,0.0,52.172090352685366,0.0,0.0,0.0,0.0,0.0,450.0,907.2,0.0,0.0,1.063,1.376,2.439,17.436,1.116,1.323,emon,0.898,0.882,27.8,15.2,1.836
2026-09-17 21:26:12.852,16.9,0,92,25;70;92;9;0;17;11;0;0;31;9;0;0;5;0;0,938,4727,4712;4703;4723;4727;1659;2716;3184;1456;2765;2842;3177;2402;1064;2577;1008;938,0.0,0.0,907.2,0,0,0,0,0,0.0,0,0,0,0,0,0,0,0,0.0,0,0,0,0,0,0.0,0.0,4345.2,0,0,0,85.1,29.29,0.01,0.35,32.61,24.6,63.4,95.61517466669497,0.23426244748027428,9.438015160353288,3.45714252539303,1.6330742771210878,900.0869565217391,0.0,0.0,0.0,0.0,50.33927667335324,0.0,0.0,0.0,0.0,0.0,450.0,907.2,0.0,0.0,1.063,1.376,2.439,17.436,1.116,1.323,emon,0.898,0.882,27.8,15.2,1.836
2026-09-17 21:26:13.853,14.6,0,98,35;55;98;0;0;11;14;6;0;10;4;0;0;0;0;0,1030,4728,4722;4725;4725;4728;1970;2488;1946;1315;2714;2671;2167;2670;1030;1072;1077;1110,0.2,0.0,897.2,0,0,0,0,0,0.0,0,0,0,0,0,0,0,0,0.0,0,0,0,0,0,0.0,0.0,4345.2,0,0,0,87.1,29.29,0.01,0.35,32.61,24.6,63.4,97.57258820533752,1.0197798235458322,19.748535975813866,17.150351942051202,3.061067824753991,1180.25,0.0,0.0,0.0,0.0,50.27604362880811,0.1,0.0,0.0,0.0,0.0,450.0,897.2,0.0,0.0,1.063,1.376,2.439,17.436,1.116,1.323,emon,0.898,0.882,27.8,15.2,1.836
2026-09-17 21:26:14.853,14.0,0,92,89;9;92;2;0;0;14;0;0;0;16;2;0;0;0;0,738,4726,4721;4726;4724;4661;2675;2723;2348;2423;1802;1451;2713;2616;967;738;1160;1043,0.6,0.0,900.1,0,0,0,0,0,0.0,0,0,0,0,0,0,0,0,0.0,0,0,0,0,0,0.0,0.0,4345.2,0,0,0,84.1,29.29,0.01,0.35,32.61,24.6,63.4,97.69321930408478,0.6740685063705314,18.36229419708252,14.512961250031367,1.8492107499623671,1163.0625,0.0,0.0,0.0,0.0,51.893888152670115,0.1,0.0,0.0,0.0,0.0,450.0,900.1,0.0,0.0,1.063,1.376,2.439,17.436,1.116,1.323,emon,0.898,0.882,27.8,15.2,1.836
2026-09-17 21:26:15.853,14.3,0,95,80;21;95;2;0;0;16;0;2;0;14;0;0;0;0;0,787,4729,4725;4721;4726;4729;2330;2553;2378;1268;1289;2020;2478;2286;904;787;1030;917,0.6,0.0,899.0,0,0,0,0,0,0.0,0,0,0,0,0,0,0,0,0.0,0,0,0,0,0,0.0,0.0,4345.2,0,0,0,84.1,28.82,0.01,0.36,32.36,24.6,63.4,97.67087577371036,0.5722513064632521,15.501219574142905,11.73730870467775,1.8182197645827032,1132.0882352941176,0.0,0.0,0.0,0.0,51.824190229834876,0.1,0.0,0.0,0.0,0.0,450.0,897.2,0.0,0.0,1.063,1.376,2.439,17.436,1.116,1.323,emon,0.898,0.882,27.8,15.2,1.836
2026-09-17 21:26:16.854,14.1,0,97,86;8;97;0;0;0;23;0;0;0;9;0;0;0;2;0,1037,4729,4722;4726;4727;4729;2316;2333;2590;1294;1939;1217;2390;2740;1604;1078;1836;1037,0.8,0.0,897.2,0,0,0,0,0,0.0,0,0,0,0,0,0,0,0,0.0,0,0,0,0,0,0.0,0.0,4345.2,0,0,0,83.1,28.82,0.01,0.36,32.36,24.6,63.4,97.26209618063534,0.5246194120386944,13.931384519969717,10.137255501221208,1.5903072277905748,1039.5882352941176,0.0,0.0,0.0,0.0,50.888480901893445,0.1,0.0,0.0,0.0,0.0,450.0,899.0,0.0,0.0,1.063,1.376,2.439,17.436,1.116,1.323,emon,0.898,0.882,27.8,15.2,1.836
2026-09-17 21:26:17.854,14.4,0,95,79;16;95;5;0;0;11;3;0;0;17;0;0;0;5;0,1058,4729,4726;4729;4726;4729;2384;1904;2432;1305;1830;2390;2613;1467;1117;1058;1516;1157,0.9,0.0,899.6,0,0,0,0,0,0.0,0,0,0,0,0,0,0,0,0.0,0,0,0,0,0,0.0,0.0,4345.2,0,0,0,90.1,28.82,0.01,0.36,32.36,24.6,63.4,97.25341191785088,0.6684660073369741,16.033030810027288,12.518426143403712,1.5238417912403057,1082.6206896551723,0.0,0.0,0.0,0.0,52.06264266063427,0.1,0.0,0.0,0.0,0.0,450.0,897.2,0.0,0.0,1.063,1.376,2.439,17.436,1.116,1.323,emon,0.898,0.882,27.8,15.2,1.836
2026-09-17 21:26:18.854,14.6,0,95,73;32;95;3;0;0;16;0;2;0;14;0;0;0;0;0,935,4729,4728;4729;4728;4729;2253;3300;2332;1373;3010;2944;2204;2220;965;935;1122;1042,0.9,0.0,901.6,0,0,0,0,0,0.0,0,0,0,0,0,0,0,0,0.0,0,0,0,0,0,0.0,0.0,4345.2,0,0,0,90.1,28.82,0.01,0.36,32.36,24.6,63.4,96.8929298802426,0.8536064844382437,18.97302868491725,16.100889205932617,4.384109525304091,970.0526315789474,0.0,0.0,0.0,0.0,52.90311853038637,0.1,0.0,0.0,0.0,0.0,450.0,899.6,0.0,0.0,1.063,1.376,2.439,17.436,1.116,1.323,emon,0.898,0.882,27.8,15.2,1.836
2026-09-17 21:26:19.855,14.2,0,97,85;9;97;2;0;0;17;3;0;0;14;0;0;0;0;0,959,4729,4722;4729;4728;4729;1790;1857;2552;1332;1530;1315;2282;2550;1021;959;1134;1110,1.0,0.0,901.5,0,0,0,0,0,0.0,0,0,0,0,0,0,0,0,0.0,0,0,0,0,0,0.0,0.0,4345.2,0,0,0,90.1,30.05,0.01,0.35,33.16,24.6,63.4,96.86604531606038,0.6751831074555715,16.144035418828327,13.263840595881144,4.552269061406453,1021.9166666666666,0.0,0.0,0.0,0.0,50.31023497879505,0.1,0.0,0.0,0.0,0.0,450.0,901.6,0.0,0.0,1.062,0.828,1.89,16.437,1.052,0.838,emon,0.909,0.871,30.3,20.4,1.487
2026-09-17 21:26:20.862,15.6,0,94,69;32;94;11;0;3;14;3;3;0;12;5;0;0;0;3,849,4729,4725;4725;4726;4729;2479;2857;2357;2614;2702;3167;2492;3078;849;1531;1017;1943,0.7,0.0,904.7,0,0,0,0,0,0.0,0,0,0,0,0,0,0,0,0.0,0,0,0,0,0,0.0,0.0,4345.2,0,0,0,90.1,30.05,0.01,0.35,33.16,24.6,63.4,98.51797126321232,1.3347774398348786,23.343287411858054,19.845058563001015,1.9857319601921035,1163.7058823529412,0.0,0.0,0.0,0.0,53.21729056712459,0.1,0.0,0.0,0.0,0.0,450.0,901.5,0.0,0.0,1.062,0.828,1.89,16.437,1.052,0.838,emon,0.909,0.871,30.3,20.4,1.487
2026-09-17 21:26:21.862,14.9,0,87,87;8;82;19;0;0;23;0;0;0;14;0;0;0;6;0,929,4726,4722;4712;4726;4724;2112;2635;2569;1915;1556;2466;2349;2967;1061;929;1155;1093,1.4,0.0,897.4,0,0,0,0,0,0.0,0,0,0,0,0,0,0,0,0.0,0,0,0,0,0,0.0,0.0,4345.2,0,0,0,88.1,30.05,0.01,0.35,33.16,24.6,63.4,97.69056587219238,0.591102720067526,15.2005457897981,11.853016659120719,1.664617959332342,1059.0,0.0,0.0,0.0,0.0,52.04462739874919,0.1,0.0,0.0,0.0,0.0,450.0,904.7,0.0,0.0,1.062,0.828,1.89,16.437,1.052,0.838,emon,0.909,0.871,30.3,20.4,1.487
2026-09-17 21:26:22.863,15.0,0,98,81;21;98;3;0;0;12;0;2;0;22;2;0;0;0;0,1053,4729,4723;4729;4727;4729;2297;2582;2407;1609;1595;2341;2476;1658;1158;1079;1100;1053,0.4,0.0,902.7,0,0,0,0,0,0.0,0,0,0,0,0,0,0,0,0.0,0,0,0,0,0,0.0,0.0,4345.2,0,0,0,89.1,30.05,0.01,0.35,33.16,24.6,63.4,98.02735831520774,0.8052754429465329,15.965554112737829,12.8092970688912,2.1144486401780425,1087.6363636363637,0.0,0.0,0.0,0.0,52.65114150805907,0.1,0.0,0.0,0.0,0.0,450.0,897.4,0.0,0.0,1.062,0.828,1.89,16.437,1.052,0.838,emon,0.909,0.871,30.3,20.4,1.487
2026-09-17 21:26:23.863,14.1,0,98,82;12;98;2;0;0;20;0;0;0;12;0;0;0;0;0,994,4729,4723;4729;4728;4729;1514;1806;2549;1309;1609;2248;2391;1778;1093;994;1104;1116,0.3,0.0,902.6,0,0,0,0,0,0.0,0,0,0,0,0,0,0,0,0.0,0,0,0,0,0,0.0,0.0,4345.2,0,0,0,89.1,32.27,0.01,0.32,34.62,24.6,63.4,97.44707050729305,0.9558772611570485,18.90691134777475,16.543377641350666,2.7780898533751595,1100.063829787234,0.0,0.0,0.0,0.0,51.3823936714771,0.1,0.0,0.0,0.0,0.0,450.0,902.7,0.0,0.0,1.062,0.828,1.89,16.437,1.052,0.838,emon,0.909,0.871,30.3,20.4,1.487
2026-09-17 21:26:24.863,13.8,0,95,88;6;95;2;0;0;14;0;0;0;12;0;2;0;0;2,953,4729,4715;4717;4727;4729;1862;1302;2476;1288;1920;1492;2720;2532;1005;953;1109;1316,0.3,0.0,902.6,0,0,0,0,0,0.0,0,0,0,0,0,0,0,0,0.0,0,0,0,0,0,0.0,0.0,4345.2,0,0,0,88.1,32.27,0.01,0.32,34.62,24.6,63.4,97.06069654576919,0.673667613457998,16.18811084417736,12.426058637964374,2.1709170182619024,1110.764705882353,0.0,0.0,0.0,0.0,51.80164719920825,0.1,0.0,0.0,0.0,0.0,450.0,902.6,0.0,0.0,1.062,0.828,1.89,16.437,1.052,0.838,emon,0.909,0.871,30.3,20.4,1.487
2026-09-17 21:26:25.864,14.9,0,97,74;22;97;8;0;0;19;0;0;0;16;0;0;0;2;2,1045,4724,4714;4724;4724;4704;2564;2551;2388;1283;1975;1785;2334;2145;1045;1053;1240;1134,0.4,0.0,903.8,0,0,0,0,0,0.0,0,0,0,0,0,0,0,0,0.0,0,0,0,0,0,0.0,0.0,4345.2,0,0,0,89.1,32.27,0.01,0.32,34.62,24.6,63.4,97.79265594482422,1.2053284944655995,21.35033656160037,18.584488570690155,1.8751219049809151,1113.5833333333333,0.0,0.0,0.0,0.0,54.43842319088677,0.1,0.0,0.0,0.0,0.0,450.0,885.7,0.0,0.0,1.062,0.828,1.89,16.437,1.052,0.838,emon,0.909,0.871,30.3,20.4,1.487
2026-09-17 21:26:26.864,14.7,0,94,86;16;94;2;0;0;20;0;0;0;18;0;0;0;0;0,925,4729,4725;4728;4727;4729;3291;1840;2385;1563;1873;1620;2642;2884;1113;925;1129;1103,0.0,0.0,890.8,0,0,0,0,0,0.0,0,0,0,0,0,0,0,0,0.0,0,0,0,0,0,0.0,0.0,4345.2,0,0,0,89.1,32.27,0.01,0.32,34.62,24.6,63.4,97.24531351133834,0.5544409010407709,15.852985431981642,11.87791495233081,1.7189683169992858,1103.0697674418604,0.0,0.0,0.0,0.0,51.487967721944635,0.1,0.0,0.0,0.0,0.0,450.0,890.8,0.0,0.0,1.062,0.828,1.89,16.437,1.052,0.838,emon,0.909,0.871,30.3,20.4,1.487
2026-09-17 21:26:27.865,14.1,0,98,89;10;98;3;0;0;11;0;0;0;14;0;0;0;0;0,1026,4729,4724;4729;4728;4729;1241;1330;2219;1201;1432;1419;2547;1769;1085;1026;1106;1137,0.7,0.0,879.1,0,0,0,0,0,0.0,0,0,0,0,0,0,0,0,0.0,0,0,0,0,0,0.0,0.0,4345.2,0,0,0,90.1,31.66,0.01,0.32,34.04,24.6,63.4,96.82523563929966,0.7391660240079675,14.312773295811244,10.108990984303611,3.2390070419226373,984.7142857142857,0.0,0.0,0.0,0.0,50.27039662216391,0.1,0.0,0.0,0.0,0.0,450.0,879.1,0.0,0.0,1.062,0.828,1.89,16.437,1.052,0.838,emon,0.909,0.871,30.3,20.4,1.487
2026-09-17 21:26:28.877,13.9,0,95,80;14;95;2;0;0;20;0;0;0;12;0;0;0;0;0,983,4729,4729;4729;4728;4729;1488;2140;2487;1235;2237;1957;2408;3242;1036;983;1090;1039,0.0,0.0,884.4,0,0,0,0,0,0.0,0,0,0,0,0,0,0,0,0.0,0,0,0,0,0,0.0,0.0,4345.2,0,0,0,93.1,31.66,0.01,0.32,34.04,24.7,63.4,98.54696677071708,1.0533916809995258,21.255344023023333,19.111069402524404,2.3697287696413696,1181.857142857143,0.0,0.0,0.0,0.0,51.7341075028692,0.1,0.0,0.0,0.0,0.0,450.0,884.4,0.0,0.0,1.062,0.828,1.89,16.437,1.052,0.838,emon,0.909,0.871,30.3,20.4,1.487
2026-09-17 21:26:29.878,14.1,0,94,82;18;94;3;0;0;17;0;0;0;9;2;0;0;2;0,921,4729,4720;4729;4728;4729;1537;1313;2380;1220;1419;1699;2256;2444;1088;921;1041;1015,0.0,0.0,884.4,0,0,0,0,0,0.0,0,0,0,0,0,0,0,0,0.0,0,0,0,0,0,0.0,0.0,4345.2,0,0,0,89.1,31.66,0.01,0.32,34.04,24.6,63.4,97.64393118153448,0.7796857668613286,16.521074631939765,13.667229182046393,2.243170474736911,1172.9130434782608,0.0,0.0,0.0,0.0,52.49968094605467,0.1,0.0,0.0,0.0,0.0,450.0,884.4,0.0,0.0,1.062,0.828,1.89,16.437,1.052,0.838,emon,0.909,0.871,30.3,20.4,1.487
2026-09-17 21:26:30.879,14.4,0,96,79;14;96;0;0;0;19;3;0;0;19;2;0;0;0;0,935,4729,4727;4724;4727;4729;3075;3340;2513;1376;2563;2527;2309;3279;1090;1114;1463;935,0.0,0.0,885.5,0,0,0,0,0,0.0,0,0,0,0,0,0,0,0,0.0,0,0,0,0,0,0.0,0.0,4345.2,0,0,0,88.1,32.14,0.01,0.32,34.45,24.6,63.4,98.09411251929498,0.5799018567908676,15.213505206569549,11.767187162512734,1.5983309194881228,1104.6451612903227,0.0,0.0,0.0,0.0,51.90385447875146,0.1,0.0,0.0,0.0,0.0,450.0,885.5,0.0,0.0,1.062,0.828,1.89,16.437,1.052,0.838,emon,0.909,0.871,30.3,20.4,1.487
2026-09-17 21:26:31.879,14.7,0,95,78;22;95;3;0;0;20;3;0;0;11;2;0;0;0;0,929,4729,4725;4729;4729;4729;1452;1740;2536;1315;1976;1466;2264;3067;1038;929;1088;980,0.8,0.0,879.3,0,0,0,0,0,0.0,0,0,0,0,0,0,0,0,0.0,0,0,0,0,0,0.0,0.0,4345.2,0,0,0,90.1,32.14,0.01,0.32,34.45,24.6,63.4,97.66446735012916,0.6519468048617484,18.5403654959894,14.738857624511565,1.9928145869071745,1067.5483870967741,0.0,0.0,0.0,0.0,51.92617116604121,0.1,0.0,0.0,0.0,0.0,450.0,879.3,0.0,0.0,0.604,0.599,1.204,8.893,0.569,0.635,emon,0.91,0.825,30.3,21.1,1.435
2026-09-17 21:26:32.879,15.4,2,100,70;32;100;2;2;2;12;2;3;2;11;2;3;2;2;2,969,4729,4724;4729;4725;4729;1699;1510;2296;1294;1233;1254;2239;1542;1843;969;1085;1150,0.7,0.0,880.9,0,0,0,0,0,0.0,0,0,0,0,0,0,0,0,0.0,0,0,0,0,0,0.0,0.0,4345.2,0,0,0,90.1,32.14,0.01,0.32,34.45,24.6,63.4,98.12941805521648,0.8218482025549747,19.60264376550913,17.307785571242373,3.4877379327081144,1171.9166666666667,0.0,0.0,0.0,0.0,52.46585129542897,0.1,0.0,0.0,0.0,0.0,450.0,880.9,0.0,0.0,0.604,0.599,1.204,8.893,0.569,0.635,emon,0.91,0.825,30.3,21.1,1.435
2026-09-17 21:26:33.880,15.4,0,98,82;18;98;5;0;0;22;0;0;0;18;3;0;0;0;0,1050,4729,4726;4729;4728;4729;1695;1818;2444;1329;1705;1621;2456;2330;1132;1050;1132;1126,0.8,0.0,880.9,0,0,0,0,0,0.0,0,0,0,0,0,0,0,0,0.0,0,0,0,0,0,0.0,0.0,4345.2,0,0,0,88.1,32.14,0.01,0.32,34.45,24.6,63.4,97.507192438299,0.4948619380804964,14.012526276267387,9.969953206759369,1.8925191803467565,1118.8863636363637,0.0,0.0,0.0,0.0,52.58730989322066,0.1,0.0,0.0,0.0,0.0,450.0,880.9,0.0,0.0,0.604,0.599,1.204,8.893,0.569,0.635,emon,0.91,0.825,30.3,21.1,1.435
2026-09-17 21:26:34.880,14.6,0,100,81;19;100;0;0;0;17;6;0;0;8;2;0;0;2;0,1020,4729,4720;4719;4727;4729;2347;2028;2271;1918;1320;1354;2574;3087;1045;1020;2155;1085,0.7,0.0,882.3,0,0,0,0,0,0.0,0,0,0,0,0,0,0,0,0.0,0,0,0,0,0,0.0,0.0,4345.2,0,0,0,88.1,31.72,0.01,0.33,34.27,24.6,63.4,97.22045008341472,1.1786301003303379,21.022493943572044,18.23380879002313,3.0837194661338194,1015.6666666666666,0.0,0.0,0.0,0.0,50.27064619896313,0.1,0.0,0.0,0.0,0.0,450.0,880.9,0.0,0.0,0.604,0.599,1.204,8.893,0.569,0.635,emon,0.91,0.825,30.3,21.1,1.435
2026-09-17 21:26:35.880,14.8,0,100,91;11;100;5;0;0;17;2;0;0;12;0;0;0;0;0,1022,4729,4723;4722;4727;4729;3201;1881;2368;2311;1453;1373;2427;1358;1114;1022;1113;1023,0.5,0.0,882.3,0,0,0,0,0,0.0,0,0,0,0,0,0,0,0,0.0,0,0,0,0,0,0.0,0.0,4345.2,0,0,0,89.1,31.72,0.01,0.33,34.27,24.6,63.4,97.49363962809245,0.9995174755652746,20.873704115549724,18.7894500096639,7.248313059409459,1149.0,0.0,0.0,0.0,0.0,50.241044983267784,0.0,0.0,0.0,0.0,0.0,450.0,882.3,0.0,0.0,0.604,0.599,1.204,8.893,0.569,0.635,emon,0.91,0.825,30.3,21.1,1.435
2026-09-17 21:26:36.881,14.3,0,98,88;9;98;0;0;0;16;0;0;0;15;2;0;0;0;0,1048,4729,4724;4729;4728;4729;2254;2115;2409;1240;1768;1563;2294;3074;1084;1048;1095;1107,1.1,0.0,883.1,0,0,0,0,0,0.0,0,0,0,0,0,0,0,0,0.0,0,0,0,0,0,0.0,0.0,4345.2,0,0,0,89.1,31.72,0.01,0.33,34.27,24.6,63.4,98.53744027273996,1.088394387279238,18.817860555648803,16.625127866012708,2.2842625273624435,1127.5714285714287,0.0,0.0,0.0,0.0,51.72094805496079,0.1,0.0,0.0,0.0,0.0,450.0,882.1,0.0,0.0,0.604,0.599,1.204,8.893,0.569,0.635,emon,0.91,0.825,30.3,21.1,1.435
2026-09-17 21:26:37.881,14.1,0,100,92;6;100;3;0;0;14;2;0;0;8;0;0;0;0;0,983,4729,4724;4729;4726;4729;1998;1761;2594;1811;1252;1045;2092;1834;1048;983;1124;1135,0.6,0.0,888.4,0,0,0,0,0,0.0,0,0,0,0,0,0,0,0,0.0,0,0,0,0,0,0.0,0.0,4345.2,0,0,0,89.1,31.72,0.01,0.33,34.27,24.6,63.4,97.35989999771118,1.402821748284623,20.849228516221046,17.5686927838251,1.9384803441935219,995.875,0.0,0.0,0.0,0.0,50.36768370680511,0.1,0.0,0.0,0.0,0.0,450.0,888.4,0.0,0.0,0.604,0.599,1.204,8.893,0.569,0.635,emon,0.91,0.825,30.3,21.1,1.435
2026-09-17 21:26:38.881,14.0,0,92,79;18;92;8;0;0;15;0;0;0;11;0;0;0;0;0,887,4729,4724;4728;4726;4729;2473;2922;2418;1476;2847;2844;2408;3064;1016;887;1085;1045,1.1,0.0,879.2,0,0,0,0,0,0.0,0,0,0,0,0,0,0,0,0.0,0,0,0,0,0,0.0,0.0,4345.2,0,0,0,86.1,31.75,0.01,0.33,34.25,24.6,63.4,97.52201891702319,0.5600676197736036,15.331396689490667,11.959198803182632,1.7547684951670586,1124.3968253968253,0.0,0.0,0.0,0.0,52.720261819305875,0.1,0.0,0.0,0.0,0.0,450.0,888.3,0.0,0.0,0.604,0.599,1.204,8.893,0.569,0.635,emon,0.91,0.825,30.3,21.1,1.435
2026-09-17 21:26:39.882,13.8,0,97,94;8;97;0;0;0;12;0;0;0;8;0;0;0;2;0,909,4729,4726;4708;4726;4729;2264;1827;2429;1256;2509;1400;2117;2613;1054;909;1594;1008,1.1,0.0,879.2,0,0,0,0,0,0.0,0,0,0,0,0,0,0,0,0.0,0,0,0,0,0,0.0,0.0,4345.2,0,0,0,89.1,31.75,0.01,0.33,34.25,24.6,63.4,97.68400833454538,0.9270399772423379,18.672212461207774,16.37452757200028,2.7191754435932145,1137.2978723404256,0.0,0.0,0.0,0.0,51.361139855169235,0.1,0.0,0.0,0.0,0.0,450.0,879.2,0.0,0.0,0.604,0.599,1.204,8.893,0.569,0.635,emon,0.91,0.825,30.3,21.1,1.435
2026-09-17 21:26:40.882,13.7,0,95,85;11;95;3;0;0;9;0;0;0;14;2;0;0;0;0,1005,4727,4726;4722;4727;4713;2975;1899;2296;1264;2415;1453;2225;2958;1134;1005;1144;1067,0.5,0.0,882.6,0,0,0,0,0,0.0,0,0,0,0,0,0,0,0,0.0,0,0,0,0,0,0.0,0.0,4345.2,0,0,0,89.1,31.75,0.01,0.33,34.25,24.6,63.4,97.4053976876395,0.6179365785187715,16.579188006264822,12.875641932348152,1.5667933041801339,1079.5194805194806,0.0,0.0,0.0,0.0,51.22388634414642,0.1,0.0,0.0,0.0,0.0,450.0,882.5,0.0,0.0,0.604,0.599,1.204,8.893,0.569,0.635,emon,0.91,0.825,30.3,21.1,1.435
2026-09-17 21:26:41.883,14.4,0,95,81;18;95;0;0;0;17;0;0;0;16;3;0;0;0;0,975,4728,4719;4716;4725;4728;1264;1326;2449;1239;1551;1459;2478;2832;987;975;1070;1108,1.1,0.0,879.1,0,0,0,0,0,0.0,0,0,0,0,0,0,0,0,0.0,0,0,0,0,0,0.0,0.0,4345.2,0,0,0,88.1,31.75,0.01,0.33,34.25,24.6,63.4,97.83095958621003,0.928590648179484,19.872058480284934,17.362013033656186,3.0189648148018953,1103.6511627906978,0.0,0.0,0.0,0.0,51.489187308175616,0.1,0.0,0.0,0.0,0.0,450.0,882.4,0.0,0.0,0.604,0.599,1.204,8.893,0.569,0.635,emon,0.91,0.825,30.3,21.1,1.435
2026-09-17 21:26:42.883,13.9,0,98,77;17;98;2;0;0;17;2;0;0;9;0;0;0;0;0,959,4729,4722;4729;4726;4729;2909;1792;2459;2335;2131;2560;2322;2881;1070;959;1154;1132,0.0,0.0,882.4,0,0,0,0,0,0.0,0,0,0,0,0,0,0,0,0.0,0,0,0,0,0,0.0,0.0,4345.2,0,0,0,88.1,31.75,0.01,0.33,34.35,24.6,63.4,97.77379099527995,1.2001796806386362,20.961884573101997,18.108549219245713,3.2862166715009757,1171.9166666666667,0.0,0.0,0.0,0.0,50.225152944525085,0.0,0.0,0.0,0.0,0.0,450.0,882.4,0.0,0.0,0.604,0.599,1.204,8.893,0.569,0.635,emon,0.91,0.825,30.3,21.1,1.435
2026-09-17 21:26:43.883,14.4,0,100,48;44;100;2;0;0;8;9;0;0;8;12;0;0;0;0,946,4726,4719;4722;4726;4721;3100;3003;2435;2224;1682;1821;2914;2814;960;1028;1552;946,0.0,0.0,885.3,0,0,0,0,0,0.0,0,0,0,0,0,0,0,0,0.0,0,0,0,0,0,0.0,0.0,4345.2,0,0,0,88.1,31.75,0.01,0.33,34.35,24.6,63.4,95.96491201992693,0.29555520286847803,10.412837168266034,5.007232288862097,2.213644890949644,1046.4137931034484,0.0,0.0,0.0,0.0,50.320522709910215,0.1,0.0,0.0,0.0,0.0,450.0,885.3,0.0,0.0,0.604,0.599,1.204,8.893,0.569,0.635,emon,0.91,0.825,30.3,21.1,1.435
2026-09-17 21:26:44.901,13.9,0,98,15;74;98;2;0;0;0;15;2;0;0;17;0;0;0;0,1018,4729,4728;4727;4725;4729;2180;2793;2770;2520;2940;1827;1687;2541;1161;1098;1018;1134,0.4,0.0,879.3,0,0,0,0,0,0.0,0,0,0,0,0,0,0,0,0.0,0,0,0,0,0,0.0,0.0,4345.2,0,0,0,88.1,31.75,0.01,0.33,34.35,24.7,63.4,98.75898118452592,0.8571276353164152,17.423263257200066,15.343381090146123,2.1429953358390113,1165.6666666666667,0.0,0.0,0.0,0.0,51.82822826595017,0.1,0.0,0.0,0.0,0.0,450.0,879.3,0.0,0.0,0.583,0.759,1.342,8.577,0.549,0.793,emon,0.913,0.888,31.1,20.0,1.551
2026-09-17 21:26:45.901,13.9,0,91,5;87;91;6;0;0;0;22;0;0;0;12;0;0;0;0,902,4729,4728;4718;4728;4729;2789;2495;2395;2599;2052;2277;1301;2322;971;1101;902;1138,0.0,0.0,880.3,0,0,0,0,0,0.0,0,0,0,0,0,0,0,0,0.0,0,0,0,0,0,0.0,0.0,4345.2,0,0,0,89.1,31.75,0.01,0.33,34.35,24.6,63.4,99.20209280649821,1.1951059105340391,21.26906035343806,18.489327515165012,1.957289465906797,1199.0,0.0,0.0,0.0,0.0,54.19884728702406,0.1,0.0,0.0,0.0,0.0,450.0,885.6,0.0,0.0,0.583,0.759,1.342,8.577,0.549,0.793,emon,0.913,0.888,31.1,20.0,1.551
2026-09-17 21:26:46.901,14.6,0,98,20;82;98;5;3;0;0;18;2;0;0;5;0;0;0;0,1087,4729,4729;4726;4728;4729;3213;2094;2340;2426;3406;2363;1616;2049;1144;1087;1124;1125,0.0,0.0,885.6,0,0,0,0,0,0.0,0,0,0,0,0,0,0,0,0.0,0,0,0,0,0,0.0,0.0,4345.2,0,0,0,89.1,31.56,0.01,0.33,34.24,24.6,63.4,98.55420945820056,0.9031869312503228,18.881975898617192,16.510998452572448,2.704680562411484,1183.2105263157894,0.0,0.0,0.0,0.0,52.96746845072821,0.1,0.0,0.0,0.0,0.0,450.0,887.1,0.0,0.0,0.583,0.759,1.342,8.577,0.549,0.793,emon,0.913,0.888,31.1,20.0,1.551
2026-09-17 21:26:47.902,14.2,0,97,14;88;97;2;2;0;0;14;0;0;0;9;0;0;0;2,1024,4729,4729;4727;4728;4729;3130;2451;2540;2183;3310;2365;2319;2178;1229;1027;1024;1823,0.3,0.0,885.6,0,0,0,0,0,0.0,0,0,0,0,0,0,0,0,0.0,0,0,0,0,0,0.0,0.0,4345.2,0,0,0,90.1,31.56,0.01,0.33,34.24,24.6,63.4,98.08100838496767,1.0190431087374174,18.452857264157,15.439674145702657,2.551329863514623,1157.6206896551723,0.0,0.0,0.0,0.0,52.071435348227105,0.1,0.0,0.0,0.0,0.0,450.0,885.6,0.0,0.0,0.583,0.759,1.342,8.577,0.549,0.793,emon,0.913,0.888,31.1,20.0,1.551
2026-09-17 21:26:48.902,14.0,0,94,19;80;94;2;0;0;0;12;0;0;0;17;0;0;0;0,919,4729,4727;4722;4727;4729;3034;2991;2646;2317;2585;1967;1695;2320;1028;1367;919;1591,0.7,0.0,885.6,0,0,0,0,0,0.0,0,0,0,0,0,0,0,0,0.0,0,0,0,0,0,0.0,0.0,4345.2,0,0,0,83.1,31.56,0.01,0.33,34.24,24.6,63.4,98.28586638601203,0.9282128970923,17.32297738288578,14.635095855123119,2.316480176970608,1110.842105263158,0.0,0.0,0.0,0.0,53.21947987534498,0.1,0.0,0.0,0.0,0.0,450.0,885.6,0.0,0.0,0.583,0.759,1.342,8.577,0.549,0.793,emon,0.913,0.888,31.1,20.0,1.551
2026-09-17 21:26:49.902,13.9,0,100,18;83;100;0;0;0;0;8;2;0;0;13;0;0;0;0,850,4729,4703;4721;4728;4729;2273;1706;1408;2103;2947;2033;1539;2472;1151;850;917;2043,0.5,0.0,884.6,0,0,0,0,0,0.0,0,0,0,0,0,0,0,0,0.0,0,0,0,0,0,0.0,0.0,4345.2,0,0,0,83.1,31.56,0.01,0.33,34.24,24.6,63.4,97.96418142318726,1.3975135107757524,21.16163522005081,17.61680640745908,2.2934606298222207,1111.5,0.0,0.0,0.0,0.0,50.23899447079748,0.0,0.0,0.0,0.0,0.0,450.0,884.6,0.0,0.0,0.583,0.759,1.342,8.577,0.549,0.793,emon,0.913,0.888,31.1,20.0,1.551
2026-09-17 21:26:50.902,14.6,0,98,8;84;98;3;5;0;0;18;2;0;0;15;0;0;0;0,748,4726,4718;4715;4724;4726;2805;3171;2536;2337;1898;1815;1809;2441;1053;841;748;1276,0.6,0.0,887.7,0,0,0,0,0,0.0,0,0,0,0,0,0,0,0,0.0,0,0,0,0,0,0.0,0.0,4345.2,0,0,0,83.1,29.05,0.01,0.37,32.48,24.6,63.4,97.43788609360203,0.9014695376214205,15.769392212231955,12.13859309481852,2.8056495250626043,1077.7878787878788,0.0,0.0,0.0,0.0,51.877704893097736,0.1,0.0,0.0,0.0,0.0,450.0,887.7,0.0,0.0,0.583,0.759,1.342,8.577,0.549,0.793,emon,0.913,0.888,31.1,20.0,1.551
2026-09-17 21:26:51.903,14.1,0,100,9;88;100;0;0;0;0;14;0;0;0;12;0;0;0;2,959,4729,4729;4726;4727;4729;2449;1783;2366;2280;1530;1664;1265;2550;1058;959;983;2301,0.7,0.0,887.7,0,0,0,0,0,0.0,0,0,0,0,0,0,0,0,0.0,0,0,0,0,0,0.0,0.0,4345.2,0,0,0,86.1,29.05,0.01,0.37,32.48,24.6,63.4,97.97865246188256,1.0988273915624427,19.851923069646283,17.299130989178533,2.283196924194213,1050.6129032258063,0.0,0.0,0.0,0.0,51.97882986357135,0.1,0.0,0.0,0.0,0.0,450.0,887.7,0.0,0.0,0.583,0.759,1.342,8.577,0.549,0.793,emon,0.913,0.888,31.1,20.0,1.551
2026-09-17 21:26:52.903,14.2,0,98,18;73;98;2;0;5;0;16;2;0;0;14;0;0;0;0,1044,4729,4711;4708;4727;4729;3147;3281;1962;2595;2388;1236;1243;2504;1328;1088;1044;2324,0.8,0.0,883.7,0,0,0,0,0,0.0,0,0,0,0,0,0,0,0,0.0,0,0,0,0,0,0.0,0.0,4345.2,0,0,0,88.1,29.05,0.01,0.37,32.48,24.6,63.4,96.9798846954995,0.8446335453896764,16.62242793275955,13.388224821141426,2.580782624437137,1069.212765957447,0.0,0.0,0.0,0.0,51.446354821007304,0.1,0.0,0.0,0.0,0.0,450.0,883.7,0.0,0.0,0.583,0.759,1.342,8.577,0.549,0.793,emon,0.913,0.888,31.1,20.0,1.551
2026-09-17 21:26:53.903,15.1,0,100,23;75;100;0;8;3;0;15;2;0;0;12;0;0;0;3,1060,4729,4724;4725;4727;4729;3178;2741;2047;2151;3033;2069;1433;2408;1134;1060;1112;1880,0.8,0.0,883.7,0,0,0,0,0,0.0,0,0,0,0,0,0,0,0,0.0,0,0,0,0,0,0.0,0.0,4345.2,0,0,0,86.1,29.05,0.01,0.37,32.48,24.6,63.4,97.52258253097534,1.2972526845987886,20.267054080963135,17.176335436291993,1.5533034562613466,1042.75,0.0,0.0,0.0,0.0,50.21973161865026,0.1,0.0,0.0,0.0,0.0,450.0,888.9,0.0,0.0,0.583,0.759,1.342,8.577,0.549,0.793,emon,0.913,0.888,31.1,20.0,1.551
2026-09-17 21:26:54.911,14.0,0,96,6;91;96;0;0;0;0;15;2;0;0;12;2;0;0;2,1072,4729,4729;4725;4728;4728;2761;2266;1352;2130;1864;1295;1287;2377;1202;1224;1072;2229,0.6,0.0,888.9,0,0,0,0,0,0.0,0,0,0,0,0,0,0,0,0.0,0,0,0,0,0,0.0,0.0,4345.2,0,0,0,83.1,29.38,0.01,0.34,32.29,24.6,63.4,96.35023927688599,0.5696214037016034,14.240896224975586,9.703026309609413,2.9291345917154104,795.875,0.0,0.0,0.0,0.0,50.362656427547336,0.1,0.0,0.0,0.0,0.0,450.0,888.9,0.0,0.0,0.583,0.759,1.342,8.577,0.549,0.793,emon,0.913,0.888,31.1,20.0,1.551
2026-09-17 21:26:55.911,14.2,0,94,14;86;94;2;2;0;0;14;2;0;0;12;0;0;0;2,876,4729,4729;4727;4728;4728;2161;2562;2554;2309;3115;2301;1292;2234;1856;1006;876;1478,0.2,0.0,888.9,0,0,0,0,0,0.0,0,0,0,0,0,0,0,0,0.0,0,0,0,0,0,0.0,0.0,4345.2,0,0,0,88.1,29.38,0.01,0.34,32.29,24.7,63.4,98.3512940179734,1.0488982220135985,17.41167360260373,14.304965768541608,2.1185393932585916,1146.6190476190477,0.0,0.0,0.0,0.0,52.657601391275726,0.0,0.0,0.0,0.0,0.0,450.0,888.9,0.0,0.0,0.583,0.759,1.342,8.577,0.549,0.793,emon,0.913,0.888,31.1,20.0,1.551
2026-09-17 21:26:56.912,14.0,0,100,12;83;100;3;0;0;0;9;0;0;0;14;0;0;0;2,998,4729,4729;4724;4726;4729;2145;2505;2727;2331;2054;1382;1390;2522;1072;998;1020;1815,0.1,0.0,888.9,0,0,0,0,0,0.0,0,0,0,0,0,0,0,0,0.0,0,0,0,0,0,0.0,0.0,4345.2,0,0,0,87.1,29.38,0.01,0.34,32.29,24.7,63.4,98.12695846557617,1.0669547386777898,19.132379841804504,16.48384707470735,2.44321178998022,1130.6666666666667,0.0,0.0,0.0,0.0,50.3392804423968,0.1,0.0,0.0,0.0,0.0,450.0,888.9,0.0,0.0,0.803,0.766,1.569,12.622,0.808,0.761,emon,0.906,0.885,31.5,20.9,1.508
2026-09-17 21:26:57.912,14.5,0,98,17;75;98;2;5;0;0;20;2;0;0;9;0;0;0;4,776,4729,4729;4721;4726;4729;3221;3274;2944;2289;2165;2802;2127;2314;1207;1020;776;1148,0.0,0.0,888.9,0,0,0,0,0,0.0,0,0,0,0,0,0,0,0,0.0,0,0,0,0,0,0.0,0.0,4345.2,0,0,0,85.1,29.38,0.01,0.34,32.29,24.7,63.4,97.71770117417822,0.6469180964214621,16.0080759660253,12.892556300140777,1.9030001132380006,1059.377358490566,0.0,0.0,0.0,0.0,53.20568332300996,0.1,0.0,0.0,0.0,0.0,450.0,888.9,0.0,0.0,0.803,0.766,1.569,12.622,0.808,0.761,emon,0.906,0.885,31.5,20.9,1.508
2026-09-17 21:26:58.913,15.3,0,100,14;86;100;3;0;0;0;23;0;0;0;15;0;0;0;3,846,4729,4729;4726;4728;4729;1668;2226;2448;2527;2723;1734;1764;2272;1134;902;846;1317,0.6,0.0,883.2,0,0,0,0,0,0.0,0,0,0,0,0,0,0,0,0.0,0,0,0,0,0,0.0,0.0,4345.2,0,0,0,84.1,29.69,0.01,0.34,32.54,24.7,63.4,97.76798502604167,0.9138249822857755,18.472411469176965,16.192061979737545,3.0797896253816024,1152.7037037037037,0.0,0.0,0.0,0.0,54.08655847057148,0.1,0.0,0.0,0.0,0.0,450.0,885.1,0.0,0.0,0.803,0.766,1.569,12.622,0.808,0.761,emon,0.906,0.885,31.5,20.9,1.508
2026-09-17 21:26:59.913,14.0,0,97,12;82;97;2;0;0;0;12;0;0;0;19;0;0;0;0,1016,4729,4724;4724;4728;4729;1961;2509;2359;2182;2804;2381;1789;2812;1079;1022;1016;1217,0.0,0.0,885.1,0,0,0,0,0,0.0,0,0,0,0,0,0,0,0,0.0,0,0,0,0,0,0.0,0.0,4345.2,0,0,0,84.1,29.69,0.01,0.34,32.54,24.7,63.4,96.9711510507684,1.0220096131884737,19.927799463272095,17.288517799032363,2.9952152186551277,1104.2631578947369,0.0,0.0,0.0,0.0,50.315705861308075,0.1,0.0,0.0,0.0,0.0,450.0,887.1,0.0,0.0,0.803,0.766,1.569,12.622,0.808,0.761,emon,0.906,0.885,31.5,20.9,1.508
2026-09-17 21:27:00.913,14.5,0,95,19;82;95;0;2;0;0;22;0;0;0;10;2;0;0;2,895,4729,4728;4724;4726;4729;2710;1983;2287;2402;1351;1344;1237;2203;1020;1090;895;1254,0.1,0.0,883.1,0,0,0,0,0,0.0,0,0,0,0,0,0,0,0,0.0,0,0,0,0,0,0.0,0.0,4345.2,0,0,0,82.1,29.69,0.01,0.34,32.54,24.7,63.4,97.36961394089919,1.2002456580073788,17.885696585361774,13.870062295060892,1.6352555914289462,1124.0,0.0,0.0,0.0,0.0,50.24520772007796,0.0,0.0,0.0,0.0,0.0,450.0,888.4,0.0,0.0,0.803,0.766,1.569,12.622,0.808,0.761,emon,0.906,0.885,31.5,20.9,1.508
2026-09-17 21:27:01.914,14.7,0,97,22;80;97;5;0;0;0;17;0;0;0;12;0;0;0;2,792,4729,4726;4725;4727;4729;3103;2884;2345;2236;1544;1609;1727;2570;1096;858;792;2018,0.0,0.0,888.4,0,0,0,0,0,0.0,0,0,0,0,0,0,0,0,0.0,0,0,0,0,0,0.0,0.0,4345.2,0,0,0,82.1,29.69,0.01,0.34,32.54,24.7,63.4,97.5137544957603,0.8677975508588843,16.785279657782578,13.91571644057588,3.202833175204876,1119.7317073170732,0.0,0.0,0.0,0.0,51.56901120594362,0.1,0.0,0.0,0.0,0.0,450.0,888.4,0.0,0.0,0.803,0.766,1.569,12.622,0.808,0.761,emon,0.906,0.885,31.5,20.9,1.508
2026-09-17 21:27:02.914,14.5,0,97,20;82;97;0;2;0;0;14;0;0;0;14;0;0;0;3,956,4728,4728;4721;4728;4728;3075;1954;1567;2322;2669;1599;1431;2536;1102;1050;956;1182,0.4,0.0,888.4,0,0,0,0,0,0.0,0,0,0,0,0,0,0,0,0.0,0,0,0,0,0,0.0,0.0,4345.2,0,0,0,83.1,28.55,0.01,0.35,31.61,24.7,63.4,97.77932690035912,1.0922870399550564,17.750755394658736,15.118397729050729,2.401517525074943,1055.4516129032259,0.0,0.0,0.0,0.0,54.955098584775,0.1,0.0,0.0,0.0,0.0,450.0,888.4,0.0,0.0,0.803,0.766,1.569,12.622,0.808,0.761,emon,0.906,0.885,31.5,20.9,1.508
2026-09-17 21:27:03.921,14.7,0,100,25;72;100;2;2;0;0;20;3;0;0;11;0;0;0;2,1008,4729,4725;4723;4727;4729;3119;2210;2084;2380;3092;2911;2917;2224;1118;1008;1139;1357,0.6,0.0,888.4,0,0,0,0,0,0.0,0,0,0,0,0,0,0,0,0.0,0,0,0,0,0,0.0,0.0,4345.2,0,0,0,82.1,28.55,0.01,0.35,31.61,24.7,63.4,97.5909344482422,1.0955801422148943,17.98174599647522,15.475412989258766,2.1047036002995445,1149.0,0.0,0.0,0.0,0.0,52.34267786443233,0.0,0.0,0.0,0.0,0.0,450.0,888.4,0.0,0.0,0.803,0.766,1.569,12.622,0.808,0.761,emon,0.906,0.885,31.5,20.9,1.508
2026-09-17 21:27:04.922,14.8,0,81,19;81;64;35;0;0;0;14;0;0;0;17;2;0;0;5,883,4729,4729;4712;4718;4728;2422;2085;2431;2175;3177;2768;2984;2382;1062;883;959;1159,0.8,0.0,891.6,0,0,0,0,0,0.0,0,0,0,0,0,0,0,0,0.0,0,0,0,0,0,0.0,0.0,4345.2,0,0,0,85.1,28.55,0.01,0.35,31.61,24.7,63.4,97.5909344482422,1.0955801422148943,17.98174599647522,15.475412989258766,2.1047036002995445,1149.0,0.0,0.0,0.0,0.0,52.34267786443233,0.1,0.0,0.0,0.0,0.0,450.0,891.6,0.0,0.0,0.803,0.766,1.569,12.622,0.808,0.761,emon,0.906,0.885,31.5,20.9,1.508
2026-09-17 21:27:05.922,14.7,0,91,8;91;85;17;3;0;0;12;0;0;0;12;0;0;0;6,913,4729,4729;4727;4720;4728;3110;2667;2186;2128;2584;2831;2919;2577;913;945;1013;1565,0.7,0.0,889.8,0,0,0,0,0,0.0,0,0,0,0,0,0,0,0,0.0,0,0,0,0,0,0.0,0.0,4345.2,0,0,0,83.1,29.35,0.01,0.35,32.46,24.6,63.4,98.86481857299805,0.416670941747725,17.1657877266407,15.536545604467392,0.877454930334352,874.0,0.0,0.0,0.0,0.0,50.654677487909794,0.0,0.0,0.0,0.0,0.0,450.0,889.8,0.0,0.0,0.803,0.766,1.569,12.622,0.808,0.761,emon,0.906,0.885,31.5,20.9,1.508
2026-09-17 21:27:06.922,14.1,0,100,14;84;100;0;2;0;0;16;0;0;0;9;0;0;0;0,850,4728,4722;4723;4717;4728;2602;2339;1934;2333;1765;2330;2191;2471;1058;850;1006;1140,0.4,0.0,889.8,0,0,0,0,0,0.0,0,0,0,0,0,0,0,0,0.0,0,0,0,0,0,0.0,0.0,4345.2,0,0,0,88.1,29.35,0.01,0.35,32.46,24.6,63.4,98.23566589355468,1.9926210463047027,29.560464477539064,27.940353775024413,2.6716095147654415,1199.0,0.0,0.0,0.0,0.0,50.19818013012409,0.0,0.0,0.0,0.0,0.0,450.0,889.8,0.0,0.0,0.803,0.766,1.569,12.622,0.808,0.761,emon,0.906,0.885,31.5,20.9,1.508
2026-09-17 21:27:07.923,14.2,0,97,9;85;97;0;0;2;0;20;0;0;0;14;0;0;0;0,784,4730,4705;4722;4727;4730;3067;3426;1891;2402;2644;1682;1673;2458;985;784;845;1149,0.4,0.0,889.8,0,0,0,0,0,0.0,0,0,0,0,0,0,0,0,0.0,0,0,0,0,0,0.0,0.0,4345.2,0,0,0,85.1,29.35,0.01,0.35,32.46,24.6,63.4,98.19643444485135,1.1994485661594405,18.937472641468048,15.94642262160778,1.883948616605873,1162.888888888889,0.0,0.0,0.0,0.0,50.21624529692862,0.0,0.0,0.0,0.0,0.0,450.0,889.8,0.0,0.0,0.803,0.766,1.569,12.622,0.808,0.761,emon,0.906,0.885,31.5,20.9,1.508
2026-09-17 21:27:08.923,14.3,0,97,20;83;97;2;0;0;0;15;2;0;0;8;0;0;0;2,959,4729,4604;4723;4715;4729;3045;1983;2659;2253;2795;2217;2095;2248;1032;959;975;1086,0.4,0.0,889.8,0,0,0,0,0,0.0,0,0,0,0,0,0,0,0,0.0,0,0,0,0,0,0.0,0.0,4345.2,0,0,0,81.1,29.35,0.01,0.35,32.46,24.8,63.4,98.1141690986101,0.7497553307303163,18.156736989353977,15.494147371414096,1.3744922001591646,1082.7209302325582,0.0,0.0,0.0,0.0,51.44306232970814,0.1,0.0,0.0,0.0,0.0,450.0,889.8,0.0,0.0,0.803,0.766,1.569,12.622,0.808,0.761,emon,0.906,0.885,31.5,20.9,1.508
2026-09-17 21:27:09.923,14.9,0,100,26;74;100;3;8;0;0;14;0;0;0;14;0;0;0;0,952,4729,4675;4725;4727;4729;2547;2482;2291;2334;2158;2175;2507;2303;1100;952;957;1168,1.1,0.0,884.5,0,0,0,0,0,0.0,0,0,0,0,0,0,0,0,0.0,0,0,0,0,0,0.0,0.0,4345.2,0,0,0,81.1,28.21,0.01,0.39,32.1,24.8,63.4,97.59114273071289,0.7650383824668825,18.712929062843322,15.269347871541976,1.401864512115717,1083.0,0.0,0.0,0.0,0.0,52.35167090028524,0.1,0.0,0.0,0.0,0.0,450.0,879.2,0.0,0.0,1.431,0.978,2.409,22.261,1.425,0.984,emon,0.914,0.809,29.4,13.6,2.159
2026-09-17 21:27:10.924,14.1,0,92,9;92;92;2;0;0;0;14;2;0;0;14;0;0;0;0,951,4726,4726;4703;4697;4719;2762;3238;2723;2406;3032;2141;1595;2239;991;1018;951;1066,1.4,0.0,879.2,0,0,0,0,0,0.0,0,0,0,0,0,0,0,0,0.0,0,0,0,0,0,0.0,0.0,4345.2,0,0,0,84.1,28.21,0.01,0.39,32.1,24.8,63.4,97.68704986572266,0.6780582275051548,16.797847942430145,13.655578490118591,1.6622204045605922,1124.5102040816328,0.0,0.0,0.0,0.0,51.33353426778803,0.1,0.0,0.0,0.0,0.0,450.0,879.2,0.0,0.0,1.431,0.978,2.409,22.261,1.425,0.984,emon,0.914,0.809,29.4,13.6,2.159
2026-09-17 21:27:11.924,14.4,0,95,9;92;95;3;0;0;0;12;3;0;0;14;0;0;0;0,873,4729,4729;4723;4705;4728;2552;2535;3069;2241;2992;1480;1559;2550;1025;945;873;1134,0.8,0.0,879.3,0,0,0,0,0,0.0,0,0,0,0,0,0,0,0,0.0,0,0,0,0,0,0.0,0.0,4345.2,0,0,0,83.1,28.21,0.01,0.39,32.1,24.8,63.4,98.04499715169271,0.6576887270590911,15.941168036063512,12.843221277495225,1.9391437213790292,1123.1666666666667,0.0,0.0,0.0,0.0,52.03372000927727,0.1,0.0,0.0,0.0,0.0,450.0,879.3,0.0,0.0,1.431,0.978,2.409,22.261,1.425,0.984,emon,0.914,0.809,29.4,13.6,2.159
2026-09-17 21:27:12.925,14.9,0,97,19;78;97;2;0;0;0;30;0;0;0;14;0;0;0;0,861,4729,4428;4717;4727;4729;1931;2991;2849;2556;1583;1543;1384;2323;1049;1084;861;1245,0.8,0.0,879.3,0,0,0,0,0,0.0,0,0,0,0,0,0,0,0,0.0,0,0,0,0,0,0.0,0.0,4345.2,0,0,0,78.1,28.21,0.01,0.39,32.1,24.8,63.4,96.78567001054871,0.6849327764632005,16.034363960320096,12.903169949662011,1.6360235596602817,1100.8867924528302,0.0,0.0,0.0,0.0,51.23948814368473,0.1,0.0,0.0,0.0,0.0,450.0,879.3,0.0,0.0,1.431,0.978,2.409,22.261,1.425,0.984,emon,0.914,0.809,29.4,13.6,2.159
2026-09-17 21:27:13.926,14.4,0,97,40;53;97;2;6;2;0;15;14;0;0;2;0;0;0;0,765,4729,4697;4714;4710;4729;2464;1303;2067;2615;2617;2192;1428;1650;1082;765;832;1112,0.6,0.0,879.4,0,0,0,0,0,0.0,0,0,0,0,0,0,0,0,0.0,0,0,0,0,0,0.0,0.0,4345.2,0,0,0,78.1,26.01,0.01,0.4,30.08,24.7,63.4,97.21821161905925,0.6690409356883417,15.255380344390868,11.574967091778914,1.8116839239529023,1068.1666666666667,0.0,0.0,0.0,0.0,52.01282775476575,0.1,0.0,0.0,0.0,0.0,450.0,881.4,0.0,0.0,1.431,0.978,2.409,22.261,1.425,0.984,emon,0.914,0.809,29.4,13.6,2.159
2026-09-17 21:27:14.926,14.1,0,95,62;31;95;5;22;0;0;0;6;0;0;0;3;0;0;0,787,4729,4719;4582;4722;4729;2649;2765;2322;1340;1786;1209;2831;3351;1126;1033;845;787,0.2,0.0,881.4,0,0,0,0,0,0.0,0,0,0,0,0,0,0,0,0.0,0,0,0,0,0,0.0,0.0,4345.2,0,0,0,81.1,26.01,0.01,0.4,30.08,24.8,63.4,95.00185012817383,0.2951709032058716,12.57412052154541,4.037153244018555,3.7018942832946777,1199.0,0.0,0.0,0.0,0.0,50.23295205831528,0.1,0.0,0.0,0.0,0.0,450.0,886.6,0.0,0.0,1.431,0.978,2.409,22.261,1.425,0.984,emon,0.914,0.809,29.4,13.6,2.159
2026-09-17 21:27:15.926,14.4,0,98,88;15;98;0;17;2;0;3;6;0;0;0;0;0;0;0,745,4727,4698;4603;4727;4726;2457;2030;1757;1240;2107;1518;1419;1542;1121;978;745;762,0.0,0.0,886.6,0,0,0,0,0,0.0,0,0,0,0,0,0,0,0,0.0,0,0,0,0,0,0.0,0.0,4345.2,0,0,0,81.1,26.01,0.01,0.4,30.08,24.8,63.4,98.37372005687041,1.2418964991674704,19.92135952500736,16.76755888584782,1.7988194922902896,1199.0,0.0,0.0,0.0,0.0,53.34530569700634,0.1,0.0,0.0,0.0,0.0,450.0,884.6,0.0,0.0,1.431,0.978,2.409,22.261,1.425,0.984,emon,0.914,0.809,29.4,13.6,2.159
2026-09-17 21:27:16.927,14.4,0,97,71;27;97;3;22;0;0;0;9;0;0;0;2;0;0;0,731,4726,4722;4688;4707;4726;2409;2130;2287;1242;2375;2436;1693;1472;1228;1013;742;731,0.5,0.0,879.3,0,0,0,0,0,0.0,0,0,0,0,0,0,0,0,0.0,0,0,0,0,0,0.0,0.0,4345.2,0,0,0,80.1,26.01,0.01,0.4,30.08,24.8,63.4,96.24815205165318,0.45693850943020414,18.25887761797224,12.359349523271833,2.533068116222109,1102.5714285714287,0.0,0.0,0.0,0.0,50.2552844285965,0.1,0.0,0.0,0.0,0.0,450.0,882.2,0.0,0.0,1.431,0.978,2.409,22.261,1.425,0.984,emon,0.914,0.809,29.4,13.6,2.159
2026-09-17 21:27:17.927,14.7,0,96,71;19;96;0;25;0;0;0;20;0;0;0;2;3;0;0,779,4727,4724;4712;4727;4540;2542;1146;2068;1281;2343;2004;1724;1822;1138;1025;988;779,0.0,0.0,882.2,0,0,0,0,0,0.0,0,0,0,0,0,0,0,0,0.0,0,0,0,0,0,0.0,0.0,4345.2,0,0,0,79.1,25.77,0.01,0.4,29.85,24.8,63.4,99.11203289031982,1.8875949742505327,23.918454095721245,22.543218459933996,0.6758156607029377,1199.0,0.0,0.0,0.0,0.0,50.40152681618929,0.0,0.0,0.0,0.0,0.0,450.0,882.2,0.0,0.0,1.431,0.978,2.409,22.261,1.425,0.984,emon,0.914,0.809,29.4,13.6,2.159
2026-09-17 21:27:18.928,14.1,0,94,78;22;94;3;13;2;0;0;12;0;0;0;2;0;0;0,841,4729,4682;4728;4727;4729;2286;2515;2189;1186;2364;1343;2697;1564;1378;1053;872;841,0.0,0.0,882.2,0,0,0,0,0,0.0,0,0,0,0,0,0,0,0,0.0,0,0,0,0,0,0.0,0.0,4345.2,0,0,0,78.1,25.77,0.01,0.4,29.85,24.8,63.4,98.50033277623794,0.9163694117930444,19.904520581750308,17.554184336434393,2.761682123705909,1179.8823529411766,0.0,0.0,0.0,0.0,53.22886288648142,0.1,0.0,0.0,0.0,0.0,450.0,882.2,0.0,0.0,1.431,0.978,2.409,22.261,1.425,0.984,emon,0.914,0.809,29.4,13.6,2.159
2026-09-17 21:27:19.928,15.2,0,97,93;9;97;4;20;2;3;3;6;2;3;2;0;0;0;0,771,4729,4723;4729;4659;4362;2290;2130;1379;1207;2252;1396;1432;1494;1131;932;802;771,0.3,0.0,882.2,0,0,0,0,0,0.0,0,0,0,0,0,0,0,0,0.0,0,0,0,0,0,0.0,0.0,4345.2,0,0,0,80.1,25.77,0.01,0.4,29.85,24.8,63.4,97.64496817955605,1.0057830661177063,16.9957515001297,13.410859117141136,2.3810749812893426,1124.0,0.0,0.0,0.0,0.0,50.293033169439205,0.1,0.0,0.0,0.0,0.0,450.0,882.2,0.0,0.0,1.431,0.978,2.409,22.261,1.425,0.984,emon,0.914,0.809,29.4,13.6,2.159
2026-09-17 21:27:20.928,14.1,0,92,81;20;92;8;13;0;0;2;9;0;0;0;0;0;0;0,880,4729,4721;4702;4725;4729;2499;2959;2659;1307;2255;2236;2171;2100;1121;880;960;948,0.6,0.0,882.3,0,0,0,0,0,0.0,0,0,0,0,0,0,0,0,0.0,0,0,0,0,0,0.0,0.0,4345.2,0,0,0,78.1,25.77,0.01,0.4,29.85,24.8,63.4,97.48538420921149,0.8487859965020488,16.56314492502878,13.861952380732049,3.088049538428137,1153.6511627906978,0.0,0.0,0.0,0.0,51.494685133529266,0.1,0.0,0.0,0.0,0.0,450.0,882.3,0.0,0.0,1.431,0.978,2.409,22.261,1.425,0.984,emon,0.914,0.809,29.4,13.6,2.159
2026-09-17 21:27:21.929,14.2,0,94,88;8;94;3;17;0;2;0;16;0;0;0;0;0;0;0,902,4730,4719;4715;4726;4730;2360;2596;3121;1214;2328;1540;1410;1315;1153;967;984;902,1.0,0.0,887.5,0,0,0,0,0,0.0,0,0,0,0,0,0,0,0,0.0,0,0,0,0,0,0.0,0.0,4345.2,0,0,0,80.1,25.21,0.01,0.4,29.28,24.8,63.4,97.59158597673688,0.9215188891227756,18.30375767889477,15.847313497747693,2.30229895036055,1152.5714285714287,0.0,0.0,0.0,0.0,52.77630981377193,0.1,0.0,0.0,0.0,0.0,450.0,887.5,0.0,0.0,1.431,0.978,2.409,22.261,1.425,0.984,emon,0.914,0.809,29.4,13.6,2.159
2026-09-17 21:27:22.929,14.5,0,92,77;17;92;6;22;2;2;0;14;2;0;0;0;0;0;0,831,4729,4724;4729;4724;4729;2558;2894;1589;1303;1890;1189;1354;1487;1295;984;905;831,0.6,0.0,892.8,0,0,0,0,0,0.0,0,0,0,0,0,0,0,0,0.0,0,0,0,0,0,0.0,0.0,4345.2,0,0,0,82.1,25.21,0.01,0.4,29.28,24.8,63.4,97.59158597673688,0.9215188891227756,18.30375767889477,15.847313497747693,2.30229895036055,1152.5714285714287,0.0,0.0,0.0,0.0,52.77630981377193,0.0,0.0,0.0,0.0,0.0,450.0,892.8,0.0,0.0,2.415,1.056,3.47,37.771,2.417,1.053,emon,0.914,0.857,28.7,13.4,2.149
2026-09-17 21:27:23.929,14.0,0,97,87;12;97;0;16;2;0;0;11;0;0;0;0;0;0;0,1032,4729,4727;4729;4726;4729;2445;2350;1673;1257;2283;1261;2069;1650;1112;1052;1032;1062,0.6,0.0,892.8,0,0,0,0,0,0.0,0,0,0,0,0,0,0,0,0.0,0,0,0,0,0,0.0,0.0,4345.2,0,0,0,79.1,25.21,0.01,0.4,29.28,24.8,63.4,98.02273988723755,1.3521436539595015,19.806333765387535,17.025933980941772,1.4744615045419778,1158.375,0.0,0.0,0.0,0.0,50.18834685720503,0.1,0.0,0.0,0.0,0.0,450.0,890.9,0.0,0.0,2.415,1.056,3.47,37.771,2.417,1.053,emon,0.914,0.857,28.7,13.4,2.149
2026-09-17 21:27:24.930,14.0,0,91,73;20;91;5;21;0;0;0;12;2;0;0;0;0;0;0,787,4729,4708;4641;4725;4729;2374;1386;1607;1260;2412;1024;1853;2289;1107;1057;946;787,1.3,0.0,885.6,0,0,0,0,0,0.0,0,0,0,0,0,0,0,0,0.0,0,0,0,0,0,0.0,0.0,4345.2,0,0,0,80.1,25.21,0.01,0.4,29.28,24.8,63.4,94.91967010498047,0.6220689415931702,16.18994903564453,11.748324871063232,2.6634698708852134,1032.3333333333333,0.0,0.0,0.0,0.0,50.24828716119131,0.1,0.0,0.0,0.0,0.0,450.0,883.3,0.0,0.0,2.415,1.056,3.47,37.771,2.417,1.053,emon,0.914,0.857,28.7,13.4,2.149
2026-09-17 21:27:25.930,14.1,0,96,72;27;96;2;11;2;0;0;17;0;0;0;0;0;0;0,779,4729,4662;4713;4718;4729;1916;2841;1370;1140;2485;2648;2622;2689;1376;978;826;779,0.7,0.0,883.3,0,0,0,0,0,0.0,0,0,0,0,0,0,0,0,0.0,0,0,0,0,0,0.0,0.0,4345.2,0,0,0,80.1,26.61,0.01,0.4,30.67,24.8,63.4,99.02072490345348,0.6287384680472314,17.741167241876777,15.364416489546949,1.3201477381993423,1199.0,0.0,0.0,0.0,0.0,54.94281302121553,0.1,0.0,0.0,0.0,0.0,450.0,883.3,0.0,0.0,2.415,1.056,3.47,37.771,2.417,1.053,emon,0.914,0.857,28.7,13.4,2.149
2026-09-17 21:27:26.930,14.2,0,94,80;19;94;5;12;0;0;0;18;0;0;0;0;0;0;0,770,4678,4597;4440;4678;4625;2393;1013;1965;1235;2072;1353;1915;2235;1126;803;853;770,1.0,0.0,883.3,0,0,0,0,0,0.0,0,0,0,0,0,0,0,0,0.0,0,0,0,0,0,0.0,0.0,4345.2,0,0,0,78.1,26.61,0.01,0.4,30.67,24.8,63.4,97.80426025390625,1.192793805617839,20.506870567798615,16.93038386106491,0.9763276194377492,1036.5,0.0,0.0,0.0,0.0,50.26001753161351,0.1,0.0,0.0,0.0,0.0,450.0,882.3,0.0,0.0,2.415,1.056,3.47,37.771,2.417,1.053,emon,0.914,0.857,28.7,13.4,2.149
2026-09-17 21:27:27.931,14.9,0,97,82;11;97;0;20;0;0;3;22;0;0;0;3;2;0;0,1064,4730,4708;4701;4711;4730;2187;1410;1424;1175;2651;2138;1180;1182;2125;1096;1871;1064,0.5,0.0,882.3,0,0,0,0,0,0.0,0,0,0,0,0,0,0,0,0.0,0,0,0,0,0,0.0,0.0,4345.2,0,0,0,78.1,26.61,0.01,0.4,30.67,24.8,63.4,98.05184364318848,1.2198152592871339,20.30048657655716,17.000090240687133,2.544305127649568,1199.0,0.0,0.0,0.0,0.0,50.18919126242399,0.0,0.0,0.0,0.0,0.0,450.0,882.3,0.0,0.0,2.415,1.056,3.47,37.771,2.417,1.053,emon,0.914,0.857,28.7,13.4,2.149
2026-09-17 21:27:28.931,14.2,0,91,83;15;91;2;22;0;0;0;14;0;0;0;0;0;0;0,797,4729,4724;4729;4727;4729;2233;2263;1857;1237;2726;1696;1654;2068;1342;1053;797;819,0.2,0.0,882.3,0,0,0,0,0,0.0,0,0,0,0,0,0,0,0,0.0,0,0,0,0,0,0.0,0.0,4345.2,0,0,0,81.1,26.61,0.01,0.4,30.67,24.9,63.4,98.01129548445992,0.9221593251897265,17.77922614761021,14.898011637122735,2.2362985851486092,1142.4782608695652,0.0,0.0,0.0,0.0,52.50884754243104,0.1,0.0,0.0,0.0,0.0,450.0,883.4,0.0,0.0,2.415,1.056,3.47,37.771,2.417,1.053,emon,0.914,0.857,28.7,13.4,2.149
2026-09-17 21:27:29.931,13.9,0,98,88;5;98;2;11;0;0;0;14;5;0;0;0;0;0;0,882,4729,4719;4726;4728;4729;2396;2725;2139;1231;2474;2727;1263;2720;1154;1040;882;913,0.1,0.0,883.4,0,0,0,0,0,0.0,0,0,0,0,0,0,0,0,0.0,0,0,0,0,0,0.0,0.0,4345.2,0,0,0,82.1,25.65,0.01,0.4,29.75,25.0,63.4,97.57461761474609,1.1312977392226458,19.634236950874328,16.953474073410035,3.442734143137932,1121.0,0.0,0.0,0.0,0.0,48.33560357689858,0.0,0.0,0.0,0.0,0.0,450.0,883.4,0.0,0.0,2.415,1.056,3.47,37.771,2.417,1.053,emon,0.914,0.857,28.7,13.4,2.149
2026-09-17 21:27:30.932,14.0,0,95,77;19;95;2;19;0;0;0;11;0;0;0;2;0;0;0,831,4729,4723;4650;4726;4729;2354;1649;1826;1224;2314;2314;1213;1201;1158;954;831;898,0.0,0.0,883.4,0,0,0,0,0,0.0,0,0,0,0,0,0,0,0,0.0,0,0,0,0,0,0.0,0.0,4345.2,0,0,0,81.1,25.65,0.01,0.4,29.75,24.9,63.4,97.57461761474609,1.1312977392226458,19.634236950874328,16.953474073410035,3.442734143137932,1121.0,0.0,0.0,0.0,0.0,48.33560357689858,0.1,0.0,0.0,0.0,0.0,450.0,882.2,0.0,0.0,2.415,1.056,3.47,37.771,2.417,1.053,emon,0.914,0.857,28.7,13.4,2.149
2026-09-17 21:27:31.932,14.7,0,94,82;12;94;4;28;0;0;3;12;0;0;0;0;0;0;0,672,4729,4715;4725;4722;4729;2650;1547;1736;1224;2387;2346;2082;2639;1143;1047;847;672,0.5,0.0,879.3,0,0,0,0,0,0.0,0,0,0,0,0,0,0,0,0.0,0,0,0,0,0,0.0,0.0,4345.2,0,0,0,85.1,25.65,0.01,0.4,29.75,24.9,63.4,95.40718104044596,0.5915876029680173,16.04676957130432,11.31628119746844,2.366627617677053,990.6666666666666,0.0,0.0,0.0,0.0,50.32351032296817,0.1,0.0,0.0,0.0,0.0,450.0,882.5,0.0,0.0,2.415,1.056,3.47,37.771,2.417,1.053,emon,0.914,0.857,28.7,13.4,2.149
2026-09-17 21:27:32.933,14.0,0,97,83;8;97;0;25;0;0;0;8;3;0;0;0;0;0;0,895,4729,4719;4729;4708;4729;2845;1351;1191;1341;2215;1892;1746;1403;1128;1043;964;895,0.0,0.0,882.5,0,0,0,0,0,0.0,0,0,0,0,0,0,0,0,0.0,0,0,0,0,0,0.0,0.0,4345.2,0,0,0,80.1,25.65,0.01,0.4,29.75,24.9,63.4,98.11155192057292,0.9316358445005284,18.839139011171127,16.656549120611615,3.601727660654837,1141.2222222222222,0.0,0.0,0.0,0.0,53.73896564443906,0.1,0.0,0.0,0.0,0.0,450.0,882.5,0.0,0.0,2.415,1.056,3.47,37.771,2.417,1.053,emon,0.914,0.857,28.7,13.4,2.149
2026-09-17 21:27:33.933,14.7,0,95,82;17;95;2;11;6;0;3;17;0;0;0;0;0;2;0,890,4729,4727;4729;4725;4729;2312;2970;1440;1318;2319;2865;2878;2467;1242;1145;1151;890,0.0,0.0,884.7,0,0,0,0,0,0.0,0,0,0,0,0,0,0,0,0.0,0,0,0,0,0,0.0,0.0,4345.2,0,0,0,83.1,27.78,0.01,0.4,31.84,25.0,63.4,97.85872968037923,0.9540805747965351,18.489728922645252,16.299071991505723,2.9017267358916192,1104.2083333333333,0.0,0.0,0.0,0.0,52.464130780659616,0.1,0.0,0.0,0.0,0.0,450.0,884.7,0.0,0.0,2.415,1.056,3.47,37.771,2.417,1.053,emon,0.914,0.857,28.7,13.4,2.149
2026-09-17 21:27:34.934,13.8,0,94,85;5;94;2;19;0;0;0;16;0;0;0;2;0;0;0,779,4729,4723;4720;4728;4729;2596;2699;1381;1283;2377;1781;1671;1643;1105;1058;802;779,0.6,0.0,888.4,0,0,0,0,0,0.0,0,0,0,0,0,0,0,0,0.0,0,0,0,0,0,0.0,0.0,4345.2,0,0,0,84.1,27.78,0.01,0.4,31.84,25.0,63.4,99.02642578125,0.9751515702903271,21.6958647441864,20.003640837669373,1.0107466403581202,1199.0,0.0,0.0,0.0,0.0,52.310015726089475,0.0,0.0,0.0,0.0,0.0,450.0,890.0,0.0,0.0,1.838,1.309,3.146,27.565,1.764,1.382,emon,0.913,0.869,29.3,13.6,2.146
2026-09-17 21:27:35.934,14.2,0,92,78;20;92;3;14;3;0;0;12;2;2;0;2;0;0;0,974,4728,4723;4683;4725;4728;2591;2940;1770;1343;2437;2624;1332;2970;2439;1395;974;993,0.6,0.0,882.0,0,0,0,0,0,0.0,0,0,0,0,0,0,0,0,0.0,0,0,0,0,0,0.0,0.0,4345.2,0,0,0,83.1,27.78,0.01,0.4,31.84,25.1,63.4,96.62357330322266,1.272158571984619,21.459008422162796,18.50412806371848,2.1178160520373948,1090.6666666666667,0.0,0.0,0.0,0.0,50.26723043289449,0.1,0.0,0.0,0.0,0.0,450.0,884.4,0.0,0.0,1.838,1.309,3.146,27.565,1.764,1.382,emon,0.913,0.869,29.3,13.6,2.146
2026-09-17 21:27:36.934,15.0,0,94,77;22;94;3;23;2;0;0;18;2;0;0;0;0;0;0,980,4729,4724;4702;4728;4729;2649;2608;2129;1385;2344;1999;1470;1369;1771;1174;980;1176,0.8,0.0,882.0,0,0,0,0,0,0.0,0,0,0,0,0,0,0,0,0.0,0,0,0,0,0,0.0,0.0,4345.2,0,0,0,84.1,27.78,0.01,0.4,31.84,24.4,63.4,98.28795121355755,0.8053428243118815,21.13776395088289,17.78746567702875,1.50176351045105,1122.1707317073171,0.0,0.0,0.0,0.0,51.56298921057364,0.1,0.0,0.0,0.0,0.0,450.0,882.0,0.0,0.0,1.838,1.309,3.146,27.565,1.764,1.382,emon,0.913,0.869,29.3,13.6,2.146
2026-09-17 21:27:37.935,14.2,0,94,81;14;94;3;17;2;0;0;17;0;0;0;0;0;0;0,886,4729,4724;4724;4729;4729;2546;1911;1746;1288;2256;1972;2681;2323;1134;1031;886;888,0.8,0.0,882.0,0,0,0,0,0,0.0,0,0,0,0,0,0,0,0,0.0,0,0,0,0,0,0.0,0.0,4345.2,0,0,0,85.1,28.7,0.01,0.38,32.46,24.5,63.4,97.87413083589993,1.0660229518245428,18.974089870086082,16.579588760932285,2.879213346953456,1090.025641025641,0.0,0.0,0.0,0.0,51.630294038699226,0.1,0.0,0.0,0.0,0.0,450.0,882.0,0.0,0.0,1.838,1.309,3.146,27.565,1.764,1.382,emon,0.913,0.869,29.3,13.6,2.146
2026-09-17 21:27:38.935,14.1,0,95,84;14;95;6;11;3;0;0;11;0;0;0;0;0;0;0,851,4729,4726;4728;4729;4729;2241;3065;3223;1224;2056;2391;1884;2155;1136;974;899;851,0.8,0.0,882.2,0,0,0,0,0,0.0,0,0,0,0,0,0,0,0,0.0,0,0,0,0,0,0.0,0.0,4345.2,0,0,0,87.1,28.7,0.01,0.38,32.46,24.4,63.4,97.87413083589993,1.0660229518245428,18.974089870086082,16.579588760932285,2.879213346953456,1090.025641025641,0.0,0.0,0.0,0.0,51.630294038699226,0.1,0.0,0.0,0.0,0.0,450.0,882.2,0.0,0.0,1.838,1.309,3.146,27.565,1.764,1.382,emon,0.913,0.869,29.3,13.6,2.146
2026-09-17 21:27:39.935,14.9,0,91,78;18;91;3;25;0;0;0;20;0;0;0;2;2;0;0,988,4729,4722;4725;4727;4729;2646;2397;1097;1294;2543;2417;1394;2628;1281;988;1007;1020,1.1,0.0,882.2,0,0,0,0,0,0.0,0,0,0,0,0,0,0,0,0.0,0,0,0,0,0,0.0,0.0,4345.2,0,0,0,85.1,28.7,0.01,0.38,32.46,24.4,63.4,95.94087238311768,0.36691122939810156,13.957321906089783,8.177640686929227,1.5363787339068948,1000.25,0.0,0.0,0.0,0.0,50.33809765204787,0.1,0.0,0.0,0.0,0.0,450.0,882.2,0.0,0.0,1.838,1.309,3.146,27.565,1.764,1.382,emon,0.913,0.869,29.3,13.6,2.146
2026-09-17 21:27:40.936,14.2,0,94,79;22;94;0;16;2;0;3;9;3;0;0;0;0;0;0,869,4728,4724;4728;4727;4685;2307;3348;2463;1318;2136;3208;1401;1311;1089;1018;869;1000,1.0,0.0,882.4,0,0,0,0,0,0.0,0,0,0,0,0,0,0,0,0.0,0,0,0,0,0,0.0,0.0,4345.2,0,0,0,82.1,28.7,0.01,0.38,32.46,24.4,63.4,97.89585454840409,0.9215569419933385,17.777794825403316,15.124401661518373,2.5705364042108783,1139.7894736842106,0.0,0.0,0.0,0.0,52.96214819503458,0.1,0.0,0.0,0.0,0.0,450.0,882.4,0.0,0.0,1.838,1.309,3.146,27.565,1.764,1.382,emon,0.913,0.869,29.3,13.6,2.146
2026-09-17 21:27:41.936,14.7,0,92,83;17;92;6;22;3;0;0;12;0;0;0;0;0;0;0,814,4727,4719;4724;4727;4723;2817;2954;2056;1334;2162;2697;2682;2574;1110;1061;1021;814,1.0,0.0,885.7,0,0,0,0,0,0.0,0,0,0,0,0,0,0,0,0.0,0,0,0,0,0,0.0,0.0,4345.2,0,0,0,86.1,29.58,0.01,0.34,32.61,24.6,63.4,97.74522126026643,0.9877297434812555,19.505095332096783,17.230142327073292,3.1076065942955515,1134.8974358974358,0.0,0.0,0.0,0.0,51.61733258725741,0.1,0.0,0.0,0.0,0.0,450.0,885.7,0.0,0.0,1.838,1.309,3.146,27.565,1.764,1.382,emon,0.913,0.869,29.3,13.6,2.146
2026-09-17 21:27:42.937,15.2,0,100,78;21;100;2;17;2;0;0;14;0;0;0;9;0;0;0,895,4726,4724;4705;4726;4720;2496;3086;2224;1414;2336;2291;2284;2886;1444;951;895;913,0.3,0.0,890.9,0,0,0,0,0,0.0,0,0,0,0,0,0,0,0,0.0,0,0,0,0,0,0.0,0.0,4345.2,0,0,0,82.1,29.58,0.01,0.34,32.61,24.5,63.4,98.61214447021484,0.901928186416626,27.453048706054688,24.633005142211914,2.330292983620893,1199.0,0.0,0.0,0.0,0.0,50.11620035767555,0.1,0.0,0.0,0.0,0.0,450.0,890.9,0.0,0.0,1.838,1.309,3.146,27.565,1.764,1.382,emon,0.913,0.869,29.3,13.6,2.146
2026-09-17 21:27:43.937,23.9,6,94,45;52;94;9;31;23;14;15;10;28;9;13;6;19;8;6,2076,4691,4684;4662;4691;4562;2665;2506;2229;2181;2343;2740;2619;2660;2361;2122;2076;2156,1.0,0.0,879.2,0,0,0,0,0,0.0,0,0,0,0,0,0,0,0,0.0,0,0,0,0,0,0.0,0.0,4345.2,0,0,0,83.1,29.58,0.01,0.34,32.61,24.6,63.4,98.39441901759098,1.4116310129726404,20.796348138859397,18.848171181976795,0.904521239186196,1138.4736842105262,0.0,0.0,0.0,0.0,52.95600443372601,0.1,0.0,0.0,0.0,0.0,450.0,884.5,0.0,0.0,1.838,1.309,3.146,27.565,1.764,1.382,emon,0.913,0.869,29.3,13.6,2.146
2026-09-17 21:27:44.937,17.6,0,91,9;34;91;8;2;22;5;2;2;86;2;3;0;12;3;2,1490,4710,4604;4529;4710;4669;2697;2579;2287;2191;2374;3331;2467;2546;1880;1562;1529;1490,0.3,0.0,1052.4,0,0,0,0,0,0.0,0,0,0,0,0,0,0,0,0.0,0,0,0,0,0,0.0,0.0,4345.2,0,0,0,76.1,29.58,0.01,0.34,32.61,24.6,63.4,98.3929619302555,1.2721336039391404,20.965935974704976,17.926317561950004,1.4283480251360001,1135.734693877551,0.0,0.0,0.0,0.0,53.28244253263182,0.4,0.0,0.0,0.0,0.0,450.0,1052.4,0.0,0.0,1.838,1.309,3.146,27.565,1.764,1.382,emon,0.913,0.869,29.3,13.6,2.146
2026-09-17 21:27:45.938,15.4,0,86,8;47;86;2;0;14;3;2;0;72;6;0;0;5;2;0,1131,4692,4604;4492;4692;4517;1696;2458;2325;2049;3446;3346;3032;1767;1131;1954;1430;1260,0.7,0.0,1058.0,0,0,0,0,0,0.0,0,0,0,0,0,0,0,0,0.0,0,0,0,0,0,0.0,0.0,4345.2,0,0,0,68.1,28.74,0.06,0.35,32.23,24.6,63.4,97.6900523451508,1.9444040312569162,19.0146384825472,15.865925877309236,0.9605366547332436,1186.704918032787,0.0,0.0,0.0,0.0,51.08196899539134,0.1,0.0,0.0,0.0,0.0,450.0,1059.1,0.0,0.0,1.838,1.309,3.146,27.565,1.764,1.382,emon,0.913,0.869,29.3,13.6,2.146
2026-09-17 21:27:46.938,24.3,2,86,34;71;86;11;5;53;14;15;5;42;11;5;3;28;5;2,2532,4716,4705;4715;4716;4694;3308;3231;3128;3249;3331;3246;3297;3247;2532;2787;2757;2741,2.4,0.0,1123.7,0,0,0,0,0,0.0,0,0,0,0,0,0,0,0,0.0,0,0,0,0,0,0.0,0.0,4345.2,0,0,0,70.1,28.74,0.06,0.35,32.23,24.6,63.4,95.53518988869406,0.5255411336706444,16.135191689838063,11.692601335319607,2.1389609416100113,1003.5454545454545,0.0,0.0,0.0,0.0,50.31060236353766,0.3,0.0,0.0,0.0,0.0,450.0,1071.0,0.0,0.0,3.553,1.868,5.421,64.056,4.1,1.321,emon,0.805,0.888,30.8,15.0,2.057
2026-09-17 21:27:47.938,19.4,0,86,12;52;81;3;0;86;0;0;0;62;0;0;0;14;0;0,1271,4710,4672;4681;4710;4642;3135;3199;3230;2520;3205;3198;3046;3278;1271;2376;1450;1289,2.2,0.0,1135.9,0,0,0,0,0,0.0,0,0,0,0,0,0,0,0,0.0,0,0,0,0,0,0.0,0.0,4345.2,0,0,0,63.1,28.74,0.06,0.35,32.23,24.6,63.4,98.37003272876404,0.6943333177222756,14.153727451960245,11.414832330848041,1.005418837990044,1031.017543859649,0.0,0.0,0.0,0.0,52.966170039093285,0.3,0.0,0.0,0.0,0.0,450.0,1127.1,0.0,0.0,3.553,1.868,5.421,64.056,4.1,1.321,emon,0.805,0.888,30.8,15.0,2.057
2026-09-17 21:27:48.939,17.0,0,88,18;39;88;12;0;77;8;2;0;16;6;0;0;6;0;0,970,4729,4670;4593;4716;4729;2773;3362;3185;2831;3306;2648;3157;2530;1097;2206;1149;970,0.6,0.0,1117.8,0,0,0,0,0,0.0,0,0,0,0,0,0,0,0,0.0,0,0,0,0,0,0.0,0.0,4345.2,0,0,0,76.1,26.95,0.07,0.35,30.86,24.6,63.4,99.39332900176177,0.026634830880809476,3.217676314147743,0.3372388371341937,0.5317967292424794,987.5135135135135,0.0,0.0,0.0,0.0,58.53903344636028,0.5,0.0,0.0,0.0,0.0,450.0,1117.8,0.0,0.0,3.553,1.868,5.421,64.056,4.1,1.321,emon,0.805,0.888,30.8,15.0,2.057
2026-09-17 21:27:49.939,13.9,0,92,8;34;92;0;0;78;3;0;0;6;0;0;0;2;0;0,888,4717,4661;4521;4708;4717;2962;3371;2820;2718;1267;2101;1773;1310;888;1126;922;953,0.7,0.0,1112.6,0,0,0,0,0,0.0,0,0,0,0,0,0,0,0,0.0,0,0,0,0,0,0.0,0.0,4345.2,0,0,0,71.1,26.95,0.07,0.35,30.86,24.6,63.4,96.6792984008789,0.4876729786396027,15.25280590057373,11.168896102905274,1.956603366136551,1019.0,0.0,0.0,0.0,0.0,50.333351105451584,0.2,0.0,0.0,0.0,0.0,450.0,1116.6,0.0,0.0,3.553,1.868,5.421,64.056,4.1,1.321,emon,0.805,0.888,30.8,15.0,2.057
2026-09-17 21:27:50.940,15.9,0,89,8;71;89;6;0;47;2;0;0;19;5;0;0;8;0;0,1141,4712,4616;4663;4700;4712;3410;3247;3094;2652;3051;2540;2983;3276;1175;1458;1611;1141,3.1,0.0,1160.2,0,0,0,0,0,0.0,0,0,0,0,0,0,0,0,0.0,0,0,0,0,0,0.0,0.0,4345.2,0,0,0,79.1,26.95,0.07,0.35,30.86,24.6,63.4,98.17955576578775,0.9780754666402935,13.12917893409729,9.521277008454005,0.959296352132272,1106.0,0.0,0.0,0.0,0.0,50.264799677729606,0.1,0.0,0.0,0.0,0.0,450.0,1121.9,0.0,0.0,3.553,1.868,5.421,64.056,4.1,1.321,emon,0.805,0.888,30.8,15.0,2.057
2026-09-17 21:27:51.940,13.8,0,82,14;78;82;17;0;12;2;0;0;14;0;2;0;0;0;0,820,4727,4727;4721;4723;4723;2916;2877;2762;1479;2788;2068;3325;3281;820;1607;1041;846,3.1,0.0,1160.2,0,0,0,0,0,0.0,0,0,0,0,0,0,0,0,0.0,0,0,0,0,0,0.0,0.0,4345.2,0,0,0,83.1,26.95,0.07,0.35,30.86,24.6,63.4,96.75317637125652,0.7816014687220255,25.416008631388348,22.154966354370117,1.7339888016382854,782.3333333333334,0.0,0.0,0.0,0.0,50.30625052253405,0.4,0.0,0.0,0.0,0.0,450.0,1131.4,0.0,0.0,3.553,1.868,5.421,64.056,4.1,1.321,emon,0.805,0.888,30.8,15.0,2.057
2026-09-17 21:27:52.940,18.0,0,82,19;82;51;50;3;21;8;5;2;21;8;2;0;6;6;6,1110,4708,4690;4708;4703;4703;1380;2676;1970;1820;1306;2313;1865;1384;1128;1278;1118;1110,0.2,0.0,1131.4,0,0,0,0,0,0.0,0,0,0,0,0,0,0,0,0.0,0,0,0,0,0,0.0,0.0,4345.2,0,0,0,85.1,27.35,0.04,0.38,31.16,24.6,63.4,98.73379717375103,0.721678513837488,14.090041221233836,12.575248609509384,0.6303994716063404,1074.438596491228,0.0,0.0,0.0,0.0,52.956023577796785,0.0,0.0,0.0,0.0,0.0,450.0,1127.4,0.0,0.0,3.553,1.868,5.421,64.056,4.1,1.321,emon,0.805,0.888,30.8,15.0,2.057
2026-09-17 21:27:53.941,15.2,0,94,3;94;66;34;0;11;3;0;0;15;0;0;2;12;3;0,1032,4721,4670;4721;4720;4717;1994;2096;2374;1402;2262;2440;3360;1249;1032;1532;1392;1120,0.9,0.0,1101.1,0,0,0,0,0,0.0,0,0,0,0,0,0,0,0,0.0,0,0,0,0,0,0.0,0.0,4345.2,0,0,0,91.1,27.35,0.04,0.38,31.16,24.6,63.4,97.59083786010743,0.4574963811784983,21.653971457481383,18.50072098970413,1.647167944908142,819.0,0.0,0.0,0.0,0.0,50.31971424520016,0.1,0.0,0.0,0.0,0.0,450.0,1101.1,0.0,0.0,3.553,1.868,5.421,64.056,4.1,1.321,emon,0.805,0.888,30.8,15.0,2.057
2026-09-17 21:27:54.941,16.6,0,92,8;92;19;86;6;17;2;3;3;11;3;3;3;8;0;2,1248,4727,4721;4725;4725;4727;3417;2909;3369;2901;3417;2216;3427;3150;1507;1365;1248;2555,1.2,0.0,1129.0,0,0,0,0,0,0.0,0,0,0,0,0,0,0,0,0.0,0,0,0,0,0,0.0,0.0,4345.2,0,0,0,91.1,27.35,0.04,0.38,31.16,24.5,63.4,96.61567687988281,4.639455080032349,21.880309104919434,19.519059658050537,0.23441413417458534,1299.0,0.0,0.0,0.0,0.0,50.15741066634655,0.1,0.0,0.0,0.0,0.0,450.0,1129.0,0.0,0.0,3.553,1.868,5.421,64.056,4.1,1.321,emon,0.805,0.888,30.8,15.0,2.057
2026-09-17 21:27:55.942,17.2,0,82,22;82;69;35;5;12;8;3;3;20;5;2;0;6;0;3,1032,4729,4718;4719;4707;4729;3398;2490;2855;2652;3178;2514;3426;3428;1032;2580;2153;2548,0.5,0.0,1125.0,0,0,0,0,0,0.0,0,0,0,0,0,0,0,0,0.0,0,0,0,0,0,0.0,0.0,4345.2,0,0,0,91.1,27.35,0.04,0.38,31.16,24.4,63.4,97.97385025024414,1.515474639988194,22.77690328160922,20.77605160449942,1.5080063147470355,1199.0,0.0,0.0,0.0,0.0,50.19526802375913,0.0,0.0,0.0,0.0,0.0,450.0,1125.0,0.0,0.0,3.553,1.868,5.421,64.056,4.1,1.321,emon,0.805,0.888,30.8,15.0,2.057
2026-09-17 21:27:56.942,14.4,0,91,14;81;91;8;0;20;0;0;0;14;0;0;0;3;0;0,1130,4729,4729;4727;4729;4729;2370;2360;2831;1266;2296;2174;2992;3274;1225;2073;1130;1163,1.2,0.0,1079.7,0,0,0,0,0,0.0,0,0,0,0,0,0,0,0,0.0,0,0,0,0,0,0.0,0.0,4345.2,0,0,0,90.1,33.25,0.02,0.32,35.81,24.4,63.4,93.70452995300293,0.7293930318206548,19.78561226129532,16.895593409240245,1.7120815884321927,1214.0,0.0,0.0,0.0,0.0,50.19462150037289,0.0,0.0,0.0,0.0,0.0,450.0,1079.7,0.0,0.0,3.553,1.868,5.421,64.056,4.1,1.321,emon,0.805,0.888,30.8,15.0,2.057
2026-09-17 21:27:57.943,14.7,0,98,18;81;98;0;2;17;0;3;0;11;0;0;0;5;2;0,975,4725,4724;4719;4725;4717;1288;2371;3116;1266;3145;2169;2758;2835;1007;1565;1182;975,0.1,0.0,1079.7,0,0,0,0,0,0.0,0,0,0,0,0,0,0,0,0.0,0,0,0,0,0,0.0,0.0,4345.2,0,0,0,92.1,33.25,0.02,0.32,35.81,24.4,63.4,98.67705663045247,0.46711561890939873,21.299828867117565,18.696201480925083,1.172599988882818,1199.0,0.0,0.0,0.0,0.0,50.51286997894446,0.0,0.0,0.0,0.0,0.0,450.0,1079.7,0.0,0.0,3.553,1.868,5.421,64.056,4.1,1.321,emon,0.805,0.888,30.8,15.0,2.057
2026-09-17 21:27:58.943,14.2,0,98,15;83;98;2;0;9;0;0;2;14;0;0;0;5;0;0,1017,4729,4729;4727;4729;4729;2305;2369;3178;1604;2993;2014;3278;3315;1017;1936;1232;1030,0.0,0.0,1070.0,0,0,0,0,0,0.0,0,0,0,0,0,0,0,0,0.0,0,0,0,0,0,0.0,0.0,4345.2,0,0,0,91.1,33.25,0.02,0.32,35.81,24.4,63.4,94.65014457702637,1.088085146388039,21.58404678106308,19.092466334501903,1.170011035244291,1299.0,0.0,0.0,0.0,0.0,50.18547961240014,0.0,0.0,0.0,0.0,0.0,450.0,1070.0,0.0,0.0,1.167,0.874,2.041,18.423,1.179,0.862,emon,0.841,0.923,33.6,28.1,1.195
2026-09-17 21:27:59.943,14.6,0,95,14;87;95;3;0;14;2;3;0;15;0;0;0;0;0;0,942,4728,4727;4728;4725;4602;3138;2220;2702;1566;3364;2392;2633;3263;956;1650;1062;942,0.0,0.0,1070.0,0,0,0,0,0,0.0,0,0,0,0,0,0,0,0,0.0,0,0,0,0,0,0.0,0.0,4345.2,0,0,0,91.1,33.25,0.02,0.32,35.81,24.4,63.4,97.22115707397461,0.43098317738622427,21.655831947922707,18.857214510440826,1.5769842332229018,1111.5,0.0,0.0,0.0,0.0,50.275139294564724,0.0,0.0,0.0,0.0,0.0,450.0,1070.0,0.0,0.0,1.167,0.874,2.041,18.423,1.179,0.862,emon,0.841,0.923,33.6,28.1,1.195
2026-09-17 21:28:00.944,14.0,0,97,12;88;97;0;0;9;0;3;0;11;0;0;0;3;0;0,1028,4728,4728;4724;4728;4728;3292;2570;3216;1290;2486;2248;3207;2834;1048;1465;1092;1028,0.0,0.0,1066.0,0,0,0,0,0,0.0,0,0,0,0,0,0,0,0,0.0,0,0,0,0,0,0.0,0.0,4345.2,0,0,0,90.1,33.25,0.02,0.32,35.81,24.4,63.4,96.97523975372314,0.61350046453299,13.691334836184978,8.867607216350734,0.9752655380179931,1086.5,0.0,0.0,0.0,0.0,50.26543869636953,0.0,0.0,0.0,0.0,0.0,450.0,1066.0,0.0,0.0,1.167,0.874,2.041,18.423,1.179,0.862,emon,0.841,0.923,33.6,28.1,1.195
2026-09-17 21:28:01.944,14.6,0,94,5;94;94;2;0;16;0;3;0;16;2;0;0;3;0;0,1040,4730,4729;4729;4725;4730;1600;2586;3319;1309;2846;2165;3329;3149;1040;1262;1096;1071,0.0,0.0,1044.3,0,0,0,0,0,0.0,0,0,0,0,0,0,0,0,0.0,0,0,0,0,0,0.0,0.0,4345.2,0,0,0,94.1,33.25,0.02,0.32,35.81,24.4,63.4,98.06333033243816,0.6876237151833872,20.08971478541692,16.52859728038311,1.1108126540978749,1090.6666666666667,0.0,0.0,0.0,0.0,50.22544672091802,0.0,0.0,0.0,0.0,0.0,450.0,1044.3,0.0,0.0,1.167,0.874,2.041,18.423,1.179,0.862,emon,0.841,0.923,33.6,28.1,1.195
2026-09-17 21:28:02.944,14.1,0,98,14;85;98;3;0;14;0;0;0;9;0;0;0;2;2;0,1014,4729,4728;4726;4726;4729;2396;2607;2606;1269;1773;2113;2787;3323;1058;1388;1123;1014,0.0,0.0,1044.3,0,0,0,0,0,0.0,0,0,0,0,0,0,0,0,0.0,0,0,0,0,0,0.0,0.0,4345.2,0,0,0,93.1,33.25,0.02,0.32,35.81,24.4,63.4,98.06333033243816,0.6876237151833872,20.08971478541692,16.52859728038311,1.1108126540978749,1090.6666666666667,0.0,0.0,0.0,0.0,50.22544672091802,0.0,0.0,0.0,0.0,0.0,450.0,1044.3,0.0,0.0,1.167,0.874,2.041,18.423,1.179,0.862,emon,0.841,0.923,33.6,28.1,1.195
2026-09-17 21:28:03.945,15.0,0,94,10;91;94;5;0;17;0;3;0;19;0;0;0;2;2;0,1020,4728,4725;4727;4728;4727;2864;2926;2513;1311;1465;2030;2631;2837;1020;1296;1239;1107,0.0,0.0,1044.3,0,0,0,0,0,0.0,0,0,0,0,0,0,0,0,0.0,0,0,0,0,0,0.0,0.0,4345.2,0,0,0,90.1,33.25,0.02,0.32,35.81,24.4,63.4,98.1723518371582,0.4203952740645036,21.339026764035225,18.319299878552556,1.7973252534866333,1199.0,0.0,0.0,0.0,0.0,50.176965061575174,0.0,0.0,0.0,0.0,0.0,450.0,1044.3,0.0,0.0,1.167,0.874,2.041,18.423,1.179,0.862,emon,0.841,0.923,33.6,28.1,1.195
2026-09-17 21:28:04.945,14.3,0,94,6;92;94;2;0;17;0;0;0;14;0;0;0;3;0;0,992,4729,4728;4726;4729;4729;2306;2367;3398;1258;2337;2117;2973;2234;992;1526;1103;1011,0.0,0.0,1044.3,0,0,0,0,0,0.0,0,0,0,0,0,0,0,0,0.0,0,0,0,0,0,0.0,0.0,4345.2,0,0,0,91.1,0.0,0.0,0.0,0.0,24.4,63.4,97.88276100158691,0.4309029916767031,23.63961026072502,21.47400899603963,1.2714747751306277,1036.5,0.0,0.0,0.0,0.0,50.24150259047747,0.0,0.0,0.0,0.0,0.0,450.0,1044.3,0.0,0.0,1.167,0.874,2.041,18.423,1.179,0.862,emon,0.841,0.923,33.6,28.1,1.195
2026-09-17 21:28:05.945,13.9,0,94,8;92;94;5;0;8;0;0;0;11;2;0;0;2;2;0,1134,4729,4720;4725;4729;4729;1214;1891;3176;1134;1538;2318;3414;2436;1405;1665;2182;1294,0.0,0.0,1044.3,0,0,0,0,0,0.0,0,0,0,0,0,0,0,0,0.0,0,0,0,0,0,0.0,0.0,4345.2,0,0,0,91.1,0.0,0.0,0.0,0.0,24.4,63.4,98.57752151489258,0.3686227729544044,22.252214515209197,19.743894980847834,2.004794034361839,1199.0,0.0,0.0,0.0,0.0,50.34657806456089,0.0,0.0,0.0,0.0,0.0,450.0,1044.3,0.0,0.0,1.167,0.874,2.041,18.423,1.179,0.862,emon,0.841,0.923,33.6,28.1,1.195
2026-09-17 21:28:06.946,14.1,0,98,23;74;98;0;0;14;2;0;0;12;0;0;0;2;0;0,972,4728,4728;4727;4728;4707;2407;2095;3410;1224;2485;2232;2620;2430;972;1746;1376;973,0.0,0.0,1044.3,0,0,0,0,0,0.0,0,0,0,0,0,0,0,0,0.0,0,0,0,0,0,0.0,0.0,4345.2,0,0,0,92.1,0.0,0.0,0.0,0.0,24.4,63.4,97.80003929138184,0.4227685579098761,19.31422984600067,17.428836669772863,0.8802654738537967,874.0,0.0,0.0,0.0,0.0,50.29044982790947,0.0,0.0,0.0,0.0,0.0,450.0,1044.3,0.0,0.0,1.167,0.874,2.041,18.423,1.179,0.862,emon,0.841,0.923,33.6,28.1,1.195
2026-09-17 21:28:07.946,14.0,0,97,11;88;97;0;0;14;0;0;0;8;0;0;0;5;2;0,1001,4730,4730;4726;4729;4729;2476;2283;2835;1303;2231;1922;3373;2910;1001;1494;1770;1080,0.1,0.0,1044.3,0,0,0,0,0,0.0,0,0,0,0,0,0,0,0,0.0,0,0,0,0,0,0.0,0.0,4345.2,0,0,0,93.1,0.0,0.0,0.0,0.0,24.4,63.4,97.77930545806885,0.4413424499798566,20.73651111125946,18.212578328326344,2.060751136392355,1199.0,0.0,0.0,0.0,0.0,50.25076985731721,0.0,0.0,0.0,0.0,0.0,450.0,1044.3,0.0,0.0,1.167,0.874,2.041,18.423,1.179,0.862,emon,0.841,0.923,33.6,28.1,1.195
2026-09-17 21:28:08.946,14.8,0,97,17;82;97;2;0;12;2;3;0;20;0;0;2;0;0;0,1009,4729,4729;4728;4729;4729;3312;1975;3007;1228;2644;2370;2495;2372;1009;1197;1036;1078,0.1,0.0,1044.3,0,0,0,0,0,0.0,0,0,0,0,0,0,0,0,0.0,0,0,0,0,0,0.0,0.0,4345.2,0,0,0,91.1,32.99,0.0,0.31,35.17,24.4,63.4,98.03556823730469,0.531551317932705,17.36703336238861,15.398666014273962,1.2127550443013508,982.3333333333334,0.0,0.0,0.0,0.0,50.57622223099073,0.0,0.0,0.0,0.0,0.0,450.0,1044.3,0.0,0.0,1.167,0.874,2.041,18.423,1.179,0.862,emon,0.841,0.923,33.6,28.1,1.195
2026-09-17 21:28:09.947,13.8,0,97,6;88;97;3;0;13;0;0;0;12;0;0;0;0;2;0,1021,4727,4719;4727;4724;4593;1570;2736;3107;1271;2229;2095;2618;2192;1021;1730;1098;1035,0.1,0.0,1044.3,0,0,0,0,0,0.0,0,0,0,0,0,0,0,0,0.0,0,0,0,0,0,0.0,0.0,4345.2,0,0,0,91.1,32.99,0.0,0.31,35.17,24.4,63.4,98.27029800415039,0.586288332939148,31.075603485107422,28.147642135620117,1.9566448835539632,1199.0,0.0,0.0,0.0,0.0,50.1635235697031,0.0,0.0,0.0,0.0,0.0,450.0,1044.3,0.0,0.0,1.167,0.874,2.041,18.423,1.179,0.862,emon,0.841,0.923,33.6,28.1,1.195
2026-09-17 21:28:10.947,14.4,0,97,11;86;97;5;0;11;3;0;0;14;2;0;0;2;0;0,954,4729,4729;4728;4728;4729;2583;2483;3129;1366;2562;2309;2968;2636;954;1716;1395;1389,0.1,0.0,1044.3,0,0,0,0,0,0.0,0,0,0,0,0,0,0,0,0.0,0,0,0,0,0,0.0,0.0,4345.2,0,0,0,91.1,32.99,0.0,0.31,35.17,24.4,63.4,97.4765116373698,0.5628454028628767,22.67765857776006,20.183441765606403,0.9373042315710336,1199.0,0.0,0.0,0.0,0.0,50.2543469419082,0.0,0.0,0.0,0.0,0.0,450.0,1044.3,0.0,0.0,0.52,0.561,1.082,8.004,0.512,0.57,emon,0.904,0.843,32.5,28.3,1.149
2026-09-17 21:28:11.948,13.8,0,94,11;89;94;0;0;15;0;0;0;11;0;0;0;0;0;0,1035,4729,4729;4728;4729;4728;2812;2823;2733;1300;2200;2189;3093;2826;1106;1493;1094;1035,0.1,0.0,1044.3,0,0,0,0,0,0.0,0,0,0,0,0,0,0,0,0.0,0,0,0,0,0,0.0,0.0,4345.2,0,0,0,91.1,32.99,0.0,0.31,35.17,24.4,63.4,97.42989826202393,0.3672579500125721,20.880563125014305,17.124932454898953,1.5186621621251106,1199.0,0.0,0.0,0.0,0.0,50.237781550735235,0.0,0.0,0.0,0.0,0.0,450.0,1044.3,0.0,0.0,0.52,0.561,1.082,8.004,0.512,0.57,emon,0.904,0.843,32.5,28.3,1.149
2026-09-17 21:28:12.948,14.3,0,95,11;90;95;0;0;17;0;0;0;12;0;0;0;3;0;0,1099,4729,4728;4727;4725;4729;1959;2685;2740;1272;2953;2108;2348;2103;1241;1672;1138;1099,0.1,0.0,1044.3,0,0,0,0,0,0.0,0,0,0,0,0,0,0,0,0.0,0,0,0,0,0,0.0,0.0,4345.2,0,0,0,91.1,32.45,0.0,0.31,34.6,24.4,63.4,98.23026084899902,0.5491670146584511,19.62164318561554,17.246276948601007,0.6145199707243592,1199.0,0.0,0.0,0.0,0.0,50.18951687216759,0.0,0.0,0.0,0.0,0.0,450.0,1044.3,0.0,0.0,0.52,0.561,1.082,8.004,0.512,0.57,emon,0.904,0.843,32.5,28.3,1.149
2026-09-17 21:28:13.948,16.6,0,94,62;36;94;8;2;3;16;6;0;8;9;8;2;3;6;3,1029,4729,4717;4726;4729;4723;3391;2801;2462;2504;3423;2485;2310;3117;1029;1845;1533;1397,0.1,0.0,1044.3,0,0,0,0,0,0.0,0,0,0,0,0,0,0,0,0.0,0,0,0,0,0,0.0,0.0,4345.2,0,0,0,90.1,32.45,0.0,0.31,34.6,24.4,63.4,97.7970593770345,0.5008519667511185,19.385069608688354,17.356026341517765,1.6973290758905932,1199.0,0.0,0.0,0.0,0.0,50.21488879621029,0.0,0.0,0.0,0.0,0.0,450.0,1044.3,0.0,0.0,0.52,0.561,1.082,8.004,0.512,0.57,emon,0.904,0.843,32.5,28.3,1.149
2026-09-17 21:28:14.949,13.8,0,86,86;8;62;40;0;0;9;0;0;0;9;0;0;0;6;0,1031,4729,4728;4729;4726;4729;2871;2676;1923;1332;3243;3020;2028;3096;1031;1060;1412;1130,0.1,0.0,1044.3,0,0,0,0,0,0.0,0,0,0,0,0,0,0,0,0.0,0,0,0,0,0,0.0,0.0,4345.2,0,0,0,93.1,32.45,0.0,0.31,34.6,24.4,63.4,97.55368423461914,0.4805697171250358,22.513730198144913,20.113897806033492,1.2662131488323212,1199.0,0.0,0.0,0.0,0.0,50.23638570681214,0.0,0.0,0.0,0.0,0.0,450.0,1044.3,0.0,0.0,0.52,0.561,1.082,8.004,0.512,0.57,emon,0.904,0.843,32.5,28.3,1.149
2026-09-17 21:28:15.949,14.9,0,91,91;9;72;33;0;0;17;2;0;0;11;0;0;0;3;0,878,4729,4728;4729;4729;4728;3283;3478;2299;1705;3293;3210;1921;3090;882;878;1299;1112,0.0,0.0,1044.3,0,0,0,0,0,0.0,0,0,0,0,0,0,0,0,0.0,0,0,0,0,0,0.0,0.0,4345.2,0,0,0,91.1,32.45,0.0,0.31,34.6,24.4,63.4,97.59639587402344,0.3884613186120987,23.22494766712189,20.29826746582985,1.6517480522394181,1139.0,0.0,0.0,0.0,0.0,50.24000509083271,0.0,0.0,0.0,0.0,0.0,450.0,1044.3,0.0,0.0,0.52,0.561,1.082,8.004,0.512,0.57,emon,0.904,0.843,32.5,28.3,1.149
2026-09-17 21:28:16.949,14.0,0,91,91;6;64;41;0;0;9;2;0;0;8;0;0;0;2;2,923,4729,4728;4729;4725;4729;2976;2657;2052;2193;2611;2360;2169;2536;972;935;1188;923,0.0,0.0,1044.3,0,0,0,0,0,0.0,0,0,0,0,0,0,0,0,0.0,0,0,0,0,0,0.0,0.0,4345.2,0,0,0,91.1,33.02,0.0,0.32,35.3,24.4,63.4,98.12617111206055,0.5673310461764535,20.785666008790333,18.083323247730732,1.0280036582844332,782.3333333333334,0.0,0.0,0.0,0.0,50.25231024622917,0.0,0.0,0.0,0.0,0.0,450.0,1044.3,0.0,0.0,0.52,0.561,1.082,8.004,0.512,0.57,emon,0.904,0.843,32.5,28.3,1.149
2026-09-17 21:28:17.950,13.7,0,93,93;5;75;23;0;0;12;0;0;0;8;0;0;0;3;0,1021,4729,4729;4728;4726;4721;1939;2706;2416;1347;3150;2755;1814;2794;1021;1100;1206;1098,0.0,0.0,1044.3,0,0,0,0,0,0.0,0,0,0,0,0,0,0,0,0.0,0,0,0,0,0,0.0,0.0,4345.2,0,0,0,92.1,33.02,0.0,0.32,35.3,24.4,63.4,98.12617111206055,0.5673310461764535,20.785666008790333,18.083323247730732,1.0280036582844332,782.3333333333334,0.0,0.0,0.0,0.0,50.25231024622917,0.0,0.0,0.0,0.0,0.0,450.0,1044.3,0.0,0.0,0.52,0.561,1.082,8.004,0.512,0.57,emon,0.904,0.843,32.5,28.3,1.149
2026-09-17 21:28:18.950,14.3,0,92,92;5;86;18;0;0;13;3;0;0;9;0;0;0;3;0,1066,4729,4727;4729;4729;4729;2371;2662;2631;1347;3256;2482;2218;3360;1151;1085;1066;1169,0.0,0.0,1044.3,0,0,0,0,0,0.0,0,0,0,0,0,0,0,0,0.0,0,0,0,0,0,0.0,0.0,4345.2,0,0,0,91.1,33.02,0.0,0.32,35.3,24.4,63.4,97.7691167195638,0.5292145328906676,19.613713324069977,17.2823546230793,1.2636019442385684,1199.0,0.0,0.0,0.0,0.0,50.24926467239857,0.0,0.0,0.0,0.0,0.0,450.0,1044.3,0.0,0.0,0.52,0.561,1.082,8.004,0.512,0.57,emon,0.904,0.843,32.5,28.3,1.149
2026-09-17 21:28:19.950,14.5,0,97,84;12;97;4;0;0;17;0;0;0;8;0;2;0;6;2,940,4728,4728;4726;4722;4728;3085;1851;2779;2087;3358;2672;2021;3139;1189;1002;1335;940,0.0,0.0,1044.3,0,0,0,0,0,0.0,0,0,0,0,0,0,0,0,0.0,0,0,0,0,0,0.0,0.0,4345.2,0,0,0,92.1,33.02,0.0,0.32,35.3,24.3,63.4,96.8457899093628,0.48235181043855846,22.35578452050686,19.893103383481503,1.2675183924729936,1124.0,0.0,0.0,0.0,0.0,50.25900863483548,0.0,0.0,0.0,0.0,0.0,450.0,1044.3,0.0,0.0,0.52,0.561,1.082,8.004,0.512,0.57,emon,0.904,0.843,32.5,28.3,1.149
2026-09-17 21:28:20.951,14.3,0,95,88;9;95;0;2;0;20;0;0;0;12;0;0;0;2;0,922,4731,4727;4724;4729;4731;3189;2147;2551;1569;3212;3028;2151;3127;922;1001;1153;1023,0.0,0.0,1044.3,0,0,0,0,0,0.0,0,0,0,0,0,0,0,0,0.0,0,0,0,0,0,0.0,0.0,4345.2,0,0,0,87.1,32.69,0.0,0.32,35.02,24.3,63.4,97.4556640625,0.3678253086283803,22.281306791305543,20.048748490214347,2.0681288436055185,1134.0,0.0,0.0,0.0,0.0,50.24488804042339,0.0,0.0,0.0,0.0,0.0,450.0,1044.3,0.0,0.0,0.52,0.561,1.082,8.004,0.512,0.57,emon,0.904,0.843,32.5,28.3,1.149
2026-09-17 21:28:21.951,14.5,0,98,69;27;98;3;0;0;14;5;0;0;6;0;0;0;6;3,768,4728,4721;4726;4727;4728;2467;2624;3013;2433;2516;1764;1770;3215;842;768;1249;1179,0.0,0.0,1044.3,0,0,0,0,0,0.0,0,0,0,0,0,0,0,0,0.0,0,0,0,0,0,0.0,0.0,4345.2,0,0,0,85.1,32.69,0.0,0.32,35.02,24.3,63.4,97.17177486419678,0.403632486006245,23.04362215101719,19.576353950425982,1.3066107002377976,1117.75,0.0,0.0,0.0,0.0,50.27716350182891,0.0,0.0,0.0,0.0,0.0,450.0,1044.3,0.0,0.0,0.52,0.561,1.082,8.004,0.512,0.57,emon,0.904,0.843,32.5,28.3,1.149
2026-09-17 21:28:22.951,13.7,0,98,80;19;98;2;0;0;8;0;0;0;12;0;0;0;0;0,749,4729,4716;4700;4729;4729;2173;2718;2229;2115;3238;2855;2237;2838;922;749;1169;1041,0.0,0.0,1044.3,0,0,0,0,0,0.0,0,0,0,0,0,0,0,0,0.0,0,0,0,0,0,0.0,0.0,4345.2,0,0,0,83.1,32.69,0.0,0.32,35.02,24.4,63.4,96.2559928894043,0.5531921680085361,19.037787288427353,16.48306141421199,0.6426659676944837,874.0,0.0,0.0,0.0,0.0,50.28080604970455,0.0,0.0,0.0,0.0,0.0,450.0,1044.3,0.0,0.0,0.907,0.756,1.662,14.384,0.921,0.741,emon,0.918,0.813,29.1,13.7,2.12
2026-09-17 21:28:23.951,14.6,0,92,68;35;92;3;0;0;17;3;0;0;12;0;0;0;2;0,1030,4729,4714;4727;4728;4729;2994;3331;2129;1524;3337;3436;2168;2993;1104;1030;1131;1044,0.0,0.0,1044.3,0,0,0,0,0,0.0,0,0,0,0,0,0,0,0,0.0,0,0,0,0,0,0.0,0.0,4345.2,0,0,0,89.1,32.69,0.0,0.32,35.02,24.4,63.4,98.92999076843262,0.46554553089663386,16.97343400120735,13.954652968794107,0.7835592034971341,874.0,0.0,0.0,0.0,0.0,50.65640577673912,0.0,0.0,0.0,0.0,0.0,450.0,1044.3,0.0,0.0,0.907,0.756,1.662,14.384,0.921,0.741,emon,0.918,0.813,29.1,13.7,2.12
2026-09-17 21:28:24.955,14.5,0,97,86;14;97;2;2;0;16;8;0;0;6;0;0;2;2;0,898,4728,4728;4728;4724;4726;1573;2960;2075;2862;3178;3309;1964;3054;1102;898;1214;1080,0.1,0.0,1044.3,0,0,0,0,0,0.0,0,0,0,0,0,0,0,0,0.0,0,0,0,0,0,0.0,0.0,4345.2,0,0,0,89.1,29.98,0.0,0.37,33.35,24.4,63.4,97.40789318084717,0.5182594866491854,20.617026895284653,18.62564725242555,1.6500701768600265,955.25,0.0,0.0,0.0,0.0,50.27622118219733,0.0,0.0,0.0,0.0,0.0,450.0,1044.3,0.0,0.0,0.907,0.756,1.662,14.384,0.921,0.741,emon,0.918,0.813,29.1,13.7,2.12
2026-09-17 21:28:25.955,14.7,0,95,89;12;95;0;0;0;18;3;0;0;12;0;2;0;3;0,898,4728,4714;4728;4726;4686;2742;3259;2103;1664;2953;2388;2104;3355;1034;898;1133;1063,0.1,0.0,1044.3,0,0,0,0,0,0.0,0,0,0,0,0,0,0,0,0.0,0,0,0,0,0,0.0,0.0,4345.2,0,0,0,89.1,29.98,0.0,0.37,33.35,24.4,63.4,97.40789318084717,0.5182594866491854,20.617026895284653,18.62564725242555,1.6500701768600265,955.25,0.0,0.0,0.0,0.0,50.27622118219733,0.0,0.0,0.0,0.0,0.0,450.0,1044.3,0.0,0.0,0.907,0.756,1.662,14.384,0.921,0.741,emon,0.918,0.813,29.1,13.7,2.12
2026-09-17 21:28:26.955,14.3,0,100,81;18;100;2;0;0;14;2;0;0;11;2;0;0;0;0,900,4728,4728;4725;4728;4728;2705;2892;2265;1313;2833;1811;2130;3376;958;900;1147;1078,0.1,0.0,1044.3,0,0,0,0,0,0.0,0,0,0,0,0,0,0,0,0.0,0,0,0,0,0,0.0,0.0,4345.2,0,0,0,89.1,29.98,0.0,0.37,33.35,24.4,63.4,97.30252202351888,0.5193924318688611,20.016794741153717,17.570218081275623,1.7052050802546244,1199.0,0.0,0.0,0.0,0.0,50.26721439758936,0.0,0.0,0.0,0.0,0.0,450.0,1044.3,0.0,0.0,0.907,0.756,1.662,14.384,0.921,0.741,emon,0.918,0.813,29.1,13.7,2.12
2026-09-17 21:28:27.955,14.5,0,92,75;22;92;5;0;0;17;0;0;0;16;0;0;2;2;2,803,4729,4728;4729;4726;4645;3191;1657;2598;1324;2645;2953;2090;2656;803;807;1137;1108,0.1,0.0,1044.3,0,0,0,0,0,0.0,0,0,0,0,0,0,0,0,0.0,0,0,0,0,0,0.0,0.0,4345.2,0,0,0,84.1,29.98,0.0,0.37,33.35,24.4,63.4,96.95498275756836,0.5285940018948168,22.127148985862732,20.48320423811674,1.2941285967826843,974.0,0.0,0.0,0.0,0.0,50.3091398589313,0.0,0.0,0.0,0.0,0.0,450.0,1044.3,0.0,0.0,0.907,0.756,1.662,14.384,0.921,0.741,emon,0.918,0.813,29.1,13.7,2.12
2026-09-17 21:28:28.955,14.3,0,98,78;24;98;2;0;0;9;2;0;0;12;0;0;0;3;0,1117,4729,4728;4729;4729;4729;3036;3447;2592;1971;3283;3439;2279;3304;1260;1126;1184;1117,0.1,0.0,1044.3,0,0,0,0,0,0.0,0,0,0,0,0,0,0,0,0.0,0,0,0,0,0,0.0,0.0,4345.2,0,0,0,85.1,30.38,0.0,0.34,33.28,24.4,63.4,97.6427116394043,0.5081406977648536,20.615091502666473,18.168025558193523,1.4575940197488915,1090.6666666666667,0.0,0.0,0.0,0.0,50.21101592481136,0.0,0.0,0.0,0.0,0.0,450.0,1044.3,0.0,0.0,0.907,0.756,1.662,14.384,0.921,0.741,emon,0.918,0.813,29.1,13.7,2.12
2026-09-17 21:28:29.956,14.6,0,94,94;8;92;2;2;0;11;2;0;0;12;0;2;3;5;2,876,4729,4723;4729;4726;4630;3236;2769;2443;1832;1362;3024;2440;3023;1280;938;1796;876,0.1,0.0,1044.3,0,0,0,0,0,0.0,0,0,0,0,0,0,0,0,0.0,0,0,0,0,0,0.0,0.0,4345.2,0,0,0,86.1,30.38,0.0,0.34,33.28,24.4,63.4,97.6118761698405,0.5876090205274522,21.38064980506897,18.89402602861325,0.8745946317212656,1199.0,0.0,0.0,0.0,0.0,50.225507701436676,0.0,0.0,0.0,0.0,0.0,450.0,1044.3,0.0,0.0,0.907,0.756,1.662,14.384,0.921,0.741,emon,0.918,0.813,29.1,13.7,2.12
2026-09-17 21:28:30.956,16.4,0,91,78;28;91;5;2;0;19;3;3;0;19;3;0;0;11;2,1262,4728,4728;4728;4725;4723;3329;3397;3059;2854;3393;3411;2613;2936;1262;1308;1734;1619,2.2,0.0,1058.5,0,0,0,0,0,0.0,0,0,0,0,0,0,0,0,0.0,0,0,0,0,0,0.0,0.0,4345.2,0,0,0,81.1,30.38,0.0,0.34,33.28,24.5,63.4,99.1726428440639,0.2549048178518812,5.419853898457118,2.7124103436867397,0.6140802804053583,1063.5238095238096,0.0,0.0,0.0,0.0,57.14234829282477,0.3,0.0,0.0,0.0,0.0,450.0,1051.8,0.0,0.0,0.907,0.756,1.662,14.384,0.921,0.741,emon,0.918,0.813,29.1,13.7,2.12
2026-09-17 21:28:31.957,15.1,0,91,84;17;91;2;0;0;27;2;0;0;17;2;0;0;2;0,956,4729,4727;4729;4728;4728;2159;1454;2815;1957;2621;2628;2049;3424;1076;956;1174;1125,0.0,0.0,1070.9,0,0,0,0,0,0.0,0,0,0,0,0,0,0,0,0.0,0,0,0,0,0,0.0,0.0,4345.2,0,0,0,83.1,30.38,0.0,0.34,33.28,24.5,63.4,98.46694278717041,1.2173604518175125,13.552358865737915,10.951853593190512,0.7720711768294374,1090.6666666666667,0.0,0.0,0.0,0.0,50.2038504400601,0.2,0.0,0.0,0.0,0.0,450.0,1070.9,0.0,0.0,0.907,0.756,1.662,14.384,0.921,0.741,emon,0.918,0.813,29.1,13.7,2.12
2026-09-17 21:28:32.957,15.8,0,100,76;22;100;5;0;0;23;0;0;0;16;3;0;0;8;0,1079,4728,4723;4717;4728;4727;3254;2687;2436;1699;2935;2848;2152;3106;1507;1079;1742;1275,0.0,0.0,1077.0,0,0,0,0,0,0.0,0,0,0,0,0,0,0,0,0.0,0,0,0,0,0,0.0,0.0,4345.2,0,0,0,86.1,29.93,0.02,0.35,33.19,24.5,63.4,98.21969524182771,0.7605853125845131,17.7591060901943,14.033118877755967,0.9008787182943994,1059.5263157894738,0.0,0.0,0.0,0.0,52.86601610403312,0.1,0.0,0.0,0.0,0.0,450.0,1077.0,0.0,0.0,0.907,0.756,1.662,14.384,0.921,0.741,emon,0.918,0.813,29.1,13.7,2.12
2026-09-17 21:28:33.957,17.7,0,97,81;22;97;8;5;3;25;6;0;3;16;6;0;0;9;3,2239,4728,4722;4713;4724;4728;2958;3204;2604;2761;3242;3384;2557;2531;2439;2239;2282;2414,0.3,0.0,1064.6,0,0,0,0,0,0.0,0,0,0,0,0,0,0,0,0.0,0,0,0,0,0,0.0,0.0,4345.2,0,0,0,87.1,29.93,0.02,0.35,33.19,24.6,63.4,95.58681366660379,0.4336275579407811,12.026592720638622,8.979337495159019,0.9465910507450727,1146.7272727272727,0.0,0.0,0.0,0.0,50.2102272761139,0.0,0.0,0.0,0.0,0.0,450.0,1064.6,0.0,0.0,0.907,0.756,1.662,14.384,0.921,0.741,emon,0.918,0.813,29.1,13.7,2.12
2026-09-17 21:28:34.958,17.4,0,95,42;20;95;3;2;0;80;5;0;0;19;0;0;0;12;2,1058,4729,4582;4504;4717;4729;3296;3325;3366;3273;3112;2444;2787;3254;1606;1058;1822;1653,0.8,0.0,1066.6,0,0,0,0,0,0.0,0,0,0,0,0,0,0,0,0.0,0,0,0,0,0,0.0,0.0,4345.2,0,0,0,69.1,29.93,0.02,0.35,33.19,24.5,63.4,97.9431079228719,0.6673439796237896,12.73569373289744,9.032294323047003,0.8701455833458264,1030.25,0.0,0.0,0.0,0.0,50.25821123023828,0.1,0.0,0.0,0.0,0.0,450.0,1068.6,0.0,0.0,0.907,0.756,1.662,14.384,0.921,0.741,emon,0.918,0.813,29.1,13.7,2.12
2026-09-17 21:28:35.958,13.8,0,100,24;3;100;2;0;0;85;2;0;0;5;0;0;0;0;0,897,4714,4309;4695;4714;4449;3355;3312;3416;3340;1877;1763;2237;1879;974;897;1136;1060,0.0,0.0,1048.9,0,0,0,0,0,0.0,0,0,0,0,0,0,0,0,0.0,0,0,0,0,0,0.0,0.0,4345.2,0,0,0,83.1,29.93,0.02,0.35,33.19,24.5,63.4,98.64069523530848,1.0438043177675675,14.686713425552144,12.886809962199015,1.2977457476560683,1016.6470588235294,0.0,0.0,0.0,0.0,51.85923275395351,0.1,0.0,0.0,0.0,0.0,450.0,1066.6,0.0,0.0,1.613,1.112,2.726,26.092,1.67,1.056,emon,0.91,0.831,31.8,15.1,2.106
2026-09-17 21:28:36.959,14.1,0,97,62;11;97;2;0;0;44;2;0;0;9;0;0;0;0;0,880,4728,4617;4700;4722;4728;2286;1952;3359;2358;2225;1646;2241;2969;880;911;1209;1115,0.0,0.0,1048.9,0,0,0,0,0,0.0,0,0,0,0,0,0,0,0,0.0,0,0,0,0,0,0.0,0.0,4345.2,0,0,0,76.1,27.44,0.01,0.37,31.09,24.5,63.4,95.9694341023763,0.5298965728531281,21.339342455069225,18.71593292305867,1.510522683461507,982.3333333333334,0.0,0.0,0.0,0.0,50.30498438080152,0.0,0.0,0.0,0.0,0.0,450.0,1048.9,0.0,0.0,1.613,1.112,2.726,26.092,1.67,1.056,emon,0.91,0.831,31.8,15.1,2.106
2026-09-17 21:28:37.959,15.7,0,88,86;14;88;4;0;0;22;2;0;0;28;0;0;0;8;0,944,4723,4723;4703;4717;4719;3132;2753;3028;2564;3036;2875;2305;3312;1040;944;1279;1101,0.0,0.0,1048.9,0,0,0,0,0,0.0,0,0,0,0,0,0,0,0,0.0,0,0,0,0,0,0.0,0.0,4345.2,0,0,0,81.1,27.44,0.01,0.37,31.09,24.6,63.4,97.42775608943059,1.0226721083028958,11.519124764662523,6.959114524034353,0.9902913625298354,1195.1538461538462,0.0,0.0,0.0,0.0,50.189158097196085,0.0,0.0,0.0,0.0,0.0,450.0,1049.4,0.0,0.0,1.613,1.112,2.726,26.092,1.67,1.056,emon,0.91,0.831,31.8,15.1,2.106
2026-09-17 21:28:38.960,13.8,0,100,82;14;100;2;0;0;6;2;0;0;11;0;0;0;2;3,830,4724,4714;4703;4724;4575;3266;3259;2681;2768;3074;2444;2361;3237;991;830;1348;1063,0.3,0.0,1049.4,0,0,0,0,0,0.0,0,0,0,0,0,0,0,0,0.0,0,0,0,0,0,0.0,0.0,4345.2,0,0,0,84.1,27.44,0.01,0.37,31.09,24.6,63.4,97.62377275739398,0.3536966886105282,14.351521500519343,9.285154148936272,1.285460595141298,1152.5714285714287,0.0,0.0,0.0,0.0,50.237581594714094,0.0,0.0,0.0,0.0,0.0,450.0,1049.4,0.0,0.0,1.613,1.112,2.726,26.092,1.67,1.056,emon,0.91,0.831,31.8,15.1,2.106
2026-09-17 21:28:39.960,14.5,0,95,85;19;95;0;0;0;17;3;0;0;11;0;0;0;2;0,947,4727,4721;4723;4726;4727;2296;2561;2836;2750;2281;1806;1935;2880;983;947;1602;1002,0.1,0.0,1049.4,0,0,0,0,0,0.0,0,0,0,0,0,0,0,0,0.0,0,0,0,0,0,0.0,0.0,4345.2,0,0,0,83.1,27.44,0.01,0.37,31.09,24.6,63.4,98.26552772521973,0.49330109322909266,22.59718994796276,19.3255460485816,1.2991909211559687,1199.0,0.0,0.0,0.0,0.0,50.1676055714488,0.0,0.0,0.0,0.0,0.0,450.0,1045.4,0.0,0.0,1.613,1.112,2.726,26.092,1.67,1.056,emon,0.91,0.831,31.8,15.1,2.106
2026-09-17 21:28:40.961,14.7,0,95,83;16;95;0;0;0;12;3;0;0;19;0;0;0;6;0,967,4729,4725;4715;4726;4729;3342;2420;2940;1709;3050;1439;2328;3142;1000;967;1597;1017,0.5,0.0,1051.4,0,0,0,0,0,0.0,0,0,0,0,0,0,0,0,0.0,0,0,0,0,0,0.0,0.0,4345.2,0,0,0,80.1,26.83,0.0,0.39,30.91,24.6,63.4,98.1448974609375,1.2982655070954934,20.652343034744263,18.53795446176082,0.8722553614716162,1117.75,0.0,0.0,0.0,0.0,50.199694083072245,0.0,0.0,0.0,0.0,0.0,450.0,1051.4,0.0,0.0,1.613,1.112,2.726,26.092,1.67,1.056,emon,0.91,0.831,31.8,15.1,2.106
2026-09-17 21:28:41.976,14.3,0,94,78;17;94;6;0;0;18;0;0;0;14;0;0;0;2;0,926,4729,4720;4688;4723;4729;2995;2567;2579;1691;2120;1851;2116;3420;1084;926;1274;1276,0.3,0.0,1047.4,0,0,0,0,0,0.0,0,0,0,0,0,0,0,0,0.0,0,0,0,0,0,0.0,0.0,4345.2,0,0,0,81.1,26.83,0.0,0.39,30.91,24.6,63.4,98.0450496673584,0.5176132870838046,22.854759335517883,20.8551963865757,1.4435083866119385,874.0,0.0,0.0,0.0,0.0,50.2461764626205,0.0,0.0,0.0,0.0,0.0,450.0,1047.4,0.0,0.0,1.613,1.112,2.726,26.092,1.67,1.056,emon,0.91,0.831,31.8,15.1,2.106
2026-09-17 21:28:42.976,15.5,0,95,80;22;95;3;0;0;21;2;0;0;20;0;0;0;2;3,1006,4723,4723;4717;4721;4698;3184;2365;2461;1725;2555;2568;2394;3365;1090;1006;1778;1015,0.6,0.0,1057.5,0,0,0,0,0,0.0,0,0,0,0,0,0,0,0,0.0,0,0,0,0,0,0.0,0.0,4345.2,0,0,0,81.1,26.83,0.0,0.39,30.91,24.5,63.4,98.01597181955974,0.5197642690424497,15.044869969288508,10.284065170834461,1.2650620235751073,1144.8333333333333,0.0,0.0,0.0,0.0,50.24522274360061,0.0,0.0,0.0,0.0,0.0,450.0,1057.5,0.0,0.0,1.613,1.112,2.726,26.092,1.67,1.056,emon,0.91,0.831,31.8,15.1,2.106
2026-09-17 21:28:43.976,20.1,0,95,61;49;95;16;2;6;13;22;9;9;11;15;0;0;6;6,1694,4709,4707;4709;4706;4626;3323;3379;2788;2948;3372;3189;2766;2848;1694;1973;2116;2008,2.8,0.0,1066.1,0,0,0,0,0,0.0,0,0,0,0,0,0,0,0,0.0,0,0,0,0,0,0.0,0.0,4345.2,0,0,0,79.1,26.83,0.0,0.39,30.91,24.7,63.4,98.37990915207635,3.323588960205338,16.763322908253897,15.681263408845378,1.623483088029475,1151.9761904761904,0.0,0.0,0.0,0.0,51.4844104798422,0.4,0.0,0.0,0.0,0.0,450.0,1086.3,0.0,0.0,1.613,1.112,2.726,26.092,1.67,1.056,emon,0.91,0.831,31.8,15.1,2.106
2026-09-17 21:28:44.977,14.1,0,92,17;83;92;3;0;0;0;14;2;3;0;11;0;0;0;0,855,4727,4727;4714;4719;4654;2684;2083;2303;2321;3152;1227;2193;2334;1052;855;899;1153,1.7,0.0,1085.3,0,0,0,0,0,0.0,0,0,0,0,0,0,0,0,0.0,0,0,0,0,0,0.0,0.0,4345.2,0,0,0,82.1,27.16,0.04,0.4,31.46,24.7,63.4,94.73084767659505,0.9991877693682909,16.397463242212932,11.264467308918634,2.5665457093467317,1088.5833333333333,0.0,0.0,0.0,0.0,50.33635199815035,0.4,0.0,0.0,0.0,0.0,450.0,1085.3,0.0,0.0,1.613,1.112,2.726,26.092,1.67,1.056,emon,0.91,0.831,31.8,15.1,2.106
2026-09-17 21:28:45.977,14.0,0,97,11;86;97;3;0;0;0;11;3;0;0;12;0;0;0;0,693,4729,4729;4723;4712;4729;1969;2202;1846;2204;3242;2930;2795;2240;950;693;748;1090,1.6,0.0,1068.9,0,0,0,0,0,0.0,0,0,0,0,0,0,0,0,0.0,0,0,0,0,0,0.0,0.0,4345.2,0,0,0,82.1,27.16,0.04,0.4,31.46,24.6,63.4,96.4094054882343,0.5344129249883386,15.425384539824266,10.570871284374824,2.0705042527272153,1059.576923076923,0.0,0.0,0.0,0.0,50.311221956060486,0.1,0.0,0.0,0.0,0.0,450.0,1068.9,0.0,0.0,1.613,1.112,2.726,26.092,1.67,1.056,emon,0.91,0.831,31.8,15.1,2.106
2026-09-17 21:28:46.978,14.1,0,96,16;85;96;2;2;0;0;11;6;0;0;9;0;0;0;0,774,4729,4728;4722;4717;4729;3193;1614;1430;2501;3279;1244;2391;2040;1108;860;774;1123,0.8,0.0,1070.6,0,0,0,0,0,0.0,0,0,0,0,0,0,0,0,0.0,0,0,0,0,0,0.0,0.0,4345.2,0,0,0,83.1,27.16,0.04,0.4,31.46,24.7,63.4,94.19505043029785,0.35158205926418307,12.616875624656677,6.882065215706826,1.1789048701524734,874.0,0.0,0.0,0.0,0.0,50.35796886086464,0.1,0.0,0.0,0.0,0.0,450.0,1070.6,0.0,0.0,1.613,1.112,2.726,26.092,1.67,1.056,emon,0.91,0.831,31.8,15.1,2.106
2026-09-17 21:28:47.978,14.0,0,97,12;85;97;2;0;0;0;9;2;2;2;12;0;0;0;2,807,4727,4726;4724;4726;4727;2104;2856;1867;2441;2002;1694;2980;2434;1122;807;837;1355,0.5,0.0,1070.8,0,0,0,0,0,0.0,0,0,0,0,0,0,0,0,0.0,0,0,0,0,0,0.0,0.0,4345.2,0,0,0,81.1,27.16,0.04,0.4,31.46,24.6,63.4,95.67905807495117,0.27152023566040123,12.735694993625987,6.994570818814364,1.0784710584716364,933.0909090909091,0.0,0.0,0.0,0.0,50.34180228547616,0.1,0.0,0.0,0.0,0.0,450.0,1070.8,0.0,0.0,2.874,1.587,4.461,45.818,2.932,1.529,emon,0.898,0.848,28.0,13.0,2.161
2026-09-17 21:28:48.978,14.0,0,97,15;79;97;2;0;0;0;20;0;0;0;11;0;0;0;0,827,4728,4727;4721;4728;4725;1499;3235;3252;2704;2272;2147;2952;2313;1035;949;827;1169,0.3,0.0,1070.8,0,0,0,0,0,0.0,0,0,0,0,0,0,0,0,0.0,0,0,0,0,0,0.0,0.0,4345.2,0,0,0,83.1,25.92,0.01,0.4,30.06,24.6,63.4,96.7676420211792,0.20323730446398258,9.607778668403625,2.3421734124422073,1.546956866979599,1117.75,0.0,0.0,0.0,0.0,50.28239391744137,0.1,0.0,0.0,0.0,0.0,450.0,1070.8,0.0,0.0,2.874,1.587,4.461,45.818,2.932,1.529,emon,0.898,0.848,28.0,13.0,2.161
2026-09-17 21:28:49.978,14.6,0,100,25;78;100;2;0;0;0;14;2;0;0;11;0;0;0;3,805,4720,4709;4694;4716;4720;1123;1477;1423;2360;2231;2171;2224;2211;956;831;805;1598,0.1,0.0,1072.0,0,0,0,0,0,0.0,0,0,0,0,0,0,0,0,0.0,0,0,0,0,0,0.0,0.0,4345.2,0,0,0,85.1,25.92,0.01,0.4,30.06,24.6,63.4,98.28467178344727,2.1972755591074624,24.731173833211262,21.99982452392578,0.00521150411805138,1199.0,0.0,0.0,0.0,0.0,50.16559201478958,0.1,0.0,0.0,0.0,0.0,450.0,1072.0,0.0,0.0,2.874,1.587,4.461,45.818,2.932,1.529,emon,0.898,0.848,28.0,13.0,2.161
2026-09-17 21:28:50.979,14.0,0,97,20;75;97;0;0;0;0;11;0;0;0;17;3;0;0;0,966,4725,4707;4698;4705;4725;2064;2931;2528;2072;2840;2338;2042;2278;1076;1009;966;1299,0.0,0.0,1062.7,0,0,0,0,0,0.0,0,0,0,0,0,0,0,0,0.0,0,0,0,0,0,0.0,0.0,4345.2,0,0,0,80.1,25.92,0.01,0.4,30.06,24.6,63.4,98.23514032363892,1.3637535327579826,21.854445189237595,18.261309458874166,2.152769951057053,1158.375,0.0,0.0,0.0,0.0,50.187609103508294,0.1,0.0,0.0,0.0,0.0,450.0,1062.7,0.0,0.0,2.874,1.587,4.461,45.818,2.932,1.529,emon,0.898,0.848,28.0,13.0,2.161
2026-09-17 21:28:51.979,14.3,0,98,29;73;98;5;0;0;0;12;0;2;0;6;3;0;0;0,991,4729,4603;4717;4723;4729;2392;2049;1558;2194;1508;2539;1067;2239;1064;991;999;1337,0.0,0.0,1062.7,0,0,0,0,0,0.0,0,0,0,0,0,0,0,0,0.0,0,0,0,0,0,0.0,0.0,4345.2,0,0,0,80.1,25.92,0.01,0.4,30.06,24.6,63.4,97.6644271850586,1.0175649421555655,16.862851136071342,13.797666632703372,2.0906502074428968,1106.142857142857,0.0,0.0,0.0,0.0,51.79109896080835,0.1,0.0,0.0,0.0,0.0,450.0,1061.4,0.0,0.0,2.874,1.587,4.461,45.818,2.932,1.529,emon,0.898,0.848,28.0,13.0,2.161
2026-09-17 21:28:52.979,13.6,0,98,9;88;98;2;0;0;0;12;3;0;0;3;0;0;0;2,928,4711,4711;4699;4425;4692;1844;2413;2034;2555;3153;1575;1577;1758;1111;930;928;1137,0.1,0.0,1057.4,0,0,0,0,0,0.0,0,0,0,0,0,0,0,0,0.0,0,0,0,0,0,0.0,0.0,4345.2,0,0,0,81.1,26.34,0.01,0.4,30.41,24.6,63.4,97.2992205619812,1.4746918007731438,19.898887023329735,17.31094345357269,1.9859548014646862,980.25,0.0,0.0,0.0,0.0,50.37865359894931,0.0,0.0,0.0,0.0,0.0,450.0,1055.6,0.0,0.0,2.874,1.587,4.461,45.818,2.932,1.529,emon,0.898,0.848,28.0,13.0,2.161
2026-09-17 21:28:53.980,14.2,0,100,27;62;100;2;2;0;0;27;0;0;0;9;0;0;0;0,848,4723,4696;4643;4723;4717;3333;3050;3057;2928;1929;1636;1533;1762;1037;1017;848;1137,0.0,0.0,1055.6,0,0,0,0,0,0.0,0,0,0,0,0,0,0,0,0.0,0,0,0,0,0,0.0,0.0,4345.2,0,0,0,78.1,26.34,0.01,0.4,30.41,24.6,63.4,97.96149730682373,1.0672770477831364,16.070342302322388,11.175751894712448,4.153283599764109,1199.0,0.0,0.0,0.0,0.0,50.20132743939757,0.0,0.0,0.0,0.0,0.0,450.0,1055.6,0.0,0.0,2.874,1.587,4.461,45.818,2.932,1.529,emon,0.898,0.848,28.0,13.0,2.161
2026-09-17 21:28:54.980,15.0,0,97,11;88;97;5;2;0;0;12;3;0;0;22;0;0;0;0,972,4726,4725;4721;4726;4715;2953;2782;1632;2322;3279;1244;2514;2457;1018;972;1018;1140,0.1,0.0,1055.6,0,0,0,0,0,0.0,0,0,0,0,0,0,0,0,0.0,0,0,0,0,0,0.0,0.0,4345.2,0,0,0,84.1,26.34,0.01,0.4,30.41,24.7,63.4,96.01731932163239,0.3045207327231765,9.939253620803356,4.706047113984823,2.3949312455952168,968.53125,0.0,0.0,0.0,0.0,50.3230731706135,0.1,0.0,0.0,0.0,0.0,450.0,1050.3,0.0,0.0,2.874,1.587,4.461,45.818,2.932,1.529,emon,0.898,0.848,28.0,13.0,2.161
2026-09-17 21:28:55.980,14.5,0,89,19;81;89;3;0;0;0;22;2;0;0;14;0;2;0;2,983,4729,4721;4724;4726;4729;2010;1517;1923;2543;1610;1462;2276;2371;1085;1167;983;1713,0.9,0.0,1051.5,0,0,0,0,0,0.0,0,0,0,0,0,0,0,0,0.0,0,0,0,0,0,0.0,0.0,4345.2,0,0,0,83.1,26.34,0.01,0.4,30.41,24.7,63.4,96.13160354614257,0.26979561179876327,11.331594791412353,5.824264485836029,1.833821189403534,1043.0,0.0,0.0,0.0,0.0,50.30804028570652,0.1,0.0,0.0,0.0,0.0,450.0,1051.5,0.0,0.0,2.874,1.587,4.461,45.818,2.932,1.529,emon,0.898,0.848,28.0,13.0,2.161
2026-09-17 21:28:56.980,14.6,0,98,9;91;98;2;0;0;0;16;0;0;0;17;0;0;0;0,897,4729,4726;4724;4728;4729;2594;2534;2180;2691;2522;1982;2930;2318;897;973;1001;1133,0.7,0.0,1055.6,0,0,0,0,0,0.0,0,0,0,0,0,0,0,0,0.0,0,0,0,0,0,0.0,0.0,4345.2,0,0,0,86.1,26.21,0.01,0.4,30.36,24.7,63.4,98.08008575439453,1.0598975595086813,19.014836893081664,16.2289827388525,1.9878837507311256,1173.0,0.0,0.0,0.0,0.0,52.28602927446365,0.0,0.0,0.0,0.0,0.0,450.0,1055.6,0.0,0.0,2.874,1.587,4.461,45.818,2.932,1.529,emon,0.898,0.848,28.0,13.0,2.161
2026-09-17 21:28:57.981,13.9,0,97,18;80;97;0;0;0;0;12;2;0;0;14;0;0;0;0,999,4726,4726;4721;4722;4678;2424;2031;1996;2445;2475;1917;2069;2517;1159;1084;999;1083,1.0,0.0,1056.7,0,0,0,0,0,0.0,0,0,0,0,0,0,0,0,0.0,0,0,0,0,0,0.0,0.0,4345.2,0,0,0,84.1,26.21,0.01,0.4,30.36,24.7,63.4,93.55190887451172,0.4490919876843691,11.687766106923421,6.456113658348719,0.9769969725205253,982.3333333333334,0.0,0.0,0.0,0.0,50.32145171165466,0.1,0.0,0.0,0.0,0.0,450.0,1061.5,0.0,0.0,2.874,1.587,4.461,45.818,2.932,1.529,emon,0.898,0.848,28.0,13.0,2.161
2026-09-17 21:28:58.981,14.2,0,97,19;78;97;4;0;0;0;18;0;0;0;9;0;0;0;0,862,4728,4726;4722;4728;4660;2175;2034;1515;2376;2910;1841;1674;2124;1122;929;862;1127,0.8,0.0,1061.5,0,0,0,0,0,0.0,0,0,0,0,0,0,0,0,0.0,0,0,0,0,0,0.0,0.0,4345.2,0,0,0,83.1,26.21,0.01,0.4,30.36,24.7,63.4,98.17496721672289,1.100373186114611,19.145858446757,16.801793216304347,2.4540647505077,1159.6060606060605,0.0,0.0,0.0,0.0,51.83875532357982,0.1,0.0,0.0,0.0,0.0,450.0,1061.5,0.0,0.0,2.874,1.587,4.461,45.818,2.932,1.529,emon,0.898,0.848,28.0,13.0,2.161
2026-09-17 21:28:59.997,14.6,0,97,6;94;97;0;0;0;0;22;0;0;0;14;0;0;0;0,770,4729,4729;4721;4722;4460;2346;1511;1214;2561;1742;1960;1294;1887;1596;910;770;1291,0.6,0.0,1066.8,0,0,0,0,0,0.0,0,0,0,0,0,0,0,0,0.0,0,0,0,0,0,0.0,0.0,4345.2,0,0,0,86.1,28.21,0.01,0.4,32.26,24.8,63.4,98.04846463884626,1.6008825581520796,21.39870846271515,18.489945063633577,1.5138534592032167,1059.7142857142858,0.0,0.0,0.0,0.0,50.235861727169585,0.0,0.0,0.0,0.0,0.0,450.0,1062.8,0.0,0.0,1.741,1.298,3.039,26.553,1.699,1.34,emon,0.91,0.893,28.9,13.4,2.153
2026-09-17 21:29:00.997,14.4,0,95,23;70;95;0;0;0;0;23;0;0;0;16;0;0;0;3,1048,4729,4554;4671;4723;4729;3213;1328;1846;2416;2491;1778;1814;2311;1050;1048;1786;1266,0.4,0.0,1062.8,0,0,0,0,0,0.0,0,0,0,0,0,0,0,0,0.0,0,0,0,0,0,0.0,0.0,4345.2,0,0,0,86.1,28.21,0.01,0.4,32.26,24.4,63.4,98.23603010177612,1.323815756069962,20.755373135209084,17.986921046860516,2.0616981706989463,1199.0,0.0,0.0,0.0,0.0,50.21857859939337,0.0,0.0,0.0,0.0,0.0,450.0,1062.8,0.0,0.0,1.741,1.298,3.039,26.553,1.699,1.34,emon,0.91,0.893,28.9,13.4,2.153
2026-09-17 21:29:01.998,14.3,0,98,19;81;98;0;2;0;0;20;0;0;0;9;0;0;0;0,1018,4729,4726;4722;4728;4729;3227;1405;1138;2435;1868;3398;2634;2334;1090;1077;1018;1592,0.4,0.0,1062.8,0,0,0,0,0,0.0,0,0,0,0,0,0,0,0,0.0,0,0,0,0,0,0.0,0.0,4345.2,0,0,0,87.1,28.21,0.01,0.4,32.26,24.4,63.4,98.12288999557495,1.4355729171657003,19.18979036808014,16.448213156312704,1.636365572376235,1199.0,0.0,0.0,0.0,0.0,50.196188209578395,0.0,0.0,0.0,0.0,0.0,450.0,1062.8,0.0,0.0,1.741,1.298,3.039,26.553,1.699,1.34,emon,0.91,0.893,28.9,13.4,2.153
2026-09-17 21:29:02.998,14.3,0,95,5;95;88;16;2;0;0;8;3;2;0;11;0;0;0;0,949,4729,4729;4724;4728;4729;3305;1816;2031;2156;2860;2732;1503;2330;1681;1051;949;1129,0.1,0.0,1061.7,0,0,0,0,0,0.0,0,0,0,0,0,0,0,0,0.0,0,0,0,0,0,0.0,0.0,4345.2,0,0,0,86.1,28.21,0.01,0.4,32.26,24.4,63.4,97.61619138717651,1.3322047691326588,21.663196802139282,18.533330851234496,2.165537564535043,1117.75,0.0,0.0,0.0,0.0,50.22130446508527,0.0,0.0,0.0,0.0,0.0,450.0,1061.7,0.0,0.0,1.741,1.298,3.039,26.553,1.699,1.34,emon,0.91,0.893,28.9,13.4,2.153
2026-09-17 21:29:03.999,14.0,0,91,17;82;91;6;2;0;0;17;2;0;0;8;0;0;0;0,876,4728,4728;4716;4727;4728;2184;2311;2772;2359;3123;2118;1393;2305;1051;1084;876;1159,0.7,0.0,1051.2,0,0,0,0,0,0.0,0,0,0,0,0,0,0,0,0.0,0,0,0,0,0,0.0,0.0,4345.2,0,0,0,85.1,29.78,0.01,0.35,32.93,24.4,63.4,96.62403369206254,0.4488813463518376,13.403088542722887,9.748486415993783,1.6021886551051692,1067.8172043010752,0.0,0.0,0.0,0.0,51.95956696778215,0.1,0.0,0.0,0.0,0.0,450.0,1051.2,0.0,0.0,1.741,1.298,3.039,26.553,1.699,1.34,emon,0.91,0.893,28.9,13.4,2.153
2026-09-17 21:29:04.999,14.2,0,98,17;78;98;2;0;0;0;17;0;0;0;14;2;0;0;0,859,4729,4726;4726;4728;4729;1583;2264;1332;2334;2375;2477;2578;2394;1084;859;894;1097,0.7,0.0,1051.2,0,0,0,0,0,0.0,0,0,0,0,0,0,0,0,0.0,0,0,0,0,0,0.0,0.0,4345.2,0,0,0,83.1,29.78,0.01,0.35,32.93,24.5,63.4,95.08638828992844,0.46377495920751244,14.909119248390198,10.042790253646672,2.12720194645226,982.59375,0.0,0.0,0.0,0.0,50.32712258538231,0.1,0.0,0.0,0.0,0.0,450.0,1051.2,0.0,0.0,1.741,1.298,3.039,26.553,1.699,1.34,emon,0.91,0.893,28.9,13.4,2.153
2026-09-17 21:29:05.999,14.6,0,97,9;82;97;2;0;0;0;22;0;0;0;19;0;0;0;3,1101,4729,4724;4702;4726;4729;2376;2690;2732;2820;1912;1700;1297;2422;1115;1101;1117;1242,0.7,0.0,1051.2,0,0,0,0,0,0.0,0,0,0,0,0,0,0,0,0.0,0,0,0,0,0,0.0,0.0,4345.2,0,0,0,86.1,29.78,0.01,0.35,32.93,24.3,63.4,93.78545488630023,0.5149580836296082,14.342113494873047,9.827762995447431,2.42558022907802,966.8571428571429,0.0,0.0,0.0,0.0,50.32981156025614,0.1,0.0,0.0,0.0,0.0,450.0,1053.3,0.0,0.0,1.741,1.298,3.039,26.553,1.699,1.34,emon,0.91,0.893,28.9,13.4,2.153
2026-09-17 21:29:07.000,14.9,0,98,19;86;98;0;2;0;0;20;0;0;0;14;0;0;0;0,889,4729,4702;4723;4728;4729;2458;1574;1184;2630;2644;2460;2483;2476;1170;1053;889;1198,0.0,0.0,1053.3,0,0,0,0,0,0.0,0,0,0,0,0,0,0,0,0.0,0,0,0,0,0,0.0,0.0,4345.2,0,0,0,87.1,29.78,0.01,0.35,32.93,24.6,63.4,96.89406204223633,0.5180160786424365,13.793960707528251,10.227994237627302,4.035566057477679,1156.142857142857,0.0,0.0,0.0,0.0,50.28494027682713,0.1,0.0,0.0,0.0,0.0,450.0,1056.5,0.0,0.0,1.741,1.298,3.039,26.553,1.699,1.34,emon,0.91,0.893,28.9,13.4,2.153
2026-09-17 21:29:08.000,14.3,0,97,11;92;97;2;0;0;0;12;2;0;0;12;0;0;0;0,990,4729,4729;4718;4726;4729;2046;1788;2772;2617;2719;1459;2556;2339;1094;1048;990;1107,0.0,0.0,1056.5,0,0,0,0,0,0.0,0,0,0,0,0,0,0,0,0.0,0,0,0,0,0,0.0,0.0,4345.2,0,0,0,87.1,29.36,0.01,0.34,32.47,24.6,63.4,97.98536786166105,0.8436426380225881,18.453391695564445,15.481841572306372,2.70765890350396,1130.8181818181818,0.0,0.0,0.0,0.0,52.62598053636876,0.1,0.0,0.0,0.0,0.0,450.0,1056.5,0.0,0.0,1.741,1.298,3.039,26.553,1.699,1.34,emon,0.91,0.893,28.9,13.4,2.153
2026-09-17 21:29:09.000,13.9,0,97,12;81;97;3;0;0;0;16;0;2;0;11;0;0;0;0,917,4729,4723;4715;4725;4729;2850;1802;1859;2531;1582;3397;2318;2279;1082;1028;917;1173,0.0,0.0,1056.5,0,0,0,0,0,0.0,0,0,0,0,0,0,0,0,0.0,0,0,0,0,0,0.0,0.0,4345.2,0,0,0,89.1,29.36,0.01,0.34,32.47,24.4,63.4,98.11753225326538,1.3287021558498964,21.33169712126255,18.047341377474368,1.468200879648066,1199.0,0.0,0.0,0.0,0.0,50.19731597788632,0.0,0.0,0.0,0.0,0.0,450.0,1060.7,0.0,0.0,1.741,1.298,3.039,26.553,1.699,1.34,emon,0.91,0.893,28.9,13.4,2.153
2026-09-17 21:29:10.019,16.3,0,97,24;71;97;4;0;0;0;29;0;0;0;29;0;0;0;6,1116,4729,4721;4724;4728;4729;2554;3104;2775;2741;2843;2944;2930;2801;1116;1342;1310;2555,0.0,0.0,1060.7,0,0,0,0,0,0.0,0,0,0,0,0,0,0,0,0.0,0,0,0,0,0,0.0,0.0,4345.2,0,0,0,81.1,29.36,0.01,0.34,32.47,24.5,63.4,97.04340150621202,0.9230585985610055,18.815929608212578,15.946321871959501,3.336429531166181,1130.9444444444443,0.0,0.0,0.0,0.0,50.26550770137045,0.1,0.0,0.0,0.0,0.0,450.0,1059.3,0.0,0.0,1.741,1.298,3.039,26.553,1.699,1.34,emon,0.91,0.893,28.9,13.4,2.153
2026-09-17 21:29:11.019,20.2,0,88,13;72;88;8;0;0;0;66;0;0;0;62;0;0;0;16,1691,4729,4721;4689;4727;4729;3046;2586;2628;3229;2933;2071;3141;3254;1691;1911;1763;2856,0.6,0.0,1057.3,0,0,0,0,0,0.0,0,0,0,0,0,0,0,0,0.0,0,0,0,0,0,0.0,0.0,4345.2,0,0,0,70.1,29.36,0.01,0.34,32.47,24.4,63.4,98.36890569226495,1.1668200587918018,18.41426354030083,15.760821889186728,1.5956123146742325,999.0,0.0,0.0,0.0,0.0,55.285275019962214,0.1,0.0,0.0,0.0,0.0,450.0,1057.3,0.0,0.0,1.741,1.298,3.039,26.553,1.699,1.34,emon,0.91,0.893,28.9,13.4,2.153
2026-09-17 21:29:12.019,15.2,0,89,11;86;89;11;0;0;0;12;6;0;0;23;2;0;0;3,940,4728,4728;4716;4725;4728;2579;3146;2939;2568;3108;3212;1546;2613;1897;1134;940;2692,0.6,0.0,1062.6,0,0,0,0,0,0.0,0,0,0,0,0,0,0,0,0.0,0,0,0,0,0,0.0,0.0,4345.2,0,0,0,89.1,29.15,0.0,0.34,32.21,24.4,63.4,98.07229328155518,1.329386894707568,19.602556213736534,16.620780570432544,1.3238216784666292,1124.0,0.0,0.0,0.0,0.0,50.22866076044738,0.0,0.0,0.0,0.0,0.0,450.0,1062.6,0.0,0.0,1.741,1.298,3.039,26.553,1.699,1.34,emon,0.91,0.893,28.9,13.4,2.153
2026-09-17 21:29:13.020,14.3,0,97,9;88;97;2;0;0;0;14;2;0;0;16;0;0;0;2,927,4729,4729;4722;4728;4729;1736;1378;1338;2171;1662;1539;1428;2534;1109;927;935;1144,0.4,0.0,1062.6,0,0,0,0,0,0.0,0,0,0,0,0,0,0,0,0.0,0,0,0,0,0,0.0,0.0,4345.2,0,0,0,88.1,29.15,0.0,0.34,32.21,24.4,63.4,97.94885349273682,1.3518145746784285,20.082037217915058,17.133395256474614,1.9959916402294766,1199.0,0.0,0.0,0.0,0.0,50.21741799265146,0.0,0.0,0.0,0.0,0.0,450.0,1062.6,0.0,0.0,0.988,1.015,2.004,16.013,1.025,0.979,emon,0.882,0.857,31.1,16.0,1.944
2026-09-17 21:29:14.020,14.1,0,98,34;54;98;0;4;2;0;5;12;3;0;13;0;0;0;0,898,4728,4719;4725;4727;4728;2116;1562;1333;2692;2643;2850;2305;2417;1048;1015;898;1123,0.5,0.0,1061.6,0,0,0,0,0,0.0,0,0,0,0,0,0,0,0,0.0,0,0,0,0,0,0.0,0.0,4345.2,0,0,0,83.1,29.15,0.0,0.34,32.21,24.4,63.4,96.49186325073242,1.3792590633966029,19.50287852436304,16.431766184978187,1.7347137650940567,1158.375,0.0,0.0,0.0,0.0,50.20698488969356,0.0,0.0,0.0,0.0,0.0,450.0,1061.6,0.0,0.0,0.988,1.015,2.004,16.013,1.025,0.979,emon,0.882,0.857,31.1,16.0,1.944
2026-09-17 21:29:15.021,14.5,0,85,75;17;85;16;23;0;0;0;11;3;0;0;3;0;0;0,863,4728,4724;4727;4728;4728;2664;1883;2083;1378;2120;2683;2351;2517;1137;991;965;863,1.0,0.0,1057.6,0,0,0,0,0,0.0,0,0,0,0,0,0,0,0,0.0,0,0,0,0,0,0.0,0.0,4345.2,0,0,0,87.1,29.15,0.0,0.34,32.21,24.4,63.4,96.91262611510261,0.5143668372775354,13.914524574128409,10.01723069567529,1.7742616381664347,1038.6825396825398,0.0,0.0,0.0,0.0,51.16967028923451,0.1,0.0,0.0,0.0,0.0,450.0,1057.6,0.0,0.0,0.988,1.015,2.004,16.013,1.025,0.979,emon,0.882,0.857,31.1,16.0,1.944
2026-09-17 21:29:16.021,14.9,0,95,82;16;95;0;21;2;0;6;15;0;0;0;2;0;0;0,933,4729,4725;4726;4728;4729;2542;2817;1284;1267;2366;2108;1591;1874;2190;1097;1098;933,0.4,0.0,1057.6,0,0,0,0,0,0.0,0,0,0,0,0,0,0,0,0.0,0,0,0,0,0,0.0,0.0,4345.2,0,0,0,89.1,29.53,0.01,0.37,32.94,24.4,63.4,97.2229175567627,0.15956713631749153,10.477046966552734,2.2915849089622498,0.8844999074935913,1199.0,0.0,0.0,0.0,0.0,50.27210097759962,0.1,0.0,0.0,0.0,0.0,450.0,1057.6,0.0,0.0,0.988,1.015,2.004,16.013,1.025,0.979,emon,0.882,0.857,31.1,16.0,1.944
2026-09-17 21:29:17.021,14.8,0,100,67;34;100;0;20;0;0;0;9;2;0;0;3;2;0;0,1157,4729,4727;4729;4728;4728;2649;1551;2352;1330;1919;1621;1764;1510;2317;1245;1157;1238,0.9,0.0,1057.6,0,0,0,0,0,0.0,0,0,0,0,0,0,0,0,0.0,0,0,0,0,0,0.0,0.0,4345.2,0,0,0,92.1,29.53,0.01,0.37,32.94,24.4,63.4,96.44661483764648,0.4744796693325043,14.498315811157227,10.738616371154786,4.901886034011841,1139.0,0.0,0.0,0.0,0.0,50.30632019639015,0.0,0.0,0.0,0.0,0.0,450.0,1057.6,0.0,0.0,0.988,1.015,2.004,16.013,1.025,0.979,emon,0.882,0.857,31.1,16.0,1.944
2026-09-17 21:29:18.022,14.3,0,97,72;19;97;0;23;0;0;0;14;2;0;0;2;0;0;0,1037,4728,4723;4725;4726;4728;2814;1862;1358;1308;2427;2575;2648;1555;1834;1070;1082;1037,0.8,0.0,1051.2,0,0,0,0,0,0.0,0,0,0,0,0,0,0,0,0.0,0,0,0,0,0,0.0,0.0,4345.2,0,0,0,88.1,29.53,0.01,0.37,32.94,24.4,63.4,95.75156667958136,0.2891047996185396,9.91354014562524,4.613664297953896,1.8092800689780193,1032.695652173913,0.0,0.0,0.0,0.0,50.313441181312434,0.1,0.0,0.0,0.0,0.0,450.0,1057.6,0.0,0.0,0.988,1.015,2.004,16.013,1.025,0.979,emon,0.882,0.857,31.1,16.0,1.944
2026-09-17 21:29:19.022,14.2,0,94,69;20;94;5;20;0;0;3;16;2;0;0;0;0;0;0,899,4729,4725;4726;4728;4729;2415;1573;1840;1242;2472;2961;2249;2074;1058;1012;1080;899,0.0,0.0,1056.4,0,0,0,0,0,0.0,0,0,0,0,0,0,0,0,0.0,0,0,0,0,0,0.0,0.0,4345.2,0,0,0,91.1,29.53,0.01,0.37,32.94,24.4,63.4,97.91934291294643,0.8821903112211398,16.182621686799184,12.98028176682336,1.8542897125972169,1130.4285714285713,0.0,0.0,0.0,0.0,51.75699709909303,0.1,0.0,0.0,0.0,0.0,450.0,1051.2,0.0,0.0,0.988,1.015,2.004,16.013,1.025,0.979,emon,0.882,0.857,31.1,16.0,1.944
2026-09-17 21:29:20.022,14.3,0,94,75;16;94;2;22;0;0;3;16;2;0;0;0;0;0;0,1008,4729,4723;4727;4728;4729;2420;1644;1870;1227;2567;2670;2614;1588;1159;1154;1078;1008,0.0,0.0,1056.4,0,0,0,0,0,0.0,0,0,0,0,0,0,0,0,0.0,0,0,0,0,0,0.0,0.0,4345.2,0,0,0,90.1,31.88,0.01,0.32,34.23,24.4,63.4,98.12157829771651,0.9410839945949773,18.852332211555318,16.400758002349672,2.6993572581373653,1133.0425531914893,0.0,0.0,0.0,0.0,51.376312409309634,0.1,0.0,0.0,0.0,0.0,450.0,1056.4,0.0,0.0,0.988,1.015,2.004,16.013,1.025,0.979,emon,0.882,0.857,31.1,16.0,1.944
2026-09-17 21:29:21.022,14.4,0,95,85;8;95;0;20;0;0;0;16;0;0;2;3;2;0;0,1074,4729,4728;4729;4729;4729;2310;1827;2398;1228;2256;1638;2338;1323;2091;1105;1107;1074,0.1,0.0,1057.3,0,0,0,0,0,0.0,0,0,0,0,0,0,0,0,0.0,0,0,0,0,0,0.0,0.0,4345.2,0,0,0,89.1,31.88,0.01,0.32,34.23,24.4,63.4,97.83794116973877,0.7731314577561404,16.299176194838115,13.355074317859751,2.9147953786788485,1145.4285714285713,0.0,0.0,0.0,0.0,52.118142794285504,0.1,0.0,0.0,0.0,0.0,450.0,1057.3,0.0,0.0,0.988,1.015,2.004,16.013,1.025,0.979,emon,0.882,0.857,31.1,16.0,1.944
2026-09-17 21:29:22.023,14.2,0,87,81;13;87;12;22;0;0;0;8;2;0;0;0;0;2;0,965,4728,4727;4721;4727;4728;2539;2081;1605;1287;2203;2833;1998;1319;1210;965;1640;987,0.0,0.0,1059.4,0,0,0,0,0,0.0,0,0,0,0,0,0,0,0,0.0,0,0,0,0,0,0.0,0.0,4345.2,0,0,0,88.1,31.88,0.01,0.32,34.23,24.4,63.4,97.94581246376038,1.004344731423771,19.492549501359463,16.942221065983176,2.525999198347563,1152.125,0.0,0.0,0.0,0.0,50.29088466381654,0.1,0.0,0.0,0.0,0.0,450.0,1059.4,0.0,0.0,0.988,1.015,2.004,16.013,1.025,0.979,emon,0.882,0.857,31.1,16.0,1.944
2026-09-17 21:29:23.024,14.5,0,82,70;9;82;11;39;0;0;0;19;2;0;0;0;0;0;0,981,4729,4694;4728;4721;4729;3024;2045;1888;1522;2411;2516;2592;2179;1123;1039;1028;981,0.0,0.0,1057.0,0,0,0,0,0,0.0,0,0,0,0,0,0,0,0,0.0,0,0,0,0,0,0.0,0.0,4345.2,0,0,0,84.1,31.88,0.01,0.32,34.23,24.4,63.4,96.56088557387844,0.6420604337401914,16.39925668817578,12.650289081940144,1.4040403774195125,1053.5454545454545,0.0,0.0,0.0,0.0,51.84518277961196,0.1,0.0,0.0,0.0,0.0,450.0,1057.0,0.0,0.0,0.988,1.015,2.004,16.013,1.025,0.979,emon,0.882,0.857,31.1,16.0,1.944
2026-09-17 21:29:24.024,14.5,0,95,75;27;95;2;8;0;0;3;16;2;0;0;3;2;0;0,1119,4729,4726;4727;4728;4729;2189;1454;2144;1230;2473;2951;2558;2403;2124;2657;1119;1174,0.0,0.0,1056.0,0,0,0,0,0,0.0,0,0,0,0,0,0,0,0,0.0,0,0,0,0,0,0.0,0.0,4345.2,0,0,0,88.1,31.27,0.01,0.32,33.63,24.4,63.4,97.2351734161377,0.9188335806131362,20.357855606079102,17.532339334487915,5.070579704642296,1139.0,0.0,0.0,0.0,0.0,50.28029645830393,0.1,0.0,0.0,0.0,0.0,450.0,1056.0,0.0,0.0,0.988,1.015,2.004,16.013,1.025,0.979,emon,0.882,0.857,31.1,16.0,1.944
2026-09-17 21:29:25.024,14.0,0,95,77;22;95;3;15;0;0;0;9;2;0;0;2;0;0;0,792,4729,4725;4728;4728;4729;2701;2371;2708;1320;2263;2375;3120;2388;1502;1184;858;792,0.0,0.0,1055.0,0,0,0,0,0,0.0,0,0,0,0,0,0,0,0,0.0,0,0,0,0,0,0.0,0.0,4345.2,0,0,0,88.1,31.27,0.01,0.32,33.63,24.4,63.4,96.13488864898682,0.40537306778132914,14.537346386909485,9.246800668537617,2.071346405521035,1057.75,0.0,0.0,0.0,0.0,50.309621242433785,0.1,0.0,0.0,0.0,0.0,450.0,1055.0,0.0,0.0,0.988,1.015,2.004,16.013,1.025,0.979,emon,0.882,0.857,31.1,16.0,1.944
2026-09-17 21:29:26.025,14.9,0,94,73;28;94;5;18;0;0;3;17;2;0;0;0;0;0;0,979,4729,4726;4729;4729;4729;2791;1586;1581;1269;2269;1931;3127;2267;1093;979;986;1034,0.6,0.0,1055.0,0,0,0,0,0,0.0,0,0,0,0,0,0,0,0,0.0,0,0,0,0,0,0.0,0.0,4345.2,0,0,0,88.1,31.27,0.01,0.32,33.63,24.4,63.4,95.28388314498098,0.29007374828583316,10.82406517079002,4.884491655387376,2.1465726400676526,935.8421052631579,0.0,0.0,0.0,0.0,50.34559125492447,0.1,0.0,0.0,0.0,0.0,450.0,1055.0,0.0,0.0,0.663,0.732,1.395,9.632,0.616,0.779,emon,0.902,0.881,32.9,24.5,1.344
2026-09-17 21:29:27.026,13.7,0,97,74;23;97;5;11;2;0;0;8;0;0;0;0;0;0;0,818,4729,4727;4728;4728;4729;2711;2841;1468;1256;2250;1646;1489;1978;1141;980;978;818,0.7,0.0,1054.2,0,0,0,0,0,0.0,0,0,0,0,0,0,0,0,0.0,0,0,0,0,0,0.0,0.0,4345.2,0,0,0,88.1,31.27,0.01,0.32,33.63,24.4,63.4,96.80978840795056,0.9318782899625085,16.424998071686975,12.723791617000925,2.4389208877250423,974.8620689655172,0.0,0.0,0.0,0.0,51.98790626690305,0.1,0.0,0.0,0.0,0.0,450.0,1055.0,0.0,0.0,0.663,0.732,1.395,9.632,0.616,0.779,emon,0.902,0.881,32.9,24.5,1.344
2026-09-17 21:29:28.026,14.7,0,95,81;14;95;3;22;0;0;3;12;0;0;0;3;0;0;0,1066,4729,4722;4729;4728;4729;2495;2885;2862;1271;2418;2286;2855;2181;1162;1084;1074;1066,0.9,0.0,1054.2,0,0,0,0,0,0.0,0,0,0,0,0,0,0,0,0.0,0,0,0,0,0,0.0,0.0,4345.2,0,0,0,88.1,31.74,0.01,0.32,34.08,24.4,63.4,97.90314577336898,0.7012003852021799,17.075525543145964,13.936134572091856,1.9848379646673013,1158.6491228070176,0.0,0.0,0.0,0.0,52.9536451647679,0.1,0.0,0.0,0.0,0.0,450.0,1054.2,0.0,0.0,0.663,0.732,1.395,9.632,0.616,0.779,emon,0.902,0.881,32.9,24.5,1.344
2026-09-17 21:29:29.027,14.0,0,100,77;18;100;0;12;0;0;0;12;2;0;0;2;0;0;0,1063,4729,4725;4718;4727;4729;2242;3206;2108;1192;2538;2807;2501;2225;1901;1464;1223;1063,1.1,0.0,1055.3,0,0,0,0,0,0.0,0,0,0,0,0,0,0,0,0.0,0,0,0,0,0,0.0,0.0,4345.2,0,0,0,89.1,31.74,0.01,0.32,34.08,24.4,63.4,98.12439177757086,0.9110579111201819,20.173274639040926,17.910424024213192,3.1375718360203644,1144.3488372093022,0.0,0.0,0.0,0.0,51.45816272046677,0.1,0.0,0.0,0.0,0.0,450.0,1054.2,0.0,0.0,0.663,0.732,1.395,9.632,0.616,0.779,emon,0.902,0.881,32.9,24.5,1.344
2026-09-17 21:29:30.027,15.0,0,94,84;22;94;2;22;0;0;3;14;0;0;0;0;0;0;0,763,4729,4727;4729;4729;4729;2395;2698;2913;1231;2498;1732;1636;2230;1079;886;975;763,1.3,0.0,1052.2,0,0,0,0,0,0.0,0,0,0,0,0,0,0,0,0.0,0,0,0,0,0,0.0,0.0,4345.2,0,0,0,88.1,31.74,0.01,0.32,34.08,24.4,63.4,97.66767802991365,0.612957947924243,17.150933918200042,13.535369066619559,1.6252530690613447,1116.1052631578948,0.0,0.0,0.0,0.0,51.60861508646294,0.1,0.0,0.0,0.0,0.0,450.0,1055.3,0.0,0.0,0.663,0.732,1.395,9.632,0.616,0.779,emon,0.902,0.881,32.9,24.5,1.344
2026-09-17 21:29:31.027,14.1,0,97,81;15;97;3;12;0;0;0;12;5;0;0;0;0;0;0,1008,4729,4723;4723;4729;4729;2513;1764;1682;1209;2419;3129;2542;2287;1167;1051;1144;1008,1.0,0.0,1053.9,0,0,0,0,0,0.0,0,0,0,0,0,0,0,0,0.0,0,0,0,0,0,0.0,0.0,4345.2,0,0,0,87.1,31.74,0.01,0.32,34.08,24.4,63.4,97.43213506845328,0.8496321491682186,18.502892565268738,16.13884634238023,2.787285414739297,1080.7307692307693,0.0,0.0,0.0,0.0,52.27565196414407,0.1,0.0,0.0,0.0,0.0,450.0,1052.2,0.0,0.0,0.663,0.732,1.395,9.632,0.616,0.779,emon,0.902,0.881,32.9,24.5,1.344
2026-09-17 21:29:32.028,14.4,0,97,67;27;97;0;20;0;2;0;16;0;0;0;2;0;0;0,802,4728,4728;4727;4728;4728;2572;1591;2691;1250;2460;2808;2783;2541;1440;1027;890;802,0.6,0.0,1053.9,0,0,0,0,0,0.0,0,0,0,0,0,0,0,0,0.0,0,0,0,0,0,0.0,0.0,4345.2,0,0,0,88.1,31.7,0.01,0.32,34.19,24.4,63.4,97.43735957790065,0.604459339400401,14.935717036595216,11.102737699811524,1.736944125339112,1076.7027027027027,0.0,0.0,0.0,0.0,51.65536228446542,0.1,0.0,0.0,0.0,0.0,450.0,1053.9,0.0,0.0,0.663,0.732,1.395,9.632,0.616,0.779,emon,0.902,0.881,32.9,24.5,1.344
2026-09-17 21:29:33.028,13.7,0,98,64;24;98;3;12;0;0;0;12;2;0;0;3;0;0;0,951,4729,4728;4729;4727;4729;2803;1853;951;1292;2425;3370;2453;2444;1173;1072;1932;1009,0.6,0.0,1053.9,0,0,0,0,0,0.0,0,0,0,0,0,0,0,0,0.0,0,0,0,0,0,0.0,0.0,4345.2,0,0,0,89.1,31.7,0.01,0.32,34.19,24.4,63.4,97.16631851196288,1.2962118521332742,22.062885332107545,19.13205589056015,4.021108474937501,1151.5,0.0,0.0,0.0,0.0,50.27233122438192,0.1,0.0,0.0,0.0,0.0,450.0,1053.9,0.0,0.0,0.663,0.732,1.395,9.632,0.616,0.779,emon,0.902,0.881,32.9,24.5,1.344
2026-09-17 21:29:34.029,14.8,0,92,80;17;92;3;18;0;0;3;22;0;0;0;2;0;0;0,934,4729,4727;4729;4729;4729;2436;1938;2489;1233;2423;2089;1603;3155;1307;1018;934;959,0.4,0.0,1055.0,0,0,0,0,0,0.0,0,0,0,0,0,0,0,0,0.0,0,0,0,0,0,0.0,0.0,4345.2,0,0,0,88.1,31.7,0.01,0.32,34.19,24.4,63.4,95.61851476033529,0.4726211630428831,14.902897397677103,9.688672024011613,1.7878902999063333,919.0,0.0,0.0,0.0,0.0,50.335379755993685,0.0,0.0,0.0,0.0,0.0,450.0,1055.0,0.0,0.0,0.663,0.732,1.395,9.632,0.616,0.779,emon,0.902,0.881,32.9,24.5,1.344
2026-09-17 21:29:35.043,13.8,0,92,70;29;92;6;8;0;0;0;14;2;0;0;0;0;0;0,924,4729,4726;4729;4728;4729;2186;1863;1634;1165;2295;2933;1528;1402;1122;1052;1131;924,0.8,0.0,1052.2,0,0,0,0,0,0.0,0,0,0,0,0,0,0,0,0.0,0,0,0,0,0,0.0,0.0,4345.2,0,0,0,90.1,31.7,0.01,0.32,34.19,24.4,63.4,97.32139015197754,0.865786612033844,18.965682983398438,16.70206880569458,4.418799161911011,1199.0,0.0,0.0,0.0,0.0,50.2534376680851,0.1,0.0,0.0,0.0,0.0,450.0,1052.2,0.0,0.0,0.663,0.732,1.395,9.632,0.616,0.779,emon,0.902,0.881,32.9,24.5,1.344
2026-09-17 21:29:36.043,14.0,0,94,75;16;94;0;14;3;0;0;22;0;0;0;0;0;0;0,1168,4729,4722;4717;4728;4729;2322;3193;2720;1168;2602;1832;2723;2594;1825;1264;1736;1242,0.0,0.0,1055.0,0,0,0,0,0,0.0,0,0,0,0,0,0,0,0,0.0,0,0,0,0,0,0.0,0.0,4345.2,0,0,0,87.1,31.66,0.01,0.32,34.2,24.4,63.4,98.27669440375433,0.6868415456955079,16.192658887969124,13.010268598518989,1.5865339075077187,1106.4074074074074,0.0,0.0,0.0,0.0,54.03787517768365,0.1,0.0,0.0,0.0,0.0,450.0,1055.0,0.0,0.0,0.663,0.732,1.395,9.632,0.616,0.779,emon,0.902,0.881,32.9,24.5,1.344
2026-09-17 21:29:37.044,14.0,0,98,71;24;98;2;17;0;0;0;12;0;0;0;0;0;0;0,900,4729,4720;4728;4727;4729;2560;1781;3186;1225;2472;2825;1277;2986;1111;1067;923;900,0.3,0.0,1052.1,0,0,0,0,0,0.0,0,0,0,0,0,0,0,0,0.0,0,0,0,0,0,0.0,0.0,4345.2,0,0,0,87.1,31.66,0.01,0.32,34.2,24.4,63.4,95.62575721740723,1.2034941586510588,20.849693352977436,18.194846310342353,2.6414961461220323,1067.75,0.0,0.0,0.0,0.0,50.2727274907132,0.1,0.0,0.0,0.0,0.0,450.0,1052.1,0.0,0.0,0.663,0.732,1.395,9.632,0.616,0.779,emon,0.902,0.881,32.9,24.5,1.344
2026-09-17 21:29:38.044,14.2,0,92,80;17;92;5;16;2;0;0;16;0;0;0;0;0;0;0,785,4729,4726;4729;4729;4729;2355;3291;1462;1166;2739;1449;1877;2260;1102;1081;959;785,0.0,0.0,1055.0,0,0,0,0,0,0.0,0,0,0,0,0,0,0,0,0.0,0,0,0,0,0,0.0,0.0,4345.2,0,0,0,87.1,31.66,0.01,0.32,34.2,24.4,63.4,97.84948970249721,0.6633088515273162,17.114439121314458,13.518823459744453,1.4619049352194582,1104.0,0.0,0.0,0.0,0.0,51.75344699493476,0.0,0.0,0.0,0.0,0.0,450.0,1055.0,0.0,0.0,0.641,0.74,1.381,9.358,0.599,0.782,emon,0.9,0.905,31.0,18.3,1.695
2026-09-17 21:29:39.044,14.6,0,94,91;6;94;3;21;3;0;0;12;2;2;0;0;0;0;0,726,4729,4723;4721;4728;4729;2452;3218;2350;1198;2690;2693;2739;2474;1115;990;726;948,0.7,0.0,1052.2,0,0,0,0,0,0.0,0,0,0,0,0,0,0,0,0.0,0,0,0,0,0,0.0,0.0,4345.2,0,0,0,87.1,31.66,0.01,0.32,34.2,24.4,63.4,97.85859738863431,0.8479940753358488,18.33961721796256,16.106925227894234,2.6915582198327264,1070.1538461538462,0.0,0.0,0.0,0.0,52.29223417032223,0.2,0.0,0.0,0.0,0.0,450.0,1052.2,0.0,0.0,0.641,0.74,1.381,9.358,0.599,0.782,emon,0.9,0.905,31.0,18.3,1.695
2026-09-17 21:29:40.045,13.7,0,95,85;9;95;0;17;0;0;0;11;2;0;0;2;0;0;0,946,4729,4721;4729;4726;4729;2452;2466;1985;1266;2629;2960;1229;1446;1961;1131;946;1063,0.2,0.0,1053.9,0,0,0,0,0,0.0,0,0,0,0,0,0,0,0,0.0,0,0,0,0,0,0.0,0.0,4345.2,0,0,0,88.1,31.3,0.01,0.33,34.04,24.4,63.4,97.59668151855469,1.1503572390973569,19.77990999698639,17.311765626072884,3.0944595510233195,1077.0,0.0,0.0,0.0,0.0,52.274901106357575,0.1,0.0,0.0,0.0,0.0,450.0,1053.9,0.0,0.0,0.641,0.74,1.381,9.358,0.599,0.782,emon,0.9,0.905,31.0,18.3,1.695
2026-09-17 21:29:41.045,14.2,0,91,83;12;91;3;23;5;0;0;8;0;0;0;2;0;0;0,976,4729,4724;4729;4727;4729;2350;3278;2292;1190;2318;1487;2283;1772;2176;1076;976;1111,0.7,0.0,1056.8,0,0,0,0,0,0.0,0,0,0,0,0,0,0,0,0.0,0,0,0,0,0,0.0,0.0,4345.2,0,0,0,88.1,31.3,0.01,0.33,34.04,24.4,63.4,97.23290987367983,0.5413043981441009,14.115098068743576,10.139023209243645,1.8766192685249319,1071.2222222222222,0.0,0.0,0.0,0.0,52.20217738217778,0.0,0.0,0.0,0.0,0.0,450.0,1056.8,0.0,0.0,0.641,0.74,1.381,9.358,0.599,0.782,emon,0.9,0.905,31.0,18.3,1.695
2026-09-17 21:29:42.045,13.8,0,97,78;16;97;0;12;0;0;0;14;3;0;0;0;0;0;0,1056,4729,4726;4729;4728;4728;2406;1657;1355;1215;2448;3230;1781;1762;1849;1100;1109;1056,0.7,0.0,1056.0,0,0,0,0,0,0.0,0,0,0,0,0,0,0,0,0.0,0,0,0,0,0,0.0,0.0,4345.2,0,0,0,88.1,31.3,0.01,0.33,34.04,24.4,63.4,97.17108249664307,1.042997371405363,21.40967857837677,19.335392594337463,5.820905685424805,1199.0,0.0,0.0,0.0,0.0,50.27998362854123,0.1,0.0,0.0,0.0,0.0,450.0,1053.9,0.0,0.0,0.641,0.74,1.381,9.358,0.599,0.782,emon,0.9,0.905,31.0,18.3,1.695
2026-09-17 21:29:43.046,14.2,0,97,74;15;97;3;22;0;0;3;12;0;0;0;0;0;0;0,974,4729,4720;4729;4727;4729;2446;2604;2818;1253;2292;1629;2029;2075;1233;1050;998;974,0.8,0.0,1058.0,0,0,0,0,0,0.0,0,0,0,0,0,0,0,0,0.0,0,0,0,0,0,0.0,0.0,4345.2,0,0,0,85.1,31.3,0.01,0.33,34.04,24.4,63.4,98.01245528001051,1.1551879996863694,19.662369636388924,17.450246467040134,2.462585367618326,1149.0,0.0,0.0,0.0,0.0,50.28106022454225,0.1,0.0,0.0,0.0,0.0,450.0,1056.0,0.0,0.0,0.641,0.74,1.381,9.358,0.599,0.782,emon,0.9,0.905,31.0,18.3,1.695
2026-09-17 21:29:44.046,14.3,0,96,38;62;96;3;5;11;0;0;6;8;0;0;0;0;0;0,850,4729,4729;4727;4728;4729;2449;2611;1791;1364;1383;2270;2494;3007;981;1062;937;850,1.0,0.0,1056.0,0,0,0,0,0,0.0,0,0,0,0,0,0,0,0,0.0,0,0,0,0,0,0.0,0.0,4345.2,0,0,0,83.1,30.88,0.01,0.34,33.81,24.4,63.4,98.00421687534877,0.8908566560684925,17.335521076406753,14.573213751117388,2.2301309807669547,1137.095238095238,0.0,0.0,0.0,0.0,52.72881081416493,0.1,0.0,0.0,0.0,0.0,450.0,1058.0,0.0,0.0,0.641,0.74,1.381,9.358,0.599,0.782,emon,0.9,0.905,31.0,18.3,1.695
2026-09-17 21:29:45.046,14.0,0,95,8;91;95;0;0;9;0;0;0;20;0;0;0;0;0;0,1017,4729,4727;4725;4728;4729;1296;2119;1677;1154;2634;2643;1891;2353;1075;1091;1049;1017,0.6,0.0,1061.2,0,0,0,0,0,0.0,0,0,0,0,0,0,0,0,0.0,0,0,0,0,0,0.0,0.0,4345.2,0,0,0,84.1,30.88,0.01,0.34,33.81,24.4,63.4,95.10962295532227,1.336086486466229,21.38129995763302,17.682625625282526,2.146300354725099,1117.75,0.0,0.0,0.0,0.0,50.21689042635262,0.1,0.0,0.0,0.0,0.0,450.0,1056.0,0.0,0.0,0.641,0.74,1.381,9.358,0.599,0.782,emon,0.9,0.905,31.0,18.3,1.695
2026-09-17 21:29:46.047,14.2,0,95,9;88;95;3;0;17;0;0;0;14;0;0;0;0;0;0,1083,4729,4729;4721;4724;4729;2445;2531;2333;1200;1593;2592;2022;1989;1107;1137;1088;1083,1.2,0.0,1057.4,0,0,0,0,0,0.0,0,0,0,0,0,0,0,0,0.0,0,0,0,0,0,0.0,0.0,4345.2,0,0,0,85.1,30.88,0.01,0.34,33.81,24.4,63.4,97.65311737060547,0.5701566345213602,14.198890340328216,10.852101989090443,1.5566960089374333,1154.0,0.0,0.0,0.0,0.0,51.98200204074383,0.0,0.0,0.0,0.0,0.0,450.0,1061.2,0.0,0.0,0.641,0.74,1.381,9.358,0.599,0.782,emon,0.9,0.905,31.0,18.3,1.695
2026-09-17 21:29:47.047,14.5,0,97,6;89;97;3;0;19;0;0;0;17;0;0;0;0;0;0,880,4729,4728;4724;4725;4729;1871;2346;2542;1227;2187;2759;2136;2463;1069;1267;1038;880,1.0,0.0,1057.4,0,0,0,0,0,0.0,0,0,0,0,0,0,0,0,0.0,0,0,0,0,0,0.0,0.0,4345.2,0,0,0,86.1,30.88,0.01,0.34,33.81,24.5,63.4,98.29765077070756,0.8913004019043662,17.670555648478594,15.145273344083266,2.7804924917740705,1158.090909090909,0.0,0.0,0.0,0.0,52.6364805705168,0.1,0.0,0.0,0.0,0.0,450.0,1052.2,0.0,0.0,0.641,0.74,1.381,9.358,0.599,0.782,emon,0.9,0.905,31.0,18.3,1.695
2026-09-17 21:29:48.047,13.6,0,97,6;83;97;0;0;16;2;0;0;11;0;0;0;3;0;0,822,4729,4726;4722;4728;4729;1657;2712;3360;1281;1342;2615;2456;1305;822;1070;882;1060,1.0,0.0,1052.2,0,0,0,0,0,0.0,0,0,0,0,0,0,0,0,0.0,0,0,0,0,0,0.0,0.0,4345.2,0,0,0,85.1,28.98,0.01,0.37,32.39,24.5,63.4,96.79563912891206,0.6138636133123544,16.52667534493265,12.755358532425904,1.596269743694436,1066.857142857143,0.0,0.0,0.0,0.0,51.49680805632046,0.1,0.0,0.0,0.0,0.0,450.0,1057.4,0.0,0.0,0.641,0.74,1.381,9.358,0.599,0.782,emon,0.9,0.905,31.0,18.3,1.695
2026-09-17 21:29:49.048,14.3,0,95,8;89;95;0;0;20;0;0;0;14;0;0;0;2;0;0,935,4729,4729;4723;4726;4729;2268;2520;1952;1209;1767;2391;2093;1479;1054;1086;1036;935,1.0,0.0,1052.2,0,0,0,0,0,0.0,0,0,0,0,0,0,0,0,0.0,0,0,0,0,0,0.0,0.0,4345.2,0,0,0,84.1,28.98,0.01,0.37,32.39,24.5,63.4,97.1350381340779,0.6471843461597889,16.21778502766515,12.356071928227452,1.978079196826463,1093.3661971830986,0.0,0.0,0.0,0.0,51.027326684182796,0.1,0.0,0.0,0.0,0.0,450.0,1052.2,0.0,0.0,0.641,0.74,1.381,9.358,0.599,0.782,emon,0.9,0.905,31.0,18.3,1.695
2026-09-17 21:29:50.048,14.0,0,92,8;82;92;2;0;25;3;0;0;12;0;0;0;0;0;0,1013,4724,4697;4717;4724;4634;1734;2578;2721;1346;1811;2528;2416;1874;1013;2117;1065;1087,0.7,0.0,1053.7,0,0,0,0,0,0.0,0,0,0,0,0,0,0,0,0.0,0,0,0,0,0,0.0,0.0,4345.2,0,0,0,85.1,28.98,0.01,0.37,32.39,24.5,63.4,95.96327018737793,1.732572081188361,20.03170172373454,15.879379332065582,2.3317070783426366,1199.0,0.0,0.0,0.0,0.0,50.253889583051205,0.1,0.0,0.0,0.0,0.0,450.0,1053.7,0.0,0.0,1.119,0.815,1.933,17.53,1.122,0.811,emon,0.912,0.802,28.6,16.3,1.753
2026-09-17 21:29:51.049,13.4,0,91,8;78;91;5;0;16;0;0;0;16;0;2;0;0;0;0,932,4726,4701;4718;4726;4660;1415;2559;1268;1224;2223;2631;2524;3092;932;1144;982;939,0.5,0.0,1062.0,0,0,0,0,0,0.0,0,0,0,0,0,0,0,0,0.0,0,0,0,0,0,0.0,0.0,4345.2,0,0,0,80.1,28.98,0.01,0.37,32.39,24.5,63.4,98.39837507768111,0.8015327237292447,19.416903132742103,16.844869868660513,1.3658226611389017,1153.5454545454545,0.0,0.0,0.0,0.0,52.599931512366645,0.1,0.0,0.0,0.0,0.0,450.0,1062.0,0.0,0.0,1.119,0.815,1.933,17.53,1.122,0.811,emon,0.912,0.802,28.6,16.3,1.753
2026-09-17 21:29:52.049,13.9,0,94,11;86;94;6;0;14;0;0;0;9;2;0;0;0;0;0,941,4729,4729;4727;4728;4729;2916;2434;2784;1290;2933;2332;2315;2164;941;1147;1084;958,0.6,0.0,1055.3,0,0,0,0,0,0.0,0,0,0,0,0,0,0,0,0.0,0,0,0,0,0,0.0,0.0,4345.2,0,0,0,82.1,28.91,0.01,0.35,32.02,24.5,63.4,98.35297695426054,0.8402126663862619,17.156675286071245,14.600140919865565,2.708513443526097,1129.2325581395348,0.0,0.0,0.0,0.0,53.90565876489462,0.1,0.0,0.0,0.0,0.0,450.0,1055.3,0.0,0.0,1.119,0.815,1.933,17.53,1.122,0.811,emon,0.912,0.802,28.6,16.3,1.753
2026-09-17 21:29:53.049,14.6,0,94,6;86;94;5;0;20;0;6;0;17;0;0;0;0;0;0,955,4729,4729;4720;4723;4700;2089;2419;2729;1172;2067;2312;2210;2148;1045;1656;978;955,0.1,0.0,1052.7,0,0,0,0,0,0.0,0,0,0,0,0,0,0,0,0.0,0,0,0,0,0,0.0,0.0,4345.2,0,0,0,84.1,28.91,0.01,0.35,32.02,24.5,63.4,97.82790088653564,1.131595949603555,21.551293432712555,18.580080290635426,3.2850423189581,1178.1666666666667,0.0,0.0,0.0,0.0,50.229399655635156,0.1,0.0,0.0,0.0,0.0,450.0,1052.7,0.0,0.0,1.119,0.815,1.933,17.53,1.122,0.811,emon,0.912,0.802,28.6,16.3,1.753
2026-09-17 21:29:54.050,13.8,0,92,9;86;92;5;0;12;0;0;0;14;0;0;0;2;0;0,955,4729,4729;4725;4727;4729;1426;2505;1690;1264;2466;2580;2709;2564;1057;1104;999;955,0.0,0.0,1055.5,0,0,0,0,0,0.0,0,0,0,0,0,0,0,0,0.0,0,0,0,0,0,0.0,0.0,4345.2,0,0,0,84.1,28.91,0.01,0.35,32.02,24.6,63.4,97.74912822947783,0.5976069144466344,15.309064262053546,11.99606871999362,2.0034318924230963,1074.735294117647,0.0,0.0,0.0,0.0,51.82469020740074,0.0,0.0,0.0,0.0,0.0,450.0,1055.5,0.0,0.0,1.119,0.815,1.933,17.53,1.122,0.811,emon,0.912,0.802,28.6,16.3,1.753
2026-09-17 21:29:55.050,15.0,0,92,5;91;92;6;0;22;0;3;0;19;2;0;0;0;0;0,1010,4729,4718;4719;4726;4729;1289;2498;1975;1246;3110;2643;2530;3214;1065;1169;1061;1010,0.0,0.0,1052.7,0,0,0,0,0,0.0,0,0,0,0,0,0,0,0,0.0,0,0,0,0,0,0.0,0.0,4345.2,0,0,0,86.1,28.91,0.01,0.35,32.02,24.5,63.4,96.55782820049085,1.0173045517876744,19.81658667639682,17.4621159822533,3.108582775506779,1135.842105263158,0.0,0.0,0.0,0.0,50.30508896277139,0.1,0.0,0.0,0.0,0.0,450.0,1052.7,0.0,0.0,1.119,0.815,1.933,17.53,1.122,0.811,emon,0.912,0.802,28.6,16.3,1.753
2026-09-17 21:29:56.050,14.3,0,95,16;82;95;5;0;14;0;0;0;17;0;0;0;0;0;0,855,4729,4728;4723;4727;4729;1540;2320;3291;2116;2227;2322;2365;2565;989;1100;1177;855,0.0,0.0,1054.7,0,0,0,0,0,0.0,0,0,0,0,0,0,0,0,0.0,0,0,0,0,0,0.0,0.0,4345.2,0,0,0,86.1,29.6,0.01,0.35,32.66,24.5,63.4,97.39841365814209,1.3070514838521679,21.779673025012016,18.934994333734114,3.3891191849858537,1009.4166666666666,0.0,0.0,0.0,0.0,50.28535001849135,0.1,0.0,0.0,0.0,0.0,450.0,1054.7,0.0,0.0,1.119,0.815,1.933,17.53,1.122,0.811,emon,0.912,0.802,28.6,16.3,1.753
2026-09-17 21:29:57.051,14.1,0,97,11;85;97;0;0;19;0;0;0;12;2;0;0;0;0;0,909,4728,4727;4716;4727;4728;2060;2514;2396;1309;1710;2514;2337;1989;967;1064;909;926,0.5,0.0,1057.5,0,0,0,0,0,0.0,0,0,0,0,0,0,0,0,0.0,0,0,0,0,0,0.0,0.0,4345.2,0,0,0,85.1,29.6,0.01,0.35,32.66,24.5,63.4,96.83594160813551,1.0692099119799259,19.95215546167814,17.857811252276104,3.7091058745789223,1065.6666666666667,0.0,0.0,0.0,0.0,51.62270258099605,0.0,0.0,0.0,0.0,0.0,450.0,1057.5,0.0,0.0,1.119,0.815,1.933,17.53,1.122,0.811,emon,0.912,0.802,28.6,16.3,1.753
2026-09-17 21:29:58.064,14.4,0,92,17;80;92;4;0;20;0;0;0;17;0;0;0;0;0;0,895,4728,4669;4704;4713;4728;1873;2449;2632;1262;2896;2580;2442;1509;908;1317;1021;895,0.6,0.0,1062.8,0,0,0,0,0,0.0,0,0,0,0,0,0,0,0,0.0,0,0,0,0,0,0.0,0.0,4345.2,0,0,0,81.1,29.6,0.01,0.35,32.66,24.7,63.4,97.48465538024902,0.5418230737559497,18.271850913763046,16.539398685097694,0.9059729893342592,1036.5,0.0,0.0,0.0,0.0,50.23405930399895,0.1,0.0,0.0,0.0,0.0,450.0,1057.5,0.0,0.0,1.119,0.815,1.933,17.53,1.122,0.811,emon,0.912,0.802,28.6,16.3,1.753
2026-09-17 21:29:59.065,14.3,0,91,5;91;77;17;0;17;0;0;0;17;0;0;0;3;2;0,903,4720,4658;4713;4711;4720;1903;2349;3100;1289;2340;2464;1459;1628;903;1103;1070;946,0.7,0.0,1064.7,0,0,0,0,0,0.0,0,0,0,0,0,0,0,0,0.0,0,0,0,0,0,0.0,0.0,4345.2,0,0,0,84.1,27.99,0.01,0.39,31.88,24.6,63.4,98.85776718803073,0.9157093705042548,17.920402091482412,15.63203568627005,2.067836668448644,1177.2608695652175,0.0,0.0,0.0,0.0,52.414597006595656,0.1,0.0,0.0,0.0,0.0,450.0,1067.6,0.0,0.0,1.119,0.815,1.933,17.53,1.122,0.811,emon,0.912,0.802,28.6,16.3,1.753
2026-09-17 21:30:00.065,14.6,0,88,20;77;88;5;0;19;0;3;0;19;0;0;0;2;2;0,887,4729,4681;4704;4727;4729;1748;2226;2308;1245;1549;2443;1907;2751;887;1053;1069;982,0.6,0.0,1063.0,0,0,0,0,0,0.0,0,0,0,0,0,0,0,0,0.0,0,0,0,0,0,0.0,0.0,4345.2,0,0,0,81.1,27.99,0.01,0.39,31.88,24.6,63.4,97.43575462928185,1.124624649922435,19.787612493221577,17.000239426126846,2.102231068053068,1074.0,0.0,0.0,0.0,0.0,50.21960191027476,0.1,0.0,0.0,0.0,0.0,450.0,1064.7,0.0,0.0,1.119,0.815,1.933,17.53,1.122,0.811,emon,0.912,0.802,28.6,16.3,1.753
2026-09-17 21:30:01.066,14.6,0,98,16;80;98;2;0;14;0;0;0;20;2;0;0;2;0;0,972,4723,4719;4701;4723;4613;2770;2233;2195;1381;1826;2631;1894;1689;1007;1086;1060;972,1.1,0.0,1057.3,0,0,0,0,0,0.0,0,0,0,0,0,0,0,0,0.0,0,0,0,0,0,0.0,0.0,4345.2,0,0,0,82.1,27.99,0.01,0.39,31.88,24.6,63.4,97.78622021591454,0.7639297512278223,15.827085607930234,12.35433888984354,1.8477192737423538,1134.9649122807018,0.0,0.0,0.0,0.0,51.20946495627102,0.1,0.0,0.0,0.0,0.0,450.0,1059.0,0.0,0.0,1.119,0.815,1.933,17.53,1.122,0.811,emon,0.912,0.802,28.6,16.3,1.753
2026-09-17 21:30:02.066,14.6,0,94,22;81;94;3;0;19;0;0;0;14;0;0;0;2;0;0,810,4727,4724;4714;4709;4727;1841;2229;2096;1238;2387;2486;1519;1393;866;1134;1012;810,0.7,0.0,1056.3,0,0,0,0,0,0.0,0,0,0,0,0,0,0,0,0.0,0,0,0,0,0,0.0,0.0,4345.2,0,0,0,81.1,27.99,0.01,0.39,31.88,24.6,63.4,97.24341011047363,1.2803203319975485,21.857038487990696,19.060981256266434,3.3759726211234615,1144.8333333333333,0.0,0.0,0.0,0.0,50.244238352403045,0.1,0.0,0.0,0.0,0.0,450.0,1057.3,0.0,0.0,1.929,1.102,3.032,30.882,1.976,1.056,emon,0.922,0.802,28.5,13.3,2.148
2026-09-17 21:30:03.066,14.6,0,96,5;83;96;2;0;16;0;6;0;25;0;0;0;2;0;0,786,4725,4722;4724;4725;4724;1304;2317;1521;1260;2470;2527;2602;2145;786;1135;1096;1002,1.4,0.0,1051.1,0,0,0,0,0,0.0,0,0,0,0,0,0,0,0,0.0,0,0,0,0,0,0.0,0.0,4345.2,0,0,0,80.1,25.69,0.01,0.4,29.8,24.6,63.4,96.47686274601863,0.7091149540188221,17.333311543097864,13.707160596205638,1.6067021460487292,1029.0,0.0,0.0,0.0,0.0,51.0713412294021,0.0,0.0,0.0,0.0,0.0,450.0,1056.3,0.0,0.0,1.929,1.102,3.032,30.882,1.976,1.056,emon,0.922,0.802,28.5,13.3,2.148
2026-09-17 21:30:04.067,13.7,0,96,8;83;96;0;0;12;2;0;0;19;0;0;0;0;0;0,818,4729,4725;4711;4727;4729;2496;2377;3062;1241;2142;2412;2314;2200;1020;1113;1070;818,1.4,0.0,1051.1,0,0,0,0,0,0.0,0,0,0,0,0,0,0,0,0.0,0,0,0,0,0,0.0,0.0,4345.2,0,0,0,80.1,25.69,0.01,0.4,29.8,24.6,63.4,98.2719841003418,0.987740045921369,18.870817590843547,16.068160755729135,2.9893491278529507,1095.590909090909,0.0,0.0,0.0,0.0,50.27279529246417,0.1,0.0,0.0,0.0,0.0,450.0,1051.1,0.0,0.0,1.929,1.102,3.032,30.882,1.976,1.056,emon,0.922,0.802,28.5,13.3,2.148
2026-09-17 21:30:05.067,14.4,0,95,13;76;95;0;0;23;0;0;0;23;0;0;0;0;0;0,1006,4725,4699;4718;4725;4552;1447;2439;2353;1369;1455;2553;1434;1511;1075;1070;1006;1103,0.5,0.0,1053.8,0,0,0,0,0,0.0,0,0,0,0,0,0,0,0,0.0,0,0,0,0,0,0.0,0.0,4345.2,0,0,0,80.1,25.69,0.01,0.4,29.8,24.6,63.4,97.50573921203613,1.201876274892129,21.651068776845932,18.825583533694346,3.168102455420012,1144.8333333333333,0.0,0.0,0.0,0.0,50.21784242366751,0.1,0.0,0.0,0.0,0.0,450.0,1053.8,0.0,0.0,1.929,1.102,3.032,30.882,1.976,1.056,emon,0.922,0.802,28.5,13.3,2.148
2026-09-17 21:30:06.067,14.6,0,95,14;80;95;5;0;22;3;0;0;16;0;0;0;0;0;0,822,4729,4706;4699;4727;4729;1178;2302;2839;1301;1988;2440;2147;2193;995;1179;1021;822,0.3,0.0,1056.7,0,0,0,0,0,0.0,0,0,0,0,0,0,0,0,0.0,0,0,0,0,0,0.0,0.0,4345.2,0,0,0,79.1,25.42,0.01,0.4,29.55,24.6,63.4,98.86495758056641,1.0616094205901028,20.690294823646546,18.601212161779404,2.332173217702657,1199.0,0.0,0.0,0.0,0.0,52.352531226873396,0.0,0.0,0.0,0.0,0.0,450.0,1056.7,0.0,0.0,1.929,1.102,3.032,30.882,1.976,1.056,emon,0.922,0.802,28.5,13.3,2.148
2026-09-17 21:30:07.068,14.5,0,96,6;91;96;3;0;12;0;3;0;20;0;0;0;0;0;0,922,4727,4392;4708;4724;4727;1476;2255;2860;1204;3428;2554;1284;1295;999;2451;922;934,0.4,0.0,1056.6,0,0,0,0,0,0.0,0,0,0,0,0,0,0,0,0.0,0,0,0,0,0,0.0,0.0,4345.2,0,0,0,80.1,25.42,0.01,0.4,29.55,24.6,63.4,98.265442439488,1.5521096151455172,22.314363888331822,19.28839909285307,1.9920440029652258,1199.0,0.0,0.0,0.0,0.0,50.192837562944206,0.1,0.0,0.0,0.0,0.0,450.0,1056.6,0.0,0.0,1.929,1.102,3.032,30.882,1.976,1.056,emon,0.922,0.802,28.5,13.3,2.148
2026-09-17 21:30:08.068,14.4,0,95,8;81;95;3;0;15;0;0;0;19;3;0;0;3;0;2,907,4729,4703;4712;4718;4729;2174;2354;1937;1208;2064;2750;3017;2925;1066;1137;1076;907,0.0,0.0,1059.0,0,0,0,0,0,0.0,0,0,0,0,0,0,0,0,0.0,0,0,0,0,0,0.0,0.0,4345.2,0,0,0,79.1,25.42,0.01,0.4,29.55,24.6,63.4,98.15644799209223,0.9100434275616597,17.921936764949706,15.541544261138613,2.2351477950720526,1153.878048780488,0.0,0.0,0.0,0.0,51.527148033060676,0.0,0.0,0.0,0.0,0.0,450.0,1059.0,0.0,0.0,1.929,1.102,3.032,30.882,1.976,1.056,emon,0.922,0.802,28.5,13.3,2.148
2026-09-17 21:30:09.069,14.4,0,92,22;75;92;2;0;19;3;3;0;12;0;0;0;3;0;0,766,4729,4725;4726;4727;4729;1743;2477;2846;1236;1653;2381;1686;1546;944;1112;965;766,0.0,0.0,1057.3,0,0,0,0,0,0.0,0,0,0,0,0,0,0,0,0.0,0,0,0,0,0,0.0,0.0,4345.2,0,0,0,83.1,25.42,0.01,0.4,29.55,24.6,63.4,97.35157898933657,0.8804156898310588,16.614775915299692,12.882826794539728,2.7249165860590554,1115.1290322580646,0.0,0.0,0.0,0.0,51.87676730030967,0.1,0.0,0.0,0.0,0.0,450.0,1057.3,0.0,0.0,1.929,1.102,3.032,30.882,1.976,1.056,emon,0.922,0.802,28.5,13.3,2.148
2026-09-17 21:30:10.069,14.5,0,95,11;85;95;2;0;15;0;0;0;25;0;0;0;0;0;0,859,4726,4726;4723;4693;4689;1379;2331;1561;1232;901;2290;1537;1005;902;1096;948;859,0.0,0.0,1057.4,0,0,0,0,0,0.0,0,0,0,0,0,0,0,0,0.0,0,0,0,0,0,0.0,0.0,4345.2,0,0,0,81.1,26.13,0.01,0.4,30.22,24.6,63.4,98.13001672845138,1.0213179651549773,18.304589158610295,15.438235014284912,2.4441815538417644,1062.157894736842,0.0,0.0,0.0,0.0,50.41279054589962,0.0,0.0,0.0,0.0,0.0,450.0,1057.4,0.0,0.0,1.929,1.102,3.032,30.882,1.976,1.056,emon,0.922,0.802,28.5,13.3,2.148
2026-09-17 21:30:11.069,14.3,0,98,16;83;98;6;0;8;0;0;0;11;3;0;0;2;2;0,849,4729,4729;4727;4704;4653;2061;1955;1867;1220;2758;1970;3263;2919;963;1055;1060;849,0.0,0.0,1057.4,0,0,0,0,0,0.0,0,0,0,0,0,0,0,0,0.0,0,0,0,0,0,0.0,0.0,4345.2,0,0,0,82.1,26.13,0.01,0.4,30.22,24.6,63.4,96.93722438812256,1.4458237901562825,20.40065935999155,17.263814480043948,2.0373489820049144,1036.5,0.0,0.0,0.0,0.0,50.26658614445478,0.1,0.0,0.0,0.0,0.0,450.0,1057.4,0.0,0.0,1.929,1.102,3.032,30.882,1.976,1.056,emon,0.922,0.802,28.5,13.3,2.148
2026-09-17 21:30:12.069,14.2,0,89,5;70;89;6;0;12;0;0;0;45;0;0;0;0;0;0,633,4673,4673;4663;4647;3571;1584;1902;1923;1264;2750;3138;2781;2059;911;1056;960;633,0.6,0.0,1057.4,0,0,0,0,0,0.0,0,0,0,0,0,0,0,0,0.0,0,0,0,0,0,0.0,0.0,4345.2,0,0,0,66.1,26.13,0.01,0.4,30.22,24.6,63.4,96.65349535874917,0.5866645909058796,14.44085282507077,11.013336096011416,1.470306879430878,1061.6760563380283,0.0,0.0,0.0,0.0,51.02138236332947,0.0,0.0,0.0,0.0,0.0,450.0,1057.4,0.0,0.0,1.929,1.102,3.032,30.882,1.976,1.056,emon,0.922,0.802,28.5,13.3,2.148
2026-09-17 21:30:13.070,14.3,0,91,9;31;91;2;0;11;0;0;0;86;0;0;0;0;0;0,866,4729,4586;4356;4717;4729;1577;2119;1353;1229;3182;3408;2918;3178;940;1105;997;866,0.6,0.0,1054.0,0,0,0,0,0,0.0,0,0,0,0,0,0,0,0,0.0,0,0,0,0,0,0.0,0.0,4345.2,0,0,0,67.1,26.13,0.01,0.4,30.22,24.7,63.4,97.3558464050293,1.2538072538251679,20.724219262599945,18.198742208381493,2.4214099609234836,1090.6666666666667,0.0,0.0,0.0,0.0,50.27567605922619,0.1,0.0,0.0,0.0,0.0,450.0,1051.1,0.0,0.0,1.929,1.102,3.032,30.882,1.976,1.056,emon,0.922,0.802,28.5,13.3,2.148
2026-09-17 21:30:14.070,14.1,0,95,51;25;95;0;0;6;12;0;0;25;11;0;0;0;0;0,947,4729,4720;4505;4726;4729;1872;1899;2539;1305;2507;3379;2523;1641;975;1114;1502;947,0.8,0.0,1054.0,0,0,0,0,0,0.0,0,0,0,0,0,0,0,0,0.0,0,0,0,0,0,0.0,0.0,4345.2,0,0,0,79.1,23.68,0.01,0.4,27.76,24.7,63.4,99.10118548075359,1.0124768482831616,24.747806062301,22.173798102885485,1.0825365570684273,1199.0,0.0,0.0,0.0,0.0,58.75286606947581,0.1,0.0,0.0,0.0,0.0,450.0,1054.0,0.0,0.0,2.199,0.799,2.998,34.066,2.18,0.818,emon,0.942,0.793,29.3,13.7,2.14
2026-09-17 21:30:15.070,14.2,0,95,83;14;95;0;0;0;18;0;0;0;14;0;0;0;2;0,798,4724,4723;4656;4705;4724;1896;1853;2394;1226;1314;1342;2661;2119;1009;798;1085;1047,0.6,0.0,1054.0,0,0,0,0,0,0.0,0,0,0,0,0,0,0,0,0.0,0,0,0,0,0,0.0,0.0,4345.2,0,0,0,83.1,23.68,0.01,0.4,27.76,24.7,63.4,97.31761830647787,1.0173102783660093,18.617664686838786,15.703237838546436,1.1180058262543753,1129.0,0.0,0.0,0.0,0.0,53.65201029578845,0.1,0.0,0.0,0.0,0.0,450.0,1054.0,0.0,0.0,2.199,0.799,2.998,34.066,2.18,0.818,emon,0.942,0.793,29.3,13.7,2.14
2026-09-17 21:30:16.071,14.4,0,97,90;8;97;2;0;0;13;3;0;0;14;3;0;0;0;2,807,4729,4725;4728;4728;4729;2083;1725;2444;1205;1841;1152;2516;2588;957;807;1113;943,1.1,0.0,1053.9,0,0,0,0,0,0.0,0,0,0,0,0,0,0,0,0.0,0,0,0,0,0,0.0,0.0,4345.2,0,0,0,83.1,23.68,0.01,0.4,27.76,24.7,63.4,98.8609150014025,0.7370823690112918,19.667524563505296,17.158262399916953,1.5211455426327487,1143.6808510638298,0.0,0.0,0.0,0.0,53.5839724930677,0.1,0.0,0.0,0.0,0.0,450.0,1054.0,0.0,0.0,2.199,0.799,2.998,34.066,2.18,0.818,emon,0.942,0.793,29.3,13.7,2.14
2026-09-17 21:30:17.071,14.4,0,95,85;11;95;2;0;0;23;3;0;0;6;0;0;0;3;2,690,4729,4722;4729;4727;4729;2244;2604;2706;1360;1761;1691;2307;1442;1064;690;1121;1437,1.0,0.0,1053.3,0,0,0,0,0,0.0,0,0,0,0,0,0,0,0,0.0,0,0,0,0,0,0.0,0.0,4345.2,0,0,0,81.1,23.68,0.01,0.4,27.76,24.7,63.4,98.415176036746,0.9316612633031814,19.647959512333536,17.5404682627251,3.3800262678563486,1153.6511627906978,0.0,0.0,0.0,0.0,51.51030445584031,0.1,0.0,0.0,0.0,0.0,450.0,1051.1,0.0,0.0,2.199,0.799,2.998,34.066,2.18,0.818,emon,0.942,0.793,29.3,13.7,2.14
2026-09-17 21:30:18.071,13.9,0,97,83;18;97;2;0;0;12;0;0;0;9;0;0;0;0;2,926,4729,4726;4729;4726;4729;1572;2188;2382;1275;1350;1522;2201;2267;982;926;1039;1117,1.0,0.0,1053.3,0,0,0,0,0,0.0,0,0,0,0,0,0,0,0,0.0,0,0,0,0,0,0.0,0.0,4345.2,0,0,0,85.1,27.96,0.01,0.4,32.01,24.7,63.4,97.99541727701823,0.6268825664051941,17.617412381702,14.143988173868921,1.6980854441071787,1110.111111111111,0.0,0.0,0.0,0.0,51.22790610687512,0.1,0.0,0.0,0.0,0.0,450.0,1053.3,0.0,0.0,2.199,0.799,2.998,34.066,2.18,0.818,emon,0.942,0.793,29.3,13.7,2.14
2026-09-17 21:30:19.071,15.7,0,91,74;11;91;3;0;0;45;2;0;0;24;2;0;0;0;0,773,4729,4680;4722;4724;4729;3095;3373;3098;2923;2994;3097;2600;2883;1097;773;1769;1021,1.4,0.0,1051.1,0,0,0,0,0,0.0,0,0,0,0,0,0,0,0,0.0,0,0,0,0,0,0.0,0.0,4345.2,0,0,0,76.1,27.96,0.01,0.4,32.01,22.5,63.4,97.30787383532915,0.742677923093443,16.833925378127176,13.367692466397754,2.264696515653832,1103.0983606557377,0.0,0.0,0.0,0.0,51.22358433242704,0.1,0.0,0.0,0.0,0.0,250.0,1051.1,0.0,0.0,2.199,0.799,2.998,34.066,2.18,0.818,emon,0.942,0.793,29.3,13.7,2.14
2026-09-17 21:30:20.072,7.6,0,83,83;2;25;0;0;0;3;3;0;0;6;0;0;0;0;0,597,4381,4345;4177;4299;4381;1557;1184;1987;1172;1212;1179;1945;1208;597;638;735;798,1.0,0.0,1053.3,0,0,0,0,0,0.0,0,0,0,0,0,0,0,0,0.0,0,0,0,0,0,0.0,0.0,6170.0,0,0,0,71.1,27.96,0.01,0.4,32.01,22.5,63.4,98.5742981854607,1.3601661050856553,19.361286773401147,17.349654129322836,2.656043036693625,868.1176470588235,0.0,0.0,0.0,0.0,53.195503043777805,0.1,0.0,0.0,0.0,0.0,250.0,1053.3,0.0,0.0,2.199,0.799,2.998,34.066,2.18,0.818,emon,0.942,0.793,29.3,13.7,2.14
2026-09-17 21:30:21.072,8.8,0,62,54;2;62;0;0;0;12;0;0;0;11;0;0;0;0;0,624,4311,4311;3908;4300;3538;1364;1207;1891;1186;1215;1235;1954;2108;624;624;785;701,0.4,0.0,1056.9,0,0,0,0,0,0.0,0,0,0,0,0,0,0,0,0.0,0,0,0,0,0,70.7,0.0,6214.3,0,0,0,67.1,27.96,0.01,0.4,32.01,22.5,63.4,98.75541213463093,0.7630684882744976,15.877078067297223,12.289749388893446,1.5020422723529667,892.1034482758621,0.0,0.0,0.0,0.0,52.02544602820243,0.1,0.0,0.0,0.0,0.0,250.0,1055.7,0.0,0.0,2.199,0.799,2.998,34.066,2.18,0.818,emon,0.942,0.793,29.3,13.7,2.14
2026-09-17 21:30:22.072,8.9,0,98,14;2;98;0;0;0;12;3;0;0;9;0;0;0;3;0,543,4366,4041;4298;4366;3934;1331;1226;1937;1184;1234;1227;2072;1859;543;657;880;864,1.5,0.0,1051.1,0,0,0,0,0,0.0,0,0,0,0,0,0,0,0,0.0,0,0,0,0,0,94.3,0.0,6214.3,0,0,0,69.1,19.85,0.01,17.12,39.62,22.5,63.4,98.11620356241862,0.5057468930880229,13.917765045166016,8.058312847216923,1.456485742330551,862.3333333333334,0.0,0.0,0.0,0.0,50.20851262609164,0.1,0.0,0.0,0.0,0.0,250.0,1051.1,0.0,0.0,2.199,0.799,2.998,34.066,2.18,0.818,emon,0.942,0.793,29.3,13.7,2.14
2026-09-17 21:30:23.072,15.2,6,98,23;9;98;8;8;8;15;9;8;9;10;8;6;9;8;8,1395,4446,4285;4358;4412;4446;3234;3248;2719;3084;3225;3244;2609;3217;1395;1663;1638;1723,0.0,0.0,1054.0,0,0,0,0,0,0.0,0,0,0,0,0,0,0,0,0.0,0,0,0,0,0,100.0,0.0,6214.3,0,0,0,66.1,19.85,0.01,17.12,39.62,22.5,63.4,99.4168017578125,1.305149739459157,21.079376215934754,19.31340131044388,2.3098974291514605,921.0,0.0,0.0,0.0,0.0,52.295090979337694,0.1,0.0,0.0,0.0,0.0,250.0,1054.0,0.0,0.0,2.199,0.799,2.998,34.066,2.18,0.818,emon,0.942,0.793,29.3,13.7,2.14
2026-09-17 21:30:24.072,8.2,0,95,16;6;95;0;0;0;9;0;0;0;5;0;0;0;0;0,600,4344,4177;4200;4344;4132;1079;2743;1871;1172;1626;2542;1777;1547;600;740;669;824,0.0,0.0,1054.0,0,0,0,0,0,0.0,0,0,0,0,0,0,0,0,0.0,0,0,0,0,0,77.7,0.0,6267.9,0,0,0,65.1,19.85,0.01,17.12,39.62,22.5,63.4,98.96071336076066,1.0605085308890085,20.384429967081225,18.16868597832886,1.3772693034764882,967.918918918919,0.0,0.0,0.0,0.0,51.55113069672842,0.1,0.0,0.0,0.0,0.0,250.0,1054.0,0.0,0.0,2.199,0.799,2.998,34.066,2.18,0.818,emon,0.942,0.793,29.3,13.7,2.14
2026-09-17 21:30:25.073,8.8,0,97,18;2;97;0;0;0;11;0;2;0;9;2;0;0;0;0,796,4369,4126;3961;4369;4246;1321;2192;2130;1251;3248;1287;1785;2183;819;845;796;832,0.1,0.0,1051.1,0,0,0,0,0,0.0,0,0,0,0,0,0,0,0,0.0,0,0,0,0,0,100.0,0.0,6267.9,0,0,0,65.1,19.85,0.01,17.12,39.62,22.5,63.4,98.15438810984294,1.5120022527407855,20.756741960843403,18.163284017393988,2.2173687136382796,1007.3333333333334,0.0,0.0,0.0,0.0,50.16356013839444,0.1,0.0,0.0,0.0,0.0,250.0,1051.1,0.0,0.0,2.199,0.799,2.998,34.066,2.18,0.818,emon,0.942,0.793,29.3,13.7,2.14
2026-09-17 21:30:26.073,9.8,0,97,28;3;97;3;0;0;15;0;0;0;8;0;0;0;2;0,596,4381,4042;4128;4381;4098;1405;1487;2106;1247;1306;1378;1828;1285;596;684;701;609,0.6,0.0,1054.0,0,0,0,0,0,0.0,0,0,0,0,0,0,0,0,0.0,0,0,0,0,0,96.3,0.0,6267.9,0,0,0,65.1,17.75,0.01,10.56,36.77,22.5,63.4,98.90244747730011,1.0479112355474463,18.729943295742604,16.429729206130858,3.478492383919458,970.2765957446809,0.0,0.0,0.0,0.0,51.29894655879507,0.1,0.0,0.0,0.0,0.0,250.0,1054.0,0.0,0.0,64.666,2.755,67.421,30.505,1.952,65.469,emon,0.818,0.88,47.1,22.0,2.139
2026-09-17 21:30:27.074,9.3,0,84,36;3;84;0;0;0;8;3;0;0;8;2;0;3;2;0,798,4332,4250;4116;4332;4159;3269;3262;2137;2624;2848;3051;1992;3095;798;800;811;822,0.8,0.0,1054.0,0,0,0,0,0,0.0,0,0,0,0,0,0,0,0,0.0,0,0,0,0,0,100.0,0.0,6267.9,0,0,0,64.1,17.75,0.01,10.56,36.77,22.5,63.4,98.80048289443508,0.8300994031808593,17.333959366336014,14.054135904393412,1.480695156436978,944.4545454545455,0.0,0.0,0.0,0.0,51.77070666386774,0.1,0.0,0.0,0.0,0.0,250.0,1054.0,0.0,0.0,64.666,2.755,67.421,30.505,1.952,65.469,emon,0.818,0.88,47.1,22.0,2.139
2026-09-17 21:30:28.074,8.8,0,98,23;5;98;0;0;0;11;0;0;0;5;0;0;0;0;0,647,4376,4093;3945;4376;4130;1291;1424;2082;1251;1507;1607;1742;1395;647;958;711;647,1.2,0.0,1053.8,0,0,0,0,0,0.0,0,0,0,0,0,0,0,0,0.0,0,0,0,0,0,97.3,0.0,6267.9,0,0,0,64.1,17.75,0.01,10.56,36.77,22.5,63.4,98.73620544433594,1.091533537134528,17.84516147375107,15.586229507029056,2.604547519374173,897.0,0.0,0.0,0.0,0.0,52.2835327026248,0.1,0.0,0.0,0.0,0.0,250.0,1051.1,0.0,0.0,64.666,2.755,67.421,30.505,1.952,65.469,emon,0.818,0.88,47.1,22.0,2.139
2026-09-17 21:30:29.074,8.9,0,95,28;5;95;2;0;0;6;0;0;0;5;0;0;0;0;2,720,4432,4156;4036;4432;4379;1622;1155;1907;1223;1299;1226;1631;2022;720;782;761;986,0.7,0.0,1056.7,0,0,0,0,0,0.0,0,0,0,0,0,0,0,0,0.0,0,0,0,0,0,98.0,0.0,6267.9,0,0,0,66.1,17.75,0.01,10.56,36.77,22.5,63.4,98.57155799865723,1.4717661635950208,20.51408281425635,17.839256890118122,2.1723086581817674,790.6666666666666,0.0,0.0,0.0,0.0,50.26462593053778,0.1,0.0,0.0,0.0,0.0,250.0,1053.8,0.0,0.0,64.666,2.755,67.421,30.505,1.952,65.469,emon,0.818,0.88,47.1,22.0,2.139
2026-09-17 21:30:30.075,8.7,0,98,17;3;98;2;0;0;8;2;0;0;8;0;0;0;2;0,701,4387,4068;3983;4387;3677;2415;1750;1761;1182;1753;2526;1695;2559;848;701;832;715,0.7,0.0,1056.7,0,0,0,0,0,0.0,0,0,0,0,0,0,0,0,0.0,0,0,0,0,0,98.0,0.0,6267.9,0,0,0,65.1,17.59,0.01,3.33,33.5,22.5,63.4,98.57155799865723,1.4717661635950208,20.51408281425635,17.839256890118122,2.1723086581817674,790.6666666666666,0.0,0.0,0.0,0.0,50.26462593053778,0.1,0.0,0.0,0.0,0.0,250.0,1056.7,0.0,0.0,64.666,2.755,67.421,30.505,1.952,65.469,emon,0.818,0.88,47.1,22.0,2.139
2026-09-17 21:30:31.075,8.2,0,96,12;6;96;0;0;0;8;0;0;0;8;0;0;0;2;0,541,4393,3947;3934;4393;4028;1333;1555;2209;1208;2172;1263;2498;2026;632;541;853;596,1.4,0.0,1052.2,0,0,0,0,0,0.0,0,0,0,0,0,0,0,0,0.0,0,0,0,0,0,61.9,0.0,6267.9,0,0,0,66.1,17.59,0.01,3.33,33.5,22.5,63.4,99.46986972584443,1.4093909295933211,19.063708922442267,17.28514695605811,0.9017855251577738,984.2941176470588,0.0,0.0,0.0,0.0,53.435416520518416,0.1,0.0,0.0,0.0,0.0,250.0,1051.1,0.0,0.0,64.666,2.755,67.421,30.505,1.952,65.469,emon,0.818,0.88,47.1,22.0,2.139
2026-09-17 21:30:32.075,7.8,0,98,18;0;98;0;0;0;6;0;0;0;2;0;0;0;0;0,590,4407,4121;3875;4407;3872;1184;1207;2076;1184;1315;1352;2011;2611;631;671;727;590,0.6,0.0,1054.7,0,0,0,0,0,0.0,0,0,0,0,0,0,0,0,0.0,0,0,0,0,0,95.1,0.0,6267.9,0,0,0,67.1,17.59,0.01,3.33,33.5,22.5,63.4,98.99152159690857,1.2398445720900781,19.813306648284197,17.990624034311622,2.7639623566064984,903.6875,0.0,0.0,0.0,0.0,53.42810385930352,0.1,0.0,0.0,0.0,0.0,250.0,1056.5,0.0,0.0,64.666,2.755,67.421,30.505,1.952,65.469,emon,0.818,0.88,47.1,22.0,2.139
2026-09-17 21:30:33.075,8.0,0,96,18;0;96;2;0;0;8;0;0;0;3;2;0;0;0;0,615,4419,4156;3897;4419;4294;1571;1369;1872;1199;1317;1327;1692;1286;686;689;804;615,0.2,0.0,1056.5,0,0,0,0,0,0.0,0,0,0,0,0,0,0,0,0.0,0,0,0,0,0,100.0,0.0,6267.9,0,0,0,68.1,17.59,0.01,3.33,33.5,22.5,63.4,98.65373089438991,1.2704667419342226,19.00637332389229,17.27167901632033,2.7941179013149324,960.8421052631579,0.0,0.0,0.0,0.0,52.981133107292024,0.1,0.0,0.0,0.0,0.0,250.0,1057.8,0.0,0.0,64.666,2.755,67.421,30.505,1.952,65.469,emon,0.818,0.88,47.1,22.0,2.139
2026-09-17 21:30:34.075,10.2,0,97,31;3;97;8;2;2;5;2;2;3;5;3;0;0;2;2,545,4406,4148;4154;4406;4262;2628;2691;1956;2286;2961;2547;1942;2970;755;545;916;905,0.0,0.0,1056.8,0,0,0,0,0,0.0,0,0,0,0,0,0,0,0,0.0,0,0,0,0,0,93.1,0.0,6267.9,0,0,0,67.1,16.96,0.01,24.84,43.72,22.5,63.4,98.63298889160156,1.4364888571202754,20.0051535320282,17.720321605205537,1.9612242235615849,883.0,0.0,0.0,0.0,0.0,52.236922675967215,0.1,0.0,0.0,0.0,0.0,250.0,1056.8,0.0,0.0,64.666,2.755,67.421,30.505,1.952,65.469,emon,0.818,0.88,47.1,22.0,2.139
2026-09-17 21:30:35.076,9.2,0,96,26;3;96;0;0;0;5;3;0;0;12;0;0;0;2;0,655,4398,3946;4107;4398;4175;1376;1549;1992;1198;1437;1438;1963;1698;655;729;847;733,0.0,0.0,1057.8,0,0,0,0,0,0.0,0,0,0,0,0,0,0,0,0.0,0,0,0,0,0,94.4,0.0,6267.9,0,0,0,66.1,16.96,0.01,24.84,43.72,22.5,63.4,98.77619186401367,1.1365993116609752,16.73903368473053,14.526541669964791,2.4764078968577086,985.0,0.0,0.0,0.0,0.0,54.294946492016315,0.1,0.0,0.0,0.0,0.0,250.0,1057.8,0.0,0.0,64.666,2.755,67.421,30.505,1.952,65.469,emon,0.818,0.88,47.1,22.0,2.139
2026-09-17 21:30:36.076,8.7,0,100,22;5;100;0;0;0;3;3;0;0;6;0;0;0;0;0,609,4421,4185;4206;4421;4389;1256;1593;1657;1167;1203;1206;1754;1353;609;742;770;656,0.0,0.0,1057.8,0,0,0,0,0,0.0,0,0,0,0,0,0,0,0,0.0,0,0,0,0,0,100.0,0.0,6267.9,0,0,0,65.1,16.96,0.01,24.84,43.72,22.5,63.4,98.58235449539988,1.3014418415627198,18.83629835593073,16.57731500385623,2.5532253473877637,804.2631578947369,0.0,0.0,0.0,0.0,50.266185585213336,0.1,0.0,0.0,0.0,0.0,250.0,1057.8,0.0,0.0,64.666,2.755,67.421,30.505,1.952,65.469,emon,0.818,0.88,47.1,22.0,2.139
2026-09-17 21:30:37.076,8.9,0,98,25;3;98;0;0;0;8;0;0;0;6;0;0;0;2;0,606,4386,4158;3907;4386;4336;1165;1665;2074;1253;1151;1226;1894;2277;748;606;840;645,0.0,0.0,1054.9,0,0,0,0,0,0.0,0,0,0,0,0,0,0,0,0.0,0,0,0,0,0,96.5,0.0,6267.9,0,0,0,65.1,16.96,0.01,24.84,43.72,22.5,63.4,98.78364968807139,1.1075617148679622,18.98445858600292,16.92474348906507,3.311807976421365,996.8723404255319,0.0,0.0,0.0,0.0,51.291848474994616,0.1,0.0,0.0,0.0,0.0,250.0,1054.9,0.0,0.0,64.666,2.755,67.421,30.505,1.952,65.469,emon,0.818,0.88,47.1,22.0,2.139
2026-09-17 21:30:38.077,9.7,0,97,29;3;97;2;0;0;11;0;2;0;9;2;0;0;2;0,693,4406,4044;4048;4406;4126;2605;2628;2330;2308;3132;2037;1967;2693;693;807;839;737,0.5,0.0,1056.9,0,0,0,0,0,0.0,0,0,0,0,0,0,0,0,0.0,0,0,0,0,0,95.3,0.0,6267.9,0,0,0,65.1,17.64,0.01,3.34,33.56,22.5,63.4,98.78364968807139,1.1075617148679622,18.98445858600292,16.92474348906507,3.311807976421365,996.8723404255319,0.0,0.0,0.0,0.0,51.291848474994616,0.1,0.0,0.0,0.0,0.0,250.0,1056.9,0.0,0.0,85.709,0.768,86.477,7.587,0.486,85.991,emon,0.825,0.686,47.2,22.1,2.139
2026-09-17 21:30:39.077,10.1,0,98,16;10;98;5;2;0;12;0;0;0;12;2;0;0;2;3,543,4353,4143;4192;4353;4144;2455;1151;1997;1388;2286;1230;1864;3111;609;587;765;543,0.8,0.0,1056.8,0,0,0,0,0,0.0,0,0,0,0,0,0,0,0,0.0,0,0,0,0,0,97.6,0.0,6267.9,0,0,0,65.1,17.64,0.01,3.34,33.56,22.5,63.4,98.92694375681323,1.156332382759036,19.901190785474554,17.804454110389532,2.398099428903701,969.9302325581396,0.0,0.0,0.0,0.0,51.4084203489298,0.1,0.0,0.0,0.0,0.0,250.0,1056.8,0.0,0.0,85.709,0.768,86.477,7.587,0.486,85.991,emon,0.825,0.686,47.2,22.1,2.139
2026-09-17 21:30:40.078,9.3,0,95,25;2;95;0;0;0;10;0;0;0;16;0;0;0;2;0,542,4368,4157;4145;4368;4144;1207;1519;1979;1199;1380;1502;1875;1440;542;556;767;669,0.7,0.0,1055.7,0,0,0,0,0,0.0,0,0,0,0,0,0,0,0,0.0,0,0,0,0,0,97.1,0.0,6267.9,0,0,0,63.1,17.64,0.01,3.34,33.56,22.5,63.4,99.5491214328342,1.7628531806791823,22.888012554910446,21.105171107583576,0.4698928766237158,960.1111111111111,0.0,0.0,0.0,0.0,56.085949397749374,0.1,0.0,0.0,0.0,0.0,250.0,1052.8,0.0,0.0,85.709,0.768,86.477,7.587,0.486,85.991,emon,0.825,0.686,47.2,22.1,2.139
2026-09-17 21:30:41.078,8.6,0,100,19;0;100;0;0;0;8;3;0;0;8;0;0;0;0;0,616,4394,4147;3702;4394;4126;2293;2181;1946;1234;2018;2357;1898;1794;631;616;707;659,0.7,0.0,1055.7,0,0,0,0,0,0.0,0,0,0,0,0,0,0,0,0.0,0,0,0,0,0,97.1,0.0,6267.9,0,0,0,65.1,17.64,0.01,3.34,33.56,22.5,63.4,99.12839388847351,1.2250958902877755,20.673502169549465,18.68126935325563,2.017479395981354,1008.375,0.0,0.0,0.0,0.0,53.44601724855602,0.1,0.0,0.0,0.0,0.0,250.0,1057.1,0.0,0.0,85.709,0.768,86.477,7.587,0.486,85.991,emon,0.825,0.686,47.2,22.1,2.139
2026-09-17 21:30:42.078,8.4,0,100,14;3;100;2;0;0;6;3;0;0;6;0;0;0;0;0,587,4409,3972;4123;4409;4075;1195;1189;1805;1184;1135;1262;1761;1339;587;638;847;692,1.0,0.0,1057.1,0,0,0,0,0,0.0,0,0,0,0,0,0,0,0,0.0,0,0,0,0,0,94.0,0.0,6267.9,0,0,0,66.1,17.48,0.01,10.96,37.45,22.5,63.4,99.11226444618374,0.8273280876159084,17.891085288103888,14.697836578768843,1.7622176191093875,985.2745098039215,0.0,0.0,0.0,0.0,53.27574212498524,0.1,0.0,0.0,0.0,0.0,250.0,1057.1,0.0,0.0,85.709,0.768,86.477,7.587,0.486,85.991,emon,0.825,0.686,47.2,22.1,2.139
2026-09-17 21:30:43.079,8.4,0,98,17;3;98;0;0;0;8;0;0;0;8;0;0;0;0;0,572,4381,3886;3967;4381;4094;1258;1276;2283;1224;1228;1234;2008;1643;726;678;761;572,1.6,0.0,1051.0,0,0,0,0,0,0.0,0,0,0,0,0,0,0,0,0.0,0,0,0,0,0,100.0,0.0,6267.9,0,0,0,66.1,17.48,0.01,10.96,37.45,22.5,63.4,98.10956239700317,1.319902827613987,20.418479934334755,17.277289235498756,2.4298106422902492,945.875,0.0,0.0,0.0,0.0,50.18240057816729,0.1,0.0,0.0,0.0,0.0,250.0,1054.0,0.0,0.0,85.709,0.768,86.477,7.587,0.486,85.991,emon,0.825,0.686,47.2,22.1,2.139
2026-09-17 21:30:44.079,8.7,0,100,8;15;100;2;2;2;2;5;2;2;0;2;0;0;0;0,568,4364,4124;4011;4364;4187;3224;2895;2198;2210;3011;2948;1877;2345;937;568;793;849,0.7,0.0,1054.0,0,0,0,0,0,0.0,0,0,0,0,0,0,0,0,0.0,0,0,0,0,0,91.4,0.0,6267.9,0,0,0,67.1,17.48,0.01,10.96,37.45,22.5,63.4,98.86735495205583,0.8699402028758978,17.881322677793175,14.335700128355931,1.555466241395936,923.1379310344828,0.0,0.0,0.0,0.0,51.98420781012753,0.1,0.0,0.0,0.0,0.0,250.0,1054.0,0.0,0.0,85.709,0.768,86.477,7.587,0.486,85.991,emon,0.825,0.686,47.2,22.1,2.139
2026-09-17 21:30:45.079,9.7,0,95,2;29;95;5;2;0;0;15;2;0;0;6;0;0;0;0,552,4337,4035;4179;4337;4044;1272;1700;1791;2024;1204;1219;1387;1661;846;552;722;707,0.9,0.0,1051.1,0,0,0,0,0,0.0,0,0,0,0,0,0,0,0,0.0,0,0,0,0,0,99.2,0.0,6267.9,0,0,0,64.1,17.48,0.01,10.96,37.45,22.5,63.4,98.89095702538124,1.0458731933926733,18.15430047878852,16.004457282045713,2.164366412603368,1015.3461538461538,0.0,0.0,0.0,0.0,52.18289233199679,0.1,0.0,0.0,0.0,0.0,250.0,1052.8,0.0,0.0,85.709,0.768,86.477,7.587,0.486,85.991,emon,0.825,0.686,47.2,22.1,2.139
2026-09-17 21:30:46.080,8.0,0,97,0;17;97;0;0;0;0;5;0;0;0;8;0;0;0;2,577,4400,4136;4146;4400;4174;1582;1611;1354;1750;1348;1329;1408;1775;657;577;970;721,0.1,0.0,1053.0,0,0,0,0,0,0.0,0,0,0,0,0,0,0,0,0.0,0,0,0,0,0,99.0,0.0,6267.9,0,0,0,65.1,16.94,0.01,17.74,39.62,22.5,63.4,98.89095702538124,1.0458731933926733,18.15430047878852,16.004457282045713,2.164366412603368,1015.3461538461538,0.0,0.0,0.0,0.0,52.18289233199679,0.1,0.0,0.0,0.0,0.0,250.0,1056.0,0.0,0.0,85.709,0.768,86.477,7.587,0.486,85.991,emon,0.825,0.686,47.2,22.1,2.139
2026-09-17 21:30:47.080,9.2,0,98,3;20;98;2;2;0;0;9;2;0;0;11;0;0;0;0,566,4397,4174;4155;4397;4108;3103;1770;1736;1876;1270;1528;1499;1850;678;566;645;733,0.0,0.0,1056.0,0,0,0,0,0,0.0,0,0,0,0,0,0,0,0,0.0,0,0,0,0,0,97.5,0.0,6267.9,0,0,0,64.1,16.94,0.01,17.74,39.62,22.5,63.4,98.69910757882255,1.2298624091116446,19.83285691624596,17.90653014537834,2.039568568358109,884.7142857142857,0.0,0.0,0.0,0.0,52.68421596058068,0.1,0.0,0.0,0.0,0.0,250.0,1058.0,0.0,0.0,85.709,0.768,86.477,7.587,0.486,85.991,emon,0.825,0.686,47.2,22.1,2.139
2026-09-17 21:30:48.080,8.8,0,96,6;22;96;2;0;0;0;3;0;0;0;11;0;0;0;2,651,4378,4090;4040;4378;3723;1995;1967;1474;1762;1902;1677;1997;1890;662;651;651;823,0.0,0.0,1058.0,0,0,0,0,0,0.0,0,0,0,0,0,0,0,0,0.0,0,0,0,0,0,98.1,0.0,6267.9,0,0,0,66.1,16.94,0.01,17.74,39.62,22.5,63.4,99.48082951136998,1.1341266515664756,22.722284074340546,20.842441005898372,1.3308155052363873,907.9285714285714,0.0,0.0,0.0,0.0,53.82405458124621,0.1,0.0,0.0,0.0,0.0,250.0,1058.0,0.0,0.0,85.709,0.768,86.477,7.587,0.486,85.991,emon,0.825,0.686,47.2,22.1,2.139
2026-09-17 21:30:49.080,8.9,0,97,3;20;97;2;0;0;0;9;0;0;0;11;0;0;0;0,520,4344,4001;4077;4344;4193;1438;1341;1316;1827;1590;1325;1184;1792;645;520;657;709,0.7,0.0,1051.0,0,0,0,0,0,0.0,0,0,0,0,0,0,0,0,0.0,0,0,0,0,0,97.3,0.0,6267.9,0,0,0,64.1,16.94,0.01,17.74,39.62,22.5,63.4,99.18384552001953,1.0398350180211393,19.74808220429854,17.88257469643246,1.52874838730151,894.4545454545455,0.0,0.0,0.0,0.0,52.564365751702674,0.1,0.0,0.0,0.0,0.0,250.0,1051.0,0.0,0.0,85.709,0.768,86.477,7.587,0.486,85.991,emon,0.825,0.686,47.2,22.1,2.139
2026-09-17 21:30:50.081,8.9,0,97,5;23;97;2;0;0;0;8;0;0;0;5;0;0;3;0,712,4347,4078;4053;4347;3796;1506;2161;2277;2047;1819;2870;2147;1867;744;760;795;712,0.2,0.0,1051.0,0,0,0,0,0,0.0,0,0,0,0,0,0,0,0,0.0,0,0,0,0,0,96.7,0.0,6267.9,0,0,0,65.1,17.43,0.01,3.32,33.29,22.5,63.4,99.16330142137481,1.0590018842414748,18.221390003111303,16.088758545314395,2.1426631249089882,939.2439024390244,0.0,0.0,0.0,0.0,53.98410911785393,0.1,0.0,0.0,0.0,0.0,250.0,1052.5,0.0,0.0,86.172,0.759,86.93,8.093,0.518,86.412,emon,0.826,0.682,47.6,22.1,2.158
2026-09-17 21:30:51.081,8.2,0,97,2;14;97;0;2;0;0;9;0;0;0;8;0;0;0;0,517,4421,4255;4088;4421;3823;3231;1631;1266;1855;2904;1172;1279;1973;699;543;517;725,0.0,0.0,1055.7,0,0,0,0,0,0.0,0,0,0,0,0,0,0,0,0.0,0,0,0,0,0,87.4,0.0,6267.9,0,0,0,66.1,17.43,0.01,3.32,33.29,22.5,63.4,98.90426456227021,1.3587118027841343,19.969958775183734,17.87636067367652,2.4057456981870073,990.1764705882352,0.0,0.0,0.0,0.0,50.22208158693769,0.1,0.0,0.0,0.0,0.0,250.0,1057.7,0.0,0.0,86.172,0.759,86.93,8.093,0.518,86.412,emon,0.826,0.682,47.6,22.1,2.158
2026-09-17 21:30:52.081,9.1,0,94,2;26;94;0;2;0;0;12;0;0;0;9;0;0;0;0,609,4405,4100;4103;4405;4187;2271;1341;2104;1863;1571;1506;1213;2026;611;623;609;720,0.3,0.0,1057.7,0,0,0,0,0,0.0,0,0,0,0,0,0,0,0,0.0,0,0,0,0,0,70.3,0.0,6267.9,0,0,0,66.1,17.43,0.01,3.32,33.29,22.5,63.4,98.58291308085124,1.4011761075817049,20.956972166895866,18.391977946584422,3.683112729622129,1063.5833333333333,0.0,0.0,0.0,0.0,50.24939452701559,0.0,0.0,0.0,0.0,0.0,250.0,1060.6,0.0,0.0,86.172,0.759,86.93,8.093,0.518,86.412,emon,0.826,0.682,47.6,22.1,2.158
2026-09-17 21:30:53.081,11.6,0,98,6;21;98;0;0;0;0;15;0;0;0;12;5;0;0;28,498,4385,4000;3973;4385;3822;1781;1275;1338;1809;2329;1254;1248;2031;870;528;498;944,0.8,0.0,1058.8,0,0,0,0,0,0.0,0,0,0,0,0,0,0,0,0.0,0,0,0,0,0,100.0,0.0,6267.9,0,0,0,65.1,17.43,0.01,3.32,33.29,22.5,63.4,98.58291308085124,1.4011761075817049,20.956972166895866,18.391977946584422,3.683112729622129,1063.5833333333333,0.0,0.0,0.0,0.0,50.24939452701559,0.1,0.0,0.0,0.0,0.0,250.0,1058.8,0.0,0.0,86.172,0.759,86.93,8.093,0.518,86.412,emon,0.826,0.682,47.6,22.1,2.158
2026-09-17 21:30:54.082,8.5,0,97,3;23;97;0;0;0;0;9;0;0;0;3;0;0;0;0,647,4431,3762;4056;4431;4355;2025;1362;1391;1724;1226;1232;1246;1756;785;709;647;655,0.7,0.0,1056.7,0,0,0,0,0,0.0,0,0,0,0,0,0,0,0,0.0,0,0,0,0,0,94.7,0.0,6267.9,0,0,0,67.1,16.97,0.01,18.63,41.08,22.5,63.4,99.04456442974984,0.9918723234787901,17.824920994170167,15.28432707393423,1.9331545410231945,997.936170212766,0.0,0.0,0.0,0.0,51.28653331386282,0.1,0.0,0.0,0.0,0.0,250.0,1056.7,0.0,0.0,86.172,0.759,86.93,8.093,0.518,86.412,emon,0.826,0.682,47.6,22.1,2.158
2026-09-17 21:30:55.082,11.4,2,97,8;23;97;3;3;3;5;8;6;6;2;8;2;2;2;6,818,4408,3790;3896;4408;4043;2933;3083;3130;2192;2921;3058;2874;2487;818;874;895;852,0.7,0.0,1056.7,0,0,0,0,0,0.0,0,0,0,0,0,0,0,0,0.0,0,0,0,0,0,94.7,0.0,6267.9,0,0,0,65.1,16.97,0.01,18.63,41.08,22.5,63.4,98.58048661549886,1.4248546780242275,20.18149605890115,17.73297262005508,3.4455770582402088,1059.4166666666667,0.0,0.0,0.0,0.0,50.14309102545182,0.1,0.0,0.0,0.0,0.0,250.0,1056.7,0.0,0.0,86.172,0.759,86.93,8.093,0.518,86.412,emon,0.826,0.682,47.6,22.1,2.158
2026-09-17 21:30:56.082,9.7,0,97,0;30;97;2;0;0;0;12;0;0;0;14;0;0;0;0,611,4342,3848;3988;4342;4238;2995;1266;1224;2057;1452;1152;1162;1774;611;899;660;736,1.0,0.0,961.3,0,0,0,0,0,0.0,0,0,0,0,0,0,0,0,0.0,0,0,0,0,0,98.6,0.0,6267.9,0,0,0,65.1,16.97,0.01,18.63,41.08,22.5,63.4,99.1838394165039,1.1233363606780769,22.48022922515869,20.515001069307328,1.1578423704206944,931.0,0.0,0.0,0.0,0.0,52.30475167155266,0.1,0.0,0.0,0.0,0.0,250.0,959.0,0.0,0.0,86.172,0.759,86.93,8.093,0.518,86.412,emon,0.826,0.682,47.6,22.1,2.158
2026-09-17 21:30:57.083,9.6,0,98,8;29;98;2;0;0;0;6;0;0;0;11;0;0;0;0,540,4333,4017;4035;4333;4173;1843;2275;2367;1838;1763;1180;1255;1818;577;540;621;689,1.4,0.0,959.1,0,0,0,0,0,0.0,0,0,0,0,0,0,0,0,0.0,0,0,0,0,0,99.2,0.0,6267.9,0,0,0,64.1,16.97,0.01,18.63,41.08,22.5,63.4,99.0801651364281,1.0441894462953012,19.441140418960934,16.948054262924764,1.6184316487716777,904.952380952381,0.0,0.0,0.0,0.0,52.6613694991739,0.1,0.0,0.0,0.0,0.0,250.0,954.8,0.0,0.0,86.172,0.759,86.93,8.093,0.518,86.412,emon,0.826,0.682,47.6,22.1,2.158
2026-09-17 21:30:58.083,9.4,0,94,0;31;94;2;0;0;0;17;0;0;0;8;0;0;0;0,627,4329,4155;4104;4329;3625;2057;1968;2711;1928;1318;1817;1852;1818;627;708;721;734,1.4,0.0,954.8,0,0,0,0,0,0.0,0,0,0,0,0,0,0,0,0.0,0,0,0,0,0,98.7,0.0,6267.9,0,0,0,63.1,17.25,0.02,9.41,36.01,22.5,63.4,99.15487263997396,1.282864235714078,18.6084129942788,16.333530554506513,2.076091563140249,953.4444444444445,0.0,0.0,0.0,0.0,53.651639223264326,0.1,0.0,0.0,0.0,0.0,250.0,962.4,0.0,0.0,86.172,0.759,86.93,8.093,0.518,86.412,emon,0.826,0.682,47.6,22.1,2.158
2026-09-17 21:30:59.083,9.0,0,96,5;18;96;0;0;0;0;13;0;0;0;12;0;0;0;0,718,4406,4304;4118;4406;4019;1240;1192;1167;1876;1068;1182;1161;1858;719;718;757;882,0.6,0.0,962.4,0,0,0,0,0,0.0,0,0,0,0,0,0,0,0,0.0,0,0,0,0,0,99.0,0.0,6267.9,0,0,0,64.1,17.25,0.02,9.41,36.01,22.5,63.4,99.00379980178107,1.2476232121476816,16.258932187443687,12.547098559992653,1.4058954158542856,949.0,0.0,0.0,0.0,0.0,57.152774349564595,0.0,0.0,0.0,0.0,0.0,250.0,967.7,0.0,0.0,86.172,0.759,86.93,8.093,0.518,86.412,emon,0.826,0.682,47.6,22.1,2.158
2026-09-17 21:31:00.104,10.1,0,96,6;30;96;2;0;0;0;5;0;0;0;18;2;0;0;4,637,4381,3994;4078;4381;3841;1210;1243;1235;1597;1274;1209;1213;1617;851;657;637;841,0.0,0.0,967.7,0,0,0,0,0,0.0,0,0,0,0,0,0,0,0,0.0,0,0,0,0,0,97.2,0.0,6267.9,0,0,0,64.1,17.25,0.02,9.41,36.01,22.6,63.4,99.00379980178107,1.2476232121476816,16.258932187443687,12.547098559992653,1.4058954158542856,949.0,0.0,0.0,0.0,0.0,57.152774349564595,0.1,0.0,0.0,0.0,0.0,250.0,961.9,0.0,0.0,86.172,0.759,86.93,8.093,0.518,86.412,emon,0.826,0.682,47.6,22.1,2.158
2026-09-17 21:31:01.104,16.3,0,85,20;53;85;9;11;6;2;23;3;2;0;30;4;0;0;14,603,4540,4540;4306;4352;4540;3335;3375;3262;2715;3354;3332;2473;2889;2772;1107;603;2330,1.1,0.0,956.6,0,0,0,0,0,0.0,0,0,0,0,0,0,0,0,0.0,0,0,0,0,0,99.7,0.0,6267.9,0,0,0,63.1,17.25,0.02,9.41,36.01,21.2,63.4,98.129815269919,0.47842392281574364,13.214254379272461,8.011260974056581,1.0252996022378176,902.6764705882352,0.0,0.0,0.0,0.0,50.2158967142596,0.2,0.0,0.0,0.0,0.0,450.0,956.6,0.0,0.0,86.172,0.759,86.93,8.093,0.518,86.412,emon,0.826,0.682,47.6,22.1,2.158
2026-09-17 21:31:02.105,37.7,3,100,65;73;81;50;50;29;14;31;27;16;8;100;23;3;6;26,2851,4728,4727;4727;4728;4727;3386;3413;3417;3246;3416;3451;3439;3332;2851;2884;2956;2898,0.4,0.0,956.6,0,0,0,0,0,0.0,0,0,0,0,0,0,0,0,0.0,0,0,0,0,0,0.0,0.0,2107.3,0,0,0,70.1,17.25,0.02,9.41,36.01,16.0,63.4,98.41979161015263,0.4867677550624918,16.625747433415167,11.909270884814086,1.1859888268841638,1015.6666666666666,0.0,0.0,0.0,0.0,52.0439371428004,0.1,0.0,0.0,0.0,0.0,450.0,956.6,0.0,0.0,85.493,0.496,85.99,8.382,0.536,85.454,emon,0.829,0.512,47.5,22.0,2.158
2026-09-17 21:31:03.105,20.2,0,97,18;88;81;5;3;2;3;12;6;2;0;97;2;0;0;5,1320,4725,4715;4725;4723;4711;3089;3065;3132;2572;3283;3408;3452;3436;2301;2149;1320;2279,0.4,0.0,956.6,0,0,0,0,0,0.0,0,0,0,0,0,0,0,0,0.0,0,0,0,0,0,0.0,0.0,0.0,0,0,0,78.1,17.25,0.02,9.41,36.01,16.1,63.4,96.17863325639205,0.5986105596477335,16.975989666852083,12.646446022120388,1.5705080059441654,1005.8181818181819,0.0,0.0,0.0,0.0,50.30611378360879,0.1,0.0,0.0,0.0,0.0,450.0,958.4,0.0,0.0,85.493,0.496,85.99,8.382,0.536,85.454,emon,0.829,0.512,47.5,22.0,2.158
2026-09-17 21:31:04.113,31.6,11,100,40;83;100;20;21;15;12;30;25;11;11;83;12;11;11;21,2694,4720,4697;4713;4720;4693;3313;3327;3401;2957;3314;3381;3427;3422;2726;2721;2750;2694,0.0,0.0,958.4,0,0,0,0,0,0.0,0,0,0,0,0,0,0,0,0.0,0,0,0,0,0,0.0,0.0,0.0,0,0,0,77.1,17.25,0.02,9.41,36.01,20.3,63.4,98.20508877736218,0.8760802258192649,19.19622562066564,16.33388846016155,2.935743803931576,1123.5283018867924,0.0,0.0,0.0,0.0,53.10009190383947,0.1,0.0,0.0,0.0,0.0,300.0,958.3,0.0,0.0,85.493,0.496,85.99,8.382,0.536,85.454,emon,0.829,0.512,47.5,22.0,2.158
2026-09-17 21:31:05.114,72.0,64,100,82;88;100;70;65;67;68;71;70;68;65;77;64;64;64;70,2832,4711,4698;4701;4711;4703;3427;3421;3426;3357;3431;3430;3416;3364;2886;2891;2879;2832,0.3,0.0,956.6,0,0,0,0,0,0.0,0,0,0,0,0,0,0,0,0.0,0,0,0,0,0,0.0,0.0,4342.3,0,0,0,81.1,17.25,0.02,9.41,36.01,24.1,63.4,98.86012986127068,0.9963779468089342,20.57859804349787,17.80545923113823,1.3209299966538846,1199.0,0.0,0.0,0.0,0.0,53.169071552508015,0.1,0.0,0.0,0.0,0.0,450.0,959.5,0.0,0.0,85.493,0.496,85.99,8.382,0.536,85.454,emon,0.829,0.512,47.5,22.0,2.158
2026-09-17 21:31:06.114,14.5,0,98,14;88;98;0;2;0;0;19;0;0;0;11;0;0;0;0,850,4729,4718;4724;4723;4729;3168;1672;2069;2468;2856;2467;2278;2207;996;852;850;1196,0.6,0.0,959.5,0,0,0,0,0,0.0,0,0,0,0,0,0,0,0,0.0,0,0,0,0,0,0.0,0.0,4343.4,0,0,0,86.1,0.0,0.0,0.0,0.0,24.1,63.4,98.27259561289911,0.9731219321813273,19.00977389190508,16.47856053515621,1.6026212891168974,1090.304347826087,0.0,0.0,0.0,0.0,52.45176596097324,0.1,0.0,0.0,0.0,0.0,450.0,959.5,0.0,0.0,85.493,0.496,85.99,8.382,0.536,85.454,emon,0.829,0.512,47.5,22.0,2.158
2026-09-17 21:31:07.114,14.3,0,95,9;89;95;2;0;0;0;12;0;0;0;22;0;0;0;0,1039,4727,4726;4713;4722;4727;3053;2679;2058;2328;2177;1322;1488;2403;1156;1039;1054;1122,0.8,0.0,959.5,0,0,0,0,0,0.0,0,0,0,0,0,0,0,0,0.0,0,0,0,0,0,0.0,0.0,4343.4,0,0,0,88.1,0.0,0.0,0.0,0.0,24.1,63.4,97.95869526964553,0.6870650493718208,16.11799132063034,13.343104853909066,1.7775730878273224,1134.1063829787233,0.0,0.0,0.0,0.0,53.572200570968874,0.1,0.0,0.0,0.0,0.0,450.0,959.5,0.0,0.0,85.493,0.496,85.99,8.382,0.536,85.454,emon,0.829,0.512,47.5,22.0,2.158
2026-09-17 21:31:08.115,17.2,0,89,20;76;89;11;9;0;0;28;0;0;0;27;0;0;0;15,1078,4727,4708;4721;4726;4727;3246;2681;2803;2646;2776;2407;1784;2782;1310;1089;1078;2783,0.8,0.0,959.5,0,0,0,0,0,0.0,0,0,0,0,0,0,0,0,0.0,0,0,0,0,0,0.0,0.0,4343.4,0,0,0,87.1,0.0,0.0,0.0,0.0,24.1,63.4,98.43399911177785,1.0292935617954324,21.01607388571689,18.977733117577277,2.3156101389781965,1152.9473684210527,0.0,0.0,0.0,0.0,52.91770614056211,0.1,0.0,0.0,0.0,0.0,450.0,959.5,0.0,0.0,85.493,0.496,85.99,8.382,0.536,85.454,emon,0.829,0.512,47.5,22.0,2.158
2026-09-17 21:31:09.115,14.2,0,95,8;59;95;2;2;0;0;15;3;0;0;43;0;0;0;0,838,4729,4708;4661;4720;4729;2751;2558;2067;2213;3152;2636;1912;3156;1093;938;838;1150,1.0,0.0,959.8,0,0,0,0,0,0.0,0,0,0,0,0,0,0,0,0.0,0,0,0,0,0,0.0,0.0,4343.4,0,0,0,88.1,0.0,0.0,0.0,0.0,24.2,63.4,98.15806363423665,0.680953415549205,17.52734782596429,14.013980280514806,1.7160270497513315,1112.3333333333333,0.0,0.0,0.0,0.0,53.695011464506386,0.1,0.0,0.0,0.0,0.0,450.0,959.8,0.0,0.0,85.493,0.496,85.99,8.382,0.536,85.454,emon,0.829,0.512,47.5,22.0,2.158
2026-09-17 21:31:10.115,14.2,0,96,12;81;96;0;0;0;0;16;0;0;0;20;0;0;0;3,885,4729,4729;4722;4728;4729;2736;3253;3172;2206;2226;2728;2741;2541;1043;896;885;1123,1.2,0.0,958.6,0,0,0,0,0,0.0,0,0,0,0,0,0,0,0,0.0,0,0,0,0,0,0.0,0.0,4343.4,0,0,0,89.1,30.61,0.01,0.34,33.49,24.2,63.4,94.49365425109863,0.5624566344278199,15.307833296912056,10.697408488818578,2.004412443864913,946.6190476190476,0.0,0.0,0.0,0.0,50.33194705134346,0.1,0.0,0.0,0.0,0.0,450.0,959.8,0.0,0.0,85.493,0.496,85.99,8.382,0.536,85.454,emon,0.829,0.512,47.5,22.0,2.158
2026-09-17 21:31:11.116,14.6,0,98,8;89;98;2;0;0;0;18;0;0;0;16;0;0;0;2,880,4729,4729;4724;4728;4729;2512;2223;2405;2557;2249;1789;2403;2418;1046;892;880;1121,1.2,0.0,956.6,0,0,0,0,0,0.0,0,0,0,0,0,0,0,0,0.0,0,0,0,0,0,0.0,0.0,4343.4,0,0,0,86.1,30.61,0.01,0.34,33.49,24.2,63.4,96.0472048591165,0.5079948601915556,15.757757481406717,11.427923617994084,3.1045589438256096,1103.4117647058824,0.0,0.0,0.0,0.0,50.291423326906035,0.1,0.0,0.0,0.0,0.0,450.0,956.6,0.0,0.0,85.493,0.496,85.99,8.382,0.536,85.454,emon,0.829,0.512,47.5,22.0,2.158
2026-09-17 21:31:12.116,14.3,0,97,11;86;97;0;0;0;3;19;0;0;0;11;0;0;0;2,800,4729,4698;4718;4727;4729;2716;2873;2915;2502;2880;1727;2437;2649;1102;800;1128;1160,1.3,0.0,957.6,0,0,0,0,0,0.0,0,0,0,0,0,0,0,0,0.0,0,0,0,0,0,0.0,0.0,4343.4,0,0,0,83.1,30.61,0.01,0.34,33.49,24.2,63.4,94.99121284484863,0.22312195599079132,10.317624568939209,3.021731376647949,2.455307960510254,899.0,0.0,0.0,0.0,0.0,50.36554689705372,0.1,0.0,0.0,0.0,0.0,450.0,957.6,0.0,0.0,85.493,0.496,85.99,8.382,0.536,85.454,emon,0.829,0.512,47.5,22.0,2.158
2026-09-17 21:31:13.116,14.8,0,95,11;85;95;3;0;0;0;23;0;0;0;14;2;3;0;2,915,4727,4720;4719;4727;4700;2477;2024;2220;2531;2525;1395;1407;2477;1059;915;938;1108,0.2,0.0,963.0,0,0,0,0,0,0.0,0,0,0,0,0,0,0,0,0.0,0,0,0,0,0,0.0,0.0,4343.4,0,0,0,84.1,30.61,0.01,0.34,33.49,24.2,63.4,98.25113501915565,1.0755307549754014,19.769243818063003,16.69345905058659,2.3534527062259327,1199.0,0.0,0.0,0.0,0.0,50.29227457654018,0.1,0.0,0.0,0.0,0.0,450.0,963.0,0.0,0.0,85.493,0.496,85.99,8.382,0.536,85.454,emon,0.829,0.512,47.5,22.0,2.158
2026-09-17 21:31:14.117,14.2,0,98,58;32;98;0;18;2;0;6;9;0;0;3;0;0;0;0,728,4725,4720;4719;4725;4674;2779;1054;1531;2442;2425;1314;1877;2191;1127;905;728;916,1.0,0.0,957.6,0,0,0,0,0,0.0,0,0,0,0,0,0,0,0,0.0,0,0,0,0,0,0.0,0.0,4343.4,0,0,0,79.1,29.63,0.01,0.38,33.33,24.3,63.4,95.51769722832574,0.3617353130959802,13.45691728591919,7.72405083808634,1.6306866353584661,1000.3888888888889,0.0,0.0,0.0,0.0,50.321077885727085,0.1,0.0,0.0,0.0,0.0,450.0,962.9,0.0,0.0,85.493,0.496,85.99,8.382,0.536,85.454,emon,0.829,0.512,47.5,22.0,2.158
2026-09-17 21:31:15.117,13.9,0,95,78;21;95;0;14;2;0;0;12;0;0;0;0;0;0;0,939,4720,4720;4699;4713;4719;2251;3326;3008;1230;2430;2312;2091;2360;1117;1112;1053;939,0.2,0.0,958.2,0,0,0,0,0,0.0,0,0,0,0,0,0,0,0,0.0,0,0,0,0,0,0.0,0.0,4343.4,0,0,0,80.1,29.63,0.01,0.38,33.33,24.3,63.4,98.46403121948242,1.8483027380425483,26.445024892687798,24.98268930800259,0.5497374453989323,1199.0,0.0,0.0,0.0,0.0,50.17047886736691,0.1,0.0,0.0,0.0,0.0,450.0,958.2,0.0,0.0,1.453,1.037,2.489,23.706,1.517,0.972,emon,0.906,0.892,28.9,13.4,2.156
2026-09-17 21:31:16.117,14.8,0,98,72;28;98;2;8;2;0;6;22;0;0;0;0;0;0;0,816,4727,4726;4725;4726;4727;2343;2239;2515;1301;2482;2161;2225;2043;1098;982;878;816,0.0,0.0,963.5,0,0,0,0,0,0.0,0,0,0,0,0,0,0,0,0.0,0,0,0,0,0,0.0,0.0,4343.4,0,0,0,79.1,29.63,0.01,0.38,33.33,24.3,63.4,98.78492638372606,0.9505692419085291,19.940466530861393,17.327297381816372,1.5590740464958213,1157.0645161290322,0.0,0.0,0.0,0.0,51.91054234341268,0.0,0.0,0.0,0.0,0.0,450.0,963.5,0.0,0.0,1.453,1.037,2.489,23.706,1.517,0.972,emon,0.906,0.892,28.9,13.4,2.156
2026-09-17 21:31:17.117,14.2,0,95,72;24;95;3;12;0;0;0;17;2;0;0;2;0;0;0,842,4729,4722;4651;4727;4729;2390;1287;2758;1274;2571;3349;2522;1804;1131;982;842;851,0.1,0.0,963.5,0,0,0,0,0,0.0,0,0,0,0,0,0,0,0,0.0,0,0,0,0,0,0.0,0.0,4343.4,0,0,0,80.1,26.53,0.01,0.4,30.6,24.3,63.4,97.95325024922688,1.2075808059113722,21.410670975844067,18.60908603295684,2.9344346684035068,1182.3333333333333,0.0,0.0,0.0,0.0,50.30820024944842,0.1,0.0,0.0,0.0,0.0,450.0,963.5,0.0,0.0,1.453,1.037,2.489,23.706,1.517,0.972,emon,0.906,0.892,28.9,13.4,2.156
2026-09-17 21:31:18.118,14.2,0,96,63;32;96;3;20;2;2;3;3;0;3;0;0;0;0;0,774,4727,4709;4722;4727;4670;2740;1536;1475;1372;1703;1382;1252;1605;1068;959;774;788,0.0,0.0,961.1,0,0,0,0,0,0.0,0,0,0,0,0,0,0,0,0.0,0,0,0,0,0,0.0,0.0,4343.4,0,0,0,79.1,26.53,0.01,0.4,30.6,24.4,63.4,97.95325024922688,1.2075808059113722,21.410670975844067,18.60908603295684,2.9344346684035068,1182.3333333333333,0.0,0.0,0.0,0.0,50.30820024944842,0.1,0.0,0.0,0.0,0.0,450.0,961.1,0.0,0.0,1.453,1.037,2.489,23.706,1.517,0.972,emon,0.906,0.892,28.9,13.4,2.156
2026-09-17 21:31:19.118,13.8,0,94,80;9;94;2;25;0;0;0;11;0;0;0;0;0;0;0,916,4729,4697;4727;4722;4729;2783;2041;3162;1368;2426;1743;1533;1392;1125;1047;945;916,0.0,0.0,961.1,0,0,0,0,0,0.0,0,0,0,0,0,0,0,0,0.0,0,0,0,0,0,0.0,0.0,4343.4,0,0,0,77.1,26.53,0.01,0.4,30.6,24.3,63.4,97.29489199320476,1.1875886985799298,21.791997979084652,19.266818227246404,3.8155043539663893,1117.75,0.0,0.0,0.0,0.0,50.24336713490387,0.0,0.0,0.0,0.0,0.0,450.0,961.1,0.0,0.0,1.453,1.037,2.489,23.706,1.517,0.972,emon,0.906,0.892,28.9,13.4,2.156
2026-09-17 21:31:20.119,13.4,0,95,25;11;95;0;75;2;0;0;6;0;0;0;0;0;0;0,851,4723,4393;4662;4683;4723;3364;3084;2881;2569;2039;2155;1579;1316;1783;1132;1033;851,0.0,0.0,966.3,0,0,0,0,0,0.0,0,0,0,0,0,0,0,0,0.0,0,0,0,0,0,0.0,0.0,4343.4,0,0,0,62.1,26.53,0.01,0.4,30.6,24.3,63.4,98.21431159973145,1.3586399556370452,20.523231334984303,17.300705132074654,1.9541624321282143,955.25,0.0,0.0,0.0,0.0,50.34656576067209,0.0,0.0,0.0,0.0,0.0,450.0,966.3,0.0,0.0,1.453,1.037,2.489,23.706,1.517,0.972,emon,0.906,0.892,28.9,13.4,2.156
2026-09-17 21:31:21.119,13.8,0,98,72;22;98;0;17;0;0;0;9;0;0;0;2;0;0;0,771,4729,4722;4706;4725;4729;2522;1982;1639;1350;2152;1709;1316;1173;1069;988;881;771,0.4,0.0,966.2,0,0,0,0,0,0.0,0,0,0,0,0,0,0,0,0.0,0,0,0,0,0,0.0,0.0,4343.4,0,0,0,79.1,24.11,0.01,0.4,28.19,24.3,63.4,97.1517231464386,1.1581084283825476,18.7590211071074,16.395432202145457,2.2011263897584286,1117.75,0.0,0.0,0.0,0.0,53.460796614177525,0.0,0.0,0.0,0.0,0.0,450.0,966.2,0.0,0.0,1.453,1.037,2.489,23.706,1.517,0.972,emon,0.906,0.892,28.9,13.4,2.156
2026-09-17 21:31:22.120,14.5,0,97,65;22;97;0;23;0;0;3;17;0;0;0;2;2;0;2,764,4729,4721;4711;4726;4729;2551;2473;1837;1241;2687;1511;1462;1830;1117;888;831;764,0.6,0.0,963.3,0,0,0,0,0,0.0,0,0,0,0,0,0,0,0,0.0,0,0,0,0,0,0.0,0.0,4343.4,0,0,0,76.1,24.11,0.01,0.4,28.19,24.3,63.4,97.62716064453124,1.1964169759924212,19.883560514450075,17.443012648820876,2.032074036200841,1117.3333333333333,0.0,0.0,0.0,0.0,50.267399894694485,0.1,0.0,0.0,0.0,0.0,450.0,963.3,0.0,0.0,1.453,1.037,2.489,23.706,1.517,0.972,emon,0.906,0.892,28.9,13.4,2.156
2026-09-17 21:31:23.120,13.7,0,94,85;12;94;2;16;2;0;0;10;0;0;0;0;0;0;0,796,4729,4726;4729;4726;4729;2355;2850;1756;1276;2315;1371;1446;1816;1027;1045;796;925,0.6,0.0,963.3,0,0,0,0,0,0.0,0,0,0,0,0,0,0,0,0.0,0,0,0,0,0,0.0,0.0,4343.4,0,0,0,82.1,24.11,0.01,0.4,28.19,24.4,63.4,96.71240066900486,0.9319968481616276,16.391198481001506,13.649682368447142,2.6728794698308156,1029.4878048780488,0.0,0.0,0.0,0.0,51.58132964954144,0.1,0.0,0.0,0.0,0.0,450.0,963.3,0.0,0.0,1.453,1.037,2.489,23.706,1.517,0.972,emon,0.906,0.892,28.9,13.4,2.156
2026-09-17 21:31:24.120,13.9,0,92,77;17;92;2;27;0;0;0;9;0;0;0;0;0;0;0,880,4727,4725;4724;4727;4688;2639;1995;1813;1301;2332;2132;2274;2451;2180;1057;880;880,0.8,0.0,963.3,0,0,0,0,0,0.0,0,0,0,0,0,0,0,0,0.0,0,0,0,0,0,0.0,0.0,4343.4,0,0,0,81.1,24.11,0.01,0.4,28.19,24.3,63.4,96.8431379530165,0.3840275818689002,11.388368103239271,5.951770931482315,1.7156608882877562,1018.4444444444445,0.0,0.0,0.0,0.0,50.300373489658035,0.1,0.0,0.0,0.0,0.0,450.0,958.1,0.0,0.0,1.453,1.037,2.489,23.706,1.517,0.972,emon,0.906,0.892,28.9,13.4,2.156
2026-09-17 21:31:25.121,14.5,0,95,77;16;95;0;16;2;0;0;23;2;0;0;2;0;0;0,886,4729,4722;4726;4728;4729;2522;2871;2612;1268;2662;2638;1453;1274;1102;886;1115;911,1.0,0.0,958.5,0,0,0,0,0,0.0,0,0,0,0,0,0,0,0,0.0,0,0,0,0,0,0.0,0.0,4343.4,0,0,0,84.1,27.4,0.01,0.4,31.47,24.4,63.4,99.03142374212092,0.9601771944964473,18.984464916315947,16.8239050893621,1.3112783385969868,1199.0,0.0,0.0,0.0,0.0,54.85864736004309,0.1,0.0,0.0,0.0,0.0,450.0,958.5,0.0,0.0,1.453,1.037,2.489,23.706,1.517,0.972,emon,0.906,0.892,28.9,13.4,2.156
2026-09-17 21:31:26.121,14.0,0,92,86;9;92;4;16;2;3;0;11;0;0;0;0;0;0;0,911,4726,4691;4637;4703;4726;2572;1611;3154;1328;2209;2565;1513;2691;1137;1082;911;944,0.9,0.0,960.1,0,0,0,0,0,0.0,0,0,0,0,0,0,0,0,0.0,0,0,0,0,0,0.0,0.0,4343.4,0,0,0,84.1,27.4,0.01,0.4,31.47,24.1,63.4,98.2939453125,0.763928753823587,17.92331644965381,14.844867698666526,1.48794180831429,1129.4878048780488,0.0,0.0,0.0,0.0,51.55499593150325,0.1,0.0,0.0,0.0,0.0,450.0,960.1,0.0,0.0,1.453,1.037,2.489,23.706,1.517,0.972,emon,0.906,0.892,28.9,13.4,2.156
2026-09-17 21:31:27.121,13.9,0,97,81;20;97;2;17;0;0;0;6;0;0;0;0;0;0;0,986,4725,4725;4722;4725;4714;2526;2750;2097;1269;2434;1787;1693;1574;1161;1038;1007;986,1.0,0.0,958.4,0,0,0,0,0,0.0,0,0,0,0,0,0,0,0,0.0,0,0,0,0,0,0.0,0.0,4345.1,0,0,0,84.1,27.4,0.01,0.4,31.47,24.2,63.4,96.78641576352327,0.3215284945200319,10.637592025425123,6.188068694394568,1.4640524623024722,989.2173913043479,0.0,0.0,0.0,0.0,50.304428076614506,0.1,0.0,0.0,0.0,0.0,450.0,960.1,0.0,0.0,2.021,1.1,3.121,30.679,1.963,1.158,emon,0.899,0.812,29.7,14.1,2.11
2026-09-17 21:31:28.122,14.7,0,98,79;24;98;0;16;2;0;0;11;0;0;0;3;0;2;0,875,4728,4725;4728;4728;4728;2358;2567;2428;1240;2378;2159;1640;2048;1157;1046;1103;875,0.9,0.0,962.0,0,0,0,0,0,0.0,0,0,0,0,0,0,0,0,0.0,0,0,0,0,0,0.0,0.0,4345.1,0,0,0,85.1,27.4,0.01,0.4,31.47,24.3,63.4,97.05309664818549,0.977806480691558,16.84246350488355,13.392927636061945,1.7420690302406587,1060.2903225806451,0.0,0.0,0.0,0.0,51.97228139158218,0.1,0.0,0.0,0.0,0.0,450.0,962.0,0.0,0.0,2.021,1.1,3.121,30.679,1.963,1.158,emon,0.899,0.812,29.7,14.1,2.11
2026-09-17 21:31:29.122,14.0,0,97,81;16;97;6;8;3;0;0;12;2;0;0;0;0;0;0,946,4725,4719;4719;4725;4675;2150;3080;1819;1248;2649;2506;1665;1979;1202;1193;1318;946,0.7,0.0,963.1,0,0,0,0,0,0.0,0,0,0,0,0,0,0,0,0.0,0,0,0,0,0,0.0,0.0,4345.1,0,0,0,84.1,29.34,0.01,0.34,32.18,24.4,63.4,97.42397967251864,0.9481639724267139,19.958091527223587,17.393108367919922,3.133568522747902,1137.6363636363637,0.0,0.0,0.0,0.0,52.61977645890279,0.1,0.0,0.0,0.0,0.0,450.0,963.1,0.0,0.0,2.021,1.1,3.121,30.679,1.963,1.158,emon,0.899,0.812,29.7,14.1,2.11
2026-09-17 21:31:30.122,14.3,0,98,81;16;98;2;16;0;0;3;12;0;0;0;0;0;0;0,1005,4729,4721;4728;4726;4729;2448;3220;1920;1299;2481;2228;1544;2561;1122;1127;1005;1060,0.4,0.0,965.2,0,0,0,0,0,0.0,0,0,0,0,0,0,0,0,0.0,0,0,0,0,0,0.0,0.0,4345.1,0,0,0,84.1,29.34,0.01,0.34,32.18,24.4,63.4,97.76391397203717,0.6929017431767923,17.110740016613686,13.761570920635547,1.7213683147201664,1120.4285714285713,0.0,0.0,0.0,0.0,52.12342635994511,0.1,0.0,0.0,0.0,0.0,450.0,965.2,0.0,0.0,2.021,1.1,3.121,30.679,1.963,1.158,emon,0.899,0.812,29.7,14.1,2.11
2026-09-17 21:31:31.122,14.2,0,95,75;20;95;2;20;0;0;0;14;0;0;0;0;0;0;0,886,4729,4706;4729;4725;4673;2411;1971;1363;1344;2694;1880;2166;2226;1129;1053;925;886,0.5,0.0,960.1,0,0,0,0,0,0.0,0,0,0,0,0,0,0,0,0.0,0,0,0,0,0,0.0,0.0,4345.1,0,0,0,81.1,29.34,0.01,0.34,32.18,24.4,63.4,96.49451671947132,0.7827839659399946,17.46139272505587,14.141082371500405,2.86305216958069,1171.7272727272727,0.0,0.0,0.0,0.0,50.241579019210555,0.1,0.0,0.0,0.0,0.0,450.0,960.1,0.0,0.0,2.021,1.1,3.121,30.679,1.963,1.158,emon,0.899,0.812,29.7,14.1,2.11
2026-09-17 21:31:32.123,14.5,0,97,82;15;97;2;14;2;0;3;15;0;0;0;0;2;2;0,968,4728,4719;4724;4726;4728;2393;3129;2005;1249;2521;1435;1354;1261;1408;1098;1007;968,0.0,0.0,965.3,0,0,0,0,0,0.0,0,0,0,0,0,0,0,0,0.0,0,0,0,0,0,0.0,0.0,4345.1,0,0,0,84.1,29.34,0.01,0.34,32.18,24.4,63.4,98.19541931152344,1.3011009375331923,20.879630237817764,17.216797546949238,2.1995635019266047,1124.0,0.0,0.0,0.0,0.0,50.229011656716466,0.0,0.0,0.0,0.0,0.0,450.0,965.3,0.0,0.0,2.021,1.1,3.121,30.679,1.963,1.158,emon,0.899,0.812,29.7,14.1,2.11
2026-09-17 21:31:33.123,15.1,0,94,69;25;94;10;28;2;0;3;10;2;0;0;0;0;0;0,1020,4729,4693;4726;4728;4729;2683;1518;2542;1303;2315;3051;2610;2798;1082;1090;1028;1020,0.0,0.0,965.3,0,0,0,0,0,0.0,0,0,0,0,0,0,0,0,0.0,0,0,0,0,0,0.0,0.0,4345.1,0,0,0,82.1,29.21,0.01,0.34,32.09,24.4,63.4,98.53149192563949,0.6895088744499991,19.601791301081256,17.47451682484919,1.2504511542407977,1157.0645161290322,0.0,0.0,0.0,0.0,55.300486293531236,0.0,0.0,0.0,0.0,0.0,450.0,965.3,0.0,0.0,2.021,1.1,3.121,30.679,1.963,1.158,emon,0.899,0.812,29.7,14.1,2.11
2026-09-17 21:31:34.124,14.4,0,93,83;8;93;5;22;2;0;0;20;0;0;0;0;0;0;0,729,4729,4722;4715;4726;4729;2489;2960;1282;1375;2736;2026;1546;1676;1085;996;729;789,0.5,0.0,958.7,0,0,0,0,0,0.0,0,0,0,0,0,0,0,0,0.0,0,0,0,0,0,0.0,0.0,4345.1,0,0,0,85.1,29.21,0.01,0.34,32.09,24.4,63.4,97.21461095036688,0.8193385691407162,16.463898568540007,12.700483750652623,2.046092721388197,1162.5135135135135,0.0,0.0,0.0,0.0,51.736457809403134,0.1,0.0,0.0,0.0,0.0,450.0,958.7,0.0,0.0,2.021,1.1,3.121,30.679,1.963,1.158,emon,0.899,0.812,29.7,14.1,2.11
2026-09-17 21:31:35.124,14.9,0,95,88;14;95;2;20;2;0;0;16;0;0;0;2;2;0;0,893,4729,4720;4722;4727;4729;2779;1888;2564;1312;2285;2691;1261;1482;1131;1130;941;893,0.0,0.0,958.8,0,0,0,0,0,0.0,0,0,0,0,0,0,0,0,0.0,0,0,0,0,0,0.0,0.0,4345.1,0,0,0,83.1,29.21,0.01,0.34,32.09,24.4,63.4,95.94230143229167,0.9035395085811615,18.490296363830566,15.706027030944824,5.701042413711548,949.0,0.0,0.0,0.0,0.0,50.34063670039177,0.1,0.0,0.0,0.0,0.0,450.0,958.8,0.0,0.0,2.021,1.1,3.121,30.679,1.963,1.158,emon,0.899,0.812,29.7,14.1,2.11
2026-09-17 21:31:36.124,14.5,0,97,78;20;97;2;19;0;0;3;9;2;0;0;3;0;0;0,1063,4729,4725;4722;4726;4729;2786;1820;1484;1363;2458;2988;2096;1958;2185;2768;1456;1063,0.0,0.0,961.7,0,0,0,0,0,0.0,0,0,0,0,0,0,0,0,0.0,0,0,0,0,0,0.0,0.0,4345.1,0,0,0,83.1,29.21,0.01,0.34,32.09,24.4,63.4,97.8810610961914,1.143453872539103,20.642014722824097,17.892637311816216,1.9080187965556978,1127.0,0.0,0.0,0.0,0.0,52.31873222231865,0.0,0.0,0.0,0.0,0.0,450.0,961.7,0.0,0.0,2.021,1.1,3.121,30.679,1.963,1.158,emon,0.899,0.812,29.7,14.1,2.11
2026-09-17 21:31:37.125,14.0,0,98,82;18;98;0;10;3;0;0;14;0;0;0;0;0;0;0,804,4729,4725;4702;4727;4729;2563;2861;2953;1290;2394;1507;2002;1900;1165;1070;954;804,0.5,0.0,967.0,0,0,0,0,0,0.0,0,0,0,0,0,0,0,0,0.0,0,0,0,0,0,0.0,0.0,4345.1,0,0,0,83.1,29.29,0.01,0.34,32.37,24.6,63.4,98.31747462831694,1.0553968195514432,18.924367522371227,16.077494900288254,2.4498990350563465,1136.9310344827586,0.0,0.0,0.0,0.0,52.10613524759638,0.1,0.0,0.0,0.0,0.0,450.0,967.0,0.0,0.0,2.021,1.1,3.121,30.679,1.963,1.158,emon,0.899,0.812,29.7,14.1,2.11
2026-09-17 21:31:38.125,16.8,0,89,65;20;89;3;42;2;2;0;38;2;0;0;8;0;0;0,1085,4729,4718;4728;4724;4729;3085;3029;3085;1832;2969;2911;1845;1834;2423;1085;1133;1096,0.5,0.0,967.0,0,0,0,0,0,0.0,0,0,0,0,0,0,0,0,0.0,0,0,0,0,0,0.0,0.0,4345.1,0,0,0,72.1,29.29,0.01,0.34,32.37,24.5,63.4,97.68121687032409,0.75962922081225,15.211453086238796,12.593680878059338,2.6127318789732596,1126.1186440677966,0.0,0.0,0.0,0.0,52.86703257565781,0.1,0.0,0.0,0.0,0.0,450.0,965.1,0.0,0.0,2.021,1.1,3.121,30.679,1.963,1.158,emon,0.899,0.812,29.7,14.1,2.11
2026-09-17 21:31:39.125,18.1,0,80,54;10;80;2;69;0;0;0;62;0;0;0;12;0;0;0,1252,4728,4699;4726;4727;4728;3217;2565;2344;2502;3194;2796;2185;3013;2567;1785;1252;1360,0.7,0.0,963.0,0,0,0,0,0,0.0,0,0,0,0,0,0,0,0,0.0,0,0,0,0,0,0.0,0.0,4345.1,0,0,0,65.1,29.29,0.01,0.34,32.37,24.4,63.4,98.47208150227864,1.1019603769139696,19.205330813924473,16.55129109074672,1.6491128971683793,1140.6666666666667,0.0,0.0,0.0,0.0,50.19659804739058,0.0,0.0,0.0,0.0,0.0,450.0,963.0,0.0,0.0,1.082,1.249,2.331,17.635,1.129,1.202,emon,0.885,0.847,31.5,15.8,1.989
2026-09-17 21:31:40.126,20.1,0,85,54;34;85;25;47;18;4;3;23;6;0;0;22;0;0;0,1012,4727,4613;4725;4724;4727;3292;2908;3304;2301;2897;3068;2473;3308;2456;2306;1705;1012,0.9,0.0,965.0,0,0,0,0,0,0.0,0,0,0,0,0,0,0,0,0.0,0,0,0,0,0,0.0,0.0,4345.1,0,0,0,82.1,29.29,0.01,0.34,32.37,24.5,63.4,98.02023920023217,0.8347162145523811,17.029056490592236,14.707935226694593,3.0880570292268565,1131.0754716981132,0.0,0.0,0.0,0.0,51.29641722395735,0.1,0.0,0.0,0.0,0.0,450.0,965.0,0.0,0.0,1.082,1.249,2.331,17.635,1.129,1.202,emon,0.885,0.847,31.5,15.8,1.989
2026-09-17 21:31:41.126,25.9,0,75,69;21;75;33;49;16;14;2;53;16;0;0;54;8;2;2,1987,4717,4646;4703;4717;4713;2595;3106;3372;2869;3085;3255;3449;3449;2016;1987;2150;2747,0.8,0.0,965.0,0,0,0,0,0,0.0,0,0,0,0,0,0,0,0,0.0,0,0,0,0,0,0.0,0.0,4345.1,0,0,0,80.1,29.81,0.01,0.34,33.48,24.5,63.4,98.17081832885742,0.9767602436617017,18.989318370819092,16.607411414980888,2.4052612767368555,1072.0,0.0,0.0,0.0,0.0,52.33578048348427,0.1,0.0,0.0,0.0,0.0,450.0,965.0,0.0,0.0,1.082,1.249,2.331,17.635,1.129,1.202,emon,0.885,0.847,31.5,15.8,1.989
2026-09-17 21:31:42.126,14.2,0,92,56;9;92;2;49;0;0;0;17;0;0;0;2;0;0;0,855,4725,4636;4725;4717;4658;3263;2614;3035;2013;2318;2477;1392;1379;1134;1087;977;855,1.1,0.0,958.8,0,0,0,0,0,0.0,0,0,0,0,0,0,0,0,0.0,0,0,0,0,0,0.0,0.0,4345.1,0,0,0,79.1,29.81,0.01,0.34,33.48,24.5,63.4,97.1627042091499,0.5516234615943947,15.178780381962405,10.677238442130008,1.210160721985276,1099.8474576271187,0.0,0.0,0.0,0.0,51.198399153301274,0.1,0.0,0.0,0.0,0.0,450.0,957.8,0.0,0.0,1.082,1.249,2.331,17.635,1.129,1.202,emon,0.885,0.847,31.5,15.8,1.989
2026-09-17 21:31:43.136,19.9,0,97,69;39;97;14;25;11;8;6;29;12;0;2;6;2;0;0,932,4721,4708;4684;4721;4696;3053;3303;3422;3184;2713;3357;3393;3437;2710;2430;932;993,1.1,0.0,960.0,0,0,0,0,0,0.0,0,0,0,0,0,0,0,0,0.0,0,0,0,0,0,0.0,0.0,4345.1,0,0,0,83.1,29.81,0.01,0.34,33.48,24.6,63.4,96.42741666521344,0.9501897618174553,19.11007513318743,16.425026842526027,4.088433810642788,1099.0,0.0,0.0,0.0,0.0,50.25219234398433,0.1,0.0,0.0,0.0,0.0,450.0,960.0,0.0,0.0,1.082,1.249,2.331,17.635,1.129,1.202,emon,0.885,0.847,31.5,15.8,1.989
2026-09-17 21:31:44.136,18.4,0,95,38;66;95;8;9;20;6;6;5;20;6;6;0;8;0;0,1155,4723,4693;4711;4723;4696;3067;2872;2943;2970;2093;2622;3016;3402;1297;2718;1155;1232,1.4,0.0,957.7,0,0,0,0,0,0.0,0,0,0,0,0,0,0,0,0.0,0,0,0,0,0,0.0,0.0,4345.1,0,0,0,83.1,29.81,0.01,0.34,33.48,24.5,63.4,97.00320363044739,0.2803047568304464,11.893416158854961,5.422528491355479,1.6211576880014036,1049.0,0.0,0.0,0.0,0.0,50.28909866185859,0.1,0.0,0.0,0.0,0.0,450.0,957.7,0.0,0.0,1.082,1.249,2.331,17.635,1.129,1.202,emon,0.885,0.847,31.5,15.8,1.989
2026-09-17 21:31:45.136,27.9,0,97,34;77;97;12;2;78;14;2;0;88;6;6;0;31;0;0,1659,4725,4696;4707;4725;4711;3441;3417;3333;3093;3415;3402;3358;3442;1934;2893;1886;1659,1.2,0.0,958.3,0,0,0,0,0,0.0,0,0,0,0,0,0,0,0,0.0,0,0,0,0,0,0.0,0.0,4345.1,0,0,0,95.1,31.12,0.01,0.38,35.26,24.5,63.4,96.61394739151001,0.3471701865782961,12.450707107782364,7.5778478644788265,1.168342724442482,1016.1875,0.0,0.0,0.0,0.0,50.275394067168236,0.1,0.0,0.0,0.0,0.0,450.0,958.3,0.0,0.0,1.082,1.249,2.331,17.635,1.129,1.202,emon,0.885,0.847,31.5,15.8,1.989
2026-09-17 21:31:46.137,22.4,0,97,14;64;97;8;2;59;6;0;0;92;3;0;0;13;0;0,1542,4729,4696;4600;4724;4729;1714;3292;3226;2204;3442;3400;3281;3455;1756;2901;1846;1542,0.7,0.0,956.6,0,0,0,0,0,0.0,0,0,0,0,0,0,0,0,0.0,0,0,0,0,0,0.0,0.0,4345.1,0,0,0,90.1,31.12,0.01,0.38,35.26,24.5,63.4,96.92899343702528,0.3220435645845201,11.464026795493233,6.779044212566482,0.9014950729906559,1064.2777777777778,0.0,0.0,0.0,0.0,50.292439411083855,0.1,0.0,0.0,0.0,0.0,450.0,956.6,0.0,0.0,1.082,1.249,2.331,17.635,1.129,1.202,emon,0.885,0.847,31.5,15.8,1.989
2026-09-17 21:31:47.137,13.9,0,91,5;51;91;2;0;16;0;0;0;59;0;0;0;0;0;0,982,4729,4703;4618;4721;4729;2107;2262;1334;1201;3368;3234;3251;2842;1054;1076;1128;982,0.4,0.0,957.9,0,0,0,0,0,0.0,0,0,0,0,0,0,0,0,0.0,0,0,0,0,0,0.0,0.0,4345.1,0,0,0,87.1,31.12,0.01,0.38,35.26,24.5,63.4,96.61523479885525,0.32189522083434796,11.77967749701606,6.796134137445026,0.9294401026434369,999.0,0.0,0.0,0.0,0.0,50.328201661507286,0.1,0.0,0.0,0.0,0.0,450.0,957.9,0.0,0.0,1.082,1.249,2.331,17.635,1.129,1.202,emon,0.885,0.847,31.5,15.8,1.989
2026-09-17 21:31:48.137,13.8,0,92,9;88;92;0;0;12;2;0;0;17;0;0;0;0;0;0,925,4729,4729;4729;4728;4729;1705;2550;2658;1643;3319;2532;1662;3135;1051;1195;1068;925,0.7,0.0,956.8,0,0,0,0,0,0.0,0,0,0,0,0,0,0,0,0.0,0,0,0,0,0,0.0,0.0,4345.1,0,0,0,90.1,31.12,0.01,0.38,35.26,24.5,63.4,95.28728594098773,0.24450530777020113,8.822227126076108,4.075443286271322,1.9874183507192702,1013.2857142857143,0.0,0.0,0.0,0.0,50.319371448386285,0.1,0.0,0.0,0.0,0.0,450.0,956.8,0.0,0.0,1.082,1.249,2.331,17.635,1.129,1.202,emon,0.885,0.847,31.5,15.8,1.989
2026-09-17 21:31:49.137,14.0,0,94,12;88;94;0;0;17;5;2;0;6;0;0;0;0;0;0,1055,4729,4727;4724;4728;4729;2034;2562;2849;2286;1288;2313;2295;2568;1055;1110;1083;1063,0.3,0.0,956.8,0,0,0,0,0,0.0,0,0,0,0,0,0,0,0,0.0,0,0,0,0,0,0.0,0.0,4345.1,0,0,0,89.1,32.4,0.01,0.32,35.11,24.5,63.4,95.96506064278739,0.32244605890342165,11.339014496122088,5.762755828244345,0.745980695954391,891.8571428571429,0.0,0.0,0.0,0.0,50.34253603858607,0.1,0.0,0.0,0.0,0.0,450.0,956.8,0.0,0.0,1.082,1.249,2.331,17.635,1.129,1.202,emon,0.885,0.847,31.5,15.8,1.989
2026-09-17 21:31:50.138,14.4,0,98,3;94;98;0;0;9;3;3;0;17;0;0;0;2;0;0,1041,4726,4699;4723;4726;4699;1750;2280;3197;1286;2367;2576;3144;2084;1041;1162;1148;1054,0.4,0.0,962.3,0,0,0,0,0,0.0,0,0,0,0,0,0,0,0,0.0,0,0,0,0,0,0.0,0.0,4345.1,0,0,0,90.1,32.4,0.01,0.32,35.11,24.5,63.4,96.98398399353027,3.438300132751465,28.93901538848877,27.19036293029785,0.05653201788663864,1199.0,0.0,0.0,0.0,0.0,50.2871475815773,0.1,0.0,0.0,0.0,0.0,450.0,959.1,0.0,0.0,1.082,1.249,2.331,17.635,1.129,1.202,emon,0.885,0.847,31.5,15.8,1.989
2026-09-17 21:31:51.138,14.4,0,95,12;85;95;5;0;11;2;3;0;15;2;0;0;0;0;0,1029,4729,4728;4725;4729;4729;2306;2396;2081;2130;2327;2535;3388;2542;1030;1113;1029;1066,0.0,0.0,967.5,0,0,0,0,0,0.0,0,0,0,0,0,0,0,0,0.0,0,0,0,0,0,0.0,0.0,4345.1,0,0,0,88.1,32.4,0.01,0.32,35.11,24.5,63.4,97.49176139831543,1.0410830137785525,17.32518776655197,13.279278923571109,1.4335452845261898,1139.0,0.0,0.0,0.0,0.0,50.32624781355262,0.1,0.0,0.0,0.0,0.0,450.0,967.5,0.0,0.0,0.544,0.745,1.289,8.262,0.529,0.76,emon,0.908,0.856,29.7,21.4,1.39
2026-09-17 21:31:52.139,14.4,0,86,11;86;70;30;0;17;0;0;0;14;0;0;0;3;0;0,1057,4727,4727;4724;4724;4723;2321;2761;2203;1291;2318;2056;1684;2333;1057;1236;1129;1072,0.0,0.0,967.5,0,0,0,0,0,0.0,0,0,0,0,0,0,0,0,0.0,0,0,0,0,0,0.0,0.0,4345.1,0,0,0,89.1,32.4,0.01,0.32,35.11,24.5,63.4,98.0242567062378,1.3814912347006612,20.034390062093735,16.887917743995786,1.4712364369843272,1124.0,0.0,0.0,0.0,0.0,50.22356452699751,0.0,0.0,0.0,0.0,0.0,450.0,972.8,0.0,0.0,0.544,0.745,1.289,8.262,0.529,0.76,emon,0.908,0.856,29.7,21.4,1.39
2026-09-17 21:31:53.139,14.1,0,94,2;94;62;38;0;8;2;6;0;14;0;0;0;2;0;0,1058,4729,4729;4725;4726;4729;2338;2445;2992;1300;2670;2336;1830;2501;1085;1168;1097;1058,0.1,0.0,968.8,0,0,0,0,0,0.0,0,0,0,0,0,0,0,0,0.0,0,0,0,0,0,0.0,0.0,4345.1,0,0,0,90.1,31.66,0.01,0.32,33.97,24.5,63.4,95.69761244455974,0.8137302448352178,17.260023673375446,14.065413157145182,5.145357078021334,1126.0833333333333,0.0,0.0,0.0,0.0,50.28460520878434,0.1,0.0,0.0,0.0,0.0,450.0,968.3,0.0,0.0,0.544,0.745,1.289,8.262,0.529,0.76,emon,0.908,0.856,29.7,21.4,1.39
2026-09-17 21:31:54.139,14.2,0,95,9;84;95;2;0;17;0;0;0;17;0;0;0;0;0;2,946,4729,4729;4724;4729;4729;1125;2759;2532;1283;1638;2644;2113;1347;946;1156;964;1326,0.7,0.0,968.3,0,0,0,0,0,0.0,0,0,0,0,0,0,0,0,0.0,0,0,0,0,0,0.0,0.0,4345.1,0,0,0,88.1,31.66,0.01,0.32,33.97,24.5,63.4,94.68297672271729,0.5390438809990883,16.253093957901,13.213866710662842,4.824292182922363,1111.5,0.0,0.0,0.0,0.0,50.310712810605764,0.1,0.0,0.0,0.0,0.0,450.0,963.1,0.0,0.0,0.544,0.745,1.289,8.262,0.529,0.76,emon,0.908,0.856,29.7,21.4,1.39
2026-09-17 21:31:55.140,14.2,0,91,16;81;91;3;0;23;0;0;0;14;0;0;0;0;0;0,1011,4729,4729;4725;4728;4729;2502;2888;2600;1394;2572;2366;2571;1772;1126;1305;1128;1011,0.8,0.0,963.1,0,0,0,0,0,0.0,0,0,0,0,0,0,0,0,0.0,0,0,0,0,0,0.0,0.0,4345.1,0,0,0,89.1,31.66,0.01,0.32,33.97,24.5,63.4,97.62917518615723,0.5175671279430389,16.605183601379395,12.977177143096924,3.6810028553009033,1199.0,0.0,0.0,0.0,0.0,50.22283671796322,0.1,0.0,0.0,0.0,0.0,450.0,963.1,0.0,0.0,0.544,0.745,1.289,8.262,0.529,0.76,emon,0.908,0.856,29.7,21.4,1.39
2026-09-17 21:31:56.140,14.2,0,92,12;80;92;3;0;22;3;0;0;14;0;0;0;0;0;0,1092,4729,4722;4722;4728;4729;2125;2774;2930;1424;1930;2443;2070;1586;1109;1143;1141;1092,1.0,0.0,956.8,0,0,0,0,0,0.0,0,0,0,0,0,0,0,0,0.0,0,0,0,0,0,0.0,0.0,4345.1,0,0,0,87.1,31.66,0.01,0.32,33.97,24.5,63.4,95.55281663977581,0.24036108508058215,8.642286145168802,3.206955859194631,1.7894557518479617,1007.695652173913,0.0,0.0,0.0,0.0,50.31737216529639,0.1,0.0,0.0,0.0,0.0,450.0,956.9,0.0,0.0,0.544,0.745,1.289,8.262,0.529,0.76,emon,0.908,0.856,29.7,21.4,1.39
2026-09-17 21:31:57.140,14.8,0,97,16;82;97;0;0;27;0;0;0;16;0;0;0;0;0;0,1072,4729,4729;4726;4728;4729;3027;2472;2040;1276;2177;2666;2922;2222;1096;1075;1173;1072,1.2,0.0,955.9,0,0,0,0,0,0.0,0,0,0,0,0,0,0,0,0.0,0,0,0,0,0,0.0,0.0,4345.1,0,0,0,88.1,31.33,0.01,0.32,33.84,24.5,63.4,96.31052852812267,0.30774834876259166,13.902111325945173,8.484404010432106,1.4065945029613518,1084.7142857142858,0.0,0.0,0.0,0.0,50.30855786374637,0.1,0.0,0.0,0.0,0.0,450.0,955.9,0.0,0.0,0.544,0.745,1.289,8.262,0.529,0.76,emon,0.908,0.856,29.7,21.4,1.39
2026-09-17 21:31:58.141,14.3,0,97,9;65;97;2;0;12;0;0;0;37;0;0;0;6;2;0,1048,4723,4720;4669;4723;4513;1380;2215;1759;1184;1877;3065;2188;1965;1060;1930;1192;1048,0.7,0.0,961.1,0,0,0,0,0,0.0,0,0,0,0,0,0,0,0,0.0,0,0,0,0,0,0.0,0.0,4345.1,0,0,0,88.1,31.33,0.01,0.32,33.84,24.5,63.4,94.74758720397949,2.3981558084487915,22.449583053588867,20.59422016143799,0.040851726196706295,1199.0,0.0,0.0,0.0,0.0,50.28906208276749,0.1,0.0,0.0,0.0,0.0,450.0,961.1,0.0,0.0,0.544,0.745,1.289,8.262,0.529,0.76,emon,0.908,0.856,29.7,21.4,1.39
2026-09-17 21:31:59.141,14.4,0,92,11;89;92;5;0;19;0;0;0;12;0;0;0;2;0;0,1031,4729,4728;4727;4727;4729;2695;2284;1557;1204;1774;2513;2432;2481;1094;1340;1147;1031,1.4,0.0,960.6,0,0,0,0,0,0.0,0,0,0,0,0,0,0,0,0.0,0,0,0,0,0,0.0,0.0,4345.1,0,0,0,89.1,31.33,0.01,0.32,33.84,24.5,63.4,97.61910311381023,0.5866665318608284,18.238579114278156,14.561154087384542,2.0090280870596566,999.0,0.0,0.0,0.0,0.0,50.25977003574371,0.1,0.0,0.0,0.0,0.0,450.0,960.6,0.0,0.0,0.544,0.745,1.289,8.262,0.529,0.76,emon,0.908,0.856,29.7,21.4,1.39
2026-09-17 21:32:00.141,13.9,0,98,17;74;98;2;0;11;2;0;0;17;0;0;0;2;0;0,1031,4729,4729;4725;4728;4729;1494;2408;1306;1259;1893;2415;1607;1612;1117;1851;1141;1031,0.7,0.0,964.1,0,0,0,0,0,0.0,0,0,0,0,0,0,0,0,0.0,0,0,0,0,0,0.0,0.0,4345.1,0,0,0,88.1,31.33,0.01,0.32,33.84,24.5,63.4,97.78194251427284,1.0207627127663448,19.625928848217693,17.410350083158566,2.971498847180882,1073.3589743589744,0.0,0.0,0.0,0.0,51.62029295395582,0.1,0.0,0.0,0.0,0.0,450.0,964.1,0.0,0.0,0.544,0.745,1.289,8.262,0.529,0.76,emon,0.908,0.856,29.7,21.4,1.39
2026-09-17 21:32:01.141,15.6,0,92,18;82;92;5;0;19;2;3;0;30;0;0;0;0;0;0,1064,4729,4708;4722;4725;4729;1839;2582;2234;1946;2202;2515;2929;2847;1160;1308;1177;1064,1.1,0.0,956.8,0,0,0,0,0,0.0,0,0,0,0,0,0,0,0,0.0,0,0,0,0,0,0.0,0.0,4345.1,0,0,0,88.1,31.01,0.01,0.33,33.57,24.5,63.4,96.66494826195945,0.4334529627271941,13.819092985609887,8.847296690437156,2.280000100496002,1076.4647887323943,0.0,0.0,0.0,0.0,51.00733569600213,0.1,0.0,0.0,0.0,0.0,450.0,956.8,0.0,0.0,0.544,0.745,1.289,8.262,0.529,0.76,emon,0.908,0.856,29.7,21.4,1.39
2026-09-17 21:32:02.142,14.4,0,97,9;88;97;3;0;18;0;0;0;11;2;2;0;2;0;0,979,4729,4729;4726;4728;4729;1507;2711;1419;1478;1953;2237;2321;2201;1027;2001;1159;979,0.0,0.0,959.6,0,0,0,0,0,0.0,0,0,0,0,0,0,0,0,0.0,0,0,0,0,0,0.0,0.0,4345.1,0,0,0,89.1,31.01,0.01,0.33,33.57,24.5,63.4,95.16271591186523,1.0522344211737316,22.062986373901367,19.821049690246582,3.974263906478882,1099.0,0.0,0.0,0.0,0.0,50.31304168701172,0.1,0.0,0.0,0.0,0.0,450.0,959.6,0.0,0.0,0.544,0.745,1.289,8.262,0.529,0.76,emon,0.908,0.856,29.7,21.4,1.39
2026-09-17 21:32:03.142,14.2,0,98,8;91;98;3;0;12;0;0;0;12;2;0;0;0;0;0,1043,4729,4729;4726;4728;4729;1759;2699;1965;1294;1878;2173;2902;2016;1061;1092;1119;1043,0.2,0.0,959.5,0,0,0,0,0,0.0,0,0,0,0,0,0,0,0,0.0,0,0,0,0,0,0.0,0.0,4345.1,0,0,0,90.1,31.01,0.01,0.33,33.57,24.5,63.4,96.87905979156494,0.3104976215399802,11.973045190175375,6.917025143901507,1.4566888610521953,1076.0833333333333,0.0,0.0,0.0,0.0,50.29354149103165,0.1,0.0,0.0,0.0,0.0,450.0,959.5,0.0,0.0,0.588,0.745,1.333,9.165,0.587,0.746,emon,0.911,0.914,31.0,19.7,1.576
2026-09-17 21:32:04.143,14.5,0,97,16;85;97;0;0;9;2;0;0;17;0;5;0;2;0;0,1028,4729,4729;4726;4728;4729;1290;2344;1685;1249;3014;2417;1923;2933;1028;2404;1141;1053,0.0,0.0,959.5,0,0,0,0,0,0.0,0,0,0,0,0,0,0,0,0.0,0,0,0,0,0,0.0,0.0,4345.1,0,0,0,90.1,31.01,0.01,0.33,33.57,24.5,63.4,94.44168472290039,0.7347026467323303,15.657604217529297,12.357037544250488,3.699366807937622,549.0,0.0,0.0,0.0,0.0,50.45164975523949,0.1,0.0,0.0,0.0,0.0,450.0,959.5,0.0,0.0,0.588,0.745,1.333,9.165,0.587,0.746,emon,0.911,0.914,31.0,19.7,1.576
2026-09-17 21:32:05.143,14.4,0,98,12;84;98;0;0;17;0;3;0;14;0;0;0;0;0;0,991,4729,4729;4728;4728;4729;1236;2540;2041;1215;1416;2510;1938;2368;1063;1199;991;1003,0.0,0.0,960.5,0,0,0,0,0,0.0,0,0,0,0,0,0,0,0,0.0,0,0,0,0,0,0.0,0.0,4345.1,0,0,0,91.1,31.65,0.01,0.33,34.26,24.5,63.4,97.62054971548227,0.8789343324382431,17.072607194001858,14.74604100934588,3.007377085275948,1021.1153846153846,0.0,0.0,0.0,0.0,52.288936939950176,0.1,0.0,0.0,0.0,0.0,450.0,960.5,0.0,0.0,0.588,0.745,1.333,9.165,0.587,0.746,emon,0.911,0.914,31.0,19.7,1.576
2026-09-17 21:32:06.143,13.7,0,98,9;88;98;0;0;9;2;0;0;11;0;0;0;2;0;0,1017,4729,4717;4725;4728;4729;1800;2245;2955;1172;1312;2307;1945;1302;1079;1258;1093;1017,0.0,0.0,960.5,0,0,0,0,0,0.0,0,0,0,0,0,0,0,0,0.0,0,0,0,0,0,0.0,0.0,4345.1,0,0,0,92.1,31.65,0.01,0.33,34.26,24.5,63.4,96.62807273864746,1.3837425662204623,19.95278913527727,17.369073842652142,1.9089086354833853,920.875,0.0,0.0,0.0,0.0,50.262073554098606,0.0,0.0,0.0,0.0,0.0,450.0,965.7,0.0,0.0,0.588,0.745,1.333,9.165,0.587,0.746,emon,0.911,0.914,31.0,19.7,1.576
2026-09-17 21:32:07.144,13.9,0,94,5;92;94;2;0;14;3;0;0;11;2;0;0;0;0;0,1069,4729,4729;4727;4729;4729;2824;2400;3115;1246;2454;2220;3110;2700;1116;2321;1148;1069,0.0,0.0,965.7,0,0,0,0,0,0.0,0,0,0,0,0,0,0,0,0.0,0,0,0,0,0,0.0,0.0,4345.1,0,0,0,90.1,31.65,0.01,0.33,34.26,24.5,63.4,97.71772450414197,0.871166599432713,17.290992841638367,14.727558070215686,2.57074448257757,1047.2758620689656,0.0,0.0,0.0,0.0,52.043498105530084,0.1,0.0,0.0,0.0,0.0,450.0,961.9,0.0,0.0,0.588,0.745,1.333,9.165,0.587,0.746,emon,0.911,0.914,31.0,19.7,1.576
2026-09-17 21:32:08.144,13.9,0,96,8;84;96;5;0;11;0;0;0;16;2;0;0;0;2;0,1063,4729,4725;4721;4729;4729;1802;2246;2390;1201;3435;2636;3303;3156;1063;1143;1086;1087,0.3,0.0,961.9,0,0,0,0,0,0.0,0,0,0,0,0,0,0,0,0.0,0,0,0,0,0,0.0,0.0,4345.1,0,0,0,89.1,31.65,0.01,0.33,34.26,24.5,63.4,97.81557273864746,1.2679240793610613,20.634134764472645,17.831979140018422,2.9643736907746643,1171.9166666666667,0.0,0.0,0.0,0.0,50.3193187241753,0.0,0.0,0.0,0.0,0.0,450.0,961.9,0.0,0.0,0.588,0.745,1.333,9.165,0.587,0.746,emon,0.911,0.914,31.0,19.7,1.576
2026-09-17 21:32:09.145,15.0,0,95,21;78;95;5;0;22;3;0;0;14;0;0;0;2;0;0,885,4728,4724;4725;4727;4728;1646;2669;2907;1930;1707;2540;2032;1264;940;1216;1438;885,0.7,0.0,961.9,0,0,0,0,0,0.0,0,0,0,0,0,0,0,0,0.0,0,0,0,0,0,0.0,0.0,4345.1,0,0,0,85.1,31.4,0.01,0.33,34.03,24.5,63.4,96.45554791964017,0.6228342396684755,15.88947730492323,11.698922075331211,1.9806312922483835,1081.6923076923076,0.0,0.0,0.0,0.0,51.620430637055485,0.1,0.0,0.0,0.0,0.0,450.0,956.6,0.0,0.0,0.588,0.745,1.333,9.165,0.587,0.746,emon,0.911,0.914,31.0,19.7,1.576
2026-09-17 21:32:10.145,28.0,0,98,43;83;98;25;9;38;25;6;2;59;17;8;0;34;0;0,1083,4728,4694;4696;4728;4728;3443;3154;3280;3131;3439;3161;3322;3401;1343;2908;1096;1083,0.8,0.0,961.9,0,0,0,0,0,0.0,0,0,0,0,0,0,0,0,0.0,0,0,0,0,0,0.0,0.0,4345.1,0,0,0,89.1,31.4,0.01,0.33,34.03,24.5,63.4,97.85853576660156,0.606052511682113,14.616432905197144,10.739726732174555,2.8695735335350037,1036.5,0.0,0.0,0.0,0.0,50.222622878849506,0.1,0.0,0.0,0.0,0.0,450.0,961.9,0.0,0.0,0.588,0.745,1.333,9.165,0.587,0.746,emon,0.911,0.914,31.0,19.7,1.576
2026-09-17 21:32:11.146,14.8,0,95,6;33;95;3;0;18;0;0;0;78;2;0;0;0;0;0,956,4729,4660;4480;4715;4729;1558;2343;1580;1234;2792;3403;2956;3088;984;1099;1064;956,0.9,0.0,963.0,0,0,0,0,0,0.0,0,0,0,0,0,0,0,0,0.0,0,0,0,0,0,0.0,0.0,4345.1,0,0,0,80.1,31.4,0.01,0.33,34.03,24.5,63.4,96.89115397135417,0.5346492884887589,14.60481071472168,10.184019893407822,2.18693036503262,1099.0,0.0,0.0,0.0,0.0,50.3009550852908,0.1,0.0,0.0,0.0,0.0,450.0,963.0,0.0,0.0,0.588,0.745,1.333,9.165,0.587,0.746,emon,0.911,0.914,31.0,19.7,1.576
2026-09-17 21:32:12.146,13.5,0,94,8;56;94;0;0;9;2;0;0;48;0;0;0;0;0;0,976,4729,4718;4616;4723;4729;1255;2099;1459;1190;2761;3236;2525;2410;1004;1085;976;1030,0.6,0.0,963.0,0,0,0,0,0,0.0,0,0,0,0,0,0,0,0,0.0,0,0,0,0,0,0.0,0.0,4345.1,0,0,0,78.1,31.4,0.01,0.33,34.03,24.5,63.4,98.23149898134429,1.0777354188391874,18.075603711194006,15.584418095905205,2.266311066160942,1162.7931034482758,0.0,0.0,0.0,0.0,55.46478910076207,0.0,0.0,0.0,0.0,0.0,450.0,963.0,0.0,0.0,0.588,0.745,1.333,9.165,0.587,0.746,emon,0.911,0.914,31.0,19.7,1.576
2026-09-17 21:32:13.147,14.3,0,98,11;83;98;2;0;18;3;0;0;14;0;0;0;0;0;0,938,4729,4726;4686;4727;4729;1471;2710;2923;1314;1645;2345;2614;2359;1160;2137;1056;938,1.1,0.0,961.8,0,0,0,0,0,0.0,0,0,0,0,0,0,0,0,0.0,0,0,0,0,0,0.0,0.0,4345.1,0,0,0,86.1,28.59,0.01,0.37,32.35,24.6,63.4,95.7594704261193,0.33169937850191045,12.022365991885845,6.955930831340643,1.7692890167236328,1091.3076923076924,0.0,0.0,0.0,0.0,50.30379169835494,0.1,0.0,0.0,0.0,0.0,450.0,956.6,0.0,0.0,0.588,0.745,1.333,9.165,0.587,0.746,emon,0.911,0.914,31.0,19.7,1.576
2026-09-17 21:32:14.147,14.0,0,100,64;29;100;0;0;3;17;0;0;5;6;0;0;0;0;0,1031,4729,4723;4727;4728;4729;1723;2814;2853;1339;2652;2160;1878;2554;1031;1302;1146;1113,0.6,0.0,961.8,0,0,0,0,0,0.0,0,0,0,0,0,0,0,0,0.0,0,0,0,0,0,0.0,0.0,4345.1,0,0,0,85.1,28.59,0.01,0.37,32.35,24.5,63.4,97.12423439025879,1.0804979713633656,17.209223848581313,13.109424695372581,1.2601352204372234,971.5,0.0,0.0,0.0,0.0,50.3840273052454,0.0,0.0,0.0,0.0,0.0,450.0,961.8,0.0,0.0,0.588,0.745,1.333,9.165,0.587,0.746,emon,0.911,0.914,31.0,19.7,1.576
2026-09-17 21:32:15.153,16.1,0,94,80;23;94;11;0;2;23;5;2;0;12;4;0;0;3;0,923,4729,4726;4725;4728;4729;3299;3441;2561;2923;3432;3029;2341;3442;923;1030;2234;1101,0.6,0.0,961.8,0,0,0,0,0,0.0,0,0,0,0,0,0,0,0,0.0,0,0,0,0,0,0.0,0.0,4345.1,0,0,0,85.1,28.59,0.01,0.37,32.35,24.5,63.4,97.50860341389973,1.1690884499500196,21.18530607720216,18.377031593273085,2.7723788393874806,1046.9166666666667,0.0,0.0,0.0,0.0,50.272490522513785,0.0,0.0,0.0,0.0,0.0,450.0,961.8,0.0,0.0,0.588,0.745,1.333,9.165,0.587,0.746,emon,0.911,0.914,31.0,19.7,1.576
2026-09-17 21:32:16.154,17.3,0,98,77;35;98;13;3;0;17;6;2;0;20;3;0;0;2;0,1180,4729,4709;4727;4726;4729;3307;3273;2623;2947;3414;2587;2687;3131;1180;2572;2482;1861,0.5,0.0,961.9,0,0,0,0,0,0.0,0,0,0,0,0,0,0,0,0.0,0,0,0,0,0,0.0,0.0,4345.1,0,0,0,84.1,30.23,0.01,0.34,33.02,24.6,63.4,97.34088063240051,0.9905738910892978,17.44475333020091,14.466492230538279,2.144277902691101,1075.5625,0.0,0.0,0.0,0.0,50.326869893819094,0.1,0.0,0.0,0.0,0.0,450.0,961.9,0.0,0.0,0.94,0.892,1.832,14.84,0.95,0.882,emon,0.91,0.884,31.1,19.9,1.562
2026-09-17 21:32:17.154,15.1,0,98,77;25;98;3;0;0;14;5;0;0;14;0;0;0;5;0,744,4729,4726;4726;4727;4729;3416;3105;2551;2242;3427;3426;2429;2700;1067;744;1676;1137,0.8,0.0,956.6,0,0,0,0,0,0.0,0,0,0,0,0,0,0,0,0.0,0,0,0,0,0,0.0,0.0,4345.1,0,0,0,84.1,30.23,0.01,0.34,33.02,24.5,63.4,97.21278478744182,0.4630671144324414,13.25916046411433,9.638695002870357,1.5609953637492466,1089.9574468085107,0.0,0.0,0.0,0.0,52.472651109892006,0.1,0.0,0.0,0.0,0.0,450.0,956.6,0.0,0.0,0.94,0.892,1.832,14.84,0.95,0.882,emon,0.91,0.884,31.1,19.9,1.562
2026-09-17 21:32:18.155,27.8,0,98,66;39;98;27;20;5;69;14;11;0;33;23;0;0;33;5,1304,4723,4620;4648;4720;4723;3422;3447;3264;3359;3445;3301;3155;3391;1304;1616;2935;2892,0.1,0.0,961.9,0,0,0,0,0,0.0,0,0,0,0,0,0,0,0,0.0,0,0,0,0,0,0.0,0.0,4345.1,0,0,0,86.1,30.23,0.01,0.34,33.02,24.6,63.4,97.47723897298177,0.6746681899660163,14.13311963611179,9.640452676349216,2.343818253941006,1126.7777777777778,0.0,0.0,0.0,0.0,50.27212233013577,0.1,0.0,0.0,0.0,0.0,450.0,961.9,0.0,0.0,0.94,0.892,1.832,14.84,0.95,0.882,emon,0.91,0.884,31.1,19.9,1.562
2026-09-17 21:32:19.155,14.2,0,98,67;16;98;0;0;0;20;2;0;0;22;0;3;0;0;0,825,4729,4693;4691;4727;4729;2090;2137;2577;1384;1649;1593;2687;2816;1030;825;2310;1012,0.0,0.0,961.9,0,0,0,0,0,0.0,0,0,0,0,0,0,0,0,0.0,0,0,0,0,0,0.0,0.0,4345.1,0,0,0,85.1,30.23,0.01,0.34,33.02,24.6,63.4,96.87924412318638,1.042221235377448,20.7199284689767,17.576095240456716,5.225381797977856,1113.2857142857142,0.0,0.0,0.0,0.0,50.282537581665174,0.0,0.0,0.0,0.0,0.0,450.0,961.9,0.0,0.0,0.94,0.892,1.832,14.84,0.95,0.882,emon,0.91,0.884,31.1,19.9,1.562
2026-09-17 21:32:20.155,15.2,0,97,84;20;97;2;0;0;22;2;0;0;12;2;2;2;0;0,737,4729,4728;4729;4724;4729;1259;1203;2537;1554;1527;1568;2103;1348;737;872;1108;998,0.0,0.0,961.9,0,0,0,0,0,0.0,0,0,0,0,0,0,0,0,0.0,0,0,0,0,0,0.0,0.0,4345.1,0,0,0,84.1,30.42,0.01,0.39,34.46,24.6,63.4,96.52725028991699,1.0485044419765472,21.5055673122406,18.885743856430054,5.22920161485672,1036.5,0.0,0.0,0.0,0.0,50.32689703255892,0.1,0.0,0.0,0.0,0.0,450.0,961.9,0.0,0.0,0.94,0.892,1.832,14.84,0.95,0.882,emon,0.91,0.884,31.1,19.9,1.562
2026-09-17 21:32:21.156,13.6,0,97,77;19;97;2;0;0;6;0;0;0;16;0;0;0;2;0,762,4729,4727;4722;4729;4729;1504;1249;2239;1223;2953;2333;2346;2798;952;762;1866;990,0.0,0.0,961.9,0,0,0,0,0,0.0,0,0,0,0,0,0,0,0,0.0,0,0,0,0,0,0.0,0.0,4345.1,0,0,0,90.1,30.42,0.01,0.39,34.46,24.6,63.4,97.92928172923901,1.0444607256601255,18.750285978670473,16.158960974878735,1.9877423278694213,1102.7037037037037,0.0,0.0,0.0,0.0,52.126922615700295,0.0,0.0,0.0,0.0,0.0,450.0,961.9,0.0,0.0,0.94,0.892,1.832,14.84,0.95,0.882,emon,0.91,0.884,31.1,19.9,1.562
2026-09-17 21:32:22.156,14.8,0,91,86;12;91;3;0;0;28;0;0;0;14;2;0;0;0;0,811,4729,4719;4692;4728;4729;1262;1390;2661;1543;2077;2110;2272;1428;1051;811;1106;1082,0.0,0.0,961.9,0,0,0,0,0,0.0,0,0,0,0,0,0,0,0,0.0,0,0,0,0,0,0.0,0.0,4345.1,0,0,0,86.1,30.42,0.01,0.39,34.46,24.6,63.4,93.17127275466919,0.26373566477559507,11.47030833363533,5.606921307742596,1.1992217171937227,874.0,0.0,0.0,0.0,0.0,50.37985671684146,0.1,0.0,0.0,0.0,0.0,450.0,961.9,0.0,0.0,0.94,0.892,1.832,14.84,0.95,0.882,emon,0.91,0.884,31.1,19.9,1.562
2026-09-17 21:32:23.163,14.7,0,96,81;20;96;3;0;0;14;0;0;0;20;0;0;0;2;0,817,4719,4719;4717;4693;4709;1411;1283;2625;1325;2069;1349;2162;3363;1035;817;1117;934,0.0,0.0,961.9,0,0,0,0,0,0.0,0,0,0,0,0,0,0,0,0.0,0,0,0,0,0,0.0,0.0,4345.1,0,0,0,81.1,30.42,0.01,0.39,34.46,24.7,63.4,97.6396525700887,1.2015297583614786,21.688873161872227,18.86651260157426,3.2942992154858075,1199.0,0.0,0.0,0.0,0.0,50.321291042491794,0.0,0.0,0.0,0.0,0.0,450.0,961.9,0.0,0.0,0.94,0.892,1.832,14.84,0.95,0.882,emon,0.91,0.884,31.1,19.9,1.562
2026-09-17 21:32:24.164,14.4,0,95,72;31;95;6;0;0;20;2;0;0;3;2;0;0;0;0,829,4676,4676;4637;4553;4650;1604;1235;2308;1842;2275;2060;2146;2076;977;829;1140;1040,0.0,0.0,961.9,0,0,0,0,0,0.0,0,0,0,0,0,0,0,0,0.0,0,0,0,0,0,0.0,0.0,4345.1,0,0,0,80.1,27.26,0.01,0.39,31.21,24.7,63.4,97.8088642467152,1.0181705814320594,19.648716021667827,17.6333956444128,3.172588893842079,1159.2272727272727,0.0,0.0,0.0,0.0,52.62981746040962,0.1,0.0,0.0,0.0,0.0,450.0,964.0,0.0,0.0,0.94,0.892,1.832,14.84,0.95,0.882,emon,0.91,0.884,31.1,19.9,1.562
2026-09-17 21:32:25.164,14.2,0,100,69;29;100;0;0;0;12;0;0;0;14;0;0;0;3;0,1002,4629,4532;4331;4406;4629;2042;2519;2556;2090;1869;3183;2084;3224;1002;1035;1212;1140,0.2,0.0,969.3,0,0,0,0,0,0.0,0,0,0,0,0,0,0,0,0.0,0,0,0,0,0,0.0,0.0,4345.1,0,0,0,79.1,27.26,0.01,0.39,31.21,24.7,63.4,98.37616539001465,1.3643554184236564,19.61755845695734,16.725154138170183,1.5504190005885903,1117.75,0.0,0.0,0.0,0.0,50.19962442852557,0.0,0.0,0.0,0.0,0.0,450.0,969.3,0.0,0.0,0.94,0.892,1.832,14.84,0.95,0.882,emon,0.91,0.884,31.1,19.9,1.562
2026-09-17 21:32:26.164,14.6,0,91,89;3;91;5;0;0;32;2;0;0;5;0;2;0;4;2,1043,4705,4705;4696;4616;4690;2815;3117;2830;1681;2473;3318;2121;2431;1043;1045;1083;1105,2.3,0.0,892.9,0,0,0,0,0,0.0,0,0,0,0,0,0,0,0,0.0,0,0,0,0,0,0.0,0.0,4345.1,0,0,0,77.1,27.26,0.01,0.39,31.21,24.7,63.4,96.4347102755592,0.6437099992098021,17.00122446815173,13.089616239780472,1.7306688466730218,1116.2619047619048,0.0,0.0,0.0,0.0,51.53571949402491,0.2,0.0,0.0,0.0,0.0,450.0,880.2,0.0,0.0,0.94,0.892,1.832,14.84,0.95,0.882,emon,0.91,0.884,31.1,19.9,1.562
2026-09-17 21:32:27.165,14.8,0,98,69;27;98;0;0;0;22;2;0;0;17;2;0;0;0;0,838,4729,4663;4706;4728;4729;2489;2468;2504;2165;2123;1466;2328;2138;971;838;1137;1133,0.8,0.0,885.5,0,0,0,0,0,0.0,0,0,0,0,0,0,0,0,0.0,0,0,0,0,0,0.0,0.0,4345.1,0,0,0,80.1,27.26,0.01,0.39,31.21,24.7,63.4,94.09533786773682,0.5772178322076797,14.75040316581726,10.26745456457138,3.338418871164322,874.0,0.0,0.0,0.0,0.0,50.35000387579203,0.1,0.0,0.0,0.0,0.0,450.0,885.5,0.0,0.0,0.94,0.892,1.832,14.84,0.95,0.882,emon,0.91,0.884,31.1,19.9,1.562
2026-09-17 21:32:28.165,13.5,0,95,71;21;95;2;0;0;6;0;3;0;19;0;0;0;0;0,1010,4724,4724;4722;4724;4681;2116;1886;2287;1514;2869;1670;2164;1814;1013;1010;1100;1116,0.9,0.0,885.5,0,0,0,0,0,0.0,0,0,0,0,0,0,0,0,0.0,0,0,0,0,0,0.0,0.0,4345.1,0,0,0,81.1,24.47,0.02,0.4,28.58,24.7,63.4,94.79922866821289,0.5306571355020558,15.3717301774908,10.403622604078716,2.1285451686492673,981.4074074074074,0.0,0.0,0.0,0.0,50.331167937428866,0.1,0.0,0.0,0.0,0.0,450.0,880.2,0.0,0.0,1.77,1.295,3.065,27.142,1.737,1.328,emon,0.909,0.751,28.7,13.3,2.151
2026-09-17 21:32:29.166,14.6,0,94,83;12;94;3;0;0;16;5;0;0;20;0;0;0;2;0,892,4727,4724;4727;4724;4693;2181;2678;2674;1315;2029;2335;2243;2758;1409;892;2490;1439,1.2,0.0,882.6,0,0,0,0,0,0.0,0,0,0,0,0,0,0,0,0.0,0,0,0,0,0,0.0,0.0,4345.1,0,0,0,88.1,24.47,0.02,0.4,28.58,24.7,63.4,95.76623916625977,0.6976301789283752,15.383527755737305,12.086375427246093,4.176067066192627,1069.0,0.0,0.0,0.0,0.0,50.300350815057755,0.1,0.0,0.0,0.0,0.0,450.0,882.6,0.0,0.0,1.77,1.295,3.065,27.142,1.737,1.328,emon,0.909,0.751,28.7,13.3,2.151
2026-09-17 21:32:30.166,14.3,0,98,89;16;98;0;2;0;11;2;0;0;9;2;0;0;0;0,1020,4723,4723;4722;4723;4274;2254;1312;2424;1333;1991;1876;2200;1813;1022;1020;1150;1082,1.0,0.0,886.2,0,0,0,0,0,0.0,0,0,0,0,0,0,0,0,0.0,0,0,0,0,0,0.0,0.0,4345.1,0,0,0,87.1,24.47,0.02,0.4,28.58,24.7,63.4,97.58530652845228,1.1272587985605806,19.856792656151026,17.517595805429124,3.4005210870449005,1013.8648648648649,0.0,0.0,0.0,0.0,51.69836016120137,0.1,0.0,0.0,0.0,0.0,450.0,886.2,0.0,0.0,1.77,1.295,3.065,27.142,1.737,1.328,emon,0.909,0.751,28.7,13.3,2.151
2026-09-17 21:32:31.166,14.1,0,98,85;17;98;2;0;0;11;2;0;0;11;0;0;0;0;0,835,4722,4722;4711;4635;4690;1389;1275;2754;2331;1258;1351;2101;2564;1093;835;1540;1099,1.1,0.0,890.1,0,0,0,0,0,0.0,0,0,0,0,0,0,0,0,0.0,0,0,0,0,0,0.0,0.0,4345.1,0,0,0,89.1,24.47,0.02,0.4,28.58,24.8,63.4,97.84146590459915,0.920464294962585,18.10547859895797,15.589550707666646,2.678877668189151,1137.095238095238,0.0,0.0,0.0,0.0,52.72881881041186,0.1,0.0,0.0,0.0,0.0,450.0,890.1,0.0,0.0,1.77,1.295,3.065,27.142,1.737,1.328,emon,0.909,0.751,28.7,13.3,2.151
2026-09-17 21:32:32.167,14.1,0,97,66;28;97;0;0;0;23;0;0;0;9;0;0;0;2;0,938,4702,4702;4440;4697;4690;1618;1689;2559;1813;1471;2432;2170;2717;963;938;1073;1030,1.2,0.0,880.2,0,0,0,0,0,0.0,0,0,0,0,0,0,0,0,0.0,0,0,0,0,0,0.0,0.0,4345.1,0,0,0,82.1,28.48,0.01,0.4,32.48,24.8,63.4,96.97713834847977,0.6119610045744635,14.692795726790356,11.383211393187295,1.4166570365873736,1054.2238805970148,0.0,0.0,0.0,0.0,51.05883193038293,0.1,0.0,0.0,0.0,0.0,450.0,880.2,0.0,0.0,1.77,1.295,3.065,27.142,1.737,1.328,emon,0.909,0.751,28.7,13.3,2.151
2026-09-17 21:32:33.167,14.4,0,100,70;27;100;2;0;0;20;0;0;0;10;0;0;0;2;0,931,4729,4718;4727;4724;4729;1130;2268;2689;1381;2562;2376;2000;2509;1039;931;2105;1050,0.4,0.0,883.1,0,0,0,0,0,0.0,0,0,0,0,0,0,0,0,0.0,0,0,0,0,0,0.0,0.0,4345.1,0,0,0,84.1,28.48,0.01,0.4,32.48,24.7,63.4,98.18893686930339,1.0047380923942635,19.21038054336201,16.750840345566925,2.963426732987335,1159.6060606060605,0.0,0.0,0.0,0.0,51.91262585105318,0.1,0.0,0.0,0.0,0.0,450.0,883.1,0.0,0.0,1.77,1.295,3.065,27.142,1.737,1.328,emon,0.909,0.751,28.7,13.3,2.151
2026-09-17 21:32:34.167,14.0,0,98,86;8;98;2;0;0;14;5;0;0;11;0;0;0;0;0,938,4708,4708;4704;4675;4464;1737;2809;2596;2196;2530;1636;2413;2603;1099;938;1237;1053,0.3,0.0,884.4,0,0,0,0,0,0.0,0,0,0,0,0,0,0,0,0.0,0,0,0,0,0,0.0,0.0,4345.1,0,0,0,89.1,28.48,0.01,0.4,32.48,24.7,63.4,97.34982380114104,0.85591945083191,18.553130204217474,15.866067135020307,2.2121136087470834,1050.7543859649122,0.0,0.0,0.0,0.0,51.190780871531416,0.1,0.0,0.0,0.0,0.0,450.0,884.4,0.0,0.0,1.77,1.295,3.065,27.142,1.737,1.328,emon,0.909,0.751,28.7,13.3,2.151
2026-09-17 21:32:35.168,15.2,0,98,73;20;98;5;0;0;19;3;0;0;23;0;0;0;2;0,895,4728,4722;4600;4670;4728;2773;2519;2432;1517;2354;1692;2257;1731;1351;895;2514;1072,0.0,0.0,884.4,0,0,0,0,0,0.0,0,0,0,0,0,0,0,0,0.0,0,0,0,0,0,0.0,0.0,4345.1,0,0,0,83.1,28.48,0.01,0.4,32.48,24.8,63.4,96.36138725280762,1.2545672404424597,21.60013312101364,18.798433019469183,3.5753930044011213,1028.1666666666667,0.0,0.0,0.0,0.0,50.26795808163782,0.0,0.0,0.0,0.0,0.0,450.0,884.4,0.0,0.0,1.77,1.295,3.065,27.142,1.737,1.328,emon,0.909,0.751,28.7,13.3,2.151
2026-09-17 21:32:36.168,14.0,0,97,76;19;97;3;0;0;8;3;0;0;16;2;0;0;2;0,781,4729,4655;4584;4727;4729;1734;1567;2312;1481;1775;1759;2056;1545;1026;781;1468;1007,0.0,0.0,884.4,0,0,0,0,0,0.0,0,0,0,0,0,0,0,0,0.0,0,0,0,0,0,0.0,0.0,4345.1,0,0,0,80.1,26.68,0.01,0.39,30.7,24.7,63.4,95.93455051240467,0.34199496509418603,12.008903151466733,6.435817922864642,2.058769642597153,1028.7619047619048,0.0,0.0,0.0,0.0,50.32312543619247,0.1,0.0,0.0,0.0,0.0,450.0,884.4,0.0,0.0,1.77,1.295,3.065,27.142,1.737,1.328,emon,0.909,0.751,28.7,13.3,2.151
2026-09-17 21:32:37.168,14.9,0,97,67;29;97;3;2;2;22;3;0;0;11;2;0;0;0;2,1014,4723,4723;4706;4677;4692;2696;3281;2745;2631;2678;3317;2270;3244;1014;1209;1690;2129,0.3,0.0,884.4,0,0,0,0,0,0.0,0,0,0,0,0,0,0,0,0.0,0,0,0,0,0,0.0,0.0,4345.1,0,0,0,82.1,26.68,0.01,0.39,30.7,24.8,63.4,96.94523620605469,0.7165048973900932,16.519849368504115,13.692066873822894,4.4023895263671875,966.8571428571429,0.0,0.0,0.0,0.0,50.31095160650356,0.1,0.0,0.0,0.0,0.0,450.0,885.5,0.0,0.0,1.77,1.295,3.065,27.142,1.737,1.328,emon,0.909,0.751,28.7,13.3,2.151
2026-09-17 21:32:38.168,14.0,0,97,83;11;97;2;0;0;20;0;0;0;9;0;0;0;2;0,801,4729,4600;4615;4718;4729;1893;1990;2782;1323;3041;1412;1978;2680;974;801;1241;1067,0.0,0.0,885.5,0,0,0,0,0,0.0,0,0,0,0,0,0,0,0,0.0,0,0,0,0,0,0.0,0.0,4345.1,0,0,0,82.1,26.68,0.01,0.39,30.7,24.8,63.4,97.75071716308594,1.1755325558672969,21.03224482635657,18.324388569841783,3.677071048737465,1171.9166666666667,0.0,0.0,0.0,0.0,50.32164620049298,0.0,0.0,0.0,0.0,0.0,450.0,885.5,0.0,0.0,1.77,1.295,3.065,27.142,1.737,1.328,emon,0.909,0.751,28.7,13.3,2.151
2026-09-17 21:32:39.169,14.1,0,95,86;12;95;3;0;0;19;0;0;0;9;0;0;0;2;0,847,4725,4725;4724;4712;4674;2046;1401;2749;1628;1667;1721;2037;1535;1133;847;2121;1060,0.0,0.0,885.5,0,0,0,0,0,0.0,0,0,0,0,0,0,0,0,0.0,0,0,0,0,0,0.0,0.0,4345.1,0,0,0,83.1,26.68,0.01,0.39,30.7,24.7,63.4,98.05668018482349,0.6996360538803317,16.742618293673903,13.578495631891268,2.035826667487897,1150.851851851852,0.0,0.0,0.0,0.0,52.14442501437885,0.1,0.0,0.0,0.0,0.0,450.0,886.5,0.0,0.0,1.77,1.295,3.065,27.142,1.737,1.328,emon,0.909,0.751,28.7,13.3,2.151
2026-09-17 21:32:40.169,14.4,0,95,88;9;95;3;0;0;17;2;0;0;14;0;0;0;2;0,976,4729,4715;4502;4719;4729;3275;1293;2550;2505;1734;2034;2170;1227;976;1152;2054;1045,0.0,0.0,886.5,0,0,0,0,0,0.0,0,0,0,0,0,0,0,0,0.0,0,0,0,0,0,0.0,0.0,4345.1,0,0,0,84.1,25.59,0.01,0.4,29.72,24.8,63.4,96.37423674265544,1.1630578311936308,21.45292219519615,18.704098797092836,2.8711467158573214,1049.0,0.0,0.0,0.0,0.0,50.23718016035855,0.0,0.0,0.0,0.0,0.0,450.0,884.1,0.0,0.0,2.676,1.262,3.938,41.524,2.658,1.28,emon,0.904,0.82,28.4,13.3,2.143
2026-09-17 21:32:41.170,13.9,0,97,82;14;97;5;0;0;14;5;0;0;6;0;0;0;0;0,824,4729,4722;4648;4727;4729;2552;2114;2756;2772;2329;2155;1984;3010;1028;824;1078;1068,0.6,0.0,883.1,0,0,0,0,0,0.0,0,0,0,0,0,0,0,0,0.0,0,0,0,0,0,0.0,0.0,4345.1,0,0,0,84.1,25.59,0.01,0.4,29.72,24.8,63.4,97.34593698929767,0.893539606878648,18.646453395181773,15.802190669032992,3.2260123700359644,1067.3673469387754,0.0,0.0,0.0,0.0,51.37693444989166,0.1,0.0,0.0,0.0,0.0,450.0,883.1,0.0,0.0,2.676,1.262,3.938,41.524,2.658,1.28,emon,0.904,0.82,28.4,13.3,2.143
2026-09-17 21:32:42.170,14.3,0,98,85;12;98;2;0;0;14;3;0;0;11;0;0;0;3;0,773,4729,4667;4700;4722;4729;2464;1609;2538;2604;3131;1883;2025;3147;1030;773;1093;1097,0.8,0.0,884.1,0,0,0,0,0,0.0,0,0,0,0,0,0,0,0,0.0,0,0,0,0,0,0.0,0.0,4345.1,0,0,0,81.1,25.59,0.01,0.4,29.72,24.8,63.4,97.64529387804927,0.8801004585182789,17.99609116388827,15.004856066740288,2.184370938308385,1026.5510204081634,0.0,0.0,0.0,0.0,51.3697315053064,0.1,0.0,0.0,0.0,0.0,450.0,884.1,0.0,0.0,2.676,1.262,3.938,41.524,2.658,1.28,emon,0.904,0.82,28.4,13.3,2.143
2026-09-17 21:32:43.171,13.9,0,97,88;11;97;0;2;0;16;0;0;0;9;0;0;0;0;0,830,4729,4723;4674;4707;4729;3252;3328;2535;1629;2560;3243;2207;1847;985;830;1267;994,0.8,0.0,884.2,0,0,0,0,0,0.0,0,0,0,0,0,0,0,0,0.0,0,0,0,0,0,0.0,0.0,4345.1,0,0,0,81.1,25.59,0.01,0.4,29.72,24.7,63.4,97.38501253995028,0.7428560079442281,16.136004476836234,13.093982251530344,3.0628615789729254,1027.7878787878788,0.0,0.0,0.0,0.0,51.836621488585614,0.1,0.0,0.0,0.0,0.0,450.0,881.3,0.0,0.0,2.676,1.262,3.938,41.524,2.658,1.28,emon,0.904,0.82,28.4,13.3,2.143
2026-09-17 21:32:44.171,14.5,0,98,25;66;98;2;0;0;2;15;5;0;5;9;0;2;0;4,1128,4727,4712;4722;4694;4727;3089;3076;2437;2345;3241;1724;2498;2363;1128;1865;1165;1229,0.7,0.0,883.4,0,0,0,0,0,0.0,0,0,0,0,0,0,0,0,0.0,0,0,0,0,0,0.0,0.0,4345.1,0,0,0,82.1,26.09,0.01,0.4,30.2,24.8,63.4,95.87777614593506,0.9061551671475172,18.229856848716736,14.889825522899628,4.3845811961218715,995.875,0.0,0.0,0.0,0.0,50.32872839272022,0.1,0.0,0.0,0.0,0.0,450.0,883.4,0.0,0.0,2.676,1.262,3.938,41.524,2.658,1.28,emon,0.904,0.82,28.4,13.3,2.143
2026-09-17 21:32:45.171,13.9,0,100,21;78;100;0;0;0;0;16;0;0;0;6;0;0;0;2,798,4720,4720;4640;4644;4526;2671;2260;2742;2515;2381;2728;1902;2177;1104;840;798;1911,0.7,0.0,885.9,0,0,0,0,0,0.0,0,0,0,0,0,0,0,0,0.0,0,0,0,0,0,0.0,0.0,4345.1,0,0,0,78.1,26.09,0.01,0.4,30.2,24.8,63.4,97.56764711652484,1.1858840393168586,20.591952868870326,17.892701591764176,3.902930334210396,1152.5714285714287,0.0,0.0,0.0,0.0,50.234026740704266,0.0,0.0,0.0,0.0,0.0,450.0,885.9,0.0,0.0,2.676,1.262,3.938,41.524,2.658,1.28,emon,0.904,0.82,28.4,13.3,2.143
2026-09-17 21:32:46.172,13.9,0,100,9;85;100;2;0;0;0;14;0;0;0;12;0;0;0;0,881,4729,4710;4718;4728;4729;2680;1409;1719;2364;1795;1321;1401;2582;1085;881;911;1161,0.9,0.0,891.1,0,0,0,0,0,0.0,0,0,0,0,0,0,0,0,0.0,0,0,0,0,0,0.0,0.0,4345.1,0,0,0,79.1,26.09,0.01,0.4,30.2,24.7,63.4,96.31476783752441,0.6965663433074951,16.269474983215332,13.718382120132446,4.48406594991684,1036.5,0.0,0.0,0.0,0.0,50.30268173664808,0.1,0.0,0.0,0.0,0.0,450.0,891.1,0.0,0.0,2.676,1.262,3.938,41.524,2.658,1.28,emon,0.904,0.82,28.4,13.3,2.143
2026-09-17 21:32:47.172,14.0,0,96,6;96;94;0;0;0;0;19;0;0;0;10;0;0;0;0,870,4729,4729;4725;4728;4728;1968;1379;1416;2505;1542;2894;1909;2325;1165;886;870;1149,0.6,0.0,891.1,0,0,0,0,0,0.0,0,0,0,0,0,0,0,0,0.0,0,0,0,0,0,0.0,0.0,4345.1,0,0,0,80.1,26.09,0.01,0.4,30.2,24.8,63.4,98.01267678397042,1.0816637665765094,19.96202000975609,17.26575103561793,2.2509029343325113,1199.0,0.0,0.0,0.0,0.0,50.27285200197782,0.0,0.0,0.0,0.0,0.0,450.0,891.1,0.0,0.0,2.676,1.262,3.938,41.524,2.658,1.28,emon,0.904,0.82,28.4,13.3,2.143
2026-09-17 21:32:48.179,14.3,0,98,3;94;98;3;0;0;0;17;2;0;0;12;0;0;0;0,837,4727,4725;4716;4727;4641;2090;1532;2157;2520;2396;2365;2062;2093;1154;1023;837;1134,1.1,0.0,880.4,0,0,0,0,0,0.0,0,0,0,0,0,0,0,0,0.0,0,0,0,0,0,0.0,0.0,4345.1,0,0,0,82.1,25.3,0.01,0.4,29.45,24.9,63.4,98.06437966989917,0.7692433862708682,16.386853251346324,13.522659491314444,1.4269669365657622,1162.953488372093,0.0,0.0,0.0,0.0,53.8686191657948,0.1,0.0,0.0,0.0,0.0,450.0,880.4,0.0,0.0,2.676,1.262,3.938,41.524,2.658,1.28,emon,0.904,0.82,28.4,13.3,2.143
2026-09-17 21:32:49.180,14.9,0,100,17;84;100;0;0;3;0;18;2;0;0;14;0;0;0;0,999,4729,4711;4721;4697;4729;1470;1348;1909;2560;1802;1985;1973;2149;1060;999;1089;1100,0.9,0.0,880.4,0,0,0,0,0,0.0,0,0,0,0,0,0,0,0,0.0,0,0,0,0,0,0.0,0.0,4345.1,0,0,0,81.1,25.3,0.01,0.4,29.45,24.7,63.4,97.78439201192653,0.7875062367541993,19.194738963817027,15.790026644125899,1.430252860993781,1129.8510638297873,0.0,0.0,0.0,0.0,51.37594465562638,0.1,0.0,0.0,0.0,0.0,450.0,880.4,0.0,0.0,2.676,1.262,3.938,41.524,2.658,1.28,emon,0.904,0.82,28.4,13.3,2.143
2026-09-17 21:32:50.180,14.6,0,95,11;83;95;3;0;0;0;26;3;0;0;12;0;0;0;0,792,4718,4705;4718;4708;4717;2268;2603;2686;2512;2836;2603;3419;2285;997;953;792;1097,0.9,0.0,880.4,0,0,0,0,0,0.0,0,0,0,0,0,0,0,0,0.0,0,0,0,0,0,0.0,0.0,4345.1,0,0,0,82.1,25.3,0.01,0.4,29.45,24.7,63.4,97.3208625793457,1.0143582597374916,19.528583105405172,16.322831699748836,2.548486405642082,1132.3333333333333,0.0,0.0,0.0,0.0,50.31243483920892,0.1,0.0,0.0,0.0,0.0,450.0,888.6,0.0,0.0,2.676,1.262,3.938,41.524,2.658,1.28,emon,0.904,0.82,28.4,13.3,2.143
2026-09-17 21:32:51.181,13.7,0,100,9;87;100;0;0;0;0;14;3;0;2;5;0;0;0;0,954,4729,4725;4723;4726;4729;2785;2206;2165;2324;3127;1782;1595;1913;1163;976;954;1125,0.4,0.0,888.6,0,0,0,0,0,0.0,0,0,0,0,0,0,0,0,0.0,0,0,0,0,0,0.0,0.0,4345.1,0,0,0,85.1,25.3,0.01,0.4,29.45,24.7,63.4,97.41773700714111,1.1164128048112616,18.725619703531265,15.37348004244268,3.604548367438838,1090.6666666666667,0.0,0.0,0.0,0.0,50.24734363642832,0.0,0.0,0.0,0.0,0.0,450.0,888.6,0.0,0.0,2.676,1.262,3.938,41.524,2.658,1.28,emon,0.904,0.82,28.4,13.3,2.143
2026-09-17 21:32:52.181,14.2,0,100,18;78;100;3;0;0;0;17;0;0;0;9;0;0;0;2,860,4727,4712;4711;4717;4727;2947;2738;2339;2384;2106;1970;2242;2194;1032;881;860;1126,0.0,0.0,888.6,0,0,0,0,0,0.0,0,0,0,0,0,0,0,0,0.0,0,0,0,0,0,0.0,0.0,4345.1,0,0,0,81.1,25.51,0.01,0.4,29.64,24.8,63.4,97.08908796310425,1.3029735351447016,20.150345377624035,17.410559048876166,1.7547676594767836,1036.5,0.0,0.0,0.0,0.0,50.239188275299966,0.0,0.0,0.0,0.0,0.0,450.0,889.8,0.0,0.0,2.865,1.577,4.442,44.409,2.842,1.6,emon,0.906,0.825,28.6,13.3,2.151
2026-09-17 21:32:53.181,14.0,0,96,15;80;96;3;0;0;0;17;0;0;0;11;0;0;0;2,845,4729,4728;4721;4728;4729;1594;2658;2188;2256;2599;1826;2036;2139;1098;845;1048;1050,0.1,0.0,889.8,0,0,0,0,0,0.0,0,0,0,0,0,0,0,0,0.0,0,0,0,0,0,0.0,0.0,4345.1,0,0,0,80.1,25.51,0.01,0.4,29.64,24.7,63.4,97.41921594793146,0.8301018757068298,16.494480215419422,13.740105292471972,2.692258364142088,1104.4545454545455,0.0,0.0,0.0,0.0,51.24646747193553,0.1,0.0,0.0,0.0,0.0,450.0,889.8,0.0,0.0,2.865,1.577,4.442,44.409,2.842,1.6,emon,0.906,0.825,28.6,13.3,2.151
2026-09-17 21:32:54.182,14.1,0,98,16;81;98;3;0;0;0;16;0;2;0;8;0;0;0;2,1029,4729,4670;4716;4728;4729;2254;2101;1834;2344;1855;2862;1421;2178;1088;1138;1138;1029,0.0,0.0,889.8,0,0,0,0,0,0.0,0,0,0,0,0,0,0,0,0.0,0,0,0,0,0,0.0,0.0,4345.1,0,0,0,80.1,25.51,0.01,0.4,29.64,24.7,63.4,97.9894585609436,1.2992440089583397,20.987916707992554,17.949546542018652,2.1633775039517786,1117.75,0.0,0.0,0.0,0.0,50.20103425625712,0.1,0.0,0.0,0.0,0.0,450.0,889.8,0.0,0.0,2.865,1.577,4.442,44.409,2.842,1.6,emon,0.906,0.825,28.6,13.3,2.151
2026-09-17 21:32:55.182,14.7,0,96,18;78;96;6;0;0;0;18;0;0;0;17;0;0;0;2,758,4726,4726;4683;4725;4698;1948;1770;1653;2310;2702;1675;2249;2611;1087;895;758;1111,0.0,0.0,884.6,0,0,0,0,0,0.0,0,0,0,0,0,0,0,0,0.0,0,0,0,0,0,0.0,0.0,4345.1,0,0,0,81.1,25.51,0.01,0.4,29.64,24.8,63.4,97.87191694609973,0.8810622968273808,18.6835401228496,15.921835896616079,2.770378254810158,1106.142857142857,0.0,0.0,0.0,0.0,51.34638081460583,0.0,0.0,0.0,0.0,0.0,450.0,884.6,0.0,0.0,2.865,1.577,4.442,44.409,2.842,1.6,emon,0.906,0.825,28.6,13.3,2.151
2026-09-17 21:32:56.183,14.6,0,98,14;85;98;2;0;0;0;17;0;2;0;11;2;0;0;3,828,4729,4726;4724;4726;4729;1618;2855;1899;2474;2633;3333;3257;2182;1145;828;862;1538,0.0,0.0,885.6,0,0,0,0,0,0.0,0,0,0,0,0,0,0,0,0.0,0,0,0,0,0,0.0,0.0,4345.1,0,0,0,86.1,26.23,0.01,0.4,30.33,24.7,63.4,98.18950359637921,1.9746875522228389,26.024327498215897,21.50467872619629,2.689538918310203,1199.0,0.0,0.0,0.0,0.0,54.02880674944474,0.1,0.0,0.0,0.0,0.0,450.0,885.6,0.0,0.0,2.865,1.577,4.442,44.409,2.842,1.6,emon,0.906,0.825,28.6,13.3,2.151
2026-09-17 21:32:57.183,13.5,0,100,11;92;100;0;0;0;0;8;0;0;0;5;0;0;0;0,927,4729,4729;4727;4728;4729;2004;991;1050;2548;3418;2050;1928;2141;1091;927;1016;1142,0.5,0.0,885.6,0,0,0,0,0,0.0,0,0,0,0,0,0,0,0,0.0,0,0,0,0,0,0.0,0.0,4345.1,0,0,0,86.1,26.23,0.01,0.4,30.33,24.8,63.4,97.60968399047852,0.24306398630142212,11.145383834838867,3.3080332279205322,2.974679708480835,1199.0,0.0,0.0,0.0,0.0,50.234327495098114,0.0,0.0,0.0,0.0,0.0,450.0,885.6,0.0,0.0,2.865,1.577,4.442,44.409,2.842,1.6,emon,0.906,0.825,28.6,13.3,2.151
2026-09-17 21:32:58.200,14.3,0,97,12;89;97;4;0;0;0;14;2;0;0;11;0;0;0;0,800,4728,4720;4715;4699;4728;1997;2009;1632;2478;1902;2028;2113;2187;1120;1012;800;1129,0.9,0.0,884.6,0,0,0,0,0,0.0,0,0,0,0,0,0,0,0,0.0,0,0,0,0,0,0.0,0.0,4345.1,0,0,0,81.1,26.23,0.01,0.4,30.33,24.8,63.4,97.12726135253907,0.9037979215383529,16.034800434112547,12.82929286956787,4.222543828759808,1166.5,0.0,0.0,0.0,0.0,50.27306922376156,0.0,0.0,0.0,0.0,0.0,450.0,885.6,0.0,0.0,2.865,1.577,4.442,44.409,2.842,1.6,emon,0.906,0.825,28.6,13.3,2.151
2026-09-17 21:32:59.201,13.8,0,98,8;92;98;2;0;0;0;9;0;3;0;8;0;0;0;0,917,4721,4721;4721;4611;4712;1035;2522;2097;2363;2237;2484;2719;2023;987;917;941;1127,0.6,0.0,890.4,0,0,0,0,0,0.0,0,0,0,0,0,0,0,0,0.0,0,0,0,0,0,0.0,0.0,4345.1,0,0,0,83.1,26.23,0.01,0.4,30.33,24.8,63.4,98.11759154001872,1.1894787559673812,20.446203490098316,17.835999792441726,2.9710462817165535,1199.0,0.0,0.0,0.0,0.0,50.291740296408534,0.1,0.0,0.0,0.0,0.0,450.0,889.4,0.0,0.0,2.865,1.577,4.442,44.409,2.842,1.6,emon,0.906,0.825,28.6,13.3,2.151
2026-09-17 21:33:00.201,15.1,0,97,13;85;97;5;0;0;0;23;0;0;0;14;0;0;0;5,889,4729,4661;4532;4726;4729;2736;3161;2862;2481;3130;2824;2522;2201;889;1058;920;1041,1.1,0.0,886.4,0,0,0,0,0,0.0,0,0,0,0,0,0,0,0,0.0,0,0,0,0,0,0.0,0.0,4345.1,0,0,0,82.1,26.74,0.01,0.4,30.83,24.8,63.4,97.73905733798412,0.9482510744177914,18.734031664564256,16.58344757905666,3.1427515109745845,1081.9787234042553,0.0,0.0,0.0,0.0,51.391718035048626,0.0,0.0,0.0,0.0,0.0,450.0,890.4,0.0,0.0,2.865,1.577,4.442,44.409,2.842,1.6,emon,0.906,0.825,28.6,13.3,2.151
2026-09-17 21:33:01.201,15.0,0,100,18;79;100;0;2;0;0;17;0;0;0;9;3;3;3;6,1050,4720,4709;4720;4646;4544;3097;2763;1862;2430;2193;2217;2857;2198;1083;1092;1050;1075,0.8,0.0,886.4,0,0,0,0,0,0.0,0,0,0,0,0,0,0,0,0.0,0,0,0,0,0,0.0,0.0,4345.1,0,0,0,81.1,26.74,0.01,0.4,30.83,24.8,63.4,98.09789452185997,1.0269285946941147,16.569754576071716,13.438352222626026,1.830382189904459,1115.6666666666667,0.0,0.0,0.0,0.0,51.62604947808461,0.1,0.0,0.0,0.0,0.0,450.0,886.4,0.0,0.0,2.865,1.577,4.442,44.409,2.842,1.6,emon,0.906,0.825,28.6,13.3,2.151
2026-09-17 21:33:02.202,20.6,0,92,25;70;92;6;0;0;0;41;2;0;0;44;2;2;0;47,1455,4639,4560;4636;4639;4546;2991;2911;2983;2725;2044;2369;2915;2748;1911;1592;1455;2212,0.6,0.0,886.4,0,0,0,0,0,0.0,0,0,0,0,0,0,0,0,0.0,0,0,0,0,0,0.0,0.0,4345.1,0,0,0,65.1,26.74,0.01,0.4,30.83,24.8,63.4,97.3513355255127,1.2596312837752823,20.71985317269961,17.97576185874641,2.4890322323917644,1090.6666666666667,0.0,0.0,0.0,0.0,50.23434400744736,0.1,0.0,0.0,0.0,0.0,450.0,886.4,0.0,0.0,2.865,1.577,4.442,44.409,2.842,1.6,emon,0.906,0.825,28.6,13.3,2.151
2026-09-17 21:33:03.202,16.8,0,94,9;54;94;0;2;0;0;77;0;2;0;25;0;0;0;6,864,4597,4597;4485;4030;3923;3102;3413;3315;3272;1880;2349;1577;2351;1101;887;864;1919,0.5,0.0,888.0,0,0,0,0,0,0.0,0,0,0,0,0,0,0,0,0.0,0,0,0,0,0,0.0,0.0,4345.1,0,0,0,59.1,26.74,0.01,0.4,30.83,24.8,63.4,96.9927009420192,0.974144416009175,16.63213964472426,13.971848460588049,2.2257270965170353,1033.0425531914893,0.0,0.0,0.0,0.0,51.40333751985367,0.0,0.0,0.0,0.0,0.0,450.0,886.4,0.0,0.0,2.865,1.577,4.442,44.409,2.842,1.6,emon,0.906,0.825,28.6,13.3,2.151
2026-09-17 21:33:04.202,17.8,0,94,16;40;94;8;0;0;0;86;2;0;0;23;0;0;0;17,1397,4452,4452;4283;3983;4077;3159;2997;3091;3307;2973;2373;1854;2267;1787;1611;1397;1574,0.5,0.0,888.0,0,0,0,0,0,0.0,0,0,0,0,0,0,0,0,0.0,0,0,0,0,0,0.0,0.0,4345.1,0,0,0,54.1,22.91,0.01,0.4,27.32,24.8,63.4,98.18951400121053,0.9733159915000821,19.088961645960808,16.98892172674338,2.4455464645579923,1114.625,0.0,0.0,0.0,0.0,52.46944588640084,0.1,0.0,0.0,0.0,0.0,450.0,888.0,0.0,0.0,2.865,1.577,4.442,44.409,2.842,1.6,emon,0.906,0.825,28.6,13.3,2.151
2026-09-17 21:33:05.203,14.2,0,94,2;67;94;3;0;0;0;45;0;0;0;14;0;0;0;2,939,4694,4607;4694;4361;4655;3054;3299;3153;3248;1353;1056;1262;1883;1066;939;958;1072,0.3,0.0,888.0,0,0,0,0,0,0.0,0,0,0,0,0,0,0,0,0.0,0,0,0,0,0,0.0,0.0,4345.1,0,0,0,75.1,22.91,0.01,0.4,27.32,24.8,63.4,97.79974317550659,1.4672297707293183,19.562603190541267,16.550639808177948,1.6118870498321485,1077.125,0.0,0.0,0.0,0.0,50.23422577325255,0.1,0.0,0.0,0.0,0.0,450.0,888.0,0.0,0.0,2.246,1.031,3.277,36.661,2.346,0.931,emon,0.919,0.771,29.8,14.0,2.131
2026-09-17 21:33:06.203,14.3,0,95,15;81;95;4;0;0;0;17;0;0;0;14;0;0;0;2,816,4729,4729;4716;4728;4729;2437;3014;1909;2454;1883;2068;1929;2387;1049;844;816;1333,0.0,0.0,888.0,0,0,0,0,0,0.0,0,0,0,0,0,0,0,0,0.0,0,0,0,0,0,0.0,0.0,4345.1,0,0,0,80.1,22.91,0.01,0.4,27.32,24.9,63.4,96.9145958158705,0.6032260452371297,15.147381835513645,11.248984460408488,2.0154328485821478,1038.5833333333333,0.0,0.0,0.0,0.0,51.70463314362698,0.0,0.0,0.0,0.0,0.0,450.0,888.0,0.0,0.0,2.246,1.031,3.277,36.661,2.346,0.931,emon,0.919,0.771,29.8,14.0,2.131
2026-09-17 21:33:07.204,14.2,0,95,16;78;95;2;0;0;0;17;3;0;0;14;0;0;0;2,794,4728,4716;4723;4725;4728;1921;1174;1157;2602;2890;2524;1901;2268;1122;860;794;1280,0.4,0.0,885.4,0,0,0,0,0,0.0,0,0,0,0,0,0,0,0,0.0,0,0,0,0,0,0.0,0.0,4345.1,0,0,0,82.1,22.91,0.01,0.4,27.32,25.0,63.4,96.78261729649135,1.0330854143415178,21.280075209481375,18.90176432473319,5.58910495787859,1106.142857142857,0.0,0.0,0.0,0.0,50.28288058936596,0.1,0.0,0.0,0.0,0.0,450.0,885.4,0.0,0.0,2.246,1.031,3.277,36.661,2.346,0.931,emon,0.919,0.771,29.8,14.0,2.131
2026-09-17 21:33:08.204,13.6,0,97,9;84;97;2;0;0;0;16;0;0;0;8;0;0;0;2,872,4729,4729;4728;4729;4729;2679;2099;1301;2840;2723;1864;2585;2131;1080;1151;872;1105,0.0,0.0,883.2,0,0,0,0,0,0.0,0,0,0,0,0,0,0,0,0.0,0,0,0,0,0,0.0,0.0,4345.1,0,0,0,83.1,24.59,0.01,0.4,28.83,25.2,63.4,98.91743972084738,0.7439183689315211,19.847258486530997,17.149518788538195,1.692703484303572,1199.0,0.0,0.0,0.0,0.0,52.6204767416824,0.1,0.0,0.0,0.0,0.0,450.0,883.2,0.0,0.0,2.246,1.031,3.277,36.661,2.346,0.931,emon,0.919,0.771,29.8,14.0,2.131
2026-09-17 21:33:09.205,14.5,0,96,14;83;96;2;0;0;0;19;3;0;2;14;0;0;0;0,779,4728,4728;4725;4727;4727;2959;3025;2239;2651;2041;2529;1374;2243;1058;807;779;1016,0.7,0.0,880.3,0,0,0,0,0,0.0,0,0,0,0,0,0,0,0,0.0,0,0,0,0,0,0.0,0.0,4345.1,0,0,0,84.1,24.59,0.01,0.4,28.83,25.3,63.4,97.68773261176216,0.8197781389579177,20.25720203982459,17.27493772076236,1.8746500521031622,1155.6666666666667,0.0,0.0,0.0,0.0,51.386480650636884,0.2,0.0,0.0,0.0,0.0,450.0,880.3,0.0,0.0,2.246,1.031,3.277,36.661,2.346,0.931,emon,0.919,0.771,29.8,14.0,2.131
2026-09-17 21:33:10.205,14.2,0,100,11;91;100;3;0;0;0;15;0;0;0;6;0;0;0;2,851,4729,4729;4719;4727;4727;1386;1214;1367;2493;2078;1906;1964;2004;1121;879;851;1179,0.3,0.0,880.4,0,0,0,0,0,0.0,0,0,0,0,0,0,0,0,0.0,0,0,0,0,0,0.0,0.0,4345.1,0,0,0,82.1,24.59,0.01,0.4,28.83,25.1,63.4,97.89600704877805,0.9935099070366377,16.880340750400837,14.18950363038442,2.0763270306663637,1082.3333333333333,0.0,0.0,0.0,0.0,51.65917400328013,0.1,0.0,0.0,0.0,0.0,450.0,880.4,0.0,0.0,2.246,1.031,3.277,36.661,2.346,0.931,emon,0.919,0.771,29.8,14.0,2.131
2026-09-17 21:33:11.206,14.4,0,95,11;85;95;2;0;0;0;17;3;0;0;9;2;0;0;6,846,4729,4724;4725;4728;4729;2777;2971;2780;2240;2323;2388;2755;2431;1015;849;846;1355,0.0,0.0,885.6,0,0,0,0,0,0.0,0,0,0,0,0,0,0,0,0.0,0,0,0,0,0,0.0,0.0,4345.1,0,0,0,85.1,24.59,0.01,0.4,28.83,25.1,63.4,96.50016975402832,1.1019562370409923,19.19384487611907,16.143849247800453,3.7899745718376443,1082.9285714285713,0.0,0.0,0.0,0.0,50.2580629975668,0.1,0.0,0.0,0.0,0.0,450.0,885.6,0.0,0.0,2.246,1.031,3.277,36.661,2.346,0.931,emon,0.919,0.771,29.8,14.0,2.131
2026-09-17 21:33:12.206,14.2,0,100,11;88;100;2;0;0;0;9;0;0;0;16;0;0;0;2,861,4729,4718;4683;4727;4729;2665;2204;2435;2080;3029;1636;1497;2536;1084;1009;861;1104,0.4,0.0,885.6,0,0,0,0,0,0.0,0,0,0,0,0,0,0,0,0.0,0,0,0,0,0,0.0,0.0,4345.1,0,0,0,85.1,28.47,0.01,0.4,32.57,25.1,63.4,98.34657316941481,1.0055011814603438,18.77278167467851,15.938513445739563,2.1765118989927803,1124.0,0.0,0.0,0.0,0.0,54.18820203668796,0.0,0.0,0.0,0.0,0.0,450.0,885.6,0.0,0.0,2.246,1.031,3.277,36.661,2.346,0.931,emon,0.919,0.771,29.8,14.0,2.131
2026-09-17 21:33:13.206,14.5,0,100,0;97;100;0;2;0;0;20;0;0;0;12;2;0;0;0,763,4729,4729;4725;4729;4729;3008;2863;1940;2385;2760;2166;2524;2295;993;763;985;1104,0.4,0.0,885.6,0,0,0,0,0,0.0,0,0,0,0,0,0,0,0,0.0,0,0,0,0,0,0.0,0.0,4345.1,0,0,0,85.1,28.47,0.01,0.4,32.57,25.1,63.4,96.94498133659363,0.8729380519944243,16.579327914863825,12.957219997886568,3.9577986992226215,1016.1875,0.0,0.0,0.0,0.0,50.291920714080334,0.0,0.0,0.0,0.0,0.0,450.0,885.6,0.0,0.0,2.246,1.031,3.277,36.661,2.346,0.931,emon,0.919,0.771,29.8,14.0,2.131
2026-09-17 21:33:14.206,14.6,0,92,66;33;92;5;8;0;0;2;22;0;0;3;0;0;0;3,944,4729,4722;4680;4727;4729;2180;2275;1879;2285;2642;1756;2211;2623;1144;1261;944;1165,0.6,0.0,891.8,0,0,0,0,0,0.0,0,0,0,0,0,0,0,0,0.0,0,0,0,0,0,0.0,0.0,4345.1,0,0,0,83.1,28.47,0.01,0.4,32.57,25.2,63.4,97.82644653320312,1.2891876336652786,20.28086256235838,17.349786542356014,1.8516430967429187,1036.5,0.0,0.0,0.0,0.0,50.22278359904885,0.0,0.0,0.0,0.0,0.0,450.0,886.6,0.0,0.0,2.246,1.031,3.277,36.661,2.346,0.931,emon,0.919,0.771,29.8,14.0,2.131
2026-09-17 21:33:15.207,13.8,0,94,79;19;94;0;17;0;0;0;11;0;0;0;2;0;0;0,791,4729,4725;4729;4728;4729;2704;2813;1370;1276;2411;2106;1951;1774;1306;920;791;879,0.9,0.0,891.8,0,0,0,0,0,0.0,0,0,0,0,0,0,0,0,0.0,0,0,0,0,0,0.0,0.0,4345.1,0,0,0,82.1,28.47,0.01,0.4,32.57,25.2,63.4,98.00872230529785,0.9724413568153978,17.374907252192497,15.141490210592746,2.2234622334130107,1117.75,0.0,0.0,0.0,0.0,52.87089077159762,0.0,0.0,0.0,0.0,0.0,450.0,891.8,0.0,0.0,2.246,1.031,3.277,36.661,2.346,0.931,emon,0.919,0.771,29.8,14.0,2.131
2026-09-17 21:33:16.207,15.4,0,91,77;17;91;8;25;0;0;3;25;2;0;0;0;0;0;0,758,4729,4726;4716;4727;4729;2799;1940;1588;1337;2290;3280;2280;2387;1108;915;817;758,1.0,0.0,885.6,0,0,0,0,0,0.0,0,0,0,0,0,0,0,0,0.0,0,0,0,0,0,0.0,0.0,4345.1,0,0,0,84.1,27.65,0.01,0.4,31.69,25.2,63.4,96.5163564437475,0.54181722100251,13.760919850606184,10.227153349190186,1.5362166786769358,1052.2051282051282,0.0,0.0,0.0,0.0,51.61160279925053,0.1,0.0,0.0,0.0,0.0,450.0,891.8,0.0,0.0,2.246,1.031,3.277,36.661,2.346,0.931,emon,0.919,0.771,29.8,14.0,2.131
2026-09-17 21:33:17.207,14.1,0,98,78;23;98;2;11;2;0;0;3;3;0;0;5;0;0;0,917,4729,4669;4610;4725;4729;2598;2834;1451;1261;1813;3186;2084;2199;1776;1083;1061;917,0.7,0.0,883.2,0,0,0,0,0,0.0,0,0,0,0,0,0,0,0,0.0,0,0,0,0,0,0.0,0.0,4345.1,0,0,0,81.1,27.65,0.01,0.4,31.69,25.2,63.4,95.9371223449707,0.3517732620239258,11.982916355133057,6.128776401281357,3.179737910628319,1036.5,0.0,0.0,0.0,0.0,50.34260515868664,0.1,0.0,0.0,0.0,0.0,450.0,880.4,0.0,0.0,1.478,0.903,2.381,22.282,1.426,0.955,emon,0.935,0.869,29.5,13.8,2.146
2026-09-17 21:33:18.208,15.1,0,95,76;19;95;3;25;3;0;3;14;3;0;0;0;0;0;0,913,4727,4714;4695;4716;4727;2737;2793;3036;1297;2408;2986;3132;2241;1135;1035;913;991,0.7,0.0,883.2,0,0,0,0,0,0.0,0,0,0,0,0,0,0,0,0.0,0,0,0,0,0,0.0,0.0,4345.1,0,0,0,83.1,27.65,0.01,0.4,31.69,25.3,63.4,98.25773175557454,1.1737970350465428,20.289952665567398,16.448609075198572,0.9664612920411552,1199.0,0.0,0.0,0.0,0.0,50.19342341770729,0.1,0.0,0.0,0.0,0.0,450.0,883.2,0.0,0.0,1.478,0.903,2.381,22.282,1.426,0.955,emon,0.935,0.869,29.5,13.8,2.146
2026-09-17 21:33:19.208,14.8,0,97,82;17;97;2;17;2;0;0;15;2;0;0;2;2;0;0,843,4727,4710;4569;4725;4727;2469;1887;1387;1259;2336;2860;2098;1422;1124;1034;1021;843,0.5,0.0,883.2,0,0,0,0,0,0.0,0,0,0,0,0,0,0,0,0.0,0,0,0,0,0,0.0,0.0,4345.1,0,0,0,84.1,27.65,0.01,0.4,31.69,24.4,63.4,96.13663387298584,1.3525118147954345,20.995084784924984,17.507937407121062,2.130181746164453,1117.75,0.0,0.0,0.0,0.0,50.35454261302948,0.0,0.0,0.0,0.0,0.0,450.0,883.2,0.0,0.0,1.478,0.903,2.381,22.282,1.426,0.955,emon,0.935,0.869,29.5,13.8,2.146
2026-09-17 21:33:20.209,14.5,0,94,91;9;94;2;17;0;0;0;17;2;0;0;0;0;0;0,855,4729,4724;4729;4729;4703;2499;1716;1619;1236;2557;2601;1557;2829;1155;1121;1104;855,0.5,0.0,888.5,0,0,0,0,0,0.0,0,0,0,0,0,0,0,0,0.0,0,0,0,0,0,0.0,0.0,4345.1,0,0,0,85.1,28.35,0.01,0.39,32.26,24.4,63.4,98.6012088127856,0.6435181956105637,17.770275559065478,15.17340764600151,1.5507928336078722,1176.3584905660377,0.0,0.0,0.0,0.0,53.19238897258381,0.0,0.0,0.0,0.0,0.0,450.0,888.5,0.0,0.0,1.478,0.903,2.381,22.282,1.426,0.955,emon,0.935,0.869,29.5,13.8,2.146
2026-09-17 21:33:21.209,14.5,0,98,83;12;98;0;22;0;0;0;8;6;0;0;2;0;0;0,927,4729,4725;4718;4726;4729;2679;1758;1467;1291;2169;2955;1584;1715;2231;1071;930;927,0.9,0.0,880.3,0,0,0,0,0,0.0,0,0,0,0,0,0,0,0,0.0,0,0,0,0,0,0.0,0.0,4345.1,0,0,0,84.1,28.35,0.01,0.39,32.26,24.4,63.4,96.39130369822185,1.3823228293719392,22.30183981359005,19.92813848890364,2.3851589874442047,1090.6666666666667,0.0,0.0,0.0,0.0,50.27688997425139,0.1,0.0,0.0,0.0,0.0,450.0,880.3,0.0,0.0,1.478,0.903,2.381,22.282,1.426,0.955,emon,0.935,0.869,29.5,13.8,2.146
2026-09-17 21:33:22.209,14.1,0,97,75;23;97;2;15;0;0;0;12;2;0;0;0;0;0;0,961,4727,4727;4720;4727;4724;2554;1438;1887;1239;2392;2856;2091;2074;1309;1052;1067;961,0.1,0.0,883.3,0,0,0,0,0,0.0,0,0,0,0,0,0,0,0,0.0,0,0,0,0,0,0.0,0.0,4345.1,0,0,0,84.1,28.35,0.01,0.39,32.26,24.6,63.4,97.83642503950331,0.6518067732815527,16.45008771618207,12.734215058386326,1.8085434046677418,1087.1944444444443,0.0,0.0,0.0,0.0,53.13560684377121,0.0,0.0,0.0,0.0,0.0,450.0,883.3,0.0,0.0,1.478,0.903,2.381,22.282,1.426,0.955,emon,0.935,0.869,29.5,13.8,2.146
2026-09-17 21:33:23.210,14.6,0,91,79;8;91;2;23;0;0;0;27;2;0;2;0;2;0;0,831,4729,4724;4728;4729;4729;2568;2171;2940;1291;2797;2304;2594;2743;1044;982;957;831,0.9,0.0,881.7,0,0,0,0,0,0.0,0,0,0,0,0,0,0,0,0.0,0,0,0,0,0,0.0,0.0,4345.1,0,0,0,80.1,29.39,0.01,0.34,32.31,24.6,63.4,96.9313667003925,0.8399119488357638,18.616125879379418,16.35203288638821,2.9103726786718025,1082.6538461538462,0.0,0.0,0.0,0.0,52.31328929588199,0.2,0.0,0.0,0.0,0.0,450.0,881.7,0.0,0.0,1.478,0.903,2.381,22.282,1.426,0.955,emon,0.935,0.869,29.5,13.8,2.146
2026-09-17 21:33:24.210,14.2,0,100,75;20;100;3;12;0;0;3;12;0;0;0;0;0;2;0,878,4728,4718;4719;4727;4728;2713;1270;1539;1292;2454;3244;1869;1961;1130;976;878;903,0.0,0.0,883.4,0,0,0,0,0,0.0,0,0,0,0,0,0,0,0,0.0,0,0,0,0,0,0.0,0.0,4345.1,0,0,0,86.1,29.39,0.01,0.34,32.31,24.6,63.4,96.82926544189453,1.1448846869170666,19.972136697769166,17.225222053527833,2.5776114612538366,1055.0,0.0,0.0,0.0,0.0,52.317265833616254,0.1,0.0,0.0,0.0,0.0,450.0,883.4,0.0,0.0,1.478,0.903,2.381,22.282,1.426,0.955,emon,0.935,0.869,29.5,13.8,2.146
2026-09-17 21:33:25.210,13.9,0,98,67;34;98;3;5;0;0;0;13;0;0;0;2;0;0;0,1032,4731,4726;4721;4728;4731;2283;1377;1359;1193;2569;2021;2628;2581;2160;1104;1032;1107,0.0,0.0,886.3,0,0,0,0,0,0.0,0,0,0,0,0,0,0,0,0.0,0,0,0,0,0,0.0,0.0,4345.1,0,0,0,84.1,29.39,0.01,0.34,32.31,24.6,63.4,96.82926544189453,1.1448846869170666,19.972136697769166,17.225222053527833,2.5776114612538366,1055.0,0.0,0.0,0.0,0.0,52.317265833616254,0.0,0.0,0.0,0.0,0.0,450.0,886.3,0.0,0.0,1.478,0.903,2.381,22.282,1.426,0.955,emon,0.935,0.869,29.5,13.8,2.146
2026-09-17 21:33:26.210,14.1,0,98,80;21;98;0;11;0;0;0;11;0;0;0;2;2;0;2,1172,4728,4722;4724;4727;4728;2572;1245;1552;1263;2246;2227;2372;2497;2187;1172;1228;1988,0.0,0.0,891.5,0,0,0,0,0,0.0,0,0,0,0,0,0,0,0,0.0,0,0,0,0,0,0.0,0.0,4345.1,0,0,0,87.1,29.39,0.01,0.34,32.31,24.6,63.4,98.6454963684082,1.5331486742278295,22.520376120294845,20.06536272700344,1.9598872573447548,1199.0,0.0,0.0,0.0,0.0,50.29546780777829,0.0,0.0,0.0,0.0,0.0,450.0,891.5,0.0,0.0,1.478,0.903,2.381,22.282,1.426,0.955,emon,0.935,0.869,29.5,13.8,2.146
2026-09-17 21:33:27.211,14.3,0,97,66;31;97;2;19;0;0;0;12;2;0;0;0;0;0;0,940,4729,4697;4724;4727;4729;2801;2769;2007;1350;2302;2752;2324;2609;1416;1078;940;977,0.3,0.0,889.8,0,0,0,0,0,0.0,0,0,0,0,0,0,0,0,0.0,0,0,0,0,0,0.0,0.0,4345.1,0,0,0,83.1,29.13,0.01,0.34,31.99,24.4,63.4,98.50949732462566,1.1594882998615503,19.367137614885966,17.075224583844342,2.350157377884413,1139.0,0.0,0.0,0.0,0.0,53.657601375381155,0.0,0.0,0.0,0.0,0.0,450.0,889.8,0.0,0.0,1.478,0.903,2.381,22.282,1.426,0.955,emon,0.935,0.869,29.5,13.8,2.146
2026-09-17 21:33:28.211,14.3,0,98,80;12;98;2;19;0;0;0;16;2;0;0;0;0;0;0,809,4729,4724;4725;4727;4729;2588;1285;1117;1243;2654;3129;1249;1943;1122;1038;974;809,0.9,0.0,885.5,0,0,0,0,0,0.0,0,0,0,0,0,0,0,0,0.0,0,0,0,0,0,0.0,0.0,4345.1,0,0,0,81.1,29.13,0.01,0.34,31.99,24.5,63.4,97.89510189403187,0.9254568409259346,18.32756225087426,15.933111668987708,2.41671328228602,1063.7727272727273,0.0,0.0,0.0,0.0,52.64636681364341,0.0,0.0,0.0,0.0,0.0,450.0,889.8,0.0,0.0,1.478,0.903,2.381,22.282,1.426,0.955,emon,0.935,0.869,29.5,13.8,2.146
2026-09-17 21:33:29.211,20.2,0,84,62;22;84;3;64;0;0;0;58;6;0;0;23;0;0;0,1220,4729,4724;4728;4729;4729;3185;3218;3357;2432;3097;3233;2449;3276;2699;2152;1220;1338,0.7,0.0,885.5,0,0,0,0,0,0.0,0,0,0,0,0,0,0,0,0.0,0,0,0,0,0,0.0,0.0,4345.1,0,0,0,68.1,29.13,0.01,0.34,31.99,24.5,63.4,98.43565764250579,0.7062276576611178,15.588523036903805,12.192935205996037,1.2477240628666348,1048.0740740740741,0.0,0.0,0.0,0.0,52.178069072741046,0.1,0.0,0.0,0.0,0.0,450.0,885.5,0.0,0.0,1.478,0.903,2.381,22.282,1.426,0.955,emon,0.935,0.869,29.5,13.8,2.146
2026-09-17 21:33:30.212,15.9,0,82,61;6;82;0;80;0;0;0;25;0;0;0;2;0;0;0,908,4729,4719;4729;4727;4729;3313;2810;2937;2800;2798;3389;2186;3134;1249;1020;908;1012,1.0,0.0,885.6,0,0,0,0,0,0.0,0,0,0,0,0,0,0,0,0.0,0,0,0,0,0,0.0,0.0,4345.1,0,0,0,64.1,29.13,0.01,0.34,31.99,24.4,63.4,97.57724618911743,0.9961140857776627,18.56923104574283,16.171452870902915,2.0038758028773977,1135.4583333333333,0.0,0.0,0.0,0.0,52.40214024359981,0.1,0.0,0.0,0.0,0.0,450.0,885.6,0.0,0.0,0.972,1.141,2.112,15.792,1.011,1.101,emon,0.884,0.874,31.3,16.1,1.944
2026-09-17 21:33:31.212,24.8,0,89,54;52;89;22;52;17;3;6;41;18;11;6;18;2;6;0,2185,4726,4691;4694;4723;4726;3244;3278;3391;2961;3116;3284;3351;3358;2631;2404;2534;2185,1.2,0.0,887.9,0,0,0,0,0,0.0,0,0,0,0,0,0,0,0,0.0,0,0,0,0,0,0.0,0.0,4345.1,0,0,0,79.1,28.0,0.01,0.34,31.21,24.4,63.4,97.98960398204291,0.6160819226625696,16.18115002895469,12.341548000921064,1.3128565866778146,1057.955223880597,0.0,0.0,0.0,0.0,52.619861276959305,0.1,0.0,0.0,0.0,0.0,450.0,885.6,0.0,0.0,0.972,1.141,2.112,15.792,1.011,1.101,emon,0.884,0.874,31.3,16.1,1.944
2026-09-17 21:33:32.213,17.9,0,95,77;23;95;9;22;14;0;3;19;12;2;0;9;0;0;0,922,4729,4724;4714;4726;4729;2772;3398;2531;1445;2624;3288;3042;3273;2854;1100;939;922,1.2,0.0,887.9,0,0,0,0,0,0.0,0,0,0,0,0,0,0,0,0.0,0,0,0,0,0,0.0,0.0,4345.1,0,0,0,87.1,28.0,0.01,0.34,31.21,24.4,63.4,98.05108966249408,1.0644787057500444,19.454354286193848,17.04591662188371,2.7763302028461387,1124.7575757575758,0.0,0.0,0.0,0.0,51.91762431733536,0.1,0.0,0.0,0.0,0.0,450.0,887.9,0.0,0.0,0.972,1.141,2.112,15.792,1.011,1.101,emon,0.884,0.874,31.3,16.1,1.944
2026-09-17 21:33:33.213,19.2,0,97,75;34;97;11;20;3;6;5;20;16;5;5;11;0;0;0,795,4725,4713;4695;4725;4710;2761;3008;3449;2476;2663;3378;3423;3441;2748;1697;903;795,1.0,0.0,884.3,0,0,0,0,0,0.0,0,0,0,0,0,0,0,0,0.0,0,0,0,0,0,0.0,0.0,4345.1,0,0,0,85.1,28.0,0.01,0.34,31.21,24.4,63.4,98.05108966249408,1.0644787057500444,19.454354286193848,17.04591662188371,2.7763302028461387,1124.7575757575758,0.0,0.0,0.0,0.0,51.91762431733536,0.1,0.0,0.0,0.0,0.0,450.0,884.3,0.0,0.0,0.972,1.141,2.112,15.792,1.011,1.101,emon,0.884,0.874,31.3,16.1,1.944
2026-09-17 21:33:34.213,15.9,0,98,80;17;98;6;16;6;2;0;20;3;0;0;5;0;0;0,918,4728,4715;4705;4728;4722;2854;2902;3416;1346;2579;2794;3278;2665;1864;1306;943;918,1.0,0.0,881.4,0,0,0,0,0,0.0,0,0,0,0,0,0,0,0,0.0,0,0,0,0,0,0.0,0.0,4345.1,0,0,0,83.1,28.0,0.01,0.34,31.21,24.4,63.4,97.21113642939815,0.9387065857234929,18.064164272061102,14.939350345620403,1.565624283419715,1102.7037037037037,0.0,0.0,0.0,0.0,52.218917260567345,0.1,0.0,0.0,0.0,0.0,450.0,881.4,0.0,0.0,0.972,1.141,2.112,15.792,1.011,1.101,emon,0.884,0.874,31.3,16.1,1.944
2026-09-17 21:33:35.214,20.1,0,98,75;25;98;18;38;14;0;0;25;12;6;0;8;0;0;0,919,4722,4697;4685;4722;4699;3108;3333;3440;2669;2829;3119;3300;3432;2766;1969;1155;919,0.2,0.0,884.2,0,0,0,0,0,0.0,0,0,0,0,0,0,0,0,0.0,0,0,0,0,0,0.0,0.0,4345.1,0,0,0,88.1,31.85,0.01,0.39,35.85,24.4,63.4,98.36333352548105,1.158542120139356,19.70440854408123,17.42598920122341,1.6846956153641697,1095.2962962962963,0.0,0.0,0.0,0.0,52.236994454706156,0.1,0.0,0.0,0.0,0.0,450.0,884.2,0.0,0.0,0.972,1.141,2.112,15.792,1.011,1.101,emon,0.884,0.874,31.3,16.1,1.944
2026-09-17 21:33:36.214,20.0,0,89,89;16;77;24;38;12;0;0;58;0;0;0;6;0;0;0,1014,4727,4727;4726;4721;4725;3082;3392;2688;1684;3253;2854;1916;3076;2373;1231;1014;1037,0.1,0.0,884.2,0,0,0,0,0,0.0,0,0,0,0,0,0,0,0,0.0,0,0,0,0,0,0.0,0.0,4345.1,0,0,0,92.1,31.85,0.01,0.39,35.85,24.4,63.4,98.73006298667507,0.8992086085245797,20.12821359069724,17.12156137784845,0.9673864396754652,1101.6315789473683,0.0,0.0,0.0,0.0,52.96906006414639,0.1,0.0,0.0,0.0,0.0,450.0,884.2,0.0,0.0,0.972,1.141,2.112,15.792,1.011,1.101,emon,0.884,0.874,31.3,16.1,1.944
2026-09-17 21:33:37.215,16.3,0,88,57;17;88;3;11;3;0;0;78;2;0;0;0;3;0;0,974,4728,4634;4710;4691;4728;2131;1694;1571;1166;3399;2737;2742;3302;1519;1121;1032;974,0.7,0.0,881.4,0,0,0,0,0,0.0,0,0,0,0,0,0,0,0,0.0,0,0,0,0,0,0.0,0.0,4345.1,0,0,0,86.1,31.85,0.01,0.39,35.85,24.4,63.4,97.9872620900472,1.1224615532361593,20.730535199244816,18.009534500539303,3.4205172629638887,1199.0,0.0,0.0,0.0,0.0,50.30418411580225,0.1,0.0,0.0,0.0,0.0,450.0,881.4,0.0,0.0,0.972,1.141,2.112,15.792,1.011,1.101,emon,0.884,0.874,31.3,16.1,1.944
2026-09-17 21:33:38.215,14.1,0,91,81;14;91;3;22;0;0;0;9;3;0;2;0;0;0;0,1006,4729,4723;4716;4727;4729;2615;2478;1663;1287;2306;3020;2026;2736;1122;1149;1035;1006,0.0,0.0,884.2,0,0,0,0,0,0.0,0,0,0,0,0,0,0,0,0.0,0,0,0,0,0,0.0,0.0,4345.1,0,0,0,88.1,31.85,0.01,0.39,35.85,24.4,63.4,97.75987752278645,0.6469001884555869,18.039201435289886,14.138118536325923,1.3332862465952833,1088.4736842105262,0.0,0.0,0.0,0.0,53.02396493627314,0.0,0.0,0.0,0.0,0.0,450.0,884.2,0.0,0.0,0.972,1.141,2.112,15.792,1.011,1.101,emon,0.884,0.874,31.3,16.1,1.944
2026-09-17 21:33:39.215,14.0,0,95,84;14;95;0;12;3;0;0;12;0;2;0;0;0;0;0,958,4729,4722;4728;4726;4729;2416;3103;2154;1254;2479;2388;1202;1598;1970;958;1050;1125,0.5,0.0,881.4,0,0,0,0,0,0.0,0,0,0,0,0,0,0,0,0.0,0,0,0,0,0,0.0,0.0,4345.1,0,0,0,88.1,32.46,0.01,0.32,34.86,24.4,63.4,98.52669666431568,0.9899735433842849,18.448090654832345,15.922479388338548,1.9305920768787876,1199.0,0.0,0.0,0.0,0.0,52.17561676049674,0.1,0.0,0.0,0.0,0.0,450.0,881.4,0.0,0.0,0.972,1.141,2.112,15.792,1.011,1.101,emon,0.884,0.874,31.3,16.1,1.944
2026-09-17 21:33:40.215,18.5,0,97,53;25;97;11;53;6;3;6;14;6;3;3;8;3;3;0,2296,4729,4678;4722;4723;4729;3171;3176;3406;3175;2707;3102;3394;3405;2343;2722;2879;2296,0.0,0.0,886.6,0,0,0,0,0,0.0,0,0,0,0,0,0,0,0,0.0,0,0,0,0,0,0.0,0.0,4345.1,0,0,0,85.1,32.46,0.01,0.32,34.86,24.4,63.4,97.38040294344464,0.6637858785393219,16.72049772171747,12.559465514289009,1.6017566484635666,1090.2698412698412,0.0,0.0,0.0,0.0,51.093211559312685,0.0,0.0,0.0,0.0,0.0,450.0,886.6,0.0,0.0,0.972,1.141,2.112,15.792,1.011,1.101,emon,0.884,0.874,31.3,16.1,1.944
2026-09-17 21:33:41.216,13.8,0,95,43;23;95;3;46;0;0;0;8;0;0;0;2;0;0;0,1027,4729,4544;4720;4724;4729;3128;2262;1573;1603;2340;2404;1207;1252;2159;1318;1889;1027,0.0,0.0,887.7,0,0,0,0,0,0.0,0,0,0,0,0,0,0,0,0.0,0,0,0,0,0,0.0,0.0,4345.1,0,0,0,87.1,32.46,0.01,0.32,34.86,24.4,63.4,97.38040294344464,0.6637858785393219,16.72049772171747,12.559465514289009,1.6017566484635666,1090.2698412698412,0.0,0.0,0.0,0.0,51.093211559312685,0.1,0.0,0.0,0.0,0.0,450.0,887.7,0.0,0.0,0.972,1.141,2.112,15.792,1.011,1.101,emon,0.884,0.874,31.3,16.1,1.944
2026-09-17 21:33:42.216,14.1,0,94,83;14;94;2;19;0;0;0;12;2;0;0;0;0;0;0,976,4729,4725;4729;4728;4729;2588;1828;2791;1300;2414;2557;1923;1612;1164;1040;1026;976,0.6,0.0,886.6,0,0,0,0,0,0.0,0,0,0,0,0,0,0,0,0.0,0,0,0,0,0,0.0,0.0,4345.1,0,0,0,88.1,32.46,0.01,0.32,34.86,24.4,63.4,97.85043176015218,1.1715903182824452,20.95261622965336,18.22312565644582,2.6853097580048293,1174.0,0.0,0.0,0.0,0.0,50.29586635902524,0.0,0.0,0.0,0.0,0.0,450.0,887.7,0.0,0.0,0.665,0.743,1.408,9.867,0.632,0.776,emon,0.906,0.8,33.2,23.1,1.439
2026-09-17 21:33:43.217,14.3,0,92,82;14;92;3;19;0;0;3;14;0;2;0;0;0;0;0,987,4729,4726;4727;4728;4729;2392;2989;3146;1260;2354;3036;1302;2666;1321;1083;1008;987,0.5,0.0,886.7,0,0,0,0,0,0.0,0,0,0,0,0,0,0,0,0.0,0,0,0,0,0,0.0,0.0,4345.1,0,0,0,88.1,30.64,0.01,0.32,33.05,24.4,63.4,98.25861053466797,0.48164427615702154,25.151086950302123,22.780453902482986,1.5583952665096148,1199.0,0.0,0.0,0.0,0.0,60.16896341443062,0.1,0.0,0.0,0.0,0.0,450.0,886.7,0.0,0.0,0.665,0.743,1.408,9.867,0.632,0.776,emon,0.906,0.8,33.2,23.1,1.439
2026-09-17 21:33:44.217,14.1,0,97,23;75;97;6;2;9;0;0;0;12;0;0;0;2;0;0,956,4729,4729;4726;4729;4729;2388;2301;2491;1217;1430;2427;2179;2422;1129;1160;1085;956,0.8,0.0,886.6,0,0,0,0,0,0.0,0,0,0,0,0,0,0,0,0.0,0,0,0,0,0,0.0,0.0,4345.1,0,0,0,90.1,30.64,0.01,0.32,33.05,24.4,63.4,98.74817127651639,0.8879896255934404,17.110884686311085,15.270294311559862,2.469916260076894,1147.611111111111,0.0,0.0,0.0,0.0,53.12401366647747,0.1,0.0,0.0,0.0,0.0,450.0,886.7,0.0,0.0,0.665,0.743,1.408,9.867,0.632,0.776,emon,0.906,0.8,33.2,23.1,1.439
2026-09-17 21:33:45.217,14.1,0,97,21;72;97;2;0;20;0;0;0;14;0;0;0;0;0;0,1058,4729,4727;4714;4725;4729;1816;2559;2536;1275;2291;2295;2136;2033;1088;1111;1118;1058,0.8,0.0,884.2,0,0,0,0,0,0.0,0,0,0,0,0,0,0,0,0.0,0,0,0,0,0,0.0,0.0,4345.1,0,0,0,88.1,30.64,0.01,0.32,33.05,24.4,63.4,97.5891525962136,1.2854259268126704,21.375639243559405,18.47743879529563,2.922356574655913,1083.090909090909,0.0,0.0,0.0,0.0,50.34071398323233,0.1,0.0,0.0,0.0,0.0,450.0,886.6,0.0,0.0,0.665,0.743,1.408,9.867,0.632,0.776,emon,0.906,0.8,33.2,23.1,1.439
2026-09-17 21:33:46.218,14.4,0,86,14;86;86;6;0;17;0;0;2;17;2;0;0;0;0;0,1066,4729,4729;4727;4728;4729;2272;2588;1958;1344;3393;2375;1612;2356;1076;1219;1066;1153,1.0,0.0,884.2,0,0,0,0,0,0.0,0,0,0,0,0,0,0,0,0.0,0,0,0,0,0,0.0,0.0,4345.1,0,0,0,88.1,30.64,0.01,0.32,33.05,24.4,63.4,97.53877975463867,0.7196082369610667,19.093782515525817,16.313805211782455,2.1111615406535567,1099.0,0.0,0.0,0.0,0.0,52.331316623091695,0.1,0.0,0.0,0.0,0.0,450.0,884.2,0.0,0.0,0.665,0.743,1.408,9.867,0.632,0.776,emon,0.906,0.8,33.2,23.1,1.439
2026-09-17 21:33:47.218,14.4,0,97,5;97;96;3;0;16;0;0;0;9;3;0;0;0;2;0,1032,4729,4729;4721;4726;4729;1847;2239;1803;1202;1474;2402;2760;1278;1121;1082;1081;1032,1.0,0.0,884.2,0,0,0,0,0,0.0,0,0,0,0,0,0,0,0,0.0,0,0,0,0,0,0.0,0.0,4345.1,0,0,0,88.1,31.75,0.01,0.32,34.07,24.4,63.4,97.43342659690164,0.9293868205171417,18.954891416159544,16.017573154785417,3.414673569959467,1158.090909090909,0.0,0.0,0.0,0.0,50.26004364273765,0.1,0.0,0.0,0.0,0.0,450.0,884.2,0.0,0.0,0.665,0.743,1.408,9.867,0.632,0.776,emon,0.906,0.8,33.2,23.1,1.439
2026-09-17 21:33:48.218,16.5,0,95,14;88;95;8;3;17;0;3;2;18;3;6;0;5;2;0,1026,4726,4713;4722;4726;4704;3433;2658;3366;2895;3361;2481;3174;3366;1061;2574;2617;1026,1.1,0.0,883.9,0,0,0,0,0,0.0,0,0,0,0,0,0,0,0,0.0,0,0,0,0,0,0.0,0.0,4345.1,0,0,0,88.1,31.75,0.01,0.32,34.07,24.4,63.4,96.72543859481812,1.4156452344032004,20.151618845760822,17.38812890741974,1.4938697452780616,1158.375,0.0,0.0,0.0,0.0,50.185240793041885,0.1,0.0,0.0,0.0,0.0,450.0,883.9,0.0,0.0,0.665,0.743,1.408,9.867,0.632,0.776,emon,0.906,0.8,33.2,23.1,1.439
2026-09-17 21:33:49.219,16.3,0,95,15;81;95;8;6;12;3;3;2;25;5;3;0;3;0;0,995,4728,4725;4723;4726;4728;3296;2345;3244;2978;3125;2839;2960;3058;1044;2250;2005;995,0.5,0.0,889.1,0,0,0,0,0,0.0,0,0,0,0,0,0,0,0,0.0,0,0,0,0,0,0.0,0.0,4345.1,0,0,0,88.1,31.75,0.01,0.32,34.07,24.4,63.4,96.72543859481812,1.4156452344032004,20.151618845760822,17.38812890741974,1.4938697452780616,1158.375,0.0,0.0,0.0,0.0,50.185240793041885,0.0,0.0,0.0,0.0,0.0,450.0,889.1,0.0,0.0,0.665,0.743,1.408,9.867,0.632,0.776,emon,0.906,0.8,33.2,23.1,1.439
2026-09-17 21:33:50.219,14.9,0,95,18;84;95;3;0;12;3;0;0;18;2;2;0;2;0;0,1011,4729,4718;4696;4727;4729;3199;2382;3067;1243;1660;2835;2000;1221;1122;1149;1011;1047,1.4,0.0,880.0,0,0,0,0,0,0.0,0,0,0,0,0,0,0,0,0.0,0,0,0,0,0,0.0,0.0,4345.1,0,0,0,87.1,31.75,0.01,0.32,34.07,24.4,63.4,94.0765790939331,0.3203347544185817,13.149153769016266,7.972308486700058,2.335468962788582,1099.0,0.0,0.0,0.0,0.0,50.27354234550148,0.1,0.0,0.0,0.0,0.0,450.0,880.0,0.0,0.0,0.665,0.743,1.408,9.867,0.632,0.776,emon,0.906,0.8,33.2,23.1,1.439
2026-09-17 21:33:51.219,15.1,0,94,36;69;94;8;0;16;0;6;0;9;2;0;0;2;0;0,1081,4729,4727;4722;4725;4729;2740;2144;1760;1187;1215;2161;1375;1182;1081;1846;1209;1737,0.2,0.0,884.6,0,0,0,0,0,0.0,0,0,0,0,0,0,0,0,0.0,0,0,0,0,0,0.0,0.0,4345.1,0,0,0,87.1,31.86,0.01,0.33,34.38,24.4,63.4,98.30728912353516,1.0454350709915161,35.71461868286133,32.846378326416016,1.2719733526464552,1199.0,0.0,0.0,0.0,0.0,50.156119391322136,0.1,0.0,0.0,0.0,0.0,450.0,884.6,0.0,0.0,0.665,0.743,1.408,9.867,0.632,0.776,emon,0.906,0.8,33.2,23.1,1.439
2026-09-17 21:33:52.220,14.2,0,97,8;91;97;2;0;14;0;0;0;16;0;0;0;0;0;0,1012,4729,4727;4725;4728;4729;1372;2452;1585;1217;1512;2387;1825;1839;1042;1193;1076;1012,0.1,0.0,888.1,0,0,0,0,0,0.0,0,0,0,0,0,0,0,0,0.0,0,0,0,0,0,0.0,0.0,4345.1,0,0,0,88.1,31.86,0.01,0.33,34.38,24.4,63.4,98.72725710661516,0.828274127703322,15.325471515240876,12.495247641335363,1.0947059475128418,1153.3478260869565,0.0,0.0,0.0,0.0,56.82298877835274,0.1,0.0,0.0,0.0,0.0,450.0,888.1,0.0,0.0,0.665,0.743,1.408,9.867,0.632,0.776,emon,0.906,0.8,33.2,23.1,1.439
2026-09-17 21:33:53.220,14.3,0,95,6;92;95;2;0;12;0;3;0;17;0;0;0;0;0;0,1003,4729,4729;4726;4729;4729;1676;2400;1463;1209;2515;2499;2817;1514;1003;1130;1111;1083,0.0,0.0,882.7,0,0,0,0,0,0.0,0,0,0,0,0,0,0,0,0.0,0,0,0,0,0,0.0,0.0,4345.1,0,0,0,89.1,31.86,0.01,0.33,34.38,24.4,63.4,98.55633862813313,0.8792486851517525,16.99231195449829,14.340861738555962,2.055867075868365,1126.7777777777778,0.0,0.0,0.0,0.0,53.13916292165717,0.1,0.0,0.0,0.0,0.0,450.0,882.7,0.0,0.0,0.665,0.743,1.408,9.867,0.632,0.776,emon,0.906,0.8,33.2,23.1,1.439
2026-09-17 21:33:54.221,14.5,0,97,8;86;97;5;0;19;0;0;0;17;0;0;0;0;0;0,963,4729,4729;4727;4728;4729;2356;2540;2162;1563;3457;2524;2108;2966;963;1033;1041;1086,0.0,0.0,884.8,0,0,0,0,0,0.0,0,0,0,0,0,0,0,0,0.0,0,0,0,0,0,0.0,0.0,4345.1,0,0,0,86.1,31.86,0.01,0.33,34.38,24.4,63.4,97.79724900618844,0.8914354080536767,17.967211101366125,15.538224403301012,2.9181805433826926,1143.5652173913043,0.0,0.0,0.0,0.0,54.74394783345254,0.1,0.0,0.0,0.0,0.0,450.0,884.8,0.0,0.0,0.649,0.744,1.393,9.787,0.626,0.767,emon,0.877,0.875,31.6,23.2,1.366
2026-09-17 21:33:55.221,15.0,0,95,9;92;95;3;0;16;2;3;0;17;0;0;0;2;0;0,954,4729,4729;4723;4728;4729;1893;2281;1755;1331;2681;2402;2554;3126;1036;1518;1081;954,0.0,0.0,884.7,0,0,0,0,0,0.0,0,0,0,0,0,0,0,0,0.0,0,0,0,0,0,0.0,0.0,4345.1,0,0,0,88.1,31.81,0.01,0.33,34.35,24.4,63.4,97.95570850372314,1.3352490551187657,21.35124495625496,18.14822596590966,2.105233702721307,1117.75,0.0,0.0,0.0,0.0,50.20051228813827,0.1,0.0,0.0,0.0,0.0,450.0,884.7,0.0,0.0,0.649,0.744,1.393,9.787,0.626,0.767,emon,0.877,0.875,31.6,23.2,1.366
2026-09-17 21:33:56.222,14.3,0,94,9;83;94;2;0;15;2;3;0;19;0;0;0;2;0;0,1087,4728,4725;4720;4727;4728;2453;2480;2420;1260;2820;2704;1804;3283;1165;1830;1177;1087,0.0,0.0,886.9,0,0,0,0,0,0.0,0,0,0,0,0,0,0,0,0.0,0,0,0,0,0,0.0,0.0,4345.1,0,0,0,87.1,31.81,0.01,0.33,34.35,24.4,63.4,98.06200527322703,0.8233199876829468,16.18848485987762,13.160913418593077,2.7499647742330002,1098.1379310344828,0.0,0.0,0.0,0.0,52.05556226059281,0.0,0.0,0.0,0.0,0.0,450.0,886.9,0.0,0.0,0.649,0.744,1.393,9.787,0.626,0.767,emon,0.877,0.875,31.6,23.2,1.366
2026-09-17 21:33:57.222,20.1,0,92,20;47;92;2;2;62;0;3;0;52;0;0;0;41;0;0,1164,4723,4704;4594;4714;4723;2661;3101;3228;1970;2870;2709;2789;2896;1186;2018;1916;1164,0.2,0.0,885.9,0,0,0,0,0,0.0,0,0,0,0,0,0,0,0,0.0,0,0,0,0,0,0.0,0.0,4345.1,0,0,0,81.1,31.81,0.01,0.33,34.35,24.4,63.4,98.06200527322703,0.8233199876829468,16.18848485987762,13.160913418593077,2.7499647742330002,1098.1379310344828,0.0,0.0,0.0,0.0,52.05556226059281,0.1,0.0,0.0,0.0,0.0,450.0,885.9,0.0,0.0,0.649,0.744,1.393,9.787,0.626,0.767,emon,0.877,0.875,31.6,23.2,1.366
2026-09-17 21:33:58.222,16.0,0,94,8;46;94;3;0;77;0;0;0;17;0;0;0;5;2;5,1029,4716,4551;4509;4716;4581;3454;3375;1876;2665;1979;2294;2119;1946;1099;1333;1029;1192,1.0,0.0,890.8,0,0,0,0,0,0.0,0,0,0,0,0,0,0,0,0.0,0,0,0,0,0,0.0,0.0,4345.1,0,0,0,79.1,31.81,0.01,0.33,34.35,24.4,63.4,98.34114105224609,1.1571894068270923,21.07484769821167,18.344158460497855,3.1171126058418306,1199.0,0.0,0.0,0.0,0.0,52.26762760996819,0.1,0.0,0.0,0.0,0.0,450.0,890.8,0.0,0.0,0.649,0.744,1.393,9.787,0.626,0.767,emon,0.877,0.875,31.6,23.2,1.366
2026-09-17 21:33:59.223,14.4,0,97,16;88;97;0;0;19;0;0;0;11;0;0;0;0;0;0,886,4729,4729;4725;4727;4729;1900;2429;2098;1212;1524;2442;1677;1325;1014;1133;977;886,0.6,0.0,888.6,0,0,0,0,0,0.0,0,0,0,0,0,0,0,0,0.0,0,0,0,0,0,0.0,0.0,4345.1,0,0,0,84.1,29.32,0.01,0.34,32.48,24.4,63.4,95.86361906263564,0.4265279430482123,16.364352809058296,10.373036967383491,2.407654471695423,1076.7777777777778,0.0,0.0,0.0,0.0,50.299637365672325,0.1,0.0,0.0,0.0,0.0,450.0,885.7,0.0,0.0,0.649,0.744,1.393,9.787,0.626,0.767,emon,0.877,0.875,31.6,23.2,1.366
2026-09-17 21:34:00.223,21.7,0,98,34;80;98;17;0;33;15;5;2;17;12;14;0;9;11;0,1037,4723,4708;4711;4723;4716;2999;2866;3334;2970;3431;2852;3373;3369;1037;2500;2631;2724,1.1,0.0,884.4,0,0,0,0,0,0.0,0,0,0,0,0,0,0,0,0.0,0,0,0,0,0,0.0,0.0,4345.1,0,0,0,81.1,29.32,0.01,0.34,32.48,24.4,63.4,96.79476483662923,1.256530668431272,21.249615480502445,18.448825209711988,2.944795776323493,1063.5833333333333,0.0,0.0,0.0,0.0,50.328797329838075,0.0,0.0,0.0,0.0,0.0,250.0,884.6,0.0,0.0,0.649,0.744,1.393,9.787,0.626,0.767,emon,0.877,0.875,31.6,23.2,1.366
2026-09-17 21:34:01.223,19.4,0,92,16;85;92;5;0;50;8;2;0;28;5;6;0;14;0;0,881,4728,4723;4718;4723;4728;2601;3185;3349;2374;3435;2649;3420;3364;916;2503;1011;881,1.1,0.0,884.4,0,0,0,0,0,0.0,0,0,0,0,0,0,0,0,0.0,0,0,0,0,0,0.0,0.0,4345.1,0,0,0,85.1,29.32,0.01,0.34,32.48,24.4,63.4,98.08009744459584,0.7437638763278243,17.101027325276405,13.133353428734887,1.8760281163586994,1159.483870967742,0.0,0.0,0.0,0.0,50.23626384619744,0.2,0.0,0.0,0.0,0.0,450.0,880.0,0.0,0.0,0.649,0.744,1.393,9.787,0.626,0.767,emon,0.877,0.875,31.6,23.2,1.366
2026-09-17 21:34:02.224,14.2,0,95,9;85;95;2;0;23;0;0;0;11;0;0;0;2;0;0,1073,4728,4727;4723;4728;4687;1633;2462;2511;1217;2391;2481;2009;2313;1073;1459;1128;1077,0.9,0.0,881.5,0,0,0,0,0,0.0,0,0,0,0,0,0,0,0,0.0,0,0,0,0,0,0.0,0.0,4345.1,0,0,0,85.1,30.82,0.01,0.38,34.78,24.4,63.4,97.94917449951171,1.1168684078752995,20.205525884628297,17.892822600603104,2.0170072476944187,1095.0,0.0,0.0,0.0,0.0,52.26751963973045,0.1,0.0,0.0,0.0,0.0,300.0,881.5,0.0,0.0,0.649,0.744,1.393,9.787,0.626,0.767,emon,0.877,0.875,31.6,23.2,1.366
2026-09-17 21:34:03.224,14.4,0,96,9;85;96;2;0;20;0;0;0;17;0;0;0;2;0;0,1048,4729,4729;4726;4727;4728;2161;2555;2705;1259;1730;2453;2177;2093;1048;1781;1201;1070,1.0,0.0,885.0,0,0,0,0,0,0.0,0,0,0,0,0,0,0,0,0.0,0,0,0,0,0,0.0,0.0,4345.1,0,0,0,86.1,30.82,0.01,0.38,34.78,24.5,63.4,98.40437351573597,0.783794752808965,19.13361000201919,15.711617444049228,1.8736119260799817,1126.2727272727273,0.0,0.0,0.0,0.0,52.59729773381894,0.1,0.0,0.0,0.0,0.0,450.0,885.0,0.0,0.0,0.649,0.744,1.393,9.787,0.626,0.767,emon,0.877,0.875,31.6,23.2,1.366
2026-09-17 21:34:04.224,14.6,0,96,25;62;96;3;0;25;0;0;0;20;0;0;0;2;0;0,809,4729,4722;4727;4728;4729;2986;2544;3150;1246;2800;2377;3147;3366;1050;1123;1025;809,1.3,0.0,881.5,0,0,0,0,0,0.0,0,0,0,0,0,0,0,0,0.0,0,0,0,0,0,0.0,0.0,4345.1,0,0,0,85.1,30.82,0.01,0.38,34.78,24.5,63.4,97.83341862605168,0.8735969610368977,18.078547516694435,15.231549294235615,3.281558654629267,1139.3846153846155,0.0,0.0,0.0,0.0,52.27086279483942,0.1,0.0,0.0,0.0,0.0,450.0,880.0,0.0,0.0,0.649,0.744,1.393,9.787,0.626,0.767,emon,0.877,0.875,31.6,23.2,1.366
2026-09-17 21:34:05.225,14.7,0,98,29;71;98;2;0;18;2;3;0;8;2;0;0;3;0;0,1063,4729,4729;4725;4728;4701;1322;2336;1234;1220;1491;2398;2776;1361;1106;1135;1093;1063,1.1,0.0,882.9,0,0,0,0,0,0.0,0,0,0,0,0,0,0,0,0.0,0,0,0,0,0,0.0,0.0,4345.1,0,0,0,83.1,30.82,0.01,0.38,34.78,24.5,63.4,97.83341862605168,0.8735969610368977,18.078547516694435,15.231549294235615,3.281558654629267,1139.3846153846155,0.0,0.0,0.0,0.0,52.27086279483942,0.1,0.0,0.0,0.0,0.0,450.0,882.9,0.0,0.0,0.649,0.744,1.393,9.787,0.626,0.767,emon,0.877,0.875,31.6,23.2,1.366
2026-09-17 21:34:06.225,16.4,0,92,17;64;92;5;0;51;6;2;0;16;5;3;0;3;0;0,916,4728,4701;4679;4720;4728;2661;3188;3428;2508;1955;2861;3025;2862;916;2348;1067;953,0.6,0.0,885.8,0,0,0,0,0,0.0,0,0,0,0,0,0,0,0,0.0,0,0,0,0,0,0.0,0.0,4345.1,0,0,0,76.1,29.51,0.01,0.35,32.67,24.5,63.4,97.83703168233235,1.1864176684369643,21.578184455633163,18.61698110339542,2.7122807964042295,1149.0,0.0,0.0,0.0,0.0,50.212926783288516,0.0,0.0,0.0,0.0,0.0,450.0,885.8,0.0,0.0,0.96,0.899,1.859,15.393,0.985,0.874,emon,0.92,0.919,28.8,20.0,1.438
2026-09-17 21:34:07.225,14.9,0,86,9;33;85;2;0;86;0;0;0;17;0;3;3;2;0;0,963,4729,4574;4422;4715;4729;3430;3394;3021;2889;1853;2239;2479;3235;1033;1112;1063;963,0.7,0.0,881.5,0,0,0,0,0,0.0,0,0,0,0,0,0,0,0,0.0,0,0,0,0,0,0.0,0.0,4345.1,0,0,0,75.1,29.51,0.01,0.35,32.67,24.4,63.4,96.1963381767273,0.1933836005628109,10.15287733078003,3.2564445957541466,1.643623173236847,1064.625,0.0,0.0,0.0,0.0,50.28061749972403,0.1,0.0,0.0,0.0,0.0,300.0,881.5,0.0,0.0,0.96,0.899,1.859,15.393,0.985,0.874,emon,0.92,0.919,28.8,20.0,1.438
2026-09-17 21:34:08.226,18.2,0,100,12;33;100;9;0;84;6;5;5;16;6;9;0;6;0;0,960,4728,4610;4462;4711;4728;3451;3404;3232;3389;3445;2683;3394;3326;970;2779;1326;960,0.0,0.0,884.4,0,0,0,0,0,0.0,0,0,0,0,0,0,0,0,0.0,0,0,0,0,0,0.0,0.0,4345.1,0,0,0,62.1,29.51,0.01,0.35,32.67,24.4,63.4,97.41748142242432,1.2378900417437155,22.02999171614647,19.297478531797726,2.77490039725429,1149.0,0.0,0.0,0.0,0.0,50.24747917428613,0.0,0.0,0.0,0.0,0.0,450.0,884.4,0.0,0.0,0.96,0.899,1.859,15.393,0.985,0.874,emon,0.92,0.919,28.8,20.0,1.438
2026-09-17 21:34:09.226,21.6,0,83,17;45;80;41;2;83;14;2;5;23;6;9;0;11;8;0,1172,4717,4630;4556;4717;4715;3336;3372;3448;3276;3450;3077;3424;3441;1172;2800;2856;1183,0.0,0.0,884.4,0,0,0,0,0,0.0,0,0,0,0,0,0,0,0,0.0,0,0,0,0,0,0.0,0.0,4345.1,0,0,0,77.1,29.51,0.01,0.35,32.67,24.5,63.4,97.96607123480902,1.0627616694093578,19.240733835432266,16.951430952797335,2.208054897116704,1115.6666666666667,0.0,0.0,0.0,0.0,53.18011026581129,0.1,0.0,0.0,0.0,0.0,450.0,884.4,0.0,0.0,0.96,0.899,1.859,15.393,0.985,0.874,emon,0.92,0.919,28.8,20.0,1.438
2026-09-17 21:34:10.226,14.6,0,100,19;68;100;5;0;28;0;0;0;8;3;0;0;2;0;0,1112,4728,4728;4674;4724;4692;2929;2918;2907;1494;1984;2303;1833;2577;1217;1774;2228;1112,0.0,0.0,884.2,0,0,0,0,0,0.0,0,0,0,0,0,0,0,0,0.0,0,0,0,0,0,0.0,0.0,4345.1,0,0,0,77.1,25.88,0.01,0.37,29.59,24.5,63.4,99.17999829744038,0.9975348124770742,20.235297579514352,18.172362083667203,1.3136827487277944,1199.0,0.0,0.0,0.0,0.0,52.9826948634888,0.1,0.0,0.0,0.0,0.0,450.0,884.2,0.0,0.0,0.96,0.899,1.859,15.393,0.985,0.874,emon,0.92,0.919,28.8,20.0,1.438
2026-09-17 21:34:11.226,14.5,0,97,14;83;97;0;0;17;0;3;0;17;0;0;0;2;0;0,893,4729,4719;4725;4728;4729;1585;2393;1431;1279;2191;2394;2372;2237;937;1574;1006;893,0.0,0.0,886.9,0,0,0,0,0,0.0,0,0,0,0,0,0,0,0,0.0,0,0,0,0,0,0.0,0.0,4345.1,0,0,0,87.1,25.88,0.01,0.37,29.59,24.5,63.4,97.63560009002686,1.047512561432086,18.316567331552505,14.495749986730516,1.6785999974126753,1124.0,0.0,0.0,0.0,0.0,50.34082064963877,0.1,0.0,0.0,0.0,0.0,450.0,886.9,0.0,0.0,0.96,0.899,1.859,15.393,0.985,0.874,emon,0.92,0.919,28.8,20.0,1.438
2026-09-17 21:34:12.227,13.7,0,98,27;64;98;2;0;14;0;0;0;14;0;0;0;0;0;0,989,4729,4663;4699;4728;4729;1505;2524;2338;1254;2366;2422;2233;1599;989;1097;1093;1064,0.0,0.0,886.9,0,0,0,0,0,0.0,0,0,0,0,0,0,0,0,0.0,0,0,0,0,0,0.0,0.0,4345.1,0,0,0,83.1,25.88,0.01,0.37,29.59,24.5,63.4,97.44166231155396,1.3693631782662123,21.10751896351576,17.846565063111484,2.185374807435437,1117.75,0.0,0.0,0.0,0.0,50.236026065424085,0.0,0.0,0.0,0.0,0.0,450.0,886.9,0.0,0.0,0.96,0.899,1.859,15.393,0.985,0.874,emon,0.92,0.919,28.8,20.0,1.438
2026-09-17 21:34:13.237,14.8,0,94,16;85;94;2;0;11;0;3;0;23;2;0;0;2;0;0,1002,4729,4724;4724;4725;4729;1206;2231;1543;1179;1797;2385;2229;2031;1066;1667;1116;1002,0.2,0.0,893.4,0,0,0,0,0,0.0,0,0,0,0,0,0,0,0,0.0,0,0,0,0,0,0.0,0.0,4345.1,0,0,0,83.1,25.88,0.01,0.37,29.59,24.6,63.4,98.96304750442505,1.3365339445881546,19.355226702988148,16.37822604738176,1.7531498608004767,1117.75,0.0,0.0,0.0,0.0,50.142776533961296,0.1,0.0,0.0,0.0,0.0,450.0,893.4,0.0,0.0,0.96,0.899,1.859,15.393,0.985,0.874,emon,0.92,0.919,28.8,20.0,1.438
2026-09-17 21:34:14.237,14.8,0,95,72;27;95;0;0;3;19;0;0;0;12;3;0;0;6;0,1305,4705,4705;4695;4619;4624;2114;2502;2385;1742;3294;1750;2462;2586;1305;1429;1458;1471,0.6,0.0,893.4,0,0,0,0,0,0.0,0,0,0,0,0,0,0,0,0.0,0,0,0,0,0,0.0,0.0,4345.1,0,0,0,78.1,27.19,0.01,0.39,31.13,24.6,63.4,98.96304750442505,1.3365339445881546,19.355226702988148,16.37822604738176,1.7531498608004767,1117.75,0.0,0.0,0.0,0.0,50.142776533961296,0.0,0.0,0.0,0.0,0.0,450.0,893.4,0.0,0.0,0.96,0.899,1.859,15.393,0.985,0.874,emon,0.92,0.919,28.8,20.0,1.438
2026-09-17 21:34:15.238,15.6,0,98,91;8;98;0;0;0;26;3;0;0;11;2;0;0;10;2,1006,4726,4717;4726;4539;4319;1957;1849;2538;1497;1224;1225;2226;1986;1014;1052;1303;1006,0.6,0.0,885.3,0,0,0,0,0,0.0,0,0,0,0,0,0,0,0,0.0,0,0,0,0,0,0.0,0.0,4345.1,0,0,0,80.1,27.19,0.01,0.39,31.13,24.6,63.4,97.67376735292632,0.8086534104599007,16.197230410986933,13.657134860754013,2.7002371937550347,1120.551724137931,0.0,0.0,0.0,0.0,52.04947105050087,0.1,0.0,0.0,0.0,0.0,450.0,885.3,0.0,0.0,0.96,0.899,1.859,15.393,0.985,0.874,emon,0.92,0.919,28.8,20.0,1.438
2026-09-17 21:34:16.238,14.0,0,97,85;16;97;0;0;0;16;0;0;0;11;0;0;0;0;0,867,4667,4667;4434;4491;4659;2113;1731;2405;1240;1203;1146;1889;1328;911;867;1081;1115,0.6,0.0,885.3,0,0,0,0,0,0.0,0,0,0,0,0,0,0,0,0.0,0,0,0,0,0,0.0,0.0,4345.1,0,0,0,79.1,27.19,0.01,0.39,31.13,24.6,63.4,97.83132743835449,1.5065987455891445,20.703639902174473,17.30076092109084,2.0347397986333817,1055.25,0.0,0.0,0.0,0.0,50.24145461432636,0.1,0.0,0.0,0.0,0.0,450.0,885.3,0.0,0.0,0.96,0.899,1.859,15.393,0.985,0.874,emon,0.92,0.919,28.8,20.0,1.438
2026-09-17 21:34:17.238,14.2,0,94,82;11;94;2;0;0;23;3;0;0;11;2;0;0;2;0,804,4713,4713;4668;4634;4510;2961;1505;2566;1329;2564;1849;2673;2839;978;804;1119;1071,1.0,0.0,886.3,0,0,0,0,0,0.0,0,0,0,0,0,0,0,0,0.0,0,0,0,0,0,0.0,0.0,4345.1,0,0,0,81.1,27.19,0.01,0.39,31.13,24.6,63.4,95.23744678497314,0.2369658760726452,11.596787691116333,4.0701044499874115,2.123818963766098,1036.5,0.0,0.0,0.0,0.0,50.316147364676,0.1,0.0,0.0,0.0,0.0,450.0,881.2,0.0,0.0,0.96,0.899,1.859,15.393,0.985,0.874,emon,0.92,0.919,28.8,20.0,1.438
2026-09-17 21:34:18.239,14.9,0,98,79;20;98;5;0;0;22;0;0;0;11;0;0;0;2;2,1021,4727,4720;4727;4685;4650;1381;1759;2282;1255;1415;1283;2509;1304;1379;1021;2269;1367,1.0,0.0,884.1,0,0,0,0,0,0.0,0,0,0,0,0,0,0,0,0.0,0,0,0,0,0,0.0,0.0,4345.1,0,0,0,79.1,24.36,0.01,0.4,28.55,24.6,63.4,98.29896545410156,0.6620907082688063,18.320611894130707,15.775653887540102,0.5772363115975168,1199.0,0.0,0.0,0.0,0.0,50.16205897182226,0.1,0.0,0.0,0.0,0.0,450.0,884.1,0.0,0.0,1.69,1.152,2.842,25.968,1.662,1.18,emon,0.918,0.752,28.7,13.4,2.145
2026-09-17 21:34:19.239,13.9,0,97,90;6;97;0;0;0;12;3;0;0;12;0;0;0;2;0,917,4727,4725;4721;4679;4727;2394;1581;2360;1302;1420;1925;2363;2745;1064;917;1043;1024,0.7,0.0,887.0,0,0,0,0,0,0.0,0,0,0,0,0,0,0,0,0.0,0,0,0,0,0,0.0,0.0,4345.1,0,0,0,89.1,24.36,0.01,0.4,28.55,24.6,63.4,98.61752624511719,0.7633798893541097,19.03039187363216,15.938815113902091,1.8782023501116782,1147.5714285714287,0.0,0.0,0.0,0.0,51.74611297420093,0.1,0.0,0.0,0.0,0.0,450.0,886.9,0.0,0.0,1.69,1.152,2.842,25.968,1.662,1.18,emon,0.918,0.752,28.7,13.4,2.145
2026-09-17 21:34:20.239,14.6,0,95,85;13;95;6;0;0;19;0;0;0;16;0;0;0;0;0,921,4724,4715;4706;4703;4724;1901;1612;2482;1236;2431;3248;2017;2674;944;921;1193;960,1.2,0.0,885.8,0,0,0,0,0,0.0,0,0,0,0,0,0,0,0,0.0,0,0,0,0,0,0.0,0.0,4345.1,0,0,0,83.1,24.36,0.01,0.4,28.55,24.6,63.4,98.49150026761569,1.2531543655965764,21.396188373749073,18.988905894068573,2.229939570573781,1172.076923076923,0.0,0.0,0.0,0.0,54.18016771800243,0.1,0.0,0.0,0.0,0.0,450.0,889.4,0.0,0.0,1.69,1.152,2.842,25.968,1.662,1.18,emon,0.918,0.752,28.7,13.4,2.145
2026-09-17 21:34:21.240,14.2,0,98,78;22;98;2;0;0;17;2;0;0;9;0;0;0;0;0,854,4723,4722;4537;4723;4665;2252;2840;2458;1739;2508;2150;1962;2052;936;854;1088;1014,0.9,0.0,889.4,0,0,0,0,0,0.0,0,0,0,0,0,0,0,0,0.0,0,0,0,0,0,0.0,0.0,4345.1,0,0,0,82.1,24.36,0.01,0.4,28.55,24.6,63.4,98.49150026761569,1.2531543655965764,21.396188373749073,18.988905894068573,2.229939570573781,1172.076923076923,0.0,0.0,0.0,0.0,54.18016771800243,0.1,0.0,0.0,0.0,0.0,450.0,886.3,0.0,0.0,1.69,1.152,2.842,25.968,1.662,1.18,emon,0.918,0.752,28.7,13.4,2.145
2026-09-17 21:34:22.240,14.2,0,92,72;26;92;3;0;0;17;0;0;0;17;0;0;0;0;0,823,4726,4726;4696;4697;4059;2010;1383;2358;2134;1811;2278;2357;2514;932;823;1059;1014,0.6,0.0,886.3,0,0,0,0,0,0.0,0,0,0,0,0,0,0,0,0.0,0,0,0,0,0,0.0,0.0,4345.1,0,0,0,82.1,28.24,0.01,0.4,32.26,24.6,63.4,95.335005569458,0.3955789117142558,13.073719549179078,7.639654451608658,1.8532041311264038,971.5,0.0,0.0,0.0,0.0,50.35347401201725,0.1,0.0,0.0,0.0,0.0,450.0,883.4,0.0,0.0,1.69,1.152,2.842,25.968,1.662,1.18,emon,0.918,0.752,28.7,13.4,2.145
2026-09-17 21:34:23.240,13.9,0,98,82;18;98;0;2;0;14;0;0;0;6;3;0;0;0;0,778,4711,4711;4617;4615;4435;2998;2438;2385;1309;2109;1684;2171;2770;986;778;1128;931,0.1,0.0,883.4,0,0,0,0,0,0.0,0,0,0,0,0,0,0,0,0.0,0,0,0,0,0,0.0,0.0,4345.1,0,0,0,87.1,28.24,0.01,0.4,32.26,24.6,63.4,97.88026809692383,1.0221923927310854,19.129716763893764,15.779628423353037,3.8362925096977656,1144.8333333333333,0.0,0.0,0.0,0.0,50.30368800461292,0.0,0.0,0.0,0.0,0.0,450.0,886.2,0.0,0.0,1.69,1.152,2.842,25.968,1.662,1.18,emon,0.918,0.752,28.7,13.4,2.145
2026-09-17 21:34:24.241,13.8,0,96,85;11;96;2;0;0;13;2;0;0;14;0;0;0;0;0,921,4726,4712;4579;4701;4726;1838;2138;2111;1279;1849;1516;2613;1943;921;958;1098;1017,0.0,0.0,886.2,0,0,0,0,0,0.0,0,0,0,0,0,0,0,0,0.0,0,0,0,0,0,0.0,0.0,4345.1,0,0,0,84.1,28.24,0.01,0.4,32.26,24.7,63.4,96.31652801513673,1.1819632418826223,20.091562223434448,17.485887439250945,2.4931930924300105,1047.0,0.0,0.0,0.0,0.0,48.296787847280505,0.1,0.0,0.0,0.0,0.0,450.0,886.2,0.0,0.0,1.69,1.152,2.842,25.968,1.662,1.18,emon,0.918,0.752,28.7,13.4,2.145
2026-09-17 21:34:25.241,14.2,0,94,88;11;94;3;0;0;18;0;0;0;11;2;0;0;0;0,877,4719,4709;4713;4711;4719;3384;3009;2661;1505;1998;2273;2279;2535;996;877;1043;1087,0.6,0.0,881.0,0,0,0,0,0,0.0,0,0,0,0,0,0,0,0,0.0,0,0,0,0,0,0.0,0.0,4345.1,0,0,0,82.1,28.24,0.01,0.4,32.26,24.6,63.4,96.422789255778,0.3036807806541522,12.38623603185018,6.794543504714966,2.687688638766607,1111.5,0.0,0.0,0.0,0.0,50.30380838612715,0.1,0.0,0.0,0.0,0.0,450.0,883.3,0.0,0.0,1.69,1.152,2.842,25.968,1.662,1.18,emon,0.918,0.752,28.7,13.4,2.145
2026-09-17 21:34:26.241,14.1,0,100,89;12;100;3;0;0;11;0;0;0;9;0;0;0;0;0,959,4724,4724;4724;4590;3581;1380;1595;2167;1312;3073;1271;2143;1775;959;974;1083;977,0.0,0.0,883.3,0,0,0,0,0,0.0,0,0,0,0,0,0,0,0,0.0,0,0,0,0,0,0.0,0.0,4345.1,0,0,0,81.1,26.62,0.01,0.39,30.61,24.6,63.4,99.07770885120739,0.8650019504129887,22.477701983668588,20.19483309442347,1.4293544528455557,1199.0,0.0,0.0,0.0,0.0,55.0377182635394,0.1,0.0,0.0,0.0,0.0,450.0,883.2,0.0,0.0,1.69,1.152,2.842,25.968,1.662,1.18,emon,0.918,0.752,28.7,13.4,2.145
2026-09-17 21:34:27.242,13.8,0,91,82;5;91;0;0;0;37;0;0;0;6;0;0;0;0;0,808,4729,4697;4725;4720;4729;2534;2662;2840;1815;2364;1710;2308;1704;1038;808;1126;1039,0.4,0.0,881.0,0,0,0,0,0,0.0,0,0,0,0,0,0,0,0,0.0,0,0,0,0,0,0.0,0.0,4345.1,0,0,0,75.1,26.62,0.01,0.39,30.61,24.7,63.4,98.2449884033203,1.0264151936396957,19.01374742984772,16.695657774806023,1.432135591506958,1147.0,0.0,0.0,0.0,0.0,52.37969626307488,0.1,0.0,0.0,0.0,0.0,450.0,884.4,0.0,0.0,1.69,1.152,2.842,25.968,1.662,1.18,emon,0.918,0.752,28.7,13.4,2.145
2026-09-17 21:34:28.242,14.5,0,91,46;19;91;5;0;0;54;5;0;0;11;0;0;0;2;0,1151,4727,4392;4364;4592;4727;2856;3066;3282;2903;1683;2366;1990;1714;1269;2454;2264;1151,0.0,0.0,884.4,0,0,0,0,0,0.0,0,0,0,0,0,0,0,0,0.0,0,0,0,0,0,0.0,0.0,4345.1,0,0,0,70.1,26.62,0.01,0.39,30.61,24.6,63.4,98.38070196854441,0.8473679318926052,19.80738321730965,17.140018020413425,1.1933225435694974,1130.578947368421,0.0,0.0,0.0,0.0,50.31296209280232,0.1,0.0,0.0,0.0,0.0,450.0,884.6,0.0,0.0,1.69,1.152,2.842,25.968,1.662,1.18,emon,0.918,0.752,28.7,13.4,2.145
2026-09-17 21:34:29.242,14.8,0,92,84;11;92;5;0;0;23;3;0;0;16;0;0;0;3;0,804,4729,4711;4720;4728;4729;1376;1237;2479;1291;2104;1772;2289;1640;964;804;1605;982,0.3,0.0,881.2,0,0,0,0,0,0.0,0,0,0,0,0,0,0,0,0.0,0,0,0,0,0,0.0,0.0,4345.1,0,0,0,79.1,26.62,0.01,0.39,30.61,24.7,63.4,96.36575214679425,0.49237127050470847,14.846780437689562,10.221138805150986,2.0255411106806536,999.0,0.0,0.0,0.0,0.0,50.32970628887415,0.1,0.0,0.0,0.0,0.0,450.0,884.1,0.0,0.0,1.69,1.152,2.842,25.968,1.662,1.18,emon,0.918,0.752,28.7,13.4,2.145
2026-09-17 21:34:30.243,14.0,0,98,89;9;98;3;0;0;16;0;0;0;8;0;0;0;0;0,890,4729,4726;4703;4726;4729;1616;1671;2423;1311;2195;2019;2036;2079;942;961;1078;890,0.7,0.0,884.1,0,0,0,0,0,0.0,0,0,0,0,0,0,0,0,0.0,0,0,0,0,0,0.0,0.0,4345.1,0,0,0,80.1,24.23,0.01,0.4,28.36,24.6,63.4,97.58437124888103,1.11845622677356,21.701062366366386,18.83696777621905,3.5116672794586825,1140.6666666666667,0.0,0.0,0.0,0.0,50.27227781961361,0.1,0.0,0.0,0.0,0.0,450.0,884.1,0.0,0.0,2.618,1.178,3.796,40.473,2.59,1.206,emon,0.922,0.673,29.9,13.9,2.148
2026-09-17 21:34:31.244,13.6,0,91,78;15;91;3;0;0;17;0;0;0;12;0;0;0;0;0,797,4725,4725;4724;4709;4698;1248;1726;2250;1250;2265;1690;2388;2686;976;797;1138;996,0.7,0.0,884.1,0,0,0,0,0,0.0,0,0,0,0,0,0,0,0,0.0,0,0,0,0,0,0.0,0.0,4345.1,0,0,0,82.1,24.23,0.01,0.4,28.36,24.7,63.4,95.9418597501867,0.5477758117896669,15.080098923514871,10.916575761402354,2.44129982064752,1103.4117647058824,0.0,0.0,0.0,0.0,50.27930925698841,0.1,0.0,0.0,0.0,0.0,450.0,884.1,0.0,0.0,2.618,1.178,3.796,40.473,2.59,1.206,emon,0.922,0.673,29.9,13.9,2.148
2026-09-17 21:34:32.244,14.7,0,95,88;13;95;5;0;0;17;3;0;0;8;2;0;2;3;0,888,4729,4726;4729;4703;4728;2610;2809;2273;1190;2156;2616;2235;2206;977;888;1086;1069,0.8,0.0,884.1,0,0,0,0,0,0.0,0,0,0,0,0,0,0,0,0.0,0,0,0,0,0,0.0,0.0,4345.1,0,0,0,81.1,24.23,0.01,0.4,28.36,24.7,63.4,98.25189509536281,1.0003927599243594,19.659587314634614,17.213706626133487,2.844297601643837,1179.3030303030303,0.0,0.0,0.0,0.0,51.92369422903567,0.1,0.0,0.0,0.0,0.0,450.0,884.1,0.0,0.0,2.618,1.178,3.796,40.473,2.59,1.206,emon,0.922,0.673,29.9,13.9,2.148
2026-09-17 21:34:33.244,14.9,0,97,85;16;97;2;0;0;20;5;2;0;8;3;0;0;2;0,858,4729,4719;4566;4727;4729;1120;1679;2535;1388;1440;1483;2348;2763;996;858;1136;1037,0.7,0.0,884.1,0,0,0,0,0,0.0,0,0,0,0,0,0,0,0,0.0,0,0,0,0,0,0.0,0.0,4345.1,0,0,0,80.1,24.23,0.01,0.4,28.36,24.6,63.4,97.36873741149903,1.009145343536511,18.495379519462585,15.800241470336914,3.617076187895145,1182.75,0.0,0.0,0.0,0.0,50.29238805361092,0.1,0.0,0.0,0.0,0.0,450.0,884.1,0.0,0.0,2.618,1.178,3.796,40.473,2.59,1.206,emon,0.922,0.673,29.9,13.9,2.148
2026-09-17 21:34:34.245,14.6,0,98,82;16;98;2;0;0;23;3;0;0;9;0;0;0;0;0,833,4723,4723;4703;4677;4419;1954;1418;2415;1317;3024;1372;2155;2085;1110;833;1151;1119,1.0,0.0,889.3,0,0,0,0,0,0.0,0,0,0,0,0,0,0,0,0.0,0,0,0,0,0,0.0,0.0,4345.1,0,0,0,82.1,26.33,0.01,0.4,30.45,24.7,63.4,98.20988273620605,0.4047444951720536,19.991184890270233,18.252166990190744,0.9015945666469634,874.0,0.0,0.0,0.0,0.0,50.227979212999344,0.1,0.0,0.0,0.0,0.0,450.0,889.3,0.0,0.0,2.618,1.178,3.796,40.473,2.59,1.206,emon,0.922,0.673,29.9,13.9,2.148
2026-09-17 21:34:35.245,14.3,0,97,88;8;97;0;0;0;17;6;2;0;10;2;0;0;0;0,810,4679,4630;4356;4679;4534;1338;1736;2298;1275;1093;1446;2298;1670;810;812;1130;1063,0.5,0.0,889.3,0,0,0,0,0,0.0,0,0,0,0,0,0,0,0,0.0,0,0,0,0,0,0.0,0.0,4345.1,0,0,0,84.1,26.33,0.01,0.4,30.45,24.7,63.4,98.3580825805664,1.0033762672295172,19.867777474721272,17.895757407943407,2.8362749740015714,1164.0,0.0,0.0,0.0,0.0,50.28249551405509,0.0,0.0,0.0,0.0,0.0,450.0,889.3,0.0,0.0,2.618,1.178,3.796,40.473,2.59,1.206,emon,0.922,0.673,29.9,13.9,2.148
2026-09-17 21:34:36.245,13.9,0,98,75;22;98;2;0;0;16;0;2;0;6;2;0;0;2;0,785,4728,4724;4691;4723;4728;2262;1755;2566;1416;2704;1521;2246;2994;1266;785;1142;1090,1.1,0.0,887.5,0,0,0,0,0,0.0,0,0,0,0,0,0,0,0,0.0,0,0,0,0,0,0.0,0.0,4345.1,0,0,0,83.1,26.33,0.01,0.4,30.45,24.7,63.4,98.03544759750366,1.4025324993999675,21.324838243424892,18.22711098380387,2.434137307558558,1117.75,0.0,0.0,0.0,0.0,50.23134908825159,0.1,0.0,0.0,0.0,0.0,450.0,887.4,0.0,0.0,2.618,1.178,3.796,40.473,2.59,1.206,emon,0.922,0.673,29.9,13.9,2.148
2026-09-17 21:34:37.245,16.0,2,94,69;27;94;6;2;2;25;5;2;2;16;2;2;2;2;2,960,4723,4682;4695;4723;4569;2902;3337;2539;2632;3098;3285;2259;2484;1141;960;1671;1753,0.4,0.0,887.5,0,0,0,0,0,0.0,0,0,0,0,0,0,0,0,0.0,0,0,0,0,0,0.0,0.0,4345.1,0,0,0,78.1,26.33,0.01,0.4,30.45,24.7,63.4,98.03544759750366,1.4025324993999675,21.324838243424892,18.22711098380387,2.434137307558558,1117.75,0.0,0.0,0.0,0.0,50.23134908825159,0.0,0.0,0.0,0.0,0.0,450.0,887.5,0.0,0.0,2.618,1.178,3.796,40.473,2.59,1.206,emon,0.922,0.673,29.9,13.9,2.148
2026-09-17 21:34:38.246,14.2,0,95,78;22;95;2;0;0;12;3;0;0;14;0;0;0;0;0,678,4727,4724;4707;4727;4727;2884;3058;2483;1302;3423;2935;2390;2536;868;678;1029;951,0.6,0.0,887.5,0,0,0,0,0,0.0,0,0,0,0,0,0,0,0,0.0,0,0,0,0,0,0.0,0.0,4345.1,0,0,0,82.1,25.51,0.01,0.4,29.65,24.6,63.4,95.38738604954311,0.24642925629658358,10.907734785761152,4.597243443131447,1.2643875990595137,920.4285714285714,0.0,0.0,0.0,0.0,50.359464375036104,0.1,0.0,0.0,0.0,0.0,450.0,887.5,0.0,0.0,2.618,1.178,3.796,40.473,2.59,1.206,emon,0.922,0.673,29.9,13.9,2.148
2026-09-17 21:34:39.246,13.7,0,94,82;23;94;2;0;0;12;0;0;0;6;0;0;0;0;0,970,4728,4676;4487;4720;4728;1999;2971;2368;1226;2320;1552;1943;1982;970;1059;1113;1051,0.2,0.0,885.7,0,0,0,0,0,0.0,0,0,0,0,0,0,0,0,0.0,0,0,0,0,0,0.0,0.0,4345.1,0,0,0,83.1,25.51,0.01,0.4,29.65,24.6,63.4,97.48301481589293,1.003932402206537,19.68237347786243,17.17624610968125,3.5671619950817566,1132.3333333333333,0.0,0.0,0.0,0.0,51.6198288844182,0.1,0.0,0.0,0.0,0.0,450.0,885.7,0.0,0.0,2.618,1.178,3.796,40.473,2.59,1.206,emon,0.922,0.673,29.9,13.9,2.148
2026-09-17 21:34:40.247,14.5,0,92,88;14;92;2;0;0;19;0;3;0;12;0;0;0;2;0,769,4729,4722;4629;4728;4729;1633;1671;2551;1274;3045;1866;1994;2192;958;769;1127;862,0.8,0.0,881.3,0,0,0,0,0,0.0,0,0,0,0,0,0,0,0,0.0,0,0,0,0,0,0.0,0.0,4345.1,0,0,0,81.1,25.51,0.01,0.4,29.65,24.7,63.4,95.98352568490165,0.6460888207490955,16.775731836046493,12.67994621183191,2.487705455294677,1082.9285714285713,0.0,0.0,0.0,0.0,50.31137802132538,0.1,0.0,0.0,0.0,0.0,450.0,884.7,0.0,0.0,2.618,1.178,3.796,40.473,2.59,1.206,emon,0.922,0.673,29.9,13.9,2.148
2026-09-17 21:34:41.247,14.4,0,94,86;14;94;0;0;0;14;3;0;0;19;0;0;0;0;0,832,4725,4701;4634;4722;4725;1642;2035;2218;1364;2371;1690;2521;2685;1037;832;1160;1010,0.0,0.0,882.8,0,0,0,0,0,0.0,0,0,0,0,0,0,0,0,0.0,0,0,0,0,0,0.0,0.0,4345.1,0,0,0,82.1,25.51,0.01,0.4,29.65,24.7,63.4,98.03617239898105,0.903148014818863,17.969037064966166,15.783920705740181,3.0646586578409627,1162.2075471698113,0.0,0.0,0.0,0.0,51.3011614101113,0.1,0.0,0.0,0.0,0.0,450.0,882.8,0.0,0.0,2.618,1.178,3.796,40.473,2.59,1.206,emon,0.922,0.673,29.9,13.9,2.148
2026-09-17 21:34:42.247,14.7,0,91,85;19;91;2;0;0;19;0;0;0;14;3;0;0;3;0,902,4729,4715;4466;4728;4729;3193;3036;2518;1332;2469;1502;2060;1933;929;946;1098;902,0.0,0.0,885.7,0,0,0,0,0,0.0,0,0,0,0,0,0,0,0,0.0,0,0,0,0,0,0.0,0.0,4345.1,0,0,0,82.1,25.67,0.01,0.4,29.8,24.6,63.4,97.30614757537842,1.231594430631958,20.397576337059338,17.762957176193595,2.221392591459638,1063.5833333333333,0.0,0.0,0.0,0.0,50.33335370756686,0.0,0.0,0.0,0.0,0.0,450.0,885.7,0.0,0.0,2.367,1.12,3.487,36.744,2.352,1.135,emon,0.924,0.857,27.6,12.9,2.145
2026-09-17 21:34:43.248,14.2,0,96,65;35;96;0;0;0;12;3;0;0;14;2;0;0;2;0,942,4729,4720;4617;4724;4729;2525;2492;2333;1280;1190;2411;2747;1264;1093;942;1183;1055,0.0,0.0,884.1,0,0,0,0,0,0.0,0,0,0,0,0,0,0,0,0.0,0,0,0,0,0,0.0,0.0,4345.1,0,0,0,81.1,25.67,0.01,0.4,29.8,24.6,63.4,98.12296295166016,1.2676460825605318,21.86183024942875,20.06760606635362,1.302545204962371,1117.75,0.0,0.0,0.0,0.0,51.1241388367489,0.1,0.0,0.0,0.0,0.0,450.0,884.1,0.0,0.0,2.367,1.12,3.487,36.744,2.352,1.135,emon,0.924,0.857,27.6,12.9,2.145
2026-09-17 21:34:44.248,14.5,0,97,33;64;97;2;0;0;8;14;0;0;2;12;0;0;0;0,917,4729,4714;4720;4728;4729;1385;2252;2673;2398;1513;1500;2482;2316;1039;1105;917;1084,0.0,0.0,889.4,0,0,0,0,0,0.0,0,0,0,0,0,0,0,0,0.0,0,0,0,0,0,0.0,0.0,4345.1,0,0,0,84.1,25.67,0.01,0.4,29.8,24.6,63.4,98.53060913085938,0.9163501726463437,16.892315860589346,14.996129098037878,2.5291557994515945,1199.0,0.0,0.0,0.0,0.0,53.68454863876104,0.1,0.0,0.0,0.0,0.0,450.0,889.4,0.0,0.0,2.367,1.12,3.487,36.744,2.352,1.135,emon,0.924,0.857,27.6,12.9,2.145
2026-09-17 21:34:45.248,14.5,0,95,8;86;95;5;5;2;0;19;3;0;0;9;0;0;0;0,915,4728,4724;4721;4726;4728;3280;2849;2368;2205;2065;1532;1394;2454;1129;1042;915;1126,0.4,0.0,889.4,0,0,0,0,0,0.0,0,0,0,0,0,0,0,0,0.0,0,0,0,0,0,0.0,0.0,4345.1,0,0,0,84.1,25.67,0.01,0.4,29.8,24.6,63.4,95.86697483062744,0.4285394884645939,14.321526944637299,10.007581681013107,3.9413921236991882,1158.375,0.0,0.0,0.0,0.0,50.28023358620703,0.1,0.0,0.0,0.0,0.0,450.0,889.4,0.0,0.0,2.367,1.12,3.487,36.744,2.352,1.135,emon,0.924,0.857,27.6,12.9,2.145
2026-09-17 21:34:46.249,14.1,0,95,12;86;95;3;0;0;0;16;0;0;0;11;0;0;0;2,1045,4721,4503;4721;4713;4717;2845;2655;1890;2209;1705;1242;1190;1971;1104;1066;1045;1100,0.4,0.0,889.4,0,0,0,0,0,0.0,0,0,0,0,0,0,0,0,0.0,0,0,0,0,0,0.0,0.0,4345.1,0,0,0,82.1,27.36,0.01,0.4,31.37,24.6,63.4,96.5087890625,0.618927518526713,16.843895594278973,13.35256290435791,4.194860140482585,982.3333333333334,0.0,0.0,0.0,0.0,50.36414477229118,0.1,0.0,0.0,0.0,0.0,450.0,884.1,0.0,0.0,2.367,1.12,3.487,36.744,2.352,1.135,emon,0.924,0.857,27.6,12.9,2.145
2026-09-17 21:34:47.249,14.4,0,94,9;86;94;2;0;0;0;17;2;0;0;19;0;0;0;3,904,4723,4723;4723;4685;4714;2281;1965;2516;2434;2908;1765;1829;2329;988;916;904;1069,0.7,0.0,884.1,0,0,0,0,0,0.0,0,0,0,0,0,0,0,0,0.0,0,0,0,0,0,0.0,0.0,4345.1,0,0,0,81.1,27.36,0.01,0.4,31.37,24.6,63.4,94.86285137308055,0.4968272193238653,13.255440004940692,8.943782777621829,2.419757843017578,961.0689655172414,0.0,0.0,0.0,0.0,49.12953621354596,0.1,0.0,0.0,0.0,0.0,450.0,884.1,0.0,0.0,2.367,1.12,3.487,36.744,2.352,1.135,emon,0.924,0.857,27.6,12.9,2.145
2026-09-17 21:34:48.249,14.9,0,95,11;88;95;0;3;0;0;23;0;0;0;19;0;0;0;0,915,4729,4729;4727;4602;4729;1312;1706;1794;2489;2539;1600;1843;2267;1134;1017;915;1160,0.8,0.0,885.2,0,0,0,0,0,0.0,0,0,0,0,0,0,0,0,0.0,0,0,0,0,0,0.0,0.0,4345.1,0,0,0,81.1,27.36,0.01,0.4,31.37,24.6,63.4,96.98468399047852,0.5209487676620483,14.985172271728516,12.57469367980957,5.823448181152344,1199.0,0.0,0.0,0.0,0.0,50.292453438043594,0.1,0.0,0.0,0.0,0.0,450.0,885.2,0.0,0.0,2.367,1.12,3.487,36.744,2.352,1.135,emon,0.924,0.857,27.6,12.9,2.145
2026-09-17 21:34:49.250,14.4,0,89,14;83;89;5;0;0;0;14;2;0;0;22;0;0;0;2,903,4722,4721;4722;4632;4708;2370;1580;1377;2289;3075;2211;1826;2468;1087;933;903;1126,0.9,0.0,885.2,0,0,0,0,0,0.0,0,0,0,0,0,0,0,0,0.0,0,0,0,0,0,0.0,0.0,4345.1,0,0,0,84.1,27.36,0.01,0.4,31.37,24.7,63.4,98.0777518532493,0.9684733944648708,19.581979022784665,17.388727996498346,2.7773685560228345,1139.909090909091,0.0,0.0,0.0,0.0,52.6253563917496,0.1,0.0,0.0,0.0,0.0,450.0,885.2,0.0,0.0,2.367,1.12,3.487,36.744,2.352,1.135,emon,0.924,0.857,27.6,12.9,2.145
2026-09-17 21:34:50.250,14.7,0,98,15;78;98;2;2;0;0;23;0;0;0;17;0;0;0;0,770,4724,4710;4718;4724;4527;3110;1721;2523;2418;3283;2247;1607;2441;968;837;770;1087,0.9,0.0,890.5,0,0,0,0,0,0.0,0,0,0,0,0,0,0,0,0.0,0,0,0,0,0,0.0,0.0,4345.1,0,0,0,82.1,25.26,0.01,0.4,29.37,24.7,63.4,97.2009391784668,2.616021513938904,23.194485346476238,20.552847544352215,0.0003491546958684921,1199.0,0.0,0.0,0.0,0.0,50.26379040380319,0.1,0.0,0.0,0.0,0.0,450.0,890.5,0.0,0.0,2.367,1.12,3.487,36.744,2.352,1.135,emon,0.924,0.857,27.6,12.9,2.145
2026-09-17 21:34:51.251,14.4,0,100,14;83;100;0;0;0;0;17;0;0;0;16;0;0;0;2,851,4616,4468;4616;4375;4105;2353;1879;2281;2252;2040;2126;2874;2321;1001;946;851;1300,0.8,0.0,889.6,0,0,0,0,0,0.0,0,0,0,0,0,0,0,0,0.0,0,0,0,0,0,0.0,0.0,4345.1,0,0,0,84.1,25.26,0.01,0.4,29.37,24.7,63.4,97.40202897594821,1.023495927633297,18.987971594256738,16.196679178745516,2.4959715221437717,1207.0645161290322,0.0,0.0,0.0,0.0,51.9582902539161,0.1,0.0,0.0,0.0,0.0,450.0,889.6,0.0,0.0,2.367,1.12,3.487,36.744,2.352,1.135,emon,0.924,0.857,27.6,12.9,2.145
2026-09-17 21:34:52.251,14.6,0,97,12;85;97;5;0;0;0;14;0;0;0;15;2;2;0;2,770,4726,4726;4721;4376;3329;2571;2977;2802;1970;1212;1810;2282;2780;1080;2154;770;1741,0.4,0.0,889.6,0,0,0,0,0,0.0,0,0,0,0,0,0,0,0,0.0,0,0,0,0,0,0.0,0.0,4345.1,0,0,0,80.1,25.26,0.01,0.4,29.37,24.7,63.4,97.51017895866843,1.316388045601985,18.954215498531568,16.148048861061824,1.9193040046512204,1084.2941176470588,0.0,0.0,0.0,0.0,53.38033867408247,0.0,0.0,0.0,0.0,0.0,450.0,889.6,0.0,0.0,2.367,1.12,3.487,36.744,2.352,1.135,emon,0.924,0.857,27.6,12.9,2.145
2026-09-17 21:34:53.251,14.0,0,97,14;80;97;0;0;0;0;20;0;0;0;12;0;0;0;0,908,4721,4635;4721;4674;4702;1590;1754;1655;2189;1463;1668;1769;2426;1023;1044;908;1537,0.2,0.0,885.6,0,0,0,0,0,0.0,0,0,0,0,0,0,0,0,0.0,0,0,0,0,0,0.0,0.0,4345.1,0,0,0,80.1,25.26,0.01,0.4,29.37,24.7,63.4,98.51990600585937,1.1206721040606498,18.507855863571166,16.10070159494877,2.3234726382791995,1115.0,0.0,0.0,0.0,0.0,52.35481451272965,0.1,0.0,0.0,0.0,0.0,450.0,885.6,0.0,0.0,2.367,1.12,3.487,36.744,2.352,1.135,emon,0.924,0.857,27.6,12.9,2.145
2026-09-17 21:34:54.251,14.6,0,100,16;86;100;2;0;2;2;14;2;0;0;10;2;0;0;0,901,4729,4722;4720;4728;4729;2496;3346;3427;2289;1773;1560;1427;2138;1028;1027;901;1151,0.0,0.0,885.6,0,0,0,0,0,0.0,0,0,0,0,0,0,0,0,0.0,0,0,0,0,0,0.0,0.0,4345.1,0,0,0,85.1,23.97,0.01,0.4,28.06,24.8,63.4,98.31497049331665,1.3980035888962448,19.92923502624035,17.13442065473646,1.8602814605692402,1117.75,0.0,0.0,0.0,0.0,50.30296359024942,0.0,0.0,0.0,0.0,0.0,450.0,885.6,0.0,0.0,2.367,1.12,3.487,36.744,2.352,1.135,emon,0.924,0.857,27.6,12.9,2.145
2026-09-17 21:34:55.252,14.3,0,98,9;84;98;3;2;0;0;16;2;0;0;15;0;0;0;0,953,4729,4721;4724;4728;4729;2167;2392;2229;2032;3343;1658;1727;2744;1035;953;1087;1126,0.0,0.0,885.6,0,0,0,0,0,0.0,0,0,0,0,0,0,0,0,0.0,0,0,0,0,0,0.0,0.0,4345.1,0,0,0,86.1,23.97,0.01,0.4,28.06,25.0,63.4,97.2983299704159,1.2688560067292523,19.21722175794489,16.460736989974976,1.6560723839245517,1122.5294117647059,0.0,0.0,0.0,0.0,53.26312745669309,0.0,0.0,0.0,0.0,0.0,450.0,885.6,0.0,0.0,2.367,1.12,3.487,36.744,2.352,1.135,emon,0.924,0.857,27.6,12.9,2.145
2026-09-17 21:34:56.252,14.1,0,100,11;87;100;3;0;0;0;12;0;0;0;12;0;0;0;0,870,4729,4723;4725;4728;4729;1378;2754;2538;2178;2334;1599;1719;2231;1085;870;893;1107,0.0,0.0,885.6,0,0,0,0,0,0.0,0,0,0,0,0,0,0,0,0.0,0,0,0,0,0,0.0,0.0,4345.1,0,0,0,86.1,23.97,0.01,0.4,28.06,25.1,63.4,98.57535777372472,1.2669025026261806,18.24487091513241,15.682230357738103,1.7159483955132173,931.3529411764706,0.0,0.0,0.0,0.0,53.27381093887722,0.0,0.0,0.0,0.0,0.0,450.0,885.6,0.0,0.0,2.282,0.837,3.119,35.513,2.273,0.846,emon,0.944,0.784,29.2,13.5,2.162
2026-09-17 21:34:57.252,13.8,0,98,14;86;98;0;2;2;0;8;0;0;0;9;0;0;0;2,900,4729,4725;4727;4727;4729;2815;3421;2413;2092;1249;1627;1746;2362;1089;913;900;1171,0.0,0.0,885.6,0,0,0,0,0,0.0,0,0,0,0,0,0,0,0,0.0,0,0,0,0,0,0.0,0.0,4345.1,0,0,0,82.1,23.97,0.01,0.4,28.06,25.1,63.4,97.95104837417603,1.4004978073062375,19.073009684681892,16.412008524872363,1.5171902235106245,1036.5,0.0,0.0,0.0,0.0,50.324461448937654,0.0,0.0,0.0,0.0,0.0,450.0,885.6,0.0,0.0,2.282,0.837,3.119,35.513,2.273,0.846,emon,0.944,0.784,29.2,13.5,2.162
2026-09-17 21:34:58.252,14.4,0,92,27;76;92;3;2;0;0;22;0;0;0;6;0;0;0;3,763,4729,4729;4723;4728;4704;2969;2208;1947;2581;2167;2584;1726;2028;961;767;763;1166,0.4,0.0,890.5,0,0,0,0,0,0.0,0,0,0,0,0,0,0,0,0.0,0,0,0,0,0,0.0,0.0,4345.1,0,0,0,83.1,28.16,0.01,0.4,32.31,25.0,63.4,96.2529401143392,0.9907649084925652,16.924851989746095,13.16554126938184,3.5314496452648503,1152.3333333333333,0.0,0.0,0.0,0.0,50.26171024441719,0.1,0.0,0.0,0.0,0.0,450.0,885.6,0.0,0.0,2.282,0.837,3.119,35.513,2.273,0.846,emon,0.944,0.784,29.2,13.5,2.162
2026-09-17 21:34:59.253,13.8,0,97,6;89;97;3;0;0;0;9;2;0;0;14;0;0;0;0,833,4727,4723;4724;4727;4671;1823;2969;2671;2227;2494;1736;1856;2351;980;853;833;1164,0.4,0.0,890.5,0,0,0,0,0,0.0,0,0,0,0,0,0,0,0,0.0,0,0,0,0,0,0.0,0.0,4345.1,0,0,0,88.1,28.16,0.01,0.4,32.31,25.0,63.4,96.2375317449155,0.34381799448443495,11.548919978349105,6.429320444231448,1.7275194263328677,1015.304347826087,0.0,0.0,0.0,0.0,50.317765062269956,0.1,0.0,0.0,0.0,0.0,450.0,890.5,0.0,0.0,2.282,0.837,3.119,35.513,2.273,0.846,emon,0.944,0.784,29.2,13.5,2.162
2026-09-17 21:35:00.253,14.0,0,100,22;78;100;2;0;0;0;16;0;0;0;6;0;0;0;0,997,4726,4722;4721;4726;4713;2276;2754;2371;2375;2343;1996;2038;2107;997;1049;1307;1111,0.2,0.0,885.2,0,0,0,0,0,0.0,0,0,0,0,0,0,0,0,0.0,0,0,0,0,0,0.0,0.0,4345.1,0,0,0,81.1,28.16,0.01,0.4,32.31,25.0,63.4,96.3226872253418,0.5462449189275503,15.472488899230957,10.856469616889953,1.8551270812749863,1017.0,0.0,0.0,0.0,0.0,50.324686723351476,0.1,0.0,0.0,0.0,0.0,450.0,885.2,0.0,0.0,2.282,0.837,3.119,35.513,2.273,0.846,emon,0.944,0.784,29.2,13.5,2.162
2026-09-17 21:35:01.253,14.6,0,96,28;70;96;2;2;2;0;18;0;0;0;16;0;0;0;2,855,4729,4728;4722;4728;4729;3040;1570;1529;2382;2672;2103;1755;2525;1610;958;855;1805,0.3,0.0,881.2,0,0,0,0,0,0.0,0,0,0,0,0,0,0,0,0.0,0,0,0,0,0,0.0,0.0,4345.1,0,0,0,81.1,28.16,0.01,0.4,32.31,25.0,63.4,96.80760192871094,0.8103733166036281,14.555856011130594,10.810998141765594,2.906166829846122,1080.8181818181818,0.0,0.0,0.0,0.0,50.31811234625903,0.1,0.0,0.0,0.0,0.0,450.0,881.4,0.0,0.0,2.282,0.837,3.119,35.513,2.273,0.846,emon,0.944,0.784,29.2,13.5,2.162
2026-09-17 21:35:02.254,14.1,0,98,8;89;98;2;2;0;0;18;0;0;0;8;0;0;0;0,948,4729,4717;4725;4728;4729;3267;1340;3119;2491;1481;1345;1360;2335;1140;948;1051;1539,0.0,0.0,881.4,0,0,0,0,0,0.0,0,0,0,0,0,0,0,0,0.0,0,0,0,0,0,0.0,0.0,4345.1,0,0,0,84.1,28.16,0.01,0.4,32.31,25.0,63.4,97.52077531814575,1.3312432509846985,21.030500166118145,17.41136032063514,1.7996764388808515,1070.875,0.0,0.0,0.0,0.0,50.34083042293787,0.1,0.0,0.0,0.0,0.0,450.0,886.6,0.0,0.0,2.282,0.837,3.119,35.513,2.273,0.846,emon,0.944,0.784,29.2,13.5,2.162
2026-09-17 21:35:03.254,14.3,0,97,14;84;97;8;2;0;0;14;0;0;0;8;0;0;0;2,816,4729,4729;4723;4724;4701;2671;2539;2025;2270;1673;1353;1197;2435;1022;816;1146;1488,0.6,0.0,886.6,0,0,0,0,0,0.0,0,0,0,0,0,0,0,0,0.0,0,0,0,0,0,0.0,0.0,4345.1,0,0,0,87.1,28.16,0.01,0.4,32.31,25.0,63.4,96.79263305664062,0.5460807681083679,14.983966827392578,12.234062194824219,5.971890449523926,1199.0,0.0,0.0,0.0,0.0,50.29923763871193,0.1,0.0,0.0,0.0,0.0,450.0,887.6,0.0,0.0,2.282,0.837,3.119,35.513,2.273,0.846,emon,0.944,0.784,29.2,13.5,2.162
2026-09-17 21:35:04.254,14.6,0,95,14;80;95;5;0;0;0;14;3;0;0;17;0;0;0;5,843,4729,4729;4724;4701;4729;2267;1831;2078;2242;2450;1396;1522;2740;1033;1139;843;1117,0.8,0.0,887.6,0,0,0,0,0,0.0,0,0,0,0,0,0,0,0,0.0,0,0,0,0,0,0.0,0.0,4345.1,0,0,0,82.1,28.16,0.01,0.4,32.31,25.0,63.4,98.15019226074219,0.9777152830830369,18.64530017437079,16.208422949298836,2.503643019769627,1099.0,0.0,0.0,0.0,0.0,51.61331532780941,0.1,0.0,0.0,0.0,0.0,450.0,887.6,0.0,0.0,2.282,0.837,3.119,35.513,2.273,0.846,emon,0.944,0.784,29.2,13.5,2.162
2026-09-17 21:35:05.255,14.2,0,98,15;82;98;0;2;0;0;8;0;0;0;23;0;0;0;0,886,4689,4625;4689;4649;4604;2111;3320;2575;2120;2062;2658;2935;2668;960;893;886;1073,0.5,0.0,892.8,0,0,0,0,0,0.0,0,0,0,0,0,0,0,0,0.0,0,0,0,0,0,0.0,0.0,4345.1,0,0,0,84.1,28.16,0.01,0.4,32.31,25.1,63.4,97.78194023581112,1.228375929133857,18.315582268378314,15.533181397353902,1.508929044679355,1084.2941176470588,0.0,0.0,0.0,0.0,53.26139504944577,0.0,0.0,0.0,0.0,0.0,450.0,892.8,0.0,0.0,2.282,0.837,3.119,35.513,2.273,0.846,emon,0.944,0.784,29.2,13.5,2.162
2026-09-17 21:35:06.255,14.4,0,97,19;85;97;3;0;0;0;15;0;0;0;11;0;0;0;0,921,4728,4703;4724;4717;4728;2072;2427;2302;2334;2649;2672;3044;2372;1101;1006;921;1154,0.6,0.0,892.8,0,0,0,0,0,0.0,0,0,0,0,0,0,0,0,0.0,0,0,0,0,0,0.0,0.0,4345.1,0,0,0,85.1,0.0,0.0,0.0,0.0,24.3,63.4,96.92434992109027,1.0776308755656439,18.90918034740857,16.03764173122389,3.505625770244348,1013.2857142857143,0.0,0.0,0.0,0.0,50.30026126546519,0.0,0.0,0.0,0.0,0.0,450.0,892.8,0.0,0.0,2.282,0.837,3.119,35.513,2.273,0.846,emon,0.944,0.784,29.2,13.5,2.162
2026-09-17 21:35:07.255,14.4,0,100,3;94;100;11;3;0;0;8;0;0;0;9;0;0;0;3,1255,4729,4729;4724;4727;4729;2791;1901;2815;2222;2108;2104;2195;2449;1585;1522;1255;2084,0.4,0.0,892.8,0,0,0,0,0,0.0,0,0,0,0,0,0,0,0,0.0,0,0,0,0,0,0.0,0.0,4345.1,0,0,0,86.1,0.0,0.0,0.0,0.0,24.4,63.4,97.62072563171387,1.2989515212830156,19.79559649527073,16.860371037386358,1.602236595877912,1161.5,0.0,0.0,0.0,0.0,50.22802989464253,0.0,0.0,0.0,0.0,0.0,450.0,892.8,0.0,0.0,2.282,0.837,3.119,35.513,2.273,0.846,emon,0.944,0.784,29.2,13.5,2.162
2026-09-17 21:35:08.256,14.2,0,97,5;82;97;2;2;0;0;25;0;0;0;16;0;0;0;0,935,4729,4720;4710;4727;4729;2820;1939;2438;2754;1551;2163;2122;2381;1064;1050;935;1148,0.5,0.0,892.8,0,0,0,0,0,0.0,0,0,0,0,0,0,0,0,0.0,0,0,0,0,0,0.0,0.0,4345.1,0,0,0,85.1,0.0,0.0,0.0,0.0,24.4,63.4,96.93971665700276,1.1874486846694101,20.88297539452712,18.11733311228454,2.6325944139874387,1144.8333333333333,0.0,0.0,0.0,0.0,50.263908921430506,0.0,0.0,0.0,0.0,0.0,450.0,892.8,0.0,0.0,1.521,0.918,2.44,23.165,1.483,0.957,emon,0.93,0.903,28.8,13.3,2.159
2026-09-17 21:35:09.257,14.5,0,94,12;86;94;3;3;0;0;17;0;0;0;12;2;0;0;3,963,4729,4729;4725;4728;4729;3319;1992;2186;2221;2297;2075;1596;2420;993;963;1058;1079,0.6,0.0,892.8,0,0,0,0,0,0.0,0,0,0,0,0,0,0,0,0.0,0,0,0,0,0,0.0,0.0,4345.1,0,0,0,87.1,0.0,0.0,0.0,0.0,24.5,63.4,97.06964284723455,0.7199580818414688,14.621061715212734,10.46143300966783,4.178624919869683,937.6363636363636,0.0,0.0,0.0,0.0,50.33298348296773,0.0,0.0,0.0,0.0,0.0,450.0,892.8,0.0,0.0,1.521,0.918,2.44,23.165,1.483,0.957,emon,0.93,0.903,28.8,13.3,2.159
2026-09-17 21:35:10.257,14.8,0,94,8;44;94;3;3;0;0;74;0;0;0;8;0;3;0;2,922,4728,4686;4617;4726;4728;2571;3114;3247;3296;1795;1681;1588;2070;986;922;1003;1288,0.1,0.0,887.6,0,0,0,0,0,0.0,0,0,0,0,0,0,0,0,0.0,0,0,0,0,0,0.0,0.0,4345.1,0,0,0,70.1,29.38,0.0,0.34,32.29,24.4,63.4,92.6182746887207,0.6933907866477966,15.15546703338623,12.034010887145996,3.4005229473114014,874.0,0.0,0.0,0.0,0.0,50.33901247382164,0.1,0.0,0.0,0.0,0.0,450.0,887.6,0.0,0.0,1.521,0.918,2.44,23.165,1.483,0.957,emon,0.93,0.903,28.8,13.3,2.159
2026-09-17 21:35:11.257,14.6,0,95,2;40;95;0;2;0;0;83;0;0;0;11;0;0;0;2,831,4722,4644;4658;4722;4701;2894;3345;3331;3293;1698;1498;1580;2085;1019;965;831;1383,0.5,0.0,881.3,0,0,0,0,0,0.0,0,0,0,0,0,0,0,0,0.0,0,0,0,0,0,0.0,0.0,4345.1,0,0,0,72.1,29.38,0.0,0.34,32.29,24.4,63.4,95.95101055346038,0.34862850743689033,12.97340444514626,7.6450901502057125,1.464934817233466,1118.7368421052631,0.0,0.0,0.0,0.0,50.26496123051957,0.1,0.0,0.0,0.0,0.0,450.0,886.6,0.0,0.0,1.521,0.918,2.44,23.165,1.483,0.957,emon,0.93,0.903,28.8,13.3,2.159
2026-09-17 21:35:12.257,14.8,0,92,8;44;92;3;0;0;2;77;0;0;0;11;0;0;0;0,833,4728,4684;4642;4721;4728;2828;3258;3050;3299;2029;1682;1528;1945;963;890;833;2165,0.0,0.0,883.0,0,0,0,0,0,0.0,0,0,0,0,0,0,0,0,0.0,0,0,0,0,0,0.0,0.0,4345.1,0,0,0,66.1,29.38,0.0,0.34,32.29,24.4,63.4,97.76558039738582,0.9584401878886498,17.63138576959952,14.934305891776697,2.842544447344083,1101.5641025641025,0.0,0.0,0.0,0.0,51.60999262906038,0.1,0.0,0.0,0.0,0.0,450.0,883.0,0.0,0.0,1.521,0.918,2.44,23.165,1.483,0.957,emon,0.93,0.903,28.8,13.3,2.159
2026-09-17 21:35:13.258,14.3,0,98,3;44;98;2;0;0;0;72;2;0;0;8;0;0;0;0,879,4728,4583;4651;4725;4728;3199;3284;3005;3284;3249;1989;3122;2270;1108;928;879;1105,0.0,0.0,883.0,0,0,0,0,0,0.0,0,0,0,0,0,0,0,0,0.0,0,0,0,0,0,0.0,0.0,4345.1,0,0,0,74.1,29.38,0.0,0.34,32.29,24.4,63.4,97.74246025085449,1.1729982634618257,21.077283998330433,18.321281351149082,3.282667100720573,1096.9166666666667,0.0,0.0,0.0,0.0,50.33276846384009,0.0,0.0,0.0,0.0,0.0,450.0,885.9,0.0,0.0,1.521,0.918,2.44,23.165,1.483,0.957,emon,0.93,0.903,28.8,13.3,2.159
2026-09-17 21:35:14.258,14.3,0,98,71;21;98;2;9;2;0;12;14;0;0;2;0;0;0;0,980,4729,4722;4704;4727;4729;1908;3173;1655;3177;2413;1428;1293;1640;1376;1078;980;1072,0.0,0.0,885.9,0,0,0,0,0,0.0,0,0,0,0,0,0,0,0,0.0,0,0,0,0,0,0.0,0.0,4345.1,0,0,0,83.1,23.65,0.01,0.34,26.64,24.6,63.4,98.0695230102539,1.050995358750224,18.62307671070099,15.645061902403832,1.757600558931008,1147.0,0.0,0.0,0.0,0.0,52.42203145861626,0.0,0.0,0.0,0.0,0.0,450.0,891.1,0.0,0.0,1.521,0.918,2.44,23.165,1.483,0.957,emon,0.93,0.903,28.8,13.3,2.159
2026-09-17 21:35:15.258,16.4,0,94,85;12;94;0;33;0;0;0;34;0;0;0;3;0;0;0,1057,4727,4726;4726;4727;4704;2785;2734;2290;1401;2873;2417;2919;3173;2084;1128;1057;1076,0.0,0.0,891.1,0,0,0,0,0,0.0,0,0,0,0,0,0,0,0,0.0,0,0,0,0,0,0.0,0.0,4345.1,0,0,0,79.1,23.65,0.01,0.34,26.64,24.5,63.4,96.94291880289714,0.5436457166820765,14.50732711315155,11.121071158448855,1.5482024460782606,1115.6666666666667,0.0,0.0,0.0,0.0,52.31714781343937,0.1,0.0,0.0,0.0,0.0,450.0,889.4,0.0,0.0,1.521,0.918,2.44,23.165,1.483,0.957,emon,0.93,0.903,28.8,13.3,2.159
2026-09-17 21:35:16.259,19.4,0,88,48;14;88;0;56;0;0;6;77;2;0;0;14;0;2;2,1250,4729,4594;4709;4724;4729;3021;2762;2352;1865;3268;2481;2851;2832;2421;2212;2644;1250,0.1,0.0,881.2,0,0,0,0,0,0.0,0,0,0,0,0,0,0,0,0.0,0,0,0,0,0,0.0,0.0,4345.1,0,0,0,65.1,23.65,0.01,0.34,26.64,24.4,63.4,98.50363794962566,0.8275115037492166,17.158541853229206,14.462465677720806,1.7040928210287045,1143.7916666666667,0.0,0.0,0.0,0.0,52.437196883683406,0.1,0.0,0.0,0.0,0.0,450.0,883.5,0.0,0.0,1.521,0.918,2.44,23.165,1.483,0.957,emon,0.93,0.903,28.8,13.3,2.159
2026-09-17 21:35:17.259,17.9,0,98,50;17;98;9;22;11;0;3;55;5;2;0;15;0;0;0,957,4729,4587;4674;4717;4729;2649;3199;3044;1512;3289;3108;2574;3426;2603;1083;957;979,0.0,0.0,883.5,0,0,0,0,0,0.0,0,0,0,0,0,0,0,0,0.0,0,0,0,0,0,0.0,0.0,4345.1,0,0,0,76.1,23.65,0.01,0.34,26.64,24.5,63.4,97.80106596513228,1.3236059018156745,22.77455325560136,19.910835190252826,2.6165882010669024,1144.4545454545455,0.0,0.0,0.0,0.0,50.24061939526688,0.0,0.0,0.0,0.0,0.0,450.0,886.4,0.0,0.0,1.521,0.918,2.44,23.165,1.483,0.957,emon,0.93,0.903,28.8,13.3,2.159
2026-09-17 21:35:18.259,20.8,0,98,71;35;98;17;25;16;8;8;25;17;2;0;11;0;0;0,1110,4725,4706;4707;4725;4720;2653;3188;3335;2894;2883;3133;3399;3123;2695;1113;1179;1110,0.9,0.0,890.4,0,0,0,0,0,0.0,0,0,0,0,0,0,0,0,0.0,0,0,0,0,0,0.0,0.0,4345.1,0,0,0,88.1,27.3,0.01,0.34,30.42,24.5,63.4,97.24945831298828,0.7588149394307818,16.868623188563756,14.629796573093959,4.580744334629604,1027.5714285714287,0.0,0.0,0.0,0.0,50.24768175184727,0.1,0.0,0.0,0.0,0.0,450.0,890.4,0.0,0.0,1.521,0.918,2.44,23.165,1.483,0.957,emon,0.93,0.903,28.8,13.3,2.159
2026-09-17 21:35:19.259,18.6,0,94,59;21;94;13;32;6;10;2;41;8;6;0;8;0;0;0,924,4720,4630;4674;4720;4702;2943;3235;3438;2825;3135;3327;3450;3301;2657;1276;1010;924,0.9,0.0,895.6,0,0,0,0,0,0.0,0,0,0,0,0,0,0,0,0.0,0,0,0,0,0,0.0,0.0,4345.1,0,0,0,80.1,27.3,0.01,0.34,30.42,24.5,63.4,97.67869240897042,1.2223019684066199,18.199666006224497,15.476825844496489,2.42425083661718,1009.7142857142857,0.0,0.0,0.0,0.0,53.945073052176404,0.1,0.0,0.0,0.0,0.0,450.0,895.6,0.0,0.0,1.521,0.918,2.44,23.165,1.483,0.957,emon,0.93,0.903,28.8,13.3,2.159
2026-09-17 21:35:20.259,16.4,0,98,29;15;98;6;74;9;5;5;14;5;0;0;0;2;0;0,825,4727,4438;4704;4701;4727;3354;3117;2790;3175;2224;2476;1651;2238;1383;1141;825;985,0.6,0.0,890.5,0,0,0,0,0,0.0,0,0,0,0,0,0,0,0,0.0,0,0,0,0,0,0.0,0.0,4345.1,0,0,0,72.1,27.3,0.01,0.34,30.42,24.5,63.4,98.70148706436157,1.356726766563952,21.557255558669567,18.286559645086527,1.5422807868017117,1124.0,0.0,0.0,0.0,0.0,50.27768813632429,0.0,0.0,0.0,0.0,0.0,450.0,890.5,0.0,0.0,1.211,0.818,2.03,25.944,1.66,0.37,emon,0.879,0.756,32.0,17.0,1.888
2026-09-17 21:35:21.260,18.1,0,100,75;23;100;8;20;8;8;3;22;10;3;0;9;2;0;0,916,4723,4703;4667;4723;4676;2490;3366;3304;2287;2841;3266;2185;2104;2583;2738;1685;916,0.5,0.0,886.5,0,0,0,0,0,0.0,0,0,0,0,0,0,0,0,0.0,0,0,0,0,0,0.0,0.0,4345.1,0,0,0,87.1,29.53,0.01,0.38,33.3,24.5,63.4,96.89144277572632,1.3178888387046754,19.887667290866375,16.983180129900575,1.3931468114678864,1214.625,0.0,0.0,0.0,0.0,50.218173627741635,0.0,0.0,0.0,0.0,0.0,450.0,886.5,0.0,0.0,1.211,0.818,2.03,25.944,1.66,0.37,emon,0.879,0.756,32.0,17.0,1.888
2026-09-17 21:35:22.260,14.3,0,94,86;6;94;3;27;0;0;3;8;0;0;0;0;2;0;0,969,4729,4723;4719;4727;4729;2824;3141;2339;1360;2177;1788;2260;2371;1828;1103;981;969,1.1,0.0,886.6,0,0,0,0,0,0.0,0,0,0,0,0,0,0,0,0.0,0,0,0,0,0,0.0,0.0,4345.1,0,0,0,89.1,29.53,0.01,0.38,33.3,24.5,63.4,97.60327364603678,0.5912630137366554,15.39076320528984,12.12198141242067,1.5557083844828108,1114.0,0.0,0.0,0.0,0.0,52.01806122759978,0.1,0.0,0.0,0.0,0.0,450.0,886.6,0.0,0.0,1.211,0.818,2.03,25.944,1.66,0.37,emon,0.879,0.756,32.0,17.0,1.888
2026-09-17 21:35:23.260,14.3,0,85,76;14;85;14;22;0;0;0;17;0;0;0;2;0;0;0,978,4729,4710;4721;4727;4729;2556;2207;2207;1241;2618;1477;1808;1838;1118;1140;1049;978,0.8,0.0,884.2,0,0,0,0,0,0.0,0,0,0,0,0,0,0,0,0.0,0,0,0,0,0,0.0,0.0,4345.1,0,0,0,88.1,29.53,0.01,0.38,33.3,24.5,63.4,97.87306078742532,0.9836153515121516,19.136737500920017,16.42628334024373,3.0171328199315157,1131.3529411764705,0.0,0.0,0.0,0.0,53.33131314814091,0.1,0.0,0.0,0.0,0.0,450.0,884.2,0.0,0.0,1.211,0.818,2.03,25.944,1.66,0.37,emon,0.879,0.756,32.0,17.0,1.888
2026-09-17 21:35:24.261,14.3,0,97,75;17;97;0;20;2;0;0;15;0;0;0;3;0;0;0,913,4729,4724;4728;4728;4729;2721;2060;2566;1335;2422;2577;2771;1700;1112;949;945;913,1.1,0.0,881.2,0,0,0,0,0,0.0,0,0,0,0,0,0,0,0,0.0,0,0,0,0,0,0.0,0.0,4345.1,0,0,0,88.1,29.53,0.01,0.38,33.3,24.5,63.4,96.8233711807816,0.6187841642739964,16.758692564787687,13.009516077277102,1.4648920908386325,971.2222222222222,0.0,0.0,0.0,0.0,50.952738140836175,0.1,0.0,0.0,0.0,0.0,450.0,884.1,0.0,0.0,1.211,0.818,2.03,25.944,1.66,0.37,emon,0.879,0.756,32.0,17.0,1.888
2026-09-17 21:35:25.261,14.7,0,89,89;10;83;21;16;2;0;0;12;0;0;0;3;0;0;0,977,4729,4724;4729;4728;4725;2527;2717;2464;1273;2271;1410;1354;1363;1128;1103;1048;977,0.1,0.0,884.4,0,0,0,0,0,0.0,0,0,0,0,0,0,0,0,0.0,0,0,0,0,0,0.0,0.0,4345.1,0,0,0,91.1,31.7,0.01,0.32,34.12,24.5,63.4,98.2179517524187,0.9451347630211088,19.626793437225874,17.303557981238807,3.3191292253173996,1103.6511627906978,0.0,0.0,0.0,0.0,51.46221479634906,0.1,0.0,0.0,0.0,0.0,450.0,884.4,0.0,0.0,1.211,0.818,2.03,25.944,1.66,0.37,emon,0.879,0.756,32.0,17.0,1.888
2026-09-17 21:35:26.262,14.3,0,91,91;10;67;32;14;2;0;3;11;0;0;0;0;0;0;0,1095,4729,4725;4729;4726;4729;2461;2650;1835;1299;2374;3133;2134;2394;1185;1171;1095;1097,0.0,0.0,887.2,0,0,0,0,0,0.0,0,0,0,0,0,0,0,0,0.0,0,0,0,0,0,0.0,0.0,4345.1,0,0,0,91.1,31.7,0.01,0.32,34.12,24.5,63.4,95.77296992710659,0.9343444747584206,19.908591951642716,16.788775818688528,4.850217142275402,1070.4285714285713,0.0,0.0,0.0,0.0,50.3016388799463,0.0,0.0,0.0,0.0,0.0,450.0,887.2,0.0,0.0,1.211,0.818,2.03,25.944,1.66,0.37,emon,0.879,0.756,32.0,17.0,1.888
2026-09-17 21:35:27.262,13.8,0,88,88;3;81;11;14;2;0;0;22;0;0;0;2;0;0;0,992,4729,4724;4708;4728;4729;2556;3093;1360;1302;2578;2302;1496;1480;1134;1014;1024;992,0.0,0.0,887.2,0,0,0,0,0,0.0,0,0,0,0,0,0,0,0,0.0,0,0,0,0,0,0.0,0.0,4345.1,0,0,0,91.1,31.7,0.01,0.32,34.12,24.5,63.4,96.53534197807312,0.29857141501270235,11.8533074259758,6.395893128588796,1.3460916504263878,1011.5,0.0,0.0,0.0,0.0,50.309206712991,0.1,0.0,0.0,0.0,0.0,450.0,887.2,0.0,0.0,1.211,0.818,2.03,25.944,1.66,0.37,emon,0.879,0.756,32.0,17.0,1.888
2026-09-17 21:35:28.263,14.8,0,82,82;6;67;38;24;0;0;3;17;0;0;0;0;0;0;0,940,4729,4716;4723;4727;4729;2494;2436;2371;1248;2535;1547;1401;1473;1149;1074;1151;940,0.2,0.0,887.2,0,0,0,0,0,0.0,0,0,0,0,0,0,0,0,0.0,0,0,0,0,0,0.0,0.0,4345.1,0,0,0,88.1,31.7,0.01,0.32,34.12,24.5,63.4,96.94952392578125,0.6031684875488281,16.006409962972004,12.628677686055502,3.9499292373657227,1090.6666666666667,0.0,0.0,0.0,0.0,50.287005230784416,0.1,0.0,0.0,0.0,0.0,450.0,885.4,0.0,0.0,1.211,0.818,2.03,25.944,1.66,0.37,emon,0.879,0.756,32.0,17.0,1.888
2026-09-17 21:35:29.263,14.0,0,92,89;4;92;4;17;2;0;0;12;2;0;0;2;0;0;0,943,4729,4726;4729;4727;4729;2261;2151;1715;1214;2575;2762;1350;1545;1089;1065;943;944,0.0,0.0,885.4,0,0,0,0,0,0.0,0,0,0,0,0,0,0,0,0.0,0,0,0,0,0,0.0,0.0,4345.1,0,0,0,90.1,31.66,0.01,0.32,33.95,24.5,63.4,97.73621804373605,1.1226780125073024,19.58451944759914,17.296167640600885,2.6877337249927225,1113.2857142857142,0.0,0.0,0.0,0.0,51.763879927141325,0.1,0.0,0.0,0.0,0.0,450.0,885.4,0.0,0.0,1.211,0.818,2.03,25.944,1.66,0.37,emon,0.879,0.756,32.0,17.0,1.888
2026-09-17 21:35:30.263,14.4,0,92,92;5;88;14;19;0;0;3;8;0;0;0;0;2;0;0,945,4729,4720;4645;4726;4729;2315;2568;3260;1225;2502;2364;1813;1458;1118;1019;945;1073,0.0,0.0,885.4,0,0,0,0,0,0.0,0,0,0,0,0,0,0,0,0.0,0,0,0,0,0,0.0,0.0,4345.1,0,0,0,89.1,31.66,0.01,0.32,33.95,24.5,63.4,96.14259202139718,1.1708493007213943,18.213620079415186,15.39625113776752,2.642152289369343,1116.857142857143,0.0,0.0,0.0,0.0,50.256609222718645,0.0,0.0,0.0,0.0,0.0,450.0,887.7,0.0,0.0,1.211,0.818,2.03,25.944,1.66,0.37,emon,0.879,0.756,32.0,17.0,1.888
2026-09-17 21:35:31.263,14.1,0,94,85;11;94;2;16;0;0;0;17;0;0;0;2;0;0;0,1017,4727,4724;4709;4726;4727;2303;2437;2756;1193;2810;2187;3074;2199;1810;1117;1092;1017,0.0,0.0,887.7,0,0,0,0,0,0.0,0,0,0,0,0,0,0,0,0.0,0,0,0,0,0,0.0,0.0,4345.1,0,0,0,89.1,31.66,0.01,0.32,33.95,24.5,63.4,97.38404928671348,0.5695621362459418,14.868194630017152,11.516267203398654,1.724665394181864,1096.972972972973,0.0,0.0,0.0,0.0,51.6725711063356,0.1,0.0,0.0,0.0,0.0,450.0,885.6,0.0,0.0,1.211,0.818,2.03,25.944,1.66,0.37,emon,0.879,0.756,32.0,17.0,1.888
2026-09-17 21:35:32.264,13.7,0,97,77;25;97;3;9;0;2;0;6;0;0;0;0;0;0;0,918,4729,4725;4729;4727;4729;2356;2053;3013;1231;2405;1271;1516;1378;1249;1107;1073;918,0.6,0.0,881.2,0,0,0,0,0,0.0,0,0,0,0,0,0,0,0,0.0,0,0,0,0,0,0.0,0.0,4345.1,0,0,0,89.1,31.66,0.01,0.32,33.95,24.5,63.4,98.13588998831955,0.8064889736181381,18.630834902034085,15.894849799427332,2.3819858432911776,1128.4117647058824,0.0,0.0,0.0,0.0,51.308780592738415,0.1,0.0,0.0,0.0,0.0,450.0,883.0,0.0,0.0,0.559,0.702,1.261,8.214,0.526,0.735,emon,0.905,0.913,31.5,22.6,1.394
2026-09-17 21:35:33.264,14.3,0,97,59;35;97;3;19;0;0;0;14;0;0;2;0;0;0;0,961,4729,4724;4728;4727;4729;2464;1961;1754;1220;2528;2493;1847;2996;1121;1111;981;961,0.6,0.0,885.0,0,0,0,0,0,0.0,0,0,0,0,0,0,0,0,0.0,0,0,0,0,0,0.0,0.0,4345.1,0,0,0,89.1,31.78,0.01,0.32,34.13,24.5,63.4,97.790438059214,1.010272516994863,19.132237473049678,16.8922814992634,3.290973752334311,1132.7837837837837,0.0,0.0,0.0,0.0,51.6825722592908,0.1,0.0,0.0,0.0,0.0,450.0,885.0,0.0,0.0,0.559,0.702,1.261,8.214,0.526,0.735,emon,0.905,0.913,31.5,22.6,1.394
2026-09-17 21:35:34.264,14.7,0,96,83;17;96;3;14;0;0;3;18;0;0;0;2;0;0;0,919,4729,4724;4724;4728;4729;2488;2583;1738;1217;2581;1815;1853;2004;1173;995;964;919,0.7,0.0,885.0,0,0,0,0,0,0.0,0,0,0,0,0,0,0,0,0.0,0,0,0,0,0,0.0,0.0,4345.1,0,0,0,88.1,31.78,0.01,0.32,34.13,24.5,63.4,96.06466420491536,0.5194980715711911,14.065909915500217,10.069807333416408,2.3564880987008414,1072.3333333333333,0.0,0.0,0.0,0.0,49.33153089748488,0.1,0.0,0.0,0.0,0.0,450.0,882.9,0.0,0.0,0.559,0.702,1.261,8.214,0.526,0.735,emon,0.905,0.913,31.5,22.6,1.394
2026-09-17 21:35:35.264,14.2,0,97,75;25;97;0;11;0;0;0;14;0;0;0;3;0;0;2,949,4729,4718;4729;4728;4729;2300;2358;1605;1203;2454;1762;1901;2177;1338;1098;949;1441,0.8,0.0,884.2,0,0,0,0,0,0.0,0,0,0,0,0,0,0,0,0.0,0,0,0,0,0,0.0,0.0,4345.1,0,0,0,89.1,31.78,0.01,0.32,34.13,24.5,63.4,97.29893112182617,1.2630591243505478,23.73495364189148,21.716548204421997,6.908259008079767,1199.0,0.0,0.0,0.0,0.0,50.259360294789076,0.0,0.0,0.0,0.0,0.0,450.0,884.2,0.0,0.0,0.559,0.702,1.261,8.214,0.526,0.735,emon,0.905,0.913,31.5,22.6,1.394
2026-09-17 21:35:36.265,14.5,0,91,80;18;91;8;20;0;0;0;16;0;0;0;0;0;0;0,930,4729,4727;4729;4722;4729;2389;2296;2160;1177;2454;2352;1964;1518;1149;1090;979;930,1.1,0.0,884.2,0,0,0,0,0,0.0,0,0,0,0,0,0,0,0,0.0,0,0,0,0,0,0.0,0.0,4345.1,0,0,0,89.1,31.78,0.01,0.32,34.13,24.5,63.4,95.60797764704778,0.4697936625721363,15.308961455638592,10.968208788679195,2.92043985082553,1076.8846153846155,0.0,0.0,0.0,0.0,50.32217403214712,0.1,0.0,0.0,0.0,0.0,450.0,882.5,0.0,0.0,0.559,0.702,1.261,8.214,0.526,0.735,emon,0.905,0.913,31.5,22.6,1.394
2026-09-17 21:35:37.275,13.9,0,91,91;9;86;2;18;2;0;0;14;0;0;0;0;0;0;0,902,4729,4725;4727;4728;4729;2611;2604;1214;1330;2413;1717;2834;2512;1118;1126;1005;902,1.3,0.0,883.0,0,0,0,0,0,0.0,0,0,0,0,0,0,0,0,0.0,0,0,0,0,0,0.0,0.0,4345.1,0,0,0,89.1,31.87,0.01,0.33,34.45,24.6,63.4,97.57109744732196,0.7213747581252112,16.719902437466843,13.102447708352255,1.828927380247758,1103.8076923076924,0.0,0.0,0.0,0.0,52.283943757128256,0.1,0.0,0.0,0.0,0.0,450.0,883.0,0.0,0.0,0.559,0.702,1.261,8.214,0.526,0.735,emon,0.905,0.913,31.5,22.6,1.394
2026-09-17 21:35:38.275,14.6,0,94,82;19;94;2;16;2;0;0;20;0;0;0;0;0;0;0,1000,4729,4728;4729;4728;4729;2397;3276;1302;1198;2323;2128;2741;1757;1147;1060;1093;1000,0.5,0.0,888.2,0,0,0,0,0,0.0,0,0,0,0,0,0,0,0,0.0,0,0,0,0,0,0.0,0.0,4345.1,0,0,0,90.1,31.87,0.01,0.33,34.45,24.5,63.4,97.93600822897518,1.319943391279701,18.34929640854106,15.570110022145158,1.5597909833715462,1090.1764705882354,0.0,0.0,0.0,0.0,53.365419407101236,0.0,0.0,0.0,0.0,0.0,450.0,888.2,0.0,0.0,0.559,0.702,1.261,8.214,0.526,0.735,emon,0.905,0.913,31.5,22.6,1.394
2026-09-17 21:35:39.275,13.9,0,95,86;14;95;0;11;0;0;0;14;0;0;0;2;2;0;0,972,4729,4726;4728;4728;4729;2354;2448;1728;1169;2448;2025;1351;1901;2224;972;1113;1016,1.7,0.0,881.2,0,0,0,0,0,0.0,0,0,0,0,0,0,0,0,0.0,0,0,0,0,0,0.0,0.0,4345.1,0,0,0,89.1,31.87,0.01,0.33,34.45,24.5,63.4,96.9023534802423,0.6834977452467749,17.29436083116393,13.581103583824808,1.6212745288089998,1061.3188405797102,0.0,0.0,0.0,0.0,52.560232970809594,0.1,0.0,0.0,0.0,0.0,450.0,881.2,0.0,0.0,0.559,0.702,1.261,8.214,0.526,0.735,emon,0.905,0.913,31.5,22.6,1.394
2026-09-17 21:35:40.275,14.8,0,97,77;25;97;3;16;0;0;0;15;0;0;0;3;0;0;0,991,4729,4724;4729;4727;4729;2398;1923;1637;1209;2278;1803;1689;1352;1615;1074;991;997,0.5,0.0,884.8,0,0,0,0,0,0.0,0,0,0,0,0,0,0,0,0.0,0,0,0,0,0,0.0,0.0,4345.1,0,0,0,90.1,31.87,0.01,0.33,34.45,24.5,63.4,95.43036760602679,0.9783436244619744,19.454768126351492,16.333090990781784,3.019421014229634,1071.857142857143,0.0,0.0,0.0,0.0,51.79019168359893,0.1,0.0,0.0,0.0,0.0,450.0,884.8,0.0,0.0,0.559,0.702,1.261,8.214,0.526,0.735,emon,0.905,0.913,31.5,22.6,1.394
2026-09-17 21:35:41.276,14.2,0,97,84;17;97;3;18;3;0;0;6;0;0;0;0;0;0;0,920,4729,4721;4729;4728;4729;2503;2661;2378;1243;2258;2585;1855;2609;1297;1016;1008;920,0.2,0.0,886.6,0,0,0,0,0,0.0,0,0,0,0,0,0,0,0,0.0,0,0,0,0,0,0.0,0.0,4345.1,0,0,0,89.1,31.85,0.01,0.33,34.4,24.5,63.4,97.3596014883004,0.8835736094590496,18.887423127305272,16.58313549938155,2.7806868328183305,1067.6274509803923,0.0,0.0,0.0,0.0,51.294233293509954,0.1,0.0,0.0,0.0,0.0,450.0,886.6,0.0,0.0,0.559,0.702,1.261,8.214,0.526,0.735,emon,0.905,0.913,31.5,22.6,1.394
2026-09-17 21:35:42.276,13.8,0,92,80;14;92;0;18;2;0;3;11;0;0;0;0;0;0;0,864,4730,4724;4729;4728;4730;2630;3010;2170;1299;2328;1971;3214;3250;1114;914;1109;864,0.2,0.0,886.6,0,0,0,0,0,0.0,0,0,0,0,0,0,0,0,0.0,0,0,0,0,0,0.0,0.0,4345.1,0,0,0,89.1,31.85,0.01,0.33,34.4,24.5,63.4,96.35681286980125,0.6978759046863107,15.629657352671904,11.426864049013924,3.7180215926731335,1046.0588235294117,0.0,0.0,0.0,0.0,50.31790718962164,0.1,0.0,0.0,0.0,0.0,450.0,884.8,0.0,0.0,0.559,0.702,1.261,8.214,0.526,0.735,emon,0.905,0.913,31.5,22.6,1.394
2026-09-17 21:35:43.276,14.0,0,97,86;14;97;0;14;2;0;0;11;0;0;0;0;0;0;0,1071,4729,4727;4729;4728;4728;2630;2886;2039;1527;2285;1730;2628;1643;1211;1142;1093;1071,0.2,0.0,884.8,0,0,0,0,0,0.0,0,0,0,0,0,0,0,0,0.0,0,0,0,0,0,0.0,0.0,4345.1,0,0,0,90.1,31.85,0.01,0.33,34.4,24.5,63.4,92.0474624633789,0.3250608444213867,11.257572174072266,3.405555248260498,1.8944059610366821,874.0,0.0,0.0,0.0,0.0,50.40633246302605,0.0,0.0,0.0,0.0,0.0,450.0,890.1,0.0,0.0,0.559,0.702,1.261,8.214,0.526,0.735,emon,0.905,0.913,31.5,22.6,1.394
2026-09-17 21:35:44.277,14.1,0,97,16;82;97;2;2;12;5;0;2;8;0;0;0;2;0;0,1071,4729,4724;4727;4728;4729;2586;2645;2739;1359;2789;2448;1618;2232;1142;1283;1114;1071,0.0,0.0,890.1,0,0,0,0,0,0.0,0,0,0,0,0,0,0,0,0.0,0,0,0,0,0,0.0,0.0,4345.1,0,0,0,89.1,31.85,0.01,0.33,34.4,24.5,63.4,97.38993644714355,0.5307221710681915,16.848508834838867,13.586322784423828,4.861676216125488,974.0,0.0,0.0,0.0,0.0,50.285023368895054,0.1,0.0,0.0,0.0,0.0,450.0,888.0,0.0,0.0,0.559,0.702,1.261,8.214,0.526,0.735,emon,0.905,0.913,31.5,22.6,1.394
2026-09-17 21:35:45.280,14.5,0,89,12;83;89;6;0;22;0;3;0;14;0;0;0;2;0;0,917,4729,4728;4725;4728;4729;1872;2755;2321;2025;2352;2436;2597;3125;1013;1164;1051;917,0.0,0.0,888.0,0,0,0,0,0,0.0,0,0,0,0,0,0,0,0,0.0,0,0,0,0,0,0.0,0.0,4345.1,0,0,0,84.1,31.17,0.01,0.34,33.94,24.5,63.4,94.64196606686241,0.3410615482808728,10.895794404180426,6.29931104183197,1.548193534934207,1018.7368421052631,0.0,0.0,0.0,0.0,50.31503862613126,0.1,0.0,0.0,0.0,0.0,450.0,881.3,0.0,0.0,0.639,0.736,1.375,9.52,0.609,0.766,emon,0.904,0.858,30.9,19.4,1.592
2026-09-17 21:35:46.281,22.7,0,98,30;66;98;19;2;22;17;11;0;58;16;0;0;16;8;0,1370,4728,4707;4655;4726;4728;3397;2923;3259;3299;3451;3151;3397;2933;1510;2845;2922;1370,0.2,0.0,881.3,0,0,0,0,0,0.0,0,0,0,0,0,0,0,0,0.0,0,0,0,0,0,0.0,0.0,4345.1,0,0,0,79.1,31.17,0.01,0.34,33.94,24.5,63.4,98.06098543364426,1.0159924521014607,18.569880987035816,16.010751730922994,2.1402598885530284,1109.344827586207,0.0,0.0,0.0,0.0,52.057328659398806,0.1,0.0,0.0,0.0,0.0,450.0,886.6,0.0,0.0,0.639,0.736,1.375,9.52,0.609,0.766,emon,0.904,0.858,30.9,19.4,1.592
2026-09-17 21:35:47.281,14.5,0,95,13;62;95;2;0;11;3;0;0;45;0;0;0;0;0;0,1043,4728,4702;4652;4724;4728;1309;2097;2716;1165;2327;3190;1461;2393;1043;1115;1062;1106,0.0,0.0,886.6,0,0,0,0,0,0.0,0,0,0,0,0,0,0,0,0.0,0,0,0,0,0,0.0,0.0,4345.1,0,0,0,85.1,31.17,0.01,0.34,33.94,24.5,63.4,97.25715764363606,1.2742776819504797,20.876484061280888,18.12439601123333,2.9429055996321645,1076.0833333333333,0.0,0.0,0.0,0.0,50.27820094923178,0.0,0.0,0.0,0.0,0.0,450.0,886.6,0.0,0.0,0.639,0.736,1.375,9.52,0.609,0.766,emon,0.904,0.858,30.9,19.4,1.592
2026-09-17 21:35:48.282,14.1,0,92,9;88;92;0;0;19;0;0;0;17;0;0;0;0;0;0,1069,4729,4709;4724;4727;4729;1128;2590;2929;1257;1666;2388;1619;1579;1069;1102;1135;1117,0.6,0.0,886.4,0,0,0,0,0,0.0,0,0,0,0,0,0,0,0,0.0,0,0,0,0,0,0.0,0.0,4345.1,0,0,0,84.1,31.17,0.01,0.34,33.94,24.5,63.4,97.53993210138059,0.9272455363443085,17.55081021785736,15.070643969026266,3.068262258836744,1090.1764705882354,0.0,0.0,0.0,0.0,51.276602989026145,0.1,0.0,0.0,0.0,0.0,450.0,887.4,0.0,0.0,0.639,0.736,1.375,9.52,0.609,0.766,emon,0.904,0.858,30.9,19.4,1.592
2026-09-17 21:35:49.282,14.0,0,92,16;77;92;5;0;20;0;0;0;14;0;0;0;0;0;0,907,4729,4729;4722;4728;4729;2209;2585;3004;1258;2235;2323;2064;2242;1070;1136;1072;907,0.7,0.0,887.5,0,0,0,0,0,0.0,0,0,0,0,0,0,0,0,0.0,0,0,0,0,0,0.0,0.0,4345.1,0,0,0,86.1,29.22,0.01,0.37,32.78,24.5,63.4,97.06300713034237,0.6779106737881461,15.904175237697714,12.775819758939392,2.398101543815916,1068.1176470588234,0.0,0.0,0.0,0.0,51.66664506757961,0.1,0.0,0.0,0.0,0.0,450.0,882.3,0.0,0.0,0.639,0.736,1.375,9.52,0.609,0.766,emon,0.904,0.858,30.9,19.4,1.592
2026-09-17 21:35:50.283,14.3,0,97,19;80;97;3;0;14;0;3;0;12;0;0;0;0;0;0,1009,4726,4715;4722;4726;4711;2071;2407;2903;1231;1192;2361;1737;2437;1009;1233;1102;1490,0.8,0.0,881.2,0,0,0,0,0,0.0,0,0,0,0,0,0,0,0,0.0,0,0,0,0,0,0.0,0.0,4345.1,0,0,0,85.1,29.22,0.01,0.37,32.78,24.5,63.4,96.60991240083501,0.7173095561166325,17.459189141734264,13.5008782094784,1.3799102226719575,1101.247191011236,0.0,0.0,0.0,0.0,50.86219934717323,0.1,0.0,0.0,0.0,0.0,450.0,884.4,0.0,0.0,0.639,0.736,1.375,9.52,0.609,0.766,emon,0.904,0.858,30.9,19.4,1.592
2026-09-17 21:35:51.283,13.6,0,100,11;88;100;2;0;5;2;0;0;9;0;0;0;2;0;0,1008,4729,4728;4725;4729;4728;2111;2355;3079;2294;2531;2279;3265;2663;1062;1932;1213;1008,0.7,0.0,889.7,0,0,0,0,0,0.0,0,0,0,0,0,0,0,0,0.0,0,0,0,0,0,0.0,0.0,4345.1,0,0,0,85.1,29.22,0.01,0.37,32.78,24.5,63.4,95.66600036621094,0.43930212159951526,14.730162938435873,9.664043029149374,3.4021155834198,1099.0,0.0,0.0,0.0,0.0,50.291118174791336,0.1,0.0,0.0,0.0,0.0,450.0,889.7,0.0,0.0,0.639,0.736,1.375,9.52,0.609,0.766,emon,0.904,0.858,30.9,19.4,1.592
2026-09-17 21:35:52.284,16.2,0,91,22;73;91;8;0;22;6;6;0;19;6;0;0;5;0;0,1040,4729,4720;4717;4728;4729;3439;2877;2851;2533;3264;2669;3105;2922;1040;2377;1159;2813,1.3,0.0,885.6,0,0,0,0,0,0.0,0,0,0,0,0,0,0,0,0.0,0,0,0,0,0,0.0,0.0,4345.1,0,0,0,82.1,29.22,0.01,0.37,32.78,24.5,63.4,95.46593420846122,0.44111429480835795,14.365182706287928,9.741052635014057,2.498465010359983,1006.1428571428571,0.0,0.0,0.0,0.0,50.32048388943076,0.1,0.0,0.0,0.0,0.0,450.0,880.3,0.0,0.0,0.639,0.736,1.375,9.52,0.609,0.766,emon,0.904,0.858,30.9,19.4,1.592
2026-09-17 21:35:53.284,14.6,0,95,22;76;95;2;0;12;9;0;0;14;2;0;0;2;0;0,1014,4729,4724;4709;4729;4729;2194;2781;3153;2425;2047;2213;2743;3268;1014;1160;1125;1036,1.0,0.0,882.6,0,0,0,0,0,0.0,0,0,0,0,0,0,0,0,0.0,0,0,0,0,0,0.0,0.0,4345.1,0,0,0,86.1,29.81,0.01,0.34,32.66,24.5,63.4,97.95963056697401,0.9468059462256903,19.60684514600177,17.5040970559037,2.997754228111833,1155.9767441860465,0.0,0.0,0.0,0.0,51.54289277348408,0.1,0.0,0.0,0.0,0.0,450.0,882.6,0.0,0.0,0.639,0.736,1.375,9.52,0.609,0.766,emon,0.904,0.858,30.9,19.4,1.592
2026-09-17 21:35:54.285,25.2,2,91,44;77;91;23;3;20;30;18;2;34;25;8;3;20;3;2,1866,4722,4671;4688;4722;4719;3448;2952;3391;3349;3449;2946;3395;3442;2040;2763;2611;1866,0.8,0.0,882.6,0,0,0,0,0,0.0,0,0,0,0,0,0,0,0,0.0,0,0,0,0,0,0.0,0.0,4345.1,0,0,0,90.1,29.81,0.01,0.34,32.66,24.5,63.4,97.77457926224689,0.8447033620762582,17.716879382425425,15.135866326641063,2.6017046162421456,1106.142857142857,0.0,0.0,0.0,0.0,51.33335805638712,0.1,0.0,0.0,0.0,0.0,450.0,882.6,0.0,0.0,0.639,0.736,1.375,9.52,0.609,0.766,emon,0.904,0.858,30.9,19.4,1.592
2026-09-17 21:35:55.285,15.2,0,97,14;83;97;5;0;14;6;3;0;16;0;0;0;3;2;2,2101,4729,4726;4724;4723;4729;3402;2933;3244;2663;3425;2334;2502;2161;2101;2207;2375;2556,0.0,0.0,887.9,0,0,0,0,0,0.0,0,0,0,0,0,0,0,0,0.0,0,0,0,0,0,0.0,0.0,4345.1,0,0,0,86.1,29.81,0.01,0.34,32.66,24.6,63.4,97.18567752838135,1.3934778347611427,19.733936436474323,16.695469049736857,1.5487394740339369,1117.75,0.0,0.0,0.0,0.0,50.25144006870687,0.0,0.0,0.0,0.0,0.0,450.0,887.9,0.0,0.0,0.639,0.736,1.375,9.52,0.609,0.766,emon,0.904,0.858,30.9,19.4,1.592
2026-09-17 21:35:56.285,14.2,0,94,6;83;94;6;0;17;3;0;0;17;0;0;0;2;0;0,978,4729,4729;4723;4728;4729;2776;2529;2812;1321;2948;2406;2330;2463;978;1063;1062;1022,1.0,0.0,880.5,0,0,0,0,0,0.0,0,0,0,0,0,0,0,0,0.0,0,0,0,0,0,0.0,0.0,4345.1,0,0,0,83.1,29.81,0.01,0.34,32.66,24.6,63.4,96.32454659905233,0.6637918319500667,17.239911594860992,13.495378112918894,1.6419671505991318,1038.4366197183099,0.0,0.0,0.0,0.0,52.505791893307595,0.1,0.0,0.0,0.0,0.0,450.0,880.5,0.0,0.0,0.639,0.736,1.375,9.52,0.609,0.766,emon,0.904,0.858,30.9,19.4,1.592
2026-09-17 21:35:57.286,13.4,0,96,5;89;96;3;0;5;3;0;0;12;0;0;0;2;0;0,956,4729,4721;4722;4728;4729;1822;2146;3134;1212;1998;2196;2547;1465;956;1992;1333;1158,1.0,0.0,880.5,0,0,0,0,0,0.0,0,0,0,0,0,0,0,0,0.0,0,0,0,0,0,0.0,0.0,4345.1,0,0,0,90.1,31.09,0.01,0.39,35.2,24.6,63.4,97.7973308897855,0.8231557012584648,17.9424360823213,14.791929659351968,2.219557266690556,1132.3333333333333,0.0,0.0,0.0,0.0,51.16607848149643,0.1,0.0,0.0,0.0,0.0,450.0,882.0,0.0,0.0,2.085,1.003,3.088,36.088,2.31,0.778,emon,0.858,0.868,28.6,13.3,2.147
2026-09-17 21:35:58.286,14.3,0,96,17;80;96;3;0;17;0;0;0;14;0;0;0;0;2;0,975,4729,4729;4723;4726;4729;2067;2350;2763;1185;2189;2474;1300;1892;1057;1144;1715;975,0.1,0.0,882.0,0,0,0,0,0,0.0,0,0,0,0,0,0,0,0,0.0,0,0,0,0,0,0.0,0.0,4345.1,0,0,0,84.1,31.09,0.01,0.39,35.2,24.6,63.4,96.29855930103975,1.1965120059492833,18.69749648430768,16.0055927077637,3.6683489803690463,1140.1764705882354,0.0,0.0,0.0,0.0,50.27245416360743,0.1,0.0,0.0,0.0,0.0,450.0,888.2,0.0,0.0,2.085,1.003,3.088,36.088,2.31,0.778,emon,0.858,0.868,28.6,13.3,2.147
2026-09-17 21:35:59.286,14.6,0,96,11;83;96;5;0;12;0;0;0;22;2;0;0;3;0;0,952,4728,4681;4682;4728;4688;1324;2345;1443;1206;1274;2461;2197;1234;1054;1116;1042;952,0.0,0.0,888.2,0,0,0,0,0,0.0,0,0,0,0,0,0,0,0,0.0,0,0,0,0,0,0.0,0.0,4345.1,0,0,0,79.1,31.09,0.01,0.39,35.2,24.6,63.4,97.32182965959821,1.1955290309020452,21.149632726396835,18.636208534240723,3.4836201391049793,1120.4285714285713,0.0,0.0,0.0,0.0,50.261712089180946,0.0,0.0,0.0,0.0,0.0,450.0,889.3,0.0,0.0,2.085,1.003,3.088,36.088,2.31,0.778,emon,0.858,0.868,28.6,13.3,2.147
2026-09-17 21:36:00.287,13.9,0,97,8;88;97;2;2;17;0;0;0;8;0;0;0;2;0;0,989,4695,4695;4685;4604;4310;3135;2525;1471;1350;1338;2204;1568;1584;1019;1465;1114;989,0.0,0.0,889.3,0,0,0,0,0,0.0,0,0,0,0,0,0,0,0,0.0,0,0,0,0,0,0.0,0.0,4345.1,0,0,0,80.1,31.09,0.01,0.39,35.2,24.6,63.4,94.53731002807618,0.5518422842025756,13.842736625671387,9.733126020431518,4.16149377822876,1004.0,0.0,0.0,0.0,0.0,50.28519983887672,0.0,0.0,0.0,0.0,0.0,450.0,885.3,0.0,0.0,2.085,1.003,3.088,36.088,2.31,0.778,emon,0.858,0.868,28.6,13.3,2.147
2026-09-17 21:36:01.287,14.0,0,94,15;79;94;2;0;17;0;0;0;17;0;0;0;0;0;0,770,4703,4417;4703;4670;4497;1667;2476;2239;1498;1654;2417;1480;1746;938;1293;1049;770,0.0,0.0,885.3,0,0,0,0,0,0.0,0,0,0,0,0,0,0,0,0.0,0,0,0,0,0,0.0,0.0,4345.1,0,0,0,79.1,25.4,0.01,0.39,29.48,24.6,63.4,98.36322606404623,0.6534749151828388,15.301801264286041,12.494164762149255,1.42042362211893,1155.6666666666667,0.0,0.0,0.0,0.0,53.682323557138446,0.1,0.0,0.0,0.0,0.0,450.0,881.0,0.0,0.0,2.085,1.003,3.088,36.088,2.31,0.778,emon,0.858,0.868,28.6,13.3,2.147
2026-09-17 21:36:02.287,14.1,0,92,8;91;92;3;0;13;0;0;0;18;0;0;0;0;0;0,906,4729,4207;4694;4714;4729;1155;2676;1400;1316;1223;2354;1538;1421;921;1128;1015;906,0.5,0.0,881.0,0,0,0,0,0,0.0,0,0,0,0,0,0,0,0,0.0,0,0,0,0,0,0.0,0.0,4345.1,0,0,0,82.1,25.4,0.01,0.39,29.48,24.6,63.4,98.3889882405599,0.8521868048856656,17.447220754623412,14.345222031407886,2.376042919080808,1170.111111111111,0.0,0.0,0.0,0.0,51.408273201849724,0.1,0.0,0.0,0.0,0.0,450.0,886.3,0.0,0.0,2.085,1.003,3.088,36.088,2.31,0.778,emon,0.858,0.868,28.6,13.3,2.147
2026-09-17 21:36:03.288,14.5,0,92,20;79;92;5;0;20;2;2;0;12;0;0;0;2;0;0,924,4728,4727;4725;4727;4728;1352;2652;2633;2335;1952;2293;3290;2604;1061;1142;1056;924,0.4,0.0,886.3,0,0,0,0,0,0.0,0,0,0,0,0,0,0,0,0.0,0,0,0,0,0,0.0,0.0,4345.1,0,0,0,82.1,25.4,0.01,0.39,29.48,24.6,63.4,97.28458818708147,1.1550679654415166,20.04991090297699,17.56518098115921,3.2112059096298515,1143.2857142857142,0.0,0.0,0.0,0.0,51.71570941252368,0.1,0.0,0.0,0.0,0.0,450.0,886.3,0.0,0.0,2.085,1.003,3.088,36.088,2.31,0.778,emon,0.858,0.868,28.6,13.3,2.147
2026-09-17 21:36:04.288,13.9,0,97,20;78;97;2;0;16;0;0;0;9;0;0;0;2;0;0,914,4727,4727;4722;4694;4714;1918;2528;2319;1264;1517;2027;1789;1820;1028;1139;1046;914,0.5,0.0,886.3,0,0,0,0,0,0.0,0,0,0,0,0,0,0,0,0.0,0,0,0,0,0,0.0,0.0,4345.1,0,0,0,87.1,25.4,0.01,0.39,29.48,24.6,63.4,97.29915118217468,1.0115407973644324,16.24541087821126,12.62784287892282,2.813731383343111,1056.8125,0.0,0.0,0.0,0.0,50.27523319423199,0.1,0.0,0.0,0.0,0.0,450.0,886.3,0.0,0.0,2.085,1.003,3.088,36.088,2.31,0.778,emon,0.858,0.868,28.6,13.3,2.147
2026-09-17 21:36:05.288,14.1,0,88,13;80;88;2;0;20;6;0;0;16;0;2;0;0;0;0,1001,4725,4724;4691;4665;4725;1128;2387;1964;1229;2361;2262;2454;2013;1084;1929;1318;1001,0.8,0.0,886.5,0,0,0,0,0,0.0,0,0,0,0,0,0,0,0,0.0,0,0,0,0,0,0.0,0.0,4345.1,0,0,0,84.1,26.63,0.01,0.4,30.66,24.6,63.4,97.80454733205396,0.9919511919278045,18.87124301943668,16.5089910685323,2.0971586920407623,1121.093023255814,0.0,0.0,0.0,0.0,53.84259582986665,0.1,0.0,0.0,0.0,0.0,450.0,886.5,0.0,0.0,2.085,1.003,3.088,36.088,2.31,0.778,emon,0.858,0.868,28.6,13.3,2.147
2026-09-17 21:36:06.289,13.6,0,92,3;92;92;0;0;14;0;0;0;14;0;0;0;2;0;0,870,4728,4728;4718;4727;4018;1449;2498;2453;1195;1631;2312;1889;1324;890;1496;1053;870,0.6,0.0,886.5,0,0,0,0,0,0.0,0,0,0,0,0,0,0,0,0.0,0,0,0,0,0,0.0,0.0,4345.1,0,0,0,84.1,26.63,0.01,0.4,30.66,24.6,63.4,97.14530062675476,0.8639235614682548,16.36908185109496,12.729672012384981,3.4250072991744673,1056.8125,0.0,0.0,0.0,0.0,50.33302437886596,0.0,0.0,0.0,0.0,0.0,450.0,886.5,0.0,0.0,2.085,1.003,3.088,36.088,2.31,0.778,emon,0.858,0.868,28.6,13.3,2.147
2026-09-17 21:36:07.289,16.2,0,92,16;81;92;3;2;22;5;8;0;25;3;3;0;0;0;0,752,4729,4620;4710;4728;4729;1324;2390;1437;1286;2872;2321;1526;2730;910;1134;977;752,0.5,0.0,886.5,0,0,0,0,0,0.0,0,0,0,0,0,0,0,0,0.0,0,0,0,0,0,0.0,0.0,4345.1,0,0,0,82.1,26.63,0.01,0.4,30.66,24.7,63.4,97.23721440633138,1.1449555580814679,16.21962547302246,11.260453720887503,3.7588714212179184,1199.0,0.0,0.0,0.0,0.0,50.27147857348124,0.0,0.0,0.0,0.0,0.0,450.0,886.5,0.0,0.0,2.085,1.003,3.088,36.088,2.31,0.778,emon,0.858,0.868,28.6,13.3,2.147
2026-09-17 21:36:08.290,14.2,0,95,17;80;95;0;0;19;2;0;0;12;0;0;0;2;0;0,847,4725,4536;4677;4700;4725;2688;2419;2951;1250;3158;2276;2651;2579;951;1360;1092;847,0.5,0.0,891.8,0,0,0,0,0,0.0,0,0,0,0,0,0,0,0,0.0,0,0,0,0,0,0.0,0.0,4345.1,0,0,0,88.1,26.63,0.01,0.4,30.66,24.7,63.4,98.00769642421177,1.539130097587726,21.796799736363546,19.11784576518195,1.6692908899858594,1152.5714285714287,0.0,0.0,0.0,0.0,50.34575202103172,0.0,0.0,0.0,0.0,0.0,450.0,891.8,0.0,0.0,2.085,1.003,3.088,36.088,2.31,0.778,emon,0.858,0.868,28.6,13.3,2.147
2026-09-17 21:36:09.290,14.2,0,95,16;85;95;3;0;14;2;0;0;12;0;0;0;0;0;0,969,4719,4709;4719;4718;4668;1605;2396;2273;1238;1649;2177;2241;1574;1008;1034;969;972,1.2,0.0,881.2,0,0,0,0,0,0.0,0,0,0,0,0,0,0,0,0.0,0,0,0,0,0,0.0,0.0,4345.1,0,0,0,86.1,27.73,0.01,0.39,31.69,24.7,63.4,98.21602528889974,0.7128880993359619,16.77436797618866,13.901819690068562,1.8120184386045568,1152.3333333333333,0.0,0.0,0.0,0.0,53.732915321654744,0.0,0.0,0.0,0.0,0.0,450.0,891.8,0.0,0.0,2.584,1.146,3.729,40.437,2.588,1.141,emon,0.922,0.679,29.3,13.8,2.116
2026-09-17 21:36:10.290,13.9,0,94,11;88;94;3;0;14;0;0;0;12;0;0;0;0;0;0,948,4726,4493;4715;4726;4641;1231;2588;2596;1279;948;2102;1136;1323;994;1078;993;965,0.4,0.0,883.6,0,0,0,0,0,0.0,0,0,0,0,0,0,0,0,0.0,0,0,0,0,0,0.0,0.0,4345.1,0,0,0,83.1,27.73,0.01,0.39,31.69,24.7,63.4,97.66771574278135,0.8281988015499067,17.66784111229149,14.225417330458358,3.160664178292594,1146.2972972972973,0.0,0.0,0.0,0.0,51.68400042242295,0.1,0.0,0.0,0.0,0.0,450.0,881.2,0.0,0.0,2.584,1.146,3.729,40.437,2.588,1.141,emon,0.922,0.679,29.3,13.8,2.116
2026-09-17 21:36:11.291,13.9,0,97,19;79;97;5;0;6;0;0;0;17;0;0;0;0;0;0,866,4728,4728;4724;4726;4617;1599;2304;1503;1252;1555;2253;2459;1489;907;1118;915;866,0.4,0.0,883.6,0,0,0,0,0,0.0,0,0,0,0,0,0,0,0,0.0,0,0,0,0,0,0.0,0.0,4345.1,0,0,0,81.1,27.73,0.01,0.39,31.69,24.7,63.4,97.84181276957194,1.2797239656404902,19.947935526569683,17.27994840716322,3.2340270779920197,1009.4166666666666,0.0,0.0,0.0,0.0,50.345478903502226,0.1,0.0,0.0,0.0,0.0,450.0,883.6,0.0,0.0,2.584,1.146,3.729,40.437,2.588,1.141,emon,0.922,0.679,29.3,13.8,2.116
2026-09-17 21:36:12.291,14.8,0,100,11;90;100;2;0;11;0;0;0;19;0;0;3;2;0;0,989,4728,4536;4708;4712;4728;1828;2448;2531;1240;2554;2427;2669;2935;989;1106;1107;1019,0.1,0.0,886.4,0,0,0,0,0,0.0,0,0,0,0,0,0,0,0,0.0,0,0,0,0,0,0.0,0.0,4345.1,0,0,0,83.1,27.73,0.01,0.39,31.69,24.7,63.4,97.4123215675354,1.5347582005197182,21.106257528066635,17.299680934287608,1.8090007548162248,1117.75,0.0,0.0,0.0,0.0,50.24545922130346,0.1,0.0,0.0,0.0,0.0,450.0,886.4,0.0,0.0,2.584,1.146,3.729,40.437,2.588,1.141,emon,0.922,0.679,29.3,13.8,2.116
2026-09-17 21:36:13.292,15.2,0,95,16;81;95;5;0;21;5;2;0;16;2;3;0;0;0;0,879,4724,4520;4717;4724;4635;2595;2519;1825;1255;1544;2279;2187;1341;950;1042;1052;879,0.0,0.0,891.7,0,0,0,0,0,0.0,0,0,0,0,0,0,0,0,0.0,0,0,0,0,0,0.0,0.0,4345.1,0,0,0,82.1,26.19,0.01,0.4,30.23,24.7,63.4,97.26856044300816,0.8850835460450566,16.905877355943645,14.241351703541321,3.015881582173486,1062.157894736842,0.0,0.0,0.0,0.0,51.206065920099874,0.0,0.0,0.0,0.0,0.0,450.0,891.7,0.0,0.0,2.584,1.146,3.729,40.437,2.588,1.141,emon,0.922,0.679,29.3,13.8,2.116
2026-09-17 21:36:14.292,13.7,0,95,74;23;95;2;0;2;12;2;0;2;8;0;0;0;0;0,952,4729,4633;4724;4648;4729;1479;2860;2707;1378;2040;2111;2255;2333;952;1174;1875;1080,0.0,0.0,891.6,0,0,0,0,0,0.0,0,0,0,0,0,0,0,0,0.0,0,0,0,0,0,0.0,0.0,4345.1,0,0,0,82.1,26.19,0.01,0.4,30.23,24.7,63.4,97.63760423660278,1.3746083338046446,20.542767964303493,17.562509669922292,2.4088903596930322,1124.0,0.0,0.0,0.0,0.0,50.224432311952114,0.1,0.0,0.0,0.0,0.0,450.0,891.6,0.0,0.0,2.584,1.146,3.729,40.437,2.588,1.141,emon,0.922,0.679,29.3,13.8,2.116
2026-09-17 21:36:15.292,15.0,0,97,75;29;97;5;0;0;16;5;0;0;14;0;0;0;0;0,859,4728,4716;4717;4728;4728;2153;1410;2315;2113;2439;1251;2085;2247;916;907;1097;859,0.0,0.0,886.4,0,0,0,0,0,0.0,0,0,0,0,0,0,0,0,0.0,0,0,0,0,0,0.0,0.0,4345.1,0,0,0,80.1,26.19,0.01,0.4,30.23,24.7,63.4,96.70261662801107,0.9740803275257349,16.974867697556814,14.683730288843314,3.137190235157808,1077.3333333333333,0.0,0.0,0.0,0.0,50.27525448898474,0.0,0.0,0.0,0.0,0.0,450.0,886.4,0.0,0.0,2.584,1.146,3.729,40.437,2.588,1.141,emon,0.922,0.679,29.3,13.8,2.116
2026-09-17 21:36:16.293,14.0,0,95,75;16;95;5;0;0;12;0;0;0;20;0;0;0;0;0,793,4729,4725;4723;4728;4729;1152;2634;2484;1335;1662;1478;2369;1786;1008;793;1573;1005,0.0,0.0,886.5,0,0,0,0,0,0.0,0,0,0,0,0,0,0,0,0.0,0,0,0,0,0,0.0,0.0,4345.1,0,0,0,80.1,26.19,0.01,0.4,30.23,24.7,63.4,95.76836317777634,0.2771456071641296,8.670521818101406,3.940055857412517,1.4997801408171654,983.375,0.0,0.0,0.0,0.0,50.3181616240181,0.1,0.0,0.0,0.0,0.0,450.0,886.5,0.0,0.0,2.584,1.146,3.729,40.437,2.588,1.141,emon,0.922,0.679,29.3,13.8,2.116
2026-09-17 21:36:17.293,14.6,0,98,78;19;98;6;0;0;17;3;0;0;12;0;0;0;0;0,876,4721,4677;4589;4695;4721;1948;1891;2465;2166;2246;2212;2305;2516;1580;876;1690;1118,0.2,0.0,881.2,0,0,0,0,0,0.0,0,0,0,0,0,0,0,0,0.0,0,0,0,0,0,0.0,0.0,4345.1,0,0,0,82.1,25.99,0.01,0.4,30.11,24.6,63.4,98.4832266783103,0.917896806453474,19.079587007180237,16.75910859612318,2.452849594013503,1165.6666666666667,0.0,0.0,0.0,0.0,51.63976402198657,0.1,0.0,0.0,0.0,0.0,450.0,881.2,0.0,0.0,2.584,1.146,3.729,40.437,2.588,1.141,emon,0.922,0.679,29.3,13.8,2.116
2026-09-17 21:36:18.294,14.4,0,95,64;3;95;0;0;0;58;0;0;0;8;0;0;0;2;0,843,4728,4620;4713;4609;4728;2005;1952;3212;1808;1331;1141;1910;1419;970;843;1658;1133,0.2,0.0,883.1,0,0,0,0,0,0.0,0,0,0,0,0,0,0,0,0.0,0,0,0,0,0,0.0,0.0,4345.1,0,0,0,64.1,25.99,0.01,0.4,30.11,24.7,63.4,97.05628237516984,1.2328654644281969,22.030288447504457,19.432321081990782,1.9771052462494243,1170.7391304347825,0.0,0.0,0.0,0.0,48.03624982937522,0.1,0.0,0.0,0.0,0.0,450.0,883.1,0.0,0.0,2.584,1.146,3.729,40.437,2.588,1.141,emon,0.922,0.679,29.3,13.8,2.116
2026-09-17 21:36:19.294,13.6,0,95,50;6;95;0;0;0;59;2;0;0;5;0;0;0;0;0,861,4730,4583;3954;4618;4730;3007;3149;3300;2766;2083;2371;2032;1613;924;861;1152;1049,0.7,0.0,891.2,0,0,0,0,0,0.0,0,0,0,0,0,0,0,0,0.0,0,0,0,0,0,0.0,0.0,4345.1,0,0,0,71.1,25.99,0.01,0.4,30.11,24.7,63.4,98.72468453866465,0.9730698745697737,17.108887200002318,14.429556039196473,1.4932781355627984,1174.9259259259259,0.0,0.0,0.0,0.0,55.93128283708184,0.0,0.0,0.0,0.0,0.0,450.0,886.0,0.0,0.0,2.584,1.146,3.729,40.437,2.588,1.141,emon,0.922,0.679,29.3,13.8,2.116
2026-09-17 21:36:20.294,13.8,0,98,86;11;98;0;0;0;11;0;0;0;14;0;0;0;0;0,775,4711,4707;4519;4711;4698;1326;2039;2580;1320;1573;1696;2164;2468;998;775;1107;1053,0.8,0.0,891.1,0,0,0,0,0,0.0,0,0,0,0,0,0,0,0,0.0,0,0,0,0,0,0.0,0.0,4345.1,0,0,0,81.1,25.99,0.01,0.4,30.11,24.7,63.4,97.03221130371094,0.6113362856918857,14.316147677482121,11.136289068394237,1.908166860954629,1095.8253968253969,0.0,0.0,0.0,0.0,52.71737709877983,0.0,0.0,0.0,0.0,0.0,450.0,891.2,0.0,0.0,2.584,1.146,3.729,40.437,2.588,1.141,emon,0.922,0.679,29.3,13.8,2.116
2026-09-17 21:36:21.295,14.6,0,97,86;8;97;3;0;0;20;3;0;0;14;2;0;0;0;0,773,4729,4726;4729;4720;4729;1656;1611;2681;1347;2960;2909;2219;1529;987;773;1034;948,1.0,0.0,884.6,0,0,0,0,0,0.0,0,0,0,0,0,0,0,0,0.0,0,0,0,0,0,0.0,0.0,4345.1,0,0,0,83.1,23.56,0.01,0.4,27.66,24.7,63.4,97.15992169502454,0.9920232765472088,18.61577962912046,16.105296984697,3.1006927110063724,1115.6666666666667,0.0,0.0,0.0,0.0,51.61224458232904,0.1,0.0,0.0,0.0,0.0,450.0,881.2,0.0,0.0,2.79,1.343,4.133,41.392,2.649,1.484,emon,0.909,0.791,28.2,13.2,2.143
2026-09-17 21:36:22.295,13.8,0,97,82;16;97;0;0;0;12;0;0;0;14;0;0;0;0;0,636,4729,4727;4729;4719;4729;1425;2146;2666;1325;2557;2223;2243;2052;887;636;1124;1066,1.1,0.0,884.6,0,0,0,0,0,0.0,0,0,0,0,0,0,0,0,0.0,0,0,0,0,0,0.0,0.0,4345.1,0,0,0,81.1,23.56,0.01,0.4,27.66,24.6,63.4,97.2110187480976,0.602366791905037,16.506946467734004,12.64530899230536,1.74053788724561,1090.5584415584415,0.0,0.0,0.0,0.0,52.31767035188613,0.1,0.0,0.0,0.0,0.0,450.0,884.6,0.0,0.0,2.79,1.343,4.133,41.392,2.649,1.484,emon,0.909,0.791,28.2,13.2,2.143
2026-09-17 21:36:23.295,14.6,0,92,71;28;92;0;0;0;22;2;0;0;17;2;0;0;0;0,850,4728,4721;4718;4691;4728;1877;2040;2723;2354;2391;1756;2160;1391;946;850;1123;1034,0.6,0.0,886.4,0,0,0,0,0,0.0,0,0,0,0,0,0,0,0,0.0,0,0,0,0,0,0.0,0.0,4345.1,0,0,0,80.1,23.56,0.01,0.4,27.66,24.7,63.4,97.80770683288574,1.0647879624273628,16.901721823215485,13.262701730430127,1.39710259535932,1069.0,0.0,0.0,0.0,0.0,50.247185467928645,0.1,0.0,0.0,0.0,0.0,450.0,881.2,0.0,0.0,2.79,1.343,4.133,41.392,2.649,1.484,emon,0.909,0.791,28.2,13.2,2.143
2026-09-17 21:36:24.296,14.5,0,98,77;26;98;6;0;0;9;3;0;0;12;0;0;0;0;0,901,4728,4721;4646;4726;4728;1939;2346;2424;1392;1491;1243;2046;2310;1003;901;1167;1037,0.7,0.0,886.4,0,0,0,0,0,0.0,0,0,0,0,0,0,0,0,0.0,0,0,0,0,0,0.0,0.0,4345.1,0,0,0,81.1,25.69,0.01,0.4,29.8,24.7,63.4,97.12181854248047,1.064652454521921,20.63548967573378,17.74565527174208,5.69444655544228,1126.7777777777778,0.0,0.0,0.0,0.0,50.25472426580058,0.0,0.0,0.0,0.0,0.0,450.0,886.4,0.0,0.0,2.79,1.343,4.133,41.392,2.649,1.484,emon,0.909,0.791,28.2,13.2,2.143
2026-09-17 21:36:25.296,14.4,0,94,86;8;94;2;0;0;20;0;0;0;14;0;2;0;5;0,726,4728,4725;4718;4727;4728;1402;1545;2398;1399;2172;1871;2138;1234;961;726;1428;1063,0.7,0.0,886.4,0,0,0,0,0,0.0,0,0,0,0,0,0,0,0,0.0,0,0,0,0,0,0.0,0.0,4345.1,0,0,0,84.1,25.69,0.01,0.4,29.8,24.7,63.4,98.10678001072095,1.179266444042973,19.228527203850124,16.904005227529485,1.3360128486933915,1114.2173913043478,0.0,0.0,0.0,0.0,52.54685076293738,0.1,0.0,0.0,0.0,0.0,450.0,886.4,0.0,0.0,2.79,1.343,4.133,41.392,2.649,1.484,emon,0.909,0.791,28.2,13.2,2.143
2026-09-17 21:36:26.296,13.7,0,100,80;14;100;3;0;0;9;0;0;0;14;0;0;0;0;0,793,4726,4691;4709;4726;4726;1836;2110;2368;1584;1919;1871;2154;2615;913;793;1061;1058,0.1,0.0,891.5,0,0,0,0,0,0.0,0,0,0,0,0,0,0,0,0.0,0,0,0,0,0,0.0,0.0,4345.1,0,0,0,79.1,25.69,0.01,0.4,29.8,24.7,63.4,98.25191616482205,0.6661131228423781,15.312953755590652,12.09978350566493,1.8633072006205718,1155.6666666666667,0.0,0.0,0.0,0.0,51.410923170381125,0.1,0.0,0.0,0.0,0.0,450.0,891.5,0.0,0.0,2.79,1.343,4.133,41.392,2.649,1.484,emon,0.909,0.791,28.2,13.2,2.143
2026-09-17 21:36:27.297,14.2,0,97,96;5;97;5;2;0;9;2;0;0;9;2;0;0;2;0,867,4727,4727;4688;4690;4718;3094;1454;1966;1760;1291;1605;2372;1502;976;867;1084;1035,0.5,0.0,886.2,0,0,0,0,0,0.0,0,0,0,0,0,0,0,0,0.0,0,0,0,0,0,0.0,0.0,4345.1,0,0,0,86.1,25.69,0.01,0.4,29.8,24.7,63.4,97.3033660888672,1.1715605179965496,21.45436544895172,18.5968478089571,3.404041513828561,1095.0,0.0,0.0,0.0,0.0,52.26715438067913,0.1,0.0,0.0,0.0,0.0,450.0,886.2,0.0,0.0,2.79,1.343,4.133,41.392,2.649,1.484,emon,0.909,0.791,28.2,13.2,2.143
2026-09-17 21:36:28.297,14.4,0,91,74;22;91;5;0;0;24;0;0;0;16;0;0;0;0;0,808,4729,4724;4727;4728;4729;2741;2380;2505;1282;2055;2257;2344;2926;922;808;1149;1075,0.0,0.0,883.9,0,0,0,0,0,0.0,0,0,0,0,0,0,0,0,0.0,0,0,0,0,0,0.0,0.0,4345.1,0,0,0,84.1,26.75,0.01,0.4,30.77,24.7,63.4,97.37936687469482,1.201503860919426,20.495677585403126,17.660956298932433,2.7113636846867544,1117.75,0.0,0.0,0.0,0.0,50.3404900940756,0.0,0.0,0.0,0.0,0.0,450.0,883.9,0.0,0.0,2.79,1.343,4.133,41.392,2.649,1.484,emon,0.909,0.791,28.2,13.2,2.143
2026-09-17 21:36:29.297,14.0,0,100,83;12;100;0;0;0;15;5;0;0;9;0;0;0;0;0,752,4728,4725;4728;4727;4714;1255;1787;2702;2374;2295;1349;2246;2457;977;752;1121;1061,0.0,0.0,883.9,0,0,0,0,0,0.0,0,0,0,0,0,0,0,0,0.0,0,0,0,0,0,0.0,0.0,4345.1,0,0,0,84.1,26.75,0.01,0.4,30.77,24.7,63.4,97.5000492219002,0.6165208475844514,14.847866798600842,11.37928045541048,1.6863238756514844,1125.6129032258063,0.0,0.0,0.0,0.0,51.97727196086799,0.0,0.0,0.0,0.0,0.0,450.0,883.9,0.0,0.0,2.79,1.343,4.133,41.392,2.649,1.484,emon,0.909,0.791,28.2,13.2,2.143
2026-09-17 21:36:30.298,14.4,0,97,74;22;97;0;0;0;19;0;0;0;18;0;0;0;0;0,974,4718,4718;4481;4682;4289;2230;2769;2801;1386;1976;2593;2138;1309;1039;974;1137;1042,0.4,0.0,881.0,0,0,0,0,0,0.0,0,0,0,0,0,0,0,0,0.0,0,0,0,0,0,0.0,0.0,4345.1,0,0,0,82.1,26.75,0.01,0.4,30.77,24.7,63.4,97.15214660644531,1.1820136790722608,20.229157910346984,17.85083554983139,2.439780187406577,1121.0,0.0,0.0,0.0,0.0,52.31172181606293,0.1,0.0,0.0,0.0,0.0,450.0,881.0,0.0,0.0,2.79,1.343,4.133,41.392,2.649,1.484,emon,0.909,0.791,28.2,13.2,2.143
2026-09-17 21:36:31.298,14.1,0,100,88;9;100;0;0;0;17;0;2;0;9;0;0;0;2;0,898,4729,4724;4729;4662;4476;1969;1651;2539;1878;1356;2199;2047;2816;955;898;1062;974,0.0,0.0,883.9,0,0,0,0,0,0.0,0,0,0,0,0,0,0,0,0.0,0,0,0,0,0,0.0,0.0,4345.1,0,0,0,81.1,26.75,0.01,0.4,30.77,24.7,63.4,96.79451096363557,0.6741442398096507,17.018047837110664,13.04300808868347,1.682728592686964,1049.0,0.0,0.0,0.0,0.0,51.62048641458536,0.0,0.0,0.0,0.0,0.0,450.0,883.9,0.0,0.0,2.79,1.343,4.133,41.392,2.649,1.484,emon,0.909,0.791,28.2,13.2,2.143
2026-09-17 21:36:32.299,14.6,0,91,74;25;91;2;0;0;23;0;0;0;14;3;0;0;2;0,756,4715,4715;4415;4709;4660;2927;2120;2726;1964;2408;1812;2058;1356;965;756;2219;906,0.2,0.0,881.0,0,0,0,0,0,0.0,0,0,0,0,0,0,0,0,0.0,0,0,0,0,0,0.0,0.0,4345.1,0,0,0,79.1,26.1,0.01,0.4,30.17,24.7,63.4,98.04932435353597,1.1299963725032285,20.59732656677564,17.75083966056506,2.4909953381769205,1199.0,0.0,0.0,0.0,0.0,50.19463153369725,0.1,0.0,0.0,0.0,0.0,450.0,881.0,0.0,0.0,2.79,1.343,4.133,41.392,2.649,1.484,emon,0.909,0.791,28.2,13.2,2.143
2026-09-17 21:36:33.299,14.1,0,98,80;18;98;0;0;0;11;2;0;0;14;0;0;0;3;0,897,4717,4705;4457;4717;4270;1617;2208;2231;2160;1811;2889;2261;1659;995;897;1129;1083,0.3,0.0,883.9,0,0,0,0,0,0.0,0,0,0,0,0,0,0,0,0.0,0,0,0,0,0,0.0,0.0,4345.1,0,0,0,81.1,26.1,0.01,0.4,30.17,24.7,63.4,98.29382858276367,1.3760959301143885,22.38878527879715,19.713192301988602,0.5743660109117628,1004.0,0.0,0.0,0.0,0.0,50.23387876152992,0.0,0.0,0.0,0.0,0.0,450.0,883.9,0.0,0.0,2.085,0.875,2.96,32.09,2.054,0.906,emon,0.939,0.847,29.1,13.6,2.141
2026-09-17 21:36:34.299,14.3,0,98,85;9;98;2;0;0;19;0;0;0;16;0;0;0;0;0,783,4722,4721;4226;4632;4722;2367;2013;2482;1346;1405;1485;1982;2684;995;783;1173;1021,0.4,0.0,883.9,0,0,0,0,0,0.0,0,0,0,0,0,0,0,0,0.0,0,0,0,0,0,0.0,0.0,4345.1,0,0,0,81.1,26.1,0.01,0.4,30.17,24.7,63.4,97.5843866136339,1.0231654323223565,16.772706674204933,13.525210784541237,2.389639744250518,1126.7777777777778,0.0,0.0,0.0,0.0,50.256357588701775,0.0,0.0,0.0,0.0,0.0,450.0,883.9,0.0,0.0,2.085,0.875,2.96,32.09,2.054,0.906,emon,0.939,0.847,29.1,13.6,2.141
2026-09-17 21:36:35.299,14.2,0,94,66;14;94;4;0;0;39;3;0;0;8;0;0;0;0;0,928,4724,4526;4554;4653;4724;2411;2523;3050;1771;1999;1155;1953;1914;1084;928;1136;1065,0.9,0.0,884.1,0,0,0,0,0,0.0,0,0,0,0,0,0,0,0,0.0,0,0,0,0,0,0.0,0.0,4345.1,0,0,0,68.1,26.1,0.01,0.4,30.17,24.7,63.4,97.83226243839708,0.8915892573030189,17.804220690283664,15.353422843093096,1.8221800854364627,1047.8372093023256,0.0,0.0,0.0,0.0,51.53084415682527,0.0,0.0,0.0,0.0,0.0,450.0,884.1,0.0,0.0,2.085,0.875,2.96,32.09,2.054,0.906,emon,0.939,0.847,29.1,13.6,2.141
2026-09-17 21:36:36.300,13.8,0,92,22;6;92;2;0;0;86;0;0;0;12;0;0;0;0;0,830,4649,4275;4398;4511;4649;3433;2775;3398;2778;1264;1313;2039;1648;1029;830;1148;1042,0.9,0.0,883.9,0,0,0,0,0,0.0,0,0,0,0,0,0,0,0,0.0,0,0,0,0,0,0.0,0.0,4345.1,0,0,0,54.1,22.45,0.01,0.4,26.49,24.7,63.4,98.08828163146973,0.836821893210678,18.709859291712444,15.98620612733066,1.767179463650488,1144.8333333333333,0.0,0.0,0.0,0.0,52.439748321038984,0.1,0.0,0.0,0.0,0.0,450.0,884.1,0.0,0.0,2.085,0.875,2.96,32.09,2.054,0.906,emon,0.939,0.847,29.1,13.6,2.141
2026-09-17 21:36:37.300,14.2,0,94,82;5;94;5;0;0;28;0;0;0;12;2;0;0;0;2,771,4729,4701;4719;4721;4729;2422;1650;2781;1634;2849;1830;2309;1788;911;771;1062;1080,1.0,0.0,881.2,0,0,0,0,0,0.0,0,0,0,0,0,0,0,0,0.0,0,0,0,0,0,0.0,0.0,4345.1,0,0,0,81.1,22.45,0.01,0.4,26.49,24.8,63.4,97.43086755925958,0.6153902975673026,15.308825208924034,12.083973768895323,1.7830968565561556,1057.1818181818182,0.0,0.0,0.0,0.0,51.2484404547648,0.1,0.0,0.0,0.0,0.0,450.0,883.9,0.0,0.0,2.085,0.875,2.96,32.09,2.054,0.906,emon,0.939,0.847,29.1,13.6,2.141
2026-09-17 21:36:38.300,14.2,0,97,94;6;97;0;0;0;16;0;0;0;9;2;0;0;3;0,770,4728,4726;4725;4728;4728;2615;3236;2724;1504;1785;1739;2204;2914;917;770;1973;973,1.0,0.0,886.5,0,0,0,0,0,0.0,0,0,0,0,0,0,0,0,0.0,0,0,0,0,0,0.0,0.0,4345.1,0,0,0,85.1,22.45,0.01,0.4,26.49,25.0,63.4,97.29328991117931,0.9195311145324793,17.949885061808995,15.622069936777864,2.5947070746887695,1088.2857142857142,0.0,0.0,0.0,0.0,52.73880349880173,0.1,0.0,0.0,0.0,0.0,450.0,881.2,0.0,0.0,2.085,0.875,2.96,32.09,2.054,0.906,emon,0.939,0.847,29.1,13.6,2.141
2026-09-17 21:36:39.301,14.6,0,94,86;14;94;3;0;0;20;2;0;0;14;0;0;0;0;0,867,4727,4724;4726;4727;4696;1379;1129;2721;1741;3230;3444;2244;1650;947;893;1026;867,1.5,0.0,881.2,0,0,0,0,0,0.0,0,0,0,0,0,0,0,0,0.0,0,0,0,0,0,0.0,0.0,4345.1,0,0,0,83.1,22.45,0.01,0.4,26.49,25.1,63.4,96.78626547919379,0.6486172641679231,17.203141055173344,13.151369166456991,1.9105306518678036,1085.8055555555557,0.0,0.0,0.0,0.0,51.75097036444478,0.1,0.0,0.0,0.0,0.0,450.0,886.5,0.0,0.0,2.085,0.875,2.96,32.09,2.054,0.906,emon,0.939,0.847,29.1,13.6,2.141
2026-09-17 21:36:40.301,14.9,0,97,81;17;97;2;0;0;19;6;0;0;14;2;0;0;2;0,940,4728,4725;4721;4728;4728;1467;1242;2603;1966;2452;1872;2268;2687;1039;940;2040;1046,1.5,0.0,881.2,0,0,0,0,0,0.0,0,0,0,0,0,0,0,0,0.0,0,0,0,0,0,0.0,0.0,4345.1,0,0,0,83.1,27.44,0.01,0.4,31.54,25.2,63.4,96.58667023976643,1.2068316276806097,20.379341304302216,17.693666780367494,3.0184461279471484,924.0,0.0,0.0,0.0,0.0,50.294334669287004,0.1,0.0,0.0,0.0,0.0,450.0,881.2,0.0,0.0,2.085,0.875,2.96,32.09,2.054,0.906,emon,0.939,0.847,29.1,13.6,2.141
2026-09-17 21:36:41.301,14.3,0,100,80;18;100;0;0;0;14;2;0;0;14;0;0;0;0;0,863,4729,4726;4729;4728;4634;2116;1438;2678;2422;2808;2824;2266;2872;1001;863;1175;954,0.6,0.0,884.1,0,0,0,0,0,0.0,0,0,0,0,0,0,0,0,0.0,0,0,0,0,0,0.0,0.0,4345.1,0,0,0,83.1,27.44,0.01,0.4,31.54,25.0,63.4,96.58667023976643,1.2068316276806097,20.379341304302216,17.693666780367494,3.0184461279471484,924.0,0.0,0.0,0.0,0.0,50.294334669287004,0.0,0.0,0.0,0.0,0.0,450.0,884.1,0.0,0.0,2.085,0.875,2.96,32.09,2.054,0.906,emon,0.939,0.847,29.1,13.6,2.141
2026-09-17 21:36:42.302,14.7,0,97,85;14;97;3;0;0;12;0;0;0;19;2;0;0;3;0,954,4729,4727;4729;4728;4728;1698;1245;2664;1334;2608;2575;2238;2684;1042;954;2382;999,0.4,0.0,884.1,0,0,0,0,0,0.0,0,0,0,0,0,0,0,0,0.0,0,0,0,0,0,0.0,0.0,4345.1,0,0,0,86.1,27.44,0.01,0.4,31.54,25.0,63.4,96.71114959716797,1.341484867502004,21.386542665958405,18.816826665401457,0.9276760557084345,1129.0,0.0,0.0,0.0,0.0,50.16218404322863,0.1,0.0,0.0,0.0,0.0,450.0,884.1,0.0,0.0,2.085,0.875,2.96,32.09,2.054,0.906,emon,0.939,0.847,29.1,13.6,2.141
2026-09-17 21:36:43.302,14.3,0,100,83;14;100;0;0;0;18;0;0;0;12;0;0;0;2;0,879,4729,4727;4729;4725;4729;2642;1283;2521;1610;2211;1959;2374;1845;879;1027;1126;1017,0.1,0.0,884.1,0,0,0,0,0,0.0,0,0,0,0,0,0,0,0,0.0,0,0,0,0,0,0.0,0.0,4345.1,0,0,0,85.1,27.44,0.01,0.4,31.54,25.0,63.4,98.39829121465269,0.9642423192929962,18.17587801684504,15.926589887427246,1.7023629268185925,1114.2173913043478,0.0,0.0,0.0,0.0,52.457865102783494,0.0,0.0,0.0,0.0,0.0,450.0,884.1,0.0,0.0,2.085,0.875,2.96,32.09,2.054,0.906,emon,0.939,0.847,29.1,13.6,2.141
2026-09-17 21:36:44.302,14.5,0,95,19;84;95;5;0;0;2;14;0;0;2;12;0;0;0;0,920,4728,4728;4728;4727;4678;1690;2703;2708;2244;2376;3155;2182;2184;1060;996;920;1088,0.0,0.0,884.1,0,0,0,0,0,0.0,0,0,0,0,0,0,0,0,0.0,0,0,0,0,0,0.0,0.0,4345.1,0,0,0,83.1,28.08,0.01,0.4,32.1,25.0,63.4,98.1999264671689,0.9106911200409135,16.53727137190955,13.836114459449337,2.249977508116336,1075.1904761904761,0.0,0.0,0.0,0.0,52.737141847255685,0.1,0.0,0.0,0.0,0.0,450.0,884.1,0.0,0.0,2.085,0.875,2.96,32.09,2.054,0.906,emon,0.939,0.847,29.1,13.6,2.141
2026-09-17 21:36:45.303,13.9,0,98,9;78;98;3;0;0;0;11;0;0;0;17;2;0;0;3,742,4729,4729;4722;4728;4729;2091;1613;1901;2230;2857;2037;2346;2577;1106;785;742;1113,0.0,0.0,884.1,0,0,0,0,0,0.0,0,0,0,0,0,0,0,0,0.0,0,0,0,0,0,0.0,0.0,4345.1,0,0,0,85.1,28.08,0.01,0.4,32.1,25.0,63.4,97.67677422725794,1.0280687927522443,19.314956524155356,16.81693855198947,2.4284142766740513,1159.6060606060605,0.0,0.0,0.0,0.0,51.807072838599034,0.1,0.0,0.0,0.0,0.0,450.0,884.1,0.0,0.0,2.085,0.875,2.96,32.09,2.054,0.906,emon,0.939,0.847,29.1,13.6,2.141
2026-09-17 21:36:46.303,14.5,0,100,11;92;100;2;0;0;0;17;0;0;0;9;2;0;0;0,789,4729,4728;4727;4729;4729;3089;3263;2410;2316;3265;3286;3043;2310;1139;839;789;1143,0.0,0.0,884.1,0,0,0,0,0,0.0,0,0,0,0,0,0,0,0,0.0,0,0,0,0,0,0.0,0.0,4345.1,0,0,0,85.1,28.08,0.01,0.4,32.1,25.1,63.4,96.81541792551677,1.1049637959028284,18.600187694032986,14.967386880889535,3.4964254118300837,1063.5833333333333,0.0,0.0,0.0,0.0,50.332410257309675,0.1,0.0,0.0,0.0,0.0,450.0,884.1,0.0,0.0,1.819,0.792,2.61,27.559,1.764,0.846,emon,0.927,0.838,29.2,13.5,2.157
2026-09-17 21:36:47.303,14.5,0,98,19;82;98;2;2;0;0;15;2;0;0;5;0;2;3;3,876,4729,4728;4705;4727;4729;2717;2475;1574;2520;2095;2254;1771;2124;1060;883;876;1452,0.0,0.0,884.1,0,0,0,0,0,0.0,0,0,0,0,0,0,0,0,0.0,0,0,0,0,0,0.0,0.0,4345.1,0,0,0,91.1,28.08,0.01,0.4,32.1,25.1,63.4,98.20369672775269,1.346547773340717,20.84097746759653,17.49130982439965,2.3987913875316735,1199.0,0.0,0.0,0.0,0.0,50.31333563104272,0.0,0.0,0.0,0.0,0.0,450.0,884.1,0.0,0.0,1.819,0.792,2.61,27.559,1.764,0.846,emon,0.927,0.838,29.2,13.5,2.157
2026-09-17 21:36:48.304,15.5,0,94,5;94;91;3;0;0;0;22;5;0;0;25;0;0;0;4,886,4715,4712;4715;4656;4592;2990;3029;2096;2894;2994;2545;2309;2693;1001;917;886;2097,0.0,0.0,889.3,0,0,0,0,0,0.0,0,0,0,0,0,0,0,0,0.0,0,0,0,0,0,0.0,0.0,4345.1,0,0,0,79.1,28.0,0.01,0.4,32.04,25.6,63.4,97.23615917261095,0.5753411427680133,15.389323231102765,11.81865453093812,1.5673865571574213,1064.2173913043478,0.0,0.0,0.0,0.0,51.06156488367613,0.0,0.0,0.0,0.0,0.0,450.0,889.3,0.0,0.0,1.819,0.792,2.61,27.559,1.764,0.846,emon,0.927,0.838,29.2,13.5,2.157
2026-09-17 21:36:49.304,11.6,0,95,2;16;95;0;0;0;0;15;2;0;0;56;0;0;0;0,643,4468,3879;4039;4468;3610;1837;1941;2511;2325;2937;3245;3238;3256;841;784;643;972,0.4,0.0,881.2,0,0,0,0,0,0.0,0,0,0,0,0,0,0,0,0.0,0,0,0,0,0,0.0,0.0,6263.0,0,0,0,65.1,28.0,0.01,0.4,32.04,22.5,63.4,98.734627874274,0.7418543900314131,15.809124104286495,12.258535841577931,1.4109128747919673,968.078947368421,0.0,0.0,0.0,0.0,51.588382538506075,0.1,0.0,0.0,0.0,0.0,450.0,881.2,0.0,0.0,1.819,0.792,2.61,27.559,1.764,0.846,emon,0.927,0.838,29.2,13.5,2.157
2026-09-17 21:36:50.304,8.0,0,96,2;16;96;0;0;0;0;11;0;0;0;5;0;0;0;0,544,4365,3665;4113;4365;3611;1995;2367;1361;1877;1449;1413;3022;1805;835;586;544;773,1.4,0.0,885.9,0,0,0,0,0,0.0,0,0,0,0,0,0,0,0,0.0,0,0,0,0,0,87.7,0.0,6279.2,0,0,0,67.1,28.0,0.01,0.4,32.04,22.5,63.4,98.09419751167297,0.6746738909278065,15.78199315071106,11.4013552069664,2.531418609432876,878.6875,0.0,0.0,0.0,0.0,50.24709613062441,0.1,0.0,0.0,0.0,0.0,250.0,881.2,0.0,0.0,1.819,0.792,2.61,27.559,1.764,0.846,emon,0.927,0.838,29.2,13.5,2.157
2026-09-17 21:36:51.305,8.7,0,97,2;25;97;0;0;0;0;8;0;0;0;3;2;2;0;2,655,4420,4155;4086;4420;4398;1225;1266;1269;1894;1243;1226;1186;1915;655;669;662;773,0.9,0.0,889.2,0,0,0,0,0,0.0,0,0,0,0,0,0,0,0,0.0,0,0,0,0,0,100.0,0.0,6279.2,0,0,0,67.1,28.0,0.01,0.4,32.04,22.5,63.4,98.68732840327893,1.0654450264459445,16.99744009769569,13.937812048247306,2.326660799778114,1015.9491525423729,0.0,0.0,0.0,0.0,51.08289283741329,0.1,0.0,0.0,0.0,0.0,250.0,885.9,0.0,0.0,1.819,0.792,2.61,27.559,1.764,0.846,emon,0.927,0.838,29.2,13.5,2.157
2026-09-17 21:36:52.305,8.7,0,100,2;20;100;0;0;0;0;8;2;0;0;6;0;0;0;2,578,4432,3646;4159;4432;4394;1252;1213;1227;2080;2513;1214;1234;2009;913;605;578;854,1.0,0.0,886.6,0,0,0,0,0,0.0,0,0,0,0,0,0,0,0,0.0,0,0,0,0,0,100.0,0.0,6279.2,0,0,0,67.1,17.91,0.01,19.4,40.25,22.5,63.4,99.3293685913086,2.004228147212416,24.31681625545025,22.50321540236473,0.6322032217867672,799.0,0.0,0.0,0.0,0.0,50.34539771452546,0.1,0.0,0.0,0.0,0.0,250.0,889.2,0.0,0.0,1.819,0.792,2.61,27.559,1.764,0.846,emon,0.927,0.838,29.2,13.5,2.157
2026-09-17 21:36:53.305,16.5,8,73,11;73;54;8;11;12;8;15;8;9;8;15;8;8;8;8,1300,4373,4315;4344;4347;4373;3226;3318;3269;2470;3357;3393;3395;2529;1509;1588;1654;1300,1.0,0.0,886.6,0,0,0,0,0,0.0,0,0,0,0,0,0,0,0,0.0,0,0,0,0,0,100.0,0.0,6279.2,0,0,0,67.1,17.91,0.01,19.4,40.25,22.5,63.4,99.0426288180881,1.1033383699444432,18.60851893491215,16.50668711008297,1.827907920407597,893.4444444444445,0.0,0.0,0.0,0.0,53.080677557115756,0.1,0.0,0.0,0.0,0.0,250.0,886.6,0.0,0.0,1.819,0.792,2.61,27.559,1.764,0.846,emon,0.927,0.838,29.2,13.5,2.157
2026-09-17 21:36:54.305,8.2,0,80,2;80;39;0;0;0;0;8;0;0;0;0;2;0;0;2,589,4374,4070;4374;4345;4154;1461;1201;1301;1947;1789;1255;1243;1845;622;673;589;727,1.4,0.0,886.1,0,0,0,0,0,0.0,0,0,0,0,0,0,0,0,0.0,0,0,0,0,0,97.9,0.0,6364.3,0,0,0,67.1,17.91,0.01,19.4,40.25,22.5,63.4,98.30526178533381,1.5091181019829079,22.265494904734872,19.205907352268696,3.0394939772297884,971.7272727272727,0.0,0.0,0.0,0.0,50.15727370909669,0.1,0.0,0.0,0.0,0.0,250.0,886.1,0.0,0.0,1.819,0.792,2.61,27.559,1.764,0.846,emon,0.927,0.838,29.2,13.5,2.157
2026-09-17 21:36:55.306,9.1,0,82,8;82;38;2;0;0;0;8;0;0;0;10;0;0;0;0,593,4363,4293;4363;4317;4315;1548;1187;1246;1738;1549;1457;1234;1886;638;593;614;768,0.5,0.0,886.1,0,0,0,0,0,0.0,0,0,0,0,0,0,0,0,0.0,0,0,0,0,0,97.2,0.0,6364.3,0,0,0,66.1,17.91,0.01,19.4,40.25,22.5,63.4,98.8334020666174,1.5885430154063411,20.17143429292215,17.674981584420074,2.8105043613704273,982.7837837837837,0.0,0.0,0.0,0.0,51.557306170060826,0.0,0.0,0.0,0.0,0.0,250.0,886.1,0.0,0.0,1.819,0.792,2.61,27.559,1.764,0.846,emon,0.927,0.838,29.2,13.5,2.157
2026-09-17 21:36:56.306,9.0,0,92,6;25;92;2;0;0;0;9;0;0;0;9;0;0;0;0,620,4414,4262;4187;4414;4106;1268;1274;1433;1621;1296;1313;1322;1857;620;676;630;797,0.8,0.0,885.1,0,0,0,0,0,0.0,0,0,0,0,0,0,0,0,0.0,0,0,0,0,0,97.8,0.0,6364.3,0,0,0,65.1,17.89,0.01,6.23,34.94,22.5,63.4,98.39775024414062,1.4644985244423152,20.515792531967165,17.963473668694498,2.459957854701206,863.0,0.0,0.0,0.0,0.0,49.30806427419186,0.1,0.0,0.0,0.0,0.0,250.0,885.1,0.0,0.0,1.819,0.792,2.61,27.559,1.764,0.846,emon,0.927,0.838,29.2,13.5,2.157
2026-09-17 21:36:57.311,8.7,0,95,2;27;95;2;0;0;0;8;0;0;0;6;0;0;0;0,663,4369,4087;4118;4369;3996;1288;1169;1158;1717;1343;1450;1358;1842;663;683;805;776,0.3,0.0,885.1,0,0,0,0,0,0.0,0,0,0,0,0,0,0,0,0.0,0,0,0,0,0,97.3,0.0,6364.3,0,0,0,64.1,17.89,0.01,6.23,34.94,22.7,63.4,98.39775024414062,1.4644985244423152,20.515792531967165,17.963473668694498,2.459957854701206,863.0,0.0,0.0,0.0,0.0,49.30806427419186,0.1,0.0,0.0,0.0,0.0,250.0,885.1,0.0,0.0,1.819,0.792,2.61,27.559,1.764,0.846,emon,0.927,0.838,29.2,13.5,2.157
2026-09-17 21:36:58.311,8.5,0,95,2;25;95;0;0;0;0;9;0;0;0;5;0;0;0;0,607,4357,3844;4134;4357;3830;1561;1426;1236;1808;1381;1287;1269;1715;607;667;679;658,0.6,0.0,883.9,0,0,0,0,0,0.0,0,0,0,0,0,0,0,0,0.0,0,0,0,0,0,96.3,0.0,6364.3,0,0,0,63.1,17.89,0.01,6.23,34.94,22.5,63.4,91.88234519958496,2.6012964844703674,22.43745517730713,20.209437370300293,0.00013076407776679844,1374.0,0.0,0.0,0.0,0.0,50.12599778920412,0.1,0.0,0.0,0.0,0.0,250.0,883.9,0.0,0.0,85.995,0.749,86.744,8.597,0.55,86.194,emon,0.829,0.687,47.9,22.3,2.151
2026-09-17 21:36:59.312,8.5,0,97,2;20;97;3;0;0;0;6;0;0;0;8;0;0;0;0,610,4381,4210;4217;4381;4203;1177;1249;1293;1966;2131;1275;1166;2121;671;949;610;758,0.7,0.0,884.2,0,0,0,0,0,0.0,0,0,0,0,0,0,0,0,0.0,0,0,0,0,0,96.8,0.0,6364.3,0,0,0,66.1,17.89,0.01,6.23,34.94,22.5,63.4,98.2031463623047,0.8603967964649201,17.369196319580077,12.06374945640564,1.9451868534088135,1034.0,0.0,0.0,0.0,0.0,50.188200905919075,0.1,0.0,0.0,0.0,0.0,250.0,884.2,0.0,0.0,85.995,0.749,86.744,8.597,0.55,86.194,emon,0.829,0.687,47.9,22.3,2.151
2026-09-17 21:37:00.312,9.9,0,94,3;20;94;3;3;0;2;12;2;3;2;11;0;2;2;2,807,4386,4145;4173;4386;4182;3332;2754;3398;2366;3287;3202;3224;2050;829;921;807;835,0.0,0.0,889.5,0,0,0,0,0,0.0,0,0,0,0,0,0,0,0,0.0,0,0,0,0,0,100.0,0.0,6364.3,0,0,0,64.1,17.43,0.01,7.21,35.68,22.5,63.4,99.14572525024414,1.2333587135188282,20.214968556165694,18.48518323600292,1.5085614182054996,974.0,0.0,0.0,0.0,0.0,55.42459285706282,0.0,0.0,0.0,0.0,0.0,250.0,889.5,0.0,0.0,85.995,0.749,86.744,8.597,0.55,86.194,emon,0.829,0.687,47.9,22.3,2.151
2026-09-17 21:37:01.312,8.2,0,95,2;22;95;0;0;0;0;9;0;0;0;3;0;0;0;0,546,4401,3761;4068;4401;3922;1403;1354;1224;1677;2039;1240;1259;1793;798;815;546;667,0.1,0.0,887.6,0,0,0,0,0,0.0,0,0,0,0,0,0,0,0,0.0,0,0,0,0,0,86.0,0.0,6364.3,0,0,0,66.1,17.43,0.01,7.21,35.68,22.5,63.4,99.04809233199718,1.0935233360979446,17.715193923129593,14.958202142701593,1.2239606465581199,919.9302325581396,0.0,0.0,0.0,0.0,51.47484946025666,0.1,0.0,0.0,0.0,0.0,250.0,887.6,0.0,0.0,85.995,0.749,86.744,8.597,0.55,86.194,emon,0.829,0.687,47.9,22.3,2.151
2026-09-17 21:37:02.313,9.0,0,98,0;26;98;0;0;0;0;11;0;0;0;9;0;0;0;0,574,4368,3790;4013;4368;4055;2247;1371;1410;1761;2302;1789;1239;1827;797;635;574;749,0.3,0.0,881.2,0,0,0,0,0,0.0,0,0,0,0,0,0,0,0,0.0,0,0,0,0,0,100.0,0.0,6364.3,0,0,0,67.1,17.43,0.01,7.21,35.68,22.5,63.4,99.37445212699272,1.1020645193906653,19.231745117419475,16.40151270660194,1.9904331577488699,986.8378378378378,0.0,0.0,0.0,0.0,55.70166784565191,0.1,0.0,0.0,0.0,0.0,250.0,881.2,0.0,0.0,85.995,0.749,86.744,8.597,0.55,86.194,emon,0.829,0.687,47.9,22.3,2.151
2026-09-17 21:37:03.313,10.4,2,97,6;23;97;2;2;2;2;9;3;2;2;9;2;2;2;3,845,4374,4163;4159;4374;4035;2857;2928;2852;1985;3034;3124;3115;2119;845;856;865;871,0.0,0.0,882.0,0,0,0,0,0,0.0,0,0,0,0,0,0,0,0,0.0,0,0,0,0,0,98.3,0.0,6364.3,0,0,0,65.1,17.43,0.01,7.21,35.68,22.5,63.4,99.00361757500227,1.0797323650832094,16.558801997539607,13.707844719983811,1.907230858214546,907.1395348837209,0.0,0.0,0.0,0.0,51.4578792289939,0.1,0.0,0.0,0.0,0.0,250.0,882.0,0.0,0.0,85.995,0.749,86.744,8.597,0.55,86.194,emon,0.829,0.687,47.9,22.3,2.151
2026-09-17 21:37:04.313,8.8,0,98,3;19;98;0;0;0;0;11;0;0;0;9;0;0;0;0,594,4412,3108;4075;4412;4225;2344;2024;1646;2022;1641;1474;1342;1828;665;594;684;745,0.0,0.0,885.5,0,0,0,0,0,0.0,0,0,0,0,0,0,0,0,0.0,0,0,0,0,0,96.0,0.0,6364.3,0,0,0,66.1,16.93,0.01,19.04,40.63,22.5,63.4,98.43957869211833,1.4312284181360155,20.79187787572543,18.1911482984821,2.291558038947793,930.25,0.0,0.0,0.0,0.0,50.19866492102543,0.1,0.0,0.0,0.0,0.0,250.0,885.5,0.0,0.0,85.995,0.749,86.744,8.597,0.55,86.194,emon,0.829,0.687,47.9,22.3,2.151
2026-09-17 21:37:05.319,8.5,0,98,5;15;98;0;0;0;0;6;0;0;0;11;0;0;0;0,744,4370,4063;4115;4370;3908;1184;1183;1115;1743;1742;1186;1194;1767;758;808;858;744,0.7,0.0,885.5,0,0,0,0,0,0.0,0,0,0,0,0,0,0,0,0.0,0,0,0,0,0,96.5,0.0,6364.3,0,0,0,65.1,16.93,0.01,19.04,40.63,22.7,63.4,98.43957869211833,1.4312284181360155,20.79187787572543,18.1911482984821,2.291558038947793,930.25,0.0,0.0,0.0,0.0,50.19866492102543,0.0,0.0,0.0,0.0,0.0,250.0,885.5,0.0,0.0,85.995,0.749,86.744,8.597,0.55,86.194,emon,0.829,0.687,47.9,22.3,2.151
2026-09-17 21:37:06.319,9.1,0,98,3;25;98;0;0;0;0;12;0;0;0;6;0;0;0;0,668,4371,4102;4068;4368;4371;1493;2508;1758;1904;1672;1250;1348;1775;702;668;680;685,1.2,0.0,882.1,0,0,0,0,0,0.0,0,0,0,0,0,0,0,0,0.0,0,0,0,0,0,96.2,0.0,6364.3,0,0,0,65.1,16.93,0.01,19.04,40.63,22.5,63.4,97.74717926979065,0.2990892560919747,8.888340651988983,3.3317175433039665,1.4256786555051804,916.1875,0.0,0.0,0.0,0.0,50.208443279378116,0.1,0.0,0.0,0.0,0.0,250.0,880.2,0.0,0.0,85.995,0.749,86.744,8.597,0.55,86.194,emon,0.829,0.687,47.9,22.3,2.151
2026-09-17 21:37:07.319,9.6,0,97,0;30;97;0;0;0;0;16;2;2;0;8;0;0;0;0,599,4390,4242;4224;4390;4388;1221;1227;1223;1740;1339;2408;1337;1885;725;599;725;843,0.9,0.0,887.2,0,0,0,0,0,0.0,0,0,0,0,0,0,0,0,0.0,0,0,0,0,0,97.9,0.0,6364.3,0,0,0,64.1,16.93,0.01,19.04,40.63,22.5,63.4,98.8110531746073,1.1166865051268262,18.70639897914643,16.482799289708442,2.719044059792415,895.8085106382979,0.0,0.0,0.0,0.0,53.56937882050555,0.1,0.0,0.0,0.0,0.0,250.0,882.1,0.0,0.0,85.995,0.749,86.744,8.597,0.55,86.194,emon,0.829,0.687,47.9,22.3,2.151
2026-09-17 21:37:08.320,8.6,0,98,2;23;98;0;0;0;0;8;0;0;0;6;0;0;0;0,564,4434,4080;4114;4371;4434;2473;1198;1216;1764;2541;1766;1256;1669;564;608;597;696,0.9,0.0,887.2,0,0,0,0,0,0.0,0,0,0,0,0,0,0,0,0.0,0,0,0,0,0,97.9,0.0,6364.3,0,0,0,64.1,17.5,0.01,3.33,33.45,22.5,63.4,98.79971974690756,1.3613658099124828,18.132246299584708,15.572863608102004,2.55947114569135,780.6666666666666,0.0,0.0,0.0,0.0,50.26737792889277,0.1,0.0,0.0,0.0,0.0,250.0,887.2,0.0,0.0,85.995,0.749,86.744,8.597,0.55,86.194,emon,0.829,0.687,47.9,22.3,2.151
2026-09-17 21:37:09.320,9.5,0,97,8;25;97;3;0;0;0;9;2;0;0;8;0;0;0;0,557,4401,3600;4184;4401;3782;1276;1213;1250;1816;3318;1508;1481;1579;557;574;641;764,1.1,0.0,887.4,0,0,0,0,0,0.0,0,0,0,0,0,0,0,0,0.0,0,0,0,0,0,97.6,0.0,6364.3,0,0,0,67.1,17.5,0.01,3.33,33.45,22.5,63.4,99.5704108344184,1.200918162724486,16.28754422399733,14.252126299672657,0.900037735959308,861.9629629629629,0.0,0.0,0.0,0.0,56.086168398459755,0.1,0.0,0.0,0.0,0.0,250.0,882.1,0.0,0.0,85.995,0.749,86.744,8.597,0.55,86.194,emon,0.829,0.687,47.9,22.3,2.151
2026-09-17 21:37:10.320,8.2,0,100,3;16;100;0;0;0;0;8;2;0;0;3;0;0;0;0,685,4422,3672;4170;4422;4263;1363;1426;1330;2354;2448;1322;1792;2111;685;887;690;763,1.3,0.0,882.5,0,0,0,0,0,0.0,0,0,0,0,0,0,0,0,0.0,0,0,0,0,0,90.3,0.0,6364.3,0,0,0,66.1,17.5,0.01,3.33,33.45,22.5,63.4,99.21521250406902,1.3209878287814332,21.119303851416618,19.33299406279217,2.3339116106825797,952.030303030303,0.0,0.0,0.0,0.0,51.77159042340337,0.1,0.0,0.0,0.0,0.0,250.0,882.5,0.0,0.0,85.655,0.766,86.421,7.475,0.478,85.943,emon,0.83,0.711,47.8,22.2,2.152
2026-09-17 21:37:11.321,7.9,0,94,2;22;94;0;0;0;0;3;0;0;0;6;0;0;0;0,670,4440,3691;4024;4440;3419;1276;1217;1223;1768;1381;1226;1222;1700;795;741;837;670,0.9,0.0,885.1,0,0,0,0,0,0.0,0,0,0,0,0,0,0,0,0.0,0,0,0,0,0,100.0,0.0,6364.3,0,0,0,68.1,17.5,0.01,3.33,33.45,22.5,63.4,98.9123292711046,1.0999376910428207,19.353385763698153,16.875112229254512,1.465177809115913,921.2222222222222,0.0,0.0,0.0,0.0,51.35747853136725,0.1,0.0,0.0,0.0,0.0,250.0,885.1,0.0,0.0,85.655,0.766,86.421,7.475,0.478,85.943,emon,0.83,0.711,47.8,22.2,2.152
2026-09-17 21:37:12.321,9.4,0,100,2;26;100;0;2;0;0;11;0;0;0;8;3;0;0;0,565,4380,3767;4053;4380;3946;2775;1779;1643;1733;1362;1210;1268;1840;591;565;716;654,1.1,0.0,880.2,0,0,0,0,0,0.0,0,0,0,0,0,0,0,0,0.0,0,0,0,0,0,100.0,0.0,6364.3,0,0,0,67.1,16.97,0.02,17.41,40.77,22.5,63.4,98.64130504314716,0.9748743869579182,16.166229566702476,13.221169518450132,1.84475199593446,899.0,0.0,0.0,0.0,0.0,52.244898012910895,0.1,0.0,0.0,0.0,0.0,250.0,880.2,0.0,0.0,85.655,0.766,86.421,7.475,0.478,85.943,emon,0.83,0.711,47.8,22.2,2.152
2026-09-17 21:37:13.322,8.8,0,95,6;23;95;0;2;0;0;6;0;0;0;8;0;0;0;0,804,4366,3705;3953;4366;4286;2981;3166;3140;2162;2843;2757;2515;1840;889;852;930;804,0.4,0.0,882.0,0,0,0,0,0,0.0,0,0,0,0,0,0,0,0,0.0,0,0,0,0,0,100.0,0.0,6364.3,0,0,0,65.1,16.97,0.02,17.41,40.77,22.5,63.4,98.02709089006696,0.3217012903520039,12.357484068189349,6.0103830354554315,1.2668691809688295,1066.857142857143,0.0,0.0,0.0,0.0,50.175658707107814,0.1,0.0,0.0,0.0,0.0,250.0,882.0,0.0,0.0,85.655,0.766,86.421,7.475,0.478,85.943,emon,0.83,0.711,47.8,22.2,2.152
2026-09-17 21:37:14.322,8.8,0,94,22;3;94;0;6;2;0;2;9;2;0;2;0;0;0;0,516,4414,4162;4133;4414;3986;1661;1784;1234;1672;1737;1843;1274;2804;794;774;516;670,0.3,0.0,882.2,0,0,0,0,0,0.0,0,0,0,0,0,0,0,0,0.0,0,0,0,0,0,96.0,0.0,6364.3,0,0,0,66.1,16.97,0.02,17.41,40.77,22.5,63.4,98.03526306152344,0.4298425763845444,11.009521007537842,3.5434707403182983,1.7783951163291931,399.0,0.0,0.0,0.0,0.0,50.360173523426056,0.1,0.0,0.0,0.0,0.0,250.0,882.2,0.0,0.0,85.655,0.766,86.421,7.475,0.478,85.943,emon,0.83,0.711,47.8,22.2,2.152
2026-09-17 21:37:15.323,9.2,0,95,27;5;95;2;9;0;0;0;8;0;0;0;2;0;0;0,738,4376,4204;4164;4376;4198;1636;1123;1132;1179;1792;1667;1745;1346;831;738;772;775,0.0,0.0,883.1,0,0,0,0,0,0.0,0,0,0,0,0,0,0,0,0.0,0,0,0,0,0,96.4,0.0,6364.3,0,0,0,65.1,16.97,0.02,17.41,40.77,22.5,63.4,98.9485342502594,1.2722540638933424,19.894295502454042,17.52338598622009,2.6741789696679916,1020.875,0.0,0.0,0.0,0.0,50.27520853839815,0.1,0.0,0.0,0.0,0.0,250.0,883.1,0.0,0.0,85.655,0.766,86.421,7.475,0.478,85.943,emon,0.83,0.711,47.8,22.2,2.152
2026-09-17 21:37:16.323,8.4,0,94,14;2;94;2;14;0;0;0;9;0;0;0;0;0;0;0,537,4388,4168;3796;4388;4091;1831;1297;1551;1194;1854;1575;1517;1780;690;537;781;629,0.0,0.0,884.4,0,0,0,0,0,0.0,0,0,0,0,0,0,0,0,0.0,0,0,0,0,0,94.8,0.0,6364.3,0,0,0,64.1,17.4,0.01,8.36,35.77,22.5,63.4,98.73446641401812,1.0292033221233974,18.77508004361933,16.266052705862304,2.1964089272131044,953.5454545454545,0.0,0.0,0.0,0.0,51.1356304934079,0.1,0.0,0.0,0.0,0.0,250.0,884.4,0.0,0.0,85.655,0.766,86.421,7.475,0.478,85.943,emon,0.83,0.711,47.8,22.2,2.152
2026-09-17 21:37:17.323,8.7,0,94,17;6;94;3;11;0;0;0;8;0;0;0;0;0;0;0,626,4398,4118;4074;4398;4040;1991;1418;1273;1188;1935;3217;1700;1382;776;626;685;649,0.0,0.0,884.4,0,0,0,0,0,0.0,0,0,0,0,0,0,0,0,0.0,0,0,0,0,0,93.7,0.0,6364.3,0,0,0,65.1,17.4,0.01,8.36,35.77,22.5,63.4,98.8521219889323,1.5298618886930246,18.13614773750305,15.101546614120403,1.1878905340951558,928.1666666666666,0.0,0.0,0.0,0.0,50.31473392869035,0.1,0.0,0.0,0.0,0.0,250.0,884.4,0.0,0.0,85.655,0.766,86.421,7.475,0.478,85.943,emon,0.83,0.711,47.8,22.2,2.152
2026-09-17 21:37:18.323,9.1,0,95,26;2;95;0;8;0;0;0;10;2;0;0;2;2;0;0,544,4404,4037;4014;4404;3622;2281;1390;1239;1216;1968;2403;1566;1331;850;724;963;544,0.6,0.0,883.1,0,0,0,0,0,0.0,0,0,0,0,0,0,0,0,0.0,0,0,0,0,0,100.0,0.0,6364.3,0,0,0,66.1,17.4,0.01,8.36,35.77,22.5,63.4,98.6708014351981,1.098170963967485,17.197528260094778,15.340974748134613,1.9827070823138846,944.7142857142857,0.0,0.0,0.0,0.0,51.7903284404959,0.1,0.0,0.0,0.0,0.0,250.0,883.1,0.0,0.0,85.655,0.766,86.421,7.475,0.478,85.943,emon,0.83,0.711,47.8,22.2,2.152
2026-09-17 21:37:19.324,8.3,0,97,17;0;97;0;11;0;0;0;8;0;0;0;0;0;0;0,608,4391,4058;3883;4391;3545;1797;1825;1449;1196;1992;1567;1265;1431;701;608;615;657,0.9,0.0,883.1,0,0,0,0,0,0.0,0,0,0,0,0,0,0,0,0.0,0,0,0,0,0,98.1,0.0,6364.3,0,0,0,66.1,17.4,0.01,8.36,35.77,22.5,63.4,99.27521226990898,0.8647108691621501,16.60164672923538,13.582653426336792,1.2441861924170605,881.0754716981132,0.0,0.0,0.0,0.0,53.20519537000724,0.1,0.0,0.0,0.0,0.0,250.0,883.1,0.0,0.0,85.655,0.766,86.421,7.475,0.478,85.943,emon,0.83,0.711,47.8,22.2,2.152
2026-09-17 21:37:20.324,7.5,0,97,11;2;97;0;3;0;0;0;8;0;0;0;0;0;0;0,510,4420,4077;4229;4405;4420;1831;1203;1166;1171;1829;1252;1319;1262;691;781;555;510,0.9,0.0,883.1,0,0,0,0,0,0.0,0,0,0,0,0,0,0,0,0.0,0,0,0,0,0,98.1,0.0,6364.3,0,0,0,68.1,17.45,0.01,5.76,34.99,22.5,63.4,98.4850304921468,1.4897069214687992,20.36134811739127,17.959134170785546,2.5479185328974077,899.0,0.0,0.0,0.0,0.0,50.27313817664981,0.1,0.0,0.0,0.0,0.0,250.0,883.1,0.0,0.0,85.655,0.766,86.421,7.475,0.478,85.943,emon,0.83,0.711,47.8,22.2,2.152
2026-09-17 21:37:21.324,7.9,0,98,19;0;98;0;6;0;0;0;3;0;0;0;0;0;0;0,580,4455,4137;3762;4455;4247;2017;2085;1721;1249;1798;1689;1795;1713;744;720;580;887,0.8,0.0,883.1,0,0,0,0,0,0.0,0,0,0,0,0,0,0,0,0.0,0,0,0,0,0,83.3,0.0,6364.3,0,0,0,68.1,17.45,0.01,5.76,34.99,22.5,63.4,98.4850304921468,1.4897069214687992,20.36134811739127,17.959134170785546,2.5479185328974077,899.0,0.0,0.0,0.0,0.0,50.27313817664981,0.0,0.0,0.0,0.0,0.0,250.0,883.1,0.0,0.0,85.655,0.766,86.421,7.475,0.478,85.943,emon,0.83,0.711,47.8,22.2,2.152
2026-09-17 21:37:22.324,8.8,0,98,23;0;98;0;10;0;0;3;6;0;0;0;0;0;0;0,626,4400,4089;3114;4400;3824;2115;1122;1353;1185;1801;1651;1720;1266;750;699;626;686,0.9,0.0,883.1,0,0,0,0,0,0.0,0,0,0,0,0,0,0,0,0.0,0,0,0,0,0,86.3,0.0,6364.3,0,0,0,68.1,17.45,0.01,5.76,34.99,22.5,63.4,98.60368499755859,0.8439423322677613,15.705262374877929,13.187832069396972,3.3892843246459963,1024.0,0.0,0.0,0.0,0.0,50.154894950985906,0.1,0.0,0.0,0.0,0.0,250.0,883.1,0.0,0.0,36.084,6.86,42.944,6.907,0.442,42.502,emon,0.754,0.386,60.2,28.1,2.138
2026-09-17 21:37:23.324,9.8,0,95,15;6;95;0;9;2;2;2;19;2;2;2;2;0;0;0,761,4357,4142;4034;4357;3923;1766;2749;2903;2182;2158;3086;3376;2518;837;812;761;768,1.3,0.0,880.0,0,0,0,0,0,0.0,0,0,0,0,0,0,0,0,0.0,0,0,0,0,0,95.4,0.0,6364.3,0,0,0,65.1,17.45,0.01,5.76,34.99,22.5,63.4,98.13458421495226,0.605126077602445,15.970433745119307,11.544375211000443,1.5311487515767415,954.5555555555555,0.0,0.0,0.0,0.0,52.02779400238284,0.1,0.0,0.0,0.0,0.0,250.0,880.0,0.0,0.0,36.084,6.86,42.944,6.907,0.442,42.502,emon,0.754,0.386,60.2,28.1,2.138
2026-09-17 21:37:24.325,9.4,0,95,20;3;95;2;11;0;0;3;14;0;0;0;2;0;0;0,455,4397,4040;4269;4397;3934;1650;996;1158;1165;1840;1717;1127;1253;769;487;455;540,0.8,0.0,883.4,0,0,0,0,0,0.0,0,0,0,0,0,0,0,0,0.0,0,0,0,0,0,100.0,0.0,6364.3,0,0,0,66.1,17.05,0.01,20.82,41.58,22.5,63.4,98.67927873399523,1.1008945116566287,18.41475445429484,16.330021123753653,2.543979636248615,1020.1111111111111,0.0,0.0,0.0,0.0,51.35831887755129,0.1,0.0,0.0,0.0,0.0,250.0,883.4,0.0,0.0,36.084,6.86,42.944,6.907,0.442,42.502,emon,0.754,0.386,60.2,28.1,2.138
2026-09-17 21:37:25.325,8.6,0,98,16;3;98;0;9;0;0;0;11;0;0;0;0;0;0;0,686,4347,4148;4108;4347;4159;1936;2526;1203;1206;2051;1482;1899;1959;806;803;751;686,1.0,0.0,880.0,0,0,0,0,0,0.0,0,0,0,0,0,0,0,0,0.0,0,0,0,0,0,94.6,0.0,6364.3,0,0,0,65.1,17.05,0.01,20.82,41.58,22.5,63.4,98.80876846313477,1.0923002419061958,20.545658844709397,18.068791975080966,1.1485346558736638,1101.5,0.0,0.0,0.0,0.0,50.35459531992674,0.1,0.0,0.0,0.0,0.0,250.0,880.0,0.0,0.0,36.084,6.86,42.944,6.907,0.442,42.502,emon,0.754,0.386,60.2,28.1,2.138
2026-09-17 21:37:26.326,8.9,0,100,17;5;100;2;8;0;0;0;9;0;0;0;2;0;0;0,669,4394,4129;4099;4394;4011;1936;2090;1174;1202;1856;2720;2117;1194;782;697;695;669,0.0,0.0,882.9,0,0,0,0,0,0.0,0,0,0,0,0,0,0,0,0.0,0,0,0,0,0,93.2,0.0,6364.3,0,0,0,65.1,17.05,0.01,20.82,41.58,22.5,63.4,99.29477027154738,1.1533466044573053,18.54080380547431,16.60988809937431,1.8687594511636323,966.741935483871,0.0,0.0,0.0,0.0,51.86384552500902,0.1,0.0,0.0,0.0,0.0,250.0,882.9,0.0,0.0,36.084,6.86,42.944,6.907,0.442,42.502,emon,0.754,0.386,60.2,28.1,2.138
2026-09-17 21:37:27.327,9.0,0,97,23;3;97;0;11;0;0;0;9;2;0;0;0;0;0;0,610,4393,4043;4102;4393;4251;2052;2144;1916;1213;2094;1493;1874;1385;782;630;610;728,0.0,0.0,885.2,0,0,0,0,0,0.0,0,0,0,0,0,0,0,0,0.0,0,0,0,0,0,93.2,0.0,6364.3,0,0,0,65.1,17.05,0.01,20.82,41.58,22.5,63.4,99.13327072143555,0.851323861964047,17.949475758075714,14.732607814371585,1.5818773463182152,1014.0,0.0,0.0,0.0,0.0,52.24379588082433,0.1,0.0,0.0,0.0,0.0,250.0,885.2,0.0,0.0,36.084,6.86,42.944,6.907,0.442,42.502,emon,0.754,0.386,60.2,28.1,2.138
2026-09-17 21:37:28.327,8.9,0,92,30;2;92;2;8;0;0;0;8;0;0;0;0;2;0;0,731,4304,4126;3768;4304;3973;1833;1223;1193;1172;1804;1256;1222;1176;747;836;731;840,0.6,0.0,880.2,0,0,0,0,0,0.0,0,0,0,0,0,0,0,0,0.0,0,0,0,0,0,95.0,0.0,6364.3,0,0,0,63.1,17.47,0.01,3.33,33.44,22.5,63.4,98.76559246711011,1.1563816138033598,19.011762870932525,16.85527663382719,2.576186778700366,908.433962264151,0.0,0.0,0.0,0.0,51.19050936049448,0.2,0.0,0.0,0.0,0.0,250.0,880.2,0.0,0.0,36.084,6.86,42.944,6.907,0.442,42.502,emon,0.754,0.386,60.2,28.1,2.138
2026-09-17 21:37:29.327,18.9,0,98,34;30;98;14;41;8;0;0;47;9;2;0;19;0;0;0,851,4673,4548;4673;4554;4646;3162;3385;3415;1805;3188;3379;3305;3408;2754;978;851;851,0.4,0.0,883.7,0,0,0,0,0,0.0,0,0,0,0,0,0,0,0,0.0,0,0,0,0,0,56.3,0.0,4513.5,0,0,0,65.1,17.47,0.01,3.33,33.44,19.4,63.4,97.2145767211914,0.923798680305481,15.95044231414795,12.634760856628418,3.0423924922943115,649.0,0.0,0.0,0.0,0.0,50.2953035235405,0.1,0.0,0.0,0.0,0.0,450.0,883.7,0.0,0.0,36.084,6.86,42.944,6.907,0.442,42.502,emon,0.754,0.386,60.2,28.1,2.138
