timestamp,cpu_total_pct,cpu_core_min,cpu_core_max,cpu_cores_csv,cpu_freq_min_mhz,cpu_freq_max_mhz,cpu_freq_csv,igpu_pct,igpu_ded_mb,igpu_shared_mb,nvidia_gpu_pct,nvidia_mem_pct,nvidia_mem_used_mb,nvidia_mem_total_mb,nvidia_temp_c,nvidia_power_w,nvidia_sm_clk_mhz,nvidia_mem_clk_mhz,nvidia_pcie_gen,nvidia_pcie_width,nvidia_throttle,nvidia_pcie_rx_kbs,nvidia_pcie_tx_kbs,nvidia_pstate,nvidia_power_limit_w,nvidia_sm_clk_max_mhz,nvidia_mem_clk_max_mhz,nvidia_sm_clk_eff_pct,nvidia_mem_clk_eff_pct,nvidia_power_eff_pct,npu_pct,npu_ded_mb,npu_shared_mb,npu_process_count,npu_infer_ms,cpu_throttle_pct,soc_temp_c,rapl_cpu_w,rapl_igpu_w,rapl_npu_w,rapl_soc_w,ram_used_gb,ram_total_gb,l0_gpu_busy,l0_xve_active,l0_xve_stall,l0_xve_occupancy,l0_l3_stall,l0_gpu_freq_mhz,l0_mem_read_gbs,l0_mem_write_gbs,l0_compute_busy,l0_copy_busy,l0_render_busy,zes_gpu_busy,zes_compute_busy,zes_render_busy,zes_copy_busy,zes_media_busy,zes_freq_mhz,zes_mem_used_mb,zes_temp_c,zes_power_w,dram_read_gbs,dram_write_gbs,dram_total_gbs,l3miss_millions,ia_dram_bw_gbs,nonia_dram_bw_gbs,bw_source,dram_page_hit_rate_rd,dram_page_hit_rate_wr,dram_rd_latency_imc_clks,dram_rd_latency_ns,imc_freq_ghz
2026-09-17 21:38:41.537,25.0,0,100,100;25;100;0;0;0;25;0;0;0;100;0;0;0;50;0,1723,4680,4665;4638;4680;4649;1996;2426;2704;2574;2761;3074;3201;2497;1832;1849;1810;1723,6.8,0.0,952.9,0,0,0,0,0,0.0,0,0,0,0,0,0,0,0,0.0,0,0,0,0,0,0.0,0.0,0.0,0,0,0,74.1,0.0,0.0,0.0,0.0,16.0,63.4,82.05115610758463,2.8110961437225344,23.635160954793296,22.51334063212077,2.8181947161753973,1799.0,0.0,0.0,0.0,0.0,53.55737943251928,0.0,0.0,0.0,0.0,0.0,0.0,0.0,0.0,0.0,,,,,,,,,,,,
2026-09-17 21:38:42.537,17.8,0,88,40;27;88;11;0;0;22;3;5;0;71;8;0;0;11;0,1238,4728,4625;4691;4715;4728;1625;3123;2705;2549;2622;3427;3337;2768;1788;1238;1779;1457,7.1,0.0,938.3,0,0,0,0,0,0.0,0,0,0,0,0,0,0,0,0.0,0,0,0,0,0,0.0,0.0,0.0,0,0,0,71.1,0.0,0.0,0.0,0.0,16.0,63.4,91.88450348761774,6.0212669249503845,22.74568278404974,23.85633470473751,1.5748170980413805,1144.0,0.0,0.0,0.0,0.0,59.2830985463675,0.0,0.0,0.0,0.0,0.0,450.0,952.9,0.0,0.0,,,,,,,,,,,,
2026-09-17 21:38:43.538,17.6,0,91,56;34;91;8;5;0;19;14;2;2;22;15;0;0;10;5,1061,4729,4713;4718;4727;4729;1753;2172;2702;2826;2074;1923;2962;2773;1131;1061;1507;1868,7.1,0.0,938.3,0,0,0,0,0,0.0,0,0,0,0,0,0,0,0,0.0,0,0,0,0,0,0.0,0.0,0.0,0,0,0,78.1,28.58,0.28,0.4,33.36,16.0,63.4,99.6489640485601,5.879374187827486,22.55609472918586,23.677268007200222,1.674268193277075,1109.0946372239748,0.0,0.0,0.0,0.0,59.56252064713356,1.1,0.0,0.0,0.0,0.0,450.0,938.3,0.0,0.0,,,,,,,,,,,,
2026-09-17 21:38:44.538,16.5,0,88,51;44;88;5;2;0;0;29;2;0;0;30;2;0;0;12,916,4713,4693;4704;4713;4706;2546;2043;2856;2732;1899;2980;2772;2851;1167;1050;916;1517,7.6,0.0,938.3,0,0,0,0,0,0.0,0,0,0,0,0,0,0,0,0.0,0,0,0,0,0,0.0,0.0,0.0,0,0,0,79.1,28.58,0.28,0.4,33.36,16.0,63.4,93.06032100761726,6.472509205341339,22.080438234828623,23.5778496979915,1.5751439800062448,1098.5268138801262,0.0,0.0,0.0,0.0,60.22612073185504,1.1,0.0,0.0,0.0,0.0,450.0,938.3,0.0,0.0,,,,,,,,,,,,
2026-09-17 21:38:45.539,20.8,0,92,48;58;92;12;8;3;3;55;3;2;2;27;2;0;0;17,1574,4696,4696;4693;4694;4693;2906;3202;3426;3178;2723;3310;3071;2930;1574;1846;2252;2083,7.5,0.0,938.3,0,0,0,0,0,0.0,0,0,0,0,0,0,0,0,0.0,0,0,0,0,0,0.0,0.0,0.0,0,0,0,74.1,28.58,0.28,0.4,33.36,16.2,63.4,89.82975984525535,5.417047767305469,19.17250974707328,19.885243123470833,0.7621477652710189,1262.0699088145896,0.0,0.0,0.3059081249958114,0.2012252941682346,58.28466224530287,1.0,0.0,0.0,0.0,0.0,450.0,938.3,0.0,0.0,,,,,,,,,,,,
2026-09-17 21:38:46.539,23.5,0,98,69;42;98;12;17;3;6;70;0;3;2;40;0;0;0;12,997,4728,4719;4721;4726;4728;2876;2073;3063;3379;2689;3292;2673;2979;1538;1735;997;2168,7.5,0.0,962.1,0,0,0,0,0,0.0,0,0,0,0,0,0,0,0,0.0,0,0,0,0,0,0.0,0.0,0.0,0,0,0,69.1,28.58,0.28,0.4,33.36,17.0,63.4,93.29400829054553,6.024675167449143,20.468259447109624,21.41767678867956,0.8067060128470408,1105.2111801242236,0.0,0.0,0.0,0.0,60.557286286691884,1.1,0.0,0.0,0.0,0.0,450.0,962.1,0.0,0.0,,,,,,,,,,,,
2026-09-17 21:38:47.540,29.6,0,95,59;56;95;42;16;17;5;69;21;2;2;50;8;0;0;33,2217,4720,4707;4708;4720;4711;3318;3323;3318;3339;3319;3312;2908;3221;2785;2304;2217;2677,6.8,0.0,1902.4,0,0,0,0,0,0.0,0,0,0,0,0,0,0,0,0.0,0,0,0,0,0,0.0,0.0,0.0,0,0,0,69.1,29.05,0.26,0.39,33.98,18.6,63.4,93.22828082978539,6.282419546924788,20.311235611715286,21.630379486233462,0.996469577552523,1106.3667711598746,0.0,0.0,0.0,0.0,60.467402119995285,1.1,0.0,0.0,0.0,0.0,450.0,1537.7,0.0,0.0,,,,,,,,,,,,
2026-09-17 21:38:48.540,21.7,0,97,50;69;97;17;10;6;3;27;5;0;0;36;9;2;2;14,1622,4708,4700;4699;4708;4679;2956;3335;3359;2912;3268;2931;3332;3047;2777;1622;2172;2283,7.1,0.0,3782.1,0,0,0,0,0,0.0,0,0,0,0,0,0,0,0,0.0,0,0,0,0,0,0.0,0.0,0.0,0,0,0,77.1,29.05,0.26,0.39,33.98,20.1,63.4,98.6921966457068,6.073650618495425,20.778263571120355,21.974823677147445,1.2419465576009503,1137.244514106583,0.0,0.0,0.0,0.0,60.49841120241204,1.1,0.0,0.0,0.0,0.0,450.0,3309.2,0.0,0.0,,,,,,,,,,,,
2026-09-17 21:38:49.540,63.3,19,95,85;88;95;75;59;62;70;65;78;67;34;72;42;38;19;62,2883,4687,4677;4678;4685;4687;3417;3421;3426;3414;3419;3425;3405;3417;2909;2883;2906;2912,6.4,0.0,4875.4,0,0,0,0,0,0.0,0,0,0,0,0,0,0,0,0.0,0,0,0,0,0,0.0,0.0,0.0,0,0,0,84.1,29.05,0.26,0.39,33.98,20.4,63.4,92.47899007208554,6.207702609675902,21.427285053111888,22.720794259766002,0.9934353675460802,1113.5061728395062,0.0,0.0,0.0,0.0,61.05799064304634,1.0,0.0,0.0,0.0,0.0,450.0,4875.4,0.0,0.0,,,,,,,,,,,,
2026-09-17 21:38:50.540,31.2,2,92,66;58;92;22;19;19;13;51;18;10;11;49;10;3;2;58,2860,4698,4676;4670;4698;4684;3234;3311;3414;3305;3302;3367;3387;3196;2899;2864;2878;2860,7.3,0.0,4886.2,0,0,0,0,0,0.0,0,0,0,0,0,0,0,0,0.0,0,0,0,0,0,0.0,0.0,0.0,0,0,0,79.1,29.05,0.26,0.39,33.98,20.1,63.4,90.94654432932536,5.451621749122425,21.191736691550894,21.947659630312607,1.0540184676383095,1164.432098765432,0.0,0.0,1.856331325141874,0.0,57.934541258856044,1.1,0.0,0.0,0.0,0.0,450.0,4875.6,0.0,0.0,,,,,,,,,,,,
2026-09-17 21:38:51.541,10.9,0,96,2;38;96;2;0;0;0;12;0;0;0;16;0;0;0;9,1065,4729,4685;4660;4725;4729;1890;1794;2377;2503;2120;1535;1549;2433;1138;1120;1065;1363,6.7,0.0,4892.0,0,0,0,0,0,0.0,0,0,0,0,0,0,0,0,0.0,0,0,0,0,0,0.0,0.0,0.0,0,0,0,77.1,34.05,0.26,0.38,39.64,20.1,63.4,92.15995120093936,5.770193345395345,22.29846504453629,23.237263979230608,1.7654127168169778,1132.3333333333333,0.0,0.0,0.0,0.0,59.93199599941099,1.0,0.1,0.0,0.0,0.0,450.0,4892.0,0.0,0.0,,,,,,,,,,,,
2026-09-17 21:38:52.541,17.1,0,91,23;49;91;15;9;3;8;23;4;3;2;29;3;0;2;10,1984,4725,4717;4708;4725;4717;3006;3297;3341;2762;3315;3294;3416;2816;2347;2375;2446;1984,6.4,0.0,4906.5,0,0,0,0,0,0.0,0,0,0,0,0,0,0,0,0.0,0,0,0,0,0,0.0,0.0,0.0,0,0,0,79.1,34.05,0.26,0.38,39.64,20.2,63.4,90.36461309421281,5.492899140634465,20.003572824176835,20.634280397391027,0.93771657401057,1141.638036809816,0.0,0.0,0.0,0.0,58.81242684185779,1.1,0.0,0.0,0.0,0.0,450.0,4892.0,0.0,0.0,,,,,,,,,,,,
2026-09-17 21:38:53.541,12.5,0,95,20;24;95;5;3;0;2;16;0;0;0;20;2;0;0;14,951,4729,4704;4691;4728;4729;2356;2466;2939;2451;2838;3030;1714;2332;1566;1746;951;1422,7.4,0.0,4906.5,0,0,0,0,0,0.0,0,0,0,0,0,0,0,0,0.0,0,0,0,0,0,0.0,0.0,0.0,0,0,0,78.1,34.05,0.26,0.38,39.64,20.2,63.4,92.12401570984811,3.624811200933023,19.099765993248333,16.908052198363073,0.6615499217119633,1100.6666666666667,0.0,0.0,0.0,0.0,59.64050266830758,1.1,0.0,0.0,0.0,0.0,450.0,4906.5,0.0,0.0,,,,,,,,,,,,
2026-09-17 21:38:54.541,12.8,0,94,16;31;94;6;5;0;2;22;3;0;0;23;0;0;0;3,955,4729,4688;4667;4726;4729;1907;2030;1476;2563;2155;3144;3077;2465;1353;1084;955;1534,7.5,0.0,4912.4,0,0,0,0,0,0.0,0,0,0,0,0,0,0,0,0.0,0,0,0,0,0,0.0,0.0,0.0,0,0,0,76.1,34.05,0.26,0.38,39.64,20.2,63.4,99.65014625526405,4.210807202971196,20.092935702418796,18.42257585790422,0.6125165764023913,1081.7327327327328,0.0,0.0,0.0,0.0,60.95291275184255,1.2,0.0,0.0,0.0,0.0,450.0,4906.5,0.0,0.0,4.292,2.324,6.616,69.982,4.479,2.137,emon,0.784,0.844,31.2,14.7,2.123
2026-09-17 21:38:55.542,29.5,9,75,48;68;75;33;17;17;25;38;20;12;15;46;14;9;12;22,2375,4709,4704;4704;4709;4684;3183;3253;3255;2990;3293;3263;3270;2984;2521;2500;2663;2375,7.2,0.0,4920.4,0,0,0,0,0,0.0,0,0,0,0,0,0,0,0,0.0,0,0,0,0,0,0.0,0.0,0.0,0,0,0,77.1,27.16,0.2,0.35,31.45,20.2,63.4,99.56214921319447,5.794399975628906,20.81060729233473,21.35330682153303,0.5989157545521578,1159.061919504644,0.0,0.0,0.0,0.0,60.28303785825108,1.2,0.0,0.0,0.0,0.0,450.0,4906.5,0.0,0.0,4.292,2.324,6.616,69.982,4.479,2.137,emon,0.784,0.844,31.2,14.7,2.123
2026-09-17 21:38:56.543,20.1,0,92,52;52;92;16;3;0;0;42;2;0;0;47;2;2;0;14,698,4365,4318;4365;4330;4217;2358;3083;2683;2977;2387;2806;2831;3006;1005;1231;698;1465,100.0,0.0,4976.9,0,0,0,0,0,0.0,0,0,0,0,0,0,0,0,0.0,0,0,0,0,0,0.0,0.0,0.0,0,0,0,57.1,27.16,0.2,0.35,31.45,20.3,63.4,98.17548757411063,8.888588683371799,31.780138338304777,29.94223945339724,15.058162735723288,1799.0,0.0,0.0,39.677389926253475,0.0,40.42787456004878,1.4,1.3,0.0,0.0,0.0,450.0,4967.9,0.0,0.0,4.292,2.324,6.616,69.982,4.479,2.137,emon,0.784,0.844,31.2,14.7,2.123
2026-09-17 21:38:57.543,17.3,0,95,11;40;95;2;0;0;0;34;0;0;0;82;0;0;2;11,703,4313,4181;4170;4313;4199;1881;3065;2784;2753;3100;3293;2621;3241;823;703;960;1118,100.0,0.0,4976.9,0,0,0,0,0,0.0,0,0,0,0,0,0,0,0,0.0,0,0,0,0,0,0.0,0.0,0.0,0,0,0,47.1,27.16,0.2,0.35,31.45,20.3,63.4,98.43967377785408,7.399557857817229,25.243665176059547,22.206635786263462,18.44610512004581,1799.0,0.0,0.0,40.386057122921336,0.0,42.13025723443416,13.1,87.7,0.0,0.0,0.0,450.0,4970.4,0.0,0.0,4.292,2.324,6.616,69.982,4.479,2.137,emon,0.784,0.844,31.2,14.7,2.123
2026-09-17 21:38:58.544,15.1,0,94,6;34;94;2;2;0;0;18;0;0;0;82;0;0;0;5,742,4313,4199;4126;4313;4158;1747;1462;1821;2209;2742;2644;3090;3318;806;861;742;986,76.8,0.0,4968.0,0,0,0,0,0,0.0,0,0,0,0,0,0,0,0,0.0,0,0,0,0,0,0.0,0.0,0.0,0,0,0,46.1,27.16,0.2,0.35,31.45,20.3,63.4,80.88158401101828,12.984970934689045,41.094486221671104,40.43624780327082,30.335159558802843,1799.0,0.0,0.0,54.773247300850926,0.0,20.599622167583107,14.0,97.1,0.0,0.0,0.0,450.0,4968.0,0.0,0.0,4.292,2.324,6.616,69.982,4.479,2.137,emon,0.784,0.844,31.2,14.7,2.123
2026-09-17 21:38:59.545,15.4,0,88,9;37;88;2;0;0;0;23;0;0;0;86;0;0;0;2,931,4281,4085;4060;4281;4067;1867;1921;1758;2151;3242;3422;3259;3321;1072;1050;931;1426,95.1,0.0,4975.2,0,0,0,0,0,0.0,0,0,0,0,0,0,0,0,0.0,0,0,0,0,0,0.0,0.0,0.0,0,0,0,45.1,17.83,9.82,0.39,37.64,20.3,63.4,91.56541479523503,10.48802774152788,37.54713519918385,35.18344293101065,24.510495522601612,1799.0,0.0,0.0,50.113874486286136,0.0,36.22891700175211,14.1,98.5,0.0,0.0,0.0,450.0,4977.5,0.0,0.0,4.292,2.324,6.616,69.982,4.479,2.137,emon,0.784,0.844,31.2,14.7,2.123
2026-09-17 21:39:00.545,16.1,0,91,5;37;89;2;6;0;0;22;0;0;0;91;0;0;0;6,629,4255,4121;4216;4255;3769;1592;2758;1377;2171;2773;2903;3062;3292;805;629;700;1450,84.8,0.0,4963.4,0,0,0,0,0,0.0,0,0,0,0,0,0,0,0,0.0,0,0,0,0,0,0.0,0.0,0.0,0,0,0,46.1,17.83,9.82,0.39,37.64,20.3,63.4,94.81558175559516,10.561013152650851,37.98808307798059,35.05808436642359,24.306335865108817,1799.0,0.0,0.0,51.48479283534552,0.801937790604325,41.82976259228295,14.1,98.5,0.0,0.0,0.0,450.0,4963.4,0.0,0.0,4.292,2.324,6.616,69.982,4.479,2.137,emon,0.784,0.844,31.2,14.7,2.123
2026-09-17 21:39:01.546,15.7,0,89,6;72;89;3;3;0;0;27;2;0;0;45;0;0;0;5,769,4395,4265;4395;4373;4079;1762;1799;1602;2482;1762;2298;2783;2961;978;1018;769;1249,100.0,0.0,4985.1,0,0,0,0,0,0.0,0,0,0,0,0,0,0,0,0.0,0,0,0,0,0,0.0,0.0,0.0,0,0,0,64.1,17.83,9.82,0.39,37.64,20.3,63.4,85.03124573983644,12.712033124346481,40.81473449656838,39.385080557120475,28.38999449030349,1799.0,0.0,0.0,56.66681751638259,0.0,26.565900312274152,14.1,97.9,0.0,0.0,0.0,450.0,4985.1,0.0,0.0,4.292,2.324,6.616,69.982,4.479,2.137,emon,0.784,0.844,31.2,14.7,2.123
2026-09-17 21:39:02.546,14.6,0,91,12;82;91;0;2;2;0;25;0;0;0;19;0;0;0;2,816,4436,4386;4436;4404;4272;2250;3176;1492;2588;2204;2200;1796;2469;816;998;918;817,100.0,0.0,4985.1,0,0,0,0,0,0.0,0,0,0,0,0,0,0,0,0.0,0,0,0,0,0,0.0,0.0,0.0,0,0,0,66.1,17.83,9.82,0.39,37.64,20.3,63.4,90.0499784726363,11.780323864046771,36.7160211372834,34.93877896176508,26.795037649571896,1799.0,0.0,0.0,53.203001702288525,0.0,35.00618095330106,14.0,98.0,0.0,0.0,0.0,450.0,4985.1,0.0,0.0,4.292,2.324,6.616,69.982,4.479,2.137,emon,0.784,0.844,31.2,14.7,2.123
2026-09-17 21:39:03.547,15.6,0,97,5;97;94;3;0;0;0;26;0;0;0;22;0;0;0;3,860,4436,4330;4436;4423;4154;1812;2264;1825;2571;1752;1734;1523;2537;860;994;937;1400,92.0,0.0,4983.4,0,0,0,0,0,0.0,0,0,0,0,0,0,0,0,0.0,0,0,0,0,0,0.0,0.0,0.0,0,0,0,65.1,17.84,11.35,0.4,40.01,20.3,63.4,94.36013638552497,10.69995299976262,35.739331797107724,33.45804255612585,24.5772586060907,1799.0,0.0,0.0,51.90808281688677,0.0,40.965318865137206,14.0,97.8,0.0,0.0,0.0,450.0,4983.4,0.0,0.0,4.292,2.324,6.616,69.982,4.479,2.137,emon,0.784,0.844,31.2,14.7,2.123
2026-09-17 21:39:04.547,14.9,0,89,9;84;89;6;2;0;0;25;0;0;0;19;2;0;0;2,671,4450,4381;4450;4423;4130;1912;1852;2861;2488;1058;1863;1575;2381;864;756;671;850,99.5,0.0,4985.3,0,0,0,0,0,0.0,0,0,0,0,0,0,0,0,0.0,0,0,0,0,0,0.0,0.0,0.0,0,0,0,68.1,17.84,11.35,0.4,40.01,20.3,63.4,94.42834036651699,10.163919359788128,36.459711793510394,34.26381081858671,23.126451576422987,1799.0,0.0,0.0,52.42488744647387,0.0,40.01779856214014,14.1,98.2,0.0,0.0,0.0,450.0,4985.2,0.0,0.0,4.292,2.324,6.616,69.982,4.479,2.137,emon,0.784,0.844,31.2,14.7,2.123
2026-09-17 21:39:05.548,10.8,0,97,9;23;97;5;3;0;0;11;2;0;3;14;2;2;2;2,958,4628,4332;4379;4628;4235;1543;2547;1748;2484;2144;1506;1603;2606;993;958;1183;1659,32.8,0.0,4985.1,0,0,0,0,0,0.0,0,0,0,0,0,0,0,0,0.0,0,0,0,0,0,0.0,0.0,0.0,0,0,0,75.1,17.84,11.35,0.4,40.01,20.3,63.4,85.24434044273622,7.792307218955402,32.85696068706862,29.57110641377235,18.76127176820685,1732.9449541284403,0.0,0.0,40.44189363370069,0.0,43.28515747813659,13.0,90.8,0.0,0.0,0.0,450.0,4985.1,0.0,0.0,112.521,0.621,113.142,11.927,0.763,112.379,emon,0.572,0.266,151.0,70.2,2.152
2026-09-17 21:39:06.548,8.1,0,100,0;16;100;0;3;0;0;5;0;0;0;5;0;0;0;2,998,4729,4547;4514;4723;4729;1224;1212;1185;2077;1351;1267;1269;1769;1094;998;1021;1165,0.4,0.0,4980.6,0,0,0,0,0,0.0,0,0,0,0,0,0,0,0,0.0,0,0,0,0,0,0.0,0.0,0.0,0,0,0,77.1,17.84,11.35,0.4,40.01,20.3,63.4,76.45870819870306,1.0855850848578372,19.986662876849273,17.723273288230505,2.740115892636229,1186.7551020408164,0.0,0.0,0.0,0.0,53.34407849351362,0.1,0.0,0.0,0.0,0.0,450.0,4987.4,0.0,0.0,112.521,0.621,113.142,11.927,0.763,112.379,emon,0.572,0.266,151.0,70.2,2.152
2026-09-17 21:39:07.549,8.5,0,92,3;20;92;0;6;0;0;8;0;0;0;6;0;0;0;0,881,4728,4673;4532;4725;4728;1236;1990;1936;2196;1773;2067;2596;1719;1065;1064;881;1123,0.9,0.0,4976.6,0,0,0,0,0,0.0,0,0,0,0,0,0,0,0,0.0,0,0,0,0,0,0.0,0.0,0.0,0,0,0,77.1,20.79,4.62,0.35,31.12,20.3,63.4,86.90044492663759,0.38911570998078043,14.04962504271305,8.17198723103061,1.3500651705897215,1055.060606060606,0.0,0.0,0.0,0.0,50.276842195427776,0.1,0.0,0.0,0.0,0.0,450.0,4978.9,0.0,0.0,112.521,0.621,113.142,11.927,0.763,112.379,emon,0.572,0.266,151.0,70.2,2.152
2026-09-17 21:39:08.549,8.1,0,95,2;16;95;0;0;0;0;9;0;0;0;8;0;0;0;0,950,4727,3216;4484;4724;4727;1191;1273;1218;2110;1190;1156;1164;2296;1153;1059;950;1134,0.1,0.0,4980.1,0,0,0,0,0,0.0,0,0,0,0,0,0,0,0,0.0,0,0,0,0,0,0.0,0.0,0.0,0,0,0,77.1,20.79,4.62,0.35,31.12,20.3,63.4,96.25654363632202,0.9685598239302635,18.846604824066162,16.338814854621887,3.8079884573817253,1049.0,0.0,0.0,0.0,0.0,50.31404144130647,0.2,0.0,0.0,0.0,0.0,450.0,4980.0,0.0,0.0,112.521,0.621,113.142,11.927,0.763,112.379,emon,0.572,0.266,151.0,70.2,2.152
2026-09-17 21:39:09.550,7.7,0,94,2;20;94;0;3;0;0;3;0;0;0;2;0;0;0;0,1019,4731,4609;4358;4723;4731;1202;1590;1534;1856;1538;1859;1944;1898;1050;1019;1045;1152,0.0,0.0,4982.0,0,0,0,0,0,0.0,0,0,0,0,0,0,0,0,0.0,0,0,0,0,0,0.0,0.0,0.0,0,0,0,77.1,20.79,4.62,0.35,31.12,20.3,63.4,94.91922950744629,0.6689289212226868,17.134955883026123,13.307806491851807,3.569961190223694,899.0,0.0,0.0,0.0,0.0,50.38959464430809,0.1,0.0,0.0,0.0,0.0,450.0,4982.0,0.0,0.0,112.521,0.621,113.142,11.927,0.763,112.379,emon,0.572,0.266,151.0,70.2,2.152
2026-09-17 21:39:10.550,14.6,0,88,6;71;88;3;6;0;0;23;0;0;0;23;3;3;3;3,839,4494,4374;4429;4494;4336;1974;2449;2592;2648;2276;2848;1858;2401;885;850;839;941,0.0,0.0,4982.0,0,0,0,0,0,0.0,0,0,0,0,0,0,0,0,0.0,0,0,0,0,0,0.0,0.0,0.0,0,0,0,67.1,20.79,4.62,0.35,31.12,20.3,63.4,92.6501180098607,11.348244145054084,34.890383338928224,33.00124740371337,26.131031148250287,1799.0,0.0,0.0,52.47983094534407,0.0,37.37692221100719,1.3,8.8,0.0,0.0,0.0,450.0,4987.6,0.0,0.0,112.521,0.621,113.142,11.927,0.763,112.379,emon,0.572,0.266,151.0,70.2,2.152
2026-09-17 21:39:11.550,15.0,0,84,15;81;84;3;0;2;0;23;2;0;2;25;0;0;0;3,611,4429,4391;4429;4398;4145;1937;1991;1924;2601;1599;1692;1579;2272;680;799;611;870,89.2,0.0,4984.0,0,0,0,0,0,0.0,0,0,0,0,0,0,0,0,0.0,0,0,0,0,0,0.0,0.0,0.0,0,0,0,67.1,21.11,3.79,0.34,29.87,20.3,63.4,93.92651165591346,9.935004618086127,35.741266744004356,33.81486987223228,23.114936081252786,1799.0,0.0,0.0,49.04407080054678,0.0,41.13208793324706,14.1,98.2,0.0,0.0,0.0,450.0,4984.0,0.0,0.0,112.521,0.621,113.142,11.927,0.763,112.379,emon,0.572,0.266,151.0,70.2,2.152
2026-09-17 21:39:12.551,15.6,0,91,9;91;89;3;6;0;0;36;0;0;0;14;0;0;0;2,807,4444,4396;4444;4400;4342;1989;3123;1692;2688;2214;1997;1920;2281;832;935;807;1184,94.6,0.0,4984.0,0,0,0,0,0,0.0,0,0,0,0,0,0,0,0,0.0,0,0,0,0,0,0.0,0.0,0.0,0,0,0,69.1,21.11,3.79,0.34,29.87,20.3,63.4,88.992578233442,11.008825679595072,39.821108342178405,37.40487894055344,25.39550164878188,1799.0,0.0,0.0,52.507052556314925,0.0,34.173660102188286,14.0,98.0,0.0,0.0,0.0,450.0,4987.6,0.0,0.0,112.521,0.621,113.142,11.927,0.763,112.379,emon,0.572,0.266,151.0,70.2,2.152
2026-09-17 21:39:13.551,14.5,0,95,21;35;95;2;5;0;0;58;2;0;0;14;0;0;0;2,688,4318,4248;4195;4318;4235;2373;2512;3323;3257;1552;1649;2207;2097;1136;688;966;1709,100.0,0.0,4987.6,0,0,0,0,0,0.0,0,0,0,0,0,0,0,0,0.0,0,0,0,0,0,0.0,0.0,0.0,0,0,0,51.1,21.11,3.79,0.34,29.87,20.3,63.4,91.27715261632746,11.40062910606238,40.448026366667314,38.61919291371649,26.47501677301797,1799.0,0.0,0.0,52.84570134817623,0.0,34.86518548003683,14.1,98.4,0.0,0.0,0.0,450.0,4992.7,0.0,0.0,112.521,0.621,113.142,11.927,0.763,112.379,emon,0.572,0.266,151.0,70.2,2.152
2026-09-17 21:39:14.552,14.9,0,96,82;14;96;0;20;5;3;0;14;2;2;0;2;0;0;0,666,4441,4441;4408;4382;4381;2292;2770;2405;3086;2557;1488;2812;2391;866;959;666;809,100.0,0.0,4992.7,0,0,0,0,0,0.0,0,0,0,0,0,0,0,0,0.0,0,0,0,0,0,0.0,0.0,0.0,0,0,0,65.1,21.11,3.79,0.34,29.87,20.3,63.4,92.38061973915337,11.325540938061772,37.77444087940714,35.53808511784358,26.06149699599106,1799.0,0.0,0.0,52.29476852739022,2.323604841410003,38.85537030815128,14.1,98.5,0.0,0.0,0.0,450.0,4990.6,0.0,0.0,112.521,0.621,113.142,11.927,0.763,112.379,emon,0.572,0.266,151.0,70.2,2.152
2026-09-17 21:39:15.552,15.0,0,94,59;3;94;0;24;0;0;0;58;2;0;0;0;0;0;0,656,4390,4233;3984;4330;4390;2045;2273;1762;2194;3215;1455;2499;2122;883;864;656;695,100.0,0.0,4985.1,0,0,0,0,0,0.0,0,0,0,0,0,0,0,0,0.0,0,0,0,0,0,0.0,0.0,0.0,0,0,0,52.1,19.0,11.34,0.4,41.21,20.3,63.4,93.09084586160523,11.23602296102659,36.37510004426752,34.0095430173512,25.986005345625536,1799.0,0.0,0.0,53.713240236085504,0.0,37.796235493745726,14.1,97.9,0.0,0.0,0.0,450.0,4985.1,0.0,0.0,112.521,0.621,113.142,11.927,0.763,112.379,emon,0.572,0.266,151.0,70.2,2.152
2026-09-17 21:39:16.553,14.0,0,91,30;8;91;0;12;0;0;0;83;0;0;0;0;0;0;0,785,4257,4058;4252;4257;4039;1969;1631;1669;1674;3338;3290;2910;3095;853;801;882;785,100.0,0.0,4985.6,0,0,0,0,0,0.0,0,0,0,0,0,0,0,0,0.0,0,0,0,0,0,0.0,0.0,0.0,0,0,0,48.1,19.0,11.34,0.4,41.21,20.3,63.4,83.77223952916952,13.034443199921112,39.29096758365631,37.68351994454861,30.28584982225528,1799.0,0.0,0.0,55.87125482890182,0.0,19.445706933102954,14.1,98.7,0.0,0.0,0.0,450.0,4985.5,0.0,0.0,112.521,0.621,113.142,11.927,0.763,112.379,emon,0.572,0.266,151.0,70.2,2.152
2026-09-17 21:39:17.553,15.1,0,86,46;10;86;5;20;2;0;0;70;2;0;0;2;0;0;0,936,4355,4167;4297;4355;4154;2016;1640;2982;2800;3316;2104;2910;2981;1821;936;1173;1111,100.0,0.0,4984.0,0,0,0,0,0,0.0,0,0,0,0,0,0,0,0,0.0,0,0,0,0,0,0.0,0.0,0.0,0,0,0,48.1,19.0,11.34,0.4,41.21,20.3,63.4,93.7582947029787,10.952386537840699,39.40520764028325,36.51393131131635,24.50893914243754,1799.0,0.0,0.0,52.47383594746318,0.0,39.75353293309052,14.1,98.5,0.0,0.0,0.0,450.0,4985.5,0.0,0.0,112.878,0.883,113.762,15.381,0.984,112.778,emon,0.566,0.419,149.9,69.3,2.163
2026-09-17 21:39:18.553,15.1,0,94,33;2;94;0;23;0;0;0;89;2;0;0;0;0;0;0,764,4386,4110;4164;4386;4303;2083;1580;1374;1822;3335;1799;3199;3267;865;936;764;1034,94.4,0.0,4985.1,0,0,0,0,0,0.0,0,0,0,0,0,0,0,0,0.0,0,0,0,0,0,0.0,0.0,0.0,0,0,0,50.1,19.0,11.34,0.4,41.21,20.3,63.4,96.24348239266142,10.751740833468812,38.67455612153423,36.306221630120156,25.522490220676577,1799.0,0.0,0.0,50.13748765882813,0.0,42.85749466762137,14.1,98.1,0.0,0.0,0.0,450.0,4985.1,0.0,0.0,112.878,0.883,113.762,15.381,0.984,112.778,emon,0.566,0.419,149.9,69.3,2.163
2026-09-17 21:39:19.554,8.7,0,86,22;0;86;0;3;0;0;0;28;0;0;0;0;0;0;0,894,4647,4161;4268;4647;4340;2009;1885;1939;1665;3161;1876;2044;2562;1075;1002;1086;894,0.7,0.0,4986.9,0,0,0,0,0,0.0,0,0,0,0,0,0,0,0,0.0,0,0,0,0,0,0.0,0.0,0.0,0,0,0,69.1,15.53,10.47,0.39,36.11,20.3,63.4,66.04882575988769,1.0665478746592998,20.25139762401581,17.32035565495491,1.84916272667062,1513.0,0.0,0.0,0.0,0.0,48.07904652476311,9.1,63.3,0.0,0.0,0.0,450.0,4986.9,0.0,0.0,112.878,0.883,113.762,15.381,0.984,112.778,emon,0.566,0.419,149.9,69.3,2.163
2026-09-17 21:39:20.554,7.8,0,98,12;0;98;0;9;0;0;0;3;0;0;0;0;2;0;0,998,4732,4444;4192;4725;4732;2398;3354;1525;1460;2280;1669;1230;1250;1183;1139;1073;998,0.2,0.0,4979.5,0,0,0,0,0,0.0,0,0,0,0,0,0,0,0,0.0,0,0,0,0,0,0.0,0.0,0.0,0,0,0,76.1,15.53,10.47,0.39,36.11,20.3,63.4,68.02957761855353,1.3346164666471028,20.52495933714367,17.875375929332915,2.09304531841051,1144.2380952380952,0.0,0.0,0.0,0.0,47.75090528847206,0.0,0.0,0.0,0.0,0.0,450.0,4979.5,0.0,0.0,112.878,0.883,113.762,15.381,0.984,112.778,emon,0.566,0.419,149.9,69.3,2.163
2026-09-17 21:39:21.554,8.7,0,98,23;0;98;0;11;0;0;0;6;0;0;0;0;0;0;0,957,4722,4434;4610;4722;4571;1724;1277;1225;1239;2131;1209;1216;1205;1107;1049;1008;957,0.8,0.0,4976.6,0,0,0,0,0,0.0,0,0,0,0,0,0,0,0,0.0,0,0,0,0,0,0.0,0.0,0.0,0,0,0,76.1,15.53,10.47,0.39,36.11,20.3,63.4,95.13878223813813,0.5081417499559706,16.188117594554505,11.170917430828357,1.673757517646099,1083.4827586206898,0.0,0.0,0.0,0.0,50.31129059863502,0.1,0.0,0.0,0.0,0.0,450.0,4979.5,0.0,0.0,112.878,0.883,113.762,15.381,0.984,112.778,emon,0.566,0.419,149.9,69.3,2.163
2026-09-17 21:39:22.554,8.8,0,97,22;2;97;0;15;0;0;0;5;0;0;0;0;0;2;0,1013,4729,4435;4410;4725;4729;2000;1412;1435;1474;2095;1263;2322;2195;1405;1117;1021;1013,0.1,0.0,4978.4,0,0,0,0,0,0.0,0,0,0,0,0,0,0,0,0.0,0,0,0,0,0,0.0,0.0,0.0,0,0,0,76.1,15.53,10.47,0.39,36.11,20.3,63.4,95.66136593288846,0.7214869724379646,15.629928906758627,13.089983940124512,3.9219877454969616,1004.5555555555555,0.0,0.0,0.0,0.0,50.31316234005822,0.1,0.0,0.0,0.0,0.0,450.0,4978.4,0.0,0.0,112.878,0.883,113.762,15.381,0.984,112.778,emon,0.566,0.419,149.9,69.3,2.163
2026-09-17 21:39:23.555,8.1,0,98,20;3;98;2;3;0;0;0;3;0;0;0;0;0;0;0,976,4728,4298;4619;4723;4728;1810;2570;2457;1250;2168;2233;1269;1220;1083;999;976;999,0.1,0.0,4978.4,0,0,0,0,0,0.0,0,0,0,0,0,0,0,0,0.0,0,0,0,0,0,0.0,0.0,0.0,0,0,0,76.1,21.55,0.01,0.32,23.76,20.3,63.4,96.50362548828124,0.987205113922911,18.911101010867526,16.739714534367835,2.917812663103853,1147.5714285714287,0.0,0.0,0.0,0.0,51.78815976040704,0.1,0.0,0.0,0.0,0.0,450.0,4980.4,0.0,0.0,112.878,0.883,113.762,15.381,0.984,112.778,emon,0.566,0.419,149.9,69.3,2.163
2026-09-17 21:39:24.575,14.3,0,95,82;9;95;4;12;3;0;0;22;2;0;0;0;0;0;0,815,4447,4447;4287;4405;4093;2011;2020;1333;1855;2542;1584;2090;1592;874;972;1022;815,0.0,0.0,4980.4,0,0,0,0,0,0.0,0,0,0,0,0,0,0,0,0.0,0,0,0,0,0,0.0,0.0,0.0,0,0,0,67.1,21.55,0.01,0.32,23.76,20.3,63.4,75.5260450989008,15.307203527539968,46.2443687915802,45.870470225811005,35.90945126116276,1799.0,0.0,0.0,65.66999793809373,0.0,6.304477542646055,5.7,39.9,0.0,0.0,0.0,450.0,4987.8,0.0,0.0,112.878,0.883,113.762,15.381,0.984,112.778,emon,0.566,0.419,149.9,69.3,2.163
2026-09-17 21:39:25.576,14.6,0,92,83;12;92;2;18;5;0;2;19;0;0;0;2;0;0;0,745,4448,4448;4408;4417;4167;2127;1382;2056;1972;2498;1281;1911;2218;923;745;793;799,100.0,0.0,4987.8,0,0,0,0,0,0.0,0,0,0,0,0,0,0,0,0.0,0,0,0,0,0,0.0,0.0,0.0,0,0,0,66.1,21.55,0.01,0.32,23.76,20.3,63.4,91.2905686039191,12.165932928829884,42.521063924981995,41.47524851732529,29.73592134622427,1799.0,0.0,0.0,53.93978495793775,0.0,33.9701308155846,14.1,98.6,0.0,0.0,0.0,450.0,4987.8,0.0,0.0,112.878,0.883,113.762,15.381,0.984,112.778,emon,0.566,0.419,149.9,69.3,2.163
2026-09-17 21:39:26.576,14.6,0,94,34;11;94;2;22;0;2;0;69;2;0;0;0;0;0;0,761,4348,4172;4099;4348;4224;2095;1754;2101;1976;3291;2186;3306;2777;857;802;929;761,86.0,0.0,4987.8,0,0,0,0,0,0.0,0,0,0,0,0,0,0,0,0.0,0,0,0,0,0,0.0,0.0,0.0,0,0,0,50.1,21.55,0.01,0.32,23.76,20.3,63.4,95.51292013862859,11.038286534350608,39.709876832106836,36.74199873945959,25.367953928794872,1799.0,0.0,0.0,51.75501236322073,0.0,42.78416322741714,14.1,98.7,0.0,0.0,0.0,450.0,4987.8,0.0,0.0,112.878,0.883,113.762,15.381,0.984,112.778,emon,0.566,0.419,149.9,69.3,2.163
2026-09-17 21:39:27.577,14.9,0,94,28;6;94;2;24;0;0;0;81;0;0;0;3;0;0;0,760,4337,4097;4139;4337;4060;2086;1598;2277;2230;3302;2987;2825;3287;1705;1137;760;800,54.3,0.0,4984.0,0,0,0,0,0,0.0,0,0,0,0,0,0,0,0,0.0,0,0,0,0,0,0.0,0.0,0.0,0,0,0,49.1,18.88,9.41,0.38,37.55,20.3,63.4,95.41424390309537,10.046553525239297,34.804229642471036,32.447859231264616,23.49626102652485,1799.0,0.0,0.0,50.836704928079214,0.0,43.0021718585882,14.2,98.8,0.0,0.0,0.0,450.0,4984.1,0.0,0.0,112.878,0.883,113.762,15.381,0.984,112.778,emon,0.566,0.419,149.9,69.3,2.163
2026-09-17 21:39:28.577,14.8,0,91,35;8;91;0;20;0;0;0;83;0;0;0;0;0;0;0,766,4453,4126;4218;4316;4453;2017;1819;1892;1747;3327;2998;3396;3378;855;766;844;1041,97.9,0.0,4984.1,0,0,0,0,0,0.0,0,0,0,0,0,0,0,0,0.0,0,0,0,0,0,0.0,0.0,0.0,0,0,0,48.1,18.88,9.41,0.38,37.55,20.3,63.4,94.689356139728,11.087187499761404,37.39022607076913,34.496091108591784,25.559499733504794,1799.0,0.0,0.0,52.52130930286477,0.7734177793775286,41.46709469617538,14.1,98.3,0.0,0.0,0.0,450.0,4986.1,0.0,0.0,112.878,0.883,113.762,15.381,0.984,112.778,emon,0.566,0.419,149.9,69.3,2.163
2026-09-17 21:39:29.577,14.8,0,91,71;11;91;3;25;3;0;0;33;0;0;0;0;0;0;0,742,4381,4381;4331;4362;4150;2422;2177;2304;2073;3059;1607;2297;2189;1217;907;742;816,84.8,0.0,4986.1,0,0,0,0,0,0.0,0,0,0,0,0,0,0,0,0.0,0,0,0,0,0,0.0,0.0,0.0,0,0,0,64.1,18.88,9.41,0.38,37.55,20.3,63.4,94.2001232612564,10.990929710802185,37.12443375443838,34.50670952915427,25.59537442436958,1799.0,0.0,0.0,52.53718391164621,0.0,40.775074479185356,14.1,98.5,0.0,0.0,0.0,450.0,4986.1,0.0,0.0,113.012,0.845,113.857,13.447,0.861,112.996,emon,0.57,0.435,151.1,70.9,2.132
2026-09-17 21:39:30.578,15.2,0,94,82;14;94;3;19;3;0;0;23;0;0;0;4;0;0;0,712,4420,4420;4350;4414;4267;2392;2152;2217;2066;2561;1224;1579;1248;1085;998;712;804,99.9,0.0,4986.1,0,0,0,0,0,0.0,0,0,0,0,0,0,0,0,0.0,0,0,0,0,0,0.0,0.0,0.0,0,0,0,67.1,18.88,9.41,0.38,37.55,20.3,63.4,92.21782212907618,10.352374760243533,35.18181185017932,32.28915575790134,24.947863664224066,1849.0,0.0,0.0,52.42568062097416,0.0,38.480877048101426,14.1,98.1,0.0,0.0,0.0,450.0,4986.1,0.0,0.0,113.012,0.845,113.857,13.447,0.861,112.996,emon,0.57,0.435,151.1,70.9,2.132
2026-09-17 21:39:31.578,16.6,0,95,84;25;95;3;30;2;0;0;22;0;0;0;5;0;0;0,738,4417,4417;4342;4400;4218;2556;2865;3368;2220;2554;2525;1210;1792;1399;1166;818;738,100.0,0.0,5025.5,0,0,0,0,0,0.0,0,0,0,0,0,0,0,0,0.0,0,0,0,0,0,0.0,0.0,0.0,0,0,0,65.1,17.55,11.52,0.4,39.94,20.3,63.4,94.63143000395402,9.964450666027995,38.690044198316805,36.071051645669684,24.363994187634923,1844.9239130434783,0.0,0.0,50.669397825124655,0.0,40.58031682189041,14.1,98.0,0.0,0.0,0.0,450.0,5025.5,0.0,0.0,113.012,0.845,113.857,13.447,0.861,112.996,emon,0.57,0.435,151.1,70.9,2.132
2026-09-17 21:39:32.578,23.4,2,94,83;32;94;16;31;12;9;11;36;12;8;3;11;12;2;2,1790,4342,4342;4163;4314;4061;2744;3087;3136;3231;3050;3244;3336;3281;1790;2332;1998;2238,100.0,0.0,5026.4,0,0,0,0,0,0.0,0,0,0,0,0,0,0,0,0.0,0,0,0,0,0,0.0,0.0,0.0,0,0,0,64.1,17.55,11.52,0.4,39.94,20.3,63.4,94.9278172898677,10.476242317040281,38.64885744128016,35.50425445277905,24.213639349146227,1799.0,0.0,0.0,50.54106156638027,0.0,43.150405699380634,14.0,97.7,0.0,0.0,0.0,450.0,5026.4,0.0,0.0,113.012,0.845,113.857,13.447,0.861,112.996,emon,0.57,0.435,151.1,70.9,2.132
2026-09-17 21:39:33.579,8.7,0,67,67;2;49;3;9;0;0;0;8;0;0;0;0;0;2;0,975,4728,4707;4687;4712;4728;2151;2365;2023;1777;2199;2860;1334;1311;1067;1198;1010;975,2.5,0.0,5055.6,0,0,0,0,0,0.0,0,0,0,0,0,0,0,0,0.0,0,0,0,0,0,0.0,0.0,0.0,0,0,0,77.1,17.55,11.52,0.4,39.94,20.3,63.4,74.14580523639644,1.2478010774752415,19.45933893295603,16.243565328077437,1.7913005404898452,1142.5779816513761,0.0,0.0,0.0,0.0,50.66383753669098,5.8,39.2,0.0,0.0,0.0,450.0,5051.0,0.0,0.0,113.012,0.845,113.857,13.447,0.861,112.996,emon,0.57,0.435,151.1,70.9,2.132
2026-09-17 21:39:34.579,9.0,0,82,82;2;43;0;9;0;0;0;6;2;0;0;0;0;0;0,757,4728,4706;4660;4714;4728;2018;2782;1405;2348;1907;2687;1549;1185;1096;954;821;757,2.7,0.0,5042.3,0,0,0,0,0,0.0,0,0,0,0,0,0,0,0,0.0,0,0,0,0,0,0.0,0.0,0.0,0,0,0,78.1,17.55,11.52,0.4,39.94,20.3,63.4,78.81672930571199,1.5940608013981232,15.767945803747587,12.877852074299122,1.1377639347698791,1151.4539877300613,0.0,0.0,0.0,0.0,50.57396374464584,0.3,0.0,0.0,0.0,0.0,450.0,5045.0,0.0,0.0,113.012,0.845,113.857,13.447,0.861,112.996,emon,0.57,0.435,151.1,70.9,2.132
2026-09-17 21:39:35.579,8.4,0,69,51;0;69;0;3;2;0;0;11;0;0;0;0;0;0;0,758,4726,4685;4726;4720;4726;2326;2477;1946;2554;2341;2390;2393;2890;1092;964;758;778,5.5,0.0,5098.6,0,0,0,0,0,0.0,0,0,0,0,0,0,0,0,0.0,0,0,0,0,0,0.0,0.0,0.0,0,0,0,76.1,21.6,4.81,0.36,32.59,20.3,63.4,98.26565392273294,3.5018210017074973,18.389586303193692,17.09659805700267,1.2648188879676914,1163.406779661017,0.0,0.0,0.0,0.0,49.95666239806845,0.4,0.0,0.0,0.0,0.0,450.0,5098.8,0.0,0.0,113.012,0.845,113.857,13.447,0.861,112.996,emon,0.57,0.435,151.1,70.9,2.132
2026-09-17 21:39:36.579,7.8,0,98,16;2;98;0;6;0;0;0;3;0;0;0;0;0;0;0,1073,4729,4502;4643;4725;4729;1923;1408;1747;1203;1955;1497;1195;1205;1175;1130;1073;1096,0.2,0.0,5090.7,0,0,0,0,0,0.0,0,0,0,0,0,0,0,0,0.0,0,0,0,0,0,0.0,0.0,0.0,0,0,0,76.1,21.6,4.81,0.36,32.59,20.3,63.4,97.8754153584325,0.9992039165091376,19.567148205845854,17.78470616354499,2.573527103203327,1140.860465116279,0.0,0.0,0.0,0.0,53.8815230765315,0.3,0.0,0.0,0.0,0.0,450.0,5090.7,0.0,0.0,113.012,0.845,113.857,13.447,0.861,112.996,emon,0.57,0.435,151.1,70.9,2.132
2026-09-17 21:39:37.579,9.6,0,97,26;2;97;6;9;0;0;0;12;0;0;0;0;0;0;0,909,4724,4455;4438;4705;4724;2318;1995;1544;1319;2018;2951;1506;1366;1133;967;909;915,0.2,0.0,5090.7,0,0,0,0,0,0.0,0,0,0,0,0,0,0,0,0.0,0,0,0,0,0,0.0,0.0,0.0,0,0,0,77.1,21.6,4.81,0.36,32.59,20.3,63.4,97.6988110315232,2.3119068149743334,16.599028258096602,13.089073648055395,2.445784179305303,1078.1666666666667,0.0,0.0,0.0,0.0,50.27057096965256,0.2,0.0,0.0,0.0,0.0,450.0,5091.9,0.0,0.0,113.012,0.845,113.857,13.447,0.861,112.996,emon,0.57,0.435,151.1,70.9,2.132
2026-09-17 21:39:38.580,15.0,0,97,76;19;97;5;20;2;2;0;17;0;0;0;3;0;0;0,530,4402,4402;4369;4396;4129;2440;2894;2492;1735;2384;1785;2311;1874;1014;857;530;620,2.0,0.0,5122.1,0,0,0,0,0,0.0,0,0,0,0,0,0,0,0,0.0,0,0,0,0,0,0.0,0.0,0.0,0,0,0,65.1,21.6,4.81,0.36,32.59,20.3,63.4,80.41958640416463,15.181618812804421,44.910824227333066,44.51893996496995,35.106845474243165,1799.0,0.0,0.0,66.74808694745103,0.0,6.744047418671471,8.7,59.6,0.0,0.0,0.0,450.0,5122.1,0.0,0.0,113.012,0.845,113.857,13.447,0.861,112.996,emon,0.57,0.435,151.1,70.9,2.132
2026-09-17 21:39:39.581,14.8,0,94,89;10;94;0;16;3;0;2;17;5;2;0;0;0;0;0,702,4449,4449;4212;4414;4151;2350;1655;2643;2095;1972;1927;1362;1630;1024;752;702;741,100.0,0.0,5122.1,0,0,0,0,0,0.0,0,0,0,0,0,0,0,0,0.0,0,0,0,0,0,0.0,0.0,0.0,0,0,0,67.1,21.56,3.69,0.35,30.43,20.3,63.4,81.34648106211708,14.316108850296587,45.23430018481754,44.46872217491979,33.31680863811856,1799.0,0.0,0.0,61.98719289171554,0.0,14.41978265100659,14.2,99.0,0.0,0.0,0.0,450.0,5122.1,0.0,0.0,113.012,0.845,113.857,13.447,0.861,112.996,emon,0.57,0.435,151.1,70.9,2.132
2026-09-17 21:39:40.581,17.1,0,88,82;22;88;5;34;5;2;0;17;0;0;0;22;0;0;0,765,4343,4343;4293;4337;4148;2716;2907;3320;3170;2621;2131;1991;1649;1593;832;765;823,100.0,0.0,5114.5,0,0,0,0,0,0.0,0,0,0,0,0,0,0,0,0.0,0,0,0,0,0,0.0,0.0,0.0,0,0,0,64.1,21.56,3.69,0.35,30.43,20.3,63.4,95.90168784266321,10.281113381079772,38.33484094053785,34.779617151924384,23.44401484632116,1799.0,0.0,0.0,52.00994618889815,0.0,42.97429813917249,14.1,97.8,0.0,0.0,0.0,450.0,5114.4,0.0,0.0,113.012,0.845,113.857,13.447,0.861,112.996,emon,0.57,0.435,151.1,70.9,2.132
2026-09-17 21:39:41.582,16.4,0,91,77;20;91;6;30;2;2;0;28;2;0;0;6;0;0;0,848,4391,4389;4300;4391;4294;2582;2643;1329;3057;2527;2728;2660;2638;1254;848;851;983,100.0,0.0,5112.9,0,0,0,0,0,0.0,0,0,0,0,0,0,0,0,0.0,0,0,0,0,0,0.0,0.0,0.0,0,0,0,65.1,21.56,3.69,0.35,30.43,20.3,63.4,97.72537383062397,9.679792186717954,34.74237915989524,31.216878798360863,21.947306790439313,1799.0,0.0,0.0,51.081628705910965,0.0,45.96684285679037,14.1,97.8,0.0,0.0,0.0,450.0,5112.9,0.0,0.0,112.203,0.831,113.034,8.745,0.56,112.474,emon,0.572,0.375,150.7,69.7,2.162
2026-09-17 21:39:42.582,16.9,0,95,66;31;95;2;30;6;0;0;31;2;0;0;8;0;0;0,748,4352,4352;4320;4317;4162;2640;2583;2521;2751;2622;2926;2850;1852;1511;748;851;858,100.0,0.0,5111.9,0,0,0,0,0,0.0,0,0,0,0,0,0,0,0,0.0,0,0,0,0,0,0.0,0.0,0.0,0,0,0,64.1,21.56,3.69,0.35,30.43,20.3,63.4,97.97953047258406,9.71751185883443,34.529515746027926,31.341420853112766,22.085222042514204,1799.0,0.0,0.0,50.05773707944063,1.4638556688078865,47.589157354454144,14.1,97.9,0.0,0.0,0.0,450.0,5090.3,0.0,0.0,112.203,0.831,113.034,8.745,0.56,112.474,emon,0.572,0.375,150.7,69.7,2.162
2026-09-17 21:39:43.583,15.9,0,88,50;30;88;3;21;0;0;0;52;6;0;0;5;0;0;0,722,4384,4324;4380;4384;4205;2646;2626;2500;1510;3184;2678;3366;2722;1121;799;722;851,100.0,0.0,5108.2,0,0,0,0,0,0.0,0,0,0,0,0,0,0,0,0.0,0,0,0,0,0,0.0,0.0,0.0,0,0,0,54.1,19.89,11.29,0.4,42.14,20.3,63.4,93.24223303990286,12.144910014967326,36.19982976209922,35.743588778938424,22.09917734777097,1799.0,0.0,0.0,52.55223060698884,0.0,35.578886605533626,14.2,98.0,0.0,0.0,0.0,450.0,5108.2,0.0,0.0,112.203,0.831,113.034,8.745,0.56,112.474,emon,0.572,0.375,150.7,69.7,2.162
2026-09-17 21:39:44.583,16.1,0,86,12;63;86;0;0;20;3;0;0;64;0;0;0;9;0;0,637,4395,4395;4361;4379;4212;1816;2626;3026;2223;2941;3068;2309;1782;637;1372;837;702,100.0,0.0,5094.9,0,0,0,0,0,0.0,0,0,0,0,0,0,0,0,0.0,0,0,0,0,0,0.0,0.0,0.0,0,0,0,55.1,19.89,11.29,0.4,42.14,20.3,63.4,96.9246342475297,10.61739987705941,36.16964235168989,32.51199176480047,22.82457989197774,1821.5409836065573,0.0,0.0,50.57409077030645,0.0,44.710100451723406,14.1,98.7,0.0,0.0,0.0,450.0,5094.9,0.0,0.0,112.203,0.831,113.034,8.745,0.56,112.474,emon,0.572,0.375,150.7,69.7,2.162
2026-09-17 21:39:45.583,15.8,0,92,6;30;92;6;0;23;3;0;0;85;0;0;0;8;0;0,736,4286,4054;4127;4286;4166;1504;2444;2618;1638;3099;3325;3221;3070;776;1109;736;793,86.9,0.0,5116.5,0,0,0,0,0,0.0,0,0,0,0,0,0,0,0,0.0,0,0,0,0,0,0.0,0.0,0.0,0,0,0,48.1,19.89,11.29,0.4,42.14,20.4,63.4,79.90140560626983,13.026662421803922,43.230926144123075,41.267600748240945,30.97091143131256,1849.0,0.0,0.0,60.06792571939528,0.0,16.145463954871012,14.2,98.8,0.0,0.0,0.0,450.0,5116.5,0.0,0.0,112.203,0.831,113.034,8.745,0.56,112.474,emon,0.572,0.375,150.7,69.7,2.162
2026-09-17 21:39:46.584,18.5,0,58,22;58;43;11;0;40;6;2;0;48;0;0;3;50;11;2,889,2676,2625;2235;2476;2676;1203;1631;1742;1520;2103;1628;1371;1555;889;1447;1179;1165,1.0,0.0,5127.9,0,0,0,0,0,0.0,0,0,0,0,0,0,0,0,0.0,0,0,0,0,0,0.0,0.0,0.0,0,0,0,40.1,19.89,11.29,0.4,42.14,20.3,63.4,99.78293563241829,9.541497892058416,35.0028660081429,31.91194240563128,21.5677620248346,1799.0,0.0,0.0,50.58710814646177,0.0,49.27516375576574,14.2,97.0,0.0,0.0,0.0,450.0,5127.9,0.0,0.0,112.203,0.831,113.034,8.745,0.56,112.474,emon,0.572,0.375,150.7,69.7,2.162
2026-09-17 21:39:47.585,17.0,0,66,9;66;48;2;0;46;0;0;0;49;0;2;3;33;6;6,1058,3833,2701;2633;3373;3833;2210;1726;1778;1983;1344;1670;1276;2129;1058;1794;1467;1349,0.1,0.0,1162.8,0,0,0,0,0,0.0,0,0,0,0,0,0,0,0,0.0,0,0,0,0,0,0.0,0.0,0.0,0,0,0,43.1,14.14,10.97,0.4,35.48,16.5,63.4,67.1530068387156,2.331979874501248,22.105984397556472,20.776234676008638,6.520922974399898,1615.304347826087,0.0,0.0,8.710193974492343,0.0,45.75138715598887,8.2,56.9,0.0,0.0,0.0,450.0,1148.3,0.0,0.0,112.203,0.831,113.034,8.745,0.56,112.474,emon,0.572,0.375,150.7,69.7,2.162
2026-09-17 21:39:48.585,13.7,0,73,0;36;41;3;0;73;0;0;0;32;0;0;0;18;8;8,997,2104,2104;1572;1794;997;1403;1468;2053;1421;1202;1326;1225;1896;1078;1231;1032;1153,0.1,0.0,1162.8,0,0,0,0,0,0.0,0,0,0,0,0,0,0,0,0.0,0,0,0,0,0,0.0,0.0,0.0,0,0,0,32.1,14.14,10.97,0.4,35.48,16.6,63.4,75.83227928161621,0.4623092345893383,21.187526473999025,17.60215930700302,2.084858412146568,1199.0,0.0,0.0,0.0,0.0,52.18418097615242,0.2,0.0,0.0,0.0,0.0,450.0,1163.1,0.0,0.0,112.203,0.831,113.034,8.745,0.56,112.474,emon,0.572,0.375,150.7,69.7,2.162
2026-09-17 21:39:49.586,21.7,0,73,8;69;73;2;0;52;6;0;0;64;0;2;3;48;14;6,1016,1862,1812;1702;1760;1862;1263;1348;1270;1332;1278;1368;1275;1401;1016;1184;1158;1147,0.0,0.0,1163.1,0,0,0,0,0,0.0,0,0,0,0,0,0,0,0,0.0,0,0,0,0,0,0.0,0.0,0.0,0,0,0,31.1,14.14,10.97,0.4,35.48,16.6,63.4,97.55763626098633,0.37524062395095825,29.09774112701416,24.492321968078613,1.6600812673568726,1061.5,0.0,0.0,0.0,0.0,50.24013555049896,0.0,0.0,0.0,0.0,0.0,450.0,1165.1,0.0,0.0,112.203,0.831,113.034,8.745,0.56,112.474,emon,0.572,0.375,150.7,69.7,2.162
2026-09-17 21:39:50.586,23.8,0,78,42;67;54;14;0;51;3;0;0;34;3;0;9;78;14;11,861,2370,2134;2126;1935;2370;1140;1368;1054;1917;1206;1455;861;1176;1321;1372;1260;1319,0.5,0.0,1165.1,0,0,0,0,0,0.0,0,0,0,0,0,0,0,0,0.0,0,0,0,0,0,0.0,0.0,0.0,0,0,0,34.1,14.14,10.97,0.4,35.48,16.4,63.4,98.29075852060706,0.5415510174220171,22.269368053451785,19.57239393126674,2.224033328091226,1180.7073170731708,0.0,0.0,0.0,0.0,51.47482894894069,0.3,0.0,0.0,0.0,0.0,450.0,1120.2,0.0,0.0,112.203,0.831,113.034,8.745,0.56,112.474,emon,0.572,0.375,150.7,69.7,2.162
2026-09-17 21:39:51.587,23.1,0,72,11;60;72;23;0;65;2;3;0;42;0;0;14;54;18;4,1045,2028,1923;1837;1960;2028;1382;1560;1688;1477;1162;1415;1270;1392;1283;1312;1249;1045,3.8,0.0,1134.7,0,0,0,0,0,0.0,0,0,0,0,0,0,0,0,0.0,0,0,0,0,0,0.0,0.0,0.0,0,0,0,31.1,4.93,0.39,0.32,8.17,16.4,63.4,98.18279864336994,0.6470939797173078,17.202852669599896,13.701349272317177,1.4255472427309566,1107.7837837837837,0.0,0.0,0.0,0.0,51.62119127447541,0.3,0.0,0.0,0.0,0.0,450.0,1134.7,0.0,0.0,112.203,0.831,113.034,8.745,0.56,112.474,emon,0.572,0.375,150.7,69.7,2.162
2026-09-17 21:39:52.587,22.7,0,66,22;62;58;25;0;59;6;0;0;46;0;0;5;66;5;8,911,2315,2315;1805;1952;2151;1796;1470;1537;1578;1333;1363;2311;1417;911;1236;1260;1114,1.7,0.0,1367.2,0,0,0,0,0,0.0,0,0,0,0,0,0,0,0,0.0,0,0,0,0,0,0.0,0.0,0.0,0,0,0,33.1,4.93,0.39,0.32,8.17,17.0,63.4,98.43529310226441,0.43940054264385253,20.510040566325188,18.168823534250258,2.1502363174251515,1187.125,0.0,0.0,0.0,0.0,51.48668363429606,0.1,0.0,0.0,0.0,0.0,450.0,1367.2,0.0,0.0,112.203,0.831,113.034,8.745,0.56,112.474,emon,0.572,0.375,150.7,69.7,2.162
2026-09-17 21:39:53.588,22.2,0,75,5;69;56;8;0;56;5;0;0;75;0;0;3;53;6;20,896,1965,1965;1761;1553;1744;1368;1519;1453;1394;1295;1431;1745;1338;896;1158;1274;992,0.2,0.0,2078.6,0,0,0,0,0,0.0,0,0,0,0,0,0,0,0,0.0,0,0,0,0,0,0.0,0.0,0.0,0,0,0,32.1,4.93,0.39,0.32,8.17,17.7,63.4,97.83542897151067,0.4800706237841111,19.081358602413765,15.645968943834305,1.6345407416811213,1106.6923076923076,0.0,0.0,0.0,0.0,50.24080687675338,0.0,0.0,0.0,0.0,0.0,450.0,2014.5,0.0,0.0,1.968,0.894,2.862,34.262,2.193,0.669,emon,0.888,0.846,23.9,20.9,1.143
2026-09-17 21:39:54.588,24.5,0,72,36;72;65;23;0;42;8;0;0;62;0;0;5;58;8;14,1425,3024,3024;2541;2711;2412;1611;1888;1500;1764;1465;2006;1873;1425;2077;2080;2482;1501,0.2,0.0,2078.6,0,0,0,0,0,0.0,0,0,0,0,0,0,0,0,0.0,0,0,0,0,0,0.0,0.0,0.0,0,0,0,45.1,4.93,0.39,0.32,8.17,18.7,63.4,97.89146641322544,0.36240831395345074,16.379634843553816,12.660048414979663,1.7104205404009138,1167.5714285714287,0.0,0.0,0.0,0.0,51.71020285104002,0.2,0.0,0.0,0.0,0.0,450.0,2874.1,0.0,0.0,1.968,0.894,2.862,34.262,2.193,0.669,emon,0.888,0.846,23.9,20.9,1.143
2026-09-17 21:39:55.589,19.1,0,63,12;47;55;11;0;44;3;0;0;50;0;0;3;63;10;8,1148,1996,1763;1903;1996;1977;1566;1533;1176;1911;1245;1448;1263;1281;1148;1366;1347;1303,4.3,0.0,3224.0,0,0,0,0,0,0.0,0,0,0,0,0,0,0,0,0.0,0,0,0,0,0,0.0,0.0,0.0,0,0,0,35.1,5.24,0.06,0.32,8.23,19.5,63.4,96.88971414873677,0.2864619164817756,10.80697661830533,7.517932522681452,0.7199887921733241,971.5806451612904,0.0,0.0,0.0,0.0,51.93822592016189,0.2,0.0,0.0,0.0,0.0,450.0,3802.9,0.0,0.0,1.968,0.894,2.862,34.262,2.193,0.669,emon,0.888,0.846,23.9,20.9,1.143
2026-09-17 21:39:56.589,15.7,0,70,3;43;35;0;0;46;11;0;0;70;2;0;0;27;0;14,1055,2388,2223;1791;1666;2388;1273;1466;1385;1249;1373;1530;1319;1357;1055;1226;1111;1190,0.0,0.0,4041.4,0,0,0,0,0,0.0,0,0,0,0,0,0,0,0,0.0,0,0,0,0,0,0.0,0.0,0.0,0,0,0,35.1,5.24,0.06,0.32,8.23,20.0,63.4,97.74403915405273,0.4022669555619359,20.673300874233245,17.358277715742588,1.690669059753418,949.0,0.0,0.0,0.0,0.0,50.27099942862988,0.0,0.0,0.0,0.0,0.0,450.0,4506.3,0.0,0.0,1.968,0.894,2.862,34.262,2.193,0.669,emon,0.888,0.846,23.9,20.9,1.143
2026-09-17 21:39:57.589,28.3,0,70,11;46;25;8;33;52;37;30;12;70;23;21;0;57;24;5,557,2187,1507;1874;2187;1330;557;989;662;566;572;1275;650;616;1231;1270;1148;1254,1.1,0.0,5001.9,0,0,0,0,0,0.0,0,0,0,0,0,0,0,0,0.0,0,0,0,0,0,0.0,0.0,0.0,0,0,0,35.1,5.24,0.06,0.32,8.23,20.4,63.4,98.23218054520457,0.36408715513779927,21.876897821300908,19.22092935325284,2.480735730894498,1154.2631578947369,0.0,0.0,0.0,0.0,50.253360763976445,0.1,0.0,0.0,0.0,0.0,450.0,5001.9,0.0,0.0,1.968,0.894,2.862,34.262,2.193,0.669,emon,0.888,0.846,23.9,20.9,1.143
2026-09-17 21:39:58.590,51.2,12,85,25;22;29;20;78;85;78;80;37;74;67;61;12;69;68;14,598,1358,1248;1223;1358;1267;598;599;599;601;653;684;678;676;1238;1075;1076;1301,1.0,0.0,5006.8,0,0,0,0,0,0.0,0,0,0,0,0,0,0,0,0.0,0,0,0,0,0,0.0,0.0,0.0,0,0,0,33.1,5.24,0.06,0.32,8.23,20.4,63.4,98.18609896573153,0.5706242040561681,17.44263366135684,15.533368385650896,1.2329763959754596,1160.3636363636363,0.0,0.0,0.0,0.0,50.21375021067533,0.1,0.0,0.0,0.0,0.0,450.0,5006.8,0.0,0.0,1.968,0.894,2.862,34.262,2.193,0.669,emon,0.888,0.846,23.9,20.9,1.143
2026-09-17 21:39:59.590,48.9,5,80,24;17;19;25;64;75;70;74;27;78;80;72;9;76;67;5,608,1157,1120;1157;1130;1132;608;623;623;619;686;702;700;696;1111;1105;1097;1108,0.3,0.0,5007.0,0,0,0,0,0,0.0,0,0,0,0,0,0,0,0,0.0,0,0,0,0,0,0.0,0.0,0.0,0,0,0,32.1,3.0,0.01,0.31,5.51,20.4,63.4,98.16753190563571,0.29430977882997644,18.390253313126102,15.127733655033573,1.8434256204674322,1090.9354838709678,0.0,0.0,0.0,0.0,51.8710028533974,0.1,0.0,0.0,0.0,0.0,450.0,5007.0,0.0,0.0,1.968,0.894,2.862,34.262,2.193,0.669,emon,0.888,0.846,23.9,20.9,1.143
2026-09-17 21:40:00.591,18.6,2,51,19;28;29;19;8;51;6;8;4;35;5;5;9;46;23;2,917,2034,2034;1859;1960;1643;1126;1346;1144;1196;917;1232;964;962;1231;1300;1257;1437,0.3,0.0,5007.0,0,0,0,0,0,0.0,0,0,0,0,0,0,0,0,0.0,0,0,0,0,0,0.0,0.0,0.0,0,0,0,34.1,3.0,0.01,0.31,5.51,20.2,63.4,72.0009034366931,0.3314959675064136,14.108319009435204,10.708226447373356,1.5795112831788867,1369.3389830508474,0.0,0.0,1.6962400715229875,0.0,49.28742725503142,0.4,2.6,0.0,0.0,0.0,450.0,5009.0,0.0,0.0,1.968,0.894,2.862,34.262,2.193,0.669,emon,0.888,0.846,23.9,20.9,1.143
2026-09-17 21:40:01.591,10.5,0,66,0;34;17;0;2;66;2;0;0;38;0;0;0;6;3;2,899,1789,1591;1650;1789;1538;1417;1521;1326;1385;899;1343;1087;1004;960;1066;993;1006,0.6,0.0,5009.0,0,0,0,0,0,0.0,0,0,0,0,0,0,0,0,0.0,0,0,0,0,0,0.0,0.0,0.0,0,0,0,31.1,3.0,0.01,0.31,5.51,20.2,63.4,93.34292450818148,0.3908259438731792,14.90473540804603,10.752592033621939,1.1344883795827627,1149.0,0.0,0.0,0.0,0.0,50.265837639739566,0.0,0.0,0.0,0.0,0.0,450.0,5009.0,0.0,0.0,1.968,0.894,2.862,34.262,2.193,0.669,emon,0.888,0.846,23.9,20.9,1.143
2026-09-17 21:40:02.592,14.5,0,53,3;25;20;5;0;53;8;3;0;52;8;3;6;33;10;3,831,1425,1016;1336;1355;925;1092;1425;1090;1094;1350;1400;1230;1306;831;1172;958;894,0.6,0.0,5009.0,0,0,0,0,0,0.0,0,0,0,0,0,0,0,0,0.0,0,0,0,0,0,0.0,0.0,0.0,0,0,0,31.1,2.15,0.04,0.31,4.26,20.2,63.4,97.79250907897949,0.39692068099975586,21.864765167236328,19.601866722106934,3.5582865476608276,1199.0,0.0,0.0,0.0,0.0,50.211770452558994,0.1,0.0,0.0,0.0,0.0,450.0,5009.0,0.0,0.0,1.968,0.894,2.862,34.262,2.193,0.669,emon,0.888,0.846,23.9,20.9,1.143
2026-09-17 21:40:03.592,10.6,0,78,3;25;16;0;0;25;0;0;0;78;0;0;0;17;5;0,949,2684,1770;1597;1711;2684;1165;1429;1185;1166;1421;1526;1422;1432;1011;1281;1115;949,0.6,0.0,5009.0,0,0,0,0,0,0.0,0,0,0,0,0,0,0,0,0.0,0,0,0,0,0,0.0,0.0,0.0,0,0,0,31.1,2.15,0.04,0.31,4.26,20.2,63.4,98.25976003514658,0.8469165855151887,14.340669604811337,10.339673144539985,1.1044070137720001,1124.7425742574258,0.0,0.0,0.0,0.0,50.739613237799986,0.1,0.0,0.0,0.0,0.0,450.0,5009.0,0.0,0.0,1.968,0.894,2.862,34.262,2.193,0.669,emon,0.888,0.846,23.9,20.9,1.143
2026-09-17 21:40:04.593,11.3,0,82,2;29;31;0;0;24;0;0;0;82;0;0;0;12;2;0,886,2989,2989;1997;2065;1905;1202;1387;1389;1422;1429;1505;1813;1487;958;1010;895;886,2.9,0.0,5025.0,0,0,0,0,0,0.0,0,0,0,0,0,0,0,0,0.0,0,0,0,0,0,0.0,0.0,0.0,0,0,0,31.1,2.15,0.04,0.31,4.26,20.2,63.4,98.47092278798421,4.215001318254508,22.59451974928379,22.91610401061674,2.833940654003527,1188.5833333333333,0.0,0.0,0.0,0.0,50.23971966902415,0.4,0.0,0.0,0.0,0.0,450.0,5025.0,0.0,0.0,1.968,0.894,2.862,34.262,2.193,0.669,emon,0.888,0.846,23.9,20.9,1.143
2026-09-17 21:40:05.593,13.2,0,91,2;23;27;0;0;27;0;0;0;91;2;0;2;28;6;5,1089,3092,2390;2173;2226;3092;1229;1618;1357;1220;1459;1653;1089;1441;1111;1484;1295;1479,15.7,0.0,5081.6,0,0,0,0,0,0.0,0,0,0,0,0,0,0,0,0.0,0,0,0,0,0,0.0,0.0,0.0,0,0,0,34.1,2.15,0.04,0.31,4.26,20.3,63.4,92.54865674411549,1.4964476184892084,14.133336997645742,9.879185564158593,0.9202110166164964,1262.9705882352941,0.0,0.0,16.196053827030802,0.0,41.40099016105866,2.1,16.1,0.0,0.0,0.0,450.0,5085.4,0.0,0.0,0.585,0.683,1.268,17.033,1.09,0.178,emon,0.934,0.923,43.2,35.2,1.229
2026-09-17 21:40:06.594,15.8,0,75,6;45;41;12;0;41;2;0;0;75;0;0;0;19;8;4,862,1612,1151;1234;1428;1456;981;1083;987;1030;1508;1460;1612;1506;913;1045;862;863,15.7,0.0,5081.6,0,0,0,0,0,0.0,0,0,0,0,0,0,0,0,0.0,0,0,0,0,0,0.0,0.0,0.0,0,0,0,31.1,2.69,1.8,0.33,7.44,20.3,63.4,94.48049873464248,11.184315086945015,43.365893840789795,37.948541429989476,30.848262384972152,1799.0,0.0,0.0,82.42429185220423,0.0,11.898586929798672,14.3,99.8,0.0,0.0,0.0,450.0,5086.0,0.0,0.0,0.585,0.683,1.268,17.033,1.09,0.178,emon,0.934,0.923,43.2,35.2,1.229
2026-09-17 21:40:07.595,19.4,0,62,17;46;50;6;0;46;0;0;0;59;0;0;2;62;14;8,978,2231,2231;1608;1556;2126;1201;1221;1110;1198;1584;1384;1308;1090;978;1191;1134;1214,100.0,0.0,5086.0,0,0,0,0,0,0.0,0,0,0,0,0,0,0,0,0.0,0,0,0,0,0,0.0,0.0,0.0,0,0,0,33.1,2.69,1.8,0.33,7.44,20.3,63.4,99.99296257712625,9.38497622946108,51.351756647229195,46.67998518676243,31.09585902860007,1799.0,0.0,0.0,56.88157100901431,0.0,39.010335920185504,14.3,99.1,0.0,0.0,0.0,450.0,5086.0,0.0,0.0,0.585,0.683,1.268,17.033,1.09,0.178,emon,0.934,0.923,43.2,35.2,1.229
2026-09-17 21:40:08.595,20.1,0,66,26;54;39;6;0;66;5;0;0;36;3;0;3;58;16;9,1040,2008,1726;1761;2008;1583;1438;1471;1248;1357;1133;1329;1172;1184;1040;1163;1067;1050,100.0,0.0,5086.0,0,0,0,0,0,0.0,0,0,0,0,0,0,0,0,0.0,0,0,0,0,0,0.0,0.0,0.0,0,0,0,34.1,2.69,1.8,0.33,7.44,20.3,63.4,98.39984716332476,10.773786465329644,42.29530767357868,39.00195175279742,27.175064251288447,1799.0,0.0,0.0,54.05631646367357,0.0,44.77726568144526,14.2,98.6,0.0,0.0,0.0,450.0,5086.0,0.0,0.0,0.585,0.683,1.268,17.033,1.09,0.178,emon,0.934,0.923,43.2,35.2,1.229
2026-09-17 21:40:09.596,19.2,0,66,18;37;48;3;0;66;3;2;0;48;3;0;5;54;12;9,908,2735,2372;1837;2338;2735;1243;1478;1661;1925;1274;1393;1508;1687;1193;1215;1243;908,0.0,0.0,5086.0,0,0,0,0,0,0.0,0,0,0,0,0,0,0,0,0.0,0,0,0,0,0,0.0,0.0,0.0,0,0,0,37.1,2.69,1.8,0.33,7.44,20.3,63.4,99.9981889530104,10.203834963797242,37.662082041094244,34.762947775941456,21.112049046511046,1799.0,0.0,0.0,50.816379587240455,0.0,49.10224952811354,14.3,97.9,0.0,0.0,0.0,450.0,5091.2,0.0,0.0,0.585,0.683,1.268,17.033,1.09,0.178,emon,0.934,0.923,43.2,35.2,1.229
2026-09-17 21:40:10.596,17.5,0,72,8;31;34;5;0;72;9;0;0;34;2;0;2;57;11;16,938,1826,1567;1815;1822;1826;1601;1421;1460;1221;1010;1277;1009;994;938;1147;1044;1047,0.8,0.0,5062.9,0,0,0,0,0,0.0,0,0,0,0,0,0,0,0,0.0,0,0,0,0,0,0.0,0.0,0.0,0,0,0,33.1,3.7,8.97,0.39,21.24,20.3,63.4,100.01156170267454,9.240821040169873,33.86395115927387,30.77443802446245,23.11260037898073,1799.0,0.0,0.0,51.60839228565365,0.0,49.101824148299876,14.3,97.9,0.0,0.0,0.0,450.0,5091.2,0.0,0.0,0.585,0.683,1.268,17.033,1.09,0.178,emon,0.934,0.923,43.2,35.2,1.229
2026-09-17 21:40:11.597,19.4,0,77,16;34;38;19;0;45;14;8;2;39;2;2;2;77;12;3,908,2338,2199;2242;2338;2175;1261;1394;1179;1298;1085;1303;1247;908;1083;1355;1148;1255,100.0,0.0,5059.0,0,0,0,0,0,0.0,0,0,0,0,0,0,0,0,0.0,0,0,0,0,0,0.0,0.0,0.0,0,0,0,35.1,3.7,8.97,0.39,21.24,20.3,63.4,99.55733797342882,7.984541588963981,31.859033253752504,29.084327543640267,20.604876846722934,1799.0,0.0,0.0,48.52182549164813,0.0,48.26276365927548,14.3,99.3,0.0,0.0,0.0,450.0,5065.4,0.0,0.0,0.585,0.683,1.268,17.033,1.09,0.178,emon,0.934,0.923,43.2,35.2,1.229
2026-09-17 21:40:12.597,17.2,0,62,11;42;40;9;0;50;0;0;0;41;0;0;0;62;17;3,947,2182,2182;1615;1564;1893;1482;1238;1348;1754;1268;1199;1321;1442;1020;1117;1014;947,100.0,0.0,5059.0,0,0,0,0,0,0.0,0,0,0,0,0,0,0,0,0.0,0,0,0,0,0,0.0,0.0,0.0,0,0,0,33.1,3.7,8.97,0.39,21.24,20.3,63.4,98.6124406640691,9.56018447458632,39.512132397271635,35.24414704123834,24.574125184425455,1799.0,0.0,0.0,53.53249279899817,0.0,45.49508506396961,14.2,98.6,0.0,0.0,0.0,450.0,5059.0,0.0,0.0,0.585,0.683,1.268,17.033,1.09,0.178,emon,0.934,0.923,43.2,35.2,1.229
2026-09-17 21:40:13.603,18.0,0,52,20;35;42;0;0;42;23;0;0;39;18;0;0;52;14;3,989,1896,1425;1558;1592;1896;1181;1319;1285;1277;1146;1317;1388;1736;989;1235;990;1185,100.0,0.0,5059.1,0,0,0,0,0,0.0,0,0,0,0,0,0,0,0,0.0,0,0,0,0,0,0.0,0.0,0.0,0,0,0,32.1,3.7,8.97,0.39,21.24,20.3,63.4,95.17945672915532,10.01154044084251,47.30928847117302,42.52742151151865,32.674867391586304,1799.0,0.0,0.0,64.15065593162002,3.129720151137847,31.00393672760308,14.2,99.2,0.0,0.0,0.0,450.0,5059.1,0.0,0.0,0.585,0.683,1.268,17.033,1.09,0.178,emon,0.934,0.923,43.2,35.2,1.229
2026-09-17 21:40:14.604,16.9,0,55,39;3;36;9;2;0;49;0;3;0;55;0;8;3;50;12,871,1506,1232;1004;1287;1021;1141;1114;1106;1506;1182;1170;1346;1472;979;915;1093;871,100.0,0.0,5084.4,0,0,0,0,0,0.0,0,0,0,0,0,0,0,0,0.0,0,0,0,0,0,0.0,0.0,0.0,0,0,0,31.1,3.01,8.68,0.39,19.94,20.3,63.4,85.39722376603346,7.834735686962421,70.89112971379207,59.184040363018326,54.86896338829627,1799.0,0.0,0.0,84.61991384263652,0.0,0.0,14.4,98.5,0.0,0.0,0.0,450.0,5084.4,0.0,0.0,0.585,0.683,1.268,17.033,1.09,0.178,emon,0.934,0.923,43.2,35.2,1.229
2026-09-17 21:40:15.604,18.0,0,52,43;29;31;6;0;0;33;0;0;0;48;2;18;8;52;17,882,1573,1573;1529;1188;1269;1051;1001;1154;1179;1291;1250;1296;1016;905;882;1039;979,100.0,0.0,5084.4,0,0,0,0,0,0.0,0,0,0,0,0,0,0,0,0.0,0,0,0,0,0,0.0,0.0,0.0,0,0,0,32.1,3.01,8.68,0.39,19.94,20.3,63.4,98.89834910347348,8.669516465870576,42.61634857597805,37.699780676691304,28.46592799964405,1799.0,0.0,0.0,56.10119626954908,0.0,43.26353514567009,14.3,99.8,0.0,0.0,0.0,450.0,5084.4,0.0,0.0,0.585,0.683,1.268,17.033,1.09,0.178,emon,0.934,0.923,43.2,35.2,1.229
2026-09-17 21:40:16.605,18.7,0,47,41;31;39;15;0;0;47;3;0;0;47;3;2;8;45;19,952,1203,1071;1113;1160;1048;1153;1132;1032;1203;1034;1058;1163;981;952;1056;1145;990,54.2,0.0,5076.8,0,0,0,0,0,0.0,0,0,0,0,0,0,0,0,0.0,0,0,0,0,0,0.0,0.0,0.0,0,0,0,30.1,3.01,8.68,0.39,19.94,20.2,63.4,92.86290660137084,8.43322512609657,54.628171371250616,47.767649644031756,38.59031879611132,1799.0,0.0,0.0,63.49342463583481,0.0,29.53242643226125,14.2,99.6,0.0,0.0,0.0,450.0,5084.4,0.0,0.0,0.585,0.683,1.268,17.033,1.09,0.178,emon,0.934,0.923,43.2,35.2,1.229
2026-09-17 21:40:17.606,20.6,0,60,59;30;44;12;0;0;50;9;0;0;42;0;8;12;60;5,817,2942,2065;1839;2563;1945;1526;1637;1441;1222;2043;2221;1474;2942;817;985;1187;1022,100.0,0.0,5104.4,0,0,0,0,0,0.0,0,0,0,0,0,0,0,0,0.0,0,0,0,0,0,0.0,0.0,0.0,0,0,0,33.1,3.01,8.68,0.39,19.94,20.3,63.4,100.007147926508,9.18263412625637,39.14763558999051,34.9763634710551,22.78343896513025,1799.0,0.0,0.0,50.36049573790542,0.0,48.38363294651579,14.2,99.2,0.0,0.0,0.0,450.0,5076.8,0.0,0.0,57.494,0.601,58.095,16.326,1.045,57.05,emon,0.636,0.384,258.4,120.8,2.139
2026-09-17 21:40:18.606,17.9,0,52,47;14;42;3;0;0;52;0;0;0;33;0;6;9;51;30,926,1861,1420;1475;1812;1861;1007;983;1292;990;1434;1451;1297;1455;926;954;1050;1023,100.0,0.0,5104.4,0,0,0,0,0,0.0,0,0,0,0,0,0,0,0,0.0,0,0,0,0,0,0.0,0.0,0.0,0,0,0,31.1,2.57,8.26,0.39,18.49,20.3,63.4,96.36912740851348,7.569958416077326,39.25814990727407,33.36278866372019,26.839128959361673,1799.0,0.0,0.0,58.593098446111775,0.0,36.336808186489336,14.3,98.8,0.0,0.0,0.0,450.0,5104.4,0.0,0.0,57.494,0.601,58.095,16.326,1.045,57.05,emon,0.636,0.384,258.4,120.8,2.139
2026-09-17 21:40:19.607,18.8,0,77,39;15;42;9;0;0;77;0;0;0;48;0;6;6;51;6,980,2275,1640;2009;1535;1775;1217;1156;1382;1825;2275;1603;1358;1428;1065;1113;1169;980,83.7,0.0,5078.7,0,0,0,0,0,0.0,0,0,0,0,0,0,0,0,0.0,0,0,0,0,0,0.0,0.0,0.0,0,0,0,32.1,2.57,8.26,0.39,18.49,20.3,63.4,99.9689528725364,8.847450282805683,41.88839060971231,37.81106097183444,27.441994538812928,1799.0,0.0,0.0,57.69338400532125,0.0,42.813636948372846,14.2,99.4,0.0,0.0,0.0,450.0,5096.0,0.0,0.0,57.494,0.601,58.095,16.326,1.045,57.05,emon,0.636,0.384,258.4,120.8,2.139
2026-09-17 21:40:20.608,19.4,0,71,39;9;39;5;0;0;65;6;0;0;34;0;9;15;71;17,901,2290,1579;1723;1565;2290;1278;1268;1460;1307;1084;1097;1337;1726;996;1131;1222;901,100.0,0.0,5077.4,0,0,0,0,0,0.0,0,0,0,0,0,0,0,0,0.0,0,0,0,0,0,0.0,0.0,0.0,0,0,0,32.1,2.57,8.26,0.39,18.49,20.3,63.4,99.35428529113304,7.980123919747656,32.657681273367565,29.29178212264567,21.75884705383814,1799.0,0.0,0.0,48.24530298971546,0.0,48.26427471679663,14.3,99.6,0.0,0.0,0.0,450.0,5077.4,0.0,0.0,57.494,0.601,58.095,16.326,1.045,57.05,emon,0.636,0.384,258.4,120.8,2.139
2026-09-17 21:40:21.609,14.2,0,60,34;6;46;0;0;0;60;0;0;0;28;0;8;0;44;2,1148,4286,2618;2414;3447;4286;1737;1427;1694;2121;1246;1217;1779;1409;1430;1148;1315;1150,89.2,0.0,5099.0,0,0,0,0,0,0.0,0,0,0,0,0,0,0,0,0.0,0,0,0,0,0,0.0,0.0,0.0,0,0,0,40.1,2.57,8.26,0.39,18.49,20.4,63.4,90.73747200835241,7.071327262034972,31.08362033269177,27.91611675611914,19.95101463288142,1701.7397260273972,0.0,0.0,42.60628360879531,0.0,44.21115158695049,14.2,99.1,0.0,0.0,0.0,450.0,5077.4,0.0,0.0,57.494,0.601,58.095,16.326,1.045,57.05,emon,0.636,0.384,258.4,120.8,2.139
2026-09-17 21:40:22.609,11.6,0,51,27;2;32;0;0;0;49;0;0;0;51;0;2;0;22;2,878,2399,2158;2113;2399;1746;1499;2008;1512;1612;1389;1235;1557;1335;1103;878;1227;1137,2.8,0.0,5085.2,0,0,0,0,0,0.0,0,0,0,0,0,0,0,0,0.0,0,0,0,0,0,0.0,0.0,0.0,0,0,0,34.1,3.89,5.93,0.37,16.3,20.3,63.4,73.69623018900553,0.49876767951581213,19.411142264472115,16.87884760962592,2.590597522139756,1117.3333333333333,0.0,0.0,0.0,0.0,51.29165026081933,2.4,13.5,0.0,0.0,0.0,450.0,5108.5,0.0,0.0,57.494,0.601,58.095,16.326,1.045,57.05,emon,0.636,0.384,258.4,120.8,2.139
2026-09-17 21:40:23.609,11.0,0,71,17;2;27;0;0;0;28;0;0;0;71;0;5;0;24;3,959,2199,1918;2199;1744;1557;1125;1127;1365;1700;1226;1218;1534;1232;1134;990;1065;959,2.8,0.0,5085.2,0,0,0,0,0,0.0,0,0,0,0,0,0,0,0,0.0,0,0,0,0,0,0.0,0.0,0.0,0,0,0,32.1,3.89,5.93,0.37,16.3,20.3,63.4,98.0551010991486,0.47319649838068534,20.80062503378156,18.785402178554467,3.070809710193688,1083.5070422535211,0.0,0.0,0.0,0.0,50.95761657432771,0.3,0.0,0.0,0.0,0.0,450.0,5082.4,0.0,0.0,57.494,0.601,58.095,16.326,1.045,57.05,emon,0.636,0.384,258.4,120.8,2.139
2026-09-17 21:40:24.610,9.8,0,58,24;0;23;0;0;0;16;0;0;0;58;0;3;0;28;3,1038,3512,1642;1506;1665;3512;1181;1155;1477;1456;1416;1421;1482;1607;1098;1038;1181;1116,0.8,0.0,5082.4,0,0,0,0,0,0.0,0,0,0,0,0,0,0,0,0.0,0,0,0,0,0,0.0,0.0,0.0,0,0,0,32.1,3.89,5.93,0.37,16.3,20.3,63.4,98.26626140315358,0.25320977149758395,17.093250652638876,13.608204396396149,2.0514706111535794,1144.121951219512,0.0,0.0,0.0,0.0,51.51096602765525,0.2,0.0,0.0,0.0,0.0,450.0,5082.4,0.0,0.0,57.494,0.601,58.095,16.326,1.045,57.05,emon,0.636,0.384,258.4,120.8,2.139
2026-09-17 21:40:25.662,11.2,0,63,19;9;38;0;0;0;24;0;0;0;63;0;2;2;24;0,958,3227,2391;1540;2827;3227;1824;1211;1620;1741;1601;1743;1769;1864;958;1041;1453;967,3.9,0.0,5114.2,0,0,0,0,0,0.0,0,0,0,0,0,0,0,0,0.0,0,0,0,0,0,0.0,0.0,0.0,0,0,0,32.1,3.89,5.93,0.37,16.3,20.3,63.4,98.5747134399414,0.4185416320711374,18.271713252067567,15.50442870259285,1.922387852668762,961.0,0.0,0.0,0.0,0.0,52.376021488904954,0.2,0.0,0.0,0.0,0.0,450.0,5096.9,0.0,0.0,57.494,0.601,58.095,16.326,1.045,57.05,emon,0.636,0.384,258.4,120.8,2.139
2026-09-17 21:40:26.663,18.7,0,55,51;14;40;5;0;0;42;3;2;0;55;2;8;5;54;20,1033,3591,2373;2604;2829;3591;1334;1265;1667;1609;1033;2029;1680;2219;1313;1746;1460;1240,0.7,0.0,5125.0,0,0,0,0,0,0.0,0,0,0,0,0,0,0,0,0.0,0,0,0,0,0,0.0,0.0,0.0,0,0,0,36.1,3.24,0.7,0.32,6.37,20.3,63.4,100.0136761935252,9.827940402001893,28.22429741103694,26.107161208518647,10.911918597723469,1799.0,0.0,0.0,49.14215764481393,0.0,49.522157989979306,0.2,0.0,0.0,0.0,0.0,450.0,5116.7,0.0,0.0,57.494,0.601,58.095,16.326,1.045,57.05,emon,0.636,0.384,258.4,120.8,2.139
2026-09-17 21:40:27.663,19.0,0,69,47;12;41;12;0;0;34;2;0;0;47;0;15;6;69;17,1022,2034,1485;1383;1365;1270;1346;1271;1213;1911;2034;1155;1300;1933;1167;1120;1132;1022,0.0,0.0,5112.4,0,0,0,0,0,0.0,0,0,0,0,0,0,0,0,0.0,0,0,0,0,0,0.0,0.0,0.0,0,0,0,34.1,3.24,0.7,0.32,6.37,20.3,63.4,99.99999923706055,7.742779636383057,85.61473693847657,70.49381942749024,66.10124816894532,1799.0,0.0,0.0,100.00000076293945,0.0,0.0,12.7,88.1,0.0,0.0,0.0,450.0,5112.4,0.0,0.0,57.494,0.601,58.095,16.326,1.045,57.05,emon,0.636,0.384,258.4,120.8,2.139
2026-09-17 21:40:28.664,19.5,0,63,50;18;46;9;0;0;56;0;0;0;33;0;16;8;63;12,979,2078,1313;1740;1292;1574;1209;2020;1293;1257;1620;2078;1186;1255;1128;1130;1161;979,0.1,0.0,5112.4,0,0,0,0,0,0.0,0,0,0,0,0,0,0,0,0.0,0,0,0,0,0,0.0,0.0,0.0,0,0,0,33.1,3.24,0.7,0.32,6.37,20.3,63.4,98.18580158857199,10.407625378825916,46.59576030419423,42.93833832213512,31.865250669992886,1799.0,0.0,0.0,59.71933315826867,0.0,38.80495743584208,14.3,100.0,0.0,0.0,0.0,450.0,5112.4,0.0,0.0,57.494,0.601,58.095,16.326,1.045,57.05,emon,0.636,0.384,258.4,120.8,2.139
2026-09-17 21:40:29.684,17.3,0,62,43;8;35;3;0;0;56;0;0;0;33;0;17;11;62;10,876,1410,1314;1386;1063;876;1152;1191;1280;1410;1195;1171;1138;1409;1176;1089;1180;1046,0.1,0.0,5112.4,0,0,0,0,0,0.0,0,0,0,0,0,0,0,0,0.0,0,0,0,0,0,0.0,0.0,0.0,0,0,0,33.1,3.24,0.7,0.32,6.37,20.3,63.4,98.69445169448852,9.820250717972716,43.413127325375875,40.13040774126848,29.594732715785504,1799.0,0.0,0.0,56.10000876886149,0.0,41.8246319197436,14.2,99.6,0.0,0.0,0.0,450.0,5110.6,0.0,0.0,48.117,0.573,48.69,16.453,1.053,47.637,emon,0.618,0.316,212.3,99.6,2.132
2026-09-17 21:40:30.685,19.0,0,71,49;11;54;6;0;0;64;0;0;0;28;0;6;3;71;12,1075,2938,2396;2938;2790;2900;2123;1749;1731;1597;1325;1362;1635;1318;1120;1357;1312;1075,32.4,0.0,5110.8,0,0,0,0,0,0.0,0,0,0,0,0,0,0,0,0.0,0,0,0,0,0,0.0,0.0,0.0,0,0,0,37.1,3.02,8.39,0.39,19.47,20.3,63.4,99.55769215768842,8.291731556404882,38.600263892121575,33.69367261653516,19.317281049022924,1799.0,0.0,0.0,47.8662051025185,0.0,48.24236553483434,14.2,99.1,0.0,0.0,0.0,450.0,5091.0,0.0,0.0,48.117,0.573,48.69,16.453,1.053,47.637,emon,0.618,0.316,212.3,99.6,2.132
2026-09-17 21:40:31.685,17.2,0,67,33;11;45;0;0;0;67;0;0;0;33;0;6;6;54;22,810,2508,1578;2347;1549;2345;2508;2136;1359;1461;1749;1056;1241;1631;1155;810;1229;1171,100.0,0.0,5125.2,0,0,0,0,0,0.0,0,0,0,0,0,0,0,0,0.0,0,0,0,0,0,0.0,0.0,0.0,0,0,0,35.1,3.02,8.39,0.39,19.47,20.3,63.4,100.00065188937717,10.895607286029392,58.57874736079463,51.90387775279857,40.74779305579486,1799.0,0.0,0.0,70.44956160391922,0.0,29.90281208758272,14.2,98.5,0.0,0.0,0.0,450.0,5125.2,0.0,0.0,48.117,0.573,48.69,16.453,1.053,47.637,emon,0.618,0.316,212.3,99.6,2.132
2026-09-17 21:40:32.685,20.4,0,69,54;25;52;6;3;0;34;11;2;2;42;3;2;3;69;19,1000,3473,2445;2737;3051;3473;1047;1703;1874;1881;1578;1555;1754;1549;1026;1000;1233;1084,100.0,0.0,5093.4,0,0,0,0,0,0.0,0,0,0,0,0,0,0,0,0.0,0,0,0,0,0,0.0,0.0,0.0,0,0,0,40.1,3.02,8.39,0.39,19.47,20.3,63.4,99.51793834328652,9.91861295173876,40.192276532053945,36.88996173001826,21.74603480938822,1799.0,0.0,0.0,51.60711647442426,0.0,47.45522539049709,14.3,99.5,0.0,0.0,0.0,450.0,5110.7,0.0,0.0,48.117,0.573,48.69,16.453,1.053,47.637,emon,0.618,0.316,212.3,99.6,2.132
2026-09-17 21:40:33.693,19.9,0,67,45;18;43;0;0;3;51;0;0;0;66;0;11;10;67;5,990,2043,2043;1992;1722;1812;1139;1115;1382;1555;1367;1399;1541;1831;1011;990;1165;1004,0.1,0.0,5114.0,0,0,0,0,0,0.0,0,0,0,0,0,0,0,0,0.0,0,0,0,0,0,0.0,0.0,0.0,0,0,0,34.1,3.02,8.39,0.39,19.47,20.3,63.4,98.2859429476554,10.132973467228574,46.15902088817797,41.35354280602514,30.211956806350173,1799.0,0.0,0.0,59.75274595668082,0.0,38.94917041112803,14.2,97.9,0.0,0.0,0.0,450.0,5114.0,0.0,0.0,48.117,0.573,48.69,16.453,1.053,47.637,emon,0.618,0.316,212.3,99.6,2.132
2026-09-17 21:40:34.694,20.0,0,65,57;23;50;3;0;0;48;6;0;0;52;0;5;2;65;9,851,2845,2450;2569;2622;2845;1352;1157;1670;1311;1517;1287;1611;1647;851;1061;1084;956,100.0,0.0,5124.2,0,0,0,0,0,0.0,0,0,0,0,0,0,0,0,0.0,0,0,0,0,0,0.0,0.0,0.0,0,0,0,36.1,5.01,9.26,0.39,23.14,20.3,63.4,98.35443304833912,9.201149741498133,40.513557229191065,36.771226688399025,21.04245053736737,1799.0,0.0,0.0,49.491486485356184,1.2508590845834642,46.28331484809285,14.2,99.3,0.0,0.0,0.0,450.0,5114.0,0.0,0.0,48.117,0.573,48.69,16.453,1.053,47.637,emon,0.618,0.316,212.3,99.6,2.132
2026-09-17 21:40:35.694,19.4,0,61,50;22;44;12;0;0;34;2;0;0;61;5;6;0;57;17,871,1685,1553;1685;1437;1573;1140;1012;1156;1213;1280;1243;1483;1185;896;871;1156;1056,100.0,0.0,5124.2,0,0,0,0,0,0.0,0,0,0,0,0,0,0,0,0.0,0,0,0,0,0,0.0,0.0,0.0,0,0,0,33.1,5.01,9.26,0.39,23.14,20.3,63.4,98.30108657250038,9.40339446411683,43.28359662569486,39.65956797508093,29.797928076524002,1799.0,0.0,0.0,59.70332334964321,0.0,38.78238320715018,14.4,98.0,0.0,0.0,0.0,450.0,5124.2,0.0,0.0,48.117,0.573,48.69,16.453,1.053,47.637,emon,0.618,0.316,212.3,99.6,2.132
2026-09-17 21:40:36.696,16.4,0,59,40;8;32;5;0;0;25;0;0;0;57;0;24;5;59;8,1092,1509,1347;1509;1106;1209;1179;1123;1119;1444;1270;1468;1378;1413;1146;1153;1148;1092,100.0,0.0,5124.2,0,0,0,0,0,0.0,0,0,0,0,0,0,0,0,0.0,0,0,0,0,0,0.0,0.0,0.0,0,0,0,31.1,5.01,9.26,0.39,23.14,20.3,63.4,100.00466582354377,8.9791834675433,41.74667939719032,35.717201474834894,26.98318575607503,1799.0,0.0,0.0,56.01193169324988,0.0,43.06486340219321,14.3,99.8,0.0,0.0,0.0,450.0,5124.2,0.0,0.0,48.117,0.573,48.69,16.453,1.053,47.637,emon,0.618,0.316,212.3,99.6,2.132
2026-09-17 21:40:37.709,19.1,2,66,56;25;30;12;2;2;66;2;2;2;29;2;6;2;54;15,928,1327,1217;1327;1258;928;1062;1102;1217;1248;1050;1070;1097;995;1001;957;1055;960,0.3,0.0,5101.5,0,0,0,0,0,0.0,0,0,0,0,0,0,0,0,0.0,0,0,0,0,0,0.0,0.0,0.0,0,0,0,31.1,5.01,9.26,0.39,23.14,20.4,63.4,100.01312376323499,10.425817498643147,64.94837590895202,56.59283831009739,50.042961296282314,1799.0,0.0,0.0,79.03680171386192,0.0,21.26641305125055,14.3,99.8,0.0,0.0,0.0,450.0,5101.5,0.0,0.0,48.117,0.573,48.69,16.453,1.053,47.637,emon,0.618,0.316,212.3,99.6,2.132
2026-09-17 21:40:38.709,25.1,2,84,52;14;70;12;2;3;46;12;8;2;38;8;18;9;84;25,1322,4021,2583;3519;4021;3413;2881;3171;1869;2911;2787;2785;1842;2468;1482;1354;1322;1497,0.1,0.0,5081.6,0,0,0,0,0,0.0,0,0,0,0,0,0,0,0,0.0,0,0,0,0,0,0.0,0.0,0.0,0,0,0,59.1,3.06,8.42,0.39,19.32,20.4,63.4,100.01197028882575,7.812275461984252,34.13631255307583,30.26280405993263,21.046876484697517,1799.0,0.0,0.0,49.63342919426904,0.0,46.07777289913789,14.3,99.6,0.0,0.0,0.0,450.0,5081.6,0.0,0.0,48.117,0.573,48.69,16.453,1.053,47.637,emon,0.618,0.316,212.3,99.6,2.132
2026-09-17 21:40:39.710,28.9,0,97,42;48;97;12;3;2;57;29;5;0;34;17;14;5;78;21,1280,4246,3674;3557;4246;4057;2636;2922;2470;2159;2047;2744;2342;2109;1742;1280;1703;1472,100.0,0.0,5162.4,0,0,0,0,0,0.0,0,0,0,0,0,0,0,0,0.0,0,0,0,0,0,0.0,0.0,0.0,0,0,0,55.1,3.06,8.42,0.39,19.32,20.5,63.4,99.81151209516007,7.5891686104331555,27.776826862191243,24.480726361181198,18.377385856377188,1799.0,0.0,0.0,43.56583712342542,0.0,43.663557625804614,14.3,97.6,0.0,0.0,0.0,450.0,5162.4,0.0,0.0,48.117,0.573,48.69,16.453,1.053,47.637,emon,0.618,0.316,212.3,99.6,2.132
2026-09-17 21:40:40.711,17.6,0,62,39;20;42;11;2;0;62;6;2;0;35;5;2;0;46;11,1084,3728,2925;3728;3513;2953;1429;3087;1755;1671;2235;2947;1793;1700;1475;1084;1713;1404,0.7,0.0,5221.5,0,0,0,0,0,0.0,0,0,0,0,0,0,0,0,0.0,0,0,0,0,0,0.0,0.0,0.0,0,0,0,36.1,3.06,8.42,0.39,19.32,20.5,63.4,71.73318865299225,2.565082406035314,30.165172290802,26.797916664679846,0.3275098736115372,1748.1666666666667,0.0,0.0,0.0,0.0,50.12876076559381,14.2,98.3,0.0,0.0,0.0,450.0,5176.2,0.0,0.0,48.117,0.573,48.69,16.453,1.053,47.637,emon,0.618,0.316,212.3,99.6,2.132
2026-09-17 21:40:41.711,10.4,0,48,19;14;29;3;0;0;48;2;0;0;20;0;2;0;27;3,1042,2779,2348;2024;2779;2075;2130;1328;1638;2359;1042;1213;1544;1681;1418;1127;1399;1079,0.7,0.0,5221.5,0,0,0,0,0,0.0,0,0,0,0,0,0,0,0,0.0,0,0,0,0,0,0.0,0.0,0.0,0,0,0,36.1,3.06,8.42,0.39,19.32,20.5,63.4,76.51339612688336,3.4454282973892987,26.179314208882197,23.977159163781575,2.165812752476216,1182.9285714285713,0.0,0.0,0.0,0.0,53.743114423272864,0.5,1.4,0.0,0.0,0.0,450.0,5221.5,0.0,0.0,103.634,2.283,105.916,66.236,4.239,101.677,emon,0.48,0.695,140.7,84.0,1.676
2026-09-17 21:40:42.745,11.4,0,73,15;4;30;0;0;0;24;0;0;0;73;0;2;3;29;2,1025,3191,1789;1663;2133;2601;2940;3082;1482;1995;3153;3191;1596;2153;1090;1025;1264;1193,2.9,0.0,5226.1,0,0,0,0,0,0.0,0,0,0,0,0,0,0,0,0.0,0,0,0,0,0,0.0,0.0,0.0,0,0,0,32.1,10.88,5.3,0.36,22.86,20.6,63.4,87.78106138441298,0.21708318204791457,7.6074295397158025,2.951404469984549,0.8096659393222244,1084.1851851851852,0.0,0.0,0.0,0.0,51.79646555113572,0.2,0.0,0.0,0.0,0.0,450.0,5226.1,0.0,0.0,103.634,2.283,105.916,66.236,4.239,101.677,emon,0.48,0.695,140.7,84.0,1.676
2026-09-17 21:40:43.746,11.4,0,53,10;17;22;3;0;0;14;15;0;0;53;21;0;2;17;9,937,2569,1457;1314;1328;1524;1822;1108;1331;1487;2518;2569;1428;1496;937;1021;1118;1102,1.4,0.0,5207.9,0,0,0,0,0,0.0,0,0,0,0,0,0,0,0,0.0,0,0,0,0,0,0.0,0.0,0.0,0,0,0,31.1,10.88,5.3,0.36,22.86,20.5,63.4,96.60413148668077,0.863993479223508,20.529322627517914,16.897399841911263,0.9321107548247609,1128.1666666666667,0.0,0.0,0.0,0.0,50.20210344158113,0.1,0.0,0.0,0.0,0.0,450.0,5207.9,0.0,0.0,103.634,2.283,105.916,66.236,4.239,101.677,emon,0.48,0.695,140.7,84.0,1.676
2026-09-17 21:40:44.746,12.9,0,74,3;36;34;0;0;0;0;30;0;0;0;74;4;0;5;20,1149,3295,2103;2292;2664;3295;1371;1226;1217;1620;1644;1626;1408;1704;1149;1189;1183;1271,16.7,0.0,5207.9,0,0,0,0,0,0.0,0,0,0,0,0,0,0,0,0.0,0,0,0,0,0,0.0,0.0,0.0,0,0,0,35.1,10.88,5.3,0.36,22.86,20.5,63.4,98.89897727966309,2.807860394886562,37.06272086415972,36.097783422470094,0.17318892117587634,1186.142857142857,0.0,0.0,0.0,0.0,51.69504791796207,0.4,0.0,0.0,0.0,0.0,450.0,5199.9,0.0,0.0,103.634,2.283,105.916,66.236,4.239,101.677,emon,0.48,0.695,140.7,84.0,1.676
2026-09-17 21:40:45.747,16.4,0,60,22;60;32;5;0;0;0;30;0;0;0;59;12;6;14;22,1111,1773,1337;1420;1266;1418;1165;1111;1133;1196;1773;1279;1317;1364;1238;1179;1218;1201,32.5,0.0,5216.3,0,0,0,0,0,0.0,0,0,0,0,0,0,0,0,0.0,0,0,0,0,0,0.0,0.0,0.0,0,0,0,33.1,10.88,5.3,0.36,22.86,20.5,63.4,85.70661023083855,10.190824564765482,63.09759588802562,54.48975372314453,48.16338421316708,1799.0,0.0,0.0,82.37585568406126,0.0,0.0,1.2,0.9,0.0,0.0,0.0,450.0,5212.3,0.0,0.0,103.634,2.283,105.916,66.236,4.239,101.677,emon,0.48,0.695,140.7,84.0,1.676
2026-09-17 21:40:46.748,19.5,0,67,8;49;67;13;0;0;0;40;6;0;0;56;22;5;8;38,948,2639,2576;2211;2351;2639;1625;1212;1226;1446;1465;1389;1853;1558;1213;1065;948;1220,100.0,0.0,5222.1,0,0,0,0,0,0.0,0,0,0,0,0,0,0,0,0.0,0,0,0,0,0,0.0,0.0,0.0,0,0,0,38.1,2.85,2.36,0.33,8.68,20.5,63.4,99.72639948692695,8.803970630726615,41.39152719531852,39.681885698233835,17.218284421166594,1799.0,0.0,0.0,42.8497188197144,0.0,42.13204584177051,14.3,99.8,0.0,0.0,0.0,450.0,5202.2,0.0,0.0,103.634,2.283,105.916,66.236,4.239,101.677,emon,0.48,0.695,140.7,84.0,1.676
2026-09-17 21:40:47.748,18.5,0,58,18;34;48;20;0;0;0;34;2;0;0;36;16;25;6;58,939,1476,1103;1221;1139;1120;1407;1281;1271;1253;1168;1476;1140;1169;964;939;1043;1099,100.0,0.0,5222.1,0,0,0,0,0,0.0,0,0,0,0,0,0,0,0,0.0,0,0,0,0,0,0.0,0.0,0.0,0,0,0,32.1,2.85,2.36,0.33,8.68,20.5,63.4,92.64575378711407,9.39397327716534,75.96546231783353,64.33173311673679,58.56300559410682,1799.0,0.0,0.0,92.30975029245019,0.0,0.0,14.2,95.0,0.0,0.0,0.0,450.0,5222.1,0.0,0.0,103.634,2.283,105.916,66.236,4.239,101.677,emon,0.48,0.695,140.7,84.0,1.676
2026-09-17 21:40:48.749,19.2,0,58,18;47;48;9;0;0;0;56;3;0;0;41;20;6;0;58,1061,2722,2473;1880;2330;2722;1834;1125;1184;1337;1636;1663;1432;1380;1061;1113;1140;1325,45.8,0.0,5222.1,0,0,0,0,0,0.0,0,0,0,0,0,0,0,0,0.0,0,0,0,0,0,0.0,0.0,0.0,0,0,0,39.1,2.85,2.36,0.33,8.68,20.5,63.4,99.99531139026989,8.507825588939166,44.10585036422267,41.3414594187881,18.561804179511398,1799.0,0.0,0.0,45.631084348822974,0.0,38.822569253929856,14.2,99.7,0.0,0.0,0.0,450.0,5222.1,0.0,0.0,103.634,2.283,105.916,66.236,4.239,101.677,emon,0.48,0.695,140.7,84.0,1.676
2026-09-17 21:40:49.749,18.6,0,61,9;59;47;2;0;0;0;61;2;0;2;36;8;11;9;52,956,2137,1630;1729;2102;2137;1415;1471;1572;1425;1105;1052;1433;1254;956;1053;1102;1190,100.0,0.0,5231.4,0,0,0,0,0,0.0,0,0,0,0,0,0,0,0,0.0,0,0,0,0,0,0.0,0.0,0.0,0,0,0,34.1,2.85,2.36,0.33,8.68,20.5,63.4,92.66980471977821,11.436229118934044,73.37352224496695,63.48999434251051,56.63582552396334,1799.0,0.0,0.0,92.30953468654592,0.0,0.0,14.2,95.5,0.0,0.0,0.0,450.0,5231.4,0.0,0.0,103.634,2.283,105.916,66.236,4.239,101.677,emon,0.48,0.695,140.7,84.0,1.676
2026-09-17 21:40:50.764,19.6,0,61,23;53;47;14;2;0;0;53;5;0;0;29;11;17;0;61,874,2427,2083;1874;2162;2088;2427;1587;1624;1490;1724;1144;874;1446;1020;961;1356;1316,100.0,0.0,5228.5,0,0,0,0,0,0.0,0,0,0,0,0,0,0,0,0.0,0,0,0,0,0,0.0,0.0,0.0,0,0,0,36.1,3.93,8.72,0.39,20.94,20.6,63.4,98.9758108042656,7.517219687742677,41.422570730777494,37.71036442686269,20.336976904322967,1799.0,0.0,0.0,45.90989060415589,0.0,37.628585480949816,14.3,99.8,0.0,0.0,0.0,450.0,5234.5,0.0,0.0,103.634,2.283,105.916,66.236,4.239,101.677,emon,0.48,0.695,140.7,84.0,1.676
2026-09-17 21:40:51.764,17.0,0,57,11;36;29;12;0;0;0;49;3;0;2;33;19;19;3;57,780,1593,1376;1249;1188;1593;1113;936;1050;1167;1276;1021;810;1238;939;1104;780;1065,0.0,0.0,5228.5,0,0,0,0,0,0.0,0,0,0,0,0,0,0,0,0.0,0,0,0,0,0,0.0,0.0,0.0,0,0,0,32.1,3.93,8.72,0.39,20.94,20.5,63.4,91.87422915299733,7.144998073577881,78.88194147745769,64.91839790344238,59.60690720876058,1799.0,0.0,0.0,91.66778813962203,0.0,0.0,14.2,96.5,0.0,0.0,0.0,450.0,5228.5,0.0,0.0,103.634,2.283,105.916,66.236,4.239,101.677,emon,0.48,0.695,140.7,84.0,1.676
2026-09-17 21:40:52.765,16.7,0,59,15;42;39;6;2;0;0;42;6;0;0;59;6;5;9;34,916,1598,1282;1147;1067;1598;1055;1047;1088;1108;1062;1199;1138;1252;967;972;916;1018,0.0,0.0,5228.5,0,0,0,0,0,0.0,0,0,0,0,0,0,0,0,0.0,0,0,0,0,0,0.0,0.0,0.0,0,0,0,31.1,3.93,8.72,0.39,20.94,20.5,63.4,88.83038813273112,7.266899553934733,67.26636759440105,55.41511116027832,52.24202791849772,1799.0,0.0,0.0,86.67541812956333,0.0,0.0,14.3,99.9,0.0,0.0,0.0,450.0,5224.5,0.0,0.0,103.634,2.283,105.916,66.236,4.239,101.677,emon,0.48,0.695,140.7,84.0,1.676
2026-09-17 21:40:53.765,18.7,0,61,14;52;35;9;2;0;0;34;6;0;0;61;12;8;8;58,937,2179,2179;1589;1705;1826;2004;1386;1202;1274;1308;1925;1346;1264;1035;1084;937;1310,0.0,0.0,5224.5,0,0,0,0,0,0.0,0,0,0,0,0,0,0,0,0.0,0,0,0,0,0,0.0,0.0,0.0,0,0,0,33.1,3.93,8.72,0.39,20.94,20.5,63.4,100.01056705821644,9.927450440146707,49.481895562374234,47.29399108886719,25.232852203940805,1799.0,0.0,0.0,50.17134057594971,0.0,35.23106640221803,14.2,99.7,0.0,0.0,0.0,450.0,5224.5,0.0,0.0,103.634,2.283,105.916,66.236,4.239,101.677,emon,0.48,0.695,140.7,84.0,1.676
2026-09-17 21:40:54.766,20.6,0,69,33;45;55;6;2;0;0;41;0;0;0;69;8;13;3;58,1083,2566,2021;2291;2566;1847;1223;1686;1394;1554;1806;1515;1467;1625;1083;1168;1120;1224,3.1,0.0,5228.5,0,0,0,0,0,0.0,0,0,0,0,0,0,0,0,0.0,0,0,0,0,0,0.0,0.0,0.0,0,0,0,35.1,2.6,8.05,0.39,18.18,20.5,63.4,99.65634028145867,8.845387779390371,40.35956918410141,38.431238392517514,16.37164558339898,1799.0,0.0,0.0,43.23781153163671,3.445788851619637,40.57457140511712,14.4,96.3,0.0,0.0,0.0,450.0,5230.5,0.0,0.0,44.307,0.447,44.755,11.386,0.729,44.026,emon,0.64,0.376,265.1,122.7,2.161
2026-09-17 21:40:55.766,19.0,0,67,12;46;52;8;2;0;0;32;2;0;0;64;5;6;8;67,907,2431,2179;1864;2431;1948;1763;1092;1169;1341;1786;1522;1067;1444;973;907;1223;1206,2.4,0.0,5222.1,0,0,0,0,0,0.0,0,0,0,0,0,0,0,0,0.0,0,0,0,0,0,0.0,0.0,0.0,0,0,0,35.1,2.6,8.05,0.39,18.18,20.5,63.4,99.99379076276507,14.610263654163905,68.94167382376534,63.64834649222238,48.4488443450204,1799.0,0.0,0.0,85.71767339802214,0.0,14.415793003848064,14.2,95.5,0.0,0.0,0.0,450.0,5226.1,0.0,0.0,44.307,0.447,44.755,11.386,0.729,44.026,emon,0.64,0.376,265.1,122.7,2.161
2026-09-17 21:40:56.767,19.9,0,70,6;53;52;5;3;0;0;45;2;2;0;70;11;12;2;55,861,2601,2601;2223;2370;1990;1619;1719;1755;1614;1722;2168;1819;1616;1047;1044;861;1154,100.0,0.0,5226.7,0,0,0,0,0,0.0,0,0,0,0,0,0,0,0,0.0,0,0,0,0,0,0.0,0.0,0.0,0,0,0,33.1,2.6,8.05,0.39,18.18,20.5,63.4,99.45494910333888,10.0956689173388,43.75344768149315,42.52384005288857,18.37063970757013,1799.0,0.0,0.0,42.95427688408503,0.0,39.77968350563442,14.2,93.9,0.0,0.0,0.0,450.0,5226.7,0.0,0.0,44.307,0.447,44.755,11.386,0.729,44.026,emon,0.64,0.376,265.1,122.7,2.161
2026-09-17 21:40:57.768,18.3,0,74,6;52;44;5;0;0;0;74;0;0;0;44;6;11;9;42,953,1505,1223;1259;1248;1452;1337;1323;1298;1349;1074;1383;1505;1150;953;1013;1146;1082,100.0,0.0,5226.7,0,0,0,0,0,0.0,0,0,0,0,0,0,0,0,0.0,0,0,0,0,0,0.0,0.0,0.0,0,0,0,30.1,2.6,8.05,0.39,18.18,20.5,63.4,92.59353265395531,9.84910091987023,75.41717705359825,64.13201816265399,58.22679901123047,1799.0,0.0,0.0,92.3091975163955,0.0,0.0,14.3,99.4,0.0,0.0,0.0,450.0,5226.7,0.0,0.0,44.307,0.447,44.755,11.386,0.729,44.026,emon,0.64,0.376,265.1,122.7,2.161
2026-09-17 21:40:58.769,17.9,0,55,16;49;39;9;0;0;0;55;6;2;0;46;11;6;6;42,875,2571,1316;1701;2571;1940;1366;1320;1213;1486;960;1218;2114;1546;875;943;942;1136,100.0,0.0,5226.7,0,0,0,0,0,0.0,0,0,0,0,0,0,0,0,0.0,0,0,0,0,0,0.0,0.0,0.0,0,0,0,32.1,4.22,9.23,0.39,22.16,20.5,63.4,99.40546380678812,8.839521067267793,40.4567852713845,38.16418033585404,18.48034185457897,1799.0,0.0,0.0,43.81453332655894,0.0,39.2261131584221,14.2,97.8,0.0,0.0,0.0,450.0,5231.6,0.0,0.0,44.307,0.447,44.755,11.386,0.729,44.026,emon,0.64,0.376,265.1,122.7,2.161
2026-09-17 21:40:59.769,17.7,0,65,12;47;38;3;0;0;0;65;2;0;0;40;11;3;16;48,975,2695,1518;1539;1939;1844;1889;1412;1335;1486;1740;1299;2695;1410;975;1132;1171;1184,80.6,0.0,5227.6,0,0,0,0,0,0.0,0,0,0,0,0,0,0,0,0.0,0,0,0,0,0,0.0,0.0,0.0,0,0,0,33.1,4.22,9.23,0.39,22.16,20.5,63.4,95.97187633315723,8.402536348672584,55.12674314280351,47.55953207177421,39.73849872748057,1799.0,0.0,0.0,66.80480638984591,0.0,21.081042136628337,14.2,99.6,0.0,0.0,0.0,450.0,5227.6,0.0,0.0,44.307,0.447,44.755,11.386,0.729,44.026,emon,0.64,0.376,265.1,122.7,2.161
2026-09-17 21:41:00.769,16.4,0,58,8;44;39;8;0;0;0;58;2;0;0;38;3;6;3;53,959,2334,1650;1587;2334;1810;2280;1452;1512;1609;2228;1178;1134;1414;965;1029;959;1205,100.0,0.0,5223.6,0,0,0,0,0,0.0,0,0,0,0,0,0,0,0,0.0,0,0,0,0,0,0.0,0.0,0.0,0,0,0,31.1,4.22,9.23,0.39,22.16,20.5,63.4,91.90611084302266,12.626030127207438,60.249795277913414,54.67664655049642,43.4334371984005,1799.0,0.0,0.0,75.00823360111099,0.0,16.807923954281325,14.2,96.6,0.0,0.0,0.0,450.0,5223.6,0.0,0.0,44.307,0.447,44.755,11.386,0.729,44.026,emon,0.64,0.376,265.1,122.7,2.161
2026-09-17 21:41:01.769,9.6,0,44,6;27;14;2;0;0;0;44;0;0;0;40;2;0;2;18,982,2416,1694;1929;2018;2276;1960;1557;1340;1543;2416;1443;1480;1559;1187;1047;982;1251,0.2,0.0,5227.6,0,0,0,0,0,0.0,0,0,0,0,0,0,0,0,0.0,0,0,0,0,0,0.0,0.0,0.0,0,0,0,32.1,4.22,9.23,0.39,22.16,20.5,63.4,97.80755332664206,2.0250723308159246,26.54036875124331,22.30272912979126,0.6798723241181169,1149.0,0.0,0.0,0.0,0.0,52.071607040586294,1.3,9.1,0.0,0.0,0.0,450.0,5223.6,0.0,0.0,44.307,0.447,44.755,11.386,0.729,44.026,emon,0.64,0.376,265.1,122.7,2.161
2026-09-17 21:41:02.770,11.4,0,73,5;35;33;0;0;0;0;17;0;0;0;73;3;2;2;12,943,3240,1775;2424;2964;3240;1322;1132;1140;1709;2266;1463;1463;1809;997;1131;943;1161,2.3,0.0,5209.7,0,0,0,0,0,0.0,0,0,0,0,0,0,0,0,0.0,0,0,0,0,0,0.0,0.0,0.0,0,0,0,36.1,4.22,9.23,0.39,22.16,20.5,63.4,98.72305137728468,1.1904848862416397,21.192748442108247,18.558052538537684,0.8635641656942482,1136.6543209876543,0.0,0.0,0.0,0.0,54.696985241991506,0.3,0.0,0.0,0.0,0.0,450.0,5229.9,0.0,0.0,44.307,0.447,44.755,11.386,0.729,44.026,emon,0.64,0.376,265.1,122.7,2.161
2026-09-17 21:41:03.770,13.2,0,68,9;27;44;3;0;0;0;32;2;0;0;68;6;0;0;21,1012,3785,3785;2989;3717;3676;1920;1360;1390;1892;2570;1937;1957;1811;1227;1429;1012;1399,9.9,0.0,5221.2,0,0,0,0,0,0.0,0,0,0,0,0,0,0,0,0.0,0,0,0,0,0,0.0,0.0,0.0,0,0,0,40.1,4.22,9.23,0.39,22.16,20.4,63.4,97.82922427368165,1.489268219555728,20.756509211063385,18.41579023733735,1.2458607913107844,1194.2,0.0,0.0,0.0,0.0,52.34639557909966,0.7,0.0,0.0,0.0,0.0,450.0,5255.0,0.0,0.0,44.307,0.447,44.755,11.386,0.729,44.026,emon,0.64,0.376,265.1,122.7,2.161
2026-09-17 21:41:04.771,12.0,0,66,3;39;38;0;0;0;0;34;0;0;0;66;3;0;0;9,918,3636,2491;2845;3167;3636;2064;1992;2274;1738;2627;1878;2378;1887;954;918;922;1011,9.9,0.0,5221.2,0,0,0,0,0,0.0,0,0,0,0,0,0,0,0,0.0,0,0,0,0,0,0.0,0.0,0.0,0,0,0,40.1,4.22,9.23,0.39,22.16,20.4,63.4,98.4169636574112,2.948993812589084,29.92685725107914,29.125555198733547,0.45237014147070503,1186.3949579831933,0.0,0.0,0.0,0.0,51.51366958084728,1.0,0.0,0.0,0.0,0.0,450.0,5215.4,0.0,0.0,44.307,0.447,44.755,11.386,0.729,44.026,emon,0.64,0.376,265.1,122.7,2.161
2026-09-17 21:41:05.772,12.3,0,66,8;33;25;2;0;0;0;33;0;0;0;66;15;0;0;17,958,2249,2040;1529;1327;1732;1665;1664;1305;1360;2249;2216;1647;1444;1027;1165;958;1055,6.3,0.0,5217.3,0,0,0,0,0,0.0,0,0,0,0,0,0,0,0,0.0,0,0,0,0,0,0.0,0.0,0.0,0,0,0,33.1,0.0,0.0,0.0,0.0,20.4,63.4,100.00000508626302,20.608731031417847,54.48482163747152,48.980551401774086,35.965507273872696,1799.0,0.0,0.0,99.99998092651367,0.0,0.0,0.4,0.0,0.0,0.0,0.0,450.0,5217.3,0.0,0.0,0.672,0.854,1.527,17.509,1.121,0.406,emon,0.903,0.804,28.9,17.1,1.694
2026-09-17 21:41:06.808,17.7,0,64,10;41;33;3;0;0;0;39;7;4;0;42;18;12;9;64,906,1431,1051;1016;1025;973;1431;1242;1283;1263;1402;1136;1164;1383;1182;921;906;1093,0.0,0.0,5225.7,0,0,0,0,0,0.0,0,0,0,0,0,0,0,0,0.0,0,0,0,0,0,0.0,0.0,0.0,0,0,0,32.1,0.0,0.0,0.0,0.0,20.4,63.4,91.85930931568146,9.768798033396402,75.17141469319661,63.924576123555504,58.46473089853922,1799.0,0.0,0.0,91.66775913955644,0.0,0.0,13.1,91.7,0.0,0.0,0.0,450.0,5225.7,0.0,0.0,0.672,0.854,1.527,17.509,1.121,0.406,emon,0.903,0.804,28.9,17.1,1.694
2026-09-17 21:41:07.808,16.8,0,50,10;47;33;2;0;0;0;50;0;0;0;44;22;10;5;48,923,1417,1417;1297;983;967;1266;1192;1129;1188;1046;1139;1144;1094;968;923;935;1084,100.0,0.0,5225.7,0,0,0,0,0,0.0,0,0,0,0,0,0,0,0,0.0,0,0,0,0,0,0.0,0.0,0.0,0,0,0,32.1,0.0,0.0,0.0,0.0,20.4,63.4,100.00126278784967,11.15140524395411,53.66820074281385,49.05473973674159,37.87208520212481,1799.0,0.0,0.0,64.65270414095252,0.0,29.321734978226644,14.2,99.7,0.0,0.0,0.0,450.0,5225.7,0.0,0.0,0.672,0.854,1.527,17.509,1.121,0.406,emon,0.903,0.804,28.9,17.1,1.694
2026-09-17 21:41:08.809,19.4,0,74,19;43;47;3;6;0;0;45;3;2;0;38;12;11;6;74,1066,2260,1965;1761;2260;2259;1418;1116;1066;1478;1287;1169;1307;1390;1394;1119;1206;1242,100.0,0.0,5215.6,0,0,0,0,0,0.0,0,0,0,0,0,0,0,0,0.0,0,0,0,0,0,0.0,0.0,0.0,0,0,0,34.1,0.0,0.0,0.0,0.0,20.4,63.4,100.00474937173851,8.583713539829297,32.429054386137075,29.223151080022678,20.49403476231807,1802.2818532818533,0.0,0.0,49.2054341499762,0.0,48.01301425897956,14.3,99.2,0.0,0.0,0.0,450.0,5195.9,0.0,0.0,0.672,0.854,1.527,17.509,1.121,0.406,emon,0.903,0.804,28.9,17.1,1.694
2026-09-17 21:41:09.810,18.0,0,61,11;61;58;3;0;0;0;49;0;0;0;30;8;9;3;56,972,2207,2207;1704;1615;1423;1469;1186;1202;1313;1210;1287;1081;1182;1076;972;1011;1119,9.9,0.0,5209.8,0,0,0,0,0,0.0,0,0,0,0,0,0,0,0,0.0,0,0,0,0,0,0.0,0.0,0.0,0,0,0,36.1,2.48,8.26,0.39,18.58,20.4,63.4,99.6357874905106,7.869452773294255,34.68083339712045,28.973383543237937,23.61202450477294,1799.0,0.0,0.0,54.22494501885652,0.0,45.738070917712456,14.2,99.2,0.0,0.0,0.0,450.0,5215.6,0.0,0.0,0.672,0.854,1.527,17.509,1.121,0.406,emon,0.903,0.804,28.9,17.1,1.694
2026-09-17 21:41:10.842,17.6,0,56,13;56;42;2;2;0;0;54;3;0;2;26;9;18;3;53,831,1829,1829;1532;1277;1129;1544;1245;1354;1284;896;868;831;1155;1059;932;906;1070,9.9,0.0,5209.8,0,0,0,0,0,0.0,0,0,0,0,0,0,0,0,0.0,0,0,0,0,0,0.0,0.0,0.0,0,0,0,33.1,2.48,8.26,0.39,18.58,20.4,63.4,99.99999923706055,11.191264724731445,81.09641342163086,69.1217056274414,62.87560195922852,1799.0,0.0,0.0,99.99999923706055,0.0,0.0,14.2,99.4,0.0,0.0,0.0,450.0,5188.2,0.0,0.0,0.672,0.854,1.527,17.509,1.121,0.406,emon,0.903,0.804,28.9,17.1,1.694
2026-09-17 21:41:11.844,17.1,0,52,19;46;52;3;0;2;0;49;0;0;0;33;17;8;3;43,803,1573,1496;1431;1150;1114;1110;1154;1132;1090;1573;1287;1124;1135;1042;966;803;1151,100.0,0.0,5188.2,0,0,0,0,0,0.0,0,0,0,0,0,0,0,0,0.0,0,0,0,0,0,0.0,0.0,0.0,0,0,0,31.1,2.48,8.26,0.39,18.58,20.4,63.4,96.70239308784748,9.127041867227646,52.547020595649194,46.337756853165295,36.33522149612163,1799.0,0.0,0.0,68.93144919822828,0.0,27.76224306919144,14.3,100.0,0.0,0.0,0.0,450.0,5177.5,0.0,0.0,0.672,0.854,1.527,17.509,1.121,0.406,emon,0.903,0.804,28.9,17.1,1.694
2026-09-17 21:41:12.844,18.0,0,66,13;51;33;8;0;0;0;34;5;0;2;34;28;6;10;66,820,1630,1630;1397;1129;1551;999;1077;1106;1071;1139;1065;820;1150;1189;1131;1119;1239,100.0,0.0,5177.5,0,0,0,0,0,0.0,0,0,0,0,0,0,0,0,0.0,0,0,0,0,0,0.0,0.0,0.0,0,0,0,31.1,2.48,8.26,0.39,18.58,20.4,63.4,89.85111516400387,8.272536453447843,62.77190123106304,53.529549862209116,46.21856082740583,1799.0,0.0,0.0,78.97234998594381,0.0,10.616469867084035,14.2,99.3,0.0,0.0,0.0,450.0,5177.5,0.0,0.0,0.672,0.854,1.527,17.509,1.121,0.406,emon,0.903,0.804,28.9,17.1,1.694
2026-09-17 21:41:13.845,17.2,0,41,22;37;28;3;8;0;0;24;27;2;0;41;29;11;5;41,759,1330,1103;1248;1200;1033;1016;883;1020;1112;994;759;1114;1330;1116;1028;1031;1159,100.0,0.0,5177.5,0,0,0,0,0,0.0,0,0,0,0,0,0,0,0,0.0,0,0,0,0,0,0.0,0.0,0.0,0,0,0,30.1,1.83,7.99,0.39,17.26,20.3,63.4,91.90060889720917,9.812972585360209,75.27997398376465,63.79614384969076,58.51751677195231,1799.0,0.0,0.0,91.66797461127862,0.0,0.0,14.2,99.6,0.0,0.0,0.0,450.0,5177.5,0.0,0.0,0.672,0.854,1.527,17.509,1.121,0.406,emon,0.903,0.804,28.9,17.1,1.694
2026-09-17 21:41:14.846,16.5,0,52,28;12;30;3;31;0;0;0;52;2;3;2;52;16;22;12,894,1300,1101;1253;1065;936;1160;1211;1185;1059;1075;1010;1300;951;1129;894;960;1150,100.0,0.0,5177.5,0,0,0,0,0,0.0,0,0,0,0,0,0,0,0,0.0,0,0,0,0,0,0.0,0.0,0.0,0,0,0,30.1,1.83,7.99,0.39,17.26,20.3,63.4,92.1353848947061,8.206611698669558,51.59904434229877,44.737052118053306,36.70081882219057,1799.0,0.0,0.0,64.93101522798423,0.0,27.26381887997785,14.2,99.4,0.0,0.0,0.0,450.0,5177.5,0.0,0.0,0.672,0.854,1.527,17.509,1.121,0.406,emon,0.903,0.804,28.9,17.1,1.694
2026-09-17 21:41:15.847,17.2,0,47,38;6;38;0;39;0;0;0;46;0;0;0;47;19;25;17,831,1175,981;831;1035;842;1120;1024;924;989;1091;1175;993;1001;1129;1015;1030;1162,0.0,0.0,5169.1,0,0,0,0,0,0.0,0,0,0,0,0,0,0,0,0.0,0,0,0,0,0,0.0,0.0,0.0,0,0,0,30.1,1.83,7.99,0.39,17.26,20.3,63.4,97.10981319889878,11.126430416931257,54.49778244712136,49.51312191468297,38.03118973067313,1799.0,0.0,0.0,66.76142607605311,3.6270504166569673,30.591189420379536,14.3,99.1,0.0,0.0,0.0,450.0,5177.5,0.0,0.0,0.672,0.854,1.527,17.509,1.121,0.406,emon,0.903,0.804,28.9,17.1,1.694
2026-09-17 21:41:16.848,16.9,0,52,47;11;39;2;33;0;0;0;42;0;0;2;52;15;14;14,786,1133,1120;1067;1019;786;1087;1070;1116;1122;1133;1009;1013;841;1132;1007;1048;1020,0.0,0.0,5169.1,0,0,0,0,0,0.0,0,0,0,0,0,0,0,0,0.0,0,0,0,0,0,0.0,0.0,0.0,0,0,0,30.1,1.83,7.99,0.39,17.26,20.3,63.4,88.08859507242839,9.669181601206462,69.99246164957682,59.85659484863281,53.86001332600912,1799.0,0.0,0.0,86.67525469089547,0.0,0.0,14.3,99.7,0.0,0.0,0.0,450.0,5169.1,0.0,0.0,0.672,0.854,1.527,17.509,1.121,0.406,emon,0.903,0.804,28.9,17.1,1.694
2026-09-17 21:41:17.849,18.3,0,52,48;14;37;11;49;3;0;0;31;0;0;0;52;16;27;5,1000,1341,1200;1341;1165;1309;1177;1119;1146;1179;1089;1127;1071;1133;1179;1000;1069;1028,59.7,0.0,5169.1,0,0,0,0,0,0.0,0,0,0,0,0,0,0,0,0.0,0,0,0,0,0,0.0,0.0,0.0,0,0,0,30.1,1.11,7.73,0.39,16.03,20.3,63.4,99.99999375776811,9.366318009116434,83.33542424982244,69.84135367653586,63.85901780561967,1799.0,0.0,0.0,100.00000138716264,0.0,0.0,14.3,99.9,0.0,0.0,0.0,450.0,5169.1,0.0,0.0,52.898,0.691,53.589,13.645,0.873,52.716,emon,0.639,0.504,261.4,121.0,2.159
2026-09-17 21:41:18.849,17.0,0,58,48;2;28;2;58;0;0;0;58;3;0;0;36;20;10;8,802,2945,1300;1753;1132;1641;1309;2660;2850;2945;1094;1458;2752;2470;1110;842;802;850,100.0,0.0,5169.1,0,0,0,0,0,0.0,0,0,0,0,0,0,0,0,0.0,0,0,0,0,0,0.0,0.0,0.0,0,0,0,30.1,1.11,7.73,0.39,16.03,20.3,63.4,94.58602759497506,9.735039386392705,50.977911179406306,44.77810462840966,34.32054503304618,1799.0,0.0,0.0,65.80863103541945,0.0,28.846146440209186,14.2,99.7,0.0,0.0,0.0,450.0,5169.1,0.0,0.0,52.898,0.691,53.589,13.645,0.873,52.716,emon,0.639,0.504,261.4,121.0,2.159
2026-09-17 21:41:19.851,16.9,0,55,41;14;40;2;55;2;0;0;29;0;2;0;50;19;3;16,842,1234,1146;1225;1144;934;1217;1092;1048;881;1034;1145;842;1234;1178;949;1023;938,0.0,0.0,5169.1,0,0,0,0,0,0.0,0,0,0,0,0,0,0,0,0.0,0,0,0,0,0,0.0,0.0,0.0,0,0,0,30.1,1.11,7.73,0.39,16.03,20.3,63.4,99.97388975081905,9.888366011482093,54.661154320163114,48.74422202908224,38.39977954279992,1799.0,0.0,0.0,67.85856783558285,0.0,32.58188763884086,14.3,99.9,0.0,0.0,0.0,450.0,5169.1,0.0,0.0,52.898,0.691,53.589,13.645,0.873,52.716,emon,0.639,0.504,261.4,121.0,2.159
2026-09-17 21:41:20.852,17.9,0,59,53;25;29;8;42;0;0;0;27;0;0;0;59;20;20;3,954,1971,1270;1086;1104;993;1149;1971;1094;1104;1091;1167;954;994;1158;1031;1069;1222,0.0,0.0,5169.1,0,0,0,0,0,0.0,0,0,0,0,0,0,0,0,0.0,0,0,0,0,0,0.0,0.0,0.0,0,0,0,31.1,1.11,7.73,0.39,16.03,20.3,63.4,99.99999694824218,8.406028127670288,84.63657836914062,70.21414566040039,65.13171768188477,1799.0,0.0,0.0,99.99999694824218,0.0,0.0,14.3,99.8,0.0,0.0,0.0,450.0,5169.1,0.0,0.0,52.898,0.691,53.589,13.645,0.873,52.716,emon,0.639,0.504,261.4,121.0,2.159
2026-09-17 21:41:21.872,18.2,0,55,55;12;43;2;53;0;0;0;42;3;0;0;50;17;5;9,899,1878,1554;1878;1363;1287;1214;1256;1191;1212;1150;1002;1000;899;1255;974;936;1030,0.0,0.0,5169.1,0,0,0,0,0,0.0,0,0,0,0,0,0,0,0,0.0,0,0,0,0,0,0.0,0.0,0.0,0,0,0,32.1,1.61,7.83,0.39,16.66,20.4,63.4,99.87939537896051,9.876572035494503,55.46030705946463,48.79596451476768,39.952284318429456,1799.0,0.0,0.0,70.522446234745,0.0,29.922069383515378,14.3,99.9,0.0,0.0,0.0,450.0,5169.1,0.0,0.0,52.898,0.691,53.589,13.645,0.873,52.716,emon,0.639,0.504,261.4,121.0,2.159
2026-09-17 21:41:22.873,17.8,0,72,46;11;50;6;38;0;0;0;48;0;3;0;72;5;6;0,935,2103,1584;1710;1710;2103;1283;1332;1188;1173;1260;1164;1043;1196;1376;1134;935;1275,0.3,0.0,5169.1,0,0,0,0,0,0.0,0,0,0,0,0,0,0,0,0.0,0,0,0,0,0,0.0,0.0,0.0,0,0,0,33.1,1.61,7.83,0.39,16.66,20.3,63.4,97.07713827219877,10.007635755520878,47.5040837612116,43.709124018297054,32.43603164951006,1799.0,0.0,0.0,66.76121487643456,0.0,30.58966647642244,14.2,99.6,0.0,0.0,0.0,450.0,5169.1,0.0,0.0,52.898,0.691,53.589,13.645,0.873,52.716,emon,0.639,0.504,261.4,121.0,2.159
2026-09-17 21:41:23.873,21.6,0,64,61;22;64;9;39;6;0;0;61;0;2;0;58;17;6;0,1267,3201,2512;2958;3201;3006;1731;1507;2325;2476;1753;1821;1505;1599;1816;1508;1267;1391,100.0,0.0,5169.1,0,0,0,0,0,0.0,0,0,0,0,0,0,0,0,0.0,0,0,0,0,0,0.0,0.0,0.0,0,0,0,47.1,1.61,7.83,0.39,16.66,16.5,63.4,82.87303768703254,6.6286855529127,35.496706956684,32.47965624618648,15.251314103013453,1774.2475247524753,0.0,0.0,30.74181960762875,0.0,43.8038263112011,13.4,93.1,0.0,0.0,0.0,450.0,4724.8,0.0,0.0,52.898,0.691,53.589,13.645,0.873,52.716,emon,0.639,0.504,261.4,121.0,2.159
2026-09-17 21:41:24.874,12.9,0,58,41;3;44;0;37;0;2;0;58;0;0;0;17;0;3;2,863,2751,1695;1862;1798;2751;1419;2386;1678;2242;1490;2109;1809;1697;1187;1132;1166;863,0.2,0.0,1238.5,0,0,0,0,0,0.0,0,0,0,0,0,0,0,0,0.0,0,0,0,0,0,0.0,0.0,0.0,0,0,0,35.1,1.61,7.83,0.39,16.66,16.5,63.4,80.80237592969623,0.34912932185190065,11.655256969588143,6.5575569953237265,1.1325879130246383,1199.0,0.0,0.0,0.0,0.0,50.315051718748045,0.2,0.0,0.0,0.0,0.0,450.0,1238.5,0.0,0.0,52.898,0.691,53.589,13.645,0.873,52.716,emon,0.639,0.504,261.4,121.0,2.159
2026-09-17 21:41:25.875,21.1,0,81,52;11;75;9;32;0;0;0;81;6;0;0;44;16;11;2,1052,1779,1598;1599;1670;1779;1297;1210;1220;1196;1439;1485;1376;1395;1223;1070;1268;1052,0.2,0.0,1239.1,0,0,0,0,0,0.0,0,0,0,0,0,0,0,0,0.0,0,0,0,0,0,0.0,0.0,0.0,0,0,0,32.1,4.3,4.09,0.36,13.67,16.6,63.4,65.9415494745428,0.25365025126798585,22.01146014170213,19.098314376039937,1.8110287568785928,1135.3636363636363,0.0,0.0,0.0,0.0,45.55330194939267,0.0,0.0,0.0,0.0,0.0,450.0,1239.1,0.0,0.0,52.898,0.691,53.589,13.645,0.873,52.716,emon,0.639,0.504,261.4,121.0,2.159
2026-09-17 21:41:26.875,22.7,0,70,61;27;62;13;27;0;0;0;48;2;2;0;70;19;27;6,952,1735,1519;1553;1567;1735;1244;1224;1291;1174;1256;1109;1122;1236;1157;1000;981;952,0.0,0.0,1239.1,0,0,0,0,0,0.0,0,0,0,0,0,0,0,0,0.0,0,0,0,0,0,0.0,0.0,0.0,0,0,0,33.1,4.3,4.09,0.36,13.67,16.4,63.4,98.1065055847168,0.2815594855695963,23.084496462345122,20.61802968084812,1.9856461454066447,1089.0,0.0,0.0,0.0,0.0,50.194060957431795,0.0,0.0,0.0,0.0,0.0,450.0,1239.1,0.0,0.0,52.898,0.691,53.589,13.645,0.873,52.716,emon,0.639,0.504,261.4,121.0,2.159
2026-09-17 21:41:27.875,24.9,3,72,46;18;58;6;55;6;5;3;42;9;6;5;72;40;15;12,723,1372,1285;1360;1372;1191;1222;1092;1090;1102;1151;893;810;723;1175;1143;1107;1125,0.0,0.0,1239.1,0,0,0,0,0,0.0,0,0,0,0,0,0,0,0,0.0,0,0,0,0,0,0.0,0.0,0.0,0,0,0,31.1,4.3,4.09,0.36,13.67,16.3,63.4,97.67055797576904,0.40079391608014703,25.23998962342739,22.7467046007514,1.2341602742671967,1199.0,0.0,0.0,0.0,0.0,50.22312856465578,0.0,0.0,0.0,0.0,0.0,450.0,1239.1,0.0,0.0,52.898,0.691,53.589,13.645,0.873,52.716,emon,0.639,0.504,261.4,121.0,2.159
2026-09-17 21:41:28.876,21.7,0,67,41;14;67;30;46;0;0;0;40;5;0;0;58;11;27;8,1040,1782,1300;1782;1366;1418;1229;1130;1144;1159;1172;1379;1121;1113;1207;1040;1135;1135,0.0,0.0,1239.1,0,0,0,0,0,0.0,0,0,0,0,0,0,0,0,0.0,0,0,0,0,0,0.0,0.0,0.0,0,0,0,30.1,4.3,4.09,0.36,13.67,16.6,63.4,97.87005710601807,0.33803021674975753,24.58225193619728,22.23418415337801,1.4611698389053345,1199.0,0.0,0.0,0.0,0.0,50.20023753866553,0.0,0.0,0.0,0.0,0.0,450.0,1239.1,0.0,0.0,52.898,0.691,53.589,13.645,0.873,52.716,emon,0.639,0.504,261.4,121.0,2.159
2026-09-17 21:41:29.877,23.4,0,68,52;14;67;9;59;2;0;0;65;0;0;0;68;17;15;6,1058,1702,1516;1702;1476;1453;1276;1058;1143;1125;1335;1202;1187;1164;1252;1194;1233;1230,0.3,0.0,1490.1,0,0,0,0,0,0.0,0,0,0,0,0,0,0,0,0.0,0,0,0,0,0,0.0,0.0,0.0,0,0,0,31.1,1.9,0.0,0.3,4.07,17.2,63.4,97.86692886352539,0.37754431515932085,23.648988962173462,20.824933764338493,1.573582649230957,1029.0,0.0,0.0,0.0,0.0,50.2351404696703,0.0,0.0,0.0,0.0,0.0,450.0,1596.3,0.0,0.0,1.157,0.502,1.659,23.071,1.477,0.182,emon,0.915,0.812,21.5,25.6,0.84
2026-09-17 21:41:30.877,21.2,0,64,37;21;62;2;64;0;0;0;48;19;0;0;52;19;16;0,913,1919,1620;1589;1646;1919;1410;1370;1383;1631;1350;1407;1239;1464;1245;913;1050;1150,0.2,0.0,2123.4,0,0,0,0,0,0.0,0,0,0,0,0,0,0,0,0.0,0,0,0,0,0,0.0,0.0,0.0,0,0,0,32.1,1.9,0.0,0.3,4.07,17.8,63.4,97.9469497680664,0.3042160560376942,23.37741024494171,20.929169414937498,1.8740990454214626,1159.0,0.0,0.0,0.0,0.0,50.19932265430689,0.0,0.0,0.0,0.0,0.0,450.0,2307.7,0.0,0.0,1.157,0.502,1.659,23.071,1.477,0.182,emon,0.915,0.812,21.5,25.6,0.84
2026-09-17 21:41:31.878,22.4,0,66,51;16;66;2;58;0;0;0;62;2;0;0;46;29;6;23,954,1892,1608;1435;1892;1715;1357;1155;1280;1243;1342;954;1159;1315;1254;1143;1197;1221,0.2,0.0,2995.1,0,0,0,0,0,0.0,0,0,0,0,0,0,0,0,0.0,0,0,0,0,0,0.0,0.0,0.0,0,0,0,32.1,1.9,0.0,0.3,4.07,18.5,63.4,97.72430419921875,0.29100478421896697,23.565524435043336,19.56128684133291,2.106368625164032,1059.0,0.0,0.0,0.0,0.0,50.22306726872921,0.0,0.0,0.0,0.0,0.0,450.0,2995.1,0.0,0.0,1.157,0.502,1.659,23.071,1.477,0.182,emon,0.915,0.812,21.5,25.6,0.84
2026-09-17 21:41:32.878,16.3,0,58,52;19;34;3;44;0;0;0;58;0;0;0;22;14;10;6,1032,2145,1613;1643;1644;1828;1373;1696;1802;1381;1419;1713;2145;1605;1235;1265;1032;1246,0.0,0.0,3792.6,0,0,0,0,0,0.0,0,0,0,0,0,0,0,0,0.0,0,0,0,0,0,0.0,0.0,0.0,0,0,0,32.1,1.9,0.0,0.3,4.07,19.2,63.4,97.34959665934245,0.5454113784556588,19.824843049049377,17.213632377485435,1.0933763931194942,982.3333333333334,0.0,0.0,0.0,0.0,50.26914925376574,0.0,0.0,0.0,0.0,0.0,450.0,3688.4,0.0,0.0,1.157,0.502,1.659,23.071,1.477,0.182,emon,0.915,0.812,21.5,25.6,0.84
2026-09-17 21:41:33.878,15.3,0,80,42;3;34;3;38;0;0;0;80;0;0;0;17;14;11;2,983,2112,1603;2112;1522;1547;1316;1500;1324;1153;1417;1319;1311;1308;1131;1143;1151;983,0.0,0.0,3792.6,0,0,0,0,0,0.0,0,0,0,0,0,0,0,0,0.0,0,0,0,0,0,0.0,0.0,0.0,0,0,0,32.1,2.24,0.0,0.31,4.46,19.8,63.4,97.702504938299,0.3063542153686285,20.456888047131624,16.621435378085483,2.0813844814864835,962.6363636363636,0.0,0.0,0.0,0.0,54.784269359978765,0.0,0.0,0.0,0.0,0.0,450.0,4393.8,0.0,0.0,1.157,0.502,1.659,23.071,1.477,0.182,emon,0.915,0.812,21.5,25.6,0.84
2026-09-17 21:41:34.883,19.4,3,71,35;14;34;3;49;8;6;3;71;4;4;4;47;21;3;3,578,1618,1618;1548;1580;1528;1316;843;623;578;1419;1296;1292;1209;1293;1238;1200;1272,0.0,0.0,4630.2,0,0,0,0,0,0.0,0,0,0,0,0,0,0,0,0.0,0,0,0,0,0,0.0,0.0,0.0,0,0,0,32.1,2.24,0.0,0.31,4.46,20.3,63.4,97.34953784942627,0.37278527265880257,22.64450930058956,19.955543480813503,1.7876928746700287,1130.25,0.0,0.0,0.0,0.0,50.22812932357192,0.0,0.0,0.0,0.0,0.0,450.0,5117.7,0.0,0.0,1.157,0.502,1.659,23.071,1.477,0.182,emon,0.915,0.812,21.5,25.6,0.84
2026-09-17 21:41:35.883,53.7,5,83,30;40;38;25;70;58;70;19;75;80;83;76;73;69;49;5,704,2568,2197;2093;2568;2024;749;758;748;718;707;710;704;713;1118;1118;1126;1101,1.1,0.0,5091.7,0,0,0,0,0,0.0,0,0,0,0,0,0,0,0,0.0,0,0,0,0,0,0.0,0.0,0.0,0,0,0,34.1,2.24,0.0,0.31,4.46,20.4,63.4,98.05457644992404,0.5980995631026518,14.572057430942854,9.91333509526319,1.2297271454525698,1042.0555555555557,0.0,0.0,0.0,0.0,51.75648126502832,0.4,0.0,0.0,0.0,0.0,450.0,5112.2,0.0,0.0,1.157,0.502,1.659,23.071,1.477,0.182,emon,0.915,0.812,21.5,25.6,0.84
2026-09-17 21:41:36.884,46.7,5,85,28;26;28;22;52;49;55;9;85;81;79;78;58;62;30;5,697,2461,1909;1902;2461;1965;806;790;785;893;715;697;698;706;1155;1156;1217;1159,3.1,0.0,5116.9,0,0,0,0,0,0.0,0,0,0,0,0,0,0,0,0.0,0,0,0,0,0,0.0,0.0,0.0,0,0,0,34.1,2.24,0.0,0.31,4.46,20.4,63.4,97.32093207690181,2.8543316396523495,17.279721908423365,14.462669577069429,1.465079422256724,1093.8979591836735,0.0,0.0,0.0,0.0,50.221876228950464,0.5,0.0,0.0,0.0,0.0,450.0,5095.3,0.0,0.0,1.157,0.502,1.659,23.071,1.477,0.182,emon,0.915,0.812,21.5,25.6,0.84
2026-09-17 21:41:37.884,16.1,0,55,36;17;27;20;55;3;0;0;43;5;0;2;25;10;12;3,1209,2911,2142;2788;2308;2401;1620;2708;2605;2507;1616;2211;2911;2661;1328;1209;1227;1212,11.0,0.0,5119.7,0,0,0,0,0,0.0,0,0,0,0,0,0,0,0,0.0,0,0,0,0,0,0.0,0.0,0.0,0,0,0,33.1,3.38,0.1,0.31,6.15,20.3,63.4,64.36452579498291,0.18599849939346313,3.9931554794311523,1.1559675931930542,0.0,1199.0,0.0,0.0,0.0,0.0,50.05381689220667,0.4,1.9,0.0,0.0,0.0,450.0,5119.7,0.0,0.0,1.157,0.502,1.659,23.071,1.477,0.182,emon,0.915,0.812,21.5,25.6,0.84
2026-09-17 21:41:38.884,21.3,6,89,38;37;89;13;26;14;11;11;24;16;8;10;19;11;6;8,1918,4704,4699;4704;4703;4676;2673;3236;3350;3375;2879;3288;3292;3305;1918;2330;2744;2550,2.0,0.0,5121.1,0,0,0,0,0,0.0,0,0,0,0,0,0,0,0,0.0,0,0,0,0,0,0.0,0.0,0.0,0,0,0,71.1,3.38,0.1,0.31,6.15,20.3,63.4,78.41676325011022,0.7660695958918738,12.052460128821215,9.366358830222806,0.8247718849101836,1135.893203883495,0.0,0.0,0.0,0.0,52.64131205116661,0.5,0.0,0.0,0.0,0.0,450.0,5121.1,0.0,0.0,1.157,0.502,1.659,23.071,1.477,0.182,emon,0.915,0.812,21.5,25.6,0.84
2026-09-17 21:41:39.885,9.6,0,94,32;6;94;3;6;2;0;0;5;2;0;0;5;0;0;0,884,4720,4657;4645;4720;4720;2083;2349;1221;1197;2293;2292;2083;1924;1395;962;884;990,2.0,0.0,5121.1,0,0,0,0,0,0.0,0,0,0,0,0,0,0,0,0.0,0,0,0,0,0,0.0,0.0,0.0,0,0,0,78.1,3.38,0.1,0.31,6.15,20.4,63.4,98.48759931676528,3.7363483738154173,30.28284544103286,27.567424556788275,1.8396686140639598,1159.2941176470588,0.0,0.0,0.0,0.0,50.18880080519354,0.3,0.0,0.0,0.0,0.0,450.0,5147.0,0.0,0.0,1.157,0.502,1.659,23.071,1.477,0.182,emon,0.915,0.812,21.5,25.6,0.84
2026-09-17 21:41:40.885,8.2,0,96,14;0;96;0;8;0;0;0;8;0;0;0;6;0;0;0,1063,4729,4684;4605;4722;4729;1222;1463;1834;2899;1466;2116;2305;2418;1477;1129;1153;1063,3.7,0.0,5147.0,0,0,0,0,0,0.0,0,0,0,0,0,0,0,0,0.0,0,0,0,0,0,0.0,0.0,0.0,0,0,0,80.1,3.38,0.1,0.31,6.15,20.4,63.4,97.50617218017578,0.49959551077336073,20.53290495276451,17.968783056363463,1.6975248390226625,1117.75,0.0,0.0,0.0,0.0,50.23435536399484,0.0,0.0,0.0,0.0,0.0,450.0,5147.0,0.0,0.0,1.157,0.502,1.659,23.071,1.477,0.182,emon,0.915,0.812,21.5,25.6,0.84
2026-09-17 21:41:41.885,8.1,0,98,9;5;98;2;5;0;0;0;10;0;0;0;2;0;0;0,841,4728,4689;4724;4726;4728;1394;1625;1276;1634;1930;1336;1864;2776;1270;1014;1032;841,0.2,0.0,5139.0,0,0,0,0,0,0.0,0,0,0,0,0,0,0,0,0.0,0,0,0,0,0,0.0,0.0,0.0,0,0,0,80.1,22.29,0.05,0.33,25.26,20.4,63.4,95.65339736938476,0.4248098870739341,19.904111206531525,17.655518980324267,1.478098750114441,959.0,0.0,0.0,0.0,0.0,50.30607010126114,0.0,0.0,0.0,0.0,0.0,450.0,5139.0,0.0,0.0,3.646,1.662,5.308,61.8,3.955,1.353,emon,0.745,0.827,34.4,18.8,1.83
2026-09-17 21:41:42.886,11.8,0,97,55;5;97;3;8;2;0;0;14;2;0;0;5;0;0;0,948,4597,4516;4571;4597;4376;1609;3344;3173;2762;2096;2990;2324;1779;1268;1150;948;1007,0.0,0.0,5139.0,0,0,0,0,0,0.0,0,0,0,0,0,0,0,0,0.0,0,0,0,0,0,0.0,0.0,0.0,0,0,0,76.1,22.29,0.05,0.33,25.26,20.5,63.4,82.88962473188128,4.632442719879604,12.077868898709616,11.603639372757502,1.1534124343168168,1453.7619047619048,0.0,0.0,33.358552529520935,0.0,19.159356237876985,3.9,27.3,0.0,0.0,0.0,450.0,5268.2,0.0,0.0,3.646,1.662,5.308,61.8,3.955,1.353,emon,0.745,0.827,34.4,18.8,1.83
2026-09-17 21:41:43.886,21.8,3,96,56;48;96;19;14;23;3;3;16;29;3;3;8;16;8;5,1325,4290,4259;4231;4290;4088;2658;2850;2977;3371;2888;3079;3287;3358;1639;1583;1325;1756,90.1,0.0,5268.2,0,0,0,0,0,0.0,0,0,0,0,0,0,0,0,0.0,0,0,0,0,0,0.0,0.0,0.0,0,0,0,64.1,22.29,0.05,0.33,25.26,20.4,63.4,91.38572208248839,10.134387569292924,34.01483758979914,32.70405831340016,21.18391689869138,1799.0,0.0,0.0,50.207976529184656,0.0,30.1298486832028,14.2,99.0,0.0,0.0,0.0,450.0,5271.0,0.0,0.0,3.646,1.662,5.308,61.8,3.955,1.353,emon,0.745,0.827,34.4,18.8,1.83
2026-09-17 21:41:44.887,14.7,0,95,5;22;95;2;0;12;2;0;0;91;0;0;0;6;0;0,694,4303,4282;4140;4303;4173;1220;2431;3048;2775;3196;3370;3347;3165;694;1141;819;919,97.1,0.0,5271.0,0,0,0,0,0,0.0,0,0,0,0,0,0,0,0,0.0,0,0,0,0,0,0.0,0.0,0.0,0,0,0,48.1,22.29,0.05,0.33,25.26,20.4,63.4,74.41935414927346,16.4629579271589,46.410670961652485,47.16935838971819,36.21062428610666,1799.0,0.0,0.0,67.90548049325922,0.0,0.0,14.2,99.2,0.0,0.0,0.0,450.0,5271.0,0.0,0.0,3.646,1.662,5.308,61.8,3.955,1.353,emon,0.745,0.827,34.4,18.8,1.83
2026-09-17 21:41:45.887,18.1,0,85,14;38;84;11;3;30;0;0;0;85;2;0;0;22;2;0,1079,4263,4134;4146;4263;3789;1561;2893;3308;2955;3306;3310;3034;3266;1334;1410;1217;1079,100.0,0.0,5232.1,0,0,0,0,0,0.0,0,0,0,0,0,0,0,0,0.0,0,0,0,0,0,0.0,0.0,0.0,0,0,0,47.1,19.53,8.85,0.38,36.63,20.4,63.4,98.07254291162258,7.4973184632393775,26.466947820310185,23.78420830046505,17.368241311232673,1799.0,0.0,0.0,41.534735901419964,0.0,43.822246521680206,14.1,97.8,0.0,0.0,0.0,450.0,5240.3,0.0,0.0,3.646,1.662,5.308,61.8,3.955,1.353,emon,0.745,0.827,34.4,18.8,1.83
2026-09-17 21:41:46.888,19.9,0,98,40;49;98;11;5;23;5;3;3;56;8;5;0;10;2;0,862,4329,4284;4220;4329;4141;2633;2724;3190;3244;3269;3255;2811;3350;1543;1481;1376;862,80.2,0.0,5236.9,0,0,0,0,0,0.0,0,0,0,0,0,0,0,0,0.0,0,0,0,0,0,0.0,0.0,0.0,0,0,0,54.1,19.53,8.85,0.38,36.63,20.4,63.4,94.52575372189892,9.100590099571082,32.22933524968673,29.36942112552268,20.824024987228842,1799.0,0.0,0.0,44.61696295618384,0.0,36.46442345487522,14.0,97.2,0.0,0.0,0.0,450.0,5248.9,0.0,0.0,3.646,1.662,5.308,61.8,3.955,1.353,emon,0.745,0.827,34.4,18.8,1.83
2026-09-17 21:41:47.888,20.4,0,88,36;73;88;12;5;33;2;3;3;36;5;3;2;22;5;0,1108,4278,4224;4245;4278;3931;2671;2700;3268;3074;3051;2905;3242;3309;1108;1630;2125;2015,100.0,0.0,5242.5,0,0,0,0,0,0.0,0,0,0,0,0,0,0,0,0.0,0,0,0,0,0,0.0,0.0,0.0,0,0,0,60.1,19.53,8.85,0.38,36.63,20.4,63.4,97.25228656822009,7.484187536253374,25.917442209986657,22.9455900366534,17.469966572273698,1799.0,0.0,0.0,42.148129679710934,0.0,40.482017268076,14.0,97.1,0.0,0.0,0.0,450.0,5240.6,0.0,0.0,3.646,1.662,5.308,61.8,3.955,1.353,emon,0.745,0.827,34.4,18.8,1.83
2026-09-17 21:41:48.889,16.5,0,95,23;78;95;2;0;19;3;0;0;31;2;0;0;9;2;0,901,4394,4324;4394;4390;4115;1628;2630;3315;3400;2274;2724;2600;2827;963;1337;1278;901,100.0,0.0,5240.6,0,0,0,0,0,0.0,0,0,0,0,0,0,0,0,0.0,0,0,0,0,0,0.0,0.0,0.0,0,0,0,65.1,19.53,8.85,0.38,36.63,20.4,63.4,89.26250012516975,10.550675936636981,36.97125458419323,35.60063194390386,23.38909783512354,1799.0,0.0,0.0,50.173877906112466,0.0,27.325283487766637,14.2,99.0,0.0,0.0,0.0,450.0,5240.6,0.0,0.0,3.646,1.662,5.308,61.8,3.955,1.353,emon,0.745,0.827,34.4,18.8,1.83
2026-09-17 21:41:49.889,16.4,0,94,19;78;94;3;0;20;0;0;0;28;3;0;2;11;2;2,662,4437,4406;4437;4432;4183;1552;2461;3280;2093;2077;2785;3156;2307;886;1027;734;662,100.0,0.0,5232.6,0,0,0,0,0,0.0,0,0,0,0,0,0,0,0,0.0,0,0,0,0,0,0.0,0.0,0.0,0,0,0,65.1,19.0,11.6,0.4,41.44,20.4,63.4,83.64743945002556,13.71697511068002,42.95574213812748,42.649042625911534,31.075129811962444,1799.0,0.0,0.0,58.43714881432243,0.0,18.953519460137425,14.1,98.9,0.0,0.0,0.0,450.0,5236.6,0.0,0.0,3.646,1.662,5.308,61.8,3.955,1.353,emon,0.745,0.827,34.4,18.8,1.83
2026-09-17 21:41:50.890,15.3,0,95,12;86;95;0;3;17;2;0;0;22;0;0;0;6;0;0,684,4446,4388;4446;4444;4273;1460;2346;3390;3213;2292;2645;2767;2489;777;1133;834;684,100.0,0.0,5241.8,0,0,0,0,0,0.0,0,0,0,0,0,0,0,0,0.0,0,0,0,0,0,0.0,0.0,0.0,0,0,0,67.1,19.0,11.6,0.4,41.44,20.4,63.4,74.74397894431804,16.545167002184638,46.82831481407429,47.71892679148707,36.11741809187264,1799.0,0.0,0.0,69.00661085880009,0.0,0.0,14.2,99.3,0.0,0.0,0.0,450.0,5241.8,0.0,0.0,3.646,1.662,5.308,61.8,3.955,1.353,emon,0.745,0.827,34.4,18.8,1.83
2026-09-17 21:41:51.890,15.3,0,94,15;83;94;2;3;20;2;0;0;23;0;0;0;3;0;0,795,4422,4333;4422;4412;4320;1363;2334;3391;3385;3195;2490;3362;3435;795;1172;1206;987,100.0,0.0,5233.0,0,0,0,0,0,0.0,0,0,0,0,0,0,0,0,0.0,0,0,0,0,0,0.0,0.0,0.0,0,0,0,66.1,19.0,11.6,0.4,41.44,20.4,63.4,75.67173259598869,16.193024567195348,45.74639415740967,46.7779906136649,35.041779926845,1799.0,0.0,0.0,67.91200677238938,0.0,0.0,14.2,99.3,0.0,0.0,0.0,450.0,5233.0,0.0,0.0,3.646,1.662,5.308,61.8,3.955,1.353,emon,0.745,0.827,34.4,18.8,1.83
2026-09-17 21:41:52.922,15.6,0,97,3;97;90;3;9;9;3;0;0;24;2;0;0;9;2;0,568,4409,4375;4402;4409;4383;1414;2253;3368;3303;3361;2502;2499;3437;585;1116;887;568,100.0,0.0,5233.0,0,0,0,0,0,0.0,0,0,0,0,0,0,0,0,0.0,0,0,0,0,0,0.0,0.0,0.0,0,0,0,67.1,19.0,11.6,0.4,41.44,20.4,63.4,71.05549913294175,15.504453266368193,43.43129023383646,44.82247778948616,33.402309754315546,1799.0,0.0,0.0,64.75087267083718,0.0,0.0,14.2,99.3,0.0,0.0,0.0,450.0,5233.0,0.0,0.0,112.456,0.912,113.368,13.197,0.845,112.523,emon,0.564,0.415,150.9,70.2,2.15
2026-09-17 21:41:53.922,14.9,0,92,17;77;92;5;3;14;2;0;0;19;2;0;0;6;2;0,828,4390,4314;4390;4388;4138;1389;2409;3273;3330;2733;2343;3276;3171;828;1427;1527;841,100.0,0.0,5180.2,0,0,0,0,0,0.0,0,0,0,0,0,0,0,0,0.0,0,0,0,0,0,0.0,0.0,0.0,0,0,0,66.1,19.97,11.89,0.4,42.69,20.3,63.4,91.39744614518207,10.676719091711162,38.147005318299584,36.36274323320907,22.66117336368821,1799.0,0.0,0.0,51.24284975821881,0.0,30.74623455838778,14.2,99.1,0.0,0.0,0.0,450.0,5186.9,0.0,0.0,112.456,0.912,113.368,13.197,0.845,112.523,emon,0.564,0.415,150.9,70.2,2.15
2026-09-17 21:41:54.922,15.3,0,92,9;89;92;2;0;25;2;0;0;17;2;0;0;8;0;0,712,4412,4398;4411;4412;4379;1355;2480;3413;1914;1444;2286;3364;3279;712;1033;938;760,100.0,0.0,5180.2,0,0,0,0,0,0.0,0,0,0,0,0,0,0,0,0.0,0,0,0,0,0,0.0,0.0,0.0,0,0,0,65.1,19.97,11.89,0.4,42.69,20.3,63.4,87.06195116043091,12.338537820944717,39.02300085624059,39.514368637775384,25.98017969230811,1799.0,0.0,0.0,58.401172669842104,0.0,23.103443495596213,14.2,99.0,0.0,0.0,0.0,450.0,5180.2,0.0,0.0,112.456,0.912,113.368,13.197,0.845,112.523,emon,0.564,0.415,150.9,70.2,2.15
2026-09-17 21:41:55.923,15.4,0,88,11;50;88;3;3;16;2;0;0;66;2;0;0;8;0;0,805,4399,4341;4353;4399;4181;1315;2530;3112;3293;3002;3124;3351;2662;805;1340;903;990,100.0,0.0,5176.2,0,0,0,0,0,0.0,0,0,0,0,0,0,0,0,0.0,0,0,0,0,0,0.0,0.0,0.0,0,0,0,53.1,19.97,11.89,0.4,42.69,20.3,63.4,83.60877164840699,14.102091926969587,42.55871526002884,43.07115493446589,31.20081009864807,1799.0,0.0,0.0,58.10972611976788,0.0,18.187352944302837,14.2,99.3,0.0,0.0,0.0,450.0,5180.2,0.0,0.0,112.456,0.912,113.368,13.197,0.845,112.523,emon,0.564,0.415,150.9,70.2,2.15
2026-09-17 21:41:56.923,15.6,0,94,19;82;94;2;0;20;0;2;0;22;2;2;3;5;0;0,781,4438,4319;4438;4426;4191;1518;2452;3206;1944;2605;2759;3246;3214;844;1440;859;781,100.0,0.0,5175.0,0,0,0,0,0,0.0,0,0,0,0,0,0,0,0,0.0,0,0,0,0,0,0.0,0.0,0.0,0,0,0,66.1,19.97,11.89,0.4,42.69,20.3,63.4,80.7113706767559,14.425857512222137,41.70018672943115,42.981122435070574,31.130932733416557,1799.0,0.0,0.0,62.62655507423915,0.0,9.526730198645964,14.2,99.4,0.0,0.0,0.0,450.0,5176.2,0.0,0.0,112.456,0.912,113.368,13.197,0.845,112.523,emon,0.564,0.415,150.9,70.2,2.15
2026-09-17 21:41:57.923,15.5,0,97,10;89;97;2;0;19;2;0;0;20;2;0;0;8;0;2,584,4450,4385;4446;4450;4221;1515;2452;3255;3347;2786;2739;1784;3180;584;1123;773;849,100.0,0.0,5171.0,0,0,0,0,0,0.0,0,0,0,0,0,0,0,0,0.0,0,0,0,0,0,0.0,0.0,0.0,0,0,0,67.1,19.45,11.98,0.4,42.26,20.3,63.4,75.58034442021297,16.9425017283513,46.40094522329477,48.24461922278771,35.24879162128155,1799.0,0.0,0.0,69.27626765848926,0.0,0.0,14.2,99.2,0.0,0.0,0.0,450.0,5175.0,0.0,0.0,112.456,0.912,113.368,13.197,0.845,112.523,emon,0.564,0.415,150.9,70.2,2.15
2026-09-17 21:41:58.942,18.3,0,91,17;85;91;11;0;25;3;2;0;30;3;0;3;14;6;3,1123,4370,4241;4370;4348;4166;1644;2565;3400;3248;2742;2874;2726;3103;1123;1398;1169;1235,96.7,0.0,5194.2,0,0,0,0,0,0.0,0,0,0,0,0,0,0,0,0.0,0,0,0,0,0,0.0,0.0,0.0,0,0,0,64.1,19.45,11.98,0.4,42.26,20.5,63.4,96.8102828635756,7.6999294765490465,29.53748190015312,26.739019389721115,17.139568635819543,1799.0,0.0,0.0,41.72329541430859,0.0,40.02049904315589,14.2,99.2,0.0,0.0,0.0,450.0,5181.1,0.0,0.0,112.456,0.912,113.368,13.197,0.845,112.523,emon,0.564,0.415,150.9,70.2,2.15
2026-09-17 21:41:59.943,15.2,0,92,8;92;91;2;0;18;2;0;0;22;0;0;0;8;0;0,749,4470,4470;4454;4454;4217;1417;2143;3176;1853;2760;2872;2216;2645;807;1145;749;971,100.0,0.0,5194.2,0,0,0,0,0,0.0,0,0,0,0,0,0,0,0,0.0,0,0,0,0,0,0.0,0.0,0.0,0,0,0,68.1,19.45,11.98,0.4,42.26,20.3,63.4,78.82776243870074,13.032505723164203,39.01436575100972,39.55689421238807,27.548712896827894,1799.0,0.0,0.0,57.788182646251066,0.0,13.615295529705604,14.0,97.6,0.0,0.0,0.0,450.0,5194.2,0.0,0.0,112.456,0.912,113.368,13.197,0.845,112.523,emon,0.564,0.415,150.9,70.2,2.15
2026-09-17 21:42:00.943,14.5,0,84,12;84;74;5;0;19;3;0;0;23;3;2;0;6;2;0,739,4440,4362;4440;4384;4129;1398;2442;2396;2685;1856;2661;3153;3061;742;1225;822;739,97.7,0.0,5254.3,0,0,0,0,0,0.0,0,0,0,0,0,0,0,0,0.0,0,0,0,0,0,0.0,0.0,0.0,0,0,0,68.1,19.45,11.98,0.4,42.26,20.4,63.4,80.8286969838319,13.401692917742938,40.17687360666417,40.68281349374188,29.307525250646805,1799.0,0.0,0.0,57.50365815951523,1.9534258665861908,16.841576101370567,14.2,99.0,0.0,0.0,0.0,450.0,5190.2,0.0,0.0,112.456,0.912,113.368,13.197,0.845,112.523,emon,0.564,0.415,150.9,70.2,2.15
2026-09-17 21:42:01.944,8.3,0,89,2;89;29;0;0;6;0;0;0;6;0;0;0;0;0;0,972,4727,4576;4726;4711;4727;1162;1424;2256;1220;1233;1348;1332;1473;1003;1111;1040;972,0.1,0.0,5250.9,0,0,0,0,0,0.0,0,0,0,0,0,0,0,0,0.0,0,0,0,0,0,0.0,0.0,0.0,0,0,0,83.1,19.45,11.98,0.4,42.26,20.3,63.4,62.42000141143799,0.4653599940240383,22.873415637016297,20.63121486902237,1.553850445151329,1344.0,0.0,0.0,0.0,0.0,50.040801666677,9.7,66.9,0.0,0.0,0.0,450.0,5250.9,0.0,0.0,112.456,0.912,113.368,13.197,0.845,112.523,emon,0.564,0.415,150.9,70.2,2.15
2026-09-17 21:42:02.944,7.5,0,80,3;80;25;0;0;6;0;0;0;2;0;0;0;5;0;0,1024,4732,4729;4728;4717;4732;1180;2081;1683;1727;1211;1817;1293;1463;1024;1169;1340;1121,0.0,0.0,5250.9,0,0,0,0,0,0.0,0,0,0,0,0,0,0,0,0.0,0,0,0,0,0,0.0,0.0,0.0,0,0,0,84.1,19.45,11.98,0.4,42.26,20.3,63.4,97.18702443440755,0.43241148022934794,19.09051291147868,16.773942711452644,1.3722427090009053,1199.0,0.0,0.0,0.0,0.0,50.27221687634786,0.0,0.0,0.0,0.0,0.0,450.0,5250.9,0.0,0.0,112.456,0.912,113.368,13.197,0.845,112.523,emon,0.564,0.415,150.9,70.2,2.15
2026-09-17 21:42:03.944,7.6,0,96,2;20;96;0;0;0;0;0;0;3;0;0;0;0;2;0,1049,4729,4579;4660;4723;4729;1192;1626;1302;1332;1300;1440;1329;1279;1049;1134;1178;1068,0.0,0.0,5250.9,0,0,0,0,0,0.0,0,0,0,0,0,0,0,0,0.0,0,0,0,0,0,0.0,0.0,0.0,0,0,0,78.1,19.45,11.98,0.4,42.26,20.3,63.4,93.75593795776368,0.4496649980545044,21.67000604867935,19.219330781698226,1.451663516368717,1014.0,0.0,0.0,0.0,0.0,50.32720276713371,0.0,0.0,0.0,0.0,0.0,450.0,5250.9,0.0,0.0,112.456,0.912,113.368,13.197,0.845,112.523,emon,0.564,0.415,150.9,70.2,2.15
2026-09-17 21:42:04.944,8.7,0,98,3;22;98;2;0;8;0;0;0;6;0;0;0;0;0;0,970,4723,4565;4299;4723;4628;1208;1458;1451;1462;1782;1329;1454;1933;1083;1127;1075;970,0.0,0.0,5250.9,0,0,0,0,0,0.0,0,0,0,0,0,0,0,0,0.0,0,0,0,0,0,0.0,0.0,0.0,0,0,0,78.1,19.45,11.98,0.4,42.26,20.3,63.4,97.05998001098632,0.4086458867415786,22.82075983285904,19.90454815775156,1.5769213318824769,729.0,0.0,0.0,0.0,0.0,50.355941033363344,0.0,0.0,0.0,0.0,0.0,450.0,5250.9,0.0,0.0,0.461,0.698,1.159,6.857,0.439,0.72,emon,0.873,0.947,37.7,34.0,1.108
2026-09-17 21:42:05.945,9.7,0,96,3;34;96;0;0;15;0;0;0;5;0;0;0;0;0;2,907,4654,4322;4518;4654;4640;1253;1897;1760;1489;1102;2071;2489;1176;907;1002;990;1008,0.0,0.0,5250.9,0,0,0,0,0,0.0,0,0,0,0,0,0,0,0,0.0,0,0,0,0,0,0.0,0.0,0.0,0,0,0,76.1,0.0,0.0,0.0,0.0,20.4,63.4,84.51830999056499,41.5065024693807,32.47545496622721,41.61158816019694,11.604534347852072,1799.0,0.0,0.0,83.34020744760831,0.0,0.0,0.0,0.0,0.0,0.0,0.0,450.0,5250.9,0.0,0.0,0.461,0.698,1.159,6.857,0.439,0.72,emon,0.873,0.947,37.7,34.0,1.108
2026-09-17 21:42:06.945,15.3,0,95,11;89;95;0;0;20;2;0;0;16;2;3;0;3;0;3,852,4445,4417;4445;4442;4045;1394;1913;3319;2603;1660;2689;2773;3352;852;1022;898;920,40.6,0.0,5305.5,0,0,0,0,0,0.0,0,0,0,0,0,0,0,0,0.0,0,0,0,0,0,0.0,0.0,0.0,0,0,0,68.1,0.0,0.0,0.0,0.0,20.4,63.4,81.26434780050207,12.642446766279775,39.73048744599024,39.325172432594826,28.612551795111763,1799.0,0.0,0.0,57.45985688263964,0.0,16.773113896622412,4.7,33.0,0.0,0.0,0.0,450.0,5305.5,0.0,0.0,0.461,0.698,1.159,6.857,0.439,0.72,emon,0.873,0.947,37.7,34.0,1.108
2026-09-17 21:42:07.946,15.0,0,95,3;94;95;0;3;14;2;0;0;25;0;0;0;5;0;0,773,4445,4416;4445;4437;4268;1482;2200;3288;3219;1460;2678;2146;1195;811;1246;897;773,100.0,0.0,5305.5,0,0,0,0,0,0.0,0,0,0,0,0,0,0,0,0.0,0,0,0,0,0,0.0,0.0,0.0,0,0,0,67.1,0.0,0.0,0.0,0.0,20.4,63.4,83.81898126006126,12.927196170591438,41.40853874897584,41.20704026892781,28.965985933939617,1799.0,0.0,0.0,58.51619734397779,0.0,18.990754778403772,14.2,99.0,0.0,0.0,0.0,450.0,5305.5,0.0,0.0,0.461,0.698,1.159,6.857,0.439,0.72,emon,0.873,0.947,37.7,34.0,1.108
2026-09-17 21:42:08.946,14.6,0,92,10;48;92;0;3;69;0;0;0;9;0;0;0;2;0;0,778,4439,4348;4280;4439;4432;2620;3319;3423;3386;1330;2485;2860;2948;940;962;884;778,97.6,0.0,5305.5,0,0,0,0,0,0.0,0,0,0,0,0,0,0,0,0.0,0,0,0,0,0,0.0,0.0,0.0,0,0,0,52.1,0.0,0.0,0.0,0.0,20.4,63.4,82.13590441579404,13.953341905554028,43.28877356259719,43.16554265145374,31.26003500689631,1807.695652173913,0.0,0.0,58.790166964698784,0.0,15.3380117809487,14.2,99.2,0.0,0.0,0.0,450.0,5305.5,0.0,0.0,0.461,0.698,1.159,6.857,0.439,0.72,emon,0.873,0.947,37.7,34.0,1.108
2026-09-17 21:42:09.946,15.1,0,92,9;48;92;2;0;66;0;0;0;16;0;0;0;8;0;0,836,4429,4270;4351;4429;4244;1985;3178;3313;3044;1826;2482;3193;2289;836;1373;1491;881,85.6,0.0,5305.5,0,0,0,0,0,0.0,0,0,0,0,0,0,0,0,0.0,0,0,0,0,0,0.0,0.0,0.0,0,0,0,58.1,19.49,10.79,0.39,39.75,20.4,63.4,88.4550083767284,13.773766959572889,44.26306653564627,43.77669416063211,30.926136542450298,1826.2727272727273,0.0,0.0,59.213511616055094,0.0,20.671184232563146,14.2,99.4,0.0,0.0,0.0,450.0,5305.5,0.0,0.0,0.461,0.698,1.159,6.857,0.439,0.72,emon,0.873,0.947,37.7,34.0,1.108
2026-09-17 21:42:10.947,15.4,0,98,11;91;98;5;3;14;0;0;0;17;2;0;0;6;0;0,719,4405,4381;4405;4402;4258;1536;2555;3231;2884;2991;2123;3220;3293;738;1256;719;781,87.2,0.0,5305.5,0,0,0,0,0,0.0,0,0,0,0,0,0,0,0,0.0,0,0,0,0,0,0.0,0.0,0.0,0,0,0,69.1,19.49,10.79,0.39,39.75,20.4,63.4,76.6292802810669,13.35357414863538,39.44795012772083,39.915783774852756,29.02517111301422,1799.0,0.0,0.0,60.0629418393597,0.0,7.608392160907897,14.2,99.4,0.0,0.0,0.0,450.0,5305.5,0.0,0.0,0.461,0.698,1.159,6.857,0.439,0.72,emon,0.873,0.947,37.7,34.0,1.108
2026-09-17 21:42:11.960,16.2,0,92,18;89;92;6;0;14;2;0;0;23;5;0;0;9;2;0,673,4417,4346;4417;4400;4352;1434;2423;3379;3025;1717;2250;2437;2173;814;1068;760;673,98.0,0.0,5305.5,0,0,0,0,0,0.0,0,0,0,0,0,0,0,0,0.0,0,0,0,0,0,0.0,0.0,0.0,0,0,0,68.1,19.49,10.79,0.39,39.75,20.4,63.4,71.70789815485477,15.73857855796814,44.84582281112671,45.61101007461548,34.6177099943161,1799.0,0.0,0.0,65.66624264069833,0.0,0.0,14.2,99.1,0.0,0.0,0.0,450.0,5305.5,0.0,0.0,0.461,0.698,1.159,6.857,0.439,0.72,emon,0.873,0.947,37.7,34.0,1.108
2026-09-17 21:42:12.961,14.9,0,91,8;91;91;0;0;17;0;0;0;20;0;0;0;6;5;0,679,4396,4369;4396;4386;4190;1285;2183;2985;3372;3267;2395;3001;3043;856;1192;1303;679,86.4,0.0,5305.5,0,0,0,0,0,0.0,0,0,0,0,0,0,0,0,0.0,0,0,0,0,0,0.0,0.0,0.0,0,0,0,67.1,19.49,10.79,0.39,39.75,20.4,63.4,82.84572873796735,12.67937515009128,40.6236308919532,40.44500145954745,28.508217858416693,1799.0,0.0,0.0,57.250813790480606,0.0,19.84966724929081,14.2,99.3,0.0,0.0,0.0,450.0,5305.5,0.0,0.0,0.461,0.698,1.159,6.857,0.439,0.72,emon,0.873,0.947,37.7,34.0,1.108
2026-09-17 21:42:13.961,15.2,0,95,58;45;95;0;3;6;8;0;0;11;8;0;0;8;0;0,689,4422,4422;4400;4405;3466;1365;2129;2343;3304;3207;2374;2301;2559;921;1061;834;689,99.0,0.0,5305.5,0,0,0,0,0,0.0,0,0,0,0,0,0,0,0,0.0,0,0,0,0,0,0.0,0.0,0.0,0,0,0,67.1,19.5,11.83,0.4,42.26,20.4,63.4,82.51609968394041,12.647487795737106,40.859087981050834,40.68921441836574,27.86610067822039,1799.0,0.0,0.0,56.35164666507626,0.0,20.515528027423215,14.1,99.0,0.0,0.0,0.0,450.0,5305.5,0.0,0.0,0.461,0.698,1.159,6.857,0.439,0.72,emon,0.873,0.947,37.7,34.0,1.108
2026-09-17 21:42:14.961,14.6,0,95,91;6;95;2;0;0;20;0;0;0;16;0;0;0;5;0,625,4441,4441;4422;4434;4271;1411;2309;2309;2987;1449;1341;2556;3169;625;775;1123;719,100.0,0.0,5305.5,0,0,0,0,0,0.0,0,0,0,0,0,0,0,0,0.0,0,0,0,0,0,0.0,0.0,0.0,0,0,0,68.1,19.5,11.83,0.4,42.26,20.4,63.4,82.43620741844177,13.96131691886112,43.61747356414795,43.51150320976973,31.465853395462037,1799.0,0.0,0.0,58.10403539625928,0.0,18.190093814735157,14.2,99.1,0.0,0.0,0.0,450.0,5305.5,0.0,0.0,0.461,0.698,1.159,6.857,0.439,0.72,emon,0.873,0.947,37.7,34.0,1.108
2026-09-17 21:42:15.962,15.9,0,89,86;15;89;2;10;0;22;2;2;0;20;2;0;0;5;0,766,4448,4448;4393;4448;4293;1547;2937;2462;2923;2440;3118;2554;3101;766;813;1153;1067,100.0,0.0,5305.5,0,0,0,0,0,0.0,0,0,0,0,0,0,0,0,0.0,0,0,0,0,0,0.0,0.0,0.0,0,0,0,66.1,19.5,11.83,0.4,42.26,20.4,63.4,80.91248109936714,13.047721107878411,41.297476728757225,41.36347962574413,27.80308725933234,1799.0,0.0,0.0,56.349596325395396,0.0,16.810153976489648,14.2,99.1,0.0,0.0,0.0,450.0,5305.5,0.0,0.0,0.461,0.698,1.159,6.857,0.439,0.72,emon,0.873,0.947,37.7,34.0,1.108
2026-09-17 21:42:16.962,14.9,0,97,86;10;97;2;0;0;17;0;0;0;20;0;0;0;6;0,777,4438,4434;4438;4434;4290;1400;2123;2379;3092;1823;2438;2693;2958;777;914;1118;808,94.7,0.0,5250.9,0,0,0,0,0,0.0,0,0,0,0,0,0,0,0,0.0,0,0,0,0,0,0.0,0.0,0.0,0,0,0,68.1,19.5,11.83,0.4,42.26,20.4,63.4,70.0313553389381,15.862088483922621,44.011599372414985,45.559387655819165,34.147196152630976,1799.0,0.0,0.0,64.74317570326521,0.0,0.0,14.2,99.1,0.0,0.0,0.0,450.0,5250.9,0.0,0.0,113.274,0.701,113.975,7.678,0.491,113.484,emon,0.571,0.358,151.1,70.2,2.152
2026-09-17 21:42:17.969,14.4,0,94,28;2;94;2;0;0;88;2;0;0;9;0;0;0;8;0,713,4333,3964;4188;4274;4333;3109;3034;3340;3142;2510;1864;2480;2087;808;713;1200;817,94.7,0.0,5250.9,0,0,0,0,0,0.0,0,0,0,0,0,0,0,0,0.0,0,0,0,0,0,0.0,0.0,0.0,0,0,0,44.1,19.98,11.87,0.4,42.65,20.4,63.4,87.57030739103045,21.038787296840123,58.384835379464285,60.38700376238142,45.180188042776926,1799.0,0.0,0.0,85.72604926356247,0.0,0.0,14.2,99.3,0.0,0.0,0.0,450.0,5250.9,0.0,0.0,113.274,0.701,113.975,7.678,0.491,113.484,emon,0.571,0.358,151.1,70.2,2.152
2026-09-17 21:42:18.969,14.4,0,94,40;2;94;0;0;0;77;0;0;0;12;0;0;0;6;0,841,4306,4202;4155;4306;4108;2551;3032;3255;3444;1464;1763;2231;1865;856;841;1155;849,35.7,0.0,5250.9,0,0,0,0,0,0.0,0,0,0,0,0,0,0,0,0.0,0,0,0,0,0,0.0,0.0,0.0,0,0,0,45.1,19.98,11.87,0.4,42.65,20.4,63.4,92.36466022900173,13.466128952424263,43.93122225432169,43.1038842062865,28.554224513825915,1799.0,0.0,0.0,59.66217204156731,0.0,26.46078536861664,14.2,99.6,0.0,0.0,0.0,450.0,5250.9,0.0,0.0,113.274,0.701,113.975,7.678,0.491,113.484,emon,0.571,0.358,151.1,70.2,2.152
2026-09-17 21:42:19.970,15.3,0,100,96;8;100;5;0;0;8;2;0;0;16;0;0;0;10;2,636,4415,4402;4272;4397;4415;1514;2614;2465;3310;2902;2543;2358;2476;636;768;1039;822,86.6,0.0,5250.9,0,0,0,0,0,0.0,0,0,0,0,0,0,0,0,0.0,0,0,0,0,0,0.0,0.0,0.0,0,0,0,65.1,19.98,11.87,0.4,42.65,20.4,63.4,85.79203825950623,13.06280951961875,40.79165384054184,41.26408074080944,29.017219285964966,1799.0,0.0,0.0,58.126672963388266,0.0,18.192721794042665,14.3,99.8,0.0,0.0,0.0,450.0,5250.9,0.0,0.0,113.274,0.701,113.975,7.678,0.491,113.484,emon,0.571,0.358,151.1,70.2,2.152
2026-09-17 21:42:20.970,15.0,0,97,94;5;97;2;0;0;20;0;0;0;14;0;0;0;9;0,819,4433,4410;4433;4406;4193;1338;1906;2438;2935;3363;3227;2391;3376;1084;1108;1028;819,96.3,0.0,5250.9,0,0,0,0,0,0.0,0,0,0,0,0,0,0,0,0.0,0,0,0,0,0,0.0,0.0,0.0,0,0,0,66.1,17.42,11.89,0.4,40.0,20.4,63.4,84.95610510385953,12.826877763100828,40.709297184330914,40.89211935005509,27.90368124613395,1799.0,0.0,0.0,57.794646963477135,0.0,21.362067555529883,14.2,99.2,0.0,0.0,0.0,450.0,5250.9,0.0,0.0,113.274,0.701,113.975,7.678,0.491,113.484,emon,0.571,0.358,151.1,70.2,2.152
2026-09-17 21:42:21.970,14.4,0,96,83;12;96;3;0;0;12;0;0;0;17;2;0;0;5;0,774,4414,4414;4368;4407;4109;1261;2693;2112;3218;3245;1709;2507;3231;774;924;980;883,96.4,0.0,5250.9,0,0,0,0,0,0.0,0,0,0,0,0,0,0,0,0.0,0,0,0,0,0,0.0,0.0,0.0,0,0,0,67.1,17.42,11.89,0.4,40.0,20.4,63.4,82.85548722225687,13.229481042646196,41.00965103636617,41.406111695844196,29.871144673098687,1799.0,0.0,0.0,58.79853866330308,0.0,15.38495248608524,14.2,99.5,0.0,0.0,0.0,450.0,5250.9,0.0,0.0,113.274,0.701,113.975,7.678,0.491,113.484,emon,0.571,0.358,151.1,70.2,2.152
2026-09-17 21:42:22.971,14.4,0,95,88;14;95;0;0;0;16;2;0;0;8;0;0;0;8;0,768,4407,4404;4303;4407;4333;1267;2324;2290;3419;2455;2583;2283;3077;768;806;1352;1734,100.0,0.0,5250.9,0,0,0,0,0,0.0,0,0,0,0,0,0,0,0,0.0,0,0,0,0,0,0.0,0.0,0.0,0,0,0,67.1,17.42,11.89,0.4,40.0,20.3,63.4,84.47991920434512,13.098348480094081,40.53697358415677,40.80079726187083,26.507584860691658,1799.0,0.0,0.0,53.963707961106245,0.0,19.457785861381407,14.2,99.2,0.0,0.0,0.0,450.0,5250.9,0.0,0.0,113.274,0.701,113.975,7.678,0.491,113.484,emon,0.571,0.358,151.1,70.2,2.152
2026-09-17 21:42:23.971,12.8,0,83,83;14;69;2;0;0;9;2;0;0;19;2;0;0;6;0,796,4533,4533;4401;4457;4059;1369;2526;2070;3079;2563;3308;2586;3005;796;891;1208;1612,100.0,0.0,5250.9,0,0,0,0,0,0.0,0,0,0,0,0,0,0,0,0.0,0,0,0,0,0,0.0,0.0,0.0,0,0,0,74.1,17.42,11.89,0.4,40.0,20.3,63.4,88.97809126882842,13.471825874213016,43.23319296042124,43.53842321896192,29.52398697535197,1799.0,0.0,0.0,54.68377802997941,0.0,27.565186688858596,14.2,98.9,0.0,0.0,0.0,450.0,5250.9,0.0,0.0,113.274,0.701,113.975,7.678,0.491,113.484,emon,0.571,0.358,151.1,70.2,2.152
2026-09-17 21:42:24.972,7.8,0,85,85;2;25;0;0;0;3;0;0;0;8;0;0;0;2;2,1004,4723,4723;4698;4670;3671;1179;1194;1877;1742;1326;1418;1597;1218;1078;1004;1188;1100,0.1,0.0,5250.9,0,0,0,0,0,0.0,0,0,0,0,0,0,0,0,0.0,0,0,0,0,0,0.0,0.0,0.0,0,0,0,81.1,20.7,8.24,0.37,36.98,20.3,63.4,61.26858749389648,0.30993388742208483,16.256037306785583,14.541276994347573,0.9246346376254223,1399.0,0.0,0.0,0.0,0.0,40.0512007728219,4.9,33.9,0.0,0.0,0.0,450.0,5250.9,0.0,0.0,113.274,0.701,113.975,7.678,0.491,113.484,emon,0.571,0.358,151.1,70.2,2.152
2026-09-17 21:42:25.972,8.7,0,94,94;0;23;0;0;0;6;0;0;0;3;0;3;3;3;3,1061,4730,4719;4635;4675;4730;1179;1263;1535;1613;1201;1154;1454;1211;1123;1061;1166;1156,0.1,0.0,5250.9,0,0,0,0,0,0.0,0,0,0,0,0,0,0,0,0.0,0,0,0,0,0,0.0,0.0,0.0,0,0,0,83.1,20.7,8.24,0.37,36.98,20.3,63.4,96.61855602264404,0.4262923176866025,22.1502076536417,20.096065470948815,1.3474414646188961,1061.5,0.0,0.0,0.0,0.0,50.2957784794271,0.0,0.0,0.0,0.0,0.0,450.0,5250.9,0.0,0.0,113.274,0.701,113.975,7.678,0.491,113.484,emon,0.571,0.358,151.1,70.2,2.152
2026-09-17 21:42:26.972,8.1,0,88,88;0;25;0;3;0;6;0;0;0;8;0;0;0;0;0,1015,4728,4726;4696;4718;4728;1184;1200;1828;1208;1210;1218;2053;1317;1030;1015;1089;1126,0.1,0.0,5250.9,0,0,0,0,0,0.0,0,0,0,0,0,0,0,0,0.0,0,0,0,0,0,0.0,0.0,0.0,0,0,0,82.1,20.7,8.24,0.37,36.98,20.3,63.4,97.9376277923584,0.4808550323359668,18.40062603354454,16.52909728884697,1.523251791659277,1199.0,0.0,0.0,0.0,0.0,50.18012493848801,0.0,0.0,0.0,0.0,0.0,450.0,5250.9,0.0,0.0,113.274,0.701,113.975,7.678,0.491,113.484,emon,0.571,0.358,151.1,70.2,2.152
2026-09-17 21:42:27.973,7.8,0,83,83;0;33;0;0;0;5;0;0;0;5;0;0;0;0;0,989,4727,4715;4585;4676;4727;1195;1269;1512;1247;1177;1324;1462;1222;989;1022;1144;1119,0.1,0.0,5250.9,0,0,0,0,0,0.0,0,0,0,0,0,0,0,0,0.0,0,0,0,0,0,0.0,0.0,0.0,0,0,0,80.1,20.7,8.24,0.37,36.98,20.3,63.4,97.4721269607544,0.5242038802243769,21.11812999844551,18.355002930387855,1.360543015791336,1199.0,0.0,0.0,0.0,0.0,50.24933582916856,0.0,0.0,0.0,0.0,0.0,450.0,5250.9,0.0,0.0,113.274,0.701,113.975,7.678,0.491,113.484,emon,0.571,0.358,151.1,70.2,2.152
2026-09-17 21:42:28.973,11.8,0,70,70;3;68;3;0;0;17;0;0;0;9;2;2;0;8;8,1032,4585,4585;4539;4571;4368;1347;1592;1887;1447;1471;1399;2322;2031;1110;1032;1229;1273,0.5,0.0,5313.0,0,0,0,0,0,0.0,0,0,0,0,0,0,0,0,0.0,0,0,0,0,0,0.0,0.0,0.0,0,0,0,73.1,22.06,0.95,0.32,25.28,20.4,63.4,97.01501534201883,4.9466647355901925,22.934522596272554,21.83347610993819,2.000012833328748,1139.909090909091,0.0,0.0,9.09090839732777,0.0,45.6773838725957,0.0,0.0,0.0,0.0,0.0,450.0,5250.9,0.0,0.0,0.449,0.687,1.136,6.19,0.396,0.74,emon,0.913,0.948,34.1,28.7,1.187
2026-09-17 21:42:29.973,14.2,0,94,52;8;94;0;0;0;12;0;0;0;56;2;0;0;5;0,802,4399,4319;4365;4399;4041;1376;2299;2258;2654;2535;2511;3232;3365;988;878;1182;802,100.0,0.0,5313.0,0,0,0,0,0,0.0,0,0,0,0,0,0,0,0,0.0,0,0,0,0,0,0.0,0.0,0.0,0,0,0,53.1,22.06,0.95,0.32,25.28,20.4,63.4,86.4253233273824,13.94931973918574,44.750942838688694,44.505218343498804,32.64921375115713,1799.0,0.0,0.0,58.454763321904466,0.0,18.945127932809555,9.7,67.7,0.0,0.0,0.0,450.0,5313.0,0.0,0.0,0.449,0.687,1.136,6.19,0.396,0.74,emon,0.913,0.948,34.1,28.7,1.187
2026-09-17 21:42:30.974,14.8,0,92,27;5;92;3;0;0;14;0;0;0;91;2;0;0;3;0,746,4416,4152;4360;4416;4385;1266;1777;2903;1925;3412;3427;3388;3216;746;963;974;749,100.0,0.0,5313.0,0,0,0,0,0,0.0,0,0,0,0,0,0,0,0,0.0,0,0,0,0,0,0.0,0.0,0.0,0,0,0,47.1,22.06,0.95,0.32,25.28,20.4,63.4,80.43380560746064,13.23930565141947,41.22265594070022,41.195948137624846,29.81384848259591,1799.0,0.0,0.0,56.86827825324459,0.0,13.674205583117205,14.2,99.3,0.0,0.0,0.0,450.0,5313.0,0.0,0.0,0.449,0.687,1.136,6.19,0.396,0.74,emon,0.913,0.948,34.1,28.7,1.187
2026-09-17 21:42:31.974,14.1,0,95,26;3;95;0;0;0;11;0;0;0;84;0;0;0;6;0,664,4422,4112;4295;4422;4222;1257;1420;2632;2532;2805;3115;3378;3430;741;664;1223;972,100.0,0.0,5313.0,0,0,0,0,0,0.0,0,0,0,0,0,0,0,0,0.0,0,0,0,0,0,0.0,0.0,0.0,0,0,0,47.1,22.06,0.95,0.32,25.28,20.4,63.4,89.33845135143825,15.334891014233497,45.79056685737201,45.678753931075335,34.48090706552778,1806.142857142857,0.0,0.0,64.42503690480122,0.0,10.860386936260122,14.2,99.3,0.0,0.0,0.0,450.0,5313.0,0.0,0.0,0.449,0.687,1.136,6.19,0.396,0.74,emon,0.913,0.948,34.1,28.7,1.187
2026-09-17 21:42:32.975,14.6,0,100,35;5;100;0;0;0;14;0;0;0;72;0;0;2;6;0,861,4401,4258;4337;4401;4363;1286;2675;2529;2481;2756;3224;3341;3311;1384;1072;1358;861,98.1,0.0,5313.0,0,0,0,0,0,0.0,0,0,0,0,0,0,0,0,0.0,0,0,0,0,0,0.0,0.0,0.0,0,0,0,50.1,16.22,12.03,0.4,39.13,20.4,63.4,86.97513623671098,14.038740252906626,44.47965732487765,44.29324937307022,31.01195151155645,1801.2727272727273,0.0,0.0,59.20504335936328,0.0,20.675092773797754,14.2,99.6,0.0,0.0,0.0,450.0,5313.0,0.0,0.0,0.449,0.687,1.136,6.19,0.396,0.74,emon,0.913,0.948,34.1,28.7,1.187
2026-09-17 21:42:33.975,15.5,0,98,88;12;98;3;0;0;18;0;0;0;19;0;0;0;8;2,812,4438,4438;4370;4428;4310;1627;1901;2517;3215;1659;1378;2640;3142;861;812;1146;951,87.6,0.0,5313.0,0,0,0,0,0,0.0,0,0,0,0,0,0,0,0,0.0,0,0,0,0,0,0.0,0.0,0.0,0,0,0,71.1,16.22,12.03,0.4,39.13,20.4,63.4,83.74040332333794,13.518579075899746,43.138272832179894,43.09491563511306,30.36564722554437,1799.0,0.0,0.0,57.00964537539102,0.0,19.156601171318094,14.2,99.4,0.0,0.0,0.0,450.0,5313.0,0.0,0.0,0.449,0.687,1.136,6.19,0.396,0.74,emon,0.913,0.948,34.1,28.7,1.187
2026-09-17 21:42:34.976,18.6,0,94,41;16;94;3;0;0;85;0;3;0;34;5;0;0;17;0,865,4229,4103;4147;4229;4122;2944;3126;3260;3236;2921;3333;2846;2771;1002;1087;1442;865,100.0,0.0,5317.5,0,0,0,0,0,0.0,0,0,0,0,0,0,0,0,0.0,0,0,0,0,0,0.0,0.0,0.0,0,0,0,49.1,16.22,12.03,0.4,39.13,20.4,63.4,98.4978773335804,7.833317462621854,27.442874016484726,24.95443309239157,17.481002457875945,1799.0,0.0,0.0,40.569762128363685,0.0,44.09610740998498,14.1,97.4,0.0,0.0,0.0,450.0,5317.5,0.0,0.0,0.449,0.687,1.136,6.19,0.396,0.74,emon,0.913,0.948,34.1,28.7,1.187
2026-09-17 21:42:35.976,25.3,8,97,57;27;97;14;8;11;69;14;13;11;26;13;8;9;20;8,1392,4271,4139;4171;4271;4104;3175;3361;3280;3204;3246;3327;2725;3188;2077;1888;1392;1464,100.0,0.0,5354.1,0,0,0,0,0,0.0,0,0,0,0,0,0,0,0,0.0,0,0,0,0,0,0.0,0.0,0.0,0,0,0,49.1,16.22,12.03,0.4,39.13,20.4,63.4,97.53325461691666,9.467202408322988,34.6142588635191,30.787918241659042,20.867383563447596,1799.0,0.0,0.0,49.48842790793394,0.0,47.084007133237144,14.0,95.7,0.0,0.0,0.0,450.0,5362.9,0.0,0.0,0.449,0.687,1.136,6.19,0.396,0.74,emon,0.913,0.948,34.1,28.7,1.187
2026-09-17 21:42:36.976,14.9,0,94,29;6;94;0;0;0;92;0;0;0;14;0;0;0;3;0,737,4311,4094;3931;4311;4005;2882;2824;3302;3086;3274;1280;2057;1608;737;741;1814;1067,100.0,0.0,5357.9,0,0,0,0,0,0.0,0,0,0,0,0,0,0,0,0.0,0,0,0,0,0,0.0,0.0,0.0,0,0,0,45.1,17.69,11.6,0.4,40.2,20.4,63.4,94.00921940467727,10.938528597873018,38.21903424447691,37.52962910279002,25.150838914891363,1799.0,0.0,0.0,49.42654664312083,0.0,38.604386462107115,14.1,98.5,0.0,0.0,0.0,450.0,5357.9,0.0,0.0,0.449,0.687,1.136,6.19,0.396,0.74,emon,0.913,0.948,34.1,28.7,1.187
2026-09-17 21:42:37.990,15.1,0,86,62;11;86;3;2;0;58;2;2;0;15;2;0;0;0;0,714,4365,4332;4365;4307;4050;2724;3016;3083;2971;1448;2909;2107;2677;714;723;1183;816,92.9,0.0,5339.7,0,0,0,0,0,0.0,0,0,0,0,0,0,0,0,0.0,0,0,0,0,0,0.0,0.0,0.0,0,0,0,60.1,17.69,11.6,0.4,40.2,20.6,63.4,92.6438934470332,11.360124183602112,42.69331623509873,40.74602558021975,25.40481362231942,1799.0,0.0,0.0,53.595001932818356,0.0,36.370796400423366,14.1,98.5,0.0,0.0,0.0,450.0,5339.7,0.0,0.0,0.449,0.687,1.136,6.19,0.396,0.74,emon,0.913,0.948,34.1,28.7,1.187
2026-09-17 21:42:38.990,14.9,0,92,86;11;92;0;3;0;25;0;0;0;19;0;0;0;2;0,669,4436,4436;4375;4407;4169;1460;1569;2571;1605;2724;1894;2280;2744;739;894;1385;669,88.2,0.0,5329.3,0,0,0,0,0,0.0,0,0,0,0,0,0,0,0,0.0,0,0,0,0,0,0.0,0.0,0.0,0,0,0,66.1,17.69,11.6,0.4,40.2,20.4,63.4,91.03364652102111,11.584319718808057,39.891409492517106,39.29321485637977,27.211621741779513,1799.0,0.0,0.0,52.5833821515171,0.0,34.771229918196056,14.0,97.6,0.0,0.0,0.0,450.0,5328.0,0.0,0.0,0.449,0.687,1.136,6.19,0.396,0.74,emon,0.913,0.948,34.1,28.7,1.187
2026-09-17 21:42:39.990,15.3,0,96,89;14;96;0;3;0;20;0;0;0;17;0;0;0;6;0,1038,4425,4425;4354;4327;4126;1630;2862;2584;2456;2781;2937;2444;1933;1044;1038;1231;1075,100.0,0.0,5270.3,0,0,0,0,0,0.0,0,0,0,0,0,0,0,0,0.0,0,0,0,0,0,0.0,0.0,0.0,0,0,0,65.1,17.69,11.6,0.4,40.2,20.4,63.4,90.26001291740232,11.398974959178245,38.55490505210752,37.316166270191104,24.299247571426193,1799.0,0.0,0.0,52.932719094686334,0.0,35.28100439352704,14.2,98.8,0.0,0.0,0.0,450.0,5272.1,0.0,0.0,0.449,0.687,1.136,6.19,0.396,0.74,emon,0.913,0.948,34.1,28.7,1.187
2026-09-17 21:42:40.991,15.5,0,86,78;17;86;0;3;0;34;0;3;0;25;2;0;0;0;0,760,4433,4433;4395;4404;4149;1481;1755;2591;1491;2961;2837;2375;2414;760;872;864;855,94.2,0.0,5269.1,0,0,0,0,0,0.0,0,0,0,0,0,0,0,0,0.0,0,0,0,0,0,0.0,0.0,0.0,0,0,0,64.1,18.71,11.76,0.4,41.16,20.4,63.4,94.4018449989366,11.032771767312546,38.98167462113463,37.34176841037877,24.37289061193803,1799.0,0.0,0.0,51.35436405767514,0.0,40.50079100215897,14.1,98.6,0.0,0.0,0.0,450.0,5270.3,0.0,0.0,110.879,0.908,111.787,12.919,0.827,110.96,emon,0.563,0.444,150.8,70.2,2.149
2026-09-17 21:42:41.991,21.5,0,94,72;44;94;14;2;0;43;5;2;2;41;11;0;0;15;0,845,4310,4310;4220;4305;4119;2373;3366;3073;3249;3358;3303;2925;3223;845;1447;1547;1467,100.0,0.0,5280.6,0,0,0,0,0,0.0,0,0,0,0,0,0,0,0,0.0,0,0,0,0,0,0.0,0.0,0.0,0,0,0,59.1,18.71,11.76,0.4,41.16,20.3,63.4,98.44409618755378,8.929622396485335,33.81402174730112,30.254770884316155,18.804261121163037,1799.0,0.0,0.0,47.91878041637379,0.0008311638737669085,46.42642894619066,14.1,97.0,0.0,0.0,0.0,450.0,5283.8,0.0,0.0,110.879,0.908,111.787,12.919,0.827,110.96,emon,0.563,0.444,150.8,70.2,2.149
2026-09-17 21:42:42.992,14.6,0,94,89;3;94;2;0;0;22;0;2;0;17;0;0;0;3;2,662,4421,4421;4329;4411;4310;1408;2135;2628;3036;3414;2354;2506;3354;662;663;1054;760,72.6,0.0,5280.6,0,0,0,0,0,0.0,0,0,0,0,0,0,0,0,0.0,0,0,0,0,0,0.0,0.0,0.0,0,0,0,66.1,18.71,11.76,0.4,41.16,20.3,63.4,80.06371453712727,16.022693670226325,44.03603348238715,45.652692554325895,33.84732963298929,1799.0,0.0,0.0,65.6139003156588,0.0,3.527441857703801,14.1,97.4,0.0,0.0,0.0,450.0,5280.6,0.0,0.0,110.879,0.908,111.787,12.919,0.827,110.96,emon,0.563,0.444,150.8,70.2,2.149
2026-09-17 21:42:43.992,13.8,0,92,38;56;92;5;0;0;5;12;0;0;6;4;0;0;0;3,701,4419,4419;4400;4407;4296;1699;2506;1663;2255;3187;2900;2107;2435;918;701;910;1211,72.6,0.0,5280.6,0,0,0,0,0,0.0,0,0,0,0,0,0,0,0,0.0,0,0,0,0,0,0.0,0.0,0.0,0,0,0,66.1,18.71,11.76,0.4,41.16,20.3,63.4,77.77540512879689,13.721673313276066,37.93177181482315,39.277265020025276,29.071447531382244,1799.0,0.0,0.0,56.38840469617086,0.0,4.229993326589465,14.2,99.4,0.0,0.0,0.0,450.0,5272.6,0.0,0.0,110.879,0.908,111.787,12.919,0.827,110.96,emon,0.563,0.444,150.8,70.2,2.149
2026-09-17 21:42:44.992,14.5,0,89,6;56;89;5;3;0;0;48;0;0;0;23;0;0;0;0,831,4435,4412;4370;4435;4328;2589;3390;3257;3053;2899;2840;2790;2390;894;861;831;862,50.8,0.0,5272.6,0,0,0,0,0,0.0,0,0,0,0,0,0,0,0,0.0,0,0,0,0,0,0.0,0.0,0.0,0,0,0,53.1,20.07,11.8,0.4,42.59,20.3,63.4,76.5620654159122,14.939931575545213,40.95253259936968,42.610141114642225,31.410429000854492,1799.0,0.0,0.0,61.21791274752468,0.0,2.8425995860662727,14.2,99.4,0.0,0.0,0.0,450.0,5272.6,0.0,0.0,110.879,0.908,111.787,12.919,0.827,110.96,emon,0.563,0.444,150.8,70.2,2.149
2026-09-17 21:42:45.993,15.6,0,92,5;38;92;2;5;2;0;80;0;0;0;17;0;0;0;11,585,4388,4285;4169;4388;4180;2919;3303;2808;3375;2614;2987;1369;2591;813;585;626;1001,92.9,0.0,5272.6,0,0,0,0,0,0.0,0,0,0,0,0,0,0,0,0.0,0,0,0,0,0,0.0,0.0,0.0,0,0,0,47.1,20.07,11.8,0.4,42.59,20.3,63.4,87.3063138181513,16.73005463847552,45.481985498558394,47.19271751831878,34.89907472783869,1799.0,0.0,0.0,68.30703417922963,0.0,4.647872642359951,14.2,99.6,0.0,0.0,0.0,450.0,5272.6,0.0,0.0,110.879,0.908,111.787,12.919,0.827,110.96,emon,0.563,0.444,150.8,70.2,2.149
2026-09-17 21:42:46.993,15.9,0,83,5;47;83;3;3;0;0;78;0;0;0;27;0;0;0;8,645,4359,4188;4285;4359;4054;2827;2697;2343;3323;3191;1553;1400;2823;707;857;645;1187,100.0,0.0,5248.5,0,0,0,0,0,0.0,0,0,0,0,0,0,0,0,0.0,0,0,0,0,0,0.0,0.0,0.0,0,0,0,52.1,20.07,11.8,0.4,42.59,20.3,63.4,95.83436831549594,10.29791865614488,34.13929835934388,32.08503521727888,21.54844629262623,1799.0,0.0,0.0,50.69280289732606,0.7499231940821598,41.96640281773851,14.2,98.3,0.0,0.0,0.0,450.0,5248.5,0.0,0.0,110.879,0.908,111.787,12.919,0.827,110.96,emon,0.563,0.444,150.8,70.2,2.149
2026-09-17 21:42:47.993,8.1,0,61,3;51;61;0;3;0;0;6;0;0;0;5;0;2;0;0,819,4727,4702;4721;4725;4727;1302;1263;1293;1523;1354;1448;1437;1498;1077;819;948;1095,17.1,0.0,5264.4,0,0,0,0,0,0.0,0,0,0,0,0,0,0,0,0.0,0,0,0,0,0,0.0,0.0,0.0,0,0,0,78.1,20.07,11.8,0.4,42.59,20.3,63.4,62.26469421386719,0.007702913600951433,0.8634098172187805,0.08689329773187637,0.0,1324.0,0.0,0.0,0.0,0.0,50.058373637497425,4.5,30.3,0.0,0.0,0.0,450.0,5264.4,0.0,0.0,110.879,0.908,111.787,12.919,0.827,110.96,emon,0.563,0.444,150.8,70.2,2.149
2026-09-17 21:42:48.994,8.5,0,97,2;17;97;0;3;0;0;12;0;0;0;5;0;0;0;0,921,4729,4724;4704;4724;4729;1364;1801;1532;2235;2410;1646;1664;1774;1107;971;921;1137,0.0,0.0,5264.4,0,0,0,0,0,0.0,0,0,0,0,0,0,0,0,0.0,0,0,0,0,0,0.0,0.0,0.0,0,0,0,78.1,18.51,6.89,0.36,32.55,20.3,63.4,86.87222657637163,1.5049154937690632,11.361478836969896,8.617501160096039,0.7440215432847088,1137.1818181818182,0.0,0.0,0.0,0.0,50.378344826806675,0.0,0.0,0.0,0.0,0.0,450.0,5256.3,0.0,0.0,110.879,0.908,111.787,12.919,0.827,110.96,emon,0.563,0.444,150.8,70.2,2.149
2026-09-17 21:42:49.994,8.3,0,95,2;16;95;0;0;0;0;10;0;0;0;10;0;0;0;2,1003,4727,4686;4613;4723;4727;1264;1812;1554;1903;1360;3224;2447;1637;1116;1025;1003;1103,0.4,0.0,5256.4,0,0,0,0,0,0.0,0,0,0,0,0,0,0,0,0.0,0,0,0,0,0,0.0,0.0,0.0,0,0,0,78.1,18.51,6.89,0.36,32.55,20.3,63.4,95.11725362141927,2.506825405638665,19.571252306302387,17.975025373200577,0.0703385293794175,1399.0,0.0,0.0,0.0,0.0,50.24680998176336,0.2,0.0,0.0,0.0,0.0,450.0,5256.4,0.0,0.0,110.879,0.908,111.787,12.919,0.827,110.96,emon,0.563,0.444,150.8,70.2,2.149
2026-09-17 21:42:50.994,10.0,0,98,6;20;98;8;3;0;0;8;2;2;2;9;2;0;0;2,1562,4716,4695;4704;4716;4686;2442;3374;3353;2415;3273;3368;3423;2446;2423;2063;1562;1717,0.0,0.0,5246.1,0,0,0,0,0,0.0,0,0,0,0,0,0,0,0,0.0,0,0,0,0,0,0.0,0.0,0.0,0,0,0,78.1,18.51,6.89,0.36,32.55,20.4,63.4,95.11725362141927,2.506825405638665,19.571252306302387,17.975025373200577,0.0703385293794175,1399.0,0.0,0.0,0.0,0.0,50.24680998176336,0.0,0.0,0.0,0.0,0.0,450.0,5246.1,0.0,0.0,110.879,0.908,111.787,12.919,0.827,110.96,emon,0.563,0.444,150.8,70.2,2.149
2026-09-17 21:42:51.995,11.7,0,82,6;82;53;3;5;3;3;11;0;2;0;12;0;2;0;5,1476,4675,4665;4675;4299;4656;2470;3405;3181;2162;2915;3326;3361;2058;2677;2758;1476;1954,0.5,0.0,5283.7,0,0,0,0,0,0.0,0,0,0,0,0,0,0,0,0.0,0,0,0,0,0,0.0,0.0,0.0,0,0,0,79.1,18.51,6.89,0.36,32.55,20.4,63.4,98.56661138534545,0.09875981709628831,2.507729971408844,0.48517023283056915,0.021356244385242463,1054.0,0.0,0.0,0.0,0.0,50.254500835947695,0.3,0.0,0.0,0.0,0.0,450.0,5283.7,0.0,0.0,110.879,0.908,111.787,12.919,0.827,110.96,emon,0.563,0.444,150.8,70.2,2.149
2026-09-17 21:42:52.995,14.5,0,96,11;88;96;2;2;0;0;17;0;0;0;6;0;0;0;11,705,4438,4310;4438;4316;3964;1729;1423;1640;2026;1739;2930;1190;2175;705;899;874;1002,100.0,0.0,5345.8,0,0,0,0,0,0.0,0,0,0,0,0,0,0,0,0.0,0,0,0,0,0,0.0,0.0,0.0,0,0,0,70.1,22.33,2.45,0.33,28.32,20.4,63.4,72.77657374143601,14.646332245832308,42.09848507642746,42.36870054714382,32.99131889343262,1799.0,0.0,0.0,62.56175812287256,0.0,5.051640929772111,10.1,70.4,0.0,0.0,0.0,450.0,5345.8,0.0,0.0,0.848,0.858,1.706,11.319,0.724,0.982,emon,0.816,0.43,62.9,39.0,1.613
2026-09-17 21:42:53.996,14.6,0,94,11;89;94;0;2;0;0;23;0;0;0;16;0;0;0;0,758,4427,4422;4427;4343;4300;1436;1462;1260;2279;1404;1431;1391;2059;946;914;758;884,100.0,0.0,5340.3,0,0,0,0,0,0.0,0,0,0,0,0,0,0,0,0.0,0,0,0,0,0,0.0,0.0,0.0,0,0,0,69.1,22.33,2.45,0.33,28.32,20.4,63.4,75.76776011288166,15.587012303672964,44.77918625995517,45.32974948827177,35.57781982421875,1799.0,0.0,0.0,65.68694914411753,0.0,6.321640729904175,14.1,98.9,0.0,0.0,0.0,450.0,5340.3,0.0,0.0,0.848,0.858,1.706,11.319,0.724,0.982,emon,0.816,0.43,62.9,39.0,1.613
2026-09-17 21:42:54.996,17.9,2,97,14;93;97;2;2;6;2;23;5;2;3;14;6;3;2;14,817,4439,4110;4439;4272;4273;2272;3281;3246;2504;3190;3247;3243;2264;1604;1540;817;1260,98.1,0.0,5340.3,0,0,0,0,0,0.0,0,0,0,0,0,0,0,0,0.0,0,0,0,0,0,0.0,0.0,0.0,0,0,0,69.1,22.33,2.45,0.33,28.32,20.4,63.4,73.897297000885,14.076788717531599,40.80333450734615,41.32998338378966,31.28696792125702,1799.0,0.0,0.0,62.57088216054835,0.0,5.052462880909298,14.2,99.1,0.0,0.0,0.0,450.0,5340.3,0.0,0.0,0.848,0.858,1.706,11.319,0.724,0.982,emon,0.816,0.43,62.9,39.0,1.613
2026-09-17 21:42:55.997,15.4,0,94,12;86;94;3;0;2;2;16;3;3;0;17;0;3;0;5,991,4423,4369;4423;4404;4100;1940;1764;2255;2156;2542;2646;3088;2314;1273;1002;991;1213,98.1,0.0,5340.3,0,0,0,0,0,0.0,0,0,0,0,0,0,0,0,0.0,0,0,0,0,0,0.0,0.0,0.0,0,0,0,68.1,22.33,2.45,0.33,28.32,20.4,63.4,73.9219379565295,15.044405596851206,43.27629292361877,43.7375246935031,33.653275041019214,1799.0,0.0,0.0,64.75779909224195,0.0,5.945302353185766,14.2,99.0,0.0,0.0,0.0,450.0,5311.5,0.0,0.0,0.848,0.858,1.706,11.319,0.724,0.982,emon,0.816,0.43,62.9,39.0,1.613
2026-09-17 21:42:56.997,14.2,0,94,8;80;94;2;2;0;0;23;0;0;0;12;0;0;0;6,802,4463,4458;4463;4367;4202;1243;1773;1192;2148;2565;1681;2141;1844;802;1114;863;963,100.0,0.0,5311.5,0,0,0,0,0,0.0,0,0,0,0,0,0,0,0,0.0,0,0,0,0,0,0.0,0.0,0.0,0,0,0,68.1,19.73,11.63,0.4,42.26,20.4,63.4,70.17804699195058,14.575702366076017,42.00495458904066,42.54617118835449,32.283223051773874,1799.0,0.0,0.0,63.20848652597909,0.0,0.0,14.1,98.5,0.0,0.0,0.0,450.0,5311.5,0.0,0.0,0.848,0.858,1.706,11.319,0.724,0.982,emon,0.816,0.43,62.9,39.0,1.613
2026-09-17 21:42:57.998,14.9,0,94,8;88;94;3;5;0;0;22;0;0;0;14;0;0;0;5,927,4460,4387;4460;4303;4364;1423;2675;1231;2163;1992;1798;1928;2071;927;1007;967;1056,100.0,0.0,5311.5,0,0,0,0,0,0.0,0,0,0,0,0,0,0,0,0.0,0,0,0,0,0,0.0,0.0,0.0,0,0,0,69.1,19.73,11.63,0.4,42.26,20.4,63.4,71.80325398445129,15.619692548116047,44.73435745239258,45.478505325317386,34.370726648966475,1799.0,0.0,0.0,66.70395650391778,0.0,0.0,14.1,98.9,0.0,0.0,0.0,450.0,5311.5,0.0,0.0,0.848,0.858,1.706,11.319,0.724,0.982,emon,0.816,0.43,62.9,39.0,1.613
2026-09-17 21:42:58.998,15.2,0,97,14;80;97;3;8;0;0;20;0;0;0;12;2;0;0;8,1115,4454,4379;4454;4382;3908;1351;2118;2238;2077;1869;1874;1598;2142;1252;1377;1407;1115,95.7,0.0,5296.6,0,0,0,0,0,0.0,0,0,0,0,0,0,0,0,0.0,0,0,0,0,0,0.0,0.0,0.0,0,0,0,67.1,19.73,11.63,0.4,42.26,20.4,63.4,67.72309303283691,15.320316499279391,43.396553777879284,44.22044077227193,33.639504832606164,1799.0,0.0,0.0,64.53757116643172,0.0,0.0,14.1,98.8,0.0,0.0,0.0,450.0,5296.6,0.0,0.0,0.848,0.858,1.706,11.319,0.724,0.982,emon,0.816,0.43,62.9,39.0,1.613
2026-09-17 21:42:59.999,19.8,0,92,19;83;92;10;9;6;6;25;10;8;8;22;5;3;0;11,1226,4411,4218;4411;4290;4036;2676;3033;2943;2545;3268;3256;3338;2497;1226;2034;1294;1583,100.0,0.0,5296.6,0,0,0,0,0,0.0,0,0,0,0,0,0,0,0,0.0,0,0,0,0,0,0.0,0.0,0.0,0,0,0,66.1,19.73,11.63,0.4,42.26,20.3,63.4,75.13868953122034,13.788443911122158,40.12257485588392,40.44622287857864,31.334778709544075,1799.0,0.0,0.0,63.958925308297495,0.0,5.611542637141509,14.1,98.9,0.0,0.0,0.0,450.0,5296.6,0.0,0.0,0.848,0.858,1.706,11.319,0.724,0.982,emon,0.816,0.43,62.9,39.0,1.613
2026-09-17 21:43:00.999,19.7,2,97,17;92;97;9;6;8;5;22;9;5;5;12;2;5;3;18,1193,4382,4186;4382;4306;4084;2856;3194;3362;2249;3338;3370;3351;2362;1193;2134;2168;1692,100.0,0.0,5292.6,0,0,0,0,0,0.0,0,0,0,0,0,0,0,0,0.0,0,0,0,0,0,0.0,0.0,0.0,0,0,0,67.1,19.79,11.67,0.4,42.35,20.3,63.4,79.40240501635003,11.707366418234553,34.31997722206694,34.053592405761734,25.942141725642916,1799.0,0.0,0.0,54.653514907750036,0.0,19.975831929851584,14.1,98.8,0.0,0.0,0.0,450.0,5292.6,0.0,0.0,0.848,0.858,1.706,11.319,0.724,0.982,emon,0.816,0.43,62.9,39.0,1.613
2026-09-17 21:43:02.000,15.2,0,91,16;83;91;3;2;2;0;20;0;0;0;19;0;0;0;8,834,4446,4390;4446;4428;4132;1390;1109;1243;2209;2795;2530;1345;2059;834;927;877;1000,100.0,0.0,5268.4,0,0,0,0,0,0.0,0,0,0,0,0,0,0,0,0.0,0,0,0,0,0,0.0,0.0,0.0,0,0,0,65.1,19.79,11.67,0.4,42.35,20.3,63.4,72.31447995336433,14.648573161715543,41.034584268143306,42.13840153342799,32.337210504632246,1799.0,0.0,0.0,60.60462776703858,0.0,5.317560040215444,14.1,98.7,0.0,0.0,0.0,450.0,5268.4,0.0,0.0,0.848,0.858,1.706,11.319,0.724,0.982,emon,0.816,0.43,62.9,39.0,1.613
2026-09-17 21:43:03.003,14.6,0,95,6;91;95;2;0;0;0;27;0;0;0;9;0;0;0;3,701,4457,4410;4457;4228;3985;1452;1971;1854;2199;1739;1426;1697;1973;826;1076;701;1084,72.9,0.0,5206.3,0,0,0,0,0,0.0,0,0,0,0,0,0,0,0,0.0,0,0,0,0,0,0.0,0.0,0.0,0,0,0,67.1,19.79,11.67,0.4,42.35,20.3,63.4,72.67664999185607,15.011729689271645,41.302593835564544,42.31692425941312,32.57381310573844,1799.0,0.0,0.0,62.8552248471005,0.0,4.703634633574375,14.1,98.8,0.0,0.0,0.0,450.0,5206.3,0.0,0.0,0.848,0.858,1.706,11.319,0.724,0.982,emon,0.816,0.43,62.9,39.0,1.613
2026-09-17 21:43:04.004,14.3,0,92,8;64;92;0;5;0;0;45;2;0;0;8;0;0;0;6,517,4393,4393;4334;4328;4243;1891;2957;2342;3008;1337;3000;2954;1878;826;517;798;1003,95.5,0.0,5206.3,0,0,0,0,0,0.0,0,0,0,0,0,0,0,0,0.0,0,0,0,0,0,0.0,0.0,0.0,0,0,0,51.1,19.79,11.67,0.4,42.35,20.3,63.4,69.58673677773311,15.709764085966965,43.740498115276466,45.34238118138806,32.85972989838699,1799.0,0.0,0.0,65.54411510031285,0.0,0.0,14.1,98.6,0.0,0.0,0.0,450.0,5206.3,0.0,0.0,0.848,0.858,1.706,11.319,0.724,0.982,emon,0.816,0.43,62.9,39.0,1.613
2026-09-17 21:43:05.004,15.3,0,91,5;31;88;6;0;0;0;91;0;0;3;16;0;0;0;6,994,4258,3794;4003;4258;4023;2879;3244;3123;3322;2305;1993;1865;1697;1230;1236;1111;994,73.6,0.0,5206.3,0,0,0,0,0,0.0,0,0,0,0,0,0,0,0,0.0,0,0,0,0,0,0.0,0.0,0.0,0,0,0,46.1,18.66,11.83,0.4,41.23,20.3,63.4,73.70608274753278,16.997000694274902,46.71181869506836,48.39887501643254,36.42531879131611,1799.0,0.0,0.0,69.26318481349601,0.0,0.0,14.2,99.5,0.0,0.0,0.0,450.0,5206.3,0.0,0.0,0.848,0.858,1.706,11.319,0.724,0.982,emon,0.816,0.43,62.9,39.0,1.613
2026-09-17 21:43:06.005,15.3,0,91,8;68;91;5;2;0;0;39;2;0;0;22;2;0;0;8,781,4338,4324;4338;4298;4074;2399;2131;2034;3088;2475;1303;1167;2150;855;781;922;1282,100.0,0.0,5206.3,0,0,0,0,0,0.0,0,0,0,0,0,0,0,0,0.0,0,0,0,0,0,0.0,0.0,0.0,0,0,0,61.1,18.66,11.83,0.4,41.23,20.3,63.4,89.3762742360433,11.993655635085371,39.23735529581706,37.13985576662753,27.38675631152259,1799.0,0.0,0.0,54.583169493762156,0.0,32.60769668667547,14.1,99.0,0.0,0.0,0.0,450.0,5206.3,0.0,0.0,111.603,0.807,112.411,8.814,0.564,111.847,emon,0.571,0.476,150.9,70.2,2.15
2026-09-17 21:43:07.005,17.5,0,91,14;81;91;2;0;0;0;37;0;0;0;40;0;0;0;16,663,4379,4204;4379;4358;4195;1517;1931;1916;2516;2175;2911;2600;2748;837;792;663;1035,85.6,0.0,5206.3,0,0,0,0,0,0.0,0,0,0,0,0,0,0,0,0.0,0,0,0,0,0,0.0,0.0,0.0,0,0,0,60.1,18.66,11.83,0.4,41.23,20.3,63.4,94.84852727837519,10.020926672115136,33.09096839668554,30.008135723889968,19.634333004371836,1799.0,0.0,0.0,52.00421013494253,0.0,42.1449504727039,14.1,97.9,0.0,0.0,0.0,450.0,5206.3,0.0,0.0,111.603,0.807,112.411,8.814,0.564,111.847,emon,0.571,0.476,150.9,70.2,2.15
2026-09-17 21:43:08.006,16.4,0,89,8;41;89;3;0;0;0;28;0;0;0;86;0;0;0;8,700,4303,4023;4172;4303;4051;1616;2399;1280;2341;2807;3115;3168;3271;819;826;700;1071,85.6,0.0,5206.3,0,0,0,0,0,0.0,0,0,0,0,0,0,0,0,0.0,0,0,0,0,0,0.0,0.0,0.0,0,0,0,49.1,18.66,11.83,0.4,41.23,20.3,63.4,96.02982225191026,11.733146295093356,36.615520151456195,35.73352660025869,22.85067388092118,1799.0,0.0,0.0,51.56437936306133,0.0,43.319149286116385,14.1,97.4,0.0,0.0,0.0,450.0,5214.1,0.0,0.0,111.603,0.807,112.411,8.814,0.564,111.847,emon,0.571,0.476,150.9,70.2,2.15
2026-09-17 21:43:09.017,14.5,0,88,3;41;80;0;3;0;0;11;0;0;0;88;0;0;0;6,861,4320,4115;4038;4320;4139;1418;1549;2852;1631;3302;3188;2438;3306;905;861;929;1003,90.2,0.0,5213.4,0,0,0,0,0,0.0,0,0,0,0,0,0,0,0,0.0,0,0,0,0,0,0.0,0.0,0.0,0,0,0,46.1,16.76,11.71,0.4,39.08,20.2,63.4,79.28964108626047,16.276880876875172,44.45604935884476,46.09754191438357,34.4848206837972,1799.0,0.0,0.0,66.73985117357225,0.0,6.731962414171479,14.1,98.6,0.0,0.0,0.0,450.0,5213.4,0.0,0.0,111.603,0.807,112.411,8.814,0.564,111.847,emon,0.571,0.476,150.9,70.2,2.15
2026-09-17 21:43:10.017,16.2,0,94,3;38;94;3;6;2;2;11;2;3;2;89;2;0;0;3,645,4229,4118;4022;4161;4229;1170;1354;1233;1411;1501;2423;2304;3353;645;865;721;955,83.4,0.0,5213.4,0,0,0,0,0,0.0,0,0,0,0,0,0,0,0,0.0,0,0,0,0,0,0.0,0.0,0.0,0,0,0,46.1,16.76,11.71,0.4,39.08,20.2,63.4,76.75014750524001,18.089481006969105,48.458030700683594,50.69255690141158,37.57515439120206,1799.0,0.0,0.0,72.75431277666411,4.820091496814381,0.0,14.2,99.1,0.0,0.0,0.0,450.0,5213.4,0.0,0.0,111.603,0.807,112.411,8.814,0.564,111.847,emon,0.571,0.476,150.9,70.2,2.15
2026-09-17 21:43:11.017,13.7,0,72,8;72;55;2;0;0;0;34;0;0;0;41;0;0;0;8,1294,4625,4530;4625;4578;4339;1747;2614;2633;3001;3025;2674;2592;3095;1294;1409;1752;1516,74.0,0.0,3521.1,0,0,0,0,0,0.0,0,0,0,0,0,0,0,0,0.0,0,0,0,0,0,0.0,0.0,0.0,0,0,0,77.1,16.76,11.71,0.4,39.08,16.3,63.4,76.10386455828144,15.159081068160313,40.85011492621514,42.52009470760822,30.92110756904848,1799.0,0.0,0.0,64.59075436011076,0.0,6.5265014094691125,3.3,22.9,0.0,0.0,0.0,450.0,1186.8,0.0,0.0,111.603,0.807,112.411,8.814,0.564,111.847,emon,0.571,0.476,150.9,70.2,2.15
2026-09-17 21:43:12.018,16.6,0,84,13;84;73;12;5;0;0;48;3;0;0;18;0;0;0;8,906,4729,4723;4723;4720;4729;2807;2496;1858;3179;2072;1810;3242;2426;1037;998;906;1737,0.0,0.0,1186.8,0,0,0,0,0,0.0,0,0,0,0,0,0,0,0,0.0,0,0,0,0,0,0.0,0.0,0.0,0,0,0,82.1,16.76,11.71,0.4,39.08,16.4,63.4,64.61536884307861,0.009080707095563412,0.8357396721839905,0.08332118391990662,0.0,1099.0,0.0,0.0,0.0,0.0,50.101668767631054,0.0,0.0,0.0,0.0,0.0,450.0,1188.8,0.0,0.0,111.603,0.807,112.411,8.814,0.564,111.847,emon,0.571,0.476,150.9,70.2,2.15
2026-09-17 21:43:13.018,20.3,0,98,32;69;98;2;17;0;0;74;2;0;0;23;0;0;0;8,981,4729,4729;4723;4727;4729;3220;2977;2863;3376;2225;2909;2267;2621;1161;1107;981;1643,0.0,0.0,1188.8,0,0,0,0,0,0.0,0,0,0,0,0,0,0,0,0.0,0,0,0,0,0,0.0,0.0,0.0,0,0,0,71.1,20.33,5.57,0.38,32.63,17.2,63.4,97.22858047485352,0.006742413621395826,0.8969665765762329,0.08970551937818527,0.0,1399.0,0.0,0.0,0.0,0.0,50.130840346217155,0.0,0.0,0.0,0.0,0.0,450.0,1596.1,0.0,0.0,111.603,0.807,112.411,8.814,0.564,111.847,emon,0.571,0.476,150.9,70.2,2.15
2026-09-17 21:43:14.019,14.4,0,98,38;30;98;2;8;0;0;32;9;2;0;8;3;0;0;2,1022,4725,4708;4588;4725;4725;2644;3172;3334;3378;2445;3013;3356;2384;2187;1022;1029;1044,0.0,0.0,2682.2,0,0,0,0,0,0.0,0,0,0,0,0,0,0,0,0.0,0,0,0,0,0,0.0,0.0,0.0,0,0,0,77.1,20.33,5.57,0.38,32.63,19.1,63.4,97.68770599365234,0.009432930499315262,0.8037195801734924,0.08025334030389786,0.0,499.0,0.0,0.0,0.0,0.0,50.36310198903084,0.0,0.0,0.0,0.0,0.0,450.0,3475.8,0.0,0.0,111.603,0.807,112.411,8.814,0.564,111.847,emon,0.571,0.476,150.9,70.2,2.15
2026-09-17 21:43:15.019,23.6,0,94,80;23;94;11;26;22;19;12;38;12;15;0;14;9;2;0,2150,4729,4725;4729;4729;4729;2936;3401;3439;3441;3035;3408;3429;3212;2817;2828;2742;2150,0.0,0.0,4788.3,0,0,0,0,0,0.0,0,0,0,0,0,0,0,0,0.0,0,0,0,0,0,0.0,0.0,0.0,0,0,0,77.1,20.33,5.57,0.38,32.63,20.2,63.4,97.87152099609375,0.009492558427155018,0.8325245380401611,0.08373387902975082,0.0,449.0,0.0,0.0,0.0,0.0,50.41798460483551,0.0,0.0,0.0,0.0,0.0,450.0,5067.4,0.0,0.0,111.603,0.807,112.411,8.814,0.564,111.847,emon,0.571,0.476,150.9,70.2,2.15
2026-09-17 21:43:16.020,14.1,0,65,65;20;58;5;17;8;9;5;12;8;8;0;5;6;0;0,1273,4729,4708;4711;4698;4729;2289;3361;3347;3264;2687;3244;3437;3417;2561;2634;2272;1273,13.9,0.0,5070.2,0,0,0,0,0,0.0,0,0,0,0,0,0,0,0,0.0,0,0,0,0,0,0.0,0.0,0.0,0,0,0,81.1,20.33,5.57,0.38,32.63,20.1,63.4,64.15098762512207,0.007220705039799213,0.8970536589622498,0.08965780586004257,0.0,1199.0,0.0,0.0,0.0,0.0,50.08136222884059,0.0,0.2,0.0,0.0,0.0,450.0,5070.2,0.0,0.0,111.603,0.807,112.411,8.814,0.564,111.847,emon,0.571,0.476,150.9,70.2,2.15
2026-09-17 21:43:17.020,7.8,0,94,23;0;94;2;2;0;0;0;5;0;0;0;0;0;0;0,1055,4727,4123;3747;4724;4727;1538;1550;1215;1209;1483;1229;1247;1196;1055;1143;1108;1082,0.0,0.0,5070.2,0,0,0,0,0,0.0,0,0,0,0,0,0,0,0,0.0,0,0,0,0,0,0.0,0.0,0.0,0,0,0,78.1,26.14,0.0,0.37,29.89,20.0,63.4,97.01620864868164,0.00893297791481018,0.8194990158081055,0.08226051926612854,0.0,899.0,0.0,0.0,0.0,0.0,50.27804520726204,0.0,0.0,0.0,0.0,0.0,450.0,5070.2,0.0,0.0,111.603,0.807,112.411,8.814,0.564,111.847,emon,0.571,0.476,150.9,70.2,2.15
2026-09-17 21:43:18.034,7.8,0,100,11;2;100;0;5;2;0;0;6;0;0;0;0;0;0;0,939,4729,3894;4379;4723;4729;1626;1354;1167;1258;1986;1133;1098;1084;1133;1155;939;1048,0.0,0.0,5070.2,0,0,0,0,0,0.0,0,0,0,0,0,0,0,0,0.0,0,0,0,0,0,0.0,0.0,0.0,0,0,0,77.1,26.14,0.0,0.37,29.89,20.0,63.4,95.9012565612793,0.006989660207182169,0.9892234802246094,0.09870097041130066,0.0,1199.0,0.0,0.0,0.0,0.0,50.19109134376049,0.0,0.0,0.0,0.0,0.0,450.0,5070.2,0.0,0.0,2.031,2.467,4.497,41.92,2.683,1.814,emon,0.929,0.98,30.8,23.4,1.316
2026-09-17 21:43:19.035,8.0,0,96,18;0;96;0;11;0;0;0;3;0;0;0;0;0;0;0,1038,4728,4077;2961;4721;4728;1283;1220;1226;1142;1283;1289;1231;1140;1173;1093;1038;1123,0.0,0.0,5070.2,0,0,0,0,0,0.0,0,0,0,0,0,0,0,0,0.0,0,0,0,0,0,0.0,0.0,0.0,0,0,0,78.1,26.14,0.0,0.37,29.89,20.0,63.4,95.9012565612793,0.006989660207182169,0.9892234802246094,0.09870097041130066,0.0,1199.0,0.0,0.0,0.0,0.0,50.19109134376049,0.0,0.0,0.0,0.0,0.0,450.0,5070.2,0.0,0.0,2.031,2.467,4.497,41.92,2.683,1.814,emon,0.929,0.98,30.8,23.4,1.316
2026-09-17 21:43:20.035,8.2,0,94,17;2;94;0;8;0;0;0;11;0;0;0;0;0;0;0,948,4728,4072;4332;4723;4728;1410;1324;1357;1221;1602;1216;1260;1250;948;989;1022;1030,0.0,0.0,5070.2,0,0,0,0,0,0.0,0,0,0,0,0,0,0,0,0.0,0,0,0,0,0,0.0,0.0,0.0,0,0,0,78.1,26.14,0.0,0.37,29.89,20.0,63.4,97.34025955200195,0.007278887555003166,0.8419937491416931,0.08454906940460205,0.0,1199.0,0.0,0.0,0.0,0.0,50.26814955472946,0.0,0.0,0.0,0.0,0.0,450.0,5070.2,0.0,0.0,2.031,2.467,4.497,41.92,2.683,1.814,emon,0.929,0.98,30.8,23.4,1.316
2026-09-17 21:43:21.036,13.2,0,92,58;12;92;6;24;3;0;0;16;0;0;0;0;0;0;0,784,4575,4115;4213;4575;4529;1661;2991;1410;1540;1955;2221;1271;1275;812;878;784;864,71.7,0.0,5193.3,0,0,0,0,0,0.0,0,0,0,0,0,0,0,0,0.0,0,0,0,0,0,0.0,0.0,0.0,0,0,0,72.1,20.24,0.0,0.31,22.24,20.2,63.4,70.07870842259506,13.372028736879342,11.491774382776228,13.139618616743848,3.1441328553804038,1799.0,0.0,0.0,58.64845642235515,0.0,0.0,5.9,41.3,0.0,0.0,0.0,450.0,5193.3,0.0,0.0,2.031,2.467,4.497,41.92,2.683,1.814,emon,0.929,0.98,30.8,23.4,1.316
2026-09-17 21:43:22.037,15.0,0,95,91;6;95;0;20;2;5;0;19;0;3;0;0;0;0;0,820,4457,4457;4350;4445;4370;2095;1311;2685;2095;2088;2005;2635;2103;820;928;976;974,71.7,0.0,5193.3,0,0,0,0,0,0.0,0,0,0,0,0,0,0,0,0.0,0,0,0,0,0,0.0,0.0,0.0,0,0,0,71.1,20.24,0.0,0.31,22.24,20.2,63.4,70.45337159633637,14.664527869224548,41.452105617523195,41.740671157836914,32.284489154815674,1799.0,0.0,0.0,62.560554925817996,0.0,0.0,14.1,98.7,0.0,0.0,0.0,450.0,5193.3,0.0,0.0,2.031,2.467,4.497,41.92,2.683,1.814,emon,0.929,0.98,30.8,23.4,1.316
2026-09-17 21:43:23.037,15.3,0,94,94;10;94;3;18;0;2;0;20;0;0;0;2;3;0;0,805,4449,4437;4412;4428;4449;1910;2571;1449;2470;1908;1411;1905;1375;843;805;805;835,100.0,0.0,5193.3,0,0,0,0,0,0.0,0,0,0,0,0,0,0,0,0.0,0,0,0,0,0,0.0,0.0,0.0,0,0,0,67.1,20.24,0.0,0.31,22.24,20.2,63.4,72.3472719669342,15.250679943275948,42.92416404485702,43.26677332172791,33.706678263346355,1799.0,0.0,0.0,63.385808908830704,0.0,6.7388279358545935,14.1,98.6,0.0,0.0,0.0,450.0,5193.3,0.0,0.0,2.031,2.467,4.497,41.92,2.683,1.814,emon,0.929,0.98,30.8,23.4,1.316
2026-09-17 21:43:24.037,14.6,0,89,89;9;89;0;15;0;0;0;25;0;0;0;5;0;0;0,806,4425,4425;4277;4377;3866;1978;1650;1791;1596;2145;1494;1841;2048;953;806;962;820,100.0,0.0,5193.3,0,0,0,0,0,0.0,0,0,0,0,0,0,0,0,0.0,0,0,0,0,0,0.0,0.0,0.0,0,0,0,69.1,20.11,10.83,0.39,40.69,20.2,63.4,75.45811279823906,15.11459390228418,42.10615656250402,42.430229879131446,32.91309748197857,1799.0,0.0,0.0,63.23154645825516,0.0,5.317770851057216,14.1,98.8,0.0,0.0,0.0,450.0,5193.3,0.0,0.0,2.031,2.467,4.497,41.92,2.683,1.814,emon,0.929,0.98,30.8,23.4,1.316
2026-09-17 21:43:25.038,14.4,0,92,81;13;92;3;9;3;0;0;19;2;0;0;8;0;0;0,616,4459,4459;4431;4419;4437;1512;1179;1942;1357;2184;1335;1692;1515;1048;742;748;616,100.0,0.0,5193.3,0,0,0,0,0,0.0,0,0,0,0,0,0,0,0,0.0,0,0,0,0,0,0.0,0.0,0.0,0,0,0,69.1,20.11,10.83,0.39,40.69,20.3,63.4,69.86523076891899,15.168124288320541,42.80021262168884,43.61656332015991,32.730331629514694,1799.0,0.0,0.0,65.6536733424291,0.0,0.0,14.1,98.8,0.0,0.0,0.0,450.0,5193.3,0.0,0.0,2.031,2.467,4.497,41.92,2.683,1.814,emon,0.929,0.98,30.8,23.4,1.316
2026-09-17 21:43:26.038,14.9,0,98,88;6;98;2;12;3;0;0;28;2;0;0;0;0;0;0,694,4458,4458;4434;4384;3578;1840;2020;1692;1195;2048;1662;2161;2205;925;891;694;709,100.0,0.0,5193.3,0,0,0,0,0,0.0,0,0,0,0,0,0,0,0,0.0,0,0,0,0,0,0.0,0.0,0.0,0,0,0,68.1,20.11,10.83,0.39,40.69,20.2,63.4,67.11284462610881,15.146896388795641,42.62258995903863,43.375118255615234,32.786672035853066,1799.0,0.0,0.0,63.90970904964747,0.0,0.0,14.1,98.8,0.0,0.0,0.0,450.0,5193.3,0.0,0.0,2.031,2.467,4.497,41.92,2.683,1.814,emon,0.929,0.98,30.8,23.4,1.316
2026-09-17 21:43:27.039,14.9,0,95,85;6;95;2;23;2;0;0;22;0;0;0;5;0;0;0,805,4439,4439;4067;4415;3712;1839;1877;2240;1009;2296;2244;2503;2500;1046;805;809;879,94.8,0.0,5193.3,0,0,0,0,0,0.0,0,0,0,0,0,0,0,0,0.0,0,0,0,0,0,0.0,0.0,0.0,0,0,0,66.1,20.11,10.83,0.39,40.69,20.2,63.4,70.68363196509225,15.63761227471488,43.62193788800921,44.56814847673689,33.82523686545236,1799.0,0.0,0.0,64.3191025766677,0.0,0.0,14.1,98.6,0.0,0.0,0.0,450.0,5193.3,0.0,0.0,2.031,2.467,4.497,41.92,2.683,1.814,emon,0.929,0.98,30.8,23.4,1.316
2026-09-17 21:43:28.039,14.3,0,92,92;8;91;2;17;0;0;0;19;0;0;0;0;0;0;0,772,4424,4424;4386;4344;4218;2391;1416;1537;1268;2202;1910;2065;2125;772;825;924;855,87.8,0.0,5193.3,0,0,0,0,0,0.0,0,0,0,0,0,0,0,0,0.0,0,0,0,0,0,0.0,0.0,0.0,0,0,0,66.1,19.55,11.57,0.4,41.93,20.2,63.4,71.47282206095181,16.791364449721115,47.13355372502254,48.17444962721605,36.57274891779973,1799.0,0.0,0.0,69.24573980945235,0.0,0.0,14.1,99.0,0.0,0.0,0.0,450.0,5193.3,0.0,0.0,2.031,2.467,4.497,41.92,2.683,1.814,emon,0.929,0.98,30.8,23.4,1.316
2026-09-17 21:43:29.039,14.8,0,97,91;4;97;2;17;0;0;0;22;0;0;0;5;0;0;0,607,4474,4460;4474;4279;3844;1924;1433;1385;1844;2155;2024;1619;2080;1151;923;1031;607,95.3,0.0,5193.3,0,0,0,0,0,0.0,0,0,0,0,0,0,0,0,0.0,0,0,0,0,0,0.0,0.0,0.0,0,0,0,68.1,19.55,11.57,0.4,41.93,20.2,63.4,72.96392251385583,14.730814803728006,41.87244182162814,42.54378631255693,32.0593247976568,1799.0,0.0,0.0,63.943439225666225,0.0,5.616507218943702,14.1,98.7,0.0,0.0,0.0,450.0,5193.3,0.0,0.0,2.031,2.467,4.497,41.92,2.683,1.814,emon,0.929,0.98,30.8,23.4,1.316
2026-09-17 21:43:30.040,14.4,0,94,92;6;94;3;12;2;0;0;19;2;0;0;0;0;0;0,756,4470,4470;4430;4320;3919;1894;2039;2178;2589;2061;1579;2365;2063;864;756;1114;903,95.9,0.0,5193.3,0,0,0,0,0,0.0,0,0,0,0,0,0,0,0,0.0,0,0,0,0,0,0.0,0.0,0.0,0,0,0,69.1,19.55,11.57,0.4,41.93,20.2,63.4,75.26812888383866,13.782557573192753,38.65236398279667,39.48273402564227,29.783937168121337,1799.0,0.0,0.0,62.58196381218731,0.0,5.056943243741989,14.2,99.3,0.0,0.0,0.0,450.0,5193.3,0.0,0.0,112.975,1.013,113.988,11.034,0.706,113.282,emon,0.572,0.546,150.1,70.5,2.13
2026-09-17 21:43:31.058,14.6,0,92,87;8;92;2;17;4;0;0;18;2;0;0;0;5;0;0,587,4440,4440;4384;4373;4127;1973;1296;2344;2650;2101;1542;2019;2110;888;1015;587;737,95.5,0.0,5193.3,0,0,0,0,0,0.0,0,0,0,0,0,0,0,0,0.0,0,0,0,0,0,0.0,0.0,0.0,0,0,0,68.1,19.55,11.57,0.4,41.93,20.2,63.4,68.65888226599921,14.279114434872533,39.53292133978435,40.30995049292133,30.424287932259695,1799.0,0.0,0.0,59.57838313536957,0.0,4.811245097548852,14.1,98.5,0.0,0.0,0.0,450.0,5145.3,0.0,0.0,112.975,1.013,113.988,11.034,0.706,113.282,emon,0.572,0.546,150.1,70.5,2.13
2026-09-17 21:43:32.058,14.5,0,91,88;8;91;3;16;3;0;0;23;0;0;0;0;0;0;0,731,4448,4448;4269;4344;4191;1868;1218;2435;2297;2277;1663;1538;1480;926;731;732;876,81.3,0.0,5145.3,0,0,0,0,0,0.0,0,0,0,0,0,0,0,0,0.0,0,0,0,0,0,0.0,0.0,0.0,0,0,0,65.1,19.63,11.69,0.4,42.03,20.2,63.4,70.11098397931745,15.310981565906156,43.07496938397807,44.1833990773847,32.615194136096584,1799.0,0.0,0.0,64.55554389274648,0.0,0.0,14.1,98.7,0.0,0.0,0.0,450.0,5145.3,0.0,0.0,112.975,1.013,113.988,11.034,0.706,113.282,emon,0.572,0.546,150.1,70.5,2.13
2026-09-17 21:43:33.058,14.3,0,92,88;5;92;0;11;2;0;0;23;2;0;0;8;0;0;0,770,4427,4427;4213;4427;4099;1560;1377;2106;1885;2303;1167;1362;1468;1035;839;770;770,89.0,0.0,5145.3,0,0,0,0,0,0.0,0,0,0,0,0,0,0,0,0.0,0,0,0,0,0,0.0,0.0,0.0,0,0,0,66.1,19.63,11.69,0.4,42.03,20.2,63.4,76.13979000704629,16.42067050933838,45.5001551764352,47.027166094098774,35.176725251334055,1799.0,0.0,0.0,67.9187884652721,0.0,0.0,14.2,99.4,0.0,0.0,0.0,450.0,5145.3,0.0,0.0,112.975,1.013,113.988,11.034,0.706,113.282,emon,0.572,0.546,150.1,70.5,2.13
2026-09-17 21:43:34.059,15.0,0,94,86;11;94;2;16;2;0;0;25;0;0;0;5;0;0;0,853,4467,4423;4467;4358;4034;1593;1887;1176;1209;2398;1415;1570;1616;1007;922;953;853,95.8,0.0,5145.3,0,0,0,0,0,0.0,0,0,0,0,0,0,0,0,0.0,0,0,0,0,0,0.0,0.0,0.0,0,0,0,66.1,19.63,11.69,0.4,42.03,20.2,63.4,72.14906063344743,14.864094427295235,41.2154179074698,42.577287404901455,31.8967621061537,1799.0,0.0,0.0,63.946720577879915,0.0,0.0,14.1,98.7,0.0,0.0,0.0,450.0,5145.3,0.0,0.0,112.975,1.013,113.988,11.034,0.706,113.282,emon,0.572,0.546,150.1,70.5,2.13
2026-09-17 21:43:35.059,14.9,0,97,86;11;97;2;23;5;0;0;16;0;0;0;0;0;0;0,691,4454,4454;4429;4425;4402;1899;1450;1428;1431;2046;1963;1736;1758;936;691;699;728,95.3,0.0,5145.3,0,0,0,0,0,0.0,0,0,0,0,0,0,0,0,0.0,0,0,0,0,0,0.0,0.0,0.0,0,0,0,66.1,19.63,11.69,0.4,42.03,20.2,63.4,71.17042757783618,16.680153914860316,45.80694798060826,47.416590554373606,35.31471906389509,1799.0,0.0,0.0,67.87906770075539,0.0,0.0,14.1,98.9,0.0,0.0,0.0,450.0,5145.3,0.0,0.0,112.975,1.013,113.988,11.034,0.706,113.282,emon,0.572,0.546,150.1,70.5,2.13
2026-09-17 21:43:36.060,15.2,0,95,77;23;95;2;14;4;0;0;19;2;0;0;6;2;0;0,729,4442,4431;4227;4442;4258;1743;1142;1584;2624;1867;2245;1435;1218;1041;755;729;1110,95.3,0.0,5145.3,0,0,0,0,0,0.0,0,0,0,0,0,0,0,0,0.0,0,0,0,0,0,0.0,0.0,0.0,0,0,0,66.1,19.36,11.84,0.4,41.9,20.2,63.4,71.77508336100085,16.191732735469422,44.20979151232489,45.81662303003772,34.304974917707774,1799.0,0.0,0.0,65.56784571720094,0.0,0.0,14.1,98.6,0.0,0.0,0.0,450.0,5145.3,0.0,0.0,112.975,1.013,113.988,11.034,0.706,113.282,emon,0.572,0.546,150.1,70.5,2.13
2026-09-17 21:43:37.060,14.7,0,91,91;5;89;2;26;2;0;0;12;0;0;0;6;0;2;0,709,4455,4455;4422;4394;4302;1887;2426;2198;2490;2035;1313;2001;2821;1093;906;846;709,100.0,0.0,5145.3,0,0,0,0,0,0.0,0,0,0,0,0,0,0,0,0.0,0,0,0,0,0,0.0,0.0,0.0,0,0,0,67.1,19.36,11.84,0.4,41.9,20.2,63.4,73.90224496056052,15.775574678445563,43.68249912472332,45.19049571454525,34.05131710276884,1799.0,0.0,0.0,64.75727967868613,3.1560026898103604,5.919215232189746,14.2,98.0,0.0,0.0,0.0,450.0,5207.4,0.0,0.0,112.975,1.013,113.988,11.034,0.706,113.282,emon,0.572,0.546,150.1,70.5,2.13
2026-09-17 21:43:38.061,15.2,0,92,91;9;92;3;11;3;2;0;25;2;0;0;5;0;2;0,850,4465,4465;4360;4405;4292;1721;1214;961;1256;2061;1867;1815;1829;1062;856;891;850,98.3,0.0,5207.4,0,0,0,0,0,0.0,0,0,0,0,0,0,0,0,0.0,0,0,0,0,0,0.0,0.0,0.0,0,0,0,69.1,19.36,11.84,0.4,41.9,20.2,63.4,72.29604885452672,15.07246929809059,40.81704064105686,42.29688017266361,31.685060199938324,1799.0,0.0,0.0,63.21027338813598,0.0,5.319446595091569,14.2,98.0,0.0,0.0,0.0,450.0,5207.4,0.0,0.0,112.975,1.013,113.988,11.034,0.706,113.282,emon,0.572,0.546,150.1,70.5,2.13
2026-09-17 21:43:39.061,10.8,0,77,66;10;77;0;11;0;0;0;6;0;0;0;3;0;0;0,779,4540,4540;4264;4493;4394;1646;1768;1366;1230;1819;1729;1262;1321;864;976;779;829,100.0,0.0,5207.4,0,0,0,0,0,0.0,0,0,0,0,0,0,0,0,0.0,0,0,0,0,0,0.0,0.0,0.0,0,0,0,74.1,19.36,11.84,0.4,41.9,20.2,63.4,72.48818086300578,15.677058015550886,42.52354553767613,44.237055914742605,32.640745299203054,1799.0,0.0,0.0,64.34931872216319,0.0,0.0,14.1,98.8,0.0,0.0,0.0,450.0,5207.4,0.0,0.0,112.975,1.013,113.988,11.034,0.706,113.282,emon,0.572,0.546,150.1,70.5,2.13
2026-09-17 21:43:40.061,8.0,0,98,14;0;98;0;6;0;0;0;6;0;0;0;3;0;0;0,1051,4728,4490;4035;4724;4728;1258;1249;1351;1887;1210;1509;1221;1279;1936;1105;1110;1051,0.0,0.0,5207.4,0,0,0,0,0,0.0,0,0,0,0,0,0,0,0,0.0,0,0,0,0,0,0.0,0.0,0.0,0,0,0,77.1,20.09,7.8,0.37,35.69,20.2,63.4,60.781493186950684,0.008883105590939522,0.8648566603660583,0.08691384643316269,0.0,1724.0,0.0,0.0,0.0,0.0,50.048730589449406,6.4,44.9,0.0,0.0,0.0,450.0,5207.4,0.0,0.0,112.975,1.013,113.988,11.034,0.706,113.282,emon,0.572,0.546,150.1,70.5,2.13
2026-09-17 21:43:41.061,7.7,0,97,14;0;97;0;8;0;0;0;5;0;0;0;0;0;0;0,1115,4731,4323;3787;4725;4731;1259;1297;1255;1255;1340;1208;1159;1165;1154;1155;1115;1125,0.0,0.0,5207.4,0,0,0,0,0,0.0,0,0,0,0,0,0,0,0,0.0,0,0,0,0,0,0.0,0.0,0.0,0,0,0,78.1,20.09,7.8,0.37,35.69,20.2,63.4,64.46234607696533,0.0063798679038882256,1.0080493688583374,0.10098808258771896,0.0,1199.0,0.0,0.0,0.0,0.0,50.06531073525548,0.0,0.0,0.0,0.0,0.0,450.0,5207.4,0.0,0.0,108.668,0.756,109.424,8.431,0.54,108.884,emon,0.579,0.503,150.1,69.4,2.161
2026-09-17 21:43:42.062,8.6,0,98,24;0;98;0;12;0;0;0;3;0;0;0;0;0;0;0,957,4720,4085;4318;4720;4708;1479;1243;1212;1201;1318;1215;1209;1188;1137;1119;997;957,0.0,0.0,5207.4,0,0,0,0,0,0.0,0,0,0,0,0,0,0,0,0.0,0,0,0,0,0,0.0,0.0,0.0,0,0,0,76.1,20.09,7.8,0.37,35.69,20.2,63.4,96.7859001159668,0.008967324160039425,0.815308690071106,0.0812523141503334,0.0,899.0,0.0,0.0,0.0,0.0,50.303108125925064,0.0,0.0,0.0,0.0,0.0,450.0,5207.4,0.0,0.0,108.668,0.756,109.424,8.431,0.54,108.884,emon,0.579,0.503,150.1,69.4,2.161
2026-09-17 21:43:43.062,8.2,0,94,17;5;94;0;11;0;0;0;5;0;0;0;0;0;0;0,907,4723,4082;4475;4723;4719;1495;1489;1162;1209;1487;1564;1631;1589;1138;1092;1006;907,0.0,0.0,5207.4,0,0,0,0,0,0.0,0,0,0,0,0,0,0,0,0.0,0,0,0,0,0,0.0,0.0,0.0,0,0,0,77.1,20.09,7.8,0.37,35.69,20.2,63.4,97.08550643920898,0.008798109367489815,0.9303395748138428,0.092837393283844,0.0,599.0,0.0,0.0,0.0,0.0,50.40462538599968,0.0,0.0,0.0,0.0,0.0,450.0,5207.4,0.0,0.0,108.668,0.756,109.424,8.431,0.54,108.884,emon,0.579,0.503,150.1,69.4,2.161
2026-09-17 21:43:44.063,11.5,0,97,6;48;97;0;3;12;0;0;0;11;2;0;0;5;0;0,792,4597,3855;4258;4597;4404;1224;2224;1221;1131;1164;2268;1216;1923;987;1012;1003;792,0.0,0.0,5266.3,0,0,0,0,0,0.0,0,0,0,0,0,0,0,0,0.0,0,0,0,0,0,0.0,0.0,0.0,0,0,0,70.1,20.59,1.44,0.32,24.44,20.2,63.4,72.17046373089154,20.994293530782063,38.916667222976685,41.08441718419393,26.616663346687954,1799.0,0.0,0.0,66.70374788537931,0.0,0.0,0.0,0.0,0.0,0.0,0.0,450.0,5207.4,0.0,0.0,108.668,0.756,109.424,8.431,0.54,108.884,emon,0.579,0.503,150.1,69.4,2.161
2026-09-17 21:43:45.063,15.1,0,91,9;91;91;2;3;17;0;0;0;27;0;0;0;2;0;0,711,4468,4388;4468;4415;4327;1251;2232;1187;2384;3167;2093;2599;3118;845;829;928;711,88.1,0.0,5266.3,0,0,0,0,0,0.0,0,0,0,0,0,0,0,0,0.0,0,0,0,0,0,0.0,0.0,0.0,0,0,0,69.1,20.59,1.44,0.32,24.44,20.2,63.4,75.88707298702664,14.239184428679032,42.17929346031613,41.432164223243795,32.09367015626695,1799.0,0.0,0.0,63.96021984186437,0.0,5.587814681762312,8.3,58.1,0.0,0.0,0.0,450.0,5266.3,0.0,0.0,108.668,0.756,109.424,8.431,0.54,108.884,emon,0.579,0.503,150.1,69.4,2.161
2026-09-17 21:43:46.063,14.8,0,91,2;89;91;0;0;22;0;0;0;25;0;0;0;9;0;0,712,4465,4421;4465;4407;4407;1190;1844;1177;1506;2141;1941;1560;2022;842;980;890;712,100.0,0.0,5266.3,0,0,0,0,0,0.0,0,0,0,0,0,0,0,0,0.0,0,0,0,0,0,0.0,0.0,0.0,0,0,0,69.1,20.59,1.44,0.32,24.44,20.2,63.4,67.40632472435634,14.500527567333645,41.17103820376926,41.12450864579942,31.880134688483345,1799.0,0.0,0.0,63.91127015603706,0.0,0.0,14.1,98.9,0.0,0.0,0.0,450.0,5266.3,0.0,0.0,108.668,0.756,109.424,8.431,0.54,108.884,emon,0.579,0.503,150.1,69.4,2.161
2026-09-17 21:43:47.064,14.7,0,92,11;90;92;0;3;14;0;0;0;22;0;0;0;3;0;0,759,4448,4340;4448;4400;4052;1219;1971;1809;1623;2032;2189;1968;2730;759;973;896;935,86.3,0.0,5266.3,0,0,0,0,0,0.0,0,0,0,0,0,0,0,0,0.0,0,0,0,0,0,0.0,0.0,0.0,0,0,0,69.1,20.59,1.44,0.32,24.44,20.2,63.4,67.09843099117279,14.628340986039904,41.16642798317803,41.892982165018715,31.85193655225966,1799.0,0.0,0.0,63.911128383336795,0.0,0.0,14.0,98.1,0.0,0.0,0.0,450.0,5266.3,0.0,0.0,108.668,0.756,109.424,8.431,0.54,108.884,emon,0.579,0.503,150.1,69.4,2.161
2026-09-17 21:43:48.064,15.1,0,97,5;97;94;2;3;20;3;0;0;11;0;2;0;6;0;0,781,4447,4118;4447;4360;4245;1371;1998;1109;1526;2419;2099;1668;1792;781;956;807;855,94.9,0.0,5266.3,0,0,0,0,0,0.0,0,0,0,0,0,0,0,0,0.0,0,0,0,0,0,0.0,0.0,0.0,0,0,0,72.1,19.84,11.52,0.4,42.2,20.2,63.4,68.98386842012405,15.37124686770969,43.110449896918404,43.893018298678925,33.73478974236382,1799.0,0.0,0.0,63.92493081015224,0.0,0.0,14.1,98.7,0.0,0.0,0.0,450.0,5266.3,0.0,0.0,108.668,0.756,109.424,8.431,0.54,108.884,emon,0.579,0.503,150.1,69.4,2.161
2026-09-17 21:43:49.064,14.9,0,97,10;86;97;0;3;12;3;0;0;17;3;0;0;5;2;0,681,4459,4378;4459;4437;4174;1343;1735;2707;2145;1352;2335;1051;1684;834;1106;1026;681,88.0,0.0,5266.3,0,0,0,0,0,0.0,0,0,0,0,0,0,0,0,0.0,0,0,0,0,0,0.0,0.0,0.0,0,0,0,68.1,19.84,11.52,0.4,42.2,20.2,63.4,73.41284473240376,15.657949447631836,43.90747535228729,44.74983286857605,33.94229334592819,1799.0,0.0,0.0,65.68091836536769,0.0,0.0,14.1,98.8,0.0,0.0,0.0,450.0,5266.3,0.0,0.0,108.668,0.756,109.424,8.431,0.54,108.884,emon,0.579,0.503,150.1,69.4,2.161
2026-09-17 21:43:50.065,15.8,0,97,5;94;97;5;2;8;3;2;3;19;2;2;0;5;6;3,1061,4418,4174;4418;4333;4030;2729;2217;3091;3364;3181;2400;3156;3222;1061;1461;1063;1170,99.0,0.0,5269.4,0,0,0,0,0,0.0,0,0,0,0,0,0,0,0,0.0,0,0,0,0,0,0.0,0.0,0.0,0,0,0,69.1,19.84,11.52,0.4,42.2,20.2,63.4,71.62504538367776,15.410876947290758,42.932300455429974,43.818408853867474,33.019008075489715,1799.0,0.0,0.0,64.75581552132087,0.0,0.0,14.1,99.0,0.0,0.0,0.0,450.0,5266.3,0.0,0.0,108.668,0.756,109.424,8.431,0.54,108.884,emon,0.579,0.503,150.1,69.4,2.161
2026-09-17 21:43:51.065,14.3,0,97,11;86;97;2;0;12;2;0;0;12;0;0;0;5;0;2,655,4432,4349;4432;4314;4227;1295;1889;2517;1504;1178;2185;1346;2680;682;1079;655;1025,99.0,0.0,5269.4,0,0,0,0,0,0.0,0,0,0,0,0,0,0,0,0.0,0,0,0,0,0,0.0,0.0,0.0,0,0,0,69.1,19.84,11.52,0.4,42.2,20.2,63.4,68.07976570725441,15.20900708436966,42.19919443130493,43.19163918495178,32.78906798362732,1799.0,0.0,0.0,62.54049373004818,0.0,0.0,14.2,99.0,0.0,0.0,0.0,450.0,5269.4,0.0,0.0,108.668,0.756,109.424,8.431,0.54,108.884,emon,0.579,0.503,150.1,69.4,2.161
2026-09-17 21:43:52.066,14.7,0,96,5;96;88;2;0;16;2;0;0;23;0;0;0;5;0;0,586,4460,4446;4460;4435;4274;1316;2206;2717;1305;2103;2014;1628;1753;586;1082;728;742,100.0,0.0,5269.4,0,0,0,0,0,0.0,0,0,0,0,0,0,0,0,0.0,0,0,0,0,0,0.0,0.0,0.0,0,0,0,67.1,19.73,11.58,0.4,42.16,20.2,63.4,71.74152195453644,13.814571252069436,38.7367929816246,39.60058077201247,29.542099630832674,1799.0,0.0,0.0,60.059648857265714,0.0,2.507206132938154,14.1,99.0,0.0,0.0,0.0,450.0,5269.4,0.0,0.0,108.668,0.756,109.424,8.431,0.54,108.884,emon,0.579,0.503,150.1,69.4,2.161
2026-09-17 21:43:53.066,15.5,0,92,6;89;92;5;9;20;3;0;0;19;3;0;0;2;0;0,833,4470,3856;4470;4361;4285;1238;2152;1637;1392;1944;1911;2951;1770;1029;1102;833;1021,100.0,0.0,5265.4,0,0,0,0,0,0.0,0,0,0,0,0,0,0,0,0.0,0,0,0,0,0,0.0,0.0,0.0,0,0,0,70.1,19.73,11.58,0.4,42.16,20.2,63.4,72.34655909240246,15.566700398921967,43.81880021095276,44.73110210895538,33.34109193086624,1799.0,0.0,0.0,65.6733758172486,0.0,0.0,14.2,99.1,0.0,0.0,0.0,450.0,5265.4,0.0,0.0,112.554,0.659,113.214,8.466,0.542,112.672,emon,0.571,0.342,150.0,69.7,2.151
2026-09-17 21:43:54.067,17.0,0,92,17;83;92;3;0;25;3;0;0;35;0;0;0;12;0;0,740,4380,4291;4380;4364;4124;1616;2437;2356;2107;2401;2734;2421;1825;740;1038;766;812,93.1,0.0,5265.4,0,0,0,0,0,0.0,0,0,0,0,0,0,0,0,0.0,0,0,0,0,0,0.0,0.0,0.0,0,0,0,63.1,19.73,11.58,0.4,42.16,20.2,63.4,96.58934961269104,9.949331038034966,33.41811346812965,30.812355172936044,20.959640421557662,1799.0,0.0,0.0,49.838786648493944,0.0,44.871874941153045,14.2,99.2,0.0,0.0,0.0,450.0,5265.4,0.0,0.0,112.554,0.659,113.214,8.466,0.542,112.672,emon,0.571,0.342,150.0,69.7,2.151
2026-09-17 21:43:55.067,17.9,0,92,16;92;89;10;3;32;3;0;0;33;0;0;0;9;0;0,627,4374,4220;4374;4372;4220;1603;2826;2580;2210;3005;2843;2457;1963;627;1060;907;811,86.4,0.0,5214.3,0,0,0,0,0,0.0,0,0,0,0,0,0,0,0,0.0,0,0,0,0,0,0.0,0.0,0.0,0,0,0,62.1,19.73,11.58,0.4,42.16,20.2,63.4,97.9504552897285,9.198252878526189,32.26708452865189,27.928116533247863,20.056135461676647,1799.0,0.0,0.0,50.7841431096009,0.0,47.15097136077229,14.0,97.4,0.0,0.0,0.0,450.0,5214.3,0.0,0.0,112.554,0.659,113.214,8.466,0.542,112.672,emon,0.571,0.342,150.0,69.7,2.151
2026-09-17 21:43:56.067,17.8,0,91,12;84;91;0;3;41;0;0;0;37;2;0;0;12;2;2,620,4377,4377;4362;4340;4283;1653;2752;1844;1716;2401;2735;3010;2612;620;1232;1401;1009,97.1,0.0,5200.9,0,0,0,0,0,0.0,0,0,0,0,0,0,0,0,0.0,0,0,0,0,0,0.0,0.0,0.0,0,0,0,64.1,19.71,11.72,0.4,42.18,20.3,63.4,93.74253127381608,10.929144364957875,37.705907838570106,35.45812407991773,22.305432002904226,1799.0,0.0,0.0,53.52866092721642,0.0,39.588438949373476,14.0,97.7,0.0,0.0,0.0,450.0,5200.9,0.0,0.0,112.554,0.659,113.214,8.466,0.542,112.672,emon,0.571,0.342,150.0,69.7,2.151
2026-09-17 21:43:57.090,16.0,0,90,12;85;90;3;0;24;0;0;0;34;0;0;0;6;3;0,624,4370,4190;4370;4352;4223;1464;2461;1687;1910;2902;2462;1207;2721;624;1250;1112;986,100.0,0.0,5222.4,0,0,0,0,0,0.0,0,0,0,0,0,0,0,0,0.0,0,0,0,0,0,0.0,0.0,0.0,0,0,0,62.1,19.71,11.72,0.4,42.18,20.3,63.4,73.61354195444207,15.055111985457572,42.61580206218519,44.251720328080026,30.889329203257436,1799.0,0.0,0.0,63.19753036442164,0.0,5.310992764295071,14.1,97.5,0.0,0.0,0.0,450.0,5222.5,0.0,0.0,112.554,0.659,113.214,8.466,0.542,112.672,emon,0.571,0.342,150.0,69.7,2.151
2026-09-17 21:43:58.091,15.3,0,94,5;92;94;0;0;18;0;0;0;28;2;0;0;6;0;0,627,4417,4381;4417;4383;4084;1351;2071;1650;2609;1778;2383;1323;1771;627;1138;964;824,100.0,0.0,5222.4,0,0,0,0,0,0.0,0,0,0,0,0,0,0,0,0.0,0,0,0,0,0,0.0,0.0,0.0,0,0,0,65.1,19.71,11.72,0.4,42.18,20.3,63.4,77.6481717933308,13.033264243424954,36.08018444343047,36.977992960675195,27.508064313368365,1799.0,0.0,0.0,59.16803824421103,0.0,13.758909357473964,14.1,98.4,0.0,0.0,0.0,450.0,5222.4,0.0,0.0,112.554,0.659,113.214,8.466,0.542,112.672,emon,0.571,0.342,150.0,69.7,2.151
2026-09-17 21:43:59.091,15.8,0,86,2;84;86;2;0;28;0;2;0;31;2;0;0;14;3;0,811,4392,4227;4343;4392;4037;1407;2217;1895;2752;1365;2141;1972;2339;829;1074;887;811,93.3,0.0,5227.2,0,0,0,0,0,0.0,0,0,0,0,0,0,0,0,0.0,0,0,0,0,0,0.0,0.0,0.0,0,0,0,65.1,19.71,11.72,0.4,42.18,20.2,63.4,69.44363015227847,15.259320497512817,42.18540647294786,43.69112650553385,32.16463862525092,1799.0,0.0,0.0,63.92621195569841,0.0,0.0,14.2,99.0,0.0,0.0,0.0,450.0,5227.2,0.0,0.0,112.554,0.659,113.214,8.466,0.542,112.672,emon,0.571,0.342,150.0,69.7,2.151
2026-09-17 21:44:00.092,17.9,0,60,16;52;35;6;0;55;5;0;0;34;0;0;0;60;13;11,1061,2865,1805;1586;1871;1139;1235;1299;1309;1862;1697;1246;1795;2865;1077;1134;1061;1084,0.1,0.0,5221.6,0,0,0,0,0,0.0,0,0,0,0,0,0,0,0,0.0,0,0,0,0,0,0.0,0.0,0.0,0,0,0,34.1,17.26,11.5,0.4,39.27,20.2,63.4,100.00000346790661,13.47099156813188,77.28547182950106,69.0055424083363,59.144683837890625,1799.0,0.0,0.0,99.99999653209339,0.0,0.0,14.2,97.5,0.0,0.0,0.0,450.0,5225.6,0.0,0.0,112.554,0.659,113.214,8.466,0.542,112.672,emon,0.571,0.342,150.0,69.7,2.151
2026-09-17 21:44:01.092,19.6,0,64,18;59;49;3;0;52;5;0;0;34;0;0;6;64;11;12,1016,1719,1384;1719;1715;1296;1255;1385;1378;1362;1016;1307;1288;1137;1164;1256;1143;1340,0.1,0.0,5221.6,0,0,0,0,0,0.0,0,0,0,0,0,0,0,0,0.0,0,0,0,0,0,0.0,0.0,0.0,0,0,0,32.1,17.26,11.5,0.4,39.27,20.2,63.4,99.0614746419877,9.994788656561331,38.31139492648871,36.04239822136615,24.694959428161383,1799.0,0.0,0.0,50.91536518268123,3.6927276262965227,47.67043253821167,14.3,100.0,0.0,0.0,0.0,450.0,5221.6,0.0,0.0,112.554,0.659,113.214,8.466,0.542,112.672,emon,0.571,0.342,150.0,69.7,2.151
2026-09-17 21:44:02.093,17.5,0,73,6;40;31;6;0;38;0;0;0;73;0;0;5;59;8;12,1005,1912,1637;1789;1833;1912;1188;1347;1005;1533;1607;1549;1271;1477;1256;1225;1118;1014,100.0,0.0,5204.5,0,0,0,0,0,0.0,0,0,0,0,0,0,0,0,0.0,0,0,0,0,0,0.0,0.0,0.0,0,0,0,32.1,17.26,11.5,0.4,39.27,20.2,63.4,98.77025164498224,7.4718346321115305,29.37530118285441,24.573939290969005,17.546550914353016,1799.0,0.0,0.0,51.79552961377963,0.0,45.635083272914294,14.3,98.5,0.0,0.0,0.0,450.0,5220.1,0.0,0.0,112.554,0.659,113.214,8.466,0.542,112.672,emon,0.571,0.342,150.0,69.7,2.151
2026-09-17 21:44:03.093,19.3,0,66,18;39;52;6;0;55;5;0;0;66;0;0;2;51;9;6,1145,3348,2641;2637;3348;2590;1350;1691;1874;2465;1905;1814;2620;2319;1145;1347;1319;1169,43.2,0.0,5220.1,0,0,0,0,0,0.0,0,0,0,0,0,0,0,0,0.0,0,0,0,0,0,0.0,0.0,0.0,0,0,0,40.1,17.26,11.5,0.4,39.27,20.3,63.4,98.40361197392146,10.743989302838843,41.987170579036075,39.212699458996454,21.897538125639162,1799.0,0.0,0.0,53.414311859337616,0.0,44.651454229973574,14.2,99.5,0.0,0.0,0.0,450.0,5220.1,0.0,0.0,112.554,0.659,113.214,8.466,0.542,112.672,emon,0.571,0.342,150.0,69.7,2.151
2026-09-17 21:44:04.094,10.6,0,64,0;28;22;0;0;31;0;0;0;64;3;0;2;6;13;2,1033,2946,1693;1978;1986;2025;1956;1356;1670;2946;1572;1520;1509;2655;1033;1180;1177;1114,1.0,0.0,5241.1,0,0,0,0,0,0.0,0,0,0,0,0,0,0,0,0.0,0,0,0,0,0,0.0,0.0,0.0,0,0,0,32.1,4.13,8.0,0.38,19.88,20.3,63.4,73.75235444307327,0.5802544377511367,19.52074819803238,16.786782182753086,2.289892545679322,1184.15625,0.0,0.0,0.0,0.0,50.17615788674448,8.4,56.6,0.0,0.0,0.0,450.0,5241.1,0.0,0.0,112.554,0.659,113.214,8.466,0.542,112.672,emon,0.571,0.342,150.0,69.7,2.151
2026-09-17 21:44:05.094,10.6,0,81,0;23;30;0;0;31;0;0;0;81;0;0;0;2;0;3,1092,1556,1556;1523;1531;1318;1224;1335;1092;1211;1333;1445;1375;1332;1096;1166;1104;1117,0.4,0.0,5216.9,0,0,0,0,0,0.0,0,0,0,0,0,0,0,0,0.0,0,0,0,0,0,0.0,0.0,0.0,0,0,0,31.1,4.13,8.0,0.38,19.88,20.3,63.4,64.95576654161725,0.36488824444157736,19.08911623273577,17.258524077279226,2.634933759857501,1199.0,0.0,0.0,0.0,0.0,50.08363666651504,0.1,0.0,0.0,0.0,0.0,450.0,5216.9,0.0,0.0,78.191,0.886,79.076,18.823,1.205,77.871,emon,0.616,0.497,173.0,80.5,2.149
2026-09-17 21:44:06.094,11.5,0,48,3;22;44;0;0;45;0;0;0;48;0;0;0;18;3;0,1106,3807,3192;2486;3027;3807;1542;1574;1973;1796;1346;1597;2093;1288;1106;1559;1274;1723,3.9,0.0,5238.3,0,0,0,0,0,0.0,0,0,0,0,0,0,0,0,0.0,0,0,0,0,0,0.0,0.0,0.0,0,0,0,38.1,4.13,8.0,0.38,19.88,20.3,63.4,77.97946517944337,0.3597487635537982,18.221740474700926,16.168957008719445,1.9952377190208062,1135.0,0.0,0.0,0.0,0.0,48.13850753068924,0.1,0.0,0.0,0.0,0.0,450.0,5216.9,0.0,0.0,78.191,0.886,79.076,18.823,1.205,77.871,emon,0.616,0.497,173.0,80.5,2.149
2026-09-17 21:44:07.095,10.4,0,72,3;28;23;0;0;72;0;0;0;37;0;0;0;2;2;0,964,1708,1708;1425;1412;1492;1339;1474;1500;1357;1197;1323;1361;1208;970;990;977;964,3.9,0.0,5238.3,0,0,0,0,0,0.0,0,0,0,0,0,0,0,0,0.0,0,0,0,0,0,0.0,0.0,0.0,0,0,0,31.1,4.13,8.0,0.38,19.88,20.2,63.4,98.01857206556532,0.29475493020274574,18.6038852069113,16.073627673503424,2.2791727984117136,1103.1666666666667,0.0,0.0,0.0,0.0,50.24576925817463,0.3,0.0,0.0,0.0,0.0,450.0,5238.3,0.0,0.0,78.191,0.886,79.076,18.823,1.205,77.871,emon,0.616,0.497,173.0,80.5,2.149
2026-09-17 21:44:08.095,11.2,0,69,3;20;31;2;0;69;0;0;0;30;0;0;5;19;0;2,852,1767,1767;1645;1560;1523;1748;1499;1748;1581;1113;1376;1097;852;1176;1108;978;992,0.5,0.0,5238.3,0,0,0,0,0,0.0,0,0,0,0,0,0,0,0,0.0,0,0,0,0,0,0.0,0.0,0.0,0,0,0,31.1,2.7,0.03,0.32,4.71,20.3,63.4,97.69481905768899,0.3367675008142696,20.149747792412253,17.36046538633459,2.37319404719507,1099.0,0.0,0.0,0.0,0.0,50.61763376348159,0.1,0.0,0.0,0.0,0.0,450.0,5219.3,0.0,0.0,78.191,0.886,79.076,18.823,1.205,77.871,emon,0.616,0.497,173.0,80.5,2.149
2026-09-17 21:44:09.096,17.0,0,59,9;45;42;3;0;59;0;0;0;44;0;3;3;41;11;11,826,1693,1481;1375;1377;1693;1334;1420;1419;1466;1212;1301;1170;826;842;1136;1118;948,1.2,0.0,5276.6,0,0,0,0,0,0.0,0,0,0,0,0,0,0,0,0.0,0,0,0,0,0,0.0,0.0,0.0,0,0,0,32.1,2.7,0.03,0.32,4.71,20.3,63.4,99.9558865947108,6.433715826080691,41.02649196501701,36.37557349666472,28.687354903067313,1799.0,0.0,0.0,67.79081748972737,0.0,32.58799331314813,6.9,47.9,0.0,0.0,0.0,450.0,5276.6,0.0,0.0,78.191,0.886,79.076,18.823,1.205,77.871,emon,0.616,0.497,173.0,80.5,2.149
2026-09-17 21:44:10.097,17.6,0,70,6;55;37;2;0;70;0;0;0;32;0;0;5;60;11;3,935,2941,2299;1525;1762;2094;1331;1464;2044;2941;1136;1242;1284;1167;1088;1170;1042;935,0.1,0.0,5276.6,0,0,0,0,0,0.0,0,0,0,0,0,0,0,0,0.0,0,0,0,0,0,0.0,0.0,0.0,0,0,0,32.1,2.7,0.03,0.32,4.71,20.3,63.4,97.37619418711276,9.819966975826066,51.955904335589025,45.40361515090272,37.14974007735381,1799.0,0.0,0.0,64.96200055613913,0.0,32.73477470903654,14.3,99.9,0.0,0.0,0.0,450.0,5276.6,0.0,0.0,78.191,0.886,79.076,18.823,1.205,77.871,emon,0.616,0.497,173.0,80.5,2.149
2026-09-17 21:44:11.097,17.9,0,61,25;41;43;11;0;44;5;0;2;31;0;0;8;61;9;8,944,2460,2355;2267;2460;2156;1651;1516;2067;1794;944;1508;1701;1459;1154;1373;1095;988,61.0,0.0,5309.2,0,0,0,0,0,0.0,0,0,0,0,0,0,0,0,0.0,0,0,0,0,0,0.0,0.0,0.0,0,0,0,34.1,2.7,0.03,0.32,4.71,20.3,63.4,98.90544083677692,9.699300280013293,38.90372104997988,36.128757466320636,24.477597970378415,1799.0,0.0,0.0,54.42919837552364,0.0,42.36496671993752,14.2,98.1,0.0,0.0,0.0,450.0,5309.2,0.0,0.0,78.191,0.886,79.076,18.823,1.205,77.871,emon,0.616,0.497,173.0,80.5,2.149
2026-09-17 21:44:12.098,17.6,0,62,19;47;42;5;0;35;2;2;0;62;2;2;6;51;5;5,845,1458,1458;1346;1313;1428;1287;1157;1184;1058;1341;1326;1337;1416;845;1087;935;873,61.0,0.0,5309.2,0,0,0,0,0,0.0,0,0,0,0,0,0,0,0,0.0,0,0,0,0,0,0.0,0.0,0.0,0,0,0,32.1,3.0,8.82,0.38,19.49,20.3,63.4,92.74994200926561,11.772428769331713,72.6020766038161,63.593910217285156,56.36100651667668,1799.0,0.0,0.0,92.31099676598723,0.0,0.0,14.3,99.6,0.0,0.0,0.0,450.0,5309.2,0.0,0.0,78.191,0.886,79.076,18.823,1.205,77.871,emon,0.616,0.497,173.0,80.5,2.149
2026-09-17 21:44:13.098,18.9,0,64,16;59;45;3;0;42;2;0;0;64;0;0;3;52;11;6,917,3178,2706;2627;3056;3178;1753;1839;2112;1968;1364;1811;2555;1994;917;1306;1036;1158,0.0,0.0,5309.2,0,0,0,0,0,0.0,0,0,0,0,0,0,0,0,0.0,0,0,0,0,0,0.0,0.0,0.0,0,0,0,39.1,3.0,8.82,0.38,19.49,20.3,63.4,99.5307178174035,9.244252767150769,39.375020819868745,35.64175468746383,22.654602119478128,1799.0,0.0,0.0,50.96209723371907,0.0,46.7799069617834,14.3,99.4,0.0,0.0,0.0,450.0,5287.8,0.0,0.0,78.191,0.886,79.076,18.823,1.205,77.871,emon,0.616,0.497,173.0,80.5,2.149
2026-09-17 21:44:14.099,17.8,0,41,32;30;28;5;0;16;30;0;0;20;32;0;6;35;41;11,797,1827,1827;1775;1754;1700;1313;1205;1329;1655;1140;1339;1333;1176;961;935;1095;797,100.0,0.0,5307.5,0,0,0,0,0,0.0,0,0,0,0,0,0,0,0,0.0,0,0,0,0,0,0.0,0.0,0.0,0,0,0,34.1,3.0,8.82,0.38,19.49,20.3,63.4,98.93006955385208,10.229784219968133,41.96461336612701,39.34266965780407,28.61807595640421,1799.0,0.0,0.0,56.3747888271464,0.0,42.88988012747616,14.3,99.0,0.0,0.0,0.0,450.0,5307.5,0.0,0.0,78.191,0.886,79.076,18.823,1.205,77.871,emon,0.616,0.497,173.0,80.5,2.149
2026-09-17 21:44:15.100,19.3,0,73,46;8;38;14;0;0;41;5;0;0;65;0;5;11;73;6,975,2365,1414;1470;1335;1479;1421;1128;1322;1354;1863;2365;1472;1495;1133;1060;1221;975,100.0,0.0,5273.4,0,0,0,0,0,0.0,0,0,0,0,0,0,0,0,0.0,0,0,0,0,0,0.0,0.0,0.0,0,0,0,32.1,3.0,8.82,0.38,19.49,20.3,63.4,97.49006202587715,10.4352983264163,41.51176122773904,39.10106760163147,27.77393402961584,1799.0,0.0,0.0,54.933751549625484,0.0,42.68696086839782,14.2,99.2,0.0,0.0,0.0,450.0,5273.4,0.0,0.0,78.191,0.886,79.076,18.823,1.205,77.871,emon,0.616,0.497,173.0,80.5,2.149
2026-09-17 21:44:16.103,18.5,0,61,39;18;45;5;0;0;53;0;0;0;45;0;14;5;61;11,929,3391,2588;2501;3090;3391;1852;1659;1680;2494;2218;1402;1667;1784;929;986;1245;954,1.9,0.0,5306.9,0,0,0,0,0,0.0,0,0,0,0,0,0,0,0,0.0,0,0,0,0,0,0.0,0.0,0.0,0,0,0,38.1,4.04,9.36,0.39,22.19,20.3,63.4,100.00195761743535,9.975825033221525,40.74785556283018,38.603076644430914,21.101396968689876,1799.0,0.0,0.0,47.811414546115785,0.0,48.33015420187323,14.3,99.2,0.0,0.0,0.0,450.0,5275.1,0.0,0.0,78.191,0.886,79.076,18.823,1.205,77.871,emon,0.616,0.497,173.0,80.5,2.149
2026-09-17 21:44:17.105,18.5,0,68,34;29;40;4;0;0;41;2;0;0;49;0;3;12;68;14,872,1752,1752;1425;1744;1153;1171;1166;1476;872;1145;1155;1375;1214;986;1028;1238;1181,0.7,0.0,5289.8,0,0,0,0,0,0.0,0,0,0,0,0,0,0,0,0.0,0,0,0,0,0,0.0,0.0,0.0,0,0,0,33.1,4.04,9.36,0.39,22.19,20.5,63.4,100.00192186909337,10.685986420620353,46.353675340452504,41.887609652934536,31.321259708894836,1799.0,0.0,0.0,58.17225475933763,0.0,42.313713305981146,14.3,98.7,0.0,0.0,0.0,450.0,5311.2,0.0,0.0,77.614,0.858,78.472,21.706,1.389,77.083,emon,0.602,0.469,190.7,89.3,2.135
2026-09-17 21:44:18.106,17.2,0,64,35;8;46;2;0;0;64;0;0;0;44;0;14;9;45;8,847,2124,1170;847;1061;2124;1376;1185;1325;2098;1540;1152;1305;1392;973;968;1034;866,0.7,0.0,5289.8,0,0,0,0,0,0.0,0,0,0,0,0,0,0,0,0.0,0,0,0,0,0,0.0,0.0,0.0,0,0,0,30.1,4.04,9.36,0.39,22.19,20.3,63.4,98.27241802215576,8.110267362305118,48.34511613845825,43.243061562379204,34.04062399143974,1799.0,0.0,0.0,60.46883126208559,0.0,37.80022282613535,14.3,99.1,0.0,0.0,0.0,450.0,5274.4,0.0,0.0,77.614,0.858,78.472,21.706,1.389,77.083,emon,0.602,0.469,190.7,89.3,2.135
2026-09-17 21:44:19.106,17.8,0,82,42;22;23;3;0;0;59;5;0;0;34;0;6;0;82;9,977,1699,1514;1429;1699;1009;1231;1383;1491;1174;1199;1199;1327;1237;1034;1013;1108;977,0.0,0.0,5274.4,0,0,0,0,0,0.0,0,0,0,0,0,0,0,0,0.0,0,0,0,0,0,0.0,0.0,0.0,0,0,0,31.1,4.04,9.36,0.39,22.19,20.3,63.4,99.2800095995566,9.184397668234611,41.62758069289358,37.37749777689464,27.10510107135414,1799.0,0.0,0.0,54.254101692166714,0.0,45.51432174019053,14.3,99.9,0.0,0.0,0.0,450.0,5214.7,0.0,0.0,77.614,0.858,78.472,21.706,1.389,77.083,emon,0.602,0.469,190.7,89.3,2.135
2026-09-17 21:44:20.107,16.8,0,59,48;6;30;9;0;0;59;0;0;0;30;0;9;6;58;12,873,2418,1910;2418;1834;2274;1294;1187;1403;2187;1103;1108;1279;984;1060;962;1153;873,0.4,0.0,5214.7,0,0,0,0,0,0.0,0,0,0,0,0,0,0,0,0.0,0,0,0,0,0,0.0,0.0,0.0,0,0,0,31.1,3.58,9.15,0.39,21.23,20.3,63.4,98.31490830133653,7.638384591325147,41.100045099060914,36.262130118421545,26.254520006158206,1799.0,0.0,0.0,52.17697697752927,0.0,46.5454163287543,14.2,98.6,0.0,0.0,0.0,450.0,5214.7,0.0,0.0,77.614,0.858,78.472,21.706,1.389,77.083,emon,0.602,0.469,190.7,89.3,2.135
2026-09-17 21:44:21.156,16.7,0,67,48;3;49;0;0;0;52;2;0;0;67;0;3;4;25;13,770,1645,1300;1351;1226;1645;1184;1209;1295;973;1320;1302;1351;1030;770;911;1003;846,0.0,0.0,5214.7,0,0,0,0,0,0.0,0,0,0,0,0,0,0,0,0.0,0,0,0,0,0,0.0,0.0,0.0,0,0,0,30.1,3.58,9.15,0.39,21.23,20.4,63.4,99.87971016212747,6.3981344661226975,34.63665334825163,30.529591501862914,23.062913912313956,1799.0,0.0,0.0,53.813914470823,0.0,42.866037136604,14.3,99.7,0.0,0.0,0.0,450.0,5214.7,0.0,0.0,77.614,0.858,78.472,21.706,1.389,77.083,emon,0.602,0.469,190.7,89.3,2.135
2026-09-17 21:44:22.157,17.2,0,59,33;17;36;6;0;0;41;0;0;0;55;0;3;14;59;11,854,1630,1119;1173;1630;1324;1183;1164;1197;1143;1272;1316;1390;978;868;972;1055;854,100.0,0.0,5229.4,0,0,0,0,0,0.0,0,0,0,0,0,0,0,0,0.0,0,0,0,0,0,0.0,0.0,0.0,0,0,0,30.1,3.58,9.15,0.39,21.23,20.3,63.4,98.67382076605043,10.154536266380282,45.35028598557657,39.5369552656341,27.08468417044896,1799.0,0.0,0.0,56.81763971302269,0.0,42.3041426656042,14.3,99.5,0.0,0.0,0.0,450.0,5229.4,0.0,0.0,77.614,0.858,78.472,21.706,1.389,77.083,emon,0.602,0.469,190.7,89.3,2.135
2026-09-17 21:44:23.158,18.9,0,65,57;25;38;13;0;0;27;0;0;0;43;0;8;17;65;12,854,1430,1347;1430;1359;867;1263;1195;1129;1231;1211;1217;1297;1182;997;1002;1156;854,49.8,0.0,5229.4,0,0,0,0,0,0.0,0,0,0,0,0,0,0,0,0.0,0,0,0,0,0,0.0,0.0,0.0,0,0,0,31.1,3.58,9.15,0.39,21.23,20.3,63.4,99.99257425161508,11.701973838254045,52.36539416741102,48.34810604613561,34.33111267059277,1799.0,0.0,0.0,64.155804375097,0.0,36.224620241078114,14.2,99.2,0.0,0.0,0.0,450.0,5229.4,0.0,0.0,77.614,0.858,78.472,21.706,1.389,77.083,emon,0.602,0.469,190.7,89.3,2.135
2026-09-17 21:44:24.158,16.4,0,65,36;11;41;2;0;0;34;0;0;0;65;0;12;2;55;5,932,2093,1528;1531;1668;932;2093;1214;1274;1199;1331;1380;1466;1228;1091;1034;1147;1021,49.8,0.0,5229.4,0,0,0,0,0,0.0,0,0,0,0,0,0,0,0,0.0,0,0,0,0,0,0.0,0.0,0.0,0,0,0,32.1,2.05,8.1,0.39,17.53,20.3,63.4,98.93705680574689,9.12118179508618,42.105310546330045,38.90395691054208,26.44078030705452,1799.0,0.0,0.0,53.2325022483963,0.0,46.11497635252418,14.2,99.6,0.0,0.0,0.0,450.0,5229.4,0.0,0.0,77.614,0.858,78.472,21.706,1.389,77.083,emon,0.602,0.469,190.7,89.3,2.135
2026-09-17 21:44:25.213,17.8,0,71,38;9;38;0;0;0;35;2;0;0;71;0;9;12;44;28,857,1955,1558;1568;1450;1474;1426;1356;1263;1699;1955;1367;1441;1658;857;948;1045;966,96.3,0.0,5215.0,0,0,0,0,0,0.0,0,0,0,0,0,0,0,0,0.0,0,0,0,0,0,0.0,0.0,0.0,0,0,0,32.1,2.05,8.1,0.39,17.53,20.2,63.4,91.92730665206909,9.09795061747233,76.73290252685547,64.97602462768555,59.21440855662028,1799.0,0.0,0.0,91.66804042520623,0.0,0.0,14.2,99.1,0.0,0.0,0.0,450.0,5215.0,0.0,0.0,77.614,0.858,78.472,21.706,1.389,77.083,emon,0.602,0.469,190.7,89.3,2.135
2026-09-17 21:44:26.214,18.1,0,67,31;16;42;5;0;0;32;0;0;0;42;0;32;9;67;14,936,1340,1189;1155;1231;1307;1094;1129;1207;1340;1079;1104;1338;1162;1087;1090;1216;936,0.5,0.0,5139.3,0,0,0,0,0,0.0,0,0,0,0,0,0,0,0,0.0,0,0,0,0,0,0.0,0.0,0.0,0,0,0,31.1,2.05,8.1,0.39,17.53,20.2,63.4,97.7914162601333,9.588253109603672,42.542852431176655,39.079048247581504,27.792151456855866,1799.0,0.0,0.0,56.74151498227414,0.0,41.339079273455965,14.3,99.6,0.0,0.0,0.0,450.0,5139.3,0.0,0.0,77.614,0.858,78.472,21.706,1.389,77.083,emon,0.602,0.469,190.7,89.3,2.135
2026-09-17 21:44:27.215,15.9,0,73,39;0;29;0;2;0;73;0;0;0;36;2;10;6;43;14,817,2100,1278;1399;1427;1369;1154;1540;1447;1513;2100;1634;1240;1152;817;927;1016;894,0.1,0.0,5139.3,0,0,0,0,0,0.0,0,0,0,0,0,0,0,0,0.0,0,0,0,0,0,0.0,0.0,0.0,0,0,0,31.1,2.05,8.1,0.39,17.53,20.2,63.4,94.18772220611572,7.648590201686602,68.66815374046564,58.01453396119177,53.20908045768738,1799.0,0.0,0.0,81.31509947730228,0.0,12.636089520307905,14.2,99.4,0.0,0.0,0.0,450.0,5139.3,0.0,0.0,77.614,0.858,78.472,21.706,1.389,77.083,emon,0.602,0.469,190.7,89.3,2.135
2026-09-17 21:44:28.216,16.7,0,71,28;19;19;2;0;0;71;3;0;0;23;0;14;9;66;14,827,1984,1223;1408;1228;1129;1312;1984;1358;1104;1626;1865;1236;1590;872;867;969;827,0.1,0.0,5139.2,0,0,0,0,0,0.0,0,0,0,0,0,0,0,0,0.0,0,0,0,0,0,0.0,0.0,0.0,0,0,0,31.1,2.15,8.6,0.39,18.63,20.2,63.4,99.99999791925603,9.62049219825051,83.48613773692738,70.67401747270064,64.49625812877308,1799.0,0.0,0.0,99.99999930641867,0.0,0.0,14.2,99.7,0.0,0.0,0.0,450.0,5139.2,0.0,0.0,77.614,0.858,78.472,21.706,1.389,77.083,emon,0.602,0.469,190.7,89.3,2.135
2026-09-17 21:44:29.216,15.5,0,67,42;2;25;0;0;0;67;0;0;0;32;0;17;6;42;15,827,1275,1002;883;1014;827;1043;1023;1206;1275;1048;1102;1065;1096;980;983;1020;1009,100.0,0.0,5139.2,0,0,0,0,0,0.0,0,0,0,0,0,0,0,0,0.0,0,0,0,0,0,0.0,0.0,0.0,0,0,0,31.1,2.15,8.6,0.39,18.63,20.2,63.4,89.83221136199103,8.650997682422814,57.614724311563705,50.30400770074792,44.44567139943441,1799.0,0.0,0.0,77.8443453113238,0.0,11.221136136531843,14.3,99.9,0.0,0.0,0.0,450.0,5139.2,0.0,0.0,59.177,0.717,59.894,17.632,1.128,58.766,emon,0.619,0.592,267.1,124.9,2.14
2026-09-17 21:44:30.218,15.5,0,55,40;2;37;8;0;0;55;0;0;0;21;0;12;9;42;21,739,1207,1039;862;1165;739;1045;1054;1207;1057;1102;1076;1087;1085;938;896;1011;969,100.0,0.0,5139.2,0,0,0,0,0,0.0,0,0,0,0,0,0,0,0,0.0,0,0,0,0,0,0.0,0.0,0.0,0,0,0,31.1,2.15,8.6,0.39,18.63,20.2,63.4,99.99388987223307,9.673991658290227,67.26089255015056,57.64212967554728,51.918526840209964,1799.0,0.0,0.0,86.727249827981,0.0,13.47349117891766,14.2,99.7,0.0,0.0,0.0,450.0,5139.2,0.0,0.0,59.177,0.717,59.894,17.632,1.128,58.766,emon,0.619,0.592,267.1,124.9,2.14
2026-09-17 21:44:31.219,16.3,0,51,45;11;31;0;0;0;50;3;0;0;31;0;16;3;51;22,872,1337,1215;1337;1223;1326;1068;1179;1150;872;1055;1053;1136;951;967;893;1018;966,96.0,0.0,5139.2,0,0,0,0,0,0.0,0,0,0,0,0,0,0,0,0.0,0,0,0,0,0,0.0,0.0,0.0,0,0,0,31.1,2.15,8.6,0.39,18.63,20.2,63.4,99.99999618530273,8.564158821105957,85.06879425048828,71.15634002685547,65.26500854492187,1799.0,0.0,0.0,100.00000076293945,0.0,0.0,14.3,99.8,0.0,0.0,0.0,450.0,5139.2,0.0,0.0,59.177,0.717,59.894,17.632,1.128,58.766,emon,0.619,0.592,267.1,124.9,2.14
2026-09-17 21:44:32.223,17.1,0,52,38;5;30;3;0;0;37;0;3;0;52;0;10;11;52;34,858,1163,1097;1110;904;1086;1088;1116;1052;1069;990;1089;1163;1156;948;858;1148;1067,0.0,0.0,5139.2,0,0,0,0,0,0.0,0,0,0,0,0,0,0,0,0.0,0,0,0,0,0,0.0,0.0,0.0,0,0,0,30.1,1.16,7.85,0.39,16.11,20.2,63.4,92.11361002922058,7.923698663711548,76.57223065694173,64.45172691345215,56.20756848653158,1799.0,0.0,0.0,91.66896749924247,0.0,0.0,14.3,99.9,0.0,0.0,0.0,450.0,5139.2,0.0,0.0,59.177,0.717,59.894,17.632,1.128,58.766,emon,0.619,0.592,267.1,124.9,2.14
2026-09-17 21:44:33.224,16.4,0,66,35;9;37;5;0;0;26;0;0;0;62;0;5;8;66;10,896,1245,1036;900;985;1029;1146;1112;1205;1245;1139;1202;1208;1081;1003;896;1067;960,0.0,0.0,5139.2,0,0,0,0,0,0.0,0,0,0,0,0,0,0,0,0.0,0,0,0,0,0,0.0,0.0,0.0,0,0,0,30.1,1.16,7.85,0.39,16.11,20.2,63.4,99.99651947021485,9.827139484447738,64.6892180522283,56.80852343638738,48.968871418635054,1799.0,0.0,0.0,86.7358733549714,0.0,13.48298965789242,14.3,100.0,0.0,0.0,0.0,450.0,5139.2,0.0,0.0,59.177,0.717,59.894,17.632,1.128,58.766,emon,0.619,0.592,267.1,124.9,2.14
2026-09-17 21:44:34.225,19.2,2,54,34;14;48;5;2;2;54;2;2;2;51;3;17;18;40;15,909,1188,1144;1188;1002;916;990;964;1142;937;946;994;1118;909;1015;1039;1050;1015,0.0,0.0,5139.2,0,0,0,0,0,0.0,0,0,0,0,0,0,0,0,0.0,0,0,0,0,0,0.0,0.0,0.0,0,0,0,30.1,1.16,7.85,0.39,16.11,20.2,63.4,100.04876912434896,9.154260501886407,64.53526741663615,55.966463604569434,49.155266825358076,1799.0,0.0,0.0,86.77055065731207,0.0,13.508134934648053,14.2,99.6,0.0,0.0,0.0,450.0,5139.2,0.0,0.0,59.177,0.717,59.894,17.632,1.128,58.766,emon,0.619,0.592,267.1,124.9,2.14
2026-09-17 21:44:35.226,16.9,0,54,35;5;46;9;0;0;26;5;0;0;42;0;23;3;54;22,847,1333,1115;847;996;1333;876;1093;1031;847;1142;1134;1072;1074;1123;921;1159;997,0.0,0.0,5139.2,0,0,0,0,0,0.0,0,0,0,0,0,0,0,0,0.0,0,0,0,0,0,0.0,0.0,0.0,0,0,0,30.1,1.16,7.85,0.39,16.11,20.2,63.4,100.0072255452474,10.465667540828386,70.29400809605916,61.300750414530434,52.372477213541664,1799.0,0.0,0.0,86.72911424239477,0.0,13.480069542033986,14.3,100.0,0.0,0.0,0.0,450.0,5139.2,0.0,0.0,59.177,0.717,59.894,17.632,1.128,58.766,emon,0.619,0.592,267.1,124.9,2.14
2026-09-17 21:44:36.227,16.6,0,65,33;12;38;0;0;0;34;0;0;0;30;3;11;15;65;25,806,1235,913;908;963;806;1089;1096;1029;1073;1102;1078;1074;859;1235;1179;1210;1155,0.0,0.0,5139.2,0,0,0,0,0,0.0,0,0,0,0,0,0,0,0,0.0,0,0,0,0,0,0.0,0.0,0.0,0,0,0,29.1,1.03,7.66,0.4,15.61,20.2,63.4,94.0612715780735,10.275062014698051,61.34457056224346,54.25279847625643,48.38695877790451,1799.0,0.0,0.0,81.31494018877856,0.0,12.637316429794964,14.3,99.9,0.0,0.0,0.0,450.0,5139.2,0.0,0.0,59.177,0.717,59.894,17.632,1.128,58.766,emon,0.619,0.592,267.1,124.9,2.14
2026-09-17 21:44:37.227,16.2,0,54,33;15;39;6;0;0;47;0;0;0;34;0;6;6;54;18,843,1174,1036;1174;1079;1054;1060;1119;1094;1108;1136;1123;1133;843;1017;875;1132;1120,11.6,0.0,5139.2,0,0,0,0,0,0.0,0,0,0,0,0,0,0,0,0.0,0,0,0,0,0,0.0,0.0,0.0,0,0,0,30.1,1.03,7.66,0.4,15.61,20.2,63.4,94.48912533591775,9.684745126787353,64.63854868973003,54.61052157948999,48.15137470469755,1799.0,0.0,0.0,82.4152035152211,0.0,11.895918033370917,14.3,99.9,0.0,0.0,0.0,450.0,5139.2,0.0,0.0,59.177,0.717,59.894,17.632,1.128,58.766,emon,0.619,0.592,267.1,124.9,2.14
2026-09-17 21:44:38.228,16.9,0,54,47;17;33;6;0;0;52;0;0;0;29;0;5;3;54;23,870,1188,962;942;918;926;1108;1125;1056;870;1092;1188;1079;1038;1186;982;1157;1179,100.0,0.0,5139.2,0,0,0,0,0,0.0,0,0,0,0,0,0,0,0,0.0,0,0,0,0,0,0.0,0.0,0.0,0,0,0,30.1,1.03,7.66,0.4,15.61,20.2,63.4,94.31111703199498,7.078121299910195,70.0186294036753,58.386826081311,54.62427161721622,1799.0,0.0,0.0,82.41178796385579,0.0,11.881957810281378,14.3,99.8,0.0,0.0,0.0,450.0,5139.2,0.0,0.0,59.177,0.717,59.894,17.632,1.128,58.766,emon,0.619,0.592,267.1,124.9,2.14
2026-09-17 21:44:39.229,16.6,0,52,36;6;47;6;0;2;44;2;0;0;34;3;8;5;52;22,806,1204,1057;1081;981;806;1076;824;1078;847;1107;1057;1030;916;1131;1204;1150;1146,100.0,0.0,5139.2,0,0,0,0,0,0.0,0,0,0,0,0,0,0,0,0.0,0,0,0,0,0,0.0,0.0,0.0,0,0,0,30.1,1.03,7.66,0.4,15.61,20.2,63.4,89.97666027671413,7.643694337310367,65.91809966062245,56.10414300623693,50.28371750681024,1799.0,0.0,0.0,78.99782402038966,5.235608301664653,10.645639921489515,14.3,98.9,0.0,0.0,0.0,450.0,5139.2,0.0,0.0,59.177,0.717,59.894,17.632,1.128,58.766,emon,0.619,0.592,267.1,124.9,2.14
2026-09-17 21:44:40.230,14.4,0,65,37;0;38;0;0;0;65;0;0;0;35;0;9;3;26;17,828,1221,1176;1042;986;828;1196;1131;1119;1221;1103;1141;1085;1045;893;973;1146;1060,100.0,0.0,5139.2,0,0,0,0,0,0.0,0,0,0,0,0,0,0,0,0.0,0,0,0,0,0,0.0,0.0,0.0,0,0,0,30.1,0.95,7.52,0.39,15.25,20.2,63.4,99.98823819841657,9.81431323875274,64.30387268747602,56.48748303204775,48.95858900887625,1799.0,0.0,0.0,85.77950573552933,0.0,14.434570821998802,14.3,99.9,0.0,0.0,0.0,450.0,5139.2,0.0,0.0,43.372,0.377,43.749,9.043,0.579,43.17,emon,0.654,0.326,294.4,136.2,2.161
2026-09-17 21:44:41.231,16.1,0,46,31;13;38;2;0;0;39;0;2;0;34;3;9;11;46;31,806,1200,1020;1002;903;806;1168;1200;1162;1034;810;1022;1053;819;957;1131;1119;1097,100.0,0.0,5139.2,0,0,0,0,0,0.0,0,0,0,0,0,0,0,0,0.0,0,0,0,0,0,0.0,0.0,0.0,0,0,0,30.1,0.95,7.52,0.39,15.25,20.2,63.4,99.9980822971889,9.140179587727678,67.99498882464,57.241761073470116,51.02931935446603,1799.0,0.0,0.0,85.7798090800643,0.0,14.433871771220895,14.3,99.8,0.0,0.0,0.0,450.0,5139.2,0.0,0.0,43.372,0.377,43.749,9.043,0.579,43.17,emon,0.654,0.326,294.4,136.2,2.161
2026-09-17 21:44:42.232,15.0,0,58,30;8;25;2;0;0;58;0;0;0;28;2;11;12;48;18,840,1538,1189;1538;995;840;1202;1183;1205;1217;1196;1121;1075;905;1054;875;1154;980,100.0,0.0,5139.2,0,0,0,0,0,0.0,0,0,0,0,0,0,0,0,0.0,0,0,0,0,0,0.0,0.0,0.0,0,0,0,30.1,0.95,7.52,0.39,15.25,20.2,63.4,90.17415487138848,8.260330834327952,64.19357584652148,54.786325197470816,49.67607578478361,1799.0,0.0,0.0,78.99436845645113,0.0,10.640183448934726,14.2,99.7,0.0,0.0,0.0,450.0,5139.2,0.0,0.0,43.372,0.377,43.749,9.043,0.579,43.17,emon,0.654,0.326,294.4,136.2,2.161
2026-09-17 21:44:43.289,12.4,0,41,32;4;24;4;0;0;41;2;0;0;41;0;7;0;31;12,920,1238,1144;1200;1075;1056;1234;1232;1238;1048;1156;1176;1220;1130;920;1037;1132;990,100.0,0.0,5139.2,0,0,0,0,0,0.0,0,0,0,0,0,0,0,0,0.0,0,0,0,0,0,0.0,0.0,0.0,0,0,0,31.1,1.02,6.62,0.38,13.76,20.2,63.4,50.85048794746399,2.696235179901123,7.954005241394043,8.419018745422363,4.808401584625244,1799.0,0.0,0.0,50.00334239308722,0.0,0.0,10.4,72.5,0.0,0.0,0.0,450.0,5139.2,0.0,0.0,43.372,0.377,43.749,9.043,0.579,43.17,emon,0.654,0.326,294.4,136.2,2.161
2026-09-17 21:44:44.289,6.8,0,34,2;14;17;0;0;0;0;17;0;0;6;34;2;5;0;13,887,1294,1221;1136;1236;1013;1248;1294;1184;1220;1124;1158;1226;1152;1076;887;977;1232,0.0,0.0,5139.2,0,0,0,0,0,0.0,0,0,0,0,0,0,0,0,0.0,0,0,0,0,0,0.0,0.0,0.0,0,0,0,30.1,1.02,6.62,0.38,13.76,20.2,63.4,70.92684745788574,0.0066416943445801735,0.9347928762435913,0.09378734230995178,0.0,1199.0,0.0,0.0,0.0,0.0,50.09875203669071,0.0,0.0,0.0,0.0,0.0,450.0,5139.2,0.0,0.0,43.372,0.377,43.749,9.043,0.579,43.17,emon,0.654,0.326,294.4,136.2,2.161
2026-09-17 21:44:45.290,7.4,0,54,3;8;19;0;0;0;0;20;0;2;0;54;3;0;3;8,1017,1239,1158;1107;1222;1141;1239;1197;1196;1201;1109;1017;1110;1173;1103;1191;1065;1124,0.0,0.0,5139.2,0,0,0,0,0,0.0,0,0,0,0,0,0,0,0,0.0,0,0,0,0,0,0.0,0.0,0.0,0,0,0,30.1,1.02,6.62,0.38,13.76,20.2,63.4,93.98158264160156,0.006618079263716936,0.9239740967750549,0.09271644055843353,0.0,799.0,0.0,0.0,0.0,0.0,50.11055752635002,0.0,0.0,0.0,0.0,0.0,450.0,5139.2,0.0,0.0,43.372,0.377,43.749,9.043,0.579,43.17,emon,0.654,0.326,294.4,136.2,2.161
2026-09-17 21:44:46.290,8.4,0,58,2;21;22;0;0;0;0;13;0;0;0;58;3;2;5;9,780,1302,780;1048;1302;1260;1176;1067;1266;1186;1117;1060;1119;1190;959;994;1169;1214,0.0,0.0,5139.2,0,0,0,0,0,0.0,0,0,0,0,0,0,0,0,0.0,0,0,0,0,0,0.0,0.0,0.0,0,0,0,30.1,1.02,6.62,0.38,13.76,20.2,63.4,91.07079315185547,0.00654777092859149,0.8249174356460571,0.0826098695397377,0.0,999.0,0.0,0.0,0.0,0.0,50.306021213531494,0.0,0.0,0.0,0.0,0.0,450.0,5139.2,0.0,0.0,43.372,0.377,43.749,9.043,0.579,43.17,emon,0.654,0.326,294.4,136.2,2.161
2026-09-17 21:44:47.311,8.8,0,54,3;33;17;2;0;0;0;23;2;0;0;54;3;0;2;5,831,1225,902;1189;1120;911;1139;1148;1121;1174;1224;1098;1094;1225;988;831;1188;1055,0.0,0.0,5139.2,0,0,0,0,0,0.0,0,0,0,0,0,0,0,0,0.0,0,0,0,0,0,0.0,0.0,0.0,0,0,0,30.1,0.69,0.0,0.3,1.96,20.2,63.4,95.7058334350586,0.0053209904581308365,0.903028130531311,0.09043138474225998,0.0,1199.0,0.0,0.0,0.0,0.0,50.2372934371233,0.0,0.0,0.0,0.0,0.0,450.0,5139.2,0.0,0.0,43.372,0.377,43.749,9.043,0.579,43.17,emon,0.654,0.326,294.4,136.2,2.161
2026-09-17 21:44:48.312,12.6,0,58,0;25;31;0;0;0;0;26;3;0;0;58;6;12;11;30,804,1332,1216;1122;1140;1046;1332;1165;1136;1223;804;979;1282;1287;1212;1066;977;1182,0.0,0.0,5139.2,0,0,0,0,0,0.0,0,0,0,0,0,0,0,0,0.0,0,0,0,0,0,0.0,0.0,0.0,0,0,0,31.1,0.69,0.0,0.3,1.96,20.2,63.4,98.83632965087891,21.131022195331752,14.318544340133666,17.96652721762657,1.4226821227464825,1479.0,0.0,0.0,59.999934387207034,0.0,20.120833039283752,4.5,31.5,0.0,0.0,0.0,450.0,5198.9,0.0,0.0,43.372,0.377,43.749,9.043,0.579,43.17,emon,0.654,0.326,294.4,136.2,2.161
2026-09-17 21:44:49.313,16.8,0,58,6;42;22;4;0;0;0;33;0;0;0;58;19;10;21;54,800,1234,800;986;875;946;1103;1042;928;1037;1116;1127;1177;1139;1103;1050;1234;1178,0.0,0.0,5198.9,0,0,0,0,0,0.0,0,0,0,0,0,0,0,0,0.0,0,0,0,0,0,0.0,0.0,0.0,0,0,0,31.1,0.69,0.0,0.3,1.96,20.2,63.4,100.00455830891927,9.549038303270937,70.57064389387766,60.006632381677626,55.50680669148763,1799.0,0.0,0.0,86.73553583522637,0.0,13.469269135342135,14.3,100.0,0.0,0.0,0.0,450.0,5198.9,0.0,0.0,43.372,0.377,43.749,9.043,0.579,43.17,emon,0.654,0.326,294.4,136.2,2.161
2026-09-17 21:44:50.314,16.5,0,52,11;47;34;2;0;0;0;41;5;0;0;28;27;8;9;52,878,1215,1211;1070;1033;1215;973;1046;1100;1087;1089;1065;878;1050;1003;1038;1092;1142,0.4,0.0,5202.0,0,0,0,0,0,0.0,0,0,0,0,0,0,0,0,0.0,0,0,0,0,0,0.0,0.0,0.0,0,0,0,31.1,0.69,0.0,0.3,1.96,20.3,63.4,100.03135395050049,7.07424024605037,48.44205197195212,42.039008398229875,32.613969845076404,1799.0,0.0,0.0,58.543878041518234,0.0,25.218199959235182,14.3,99.9,0.0,0.0,0.0,450.0,5202.0,0.0,0.0,43.372,0.377,43.749,9.043,0.579,43.17,emon,0.654,0.326,294.4,136.2,2.161
2026-09-17 21:44:51.329,15.4,0,72,6;42;27;0;0;0;0;46;2;0;0;20;8;17;8;72,859,1177,1169;1131;920;859;1118;973;1031;1133;901;977;1175;1134;999;1020;1083;1177,0.4,0.0,5202.0,0,0,0,0,0,0.0,0,0,0,0,0,0,0,0,0.0,0,0,0,0,0,0.0,0.0,0.0,0,0,0,31.1,0.97,7.4,0.38,14.54,20.3,63.4,99.99999389648437,8.914500331878662,83.60197448730469,69.81238594055176,63.58078308105469,1799.0,0.0,0.0,99.99999542236328,0.0,0.0,14.3,99.8,0.0,0.0,0.0,450.0,5202.0,0.0,0.0,43.372,0.377,43.749,9.043,0.579,43.17,emon,0.654,0.326,294.4,136.2,2.161
2026-09-17 21:44:52.330,17.1,0,62,11;42;40;3;0;0;0;56;0;0;0;19;16;16;8;62,873,1234,875;947;1079;1076;1108;1031;1045;1234;1119;1112;1168;1117;1044;1128;873;1049,0.0,0.0,5202.0,0,0,0,0,0,0.0,0,0,0,0,0,0,0,0,0.0,0,0,0,0,0,0.0,0.0,0.0,0,0,0,32.1,0.97,7.4,0.38,14.54,20.3,63.4,94.7560271655812,10.199113032616237,65.85156027709736,57.07641511278994,50.22612179026884,1799.0,0.0,0.0,82.40998858213425,0.0,11.8923205548323,14.3,99.9,0.0,0.0,0.0,450.0,5198.0,0.0,0.0,46.53,0.463,46.993,14.193,0.908,46.085,emon,0.65,0.42,282.3,132.4,2.133
2026-09-17 21:44:53.332,15.6,0,55,9;28;28;2;0;0;0;51;0;0;0;32;28;14;3;55,941,1204,941;1038;1124;1144;1074;1042;1044;1109;1000;964;1028;1033;1086;1110;1204;1197,36.6,0.0,5198.0,0,0,0,0,0,0.0,0,0,0,0,0,0,0,0,0.0,0,0,0,0,0,0.0,0.0,0.0,0,0,0,31.1,0.97,7.4,0.38,14.54,20.3,63.4,91.33386713580082,7.938580509226181,62.99681730019419,53.79232683699382,49.98210294623124,1799.0,0.0,0.0,79.00523013847047,0.0,10.639087829260939,14.2,99.5,0.0,0.0,0.0,450.0,5198.0,0.0,0.0,46.53,0.463,46.993,14.193,0.908,46.085,emon,0.65,0.42,282.3,132.4,2.133
2026-09-17 21:44:54.332,16.7,0,50,12;35;40;8;0;0;0;45;2;0;0;34;11;17;14;50,976,1210,976;1027;1085;1023;1123;1111;1122;1095;1167;1073;1187;1091;1132;1047;1210;1162,100.0,0.0,5198.0,0,0,0,0,0,0.0,0,0,0,0,0,0,0,0,0.0,0,0,0,0,0,0.0,0.0,0.0,0,0,0,31.1,0.97,7.4,0.38,14.54,20.2,63.4,94.40722249535953,8.386508420438451,62.78472949476803,53.67725356098484,48.124535504509424,1799.0,0.0,0.0,82.48209367670557,0.0,11.86906787928413,14.2,99.5,0.0,0.0,0.0,450.0,5198.0,0.0,0.0,46.53,0.463,46.993,14.193,0.908,46.085,emon,0.65,0.42,282.3,132.4,2.133
2026-09-17 21:44:55.333,23.2,3,75,22;42;30;9;3;5;8;32;14;12;5;43;30;25;16;75,737,1235,1027;987;1071;1077;774;737;763;1036;848;820;748;1029;1204;1191;1235;1184,0.0,0.0,5198.0,0,0,0,0,0,0.0,0,0,0,0,0,0,0,0,0.0,0,0,0,0,0,0.0,0.0,0.0,0,0,0,31.1,1.09,7.67,0.4,15.88,20.2,63.4,99.99354553222656,12.103621967003814,66.32848962715694,59.21113749167749,52.02169009617397,1799.0,0.0,0.0,85.78755034719195,0.0,14.449248788553502,14.3,100.0,0.0,0.0,0.0,450.0,5198.0,0.0,0.0,46.53,0.463,46.993,14.193,0.908,46.085,emon,0.65,0.42,282.3,132.4,2.133
2026-09-17 21:44:56.334,16.9,0,48,6;41;48;11;0;0;0;28;2;5;0;42;14;25;5;45,793,1211,959;1061;896;793;1133;1108;1184;1095;923;1051;942;1211;1095;1045;810;1157,0.0,0.0,5198.0,0,0,0,0,0,0.0,0,0,0,0,0,0,0,0,0.0,0,0,0,0,0,0.0,0.0,0.0,0,0,0,31.1,1.09,7.67,0.4,15.88,20.2,63.4,94.28134583024418,9.500255875070305,66.60876547589021,56.659799185745854,51.085861430448645,1799.0,0.0,0.0,82.41466124344836,0.0,11.896780785392313,14.2,99.6,0.0,0.0,0.0,450.0,5198.0,0.0,0.0,46.53,0.463,46.993,14.193,0.908,46.085,emon,0.65,0.42,282.3,132.4,2.133
2026-09-17 21:44:57.335,17.2,0,68,6;33;43;0;0;0;0;26;0;0;0;51;28;12;9;68,889,1159,1124;1092;986;889;1116;1107;1159;1107;1030;1039;939;1088;1104;949;988;1153,0.0,0.0,5198.0,0,0,0,0,0,0.0,0,0,0,0,0,0,0,0,0.0,0,0,0,0,0,0.0,0.0,0.0,0,0,0,30.1,1.09,7.67,0.4,15.88,20.2,63.4,99.99720560709635,7.958852905904253,73.12437427043915,61.45341694355011,56.904693349202475,1799.0,0.0,0.0,86.73467087224125,0.0,13.476259692509968,14.3,100.0,0.0,0.0,0.0,450.0,5198.0,0.0,0.0,46.53,0.463,46.993,14.193,0.908,46.085,emon,0.65,0.42,282.3,132.4,2.133
2026-09-17 21:44:58.360,17.6,0,68,15;33;38;4;0;0;0;37;0;0;2;35;13;25;10;68,716,1236,941;1008;1001;716;872;984;1019;1036;1093;1072;800;1082;1177;1093;1199;1236,100.0,0.0,5198.0,0,0,0,0,0,0.0,0,0,0,0,0,0,0,0,0.0,0,0,0,0,0,0.0,0.0,0.0,0,0,0,29.1,1.09,7.67,0.4,15.88,20.2,63.4,91.64385104179382,9.19404742934487,52.371853308244184,46.56401105360551,37.53590142659166,1799.0,0.0,0.0,63.81913714153184,0.0,9.253895481625063,14.2,99.6,0.0,0.0,0.0,450.0,5143.2,0.0,0.0,46.53,0.463,46.993,14.193,0.908,46.085,emon,0.65,0.42,282.3,132.4,2.133
2026-09-17 21:44:59.361,17.0,0,53,12;45;41;6;0;0;0;31;3;5;0;44;11;14;6;53,902,1188,1060;999;927;956;1012;1067;1118;1062;912;968;1102;1133;1102;1009;902;1188,12.4,0.0,5143.2,0,0,0,0,0,0.0,0,0,0,0,0,0,0,0,0.0,0,0,0,0,0,0.0,0.0,0.0,0,0,0,29.1,1.0,7.72,0.4,15.89,20.2,63.4,100.00117645263671,9.044835806265473,71.78894397417704,61.13996132612228,56.39809824625651,1799.0,0.0,0.0,86.7280567958951,0.0,13.473271610611786,14.2,99.7,0.0,0.0,0.0,450.0,5143.2,0.0,0.0,46.53,0.463,46.993,14.193,0.908,46.085,emon,0.65,0.42,282.3,132.4,2.133
2026-09-17 21:45:00.361,18.9,0,62,14;46;44;14;0;0;0;39;5;0;0;31;16;26;6;62,861,1202,966;1050;1026;899;1121;1115;1202;1134;908;1002;1070;1120;1197;1078;861;1152,100.0,0.0,5139.2,0,0,0,0,0,0.0,0,0,0,0,0,0,0,0,0.0,0,0,0,0,0,0.0,0.0,0.0,0,0,0,30.1,1.0,7.72,0.4,15.89,20.2,63.4,93.98597559332848,8.292012081772555,64.49371103197336,54.06677654478699,48.526273131370544,1799.0,0.0,0.0,81.31030147627462,0.0,12.633071866165437,14.3,99.8,0.0,0.0,0.0,450.0,5138.2,0.0,0.0,46.53,0.463,46.993,14.193,0.908,46.085,emon,0.65,0.42,282.3,132.4,2.133
2026-09-17 21:45:01.362,17.8,0,70,17;46;32;8;0;0;0;52;0;0;0;28;5;18;9;70,993,1342,1280;1133;1087;1342;1173;993;1009;1187;1119;1094;1073;1185;1156;1097;993;1150,100.0,0.0,5139.2,0,0,0,0,0,0.0,0,0,0,0,0,0,0,0,0.0,0,0,0,0,0,0.0,0.0,0.0,0,0,0,30.1,1.0,7.72,0.4,15.89,20.2,63.4,98.45583627390307,9.081108456629133,41.934112216151036,36.33266025088554,30.547594497370167,1799.0,0.0,0.0,60.60645762742172,0.0,35.2334089086059,14.3,99.9,0.0,0.0,0.0,450.0,5138.2,0.0,0.0,46.53,0.463,46.993,14.193,0.908,46.085,emon,0.65,0.42,282.3,132.4,2.133
2026-09-17 21:45:02.362,17.6,0,57,14;57;34;6;2;0;0;39;2;0;0;42;8;18;11;50,859,1387,1095;1080;972;859;1387;1138;1140;1131;1095;1071;1067;1101;1021;1051;918;1185,0.0,0.0,5138.2,0,0,0,0,0,0.0,0,0,0,0,0,0,0,0,0.0,0,0,0,0,0,0.0,0.0,0.0,0,0,0,30.1,1.27,7.91,0.4,16.45,20.2,63.4,100.0029296875,9.514788559017083,70.1784210840861,59.843910825252536,53.141781361897785,1799.0,0.0,0.0,86.73711318572363,0.0,13.472437409162133,14.3,99.9,0.0,0.0,0.0,450.0,5138.2,0.0,0.0,46.53,0.463,46.993,14.193,0.908,46.085,emon,0.65,0.42,282.3,132.4,2.133
2026-09-17 21:45:03.363,17.7,0,58,11;42;38;2;0;0;0;42;0;0;0;39;25;15;9;58,800,1305,938;1056;1114;800;1092;1233;1305;1207;1079;1142;1198;1071;971;1075;819;1134,100.0,0.0,5138.2,0,0,0,0,0,0.0,0,0,0,0,0,0,0,0,0.0,0,0,0,0,0,0.0,0.0,0.0,0,0,0,30.1,1.27,7.91,0.4,16.45,20.2,63.4,94.3768640125499,7.968305196886992,64.08033155693727,54.20904648128678,48.063765203251556,1799.0,0.0,0.0,82.39633085863555,0.0,11.882564065904422,14.3,99.9,0.0,0.0,0.0,450.0,5138.2,0.0,0.0,46.53,0.463,46.993,14.193,0.908,46.085,emon,0.65,0.42,282.3,132.4,2.133
2026-09-17 21:45:04.364,15.5,0,64,9;29;25;8;0;0;0;64;0;0;0;43;20;5;6;39,725,1183,1081;1096;1049;725;896;1109;1123;1135;1183;1058;877;1053;1057;941;881;1154,33.5,0.0,5138.2,0,0,0,0,0,0.0,0,0,0,0,0,0,0,0,0.0,0,0,0,0,0,0.0,0.0,0.0,0,0,0,30.1,1.27,7.91,0.4,16.45,20.2,63.4,99.99489898681641,8.466381656502683,67.85310683250427,57.103754647572835,51.16411164601644,1799.0,0.0,0.0,86.73027150233587,0.0,13.460137888079043,14.3,99.9,0.0,0.0,0.0,450.0,5138.2,0.0,0.0,48.019,0.66,48.679,16.937,1.084,47.595,emon,0.626,0.489,282.1,130.7,2.159
2026-09-17 21:45:05.368,17.9,0,60,6;56;20;6;0;0;0;45;2;2;2;31;22;18;17;60,830,1183,1183;963;1083;906;951;930;928;1168;927;899;830;1088;1000;971;1000;1115,100.0,0.0,5138.2,0,0,0,0,0,0.0,0,0,0,0,0,0,0,0,0.0,0,0,0,0,0,0.0,0.0,0.0,0,0,0,31.1,1.27,7.91,0.4,16.45,20.2,63.4,94.14335092902184,7.129264929273631,64.28020682930946,53.42411852162331,48.19738166034222,1799.0,0.0,0.0,81.31139552686363,0.0,12.633944445135057,14.3,99.9,0.0,0.0,0.0,450.0,5138.2,0.0,0.0,48.019,0.66,48.679,16.937,1.084,47.595,emon,0.626,0.489,282.1,130.7,2.159
2026-09-17 21:45:06.370,18.5,0,74,22;34;33;8;0;0;2;26;6;2;0;37;27;17;8;74,784,1208,1013;1090;891;813;966;1001;784;1050;937;912;962;1090;1105;1145;1147;1208,0.0,0.0,5138.2,0,0,0,0,0,0.0,0,0,0,0,0,0,0,0,0.0,0,0,0,0,0,0.0,0.0,0.0,0,0,0,31.1,1.01,7.62,0.39,15.59,20.2,63.4,94.6958256889792,9.644788039026453,66.27563368572908,57.20463529667433,51.0352617151597,1799.0,0.0,0.0,82.41651227193721,0.0,11.90033190390643,14.3,99.8,0.0,0.0,0.0,450.0,5138.2,0.0,0.0,48.019,0.66,48.679,16.937,1.084,47.595,emon,0.626,0.489,282.1,130.7,2.159
2026-09-17 21:45:07.371,16.4,0,52,2;52;51;2;0;0;0;47;0;0;0;49;11;9;5;35,932,1211,952;975;1076;932;1018;1168;1089;1035;1101;1050;1051;1098;977;1167;1200;1211,0.0,0.0,5138.2,0,0,0,0,0,0.0,0,0,0,0,0,0,0,0,0.0,0,0,0,0,0,0.0,0.0,0.0,0,0,0,31.1,1.01,7.62,0.39,15.59,20.2,63.4,94.04412052035332,6.46362608083291,61.46356187015772,50.96272642444819,47.26614775150665,1799.0,0.0,0.0,81.30508879863191,0.0,12.624820887548594,14.3,99.9,0.0,0.0,0.0,450.0,5138.2,0.0,0.0,48.019,0.66,48.679,16.937,1.084,47.595,emon,0.626,0.489,282.1,130.7,2.159
2026-09-17 21:45:08.372,16.2,0,67,2;38;32;2;0;0;0;18;2;0;2;67;16;14;12;54,981,1201,1071;1084;1096;1126;1139;1201;1198;1074;1131;1192;1153;1187;981;1179;994;1069,0.0,0.0,5138.2,0,0,0,0,0,0.0,0,0,0,0,0,0,0,0,0.0,0,0,0,0,0,0.0,0.0,0.0,0,0,0,31.1,1.01,7.62,0.39,15.59,20.2,63.4,94.24210281933055,7.382455758531304,68.78286326632781,56.67215785296524,51.710384256699506,1799.0,0.0,0.0,82.40814808575327,0.0,11.886527426102582,14.3,99.9,0.0,0.0,0.0,450.0,5138.2,0.0,0.0,48.019,0.66,48.679,16.937,1.084,47.595,emon,0.626,0.489,282.1,130.7,2.159
2026-09-17 21:45:09.435,16.6,0,54,14;31;26;2;0;0;0;29;6;1;2;54;25;12;13;49,983,1334,1334;1175;1037;1084;1147;1085;1043;1071;1169;1162;1079;1134;1072;1102;983;1144,40.4,0.0,5138.2,0,0,0,0,0,0.0,0,0,0,0,0,0,0,0,0.0,0,0,0,0,0,0.0,0.0,0.0,0,0,0,31.1,1.01,7.62,0.39,15.59,20.3,63.4,92.35631688435872,9.619958917299906,75.02954037984212,64.16756884256999,56.969970703125,1799.0,0.0,0.0,91.67048912402242,0.0,0.0,14.2,99.7,0.0,0.0,0.0,450.0,5138.2,0.0,0.0,48.019,0.66,48.679,16.937,1.084,47.595,emon,0.626,0.489,282.1,130.7,2.159
2026-09-17 21:45:10.435,15.9,0,60,11;27;26;3;2;0;0;31;8;0;0;59;16;9;3;60,783,1173,1104;979;1020;1048;1085;1065;962;1070;999;964;917;1173;990;985;783;1141,100.0,0.0,5138.2,0,0,0,0,0,0.0,0,0,0,0,0,0,0,0,0.0,0,0,0,0,0,0.0,0.0,0.0,0,0,0,31.1,1.04,7.62,0.39,15.54,20.2,63.4,86.20070766267322,8.167595081430461,57.84567721117111,49.86448057279701,42.94940076555525,1799.0,0.0,0.0,76.24096570261533,0.0,9.585485846407426,14.2,99.7,0.0,0.0,0.0,450.0,5138.2,0.0,0.0,48.019,0.66,48.679,16.937,1.084,47.595,emon,0.626,0.489,282.1,130.7,2.159
2026-09-17 21:45:11.436,16.2,0,67,18;41;31;13;0;0;0;20;6;0;0;67;16;8;2;38,864,1305,1305;1239;970;1086;1087;1076;1089;1035;945;1243;1279;1182;918;993;864;1111,0.0,0.0,5138.2,0,0,0,0,0,0.0,0,0,0,0,0,0,0,0,0.0,0,0,0,0,0,0.0,0.0,0.0,0,0,0,31.1,1.04,7.62,0.39,15.54,20.2,63.4,94.42368448481841,10.574304351418773,66.01161684008206,58.056852480944464,50.450087154612824,1799.0,0.0,0.0,82.42082675546408,0.0,11.879060042616295,14.2,99.4,0.0,0.0,0.0,450.0,5138.2,0.0,0.0,48.019,0.66,48.679,16.937,1.084,47.595,emon,0.626,0.489,282.1,130.7,2.159
2026-09-17 21:45:12.437,15.2,0,45,6;23;26;0;0;0;0;40;6;0;2;45;22;14;19;40,768,1175,859;993;1014;1025;1083;943;1104;1115;1068;1052;768;1081;977;1001;1094;1175,0.0,0.0,5138.2,0,0,0,0,0,0.0,0,0,0,0,0,0,0,0,0.0,0,0,0,0,0,0.0,0.0,0.0,0,0,0,30.1,1.04,7.62,0.39,15.54,20.2,63.4,99.99975313459124,7.595978958066553,65.83956603493009,55.35448239211525,50.50798388889858,1799.0,0.0,0.0,85.78769694641232,0.0,14.431246290440217,14.2,99.6,0.0,0.0,0.0,450.0,5138.2,0.0,0.0,48.019,0.66,48.679,16.937,1.084,47.595,emon,0.626,0.489,282.1,130.7,2.159
2026-09-17 21:45:13.438,17.7,0,68,9;38;41;13;2;0;0;32;2;0;0;40;12;23;5;68,683,1200,1194;1074;941;683;1116;1191;1149;1061;1019;1020;1143;1055;1024;1109;1040;1200,0.0,0.0,5138.2,0,0,0,0,0,0.0,0,0,0,0,0,0,0,0,0.0,0,0,0,0,0,0.0,0.0,0.0,0,0,0,30.1,1.04,7.62,0.39,15.54,20.2,63.4,92.61644708193265,9.825599010174091,75.24463888315054,64.56049112173227,56.09118065467248,1799.0,0.0,0.0,92.30919171597522,0.0,0.0,14.3,99.8,0.0,0.0,0.0,450.0,5138.2,0.0,0.0,48.019,0.66,48.679,16.937,1.084,47.595,emon,0.626,0.489,282.1,130.7,2.159
2026-09-17 21:45:14.438,16.5,0,55,43;6;36;5;36;0;0;0;36;0;5;0;55;28;11;5,754,1263,1043;861;1088;773;1170;1112;1263;1210;1031;1255;754;961;1191;1106;970;1048,11.2,0.0,5138.2,0,0,0,0,0,0.0,0,0,0,0,0,0,0,0,0.0,0,0,0,0,0,0.0,0.0,0.0,0,0,0,31.1,0.97,7.83,0.39,15.92,20.2,63.4,99.99381964547294,10.00118065272857,69.570902969156,60.615190158997265,55.4541015625,1799.0,0.0,0.0,85.79340456745454,0.0,14.428088302183044,14.3,99.8,0.0,0.0,0.0,450.0,5138.2,0.0,0.0,48.019,0.66,48.679,16.937,1.084,47.595,emon,0.626,0.489,282.1,130.7,2.159
2026-09-17 21:45:15.440,16.1,0,55,35;12;39;5;23;0;3;0;40;2;2;0;55;9;25;8,857,1185,978;1035;1026;1134;1096;1110;1098;1102;1039;857;920;1068;1185;910;1124;1065,0.0,0.0,5138.2,0,0,0,0,0,0.0,0,0,0,0,0,0,0,0,0.0,0,0,0,0,0,0.0,0.0,0.0,0,0,0,31.1,0.97,7.83,0.39,15.92,20.2,63.4,94.35303861954633,8.551315861425417,67.03589509515201,56.81135427601197,50.833560943603516,1799.0,0.0,0.0,82.40991241539665,0.0,11.892123460769653,14.3,100.0,0.0,0.0,0.0,450.0,5138.2,0.0,0.0,48.019,0.66,48.679,16.937,1.084,47.595,emon,0.626,0.489,282.1,130.7,2.159
2026-09-17 21:45:16.440,17.1,0,51,34;14;40;3;44;0;0;0;37;5;0;0;51;31;11;6,848,1217,1071;848;1095;886;1160;999;1080;1099;1083;1217;913;1073;1052;967;910;1085,100.0,0.0,5138.2,0,0,0,0,0,0.0,0,0,0,0,0,0,0,0,0.0,0,0,0,0,0,0.0,0.0,0.0,0,0,0,30.1,0.97,7.83,0.39,15.92,20.2,63.4,87.34034252166748,7.275737662444866,63.069434341930204,53.40696243303163,48.003465107509065,1799.0,0.0,0.0,76.24842145134296,0.0,9.589368730617155,14.3,99.8,0.0,0.0,0.0,450.0,5138.2,0.0,0.0,53.749,0.674,54.424,16.661,1.066,53.358,emon,0.641,0.461,250.2,115.7,2.162
2026-09-17 21:45:17.441,17.1,0,52,48;14;26;5;50;0;0;0;44;5;2;0;52;19;8;2,856,1356,1179;1356;951;1097;1176;1108;1086;1098;1057;932;856;969;1082;990;868;951,100.0,0.0,5138.2,0,0,0,0,0,0.0,0,0,0,0,0,0,0,0,0.0,0,0,0,0,0,0.0,0.0,0.0,0,0,0,31.1,0.97,7.83,0.39,15.92,20.2,63.4,93.11434618631999,11.18233072757721,72.63659350077312,63.57964897155762,55.89450772603353,1799.0,0.0,0.0,91.6744478289038,0.0,0.0,14.3,99.8,0.0,0.0,0.0,450.0,5138.2,0.0,0.0,53.749,0.674,54.424,16.661,1.066,53.358,emon,0.641,0.461,250.2,115.7,2.162
2026-09-17 21:45:18.442,16.1,0,57,41;10;21;2;35;2;0;0;57;0;0;0;55;21;6;8,757,1302,1057;1000;869;757;1036;1031;1156;1140;1176;1259;1302;984;1100;1061;1147;1219,0.0,0.0,5138.2,0,0,0,0,0,0.0,0,0,0,0,0,0,0,0,0.0,0,0,0,0,0,0.0,0.0,0.0,0,0,0,31.1,1.04,7.79,0.39,15.86,20.2,63.4,89.20460699664221,8.292417369731185,64.320733514097,55.11186806112528,49.5410099029541,1799.0,0.0,0.0,77.83465624714478,0.0,11.22589146313981,14.3,99.9,0.0,0.0,0.0,450.0,5138.2,0.0,0.0,53.749,0.674,54.424,16.661,1.066,53.358,emon,0.641,0.461,250.2,115.7,2.162
2026-09-17 21:45:19.443,16.2,0,62,28;11;28;2;29;0;2;0;55;0;0;0;62;14;11;17,853,1307,1080;1307;929;891;1097;1121;867;1104;1180;1174;1139;1155;1151;978;1164;853,100.0,0.0,5138.2,0,0,0,0,0,0.0,0,0,0,0,0,0,0,0,0.0,0,0,0,0,0,0.0,0.0,0.0,0,0,0,30.1,1.04,7.79,0.39,15.86,20.2,63.4,94.26101258221794,8.437331355889054,67.82353788964889,57.95670146801893,52.87550847670611,1799.0,0.0,0.0,82.4140661185169,0.0,11.89457757808826,14.2,99.6,0.0,0.0,0.0,450.0,5138.2,0.0,0.0,53.749,0.674,54.424,16.661,1.066,53.358,emon,0.641,0.461,250.2,115.7,2.162
2026-09-17 21:45:20.471,16.2,0,54,43;9;33;3;37;0;0;0;52;3;0;2;54;13;6;4,895,1238,1100;1238;1077;1143;1024;978;1130;1143;1162;962;1207;1023;1117;907;895;908,36.3,0.0,5138.2,0,0,0,0,0,0.0,0,0,0,0,0,0,0,0,0.0,0,0,0,0,0,0.0,0.0,0.0,0,0,0,31.1,1.04,7.79,0.39,15.86,20.2,63.4,91.163397337261,8.517378622518951,59.80896260236439,52.187263588372026,43.635047812210885,1799.0,0.0,0.0,79.0186817043608,0.0,10.591907330516973,14.2,99.6,0.0,0.0,0.0,450.0,5138.2,0.0,0.0,53.749,0.674,54.424,16.661,1.066,53.358,emon,0.641,0.461,250.2,115.7,2.162
2026-09-17 21:45:21.472,15.6,0,65,38;2;47;5;27;0;0;0;65;0;2;0;44;8;6;8,854,1266,1036;1018;1102;1266;1137;1198;1114;1136;1123;1074;854;981;1113;878;1013;1008,26.8,0.0,5138.2,0,0,0,0,0,0.0,0,0,0,0,0,0,0,0,0.0,0,0,0,0,0,0.0,0.0,0.0,0,0,0,31.1,1.04,7.79,0.39,15.86,20.2,63.4,94.32869111790376,10.514301093733486,65.62596308483796,57.41288359463215,50.2352180480957,1799.0,0.0,0.0,82.41190275319798,0.0,11.88332193739274,14.2,99.7,0.0,0.0,0.0,450.0,5138.2,0.0,0.0,53.749,0.674,54.424,16.661,1.066,53.358,emon,0.641,0.461,250.2,115.7,2.162
2026-09-17 21:45:22.473,17.4,0,69,42;5;53;0;28;2;0;0;69;2;2;0;55;6;9;6,839,1255,1013;957;1048;875;1085;1002;1068;839;1255;945;1065;1198;1109;1020;1015;918,100.0,0.0,5138.2,0,0,0,0,0,0.0,0,0,0,0,0,0,0,0,0.0,0,0,0,0,0,0.0,0.0,0.0,0,0,0,31.1,1.06,7.79,0.39,15.89,20.2,63.4,94.46354546266444,9.833402929553653,64.55048089167651,56.50072832756183,50.08237973381491,1799.0,0.0,0.0,82.4032004695824,0.0,11.892841984243955,14.3,99.8,0.0,0.0,0.0,450.0,5138.2,0.0,0.0,53.749,0.674,54.424,16.661,1.066,53.358,emon,0.641,0.461,250.2,115.7,2.162
2026-09-17 21:45:23.474,16.4,0,61,61;9;27;6;35;2;0;0;40;0;0;0;58;14;5;6,861,1196,1096;1082;966;861;1121;987;1026;952;1078;1088;1196;1188;1180;1040;928;927,100.0,0.0,5138.2,0,0,0,0,0,0.0,0,0,0,0,0,0,0,0,0.0,0,0,0,0,0,0.0,0.0,0.0,0,0,0,31.1,1.06,7.79,0.39,15.89,20.2,63.4,90.04788564380847,7.957187961198781,65.74944444706566,55.925393735107626,51.561947671990644,1799.0,0.0,0.0,78.99895241101713,0.0,10.640806436538696,14.2,99.7,0.0,0.0,0.0,450.0,5138.2,0.0,0.0,53.749,0.674,54.424,16.661,1.066,53.358,emon,0.641,0.461,250.2,115.7,2.162
2026-09-17 21:45:24.475,16.4,0,51,39;3;51;0;48;0;0;0;39;0;0;0;42;18;6;16,742,1204,1111;980;1143;742;1204;818;1017;851;1049;1185;1076;1195;1125;1023;902;1066,0.0,0.0,5138.2,0,0,0,0,0,0.0,0,0,0,0,0,0,0,0,0.0,0,0,0,0,0,0.0,0.0,0.0,0,0,0,31.1,1.06,7.79,0.39,15.89,20.3,63.4,100.0,9.309035561301492,84.13031005859375,71.02669594504617,64.44240708784623,1799.0,0.0,0.0,99.99999583851208,0.0,0.0,14.2,99.6,0.0,0.0,0.0,450.0,5138.2,0.0,0.0,53.749,0.674,54.424,16.661,1.066,53.358,emon,0.641,0.461,250.2,115.7,2.162
2026-09-17 21:45:25.476,18.0,0,58,46;12;47;0;58;0;0;0;40;2;0;0;50;14;12;6,816,1183,1088;816;1150;1173;1183;1131;1078;1115;1040;1055;850;982;1139;976;1046;875,0.0,0.0,5138.2,0,0,0,0,0,0.0,0,0,0,0,0,0,0,0,0.0,0,0,0,0,0,0.0,0.0,0.0,0,0,0,31.1,1.06,7.79,0.39,15.89,20.2,63.4,94.00700491666794,7.6969579859869555,67.12728390097618,56.70617340505123,51.364919900894165,1799.0,0.0,0.0,81.31209660111926,0.0,12.637812170093184,14.3,100.0,0.0,0.0,0.0,450.0,5138.2,0.0,0.0,53.749,0.674,54.424,16.661,1.066,53.358,emon,0.641,0.461,250.2,115.7,2.162
2026-09-17 21:45:26.477,18.0,0,56,46;3;33;6;47;0;2;2;38;2;2;3;56;35;12;2,865,1241,1206;1219;1130;1241;1195;1126;1137;1126;1048;1125;998;945;1137;1011;1068;865,100.0,0.0,5138.2,0,0,0,0,0,0.0,0,0,0,0,0,0,0,0,0.0,0,0,0,0,0,0.0,0.0,0.0,0,0,0,31.1,1.07,7.67,0.39,15.63,20.2,63.4,89.38901578055487,6.420802396877359,60.96162925826179,51.249680695434414,45.69551510281033,1799.0,0.0,0.0,77.81456515139952,9.553705003526476,11.211256468187559,14.3,99.8,0.0,0.0,0.0,450.0,5138.2,0.0,0.0,53.749,0.674,54.424,16.661,1.066,53.358,emon,0.641,0.461,250.2,115.7,2.162
2026-09-17 21:45:27.478,16.2,0,55,39;9;41;0;55;0;0;0;33;0;0;0;48;29;3;2,898,1198,1193;1124;1022;1042;1184;1176;1171;1145;1048;1126;1197;1198;1108;1013;968;898,100.0,0.0,5138.2,0,0,0,0,0,0.0,0,0,0,0,0,0,0,0,0.0,0,0,0,0,0,0.0,0.0,0.0,0,0,0,31.1,1.07,7.67,0.39,15.63,20.2,63.4,89.83178451326158,10.064907007902447,61.647171073489716,54.435279938909744,47.10185453626845,1799.0,0.0,0.0,77.84630832572778,0.0,11.221908220691452,14.3,98.8,0.0,0.0,0.0,450.0,5138.2,0.0,0.0,53.749,0.674,54.424,16.661,1.066,53.358,emon,0.641,0.461,250.2,115.7,2.162
2026-09-17 21:45:28.478,16.0,0,47,42;11;44;2;44;3;0;0;23;0;0;0;47;23;11;8,716,1184,1086;979;1050;716;1089;1060;998;1038;1073;1095;1106;1019;1184;950;1103;887,100.0,0.0,5138.2,0,0,0,0,0,0.0,0,0,0,0,0,0,0,0,0.0,0,0,0,0,0,0.0,0.0,0.0,0,0,0,31.1,1.07,7.67,0.39,15.63,20.2,63.4,100.00000346790661,8.875231526114725,84.27998768199573,70.73309118097478,64.6654264276678,1799.0,0.0,0.0,99.9999930641868,0.0,0.0,14.3,99.9,0.0,0.0,0.0,450.0,5138.2,0.0,0.0,53.749,0.674,54.424,16.661,1.066,53.358,emon,0.641,0.461,250.2,115.7,2.162
2026-09-17 21:45:29.479,16.5,0,67,39;3;46;3;54;0;0;0;67;2;0;0;39;8;2;0,907,1453,1153;1199;1110;1453;1132;1026;1161;1111;1201;920;1026;1070;1084;907;1020;1167,0.0,0.0,5138.2,0,0,0,0,0,0.0,0,0,0,0,0,0,0,0,0.0,0,0,0,0,0,0.0,0.0,0.0,0,0,0,31.1,1.07,7.67,0.39,15.63,20.2,63.4,99.98969105311802,9.35441643764664,70.11228055613381,59.75545201450586,54.242563247680664,1799.0,0.0,0.0,85.78243575351578,0.0,14.43863345024043,14.3,100.0,0.0,0.0,0.0,450.0,5138.2,0.0,0.0,49.71,0.698,50.407,11.616,0.743,49.664,emon,0.648,0.634,265.3,122.7,2.162
2026-09-17 21:45:30.480,15.4,0,70,42;14;45;0;35;0;0;0;70;0;0;0;28;3;9;0,1052,3188,1979;1413;3188;1249;1584;1217;1483;1052;1954;1503;1258;1154;1450;1304;1284;1762,100.0,0.0,4081.1,0,0,0,0,0,0.0,0,0,0,0,0,0,0,0,0.0,0,0,0,0,0,0.0,0.0,0.0,0,0,0,41.1,1.64,7.2,0.39,15.49,16.5,63.4,51.59494411945343,0.006504340562969446,1.0039677619934082,0.10073626041412354,0.0,1799.0,0.0,0.0,0.0,0.0,50.06246742163785,13.6,95.3,0.0,0.0,0.0,450.0,5137.3,0.0,0.0,49.71,0.698,50.407,11.616,0.743,49.664,emon,0.648,0.634,265.3,122.7,2.162
2026-09-17 21:45:31.480,12.0,0,81,33;2;18;0;36;0;0;0;81;0;0;0;14;8;0;0,1031,1483,1483;1192;1292;1212;1306;1217;1207;1158;1449;1428;1389;1434;1200;1093;1119;1031,0.0,0.0,1117.6,0,0,0,0,0,0.0,0,0,0,0,0,0,0,0,0.0,0,0,0,0,0,0.0,0.0,0.0,0,0,0,32.1,1.64,7.2,0.39,15.49,16.5,63.4,97.63126754760742,0.0059661646373569965,1.0776492357254028,0.10756224393844604,0.0,1449.0,0.0,0.0,0.0,0.0,50.204136833548546,0.0,0.0,0.0,0.0,0.0,450.0,1117.6,0.0,0.0,49.71,0.698,50.407,11.616,0.743,49.664,emon,0.648,0.634,265.3,122.7,2.162
2026-09-17 21:45:32.481,20.5,0,64,46;13;33;5;23;0;0;0;64;0;0;0;57;33;17;37,1008,1431,1424;1331;1388;1431;1126;1148;1171;1188;1349;1294;1034;1008;1202;1040;1162;1081,0.0,0.0,1119.6,0,0,0,0,0,0.0,0,0,0,0,0,0,0,0,0.0,0,0,0,0,0,0.0,0.0,0.0,0,0,0,31.1,1.64,7.2,0.39,15.49,16.5,63.4,97.63126754760742,0.0059661646373569965,1.0776492357254028,0.10756224393844604,0.0,1449.0,0.0,0.0,0.0,0.0,50.204136833548546,0.0,0.0,0.0,0.0,0.0,450.0,1117.6,0.0,0.0,49.71,0.698,50.407,11.616,0.743,49.664,emon,0.648,0.634,265.3,122.7,2.162
2026-09-17 21:45:33.481,21.4,0,64,64;29;59;0;40;0;0;0;61;0;3;0;51;14;11;11,1079,1572,1514;1572;1498;1499;1209;1284;1389;1243;1393;1405;1348;1390;1167;1101;1079;1096,0.0,0.0,1119.6,0,0,0,0,0,0.0,0,0,0,0,0,0,0,0,0.0,0,0,0,0,0,0.0,0.0,0.0,0,0,0,33.1,1.64,7.2,0.39,15.49,16.3,63.4,97.69790649414062,0.008096911013126373,0.8834759593009949,0.08854176104068756,0.0,599.0,0.0,0.0,0.0,0.0,50.36044254899025,0.0,0.0,0.0,0.0,0.0,450.0,1119.6,0.0,0.0,49.71,0.698,50.407,11.616,0.743,49.664,emon,0.648,0.634,265.3,122.7,2.162
2026-09-17 21:45:34.482,22.3,0,75,58;27;56;3;51;0;0;3;36;0;0;0;75;22;16;10,986,1369,1311;1280;1216;1004;1264;1074;986;1369;1268;1234;1345;1314;1190;1221;1029;1039,0.0,0.0,1119.6,0,0,0,0,0,0.0,0,0,0,0,0,0,0,0,0.0,0,0,0,0,0,0.0,0.0,0.0,0,0,0,31.1,2.08,0.04,0.31,4.24,16.3,63.4,96.5210189819336,0.005445679184049368,0.9661688804626465,0.09681206941604614,0.0,1199.0,0.0,0.0,0.0,0.0,50.1643218845129,0.0,0.0,0.0,0.0,0.0,450.0,1119.6,0.0,0.0,49.71,0.698,50.407,11.616,0.743,49.664,emon,0.648,0.634,265.3,122.7,2.162
2026-09-17 21:45:35.482,22.2,0,64,64;18;52;3;64;0;0;0;45;2;3;0;57;27;3;19,811,1506,1462;1506;1329;1415;1310;1302;1239;1240;1160;1197;811;1207;1174;1032;1062;1032,0.0,0.0,1119.6,0,0,0,0,0,0.0,0,0,0,0,0,0,0,0,0.0,0,0,0,0,0,0.0,0.0,0.0,0,0,0,31.1,2.08,0.04,0.31,4.24,16.5,63.4,97.38718032836914,0.006818702444434166,0.8801252841949463,0.08826883882284164,0.0,974.0,0.0,0.0,0.0,0.0,50.251587480306625,0.0,0.0,0.0,0.0,0.0,450.0,1119.6,0.0,0.0,49.71,0.698,50.407,11.616,0.743,49.664,emon,0.648,0.634,265.3,122.7,2.162
2026-09-17 21:45:36.483,21.7,0,63,63;10;52;0;56;0;0;0;48;3;2;0;62;25;25;2,953,1561,1513;1561;1211;953;1252;1189;1153;1121;1214;1234;1093;1270;1149;1057;1141;1092,0.0,0.0,1370.6,0,0,0,0,0,0.0,0,0,0,0,0,0,0,0,0.0,0,0,0,0,0,0.0,0.0,0.0,0,0,0,32.1,2.08,0.04,0.31,4.24,17.0,63.4,97.38718032836914,0.006818702444434166,0.8801252841949463,0.08826883882284164,0.0,974.0,0.0,0.0,0.0,0.0,50.251587480306625,0.0,0.0,0.0,0.0,0.0,450.0,1370.6,0.0,0.0,49.71,0.698,50.407,11.616,0.743,49.664,emon,0.648,0.634,265.3,122.7,2.162
2026-09-17 21:45:37.483,23.2,0,80,56;19;53;5;47;0;0;0;62;2;8;2;80;27;8;5,1126,1825,1569;1550;1406;1395;1253;1825;1226;1242;1347;1340;1262;1736;1268;1272;1282;1126,0.0,0.0,1975.8,0,0,0,0,0,0.0,0,0,0,0,0,0,0,0,0.0,0,0,0,0,0,0.0,0.0,0.0,0,0,0,33.1,2.08,0.04,0.31,4.24,17.7,63.4,97.57249069213867,0.005410399287939072,1.0080859661102295,0.10114925354719162,1.5232646465301514,1199.0,0.0,0.0,0.0,0.0,50.24553406238556,0.0,0.0,0.0,0.0,0.0,450.0,1871.6,0.0,0.0,49.71,0.698,50.407,11.616,0.743,49.664,emon,0.648,0.634,265.3,122.7,2.162
2026-09-17 21:45:38.484,22.4,0,71,64;5;42;2;71;0;0;0;41;0;0;0;64;34;9;27,1197,1845,1749;1635;1588;1845;1443;1688;1497;1555;1468;1244;1380;1224;1275;1268;1197;1229,0.0,0.0,2903.6,0,0,0,0,0,0.0,0,0,0,0,0,0,0,0,0.0,0,0,0,0,0,0.0,0.0,0.0,0,0,0,32.1,1.66,0.0,0.3,3.88,18.4,63.4,97.66439437866211,0.005530869122594595,0.995936930179596,0.09951627254486084,0.0,1199.0,0.0,0.0,0.0,0.0,50.098880022764206,0.0,0.0,0.0,0.0,0.0,450.0,2585.0,0.0,0.0,49.71,0.698,50.407,11.616,0.743,49.664,emon,0.648,0.634,265.3,122.7,2.162
2026-09-17 21:45:39.484,19.2,0,58,58;11;52;12;51;0;0;0;45;0;0;0;48;10;19;2,1005,1698,1453;1697;1595;1698;1350;1428;1370;1309;1281;1582;1383;1365;1252;1005;1206;1009,0.0,0.0,2903.6,0,0,0,0,0,0.0,0,0,0,0,0,0,0,0,0.0,0,0,0,0,0,0.0,0.0,0.0,0,0,0,32.1,1.66,0.0,0.3,3.88,19.0,63.4,97.13982009887695,0.006547672674059868,0.9031563997268677,0.09011850506067276,0.0,799.0,0.0,0.0,0.0,0.0,50.359552055597305,0.0,0.0,0.0,0.0,0.0,450.0,3290.4,0.0,0.0,49.71,0.698,50.407,11.616,0.743,49.664,emon,0.648,0.634,265.3,122.7,2.162
2026-09-17 21:45:40.531,16.4,0,74,34;8;35;0;37;0;0;0;74;0;0;0;48;3;22;3,983,2289,1419;1403;1374;2289;1261;1154;1171;1101;1400;1259;1442;1433;1248;983;1203;1193,0.0,0.0,3701.2,0,0,0,0,0,0.0,0,0,0,0,0,0,0,0,0.0,0,0,0,0,0,0.0,0.0,0.0,0,0,0,32.1,1.66,0.0,0.3,3.88,19.6,63.4,97.02607345581055,0.00542621873319149,0.9659184813499451,0.0970153883099556,0.0,1199.0,0.0,0.0,0.0,0.0,50.279791474342346,0.0,0.0,0.0,0.0,0.0,450.0,3989.8,0.0,0.0,49.71,0.698,50.407,11.616,0.743,49.664,emon,0.648,0.634,265.3,122.7,2.162
2026-09-17 21:45:41.531,15.6,0,80,32;3;37;12;45;2;0;0;80;0;0;0;22;6;6;5,945,1593,1456;1246;1593;1545;1343;1077;1243;1199;1469;1359;1382;1407;1200;1163;945;1079,0.0,0.0,4482.7,0,0,0,0,0,0.0,0,0,0,0,0,0,0,0,0.0,0,0,0,0,0,0.0,0.0,0.0,0,0,0,33.1,1.66,0.0,0.3,3.88,20.2,63.4,97.02607345581055,0.00542621873319149,0.9659184813499451,0.0970153883099556,0.0,1199.0,0.0,0.0,0.0,0.0,50.279791474342346,0.0,0.0,0.0,0.0,0.0,450.0,4663.1,0.0,0.0,1.425,1.146,2.571,29.763,1.905,0.666,emon,0.959,0.894,22.6,26.1,0.866
2026-09-17 21:45:42.532,40.1,2,80,30;22;28;11;63;41;20;2;80;67;65;54;59;62;31;8,595,1186,1186;1150;1155;1124;862;756;720;656;709;621;615;595;1111;1119;1038;1041,0.0,0.0,4998.2,0,0,0,0,0,0.0,0,0,0,0,0,0,0,0,0.0,0,0,0,0,0,0.0,0.0,0.0,0,0,0,31.1,1.77,0.0,0.3,3.84,20.2,63.4,97.85506439208984,0.006832062732428312,0.9770011305809021,0.09803158789873123,0.0,749.0,0.0,0.0,0.0,0.0,50.24851483106613,0.0,0.0,0.0,0.0,0.0,450.0,4998.2,0.0,0.0,1.425,1.146,2.571,29.763,1.905,0.666,emon,0.959,0.894,22.6,26.1,0.866
2026-09-17 21:45:43.532,42.7,5,81,14;17;26;20;48;53;23;5;71;81;69;71;69;80;26;8,576,1222,1046;1055;1032;1051;779;758;704;654;577;583;583;576;1165;1162;1167;1222,0.0,0.0,4998.2,0,0,0,0,0,0.0,0,0,0,0,0,0,0,0,0.0,0,0,0,0,0,0.0,0.0,0.0,0,0,0,31.1,1.77,0.0,0.3,3.84,20.2,63.4,97.09564590454102,0.006778338924050331,0.8856033086776733,0.08841732889413834,0.0,749.0,0.0,0.0,0.0,0.0,50.36955192685127,0.0,0.0,0.0,0.0,0.0,450.0,4998.2,0.0,0.0,1.425,1.146,2.571,29.763,1.905,0.666,emon,0.959,0.894,22.6,26.1,0.866
2026-09-17 21:45:44.576,31.1,2,69,14;32;28;18;3;52;31;31;22;69;44;41;2;57;46;9,606,1292,1170;1292;1117;1037;824;852;668;659;606;990;692;710;990;1118;1094;1009,0.0,0.0,4999.1,0,0,0,0,0,0.0,0,0,0,0,0,0,0,0,0.0,0,0,0,0,0,0.0,0.0,0.0,0,0,0,31.1,1.77,0.0,0.3,3.84,20.1,63.4,80.62919759750366,0.0032960113501303567,0.4715031759114936,0.04731699683543411,3.797003228100948e-05,1299.0,0.0,0.0,25.02209092862904,0.0,25.127651311457157,0.0,0.0,0.0,0.0,0.0,450.0,4998.2,0.0,0.0,1.425,1.146,2.571,29.763,1.905,0.666,emon,0.959,0.894,22.6,26.1,0.866
2026-09-17 21:45:45.576,8.5,0,59,0;17;22;0;0;59;0;0;0;23;2;0;0;5;8;0,1054,1285,1090;1257;1193;1071;1269;1285;1256;1257;1222;1172;1199;1236;1102;1054;1234;1149,0.0,0.0,4999.1,0,0,0,0,0,0.0,0,0,0,0,0,0,0,0,0.0,0,0,0,0,0,0.0,0.0,0.0,0,0,0,30.1,1.77,0.0,0.3,3.84,20.1,63.4,80.62919759750366,0.0032960113501303567,0.4715031759114936,0.04731699683543411,3.797003228100948e-05,1299.0,0.0,0.0,25.02209092862904,0.0,25.127651311457157,0.4,2.5,0.0,0.0,0.0,450.0,5001.1,0.0,0.0,1.425,1.146,2.571,29.763,1.905,0.666,emon,0.959,0.894,22.6,26.1,0.866
2026-09-17 21:45:46.577,6.4,0,43,0;18;6;0;0;43;0;0;0;20;0;0;3;2;6;3,977,1307,1044;1307;1181;1207;1066;1140;1118;1128;1079;1190;1178;1182;977;1093;1020;1007,0.0,0.0,5001.1,0,0,0,0,0,0.0,0,0,0,0,0,0,0,0,0.0,0,0,0,0,0,0.0,0.0,0.0,0,0,0,30.1,1.0,0.02,0.3,2.77,20.1,63.4,95.16073989868164,0.005453002639114857,0.8560563325881958,0.08558221161365509,0.0,1199.0,0.0,0.0,0.0,0.0,50.25234045088291,0.0,0.0,0.0,0.0,0.0,450.0,5001.1,0.0,0.0,1.425,1.146,2.571,29.763,1.905,0.666,emon,0.959,0.894,22.6,26.1,0.866
2026-09-17 21:45:47.577,8.9,0,52,0;33;25;0;0;52;0;0;0;19;0;0;0;3;5;5,902,1331,902;1159;1212;1097;1286;1244;1331;1236;1077;1135;1155;1185;1051;1057;1049;1117,0.0,0.0,5001.1,0,0,0,0,0,0.0,0,0,0,0,0,0,0,0,0.0,0,0,0,0,0,0.0,0.0,0.0,0,0,0,30.1,1.0,0.02,0.3,2.77,20.1,63.4,95.77800750732422,0.0053421747870743275,0.8917985558509827,0.08945749700069427,0.0,1199.0,0.0,0.0,0.0,0.0,50.31640499830246,0.0,0.0,0.0,0.0,0.0,450.0,5001.1,0.0,0.0,1.425,1.146,2.571,29.763,1.905,0.666,emon,0.959,0.894,22.6,26.1,0.866
2026-09-17 21:45:48.586,8.6,0,57,0;15;22;0;0;57;0;0;0;26;0;0;3;9;0;6,921,1258,1059;1234;1098;921;1156;1258;1212;1195;1159;1202;1120;1029;951;1110;1117;1105,0.0,0.0,5001.1,0,0,0,0,0,0.0,0,0,0,0,0,0,0,0,0.0,0,0,0,0,0,0.0,0.0,0.0,0,0,0,30.1,1.0,0.02,0.3,2.77,20.1,63.4,97.96627426147461,0.005453410558402538,0.8982993960380554,0.09017696976661682,0.0,1199.0,0.0,0.0,0.0,0.0,50.204053208231926,0.0,0.0,0.0,0.0,0.0,450.0,5001.1,0.0,0.0,1.425,1.146,2.571,29.763,1.905,0.666,emon,0.959,0.894,22.6,26.1,0.866
2026-09-17 21:45:49.587,9.3,0,50,2;11;19;3;0;50;2;0;0;27;2;2;2;23;6;2,947,1254,947;1196;1139;1142;1162;1174;1156;1177;1236;1254;1041;1018;1006;1151;1110;1135,0.0,0.0,5001.1,0,0,0,0,0,0.0,0,0,0,0,0,0,0,0,0.0,0,0,0,0,0,0.0,0.0,0.0,0,0,0,30.1,1.0,0.02,0.3,2.77,20.1,63.4,97.96627426147461,0.005453410558402538,0.8982993960380554,0.09017696976661682,0.0,1199.0,0.0,0.0,0.0,0.0,50.204053208231926,0.0,0.0,0.0,0.0,0.0,450.0,5001.1,0.0,0.0,1.425,1.146,2.571,29.763,1.905,0.666,emon,0.959,0.894,22.6,26.1,0.866
2026-09-17 21:45:50.587,14.4,0,62,2;23;31;0;0;62;0;3;0;50;0;0;0;34;8;18,935,1781,1101;1365;1416;1781;1076;1263;1146;935;1059;1333;1116;1098;1149;1193;1138;1092,19.5,0.0,5196.4,0,0,0,0,0,0.0,0,0,0,0,0,0,0,0,0.0,0,0,0,0,0,0.0,0.0,0.0,0,0,0,34.1,0.75,0.05,0.3,2.15,20.3,63.4,77.79782452302821,9.396401261582094,12.73908830390257,14.470653157023822,0.9673605152022313,1799.0,0.0,0.0,47.07648057863116,0.0,11.773257175570025,1.6,10.7,0.0,0.0,0.0,450.0,5161.0,0.0,0.0,1.425,1.146,2.571,29.763,1.905,0.666,emon,0.959,0.894,22.6,26.1,0.866
2026-09-17 21:45:51.589,17.3,0,53,17;49;37;5;3;40;0;0;0;48;3;0;0;53;12;10,834,1137,885;942;949;834;914;1123;1109;1051;1137;1115;1025;1067;998;1126;1036;1049,19.5,0.0,5196.4,0,0,0,0,0,0.0,0,0,0,0,0,0,0,0,0.0,0,0,0,0,0,0.0,0.0,0.0,0,0,0,31.1,0.75,0.05,0.3,2.15,20.3,63.4,99.9951356586657,8.472937897509453,64.47944992466977,55.472908947028614,46.88908325998407,1799.0,0.0,0.0,79.05925294737283,0.0,21.264299399067806,13.6,95.2,0.0,0.0,0.0,450.0,5196.6,0.0,0.0,1.425,1.146,2.571,29.763,1.905,0.666,emon,0.959,0.894,22.6,26.1,0.866
2026-09-17 21:45:52.619,16.0,0,49,20;40;36;9;0;37;0;0;0;36;2;0;6;49;8;13,781,1188,781;880;1107;867;1130;1091;948;1159;1002;1175;924;1000;1047;1188;1011;1103,0.0,0.0,5196.6,0,0,0,0,0,0.0,0,0,0,0,0,0,0,0,0.0,0,0,0,0,0,0.0,0.0,0.0,0,0,0,31.1,0.75,0.05,0.3,2.15,20.3,63.4,94.54350205028759,9.08328107738977,66.84937845258152,57.66638282993261,50.59505159714643,1799.0,0.0,0.0,82.40630119359669,0.0,11.887599804822136,14.2,99.7,0.0,0.0,0.0,450.0,5192.6,0.0,0.0,1.425,1.146,2.571,29.763,1.905,0.666,emon,0.959,0.894,22.6,26.1,0.866
2026-09-17 21:45:53.621,18.1,0,64,21;48;27;0;0;31;2;0;0;64;2;0;6;60;23;5,949,1233,1231;1084;1195;965;1192;1068;949;1138;1233;1219;1060;1161;1020;1166;1004;1031,100.0,0.0,5192.6,0,0,0,0,0,0.0,0,0,0,0,0,0,0,0,0.0,0,0,0,0,0,0.0,0.0,0.0,0,0,0,31.1,0.75,0.05,0.3,2.15,20.3,63.4,92.74292080218976,7.341611275306115,79.08058459942157,65.7661385169396,59.61992205106295,1799.0,0.0,0.0,92.31014380661341,0.0,0.0,14.3,99.8,0.0,0.0,0.0,450.0,5192.6,0.0,0.0,17.954,5.07,23.025,24.168,1.547,21.478,emon,0.709,0.852,375.1,173.5,2.162
2026-09-17 21:45:54.622,16.5,0,54,16;34;29;5;0;29;6;0;0;48;0;0;5;54;26;14,915,1244,1080;1069;1053;944;1096;1075;915;1185;1176;1244;1152;1150;974;1117;1017;983,0.0,0.0,5192.6,0,0,0,0,0,0.0,0,0,0,0,0,0,0,0,0.0,0,0,0,0,0,0.0,0.0,0.0,0,0,0,31.1,1.11,8.51,0.39,15.86,20.3,63.4,93.94070002436638,7.18964141869219,68.8596016317606,57.68659481778741,52.84917402267456,1799.0,0.0,0.0,81.31405755219748,0.0,12.63085524737835,14.3,100.0,0.0,0.0,0.0,450.0,5192.6,0.0,0.0,17.954,5.07,23.025,24.168,1.547,21.478,emon,0.709,0.852,375.1,173.5,2.162
2026-09-17 21:45:55.623,21.1,5,58,12;42;41;6;5;29;6;6;8;51;11;10;17;58;16;19,664,1328,1068;1149;1078;1034;664;1001;701;672;1328;1179;1244;1282;1146;1196;1152;1091,100.0,0.0,5070.7,0,0,0,0,0,0.0,0,0,0,0,0,0,0,0,0.0,0,0,0,0,0,0.0,0.0,0.0,0,0,0,31.1,1.11,8.51,0.39,15.86,20.2,63.4,99.99211781819662,13.588049061844746,62.48086943626404,57.00058195590973,46.54795818328857,1799.0,0.0,0.0,86.73516870637735,0.0,13.473511563879098,14.2,99.6,0.0,0.0,0.0,450.0,5192.6,0.0,0.0,17.954,5.07,23.025,24.168,1.547,21.478,emon,0.709,0.852,375.1,173.5,2.162
2026-09-17 21:45:56.623,17.7,0,56,8;36;34;9;0;30;0;0;0;47;8;2;13;56;20;21,828,1182,1180;1140;1015;828;1132;1121;1175;1182;1135;1101;956;1035;899;1138;1059;979,100.0,0.0,5070.7,0,0,0,0,0,0.0,0,0,0,0,0,0,0,0,0.0,0,0,0,0,0,0.0,0.0,0.0,0,0,0,31.1,1.11,8.51,0.39,15.86,20.2,63.4,87.3869670232137,6.323681640625,75.25851287841797,62.18042704264323,55.79369150797526,1799.0,0.0,0.0,86.67016610354185,0.0,0.0,14.3,99.7,0.0,0.0,0.0,450.0,5070.7,0.0,0.0,17.954,5.07,23.025,24.168,1.547,21.478,emon,0.709,0.852,375.1,173.5,2.162
2026-09-17 21:45:57.624,15.4,0,47,5;37;44;6;0;45;0;0;0;33;0;0;9;47;9;12,694,1251,1142;1049;1031;694;1123;1144;1062;1037;1221;1108;1149;880;1133;1188;1251;1164,100.0,0.0,5070.7,0,0,0,0,0,0.0,0,0,0,0,0,0,0,0,0.0,0,0,0,0,0,0.0,0.0,0.0,0,0,0,31.1,1.11,8.51,0.39,15.86,20.2,63.4,86.42497209140232,5.6552223818642755,74.79255730765206,61.30479976109096,55.350088936941965,1799.0,0.0,0.0,85.7181338160964,0.0,0.0,14.2,99.5,0.0,0.0,0.0,450.0,5070.7,0.0,0.0,17.954,5.07,23.025,24.168,1.547,21.478,emon,0.709,0.852,375.1,173.5,2.162
2026-09-17 21:45:58.625,17.7,0,57,23;38;38;9;2;38;0;0;2;37;5;0;8;57;15;12,923,1268,1223;1268;928;1254;1103;1085;1067;985;958;1079;986;991;923;1163;1100;928,100.0,0.0,5070.7,0,0,0,0,0,0.0,0,0,0,0,0,0,0,0,0.0,0,0,0,0,0,0.0,0.0,0.0,0,0,0,30.1,1.09,7.62,0.4,15.66,20.2,63.4,100.00207138061523,9.65826800818156,69.33146793501717,59.70447396167687,53.8598940713065,1799.0,0.0,0.0,85.7932160863919,0.0,14.425252930630709,14.3,99.8,0.0,0.0,0.0,450.0,5075.6,0.0,0.0,17.954,5.07,23.025,24.168,1.547,21.478,emon,0.709,0.852,375.1,173.5,2.162
2026-09-17 21:45:59.681,16.5,0,58,15;29;58;3;0;34;0;0;0;27;3;0;15;52;10;16,890,1178,1178;1003;890;982;1152;1118;1082;1023;986;1079;941;1167;1099;1100;1088;1065,100.0,0.0,5075.6,0,0,0,0,0,0.0,0,0,0,0,0,0,0,0,0.0,0,0,0,0,0,0.0,0.0,0.0,0,0,0,30.1,1.09,7.62,0.4,15.66,20.2,63.4,86.58299010140556,9.896909020131542,60.66692789963314,53.46737165039494,44.69411777314686,1799.0,0.0,0.0,76.24658017437018,0.0,9.62467965220345,14.3,99.9,0.0,0.0,0.0,450.0,5075.6,0.0,0.0,17.954,5.07,23.025,24.168,1.547,21.478,emon,0.709,0.852,375.1,173.5,2.162
2026-09-17 21:46:00.681,18.2,0,59,5;41;57;17;0;33;2;0;0;38;2;0;14;59;19;5,895,1228,1091;1090;1228;961;1172;1159;895;1172;1094;1089;1021;996;961;1126;1045;979,90.9,0.0,5071.6,0,0,0,0,0,0.0,0,0,0,0,0,0,0,0,0.0,0,0,0,0,0,0.0,0.0,0.0,0,0,0,30.1,1.09,7.62,0.4,15.66,20.3,63.4,92.64188329990094,7.939274494464581,78.45050107515775,65.65306912935696,59.52417314969576,1799.0,0.0,0.0,92.3094543472219,0.0,0.0,14.2,99.5,0.0,0.0,0.0,450.0,5071.6,0.0,0.0,17.954,5.07,23.025,24.168,1.547,21.478,emon,0.709,0.852,375.1,173.5,2.162
2026-09-17 21:46:01.682,17.1,0,66,12;32;41;9;0;66;0;0;0;30;2;0;2;54;22;5,929,1509,1364;1273;1234;1509;1219;1296;1205;1330;1112;1228;972;1132;929;1119;1048;1140,90.9,0.0,5071.6,0,0,0,0,0,0.0,0,0,0,0,0,0,0,0,0.0,0,0,0,0,0,0.0,0.0,0.0,0,0,0,31.1,1.09,7.62,0.4,15.66,20.2,63.4,87.02369564374288,6.081040016810099,64.2379591623942,52.838745307922366,48.529364840189615,1799.0,0.0,0.0,86.66767332560072,0.0,0.0,14.2,99.3,0.0,0.0,0.0,450.0,4974.1,0.0,0.0,17.954,5.07,23.025,24.168,1.547,21.478,emon,0.709,0.852,375.1,173.5,2.162
2026-09-17 21:46:02.683,17.1,0,68,10;35;32;9;2;25;0;0;0;68;2;0;6;60;9;16,890,1355,893;1016;1014;978;890;1098;1140;1173;1281;1355;1027;1239;939;1143;960;1023,17.7,0.0,4974.1,0,0,0,0,0,0.0,0,0,0,0,0,0,0,0,0.0,0,0,0,0,0,0.0,0.0,0.0,0,0,0,30.1,1.09,7.62,0.4,15.66,20.2,63.4,94.47664361841538,10.413694952669388,65.56908007930306,57.80760220306761,51.354991239659924,1799.0,0.0,0.0,82.4155397465562,0.0,11.8906791490667,14.3,99.9,0.0,0.0,0.0,450.0,4974.1,0.0,0.0,17.954,5.07,23.025,24.168,1.547,21.478,emon,0.709,0.852,375.1,173.5,2.162
2026-09-17 21:46:03.684,17.6,0,64,12;64;35;8;0;28;0;0;0;47;3;0;5;52;14;12,905,1179,1179;1111;960;917;1043;1095;1063;1163;1138;1143;1062;1056;905;1179;1082;933,100.0,0.0,4974.1,0,0,0,0,0,0.0,0,0,0,0,0,0,0,0,0.0,0,0,0,0,0,0.0,0.0,0.0,0,0,0,30.1,1.09,7.62,0.4,15.66,20.2,63.4,87.19285051027934,6.856215572357177,72.77804056803386,60.57711639404297,54.446540451049806,1799.0,0.0,0.0,86.6694638962547,0.0,0.0,14.2,99.6,0.0,0.0,0.0,450.0,4974.1,0.0,0.0,17.954,5.07,23.025,24.168,1.547,21.478,emon,0.709,0.852,375.1,173.5,2.162
2026-09-17 21:46:04.685,17.3,0,57,11;40;42;16;0;31;2;0;0;36;2;0;9;57;21;11,906,1325,1051;1076;1060;1325;1081;1139;940;1106;1010;1087;906;1100;973;1133;1039;975,96.3,0.0,4974.1,0,0,0,0,0,0.0,0,0,0,0,0,0,0,0,0.0,0,0,0,0,0,0.0,0.0,0.0,0,0,0,30.1,1.09,7.62,0.4,15.66,20.2,63.4,92.60150916759784,6.888869762420654,79.4112325815054,65.81801663912259,57.760164114145134,1799.0,0.0,0.0,92.3091837795308,0.0,0.0,14.2,99.5,0.0,0.0,0.0,450.0,4974.1,0.0,0.0,17.954,5.07,23.025,24.168,1.547,21.478,emon,0.709,0.852,375.1,173.5,2.162
2026-09-17 21:46:05.685,17.6,0,69,11;49;37;15;0;22;0;0;0;41;6;0;9;69;14;8,960,1272,1261;1272;1001;1186;1146;1120;983;1166;1123;1146;963;1021;1012;1181;1041;960,39.2,0.0,4974.1,0,0,0,0,0,0.0,0,0,0,0,0,0,0,0,0.0,0,0,0,0,0,0.0,0.0,0.0,0,0,0,31.1,1.09,7.62,0.4,15.66,20.2,63.4,100.00016174316406,11.03568317114065,69.49480111598969,60.9236747632424,52.6330446879069,1799.0,0.0,0.0,86.7342372054855,0.0,13.466077842116162,14.2,99.7,0.0,0.0,0.0,450.0,4974.1,0.0,0.0,40.032,0.515,40.547,11.96,0.765,39.782,emon,0.617,0.38,345.7,159.7,2.164
2026-09-17 21:46:06.740,17.1,0,56,9;54;49;6;0;31;0;0;0;46;4;1;7;56;6;4,783,1301,1199;1045;920;783;1301;1109;991;1128;1190;1181;995;1069;864;1180;1135;866,17.6,0.0,4974.1,0,0,0,0,0,0.0,0,0,0,0,0,0,0,0,0.0,0,0,0,0,0,0.0,0.0,0.0,0,0,0,31.1,0.0,0.0,0.0,0.0,20.2,63.4,89.30723464488983,10.956856969433526,60.76174709531996,54.44218565192487,47.015496571858726,1799.0,0.0,0.0,77.84570046286616,0.0,11.231741468111673,14.3,99.8,0.0,0.0,0.0,450.0,4974.1,0.0,0.0,40.032,0.515,40.547,11.96,0.765,39.782,emon,0.617,0.38,345.7,159.7,2.164
2026-09-17 21:46:07.741,15.0,0,61,5;37;61;2;0;44;0;0;0;42;0;0;2;44;2;3,936,1292,992;1135;1090;1292;1056;1150;1060;1093;1188;1168;1065;979;1034;1004;1042;936,17.6,0.0,4974.1,0,0,0,0,0,0.0,0,0,0,0,0,0,0,0,0.0,0,0,0,0,0,0.0,0.0,0.0,0,0,0,31.1,0.0,0.0,0.0,0.0,20.1,63.4,100.0,8.318328770724209,85.95187724720348,71.69027918035334,64.75179360129617,1799.0,0.0,0.0,99.99998266046697,0.0,0.0,14.2,99.7,0.0,0.0,0.0,450.0,4974.1,0.0,0.0,40.032,0.515,40.547,11.96,0.765,39.782,emon,0.617,0.38,345.7,159.7,2.164
2026-09-17 21:46:08.742,16.5,0,58,12;38;50;9;2;45;0;0;0;28;8;0;3;58;5;8,778,1173,778;920;1173;1096;811;1164;1141;1164;1100;1122;1151;931;1101;1169;1018;1025,0.0,0.0,4974.1,0,0,0,0,0,0.0,0,0,0,0,0,0,0,0,0.0,0,0,0,0,0,0.0,0.0,0.0,0,0,0,31.1,0.0,0.0,0.0,0.0,20.1,63.4,92.5737013022105,6.07291845480601,80.0587838490804,65.48948987325032,60.31470521291097,1799.0,0.0,0.0,91.67206595030923,0.0,0.0,14.3,99.9,0.0,0.0,0.0,450.0,4974.1,0.0,0.0,40.032,0.515,40.547,11.96,0.765,39.782,emon,0.617,0.38,345.7,159.7,2.164
2026-09-17 21:46:09.743,15.6,0,46,10;45;38;3;0;37;2;0;0;39;0;0;5;46;16;9,851,1407,1365;1125;957;1407;1033;1123;851;1034;1141;1142;1106;1170;970;1084;1018;1037,0.0,0.0,4974.1,0,0,0,0,0,0.0,0,0,0,0,0,0,0,0,0.0,0,0,0,0,0,0.0,0.0,0.0,0,0,0,31.1,1.17,7.39,0.39,15.12,20.1,63.4,90.9598664735493,8.49011251810742,56.890246774020945,48.74726940064054,42.26596470883018,1799.0,0.0,0.0,78.99967070041518,0.0,10.637068246834373,14.3,99.9,0.0,0.0,0.0,450.0,4974.1,0.0,0.0,40.032,0.515,40.547,11.96,0.765,39.782,emon,0.617,0.38,345.7,159.7,2.164
2026-09-17 21:46:10.744,16.2,0,49,3;36;36;11;0;49;0;0;0;38;2;0;8;46;17;14,803,1195,986;941;1195;1001;1016;1173;1061;1042;891;1054;951;966;803;1122;1085;1083,0.0,0.0,4974.1,0,0,0,0,0,0.0,0,0,0,0,0,0,0,0,0.0,0,0,0,0,0,0.0,0.0,0.0,0,0,0,31.1,1.17,7.39,0.39,15.12,20.1,63.4,99.99999583851208,8.741299499164928,84.84011147238992,71.18498021906072,64.15769577026367,1799.0,0.0,0.0,99.99999653209339,0.0,0.0,14.3,100.0,0.0,0.0,0.0,450.0,4974.1,0.0,0.0,40.032,0.515,40.547,11.96,0.765,39.782,emon,0.617,0.38,345.7,159.7,2.164
2026-09-17 21:46:11.745,16.2,0,54,11;38;31;3;0;44;0;0;0;48;0;2;5;54;9;16,914,1216,975;941;1201;924;1069;1112;1124;962;1054;1107;1130;914;987;1216;1087;1102,100.0,0.0,4974.1,0,0,0,0,0,0.0,0,0,0,0,0,0,0,0,0.0,0,0,0,0,0,0.0,0.0,0.0,0,0,0,31.1,1.17,7.39,0.39,15.12,20.1,63.4,87.36846321423849,5.677291075388591,73.4084841410319,59.29890416463216,55.52257614135742,1799.0,0.0,0.0,86.67045081220567,0.0,0.0,14.2,99.7,0.0,0.0,0.0,450.0,4974.1,0.0,0.0,40.032,0.515,40.547,11.96,0.765,39.782,emon,0.617,0.38,345.7,159.7,2.164
2026-09-17 21:46:12.746,16.0,0,53,11;42;45;0;0;53;0;0;0;30;0;0;3;52;12;6,864,1639,864;897;1151;1639;1031;1177;1173;948;1194;1103;960;1155;1056;1161;1017;1005,100.0,0.0,4974.1,0,0,0,0,0,0.0,0,0,0,0,0,0,0,0,0.0,0,0,0,0,0,0.0,0.0,0.0,0,0,0,31.1,1.17,7.39,0.39,15.12,20.1,63.4,99.99160563151041,10.532998165488243,69.15884104569753,60.37795312901338,52.46399841308594,1799.0,0.0,0.0,86.72537984848023,0.0,13.47542233467102,14.2,99.7,0.0,0.0,0.0,450.0,4974.1,0.0,0.0,40.032,0.515,40.547,11.96,0.765,39.782,emon,0.617,0.38,345.7,159.7,2.164
2026-09-17 21:46:13.773,16.3,0,52,15;41;52;8;0;15;4;0;0;26;15;6;9;33;34;3,952,1258,952;1190;1138;1192;1237;1060;1167;1258;1068;1216;1194;1222;1077;1143;1151;1050,0.0,0.0,4974.1,0,0,0,0,0,0.0,0,0,0,0,0,0,0,0,0.0,0,0,0,0,0,0.0,0.0,0.0,0,0,0,31.1,1.06,7.35,0.39,14.97,20.1,63.4,91.17711197702508,8.52286003260432,56.05001846112703,48.38008368956415,42.70568753543653,1799.0,0.0,0.0,79.01223400137143,0.0,10.644744378352314,14.3,100.0,0.0,0.0,0.0,450.0,4974.1,0.0,0.0,40.032,0.515,40.547,11.96,0.765,39.782,emon,0.617,0.38,345.7,159.7,2.164
2026-09-17 21:46:14.773,13.1,0,48,22;3;23;3;2;0;25;0;0;0;45;0;16;5;48;19,659,1235,987;877;946;659;838;1159;1150;1207;1021;1116;1172;962;1235;1086;1231;1177,100.0,0.0,4974.1,0,0,0,0,0,0.0,0,0,0,0,0,0,0,0,0.0,0,0,0,0,0,0.0,0.0,0.0,0,0,0,30.1,1.06,7.35,0.39,14.97,20.1,63.4,92.4632073182326,6.9530277618995076,72.3498053917518,60.25841287466196,54.8896604684683,1799.0,0.0,0.0,92.30819581717682,0.0,0.0,12.5,87.7,0.0,0.0,0.0,450.0,4974.1,0.0,0.0,40.032,0.515,40.547,11.96,0.765,39.782,emon,0.617,0.38,345.7,159.7,2.164
2026-09-17 21:46:15.773,7.9,0,57,5;2;25;2;0;0;18;8;0;0;57;0;0;0;11;0,1007,1395,1172;1007;1287;1157;1056;1096;1186;1395;1072;1030;1188;1185;1127;1172;1149;1168,0.0,0.0,4974.1,0,0,0,0,0,0.0,0,0,0,0,0,0,0,0,0.0,0,0,0,0,0,0.0,0.0,0.0,0,0,0,30.1,1.06,7.35,0.39,14.97,20.1,63.4,62.75227451324463,0.006644207052886486,0.948261559009552,0.09533609449863434,0.0,1299.0,0.0,0.0,0.0,0.0,50.04558515921235,0.0,0.0,0.0,0.0,0.0,450.0,4974.1,0.0,0.0,40.032,0.515,40.547,11.96,0.765,39.782,emon,0.617,0.38,345.7,159.7,2.164
2026-09-17 21:46:16.774,8.4,0,60,15;2;18;0;0;0;20;0;0;0;60;0;2;3;13;2,1038,1385,1084;1038;1266;1135;1385;1284;1273;1361;1261;1322;1253;1200;1059;1099;1174;1079,0.0,0.0,4974.1,0,0,0,0,0,0.0,0,0,0,0,0,0,0,0,0.0,0,0,0,0,0,0.0,0.0,0.0,0,0,0,29.1,1.06,7.35,0.39,14.97,20.1,63.4,97.16525268554688,0.006312080193310976,0.9593758583068848,0.09628750383853912,0.0,799.0,0.0,0.0,0.0,0.0,50.3658302128315,0.0,0.0,0.0,0.0,0.0,450.0,4974.1,0.0,0.0,40.032,0.515,40.547,11.96,0.765,39.782,emon,0.617,0.38,345.7,159.7,2.164
2026-09-17 21:46:17.804,8.2,0,58,18;2;17;0;0;0;26;0;0;0;58;0;0;0;6;4,924,1357,1113;924;1240;925;1264;1196;1261;1308;1357;1355;1283;1355;1166;1157;1134;1146,0.0,0.0,4974.1,0,0,0,0,0,0.0,0,0,0,0,0,0,0,0,0.0,0,0,0,0,0,0.0,0.0,0.0,0,0,0,29.1,0.71,1.2,0.31,4.05,20.1,63.4,97.47525024414062,0.006038104183971882,0.8783640265464783,0.08784793317317963,0.0,799.0,0.0,0.0,0.0,0.0,50.33496031165123,0.0,0.0,0.0,0.0,0.0,450.0,4974.1,0.0,0.0,9.882,0.593,10.476,9.429,0.603,9.873,emon,0.608,0.951,23.5,34.8,0.675
2026-09-17 21:46:18.805,7.9,0,48,15;2;8;2;0;0;25;0;0;0;48;2;0;2;11;12,753,1212,1130;753;1063;1004;1212;1192;1208;1212;1115;1116;1134;1049;1047;991;1188;1171,0.0,0.0,4974.1,0,0,0,0,0,0.0,0,0,0,0,0,0,0,0,0.0,0,0,0,0,0,0.0,0.0,0.0,0,0,0,29.1,0.71,1.2,0.31,4.05,20.1,63.4,97.47525024414062,0.006038104183971882,0.8783640265464783,0.08784793317317963,0.0,799.0,0.0,0.0,0.0,0.0,50.33496031165123,0.0,0.0,0.0,0.0,0.0,450.0,4974.1,0.0,0.0,9.882,0.593,10.476,9.429,0.603,9.873,emon,0.608,0.951,23.5,34.8,0.675
2026-09-17 21:46:19.806,11.2,0,54,17;0;22;0;6;0;54;0;0;0;54;0;6;2;16;3,844,1419,1288;1053;1419;1377;844;1265;1283;1210;1121;1107;1224;1171;1156;950;1212;1197,0.0,0.0,4974.1,0,0,0,0,0,0.0,0,0,0,0,0,0,0,0,0.0,0,0,0,0,0,0.0,0.0,0.0,0,0,0,35.1,0.71,1.2,0.31,4.05,20.3,63.4,100.00002670288086,53.42597961425781,27.473319053649902,46.31851387023926,3.8701088428497314,1799.0,0.0,0.0,100.00002670288086,0.0,0.0,2.6,17.8,0.0,0.0,0.0,450.0,5143.3,0.0,0.0,9.882,0.593,10.476,9.429,0.603,9.873,emon,0.608,0.951,23.5,34.8,0.675
2026-09-17 21:46:20.807,16.8,0,58,37;6;38;5;0;0;43;0;2;0;36;8;12;6;58;17,889,1199,1105;1175;1049;982;1160;1184;1163;1166;920;1199;1089;889;1007;1076;1133;1052,100.0,0.0,5143.3,0,0,0,0,0,0.0,0,0,0,0,0,0,0,0,0.0,0,0,0,0,0,0.0,0.0,0.0,0,0,0,31.1,0.71,1.2,0.31,4.05,20.3,63.4,94.67363312665154,9.902487488408738,64.22915030226989,54.79097942043753,47.500181534711054,1799.0,0.0,0.0,82.41724272247623,0.0,11.882072422147116,14.3,99.8,0.0,0.0,0.0,450.0,5143.3,0.0,0.0,9.882,0.593,10.476,9.429,0.603,9.873,emon,0.608,0.951,23.5,34.8,0.675
2026-09-17 21:46:21.808,18.3,0,53,48;11;40;11;0;0;42;0;0;0;38;6;9;9;53;25,871,1244,949;947;993;871;1236;879;1178;1173;1244;1202;1173;1123;1106;1102;1175;1141,100.0,0.0,5143.3,0,0,0,0,0,0.0,0,0,0,0,0,0,0,0,0.0,0,0,0,0,0,0.0,0.0,0.0,0,0,0,31.1,0.92,6.03,0.35,11.46,20.3,63.4,92.48008330051715,9.118940656001751,70.94459049518292,60.6816558104295,53.24387832788321,1799.0,0.0,0.0,92.30846606832571,0.0,0.0,14.2,99.7,0.0,0.0,0.0,450.0,5143.3,0.0,0.0,9.882,0.593,10.476,9.429,0.603,9.873,emon,0.608,0.951,23.5,34.8,0.675
2026-09-17 21:46:22.809,17.8,0,62,30;6;43;5;2;0;42;2;0;0;20;0;23;23;62;29,801,1331,1006;936;1217;1331;1101;869;1150;985;801;809;1150;815;1178;1112;1135;1026,40.9,0.0,5143.3,0,0,0,0,0,0.0,0,0,0,0,0,0,0,0,0.0,0,0,0,0,0,0.0,0.0,0.0,0,0,0,31.1,0.92,6.03,0.35,11.46,20.3,63.4,92.56748859698956,7.4173814700200005,79.00169607309195,65.63524510310246,60.52280514056866,1799.0,0.0,0.0,92.30903711456519,0.0,0.0,14.2,99.6,0.0,0.0,0.0,450.0,5143.3,0.0,0.0,9.882,0.593,10.476,9.429,0.603,9.873,emon,0.608,0.951,23.5,34.8,0.675
2026-09-17 21:46:23.810,15.5,0,66,32;11;34;6;0;0;36;2;0;0;20;5;14;0;66;21,868,1201,926;868;1183;1006;1030;1046;1079;944;1018;1061;1063;996;1029;1098;1201;1031,40.9,0.0,5143.3,0,0,0,0,0,0.0,0,0,0,0,0,0,0,0,0.0,0,0,0,0,0,0.0,0.0,0.0,0,0,0,32.1,0.92,6.03,0.35,11.46,20.3,63.4,84.1896603528191,8.67005558574901,65.61979630414177,56.28261611040901,50.56311012716854,1799.0,0.0,0.0,82.36355146250742,0.0,0.0,14.2,99.6,0.0,0.0,0.0,450.0,5143.3,0.0,0.0,9.882,0.593,10.476,9.429,0.603,9.873,emon,0.608,0.951,23.5,34.8,0.675
2026-09-17 21:46:24.825,17.6,0,71,40;21;35;6;0;0;31;0;0;0;31;0;12;18;71;15,815,1841,1099;962;993;815;1125;1164;1102;1139;1841;1185;1162;1127;1103;1176;1227;1140,100.0,0.0,5143.3,0,0,0,0,0,0.0,0,0,0,0,0,0,0,0,0.0,0,0,0,0,0,0.0,0.0,0.0,0,0,0,31.1,0.92,6.03,0.35,11.46,20.3,63.4,99.99670246669224,9.652506461034395,70.076132612569,60.51794003908123,52.37371826171875,1799.0,0.0,0.0,85.78721676021814,0.0,14.436973709684025,14.3,100.0,0.0,0.0,0.0,450.0,5143.3,0.0,0.0,9.882,0.593,10.476,9.429,0.603,9.873,emon,0.608,0.951,23.5,34.8,0.675
2026-09-17 21:46:25.826,17.1,0,50,45;5;50;8;0;0;44;2;0;0;42;5;3;13;47;11,834,1182,999;848;1040;908;993;1030;1142;834;1029;1001;1182;1038;907;940;1023;969,0.0,0.0,5143.3,0,0,0,0,0,0.0,0,0,0,0,0,0,0,0,0.0,0,0,0,0,0,0.0,0.0,0.0,0,0,0,31.1,1.09,7.62,0.39,15.72,20.3,63.4,99.99999930641867,8.277887734499844,84.88144545121627,70.81718306107955,64.73913504860617,1799.0,0.0,0.0,100.00000069358133,0.0,0.0,14.3,100.0,0.0,0.0,0.0,450.0,5143.3,0.0,0.0,9.882,0.593,10.476,9.429,0.603,9.873,emon,0.608,0.951,23.5,34.8,0.675
2026-09-17 21:46:26.827,15.5,0,60,36;8;45;2;0;0;32;2;0;0;29;0;8;8;60;19,790,1328,980;790;1065;1328;1111;1087;1056;1000;1202;1252;1197;1171;1008;1163;1167;1146,100.0,0.0,5143.3,0,0,0,0,0,0.0,0,0,0,0,0,0,0,0,0.0,0,0,0,0,0,0.0,0.0,0.0,0,0,0,31.1,1.09,7.62,0.39,15.72,20.3,63.4,87.17066253026327,8.00358894666036,69.6509785970052,59.06205749511719,51.73010819753011,1799.0,0.0,0.0,86.66930454025666,0.0,0.0,14.2,99.6,0.0,0.0,0.0,450.0,5143.3,0.0,0.0,9.882,0.593,10.476,9.429,0.603,9.873,emon,0.608,0.951,23.5,34.8,0.675
2026-09-17 21:46:27.828,16.6,0,52,22;14;45;9;0;0;22;0;0;0;52;2;19;9;52;21,863,1179,990;1046;988;863;1179;988;1087;1090;1157;1160;1136;947;1034;900;1125;1036,99.0,0.0,5143.3,0,0,0,0,0,0.0,0,0,0,0,0,0,0,0,0.0,0,0,0,0,0,0.0,0.0,0.0,0,0,0,31.1,1.09,7.62,0.39,15.72,20.3,63.4,94.3096334513496,11.635743608040844,63.97957604772904,57.25649457644014,49.36481565587661,1799.0,0.0,0.0,82.41286307014525,0.0,11.890202201111338,14.2,99.6,0.0,0.0,0.0,450.0,5143.3,0.0,0.0,9.882,0.593,10.476,9.429,0.603,9.873,emon,0.608,0.951,23.5,34.8,0.675
2026-09-17 21:46:28.829,15.4,0,74,19;11;44;2;0;0;30;2;0;0;25;0;18;13;74;11,743,1223,1040;804;911;1069;873;827;1060;947;780;743;1103;875;1190;1117;1223;1149,99.0,0.0,5143.3,0,0,0,0,0,0.0,0,0,0,0,0,0,0,0,0.0,0,0,0,0,0,0.0,0.0,0.0,0,0,0,30.1,1.09,7.62,0.39,15.72,20.3,63.4,92.53083494993356,9.326256641974815,76.1563210120568,64.85600926325871,57.959457690899185,1799.0,0.0,0.0,92.30880145714261,0.0,0.0,14.2,99.7,0.0,0.0,0.0,450.0,5143.3,0.0,0.0,43.672,0.651,44.323,14.325,0.917,43.406,emon,0.603,0.482,336.8,156.0,2.16
2026-09-17 21:46:29.829,16.7,0,55,42;5;48;2;0;0;27;0;0;0;51;2;2;8;55;28,816,1829,1034;816;1153;1215;1481;1829;1196;1437;1679;1595;1218;1206;997;1005;1097;1144,0.0,0.0,5143.3,0,0,0,0,0,0.0,0,0,0,0,0,0,0,0,0.0,0,0,0,0,0,0.0,0.0,0.0,0,0,0,30.1,1.01,7.47,0.39,15.26,20.3,63.4,86.44596767425537,5.50104546546936,75.8015877859933,62.04390280587332,54.03431265694754,1799.0,0.0,0.0,85.71808481861704,0.0,0.0,14.2,99.7,0.0,0.0,0.0,450.0,5143.3,0.0,0.0,43.672,0.651,44.323,14.325,0.917,43.406,emon,0.603,0.482,336.8,156.0,2.16
2026-09-17 21:46:30.830,17.8,0,62,40;2;51;10;0;0;49;0;0;0;39;2;8;9;62;14,915,1521,1069;983;1108;1521;1133;1095;1107;1176;1194;1190;1274;915;1136;1119;1081;920,0.0,0.0,5038.3,0,0,0,0,0,0.0,0,0,0,0,0,0,0,0,0.0,0,0,0,0,0,0.0,0.0,0.0,0,0,0,30.1,1.01,7.47,0.39,15.26,20.3,63.4,99.99999694824218,9.429502058029176,83.44285125732422,70.6568489074707,63.24761734008789,1799.0,0.0,0.0,99.99999694824218,0.0,0.0,14.3,100.0,0.0,0.0,0.0,450.0,5038.3,0.0,0.0,43.672,0.651,44.323,14.325,0.917,43.406,emon,0.603,0.482,336.8,156.0,2.16
2026-09-17 21:46:31.836,16.6,0,63,36;9;42;8;0;0;63;0;0;0;29;0;4;9;52;14,917,1385,1092;1189;1083;1180;1385;1171;1225;1207;917;1211;1131;1099;950;1007;1099;1033,100.0,0.0,5038.3,0,0,0,0,0,0.0,0,0,0,0,0,0,0,0,0.0,0,0,0,0,0,0.0,0.0,0.0,0,0,0,29.1,1.01,7.47,0.39,15.26,20.3,63.4,99.99952341715495,10.175034889827172,63.727198783556624,55.919728656609855,48.323763223489124,1799.0,0.0,0.0,86.73537854999304,0.0,13.482701282152387,14.3,100.0,0.0,0.0,0.0,450.0,5038.3,0.0,0.0,43.672,0.651,44.323,14.325,0.917,43.406,emon,0.603,0.482,336.8,156.0,2.16
2026-09-17 21:46:32.837,18.5,0,58,46;9;36;3;2;2;58;0;2;0;36;2;12;3;55;29,771,1235,1095;1205;995;789;955;811;1235;950;988;771;1125;952;1104;919;1124;1048,100.0,0.0,5038.3,0,0,0,0,0,0.0,0,0,0,0,0,0,0,0,0.0,0,0,0,0,0,0.0,0.0,0.0,0,0,0,30.1,1.01,7.47,0.39,15.26,20.3,63.4,99.99999930641867,9.935272997075861,82.65963606400923,70.4667705189098,63.21510072187944,1799.0,0.0,0.0,99.99999722567472,0.0,0.0,14.3,100.0,0.0,0.0,0.0,450.0,5038.3,0.0,0.0,43.672,0.651,44.323,14.325,0.917,43.406,emon,0.603,0.482,336.8,156.0,2.16
2026-09-17 21:46:33.838,16.7,0,61,55;21;30;2;0;0;36;0;0;2;19;2;15;8;61;17,887,1257,1106;1217;1153;956;1158;1257;1101;1194;1079;887;1095;953;1043;999;1168;1011,100.0,0.0,5038.3,0,0,0,0,0,0.0,0,0,0,0,0,0,0,0,0.0,0,0,0,0,0,0.0,0.0,0.0,0,0,0,30.1,1.07,7.47,0.39,15.26,20.3,63.4,87.32474052111307,7.573849205921094,62.10160988171895,52.521802334984145,46.99316959381103,1799.0,0.0,0.0,86.67100496912995,0.0,0.0,14.2,99.5,0.0,0.0,0.0,450.0,5038.3,0.0,0.0,43.672,0.651,44.323,14.325,0.917,43.406,emon,0.603,0.482,336.8,156.0,2.16
2026-09-17 21:46:34.839,16.8,0,52,48;26;52;6;0;0;41;0;0;0;28;3;6;3;40;14,903,1343,1062;1343;1036;903;1260;1175;1287;1293;1201;1209;1187;1216;956;1091;1117;1052,100.0,0.0,5038.3,0,0,0,0,0,0.0,0,0,0,0,0,0,0,0,0.0,0,0,0,0,0,0.0,0.0,0.0,0,0,0,30.1,1.07,7.47,0.39,15.26,20.3,63.4,87.31578731536865,7.8200370243617465,71.883969443185,60.6205804007394,54.17837061200823,1799.0,0.0,0.0,85.72472227950182,0.0,0.0,14.2,99.5,0.0,0.0,0.0,450.0,5038.3,0.0,0.0,43.672,0.651,44.323,14.325,0.917,43.406,emon,0.603,0.482,336.8,156.0,2.16
2026-09-17 21:46:35.840,16.7,0,55,39;2;55;2;0;0;47;0;0;0;24;0;18;9;54;17,684,1190,918;944;1031;684;1190;1138;1135;1091;1037;1069;1070;1070;1122;1083;1140;1117,100.0,0.0,5038.3,0,0,0,0,0,0.0,0,0,0,0,0,0,0,0,0.0,0,0,0,0,0,0.0,0.0,0.0,0,0,0,30.1,1.07,7.47,0.39,15.26,20.3,63.4,90.61363757284064,8.604014514504295,60.87294066579718,52.95594969078114,45.61236604891325,1799.0,0.0,0.0,79.01029431094464,0.0,10.636730625210284,14.3,99.8,0.0,0.0,0.0,450.0,5038.3,0.0,0.0,43.672,0.651,44.323,14.325,0.917,43.406,emon,0.603,0.482,336.8,156.0,2.16
2026-09-17 21:46:36.840,16.9,0,69,38;14;49;6;0;0;22;2;0;0;35;5;14;5;69;13,899,1445,1022;899;1103;1445;1096;1028;1097;909;1110;1088;1127;919;1194;1171;1195;1077,0.0,0.0,5038.3,0,0,0,0,0,0.0,0,0,0,0,0,0,0,0,0.0,0,0,0,0,0,0.0,0.0,0.0,0,0,0,31.1,1.07,7.47,0.39,15.26,20.2,63.4,100.0,8.622573158957742,84.60839496959339,70.8908972306685,63.606877760453656,1799.0,0.0,0.0,100.0,0.0,0.0,14.3,100.0,0.0,0.0,0.0,450.0,5038.3,0.0,0.0,43.672,0.651,44.323,14.325,0.917,43.406,emon,0.603,0.482,336.8,156.0,2.16
2026-09-17 21:46:37.842,16.5,0,53,30;3;51;2;0;0;25;0;0;0;36;5;9;20;53;31,915,1179,1054;992;1173;915;1018;1020;1098;1091;1057;1072;1108;1075;929;956;1179;1110,100.0,0.0,5038.3,0,0,0,0,0,0.0,0,0,0,0,0,0,0,0,0.0,0,0,0,0,0,0.0,0.0,0.0,0,0,0,31.1,1.1,7.43,0.39,15.18,20.2,63.4,92.57339178598843,9.362005563882681,76.65651409442609,65.30183880145734,58.57526779174805,1799.0,0.0,0.0,92.30917109792622,0.0,0.0,14.3,100.0,0.0,0.0,0.0,450.0,5038.3,0.0,0.0,43.672,0.651,44.323,14.325,0.917,43.406,emon,0.603,0.482,336.8,156.0,2.16
2026-09-17 21:46:38.875,15.7,0,57,27;9;42;3;0;0;35;2;0;0;48;2;3;4;57;19,871,1178,1081;1000;982;871;1169;1167;1156;1106;1071;1178;1126;956;1032;886;1125;1008,100.0,0.0,5038.3,0,0,0,0,0,0.0,0,0,0,0,0,0,0,0,0.0,0,0,0,0,0,0.0,0.0,0.0,0,0,0,31.1,1.1,7.43,0.39,15.18,20.2,63.4,94.65295844607883,9.799336306181633,67.00569007794063,58.52834507326285,49.812470224168564,1799.0,0.0,0.0,83.39472679255738,0.0,11.226494595000986,14.3,99.8,0.0,0.0,0.0,450.0,5038.3,0.0,0.0,43.672,0.651,44.323,14.325,0.917,43.406,emon,0.603,0.482,336.8,156.0,2.16
2026-09-17 21:46:39.875,16.9,0,62,28;11;52;5;0;0;31;2;0;0;62;0;12;5;42;20,942,1325,1136;1004;1070;1241;1036;1021;1117;1099;1325;1322;1239;1174;942;1177;1089;1046,100.0,0.0,5038.3,0,0,0,0,0,0.0,0,0,0,0,0,0,0,0,0.0,0,0,0,0,0,0.0,0.0,0.0,0,0,0,31.1,1.1,7.43,0.39,15.18,20.2,63.4,91.4049141623757,8.425052816217596,76.55904215032405,64.55474576083097,57.95906933871183,1799.0,0.0,0.0,90.91217685186051,0.0,0.0,14.2,99.5,0.0,0.0,0.0,450.0,5038.3,0.0,0.0,43.672,0.651,44.323,14.325,0.917,43.406,emon,0.603,0.482,336.8,156.0,2.16
2026-09-17 21:46:40.876,17.2,0,53,53;15;41;5;0;0;33;0;0;0;41;5;14;10;45;14,867,1192,1003;881;915;938;1136;1011;1095;867;1100;1040;1103;1074;1042;1132;1192;1068,0.0,0.0,5038.3,0,0,0,0,0,0.0,0,0,0,0,0,0,0,0,0.0,0,0,0,0,0,0.0,0.0,0.0,0,0,0,31.1,1.1,7.43,0.39,15.18,20.2,63.4,99.99999930641867,9.58709565075961,82.9584846496582,70.32963353937322,62.51221119273793,1799.0,0.0,0.0,99.99999930641867,0.0,0.0,14.3,100.0,0.0,0.0,0.0,450.0,5038.3,0.0,0.0,41.01,0.758,41.768,9.809,0.628,41.14,emon,0.617,0.637,367.0,170.0,2.159
2026-09-17 21:46:41.877,18.0,2,69,31;20;31;8;3;2;45;2;3;2;30;5;8;8;69;23,847,1252,1017;968;994;847;1161;1221;1118;1178;850;1013;1129;1023;1178;1252;1243;1139,100.0,0.0,5038.3,0,0,0,0,0,0.0,0,0,0,0,0,0,0,0,0.0,0,0,0,0,0,0.0,0.0,0.0,0,0,0,31.1,1.02,7.46,0.4,15.15,20.2,63.4,92.48583734952487,8.6763150875385,77.76293475811298,65.68245579646184,58.838129190298226,1799.0,0.0,0.0,92.30866001123705,0.0,0.0,14.3,99.9,0.0,0.0,0.0,450.0,5038.3,0.0,0.0,41.01,0.758,41.768,9.809,0.628,41.14,emon,0.617,0.637,367.0,170.0,2.159
2026-09-17 21:46:42.878,14.0,0,58,33;11;45;0;0;0;58;0;0;0;27;0;6;2;38;4,766,1251,1094;1251;1100;766;1122;1114;1186;1081;1140;1122;1128;1062;1096;851;1116;964,100.0,0.0,5038.3,0,0,0,0,0,0.0,0,0,0,0,0,0,0,0,0.0,0,0,0,0,0,0.0,0.0,0.0,0,0,0,30.1,1.02,7.46,0.4,15.15,20.2,63.4,94.57979979234584,7.841813877224922,64.86065295864555,55.48747634449426,48.35648586469538,1799.0,0.0,0.0,82.41242208046948,0.0,11.889384998994714,14.2,99.7,0.0,0.0,0.0,450.0,5038.3,0.0,0.0,41.01,0.758,41.768,9.809,0.628,41.14,emon,0.617,0.637,367.0,170.0,2.159
2026-09-17 21:46:43.878,7.2,0,25,11;9;20;0;0;0;25;20;0;0;8;8;2;0;3;9,1036,1477,1440;1451;1248;1477;1453;1187;1130;1202;1153;1144;1169;1181;1092;1036;1121;1179,100.0,0.0,5038.3,0,0,0,0,0,0.0,0,0,0,0,0,0,0,0,0.0,0,0,0,0,0,0.0,0.0,0.0,0,0,0,30.1,1.02,7.46,0.4,15.15,20.2,63.4,75.22900894709996,7.317414021651659,41.97987420218332,37.44474195582526,31.462612134803617,1784.7142857142858,0.0,0.0,57.14381746142836,0.0,14.302383497357368,6.7,46.7,0.0,0.0,0.0,450.0,5038.3,0.0,0.0,41.01,0.758,41.768,9.809,0.628,41.14,emon,0.617,0.637,367.0,170.0,2.159
2026-09-17 21:46:44.879,10.9,0,73,5;23;29;0;0;0;0;73;0;0;0;25;8;3;0;9,1175,2634,2634;2015;1952;2538;1989;2514;2113;1549;1240;1354;1347;1400;1185;1203;1175;1243,0.0,0.0,5038.3,0,0,0,0,0,0.0,0,0,0,0,0,0,0,0,0.0,0,0,0,0,0,0.0,0.0,0.0,0,0,0,32.1,1.02,7.46,0.4,15.15,20.2,63.4,74.96278716242591,0.4247447948816211,20.335017803103426,18.141394548637923,2.3336374361181718,1180.9767441860465,0.0,0.0,0.0,0.0,51.35010059255847,0.1,0.0,0.0,0.0,0.0,450.0,5038.3,0.0,0.0,41.01,0.758,41.768,9.809,0.628,41.14,emon,0.617,0.637,367.0,170.0,2.159
2026-09-17 21:46:45.879,10.3,0,68,0;25;29;0;0;0;0;68;0;0;0;27;2;2;0;14,962,1639,1639;1483;1584;1501;1288;1303;1395;1408;1264;1088;1097;1312;1052;1476;962;1245,0.9,0.0,5038.3,0,0,0,0,0,0.0,0,0,0,0,0,0,0,0,0.0,0,0,0,0,0,0.0,0.0,0.0,0,0,0,31.1,1.47,2.16,0.33,6.74,20.2,63.4,98.13142541738657,0.38026330448113954,21.200157679044285,18.530893252446102,2.8525474346601047,1156.6923076923076,0.0,0.0,0.0,0.0,50.217708586500244,0.1,0.0,0.0,0.0,0.0,450.0,5038.3,0.0,0.0,41.01,0.758,41.768,9.809,0.628,41.14,emon,0.617,0.637,367.0,170.0,2.159
2026-09-17 21:46:46.914,9.8,0,65,3;21;25;0;0;0;0;65;0;0;0;29;3;0;0;12,990,1998,1998;1686;1678;1718;1863;1284;1276;1502;1228;1231;1236;1395;990;1062;1138;1157,0.2,0.0,5038.3,0,0,0,0,0,0.0,0,0,0,0,0,0,0,0,0.0,0,0,0,0,0,0.0,0.0,0.0,0,0,0,31.1,1.47,2.16,0.33,6.74,20.3,63.4,98.1789911058214,0.43359956083198387,20.877563960022396,18.024827151662773,2.4000564283794827,1168.4444444444443,0.0,0.0,0.0,0.0,50.215956949525406,0.0,0.0,0.0,0.0,0.0,450.0,5038.3,0.0,0.0,41.01,0.758,41.768,9.809,0.628,41.14,emon,0.617,0.637,367.0,170.0,2.159
2026-09-17 21:46:47.914,13.1,0,81,2;20;22;0;4;3;0;28;3;0;0;81;17;9;3;17,841,2013,1645;1503;1505;1501;870;857;907;1228;1547;1857;2013;1506;1015;1078;841;1176,0.4,0.0,5038.3,0,0,0,0,0,0.0,0,0,0,0,0,0,0,0,0.0,0,0,0,0,0,0.0,0.0,0.0,0,0,0,36.1,1.47,2.16,0.33,6.74,20.3,63.4,97.53074088463417,0.363082624398745,21.664150384756233,19.257249025198128,2.7578967328254995,1191.3076923076924,0.0,0.0,0.0,0.0,50.23884443709483,0.1,0.0,0.0,0.0,0.0,450.0,5038.3,0.0,0.0,41.01,0.758,41.768,9.809,0.628,41.14,emon,0.617,0.637,367.0,170.0,2.159
2026-09-17 21:46:48.915,19.2,2,71,9;48;36;9;6;6;2;31;2;3;2;46;9;19;8;71,1006,2105,2100;2035;2105;1912;1006;1020;1052;1349;1333;1298;1495;1517;1145;1064;1210;1236,100.0,0.0,5145.6,0,0,0,0,0,0.0,0,0,0,0,0,0,0,0,0.0,0,0,0,0,0,0.0,0.0,0.0,0,0,0,35.1,1.47,2.16,0.33,6.74,20.3,63.4,99.02711614505532,9.074751926394006,40.7495544750205,37.4403054684919,25.331515410050905,1799.0,0.0,0.0,52.689214238808155,0.0,46.80340344880342,8.4,58.2,0.0,0.0,0.0,450.0,5145.6,0.0,0.0,41.01,0.758,41.768,9.809,0.628,41.14,emon,0.617,0.637,367.0,170.0,2.159
2026-09-17 21:46:49.917,16.9,0,49,9;49;32;6;0;2;0;46;0;0;0;47;14;11;6;47,877,2140,1269;1664;1876;1146;1155;877;1171;1233;2140;1275;1267;1536;1087;1052;899;1165,100.0,0.0,5145.6,0,0,0,0,0,0.0,0,0,0,0,0,0,0,0,0.0,0,0,0,0,0,0.0,0.0,0.0,0,0,0,33.1,2.72,6.01,0.35,13.73,20.3,63.4,99.99537989445504,9.158316589504308,43.32968885774557,39.993617145312314,27.911478767806738,1799.0,0.0,0.0,52.703679780553855,0.0,47.90161445684426,14.2,99.0,0.0,0.0,0.0,450.0,5145.6,0.0,0.0,41.01,0.758,41.768,9.809,0.628,41.14,emon,0.617,0.637,367.0,170.0,2.159
2026-09-17 21:46:50.957,18.2,0,54,14;37;52;4;4;3;0;37;0;0;0;54;16;11;8;52,913,2024,1573;1767;2024;1627;1368;931;1336;1351;1254;1253;986;1477;913;928;961;1170,0.3,0.0,5148.7,0,0,0,0,0,0.0,0,0,0,0,0,0,0,0,0.0,0,0,0,0,0,0.0,0.0,0.0,0,0,0,34.1,2.72,6.01,0.35,13.73,20.5,63.4,100.04051833379836,9.469368463311167,46.322740263030646,42.63391919703711,23.43533548994899,1799.0,0.0,0.0,52.49094337869791,0.0,43.43592254786402,14.3,99.3,0.0,0.0,0.0,450.0,5148.7,0.0,0.0,41.01,0.758,41.768,9.809,0.628,41.14,emon,0.617,0.637,367.0,170.0,2.159
2026-09-17 21:46:51.958,18.5,0,59,21;58;38;3;0;2;0;33;0;0;0;43;14;11;14;59,958,1799,1285;1350;1212;1152;1248;1532;1799;1174;1541;1209;1301;1204;1215;1089;958;1185,100.0,0.0,5163.3,0,0,0,0,0,0.0,0,0,0,0,0,0,0,0,0.0,0,0,0,0,0,0.0,0.0,0.0,0,0,0,33.1,2.72,6.01,0.35,13.73,20.3,63.4,96.9562060534954,8.72207280396833,49.364364106208086,41.561601624358445,34.57644473388791,1799.0,0.0,0.0,65.73573528419365,0.0,31.553382669869393,14.2,98.9,0.0,0.0,0.0,450.0,5163.3,0.0,0.0,41.01,0.758,41.768,9.809,0.628,41.14,emon,0.617,0.637,367.0,170.0,2.159
2026-09-17 21:46:52.958,17.4,0,54,20;41;41;8;0;0;0;44;0;0;0;37;11;6;17;54,986,1463,1228;1255;1120;1273;1071;1171;1120;1181;1463;1086;1109;1140;1060;986;1207;1259,0.0,0.0,5159.3,0,0,0,0,0,0.0,0,0,0,0,0,0,0,0,0.0,0,0,0,0,0,0.0,0.0,0.0,0,0,0,32.1,2.72,6.01,0.35,13.73,20.3,63.4,100.01077554740158,10.606805560489496,47.982512193567615,44.51988123795565,33.10463581015082,1799.0,0.0,0.0,60.91003267393977,0.0,39.58646054652819,14.3,99.8,0.0,0.0,0.0,450.0,5159.3,0.0,0.0,90.738,0.801,91.54,25.14,1.609,89.931,emon,0.599,0.351,237.5,109.9,2.161
2026-09-17 21:46:53.959,19.0,0,58,18;51;46;6;3;0;0;46;0;0;0;51;15;10;2;58,948,1798,1798;1629;1357;1254;1187;1168;1177;1280;1257;1359;1330;1233;993;948;959;1191,0.0,0.0,5159.3,0,0,0,0,0,0.0,0,0,0,0,0,0,0,0,0.0,0,0,0,0,0,0.0,0.0,0.0,0,0,0,34.1,2.4,8.2,0.39,18.04,20.3,63.4,99.98296076456705,7.929422679146131,37.366005674997965,33.572808969815576,22.531451957027116,1799.0,0.0,0.0,52.13006355484327,0.0,47.780931808149525,14.3,99.7,0.0,0.0,0.0,450.0,5159.3,0.0,0.0,90.738,0.801,91.54,25.14,1.609,89.931,emon,0.599,0.351,237.5,109.9,2.161
2026-09-17 21:46:54.960,17.3,0,62,11;47;55;11;0;0;0;48;0;0;0;19;5;6;13;62,966,1396,1058;1000;1211;1197;1396;1221;1182;1247;966;1190;1106;1152;1137;1020;1125;1240,38.7,0.0,5144.8,0,0,0,0,0,0.0,0,0,0,0,0,0,0,0,0.0,0,0,0,0,0,0.0,0.0,0.0,0,0,0,31.1,2.4,8.2,0.39,18.04,20.3,63.4,94.48639704199398,8.512577371397878,68.69811515948352,58.67546917322804,52.45007346658146,1799.0,0.0,0.0,82.41306660017547,0.0,11.891092097709,14.3,99.5,0.0,0.0,0.0,450.0,5144.8,0.0,0.0,90.738,0.801,91.54,25.14,1.609,89.931,emon,0.599,0.351,237.5,109.9,2.161
2026-09-17 21:46:55.961,18.3,0,56,9;47;49;8;3;0;0;56;0;0;0;28;16;22;9;45,999,1233,1105;999;1007;1130;1038;1233;1141;1101;1106;1116;1127;1107;1039;1046;1159;1195,38.7,0.0,5144.8,0,0,0,0,0,0.0,0,0,0,0,0,0,0,0,0.0,0,0,0,0,0,0.0,0.0,0.0,0,0,0,30.1,2.4,8.2,0.39,18.04,20.3,63.4,91.88794364531834,7.13148307800293,76.24512354532878,63.19761085510254,57.76860205332438,1799.0,0.0,0.0,91.66782463745524,0.0,0.0,14.3,99.8,0.0,0.0,0.0,450.0,5144.8,0.0,0.0,90.738,0.801,91.54,25.14,1.609,89.931,emon,0.599,0.351,237.5,109.9,2.161
2026-09-17 21:46:56.963,17.4,0,58,16;53;20;5;5;0;0;53;0;0;0;34;11;23;0;58,867,1208,1013;1014;994;867;1021;1074;1164;1166;1154;1178;1181;1106;1102;1152;1101;1208,100.0,0.0,5144.8,0,0,0,0,0,0.0,0,0,0,0,0,0,0,0,0.0,0,0,0,0,0,0.0,0.0,0.0,0,0,0,30.1,2.4,8.2,0.39,18.04,20.3,63.4,99.99999583851208,10.578155474229293,81.38932314786044,69.93290571732955,62.05408824573863,1799.0,0.0,0.0,99.99999514493075,0.0,0.0,14.3,99.8,0.0,0.0,0.0,450.0,5144.8,0.0,0.0,90.738,0.801,91.54,25.14,1.609,89.931,emon,0.599,0.351,237.5,109.9,2.161
2026-09-17 21:46:57.990,18.5,0,58,4;52;51;6;2;0;0;29;0;0;0;38;22;15;20;58,801,1202,1033;885;1006;801;901;1151;1136;1076;1139;1167;1199;1156;1055;1032;1139;1202,0.0,0.0,5144.8,0,0,0,0,0,0.0,0,0,0,0,0,0,0,0,0.0,0,0,0,0,0,0.0,0.0,0.0,0,0,0,29.1,1.56,7.72,0.39,16.27,20.3,63.4,96.28793159484863,8.370763058001176,46.82475580096245,42.203548007570205,32.893193292617795,1799.0,0.0,0.0,64.20993893571197,0.0,16.24053798679799,14.3,100.0,0.0,0.0,0.0,450.0,5144.8,0.0,0.0,90.738,0.801,91.54,25.14,1.609,89.931,emon,0.599,0.351,237.5,109.9,2.161
2026-09-17 21:46:58.991,16.5,0,53,9;36;35;5;0;0;0;36;0;0;0;53;22;14;5;49,639,1205,1026;1052;967;639;1110;1065;1054;1162;1181;1199;1205;1175;1173;864;853;1166,1.3,0.0,5042.4,0,0,0,0,0,0.0,0,0,0,0,0,0,0,0,0.0,0,0,0,0,0,0.0,0.0,0.0,0,0,0,29.1,1.56,7.72,0.39,16.27,20.3,63.4,94.61832173665364,7.477667689323425,78.15776189168294,65.15849494934082,59.25511900583903,1799.0,0.0,0.0,91.68322732796271,0.0,0.0,14.3,99.8,0.0,0.0,0.0,450.0,5042.4,0.0,0.0,90.738,0.801,91.54,25.14,1.609,89.931,emon,0.599,0.351,237.5,109.9,2.161
2026-09-17 21:46:59.992,16.5,0,57,6;47;32;5;2;0;0;26;2;0;0;57;25;9;8;47,861,1841,1272;1028;1287;1487;1639;1841;1694;1257;861;1778;1213;1248;1039;1035;1157;1084,0.0,0.0,5038.4,0,0,0,0,0,0.0,0,0,0,0,0,0,0,0,0.0,0,0,0,0,0,0.0,0.0,0.0,0,0,0,30.1,1.56,7.72,0.39,16.27,20.3,63.4,100.0,10.018202868374912,82.36845259232955,70.1809872713956,63.201631719415836,1799.0,0.0,0.0,100.0,0.0,0.0,14.2,99.6,0.0,0.0,0.0,450.0,5042.4,0.0,0.0,90.738,0.801,91.54,25.14,1.609,89.931,emon,0.599,0.351,237.5,109.9,2.161
2026-09-17 21:47:00.992,17.9,0,58,9;40;39;6;2;0;0;49;0;0;0;54;11;14;3;58,1107,2208,2208;2004;2147;1688;1327;1429;1554;1466;2093;1163;1274;1488;1107;1124;1187;1166,0.0,0.0,5038.4,0,0,0,0,0,0.0,0,0,0,0,0,0,0,0,0.0,0,0,0,0,0,0.0,0.0,0.0,0,0,0,32.1,1.56,7.72,0.39,16.27,20.3,63.4,99.56936881640186,9.568251427909418,35.28672558205313,32.3757687141634,21.766024869003388,1799.0,0.0,0.0,53.148411640927165,0.0,47.49132428942268,14.3,99.8,0.0,0.0,0.0,450.0,5038.4,0.0,0.0,90.738,0.801,91.54,25.14,1.609,89.931,emon,0.599,0.351,237.5,109.9,2.161
2026-09-17 21:47:01.993,17.4,0,64,14;45;28;5;5;0;0;47;0;0;0;64;11;2;5;55,832,2651,1302;1315;1465;1509;988;2651;1111;1192;1763;1187;1183;1388;1039;832;965;1141,100.0,0.0,5068.9,0,0,0,0,0,0.0,0,0,0,0,0,0,0,0,0.0,0,0,0,0,0,0.0,0.0,0.0,0,0,0,31.1,1.56,7.72,0.39,16.27,20.3,63.4,99.56414679772989,10.872484669853897,35.11940841539458,33.233969919155776,20.141028535735334,1799.0,0.0,0.0,51.64070798699362,0.0,48.067300895319676,14.2,98.4,0.0,0.0,0.0,450.0,5068.9,0.0,0.0,90.738,0.801,91.54,25.14,1.609,89.931,emon,0.599,0.351,237.5,109.9,2.161
2026-09-17 21:47:02.994,16.4,0,58,13;41;31;2;0;0;0;58;2;0;0;31;11;24;2;48,847,1380,1169;1079;1026;847;1267;1351;1214;1258;1380;1155;1074;1147;1143;1139;966;1122,0.0,0.0,5068.9,0,0,0,0,0,0.0,0,0,0,0,0,0,0,0,0.0,0,0,0,0,0,0.0,0.0,0.0,0,0,0,31.1,1.56,7.72,0.39,16.27,20.3,63.4,92.50707107323866,10.22515660065871,75.82296576866737,65.5751935518705,54.92406918452336,1799.0,0.0,0.0,92.30865277686658,0.0,0.0,14.3,100.0,0.0,0.0,0.0,450.0,5068.9,0.0,0.0,90.738,0.801,91.54,25.14,1.609,89.931,emon,0.599,0.351,237.5,109.9,2.161
2026-09-17 21:47:03.995,16.0,0,64,8;41;46;5;0;0;0;64;0;0;0;20;11;16;5;42,900,1311,1117;1009;1043;1311;1238;1289;1298;1192;1042;1032;1044;1114;1055;1024;900;1152,79.8,0.0,5068.9,0,0,0,0,0,0.0,0,0,0,0,0,0,0,0,0.0,0,0,0,0,0,0.0,0.0,0.0,0,0,0,31.1,1.56,7.72,0.39,16.27,20.3,63.4,92.5325261446146,9.755611456357515,75.59522540752704,64.82402508075421,57.5154914855957,1799.0,0.0,0.0,92.30898081181714,0.0,0.0,14.2,99.6,0.0,0.0,0.0,450.0,5068.9,0.0,0.0,90.738,0.801,91.54,25.14,1.609,89.931,emon,0.599,0.351,237.5,109.9,2.161
2026-09-17 21:47:04.996,17.8,0,65,19;40;36;3;2;2;0;41;2;0;0;29;27;14;6;65,770,1307,1145;1047;1010;770;980;936;909;1248;1307;1003;885;1135;1150;1037;1145;1181,100.0,0.0,5068.9,0,0,0,0,0,0.0,0,0,0,0,0,0,0,0,0.0,0,0,0,0,0,0.0,0.0,0.0,0,0,0,31.1,1.56,7.72,0.39,16.27,20.2,63.4,92.5377950484936,10.18083744782668,74.90965094933144,64.67416469867413,57.20173498300406,1799.0,0.0,0.0,92.30886995369711,0.0,0.0,14.2,99.7,0.0,0.0,0.0,450.0,5068.9,0.0,0.0,69.897,0.907,70.805,20.7,1.325,69.48,emon,0.586,0.597,389.1,182.6,2.131
2026-09-17 21:47:05.997,16.3,0,56,16;45;29;6;5;2;0;56;3;0;0;30;22;3;2;44,766,1326,1324;1096;1011;766;1326;1014;897;1168;1005;766;767;1138;987;963;854;1133,100.0,0.0,5068.9,0,0,0,0,0,0.0,0,0,0,0,0,0,0,0,0.0,0,0,0,0,0,0.0,0.0,0.0,0,0,0,31.1,0.0,0.0,0.0,0.0,20.2,63.4,94.45017194747925,8.080432235482423,64.01240166495828,53.93318588418119,47.86930286183077,1799.0,0.0,0.0,82.4207549664904,0.0,11.888129391133964,14.2,99.7,0.0,0.0,0.0,450.0,5068.9,0.0,0.0,69.897,0.907,70.805,20.7,1.325,69.48,emon,0.586,0.597,389.1,182.6,2.131
2026-09-17 21:47:06.998,17.0,0,58,3;52;42;3;0;0;0;58;0;0;0;37;22;10;3;42,792,1452,1452;1188;1041;792;1190;1178;1111;1208;1097;1010;1015;1155;983;892;802;1147,0.0,0.0,5068.9,0,0,0,0,0,0.0,0,0,0,0,0,0,0,0,0.0,0,0,0,0,0,0.0,0.0,0.0,0,0,0,31.1,0.0,0.0,0.0,0.0,20.2,63.4,87.20909873644511,8.26924645503362,67.47744172414144,57.42086607615153,51.07277221679688,1799.0,0.0,0.0,86.66954806484281,0.0,0.0,14.3,99.9,0.0,0.0,0.0,450.0,5068.9,0.0,0.0,69.897,0.907,70.805,20.7,1.325,69.48,emon,0.586,0.597,389.1,182.6,2.131
2026-09-17 21:47:07.999,11.8,0,45,2;29;37;2;3;0;0;45;0;0;0;27;3;9;0;33,844,1321,1321;1280;1192;844;906;1198;1082;1186;1119;1105;1090;1129;1115;1136;1009;1142,0.0,0.0,5068.9,0,0,0,0,0,0.0,0,0,0,0,0,0,0,0,0.0,0,0,0,0,0,0.0,0.0,0.0,0,0,0,30.1,0.0,0.0,0.0,0.0,20.2,63.4,89.14519200722377,7.64961441182014,63.325695706738365,53.86869562417269,47.98957337273492,1799.0,0.0,0.0,77.83222801305561,0.0,11.237775194955853,12.0,84.2,0.0,0.0,0.0,450.0,5068.9,0.0,0.0,69.897,0.907,70.805,20.7,1.325,69.48,emon,0.586,0.597,389.1,182.6,2.131
2026-09-17 21:47:08.999,8.9,0,45,3;22;21;2;0;0;0;22;0;0;0;45;8;6;6;8,820,1220,1056;1135;1148;1069;908;844;906;1220;839;820;863;1185;994;1032;915;975,0.0,0.0,5068.9,0,0,0,0,0,0.0,0,0,0,0,0,0,0,0,0.0,0,0,0,0,0,0.0,0.0,0.0,0,0,0,30.1,0.0,0.0,0.0,0.0,20.2,63.4,62.739830017089844,0.0044460603967309,0.9832768440246582,0.0986546203494072,0.0009666031110100448,1799.0,0.0,0.0,0.0,0.0,50.047670159488916,0.0,0.0,0.0,0.0,0.0,450.0,5068.9,0.0,0.0,69.897,0.907,70.805,20.7,1.325,69.48,emon,0.586,0.597,389.1,182.6,2.131
2026-09-17 21:47:10.000,7.8,0,43,0;12;20;0;0;2;0;28;0;0;0;43;3;2;0;16,894,1300,1021;1111;1300;1023;1140;1110;894;1210;1125;1119;1120;1148;1042;1062;1135;1196,0.0,0.0,5068.9,0,0,0,0,0,0.0,0,0,0,0,0,0,0,0,0.0,0,0,0,0,0,0.0,0.0,0.0,0,0,0,30.1,0.89,3.83,0.35,8.73,20.2,63.4,98.01677322387695,0.005811018869280815,0.9090578556060791,0.09098395705223083,0.6342105269432068,1449.0,0.0,0.0,0.0,0.0,50.19403852522373,0.0,0.0,0.0,0.0,0.0,450.0,5068.9,0.0,0.0,69.897,0.907,70.805,20.7,1.325,69.48,emon,0.586,0.597,389.1,182.6,2.131
2026-09-17 21:47:11.001,8.5,0,43,0;18;23;5;0;0;0;27;0;0;0;43;5;0;0;16,841,1450,1076;1030;1188;1450;1168;1088;974;1273;1013;1000;1023;1136;1182;1123;841;1213,0.0,0.0,5068.9,0,0,0,0,0,0.0,0,0,0,0,0,0,0,0,0.0,0,0,0,0,0,0.0,0.0,0.0,0,0,0,29.1,0.89,3.83,0.35,8.73,20.2,63.4,95.73830032348633,0.005179306957870722,0.948040246963501,0.09484759718179703,0.0,1199.0,0.0,0.0,0.0,0.0,50.22730313241482,0.0,0.0,0.0,0.0,0.0,450.0,5068.9,0.0,0.0,69.897,0.907,70.805,20.7,1.325,69.48,emon,0.586,0.597,389.1,182.6,2.131
2026-09-17 21:47:12.001,6.4,0,41,0;17;9;0;0;0;0;20;0;0;0;41;6;0;6;3,856,1371,1095;1200;1073;856;1371;1129;1175;1164;1108;1097;1116;1121;1234;1159;1086;908,0.0,0.0,5068.9,0,0,0,0,0,0.0,0,0,0,0,0,0,0,0,0.0,0,0,0,0,0,0.0,0.0,0.0,0,0,0,30.1,0.89,3.83,0.35,8.73,20.2,63.4,94.60039901733398,0.0067649041302502155,0.8698927164077759,0.08715638518333435,0.0,999.0,0.0,0.0,0.0,0.0,50.32323661446571,0.0,0.0,0.0,0.0,0.0,450.0,5068.9,0.0,0.0,69.897,0.907,70.805,20.7,1.325,69.48,emon,0.586,0.597,389.1,182.6,2.131
2026-09-17 21:47:13.002,12.1,0,67,0;25;17;0;0;0;0;67;0;0;0;48;8;0;5;23,841,1223,944;1085;1124;841;1071;1129;1179;1212;1168;1141;1174;1223;1015;1101;939;1055,0.0,0.0,5068.9,0,0,0,0,0,0.0,0,0,0,0,0,0,0,0,0.0,0,0,0,0,0,0.0,0.0,0.0,0,0,0,33.1,0.89,3.83,0.35,8.73,20.3,63.4,99.1979736328125,31.672712457552553,16.70778021812439,27.268168899416924,2.42667555809021,1399.0,0.0,0.0,60.000004577636716,0.0,20.11434359550476,3.0,20.8,0.0,0.0,0.0,450.0,5176.2,0.0,0.0,69.897,0.907,70.805,20.7,1.325,69.48,emon,0.586,0.597,389.1,182.6,2.131
2026-09-17 21:47:14.003,16.9,0,47,34;30;42;3;6;0;0;16;16;0;0;17;47;20;22;19,897,1431,949;964;897;1431;1099;1093;1115;1042;1117;1083;1109;1122;1238;1045;1226;1254,32.2,0.0,5176.2,0,0,0,0,0,0.0,0,0,0,0,0,0,0,0,0.0,0,0,0,0,0,0.0,0.0,0.0,0,0,0,31.1,0.75,3.27,0.32,6.45,20.3,63.4,94.49893592385685,9.447353686260826,67.3542813132791,58.422672388308186,52.36721622242647,1799.0,0.0,0.0,82.42844120380195,0.0,11.894854321365582,14.3,99.9,0.0,0.0,0.0,450.0,5176.2,0.0,0.0,69.897,0.907,70.805,20.7,1.325,69.48,emon,0.586,0.597,389.1,182.6,2.131
2026-09-17 21:47:15.005,16.2,0,52,22;23;41;3;31;3;0;0;38;0;0;0;52;31;8;9,774,1228,1030;1075;994;774;1096;945;1228;1105;1140;1193;1145;1143;1195;1045;991;1040,100.0,0.0,5176.2,0,0,0,0,0,0.0,0,0,0,0,0,0,0,0,0.0,0,0,0,0,0,0.0,0.0,0.0,0,0,0,31.1,0.75,3.27,0.32,6.45,20.3,63.4,99.99999809265137,9.242482542991638,84.17288017272949,70.94278335571289,64.16137504577637,1799.0,0.0,0.0,99.99999809265137,0.0,0.0,14.3,99.8,0.0,0.0,0.0,450.0,5176.2,0.0,0.0,69.897,0.907,70.805,20.7,1.325,69.48,emon,0.586,0.597,389.1,182.6,2.131
2026-09-17 21:47:16.040,18.0,0,59,57;19;59;6;35;0;0;0;27;0;0;0;52;19;3;12,807,1202,1000;807;1015;823;1146;1159;1151;1142;1173;1167;1202;1175;1148;1060;1154;1037,0.0,0.0,5176.2,0,0,0,0,0,0.0,0,0,0,0,0,0,0,0,0.0,0,0,0,0,0,0.0,0.0,0.0,0,0,0,31.1,0.75,3.27,0.32,6.45,20.3,63.4,100.0,9.320225498893045,84.06597900390625,70.8783284967596,64.1781234741211,1799.0,0.0,0.0,99.99999930641867,0.0,0.0,14.2,99.7,0.0,0.0,0.0,450.0,5176.2,0.0,0.0,69.897,0.907,70.805,20.7,1.325,69.48,emon,0.586,0.597,389.1,182.6,2.131
2026-09-17 21:47:17.040,16.6,0,50,36;15;38;11;39;2;0;0;36;0;0;0;50;23;5;9,869,1171,959;1033;1028;1077;1149;869;1081;1171;1114;1161;1166;1105;1171;1006;1018;984,0.0,0.0,5176.2,0,0,0,0,0,0.0,0,0,0,0,0,0,0,0,0.0,0,0,0,0,0,0.0,0.0,0.0,0,0,0,31.1,0.75,3.27,0.32,6.45,20.3,63.4,90.15905573493556,8.91071385101072,64.44780439452121,55.66667154745052,48.49270449186626,1799.0,0.0,0.0,79.01230614906864,0.0,10.635951606850876,14.3,99.8,0.0,0.0,0.0,450.0,5176.2,0.0,0.0,42.991,0.52,43.511,13.181,0.844,42.667,emon,0.605,0.506,393.3,181.9,2.162
2026-09-17 21:47:18.041,16.1,0,43,43;22;23;10;37;3;0;0;20;2;0;0;40;30;16;12,827,1480,827;842;1040;1480;1078;1011;923;1139;1118;868;1068;1170;1150;1090;992;901,100.0,0.0,5176.2,0,0,0,0,0,0.0,0,0,0,0,0,0,0,0,0.0,0,0,0,0,0,0.0,0.0,0.0,0,0,0,31.1,1.01,7.3,0.4,14.9,20.3,63.4,80.50604508717855,6.940869394938151,67.78596649169921,56.60406545003255,51.97010777791341,1799.0,0.0,0.0,80.00266397822803,0.0,0.0,14.2,99.7,0.0,0.0,0.0,450.0,5176.2,0.0,0.0,42.991,0.52,43.511,13.181,0.844,42.667,emon,0.605,0.506,393.3,181.9,2.162
2026-09-17 21:47:19.042,17.5,0,55,42;22;45;8;55;2;0;0;30;0;0;0;48;14;14;0,857,1203,1123;1162;937;857;1161;1163;1181;1018;1134;1178;1203;1200;1192;1111;1030;1009,100.0,0.0,5176.2,0,0,0,0,0,0.0,0,0,0,0,0,0,0,0,0.0,0,0,0,0,0,0.0,0.0,0.0,0,0,0,31.1,1.01,7.3,0.4,14.9,20.3,63.4,93.2448180272029,7.8661359502719,73.45107592069186,60.7037929388193,55.43062100043664,1799.0,0.0,0.0,92.31236539723781,0.0,0.0,14.2,99.2,0.0,0.0,0.0,450.0,5176.2,0.0,0.0,42.991,0.52,43.511,13.181,0.844,42.667,emon,0.605,0.506,393.3,181.9,2.162
2026-09-17 21:47:20.043,15.5,0,46,42;11;46;3;42;2;2;0;31;2;0;0;43;13;8;3,713,1172,1010;1172;880;713;1113;915;821;1121;1101;1158;1154;1034;1156;932;1136;935,0.0,0.0,5176.2,0,0,0,0,0,0.0,0,0,0,0,0,0,0,0,0.0,0,0,0,0,0,0.0,0.0,0.0,0,0,0,31.1,1.01,7.3,0.4,14.9,20.3,63.4,100.00030975341797,8.131289945418636,72.46461361249288,61.041286981105806,56.5932014465332,1799.0,0.0,0.0,86.73707092404365,0.0,13.477812850510237,14.3,99.9,0.0,0.0,0.0,450.0,5176.2,0.0,0.0,42.991,0.52,43.511,13.181,0.844,42.667,emon,0.605,0.506,393.3,181.9,2.162
2026-09-17 21:47:21.044,17.5,0,66,49;22;28;6;33;3;0;0;41;0;0;0;66;14;15;3,869,1296,1034;1064;1040;1296;1112;869;1059;1068;1079;1053;1103;1100;1227;1045;1126;1242,100.0,0.0,5176.2,0,0,0,0,0,0.0,0,0,0,0,0,0,0,0,0.0,0,0,0,0,0,0.0,0.0,0.0,0,0,0,30.1,1.01,7.3,0.4,14.9,20.3,63.4,87.30747593243917,8.090888086954752,70.48318201700846,59.593543243408206,53.14453633626302,1799.0,0.0,0.0,86.6701341787974,0.0,0.0,14.2,99.7,0.0,0.0,0.0,450.0,5176.2,0.0,0.0,42.991,0.52,43.511,13.181,0.844,42.667,emon,0.605,0.506,393.3,181.9,2.162
2026-09-17 21:47:22.045,19.9,0,88,49;17;42;14;47;3;2;0;41;2;0;0;88;3;11;2,906,1288,1144;1256;1004;1083;1247;1066;1147;906;1167;1288;992;1045;1240;990;1248;1095,100.0,0.0,5176.2,0,0,0,0,0,0.0,0,0,0,0,0,0,0,0,0.0,0,0,0,0,0,0.0,0.0,0.0,0,0,0,31.1,0.99,7.35,0.39,14.97,20.3,63.4,88.14960803985596,8.574347718556721,71.62366638183593,60.997999572753905,54.63315989176432,1799.0,0.0,0.0,86.67486014353732,0.0,0.0,14.3,99.8,0.0,0.0,0.0,450.0,5176.2,0.0,0.0,42.991,0.52,43.511,13.181,0.844,42.667,emon,0.605,0.506,393.3,181.9,2.162
2026-09-17 21:47:23.045,15.9,0,55,28;11;41;2;45;2;6;0;31;2;0;2;55;11;8;12,951,1620,1192;1129;951;1620;1159;1359;1401;1298;1112;1263;1319;1151;1221;1111;1113;1139,100.0,0.0,5176.2,0,0,0,0,0,0.0,0,0,0,0,0,0,0,0,0.0,0,0,0,0,0,0.0,0.0,0.0,0,0,0,30.1,0.99,7.35,0.39,14.97,20.4,63.4,100.06274159749348,9.444908672198654,64.40366623799007,55.94576655526956,49.12563756306966,1799.0,0.0,0.0,86.71403552095096,0.0,13.460914816174727,14.3,99.9,0.0,0.0,0.0,450.0,5176.2,0.0,0.0,42.991,0.52,43.511,13.181,0.844,42.667,emon,0.605,0.506,393.3,181.9,2.162
2026-09-17 21:47:24.046,17.8,0,60,51;17;40;9;37;0;0;0;34;0;0;0;60;14;8;15,908,1265,1167;1196;908;1233;1098;1104;993;1056;1140;1112;1074;1075;1244;1175;1265;1090,0.0,0.0,5068.9,0,0,0,0,0,0.0,0,0,0,0,0,0,0,0,0.0,0,0,0,0,0,0.0,0.0,0.0,0,0,0,30.1,0.99,7.35,0.39,14.97,20.3,63.4,94.3205696554745,8.201734965502778,63.105951105847076,53.29906104329754,47.3559409309836,1799.0,0.0,0.0,82.42611700219705,0.0,11.8953761429139,14.3,99.8,0.0,0.0,0.0,450.0,5068.9,0.0,0.0,42.991,0.52,43.511,13.181,0.844,42.667,emon,0.605,0.506,393.3,181.9,2.162
2026-09-17 21:47:25.047,18.1,0,68,45;25;44;6;14;2;0;0;44;2;0;0;68;20;8;12,852,1514,1079;1288;994;883;1141;852;1187;1186;1167;1514;1242;1198;1159;1019;996;984,26.6,0.0,5068.9,0,0,0,0,0,0.0,0,0,0,0,0,0,0,0,0.0,0,0,0,0,0,0.0,0.0,0.0,0,0,0,30.1,1.19,7.49,0.4,15.51,20.3,63.4,92.32221980889638,8.811269799868265,76.53662236531575,64.92322476704915,57.83663527170817,1799.0,0.0,0.0,91.67098906356841,0.0,0.0,14.2,99.7,0.0,0.0,0.0,450.0,5068.9,0.0,0.0,42.991,0.52,43.511,13.181,0.844,42.667,emon,0.605,0.506,393.3,181.9,2.162
2026-09-17 21:47:26.048,16.8,0,53,53;16;38;0;48;2;0;0;33;0;2;0;50;9;11;8,988,2877,1131;1136;1043;1573;1285;1668;2865;2711;1112;2877;1429;2531;1237;988;996;1076,0.3,0.0,5016.3,0,0,0,0,0,0.0,0,0,0,0,0,0,0,0,0.0,0,0,0,0,0,0.0,0.0,0.0,0,0,0,30.1,1.19,7.49,0.4,15.51,20.3,63.4,100.00000416148792,10.396549311551182,82.22983273592862,70.29751933704723,62.6653490933505,1799.0,0.0,0.0,100.00000346790661,0.0,0.0,14.3,99.8,0.0,0.0,0.0,450.0,5016.3,0.0,0.0,42.991,0.52,43.511,13.181,0.844,42.667,emon,0.605,0.506,393.3,181.9,2.162
2026-09-17 21:47:27.049,16.5,0,64,31;5;36;5;40;3;2;0;30;0;0;0;64;34;6;9,743,1159,992;1137;1064;743;1159;1117;970;927;1131;1021;1093;1123;1159;1026;1001;896,0.3,0.0,5016.3,0,0,0,0,0,0.0,0,0,0,0,0,0,0,0,0.0,0,0,0,0,0,0.0,0.0,0.0,0,0,0,30.1,1.19,7.49,0.4,15.51,20.3,63.4,99.99595235188802,7.899773473665118,72.97710713545482,61.06020995775859,55.47189788818359,1799.0,0.0,0.0,86.72752109766006,0.0,13.477165993156813,14.3,100.0,0.0,0.0,0.0,450.0,5016.3,0.0,0.0,42.991,0.52,43.511,13.181,0.844,42.667,emon,0.605,0.506,393.3,181.9,2.162
2026-09-17 21:47:28.050,17.9,0,55,55;9;48;8;53;3;2;0;30;0;0;0;53;14;5;6,899,1270,943;928;1081;938;1220;899;1270;1214;1181;1230;1105;1085;1178;1091;1098;1182,0.0,0.0,5016.3,0,0,0,0,0,0.0,0,0,0,0,0,0,0,0,0.0,0,0,0,0,0,0.0,0.0,0.0,0,0,0,30.1,1.19,7.49,0.4,15.51,20.3,63.4,99.99999791925603,9.636015892028809,83.61798789284445,70.69004960493608,64.10710698908025,1799.0,0.0,0.0,100.00000416148792,0.0,0.0,14.3,100.0,0.0,0.0,0.0,450.0,5016.3,0.0,0.0,42.991,0.52,43.511,13.181,0.844,42.667,emon,0.605,0.506,393.3,181.9,2.162
2026-09-17 21:47:29.051,17.7,0,66,48;11;44;3;66;0;0;0;38;0;2;0;52;11;2;9,1066,2481,1066;1078;1440;1117;1284;1659;1421;1950;1121;1493;1823;2481;1147;1148;1130;1203,0.0,0.0,5016.3,0,0,0,0,0,0.0,0,0,0,0,0,0,0,0,0.0,0,0,0,0,0,0.0,0.0,0.0,0,0,0,31.1,1.26,7.57,0.39,15.64,20.2,63.4,100.00000346790661,11.231859293850986,80.66417208584872,69.74210045554422,62.34367578679865,1799.0,0.0,0.0,100.00000208074397,0.0,0.0,14.3,100.0,0.0,0.0,0.0,450.0,5016.3,0.0,0.0,51.011,0.544,51.555,14.234,0.911,50.644,emon,0.613,0.463,402.4,186.4,2.158
2026-09-17 21:47:30.052,16.3,0,58,47;12;32;0;55;3;0;0;23;0;0;0;58;11;14;5,950,1679,1210;1352;1038;950;1132;981;1435;1431;1121;1482;1679;1668;1153;1024;976;968,100.0,0.0,5016.3,0,0,0,0,0,0.0,0,0,0,0,0,0,0,0,0.0,0,0,0,0,0,0.0,0.0,0.0,0,0,0,31.1,1.26,7.57,0.39,15.64,20.2,63.4,93.94472613930702,7.89477290812647,67.39512097835541,57.016919114626944,52.63597917556763,1799.0,0.0,0.0,81.30833109508967,0.0,12.633800000499832,14.3,99.8,0.0,0.0,0.0,450.0,5016.3,0.0,0.0,51.011,0.544,51.555,14.234,0.911,50.644,emon,0.613,0.463,402.4,186.4,2.158
2026-09-17 21:47:31.053,17.2,0,54,44;14;38;3;50;0;0;3;45;0;0;0;54;14;2;9,909,1312,1090;1067;955;999;1224;1312;1288;1215;1069;964;909;1102;1168;1017;1074;962,20.8,0.0,5016.3,0,0,0,0,0,0.0,0,0,0,0,0,0,0,0,0.0,0,0,0,0,0,0.0,0.0,0.0,0,0,0,31.1,1.26,7.57,0.39,15.64,20.2,63.4,89.37920129299164,7.648919198041161,64.78982206847932,54.65326804916064,49.56922403971354,1799.0,0.0,0.0,77.8351305160775,0.0,11.235175728797913,14.2,99.5,0.0,0.0,0.0,450.0,5016.3,0.0,0.0,51.011,0.544,51.555,14.234,0.911,50.644,emon,0.613,0.463,402.4,186.4,2.158
2026-09-17 21:47:32.054,16.9,0,67,34;9;32;14;23;0;2;0;47;0;0;0;67;15;21;6,921,1229,953;1014;969;921;1106;1229;932;1122;1168;1144;1191;1135;1190;1055;998;1029,0.0,0.0,5016.3,0,0,0,0,0,0.0,0,0,0,0,0,0,0,0,0.0,0,0,0,0,0,0.0,0.0,0.0,0,0,0,31.1,1.26,7.57,0.39,15.64,20.2,63.4,99.99999653209339,11.258953484621914,80.67756236683239,69.9236498746005,61.12608961625533,1799.0,0.0,0.0,99.99999583851208,0.0,0.0,14.3,100.0,0.0,0.0,0.0,450.0,5016.3,0.0,0.0,51.011,0.544,51.555,14.234,0.911,50.644,emon,0.613,0.463,402.4,186.4,2.158
2026-09-17 21:47:33.054,16.1,0,55,38;15;41;0;23;0;0;0;36;0;0;0;55;18;16;16,840,1190,1042;1088;1156;840;1107;1018;1114;1115;1074;1087;1108;1063;1190;1091;848;1173,0.0,0.0,5016.3,0,0,0,0,0,0.0,0,0,0,0,0,0,0,0,0.0,0,0,0,0,0,0.0,0.0,0.0,0,0,0,31.1,1.06,7.57,0.4,15.38,20.2,63.4,100.00000138716264,9.510831182653254,83.78812061656605,70.88990644975142,64.48924012617631,1799.0,0.0,0.0,100.00000138716264,0.0,0.0,14.3,100.0,0.0,0.0,0.0,450.0,5016.3,0.0,0.0,51.011,0.544,51.555,14.234,0.911,50.644,emon,0.613,0.463,402.4,186.4,2.158
2026-09-17 21:47:34.056,17.9,2,52,29;24;44;9;31;2;2;2;48;3;2;2;52;23;9;6,851,1268,945;851;1073;1111;1078;1071;1115;1153;1176;1268;1218;1216;1209;955;1048;1052,0.0,0.0,5016.3,0,0,0,0,0,0.0,0,0,0,0,0,0,0,0,0.0,0,0,0,0,0,0.0,0.0,0.0,0,0,0,31.1,1.06,7.57,0.4,15.38,20.2,63.4,95.34437157126034,8.914118249900639,65.1815007574418,54.84785911528503,49.28438265183393,1799.0,0.0,0.0,82.41866359114647,0.0,11.889801347956938,14.3,99.9,0.0,0.0,0.0,450.0,5016.3,0.0,0.0,51.011,0.544,51.555,14.234,0.911,50.644,emon,0.613,0.463,402.4,186.4,2.158
2026-09-17 21:47:35.056,17.8,0,62,57;6;42;2;32;2;0;0;62;0;0;0;52;13;18;2,917,1615,1109;1250;1081;1615;1099;917;1057;1087;1205;1177;1070;1057;1061;964;1029;1039,0.0,0.0,5016.3,0,0,0,0,0,0.0,0,0,0,0,0,0,0,0,0.0,0,0,0,0,0,0.0,0.0,0.0,0,0,0,31.1,1.06,7.57,0.4,15.38,20.2,63.4,100.0,9.827946402809836,82.7645561911843,70.46405584161931,63.306394056840375,1799.0,0.0,0.0,100.0,0.0,0.0,14.3,100.0,0.0,0.0,0.0,450.0,5016.3,0.0,0.0,51.011,0.544,51.555,14.234,0.911,50.644,emon,0.613,0.463,402.4,186.4,2.158
2026-09-17 21:47:36.057,18.6,0,55,41;16;55;2;42;5;0;0;42;0;0;0;50;17;18;10,1237,3280,1994;2257;3280;1449;1679;1389;1996;1831;1698;1797;1469;1793;1659;1237;1318;1809,100.0,0.0,5010.0,0,0,0,0,0,0.0,0,0,0,0,0,0,0,0,0.0,0,0,0,0,0,0.0,0.0,0.0,0,0,0,44.1,1.06,7.57,0.4,15.38,16.6,63.4,96.97046807077196,9.053897021876441,34.40313589837816,32.74792341921064,22.707615276555426,1772.3333333333333,0.0,0.0,47.913414816038376,0.0,46.01172853686431,11.0,76.6,0.0,0.0,0.0,450.0,2537.1,0.0,0.0,51.011,0.544,51.555,14.234,0.911,50.644,emon,0.613,0.463,402.4,186.4,2.158
2026-09-17 21:47:37.057,21.1,0,66,53;17;46;3;63;0;0;0;53;0;0;0;66;17;14;6,1315,2375,2179;2349;2316;2174;1640;1814;1497;1834;1906;2375;2192;1659;1561;1315;1390;1352,1.3,0.0,966.3,0,0,0,0,0,0.0,0,0,0,0,0,0,0,0,0.0,0,0,0,0,0,0.0,0.0,0.0,0,0,0,37.1,3.48,5.48,0.38,15.06,16.4,63.4,69.70410613293917,0.4993120662446292,21.53769809794876,19.540150012610095,2.112279019889615,1154.6603773584907,0.0,0.0,0.0,0.0,49.18492495844949,0.2,0.0,0.0,0.0,0.0,450.0,968.3,0.0,0.0,51.011,0.544,51.555,14.234,0.911,50.644,emon,0.613,0.463,402.4,186.4,2.158
2026-09-17 21:47:38.057,21.1,0,70,55;9;49;3;64;0;0;0;29;0;0;0;70;25;25;8,1125,2200,1690;2010;1584;2200;1440;1641;1135;1352;1276;1125;1171;1146;1229;1183;1172;1200,0.0,0.0,968.3,0,0,0,0,0,0.0,0,0,0,0,0,0,0,0,0.0,0,0,0,0,0,0.0,0.0,0.0,0,0,0,33.1,3.48,5.48,0.38,15.06,16.4,63.4,73.63816020068,0.4805502383558847,20.033770370132782,18.164844571886693,2.968884439810234,1158.5588235294117,0.0,0.0,0.0,0.0,53.03000018811401,0.1,0.0,0.0,0.0,0.0,450.0,968.3,0.0,0.0,51.011,0.544,51.555,14.234,0.911,50.644,emon,0.613,0.463,402.4,186.4,2.158
2026-09-17 21:47:39.057,20.7,0,75,67;14;45;0;75;0;0;0;33;0;0;2;53;19;14;9,942,2046,1645;1830;1674;1517;1456;2046;1324;1306;1270;1129;942;1146;1185;1212;1085;1182,0.0,0.0,968.3,0,0,0,0,0,0.0,0,0,0,0,0,0,0,0,0.0,0,0,0,0,0,0.0,0.0,0.0,0,0,0,32.1,3.48,5.48,0.38,15.06,16.2,63.4,98.41779327392578,0.2804750769088666,16.884259031878578,15.01589991731776,3.113390028476715,1132.3333333333333,0.0,0.0,0.0,0.0,50.18670727643702,0.1,0.0,0.0,0.0,0.0,450.0,968.3,0.0,0.0,51.011,0.544,51.555,14.234,0.911,50.644,emon,0.613,0.463,402.4,186.4,2.158
2026-09-17 21:47:40.058,23.0,0,81,52;20;60;9;81;0;0;0;36;0;0;0;62;27;14;6,962,1932,1688;1695;1607;1932;1551;1408;1479;1388;1250;1224;962;1138;1250;1269;1203;988,0.0,0.0,968.3,0,0,0,0,0,0.0,0,0,0,0,0,0,0,0,0.0,0,0,0,0,0,0.0,0.0,0.0,0,0,0,33.1,3.48,5.48,0.38,15.06,16.4,63.4,98.23863124847412,0.32814426720142365,18.072533130645752,15.988915920257568,2.868758687749505,1199.0,0.0,0.0,0.0,0.0,50.204823922365904,0.0,0.0,0.0,0.0,0.0,450.0,968.3,0.0,0.0,1.195,0.353,1.549,25.57,1.636,0,emon,0.93,0.621,21.9,20.2,1.084
2026-09-17 21:47:41.058,21.7,0,77,38;14;44;5;77;8;0;0;61;0;0;0;71;13;6;11,1053,1894,1894;1777;1829;1268;1505;1438;1419;1497;1370;1359;1534;1329;1236;1159;1053;1276,0.4,0.0,968.3,0,0,0,0,0,0.0,0,0,0,0,0,0,0,0,0.0,0,0,0,0,0,0.0,0.0,0.0,0,0,0,32.1,2.94,0.01,0.32,5.58,17.0,63.4,97.94352149963379,0.6681041767199835,20.16998036702474,18.64340051015218,1.2912521660327911,1044.8333333333333,0.0,0.0,0.0,0.0,50.217651472737394,0.0,0.0,0.0,0.0,0.0,450.0,1453.8,0.0,0.0,1.195,0.353,1.549,25.57,1.636,0,emon,0.93,0.621,21.9,20.2,1.084
2026-09-17 21:47:42.059,20.9,0,67,48;38;58;2;59;2;0;0;67;0;0;0;48;2;8;3,1087,3012,1877;1979;1754;3012;1477;1587;1346;1264;1496;2192;1421;1448;1311;1311;1087;1340,0.0,0.0,1874.6,0,0,0,0,0,0.0,0,0,0,0,0,0,0,0,0.0,0,0,0,0,0,0.0,0.0,0.0,0,0,0,34.1,2.94,0.01,0.32,5.58,17.7,63.4,99.38897378104073,0.2397411588047232,7.195663554327829,4.870844381196158,0.5678846836090088,499.0,0.0,0.0,0.0,0.0,57.89436927012035,0.0,0.0,0.0,0.0,0.0,450.0,2229.0,0.0,0.0,1.195,0.353,1.549,25.57,1.636,0,emon,0.93,0.621,21.9,20.2,1.084
2026-09-17 21:47:43.059,24.6,0,74,41;27;54;11;40;12;0;0;67;0;0;2;74;30;28;9,1207,3154,2532;2656;2936;3154;1760;1415;1562;1207;1780;2357;1437;1373;1633;1373;1518;1444,4.6,0.0,2979.1,0,0,0,0,0,0.0,0,0,0,0,0,0,0,0,0.0,0,0,0,0,0,0.0,0.0,0.0,0,0,0,38.1,2.94,0.01,0.32,5.58,18.6,63.4,98.4177945246462,1.6654014648778028,21.827908629765275,18.720780853792782,1.3209441051814614,1131.377049180328,0.0,0.0,0.0,0.0,51.1517260505772,0.4,0.0,0.0,0.0,0.0,450.0,3177.5,0.0,0.0,1.195,0.353,1.549,25.57,1.636,0,emon,0.93,0.621,21.9,20.2,1.084
2026-09-17 21:47:44.059,16.5,0,52,14;18;31;3;19;44;0;0;30;52;0;0;14;32;6;2,1110,2004,1867;1714;2004;1370;1465;1461;1614;1351;1522;1485;1377;1274;1452;1335;1186;1110,0.1,0.0,3826.7,0,0,0,0,0,0.0,0,0,0,0,0,0,0,0,0.0,0,0,0,0,0,0.0,0.0,0.0,0,0,0,33.1,2.94,0.01,0.32,5.58,19.3,63.4,98.09974670410156,0.005437053274363279,1.0050948858261108,0.10040035098791122,0.0,1199.0,0.0,0.0,0.0,0.0,50.15551637113094,0.0,0.0,0.0,0.0,0.0,450.0,3930.9,0.0,0.0,1.195,0.353,1.549,25.57,1.636,0,emon,0.93,0.621,21.9,20.2,1.084
2026-09-17 21:47:45.060,17.4,0,67,5;35;36;5;0;55;5;6;0;67;3;0;5;35;13;10,1154,2905,1953;2109;2071;2551;2564;1535;1466;1425;2755;1522;1829;2905;1180;1269;1154;1268,0.1,0.0,3826.7,0,0,0,0,0,0.0,0,0,0,0,0,0,0,0,0.0,0,0,0,0,0,0.0,0.0,0.0,0,0,0,34.1,4.47,0.03,0.33,7.51,20.2,63.4,97.92237567901611,0.5036085426807404,20.93731713294983,18.701422595977782,2.791531214007409,1131.5,0.0,0.0,0.0,0.0,50.23295395746827,0.0,0.0,0.0,0.0,0.0,450.0,3930.9,0.0,0.0,1.195,0.353,1.549,25.57,1.636,0,emon,0.93,0.621,21.9,20.2,1.084
2026-09-17 21:47:46.061,36.9,6,86,26;38;38;19;38;66;48;42;20;86;38;44;6;39;27;14,605,1707,1472;1552;1707;1589;664;935;746;665;605;1093;681;780;905;1014;1014;958,0.9,0.0,4856.9,0,0,0,0,0,0.0,0,0,0,0,0,0,0,0,0.0,0,0,0,0,0,0.0,0.0,0.0,0,0,0,33.1,4.47,0.03,0.33,7.51,20.2,63.4,98.92867494240785,0.618095305772164,13.19839547841977,10.366822235095196,1.2249555243895605,1137.4615384615386,0.0,0.0,0.0,0.0,51.676931213109924,0.2,0.0,0.0,0.0,0.0,450.0,4856.9,0.0,0.0,1.195,0.353,1.549,25.57,1.636,0,emon,0.93,0.621,21.9,20.2,1.084
2026-09-17 21:47:47.062,48.5,2,91,32;17;18;23;81;91;90;86;16;61;63;54;2;69;69;3,570,1119,1119;1114;1062;1087;570;579;579;579;579;664;662;657;1038;1054;1062;1005,0.0,0.0,4856.9,0,0,0,0,0,0.0,0,0,0,0,0,0,0,0,0.0,0,0,0,0,0,0.0,0.0,0.0,0,0,0,31.1,4.47,0.03,0.33,7.51,20.2,63.4,95.1400260925293,0.006819223053753376,0.9073368906974792,0.09085825830698013,0.0,974.0,0.0,0.0,0.0,0.0,50.319340616464615,0.1,0.0,0.0,0.0,0.0,450.0,4856.9,0.0,0.0,1.195,0.353,1.549,25.57,1.636,0,emon,0.93,0.621,21.9,20.2,1.084
2026-09-17 21:47:48.062,40.4,3,75,33;30;30;18;52;75;60;59;14;56;47;48;5;52;65;3,699,1809,1610;1632;1809;1781;699;907;753;744;881;886;839;839;1190;1171;1171;1169,0.0,0.0,4856.9,0,0,0,0,0,0.0,0,0,0,0,0,0,0,0,0.0,0,0,0,0,0,0.0,0.0,0.0,0,0,0,32.1,4.47,0.03,0.33,7.51,20.2,63.4,97.12267303466797,0.006725562270730734,0.9302408695220947,0.09333827346563339,0.0,749.0,0.0,0.0,0.0,0.0,50.388368874788284,0.0,0.0,0.0,0.0,0.0,450.0,4856.9,0.0,0.0,1.195,0.353,1.549,25.57,1.636,0,emon,0.93,0.621,21.9,20.2,1.084
2026-09-17 21:47:49.063,14.3,0,69,3;34;34;2;2;69;2;3;0;38;0;0;0;26;14;2,843,1976,1826;1843;1762;1976;970;1518;1008;843;1197;1439;1286;1332;1255;1238;1225;1082,21.2,0.0,4859.8,0,0,0,0,0,0.0,0,0,0,0,0,0,0,0,0.0,0,0,0,0,0,0.0,0.0,0.0,0,0,0,33.1,2.32,0.04,0.31,4.42,20.1,63.4,68.70290593631933,0.45759101480734155,21.193883458121878,19.016611724603372,2.3611604304436487,1134.2459016393443,0.0,0.0,0.0,0.0,49.28795126300366,0.0,0.1,0.0,0.0,0.0,450.0,4857.8,0.0,0.0,1.195,0.353,1.549,25.57,1.636,0,emon,0.93,0.621,21.9,20.2,1.084
2026-09-17 21:47:50.063,11.4,0,72,2;26;34;0;0;72;0;0;0;20;0;0;3;25;0;0,1121,3128,1872;1740;3008;3128;1490;1592;1603;1560;1190;1449;1214;1205;1771;1201;1121;1214,0.2,0.0,4859.8,0,0,0,0,0,0.0,0,0,0,0,0,0,0,0,0.0,0,0,0,0,0,0.0,0.0,0.0,0,0,0,32.1,2.32,0.04,0.31,4.42,20.1,63.4,96.77543131510417,0.7090570878030525,15.168441692988077,10.96469202803241,1.3693546934260263,1143.4444444444443,0.0,0.0,0.0,0.0,50.28688952492343,0.6,3.0,0.0,0.0,0.0,450.0,4859.8,0.0,0.0,1.195,0.353,1.549,25.57,1.636,0,emon,0.93,0.621,21.9,20.2,1.084
2026-09-17 21:47:51.077,23.5,0,88,24;51;88;11;0;40;8;3;2;45;3;5;3;71;17;8,2188,4676,4252;4271;4657;4676;2647;2381;3128;3138;3376;2715;3265;3259;2400;2653;2404;2188,5.9,0.0,5006.8,0,0,0,0,0,0.0,0,0,0,0,0,0,0,0,0.0,0,0,0,0,0,0.0,0.0,0.0,0,0,0,73.1,2.32,0.04,0.31,4.42,20.4,63.4,98.4439186296965,2.5671514984212096,23.92887677748998,22.161056184454967,0.2772480364611399,1191.982456140351,0.0,0.0,0.0,0.0,52.047126225996436,0.1,0.0,0.0,0.0,0.0,450.0,4862.9,0.0,0.0,1.195,0.353,1.549,25.57,1.636,0,emon,0.93,0.621,21.9,20.2,1.084
2026-09-17 21:47:52.078,11.2,0,46,6;23;22;3;0;22;2;0;2;46;2;2;0;36;11;3,1191,4055,2691;3274;3438;4055;2356;1566;1721;2615;2917;1574;1529;1809;1191;1899;1248;1191,5.9,0.0,5006.8,0,0,0,0,0,0.0,0,0,0,0,0,0,0,0,0.0,0,0,0,0,0,0.0,0.0,0.0,0,0,0,41.1,2.32,0.04,0.31,4.42,20.3,63.4,98.22463929653168,3.5804538278462132,24.241594353690743,21.754962181905285,1.1400285268755397,1199.0,0.0,0.0,0.0,0.0,50.20627906196751,1.1,0.0,0.0,0.0,0.0,450.0,4998.4,0.0,0.0,1.195,0.353,1.549,25.57,1.636,0,emon,0.93,0.621,21.9,20.2,1.084
2026-09-17 21:47:53.078,13.0,0,73,5;28;38;3;0;33;2;2;0;73;0;0;2;18;5;0,905,2564,2536;2319;2564;2183;1819;1556;2283;1913;1883;1625;2026;2105;1052;1353;905;1012,6.0,0.0,5030.8,0,0,0,0,0,0.0,0,0,0,0,0,0,0,0,0.0,0,0,0,0,0,0.0,0.0,0.0,0,0,0,35.1,10.09,0.16,0.33,13.49,20.4,63.4,98.74114435369319,3.01366420298335,35.9716462799997,35.029632315039635,0.15718122398075965,1183.090909090909,0.0,0.0,0.0,0.0,50.966585183685474,0.8,0.0,0.0,0.0,0.0,450.0,5030.8,0.0,0.0,0.581,0.635,1.216,12.9,0.826,0.39,emon,0.942,0.489,33.7,15.9,2.12
2026-09-17 21:47:54.079,15.6,0,58,5;29;57;3;0;46;0;0;0;58;2;0;3;32;13;2,1046,4031,3100;2913;3105;4031;1283;1653;1941;1581;1518;1645;1873;1548;1046;1430;1300;1111,3.8,0.0,5026.3,0,0,0,0,0,0.0,0,0,0,0,0,0,0,0,0.0,0,0,0,0,0,0.0,0.0,0.0,0,0,0,41.1,10.09,0.16,0.33,13.49,20.5,63.4,94.65090156433195,4.844781143894029,17.790687098059543,17.181624836353368,1.8750666607255495,1619.3488372093022,0.0,0.0,37.23173145989909,0.0,39.80266844057325,1.2,0.0,0.0,0.0,0.0,450.0,5034.7,0.0,0.0,0.581,0.635,1.216,12.9,0.826,0.39,emon,0.942,0.489,33.7,15.9,2.12
2026-09-17 21:47:55.079,20.5,0,62,21;46;60;8;0;35;5;2;0;44;0;0;8;62;14;23,1281,3610,3053;2893;3360;3610;2764;1873;2654;2188;2907;1877;2537;3013;1281;1596;1439;1550,1.9,0.0,5185.7,0,0,0,0,0,0.0,0,0,0,0,0,0,0,0,0.0,0,0,0,0,0,0.0,0.0,0.0,0,0,0,43.1,10.09,0.16,0.33,13.49,20.5,63.4,99.41404399505028,10.755711051325003,40.36400107539092,38.9243241349856,20.561210012551808,1799.0,0.0,0.0,48.8359696267901,0.0,42.05784934128648,9.6,65.5,0.0,0.0,0.0,450.0,5171.1,0.0,0.0,0.581,0.635,1.216,12.9,0.826,0.39,emon,0.942,0.489,33.7,15.9,2.12
2026-09-17 21:47:56.080,17.6,0,54,16;54;41;8;0;44;5;0;0;41;3;0;12;48;9;2,885,1247,1106;1118;1247;1091;1029;1182;1049;1165;995;1138;885;977;960;1146;1025;980,78.7,0.0,5188.8,0,0,0,0,0,0.0,0,0,0,0,0,0,0,0,0.0,0,0,0,0,0,0.0,0.0,0.0,0,0,0,32.1,10.09,0.16,0.33,13.49,20.5,63.4,94.36038381913129,10.608231538961476,60.22140396342558,53.95322473171879,45.492392035091626,1799.0,0.0,0.0,76.5989180326681,0.0,5.999615346245906,14.2,98.1,0.0,0.0,0.0,450.0,5188.8,0.0,0.0,0.581,0.635,1.216,12.9,0.826,0.39,emon,0.942,0.489,33.7,15.9,2.12
2026-09-17 21:47:57.081,16.7,0,52,14;47;42;0;0;52;2;0;0;32;2;2;8;49;8;12,895,1521,1521;1392;1240;1104;1150;1276;1391;1043;1148;1136;1013;895;995;1115;934;934,100.0,0.0,5158.6,0,0,0,0,0,0.0,0,0,0,0,0,0,0,0,0.0,0,0,0,0,0,0.0,0.0,0.0,0,0,0,31.1,5.16,8.59,0.38,20.92,20.5,63.4,100.02033397129604,10.41654103548665,62.00523356028965,55.03171915667398,47.974330357142854,1799.0,0.0,0.0,78.72992277038949,0.0,7.297422647476196,14.3,100.0,0.0,0.0,0.0,450.0,5188.8,0.0,0.0,0.581,0.635,1.216,12.9,0.826,0.39,emon,0.942,0.489,33.7,15.9,2.12
2026-09-17 21:47:58.081,18.2,0,68,20;44;38;8;0;42;0;0;0;43;0;0;3;68;16;9,958,2071,1794;1471;2071;1722;1306;1328;1688;1408;992;1319;1414;1083;958;1258;1060;1145,100.0,0.0,5158.6,0,0,0,0,0,0.0,0,0,0,0,0,0,0,0,0.0,0,0,0,0,0,0.0,0.0,0.0,0,0,0,33.1,5.16,8.59,0.38,20.92,20.5,63.4,98.80839604735374,10.154293387639337,41.15314785391092,39.24837241191417,23.514761129091493,1799.0,0.0,0.0,47.711650913278575,0.0,34.14835671436813,14.3,99.8,0.0,0.0,0.0,450.0,5158.6,0.0,0.0,0.581,0.635,1.216,12.9,0.826,0.39,emon,0.942,0.489,33.7,15.9,2.12
2026-09-17 21:47:59.083,19.6,0,77,30;52;51;12;0;29;2;0;0;31;3;0;8;77;9;11,1039,2893,2649;2884;2893;1450;2127;1649;1374;1990;1578;1700;1039;1552;1516;1505;1406;1462,13.1,0.0,5163.6,0,0,0,0,0,0.0,0,0,0,0,0,0,0,0,0.0,0,0,0,0,0,0.0,0.0,0.0,0,0,0,41.1,5.16,8.59,0.38,20.92,20.5,63.4,99.45530375873341,10.267378480951576,39.07575332837946,35.546159546493605,19.314524409177658,1799.0,0.0,0.0,46.638038526563086,0.0,41.59013023061703,14.2,98.9,0.0,0.0,0.0,450.0,5163.6,0.0,0.0,0.581,0.635,1.216,12.9,0.826,0.39,emon,0.942,0.489,33.7,15.9,2.12
2026-09-17 21:48:00.083,18.8,0,57,26;54;52;9;0;57;0;0;0;35;0;0;2;46;10;10,765,2010,2010;1598;1878;1532;1411;1326;1674;1558;1403;1395;1665;1479;765;1153;994;1019,100.0,0.0,5154.3,0,0,0,0,0,0.0,0,0,0,0,0,0,0,0,0.0,0,0,0,0,0,0.0,0.0,0.0,0,0,0,32.1,5.16,8.59,0.38,20.92,20.5,63.4,94.8984697005328,7.574400164844358,62.885203403585095,53.66161948179497,47.465570113238165,1799.0,0.0,0.0,76.58211954548845,0.0,5.987942094531129,14.2,98.5,0.0,0.0,0.0,450.0,5154.3,0.0,0.0,0.581,0.635,1.216,12.9,0.826,0.39,emon,0.942,0.489,33.7,15.9,2.12
2026-09-17 21:48:01.083,19.0,0,63,26;42;45;5;0;45;9;0;0;23;2;0;9;63;14;22,981,2383,1382;1552;2004;2383;1314;1282;1206;1222;1201;1278;1131;1232;1034;1188;981;1042,0.2,0.0,5133.1,0,0,0,0,0,0.0,0,0,0,0,0,0,0,0,0.0,0,0,0,0,0,0.0,0.0,0.0,0,0,0,31.1,4.17,9.07,0.39,21.69,20.5,63.4,99.99398000616776,10.2977807642892,50.93025065095801,46.36587253212929,38.87599804526881,1799.0,0.0,0.0,68.63896140848335,0.0,10.751419421677527,14.3,99.5,0.0,0.0,0.0,450.0,5133.1,0.0,0.0,0.581,0.635,1.216,12.9,0.826,0.39,emon,0.942,0.489,33.7,15.9,2.12
2026-09-17 21:48:02.084,21.7,3,58,16;48;44;5;4;51;8;6;3;50;5;6;9;58;17;17,622,2575,2241;2255;2575;1687;622;1359;796;675;674;1390;693;690;759;1315;1034;972,4.8,0.0,5152.7,0,0,0,0,0,0.0,0,0,0,0,0,0,0,0,0.0,0,0,0,0,0,0.0,0.0,0.0,0,0,0,34.1,4.17,9.07,0.39,21.69,20.5,63.4,99.9980929365782,10.408922210701297,43.747288525661574,43.23245073409281,20.17781406068749,1799.0,0.0,0.0,47.81801998664007,0.0,37.77799130409396,14.2,95.2,0.0,0.0,0.0,450.0,5152.7,0.0,0.0,0.581,0.635,1.216,12.9,0.826,0.39,emon,0.942,0.489,33.7,15.9,2.12
2026-09-17 21:48:03.084,19.6,0,64,14;41;39;6;2;38;5;2;0;64;2;0;11;62;14;13,863,2547,1783;1902;2547;1349;894;1439;1042;873;863;1714;1119;916;1191;1248;1079;1076,100.0,0.0,5166.1,0,0,0,0,0,0.0,0,0,0,0,0,0,0,0,0.0,0,0,0,0,0,0.0,0.0,0.0,0,0,0,35.1,4.17,9.07,0.39,21.69,20.5,63.4,99.25380109631737,10.573336831243463,40.685793118883474,37.69673218549222,19.98220764261999,1799.0,0.0,0.0,48.23092640443279,0.0,39.155263668936406,14.2,99.3,0.0,0.0,0.0,450.0,5152.7,0.0,0.0,0.581,0.635,1.216,12.9,0.826,0.39,emon,0.942,0.489,33.7,15.9,2.12
2026-09-17 21:48:04.085,25.3,6,66,8;32;37;11;12;56;22;16;6;66;14;12;19;57;20;16,720,1206,943;971;1096;1055;720;991;860;864;992;1205;946;910;1118;1127;1170;1206,100.0,0.0,5166.1,0,0,0,0,0,0.0,0,0,0,0,0,0,0,0,0.0,0,0,0,0,0,0.0,0.0,0.0,0,0,0,31.1,4.17,9.07,0.39,21.69,20.4,63.4,89.97791026767932,8.783137319070336,58.401367112209925,51.08651212955776,43.90510187650982,1799.0,0.0,0.0,73.80160712754648,0.0,5.358156892814134,14.2,98.6,0.0,0.0,0.0,450.0,5166.1,0.0,0.0,0.581,0.635,1.216,12.9,0.826,0.39,emon,0.942,0.489,33.7,15.9,2.12
2026-09-17 21:48:05.086,16.9,0,69,11;27;38;2;0;39;5;0;0;69;0;0;2;57;5;18,901,1966,1482;1219;1158;901;1189;1184;1227;1381;1262;1295;1966;1255;1030;1153;1107;1074,0.0,0.0,5074.4,0,0,0,0,0,0.0,0,0,0,0,0,0,0,0,0.0,0,0,0,0,0,0.0,0.0,0.0,0,0,0,30.1,3.62,9.48,0.39,21.83,20.4,63.4,94.48786544799805,9.907104802865755,54.728128482313714,49.20078950769761,42.32917247099035,1799.0,0.0,0.0,76.59281940429526,0.0,5.992623566704638,14.3,99.9,0.0,0.0,0.0,450.0,5074.4,0.0,0.0,78.808,1.458,80.266,32.754,2.096,78.17,emon,0.586,0.432,178.0,83.4,2.136
2026-09-17 21:48:06.087,15.5,0,66,14;45;31;3;0;37;0;0;0;31;0;0;2;66;12;8,881,1263,1000;1204;1166;1138;1221;1263;1219;1220;1007;1086;1095;920;881;1182;1014;1024,0.0,0.0,5074.4,0,0,0,0,0,0.0,0,0,0,0,0,0,0,0,0.0,0,0,0,0,0,0.0,0.0,0.0,0,0,0,30.1,3.62,9.48,0.39,21.83,20.4,63.4,94.36716144225177,11.027856773751623,58.614188600988946,52.876602695268744,45.35465509751264,1799.0,0.0,0.0,76.5906162868966,0.0,6.00249726719716,14.3,99.9,0.0,0.0,0.0,450.0,5074.4,0.0,0.0,78.808,1.458,80.266,32.754,2.096,78.17,emon,0.586,0.432,178.0,83.4,2.136
2026-09-17 21:48:07.159,15.6,0,48,9;42;37;2;0;48;0;7;0;42;0;0;0;42;7;13,833,1176,1008;1061;1114;837;1176;1135;1087;933;1070;1079;1175;1111;833;1132;1047;1048,100.0,0.0,5066.4,0,0,0,0,0,0.0,0,0,0,0,0,0,0,0,0.0,0,0,0,0,0,0.0,0.0,0.0,0,0,0,30.1,3.62,9.48,0.39,21.83,20.4,63.4,100.00000346790661,11.132802789861506,80.89494947953658,69.96666578813033,62.55055757002397,1799.0,0.0,0.0,99.99999722567472,0.0,0.0,14.2,99.7,0.0,0.0,0.0,450.0,5066.4,0.0,0.0,78.808,1.458,80.266,32.754,2.096,78.17,emon,0.586,0.432,178.0,83.4,2.136
2026-09-17 21:48:08.159,19.4,2,57,15;40;45;5;2;46;5;2;5;50;5;5;3;57;6;22,1052,3073,2657;2425;2656;3073;2988;1601;1546;2885;1805;1606;1540;1521;1177;1302;1058;1052,1.2,0.0,5053.1,0,0,0,0,0,0.0,0,0,0,0,0,0,0,0,0.0,0,0,0,0,0,0.0,0.0,0.0,0,0,0,33.1,3.62,9.48,0.39,21.83,20.4,63.4,100.00272074916907,9.44609968709536,35.76697146334843,33.572191872051235,17.50702153018823,1799.0,0.0,0.0,46.39980541069295,0.0,40.18018000887048,14.3,99.5,0.0,0.0,0.0,450.0,5070.3,0.0,0.0,78.808,1.458,80.266,32.754,2.096,78.17,emon,0.586,0.432,178.0,83.4,2.136
2026-09-17 21:48:09.160,15.5,0,65,6;33;46;2;0;65;0;0;0;30;0;0;2;47;10;8,837,2508,2379;2014;2258;2245;1200;1603;1704;2508;1142;1508;1728;1328;837;1376;1202;1172,1.2,0.0,5053.1,0,0,0,0,0,0.0,0,0,0,0,0,0,0,0,0.0,0,0,0,0,0,0.0,0.0,0.0,0,0,0,35.1,2.81,8.6,0.39,19.26,20.4,63.4,96.98191148894173,9.680653905207734,37.61472982830472,34.03052727901746,18.61109833635153,1799.0,0.0,0.0,46.2010128955682,0.0,37.69462670471074,14.2,99.1,0.0,0.0,0.0,450.0,5053.1,0.0,0.0,78.808,1.458,80.266,32.754,2.096,78.17,emon,0.586,0.432,178.0,83.4,2.136
2026-09-17 21:48:10.160,10.2,0,78,2;16;23;2;0;78;0;0;0;27;0;0;3;12;0;2,843,1921,1921;1434;1559;1329;1381;1399;1360;1383;1192;1260;1183;1164;848;1073;983;843,65.2,0.0,5053.1,0,0,0,0,0,0.0,0,0,0,0,0,0,0,0,0.0,0,0,0,0,0,0.0,0.0,0.0,0,0,0,31.1,2.81,8.6,0.39,19.26,20.4,63.4,62.47668743133545,0.007130157668143511,0.8650633692741394,0.08658291399478912,0.0,1224.0,0.0,0.0,0.0,0.0,50.05118910968304,5.2,35.6,0.0,0.0,0.0,450.0,5053.1,0.0,0.0,78.808,1.458,80.266,32.754,2.096,78.17,emon,0.586,0.432,178.0,83.4,2.136
2026-09-17 21:48:11.183,11.4,0,55,0;31;35;3;0;50;0;0;0;55;0;0;0;6;2;0,1042,3052,3052;2311;2652;2357;1828;1521;1539;1864;1656;1468;1564;1843;1042;1403;1213;1148,6.3,0.0,5066.3,0,0,0,0,0,0.0,0,0,0,0,0,0,0,0,0.0,0,0,0,0,0,0.0,0.0,0.0,0,0,0,32.1,2.81,8.6,0.39,19.26,20.3,63.4,79.04134665339826,2.8469673331535184,37.13563336090869,36.03598576039076,0.16893262304604953,1355.3253012048192,0.0,0.0,0.0,0.0,51.993759744161046,1.1,0.0,0.0,0.0,0.0,450.0,5070.3,0.0,0.0,78.808,1.458,80.266,32.754,2.096,78.17,emon,0.586,0.432,178.0,83.4,2.136
2026-09-17 21:48:12.184,10.4,0,53,3;36;22;2;0;43;0;0;0;53;0;0;0;6;2;0,1037,3201,2080;2256;3139;3201;1802;1615;1923;1954;1598;1634;1531;1407;1045;1241;1037;1091,0.3,0.0,5066.3,0,0,0,0,0,0.0,0,0,0,0,0,0,0,0,0.0,0,0,0,0,0,0.0,0.0,0.0,0,0,0,33.1,2.81,8.6,0.39,19.26,20.3,63.4,98.57144383021763,3.103218842209095,30.024438755852835,27.727240379722346,2.0858027923220237,1170.4285714285713,0.0,0.0,0.0,0.0,50.232148281520324,0.2,0.0,0.0,0.0,0.0,450.0,5070.2,0.0,0.0,78.808,1.458,80.266,32.754,2.096,78.17,emon,0.586,0.432,178.0,83.4,2.136
2026-09-17 21:48:13.184,9.7,0,68,2;23;20;0;0;21;0;0;0;68;0;0;0;15;6;0,1008,1408,1008;1224;1262;1217;1257;1239;1224;1241;1328;1408;1287;1180;1201;1355;1233;1188,0.2,0.0,5070.2,0,0,0,0,0,0.0,0,0,0,0,0,0,0,0,0.0,0,0,0,0,0,0.0,0.0,0.0,0,0,0,31.1,3.15,0.53,0.32,5.89,20.3,63.4,95.74287796020508,0.005616593174636364,0.8701290488243103,0.0869666039943695,0.0,1199.0,0.0,0.0,0.0,0.0,50.30409660935402,0.1,0.0,0.0,0.0,0.0,450.0,5070.2,0.0,0.0,78.808,1.458,80.266,32.754,2.096,78.17,emon,0.586,0.432,178.0,83.4,2.136
2026-09-17 21:48:14.184,12.4,0,42,26;11;30;0;0;8;24;0;0;10;42;2;2;3;34;8,1045,3040,2914;2336;3024;3040;1671;1272;1727;2470;2066;1165;1752;1246;1221;1193;1326;1045,1.3,0.0,5052.9,0,0,0,0,0,0.0,0,0,0,0,0,0,0,0,0.0,0,0,0,0,0,0.0,0.0,0.0,0,0,0,38.1,3.15,0.53,0.32,5.89,20.5,63.4,99.55413682389967,13.810041119556615,29.455605105598373,26.528582450186853,3.2249176528905332,1602.960396039604,0.0,0.0,31.795655970899666,0.0,44.89476811328006,0.0,0.0,0.0,0.0,0.0,450.0,5070.2,0.0,0.0,78.808,1.458,80.266,32.754,2.096,78.17,emon,0.586,0.432,178.0,83.4,2.136
2026-09-17 21:48:15.185,20.0,0,64,64;18;44;8;0;0;20;2;2;0;52;2;17;9;63;20,1207,2477,1914;2074;2449;2477;1912;2103;1377;1864;1634;1910;1495;1496;1396;1575;1367;1207,59.4,0.0,5199.7,0,0,0,0,0,0.0,0,0,0,0,0,0,0,0,0.0,0,0,0,0,0,0.0,0.0,0.0,0,0,0,35.1,3.15,0.53,0.32,5.89,20.5,63.4,99.30022194511012,9.757182946974845,37.73177932404486,33.835411629618555,18.115921191428264,1799.0,0.0,0.0,48.292689377368475,0.0,39.508183217712435,10.7,73.1,0.0,0.0,0.0,450.0,5199.7,0.0,0.0,78.808,1.458,80.266,32.754,2.096,78.17,emon,0.586,0.432,178.0,83.4,2.136
2026-09-17 21:48:16.186,19.0,0,71,43;27;40;3;0;0;56;2;0;0;42;0;11;3;71;8,961,2271,2158;2196;2271;2055;1761;1867;1441;1573;1484;1366;1613;1786;982;961;1265;1041,59.4,0.0,5199.7,0,0,0,0,0,0.0,0,0,0,0,0,0,0,0,0.0,0,0,0,0,0,0.0,0.0,0.0,0,0,0,36.1,3.15,0.53,0.32,5.89,20.5,63.4,99.08118118621685,8.02657203673799,34.7612353099717,31.33917802861995,17.37083165568334,1799.0,0.0,0.0,46.48008860235482,0.0,39.2640464654524,14.2,98.9,0.0,0.0,0.0,450.0,5198.4,0.0,0.0,78.808,1.458,80.266,32.754,2.096,78.17,emon,0.586,0.432,178.0,83.4,2.136
2026-09-17 21:48:17.186,18.2,0,65,46;23;41;0;0;0;58;0;0;0;36;2;8;5;65;9,1135,3059,1693;1864;2192;3059;2308;1301;1388;1452;1310;1204;1327;1527;1213;1360;1281;1135,100.0,0.0,5198.5,0,0,0,0,0,0.0,0,0,0,0,0,0,0,0,0.0,0,0,0,0,0,0.0,0.0,0.0,0,0,0,35.1,4.18,7.92,0.37,18.55,20.5,63.4,99.99641806862572,10.689545709826053,45.018618455800144,40.176276445659724,24.80607168611393,1799.0,0.0,0.0,52.911187662692235,0.0,33.09273507013145,14.3,99.4,0.0,0.0,0.0,450.0,5203.8,0.0,0.0,19.414,5.057,24.47,24.239,1.551,22.919,emon,0.693,0.734,170.2,78.7,2.162
2026-09-17 21:48:18.187,19.1,0,62,38;17;41;5;0;0;62;2;0;0;53;0;20;3;58;8,908,2463,1896;1536;2463;2424;1939;1579;1478;1826;1152;1148;1453;1921;1256;908;1355;1145,100.0,0.0,5202.4,0,0,0,0,0,0.0,0,0,0,0,0,0,0,0,0.0,0,0,0,0,0,0.0,0.0,0.0,0,0,0,35.1,4.18,7.92,0.37,18.55,20.5,63.4,99.62688779614189,9.47118322961879,41.00673956545916,39.282242905687205,17.246361105330287,1799.0,0.0,0.0,43.356689169790215,0.0,40.865012142044314,14.3,99.7,0.0,0.0,0.0,450.0,5202.4,0.0,0.0,19.414,5.057,24.47,24.239,1.551,22.919,emon,0.693,0.734,170.2,78.7,2.162
2026-09-17 21:48:19.194,17.5,0,78,30;11;32;2;0;0;78;2;0;0;48;0;11;12;46;8,963,2245,1530;1319;1715;2002;1282;1625;1532;2245;1340;1359;1230;1405;1130;1055;1151;963,4.4,0.0,5217.7,0,0,0,0,0,0.0,0,0,0,0,0,0,0,0,0.0,0,0,0,0,0,0.0,0.0,0.0,0,0,0,33.1,4.18,7.92,0.37,18.55,20.5,63.4,92.1214445034663,12.71764334042867,70.83166058858235,63.41047477722168,54.045966466267906,1799.0,0.0,0.0,91.66906434871878,0.0,0.0,14.2,94.1,0.0,0.0,0.0,450.0,5217.7,0.0,0.0,19.414,5.057,24.47,24.239,1.551,22.919,emon,0.693,0.734,170.2,78.7,2.162
2026-09-17 21:48:20.195,20.9,0,71,34;33;48;9;0;0;71;0;0;0;34;0;24;3;62;14,972,3148,2465;2393;3148;2132;1377;2092;1761;1827;1416;1605;1719;1583;1153;972;1300;1099,6.2,0.0,5217.7,0,0,0,0,0,0.0,0,0,0,0,0,0,0,0,0.0,0,0,0,0,0,0.0,0.0,0.0,0,0,0,38.1,4.18,7.92,0.37,18.55,20.5,63.4,100.00131682788624,9.257617550148794,40.17233064192731,38.78177139278063,15.520669112352849,1799.0,0.0,0.0,43.19380893106298,0.0,40.88629670834125,14.2,97.4,0.0,0.0,0.0,450.0,5217.7,0.0,0.0,19.414,5.057,24.47,24.239,1.551,22.919,emon,0.693,0.734,170.2,78.7,2.162
2026-09-17 21:48:21.196,18.7,0,64,38;15;36;3;0;0;48;2;0;0;64;2;15;9;64;3,1015,2927,1672;1733;2135;2927;1813;1781;1452;1507;1779;1696;1482;1670;1027;1016;1169;1015,85.0,0.0,5213.7,0,0,0,0,0,0.0,0,0,0,0,0,0,0,0,0.0,0,0,0,0,0,0.0,0.0,0.0,0,0,0,33.1,4.41,9.83,0.39,23.33,20.5,63.4,94.4839791690602,11.956322776208467,57.67260866305407,52.885165077798504,44.28481247845818,1799.0,0.0,0.0,76.60047494313297,0.0,5.990468394230394,14.2,95.1,0.0,0.0,0.0,450.0,5213.7,0.0,0.0,19.414,5.057,24.47,24.239,1.551,22.919,emon,0.693,0.734,170.2,78.7,2.162
2026-09-17 21:48:22.196,23.4,0,63,45;29;52;8;2;0;44;14;6;5;63;5;16;9;57;21,1081,2946,2333;2448;2946;2772;1497;1812;1698;1594;1546;1391;1742;1646;1081;1128;1328;1113,85.0,0.0,5213.7,0,0,0,0,0,0.0,0,0,0,0,0,0,0,0,0.0,0,0,0,0,0,0.0,0.0,0.0,0,0,0,35.1,4.41,9.83,0.39,23.33,20.5,63.4,99.99815577381062,8.795955575018558,41.66695378411491,39.394081437362814,17.04676932110539,1799.0,0.0,0.0,43.56157138003564,0.0,39.113778460577585,14.2,96.1,0.0,0.0,0.0,450.0,5253.5,0.0,0.0,19.414,5.057,24.47,24.239,1.551,22.919,emon,0.693,0.734,170.2,78.7,2.162
2026-09-17 21:48:23.197,18.5,0,58,42;3;43;2;3;0;50;2;8;5;36;5;24;6;58;11,985,2312,1564;2199;2312;1459;1473;1517;1411;1600;1284;1242;1364;1291;1039;985;1054;1007,100.0,0.0,5240.7,0,0,0,0,0,0.0,0,0,0,0,0,0,0,0,0.0,0,0,0,0,0,0.0,0.0,0.0,0,0,0,32.1,4.41,9.83,0.39,23.33,20.5,63.4,100.00000624223189,14.790028181943027,75.030780098655,68.18454950506037,57.967011191628195,1799.0,0.0,0.0,100.00000416148792,0.0,0.0,14.2,97.1,0.0,0.0,0.0,450.0,5240.7,0.0,0.0,19.414,5.057,24.47,24.239,1.551,22.919,emon,0.693,0.734,170.2,78.7,2.162
2026-09-17 21:48:24.197,18.2,0,62,51;20;32;13;0;0;34;10;2;2;37;2;15;6;62;6,948,1704,1535;1704;1545;1370;1128;948;1164;1033;1080;1029;1253;1131;1157;1059;1382;1292,0.0,0.0,5240.7,0,0,0,0,0,0.0,0,0,0,0,0,0,0,0,0.0,0,0,0,0,0,0.0,0.0,0.0,0,0,0,31.1,4.41,9.83,0.39,23.33,20.5,63.4,99.99954332624164,9.499884176400624,63.16261317900249,55.19598138119493,48.85720443725586,1799.0,0.0,0.0,78.71980044777904,0.0,7.273834041186741,14.3,100.0,0.0,0.0,0.0,450.0,5240.7,0.0,0.0,19.414,5.057,24.47,24.239,1.551,22.919,emon,0.693,0.734,170.2,78.7,2.162
2026-09-17 21:48:25.198,19.5,0,85,52;25;45;3;0;0;33;3;0;0;38;0;12;5;85;12,1048,3294,2464;2454;2559;3294;1164;1074;1527;1893;1179;1153;1564;1257;1106;1048;1419;1075,0.0,0.0,5116.5,0,0,0,0,0,0.0,0,0,0,0,0,0,0,0,0.0,0,0,0,0,0,0.0,0.0,0.0,0,0,0,35.1,3.94,9.11,0.39,21.48,20.5,63.4,96.67943298390934,10.28015499605265,42.31367702356407,40.347565120086074,25.02551704785063,1799.0,0.0,0.0,50.18969719479459,0.0,30.860119784651683,14.3,99.4,0.0,0.0,0.0,450.0,5120.5,0.0,0.0,19.414,5.057,24.47,24.239,1.551,22.919,emon,0.693,0.734,170.2,78.7,2.162
2026-09-17 21:48:26.198,18.6,0,60,35;20;55;5;0;0;54;2;0;0;60;0;6;3;48;9,968,2881,2097;2769;2321;2881;1489;1431;1596;1698;1726;1599;1497;2378;1074;1183;1472;968,29.1,0.0,5162.4,0,0,0,0,0,0.0,0,0,0,0,0,0,0,0,0.0,0,0,0,0,0,0.0,0.0,0.0,0,0,0,36.1,3.94,9.11,0.39,21.48,20.5,63.4,98.74742020368576,8.582466552991953,35.09456773932491,32.17393701874784,18.210298774597636,1799.0,0.0,0.0,45.54820100133407,0.0,42.20744615850705,14.2,96.9,0.0,0.0,0.0,450.0,5162.4,0.0,0.0,19.414,5.057,24.47,24.239,1.551,22.919,emon,0.693,0.734,170.2,78.7,2.162
2026-09-17 21:48:27.198,21.4,0,69,43;35;69;11;0;0;59;0;0;0;35;0;3;9;68;10,1023,3293,2634;2888;3280;3293;2481;2118;1910;2496;2273;2838;1995;2696;1099;1023;1492;1175,100.0,0.0,5101.4,0,0,0,0,0,0.0,0,0,0,0,0,0,0,0,0.0,0,0,0,0,0,0.0,0.0,0.0,0,0,0,35.1,3.94,9.11,0.39,21.48,20.4,63.4,99.31749056407384,8.786521586131338,35.72200782498611,34.10438745451226,16.55203227400655,1799.0,0.0,0.0,42.35969874308378,0.0,39.334023761446694,14.2,96.0,0.0,0.0,0.0,450.0,5101.4,0.0,0.0,19.414,5.057,24.47,24.239,1.551,22.919,emon,0.693,0.734,170.2,78.7,2.162
2026-09-17 21:48:28.199,13.5,0,52,34;6;42;0;0;0;52;0;0;0;46;0;0;0;34;2,924,3375,2654;2627;3306;3375;1931;1122;1708;1958;2555;1622;1796;2327;956;924;1450;1037,4.8,0.0,5095.3,0,0,0,0,0,0.0,0,0,0,0,0,0,0,0,0.0,0,0,0,0,0,0.0,0.0,0.0,0,0,0,34.1,3.94,9.11,0.39,21.48,20.5,63.4,88.94492679593809,5.222729696428629,28.19084103331972,26.847767143439285,8.298219821888102,1741.8251121076232,0.0,0.0,26.604783159154447,0.0,43.08423663492543,9.8,65.3,0.0,0.0,0.0,450.0,5095.3,0.0,0.0,19.414,5.057,24.47,24.239,1.551,22.919,emon,0.693,0.734,170.2,78.7,2.162
2026-09-17 21:48:29.199,10.9,0,65,26;3;26;2;0;0;65;2;0;0;22;0;3;2;23;2,930,2086,1738;2086;1914;1591;1323;1225;1484;1936;1288;1162;1379;1357;1252;1038;1175;930,4.8,0.0,5095.3,0,0,0,0,0,0.0,0,0,0,0,0,0,0,0,0.0,0,0,0,0,0,0.0,0.0,0.0,0,0,0,32.1,6.59,7.75,0.38,22.31,20.5,63.4,73.42928464072091,0.314501889316099,5.771141175712858,1.8659513342593397,0.22578910418919154,1043.642857142857,0.0,0.0,0.0,0.0,50.230675970869406,0.3,0.0,0.0,0.0,0.0,450.0,5095.3,0.0,0.0,83.395,1.616,85.012,32.687,2.092,82.92,emon,0.563,0.327,160.6,74.5,2.155
2026-09-17 21:48:30.199,9.3,0,72,18;5;22;0;0;0;72;0;0;0;16;0;0;2;15;0,1071,1428,1203;1302;1233;1204;1340;1370;1428;1338;1201;1139;1266;1203;1071;1205;1252;1073,1.2,0.0,5073.7,0,0,0,0,0,0.0,0,0,0,0,0,0,0,0,0.0,0,0,0,0,0,0.0,0.0,0.0,0,0,0,30.1,6.59,7.75,0.38,22.31,20.5,63.4,97.65315246582031,0.0072052208706736565,0.8483123183250427,0.08523332327604294,0.0,924.0,0.0,0.0,0.0,0.0,50.21262216567993,0.1,0.0,0.0,0.0,0.0,450.0,5073.7,0.0,0.0,83.395,1.616,85.012,32.687,2.092,82.92,emon,0.563,0.327,160.6,74.5,2.155
2026-09-17 21:48:31.200,9.0,0,49,19;4;20;0;0;0;33;0;0;0;49;0;6;0;9;3,895,1372,1186;1372;1285;1158;1323;1212;1316;1283;1223;1228;1328;1295;1126;1018;1186;895,0.0,0.0,5073.7,0,0,0,0,0,0.0,0,0,0,0,0,0,0,0,0.0,0,0,0,0,0,0.0,0.0,0.0,0,0,0,29.1,6.59,7.75,0.38,22.31,20.4,63.4,97.61428451538086,0.005708189215511084,0.9633839130401611,0.09620635211467743,0.0,1199.0,0.0,0.0,0.0,0.0,50.24601861834526,0.0,0.0,0.0,0.0,0.0,450.0,5065.7,0.0,0.0,83.395,1.616,85.012,32.687,2.092,82.92,emon,0.563,0.327,160.6,74.5,2.155
2026-09-17 21:48:32.200,8.9,0,55,26;5;14;0;0;0;25;0;0;0;55;0;0;0;11;8,1056,2970,1542;1470;1674;1545;1301;1129;1291;1164;2856;2970;1426;1638;1076;1056;1117;1124,0.0,0.0,5065.7,0,0,0,0,0,0.0,0,0,0,0,0,0,0,0,0.0,0,0,0,0,0,0.0,0.0,0.0,0,0,0,31.1,6.59,7.75,0.38,22.31,20.4,63.4,97.44246292114258,0.005676768720149994,1.1010822057724,0.11043152958154678,0.0,1199.0,0.0,0.0,0.0,0.0,50.231665551662445,0.0,0.0,0.0,0.0,0.0,450.0,5065.7,0.0,0.0,83.395,1.616,85.012,32.687,2.092,82.92,emon,0.563,0.327,160.6,74.5,2.155
2026-09-17 21:48:33.201,16.3,0,61,28;13;40;5;0;0;42;2;0;0;61;3;2;5;50;12,982,2194,2124;2125;2003;2194;1433;1121;1457;1978;1432;1457;1517;2001;1103;1110;1133;982,0.0,0.0,5167.7,0,0,0,0,0,0.0,0,0,0,0,0,0,0,0,0.0,0,0,0,0,0,0.0,0.0,0.0,0,0,0,35.1,1.52,0.01,0.31,3.18,20.4,63.4,99.31781022445016,15.506708321019845,19.86955085526342,20.736460616407186,3.206851762921914,1617.4782608695652,0.0,0.0,39.20869703007781,0.0,43.88742308548915,5.9,39.8,0.0,0.0,0.0,450.0,5166.7,0.0,0.0,83.395,1.616,85.012,32.687,2.092,82.92,emon,0.563,0.327,160.6,74.5,2.155
2026-09-17 21:48:34.201,20.1,0,57,41;19;49;5;0;0;43;3;0;0;52;2;18;11;57;22,922,3934,2115;2466;2966;3934;1488;1470;1580;1458;1742;1261;1550;1520;986;922;1157;1036,0.0,0.0,5167.7,0,0,0,0,0,0.0,0,0,0,0,0,0,0,0,0.0,0,0,0,0,0,0.0,0.0,0.0,0,0,0,37.1,1.52,0.01,0.31,3.18,20.4,63.4,99.09524600305289,9.792741162667625,41.21421554726418,37.37751604707163,22.709433438064895,1799.0,0.0,0.0,54.30390653375615,0.0,44.336722861984136,14.3,99.3,0.0,0.0,0.0,450.0,5189.4,0.0,0.0,83.395,1.616,85.012,32.687,2.092,82.92,emon,0.563,0.327,160.6,74.5,2.155
2026-09-17 21:48:35.202,17.0,0,58,36;6;51;5;0;0;38;0;0;0;58;0;5;2;55;17,909,2514,1467;1462;1618;1544;1891;1309;1289;2514;1383;1298;1419;1913;1169;909;1235;1472,100.0,0.0,5193.7,0,0,0,0,0,0.0,0,0,0,0,0,0,0,0,0.0,0,0,0,0,0,0.0,0.0,0.0,0,0,0,34.1,1.52,0.01,0.31,3.18,20.4,63.4,99.99367753514704,10.786000768109313,40.98769490224011,36.554880686526026,29.688125646339273,1799.0,0.0,0.0,58.66146262945994,0.0,40.13495534255836,14.2,98.3,0.0,0.0,0.0,450.0,5193.7,0.0,0.0,83.395,1.616,85.012,32.687,2.092,82.92,emon,0.563,0.327,160.6,74.5,2.155
2026-09-17 21:48:36.202,17.3,0,52,48;15;43;6;0;0;48;5;0;0;33;0;9;5;52;13,869,1682,1234;1237;1402;1314;1682;1130;1322;1127;1255;1133;1274;1521;869;940;1011;1000,100.0,0.0,5193.7,0,0,0,0,0,0.0,0,0,0,0,0,0,0,0,0.0,0,0,0,0,0,0.0,0.0,0.0,0,0,0,33.1,1.52,0.01,0.31,3.18,20.4,63.4,89.68063093556299,8.178306117809067,59.31296843952603,51.19689920296272,45.98275481330024,1799.0,0.0,0.0,77.84313814673159,0.0,11.230067465040419,14.2,99.7,0.0,0.0,0.0,450.0,5193.7,0.0,0.0,83.395,1.616,85.012,32.687,2.092,82.92,emon,0.563,0.327,160.6,74.5,2.155
2026-09-17 21:48:37.203,18.0,0,53,48;27;36;3;0;0;46;2;0;0;30;3;12;16;53;14,858,1313,1056;1069;1079;1148;1313;1301;1227;858;1054;1040;1090;868;1086;1215;1122;1060,100.0,0.0,5193.7,0,0,0,0,0,0.0,0,0,0,0,0,0,0,0,0.0,0,0,0,0,0,0.0,0.0,0.0,0,0,0,32.1,3.41,10.54,0.39,22.18,20.3,63.4,83.69496837529269,9.475412161893804,57.49686429717324,50.73378179493275,44.685507861050695,1805.8181818181818,0.0,0.0,72.783210050992,0.0,9.185106703998992,14.2,99.3,0.0,0.0,0.0,450.0,5193.7,0.0,0.0,83.395,1.616,85.012,32.687,2.092,82.92,emon,0.563,0.327,160.6,74.5,2.155
2026-09-17 21:48:38.204,16.7,0,75,47;9;31;0;0;0;75;0;0;0;21;2;19;2;45;18,1038,1853,1136;1089;1348;1513;1341;1335;1384;1234;1313;1141;1135;1853;1042;1221;1171;1038,100.0,0.0,5193.7,0,0,0,0,0,0.0,0,0,0,0,0,0,0,0,0.0,0,0,0,0,0,0.0,0.0,0.0,0,0,0,32.1,3.41,10.54,0.39,22.18,20.3,63.4,90.38315976293464,12.257988838429906,58.756341325609306,53.432865433002775,46.223903254458776,1799.0,0.0,0.0,79.00248657500273,0.0,10.593005268197311,14.3,99.9,0.0,0.0,0.0,450.0,5193.7,0.0,0.0,83.395,1.616,85.012,32.687,2.092,82.92,emon,0.563,0.327,160.6,74.5,2.155
2026-09-17 21:48:39.205,17.7,0,60,36;28;29;15;0;0;55;0;0;0;27;2;8;8;60;15,968,1716,1371;1232;1716;1369;1304;1136;1388;1119;1192;1146;1210;968;1055;1125;1180;974,100.0,0.0,5193.7,0,0,0,0,0,0.0,0,0,0,0,0,0,0,0,0.0,0,0,0,0,0,0.0,0.0,0.0,0,0,0,32.1,3.41,10.54,0.39,22.18,20.3,63.4,100.00374634841393,9.839198800035078,36.29867094960706,33.05350545149553,24.988749250050247,1799.0,0.0,0.0,53.2843350180762,0.0,46.67793707647768,14.2,99.6,0.0,0.0,0.0,450.0,5170.4,0.0,0.0,83.395,1.616,85.012,32.687,2.092,82.92,emon,0.563,0.327,160.6,74.5,2.155
2026-09-17 21:48:40.206,16.8,0,58,42;10;41;5;0;0;58;0;0;0;34;0;13;12;52;3,946,2090,1659;2090;1291;1450;1196;1338;1277;1348;1189;1063;1093;1060;1082;1016;1147;946,0.3,0.0,5170.4,0,0,0,0,0,0.0,0,0,0,0,0,0,0,0,0.0,0,0,0,0,0,0.0,0.0,0.0,0,0,0,32.1,3.41,10.54,0.39,22.18,20.3,63.4,97.77562329935473,8.201890013849765,34.529589721001685,28.743015899065732,21.160292782062708,1799.0,0.0,0.0,55.98199952992632,0.0,42.29289482990502,14.2,99.5,0.0,0.0,0.0,450.0,5167.7,0.0,0.0,83.395,1.616,85.012,32.687,2.092,82.92,emon,0.563,0.327,160.6,74.5,2.155
2026-09-17 21:48:41.207,18.2,0,47,36;16;44;12;0;0;47;0;0;0;46;0;16;9;40;25,824,1224,1074;824;908;824;1224;1212;1140;1146;1112;1046;1135;958;999;1152;1153;960,69.6,0.0,5167.7,0,0,0,0,0,0.0,0,0,0,0,0,0,0,0,0.0,0,0,0,0,0,0.0,0.0,0.0,0,0,0,30.1,1.97,8.22,0.39,17.6,20.3,63.4,89.87435012393527,8.861864750583967,58.623671895927856,51.330815157128704,44.30923383103477,1799.0,0.0,0.0,77.84313614769943,0.0,11.232838977665072,14.2,99.7,0.0,0.0,0.0,450.0,5167.7,0.0,0.0,47.45,0.668,48.118,16.123,1.032,47.086,emon,0.622,0.493,200.1,92.6,2.161
2026-09-17 21:48:42.207,16.0,0,57,27;12;42;8;0;0;23;2;0;0;57;0;19;8;48;11,850,1819,1256;1500;1245;1819;1187;1135;1113;850;1075;1169;1159;1068;1062;944;1307;1034,80.1,0.0,5167.7,0,0,0,0,0,0.0,0,0,0,0,0,0,0,0,0.0,0,0,0,0,0,0.0,0.0,0.0,0,0,0,30.1,1.97,8.22,0.39,17.6,20.3,63.4,94.25765867794262,10.52089732337524,65.1389152653077,56.5229402447448,50.682384715360755,1799.0,0.0,0.0,82.40817465183927,0.0,11.892833809762712,14.2,99.3,0.0,0.0,0.0,450.0,5167.7,0.0,0.0,47.45,0.668,48.118,16.123,1.032,47.086,emon,0.622,0.493,200.1,92.6,2.161
2026-09-17 21:48:43.215,18.7,0,52,28;18;42;10;0;0;25;0;0;0;42;2;18;22;52;39,1177,2989,1553;1750;1530;1468;2202;2989;1177;1361;2045;2324;1300;1605;1546;2337;1610;2132,100.0,0.0,5135.4,0,0,0,0,0,0.0,0,0,0,0,0,0,0,0,0.0,0,0,0,0,0,0.0,0.0,0.0,0,0,0,31.1,1.97,8.22,0.39,17.6,20.4,63.4,81.07860015630722,8.755224347533659,55.147262543439865,48.34926625341177,42.37509307861328,1799.0,0.0,0.0,70.05593387102999,0.0,10.10518205165863,14.2,99.4,0.0,0.0,0.0,450.0,5066.7,0.0,0.0,47.45,0.668,48.118,16.123,1.032,47.086,emon,0.622,0.493,200.1,92.6,2.161
2026-09-17 21:48:44.216,28.5,5,86,33;25;47;16;13;11;5;9;6;9;16;17;41;72;86;51,2528,3862,3804;3839;3857;3862;3319;3322;3303;3305;3339;3344;3352;3340;2528;2563;2570;2547,100.0,0.0,5344.7,0,0,0,0,0,0.0,0,0,0,0,0,0,0,0,0.0,0,0,0,0,0,0.0,0.0,0.0,0,0,0,39.1,1.97,8.22,0.39,17.6,20.5,63.4,99.70386390618874,9.503768515034453,34.649019943891275,32.400074542368905,16.976142652260638,1799.0,0.0,0.0,42.787878618087014,0.08771831080527373,46.239249974660424,14.4,88.5,0.0,0.0,0.0,450.0,5344.7,0.0,0.0,47.45,0.668,48.118,16.123,1.032,47.086,emon,0.622,0.493,200.1,92.6,2.161
2026-09-17 21:48:45.216,22.2,0,78,45;31;48;17;4;0;0;19;17;2;3;31;14;25;21;78,1332,3352,2375;2424;3352;2904;1332;2678;2709;1688;1349;2886;3188;1499;1929;2338;2427;1733,100.0,0.0,5341.0,0,0,0,0,0,0.0,0,0,0,0,0,0,0,0,0.0,0,0,0,0,0,0.0,0.0,0.0,0,0,0,38.1,3.62,8.99,0.39,21.53,20.5,63.4,99.74170051752075,9.127539355786658,36.506146309430385,37.353420707987084,10.95419606623664,1799.0,0.0,0.0,27.827138062144787,0.0,52.34133540401244,14.2,80.6,0.0,0.0,0.0,450.0,5341.0,0.0,0.0,47.45,0.668,48.118,16.123,1.032,47.086,emon,0.622,0.493,200.1,92.6,2.161
2026-09-17 21:48:46.217,25.2,0,85,43;30;75;30;8;2;0;44;24;0;2;41;8;9;5;85,1007,3737,2213;2336;3737;3347;1417;1007;1138;1836;1251;2131;1927;1423;1220;1448;1296;1465,100.0,0.0,5341.0,0,0,0,0,0,0.0,0,0,0,0,0,0,0,0,0.0,0,0,0,0,0,0.0,0.0,0.0,0,0,0,39.1,3.62,8.99,0.39,21.53,20.5,63.4,98.72496320402368,9.26439835011533,32.67463818053774,33.95232237427634,13.014464905208095,1799.0,0.0,0.0,29.546391395253792,0.0,51.38400844609548,14.1,82.3,0.0,0.0,0.0,450.0,5313.5,0.0,0.0,47.45,0.668,48.118,16.123,1.032,47.086,emon,0.622,0.493,200.1,92.6,2.161
2026-09-17 21:48:47.217,25.0,0,85,38;57;66;17;5;0;0;44;11;0;2;50;15;6;5;85,1330,3841,2481;2641;3841;3296;1482;2384;1734;1750;1427;1885;2110;1516;1676;1330;1623;1452,60.4,0.0,5301.9,0,0,0,0,0,0.0,0,0,0,0,0,0,0,0,0.0,0,0,0,0,0,0.0,0.0,0.0,0,0,0,41.1,3.62,8.99,0.39,21.53,20.5,63.4,99.49983393262934,9.286423950162888,32.82750962635197,34.36718775881898,12.951405398429387,1799.0,0.0,0.0,29.663984863043186,0.0,52.408183463516664,14.1,82.6,0.0,0.0,0.0,450.0,5285.9,0.0,0.0,47.45,0.668,48.118,16.123,1.032,47.086,emon,0.622,0.493,200.1,92.6,2.161
2026-09-17 21:48:48.218,22.4,0,74,49;51;65;20;2;0;2;27;12;3;0;31;12;5;6;74,1122,3538,1978;2047;3538;2697;1501;1462;1168;1628;1122;2145;1213;1369;1524;1336;1346;1473,100.0,0.0,5285.9,0,0,0,0,0,0.0,0,0,0,0,0,0,0,0,0.0,0,0,0,0,0,0.0,0.0,0.0,0,0,0,37.1,3.62,8.99,0.39,21.53,20.5,63.4,99.51303058939695,9.081742493226374,32.37810965687113,33.12563117916963,12.462697751906722,1799.0,0.0,0.0,31.06654979427314,0.0,50.964309964556534,10.4,55.5,0.0,0.0,0.0,450.0,5285.9,0.0,0.0,47.45,0.668,48.118,16.123,1.032,47.086,emon,0.622,0.493,200.1,92.6,2.161
2026-09-17 21:48:49.218,16.3,0,83,13;35;62;3;0;0;0;16;2;0;0;30;11;5;2;83,1465,4246,2326;2360;4246;4166;1701;1967;2011;1785;2152;1840;1465;2270;2394;2091;1984;2434,20.6,0.0,5285.9,0,0,0,0,0,0.0,0,0,0,0,0,0,0,0,0.0,0,0,0,0,0,0.0,0.0,0.0,0,0,0,41.1,8.48,9.91,0.39,27.91,20.4,63.4,88.78591484001704,4.88067552709004,21.790583147214992,23.826310742759546,0.22044186794020268,1774.892857142857,0.0,0.0,0.0,0.0,59.41185886438138,2.9,0.0,0.0,0.0,0.0,450.0,5220.5,0.0,0.0,47.45,0.668,48.118,16.123,1.032,47.086,emon,0.622,0.493,200.1,92.6,2.161
2026-09-17 21:48:50.218,16.7,0,83,18;40;66;2;0;0;0;22;0;0;0;30;3;3;0;83,1442,4249,2715;2466;4249;4076;2213;2356;1442;1843;1747;2176;2139;2205;2239;2036;2171;2512,19.0,0.0,5220.5,0,0,0,0,0,0.0,0,0,0,0,0,0,0,0,0.0,0,0,0,0,0,0.0,0.0,0.0,0,0,0,42.1,8.48,9.91,0.39,27.91,20.4,63.4,88.60954150675018,5.026701265765775,22.47960007083886,24.48280648035281,0.19983963894545234,1771.5806451612902,0.0,0.0,0.0,0.0,58.21491068971467,2.8,0.0,0.0,0.0,0.0,450.0,5223.7,0.0,0.0,47.45,0.668,48.118,16.123,1.032,47.086,emon,0.622,0.493,200.1,92.6,2.161
2026-09-17 21:48:51.219,17.1,0,74,29;48;52;3;0;0;0;26;2;0;0;29;6;3;2;74,1250,3866,2026;2028;3866;3627;2409;1491;1250;1611;1851;1352;1708;2050;1839;1612;1348;1803,24.7,0.0,5266.6,0,0,0,0,0,0.0,0,0,0,0,0,0,0,0,0.0,0,0,0,0,0,0.0,0.0,0.0,0,0,0,37.1,8.48,9.91,0.39,27.91,20.4,63.4,99.47279927888269,4.955528071990004,22.25312921480214,24.360403708341725,0.30873450660973456,1186.1595330739299,0.0,0.0,0.0,0.0,58.928459716765104,3.6,0.0,0.0,0.0,0.0,450.0,5273.8,0.0,0.0,47.45,0.668,48.118,16.123,1.032,47.086,emon,0.622,0.493,200.1,92.6,2.161
2026-09-17 21:48:52.219,17.2,0,78,14;39;56;3;2;3;0;17;5;5;3;26;16;5;3;78,1022,4271,2583;2620;4271;3928;1519;1238;1022;1942;1597;1345;1266;1653;2082;1990;2305;2181,22.9,0.0,5273.8,0,0,0,0,0,0.0,0,0,0,0,0,0,0,0,0.0,0,0,0,0,0,0.0,0.0,0.0,0,0,0,41.1,8.48,9.91,0.39,27.91,20.4,63.4,99.35274665237318,5.651740493342868,20.451160854904366,23.61007038258835,0.11253364505584794,1186.2340425531916,0.0,0.0,0.0,0.0,58.74900266411879,3.4,0.0,0.0,0.0,0.0,450.0,5269.8,0.0,0.0,7.946,4.617,12.564,75.284,4.818,7.746,emon,0.755,0.642,47.9,22.6,2.12
2026-09-17 21:48:53.220,20.9,0,80,34;46;62;9;0;0;0;23;11;2;0;47;11;6;3;80,1149,4178,2438;2434;4178;3759;1339;1149;1251;1784;1441;3208;1623;1903;1688;1855;1211;1996,21.4,0.0,5353.8,0,0,0,0,0,0.0,0,0,0,0,0,0,0,0,0.0,0,0,0,0,0,0.0,0.0,0.0,0,0,0,42.1,9.02,1.46,0.38,15.91,20.5,63.4,99.90686616342813,13.863515749019042,24.806500855451475,28.93510006497152,2.854470245876166,1753.2936288088642,0.0,0.0,28.830403527098518,0.0,53.265621742558096,7.7,32.1,0.0,0.0,0.0,450.0,5353.8,0.0,0.0,7.946,4.617,12.564,75.284,4.818,7.746,emon,0.755,0.642,47.9,22.6,2.12
2026-09-17 21:48:54.220,25.0,0,85,43;42;67;24;4;0;0;35;22;0;0;58;11;6;3;85,1028,3952,2122;2308;3952;3337;1471;1028;1419;1663;1850;1934;1547;1714;1516;1271;1853;1389,100.0,0.0,5345.8,0,0,0,0,0,0.0,0,0,0,0,0,0,0,0,0.0,0,0,0,0,0,0.0,0.0,0.0,0,0,0,40.1,9.02,1.46,0.38,15.91,20.5,63.4,99.36811536413325,8.847711459778802,32.20715923870311,32.6492116011279,12.503963628443211,1799.0,0.0,0.0,30.491293653219348,0.0,50.74830846996692,14.1,82.9,0.0,0.0,0.0,450.0,5345.8,0.0,0.0,7.946,4.617,12.564,75.284,4.818,7.746,emon,0.755,0.642,47.9,22.6,2.12
2026-09-17 21:48:55.221,24.8,0,75,40;39;71;32;6;0;2;29;24;8;0;51;14;3;3;75,1197,3373,2695;2835;3373;2618;1535;1889;1197;1917;1566;2469;2278;1619;1461;1263;1209;1421,100.0,0.0,5345.8,0,0,0,0,0,0.0,0,0,0,0,0,0,0,0,0.0,0,0,0,0,0,0.0,0.0,0.0,0,0,0,40.1,9.02,1.46,0.38,15.91,20.4,63.4,99.9990990769128,9.401532923453175,33.42078678569589,34.981463609527964,12.765249176664982,1799.0,0.0,0.0,28.97014814601517,0.0,53.96333838564748,14.2,83.1,0.0,0.0,0.0,450.0,5345.8,0.0,0.0,7.946,4.617,12.564,75.284,4.818,7.746,emon,0.755,0.642,47.9,22.6,2.12
2026-09-17 21:48:56.221,25.8,0,89,47;43;67;36;0;0;0;34;20;2;0;48;14;8;4;89,1202,3504,2393;2377;3504;3085;1489;1247;2099;1693;1651;1733;1532;1720;1205;1256;1202;1423,100.0,0.0,5345.8,0,0,0,0,0,0.0,0,0,0,0,0,0,0,0,0.0,0,0,0,0,0,0.0,0.0,0.0,0,0,0,41.1,9.45,11.38,0.39,30.48,20.4,63.4,99.7685385495049,9.240109756473986,33.5512827154371,33.620778135598755,13.603997077398772,1799.0,0.0,0.0,34.36503647623692,0.0,47.90713194595626,14.2,83.6,0.0,0.0,0.0,450.0,5338.9,0.0,0.0,7.946,4.617,12.564,75.284,4.818,7.746,emon,0.755,0.642,47.9,22.6,2.12
2026-09-17 21:48:57.222,25.0,0,83,26;37;61;31;3;0;0;33;32;6;0;73;5;6;3;83,977,3908,2269;2531;3908;3180;1546;1601;1347;1841;1652;1296;2285;1582;977;1406;1255;1481,100.0,0.0,5338.9,0,0,0,0,0,0.0,0,0,0,0,0,0,0,0,0.0,0,0,0,0,0,0.0,0.0,0.0,0,0,0,41.1,9.45,11.38,0.39,30.48,20.4,63.4,99.48388026534737,9.09221112631842,32.20752556087909,33.47620931367886,12.351570201307148,1799.0,0.0,0.0,29.66377270730188,0.0,52.059963636117445,14.1,83.0,0.0,0.0,0.0,450.0,5338.9,0.0,0.0,7.946,4.617,12.564,75.284,4.818,7.746,emon,0.755,0.642,47.9,22.6,2.12
2026-09-17 21:48:58.254,25.9,0,74,46;53;67;42;2;0;0;35;21;9;0;42;11;9;3;74,1061,3316,2050;2081;3316;2837;2030;2074;2296;1580;1713;2412;1854;1613;1423;1169;1061;1403,100.0,0.0,5338.9,0,0,0,0,0,0.0,0,0,0,0,0,0,0,0,0.0,0,0,0,0,0,0.0,0.0,0.0,0,0,0,37.1,9.45,11.38,0.39,30.48,20.6,63.4,99.99902059161474,9.691008281329815,34.105692274769936,35.3243044569162,14.270066019482714,1799.0,0.0,0.0,31.52614463323779,0.0,51.64257571378978,14.2,84.1,0.0,0.0,0.0,450.0,5372.8,0.0,0.0,7.946,4.617,12.564,75.284,4.818,7.746,emon,0.755,0.642,47.9,22.6,2.12
2026-09-17 21:48:59.254,23.7,0,91,31;36;66;16;8;0;0;33;19;6;0;50;11;9;3;91,1171,3832,2338;2404;3832;3160;1480;1288;1171;1720;1619;1977;1254;1602;1290;1682;1379;1408,15.7,0.0,5385.5,0,0,0,0,0,0.0,0,0,0,0,0,0,0,0,0.0,0,0,0,0,0,0.0,0.0,0.0,0,0,0,41.1,9.45,11.38,0.39,30.48,20.4,63.4,100.00072055610715,9.423586415439356,32.99923568082959,34.57889999771984,13.49459086362378,1799.0,0.0,0.0,31.165884149221316,0.0,51.752227934903026,14.2,83.5,0.0,0.0,0.0,450.0,5366.8,0.0,0.0,7.946,4.617,12.564,75.284,4.818,7.746,emon,0.755,0.642,47.9,22.6,2.12
2026-09-17 21:49:00.255,23.9,0,82,48;49;66;25;3;0;0;33;20;0;0;36;11;8;3;82,1064,3545,2255;2481;3545;2917;1262;1273;1181;1787;1897;1405;1492;1965;1466;1395;1064;1446,100.0,0.0,5361.8,0,0,0,0,0,0.0,0,0,0,0,0,0,0,0,0.0,0,0,0,0,0,0.0,0.0,0.0,0,0,0,40.1,9.16,11.26,0.4,30.82,20.4,63.4,100.00757302512021,9.467562295963347,33.77069306178043,34.59893526350028,13.519048205862834,1799.0,0.0,0.0,31.53403379486781,0.0,52.02739738493408,14.2,83.7,0.0,0.0,0.0,450.0,5370.5,0.0,0.0,7.946,4.617,12.564,75.284,4.818,7.746,emon,0.755,0.642,47.9,22.6,2.12
2026-09-17 21:49:01.255,26.8,2,82,56;48;63;25;11;2;3;32;32;2;2;46;6;14;8;82,997,3341,2350;2441;3341;2808;1493;1701;1629;1806;1520;1248;997;1629;1002;1075;1034;1175,100.0,0.0,5349.7,0,0,0,0,0,0.0,0,0,0,0,0,0,0,0,0.0,0,0,0,0,0,0.0,0.0,0.0,0,0,0,39.1,9.16,11.26,0.4,30.82,20.4,63.4,99.32390917165607,8.531771380691698,31.47561631015703,32.1277525663175,12.546765275203677,1799.0,0.0,0.0,31.436031014249917,0.0,51.064844218260575,14.2,83.3,0.0,0.0,0.0,450.0,5349.7,0.0,0.0,7.946,4.617,12.564,75.284,4.818,7.746,emon,0.755,0.642,47.9,22.6,2.12
2026-09-17 21:49:02.256,24.5,0,91,36;41;65;18;6;0;2;28;29;5;0;43;8;11;10;91,1155,3867,2291;2206;3867;3075;2085;1509;1265;1895;1693;1732;1222;1803;1393;1424;1155;1462,100.0,0.0,5349.7,0,0,0,0,0,0.0,0,0,0,0,0,0,0,0,0.0,0,0,0,0,0,0.0,0.0,0.0,0,0,0,39.1,9.16,11.26,0.4,30.82,20.4,63.4,99.98102897421434,9.52468445936381,33.8167728142966,35.133882764716994,13.444963715753126,1799.0,0.0,0.0,30.80821365828994,0.0,52.548590821123575,14.2,83.4,0.0,0.0,0.0,450.0,5349.7,0.0,0.0,7.946,4.617,12.564,75.284,4.818,7.746,emon,0.755,0.642,47.9,22.6,2.12
2026-09-17 21:49:03.256,23.6,0,85,38;41;58;29;0;0;0;36;16;0;0;47;8;17;3;85,1093,3678,2692;2775;3678;2872;1390;1093;1119;1645;1820;1690;1357;1718;1237;1267;1134;1342,15.9,0.0,5349.7,0,0,0,0,0,0.0,0,0,0,0,0,0,0,0,0.0,0,0,0,0,0,0.0,0.0,0.0,0,0,0,40.1,9.16,11.26,0.4,30.82,20.4,63.4,100.00382845850775,9.044515065834005,32.7286467956137,33.30562369646974,12.699836845927198,1799.0,0.0,0.0,31.624546505137783,0.0,50.70287423551272,14.2,83.3,0.0,0.0,0.0,450.0,5340.2,0.0,0.0,92.673,4.428,97.102,72.355,4.631,92.471,emon,0.504,0.373,147.0,69.0,2.132
2026-09-17 21:49:04.256,23.6,0,77,36;34;64;25;6;0;0;44;26;0;0;52;11;2;0;77,1059,3660,2678;2852;3660;3035;1339;1609;1783;1588;1652;3159;2141;1686;1477;1059;1206;1537,16.1,0.0,5239.2,0,0,0,0,0,0.0,0,0,0,0,0,0,0,0,0.0,0,0,0,0,0,0.0,0.0,0.0,0,0,0,40.1,9.53,11.22,0.4,31.07,20.4,63.4,99.76712799831158,9.29988888134088,33.07387029812412,34.19195331766737,13.11548018427961,1799.0,0.0,0.0,30.544015487206394,0.0,52.31246672426493,14.2,83.1,0.0,0.0,0.0,450.0,5226.3,0.0,0.0,92.673,4.428,97.102,72.355,4.631,92.471,emon,0.504,0.373,147.0,69.0,2.132
2026-09-17 21:49:05.257,23.7,0,77,32;49;55;14;8;0;0;28;23;14;0;65;8;3;3;77,1090,4048,2914;3194;4048;3519;2383;1090;1463;1866;1750;2052;1944;1915;1738;1440;1478;1690,82.4,0.0,5226.3,0,0,0,0,0,0.0,0,0,0,0,0,0,0,0,0.0,0,0,0,0,0,0.0,0.0,0.0,0,0,0,45.1,9.53,11.22,0.4,31.07,16.6,63.4,97.18053814750945,7.898018485416162,30.36991839802372,31.00714589347561,10.581691627558406,1791.3652694610778,0.0,0.0,24.91936247893693,0.0,51.165495193047526,10.5,57.5,0.0,0.0,0.0,450.0,2139.3,0.0,0.0,92.673,4.428,97.102,72.355,4.631,92.471,emon,0.504,0.373,147.0,69.0,2.132
2026-09-17 21:49:06.257,21.5,0,85,38;39;50;19;6;0;0;31;12;2;0;48;5;8;3;85,1369,3786,2531;2452;3786;3230;1369;2489;1672;1960;1840;1537;1770;2302;1726;1779;1963;2004,18.1,0.0,1268.9,0,0,0,0,0,0.0,0,0,0,0,0,0,0,0,0.0,0,0,0,0,0,0.0,0.0,0.0,0,0,0,42.1,9.53,11.22,0.4,31.07,16.6,63.4,89.04429703166052,4.959550830701721,21.305592218433834,23.921727380433595,0.16582272900123435,1544.373665480427,0.0,0.0,0.0,0.0,59.581310824805946,2.9,0.0,0.0,0.0,0.0,450.0,1257.9,0.0,0.0,92.673,4.428,97.102,72.355,4.631,92.471,emon,0.504,0.373,147.0,69.0,2.132
2026-09-17 21:49:07.258,26.3,0,85,38;44;62;39;3;0;0;31;25;3;0;53;16;20;2;85,1303,3759,2593;2614;3759;3508;1303;1863;1664;1968;1451;1471;1991;1578;1549;1632;1486;1688,20.9,0.0,1254.9,0,0,0,0,0,0.0,0,0,0,0,0,0,0,0,0.0,0,0,0,0,0,0.0,0.0,0.0,0,0,0,43.1,9.53,11.22,0.4,31.07,16.7,63.4,89.22908555215864,5.232795067495969,22.31327200970098,24.971717533926522,0.1691711800613392,1644.7089552238806,0.0,0.0,0.0,0.0,58.349768449524554,3.0,0.0,0.0,0.0,0.0,450.0,1254.9,0.0,0.0,92.673,4.428,97.102,72.355,4.631,92.471,emon,0.504,0.373,147.0,69.0,2.132
2026-09-17 21:49:08.282,26.9,0,87,40;44;54;35;2;0;0;29;41;2;0;37;28;21;12;87,941,3677,2454;2344;3677;3168;941;1190;1156;1585;1243;1112;1393;1425;1566;1702;1587;1656,24.6,0.0,1246.9,0,0,0,0,0,0.0,0,0,0,0,0,0,0,0,0.0,0,0,0,0,0,0.0,0.0,0.0,0,0,0,41.1,10.86,3.34,0.38,20.36,16.5,63.4,99.38822849818638,5.707707756415142,21.035902321338654,24.0703517482616,0.1350004089524321,1191.142857142857,0.0,0.0,0.0,0.0,59.15687616041728,3.6,0.0,0.0,0.0,0.0,450.0,1246.9,0.0,0.0,92.673,4.428,97.102,72.355,4.631,92.471,emon,0.504,0.373,147.0,69.0,2.132
2026-09-17 21:49:09.282,29.2,0,85,66;53;67;34;6;0;0;33;43;0;0;45;14;12;9;85,1209,3806,2610;2691;3806;3520;1329;1285;1210;1766;1478;1209;1344;1587;1721;1253;1342;1410,25.2,0.0,1576.0,0,0,0,0,0,0.0,0,0,0,0,0,0,0,0,0.0,0,0,0,0,0,0.0,0.0,0.0,0,0,0,42.1,10.86,3.34,0.38,20.36,17.2,63.4,99.35167386720506,5.822615908648109,21.61456959367656,24.574230394667858,0.15168916266838678,1189.4676258992806,0.0,0.0,0.0,0.0,58.534651404072484,3.5,0.0,0.0,0.0,0.0,450.0,1682.3,0.0,0.0,92.673,4.428,97.102,72.355,4.631,92.471,emon,0.504,0.373,147.0,69.0,2.132
2026-09-17 21:49:10.283,31.0,0,86,54;51;61;35;6;0;0;58;35;0;0;69;16;23;3;86,1450,4256,2991;2860;4256;4019;1531;2043;1942;1746;2600;1542;1579;2576;1786;1877;1450;1706,25.2,0.0,1576.0,0,0,0,0,0,0.0,0,0,0,0,0,0,0,0,0.0,0,0,0,0,0,0.0,0.0,0.0,0,0,0,46.1,10.86,3.34,0.38,20.36,18.3,63.4,99.30894014686892,6.023417239568636,21.692218936843314,24.689986418045702,0.12399357415007806,1180.5018315018315,0.0,0.0,0.0,0.0,59.1841969677271,3.5,0.0,0.0,0.0,0.0,450.0,2778.2,0.0,0.0,92.673,4.428,97.102,72.355,4.631,92.471,emon,0.504,0.373,147.0,69.0,2.132
2026-09-17 21:49:11.283,30.2,5,91,40;34;58;19;5;6;5;50;41;8;5;72;17;21;12;91,1247,4172,2963;2857;4172;3798;1412;1357;1247;1717;1989;2100;2841;2125;1636;1498;1678;1734,23.7,0.0,2818.3,0,0,0,0,0,0.0,0,0,0,0,0,0,0,0,0.0,0,0,0,0,0,0.0,0.0,0.0,0,0,0,45.1,10.86,3.34,0.38,20.36,19.3,63.4,99.25692959046096,5.998858175498577,21.844606154420404,24.71124301725224,0.11909024812700139,1193.7565543071162,0.0,0.0,0.0,0.0,57.904523478409324,3.4,0.0,0.0,0.0,0.0,450.0,3942.2,0.0,0.0,92.673,4.428,97.102,72.355,4.631,92.471,emon,0.504,0.373,147.0,69.0,2.132
2026-09-17 21:49:12.283,27.1,0,85,59;39;58;39;6;0;0;17;38;0;0;58;14;11;10;85,1185,3668,2657;2610;3668;3500;1291;1441;1211;1698;1990;1909;1926;2108;1541;1267;1185;1602,23.7,0.0,4096.5,0,0,0,0,0,0.0,0,0,0,0,0,0,0,0,0.0,0,0,0,0,0,0.0,0.0,0.0,0,0,0,41.1,12.22,1.3,0.39,19.0,20.5,63.4,99.4775023827186,5.09624159580025,23.071538397268608,25.32376456262114,0.2722385006686986,1184.1923076923076,0.0,0.0,0.0,0.0,58.25405125606518,3.6,0.0,0.0,0.0,0.0,450.0,5140.8,0.0,0.0,92.673,4.428,97.102,72.355,4.631,92.471,emon,0.504,0.373,147.0,69.0,2.132
2026-09-17 21:49:13.284,46.4,14,69,48;34;58;20;48;55;44;66;48;51;47;65;34;41;14;69,716,4162,2397;2436;4162;3540;730;732;716;777;942;920;929;1067;1074;1072;1281;1131,26.6,0.0,5140.8,0,0,0,0,0,0.0,0,0,0,0,0,0,0,0,0.0,0,0,0,0,0,0.0,0.0,0.0,0,0,0,43.1,12.22,1.3,0.39,19.0,20.3,63.4,99.35202836299288,5.769138377223947,22.127829484209634,25.326929949844878,0.2863271174654179,1195.376811594203,0.0,0.0,0.0,0.0,57.83172050717732,3.7,0.0,0.0,0.0,0.0,450.0,5129.8,0.0,0.0,92.673,4.428,97.102,72.355,4.631,92.471,emon,0.504,0.373,147.0,69.0,2.132
2026-09-17 21:49:14.284,56.1,18,74,31;19;55;18;68;74;60;63;62;73;72;71;73;66;60;30,644,4051,2626;2511;4051;3265;663;668;644;645;890;872;882;919;962;954;969;1078,26.6,0.0,5129.8,0,0,0,0,0,0.0,0,0,0,0,0,0,0,0,0.0,0,0,0,0,0,0.0,0.0,0.0,0,0,0,42.1,12.22,1.3,0.39,19.0,20.3,63.4,99.37640678459871,5.6524121752306025,22.639178653135367,25.66173751720934,0.2693164602252498,1196.163120567376,0.0,0.0,0.0,0.0,57.663951516098585,3.7,0.0,0.0,0.0,0.0,450.0,5123.8,0.0,0.0,92.673,4.428,97.102,72.355,4.631,92.471,emon,0.504,0.373,147.0,69.0,2.132
2026-09-17 21:49:15.284,18.0,0,72,35;20;62;19;28;0;2;0;25;3;0;3;72;11;6;2,1091,4197,2815;2546;4197;3600;1877;1426;1091;1162;1583;1353;1235;1143;2097;1877;1856;1723,25.7,0.0,5118.7,0,0,0,0,0,0.0,0,0,0,0,0,0,0,0,0.0,0,0,0,0,0,0.0,0.0,0.0,0,0,0,43.1,12.22,1.3,0.39,19.0,20.2,63.4,89.97742022563071,5.305869229061527,21.2807765215309,23.943723036657786,0.189177238051104,1456.1167883211679,0.0,0.0,1.8307183059612222,0.0,57.82988190157149,3.4,1.2,0.0,0.0,0.0,450.0,5118.7,0.0,0.0,8.769,4.988,13.757,91.462,5.854,7.903,emon,0.785,0.648,43.5,21.9,1.987
2026-09-17 21:49:16.285,15.5,0,67,30;22;58;0;36;0;0;0;25;0;0;0;67;2;2;6,1198,4326,2484;2382;4326;3986;2196;1479;1719;1728;1626;1198;1519;1635;2291;1951;2063;2154,20.9,0.0,5118.7,0,0,0,0,0,0.0,0,0,0,0,0,0,0,0,0.0,0,0,0,0,0,0.0,0.0,0.0,0,0,0,42.1,10.0,1.4,0.38,16.79,20.2,63.4,91.16622722891225,5.383290588349145,22.093517289275216,24.652878088965302,0.1729353621213261,1524.8241758241759,0.0,0.0,0.0,0.0,58.04431493411134,3.2,0.0,0.0,0.0,0.0,450.0,5118.7,0.0,0.0,8.769,4.988,13.757,91.462,5.854,7.903,emon,0.785,0.648,43.5,21.9,1.987
2026-09-17 21:49:17.285,15.7,0,69,38;22;56;0;35;2;0;0;17;0;0;0;69;6;8;0,1514,4348,2658;2716;4348;4074;2123;1721;1514;1577;1858;1993;2744;1625;2248;1773;2080;1785,24.0,0.0,5111.7,0,0,0,0,0,0.0,0,0,0,0,0,0,0,0,0.0,0,0,0,0,0,0.0,0.0,0.0,0,0,0,43.1,10.0,1.4,0.38,16.79,20.2,63.4,99.40890749126461,5.648187745709289,21.103267091174498,23.840672335461946,0.12832818286706435,1177.723404255319,0.0,0.0,0.0,0.0,59.45154294810185,3.5,0.0,0.0,0.0,0.0,450.0,5111.7,0.0,0.0,8.769,4.988,13.757,91.462,5.854,7.903,emon,0.785,0.648,43.5,21.9,1.987
2026-09-17 21:49:18.286,15.8,0,86,25;11;65;3;25;0;0;0;29;0;0;0;86;8;0;0,1136,4249,2471;2187;4249;3821;2031;2165;1136;1249;1821;2163;1172;1155;2454;2159;1912;1854,24.0,0.0,5111.7,0,0,0,0,0,0.0,0,0,0,0,0,0,0,0,0.0,0,0,0,0,0,0.0,0.0,0.0,0,0,0,42.1,10.0,1.4,0.38,16.79,20.2,63.4,99.36698507581438,5.924492777627893,21.686779744284493,24.499399637803435,0.1148556141413532,1194.892857142857,0.0,0.0,0.0,0.0,58.803317222265264,3.4,0.0,0.0,0.0,0.0,450.0,5111.7,0.0,0.0,8.769,4.988,13.757,91.462,5.854,7.903,emon,0.785,0.648,43.5,21.9,1.987
2026-09-17 21:49:19.290,17.9,0,84,42;17;53;6;33;0;0;0;39;2;0;0;84;5;6;0,1144,3778,2042;2011;3778;3103;1922;2786;1557;1313;1433;1625;1176;1144;2008;2015;1679;1836,23.5,0.0,5124.4,0,0,0,0,0,0.0,0,0,0,0,0,0,0,0,0.0,0,0,0,0,0,0.0,0.0,0.0,0,0,0,38.1,10.0,1.4,0.38,16.79,20.2,63.4,99.57439897977389,4.212397298562707,20.91579556963765,22.947551141779584,0.34514414315546255,1191.1153846153845,0.0,0.0,0.0,0.0,59.042716449327195,3.4,0.0,0.0,0.0,0.0,450.0,5111.7,0.0,0.0,8.769,4.988,13.757,91.462,5.854,7.903,emon,0.785,0.648,43.5,21.9,1.987
2026-09-17 21:49:20.290,21.9,0,72,37;43;58;24;38;6;3;0;36;11;0;0;72;8;6;8,1111,4024,2563;2477;4024;3391;1885;1214;1187;1160;1511;1358;1148;1111;1992;1793;1487;1609,27.4,0.0,5137.3,0,0,0,0,0,0.0,0,0,0,0,0,0,0,0,0.0,0,0,0,0,0,0.0,0.0,0.0,0,0,0,41.1,9.21,2.26,0.38,17.07,20.5,63.4,97.77580068575456,5.773336410871707,20.208213157751818,23.564528853826275,0.17999851698877192,1403.6979865771812,0.0,0.0,7.381847993806692,0.0,56.3044952110547,3.7,0.0,0.0,0.0,0.0,450.0,5137.3,0.0,0.0,8.769,4.988,13.757,91.462,5.854,7.903,emon,0.785,0.648,43.5,21.9,1.987
2026-09-17 21:49:21.291,24.5,0,78,45;50;66;28;42;0;0;0;42;11;2;2;78;12;12;3,1042,3824,2496;2589;3824;3179;2155;2020;1930;1306;1525;1042;1456;1489;1355;1222;1302;1406,17.0,0.0,5491.7,0,0,0,0,0,0.0,0,0,0,0,0,0,0,0,0.0,0,0,0,0,0,0.0,0.0,0.0,0,0,0,43.1,9.21,2.26,0.38,17.07,20.5,63.4,100.0036182847134,17.45462338627347,23.974561968515086,31.92565289798171,1.2443585341473806,1843.702842377261,0.0,0.0,31.042206220673542,0.0,52.523888821415525,8.9,41.4,0.0,0.0,0.0,450.0,5486.7,0.0,0.0,8.769,4.988,13.757,91.462,5.854,7.903,emon,0.785,0.648,43.5,21.9,1.987
2026-09-17 21:49:22.291,25.3,0,80,33;39;73;29;41;5;0;0;58;23;0;0;80;10;8;6,1160,3648,2681;2818;3648;2916;1720;1591;2409;2742;1358;1169;1256;1814;1326;1499;1160;1575,100.0,0.0,5479.8,0,0,0,0,0,0.0,0,0,0,0,0,0,0,0,0.0,0,0,0,0,0,0.0,0.0,0.0,0,0,0,40.1,9.21,2.26,0.38,17.07,20.5,63.4,99.29236002978736,9.63842811642181,32.95762695381971,34.4870212943665,13.179775685553249,1799.0,0.0,0.0,29.75375328680142,0.0,52.35844824610101,14.2,82.7,0.0,0.0,0.0,450.0,5492.0,0.0,0.0,8.769,4.988,13.757,91.462,5.854,7.903,emon,0.785,0.648,43.5,21.9,1.987
2026-09-17 21:49:23.291,24.1,0,77,42;48;60;39;38;3;0;0;47;11;6;0;77;9;3;2,1037,3295,2272;2363;3295;2648;1948;1891;1336;1360;1355;1286;1037;1101;1406;1426;1198;1146,100.0,0.0,5466.8,0,0,0,0,0,0.0,0,0,0,0,0,0,0,0,0.0,0,0,0,0,0,0.0,0.0,0.0,0,0,0,40.1,9.21,2.26,0.38,17.07,20.5,63.4,99.78983261775235,9.594692903944317,33.197388531463005,34.22188683783104,13.842300415821649,1799.0,0.0,0.0,33.24275479786419,0.0,49.93729611538507,14.2,82.9,0.0,0.0,0.0,450.0,5487.5,0.0,0.0,8.769,4.988,13.757,91.462,5.854,7.903,emon,0.785,0.648,43.5,21.9,1.987
2026-09-17 21:49:24.336,24.1,0,76,43;46;56;37;49;6;0;0;40;18;2;0;76;8;2;3,1056,3431,2075;2204;3431;2598;1757;1756;1425;2498;1388;1433;1105;1154;1395;1373;1056;1077,100.0,0.0,5463.6,0,0,0,0,0,0.0,0,0,0,0,0,0,0,0,0.0,0,0,0,0,0,0.0,0.0,0.0,0,0,0,39.1,9.24,14.94,0.4,33.85,20.6,63.4,99.78131697981048,9.773487525456028,33.59567401010731,34.983490872130155,13.234094410897566,1799.0,0.0,0.0,30.552234841520534,0.0,51.78085576291179,14.2,83.1,0.0,0.0,0.0,450.0,5463.6,0.0,0.0,8.769,4.988,13.757,91.462,5.854,7.903,emon,0.785,0.648,43.5,21.9,1.987
2026-09-17 21:49:25.337,24.0,0,84,38;31;69;25;40;3;0;0;33;36;0;0;84;12;8;3,955,3743,2290;2572;3743;3136;1686;1144;1102;1099;1314;1721;955;1191;1577;1358;1415;1472,99.5,0.0,5463.6,0,0,0,0,0,0.0,0,0,0,0,0,0,0,0,0.0,0,0,0,0,0,0.0,0.0,0.0,0,0,0,41.1,9.24,14.94,0.4,33.85,20.5,63.4,99.7612189001018,9.987510481785423,33.66568076327482,35.28560219946905,13.304199380539652,1799.0,0.0,0.0,30.10675179844324,0.0,52.829610964114195,14.2,83.1,0.0,0.0,0.0,450.0,5463.6,0.0,0.0,8.769,4.988,13.757,91.462,5.854,7.903,emon,0.785,0.648,43.5,21.9,1.987
2026-09-17 21:49:26.337,25.2,0,88,47;46;56;36;45;3;0;0;39;20;0;0;88;11;9;3,1135,3274,2010;1976;3274;2632;1469;1335;1135;1199;1562;1642;1196;1307;1375;1324;1301;1240,99.5,0.0,5463.6,0,0,0,0,0,0.0,0,0,0,0,0,0,0,0,0.0,0,0,0,0,0,0.0,0.0,0.0,0,0,0,38.1,9.24,14.94,0.4,33.85,20.5,63.4,99.75309258251137,9.221311682951962,32.389154003357156,34.148885058265044,12.517324004267811,1799.0,0.0,0.0,28.179613598410953,0.0,52.407101864537154,14.2,82.9,0.0,0.0,0.0,450.0,5463.6,0.0,0.0,8.769,4.988,13.757,91.462,5.854,7.903,emon,0.785,0.648,43.5,21.9,1.987
2026-09-17 21:49:27.338,21.7,0,82,40;30;69;19;31;3;0;0;41;18;0;0;82;11;2;3,959,4017,2195;2378;4017;3323;1507;959;1113;1389;1640;1660;1234;1204;1665;1713;1209;1372,100.0,0.0,5494.1,0,0,0,0,0,0.0,0,0,0,0,0,0,0,0,0.0,0,0,0,0,0,0.0,0.0,0.0,0,0,0,40.1,9.24,14.94,0.4,33.85,20.5,63.4,97.9346121944811,9.236858763201187,32.14932768581354,33.71265133861048,11.763403010051364,1796.0108695652175,0.0,0.0,28.02481536724688,0.0,52.74889562038035,14.2,83.5,0.0,0.0,0.0,450.0,5494.1,0.0,0.0,90.289,4.773,95.062,77.18,4.94,90.122,emon,0.499,0.424,144.6,67.9,2.131
2026-09-17 21:49:28.338,15.6,0,68,35;35;36;6;23;0;0;0;32;0;0;0;68;5;6;2,1141,3572,2367;2401;3572;2241;1512;1406;1298;1141;1985;1463;1266;1580;1453;1297;1306;1252,71.8,0.0,5483.1,0,0,0,0,0,0.0,0,0,0,0,0,0,0,0,0.0,0,0,0,0,0,0.0,0.0,0.0,0,0,0,37.1,8.59,9.42,0.39,27.0,20.5,63.4,86.27493103405901,3.7087084213618318,22.419494895193413,23.4298116461381,0.4061153140482235,1736.9770992366412,0.0,0.0,0.0,0.0,56.88729997428546,10.7,57.6,0.0,0.0,0.0,450.0,5483.1,0.0,0.0,90.289,4.773,95.062,77.18,4.94,90.122,emon,0.499,0.424,144.6,67.9,2.131
2026-09-17 21:49:29.339,16.7,0,65,27;18;41;0;28;5;8;0;45;6;5;5;65;11;6;0,1108,3777,2293;2777;3777;3740;1655;1399;1330;1507;1672;1180;1108;1114;2109;2138;1885;2161,21.0,0.0,5481.5,0,0,0,0,0,0.0,0,0,0,0,0,0,0,0,0.0,0,0,0,0,0,0.0,0.0,0.0,0,0,0,37.1,8.59,9.42,0.39,27.0,20.7,63.4,88.89213678491025,4.811361257016182,23.07518577848682,25.084293719779218,0.19829641864012984,1766.7480916030534,0.0,0.0,0.0,0.0,58.49727600460289,3.1,0.0,0.0,0.0,0.0,450.0,5481.5,0.0,0.0,90.289,4.773,95.062,77.18,4.94,90.122,emon,0.499,0.424,144.6,67.9,2.131
2026-09-17 21:49:30.339,10.2,0,77,17;0;34;0;20;11;0;0;77;0;0;0;5;0;0;0,885,3648,1827;2353;1993;3648;1465;1356;963;1191;1503;1530;1368;1214;1046;969;885;909,0.8,0.0,5464.0,0,0,0,0,0,0.0,0,0,0,0,0,0,0,0,0.0,0,0,0,0,0,0.0,0.0,0.0,0,0,0,31.1,8.59,9.42,0.39,27.0,20.5,63.4,97.89261711968317,1.4414907197157543,24.3570130666097,22.04273902045356,0.9281279090791941,1199.0,0.0,0.0,0.0,0.0,50.245584131942856,1.7,0.0,0.0,0.0,0.0,450.0,5464.0,0.0,0.0,90.289,4.773,95.062,77.18,4.94,90.122,emon,0.499,0.424,144.6,67.9,2.131
2026-09-17 21:49:31.340,11.1,0,77,17;2;29;0;31;0;0;0;77;0;0;0;18;5;0;0,957,1489,1342;1308;1489;1172;1337;1243;1256;1228;1474;1333;1301;1286;1150;1226;994;957,0.0,0.0,5435.5,0,0,0,0,0,0.0,0,0,0,0,0,0,0,0,0.0,0,0,0,0,0,0.0,0.0,0.0,0,0,0,30.1,8.59,9.42,0.39,27.0,20.5,63.4,97.44867706298828,0.007880701683461666,0.8720053434371948,0.08778121322393417,0.0,499.0,0.0,0.0,0.0,0.0,50.431800067424774,0.1,0.0,0.0,0.0,0.0,450.0,5435.5,0.0,0.0,90.289,4.773,95.062,77.18,4.94,90.122,emon,0.499,0.424,144.6,67.9,2.131
2026-09-17 21:49:32.340,13.0,0,74,28;3;28;0;41;0;0;0;74;6;0;0;25;2;2;0,854,2495,1966;2272;2399;2495;1386;1632;1284;1636;1639;1433;1744;1879;1120;854;962;983,3.0,0.0,5531.6,0,0,0,0,0,0.0,0,0,0,0,0,0,0,0,0.0,0,0,0,0,0,0.0,0.0,0.0,0,0,0,34.1,3.89,0.44,0.33,7.11,20.7,63.4,98.53768599660773,1.3812733664688535,11.703880909690284,7.979464073042224,1.4972302266081472,1099.375939849624,0.0,0.0,1.5037585954020793,0.0,49.10675527317856,0.1,0.0,0.0,0.0,0.0,450.0,5206.0,0.0,0.0,90.289,4.773,95.062,77.18,4.94,90.122,emon,0.499,0.424,144.6,67.9,2.131
2026-09-17 21:49:33.341,22.8,0,91,54;33;91;14;31;14;2;3;62;20;5;2;29;5;2;0,1440,4116,4067;4116;4064;4025;2619;3285;3362;3332;2931;3072;3341;3309;1440;1547;1768;2364,3.0,0.0,5531.6,0,0,0,0,0,0.0,0,0,0,0,0,0,0,0,0.0,0,0,0,0,0,0.0,0.0,0.0,0,0,0,53.1,3.89,0.44,0.33,7.11,20.6,63.4,97.51305620020086,15.00974099714817,23.722169681028888,20.458213800191878,7.977875760637901,1844.4545454545455,0.0,0.0,52.936904046413574,0.0,43.25703292536456,4.7,31.4,0.0,0.0,0.0,450.0,5537.8,0.0,0.0,90.289,4.773,95.062,77.18,4.94,90.122,emon,0.499,0.424,144.6,67.9,2.131
2026-09-17 21:49:34.341,15.6,0,91,85;18;91;0;17;0;0;0;19;2;0;0;18;0;0;0,634,4343,4340;4267;4343;4197;2372;3110;2678;3065;2412;3364;3222;3340;879;634;743;684,100.0,0.0,5615.2,0,0,0,0,0,0.0,0,0,0,0,0,0,0,0,0.0,0,0,0,0,0,0.0,0.0,0.0,0,0,0,65.1,3.89,0.44,0.33,7.11,20.6,63.4,96.76222657309638,8.101215163270632,27.314670381413567,24.837410396759708,17.33304666151603,1799.0,0.0,0.0,42.888911627928415,0.0,43.11577234778479,14.2,98.2,0.0,0.0,0.0,450.0,5615.2,0.0,0.0,90.289,4.773,95.062,77.18,4.94,90.122,emon,0.499,0.424,144.6,67.9,2.131
2026-09-17 21:49:35.342,17.5,0,91,78;25;91;8;22;2;0;0;26;5;0;0;23;0;0;0,763,4301,4298;4261;4301;4076;2558;2715;3372;2755;2645;2815;3307;3221;1139;790;763;1199,100.0,0.0,5615.2,0,0,0,0,0,0.0,0,0,0,0,0,0,0,0,0.0,0,0,0,0,0,0.0,0.0,0.0,0,0,0,64.1,3.89,0.44,0.33,7.11,20.6,63.4,94.72689393110443,9.55824310424035,34.439949566857855,31.962091575589096,18.342536906926206,1847.6842105263158,0.0,0.0,45.81284490585523,0.0,36.21192615719861,14.2,98.9,0.0,0.0,0.0,450.0,5615.2,0.0,0.0,90.289,4.773,95.062,77.18,4.94,90.122,emon,0.499,0.424,144.6,67.9,2.131
2026-09-17 21:49:36.342,14.9,0,95,74;22;95;2;16;2;0;0;14;3;0;0;11;0;0;0,725,4287,4287;4153;4278;4182;2581;2815;2398;2602;2577;2899;2815;2603;1199;971;881;725,89.7,0.0,5594.9,0,0,0,0,0,0.0,0,0,0,0,0,0,0,0,0.0,0,0,0,0,0,0.0,0.0,0.0,0,0,0,64.1,17.25,15.6,0.39,42.64,20.6,63.4,94.99112584697666,9.742557005762164,32.13955680558931,28.83511141654271,20.137613477088067,1849.0,0.0,0.0,47.98627552025215,0.0,34.714547292098494,14.2,99.0,0.0,0.0,0.0,450.0,5594.9,0.0,0.0,90.289,4.773,95.062,77.18,4.94,90.122,emon,0.499,0.424,144.6,67.9,2.131
2026-09-17 21:49:37.343,20.0,0,86,84;20;86;12;38;6;0;0;31;11;0;3;25;3;0;0,708,4250,4250;4230;4243;4182;2941;3278;2741;2960;2845;2637;2958;2498;1319;1029;708;738,94.8,0.0,5635.0,0,0,0,0,0,0.0,0,0,0,0,0,0,0,0,0.0,0,0,0,0,0,0.0,0.0,0.0,0,0,0,62.1,17.25,15.6,0.39,42.64,20.6,63.4,97.92184154263947,9.741829028207627,35.095604254912644,32.11468138825315,17.687610810170785,1849.0,0.0,0.0,47.73214542212908,0.0,46.242013822222475,14.2,98.9,0.0,0.0,0.0,450.0,5601.7,0.0,0.0,90.289,4.773,95.062,77.18,4.94,90.122,emon,0.499,0.424,144.6,67.9,2.131
2026-09-17 21:49:38.343,12.6,0,85,85;5;57;0;20;0;0;0;19;0;2;2;12;0;0;0,712,4499,4499;4362;4388;4292;2439;1998;2213;2195;2554;1790;1077;1259;779;712;891;837,88.7,0.0,5642.2,0,0,0,0,0,0.0,0,0,0,0,0,0,0,0,0.0,0,0,0,0,0,0.0,0.0,0.0,0,0,0,78.1,17.25,15.6,0.39,42.64,20.6,63.4,69.60152285388021,4.973523863252591,27.42260052579822,25.928079667416487,9.905669053661933,1552.030303030303,0.0,0.0,15.154891947580671,0.0,39.46071653903434,14.1,95.4,0.0,0.0,0.0,450.0,5662.3,0.0,0.0,106.574,0.924,107.498,21.702,1.389,106.109,emon,0.576,0.514,148.2,69.2,2.143
2026-09-17 21:49:39.343,9.7,0,66,58;3;66;2;16;2;0;0;5;2;0;2;2;0;0;0,1303,4729,4710;4694;4715;4729;2467;3109;1833;1893;2145;2856;2991;3104;1303;1419;1366;1375,5.3,0.0,5665.0,0,0,0,0,0,0.0,0,0,0,0,0,0,0,0,0.0,0,0,0,0,0,0.0,0.0,0.0,0,0,0,79.1,17.25,15.6,0.39,42.64,20.6,63.4,85.06349003314972,0.6954560508020222,8.198838882148266,3.0810441500507295,0.7947270348668098,978.6875,0.0,0.0,0.0,0.0,50.37203911005054,5.3,35.0,0.0,0.0,0.0,250.0,5645.4,0.0,0.0,106.574,0.924,107.498,21.702,1.389,106.109,emon,0.576,0.514,148.2,69.2,2.143
2026-09-17 21:49:40.344,8.6,0,91,27;0;91;2;6;0;0;0;6;0;0;0;6;0;0;0,994,4730,4716;4725;4726;4730;1765;1207;1252;1267;1493;1214;1543;1258;1032;1038;994;1014,0.0,0.0,5665.0,0,0,0,0,0,0.0,0,0,0,0,0,0,0,0,0.0,0,0,0,0,0,0.0,0.0,0.0,0,0,0,79.1,21.24,5.74,0.36,33.39,20.6,63.4,97.2869758605957,0.007348912768065929,0.8684448003768921,0.08681726455688477,0.0,1199.0,0.0,0.0,0.0,0.0,50.23017364740372,0.2,0.0,0.0,0.0,0.0,450.0,5665.0,0.0,0.0,106.574,0.924,107.498,21.702,1.389,106.109,emon,0.576,0.514,148.2,69.2,2.143
2026-09-17 21:49:41.354,7.7,0,98,17;0;98;0;0;0;0;0;5;0;0;0;3;0;0;0,977,4723,4705;4715;4723;4716;1512;1168;1269;1217;1403;1380;1242;1227;1031;983;977;1004,0.2,0.0,5655.8,0,0,0,0,0,0.0,0,0,0,0,0,0,0,0,0.0,0,0,0,0,0,0.0,0.0,0.0,0,0,0,77.1,21.24,5.74,0.36,33.39,20.6,63.4,91.78253173828125,0.00903684739023447,0.824123740196228,0.08291874080896378,0.0,899.0,0.0,0.0,0.0,0.0,50.37184765934944,0.0,0.0,0.0,0.0,0.0,450.0,5665.0,0.0,0.0,106.574,0.924,107.498,21.702,1.389,106.109,emon,0.576,0.514,148.2,69.2,2.143
2026-09-17 21:49:42.355,8.0,0,97,20;0;97;0;5;0;0;0;3;0;0;0;3;0;0;0,890,4728,4706;4604;4722;4728;1549;1442;1278;1274;1432;1574;1242;1228;1105;966;920;890,0.0,0.0,5655.8,0,0,0,0,0,0.0,0,0,0,0,0,0,0,0,0.0,0,0,0,0,0,0.0,0.0,0.0,0,0,0,77.1,21.24,5.74,0.36,33.39,20.6,63.4,91.78253173828125,0.00903684739023447,0.824123740196228,0.08291874080896378,0.0,899.0,0.0,0.0,0.0,0.0,50.37184765934944,0.0,0.0,0.0,0.0,0.0,450.0,5655.8,0.0,0.0,106.574,0.924,107.498,21.702,1.389,106.109,emon,0.576,0.514,148.2,69.2,2.143
2026-09-17 21:49:43.355,11.4,0,97,62;5;97;3;8;0;0;0;6;2;0;0;2;0;0;0,572,4484,4382;3962;4484;4158;2007;3060;2176;2357;1935;3221;3018;1776;829;615;572;573,0.2,0.0,5686.5,0,0,0,0,0,0.0,0,0,0,0,0,0,0,0,0.0,0,0,0,0,0,0.0,0.0,0.0,0,0,0,68.1,21.24,5.74,0.36,33.39,20.7,63.4,100.00005340576172,70.25075785319011,25.824522018432617,63.94830830891927,3.4938488006591797,1799.0,0.0,0.0,100.00005340576172,0.0,0.0,0.0,0.0,0.0,0.0,0.0,450.0,5655.8,0.0,0.0,106.574,0.924,107.498,21.702,1.389,106.109,emon,0.576,0.514,148.2,69.2,2.143
2026-09-17 21:49:44.356,17.0,0,90,9;90;89;5;0;25;0;0;0;27;0;0;20;8;0;0,591,4324,4324;4324;4317;3884;1577;2546;3205;2606;1524;2148;3055;3065;591;1053;713;790,93.9,0.0,5686.5,0,0,0,0,0,0.0,0,0,0,0,0,0,0,0,0.0,0,0,0,0,0,0.0,0.0,0.0,0,0,0,65.1,21.14,7.11,0.34,31.87,20.7,63.4,73.20785194396973,22.663610153198242,38.115801391601565,45.327413635253905,27.442584018707276,1803.0,0.0,0.0,68.0371483682096,0.0,0.0,9.7,67.7,0.0,0.0,0.0,450.0,5686.5,0.0,0.0,106.574,0.924,107.498,21.702,1.389,106.109,emon,0.576,0.514,148.2,69.2,2.143
2026-09-17 21:49:45.357,14.5,0,97,2;97;94;0;0;23;0;0;0;5;0;0;6;5;0;0,541,4401,4401;4338;4342;4134;3335;2454;3287;3329;1985;2321;3180;2425;609;1073;541;645,92.3,0.0,5686.5,0,0,0,0,0,0.0,0,0,0,0,0,0,0,0,0.0,0,0,0,0,0,0.0,0.0,0.0,0,0,0,65.1,21.14,7.11,0.34,31.87,20.7,63.4,73.75571212768554,17.96549746195475,43.49347712198893,47.3391840616862,34.18152325948079,1799.0,0.0,0.0,66.71334788228074,0.0,0.0,14.2,99.4,0.0,0.0,0.0,450.0,5686.5,0.0,0.0,106.574,0.924,107.498,21.702,1.389,106.109,emon,0.576,0.514,148.2,69.2,2.143
2026-09-17 21:49:46.357,15.0,0,97,19;80;97;2;0;19;0;0;0;19;0;0;3;2;0;0,615,4329,4290;4316;4329;4079;2379;2256;2105;2956;2837;2371;2241;1784;615;782;800;811,92.3,0.0,5686.5,0,0,0,0,0,0.0,0,0,0,0,0,0,0,0,0.0,0,0,0,0,0,0.0,0.0,0.0,0,0,0,64.1,21.14,7.11,0.34,31.87,20.7,63.4,78.78256889979045,16.865948514391977,38.693155515193936,42.464290876686576,29.877234586079915,1799.0,0.0,0.0,63.43879284337163,0.0,3.4103856166203816,14.2,99.4,0.0,0.0,0.0,450.0,5686.5,0.0,0.0,106.574,0.924,107.498,21.702,1.389,106.109,emon,0.576,0.514,148.2,69.2,2.143
2026-09-17 21:49:47.358,14.4,0,97,3;97;95;0;0;12;0;0;0;11;2;0;6;5;0;0,617,4344,4232;4342;4344;4032;3134;2163;3288;2870;3278;2478;3376;3389;617;1146;839;1366,100.0,0.0,5686.5,0,0,0,0,0,0.0,0,0,0,0,0,0,0,0,0.0,0,0,0,0,0,0.0,0.0,0.0,0,0,0,65.1,21.14,7.11,0.34,31.87,20.7,63.4,79.4279946645101,16.47675472010548,40.8455438931783,42.417488953471185,30.59280153910319,1799.0,0.0,0.0,63.44753077166776,0.0,3.3974114306271077,14.2,99.4,0.0,0.0,0.0,450.0,5686.5,0.0,0.0,106.574,0.924,107.498,21.702,1.389,106.109,emon,0.576,0.514,148.2,69.2,2.143
2026-09-17 21:49:48.358,15.7,0,94,5;94;92;2;0;6;5;0;0;18;0;0;20;11;0;0,527,4329,4229;4329;4314;4212;2771;2535;1647;1965;2985;2377;2822;3334;626;919;527;741,92.9,0.0,5686.5,0,0,0,0,0,0.0,0,0,0,0,0,0,0,0,0.0,0,0,0,0,0,0.0,0.0,0.0,0,0,0,66.1,19.22,12.31,0.39,42.11,20.7,63.4,82.14421147346496,16.85488695267588,40.6651922416687,44.375402269363406,31.29148635864258,1799.0,0.0,0.0,64.12630598369987,0.0,4.087145223617553,14.2,99.4,0.0,0.0,0.0,450.0,5686.5,0.0,0.0,106.574,0.924,107.498,21.702,1.389,106.109,emon,0.576,0.514,148.2,69.2,2.143
2026-09-17 21:49:49.358,7.6,0,91,0;91;23;0;0;2;0;0;0;6;0;0;0;0;0;0,976,4728,4728;4724;4702;4598;1226;1362;1233;1214;1131;1463;2012;1220;1031;1044;976;1030,67.8,0.0,5686.5,0,0,0,0,0,0.0,0,0,0,0,0,0,0,0,0.0,0,0,0,0,0,0.0,0.0,0.0,0,0,0,83.1,19.22,12.31,0.39,42.11,20.6,63.4,82.14421147346496,16.85488695267588,40.6651922416687,44.375402269363406,31.29148635864258,1799.0,0.0,0.0,64.12630598369987,0.0,4.087145223617553,10.8,75.5,0.0,0.0,0.0,450.0,5686.5,0.0,0.0,106.574,0.924,107.498,21.702,1.389,106.109,emon,0.576,0.514,148.2,69.2,2.143
2026-09-17 21:49:50.359,8.3,0,92,0;92;25;0;0;6;0;0;0;3;0;0;6;0;0;0,949,4728,4728;4723;4695;4169;1160;1575;1198;1201;1197;1922;1850;1327;1028;949;1021;1018,0.0,0.0,5686.5,0,0,0,0,0,0.0,0,0,0,0,0,0,0,0,0.0,0,0,0,0,0,0.0,0.0,0.0,0,0,0,83.1,19.22,12.31,0.39,42.11,20.6,63.4,74.46270561218262,0.008452598005533218,0.8829232454299927,0.08811681717634201,0.0,1099.0,0.0,0.0,0.0,0.0,50.06950572133064,0.0,0.0,0.0,0.0,0.0,450.0,5686.5,0.0,0.0,106.574,0.924,107.498,21.702,1.389,106.109,emon,0.576,0.514,148.2,69.2,2.143
2026-09-17 21:49:51.360,7.9,0,83,2;83;33;0;0;3;0;0;0;3;0;0;3;0;0;0,937,4730,4690;4726;4672;4730;1121;1354;1142;1218;1057;1450;1293;1264;1028;976;995;937,0.0,0.0,5673.2,0,0,0,0,0,0.0,0,0,0,0,0,0,0,0,0.0,0,0,0,0,0,0.0,0.0,0.0,0,0,0,81.1,19.22,12.31,0.39,42.11,20.6,63.4,97.7626838684082,2.3424603786940374,19.796535313129425,18.25361290325721,0.10709348848710458,1199.0,0.0,0.0,0.0,0.0,50.264883940418564,0.0,0.0,0.0,0.0,0.0,450.0,5673.2,0.0,0.0,22.291,0.688,22.979,11.754,0.752,22.227,emon,0.589,0.957,27.2,23.1,1.177
2026-09-17 21:49:52.360,7.0,0,88,0;88;22;0;0;0;0;0;0;3;0;0;0;0;0;0,962,4727,4660;4727;4686;4724;1287;1338;1202;1257;1286;1467;2278;1615;1033;992;1026;962,0.0,0.0,5673.2,0,0,0,0,0,0.0,0,0,0,0,0,0,0,0,0.0,0,0,0,0,0,0.0,0.0,0.0,0,0,0,82.1,21.76,1.43,0.33,26.31,20.6,63.4,95.5422477722168,0.008570946753025055,0.8145468235015869,0.08149559050798416,0.0,1199.0,0.0,0.0,0.0,0.0,50.23770436644554,0.0,0.0,0.0,0.0,0.0,450.0,5673.2,0.0,0.0,22.291,0.688,22.979,11.754,0.752,22.227,emon,0.589,0.957,27.2,23.1,1.177
2026-09-17 21:49:53.361,8.5,0,92,0;92;28;0;0;8;0;0;0;6;0;0;0;2;0;0,940,4695,4695;4695;4613;3767;1321;1403;1239;1302;1299;1420;1274;1280;977;949;985;940,0.0,0.0,5669.2,0,0,0,0,0,0.0,0,0,0,0,0,0,0,0,0.0,0,0,0,0,0,0.0,0.0,0.0,0,0,0,82.1,21.76,1.43,0.33,26.31,20.6,63.4,94.38310623168945,0.008607113733887672,0.9296403527259827,0.09290740638971329,0.0,599.0,0.0,0.0,0.0,0.0,50.4624442756176,0.0,0.0,0.0,0.0,0.0,450.0,5669.2,0.0,0.0,22.291,0.688,22.979,11.754,0.752,22.227,emon,0.589,0.957,27.2,23.1,1.177
2026-09-17 21:49:54.362,14.8,0,95,8;92;95;0;0;12;0;0;0;16;0;0;9;5;0;0,592,4321,4250;4321;4310;4218;2924;2433;2932;3082;2997;2167;3198;2559;592;1050;690;693,0.0,0.0,5669.2,0,0,0,0,0,0.0,0,0,0,0,0,0,0,0,0.0,0,0,0,0,0,0.0,0.0,0.0,0,0,0,67.1,21.76,1.43,0.33,26.31,20.6,63.4,92.15045813719432,61.57646338144938,26.772541840871174,58.76996167500814,7.011232852935791,1840.6666666666667,0.0,0.0,91.66970736564447,0.0,0.0,4.1,28.6,0.0,0.0,0.0,450.0,5669.2,0.0,0.0,22.291,0.688,22.979,11.754,0.752,22.227,emon,0.589,0.957,27.2,23.1,1.177
2026-09-17 21:49:55.363,19.2,2,88,12;77;88;5;2;38;5;5;6;28;6;3;12;16;3;3,967,4248,4080;4237;4248;3958;3316;2919;3155;3281;3264;2410;3139;3195;967;1613;2013;1715,100.0,0.0,5669.2,0,0,0,0,0,0.0,0,0,0,0,0,0,0,0,0.0,0,0,0,0,0,0.0,0.0,0.0,0,0,0,59.1,21.76,1.43,0.33,26.31,20.6,63.4,70.90285666286945,16.352005422115326,41.751085579395294,44.526877999305725,31.964139938354492,1849.0,0.0,0.0,65.66187085711863,0.0,0.0,14.2,99.6,0.0,0.0,0.0,450.0,5669.2,0.0,0.0,22.291,0.688,22.979,11.754,0.752,22.227,emon,0.589,0.957,27.2,23.1,1.177
2026-09-17 21:49:56.363,14.4,0,97,2;16;97;0;0;88;0;0;0;12;0;0;9;8;0;0,481,4252,4249;3994;4252;4066;3349;3325;3320;3435;2365;2386;2202;2739;596;1005;922;481,56.9,0.0,5669.2,0,0,0,0,0,0.0,0,0,0,0,0,0,0,0,0.0,0,0,0,0,0,0.0,0.0,0.0,0,0,0,48.1,19.55,11.6,0.36,37.93,20.6,63.4,79.89757815429142,16.981711247071093,42.312170441661564,45.558201872876715,32.451098578316824,1849.0,0.0,0.0,64.38926033329751,0.0,3.658156480906265,14.2,99.3,0.0,0.0,0.0,450.0,5669.2,0.0,0.0,22.291,0.688,22.979,11.754,0.752,22.227,emon,0.589,0.957,27.2,23.1,1.177
2026-09-17 21:49:57.364,16.4,0,92,12;72;92;5;0;35;3;0;0;29;0;0;3;9;0;0,603,4174,4174;4064;4100;4120;1924;2992;3131;3200;2985;2246;2946;2884;603;1190;761;849,57.8,0.0,5669.2,0,0,0,0,0,0.0,0,0,0,0,0,0,0,0,0.0,0,0,0,0,0,0.0,0.0,0.0,0,0,0,62.1,19.55,11.6,0.36,37.93,20.6,63.4,70.9403983950615,17.291134297847748,43.17409706115723,46.471165895462036,33.34019637107849,1849.0,0.0,0.0,65.66136839124374,0.0,0.0,14.2,99.3,0.0,0.0,0.0,450.0,5669.2,0.0,0.0,22.291,0.688,22.979,11.754,0.752,22.227,emon,0.589,0.957,27.2,23.1,1.177
2026-09-17 21:49:58.364,14.9,0,97,14;88;97;0;0;14;0;0;0;17;0;0;3;5;0;0,501,4198,4198;4135;4113;4002;3013;2712;3109;2427;3076;2277;2934;3193;593;965;777;501,100.0,0.0,5674.0,0,0,0,0,0,0.0,0,0,0,0,0,0,0,0,0.0,0,0,0,0,0,0.0,0.0,0.0,0,0,0,63.1,19.55,11.6,0.36,37.93,20.6,63.4,80.8215241531531,13.096046037971973,34.95382050673167,36.77523521582285,25.452698310216267,1849.0,0.0,0.0,52.28740219818428,0.0,8.554115834025046,14.2,99.2,0.0,0.0,0.0,450.0,5669.2,0.0,0.0,22.291,0.688,22.979,11.754,0.752,22.227,emon,0.589,0.957,27.2,23.1,1.177
2026-09-17 21:49:59.365,16.2,0,91,6;91;75;2;0;44;0;0;0;22;2;0;9;8;0;0,728,4588,4588;4363;4322;4221;2997;3167;2892;2670;3287;2666;3145;3114;737;875;837;728,100.0,0.0,5674.0,0,0,0,0,0,0.0,0,0,0,0,0,0,0,0,0.0,0,0,0,0,0,0.0,0.0,0.0,0,0,0,73.1,19.55,11.6,0.36,37.93,16.5,63.4,66.89048466962926,16.97428041345933,42.94543771182789,46.15951717601103,33.12333320168888,1849.0,0.0,0.0,64.71873221458758,0.0,0.0,14.2,99.1,0.0,0.0,0.0,450.0,5674.0,0.0,0.0,22.291,0.688,22.979,11.754,0.752,22.227,emon,0.589,0.957,27.2,23.1,1.177
2026-09-17 21:50:00.365,14.0,0,88,17;88;66;5;0;22;2;0;0;14;3;0;0;3;5;2,879,4726,4708;4726;4715;4637;2366;3009;3407;2909;3260;2550;3038;3164;1069;1564;1172;879,0.0,0.0,1289.0,0,0,0,0,0,0.0,0,0,0,0,0,0,0,0,0.0,0,0,0,0,0,0.0,0.0,0.0,0,0,0,83.1,18.69,9.61,0.38,37.19,16.6,63.4,67.81021499633789,0.006204451434314251,0.8815873861312866,0.08813578635454178,0.0,1649.0,0.0,0.0,0.0,0.0,50.06106612831354,2.4,16.7,0.0,0.0,0.0,450.0,1289.0,0.0,0.0,22.291,0.688,22.979,11.754,0.752,22.227,emon,0.589,0.957,27.2,23.1,1.177
2026-09-17 21:50:01.366,20.1,0,98,14;83;98;6;0;88;2;0;2;20;3;0;0;5;0;0,1160,4727,4718;4718;4723;4727;3133;3420;3117;3451;3450;2770;3224;3439;1160;1678;1238;1213,0.0,0.0,1287.0,0,0,0,0,0,0.0,0,0,0,0,0,0,0,0,0.0,0,0,0,0,0,0.0,0.0,0.0,0,0,0,70.1,18.69,9.61,0.38,37.19,17.1,63.4,72.79385299682617,0.7361027136445045,9.27387433052063,4.1691081643104555,0.9375596947968006,1154.0,0.0,0.0,0.0,0.0,50.154717648029326,0.0,0.0,0.0,0.0,0.0,450.0,1287.0,0.0,0.0,22.291,0.688,22.979,11.754,0.752,22.227,emon,0.589,0.957,27.2,23.1,1.177
2026-09-17 21:50:02.366,15.9,0,94,6;38;91;6;0;94;0;2;0;16;0;0;3;0;0;0,934,4729,4722;4516;4717;4729;3450;3422;3435;3290;3376;2724;3092;3299;1080;1383;1229;934,0.0,0.0,2033.5,0,0,0,0,0,0.0,0,0,0,0,0,0,0,0,0.0,0,0,0,0,0,0.0,0.0,0.0,0,0,0,62.1,18.69,9.61,0.38,37.19,18.8,63.4,64.11786651611328,0.007657842710614204,0.9075270891189575,0.09080272912979126,0.0,1199.0,0.0,0.0,0.0,0.0,50.07287935167551,0.0,0.0,0.0,0.0,0.0,450.0,2187.8,0.0,0.0,22.291,0.688,22.979,11.754,0.752,22.227,emon,0.589,0.957,27.2,23.1,1.177
2026-09-17 21:50:03.367,20.5,0,88,12;34;88;11;6;88;11;8;8;25;9;11;3;9;6;0,1280,4729,4729;4485;4718;4729;3449;3413;3450;3451;3447;3153;3435;3433;1280;2732;2608;2451,0.0,0.0,4123.5,0,0,0,0,0,0.0,0,0,0,0,0,0,0,0,0.0,0,0,0,0,0,0.0,0.0,0.0,0,0,0,62.1,18.69,9.61,0.38,37.19,20.2,63.4,97.43915557861328,0.007539040874689817,0.9169887900352478,0.09165744483470917,0.0,1199.0,0.0,0.0,0.0,0.0,50.23334202170372,0.0,0.0,0.0,0.0,0.0,450.0,4123.5,0.0,0.0,1.522,0.79,2.312,31.162,1.994,0.318,emon,0.896,0.517,32.8,15.4,2.131
2026-09-17 21:50:04.367,18.8,0,91,29;34;91;8;0;21;16;19;12;25;13;18;0;10;6;0,1335,4729,4715;4698;4713;4729;3441;3198;3325;3442;3427;3225;3381;3433;1335;2739;2925;2612,0.0,0.0,5132.8,0,0,0,0,0,0.0,0,0,0,0,0,0,0,0,0.0,0,0,0,0,0,0.0,0.0,0.0,0,0,0,76.1,25.26,0.0,0.39,29.32,20.1,63.4,64.71210098266602,1.632385465200059e-05,0.0034881499595940113,0.000343660096405074,0.0,1799.0,0.0,0.0,50.04165292531252,0.0,0.0,0.0,0.0,0.0,0.0,0.0,450.0,5132.0,0.0,0.0,1.522,0.79,2.312,31.162,1.994,0.318,emon,0.896,0.517,32.8,15.4,2.131
2026-09-17 21:50:05.367,7.2,0,96,0;19;96;0;0;2;0;0;0;0;0;0;0;0;0;0,920,4734,4714;4707;4727;4734;1272;1277;1535;1685;1323;1566;1789;2557;1030;920;1013;1023,0.0,0.0,5134.8,0,0,0,0,0,0.0,0,0,0,0,0,0,0,0,0.0,0,0,0,0,0,0.0,0.0,0.0,0,0,0,77.1,25.26,0.0,0.39,29.32,20.1,63.4,96.2400894165039,0.007258819881826639,0.8653067946434021,0.08648217469453812,0.0,1199.0,0.0,0.0,0.0,0.0,50.237725138664246,0.0,0.2,0.0,0.0,0.0,450.0,5134.8,0.0,0.0,1.522,0.79,2.312,31.162,1.994,0.318,emon,0.896,0.517,32.8,15.4,2.131
2026-09-17 21:50:06.378,7.7,0,97,0;17;97;0;0;5;0;0;0;5;0;0;0;0;0;0,1000,4728,4697;4572;4728;4727;1626;1705;1392;1124;1459;1561;1655;1477;1031;1000;1010;1001,0.0,0.0,5134.8,0,0,0,0,0,0.0,0,0,0,0,0,0,0,0,0.0,0,0,0,0,0,0.0,0.0,0.0,0,0,0,78.1,25.26,0.0,0.39,29.32,20.1,63.4,97.69685363769531,0.007405380718410015,0.8638845086097717,0.0865316092967987,0.0,1199.0,0.0,0.0,0.0,0.0,50.1945386826992,0.0,0.0,0.0,0.0,0.0,450.0,5134.8,0.0,0.0,1.522,0.79,2.312,31.162,1.994,0.318,emon,0.896,0.517,32.8,15.4,2.131
2026-09-17 21:50:07.378,7.5,0,95,0;14;95;0;0;5;0;0;0;3;0;0;3;0;0;0,1016,4729,4718;4705;4726;4729;1719;1498;1692;1693;1684;1476;1668;1771;1044;1016;1024;1065,0.0,0.0,5134.8,0,0,0,0,0,0.0,0,0,0,0,0,0,0,0,0.0,0,0,0,0,0,0.0,0.0,0.0,0,0,0,78.1,25.26,0.0,0.39,29.32,20.1,63.4,97.69685363769531,0.007405380718410015,0.8638845086097717,0.0865316092967987,0.0,1199.0,0.0,0.0,0.0,0.0,50.1945386826992,0.0,0.0,0.0,0.0,0.0,450.0,5134.8,0.0,0.0,1.522,0.79,2.312,31.162,1.994,0.318,emon,0.896,0.517,32.8,15.4,2.131
2026-09-17 21:50:08.379,9.3,0,92,3;26;92;0;0;12;0;0;0;6;0;0;6;2;0;0,1018,4729,4664;4639;4728;4729;1018;1645;1306;1391;1201;1837;1751;1218;1041;1035;1023;1046,0.0,0.0,5134.8,0,0,0,0,0,0.0,0,0,0,0,0,0,0,0,0.0,0,0,0,0,0,0.0,0.0,0.0,0,0,0,79.1,22.6,0.0,0.32,24.68,20.1,63.4,97.47928619384766,0.008759730495512486,0.8772572875022888,0.08820286393165588,0.0,599.0,0.0,0.0,0.0,0.0,50.35956737399101,0.0,0.0,0.0,0.0,0.0,450.0,5134.8,0.0,0.0,1.522,0.79,2.312,31.162,1.994,0.318,emon,0.896,0.517,32.8,15.4,2.131
2026-09-17 21:50:09.380,11.0,0,98,5;47;98;0;0;12;0;0;0;8;0;0;6;0;0;0,627,4504,4377;4377;4504;4158;1574;2501;2319;2153;1338;2182;2439;1937;767;804;839;627,9.8,0.0,5457.7,0,0,0,0,0,0.0,0,0,0,0,0,0,0,0,0.0,0,0,0,0,0,0.0,0.0,0.0,0,0,0,70.1,22.6,0.0,0.32,24.68,20.4,63.4,75.29218732393704,14.02048342044537,8.494238413297213,12.423225036034218,1.3203208969834332,1799.0,0.0,0.0,53.892397787708504,0.0,0.0,0.0,0.0,0.0,0.0,0.0,450.0,5134.8,0.0,0.0,1.522,0.79,2.312,31.162,1.994,0.318,emon,0.896,0.517,32.8,15.4,2.131
2026-09-17 21:50:10.380,15.0,0,89,6;89;86;0;0;15;2;0;0;26;0;0;6;9;0;0,586,4217,4217;4199;4178;3980;883;2596;3015;1260;927;2364;2543;2609;586;1119;756;795,58.0,0.0,5458.0,0,0,0,0,0,0.0,0,0,0,0,0,0,0,0,0.0,0,0,0,0,0,0.0,0.0,0.0,0,0,0,66.1,22.6,0.0,0.32,24.68,20.4,63.4,68.33693739970525,18.666820411601414,28.310171966999768,34.47714987676591,19.51444416344166,1849.0,0.0,0.0,63.36922623963328,0.0,0.0,10.6,73.7,0.0,0.0,0.0,450.0,5457.7,0.0,0.0,1.522,0.79,2.312,31.162,1.994,0.318,emon,0.896,0.517,32.8,15.4,2.131
2026-09-17 21:50:11.381,14.1,0,96,3;96;95;0;0;16;0;0;0;9;0;0;3;3;0;0,601,4312,4193;4312;4308;4275;2053;2361;3053;2531;3042;2335;3276;3147;601;1136;737;721,58.0,0.0,5458.0,0,0,0,0,0,0.0,0,0,0,0,0,0,0,0,0.0,0,0,0,0,0,0.0,0.0,0.0,0,0,0,68.1,22.6,0.0,0.32,24.68,20.4,63.4,72.1773818731308,15.927602386474609,41.13725001017253,43.9774580637614,31.494072596232098,1849.0,0.0,0.0,63.39886022098362,0.0,0.0,14.2,99.2,0.0,0.0,0.0,450.0,5458.0,0.0,0.0,1.522,0.79,2.312,31.162,1.994,0.318,emon,0.896,0.517,32.8,15.4,2.131
2026-09-17 21:50:12.381,15.5,0,91,6;89;91;0;0;22;2;0;0;28;0;0;6;5;0;0,602,4343,4291;4334;4343;4219;3292;2299;3079;3119;3043;2287;3277;2951;602;1047;690;692,84.1,0.0,5458.0,0,0,0,0,0,0.0,0,0,0,0,0,0,0,0,0.0,0,0,0,0,0,0.0,0.0,0.0,0,0,0,68.1,19.97,11.61,0.37,38.8,20.4,63.4,82.59924443562825,20.404108895195854,51.61544926961263,55.377899169921875,40.17921490139432,1849.0,0.0,0.0,77.80931494053867,0.0,0.0,14.2,99.3,0.0,0.0,0.0,450.0,5458.0,0.0,0.0,1.522,0.79,2.312,31.162,1.994,0.318,emon,0.896,0.517,32.8,15.4,2.131
2026-09-17 21:50:13.382,14.2,0,95,4;95;92;0;0;20;0;0;0;8;0;0;3;3;0;0,593,4344,4309;4344;4343;4323;3126;2386;3201;2803;3116;2032;2687;2428;593;995;728;863,100.0,0.0,5458.0,0,0,0,0,0,0.0,0,0,0,0,0,0,0,0,0.0,0,0,0,0,0,0.0,0.0,0.0,0,0,0,70.1,19.97,11.61,0.37,38.8,20.4,63.4,82.92140134175618,21.077850596110025,52.90432332356771,56.98225657145182,41.108771260579424,1849.0,0.0,0.0,80.01950412342946,0.0,0.0,14.2,99.6,0.0,0.0,0.0,450.0,5458.0,0.0,0.0,1.522,0.79,2.312,31.162,1.994,0.318,emon,0.896,0.517,32.8,15.4,2.131
2026-09-17 21:50:14.382,15.7,0,90,90;8;88;0;0;2;23;0;0;0;18;0;20;0;3;0,589,4351,4342;4351;4321;4316;2072;1369;1995;3119;3210;1963;2198;3109;589;653;804;848,100.0,0.0,5458.0,0,0,0,0,0,0.0,0,0,0,0,0,0,0,0,0.0,0,0,0,0,0,0.0,0.0,0.0,0,0,0,68.1,19.97,11.61,0.37,38.8,20.4,63.4,76.00932356715202,15.564519117266173,39.384254328906536,42.341363527812064,30.511768341064453,1849.0,0.0,0.0,62.58902385854162,0.0,3.2004627091810107,14.2,99.6,0.0,0.0,0.0,450.0,5458.0,0.0,0.0,1.522,0.79,2.312,31.162,1.994,0.318,emon,0.896,0.517,32.8,15.4,2.131
2026-09-17 21:50:15.382,8.1,0,85,85;2;26;0;0;0;5;0;0;0;3;0;6;0;3;0,937,4729,4725;4628;4708;4729;1196;1216;1456;1200;1183;1177;1627;1264;1023;989;937;963,49.2,0.0,5458.0,0,0,0,0,0,0.0,0,0,0,0,0,0,0,0,0.0,0,0,0,0,0,0.0,0.0,0.0,0,0,0,82.1,19.97,11.61,0.37,38.8,20.4,63.4,51.846965074539185,0.006568661890923977,0.9639725685119629,0.09649621695280075,0.0,1799.0,0.0,0.0,0.0,0.0,49.983238227432594,8.0,56.0,0.0,0.0,0.0,450.0,5458.0,0.0,0.0,109.873,0.652,110.525,13.047,0.835,109.69,emon,0.58,0.422,147.6,68.9,2.143
2026-09-17 21:50:16.383,8.2,0,92,92;0;20;0;0;0;6;0;0;0;12;0;0;0;0;0,997,4729,4725;4727;4718;4729;1208;1208;1222;1256;1210;1204;1347;1231;1028;1058;997;1012,0.0,0.0,5458.0,0,0,0,0,0,0.0,0,0,0,0,0,0,0,0,0.0,0,0,0,0,0,0.0,0.0,0.0,0,0,0,83.1,20.3,8.63,0.37,36.94,20.4,63.4,67.81270408630371,0.006299799773842096,0.8823460936546326,0.08834683895111084,0.0,1524.0,0.0,0.0,0.0,0.0,50.07017467543483,0.0,0.0,0.0,0.0,0.0,450.0,5458.0,0.0,0.0,109.873,0.652,110.525,13.047,0.835,109.69,emon,0.58,0.422,147.6,68.9,2.143
2026-09-17 21:50:17.383,7.4,0,78,78;2;32;0;0;0;2;0;0;0;5;0;0;0;0;0,963,4729,4727;4729;4638;4728;1198;1211;1382;1440;1217;1210;1662;1534;1034;1043;1071;963,0.0,0.0,5458.0,0,0,0,0,0,0.0,0,0,0,0,0,0,0,0,0.0,0,0,0,0,0,0.0,0.0,0.0,0,0,0,80.1,20.3,8.63,0.37,36.94,20.4,63.4,97.30111312866211,0.007055366411805153,1.0077372789382935,0.10123571753501892,0.0,1199.0,0.0,0.0,0.0,0.0,50.19733381271362,0.0,0.0,0.0,0.0,0.0,450.0,5458.0,0.0,0.0,109.873,0.652,110.525,13.047,0.835,109.69,emon,0.58,0.422,147.6,68.9,2.143
2026-09-17 21:50:18.384,8.0,0,86,86;2;29;0;0;0;0;0;0;0;8;0;3;0;0;0,1019,4740,4721;4721;4705;4740;1216;1181;1172;1137;1515;1236;1394;1400;1033;1063;1019;1038,0.0,0.0,5458.0,0,0,0,0,0,0.0,0,0,0,0,0,0,0,0,0.0,0,0,0,0,0,0.0,0.0,0.0,0,0,0,80.1,20.3,8.63,0.37,36.94,20.4,63.4,97.12993240356445,0.008628325536847115,0.8487818241119385,0.08510806411504745,0.0,599.0,0.0,0.0,0.0,0.0,50.38473844528198,0.0,0.0,0.0,0.0,0.0,450.0,5458.0,0.0,0.0,109.873,0.652,110.525,13.047,0.835,109.69,emon,0.58,0.422,147.6,68.9,2.143
2026-09-17 21:50:19.385,8.3,0,91,91;0;25;0;0;0;5;0;0;0;6;0;3;0;3;0,1010,4709,4709;4508;4663;4701;2158;1149;2425;2181;2396;2234;1819;2665;1010;1016;1130;1049,0.0,0.0,5458.0,0,0,0,0,0,0.0,0,0,0,0,0,0,0,0,0.0,0,0,0,0,0,0.0,0.0,0.0,0,0,0,79.1,20.3,8.63,0.37,36.94,20.7,63.4,97.72034072875977,0.006954315584152937,0.8283205628395081,0.08305250108242035,0.0,1199.0,0.0,0.0,0.0,0.0,50.21893209218979,0.0,0.0,0.0,0.0,0.0,450.0,5458.0,0.0,0.0,109.873,0.652,110.525,13.047,0.835,109.69,emon,0.58,0.422,147.6,68.9,2.143
2026-09-17 21:50:20.385,15.3,0,95,89;11;95;2;0;0;14;2;0;0;14;0;14;0;2;2,579,4251,4251;3976;4188;4001;2428;2351;2229;3150;2303;1596;2258;2874;579;706;709;780,0.0,0.0,5560.1,0,0,0,0,0,0.0,0,0,0,0,0,0,0,0,0.0,0,0,0,0,0,0.0,0.0,0.0,0,0,0,67.1,21.97,1.58,0.32,25.86,20.7,63.4,78.73415642314487,37.95153448316786,30.418807559543186,46.94745190938314,16.26042730278439,1810.111111111111,0.0,0.0,72.24461077164031,0.0,0.0,6.6,45.7,0.0,0.0,0.0,450.0,5661.3,0.0,0.0,109.873,0.652,110.525,13.047,0.835,109.69,emon,0.58,0.422,147.6,68.9,2.143
2026-09-17 21:50:21.386,14.8,0,95,94;11;95;2;0;0;12;0;0;0;20;0;3;0;0;0,548,4199,4194;4199;4189;3932;2664;2825;2004;2771;2657;2514;2672;3112;585;548;791;665,100.0,0.0,5560.1,0,0,0,0,0,0.0,0,0,0,0,0,0,0,0,0.0,0,0,0,0,0,0.0,0.0,0.0,0,0,0,64.1,21.97,1.58,0.32,25.86,20.7,63.4,71.65729574203492,17.135235595703126,40.95850189208984,44.54853759765625,31.660192794799805,1799.0,0.0,0.0,64.05765324198175,0.0,0.0,14.2,99.4,0.0,0.0,0.0,450.0,5560.1,0.0,0.0,109.873,0.652,110.525,13.047,0.835,109.69,emon,0.58,0.422,147.6,68.9,2.143
2026-09-17 21:50:22.399,15.2,0,96,96;3;95;2;0;0;12;0;0;0;12;2;12;0;8;2,552,4168,4168;4067;4140;4106;2231;2238;2293;3220;3299;1642;2522;2547;597;552;992;773,100.0,0.0,5560.1,0,0,0,0,0,0.0,0,0,0,0,0,0,0,0,0.0,0,0,0,0,0,0.0,0.0,0.0,0,0,0,63.1,21.97,1.58,0.32,25.86,20.7,63.4,73.10787219660622,17.74567801611764,44.49306310926165,48.09350163596017,33.65925509589059,1799.0,0.0,0.0,67.89429165263262,0.0,0.0,14.2,99.3,0.0,0.0,0.0,450.0,5560.1,0.0,0.0,109.873,0.652,110.525,13.047,0.835,109.69,emon,0.58,0.422,147.6,68.9,2.143
2026-09-17 21:50:23.399,15.1,0,92,92;6;91;0;2;0;17;0;0;0;22;0;6;0;6;0,595,4194,4194;4058;4164;4018;1950;2648;2192;3110;2862;3008;2611;3065;595;747;965;772,100.0,0.0,5560.1,0,0,0,0,0,0.0,0,0,0,0,0,0,0,0,0.0,0,0,0,0,0,0.0,0.0,0.0,0,0,0,64.1,21.97,1.58,0.32,25.86,20.7,63.4,78.50139131546021,16.42447380752613,41.1904035727183,44.43217166910569,31.579871877034506,1799.0,0.0,0.0,63.44383864725629,0.0,3.408614905675252,14.2,99.4,0.0,0.0,0.0,450.0,5560.1,0.0,0.0,109.873,0.652,110.525,13.047,0.835,109.69,emon,0.58,0.422,147.6,68.9,2.143
2026-09-17 21:50:24.400,15.6,0,97,97;3;94;0;0;0;22;0;0;0;22;0;6;0;6;0,597,4186,4186;4143;4148;4130;2907;1688;2272;3104;2472;2872;2734;2635;597;769;1051;629,100.0,0.0,5560.1,0,0,0,0,0,0.0,0,0,0,0,0,0,0,0,0.0,0,0,0,0,0,0.0,0.0,0.0,0,0,0,66.1,18.18,14.66,0.39,42.95,20.7,63.4,81.72008283933003,17.760424438359525,43.55946333706379,47.251392581810556,33.35665225982666,1799.0,0.0,0.0,66.75058938950922,0.0,4.26119331518809,14.2,99.5,0.0,0.0,0.0,450.0,5560.1,0.0,0.0,109.873,0.652,110.525,13.047,0.835,109.69,emon,0.58,0.422,147.6,68.9,2.143
2026-09-17 21:50:25.401,11.2,0,88,88;2;41;0;0;0;14;2;0;0;6;2;9;0;10;6,832,4601,4601;4387;4475;4498;1891;1915;2067;3374;2977;2027;2193;2988;851;1042;965;832,100.0,0.0,5560.1,0,0,0,0,0,0.0,0,0,0,0,0,0,0,0,0.0,0,0,0,0,0,0.0,0.0,0.0,0,0,0,79.1,18.18,14.66,0.39,42.95,20.7,63.4,78.10817754268646,17.821822696261936,43.11299557156033,46.99107445610894,33.694197760687935,1799.0,0.0,0.0,66.75387922933118,0.0,0.0,11.9,83.2,0.0,0.0,0.0,450.0,5560.1,0.0,0.0,109.873,0.652,110.525,13.047,0.835,109.69,emon,0.58,0.422,147.6,68.9,2.143
2026-09-17 21:50:26.401,7.6,0,83,83;3;23;0;0;0;6;0;0;0;6;0;0;0;0;0,939,4728,4722;4727;4641;4728;1193;1213;1547;2950;1295;1214;2161;2767;1029;990;939;980,0.0,0.0,5560.1,0,0,0,0,0,0.0,0,0,0,0,0,0,0,0,0.0,0,0,0,0,0,0.0,0.0,0.0,0,0,0,81.1,18.18,14.66,0.39,42.95,20.5,63.4,72.64323616027832,0.008638633415102959,0.8699042201042175,0.08708732575178146,0.0,899.0,0.0,0.0,0.0,0.0,50.11409915238619,0.0,0.0,0.0,0.0,0.0,450.0,5560.1,0.0,0.0,109.873,0.652,110.525,13.047,0.835,109.69,emon,0.58,0.422,147.6,68.9,2.143
2026-09-17 21:50:27.401,8.0,0,88,88;0;32;0;0;0;5;0;0;0;0;0;3;0;0;0,977,4733,4723;4135;4717;4733;1473;1204;1278;1253;1241;1145;1313;1338;1037;1067;977;1074,0.0,0.0,5560.1,0,0,0,0,0,0.0,0,0,0,0,0,0,0,0,0.0,0,0,0,0,0,0.0,0.0,0.0,0,0,0,81.1,18.18,14.66,0.39,42.95,20.5,63.4,64.7584638595581,0.00860813818871975,0.8811966180801392,0.08854084461927414,0.0,899.0,0.0,0.0,0.0,0.0,50.09487809985876,0.0,0.0,0.0,0.0,0.0,450.0,5560.1,0.0,0.0,38.974,0.711,39.685,12.474,0.798,38.887,emon,0.578,0.942,26.6,22.7,1.173
2026-09-17 21:50:28.402,7.4,0,57,55;0;57;0;0;0;5;0;0;0;2;0;0;0;0;0,997,4724,4714;4455;4701;4724;1327;1710;1596;1400;1503;1747;1444;1660;1033;1025;999;997,0.0,0.0,5560.1,0,0,0,0,0,0.0,0,0,0,0,0,0,0,0,0.0,0,0,0,0,0,0.0,0.0,0.0,0,0,0,80.1,21.06,3.63,0.34,29.33,20.5,63.4,96.73612976074219,0.008864302188158035,0.8126775026321411,0.08133552968502045,0.0,1199.0,0.0,0.0,0.0,0.0,50.34776499867439,0.0,0.0,0.0,0.0,0.0,450.0,5560.1,0.0,0.0,38.974,0.711,39.685,12.474,0.798,38.887,emon,0.578,0.942,26.6,22.7,1.173
2026-09-17 21:50:29.402,7.6,0,97,16;2;97;0;0;0;5;0;0;0;3;0;0;0;0;0,932,4728,4701;4727;4727;4728;1365;1213;1271;1345;1108;1147;1183;1403;1030;952;948;932,0.0,0.0,5560.1,0,0,0,0,0,0.0,0,0,0,0,0,0,0,0,0.0,0,0,0,0,0,0.0,0.0,0.0,0,0,0,78.1,21.06,3.63,0.34,29.33,20.5,63.4,97.67075729370117,0.007246075198054314,0.9604430198669434,0.09652188420295715,0.0,1199.0,0.0,0.0,0.0,0.0,50.24613454937935,0.0,0.0,0.0,0.0,0.0,450.0,5560.1,0.0,0.0,38.974,0.711,39.685,12.474,0.798,38.887,emon,0.578,0.942,26.6,22.7,1.173
2026-09-17 21:50:30.402,12.5,0,100,59;9;100;0;0;0;15;0;0;0;11;0;6;0;0;0,617,4324,4194;4166;4324;4035;1941;1523;2285;1622;1585;1744;2210;1756;658;617;790;822,0.2,0.0,5610.3,0,0,0,0,0,0.0,0,0,0,0,0,0,0,0,0.0,0,0,0,0,0,0.0,0.0,0.0,0,0,0,67.1,21.06,3.63,0.34,29.33,20.6,63.4,100.00000339084201,71.2396706475152,26.63155131869846,63.941560957166885,3.8942001925574408,1810.111111111111,0.0,0.0,100.00000254313152,0.0,0.0,2.8,19.6,0.0,0.0,0.0,450.0,5610.3,0.0,0.0,38.974,0.711,39.685,12.474,0.798,38.887,emon,0.578,0.942,26.6,22.7,1.173
2026-09-17 21:50:31.403,14.6,0,92,92;8;92;2;0;0;20;0;0;0;11;0;6;0;2;2,589,4209,4209;4173;4169;3990;3049;2979;2202;2933;2579;2868;2431;2640;589;752;1064;926,100.0,0.0,5571.8,0,0,0,0,0,0.0,0,0,0,0,0,0,0,0,0.0,0,0,0,0,0,0.0,0.0,0.0,0,0,0,65.1,21.06,3.63,0.34,29.33,20.6,63.4,80.9703270594279,20.954955518142217,40.8765985082697,46.59329319000244,30.217234408413923,1811.962962962963,0.0,0.0,66.7596635117575,0.0,3.7909633495189525,14.2,99.7,0.0,0.0,0.0,450.0,5571.8,0.0,0.0,38.974,0.711,39.685,12.474,0.798,38.887,emon,0.578,0.942,26.6,22.7,1.173
2026-09-17 21:50:32.403,15.9,0,95,72;3;95;2;0;0;45;0;0;0;17;0;10;0;5;5,592,4227,4199;3939;4227;4157;3458;3473;2947;2052;2028;1313;2580;2573;592;774;1025;793,70.9,0.0,5571.8,0,0,0,0,0,0.0,0,0,0,0,0,0,0,0,0.0,0,0,0,0,0,0.0,0.0,0.0,0,0,0,58.1,20.27,8.77,0.35,34.2,20.6,63.4,77.05321130752563,16.727715112486234,41.58397577603658,45.00919910818338,31.9772647857666,1799.0,0.0,0.0,63.41933533449968,0.0,3.3973200927178064,14.2,99.3,0.0,0.0,0.0,450.0,5571.8,0.0,0.0,38.974,0.711,39.685,12.474,0.798,38.887,emon,0.578,0.942,26.6,22.7,1.173
2026-09-17 21:50:33.404,14.8,0,95,29;2;95;5;0;0;89;0;0;0;8;0;6;0;3;0,525,4299,4033;4290;4299;3257;3446;3390;3369;3449;3200;2323;2546;2958;590;585;1047;525,96.6,0.0,5571.8,0,0,0,0,0,0.0,0,0,0,0,0,0,0,0,0.0,0,0,0,0,0,0.0,0.0,0.0,0,0,0,48.1,20.27,8.77,0.35,34.2,20.6,63.4,81.9853313922882,20.428672885894777,48.976629447937015,53.36291847229004,38.07999210357666,1799.0,0.0,0.0,75.0496236819774,0.0,0.0,14.2,99.6,0.0,0.0,0.0,450.0,5571.8,0.0,0.0,38.974,0.711,39.685,12.474,0.798,38.887,emon,0.578,0.942,26.6,22.7,1.173
2026-09-17 21:50:34.404,14.6,0,91,77;5;91;3;0;0;36;0;0;0;20;2;0;0;0;0,578,4342,4303;4261;4342;4133;1800;1736;2901;1999;1730;2695;2430;3079;586;578;790;878,100.0,0.0,5571.8,0,0,0,0,0,0.0,0,0,0,0,0,0,0,0,0.0,0,0,0,0,0,0.0,0.0,0.0,0,0,0,62.1,20.27,8.77,0.35,34.2,20.6,63.4,81.32989180088043,19.93265857696533,48.8393611907959,52.93502140045166,37.51095695495606,1799.0,0.0,0.0,75.04553598146886,0.0,0.0,14.2,99.7,0.0,0.0,0.0,450.0,5571.8,0.0,0.0,38.974,0.711,39.685,12.474,0.798,38.887,emon,0.578,0.942,26.6,22.7,1.173
2026-09-17 21:50:35.405,12.1,0,96,96;3;71;2;0;0;8;0;0;0;8;0;0;0;6;0,618,4472,4472;4353;4424;4456;2816;2771;1954;2823;3219;2495;2061;2605;716;638;1020;618,63.6,0.0,5571.8,0,0,0,0,0,0.0,0,0,0,0,0,0,0,0,0.0,0,0,0,0,0,0.0,0.0,0.0,0,0,0,73.1,20.27,8.77,0.35,34.2,20.6,63.4,71.45021294057369,18.13498878479004,44.94538497924805,48.76306772232056,33.31304597854614,1799.0,0.0,0.0,68.76629900964326,0.0,0.0,14.2,99.4,0.0,0.0,0.0,450.0,5571.8,0.0,0.0,38.974,0.711,39.685,12.474,0.798,38.887,emon,0.578,0.942,26.6,22.7,1.173
2026-09-17 21:50:36.405,8.4,0,85,85;0;31;0;0;0;14;0;0;0;5;0;0;0;0;0,898,4729,4725;4581;4517;4729;1543;1289;1724;1260;1199;1164;1456;1215;1031;898;961;923,0.0,0.0,5571.8,0,0,0,0,0,0.0,0,0,0,0,0,0,0,0,0.0,0,0,0,0,0,0.0,0.0,0.0,0,0,0,82.1,17.66,11.09,0.39,38.61,20.5,63.4,66.98904991149902,0.006247332319617271,0.8867061734199524,0.08892999589443207,0.0,1699.0,0.0,0.0,0.0,0.0,49.99801442399621,1.2,8.3,0.0,0.0,0.0,450.0,5571.8,0.0,0.0,38.974,0.711,39.685,12.474,0.798,38.887,emon,0.578,0.942,26.6,22.7,1.173
2026-09-17 21:50:37.405,7.6,0,80,31;0;80;0;0;0;3;0;0;0;2;0;6;0;0;0,993,4731,4721;4731;4623;4560;1655;1358;1436;1777;1397;1458;1242;1324;1033;993;1044;1014,0.0,0.0,5571.8,0,0,0,0,0,0.0,0,0,0,0,0,0,0,0,0.0,0,0,0,0,0,0.0,0.0,0.0,0,0,0,78.1,17.66,11.09,0.39,38.61,20.5,63.4,65.07818031311035,0.006674374919384718,1.0503578186035156,0.10525345057249069,0.0,1199.0,0.0,0.0,0.0,0.0,50.04277315735817,0.0,0.0,0.0,0.0,0.0,450.0,5571.8,0.0,0.0,38.974,0.711,39.685,12.474,0.798,38.887,emon,0.578,0.942,26.6,22.7,1.173
2026-09-17 21:50:38.412,8.5,0,97,18;2;97;0;0;0;5;0;0;0;11;0;3;0;2;0,943,4728,4584;4683;4726;4728;1339;1331;1423;1657;1349;1336;1385;2038;1037;943;968;966,0.0,0.0,5571.8,0,0,0,0,0,0.0,0,0,0,0,0,0,0,0,0.0,0,0,0,0,0,0.0,0.0,0.0,0,0,0,77.1,17.66,11.09,0.39,38.61,20.5,63.4,97.90027618408203,0.008740147575736046,0.8787925839424133,0.0883214920759201,0.0,599.0,0.0,0.0,0.0,0.0,50.333445101976395,0.0,0.0,0.0,0.0,0.0,450.0,5571.8,0.0,0.0,38.974,0.711,39.685,12.474,0.798,38.887,emon,0.578,0.942,26.6,22.7,1.173
2026-09-17 21:50:39.413,7.8,0,95,12;0;95;0;0;0;6;0;0;0;5;0;3;0;3;0,1028,4730,4680;4626;4728;4730;1244;1425;1910;1310;1262;1321;2006;1282;1028;1038;1062;1030,0.0,0.0,5571.8,0,0,0,0,0,0.0,0,0,0,0,0,0,0,0,0.0,0,0,0,0,0,0.0,0.0,0.0,0,0,0,77.1,22.05,0.0,0.32,24.07,20.5,63.4,96.6347885131836,0.006977120880037546,0.8123303055763245,0.08162481337785721,0.0,1199.0,0.0,0.0,0.0,0.0,50.147336170077324,0.0,0.0,0.0,0.0,0.0,450.0,5571.8,0.0,0.0,38.974,0.711,39.685,12.474,0.798,38.887,emon,0.578,0.942,26.6,22.7,1.173
2026-09-17 21:50:40.414,10.0,0,95,47;2;95;3;0;0;8;0;0;0;3;0;0;0;0;2,799,4462,4300;4021;4462;3758;1298;1338;1863;2292;2257;1258;1851;2080;799;882;910;995,0.0,0.0,5571.8,0,0,0,0,0,0.0,0,0,0,0,0,0,0,0,0.0,0,0,0,0,0,0.0,0.0,0.0,0,0,0,72.1,22.05,0.0,0.32,24.07,20.5,63.4,97.43466186523438,0.00732816755771637,0.9797707796096802,0.09822192788124084,0.0,1199.0,0.0,0.0,0.0,0.0,50.236714363098145,0.0,0.0,0.0,0.0,0.0,450.0,5571.8,0.0,0.0,0.274,0.693,0.967,10.838,0.694,0.273,emon,0.929,0.963,27.4,23.7,1.157
2026-09-17 21:50:41.414,14.6,0,94,85;12;94;0;0;0;17;0;0;0;14;0;6;0;5;0,605,4192,4191;4192;4148;4170;2617;2047;2247;3072;2253;2623;2610;3006;605;647;1040;641,0.0,0.0,5571.8,0,0,0,0,0,0.0,0,0,0,0,0,0,0,0,0.0,0,0,0,0,0,0.0,0.0,0.0,0,0,0,65.1,22.05,0.0,0.32,24.07,20.5,63.4,81.3591941503378,28.66125721205026,32.35603799728247,43.70284936405145,20.429138357822712,1824.0,0.0,0.0,65.48771077681046,0.0,3.937999195777453,13.4,94.0,0.0,0.0,0.0,450.0,5571.8,0.0,0.0,0.274,0.693,0.967,10.838,0.694,0.273,emon,0.929,0.963,27.4,23.7,1.157
2026-09-17 21:50:42.415,15.9,0,97,92;8;97;2;0;0;17;0;0;0;17;0;9;0;9;3,555,4222,4222;4118;4197;4118;2914;1371;2252;2879;1976;1805;2538;3204;596;555;1056;1406,100.0,0.0,5572.1,0,0,0,0,0,0.0,0,0,0,0,0,0,0,0,0.0,0,0,0,0,0,0.0,0.0,0.0,0,0,0,64.1,22.05,0.0,0.32,24.07,20.5,63.4,76.69836190541585,16.8171272272865,41.962156573931374,45.188409233589965,32.441288248697916,1802.3333333333333,0.0,0.0,63.42919530458748,0.0,3.411023785173893,14.2,99.3,0.0,0.0,0.0,450.0,5572.1,0.0,0.0,0.274,0.693,0.967,10.838,0.694,0.273,emon,0.929,0.963,27.4,23.7,1.157
2026-09-17 21:50:43.415,14.6,0,100,89;11;100;0;0;0;21;0;0;0;5;0;6;0;2;0,603,4243,4241;4214;4243;4169;2992;2891;2253;2475;2234;2203;2262;2666;603;607;888;613,91.9,0.0,5572.1,0,0,0,0,0,0.0,0,0,0,0,0,0,0,0,0.0,0,0,0,0,0,0.0,0.0,0.0,0,0,0,65.1,18.78,13.71,0.38,41.14,20.5,63.4,73.56214257649013,17.42744779586792,44.696593284606934,47.920824323381694,33.872996875217986,1849.0,0.0,0.0,67.89816847935852,0.0,0.0,14.2,99.1,0.0,0.0,0.0,450.0,5572.1,0.0,0.0,0.274,0.693,0.967,10.838,0.694,0.273,emon,0.929,0.963,27.4,23.7,1.157
2026-09-17 21:50:44.416,15.3,0,97,13;86;97;0;0;0;0;19;0;0;0;14;13;0;0;3,512,4409,4409;4325;4334;4028;3270;3399;3299;2385;2945;3287;3393;2266;584;512;536;1174,100.0,0.0,5572.1,0,0,0,0,0,0.0,0,0,0,0,0,0,0,0,0.0,0,0,0,0,0,0.0,0.0,0.0,0,0,0,67.1,18.78,13.71,0.38,41.14,20.5,63.4,72.90328982898167,17.942094257899694,45.067680903843474,48.46824564252581,34.94157409667969,1849.0,0.0,0.0,67.89359778019467,0.0,0.0,14.2,99.2,0.0,0.0,0.0,450.0,5572.1,0.0,0.0,0.274,0.693,0.967,10.838,0.694,0.273,emon,0.929,0.963,27.4,23.7,1.157
2026-09-17 21:50:45.416,15.9,0,96,6;96;89;2;2;0;0;17;0;0;0;23;17;0;0;3,565,4278,4265;4275;4278;4256;3365;2932;3048;2423;3353;3227;2922;2292;599;645;565;1206,100.0,0.0,5572.1,0,0,0,0,0,0.0,0,0,0,0,0,0,0,0,0.0,0,0,0,0,0,0.0,0.0,0.0,0,0,0,66.1,18.78,13.71,0.38,41.14,20.4,63.4,70.22608055490436,16.422904043486625,42.010894890987515,45.08458883112127,31.345718788378168,1849.0,0.0,0.0,63.6821331813875,0.0,0.0,14.2,99.4,0.0,0.0,0.0,450.0,5572.1,0.0,0.0,0.274,0.693,0.967,10.838,0.694,0.273,emon,0.929,0.963,27.4,23.7,1.157
2026-09-17 21:50:46.416,15.7,0,92,5;92;70;0;0;0;0;36;0;0;0;33;9;0;0;6,972,4719,4646;4648;4638;4719;3369;3057;3201;3089;3203;2171;1794;3058;1115;1028;972;1804,0.0,0.0,1251.7,0,0,0,0,0,0.0,0,0,0,0,0,0,0,0,0.0,0,0,0,0,0,0.0,0.0,0.0,0,0,0,81.1,18.78,13.71,0.38,41.14,16.6,63.4,68.4973258972168,0.006206045858561993,1.044484257698059,0.10463526844978333,0.0,1799.0,0.0,0.0,0.0,0.0,50.05571138858795,4.8,33.6,0.0,0.0,0.0,450.0,1251.7,0.0,0.0,0.274,0.693,0.967,10.838,0.694,0.273,emon,0.929,0.963,27.4,23.7,1.157
2026-09-17 21:50:47.417,20.5,0,100,22;77;100;3;2;0;0;97;3;0;0;17;0;0;0;8,816,4728,4728;4724;4727;4718;3051;3363;3453;3416;3445;3306;3402;2670;1152;953;816;1680,0.0,0.0,1253.7,0,0,0,0,0,0.0,0,0,0,0,0,0,0,0,0.0,0,0,0,0,0,0.0,0.0,0.0,0,0,0,81.1,23.26,6.53,0.39,37.14,17.2,63.4,68.64409065246582,0.009441941976547241,0.8972784876823425,0.09009987115859985,0.0,499.0,0.0,0.0,0.0,0.0,50.08679312467575,0.0,0.0,0.0,0.0,0.0,450.0,1253.7,0.0,0.0,0.274,0.693,0.967,10.838,0.694,0.273,emon,0.929,0.963,27.4,23.7,1.157
2026-09-17 21:50:48.417,16.6,0,97,10;39;97;2;0;0;0;95;3;0;0;12;6;0;0;2,996,4729,4729;4604;4720;4717;3450;3451;3444;3434;3448;3167;2684;2786;1087;1063;996;1562,0.0,0.0,2995.7,0,0,0,0,0,0.0,0,0,0,0,0,0,0,0,0.0,0,0,0,0,0,0.0,0.0,0.0,0,0,0,64.1,23.26,6.53,0.39,37.14,18.5,63.4,96.45185470581055,0.00936758704483509,0.8036580681800842,0.08087125420570374,0.0,849.0,0.0,0.0,0.0,0.0,50.36297380924225,0.0,0.0,0.0,0.0,0.0,450.0,2562.8,0.0,0.0,0.274,0.693,0.967,10.838,0.694,0.273,emon,0.929,0.963,27.4,23.7,1.157
2026-09-17 21:50:49.418,15.1,0,95,9;26;92;2;2;2;2;95;0;0;0;8;0;0;0;5,959,4727,4564;4459;4714;4727;3452;3452;3452;3429;3423;3420;3418;2746;1110;971;959;1432,0.0,0.0,5132.3,0,0,0,0,0,0.0,0,0,0,0,0,0,0,0,0.0,0,0,0,0,0,0.0,0.0,0.0,0,0,0,60.1,23.26,6.53,0.39,37.14,20.2,63.4,98.26482391357422,0.007527324836701155,0.9189091920852661,0.09237835556268692,0.0,1199.0,0.0,0.0,0.0,0.0,50.15451364219189,0.0,0.0,0.0,0.0,0.0,450.0,4568.7,0.0,0.0,0.274,0.693,0.967,10.838,0.694,0.273,emon,0.929,0.963,27.4,23.7,1.157
2026-09-17 21:50:50.418,29.3,0,82,38;82;67;25;32;30;24;25;30;22;5;38;23;5;0;25,2753,4726,4721;4724;4722;4726;3383;3434;3365;3297;3401;3440;3439;3342;2753;2845;2754;2887,0.0,0.0,5132.3,0,0,0,0,0,0.0,0,0,0,0,0,0,0,0,0.0,0,0,0,0,0,0.0,0.0,0.0,0,0,0,79.1,23.26,6.53,0.39,37.14,20.1,63.4,91.45755653381347,1.4371877413283074,12.651550278905779,11.414707330585225,0.05706722736358642,1339.0,0.0,0.0,10.008736838400363,0.0,40.11024806201458,0.0,0.2,0.0,0.0,0.0,450.0,5139.3,0.0,0.0,0.274,0.693,0.967,10.838,0.694,0.273,emon,0.929,0.963,27.4,23.7,1.157
2026-09-17 21:50:51.418,8.5,0,85,0;85;31;0;0;0;0;8;0;0;0;6;0;0;0;6,966,4730,4598;4713;4721;4730;1367;1381;1571;1249;1225;1221;1219;1785;1040;966;1023;1168,7.4,0.0,5139.3,0,0,0,0,0,0.0,0,0,0,0,0,0,0,0,0.0,0,0,0,0,0,0.0,0.0,0.0,0,0,0,81.1,23.86,0.0,0.37,27.41,20.1,63.4,62.84370994567871,0.005872960202395916,0.9845463633537292,0.09831460565328598,0.0,1199.0,0.0,0.0,0.0,0.0,50.05810897052288,0.0,0.0,0.0,0.0,0.0,450.0,5139.3,0.0,0.0,0.274,0.693,0.967,10.838,0.694,0.273,emon,0.929,0.963,27.4,23.7,1.157
2026-09-17 21:50:52.419,8.1,0,85,3;85;29;0;0;0;0;5;0;0;0;2;3;0;0;3,877,4725,4725;4724;4680;4622;1253;1273;1264;1796;1403;1335;1541;1636;1044;1000;877;1128,0.0,0.0,5139.3,0,0,0,0,0,0.0,0,0,0,0,0,0,0,0,0.0,0,0,0,0,0,0.0,0.0,0.0,0,0,0,81.1,23.86,0.0,0.37,27.41,20.1,63.4,96.43216705322266,0.007255200296640396,0.8753771185874939,0.0881013348698616,0.0,1199.0,0.0,0.0,0.0,0.0,50.21900652348995,0.0,0.0,0.0,0.0,0.0,450.0,5135.3,0.0,0.0,2.542,3.153,5.696,46.888,3.001,2.695,emon,0.955,0.969,30.3,18.2,1.661
2026-09-17 21:50:53.419,7.5,0,89,2;89;20;0;0;0;0;5;0;0;0;2;3;0;0;0,985,4730,4729;4728;4717;4730;1211;1183;1344;1658;1187;1154;1123;1566;1018;1027;985;992,0.0,0.0,5135.3,0,0,0,0,0,0.0,0,0,0,0,0,0,0,0,0.0,0,0,0,0,0,0.0,0.0,0.0,0,0,0,83.1,23.86,0.0,0.37,27.41,20.1,63.4,92.59657669067383,0.009005670435726643,0.8606279492378235,0.08676431328058243,0.0,599.0,0.0,0.0,0.0,0.0,50.39216277003288,0.0,0.0,0.0,0.0,0.0,450.0,5135.3,0.0,0.0,2.542,3.153,5.696,46.888,3.001,2.695,emon,0.955,0.969,30.3,18.2,1.661
2026-09-17 21:50:54.419,7.9,0,55,5;55;46;0;0;2;0;3;0;0;0;2;8;6;2;0,986,4729,4700;4717;4727;4729;1424;2788;1713;1866;1682;1200;1281;2001;1086;1166;986;1084,0.0,0.0,5135.3,0,0,0,0,0,0.0,0,0,0,0,0,0,0,0,0.0,0,0,0,0,0,0.0,0.0,0.0,0,0,0,81.1,23.86,0.0,0.37,27.41,20.1,63.4,97.90478515625,0.006950710900127888,0.904969334602356,0.09102710336446762,0.0,1199.0,0.0,0.0,0.0,0.0,50.2280667424202,0.0,0.0,0.0,0.0,0.0,450.0,5135.3,0.0,0.0,2.542,3.153,5.696,46.888,3.001,2.695,emon,0.955,0.969,30.3,18.2,1.661
2026-09-17 21:50:55.420,12.7,0,94,3;53;94;3;2;0;0;22;0;0;0;20;6;0;0;0,793,4612,4519;4473;4612;4385;2790;1920;2065;2372;2758;3147;1345;1941;857;842;793;874,0.0,0.0,5135.3,0,0,0,0,0,0.0,0,0,0,0,0,0,0,0,0.0,0,0,0,0,0,0.0,0.0,0.0,0,0,0,75.1,22.33,0.4,0.32,24.95,20.7,63.4,76.43891675131661,28.273023240800416,11.57431937115533,26.783524113042013,1.4795568875436271,1799.0,0.0,0.0,64.31440742047769,0.0,0.0,0.3,1.6,0.0,0.0,0.0,450.0,5278.9,0.0,0.0,2.542,3.153,5.696,46.888,3.001,2.695,emon,0.955,0.969,30.3,18.2,1.661
2026-09-17 21:50:56.435,14.2,0,97,15;85;97;0;0;0;0;11;0;0;0;12;3;0;0;4,548,4320,4214;4306;4303;4320;3098;2801;2319;2139;3100;2791;2854;1980;571;548;819;1084,0.0,0.0,5737.4,0,0,0,0,0,0.0,0,0,0,0,0,0,0,0,0.0,0,0,0,0,0,0.0,0.0,0.0,0,0,0,68.1,22.33,0.4,0.32,24.95,20.7,63.4,100.00000076293945,75.8929542541504,22.91496696472168,72.35343627929687,2.789848780632019,1849.0,0.0,0.0,100.00000076293945,0.0,0.0,13.6,94.5,0.0,0.0,0.0,450.0,5737.4,0.0,0.0,2.542,3.153,5.696,46.888,3.001,2.695,emon,0.955,0.969,30.3,18.2,1.661
2026-09-17 21:50:57.436,15.2,0,97,14;88;97;0;0;0;0;14;0;0;0;14;12;0;0;5,555,4234,4234;4210;4155;3617;3183;3208;2163;2260;3097;1658;1211;2107;582;555;618;885,0.0,0.0,5737.4,0,0,0,0,0,0.0,0,0,0,0,0,0,0,0,0.0,0,0,0,0,0,0.0,0.0,0.0,0,0,0,67.1,22.33,0.4,0.32,24.95,20.7,63.4,100.00006866455078,59.88541988211755,16.28276988176199,57.29110717085692,2.021340250968933,1849.0,0.0,0.0,77.07721902544682,0.0,7.833496490923258,14.2,99.3,0.0,0.0,0.0,450.0,5737.7,0.0,0.0,2.542,3.153,5.696,46.888,3.001,2.695,emon,0.955,0.969,30.3,18.2,1.661
2026-09-17 21:50:58.436,14.7,0,98,22;75;98;2;2;0;0;16;0;0;0;12;3;0;0;6,598,4194,4146;4142;4113;4194;2719;3220;3144;2407;3032;3078;3194;2704;598;751;776;1015,90.9,0.0,5742.6,0,0,0,0,0,0.0,0,0,0,0,0,0,0,0,0.0,0,0,0,0,0,0.0,0.0,0.0,0,0,0,64.1,22.33,0.4,0.32,24.95,20.7,63.4,80.87649090149823,16.561696761068614,36.63329807800405,41.33068660734331,27.046828550450943,1849.0,0.0,0.0,58.97442324180156,0.0,6.007501376244952,14.2,99.4,0.0,0.0,0.0,450.0,5742.6,0.0,0.0,2.542,3.153,5.696,46.888,3.001,2.695,emon,0.955,0.969,30.3,18.2,1.661
2026-09-17 21:50:59.436,15.2,0,92,14;83;92;2;0;0;0;27;0;0;0;12;3;2;0;8,588,4136,4136;4120;4107;4074;3385;3210;3008;2451;2910;3402;2585;2463;588;748;810;1013,53.2,0.0,5742.6,0,0,0,0,0,0.0,0,0,0,0,0,0,0,0,0.0,0,0,0,0,0,0.0,0.0,0.0,0,0,0,65.1,17.98,21.39,0.39,48.02,20.7,63.4,81.14730858802795,19.644070291542448,41.72774322827657,47.65369200396041,32.40269533793131,1813.5833333333333,0.0,0.0,66.76498577355717,0.0,4.242164207311968,14.2,99.4,0.0,0.0,0.0,450.0,5742.6,0.0,0.0,2.542,3.153,5.696,46.888,3.001,2.695,emon,0.955,0.969,30.3,18.2,1.661
2026-09-17 21:51:00.437,16.1,0,94,16;86;94;3;2;2;0;16;0;0;0;25;9;0;0;6,564,4139,4105;4139;4086;3533;2601;3247;2709;2235;2904;2619;2738;2617;642;587;564;1195,83.9,0.0,5738.6,0,0,0,0,0,0.0,0,0,0,0,0,0,0,0,0.0,0,0,0,0,0,0.0,0.0,0.0,0,0,0,64.1,17.98,21.39,0.39,48.02,20.7,63.4,80.25165893481328,19.015812049548213,40.76129674911499,46.61125140694472,30.684443180377666,1829.7692307692307,0.0,0.0,65.49367747527475,0.0,3.9385301533799906,14.2,99.3,0.0,0.0,0.0,450.0,5738.6,0.0,0.0,2.542,3.153,5.696,46.888,3.001,2.695,emon,0.955,0.969,30.3,18.2,1.661
2026-09-17 21:51:01.437,14.8,0,94,5;94;86;2;0;0;0;28;0;0;0;15;3;0;0;3,535,4132,4132;4104;4070;4098;3323;3077;3208;2477;2925;2749;2477;2645;596;789;535;1111,68.4,0.0,5738.6,0,0,0,0,0,0.0,0,0,0,0,0,0,0,0,0.0,0,0,0,0,0,0.0,0.0,0.0,0,0,0,63.1,17.98,21.39,0.39,48.02,20.7,63.4,85.01561849457877,13.111129818168203,28.63597071170807,32.02037693852825,20.42562101142747,1849.0,0.0,0.0,53.741701965752455,0.0,21.70470171420337,14.2,99.3,0.0,0.0,0.0,450.0,5738.6,0.0,0.0,2.542,3.153,5.696,46.888,3.001,2.695,emon,0.955,0.969,30.3,18.2,1.661
2026-09-17 21:51:02.437,13.3,0,87,6;87;67;2;2;0;0;22;0;0;0;23;0;0;0;5,611,4460,4317;4460;4359;4159;2696;2926;2412;2091;2992;2156;2489;2148;747;611;759;1218,37.2,0.0,5738.6,0,0,0,0,0,0.0,0,0,0,0,0,0,0,0,0.0,0,0,0,0,0,0.0,0.0,0.0,0,0,0,77.1,18.09,12.88,0.39,41.21,20.7,63.4,72.73351485729218,21.284132957458496,43.16027679443359,50.49813537597656,33.71575927734375,1799.0,0.0,0.0,70.01744463425129,0.0,0.0,12.2,85.2,0.0,0.0,0.0,450.0,5738.6,0.0,0.0,2.542,3.153,5.696,46.888,3.001,2.695,emon,0.955,0.969,30.3,18.2,1.661
2026-09-17 21:51:03.438,7.6,0,66,0;66;41;0;0;0;3;3;2;0;3;3;0;0;0;0,904,4720,4585;4719;4702;4720;1218;1222;1220;1384;1213;1190;1249;1355;1029;1001;904;948,37.2,0.0,5738.6,0,0,0,0,0,0.0,0,0,0,0,0,0,0,0,0.0,0,0,0,0,0,0.0,0.0,0.0,0,0,0,79.1,18.09,12.88,0.39,41.21,20.7,63.4,64.55973148345947,0.0058989389799535275,0.987356960773468,0.0987808033823967,0.0,1399.0,0.0,0.0,0.0,0.0,50.0325385928154,0.0,0.0,0.0,0.0,0.0,450.0,5738.6,0.0,0.0,2.542,3.153,5.696,46.888,3.001,2.695,emon,0.955,0.969,30.3,18.2,1.661
2026-09-17 21:51:04.438,8.6,0,97,3;15;97;2;0;0;0;9;0;0;0;3;8;0;0;0,1000,4729,3521;4525;4727;4729;1308;2202;2583;1636;2382;2344;1585;1229;1040;1064;1080;1000,0.0,0.0,5738.6,0,0,0,0,0,0.0,0,0,0,0,0,0,0,0,0.0,0,0,0,0,0,0.0,0.0,0.0,0,0,0,77.1,18.09,12.88,0.39,41.21,20.7,63.4,65.11932373046875,0.007346864324063063,0.8492957353591919,0.0854400172829628,0.0,1199.0,0.0,0.0,0.0,0.0,50.078204587101936,0.0,0.0,0.0,0.0,0.0,450.0,5738.6,0.0,0.0,103.279,0.87,104.148,16.692,1.068,103.08,emon,0.584,0.637,145.9,98.0,1.49
2026-09-17 21:51:05.439,7.8,0,98,0;15;98;0;0;0;0;5;0;0;0;3;3;0;0;0,907,4728,4275;4646;4726;4728;1790;1781;1723;1706;1630;1597;1554;1380;1025;907;957;925,0.0,0.0,5738.6,0,0,0,0,0,0.0,0,0,0,0,0,0,0,0,0.0,0,0,0,0,0,0.0,0.0,0.0,0,0,0,76.1,18.09,12.88,0.39,41.21,20.7,63.4,97.28503036499023,0.008918524719774723,0.9126837253570557,0.091039277613163,0.0,599.0,0.0,0.0,0.0,0.0,50.37419095635414,0.0,0.0,0.0,0.0,0.0,450.0,5738.6,0.0,0.0,103.279,0.87,104.148,16.692,1.068,103.08,emon,0.584,0.637,145.9,98.0,1.49
2026-09-17 21:51:06.439,9.0,0,92,0;30;92;0;0;0;0;5;0;0;0;8;6;0;0;3,1006,4725,4622;4708;4725;4724;1334;1368;1199;1348;1804;1328;1300;1273;1044;1006;1074;1044,0.0,0.0,5738.6,0,0,0,0,0,0.0,0,0,0,0,0,0,0,0,0.0,0,0,0,0,0,0.0,0.0,0.0,0,0,0,76.1,22.11,0.0,0.32,24.17,20.7,63.4,91.6959457397461,0.009082089178264141,0.8275468945503235,0.08248929679393768,0.0,874.0,0.0,0.0,0.0,0.0,50.43951317667961,0.0,0.0,0.0,0.0,0.0,450.0,5738.6,0.0,0.0,103.279,0.87,104.148,16.692,1.068,103.08,emon,0.584,0.637,145.9,98.0,1.49
2026-09-17 21:51:07.439,11.9,0,97,13;38;97;0;8;0;0;6;12;0;3;6;6;0;0;2,1445,4492,4108;4297;4492;3896;3116;2893;2743;2304;2887;2291;2208;1907;1445;1855;1863;1714,0.0,0.0,5738.6,0,0,0,0,0,0.0,0,0,0,0,0,0,0,0,0.0,0,0,0,0,0,0.0,0.0,0.0,0,0,0,64.1,22.11,0.0,0.32,24.17,21.2,63.4,91.43837483723958,1.12038281870385,2.3217523097991943,1.8160337259372075,0.02722093214591344,1199.0,0.0,0.0,33.33333841959635,0.0,33.58533205588659,2.4,16.2,0.0,0.0,0.0,450.0,5867.6,0.0,0.0,103.279,0.87,104.148,16.692,1.068,103.08,emon,0.584,0.637,145.9,98.0,1.49
2026-09-17 21:51:08.440,14.3,0,100,6;89;100;0;0;0;0;17;0;0;0;11;3;0;0;3,535,4275,4061;4275;4246;4254;3035;2481;2391;2232;2448;1879;1815;2263;602;535;544;960,0.0,0.0,5845.8,0,0,0,0,0,0.0,0,0,0,0,0,0,0,0,0.0,0,0,0,0,0,0.0,0.0,0.0,0,0,0,65.1,22.11,0.0,0.32,24.17,21.2,63.4,99.9828139085036,59.47420676546888,16.572464401905354,56.44233738229825,2.129459110590128,1810.5384615384614,0.0,0.0,77.06426435250502,0.0,7.8571937049810705,14.3,100.0,0.0,0.0,0.0,450.0,5845.8,0.0,0.0,103.279,0.87,104.148,16.692,1.068,103.08,emon,0.584,0.637,145.9,98.0,1.49
2026-09-17 21:51:09.441,20.9,0,100,39;66;100;5;0;0;0;25;0;0;0;17;9;3;3;67,815,4169,4132;4169;4163;4029;1555;1256;1258;2024;1267;1187;1152;2264;824;836;815;1246,0.0,0.0,5845.8,0,0,0,0,0,0.0,0,0,0,0,0,0,0,0,0.0,0,0,0,0,0,0.0,0.0,0.0,0,0,0,60.1,22.11,0.0,0.32,24.17,21.2,63.4,84.37527712908658,35.954397864597425,29.231628320433877,47.189714231274344,16.891172766685486,1849.0,0.0,0.0,68.29013574191116,0.0,4.651049695909023,14.3,99.8,0.0,0.0,0.0,450.0,5845.8,0.0,0.0,103.279,0.87,104.148,16.692,1.068,103.08,emon,0.584,0.637,145.9,98.0,1.49
2026-09-17 21:51:10.441,21.8,0,97,26;44;97;0;3;2;0;58;0;0;0;22;15;3;0;78,803,4115,4030;4025;4115;4043;2592;2346;1924;3011;1394;1252;1298;2525;853;823;803;1273,93.9,0.0,5845.8,0,0,0,0,0,0.0,0,0,0,0,0,0,0,0,0.0,0,0,0,0,0,0.0,0.0,0.0,0,0,0,51.1,17.88,18.14,0.37,42.6,21.0,63.4,76.93728475570678,19.116021982673555,39.795821046829225,45.92244504888853,30.66784693400065,1799.0,0.0,0.0,63.427894217396776,0.0,3.4029761026302974,14.2,99.2,0.0,0.0,0.0,450.0,5845.8,0.0,0.0,103.279,0.87,104.148,16.692,1.068,103.08,emon,0.584,0.637,145.9,98.0,1.49
2026-09-17 21:51:11.442,21.5,0,96,12;61;96;3;2;0;0;52;0;0;0;18;8;0;0;92,767,4135,4135;4042;4089;3751;2092;1693;1699;2902;1914;1611;1343;2339;1056;801;767;1322,100.0,0.0,5845.8,0,0,0,0,0,0.0,0,0,0,0,0,0,0,0,0.0,0,0,0,0,0,0.0,0.0,0.0,0,0,0,58.1,17.88,18.14,0.37,42.6,21.0,63.4,77.3058938185374,20.938296635945637,43.57122929890951,50.374146143595375,33.2319651444753,1799.0,0.0,0.0,70.87866253840427,0.0,0.0,14.2,99.5,0.0,0.0,0.0,450.0,5845.8,0.0,0.0,103.279,0.87,104.148,16.692,1.068,103.08,emon,0.584,0.637,145.9,98.0,1.49
2026-09-17 21:51:12.442,21.5,0,98,31;70;98;0;0;3;3;20;0;0;0;12;13;2;0;91,712,4082,4056;4082;4065;3815;1880;1442;1291;2259;1332;1198;1185;2051;906;984;712;1287,92.6,0.0,5845.8,0,0,0,0,0,0.0,0,0,0,0,0,0,0,0,0.0,0,0,0,0,0,0.0,0.0,0.0,0,0,0,60.1,17.88,18.14,0.37,42.6,21.0,63.4,80.55015017191569,18.474631114800772,39.583330476284026,45.318157921234764,30.557004165649413,1820.6666666666667,0.0,0.0,63.459720303242406,0.0,3.408583990732829,14.2,99.4,0.0,0.0,0.0,450.0,5845.8,0.0,0.0,103.279,0.87,104.148,16.692,1.068,103.08,emon,0.584,0.637,145.9,98.0,1.49
2026-09-17 21:51:13.442,21.6,0,95,31;71;95;0;3;3;3;31;2;0;0;15;8;2;0;82,749,4113,4113;4091;4035;3732;1697;1735;1395;2305;1698;1329;1409;2241;932;749;762;1317,99.4,0.0,5845.8,0,0,0,0,0,0.0,0,0,0,0,0,0,0,0,0.0,0,0,0,0,0,0.0,0.0,0.0,0,0,0,60.1,17.88,18.14,0.37,42.6,20.8,63.4,76.59263071869358,17.887913535885286,38.44475203571898,43.958640463876,29.951068878173828,1849.0,0.0,0.0,60.7184332669007,0.0,3.104148745085254,14.2,99.3,0.0,0.0,0.0,450.0,5845.8,0.0,0.0,103.279,0.87,104.148,16.692,1.068,103.08,emon,0.584,0.637,145.9,98.0,1.49
2026-09-17 21:51:14.443,18.2,0,83,66;11;83;0;28;2;0;0;19;0;0;0;77;3;3;0,958,4335,4335;4161;4312;4235;1802;2554;1202;1203;1750;1137;1114;1095;1370;1090;972;958,38.5,0.0,5845.8,0,0,0,0,0,0.0,0,0,0,0,0,0,0,0,0.0,0,0,0,0,0,0.0,0.0,0.0,0,0,0,72.1,16.45,13.03,0.39,40.47,20.8,63.4,77.76669829090436,17.784517342224717,38.26746993263563,43.81653142037491,28.897403240203857,1799.0,0.0,0.0,62.597172363447804,0.0,4.268075440699856,10.0,69.7,0.0,0.0,0.0,450.0,5845.8,0.0,0.0,103.279,0.87,104.148,16.692,1.068,103.08,emon,0.584,0.637,145.9,98.0,1.49
2026-09-17 21:51:15.443,14.7,0,85,23;5;85;2;36;0;0;0;19;2;0;0;57;5;3;0,954,4727,4686;4602;4727;4726;1297;1280;999;988;1146;1162;966;954;1244;1412;1070;1091,38.5,0.0,5845.8,0,0,0,0,0,0.0,0,0,0,0,0,0,0,0,0.0,0,0,0,0,0,0.0,0.0,0.0,0,0,0,70.1,16.45,13.03,0.39,40.47,20.8,63.4,63.11469650268555,0.006315900944173336,0.8788242936134338,0.08774831891059875,0.0,1399.0,0.0,0.0,0.0,0.0,50.02897773310542,0.0,0.0,0.0,0.0,0.0,450.0,5845.8,0.0,0.0,103.279,0.87,104.148,16.692,1.068,103.08,emon,0.584,0.637,145.9,98.0,1.49
2026-09-17 21:51:16.444,14.6,0,76,38;0;76;2;34;2;0;0;25;3;3;0;52;0;0;0,1013,4725,4607;4422;4725;4710;1343;1171;1055;1048;1458;1050;1013;1013;1234;1053;1029;1039,0.0,0.0,5845.8,0,0,0,0,0,0.0,0,0,0,0,0,0,0,0,0.0,0,0,0,0,0,0.0,0.0,0.0,0,0,0,70.1,16.45,13.03,0.39,40.47,20.8,63.4,94.7243423461914,0.007577007170766592,0.8598818182945251,0.08593302220106125,0.0,1199.0,0.0,0.0,0.0,0.0,50.274484008550644,0.0,0.0,0.0,0.0,0.0,450.0,5845.8,0.0,0.0,103.465,1.626,105.092,24.839,1.59,103.502,emon,0.542,0.615,142.1,84.4,1.683
2026-09-17 21:51:17.444,12.2,0,92,23;3;92;0;22;0;0;0;16;0;0;0;34;0;5;0,1063,4728,4435;4548;4719;4728;1832;1582;1072;1063;1484;1160;1095;1066;1412;1283;1141;1256,0.0,0.0,5845.8,0,0,0,0,0,0.0,0,0,0,0,0,0,0,0,0.0,0,0,0,0,0,0.0,0.0,0.0,0,0,0,75.1,16.45,13.03,0.39,40.47,20.8,63.4,96.4491195678711,0.009102512151002884,0.9113386869430542,0.09082936495542526,0.0,874.0,0.0,0.0,0.0,0.0,50.370123237371445,0.0,0.0,0.0,0.0,0.0,450.0,5845.8,0.0,0.0,103.465,1.626,105.092,24.839,1.59,103.502,emon,0.542,0.615,142.1,84.4,1.683
2026-09-17 21:51:18.445,8.1,0,100,12;2;100;0;0;0;0;0;5;0;0;0;10;0;0;0,995,4732,4668;4705;4727;4732;1206;1313;1469;1259;1735;1437;1246;1240;995;1034;1068;1038,0.0,0.0,5845.8,0,0,0,0,0,0.0,0,0,0,0,0,0,0,0,0.0,0,0,0,0,0,0.0,0.0,0.0,0,0,0,77.1,22.16,0.01,0.32,24.95,20.8,63.4,97.59825134277344,0.007398426532745361,0.9707761406898499,0.09758498519659042,0.0,1199.0,0.0,0.0,0.0,0.0,50.26291860640049,0.0,0.0,0.0,0.0,0.0,450.0,5845.8,0.0,0.0,103.465,1.626,105.092,24.839,1.59,103.502,emon,0.542,0.615,142.1,84.4,1.683
2026-09-17 21:51:19.445,12.4,0,92,48;3;92;3;8;2;2;0;18;0;0;0;13;3;3;3,811,4495,4274;4229;4495;4157;2104;2786;3126;2345;2076;2241;2483;2579;811;1112;1086;1137,0.0,0.0,5845.8,0,0,0,0,0,0.0,0,0,0,0,0,0,0,0,0.0,0,0,0,0,0,0.0,0.0,0.0,0,0,0,67.1,22.16,0.01,0.32,24.95,21.0,63.4,98.77766609191895,54.95649527537171,15.26760022342205,52.927400548011065,1.8983053788542747,1649.0,0.0,0.0,75.00000381469727,0.0,12.572454657405615,4.3,30.1,0.0,0.0,0.0,450.0,5869.0,0.0,0.0,103.465,1.626,105.092,24.839,1.59,103.502,emon,0.542,0.615,142.1,84.4,1.683
2026-09-17 21:51:20.446,14.4,0,94,86;12;94;0;21;0;0;0;6;0;0;0;11;0;0;0,494,4268,4233;4068;4193;4268;2101;3007;3331;2962;2373;2379;1561;2217;806;645;676;494,0.0,0.0,5869.0,0,0,0,0,0,0.0,0,0,0,0,0,0,0,0,0.0,0,0,0,0,0,0.0,0.0,0.0,0,0,0,64.1,22.16,0.01,0.32,24.95,21.0,63.4,100.00156239100865,60.188320195435416,17.451195572103774,56.89785192268236,2.1790578195026944,1827.5714285714287,0.0,0.0,78.71693532754269,0.0,7.27818814771516,14.3,100.0,0.0,0.0,0.0,450.0,5869.0,0.0,0.0,103.465,1.626,105.092,24.839,1.59,103.502,emon,0.542,0.615,142.1,84.4,1.683
2026-09-17 21:51:21.447,13.9,0,95,92;8;95;0;12;2;0;0;9;0;0;0;5;0;0;0,613,4334,4322;4263;4334;4306;2095;3221;2779;3356;2118;3075;2615;2529;891;866;613;679,0.0,0.0,5869.0,0,0,0,0,0,0.0,0,0,0,0,0,0,0,0,0.0,0,0,0,0,0,0.0,0.0,0.0,0,0,0,65.1,22.16,0.01,0.32,24.95,21.0,63.4,91.60250961079316,47.67064219411901,19.934410698273602,48.327198673697076,5.725098687059739,1849.0,0.0,0.0,70.73235107783009,0.0,5.9988322205403275,14.2,99.7,0.0,0.0,0.0,450.0,5869.0,0.0,0.0,103.465,1.626,105.092,24.839,1.59,103.502,emon,0.542,0.615,142.1,84.4,1.683
2026-09-17 21:51:22.447,19.2,3,86,83;21;86;13;19;8;5;3;22;6;3;5;15;3;6;10,893,4296,4296;4241;4287;4206;2265;3348;3128;3400;2450;3254;3056;3085;893;1115;1264;1134,89.9,0.0,5869.0,0,0,0,0,0,0.0,0,0,0,0,0,0,0,0,0.0,0,0,0,0,0,0.0,0.0,0.0,0,0,0,66.1,19.14,18.13,0.37,43.5,21.0,63.4,79.01538237503597,18.991591707337648,40.57292973995209,46.38060610528503,31.22510542188372,1849.0,0.0,0.0,64.38034984855247,0.0,3.6507085817200795,14.2,99.4,0.0,0.0,0.0,450.0,5869.0,0.0,0.0,103.465,1.626,105.092,24.839,1.59,103.502,emon,0.542,0.615,142.1,84.4,1.683
2026-09-17 21:51:23.448,14.8,0,94,94;5;91;2;11;0;0;0;19;0;0;0;16;0;0;0,540,4324,4323;4213;4324;4301;2193;3228;3239;3072;2417;3316;3245;2957;837;629;540;601,100.0,0.0,5869.0,0,0,0,0,0,0.0,0,0,0,0,0,0,0,0,0.0,0,0,0,0,0,0.0,0.0,0.0,0,0,0,68.1,19.14,18.13,0.37,43.5,21.0,63.4,80.97765122927152,19.23454397297106,41.259625123097344,47.17528354089994,31.870337853064903,1849.0,0.0,0.0,65.48290906703242,0.0,3.924505335207169,14.2,99.6,0.0,0.0,0.0,450.0,5869.0,0.0,0.0,103.465,1.626,105.092,24.839,1.59,103.502,emon,0.542,0.615,142.1,84.4,1.683
2026-09-17 21:51:24.448,15.4,0,94,94;8;86;2;22;2;0;0;16;2;2;0;15;2;0;0,743,4337,4325;4337;4334;4300;2083;3381;2626;2993;2420;3394;1675;3240;755;743;779;753,88.6,0.0,5869.0,0,0,0,0,0,0.0,0,0,0,0,0,0,0,0,0.0,0,0,0,0,0,0.0,0.0,0.0,0,0,0,66.1,19.14,18.13,0.37,43.5,21.0,63.4,84.28814287980397,19.678644378242705,41.80796480178833,48.00628660122553,32.579233169555664,1849.0,0.0,0.0,66.79525209947799,0.0,4.24479308227698,14.2,99.6,0.0,0.0,0.0,450.0,5869.0,0.0,0.0,103.465,1.626,105.092,24.839,1.59,103.502,emon,0.542,0.615,142.1,84.4,1.683
2026-09-17 21:51:25.449,16.7,2,97,94;6;97;2;14;6;2;3;16;2;2;3;13;2;3;4,694,4227,4208;4227;4205;3997;2240;2869;2845;1822;2611;2982;2862;2786;815;796;728;694,100.0,0.0,5869.0,0,0,0,0,0,0.0,0,0,0,0,0,0,0,0,0.0,0,0,0,0,0,0.0,0.0,0.0,0,0,0,65.1,19.14,18.13,0.37,43.5,20.8,63.4,79.15358889102936,18.548497309937375,39.30020797625184,45.13344833487645,29.894741535186768,1849.0,0.0,0.0,62.612562826951034,0.0,3.197844777314458,14.2,99.2,0.0,0.0,0.0,450.0,5869.0,0.0,0.0,103.465,1.626,105.092,24.839,1.59,103.502,emon,0.542,0.615,142.1,84.4,1.683
2026-09-17 21:51:26.449,10.5,0,69,69;3;68;0;12;0;0;0;9;0;0;0;3;0;0;3,763,4506,4506;4280;4461;3906;1759;1796;1682;2078;2031;1454;1620;2131;821;763;909;789,14.9,0.0,5869.0,0,0,0,0,0,0.0,0,0,0,0,0,0,0,0,0.0,0,0,0,0,0,0.0,0.0,0.0,0,0,0,78.1,19.13,13.04,0.39,42.43,20.8,63.4,64.17311191558838,0.005743676796555519,0.9741372466087341,0.09761502593755722,0.0,1724.0,0.0,0.0,0.0,0.0,50.03169572353363,6.3,43.7,0.0,0.0,0.0,450.0,5869.0,0.0,0.0,103.465,1.626,105.092,24.839,1.59,103.502,emon,0.542,0.615,142.1,84.4,1.683
2026-09-17 21:51:27.450,8.0,0,94,14;5;94;0;13;0;0;0;0;0;0;0;3;0;0;0,1019,4732,4710;4726;4726;4732;1484;2083;1618;1550;1626;1876;1249;1272;1031;1048;1019;1039,0.0,0.0,5869.0,0,0,0,0,0,0.0,0,0,0,0,0,0,0,0,0.0,0,0,0,0,0,0.0,0.0,0.0,0,0,0,78.1,19.13,13.04,0.39,42.43,20.8,63.4,67.60289764404297,0.008619768545031548,0.8877231478691101,0.08876615017652512,0.0,899.0,0.0,0.0,0.0,0.0,50.06051576137543,0.0,0.0,0.0,0.0,0.0,450.0,5869.0,0.0,0.0,103.465,1.626,105.092,24.839,1.59,103.502,emon,0.542,0.615,142.1,84.4,1.683
2026-09-17 21:51:28.451,7.6,0,95,9;2;95;0;3;0;0;0;2;0;0;0;10;0;0;0,1011,4728,4673;4684;4726;4728;1278;2024;1859;1371;2348;1494;1305;1345;1179;1011;1023;1068,0.0,0.0,5869.0,0,0,0,0,0,0.0,0,0,0,0,0,0,0,0,0.0,0,0,0,0,0,0.0,0.0,0.0,0,0,0,77.1,19.13,13.04,0.39,42.43,20.8,63.4,95.0316047668457,0.006948424503207207,0.9103265404701233,0.09154010564088821,0.0,1199.0,0.0,0.0,0.0,0.0,50.27343262732029,0.0,0.0,0.0,0.0,0.0,450.0,5869.0,0.0,0.0,103.804,0.915,104.72,15.338,0.982,103.738,emon,0.589,0.949,112.7,103.4,1.09
2026-09-17 21:51:29.451,7.8,0,96,18;2;96;0;6;0;0;0;3;0;0;0;0;0;0;0,1016,4729,4652;4714;4727;4729;1647;1361;1245;1458;1728;1391;1293;1226;1051;1056;1076;1016,0.0,0.0,5869.0,0,0,0,0,0,0.0,0,0,0,0,0,0,0,0,0.0,0,0,0,0,0,0.0,0.0,0.0,0,0,0,76.1,19.13,13.04,0.39,42.43,20.8,63.4,97.5826301574707,0.007153951097279787,0.9478685259819031,0.09458637237548828,0.0,1199.0,0.0,0.0,0.0,0.0,50.26028944551945,0.0,0.0,0.0,0.0,0.0,450.0,5869.0,0.0,0.0,103.804,0.915,104.72,15.338,0.982,103.738,emon,0.589,0.949,112.7,103.4,1.09
2026-09-17 21:51:30.452,7.2,0,98,14;0;98;0;2;0;0;0;2;0;0;0;0;0;0;0,992,4728,4662;4720;4728;4727;1254;1982;1830;1220;1352;2072;1257;1253;1029;992;996;1007,0.0,0.0,5869.0,0,0,0,0,0,0.0,0,0,0,0,0,0,0,0,0.0,0,0,0,0,0,0.0,0.0,0.0,0,0,0,77.1,22.09,0.0,0.32,24.03,20.8,63.4,97.3049087524414,0.00867123156785965,0.828812301158905,0.08354219049215317,0.0,599.0,0.0,0.0,0.0,0.0,50.38398057222366,0.0,0.0,0.0,0.0,0.0,450.0,5869.0,0.0,0.0,103.804,0.915,104.72,15.338,0.982,103.738,emon,0.589,0.949,112.7,103.4,1.09
2026-09-17 21:51:31.452,12.5,0,97,70;3;97;0;14;0;0;0;8;0;0;0;8;0;0;0,771,4466,4396;4117;4466;4025;1824;2466;2098;2148;2042;1840;1994;1901;771;794;861;787,0.0,0.0,5869.0,0,0,0,0,0,0.0,0,0,0,0,0,0,0,0,0.0,0,0,0,0,0,0.0,0.0,0.0,0,0,0,67.1,22.09,0.0,0.32,24.03,20.9,63.4,99.98337046305339,50.81407751163675,15.141742467880249,48.69170964260896,1.7883580260806613,1799.0,0.0,0.0,66.88621062702603,0.0,11.377185468872389,8.3,58.0,0.0,0.0,0.0,450.0,5869.0,0.0,0.0,103.804,0.915,104.72,15.338,0.982,103.738,emon,0.589,0.949,112.7,103.4,1.09
2026-09-17 21:51:32.453,14.1,0,98,86;12;98;0;5;0;0;0;14;0;0;0;11;0;0;0,513,4353,4353;4222;4348;4334;1858;3307;3197;2129;2257;3185;2981;2806;792;636;513;617,0.0,0.0,5869.0,0,0,0,0,0,0.0,0,0,0,0,0,0,0,0,0.0,0,0,0,0,0,0.0,0.0,0.0,0,0,0,66.1,22.09,0.0,0.32,24.03,20.9,63.4,99.99000197190504,58.748180720596935,17.217000823754532,55.86821796802374,2.253493749178373,1849.0,0.0,0.0,77.0758120555144,0.0,7.846402656573516,14.3,100.0,0.0,0.0,0.0,450.0,5869.0,0.0,0.0,103.804,0.915,104.72,15.338,0.982,103.738,emon,0.589,0.949,112.7,103.4,1.09
2026-09-17 21:51:33.453,15.9,0,97,97;3;85;9;20;2;2;0;20;0;0;0;15;2;0;0,656,4339,4339;4331;4336;4277;2192;3368;3328;3430;2244;2980;2588;3096;759;867;823;656,100.0,0.0,5869.0,0,0,0,0,0,0.0,0,0,0,0,0,0,0,0,0.0,0,0,0,0,0,0.0,0.0,0.0,0,0,0,66.1,22.09,0.0,0.32,24.03,20.9,63.4,78.1850433770348,19.287839527241886,37.472416544661804,43.78292414677494,27.7555531613967,1810.764705882353,0.0,0.0,61.884850763551455,0.0,3.009132743429612,14.2,99.6,0.0,0.0,0.0,450.0,5869.0,0.0,0.0,103.804,0.915,104.72,15.338,0.982,103.738,emon,0.589,0.949,112.7,103.4,1.09
2026-09-17 21:51:34.454,15.5,0,92,92;2;92;0;29;0;2;0;25;0;0;0;6;0;0;0,580,4308,4246;4308;4231;4203;2446;3001;3374;2581;2358;3023;2708;3137;580;665;651;674,100.0,0.0,5869.0,0,0,0,0,0,0.0,0,0,0,0,0,0,0,0,0.0,0,0,0,0,0,0.0,0.0,0.0,0,0,0,67.1,19.4,18.52,0.37,44.48,20.9,63.4,84.93418316407637,20.53086539798162,41.141357665712185,47.97799967568029,31.10660882429643,1842.1818181818182,0.0,0.0,68.2921667352996,0.0,4.656462459401651,14.2,99.6,0.0,0.0,0.0,450.0,5869.0,0.0,0.0,103.804,0.915,104.72,15.338,0.982,103.738,emon,0.589,0.949,112.7,103.4,1.09
2026-09-17 21:51:35.455,14.6,0,100,89;8;100;2;11;0;0;0;11;0;0;2;12;0;0;0,552,4236,4098;3999;4087;4236;1947;2816;3101;2990;2812;2460;2824;3435;802;733;552;599,100.0,0.0,5869.0,0,0,0,0,0,0.0,0,0,0,0,0,0,0,0,0.0,0,0,0,0,0,0.0,0.0,0.0,0,0,0,65.1,19.4,18.52,0.37,44.48,20.9,63.4,80.69225536859952,19.381085817057354,41.24804237255683,47.31471455039886,31.63890706575834,1849.0,0.0,0.0,65.48054385242554,0.0,3.9195942781292477,14.2,99.5,0.0,0.0,0.0,450.0,5869.0,0.0,0.0,103.804,0.915,104.72,15.338,0.982,103.738,emon,0.589,0.949,112.7,103.4,1.09
2026-09-17 21:51:36.470,15.0,0,91,87;11;91;5;22;2;0;0;12;0;0;0;12;0;0;0,638,4179,4178;4179;4152;4052;2243;3062;3140;3244;2730;2989;2963;2738;759;826;785;638,82.6,0.0,5869.0,0,0,0,0,0,0.0,0,0,0,0,0,0,0,0,0.0,0,0,0,0,0,0.0,0.0,0.0,0,0,0,65.1,19.4,18.52,0.37,44.48,20.9,63.4,78.63689525922139,18.925194042773608,39.169876297314964,45.248825969174504,30.112073580423992,1807.3333333333333,0.0,0.0,62.60545000385415,0.0,4.244663420754175,14.2,99.4,0.0,0.0,0.0,450.0,5869.0,0.0,0.0,103.804,0.915,104.72,15.338,0.982,103.738,emon,0.589,0.949,112.7,103.4,1.09
2026-09-17 21:51:37.470,14.4,0,95,92;3;95;0;14;0;0;0;20;0;0;0;5;0;0;0,553,4179,4163;4179;4135;4036;2353;3065;3266;3077;2620;3183;2305;1987;886;592;713;553,100.0,0.0,5869.0,0,0,0,0,0,0.0,0,0,0,0,0,0,0,0,0.0,0,0,0,0,0,0.0,0.0,0.0,0,0,0,65.1,19.4,18.52,0.37,44.48,20.8,63.4,79.09113524176858,21.835360353643242,44.712466673417524,52.03707278858531,34.20521978898482,1799.0,0.0,0.0,72.77127199992537,0.0,0.0,14.2,99.5,0.0,0.0,0.0,450.0,5869.0,0.0,0.0,103.804,0.915,104.72,15.338,0.982,103.738,emon,0.589,0.949,112.7,103.4,1.09
2026-09-17 21:51:38.470,15.8,0,86,82;12;86;2;48;2;0;0;16;0;0;0;6;0;0;0,681,4631,4550;4631;4550;4492;3062;2473;2501;2599;2621;3130;2473;2498;1155;1032;720;681,0.0,0.0,1252.7,0,0,0,0,0,0.0,0,0,0,0,0,0,0,0,0.0,0,0,0,0,0,0.0,0.0,0.0,0,0,0,72.1,18.56,12.58,0.39,41.26,16.6,63.4,46.45349895954132,8.630597289651632,18.236916133335658,20.974978551268578,14.05974633353097,1627.5714285714287,0.0,0.0,28.58655785676092,0.0,14.283864065406046,2.4,16.6,0.0,0.0,0.0,450.0,1252.7,0.0,0.0,103.804,0.915,104.72,15.338,0.982,103.738,emon,0.589,0.949,112.7,103.4,1.09
2026-09-17 21:51:39.471,20.4,0,97,83;18;97;2;61;2;0;0;62;0;0;0;2;0;0;0,1584,4729,4722;4727;4728;4729;3045;3420;3289;3315;3229;3442;3317;3523;2220;2146;1618;1584,0.0,0.0,1254.7,0,0,0,0,0,0.0,0,0,0,0,0,0,0,0,0.0,0,0,0,0,0,0.0,0.0,0.0,0,0,0,82.1,18.56,12.58,0.39,41.26,16.9,63.4,97.44245529174805,0.009213114157319069,0.8690559267997742,0.08685704320669174,0.0,549.0,0.0,0.0,0.0,0.0,50.37566152215004,0.0,0.0,0.0,0.0,0.0,450.0,1254.7,0.0,0.0,103.804,0.915,104.72,15.338,0.982,103.738,emon,0.589,0.949,112.7,103.4,1.09
2026-09-17 21:51:40.471,16.9,0,94,48;5;94;0;31;2;0;0;88;0;0;0;3;0;0;0,1007,4729,4617;4684;4717;4729;3048;3398;2825;2624;3332;3416;3236;2937;1380;1219;1026;1007,0.0,0.0,2932.5,0,0,0,0,0,0.0,0,0,0,0,0,0,0,0,0.0,0,0,0,0,0,0.0,0.0,0.0,0,0,0,62.1,18.56,12.58,0.39,41.26,18.3,63.4,97.83660888671875,0.007555119693279266,0.8535387516021729,0.0858897864818573,0.0,1199.0,0.0,0.0,0.0,0.0,50.16010093688965,0.0,0.0,0.0,0.0,0.0,450.0,3066.8,0.0,0.0,76.579,2.047,78.626,20.805,1.331,77.295,emon,0.581,0.909,31.4,17.3,1.82
2026-09-17 21:51:41.472,14.5,0,95,27;2;95;0;14;0;0;0;91;0;0;0;3;0;0;0,967,4729,4459;4662;4713;4729;2601;2466;2504;2792;3415;3450;3472;3448;1085;1011;987;967,0.0,0.0,2932.5,0,0,0,0,0,0.0,0,0,0,0,0,0,0,0,0.0,0,0,0,0,0,0.0,0.0,0.0,0,0,0,61.1,18.56,12.58,0.39,41.26,20.4,63.4,92.44580459594727,0.00933025497943163,0.9045888185501099,0.09096162766218185,0.0,549.0,0.0,0.0,0.0,0.0,50.50130903720856,0.0,0.0,0.0,0.0,0.0,450.0,3066.8,0.0,0.0,76.579,2.047,78.626,20.805,1.331,77.295,emon,0.581,0.909,31.4,17.3,1.82
2026-09-17 21:51:42.472,28.4,0,73,70;36;73;17;25;30;22;25;38;34;27;5;26;27;0;0,2375,4729,4712;4727;4722;4729;3270;3420;3429;3398;3294;3422;3434;3442;2686;2935;2632;2375,0.0,0.0,5133.3,0,0,0,0,0,0.0,0,0,0,0,0,0,0,0,0.0,0,0,0,0,0,0.0,0.0,0.0,0,0,0,72.1,24.32,0.06,0.39,28.38,20.1,63.4,78.63297176361084,0.003594393821003905,0.44022842682898045,0.044159490571473725,0.0,1499.0,0.0,0.0,25.021632777526975,0.0,25.082166761159897,0.0,0.0,0.0,0.0,0.0,450.0,5133.3,0.0,0.0,76.579,2.047,78.626,20.805,1.331,77.295,emon,0.581,0.909,31.4,17.3,1.82
2026-09-17 21:51:43.473,8.5,0,82,82;2;30;0;6;0;0;0;10;2;0;0;5;0;0;0,985,4728,4727;4728;4715;4727;1318;1174;1341;1557;1905;1297;1210;1194;1030;1066;985;992,7.5,0.0,5136.2,0,0,0,0,0,0.0,0,0,0,0,0,0,0,0,0.0,0,0,0,0,0,0.0,0.0,0.0,0,0,0,81.1,24.32,0.06,0.39,28.38,20.1,63.4,68.25360107421875,0.008972861804068089,0.8893424272537231,0.08953564614057541,0.0,599.0,0.0,0.0,0.0,0.0,50.13073078542948,0.0,0.3,0.0,0.0,0.0,450.0,5136.2,0.0,0.0,76.579,2.047,78.626,20.805,1.331,77.295,emon,0.581,0.909,31.4,17.3,1.82
2026-09-17 21:51:44.473,7.8,0,97,2;16;97;0;0;5;0;0;0;6;0;0;0;0;0;0,947,4729,4729;4705;4727;4728;1224;1270;1504;1219;1178;1325;1312;1208;1036;1000;1018;947,0.0,0.0,5136.2,0,0,0,0,0,0.0,0,0,0,0,0,0,0,0,0.0,0,0,0,0,0,0.0,0.0,0.0,0,0,0,77.1,24.32,0.06,0.39,28.38,20.1,63.4,98.10737991333008,0.006884928792715073,0.9337561130523682,0.09329243004322052,0.0,1199.0,0.0,0.0,0.0,0.0,50.16565306484699,0.0,0.0,0.0,0.0,0.0,450.0,5136.2,0.0,0.0,76.579,2.047,78.626,20.805,1.331,77.295,emon,0.581,0.909,31.4,17.3,1.82
2026-09-17 21:51:45.473,9.4,0,95,0;26;95;0;0;9;0;0;0;9;0;0;9;2;0;0,962,4731,4470;4591;4725;4731;1590;1357;1360;1364;1424;1925;1222;1320;1036;962;1035;979,0.0,0.0,5136.2,0,0,0,0,0,0.0,0,0,0,0,0,0,0,0,0.0,0,0,0,0,0,0.0,0.0,0.0,0,0,0,78.1,24.32,0.06,0.39,28.38,20.1,63.4,97.3987808227539,0.006929890252649784,0.8390542268753052,0.08415102958679199,0.0,1199.0,0.0,0.0,0.0,0.0,50.28223313391209,0.0,0.0,0.0,0.0,0.0,450.0,5136.2,0.0,0.0,76.579,2.047,78.626,20.805,1.331,77.295,emon,0.581,0.909,31.4,17.3,1.82
2026-09-17 21:51:46.474,7.5,0,98,0;15;98;0;0;3;0;0;0;3;0;0;0;0;0;0,982,4726,4699;4598;4725;4726;1546;1342;2588;1886;1526;1572;1633;1358;1034;982;1060;986,0.0,0.0,5136.2,0,0,0,0,0,0.0,0,0,0,0,0,0,0,0,0.0,0,0,0,0,0,0.0,0.0,0.0,0,0,0,78.1,23.14,0.0,0.32,25.43,20.1,63.4,97.3987808227539,0.006929890252649784,0.8390542268753052,0.08415102958679199,0.0,1199.0,0.0,0.0,0.0,0.0,50.28223313391209,0.0,0.0,0.0,0.0,0.0,450.0,5136.2,0.0,0.0,76.579,2.047,78.626,20.805,1.331,77.295,emon,0.581,0.909,31.4,17.3,1.82
2026-09-17 21:51:47.474,9.9,0,97,9;28;97;0;0;17;0;0;0;5;3;0;0;0;0;0,1126,4634,4438;4524;4634;4619;3296;2392;2637;3221;2222;2189;1373;2169;1126;1629;1967;1978,0.0,0.0,5136.2,0,0,0,0,0,0.0,0,0,0,0,0,0,0,0,0.0,0,0,0,0,0,0.0,0.0,0.0,0,0,0,78.1,23.14,0.0,0.32,25.43,20.7,63.4,97.99321746826172,0.008737272582948208,0.8433712720870972,0.08417845517396927,0.0,599.0,0.0,0.0,0.0,0.0,50.34111708402634,0.0,0.0,0.0,0.0,0.0,450.0,5136.2,0.0,0.0,76.579,2.047,78.626,20.805,1.331,77.295,emon,0.581,0.909,31.4,17.3,1.82
2026-09-17 21:51:48.475,14.4,0,92,6;91;92;0;0;16;0;0;0;14;0;0;9;3;0;0,522,4188,4008;4188;4168;3932;3097;2138;2996;3077;2266;2300;2840;2023;570;1087;522;829,0.0,0.0,5695.3,0,0,0,0,0,0.0,0,0,0,0,0,0,0,0,0.0,0,0,0,0,0,0.0,0.0,0.0,0,0,0,67.1,23.14,0.0,0.32,25.43,20.7,63.4,100.00000839233398,75.8736785888672,22.867270278930665,72.23667678833007,2.75737841129303,1849.0,0.0,0.0,100.00000839233398,0.0,0.0,3.1,21.0,0.0,0.0,0.0,450.0,5695.3,0.0,0.0,76.579,2.047,78.626,20.805,1.331,77.295,emon,0.581,0.909,31.4,17.3,1.82
2026-09-17 21:51:49.475,16.1,0,86,17;84;86;3;0;21;2;2;0;23;0;2;6;11;2;0,617,4307,4253;4302;4307;4235;2990;2169;2888;1619;2977;2252;3362;3278;617;1132;714;647,100.0,0.0,5695.5,0,0,0,0,0,0.0,0,0,0,0,0,0,0,0,0.0,0,0,0,0,0,0.0,0.0,0.0,0,0,0,67.1,23.14,0.0,0.32,25.43,20.7,63.4,74.75476618111134,25.230249025451485,22.27379409573041,34.89873658903525,12.012561794370413,1849.0,0.0,0.0,62.577390759426635,0.0,3.1948810815811157,14.3,100.0,0.0,0.0,0.0,450.0,5695.3,0.0,0.0,76.579,2.047,78.626,20.805,1.331,77.295,emon,0.581,0.909,31.4,17.3,1.82
2026-09-17 21:51:50.476,14.5,0,95,6;89;95;2;0;18;3;0;0;11;0;0;3;3;0;0,598,4332,4298;4299;4316;4332;2334;2376;1990;2748;2978;2342;3221;3204;598;859;807;682,97.3,0.0,5698.7,0,0,0,0,0,0.0,0,0,0,0,0,0,0,0,0.0,0,0,0,0,0,0.0,0.0,0.0,0,0,0,68.1,20.06,15.09,0.36,40.52,20.7,63.4,77.35809556297635,15.94415198057971,36.800751836403556,40.99919162431489,25.7403781329808,1841.391304347826,0.0,0.0,54.50424008775988,0.0,6.648368339499702,14.2,99.1,0.0,0.0,0.0,450.0,5695.5,0.0,0.0,76.579,2.047,78.626,20.805,1.331,77.295,emon,0.581,0.909,31.4,17.3,1.82
2026-09-17 21:51:51.476,15.0,0,92,8;91;92;2;0;12;0;0;0;25;0;0;6;5;0;0,612,4349,4298;4349;4318;3305;3195;2042;3169;3251;2423;2601;3302;3150;612;987;788;739,100.0,0.0,5698.7,0,0,0,0,0,0.0,0,0,0,0,0,0,0,0,0.0,0,0,0,0,0,0.0,0.0,0.0,0,0,0,69.1,20.06,15.09,0.36,40.52,20.7,63.4,79.94761020342509,17.069617699769637,37.9051116903623,42.691641667485236,28.32453244527181,1849.0,0.0,0.0,60.21104657488565,0.0,3.4110695760697127,14.2,99.2,0.0,0.0,0.0,450.0,5698.7,0.0,0.0,76.579,2.047,78.626,20.805,1.331,77.295,emon,0.581,0.909,31.4,17.3,1.82
2026-09-17 21:51:52.477,14.1,0,95,8;92;95;0;0;11;0;0;0;15;0;0;5;0;0;0,594,4389,4389;4322;4330;4152;3397;2336;3304;3443;3150;2310;3126;3365;790;944;594;833,75.0,0.0,5694.7,0,0,0,0,0,0.0,0,0,0,0,0,0,0,0,0.0,0,0,0,0,0,0.0,0.0,0.0,0,0,0,67.1,20.06,15.09,0.36,40.52,20.7,63.4,83.9962371190389,19.216866798039216,42.14910155038039,47.680594551066555,31.512970129648846,1849.0,0.0,0.0,66.78440878912807,0.0,4.242234776417415,14.2,99.6,0.0,0.0,0.0,450.0,5698.7,0.0,0.0,100.159,1.144,101.303,15.925,1.019,100.284,emon,0.592,0.504,146.8,68.5,2.143
2026-09-17 21:51:53.492,14.9,0,92,5;92;91;0;0;18;0;0;0;23;0;0;6;3;0;0,516,4190,4190;4134;4096;4086;2594;2161;2870;2592;1868;2679;1920;1977;586;999;630;516,100.0,0.0,5694.7,0,0,0,0,0,0.0,0,0,0,0,0,0,0,0,0.0,0,0,0,0,0,0.0,0.0,0.0,0,0,0,65.1,20.06,15.09,0.36,40.52,20.7,63.4,87.1246468226115,19.47919268245321,42.11353126026335,47.73035758662792,31.565152486165363,1841.857142857143,0.0,0.0,66.81177460792519,0.0,4.865826572868086,14.3,99.8,0.0,0.0,0.0,450.0,5694.7,0.0,0.0,100.159,1.144,101.303,15.925,1.019,100.284,emon,0.592,0.504,146.8,68.5,2.143
2026-09-17 21:51:54.492,10.0,0,94,2;94;53;0;0;5;0;0;0;3;0;0;3;0;0;0,764,4473,4225;4473;4225;4052;1582;2025;2622;1983;1556;1957;1323;1487;783;852;794;764,0.0,0.0,5694.7,0,0,0,0,0,0.0,0,0,0,0,0,0,0,0,0.0,0,0,0,0,0,0.0,0.0,0.0,0,0,0,79.1,18.99,13.06,0.39,42.52,20.7,63.4,76.47114058997896,19.055393642849392,41.837489446004234,47.47792731391059,31.026899761623806,1832.3333333333333,0.0,0.0,66.71639599638164,0.0,0.0,14.2,99.7,0.0,0.0,0.0,450.0,5694.7,0.0,0.0,100.159,1.144,101.303,15.925,1.019,100.284,emon,0.592,0.504,146.8,68.5,2.143
2026-09-17 21:51:55.493,9.6,0,58,2;58;58;2;0;8;2;2;0;8;2;2;6;3;3;0,988,4729,4707;4709;4722;4729;2941;2330;3272;3400;3186;2293;3040;3327;1037;1063;1103;988,0.0,0.0,5694.7,0,0,0,0,0,0.0,0,0,0,0,0,0,0,0,0.0,0,0,0,0,0,0.0,0.0,0.0,0,0,0,79.1,18.99,13.06,0.39,42.52,20.7,63.4,65.6738805770874,0.006617370061576366,0.7898455262184143,0.07912585139274597,0.0,1424.0,0.0,0.0,0.0,0.0,50.074553836137056,4.6,32.3,0.0,0.0,0.0,450.0,5694.7,0.0,0.0,100.159,1.144,101.303,15.925,1.019,100.284,emon,0.592,0.504,146.8,68.5,2.143
2026-09-17 21:51:56.493,7.7,0,100,0;12;100;0;0;3;0;0;0;3;0;0;3;2;0;0,998,4726,2969;4609;4726;4726;1352;2033;1898;1694;1197;1348;1727;1605;1045;1048;1019;998,2.0,0.0,5588.6,0,0,0,0,0,0.0,0,0,0,0,0,0,0,0,0.0,0,0,0,0,0,0.0,0.0,0.0,0,0,0,78.1,18.99,13.06,0.39,42.52,20.7,63.4,97.37341690063477,0.008799818344414234,0.90435791015625,0.09105440974235535,0.0,599.0,0.0,0.0,0.0,0.0,50.42234733700752,0.0,0.0,0.0,0.0,0.0,450.0,5588.6,0.0,0.0,100.159,1.144,101.303,15.925,1.019,100.284,emon,0.592,0.504,146.8,68.5,2.143
2026-09-17 21:51:57.493,9.1,0,98,0;18;98;0;0;10;0;2;0;8;0;0;9;0;0;0,992,4729,4682;4677;4728;4729;1206;1684;1770;2060;1298;1532;1583;1301;1035;997;992;1024,0.0,0.0,5588.6,0,0,0,0,0,0.0,0,0,0,0,0,0,0,0,0.0,0,0,0,0,0,0.0,0.0,0.0,0,0,0,77.1,18.99,13.06,0.39,42.52,20.7,63.4,95.06869506835938,0.008852091617882252,0.8129734992980957,0.08132065087556839,0.0,899.0,0.0,0.0,0.0,0.0,50.41705542802811,0.0,0.0,0.0,0.0,0.0,450.0,5588.6,0.0,0.0,100.159,1.144,101.303,15.925,1.019,100.284,emon,0.592,0.504,146.8,68.5,2.143
2026-09-17 21:51:58.493,7.4,0,97,2;16;97;0;0;5;0;0;0;0;0;0;0;0;0;0,992,4726,4679;4630;4726;4631;1355;1775;1234;1316;1377;1597;1243;1268;1036;992;1042;1042,0.0,0.0,5588.6,0,0,0,0,0,0.0,0,0,0,0,0,0,0,0,0.0,0,0,0,0,0,0.0,0.0,0.0,0,0,0,77.1,21.86,0.98,0.33,25.6,20.7,63.4,96.86751556396484,1.589127271125714,14.528708140055338,12.835470035672188,0.09621433393719296,1057.3333333333333,0.0,0.0,0.0,0.0,50.27599237859249,0.0,0.0,0.0,0.0,0.0,450.0,5588.6,0.0,0.0,100.159,1.144,101.303,15.925,1.019,100.284,emon,0.592,0.504,146.8,68.5,2.143
2026-09-17 21:51:59.494,13.5,0,100,2;72;100;0;0;19;0;0;0;9;0;0;9;5;0;0,718,4500,4237;4379;4489;4500;2261;2047;2939;3285;2019;2202;3073;3409;718;1099;822;877,0.0,0.0,5593.4,0,0,0,0,0,0.0,0,0,0,0,0,0,0,0,0.0,0,0,0,0,0,0.0,0.0,0.0,0,0,0,68.1,21.86,0.98,0.33,25.6,21.1,63.4,100.02358627319336,51.137911109098546,15.362144688765207,48.6912865328292,1.819779267621925,1799.0,0.0,0.0,75.18183656285207,0.0,8.521668990453085,0.0,0.0,0.0,0.0,0.0,450.0,5593.4,0.0,0.0,100.159,1.144,101.303,15.925,1.019,100.284,emon,0.592,0.504,146.8,68.5,2.143
2026-09-17 21:52:00.494,14.3,0,98,17;81;98;2;0;9;0;0;0;11;0;0;6;5;0;0,602,4373,4294;4315;4308;4373;1891;2330;2755;2128;1676;2056;2454;2104;602;1136;916;767,0.0,0.0,5693.0,0,0,0,0,0,0.0,0,0,0,0,0,0,0,0,0.0,0,0,0,0,0,0.0,0.0,0.0,0,0,0,63.1,21.86,0.98,0.33,25.6,21.1,63.4,100.01053782871791,61.2869550823234,16.307795235088893,58.049769724053995,2.189870065876416,1841.857142857143,0.0,0.0,78.72108150592872,0.0,7.311874705765929,10.1,70.1,0.0,0.0,0.0,450.0,5697.0,0.0,0.0,100.159,1.144,101.303,15.925,1.019,100.284,emon,0.592,0.504,146.8,68.5,2.143
2026-09-17 21:52:01.495,14.5,0,94,2;94;92;0;0;19;0;0;0;12;0;0;6;8;0;0,598,4313,4150;4313;4310;4139;2208;2398;3065;2773;2593;2306;3182;2685;598;1026;642;767,100.0,0.0,5693.0,0,0,0,0,0,0.0,0,0,0,0,0,0,0,0,0.0,0,0,0,0,0,0.0,0.0,0.0,0,0,0,66.1,21.86,0.98,0.33,25.6,21.1,63.4,83.46185898780823,19.18329688021913,41.51464892923832,47.05097785405815,31.003272851308186,1849.0,0.0,0.0,66.77556663642947,0.0,4.261397033929825,14.3,99.8,0.0,0.0,0.0,450.0,5693.0,0.0,0.0,100.159,1.144,101.303,15.925,1.019,100.284,emon,0.592,0.504,146.8,68.5,2.143
2026-09-17 21:52:02.516,15.3,0,94,9;91;94;0;0;18;0;0;0;18;0;0;8;3;2;2,597,4242,4242;4162;4170;4215;1891;2454;3144;1935;1884;2365;2801;2585;597;999;760;791,100.0,0.0,5693.0,0,0,0,0,0,0.0,0,0,0,0,0,0,0,0,0.0,0,0,0,0,0,0.0,0.0,0.0,0,0,0,64.1,21.86,0.98,0.33,25.6,21.0,63.4,84.21650193287776,18.18245950756738,41.004049259882706,46.0399464231271,30.353782873887283,1849.0,0.0,0.0,65.51149113132404,0.0,3.93151851127354,14.2,99.7,0.0,0.0,0.0,450.0,5693.0,0.0,0.0,100.159,1.144,101.303,15.925,1.019,100.284,emon,0.592,0.504,146.8,68.5,2.143
2026-09-17 21:52:03.516,13.9,0,95,6;94;95;0;0;9;2;0;0;12;0;0;0;3;0;0,589,4247,4031;4115;4091;4247;2839;2164;3322;2747;1600;2682;2170;2305;589;981;762;648,100.0,0.0,5693.0,0,0,0,0,0,0.0,0,0,0,0,0,0,0,0,0.0,0,0,0,0,0,0.0,0.0,0.0,0,0,0,65.1,21.86,0.98,0.33,25.6,21.0,63.4,71.02308867658887,19.016202790396555,43.06557886941092,48.28002793448312,31.557478427886963,1849.0,0.0,0.0,67.87709273903498,0.0,0.0,14.2,99.3,0.0,0.0,0.0,450.0,5693.0,0.0,0.0,100.159,1.144,101.303,15.925,1.019,100.284,emon,0.592,0.504,146.8,68.5,2.143
2026-09-17 21:52:04.517,15.9,0,98,5;98;85;2;0;18;3;0;0;26;2;0;9;6;0;0,613,4149,4149;4101;4051;3949;3160;2137;3043;3401;2746;2800;3279;2358;613;1230;881;647,74.6,0.0,5693.0,0,0,0,0,0,0.0,0,0,0,0,0,0,0,0,0.0,0,0,0,0,0,0.0,0.0,0.0,0,0,0,65.1,21.86,0.98,0.33,25.6,21.0,63.4,69.57785791158676,18.2187559902668,41.39715647697449,45.98397082090378,31.05167520046234,1849.0,0.0,0.0,65.64898382348474,0.0,0.0,14.2,99.3,0.0,0.0,0.0,450.0,5693.0,0.0,0.0,104.572,0.854,105.426,15.17,0.971,104.455,emon,0.59,0.476,143.9,67.2,2.141
2026-09-17 21:52:05.517,15.3,0,88,11;88;88;2;0;20;0;0;0;20;0;0;9;8;0;0,611,4186,4186;4132;4069;3829;2184;2136;2920;2166;2513;2776;2978;2041;611;1208;651;791,100.0,0.0,5693.0,0,0,0,0,0,0.0,0,0,0,0,0,0,0,0,0.0,0,0,0,0,0,0.0,0.0,0.0,0,0,0,63.1,21.86,0.98,0.33,25.6,20.8,63.4,78.32825673710217,19.236466147682883,43.301041169600055,48.631860906427555,31.91081966053356,1849.0,0.0,0.0,72.76700299250132,0.0,0.0,14.2,99.1,0.0,0.0,0.0,450.0,5693.0,0.0,0.0,104.572,0.854,105.426,15.17,0.971,104.455,emon,0.59,0.476,143.9,67.2,2.141
2026-09-17 21:52:06.517,8.7,0,86,0;86;27;0;0;10;0;0;0;8;0;0;9;0;0;0,1002,4728,4728;4722;4589;4349;1357;1303;1294;1287;1161;1479;1386;1401;1034;1022;1027;1002,0.0,0.0,5693.0,0,0,0,0,0,0.0,0,0,0,0,0,0,0,0,0.0,0,0,0,0,0,0.0,0.0,0.0,0,0,0,82.1,0.0,0.0,0.0,0.0,20.8,63.4,61.700063705444336,0.005929751321673393,0.9983295202255249,0.09994057565927505,0.0,1674.0,0.0,0.0,0.0,0.0,50.07580667734146,11.5,80.4,0.0,0.0,0.0,450.0,5693.0,0.0,0.0,104.572,0.854,105.426,15.17,0.971,104.455,emon,0.59,0.476,143.9,67.2,2.141
2026-09-17 21:52:07.517,7.6,0,91,2;91;23;0;0;0;0;0;0;6;0;0;0;0;0;0,963,4727,4721;4725;4696;4727;1392;1389;1237;1569;1205;1385;1350;1549;1034;963;964;1000,0.0,0.0,5693.0,0,0,0,0,0,0.0,0,0,0,0,0,0,0,0,0.0,0,0,0,0,0,0.0,0.0,0.0,0,0,0,82.1,0.0,0.0,0.0,0.0,20.8,63.4,67.38821983337402,0.008794204331934452,0.8547609448432922,0.08573561161756516,0.0,899.0,0.0,0.0,0.0,0.0,50.10902392119169,0.0,0.0,0.0,0.0,0.0,450.0,5693.0,0.0,0.0,104.572,0.854,105.426,15.17,0.971,104.455,emon,0.59,0.476,143.9,67.2,2.141
2026-09-17 21:52:08.518,7.4,0,80,2;80;27;0;0;2;0;0;0;6;0;2;0;0;0;0,907,4728,4414;4723;4698;4728;1290;2178;1233;1325;1190;1402;1298;1212;1035;954;1044;907,0.0,0.0,5693.0,0,0,0,0,0,0.0,0,0,0,0,0,0,0,0,0.0,0,0,0,0,0,0.0,0.0,0.0,0,0,0,81.1,0.0,0.0,0.0,0.0,20.8,63.4,97.70742416381836,0.0072179799899458885,0.9551194310188293,0.0953492596745491,0.0,1199.0,0.0,0.0,0.0,0.0,50.2290355861187,0.0,0.0,0.0,0.0,0.0,450.0,5693.0,0.0,0.0,104.572,0.854,105.426,15.17,0.971,104.455,emon,0.59,0.476,143.9,67.2,2.141
2026-09-17 21:52:09.518,7.5,0,77,0;77;34;0;0;3;0;0;0;6;0;0;0;0;0;0,1024,4729,4416;4725;4702;4729;1192;1318;2961;1428;1144;1550;1355;1171;1034;1024;1050;1028,0.0,0.0,5693.0,0,0,0,0,0,0.0,0,0,0,0,0,0,0,0,0.0,0,0,0,0,0,0.0,0.0,0.0,0,0,0,80.1,0.0,0.0,0.0,0.0,20.8,63.4,98.07828140258789,0.006839832291007042,0.874078631401062,0.08723828196525574,0.0,1199.0,0.0,0.0,0.0,0.0,50.17801575362682,0.0,0.0,0.0,0.0,0.0,450.0,5693.0,0.0,0.0,104.572,0.854,105.426,15.17,0.971,104.455,emon,0.59,0.476,143.9,67.2,2.141
2026-09-17 21:52:10.519,8.4,0,92,2;92;22;0;0;5;0;0;0;6;0;0;3;5;0;0,1049,4710,4223;4710;4608;4570;2129;2030;1958;2179;2625;1898;2503;2687;1049;1196;1124;1159,0.0,0.0,5693.0,0,0,0,0,0,0.0,0,0,0,0,0,0,0,0,0.0,0,0,0,0,0,0.0,0.0,0.0,0,0,0,82.1,22.08,0.0,0.32,24.11,20.9,63.4,96.1138687133789,0.008702215738594532,0.8059790730476379,0.0808463916182518,0.0,599.0,0.0,0.0,0.0,0.0,50.43669220805168,0.0,0.0,0.0,0.0,0.0,450.0,5693.0,0.0,0.0,104.572,0.854,105.426,15.17,0.971,104.455,emon,0.59,0.476,143.9,67.2,2.141
2026-09-17 21:52:11.519,14.8,0,95,2;95;95;0;0;14;0;0;0;17;0;0;9;5;0;0,585,4397,4397;4241;4244;4321;2749;2475;2387;2431;2266;1789;2652;2614;585;1040;793;808,0.9,0.0,5714.1,0,0,0,0,0,0.0,0,0,0,0,0,0,0,0,0.0,0,0,0,0,0,0.0,0.0,0.0,0,0,0,65.1,22.08,0.0,0.32,24.11,20.9,63.4,99.99999389648437,74.14284744262696,22.107637214660645,70.00529098510742,2.7334362626075746,1819.0,0.0,0.0,100.00000534057617,0.0,0.0,3.0,20.9,0.0,0.0,0.0,450.0,5714.1,0.0,0.0,104.572,0.854,105.426,15.17,0.971,104.455,emon,0.59,0.476,143.9,67.2,2.141
2026-09-17 21:52:12.520,14.6,0,95,6;91;95;0;0;16;0;0;0;14;0;0;9;3;0;0,586,4332,4332;4324;4316;4232;3270;2355;3272;2918;2723;1955;3165;2604;586;983;816;734,0.0,0.0,5714.1,0,0,0,0,0,0.0,0,0,0,0,0,0,0,0,0.0,0,0,0,0,0,0.0,0.0,0.0,0,0,0,66.1,22.08,0.0,0.32,24.11,20.9,63.4,99.99999237060547,76.96434631347657,21.878985786437987,72.48172302246094,2.918814206123352,1849.0,0.0,0.0,99.99999237060547,0.0,0.0,14.3,100.0,0.0,0.0,0.0,450.0,5714.1,0.0,0.0,104.572,0.854,105.426,15.17,0.971,104.455,emon,0.59,0.476,143.9,67.2,2.141
2026-09-17 21:52:13.521,16.3,0,91,14;80;91;3;0;27;6;0;0;27;0;2;2;8;3;0,595,4294,4284;4290;4294;4267;2282;2562;2804;2383;1591;2245;1960;2525;595;1303;789;733,70.2,0.0,5714.1,0,0,0,0,0,0.0,0,0,0,0,0,0,0,0,0.0,0,0,0,0,0,0.0,0.0,0.0,0,0,0,66.1,19.09,17.38,0.37,43.21,20.9,63.4,74.9477591117223,20.085028092066448,45.224196116129555,50.833611170450844,33.08342417081197,1849.0,0.0,0.0,70.85994417235877,0.0,0.0,14.2,99.4,0.0,0.0,0.0,450.0,5714.1,0.0,0.0,104.572,0.854,105.426,15.17,0.971,104.455,emon,0.59,0.476,143.9,67.2,2.141
2026-09-17 21:52:14.522,14.4,0,97,97;5;92;2;0;0;16;2;0;0;12;0;0;0;5;0,586,4322,4322;4303;4319;4072;3309;2234;2186;3309;1886;2139;2164;1997;595;586;1052;680,98.7,0.0,5714.1,0,0,0,0,0,0.0,0,0,0,0,0,0,0,0,0.0,0,0,0,0,0,0.0,0.0,0.0,0,0,0,67.1,19.09,17.38,0.37,43.21,20.9,63.4,72.77808944995587,20.180598992567795,44.07174829336313,49.9328366793119,33.1741765829233,1849.0,0.0,0.0,69.25513103704613,0.0,0.0,14.2,99.6,0.0,0.0,0.0,450.0,5714.1,0.0,0.0,104.572,0.854,105.426,15.17,0.971,104.455,emon,0.59,0.476,143.9,67.2,2.141
2026-09-17 21:52:15.522,14.9,0,95,95;2;92;0;0;0;25;2;0;0;16;2;3;0;3;0,602,4345,4345;4104;4343;4330;2109;3213;2450;3376;3115;3097;2294;3390;602;702;1097;737,90.7,0.0,5714.1,0,0,0,0,0,0.0,0,0,0,0,0,0,0,0,0.0,0,0,0,0,0,0.0,0.0,0.0,0,0,0,67.1,19.09,17.38,0.37,43.21,20.9,63.4,85.46826949872468,21.433490552400286,46.36995978104441,52.71148922568873,34.76466992026881,1849.0,0.0,0.0,73.77478313210763,0.0,0.0,14.2,99.5,0.0,0.0,0.0,450.0,5714.1,0.0,0.0,104.572,0.854,105.426,15.17,0.971,104.455,emon,0.59,0.476,143.9,67.2,2.141
2026-09-17 21:52:16.523,15.6,0,100,100;6;86;2;0;0;23;2;0;0;16;0;9;0;6;0,594,4245,4245;4085;4211;4127;2057;1447;2617;3306;2872;2309;2384;2969;594;642;1014;693,100.0,0.0,5714.1,0,0,0,0,0,0.0,0,0,0,0,0,0,0,0,0.0,0,0,0,0,0,0.0,0.0,0.0,0,0,0,66.1,19.09,17.38,0.37,43.21,20.9,63.4,78.62790186064584,17.637418026204355,38.92302407962935,43.37336855913912,28.23190770830427,1825.7857142857142,0.0,0.0,64.35588024689683,0.0,3.6550645168338503,14.2,99.6,0.0,0.0,0.0,450.0,5714.1,0.0,0.0,102.606,0.714,103.321,14.295,0.915,102.406,emon,0.592,0.403,148.6,69.4,2.14
2026-09-17 21:52:17.523,11.6,0,97,54;10;97;0;0;0;10;0;0;0;11;0;3;0;2;0,728,4460,4350;4237;4460;4298;1624;1684;2356;2116;2836;2960;2162;1903;728;836;1054;869,75.7,0.0,5714.1,0,0,0,0,0,0.0,0,0,0,0,0,0,0,0,0.0,0,0,0,0,0,0.0,0.0,0.0,0,0,0,73.1,19.31,11.68,0.39,40.56,20.8,63.4,72.72345618406932,14.742501688810686,31.447966814041138,35.67298360417286,23.17207908630371,1774.0,0.0,0.0,50.00109303649515,0.0,16.669316979746025,14.2,99.6,0.0,0.0,0.0,450.0,5714.1,0.0,0.0,102.606,0.714,103.321,14.295,0.915,102.406,emon,0.592,0.403,148.6,69.4,2.14
2026-09-17 21:52:18.523,8.0,0,96,19;0;96;0;0;0;8;0;0;0;6;0;0;0;0;0,1004,4729,4683;4356;4727;4729;1213;1185;1852;1216;1166;1201;1520;1205;1036;1042;1020;1004,0.0,0.0,5714.1,0,0,0,0,0,0.0,0,0,0,0,0,0,0,0,0.0,0,0,0,0,0,0.0,0.0,0.0,0,0,0,78.1,19.31,11.68,0.39,40.56,20.8,63.4,72.72345618406932,14.742501688810686,31.447966814041138,35.67298360417286,23.17207908630371,1774.0,0.0,0.0,50.00109303649515,0.0,16.669316979746025,4.8,33.6,0.0,0.0,0.0,450.0,5714.1,0.0,0.0,102.606,0.714,103.321,14.295,0.915,102.406,emon,0.592,0.403,148.6,69.4,2.14
2026-09-17 21:52:19.524,7.9,0,98,17;0;98;0;0;0;5;0;0;0;0;0;6;0;0;0,990,4725,4634;4312;4720;4725;1159;1191;1968;1313;1205;1201;1316;1215;1032;1006;990;997,0.0,0.0,5714.1,0,0,0,0,0,0.0,0,0,0,0,0,0,0,0,0.0,0,0,0,0,0,0.0,0.0,0.0,0,0,0,77.1,19.31,11.68,0.39,40.56,20.8,63.4,68.92969512939453,0.008899225853383541,0.8749310970306396,0.0877801850438118,0.0,899.0,0.0,0.0,0.0,0.0,50.11163733899593,0.0,0.0,0.0,0.0,0.0,450.0,5714.1,0.0,0.0,102.606,0.714,103.321,14.295,0.915,102.406,emon,0.592,0.403,148.6,69.4,2.14
2026-09-17 21:52:20.525,8.3,0,97,17;3;97;0;0;0;12;0;0;0;3;0;0;0;0;0,980,4727,4636;4630;4727;4723;1414;1166;1486;1868;1211;1169;1300;1218;1037;1025;980;997,0.0,0.0,5714.1,0,0,0,0,0,0.0,0,0,0,0,0,0,0,0,0.0,0,0,0,0,0,0.0,0.0,0.0,0,0,0,77.1,19.31,11.68,0.39,40.56,20.8,63.4,97.29745101928711,0.006805624812841415,0.8892223238945007,0.08887919038534164,0.0,1199.0,0.0,0.0,0.0,0.0,50.155159056186676,0.0,0.0,0.0,0.0,0.0,450.0,5714.1,0.0,0.0,102.606,0.714,103.321,14.295,0.915,102.406,emon,0.592,0.403,148.6,69.4,2.14
2026-09-17 21:52:21.525,9.1,0,95,9;5;95;0;0;0;14;0;0;0;11;0;0;0;11;0,964,4727,4609;4547;4720;4727;2482;3063;1919;3096;2930;1594;1870;2427;1153;964;1687;1220,0.0,0.0,5714.1,0,0,0,0,0,0.0,0,0,0,0,0,0,0,0,0.0,0,0,0,0,0,0.0,0.0,0.0,0,0,0,77.1,22.08,0.0,0.32,24.12,20.8,63.4,97.82804870605469,0.008822305127978325,0.9132354855537415,0.09139654040336609,0.0,599.0,0.0,0.0,0.0,0.0,50.36038354039192,0.0,0.0,0.0,0.0,0.0,450.0,5714.1,0.0,0.0,102.606,0.714,103.321,14.295,0.915,102.406,emon,0.592,0.403,148.6,69.4,2.14
2026-09-17 21:52:22.525,17.3,0,97,49;17;97;9;3;2;28;3;2;0;20;5;16;2;19;4,1154,4481,4272;4118;4481;3835;3040;2352;2636;2724;2523;2795;2363;2157;1154;1319;1583;1300,0.0,0.0,5714.1,0,0,0,0,0,0.0,0,0,0,0,0,0,0,0,0.0,0,0,0,0,0,0.0,0.0,0.0,0,0,0,69.1,22.08,0.0,0.32,24.12,21.0,63.4,100.0000228881836,75.85888417561848,22.74896303812663,76.13686625162761,2.1245222091674805,1799.0,0.0,0.0,99.99998474121094,0.0,0.0,0.0,0.0,0.0,0.0,0.0,450.0,5714.1,0.0,0.0,102.606,0.714,103.321,14.295,0.915,102.406,emon,0.592,0.403,148.6,69.4,2.14
2026-09-17 21:52:23.525,23.1,0,91,34;31;91;12;6;2;75;2;0;2;29;5;9;11;51;10,1127,4111,3987;3958;4111;3907;1872;1702;3091;2308;2877;2666;2352;2542;1127;1210;1592;1411,3.6,0.0,5822.1,0,0,0,0,0,0.0,0,0,0,0,0,0,0,0,0.0,0,0,0,0,0,0.0,0.0,0.0,0,0,0,50.1,22.08,0.0,0.32,24.12,21.1,63.4,100.08572398672858,20.89274530179745,12.811751927832047,23.19736068057928,0.7638973796659773,1849.0,0.0,0.0,29.960854691892138,0.0,24.906208028628242,9.8,66.9,0.0,0.0,0.0,450.0,5822.1,0.0,0.0,102.606,0.714,103.321,14.295,0.915,102.406,emon,0.592,0.403,148.6,69.4,2.14
2026-09-17 21:52:24.526,18.4,0,91,31;14;91;3;0;0;85;2;0;0;23;0;19;0;23;5,637,4169,3960;4006;4169;3845;2918;2963;3289;2826;2796;2680;2445;1816;689;637;1026;779,0.7,0.0,5818.6,0,0,0,0,0,0.0,0,0,0,0,0,0,0,0,0.0,0,0,0,0,0,0.0,0.0,0.0,0,0,0,47.1,22.08,0.0,0.32,24.12,21.1,63.4,96.36041739281643,7.875193664893048,18.480659578623396,19.701406417519188,13.158961898155427,1839.4494382022472,0.0,0.0,31.350640754598675,0.0,21.764452138413372,14.2,98.3,0.0,0.0,0.0,450.0,5818.6,0.0,0.0,102.606,0.714,103.321,14.295,0.915,102.406,emon,0.592,0.403,148.6,69.4,2.14
2026-09-17 21:52:25.526,17.6,0,98,33;40;98;6;0;0;50;0;0;0;17;0;16;0;17;5,681,4187,4087;4109;4187;3914;2251;2178;3097;2875;3110;3049;2372;2948;681;769;969;914,100.0,0.0,5802.6,0,0,0,0,0,0.0,0,0,0,0,0,0,0,0,0.0,0,0,0,0,0,0.0,0.0,0.0,0,0,0,55.1,16.69,18.17,0.38,42.58,21.1,63.4,96.15042973094516,7.862295889621601,17.740010576115715,19.331906413700846,12.566475947697958,1849.0,0.0,0.0,30.981215424046646,0.0,22.96699286519692,14.2,98.6,0.0,0.0,0.0,450.0,5802.6,0.0,0.0,102.606,0.714,103.321,14.295,0.915,102.406,emon,0.592,0.403,148.6,69.4,2.14
2026-09-17 21:52:26.527,17.3,0,95,79;23;95;3;0;0;20;2;0;0;23;0;9;0;17;5,673,4184,4184;4125;4155;4083;2772;3001;2456;3103;2301;2231;2303;2767;764;673;1023;838,90.8,0.0,5789.6,0,0,0,0,0,0.0,0,0,0,0,0,0,0,0,0.0,0,0,0,0,0,0.0,0.0,0.0,0,0,0,62.1,16.69,18.17,0.38,42.58,21.2,63.4,95.45849818472537,8.639490887811927,19.61565965747241,21.55045938288203,13.959884181526137,1849.0,0.0,0.0,32.10545713964109,0.0,22.133395227904415,14.2,98.5,0.0,0.0,0.0,450.0,5789.6,0.0,0.0,102.606,0.714,103.321,14.295,0.915,102.406,emon,0.592,0.403,148.6,69.4,2.14
2026-09-17 21:52:27.528,16.9,0,95,67;36;95;2;0;0;28;3;0;0;12;0;8;0;17;2,732,4202,4148;4145;4179;4202;3010;3179;2659;3244;3036;3256;2221;2494;732;782;1021;771,99.5,0.0,5781.6,0,0,0,0,0,0.0,0,0,0,0,0,0,0,0,0.0,0,0,0,0,0,0.0,0.0,0.0,0,0,0,61.1,16.69,18.17,0.38,42.58,21.1,63.4,95.3860752884164,8.423774742678436,19.161945746605653,20.824010215609906,13.50013132554939,1849.0,0.0,0.0,31.757953910353447,0.0,21.489047431241136,14.1,98.2,0.0,0.0,0.0,450.0,5781.6,0.0,0.0,102.606,0.714,103.321,14.295,0.915,102.406,emon,0.592,0.403,148.6,69.4,2.14
2026-09-17 21:52:28.528,18.9,0,95,62;44;95;2;3;3;28;0;0;0;20;0;6;2;25;12,753,4190,4181;4167;4190;3964;3258;3247;2658;2792;2530;1900;2201;2120;753;786;998;959,100.0,0.0,5741.3,0,0,0,0,0,0.0,0,0,0,0,0,0,0,0,0.0,0,0,0,0,0,0.0,0.0,0.0,0,0,0,61.1,16.69,18.17,0.38,42.58,21.0,63.4,96.18339589401916,8.166271329796004,18.90955200824109,20.257112547263993,13.401271403490842,1849.0,0.0,0.0,31.75550550455739,0.0,21.853258085494687,14.1,98.4,0.0,0.0,0.0,450.0,5755.8,0.0,0.0,102.198,1.048,103.245,26.036,1.666,101.579,emon,0.593,0.478,144.8,67.5,2.145
2026-09-17 21:52:29.528,18.9,0,96,54;33;96;6;0;0;50;2;0;0;28;2;5;2;22;3,1042,4544,4415;4544;4520;4525;1557;1405;2968;2112;1555;1927;2479;1579;1042;1748;1163;1221,33.2,0.0,1426.2,0,0,0,0,0,0.0,0,0,0,0,0,0,0,0,0.0,0,0,0,0,0,0.0,0.0,0.0,0,0,0,71.1,19.41,11.21,0.39,40.3,16.8,63.4,71.20814069563693,3.51846113555472,9.681267965923656,9.01883945918896,5.881726178255948,1512.6363636363637,0.0,0.0,12.67606288404204,0.0,37.665529460455716,14.1,98.3,0.0,0.0,0.0,450.0,5741.3,0.0,0.0,102.198,1.048,103.245,26.036,1.666,101.579,emon,0.593,0.478,144.8,67.5,2.145
