timestamp,cpu_total_pct,cpu_core_min,cpu_core_max,cpu_cores_csv,cpu_freq_min_mhz,cpu_freq_max_mhz,cpu_freq_csv,igpu_pct,igpu_ded_mb,igpu_shared_mb,nvidia_gpu_pct,nvidia_mem_pct,nvidia_mem_used_mb,nvidia_mem_total_mb,nvidia_temp_c,nvidia_power_w,nvidia_sm_clk_mhz,nvidia_mem_clk_mhz,nvidia_pcie_gen,nvidia_pcie_width,nvidia_throttle,nvidia_pcie_rx_kbs,nvidia_pcie_tx_kbs,nvidia_pstate,nvidia_power_limit_w,nvidia_sm_clk_max_mhz,nvidia_mem_clk_max_mhz,nvidia_sm_clk_eff_pct,nvidia_mem_clk_eff_pct,nvidia_power_eff_pct,npu_pct,npu_ded_mb,npu_shared_mb,npu_process_count,npu_infer_ms,cpu_throttle_pct,soc_temp_c,rapl_cpu_w,rapl_igpu_w,rapl_npu_w,rapl_soc_w,ram_used_gb,ram_total_gb,l0_gpu_busy,l0_xve_active,l0_xve_stall,l0_xve_occupancy,l0_l3_stall,l0_gpu_freq_mhz,l0_mem_read_gbs,l0_mem_write_gbs,l0_compute_busy,l0_copy_busy,l0_render_busy,zes_gpu_busy,zes_compute_busy,zes_render_busy,zes_copy_busy,zes_media_busy,zes_freq_mhz,zes_mem_used_mb,zes_temp_c,zes_power_w,dram_read_gbs,dram_write_gbs,dram_total_gbs,l3miss_millions,ia_dram_bw_gbs,nonia_dram_bw_gbs,bw_source,dram_page_hit_rate_rd,dram_page_hit_rate_wr,dram_rd_latency_imc_clks,dram_rd_latency_ns,imc_freq_ghz
2026-09-25 10:48:08.482,16.1,0,100,0;67;0;100;0;0;0;33;0;0;0;33;0;0;0;25,1075,4625,4148;4436;4500;4625;3297;1659;2902;3278;2990;2787;2642;3194;1565;1075;1496;1871,6.1,0.0,923.3,0,0,0,0,0,0.0,0,0,0,0,0,0,0,0,0.0,0,0,0,0,0,0.0,0.0,0.0,0,0,0,66.1,0.0,0.0,0.0,0.0,14.2,63.4,84.40668132901192,1.8832175582647324,14.292489051818848,12.894143104553223,0.8746793676909874,1642.75,0.0,0.0,0.0,0.0,56.47939864289947,0.0,0.0,0.0,0.0,0.0,0.0,0.0,0.0,0.0,,,,,,,,,,,,
2026-09-25 10:48:09.482,15.2,0,97,20;35;11;97;3;0;0;30;11;0;0;22;3;2;0;11,1444,4740,4398;4338;4740;4692;3332;3146;1886;3049;3222;3017;2678;3106;1607;1647;1444;1674,6.1,0.0,923.3,0,0,0,0,0,0.0,0,0,0,0,0,0,0,0,0.0,0,0,0,0,0,0.0,0.0,0.0,0,0,0,68.1,0.0,0.0,0.0,0.0,14.2,63.4,90.13469151765602,2.3716907797571665,19.595509604195865,18.069195796956837,1.6373449964869689,1140.4364640883978,0.0,0.0,0.0,0.0,56.05489217864545,0.0,0.0,0.0,0.0,0.0,450.0,923.3,0.0,0.0,,,,,,,,,,,,
2026-09-25 10:48:10.482,18.0,2,88,35;38;19;88;8;2;5;22;14;5;2;20;2;8;3;20,1944,4684,4484;4495;4684;4678;3333;3272;3321;3063;3210;3320;3347;3094;2300;2041;2374;1944,6.6,0.0,915.1,0,0,0,0,0,0.0,0,0,0,0,0,0,0,0,0.0,0,0,0,0,0,0.0,0.0,0.0,0,0,0,68.1,20.99,0.33,0.39,25.98,14.2,63.4,91.76120416579708,2.359154064303404,18.876908288207105,18.002891635902788,1.4626821640005645,1162.8440860215053,0.0,0.0,0.0,0.0,56.753550523471446,1.0,0.0,0.0,0.0,0.0,450.0,915.1,0.0,0.0,,,,,,,,,,,,
2026-09-25 10:48:11.483,14.5,0,81,23;31;12;81;2;0;0;26;6;0;0;30;2;2;0;17,1250,4592,4308;4208;4523;4592;3228;3120;3018;2801;3095;3115;2786;2777;1451;1250;1582;1510,7.3,0.0,945.0,0,0,0,0,0,0.0,0,0,0,0,0,0,0,0,0.0,0,0,0,0,0,0.0,0.0,0.0,0,0,0,58.1,20.99,0.33,0.39,25.98,14.3,63.4,82.4315807006173,0.16093126269573255,3.486691102994862,2.2642682814160464,0.23412327842958286,1275.7657992565055,0.0,0.0,0.37135339078240676,0.00411534309387207,53.19069581962369,1.1,0.0,0.0,0.0,0.0,450.0,930.3,0.0,0.0,,,,,,,,,,,,
2026-09-25 10:48:12.483,21.8,0,97,32;80;9;97;5;2;2;25;6;0;2;19;5;3;0;64,1810,4705,4662;4666;4687;4705;3082;3337;2818;2831;2944;2765;2817;2431;1920;2018;1810;2605,2.1,0.0,938.3,0,0,0,0,0,0.0,0,0,0,0,0,0,0,0,0.0,0,0,0,0,0,0.0,0.0,0.0,0,0,0,75.1,20.99,0.33,0.39,25.98,14.4,63.4,83.77705000757098,0.24717827504270012,3.680415684575433,2.609624252126024,0.23478260062905532,1055.081081081081,0.0,0.0,0.0,0.0,53.14912373289835,0.5,0.0,0.0,0.0,0.0,300.0,938.3,0.0,0.0,,,,,,,,,,,,
2026-09-25 10:48:13.483,78.8,71,98,89;86;80;98;77;78;72;80;77;75;73;82;73;75;71;75,2953,4719,4717;4717;4718;4719;3443;3448;3448;3439;3443;3436;3446;3438;2966;2966;2965;2953,0.2,0.0,939.1,0,0,0,0,0,0.0,0,0,0,0,0,0,0,0,0.0,0,0,0,0,0,0.0,0.0,2190.8,0,0,0,70.1,20.99,0.33,0.39,25.98,23.0,63.4,73.57588837363504,0.003613589490255849,0.4763894013383172,0.0475749077106064,0.0,1051.2727272727273,0.0,0.0,0.0,0.0,50.184756161814384,0.2,0.0,0.0,0.0,0.0,450.0,939.1,0.0,0.0,,,,,,,,,,,,
2026-09-25 10:48:14.484,9.8,0,69,8;32;3;69;3;2;3;8;3;3;2;11;5;0;2;3,1783,4663,4407;4033;4663;4435;3366;3432;3372;2539;3372;3414;3235;2802;1783;2400;2397;1865,0.1,0.0,935.3,0,0,0,0,0,0.0,0,0,0,0,0,0,0,0,0.0,0,0,0,0,0,0.0,0.0,4629.9,0,0,0,48.1,20.99,0.33,0.39,25.98,19.0,63.4,88.99980425834656,0.003630242747021839,0.5073753725737333,0.05063532758504152,0.0,1124.0,0.0,0.0,0.0,0.0,50.25695616938174,0.0,0.0,0.0,0.0,0.0,450.0,935.3,0.0,0.0,,,,,,,,,,,,
2026-09-25 10:48:15.485,3.7,0,23,3;14;2;23;0;0;0;6;0;0;0;6;0;0;2;3,854,3141,1033;1547;1108;3141;1192;1147;1415;1222;1772;1175;1154;1187;1181;1124;854;1131,0.1,0.0,935.3,0,0,0,0,0,0.0,0,0,0,0,0,0,0,0,0.0,0,0,0,0,0,0.0,0.0,4629.9,0,0,0,37.1,20.99,0.33,0.39,25.98,19.0,63.4,98.04408306545682,0.003619855205114517,0.48450708389282227,0.04842360338403119,0.0,1110.111111111111,0.0,0.0,0.0,0.0,50.26909638941288,0.0,0.0,0.0,0.0,0.0,450.0,935.3,0.0,0.0,,,,,,,,,,,,
2026-09-25 10:48:16.485,2.5,0,17,0;9;0;17;0;0;0;5;0;0;0;3;3;0;0;3,938,3866,2337;2787;1994;3866;1117;938;1065;1268;1213;1131;1102;1254;1940;1142;984;1166,0.7,0.0,924.4,0,0,0,0,0,0.0,0,0,0,0,0,0,0,0,0.0,0,0,0,0,0,0.0,0.0,4629.9,0,0,0,38.1,20.99,0.33,0.39,25.98,19.0,63.4,97.56838711825284,0.3688879092647271,8.66965724798766,7.757716189223257,0.006788166917183183,1162.6363636363637,0.0,0.0,0.0,0.0,50.282695544036955,0.0,0.0,0.0,0.0,0.0,450.0,934.2,0.0,0.0,,,,,,,,,,,,
2026-09-25 10:48:17.486,2.8,0,22,2;12;0;22;0;0;0;5;0;0;0;3;2;0;0;0,1108,3166,2784;1792;1751;3166;1131;1112;1187;1249;1180;1175;1160;1345;1135;1137;1108;1130,0.1,0.0,924.4,0,0,0,0,0,0.0,0,0,0,0,0,0,0,0,0.0,0,0,0,0,0,0.0,0.0,4629.9,0,0,0,37.1,20.99,0.33,0.39,25.98,19.0,63.4,97.52520018357497,0.009492946094654214,2.2285671876027036,1.1409231533224766,0.15743814981900728,1199.0,0.0,0.0,0.0,0.0,50.257899448275566,0.1,0.0,0.0,0.0,0.0,450.0,924.4,0.0,0.0,,,,,,,,,,,,
2026-09-25 10:48:18.486,2.9,0,23,0;14;0;23;2;0;0;3;0;0;0;3;0;0;0;2,1033,2964,1847;1604;2075;2964;1126;1169;1177;1257;1110;1181;1212;1735;1081;1033;1122;1192,0.2,0.0,924.4,0,0,0,0,0,0.0,0,0,0,0,0,0,0,0,0.0,0,0,0,0,0,0.0,0.0,4629.9,0,0,0,37.1,0.0,0.0,0.0,0.0,19.0,63.4,97.53555870056152,0.050874784452995904,3.450982630252838,2.642169981574019,0.11994477113087972,1134.4166666666667,0.0,0.0,0.0,0.0,50.34629447261492,0.0,0.0,0.0,0.0,0.0,450.0,924.4,0.0,0.0,,,,,,,,,,,,
2026-09-25 10:48:19.487,4.4,0,29,3;16;2;29;0;0;0;6;2;0;0;8;0;0;0;5,994,3798,3798;2406;2919;2966;1340;1127;1136;1346;1314;994;1123;1282;1072;1049;1076;1086,0.1,0.0,924.4,0,0,0,0,0,0.0,0,0,0,0,0,0,0,0,0.0,0,0,0,0,0,24.3,0.0,4738.4,0,0,0,41.1,0.0,0.0,0.0,0.0,19.0,63.4,96.77760467529296,0.07462403806857765,3.666321250796318,2.8352576274424792,0.24346513748168946,1031.5,0.0,0.0,0.0,0.0,50.28200326561928,0.0,0.0,0.0,0.0,0.0,450.0,924.4,0.0,0.0,,,,,,,,,,,,
2026-09-25 10:48:20.502,2.5,0,22,0;11;0;22;0;0;0;0;0;0;0;8;0;0;0;0,891,3257,3257;1991;3146;2938;1211;1196;1183;1188;1207;1211;1202;1227;1138;994;891;1117,0.3,0.0,924.4,0,0,0,0,0,0.0,0,0,0,0,0,0,0,0,0.0,0,0,0,0,0,71.3,0.0,4738.4,0,0,0,38.1,0.0,0.0,0.0,0.0,19.2,63.4,98.66555213928223,0.004692410606367048,0.4935741201043129,0.04921033582650125,0.0,999.0,0.0,0.0,0.0,0.0,50.164262969978154,0.0,0.0,0.0,0.0,0.0,250.0,924.4,0.0,0.0,,,,,,,,,,,,
2026-09-25 10:48:21.502,3.9,0,25,2;25;0;22;0;0;0;6;0;0;0;8;0;0;0;0,1101,2906,1883;1925;2583;2906;1184;1137;1134;1186;1183;1162;1101;1122;1459;1136;1135;1188,0.2,0.0,924.4,0,0,0,0,0,0.0,0,0,0,0,0,0,0,0,0.0,0,0,0,0,0,0.0,0.0,4738.4,0,0,0,34.1,0.0,0.0,0.0,0.0,19.0,63.4,96.09853935241699,0.004556059138849378,0.5567145124077797,0.05560643691569567,0.0,1067.75,0.0,0.0,0.0,0.0,50.34363776445389,0.0,0.0,0.0,0.0,0.0,450.0,924.4,0.0,0.0,0.652,0.36,1.012,9.748,0.624,0.388,emon,0.94,0.873,28.5,29.2,0.978
2026-09-25 10:48:22.503,5.2,0,22,2;22;3;22;0;2;0;12;3;0;0;8;0;0;0;9,989,3505,3505;2822;3492;3364;1278;1202;1263;1746;1452;1154;1128;1604;1145;1061;989;1255,0.2,0.0,924.4,0,0,0,0,0,0.0,0,0,0,0,0,0,0,0,0.0,0,0,0,0,0,0.0,0.0,4738.4,0,0,0,35.1,2.42,0.01,3.08,9.58,19.0,63.4,97.43888671875,1.1325362179987133,15.252598519325256,12.822758442312479,0.7365432266145945,1200.0,0.0,0.0,0.0,0.0,50.259025360941884,0.0,0.0,0.0,0.0,0.0,450.0,924.4,0.0,0.0,0.652,0.36,1.012,9.748,0.624,0.388,emon,0.94,0.873,28.5,29.2,0.978
2026-09-25 10:48:23.503,5.7,0,38,3;26;0;38;0;0;0;11;0;0;0;12;0;0;0;2,1075,4254,4254;3815;3940;3976;1224;1195;1191;1691;1722;1204;1203;1650;1119;1075;1094;1107,3.7,0.0,936.1,0,0,0,0,0,0.0,0,0,0,0,0,0,0,0,0.0,0,0,0,0,0,0.0,0.0,4738.4,0,0,0,37.1,2.42,0.01,3.08,9.58,19.1,63.4,98.1208946293798,1.9468565392147363,24.18148813576534,22.135469163286274,1.940603863170791,1187.3620689655172,0.0,0.0,0.0,0.0,53.332773507412135,0.3,0.0,0.0,0.0,0.0,450.0,936.1,0.0,0.0,0.652,0.36,1.012,9.748,0.624,0.388,emon,0.94,0.873,28.5,29.2,0.978
2026-09-25 10:48:24.504,16.6,0,82,33;39;15;82;3;3;0;30;12;6;2;20;2;2;2;15,1305,4629,4504;4330;4629;4544;3381;3279;3315;2989;3288;3277;3346;3007;2200;2500;1305;1776,7.1,0.0,943.7,0,0,0,0,0,0.0,0,0,0,0,0,0,0,0,0.0,0,0,0,0,0,0.0,0.0,4738.4,0,0,0,60.1,2.42,0.01,3.08,9.58,19.2,63.4,98.62524359075873,3.8003927410941,26.749088654647004,24.90359176386584,0.6848612712921159,1192.918918918919,0.0,0.0,0.0,0.0,54.85654413364492,1.1,0.0,0.0,0.0,0.0,450.0,943.7,0.0,0.0,0.652,0.36,1.012,9.748,0.624,0.388,emon,0.94,0.873,28.5,29.2,0.978
2026-09-25 10:48:25.504,10.7,0,62,17;25;3;62;0;2;0;19;2;5;2;23;3;0;0;9,827,4246,4094;3882;4034;4246;2852;2456;2969;2757;3052;2029;3050;2743;1086;1765;827;1244,21.9,0.0,1051.6,0,0,0,0,0,0.0,0,0,0,0,0,0,0,0,0.0,0,0,0,0,0,0.0,0.0,4738.4,0,0,0,48.1,2.42,0.01,3.08,9.58,19.2,63.4,99.091724171358,2.139436211449161,20.994983939953098,19.196864104567986,0.9541797724655552,1168.6078431372548,0.0,0.0,0.0,0.0,57.998677704994584,2.5,0.0,0.0,0.0,0.0,450.0,1044.8,0.0,0.0,0.652,0.36,1.012,9.748,0.624,0.388,emon,0.94,0.873,28.5,29.2,0.978
2026-09-25 10:48:26.505,10.5,0,58,20;28;3;58;6;0;0;15;2;0;0;22;2;2;2;8,753,3745,3332;3326;3453;3745;2748;2973;2865;2408;2567;2722;3081;2396;877;753;811;883,15.3,0.0,1084.9,0,0,0,0,0,0.0,0,0,0,0,0,0,0,0,0.0,0,0,0,0,0,94.8,0.0,4738.4,0,0,0,42.1,11.61,0.31,2.25,19.2,19.2,63.4,99.44574357476426,2.7566381728915403,20.6916409885927,19.67323280160653,1.0896649791616237,916.032967032967,0.0,0.0,0.0,0.0,54.550480773488246,1.9,0.0,0.0,0.0,0.0,250.0,1081.3,0.0,0.0,0.652,0.36,1.012,9.748,0.624,0.388,emon,0.94,0.873,28.5,29.2,0.978
2026-09-25 10:48:27.505,6.8,0,49,9;23;3;49;0;0;0;11;2;0;0;6;0;0;0;5,922,4417,4354;3977;4417;4300;2440;1841;1802;2102;2544;2209;1613;2077;1073;922;985;1031,8.4,0.0,1080.5,0,0,0,0,0,0.0,0,0,0,0,0,0,0,0,0.0,0,0,0,0,0,17.1,0.0,4738.4,0,0,0,43.1,11.61,0.31,2.25,19.2,19.2,63.4,98.51014741372563,1.5965172639625709,18.423153691642792,17.16508197233094,1.2277123017097866,1172.6933797909408,0.0,0.0,0.0,0.0,54.755952847868414,1.3,0.0,0.0,0.0,0.0,450.0,1080.5,0.0,0.0,0.652,0.36,1.012,9.748,0.624,0.388,emon,0.94,0.873,28.5,29.2,0.978
2026-09-25 10:48:28.505,5.7,0,25,2;25;0;19;0;0;0;14;0;0;0;14;2;3;3;9,1032,2868,1638;1677;1505;2868;1064;1152;1173;1165;1139;1164;1176;1157;1143;1032;1073;1081,1.7,0.0,1073.0,0,0,0,0,0,0.0,0,0,0,0,0,0,0,0,0.0,0,0,0,0,0,0.0,0.0,4738.4,0,0,0,34.1,11.61,0.31,2.25,19.2,19.2,63.4,96.27980161267658,0.04434901309506913,3.4145566530005875,1.9247202521060096,0.4112531152922054,1137.953488372093,0.0,0.0,0.0,0.0,50.271996461201546,0.8,0.0,0.0,0.0,0.0,450.0,1074.3,0.0,0.0,0.652,0.36,1.012,9.748,0.624,0.388,emon,0.94,0.873,28.5,29.2,0.978
2026-09-25 10:48:29.522,4.7,0,26,3;22;3;26;0;0;0;11;0;0;0;9;0;0;0;0,995,2953,2223;2124;2689;2953;1061;995;1235;1161;1230;1117;1108;1136;1177;1058;1197;1159,2.5,0.0,1051.7,0,0,0,0,0,0.0,0,0,0,0,0,0,0,0,0.0,0,0,0,0,0,0.0,0.0,4738.4,0,0,0,34.1,11.61,0.31,2.25,19.2,19.3,63.4,97.27522233661853,0.008383550387684648,0.7116463449048368,0.1911914597804609,0.07919398452106276,1148.7368421052631,0.0,0.0,0.0,0.0,51.86519780504076,0.2,0.0,0.0,0.0,0.0,450.0,1068.9,0.0,0.0,0.652,0.36,1.012,9.748,0.624,0.388,emon,0.94,0.873,28.5,29.2,0.978
2026-09-25 10:48:30.522,8.7,2,38,8;24;5;38;2;3;3;12;3;5;2;11;5;5;3;12,1229,4471,4320;3742;4471;3959;3249;3298;3429;2063;3267;3347;3146;2366;1707;1764;1229;1801,2.1,0.0,1044.7,0,0,0,0,0,0.0,0,0,0,0,0,0,0,0,0.0,0,0,0,0,0,0.0,0.0,4738.4,0,0,0,41.1,5.22,0.11,0.72,10.05,19.2,63.4,97.94170468570265,0.6287920167491102,7.869750025904983,6.9262075405225065,0.8387896248087304,1125.993865030675,0.0,0.0,0.0,0.0,51.20544189891201,0.4,0.0,0.0,0.0,0.0,450.0,1040.3,0.0,0.0,0.652,0.36,1.012,9.748,0.624,0.388,emon,0.94,0.873,28.5,29.2,0.978
2026-09-25 10:48:31.523,5.2,0,32,5;19;2;32;0;2;2;8;0;0;0;12;0;0;0;3,1091,3772,3544;3324;3772;3600;2189;3084;3139;1549;2152;2283;2599;1625;1091;1119;1125;1205,3.9,0.0,939.8,0,0,0,0,0,0.0,0,0,0,0,0,0,0,0,0.0,0,0,0,0,0,0.0,0.0,4738.4,0,0,0,37.1,5.22,0.11,0.72,10.05,19.1,63.4,94.34288691208425,0.5607239986961476,8.697291869043777,7.340261721291242,0.6451739450701331,1180.858407079646,0.0,0.0,0.0,0.0,53.11483850559648,0.4,0.0,0.0,0.0,0.0,450.0,950.6,0.0,0.0,0.652,0.36,1.012,9.748,0.624,0.388,emon,0.94,0.873,28.5,29.2,0.978
2026-09-25 10:48:32.523,7.5,0,40,6;37;3;40;0;0;0;12;0;0;2;15;3;0;0;2,887,3654,3007;3236;3511;3654;1635;1253;1286;1636;1422;1580;1682;1690;1157;887;906;951,3.8,0.0,938.1,0,0,0,0,0,0.0,0,0,0,0,0,0,0,0,0.0,0,0,0,0,0,95.0,0.0,4738.4,0,0,0,38.1,5.22,0.11,0.72,10.05,19.1,63.4,99.07941157643388,1.188063347335939,13.119910548445656,11.423660400082788,1.1439640821488688,967.5365853658536,0.0,0.0,0.0,0.0,52.011934312251284,0.4,0.0,0.0,0.0,0.0,250.0,931.2,0.0,0.0,0.652,0.36,1.012,9.748,0.624,0.388,emon,0.94,0.873,28.5,29.2,0.978
2026-09-25 10:48:33.524,5.4,0,34,5;24;2;34;0;0;0;12;0;0;0;6;0;0;0;3,965,3725,3343;2942;2799;3725;1879;1638;3050;1521;1492;1236;1700;1532;1102;965;1094;1283,3.8,0.0,932.0,0,0,0,0,0,0.0,0,0,0,0,0,0,0,0,0.0,0,0,0,0,0,0.0,0.0,4738.4,0,0,0,39.1,5.22,0.11,0.72,10.05,19.2,63.4,98.14880881017568,1.050322758645943,12.463944929100725,11.046283676564617,0.7543679942946813,1132.9285714285713,0.0,0.0,0.0,0.0,50.85060038098267,0.4,0.0,0.0,0.0,0.0,450.0,933.4,0.0,0.0,1.023,0.47,1.493,15.928,1.019,0.474,emon,0.907,0.779,31.4,16.2,1.939
2026-09-25 10:48:34.524,5.4,0,37,3;28;0;37;0;0;0;8;0;0;0;8;0;0;0;2,942,2982,2982;2407;2711;2902;2308;1206;1138;1267;1362;1845;1178;1300;942;1042;1127;1188,3.8,0.0,932.0,0,0,0,0,0,0.0,0,0,0,0,0,0,0,0,0.0,0,0,0,0,0,0.0,0.0,4738.4,0,0,0,33.1,6.05,0.15,2.51,14.17,19.2,63.4,97.95406006248135,0.5480186452491841,7.497553269100037,6.262465799707848,0.6994300159039184,1118.7452229299363,0.0,0.0,0.0,0.0,51.97592828579389,0.4,0.0,0.0,0.0,0.0,450.0,929.4,0.0,0.0,1.023,0.47,1.493,15.928,1.019,0.474,emon,0.907,0.779,31.4,16.2,1.939
2026-09-25 10:48:35.525,5.9,0,26,6;26;3;25;0;0;0;16;0;0;0;14;0;0;0;5,943,3112,2634;2439;2608;3112;1256;1134;943;1224;1130;1213;1086;1315;1074;1109;1154;1242,2.4,0.0,930.1,0,0,0,0,0,0.0,0,0,0,0,0,0,0,0,0.0,0,0,0,0,0,0.0,0.0,4738.4,0,0,0,32.1,6.05,0.15,2.51,14.17,19.1,63.4,97.49436256368324,0.0198590695036011,1.3621749886996533,0.583447770629492,0.11535303428690269,1139.7407407407406,0.0,0.0,0.0,0.0,51.062604102035046,0.3,0.0,0.0,0.0,0.0,450.0,928.1,0.0,0.0,1.023,0.47,1.493,15.928,1.019,0.474,emon,0.907,0.779,31.4,16.2,1.939
2026-09-25 10:48:36.526,6.2,0,31,5;29;5;31;5;0;0;14;0;0;0;9;0;0;0;3,1008,3398,2889;2685;3015;3398;1513;1596;1378;1340;1729;1215;1393;1381;1039;1008;1206;1025,1.2,0.0,926.6,0,0,0,0,0,0.0,0,0,0,0,0,0,0,0,0.0,0,0,0,0,0,0.0,0.0,4738.4,0,0,0,35.1,6.05,0.15,2.51,14.17,19.1,63.4,97.90204159333744,0.02029982305528412,1.323925674638965,0.526730287466497,0.08763078221662797,1109.427807486631,0.0,0.0,0.0,0.0,52.201565160630224,0.2,0.0,0.0,0.0,0.0,450.0,926.6,0.0,0.0,1.023,0.47,1.493,15.928,1.019,0.474,emon,0.907,0.779,31.4,16.2,1.939
2026-09-25 10:48:37.526,5.0,0,29,3;15;0;29;0;0;0;16;0;2;0;11;0;2;0;3,895,3751,3751;2439;2864;3382;1418;1078;1102;1189;1202;895;1083;1186;1148;935;1128;1136,1.6,0.0,925.6,0,0,0,0,0,0.0,0,0,0,0,0,0,0,0,0.0,0,0,0,0,0,0.0,0.0,4738.4,0,0,0,35.1,6.05,0.15,2.51,14.17,19.0,63.4,97.35353401638814,0.022326328386922695,2.2352359626466867,0.9789730234947426,0.2538877978230154,1135.7549668874171,0.0,0.0,0.0,0.0,51.96388585046427,0.3,0.0,0.0,0.0,0.0,450.0,925.6,0.0,0.0,1.023,0.47,1.493,15.928,1.019,0.474,emon,0.907,0.779,31.4,16.2,1.939
2026-09-25 10:48:38.527,10.9,2,50,11;42;9;50;3;5;3;12;6;2;5;20;2;3;2;2,790,3510,3337;2744;3510;3012;2457;2519;2549;2010;2540;1842;2663;1825;880;809;790;1039,0.9,0.0,925.6,0,0,0,0,0,0.0,0,0,0,0,0,0,0,0,0.0,0,0,0,0,0,24.5,0.0,4738.4,0,0,0,37.1,3.65,0.03,0.33,6.35,19.0,63.4,98.44022808434828,0.023756100589004212,1.6602394353106338,0.8691562448478883,0.159090500957561,1097.1132075471698,0.0,0.0,0.0,0.0,52.20556571914481,0.2,0.0,0.0,0.0,0.0,250.0,925.6,0.0,0.0,1.023,0.47,1.493,15.928,1.019,0.474,emon,0.907,0.779,31.4,16.2,1.939
2026-09-25 10:48:39.527,27.4,2,74,42;51;30;67;30;31;5;6;35;41;9;11;74;2;2;3,2602,4698,4510;4645;4698;4532;3193;3315;3441;3420;3149;3317;3408;3435;2807;2766;2602;2859,1.2,0.0,917.7,0,0,0,0,0,0.0,0,0,0,0,0,0,0,0,0.0,0,0,0,0,0,71.2,0.0,3748.8,0,0,0,53.1,3.65,0.03,0.33,6.35,14.3,63.4,99.07139660063244,0.019207955812037523,1.0376714814809107,0.29317810608162764,0.11852034642582848,1066.857142857143,0.0,0.0,0.0,0.0,53.246622826726664,0.2,0.0,0.0,0.0,0.0,250.0,917.7,0.0,0.0,1.023,0.47,1.493,15.928,1.019,0.474,emon,0.907,0.779,31.4,16.2,1.939
2026-09-25 10:48:40.528,12.9,0,57,29;9;3;50;8;2;0;0;16;5;0;6;20;0;57;2,962,4234,3439;4024;3877;4234;1594;1072;980;976;1536;1770;1092;962;2615;1327;2343;1454,1.2,0.0,915.9,0,0,0,0,0,0.0,0,0,0,0,0,0,0,0,0.0,0,0,0,0,0,0.0,0.0,0.0,0,0,0,39.1,3.65,0.03,0.33,6.35,14.3,63.4,98.27734703853213,0.007666445712407719,0.7098710614031759,0.1430201273968165,0.044689741526227234,1136.6436781609195,0.0,0.0,0.0,0.0,52.62771930357163,0.2,0.0,0.0,0.0,0.0,450.0,915.9,0.0,0.0,1.023,0.47,1.493,15.928,1.019,0.474,emon,0.907,0.779,31.4,16.2,1.939
2026-09-25 10:48:41.528,16.3,0,97,48;52;3;97;16;0;2;0;22;3;0;0;18;0;0;0,1054,4717,4622;4711;4717;4709;2557;3067;2646;1478;2992;3161;2653;3045;1464;1601;1492;1054,0.9,0.0,915.9,0,0,0,0,0,0.0,0,0,0,0,0,0,0,0,0.0,0,0,0,0,0,0.0,0.0,0.0,0,0,0,70.1,13.39,0.02,2.72,22.31,14.4,63.4,98.43888547127708,0.026120500406250358,1.3961552767115726,0.44415279932058693,0.19695847076282166,1096.8070175438597,0.0,0.0,0.0,0.0,51.256184227633895,0.2,0.0,0.0,0.0,0.0,450.0,915.9,0.0,0.0,1.023,0.47,1.493,15.928,1.019,0.474,emon,0.907,0.779,31.4,16.2,1.939
2026-09-25 10:48:42.529,12.5,0,91,42;8;11;91;18;3;0;0;14;8;0;0;5;0;2;0,947,4705,4411;4621;4705;4703;2803;3011;1309;1291;2814;2576;3077;1344;1210;956;1262;947,1.3,0.0,915.9,0,0,0,0,0,0.0,0,0,0,0,0,0,0,0,0.0,0,0,0,0,0,0.0,0.0,0.0,0,0,0,66.1,13.39,0.02,2.72,22.31,14.4,63.4,98.52110133815457,0.013886513706372195,0.94095786487734,0.23035900296290984,0.08216316635544235,1053.3243243243244,0.0,0.0,0.0,0.0,52.287323297117204,0.2,0.0,0.0,0.0,0.0,450.0,915.9,0.0,0.0,1.023,0.47,1.493,15.928,1.019,0.474,emon,0.907,0.779,31.4,16.2,1.939
2026-09-25 10:48:43.529,10.3,0,88,22;20;6;88;8;0;0;0;14;2;2;0;3;0;0;0,1076,4708,4271;4632;4708;4704;2580;2747;1567;1378;2588;3148;2509;2992;1584;1151;1119;1076,0.7,0.0,915.9,0,0,0,0,0,0.0,0,0,0,0,0,0,0,0,0.0,0,0,0,0,0,0.0,0.0,0.0,0,0,0,86.1,13.39,0.02,2.72,22.31,14.4,63.4,97.75009020637063,0.04220939706737066,2.0747975244241603,0.664125838985338,0.3020987931419821,996.6470588235294,0.0,0.0,0.0,0.0,50.903991050930586,0.2,0.0,0.0,0.0,0.0,450.0,915.9,0.0,0.0,1.023,0.47,1.493,15.928,1.019,0.474,emon,0.907,0.779,31.4,16.2,1.939
2026-09-25 10:48:44.529,13.3,0,88,33;20;8;88;16;2;0;2;20;8;2;0;8;3;3;2,1004,4695,4280;4524;4672;4695;2918;3146;3404;3416;2839;3130;2932;3429;1760;1376;1080;1004,2.4,0.0,918.3,0,0,0,0,0,0.0,0,0,0,0,0,0,0,0,0.0,0,0,0,0,0,0.0,0.0,0.0,0,0,0,83.1,13.39,0.02,2.72,22.31,14.4,63.4,97.95867205639274,0.4145859067318771,5.304388666829588,4.543200611512233,0.2386989797505892,1087.265306122449,0.0,0.0,0.0,0.0,52.39187976550691,0.2,0.0,0.0,0.0,0.0,450.0,918.1,0.0,0.0,1.023,0.47,1.493,15.928,1.019,0.474,emon,0.907,0.779,31.4,16.2,1.939
2026-09-25 10:48:45.530,9.7,0,95,17;9;3;95;6;0;0;0;19;2;0;0;2;2;2;0,1008,4725,4175;4544;4725;4724;2589;2397;1472;1551;2766;3093;1887;1585;1561;1096;1193;1008,2.2,0.0,925.1,0,0,0,0,0,0.0,0,0,0,0,0,0,0,0,0.0,0,0,0,0,0,0.0,0.0,0.0,0,0,0,66.1,18.89,0.04,0.37,22.61,14.5,63.4,98.24820687797632,0.28595939821994004,3.9942352496757265,2.803045641039655,0.348569543645037,1139.1685393258426,0.0,0.0,0.0,0.0,52.06821752599116,0.4,0.0,0.0,0.0,0.0,450.0,926.6,0.0,0.0,2.193,0.717,2.909,37.781,2.418,0.491,emon,0.866,0.539,31.6,15.2,2.081
2026-09-25 10:48:46.530,8.8,0,95,16;8;0;95;12;0;0;0;8;0;0;0;2;0;0;0,900,4731,4196;4565;4629;4731;2449;3056;2218;1574;2577;2931;1918;1788;1140;1139;1009;900,2.2,0.0,925.1,0,0,0,0,0,0.0,0,0,0,0,0,0,0,0,0.0,0,0,0,0,0,0.0,0.0,0.0,0,0,0,67.1,18.89,0.04,0.37,22.61,14.5,63.4,98.53154578905428,0.01802720787874135,1.2649982859579365,0.6563859737813054,0.09072673856542351,1090.2921348314608,0.0,0.0,0.0,0.0,52.052485682656254,0.3,0.0,0.0,0.0,0.0,450.0,922.7,0.0,0.0,2.193,0.717,2.909,37.781,2.418,0.491,emon,0.866,0.539,31.6,15.2,2.081
2026-09-25 10:48:47.530,9.6,0,98,18;6;3;98;12;2;0;0;9;2;0;0;3;0;0;0,1055,4733,4080;4568;4730;4733;2520;3081;1380;1561;2487;2956;2282;1830;1240;1113;1055;1074,1.0,0.0,922.7,0,0,0,0,0,0.0,0,0,0,0,0,0,0,0,0.0,0,0,0,0,0,0.0,0.0,0.0,0,0,0,65.1,18.89,0.04,0.37,22.61,14.5,63.4,98.15175931718615,0.016164087496064086,1.2901967661662235,0.6355082572179123,0.06934078300837428,1112.888888888889,0.0,0.0,0.0,0.0,51.58274824569623,0.2,0.0,0.0,0.0,0.0,450.0,924.0,0.0,0.0,2.193,0.717,2.909,37.781,2.418,0.491,emon,0.866,0.539,31.6,15.2,2.081
2026-09-25 10:48:48.531,11.7,0,89,36;14;0;89;20;3;0;0;16;5;0;0;3;2;0;0,745,4723,4150;4601;4713;4723;2869;1908;2728;2303;2961;3275;3184;2329;1413;1371;898;745,1.2,0.0,922.7,0,0,0,0,0,0.0,0,0,0,0,0,0,0,0,0.0,0,0,0,0,0,0.0,0.0,0.0,0,0,0,59.1,18.89,0.04,0.37,22.61,14.5,63.4,97.28338302919013,1.1138904432636854,11.822413293335906,10.54158140725489,0.6762708634722816,1142.9698492462312,0.0,0.0,0.0,0.0,51.070135979052054,0.3,0.0,0.0,0.0,0.0,450.0,931.5,0.0,0.0,2.193,0.717,2.909,37.781,2.418,0.491,emon,0.866,0.539,31.6,15.2,2.081
2026-09-25 10:48:49.531,15.2,2,86,26;31;12;86;23;3;5;5;19;8;3;5;8;2;3;5,1964,4687,4310;4522;4677;4687;3075;3374;3372;3379;3061;3341;3352;3383;1964;2046;2381;2718,5.5,0.0,931.8,0,0,0,0,0,0.0,0,0,0,0,0,0,0,0,0.0,0,0,0,0,0,0.0,0.0,0.0,0,0,0,66.1,16.5,0.1,0.38,20.6,14.6,63.4,98.55101687266645,3.0779775232675086,30.99310585772656,30.18162954763236,1.5089498671205588,1186.5502008032129,0.0,0.0,0.0,0.0,52.176369847363254,0.7,0.0,0.0,0.0,0.0,450.0,929.8,0.0,0.0,2.193,0.717,2.909,37.781,2.418,0.491,emon,0.866,0.539,31.6,15.2,2.081
2026-09-25 10:48:50.532,15.0,0,92,40;28;11;92;22;6;0;0;20;9;0;0;12;0;0;0,1151,4709,4498;4580;4709;4690;3037;3356;3214;2554;3103;3351;3435;3384;1801;1513;1730;1151,6.8,0.0,957.9,0,0,0,0,0,0.0,0,0,0,0,0,0,0,0,0.0,0,0,0,0,0,0.0,0.0,0.0,0,0,0,56.1,16.5,0.1,0.38,20.6,14.7,63.4,98.98482953370923,2.724017332768345,19.325797906267816,18.481032940898988,0.257607382878871,1177.6496350364964,0.0,0.0,0.0,0.0,55.47779316001021,1.4,0.0,0.0,0.0,0.0,450.0,965.3,0.0,0.0,2.193,0.717,2.909,37.781,2.418,0.491,emon,0.866,0.539,31.6,15.2,2.081
2026-09-25 10:48:51.532,17.2,2,95,40;28;11;95;25;3;6;9;30;6;2;6;6;2;2;5,1905,4689,4428;4612;4689;4663;3034;3380;3270;3414;3059;3310;3386;3381;1905;2239;2129;2739,9.0,0.0,942.4,0,0,0,0,0,0.0,0,0,0,0,0,0,0,0,0.0,0,0,0,0,0,0.0,0.0,0.0,0,0,0,56.1,16.5,0.1,0.38,20.6,14.6,63.4,98.6966983889356,1.9907131549200894,18.533989833460915,17.060823291241203,1.3170104330296184,1162.2716049382716,0.0,0.0,0.0,0.0,56.27510837736873,1.2,0.0,0.0,0.0,0.0,450.0,942.4,0.0,0.0,2.193,0.717,2.909,37.781,2.418,0.491,emon,0.866,0.539,31.6,15.2,2.081
2026-09-25 10:48:52.532,10.4,0,95,22;12;9;95;9;0;0;0;11;0;0;0;6;0;0;0,899,4691,3899;4265;4663;4691;2826;3103;1441;1586;2928;3213;2349;1980;1399;1030;968;899,6.1,0.0,948.6,0,0,0,0,0,0.0,0,0,0,0,0,0,0,0,0.0,0,0,0,0,0,0.0,0.0,0.0,0,0,0,53.1,16.5,0.1,0.38,20.6,14.7,63.4,98.47938735001571,1.47760459905982,14.92255862536547,13.887532510944492,1.115233462207814,1151.4475524475524,0.0,0.0,0.0,0.0,52.81290034397499,1.3,0.0,0.0,0.0,0.0,450.0,948.6,0.0,0.0,2.193,0.717,2.909,37.781,2.418,0.491,emon,0.866,0.539,31.6,15.2,2.081
2026-09-25 10:48:53.533,8.9,0,91,14;11;5;91;9;0;0;0;11;0;0;0;2;0;0;0,1086,4695,4288;4572;4695;4677;2462;2279;1659;1409;2676;3076;3024;2703;1282;1151;1248;1086,2.2,0.0,943.2,0,0,0,0,0,0.0,0,0,0,0,0,0,0,0,0.0,0,0,0,0,0,0.0,0.0,0.0,0,0,0,51.1,17.18,0.18,0.39,21.99,14.7,63.4,98.6248799021651,0.14550907840390076,1.8555726341358045,1.3819297978018479,0.16014975548165328,1136.3170731707316,0.0,0.0,0.0,0.0,54.04145765042887,0.3,0.0,0.0,0.0,0.0,450.0,943.2,0.0,0.0,2.193,0.717,2.909,37.781,2.418,0.491,emon,0.866,0.539,31.6,15.2,2.081
2026-09-25 10:48:54.533,9.0,0,97,16;5;0;97;11;0;0;0;6;2;0;0;8;0;0;0,1102,4723,4187;4146;4623;4723;2412;2435;2394;2019;2712;2590;2914;2899;1368;1102;1152;1117,0.6,0.0,940.1,0,0,0,0,0,0.0,0,0,0,0,0,0,0,0,0.0,0,0,0,0,0,0.0,0.0,0.0,0,0,0,52.1,17.18,0.18,0.39,21.99,14.6,63.4,97.99181838584157,0.027679067118447767,1.413217396862739,0.5238077044981507,0.17080480018548205,1132.1858407079646,0.0,0.0,0.0,0.0,50.97424006514844,0.2,0.0,0.0,0.0,0.0,450.0,940.1,0.0,0.0,2.193,0.717,2.909,37.781,2.418,0.491,emon,0.866,0.539,31.6,15.2,2.081
2026-09-25 10:48:55.533,10.8,0,86,23;17;3;86;17;0;0;0;17;2;0;0;6;0;2;0,926,4708,4174;4530;4595;4708;2711;2512;1457;1435;2846;2880;2802;1360;1344;1218;1407;926,1.9,0.0,941.4,0,0,0,0,0,0.0,0,0,0,0,0,0,0,0,0.0,0,0,0,0,0,0.0,0.0,0.0,0,0,0,52.1,17.18,0.18,0.39,21.99,14.6,63.4,98.46812167697483,0.8281778067042533,9.757805001503892,8.412144598613184,0.5609805225004028,1112.5555555555557,0.0,0.0,0.0,0.0,51.441485932005776,0.2,0.0,0.0,0.0,0.0,450.0,939.1,0.0,0.0,2.193,0.717,2.909,37.781,2.418,0.491,emon,0.866,0.539,31.6,15.2,2.081
2026-09-25 10:48:56.533,9.7,0,92,26;6;5;92;8;0;0;0;12;0;0;0;5;2;0;0,840,4725,4162;4567;4725;4682;2496;2228;1534;1463;2606;2863;2748;1636;1393;1122;840;985,1.7,0.0,920.4,0,0,0,0,0,0.0,0,0,0,0,0,0,0,0,0.0,0,0,0,0,0,0.0,0.0,0.0,0,0,0,52.1,17.18,0.18,0.39,21.99,14.6,63.4,98.20121897183932,0.12201342502785437,2.518095240815655,1.3833615712432579,0.21158273857033166,1081.4175824175825,0.0,0.0,0.0,0.0,52.56529532684075,0.4,0.0,0.0,0.0,0.0,450.0,934.3,0.0,0.0,2.193,0.717,2.909,37.781,2.418,0.491,emon,0.866,0.539,31.6,15.2,2.081
2026-09-25 10:48:57.534,9.3,0,89,21;3;10;89;14;0;0;0;11;0;0;0;2;0;0;0,921,4615,4201;4542;4376;4615;2510;2961;1462;1363;2821;2930;2432;3164;1370;956;921;1073,1.5,0.0,919.0,0,0,0,0,0,0.0,0,0,0,0,0,0,0,0,0.0,0,0,0,0,0,0.0,0.0,0.0,0,0,0,57.1,12.65,0.04,0.39,16.89,14.6,63.4,98.49028541301858,0.02786071935371528,1.823454114280898,0.863744083663513,0.1529744017740776,1069.0,0.0,0.0,0.0,0.0,53.429784612820065,0.3,0.0,0.0,0.0,0.0,450.0,921.7,0.0,0.0,2.814,0.933,3.748,46.488,2.975,0.773,emon,0.889,0.589,30.2,14.0,2.16
2026-09-25 10:48:58.536,9.2,0,94,12;9;6;94;12;0;0;0;9;0;0;0;3;0;0;0,954,4708,4107;4558;4708;4681;2290;1528;1680;1371;2559;2844;2276;1549;1490;1223;954;1129,1.6,0.0,914.0,0,0,0,0,0,0.0,0,0,0,0,0,0,0,0,0.0,0,0,0,0,0,0.0,0.0,0.0,0,0,0,51.1,12.65,0.04,0.39,16.89,14.6,63.4,98.67671992228581,0.11313176589478993,2.6738749410097418,1.6016444222097141,0.27656913954146706,1111.2596153846155,0.0,0.0,0.0,0.0,54.22195646173965,0.2,0.0,0.0,0.0,0.0,450.0,919.0,0.0,0.0,2.814,0.933,3.748,46.488,2.975,0.773,emon,0.889,0.589,30.2,14.0,2.16
2026-09-25 10:48:59.536,9.7,0,88,27;6;2;88;14;5;0;0;11;3;0;0;0;0;0;0,1123,4730,4165;4511;4729;4730;2321;1882;1805;1364;2524;2968;1508;1551;1155;1128;1129;1123,0.8,0.0,915.0,0,0,0,0,0,0.0,0,0,0,0,0,0,0,0,0.0,0,0,0,0,0,0.0,0.0,0.0,0,0,0,56.1,12.65,0.04,0.39,16.89,14.7,63.4,98.51797339434181,0.01340909234325712,0.9795012387747322,0.22513051963121186,0.09798180079850995,1074.4098360655737,0.0,0.0,0.0,0.0,54.4891107953637,0.3,0.0,0.0,0.0,0.0,450.0,915.0,0.0,0.0,2.814,0.933,3.748,46.488,2.975,0.773,emon,0.889,0.589,30.2,14.0,2.16
2026-09-25 10:49:00.537,9.6,0,91,12;11;0;91;16;2;0;0;14;3;0;0;5;0;0;0,1080,4700,4126;4586;4684;4700;2524;2272;1462;1414;2644;3034;2760;2782;1333;1273;1080;1098,0.8,0.0,915.0,0,0,0,0,0,0.0,0,0,0,0,0,0,0,0,0.0,0,0,0,0,0,0.0,0.0,0.0,0,0,0,60.1,12.65,0.04,0.39,16.89,14.7,63.4,98.51442759087745,0.34291404958020527,4.647282168705096,3.745032570557669,0.4559494724727553,1113.8936170212767,0.0,0.0,0.0,0.0,51.93532168960318,0.2,0.0,0.0,0.0,0.0,450.0,917.7,0.0,0.0,2.814,0.933,3.748,46.488,2.975,0.773,emon,0.889,0.589,30.2,14.0,2.16
2026-09-25 10:49:01.537,9.5,0,94,17;11;3;94;11;2;0;0;12;2;0;0;2;0;0;0,1093,4713,4198;4569;4713;4704;2580;2171;1809;1364;2928;2281;2257;3146;1433;1114;1093;1119,1.6,0.0,915.0,0,0,0,0,0,0.0,0,0,0,0,0,0,0,0,0.0,0,0,0,0,0,0.0,0.0,0.0,0,0,0,59.1,13.04,0.03,0.39,17.26,14.7,63.4,98.49677118265404,0.02512343059006182,1.3978986965035491,0.4524865478347495,0.1655685361826195,1104.6603773584907,0.0,0.0,0.0,0.0,53.20412009068817,0.3,0.0,0.0,0.0,0.0,450.0,915.0,0.0,0.0,2.814,0.933,3.748,46.488,2.975,0.773,emon,0.889,0.589,30.2,14.0,2.16
2026-09-25 10:49:02.538,8.8,0,70,24;14;11;70;11;2;0;0;5;3;0;0;2;0;0;0,773,4668,4175;4538;4668;4637;2463;2845;1706;1268;2454;3088;2990;1695;1360;984;1098;773,1.6,0.0,916.8,0,0,0,0,0,0.0,0,0,0,0,0,0,0,0,0.0,0,0,0,0,0,0.0,0.0,0.0,0,0,0,77.1,13.04,0.03,0.39,17.26,14.7,63.4,98.59336669282763,0.1359957892559554,2.3111334851118905,1.5315409437436318,0.23946120147837122,1130.9371727748692,0.0,0.0,0.0,0.0,54.33679423438317,0.2,0.0,0.0,0.0,0.0,450.0,916.9,0.0,0.0,2.814,0.933,3.748,46.488,2.975,0.773,emon,0.889,0.589,30.2,14.0,2.16
2026-09-25 10:49:03.538,69.9,63,88,82;70;88;75;72;65;67;67;75;72;65;65;64;65;65;63,2868,4687,4653;4675;4685;4687;3388;3434;3435;3434;3410;3435;3434;3434;2868;2888;2888;2889,1.4,0.0,915.0,0,0,0,0,0,0.0,0,0,0,0,0,0,0,0,0.0,0,0,0,0,0,0.0,0.0,333.1,0,0,0,75.1,13.04,0.03,0.39,17.26,22.1,63.4,98.95330473247327,0.027045522184772908,1.4930873184611924,0.48735369786031935,0.18411567838568438,1159.0,0.0,0.0,0.0,0.0,50.82566767978041,0.2,0.0,0.0,0.0,0.0,300.0,915.0,0.0,0.0,2.814,0.933,3.748,46.488,2.975,0.773,emon,0.889,0.589,30.2,14.0,2.16
2026-09-25 10:49:04.538,15.3,2,91,55;14;14;91;14;3;2;5;19;5;3;5;6;5;2;2,2191,4703,4563;4559;4703;4688;2970;3239;3275;3353;2967;2914;3182;3351;2191;2771;2748;2771,1.4,0.0,914.0,0,0,0,0,0,0.0,0,0,0,0,0,0,0,0,0.0,0,0,0,0,0,0.0,0.0,4342.3,0,0,0,75.1,21.91,0.03,0.38,26.81,22.3,63.4,98.6094593067265,0.11528495096015959,2.6332556216710774,1.7131850947836536,0.15602422669885596,1084.678391959799,0.0,0.0,0.0,0.0,52.75935066060804,0.2,0.0,0.0,0.0,0.0,450.0,914.0,0.0,0.0,2.814,0.933,3.748,46.488,2.975,0.773,emon,0.889,0.589,30.2,14.0,2.16
2026-09-25 10:49:05.539,9.1,0,89,20;9;3;89;12;0;0;0;11;0;0;0;0;0;0;0,1093,4697,4170;4595;4626;4697;2280;3245;1300;1316;2547;3175;2214;1968;1366;1159;1094;1093,0.8,0.0,914.0,0,0,0,0,0,0.0,0,0,0,0,0,0,0,0,0.0,0,0,0,0,0,0.0,0.0,4342.3,0,0,0,80.1,21.91,0.03,0.38,26.81,22.3,63.4,98.31414659488836,0.02311482813454525,1.7066183722848018,0.7527046667786657,0.15556965026034583,1067.3431952662722,0.0,0.0,0.0,0.0,52.466088419658895,0.2,0.0,0.0,0.0,0.0,450.0,914.0,0.0,0.0,2.814,0.933,3.748,46.488,2.975,0.773,emon,0.889,0.589,30.2,14.0,2.16
2026-09-25 10:49:06.540,9.8,0,92,22;11;0;92;16;0;0;0;16;0;0;0;2;0;0;0,1116,4734,4200;4622;4734;4734;2421;2664;2630;1656;2599;3016;1731;1489;1381;1116;1124;1137,1.2,0.0,910.0,0,0,0,0,0,0.0,0,0,0,0,0,0,0,0,0.0,0,0,0,0,0,0.0,0.0,4342.3,0,0,0,71.1,21.91,0.03,0.38,26.81,22.3,63.4,98.28619836877894,0.024895580183029686,1.9194552709974309,0.8270165373093237,0.1720202574654231,1097.4126984126983,0.0,0.0,0.0,0.0,52.705215766001,0.2,0.0,0.0,0.0,0.0,450.0,910.0,0.0,0.0,2.814,0.933,3.748,46.488,2.975,0.773,emon,0.889,0.589,30.2,14.0,2.16
2026-09-25 10:49:07.540,9.2,0,94,25;5;2;94;8;0;0;0;11;2;0;0;2;0;0;0,838,4729,4297;4507;4729;4728;2768;3008;1890;1773;2469;3033;1966;2658;1349;1098;951;838,1.0,0.0,908.3,0,0,0,0,0,0.0,0,0,0,0,0,0,0,0,0.0,0,0,0,0,0,0.0,0.0,4342.3,0,0,0,69.1,21.91,0.03,0.38,26.81,22.3,63.4,98.59668304443359,0.020415628103510244,1.4362614299729466,0.6143042732402683,0.1234573781490326,1119.0,0.0,0.0,0.0,0.0,52.88581274105236,0.2,0.0,0.0,0.0,0.0,450.0,908.3,0.0,0.0,2.814,0.933,3.748,46.488,2.975,0.773,emon,0.889,0.589,30.2,14.0,2.16
2026-09-25 10:49:08.540,9.8,0,92,19;11;5;92;17;0;0;0;10;2;0;0;2;0;0;0,1030,4736,3908;3718;4730;4736;2243;2180;3323;1400;2608;2282;2765;1520;1154;1139;1070;1030,1.1,0.0,908.3,0,0,0,0,0,0.0,0,0,0,0,0,0,0,0,0.0,0,0,0,0,0,0.0,0.0,4342.3,0,0,0,57.1,15.89,0.02,0.37,19.67,22.3,63.4,98.39255259078362,0.014148717733353074,0.9655313279070606,0.23619964003907462,0.09595025757144642,1090.329479768786,0.0,0.0,0.0,0.0,52.46575691882585,0.2,0.0,0.0,0.0,0.0,450.0,908.3,0.0,0.0,2.814,0.933,3.748,46.488,2.975,0.773,emon,0.889,0.589,30.2,14.0,2.16
2026-09-25 10:49:09.540,10.9,0,81,16;31;11;81;2;12;0;0;0;18;0;0;0;3;0;0,1105,4723,4625;4167;4723;4703;2980;2914;3292;2028;1382;2804;3225;2340;1105;1388;1139;1113,3.9,0.0,918.8,0,0,0,0,0,0.0,0,0,0,0,0,0,0,0,0.0,0,0,0,0,0,0.0,0.0,4342.3,0,0,0,53.1,15.89,0.02,0.37,19.67,22.3,63.4,98.52332910031689,1.3288426661196318,14.829553441125519,13.6369642614482,1.4676090725669066,1144.1020408163265,0.0,0.0,0.0,0.0,52.58897867500782,0.4,0.0,0.0,0.0,0.0,450.0,918.8,0.0,0.0,1.045,0.43,1.475,17.092,1.094,0.381,emon,0.874,0.736,30.8,14.7,2.096
2026-09-25 10:49:10.541,16.6,3,88,18;35;9;88;9;27;9;6;6;20;5;8;3;12;3;6,1586,4680,4473;4264;4673;4680;3078;2908;2997;3374;3228;2904;3149;2821;2294;1586;1969;2418,3.7,0.0,935.0,0,0,0,0,0,0.0,0,0,0,0,0,0,0,0,0.0,0,0,0,0,0,0.0,0.0,4342.3,0,0,0,60.1,15.89,0.02,0.37,19.67,22.4,63.4,98.37606931987561,0.47069983708025537,4.295009157054447,2.9033223923705695,0.4954231839875454,1136.3205741626793,0.0,0.0,0.0,0.0,53.98391185137644,0.5,0.0,0.0,0.0,0.0,450.0,918.9,0.0,0.0,1.045,0.43,1.475,17.092,1.094,0.381,emon,0.874,0.736,30.8,14.7,2.096
2026-09-25 10:49:11.541,9.8,0,88,5;26;3;88;3;14;2;0;0;12;2;0;0;3;0;0,1112,4728,4062;3732;4728;4719;1402;2210;1609;1393;1407;2335;1572;1421;1112;1317;1169;1135,1.1,0.0,925.2,0,0,0,0,0,0.0,0,0,0,0,0,0,0,0,0.0,0,0,0,0,0,0.0,0.0,4342.3,0,0,0,60.1,15.89,0.02,0.37,19.67,22.4,63.4,98.46796737962468,0.16474265523572232,6.187131939420275,2.731852241619757,0.8033109319301405,1140.0828025477706,0.0,0.0,0.0,0.0,53.26799726742468,0.5,0.0,0.0,0.0,0.0,450.0,925.2,0.0,0.0,1.045,0.43,1.475,17.092,1.094,0.381,emon,0.874,0.736,30.8,14.7,2.096
2026-09-25 10:49:12.542,9.2,0,94,5;19;2;94;2;14;2;0;0;8;2;0;0;0;2;0,1076,4751,3124;3220;4682;4751;1621;2561;1188;1221;1211;2004;1681;1214;1118;1133;1127;1076,1.1,0.0,925.2,0,0,0,0,0,0.0,0,0,0,0,0,0,0,0,0.0,0,0,0,0,0,0.0,0.0,4342.3,0,0,0,63.1,13.71,0.05,0.39,18.05,22.4,63.4,97.58096792531568,0.15298801117988173,5.410835699286571,3.0095156626992448,0.41689046593599544,1115.2790697674418,0.0,0.0,0.0,0.0,51.548757241908895,0.2,0.0,0.0,0.0,0.0,450.0,926.3,0.0,0.0,1.045,0.43,1.475,17.092,1.094,0.381,emon,0.874,0.736,30.8,14.7,2.096
2026-09-25 10:49:13.542,9.1,0,94,5;18;2;94;0;6;2;0;0;14;0;0;0;2;2;2,1102,4748,3746;3280;4729;4748;1267;2332;2004;1675;1204;2350;2017;1130;1102;1136;1162;1140,0.7,0.0,922.4,0,0,0,0,0,0.0,0,0,0,0,0,0,0,0,0.0,0,0,0,0,0,0.0,0.0,4342.3,0,0,0,75.1,13.71,0.05,0.39,18.05,22.3,63.4,97.08595063256436,0.1707689393785034,5.394187891092456,3.3980347820114893,0.3635382701749684,1161.295081967213,0.0,0.0,0.0,0.0,51.161694991295455,0.1,0.0,0.0,0.0,0.0,450.0,922.4,0.0,0.0,1.045,0.43,1.475,17.092,1.094,0.381,emon,0.874,0.736,30.8,14.7,2.096
2026-09-25 10:49:14.543,9.8,0,98,3;32;0;98;0;12;2;0;0;8;2;0;0;0;0;0,1177,4851,4292;3934;4780;4851;1468;2281;2417;1427;1387;2022;2418;2568;1178;1208;1177;1194,1.1,0.0,922.4,0,0,0,0,0,0.0,0,0,0,0,0,0,0,0,0.0,0,0,0,0,0,0.0,0.0,4342.3,0,0,0,92.1,13.71,0.05,0.39,18.05,22.3,63.4,97.49303613390241,0.2786030130976412,5.425846293036427,4.070749332063964,0.2092737787045605,1099.892857142857,0.0,0.0,0.0,0.0,52.110529898000614,0.1,0.0,0.0,0.0,0.0,450.0,918.9,0.0,0.0,1.045,0.43,1.475,17.092,1.094,0.381,emon,0.874,0.736,30.8,14.7,2.096
2026-09-25 10:49:15.543,9.0,0,94,2;17;2;94;2;14;0;0;0;11;0;0;0;2;2;0,1177,4791,3319;3470;4735;4791;1341;2366;2000;1532;1749;2032;1546;1288;1177;1185;1190;1181,0.8,0.0,918.9,0,0,0,0,0,0.0,0,0,0,0,0,0,0,0,0.0,0,0,0,0,0,0.0,0.0,4342.3,0,0,0,76.1,13.71,0.05,0.39,18.05,22.3,63.4,97.27388986727087,0.15271347282431658,4.540582001209259,2.851443850639753,0.2682146938154247,1139.8536585365853,0.0,0.0,0.0,0.0,51.588692601134134,0.1,0.0,0.0,0.0,0.0,450.0,918.9,0.0,0.0,1.045,0.43,1.475,17.092,1.094,0.381,emon,0.874,0.736,30.8,14.7,2.096
2026-09-25 10:49:16.543,8.2,0,95,0;20;0;95;0;9;0;0;0;8;0;0;0;0;0;0,1054,4793,2481;3421;4738;4793;1342;2005;1219;1209;1272;2279;2142;1222;1104;1054;1164;1143,1.2,0.0,905.3,0,0,0,0,0,0.0,0,0,0,0,0,0,0,0,0.0,0,0,0,0,0,0.0,0.0,4342.3,0,0,0,69.1,15.83,0.01,0.36,19.32,22.4,63.4,97.4533469551488,0.22881853430973073,6.042667600277223,4.317665450716097,0.6824281645056448,1137.8157894736842,0.0,0.0,0.0,0.0,54.34396962429348,0.1,0.0,0.0,0.0,0.0,450.0,905.3,0.0,0.0,1.045,0.43,1.475,17.092,1.094,0.381,emon,0.874,0.736,30.8,14.7,2.096
2026-09-25 10:49:17.544,9.6,0,95,5;20;2;95;2;16;0;0;0;14;0;0;0;0;0;0,1005,4818,3279;3541;4770;4818;1233;1790;1598;1340;1305;1777;1415;1293;1193;1171;1005;1028,0.8,0.0,905.4,0,0,0,0,0,0.0,0,0,0,0,0,0,0,0,0.0,0,0,0,0,0,0.0,0.0,4342.3,0,0,0,58.1,15.83,0.01,0.36,19.32,22.3,63.4,95.61342530023484,0.0029167644513238755,0.39263135762441725,0.039225920680023375,0.0,1078.7619047619048,0.0,0.0,0.0,0.0,50.31503187900498,0.1,0.0,0.0,0.0,0.0,450.0,905.4,0.0,0.0,1.045,0.43,1.475,17.092,1.094,0.381,emon,0.874,0.736,30.8,14.7,2.096
2026-09-25 10:49:18.544,9.4,0,97,5;17;5;97;5;14;0;0;0;9;0;0;0;0;0;0,1157,4872,3551;4083;4774;4872;1242;2076;1664;1214;1281;1813;1529;1248;1157;1184;1189;1162,0.4,0.0,905.4,0,0,0,0,0,0.0,0,0,0,0,0,0,0,0,0.0,0,0,0,0,0,0.0,0.0,4342.3,0,0,0,64.1,15.83,0.01,0.36,19.32,22.3,63.4,96.18639976099918,0.0035055654466544326,0.4286744688686572,0.042905991602885094,0.0,1085.842105263158,0.0,0.0,0.0,0.0,50.323762485071235,0.1,0.0,0.0,0.0,0.0,450.0,905.4,0.0,0.0,1.045,0.43,1.475,17.092,1.094,0.381,emon,0.874,0.736,30.8,14.7,2.096
2026-09-25 10:49:19.545,8.7,0,94,2;18;2;94;0;12;0;0;0;8;3;0;0;2;0;0,1166,4771,3626;3352;4730;4771;1246;2234;2305;1360;1533;2071;2962;1489;1167;1166;1191;1179,0.5,0.0,905.4,0,0,0,0,0,0.0,0,0,0,0,0,0,0,0,0.0,0,0,0,0,0,0.0,0.0,4342.3,0,0,0,63.1,15.83,0.01,0.36,19.32,22.4,63.4,96.45812021891275,0.002666396756346027,0.37731206152174207,0.037589015232192144,0.0,1085.6666666666667,0.0,0.0,0.0,0.0,49.19875058399306,0.1,0.0,0.0,0.0,0.0,450.0,905.4,0.0,0.0,1.045,0.43,1.475,17.092,1.094,0.381,emon,0.874,0.736,30.8,14.7,2.096
2026-09-25 10:49:20.545,8.8,0,92,6;20;6;92;0;8;0;0;0;8;0;0;0;0;0;0,1086,4754,4168;3531;4729;4754;1214;1908;1860;1288;1291;2183;2251;1498;1135;1150;1160;1086,0.4,0.0,905.4,0,0,0,0,0,0.0,0,0,0,0,0,0,0,0,0.0,0,0,0,0,0,0.0,0.0,4342.3,0,0,0,69.1,12.02,0.01,0.39,16.16,22.3,63.4,96.19328180948894,0.0034879936637090786,0.4476195616381509,0.044811228556292396,0.0,1056.142857142857,0.0,0.0,0.0,0.0,50.32061616508734,0.1,0.0,0.0,0.0,0.0,450.0,905.4,0.0,0.0,1.045,0.43,1.475,17.092,1.094,0.381,emon,0.874,0.736,30.8,14.7,2.096
2026-09-25 10:49:21.545,9.3,0,97,5;23;0;97;0;14;0;0;0;9;0;0;0;2;0;0,1150,4741,3845;3687;4729;4741;1493;2275;1402;1345;1580;2249;2733;1649;1150;1576;1230;1173,0.3,0.0,905.4,0,0,0,0,0,0.0,0,0,0,0,0,0,0,0,0.0,0,0,0,0,0,0.0,0.0,4342.3,0,0,0,79.1,12.02,0.01,0.39,16.16,22.3,63.4,95.33782958984375,0.0026774494908750057,0.37772778868675233,0.03772895224392414,0.0,1109.0,0.0,0.0,0.0,0.0,50.30114244222641,0.1,0.0,0.0,0.0,0.0,450.0,905.4,0.0,0.0,2.017,0.867,2.884,36.689,2.348,0.536,emon,0.902,0.789,29.1,13.5,2.157
2026-09-25 10:49:22.546,9.0,0,100,3;16;0;100;0;11;3;0;0;8;0;0;0;3;0;0,1036,4747,3800;3218;4729;4747;1190;2311;3144;1213;1212;2231;1461;1481;1187;1476;1036;1423,0.5,0.0,905.4,0,0,0,0,0,0.0,0,0,0,0,0,0,0,0,0.0,0,0,0,0,0,0.0,0.0,4342.3,0,0,0,80.1,12.02,0.01,0.39,16.16,22.3,63.4,95.81883707913485,0.0287363349290734,2.023152444850315,1.4601282740689137,0.07530404898253354,1135.3636363636363,0.0,0.0,0.0,0.0,50.31508365679871,0.1,0.0,0.0,0.0,0.0,450.0,905.4,0.0,0.0,2.017,0.867,2.884,36.689,2.348,0.536,emon,0.902,0.789,29.1,13.5,2.157
2026-09-25 10:49:23.546,10.2,0,94,5;30;8;94;0;9;0;0;0;9;2;0;0;6;0;0,985,4720,4516;4216;4648;4720;2454;2836;2967;2501;3215;2856;3008;2968;1062;1403;1014;985,4.8,0.0,920.0,0,0,0,0,0,0.0,0,0,0,0,0,0,0,0,0.0,0,0,0,0,0,0.0,0.0,4342.3,0,0,0,73.1,12.02,0.01,0.39,16.16,22.3,63.4,91.30333357764431,0.9098685082654372,10.142788155442215,6.981014359015155,0.8686510959366616,1169.9163346613545,0.0,0.0,0.0,0.0,53.30112967968907,0.4,0.0,0.0,0.0,0.0,450.0,928.2,0.0,0.0,2.017,0.867,2.884,36.689,2.348,0.536,emon,0.902,0.789,29.1,13.5,2.157
2026-09-25 10:49:24.546,9.2,0,94,5;23;0;94;0;8;0;0;0;14;0;0;0;3;0;0,954,4727,4530;4226;4726;4727;2391;2834;3316;2758;1769;2911;3079;3028;955;1446;1032;954,1.3,0.0,918.5,0,0,0,0,0,0.0,0,0,0,0,0,0,0,0,0.0,0,0,0,0,0,0.0,0.0,4342.3,0,0,0,56.1,15.92,0.07,0.37,19.59,22.4,63.4,98.07346699769015,0.01984363853906696,1.19158381065402,0.316110855706731,0.11471393936038635,1094.5958549222798,0.0,0.0,0.0,0.0,52.674564222520495,0.3,0.0,0.0,0.0,0.0,450.0,920.0,0.0,0.0,2.017,0.867,2.884,36.689,2.348,0.536,emon,0.902,0.789,29.1,13.5,2.157
2026-09-25 10:49:25.546,8.8,0,83,8;22;5;83;0;12;0;0;0;8;0;0;0;3;0;0,1011,4733,4458;4183;4729;4733;2944;2775;3227;2559;3318;2754;2789;2612;1011;1535;1133;1037,1.3,0.0,918.5,0,0,0,0,0,0.0,0,0,0,0,0,0,0,0,0.0,0,0,0,0,0,0.0,0.0,4342.3,0,0,0,55.1,15.92,0.07,0.37,19.59,22.4,63.4,98.11641477501911,0.210222588808234,3.599442558484557,2.6230583088472486,0.36483314824189345,1109.054347826087,0.0,0.0,0.0,0.0,51.95199099903845,0.3,0.0,0.0,0.0,0.0,450.0,930.4,0.0,0.0,2.017,0.867,2.884,36.689,2.348,0.536,emon,0.902,0.789,29.1,13.5,2.157
2026-09-25 10:49:26.548,9.8,0,88,3;31;2;88;0;8;0;0;0;20;2;0;0;5;0;0,1082,4755,4394;4352;4721;4755;2851;2704;3131;2158;2899;2876;2820;3283;1082;1340;1174;1146,1.4,0.0,920.2,0,0,0,0,0,0.0,0,0,0,0,0,0,0,0,0.0,0,0,0,0,0,0.0,0.0,4342.3,0,0,0,61.1,15.92,0.07,0.37,19.59,22.4,63.4,98.35283651044291,0.197199195636917,2.576661386028413,1.7458341566425177,0.26945230347374755,1047.0645161290322,0.0,0.0,0.0,0.0,51.296956036648446,0.2,0.0,0.0,0.0,0.0,450.0,919.2,0.0,0.0,2.017,0.867,2.884,36.689,2.348,0.536,emon,0.902,0.789,29.1,13.5,2.157
2026-09-25 10:49:27.548,9.2,0,94,3;24;3;94;0;6;0;2;0;11;2;0;0;3;0;0,1224,4732,4354;4159;4705;4732;2461;2574;2488;3245;3039;2778;2942;3048;1301;1623;1563;1224,1.2,0.0,922.0,0,0,0,0,0,0.0,0,0,0,0,0,0,0,0,0.0,0,0,0,0,0,0.0,0.0,4342.3,0,0,0,58.1,15.92,0.07,0.37,19.59,22.2,63.4,98.42116992756472,0.01080550569044505,0.9170556755389198,0.16520798075312781,0.091906418234615,1130.3559322033898,0.0,0.0,0.0,0.0,52.06433645572703,0.2,0.0,0.0,0.0,0.0,450.0,920.2,0.0,0.0,2.017,0.867,2.884,36.689,2.348,0.536,emon,0.902,0.789,29.1,13.5,2.157
2026-09-25 10:49:28.549,5.0,0,34,5;19;0;34;0;11;0;0;0;8;2;0;0;0;2;0,1095,4029,4029;3249;3089;4017;1140;1813;1363;1275;1310;1719;2197;2245;1095;1161;1145;1165,1.2,0.0,920.2,0,0,0,0,0,0.0,0,0,0,0,0,0,0,0,0.0,0,0,0,0,0,0.0,0.0,4701.9,0,0,0,37.1,13.53,0.03,0.39,17.74,19.1,63.4,97.94529738516178,0.10893417906550414,2.000619341531452,1.170877769031509,0.2249703305325348,1132.9622641509434,0.0,0.0,0.0,0.0,52.663355851018764,0.3,0.0,0.0,0.0,0.0,450.0,913.8,0.0,0.0,2.017,0.867,2.884,36.689,2.348,0.536,emon,0.902,0.789,29.1,13.5,2.157
2026-09-25 10:49:29.549,3.4,0,25,0;12;3;25;0;6;0;0;0;3;0;0;0;5;0;0,862,3411,2565;2826;1995;3411;948;1183;1060;1014;897;1186;1079;925;868;1128;990;862,1.0,0.0,911.7,0,0,0,0,0,0.0,0,0,0,0,0,0,0,0,0.0,0,0,0,0,0,0.0,0.0,4701.9,0,0,0,35.1,13.53,0.03,0.39,17.74,19.1,63.4,97.67707366086124,0.0964055045428058,2.17234361879109,1.1906590593738084,0.2506146743851766,1097.5955056179776,0.0,0.0,0.0,0.0,51.49988873512223,0.2,0.0,0.0,0.0,0.0,450.0,912.8,0.0,0.0,2.017,0.867,2.884,36.689,2.348,0.536,emon,0.902,0.789,29.1,13.5,2.157
2026-09-25 10:49:30.550,3.9,0,28,0;18;0;28;0;11;0;0;0;5;0;0;0;0;2;0,1062,3459,2253;2278;3459;3318;1176;1366;1159;1218;1161;1346;1109;1171;1062;1125;1143;1094,1.9,0.0,908.7,0,0,0,0,0,0.0,0,0,0,0,0,0,0,0,0.0,0,0,0,0,0,0.0,0.0,4701.9,0,0,0,34.1,13.53,0.03,0.39,17.74,19.1,63.4,98.25378527785793,0.11221252531664283,2.9525246312559554,1.9160495146290597,0.3244358708713359,1138.3939393939395,0.0,0.0,0.0,0.0,52.63336939342094,0.3,0.0,0.0,0.0,0.0,450.0,908.7,0.0,0.0,2.017,0.867,2.884,36.689,2.348,0.536,emon,0.902,0.789,29.1,13.5,2.157
2026-09-25 10:49:31.550,5.5,0,32,3;22;2;32;0;9;0;0;0;12;0;0;2;6;0;0,1005,3173,2666;2252;2172;3173;1059;1233;1135;1145;1005;1283;1125;1072;1216;1122;1073;1087,1.6,0.0,907.7,0,0,0,0,0,0.0,0,0,0,0,0,0,0,0,0.0,0,0,0,0,0,0.0,0.0,4701.9,0,0,0,34.1,13.53,0.03,0.39,17.74,19.1,63.4,97.69249518800177,0.010346341492750976,1.0072079051430054,0.2446487320803147,0.14312139956167388,1126.9005524861877,0.0,0.0,0.0,0.0,51.15761334774244,0.3,0.0,0.0,0.0,0.0,450.0,907.7,0.0,0.0,2.017,0.867,2.884,36.689,2.348,0.536,emon,0.902,0.789,29.1,13.5,2.157
2026-09-25 10:49:32.550,4.0,0,17,2;15;3;17;0;11;0;0;0;11;0;0;0;5;0;0,1051,3096,2060;2152;2813;3096;1210;1230;1051;1226;1218;1191;1229;2243;1101;1162;1118;1150,1.1,0.0,907.7,0,0,0,0,0,0.0,0,0,0,0,0,0,0,0,0.0,0,0,0,0,0,0.0,0.0,4701.9,0,0,0,35.1,3.0,0.04,0.33,5.7,19.1,63.4,96.8915146762885,0.014380802031102346,0.9986095160824581,0.28269518999545606,0.08970204603324816,1132.495145631068,0.0,0.0,0.0,0.0,49.79947300038292,0.2,0.0,0.0,0.0,0.0,450.0,907.7,0.0,0.0,2.017,0.867,2.884,36.689,2.348,0.536,emon,0.902,0.789,29.1,13.5,2.157
2026-09-25 10:49:33.551,5.7,0,29,5;25;3;29;0;6;3;2;2;9;2;2;0;0;3;2,900,3502,3255;2804;3327;3502;2987;1720;2826;2613;3387;1619;2359;2918;938;1149;900;1114,2.1,0.0,909.7,0,0,0,0,0,0.0,0,0,0,0,0,0,0,0,0.0,0,0,0,0,0,64.8,0.0,4830.7,0,0,0,43.1,3.0,0.04,0.33,5.7,19.2,63.4,98.94537132144592,0.27988662214170407,3.1986755970382936,2.443958210035039,0.26384468863047467,997.4455958549223,0.0,0.0,0.0,0.0,53.168524423411476,0.3,0.0,0.0,0.0,0.0,250.0,909.7,0.0,0.0,0.723,0.339,1.062,10.842,0.694,0.368,emon,0.929,0.932,26.0,14.2,1.827
2026-09-25 10:49:34.551,6.5,0,42,0;20;3;42;0;19;0;0;0;14;3;0;0;3;0;0,785,3007,2671;2291;3007;2899;1752;1312;1102;1222;1274;1288;1176;1228;857;1041;785;808,0.6,0.0,907.7,0,0,0,0,0,0.0,0,0,0,0,0,0,0,0,0.0,0,0,0,0,0,93.3,0.0,4908.2,0,0,0,37.1,3.0,0.04,0.33,5.7,19.2,63.4,98.40462430723154,0.022868479774437348,1.138564592808675,0.3585998361847203,0.12407044544341458,967.4713375796179,0.0,0.0,0.0,0.0,50.564968804028005,0.2,0.0,0.0,0.0,0.0,250.0,907.7,0.0,0.0,0.723,0.339,1.062,10.842,0.694,0.368,emon,0.929,0.932,26.0,14.2,1.827
2026-09-25 10:49:35.551,4.9,0,27,5;23;0;27;0;9;0;0;0;11;0;0;0;2;2;0,1060,3278,2874;2645;2315;3278;1095;1171;1312;1207;1126;1172;1077;1154;1116;1106;1060;1136,1.6,0.0,907.7,0,0,0,0,0,0.0,0,0,0,0,0,0,0,0,0.0,0,0,0,0,0,0.0,0.0,4908.2,0,0,0,38.1,3.7,0.04,5.18,15.1,19.2,63.4,97.52759166516756,0.013745131262571942,1.036911042309121,0.2957941883684773,0.11776495271019245,1141.6315789473683,0.0,0.0,0.0,0.0,52.43387355177026,0.3,0.0,0.0,0.0,0.0,450.0,907.7,0.0,0.0,0.723,0.339,1.062,10.842,0.694,0.368,emon,0.929,0.932,26.0,14.2,1.827
2026-09-25 10:49:36.552,4.1,0,17,0;14;3;17;0;8;0;0;0;17;2;0;0;5;0;0,856,3386,3290;2435;2731;3386;856;1143;1174;1113;1096;1173;1168;1092;1120;1293;1100;1073,1.4,0.0,907.7,0,0,0,0,0,0.0,0,0,0,0,0,0,0,0,0.0,0,0,0,0,0,0.0,0.0,4908.2,0,0,0,37.1,3.7,0.04,5.18,15.1,19.2,63.4,97.19260892614854,0.019954283770938216,1.5119154933279595,0.4767730916248618,0.18255745296457174,1128.646017699115,0.0,0.0,0.0,0.0,50.84313164862384,0.2,0.0,0.0,0.0,0.0,450.0,907.7,0.0,0.0,0.723,0.339,1.062,10.842,0.694,0.368,emon,0.929,0.932,26.0,14.2,1.827
2026-09-25 10:49:37.552,5.4,0,28,6;20;2;28;0;11;0;0;0;18;0;0;0;0;2;0,960,3423,1881;2252;3423;3306;1154;1183;1054;1195;1195;1159;1135;1052;971;1148;1167;960,1.4,0.0,903.6,0,0,0,0,0,0.0,0,0,0,0,0,0,0,0,0.0,0,0,0,0,0,0.0,0.0,4908.2,0,0,0,36.1,3.7,0.04,5.18,15.1,19.2,63.4,97.15577495574951,0.012463915780826937,0.9833053860068321,0.2824321700679138,0.11261173009872437,1122.25,0.0,0.0,0.0,0.0,51.84620086116716,0.3,0.0,0.0,0.0,0.0,450.0,903.6,0.0,0.0,0.723,0.339,1.062,10.842,0.694,0.368,emon,0.929,0.932,26.0,14.2,1.827
2026-09-25 10:49:38.553,3.9,0,20,0;14;0;20;0;9;0;0;0;9;0;2;0;3;3;2,984,2959,2350;2211;2297;2959;1239;1355;1128;1225;1174;1395;1150;1250;1128;1074;1082;984,1.4,0.0,903.6,0,0,0,0,0,0.0,0,0,0,0,0,0,0,0,0.0,0,0,0,0,0,0.0,0.0,4908.2,0,0,0,34.1,3.7,0.04,5.18,15.1,19.2,63.4,97.50238555908203,0.013569619049251611,1.0799469275559699,0.25870755253093586,0.12225033623831613,1110.7142857142858,0.0,0.0,0.0,0.0,51.17654324855123,0.2,0.0,0.0,0.0,0.0,450.0,907.6,0.0,0.0,0.723,0.339,1.062,10.842,0.694,0.368,emon,0.929,0.932,26.0,14.2,1.827
2026-09-25 10:49:39.553,5.5,0,30,15;6;0;30;0;0;14;0;0;0;14;0;0;0;8;0,1080,3411,2587;2439;2965;3411;1219;1228;1158;1121;1212;1207;1142;1128;1114;1080;1115;1104,1.9,0.0,907.6,0,0,0,0,0,0.0,0,0,0,0,0,0,0,0,0.0,0,0,0,0,0,0.0,0.0,4908.2,0,0,0,33.1,3.03,0.04,0.32,5.64,19.2,63.4,97.69623301188152,0.01768444118303402,1.1327636331816515,0.37042904073993366,0.135312975247701,1124.3333333333333,0.0,0.0,0.0,0.0,51.718581453959146,0.3,0.0,0.0,0.0,0.0,450.0,907.6,0.0,0.0,0.723,0.339,1.062,10.842,0.694,0.368,emon,0.929,0.932,26.0,14.2,1.827
2026-09-25 10:49:40.553,7.0,0,28,16;3;2;28;0;0;19;0;0;0;15;0;25;0;2;2,934,2965,2139;2218;2965;2953;1435;1452;1384;1332;1214;1251;1237;1236;1438;934;1116;1040,0.8,0.0,907.6,0,0,0,0,0,0.0,0,0,0,0,0,0,0,0,0.0,0,0,0,0,0,19.5,0.0,4908.2,0,0,0,40.1,3.03,0.04,0.32,5.64,19.2,63.4,98.39424113117198,0.018358932076904075,0.9869069632872072,0.3030843849949263,0.09154935614772575,1050.0582010582011,0.0,0.0,0.0,0.0,52.05646327078816,0.2,0.0,0.0,0.0,0.0,450.0,907.6,0.0,0.0,0.723,0.339,1.062,10.842,0.694,0.368,emon,0.929,0.932,26.0,14.2,1.827
2026-09-25 10:49:41.554,5.8,0,31,22;8;0;31;0;0;18;0;0;0;11;0;2;0;2;0,1024,3130,2448;2899;2574;3130;1111;1074;1284;1789;1334;1156;1363;1243;1029;1044;1024;1164,1.3,0.0,903.6,0,0,0,0,0,0.0,0,0,0,0,0,0,0,0,0.0,0,0,0,0,0,93.0,0.0,4908.2,0,0,0,37.1,3.03,0.04,0.32,5.64,19.2,63.4,98.00926859238568,0.03997958624135137,2.259041962085986,0.8196732840117287,0.36125774477042405,1031.8431372549019,0.0,0.0,0.0,0.0,52.27995233413051,0.2,0.0,0.0,0.0,0.0,450.0,901.6,0.0,0.0,0.723,0.339,1.062,10.842,0.694,0.368,emon,0.929,0.932,26.0,14.2,1.827
2026-09-25 10:49:42.554,5.3,0,30,24;2;2;30;0;0;10;0;0;0;12;0;0;0;6;0,1083,3551,2627;3551;3294;3337;1252;1240;1163;1443;1243;1329;1238;1134;1121;1083;1156;1134,1.5,0.0,901.6,0,0,0,0,0,0.0,0,0,0,0,0,0,0,0,0.0,0,0,0,0,0,0.0,0.0,4908.2,0,0,0,34.1,3.03,0.04,0.32,5.64,19.2,63.4,97.17176499947038,0.013728630387935068,1.0110133836666744,0.3086209794969628,0.09930520502742006,1099.0,0.0,0.0,0.0,0.0,51.115074105836726,0.3,0.0,0.0,0.0,0.0,450.0,901.6,0.0,0.0,0.723,0.339,1.062,10.842,0.694,0.368,emon,0.929,0.932,26.0,14.2,1.827
2026-09-25 10:49:43.555,4.0,0,23,17;0;3;23;0;0;15;0;0;0;5;0;2;0;0;0,935,3090,2051;2695;1929;3090;1179;1201;1169;1118;1200;1195;1258;1366;935;972;1126;1134,1.3,0.0,901.6,0,0,0,0,0,0.0,0,0,0,0,0,0,0,0,0.0,0,0,0,0,0,0.0,0.0,4908.2,0,0,0,34.1,3.08,0.04,4.78,14.51,19.2,63.4,97.26458095203746,0.021100726063278587,1.4654425176707182,0.48677743160250514,0.21518544067036022,1101.7272727272727,0.0,0.0,0.0,0.0,50.297315199808644,0.2,0.0,0.0,0.0,0.0,450.0,901.6,0.0,0.0,0.723,0.339,1.062,10.842,0.694,0.368,emon,0.929,0.932,26.0,14.2,1.827
2026-09-25 10:49:44.555,4.1,0,17,17;3;0;12;0;0;11;3;0;0;8;3;2;2;5;0,982,3147,2320;2201;2117;3147;1102;1128;1190;1214;1188;1128;1169;1198;982;992;1092;1102,1.6,0.0,901.6,0,0,0,0,0,0.0,0,0,0,0,0,0,0,0,0.0,0,0,0,0,0,0.0,0.0,4908.2,0,0,0,32.1,3.08,0.04,4.78,14.51,19.2,63.4,97.57375637690227,0.0094755484039221,0.9191898179706186,0.20607880043098703,0.12268803175538778,1118.0104166666667,0.0,0.0,0.0,0.0,51.425922183475144,0.3,0.0,0.0,0.0,0.0,450.0,901.6,0.0,0.0,0.723,0.339,1.062,10.842,0.694,0.368,emon,0.929,0.932,26.0,14.2,1.827
2026-09-25 10:49:45.556,4.7,0,25,22;0;2;25;0;0;12;5;0;0;9;2;0;0;0;0,1013,3018,2668;2360;1998;3018;1224;1187;1209;1258;1233;1247;1179;1108;1155;1013;1084;1146,0.8,0.0,901.6,0,0,0,0,0,0.0,0,0,0,0,0,0,0,0,0.0,0,0,0,0,0,0.0,0.0,4908.2,0,0,0,33.1,3.08,0.04,4.78,14.51,19.2,63.4,97.0467877595321,0.025024698844746403,1.7907240574612566,0.5747617535677779,0.23689272092736285,1099.0,0.0,0.0,0.0,0.0,51.50551059971685,0.2,0.0,0.0,0.0,0.0,450.0,901.6,0.0,0.0,0.672,0.347,1.019,10.133,0.649,0.37,emon,0.923,0.94,25.4,14.5,1.757
2026-09-25 10:49:46.556,4.3,0,25,24;0;0;25;0;0;9;0;0;0;9;0;0;0;2;0,1104,3487,2524;3487;3268;3188;1203;1148;1199;1214;1294;1182;1244;1228;1142;1125;1104;1109,1.5,0.0,901.6,0,0,0,0,0,0.0,0,0,0,0,0,0,0,0,0.0,0,0,0,0,0,0.0,0.0,4908.2,0,0,0,49.1,3.08,0.04,4.78,14.51,19.2,63.4,97.57509492134136,0.011070233111936457,0.8153839210669199,0.22141189154115368,0.08719485167597162,1128.2349726775956,0.0,0.0,0.0,0.0,52.19673717070798,0.3,0.0,0.0,0.0,0.0,250.0,901.6,0.0,0.0,0.672,0.347,1.019,10.133,0.649,0.37,emon,0.923,0.94,25.4,14.5,1.757
2026-09-25 10:49:47.556,4.2,0,30,11;0;0;30;0;0;8;2;0;0;8;0;2;0;6;2,1004,2816,2406;2457;2418;2816;1120;1209;1394;1602;1169;1161;1430;1465;1004;1009;1067;1067,1.1,0.0,901.6,0,0,0,0,0,0.0,0,0,0,0,0,0,0,0,0.0,0,0,0,0,0,93.8,0.0,4908.2,0,0,0,38.1,2.5,0.04,4.12,9.96,19.2,63.4,98.28106085275638,0.01584250116963047,0.9406252200634493,0.2534593515787166,0.11748228045557275,1091.1965317919075,0.0,0.0,0.0,0.0,50.58431559267072,0.2,0.0,0.0,0.0,0.0,250.0,901.6,0.0,0.0,0.672,0.347,1.019,10.133,0.649,0.37,emon,0.923,0.94,25.4,14.5,1.757
2026-09-25 10:49:48.557,4.4,0,26,20;3;2;26;0;0;9;0;0;0;11;0;0;0;0;0,897,3001,2160;2746;2921;3001;1150;1126;1200;1199;1168;1124;1271;1155;897;1148;1026;1096,1.1,0.0,901.6,0,0,0,0,0,0.0,0,0,0,0,0,0,0,0,0.0,0,0,0,0,0,23.6,0.0,4908.2,0,0,0,36.1,2.5,0.04,4.12,9.96,19.2,63.4,97.804491878335,0.024526181802559898,1.3454781957214175,0.4864388303222512,0.16499282215155808,1072.5294117647059,0.0,0.0,0.0,0.0,50.6083747763065,0.2,0.0,0.0,0.0,0.0,450.0,901.6,0.0,0.0,0.672,0.347,1.019,10.133,0.649,0.37,emon,0.923,0.94,25.4,14.5,1.757
2026-09-25 10:49:49.557,4.7,0,25,20;3;3;25;0;0;8;0;0;0;6;2;0;0;6;2,1076,3522,2514;3272;2859;3522;1226;1220;1268;1258;1206;1185;1355;1244;1160;1143;1185;1076,1.4,0.0,901.6,0,0,0,0,0,0.0,0,0,0,0,0,0,0,0,0.0,0,0,0,0,0,0.0,0.0,4908.2,0,0,0,36.1,2.5,0.04,4.12,9.96,19.2,63.4,97.74434164421044,0.009881567908450961,0.9096520609741834,0.24760559980462693,0.1012432338604376,1083.1708542713568,0.0,0.0,0.0,0.0,52.07337276704946,0.2,0.0,0.0,0.0,0.0,450.0,901.6,0.0,0.0,0.672,0.347,1.019,10.133,0.649,0.37,emon,0.923,0.94,25.4,14.5,1.757
2026-09-25 10:49:50.557,3.8,0,23,16;2;0;23;0;0;2;5;0;0;11;2;0;0;2;0,958,2939,1996;1602;2218;2939;1174;1151;1221;1210;1145;1194;1188;1314;1000;1153;1118;958,1.4,0.0,901.6,0,0,0,0,0,0.0,0,0,0,0,0,0,0,0,0.0,0,0,0,0,0,0.0,0.0,4908.2,0,0,0,33.1,2.5,0.04,4.12,9.96,19.2,63.4,97.46026173043758,0.02370433073132943,2.0509716285035964,0.659046430923441,0.236905204805922,1143.1489361702127,0.0,0.0,0.0,0.0,51.35658057794926,0.2,0.0,0.0,0.0,0.0,450.0,901.6,0.0,0.0,0.672,0.347,1.019,10.133,0.649,0.37,emon,0.923,0.94,25.4,14.5,1.757
2026-09-25 10:49:51.558,4.6,0,19,12;2;2;19;0;0;18;0;0;0;15;0;0;0;5;0,925,3215,2381;2624;1615;3215;1153;1243;1247;1157;1095;1160;1279;1130;925;1165;1139;1019,0.8,0.0,901.6,0,0,0,0,0,0.0,0,0,0,0,0,0,0,0,0.0,0,0,0,0,0,0.0,0.0,4908.2,0,0,0,34.1,3.04,0.03,1.07,9.28,19.2,63.4,97.61639094225225,0.012981402966160238,1.221080201274571,0.36896654412170304,0.11177380533763183,1130.0160427807486,0.0,0.0,0.0,0.0,51.108589677568425,0.3,0.0,0.0,0.0,0.0,450.0,901.6,0.0,0.0,0.672,0.347,1.019,10.133,0.649,0.37,emon,0.923,0.94,25.4,14.5,1.757
2026-09-25 10:49:52.559,4.1,0,28,16;3;0;28;0;0;9;0;0;0;8;0;0;0;2;0,981,3337,2102;2920;2021;3337;1163;1121;1196;1183;1181;1101;1198;1142;981;1120;1113;997,1.6,0.0,901.6,0,0,0,0,0,0.0,0,0,0,0,0,0,0,0,0.0,0,0,0,0,0,0.0,0.0,4908.2,0,0,0,35.1,3.04,0.03,1.07,9.28,19.2,63.4,97.60699798320901,0.01104908436687326,0.9140455578935558,0.2857035953904791,0.09840319819491485,1151.155172413793,0.0,0.0,0.0,0.0,51.327375315515134,0.2,0.0,0.0,0.0,0.0,450.0,901.6,0.0,0.0,0.672,0.347,1.019,10.133,0.649,0.37,emon,0.923,0.94,25.4,14.5,1.757
2026-09-25 10:49:53.559,5.4,0,31,17;3;3;31;0;0;8;0;0;0;15;2;0;0;8;0,868,3083,2309;2394;2763;3083;1479;1627;1255;1371;1331;1502;1232;1326;934;1120;1083;868,1.4,0.0,901.6,0,0,0,0,0,0.0,0,0,0,0,0,0,0,0,0.0,0,0,0,0,0,0.0,0.0,4908.2,0,0,0,52.1,3.04,0.03,1.07,9.28,19.2,63.4,97.86378970675999,0.017747864503568658,1.03264537230134,0.3066481263894174,0.11198242737187279,1111.2222222222222,0.0,0.0,0.0,0.0,51.389856626838444,0.2,0.0,0.0,0.0,0.0,250.0,901.6,0.0,0.0,0.672,0.347,1.019,10.133,0.649,0.37,emon,0.923,0.94,25.4,14.5,1.757
2026-09-25 10:49:54.559,3.9,0,20,15;6;0;20;0;0;13;0;0;0;6;0;0;0;2;0,774,3062,2238;2005;2751;3062;1061;1071;1148;1162;1084;1031;1157;1120;833;774;1194;962,1.0,0.0,901.6,0,0,0,0,0,0.0,0,0,0,0,0,0,0,0,0.0,0,0,0,0,0,89.7,0.0,4908.2,0,0,0,38.1,3.04,0.03,1.07,9.28,19.2,63.4,97.35101064046223,0.0281545506070622,1.5754135024517473,0.4569761505482173,0.2531608620075264,1032.8383838383838,0.0,0.0,0.0,0.0,50.21933850736329,0.2,0.0,0.0,0.0,0.0,250.0,901.6,0.0,0.0,0.672,0.347,1.019,10.133,0.649,0.37,emon,0.923,0.94,25.4,14.5,1.757
2026-09-25 10:49:55.560,27.5,3,77,52;50;28;77;11;5;38;12;25;8;31;23;5;3;63;9,2581,4676,4453;4654;4676;4532;3394;3408;3159;3375;3396;3393;3117;3396;2587;2852;2819;2581,1.3,0.0,901.6,0,0,0,0,0,0.0,0,0,0,0,0,0,0,0,0.0,0,0,0,0,0,55.0,0.0,3261.2,0,0,0,50.1,3.36,0.03,5.27,14.46,14.2,63.4,99.18855353294335,0.015042942641257065,0.8808927508116943,0.27657594359273396,0.08753833512367286,1058.1133004926107,0.0,0.0,0.0,0.0,53.04208832263506,0.3,0.0,0.0,0.0,0.0,450.0,901.6,0.0,0.0,0.672,0.347,1.019,10.133,0.649,0.37,emon,0.923,0.94,25.4,14.5,1.757
2026-09-25 10:49:56.560,14.3,0,66,27;32;3;66;0;0;16;0;2;0;5;2;0;0;46;31,1916,4696,4184;4696;4554;4550;2571;2560;2568;2751;2948;2892;2318;2948;1969;1916;2392;2463,0.8,0.0,901.6,0,0,0,0,0,0.0,0,0,0,0,0,0,0,0,0.0,0,0,0,0,0,0.0,0.0,0.0,0,0,0,61.1,3.36,0.03,5.27,14.46,14.3,63.4,98.66053627510748,0.018985657349122775,1.0158031574896806,0.31092673108620933,0.10785207099463107,1050.775147928994,0.0,0.0,0.0,0.0,53.26928575398654,0.2,0.0,0.0,0.0,0.0,450.0,901.6,0.0,0.0,0.672,0.347,1.019,10.133,0.649,0.37,emon,0.923,0.94,25.4,14.5,1.757
2026-09-25 10:49:57.571,48.1,36,94,76;58;44;94;36;36;55;42;36;36;57;41;36;36;48;36,2397,4723,4679;4715;4723;4720;3449;3450;3274;3441;3443;3443;3298;3440;2492;2496;2397;2482,1.3,0.0,901.6,0,0,0,0,0,0.0,0,0,0,0,0,0,0,0,0.0,0,0,0,0,0,0.0,0.0,493.6,0,0,0,71.1,3.36,0.03,5.27,14.46,20.6,63.4,98.98607741135817,0.3705330688001898,4.223780028483806,3.3611281923090037,0.3063238196194363,1065.923076923077,0.0,0.0,0.0,0.0,52.09833584229151,0.3,0.0,0.0,0.0,0.0,300.0,909.4,0.0,0.0,94.457,0.562,95.019,12.937,0.828,94.191,emon,0.772,0.547,57.0,26.4,2.161
2026-09-25 10:49:58.572,50.7,36,98,68;59;49;98;41;43;53;47;46;41;48;41;43;39;58;36,2507,4706,4667;4694;4706;4704;3390;3407;3272;3421;3420;3395;3347;3406;2646;2640;2507;2617,5.0,0.0,918.7,0,0,0,0,0,0.0,0,0,0,0,0,0,0,0,0.0,0,0,0,0,0,0.0,0.0,4342.3,0,0,0,66.1,3.36,0.03,5.27,14.46,22.3,63.4,97.50071742885252,1.46881287255434,15.512375991966795,13.431456552117186,0.8812228292485302,1173.1176470588234,0.0,0.0,0.0,0.0,53.6353673100855,0.7,0.0,0.0,0.0,0.0,450.0,930.0,0.0,0.0,94.457,0.562,95.019,12.937,0.828,94.191,emon,0.772,0.547,57.0,26.4,2.161
2026-09-25 10:49:59.572,9.3,0,70,26;13;12;70;0;0;14;0;0;0;10;2;0;0;2;0,1070,4724,3910;4464;4724;4690;1840;1579;2433;2378;2833;1883;2345;2361;1133;1070;1605;1074,0.9,0.0,932.0,0,0,0,0,0,0.0,0,0,0,0,0,0,0,0,0.0,0,0,0,0,0,0.0,0.0,4342.3,0,0,0,79.1,23.65,0.11,0.39,29.3,22.3,63.4,86.81643288488422,0.6934271866660767,8.354133867292198,5.296394561978884,0.7790827202721623,1168.6750902527076,0.0,0.0,0.0,0.0,52.30293053025985,0.4,0.0,0.0,0.0,0.0,450.0,924.5,0.0,0.0,94.457,0.562,95.019,12.937,0.828,94.191,emon,0.772,0.547,57.0,26.4,2.161
2026-09-25 10:50:00.572,10.7,0,58,25;3;46;58;0;0;14;0;0;0;12;3;2;0;6;2,1093,4729,3890;3085;4700;4729;2451;1979;2229;2185;1761;2132;2005;2952;1093;1100;1720;1139,0.7,0.0,924.5,0,0,0,0,0,0.0,0,0,0,0,0,0,0,0,0.0,0,0,0,0,0,0.0,0.0,4342.3,0,0,0,87.1,23.65,0.11,0.39,29.3,22.3,63.4,96.7130347065542,0.26358862785119347,5.677407354458995,3.3365097061741626,0.4834271685231006,1019.1149425287356,0.0,0.0,0.0,0.0,52.14550068597684,0.2,0.0,0.0,0.0,0.0,450.0,924.5,0.0,0.0,94.457,0.562,95.019,12.937,0.828,94.191,emon,0.772,0.547,57.0,26.4,2.161
2026-09-25 10:50:01.573,10.7,0,66,21;6;66;36;0;0;16;0;0;0;13;6;0;0;5;2,1157,4690,3578;4339;4690;4688;2326;2375;2596;2912;2664;3074;2593;3209;1313;1157;2398;1199,0.6,0.0,920.5,0,0,0,0,0,0.0,0,0,0,0,0,0,0,0,0.0,0,0,0,0,0,0.0,0.0,4342.3,0,0,0,80.1,23.65,0.11,0.39,29.3,22.3,63.4,95.04835158128004,0.002796605175647598,0.3518696152246915,0.03509402504334083,0.0,900.9230769230769,0.0,0.0,0.0,0.0,50.34992808791307,0.1,0.0,0.0,0.0,0.0,450.0,920.5,0.0,0.0,94.457,0.562,95.019,12.937,0.828,94.191,emon,0.772,0.547,57.0,26.4,2.161
2026-09-25 10:50:02.573,9.0,0,58,19;5;31;58;0;0;14;0;0;0;12;2;0;0;3;0,1138,4730,3742;3858;4730;4714;1201;1197;1974;1216;1233;1238;2039;2039;1138;1146;1188;1184,0.6,0.0,920.5,0,0,0,0,0,0.0,0,0,0,0,0,0,0,0,0.0,0,0,0,0,0,0.0,0.0,4342.3,0,0,0,74.1,17.73,0.05,0.35,21.15,22.3,63.4,96.46844177246093,0.0033313542371615767,0.42614647597074506,0.042543689627200364,0.0,1044.0,0.0,0.0,0.0,0.0,50.32916741222143,0.1,0.0,0.0,0.0,0.0,450.0,921.5,0.0,0.0,94.457,0.562,95.019,12.937,0.828,94.191,emon,0.772,0.547,57.0,26.4,2.161
2026-09-25 10:50:03.573,10.0,0,95,18;11;2;95;0;3;12;0;0;0;15;0;0;0;3;0,1092,4867,3663;3949;4761;4867;2727;1277;2112;2273;2201;2453;1865;1687;1092;1100;1161;1104,0.9,0.0,918.0,0,0,0,0,0,0.0,0,0,0,0,0,0,0,0,0.0,0,0,0,0,0,0.0,0.0,4342.3,0,0,0,76.1,17.73,0.05,0.35,21.15,22.4,63.4,95.84612878163655,0.0026540700540257,0.360349224259456,0.03591307935615381,0.0,969.8333333333334,0.0,0.0,0.0,0.0,50.33169339721402,0.1,0.0,0.0,0.0,0.0,450.0,907.3,0.0,0.0,94.457,0.562,95.019,12.937,0.828,94.191,emon,0.772,0.547,57.0,26.4,2.161
2026-09-25 10:50:04.574,9.8,0,100,22;6;2;100;0;0;10;2;0;0;10;0;2;2;2;2,986,4848,4032;3927;4648;4848;3077;2920;2299;2427;2022;1836;1855;2388;1130;1031;1122;986,1.3,0.0,907.3,0,0,0,0,0,0.0,0,0,0,0,0,0,0,0,0.0,0,0,0,0,0,0.0,0.0,4342.3,0,0,0,77.1,17.73,0.05,0.35,21.15,22.4,63.4,96.66623712355091,0.15974510000312642,4.913321931996653,3.6919165807025087,0.2710875666910602,1133.6774193548388,0.0,0.0,0.0,0.0,52.142006070863815,0.1,0.0,0.0,0.0,0.0,450.0,908.3,0.0,0.0,94.457,0.562,95.019,12.937,0.828,94.191,emon,0.772,0.547,57.0,26.4,2.161
2026-09-25 10:50:05.574,8.9,0,94,20;2;3;94;0;0;9;0;0;0;12;2;0;0;2;0,1144,4801,3960;3801;4732;4801;1636;1451;2521;1540;1201;1210;2011;1812;1144;1162;1178;1166,1.0,0.0,908.3,0,0,0,0,0,0.0,0,0,0,0,0,0,0,0,0.0,0,0,0,0,0,0.0,0.0,4342.3,0,0,0,79.1,17.73,0.05,0.35,21.15,22.4,63.4,97.20195892878941,0.20833279694280854,5.526856850832701,4.0058854299464395,0.21640911675058305,1080.25,0.0,0.0,0.0,0.0,53.077307801161496,0.1,0.0,0.0,0.0,0.0,450.0,908.3,0.0,0.0,94.457,0.562,95.019,12.937,0.828,94.191,emon,0.772,0.547,57.0,26.4,2.161
2026-09-25 10:50:06.575,9.6,0,94,28;3;5;94;0;0;5;0;0;0;15;0;0;0;0;3,962,4812,3841;3213;4671;4812;1372;1249;2489;1705;2966;1243;2137;1598;1080;962;1140;1074,0.8,0.0,908.3,0,0,0,0,0,0.0,0,0,0,0,0,0,0,0,0.0,0,0,0,0,0,0.0,0.0,4342.3,0,0,0,64.1,16.43,0.01,0.38,20.17,22.4,63.4,97.16209081701331,0.2137774375512743,5.511013722903019,3.900378388377863,0.5602343391022973,1140.2162162162163,0.0,0.0,0.0,0.0,51.707615546680785,0.1,0.0,0.0,0.0,0.0,450.0,908.3,0.0,0.0,94.457,0.562,95.019,12.937,0.828,94.191,emon,0.772,0.547,57.0,26.4,2.161
2026-09-25 10:50:07.576,8.4,0,97,14;6;3;97;0;0;2;0;0;0;9;0;0;0;3;0,995,4806,3816;4125;4716;4806;1645;1604;2099;1328;1202;1147;2057;2193;1143;995;1204;1144,0.5,0.0,908.3,0,0,0,0,0,0.0,0,0,0,0,0,0,0,0,0.0,0,0,0,0,0,0.0,0.0,4342.3,0,0,0,64.1,16.43,0.01,0.38,20.17,22.4,63.4,97.46851584352093,0.19898876207765698,6.019838549472667,4.297317910479543,0.5674930337908459,1005.1728395061729,0.0,0.0,0.0,0.0,54.67532267872198,0.1,0.0,0.0,0.0,0.0,450.0,908.3,0.0,0.0,94.457,0.562,95.019,12.937,0.828,94.191,emon,0.772,0.547,57.0,26.4,2.161
2026-09-25 10:50:08.576,9.5,0,95,18;5;11;95;0;0;10;0;0;0;11;3;0;0;0;0,1115,4788,4136;3108;4595;4788;1263;1392;2377;1959;2998;2777;1719;2237;1127;1116;1151;1115,0.7,0.0,907.3,0,0,0,0,0,0.0,0,0,0,0,0,0,0,0,0.0,0,0,0,0,0,0.0,0.0,4342.3,0,0,0,55.1,16.43,0.01,0.38,20.17,22.4,63.4,95.08623958769299,0.0030224000857699486,0.3860036943640028,0.03862834260577247,0.0,1044.2380952380952,0.0,0.0,0.0,0.0,50.333930830160774,0.1,0.0,0.0,0.0,0.0,450.0,907.3,0.0,0.0,94.457,0.562,95.019,12.937,0.828,94.191,emon,0.772,0.547,57.0,26.4,2.161
2026-09-25 10:50:09.577,8.7,0,95,3;6;2;95;3;0;0;9;0;0;0;15;0;0;3;3,1091,4827,3685;3585;4685;4827;1918;1676;1265;2083;1221;1228;1205;1913;1091;1165;1165;1155,0.4,0.0,907.3,0,0,0,0,0,0.0,0,0,0,0,0,0,0,0,0.0,0,0,0,0,0,0.0,0.0,4342.3,0,0,0,59.1,16.43,0.01,0.38,20.17,22.4,63.4,95.13426418304444,0.003517484461190179,0.4179833635687828,0.041756263840943574,0.0,964.0,0.0,0.0,0.0,0.0,50.73395296037197,0.1,0.0,0.0,0.0,0.0,450.0,907.3,0.0,0.0,94.457,0.562,95.019,12.937,0.828,94.191,emon,0.772,0.547,57.0,26.4,2.161
2026-09-25 10:50:10.577,10.3,0,97,11;29;5;97;0;0;0;9;0;0;0;14;0;0;0;0,1042,4684,4200;3576;4671;4684;1466;1218;1211;2271;2769;1555;1475;1752;1147;1140;1042;1119,0.4,0.0,907.3,0,0,0,0,0,0.0,0,0,0,0,0,0,0,0,0.0,0,0,0,0,0,0.0,0.0,4342.3,0,0,0,52.1,12.56,0.01,0.4,16.68,22.4,63.4,95.51695071949678,0.0027081728912889957,0.3644374889485976,0.03639320054036729,0.0,1072.5294117647059,0.0,0.0,0.0,0.0,50.321297083707414,0.1,0.0,0.0,0.0,0.0,450.0,907.3,0.0,0.0,1.958,0.605,2.564,31.289,2.003,0.561,emon,0.919,0.755,28.8,13.5,2.134
2026-09-25 10:50:11.577,8.7,0,97,2;20;3;97;0;0;0;8;0;0;0;11;0;0;0;0,1149,4836,3740;4037;4738;4836;1265;1263;1183;2193;2354;1188;1205;1716;1171;1149;1162;1189,0.5,0.0,880.4,0,0,0,0,0,0.0,0,0,0,0,0,0,0,0,0.0,0,0,0,0,0,0.0,0.0,4342.3,0,0,0,56.1,12.56,0.01,0.4,16.68,22.4,63.4,95.74736763000489,0.0031217904575169086,0.40414227068424224,0.040285852029919626,0.0,1051.0,0.0,0.0,0.0,0.0,54.14860565423965,0.1,0.0,0.0,0.0,0.0,450.0,880.4,0.0,0.0,1.958,0.605,2.564,31.289,2.003,0.561,emon,0.919,0.755,28.8,13.5,2.134
2026-09-25 10:50:12.577,8.8,0,100,6;21;2;100;0;0;0;0;2;0;0;9;0;0;0;2,1175,4800,4298;3890;4524;4800;2077;1256;1312;2065;2345;1215;1192;1801;1175;1191;1176;1204,0.2,0.0,880.4,0,0,0,0,0,0.0,0,0,0,0,0,0,0,0,0.0,0,0,0,0,0,0.0,0.0,4342.3,0,0,0,54.1,12.56,0.01,0.4,16.68,22.4,63.4,96.81852934095595,0.002797995823332005,0.380979726711909,0.03806454067428907,0.0,1104.5555555555557,0.0,0.0,0.0,0.0,50.30277784665426,0.1,0.0,0.0,0.0,0.0,450.0,880.4,0.0,0.0,1.958,0.605,2.564,31.289,2.003,0.561,emon,0.919,0.755,28.8,13.5,2.134
2026-09-25 10:50:13.578,9.5,0,98,5;24;2;98;2;0;0;9;0;0;0;12;0;0;0;0,925,4845,3269;4130;4737;4845;1398;1226;1221;2518;1372;1030;1541;2056;1050;925;1043;1206,0.8,0.0,880.4,0,0,0,0,0,0.0,0,0,0,0,0,0,0,0,0.0,0,0,0,0,0,0.0,0.0,4342.3,0,0,0,62.1,12.56,0.01,0.4,16.68,22.4,63.4,96.9108193496178,0.15015889098466342,5.075618546584557,3.6847354077316563,0.24199111872866494,997.2758620689655,0.0,0.0,0.0,0.0,50.370584658507646,0.1,0.0,0.0,0.0,0.0,450.0,880.4,0.0,0.0,1.958,0.605,2.564,31.289,2.003,0.561,emon,0.919,0.755,28.8,13.5,2.134
2026-09-25 10:50:14.579,9.6,0,97,13;22;3;97;2;0;0;3;3;0;0;9;0;0;0;2,1095,4807,3473;3317;4705;4807;1549;1225;1226;1998;1297;1289;1240;1842;1172;1113;1095;1163,0.7,0.0,880.4,0,0,0,0,0,0.0,0,0,0,0,0,0,0,0,0.0,0,0,0,0,0,0.0,0.0,4342.3,0,0,0,55.1,12.8,0.02,0.4,16.97,22.4,63.4,97.30807202927609,0.17573493947473137,4.7634695755674485,3.417639771674542,0.12375147058876192,1127.723404255319,0.0,0.0,0.0,0.0,53.55971061866334,0.1,0.0,0.0,0.0,0.0,450.0,880.4,0.0,0.0,1.958,0.605,2.564,31.289,2.003,0.561,emon,0.919,0.755,28.8,13.5,2.134
2026-09-25 10:50:15.579,7.6,0,97,0;12;3;97;0;0;0;5;0;0;0;5;0;0;0;0,1180,4817,1887;3955;4736;4817;1710;1486;1615;1917;1707;1651;1794;1831;1181;1197;1180;1182,0.7,0.0,880.4,0,0,0,0,0,0.0,0,0,0,0,0,0,0,0,0.0,0,0,0,0,0,0.0,0.0,4342.3,0,0,0,50.1,12.8,0.02,0.4,16.97,22.4,63.4,97.11320431261177,0.16639138233331763,5.3452264734779495,3.683138853006334,0.5731715681143554,1070.686746987952,0.0,0.0,0.0,0.0,53.45006652266146,0.1,0.0,0.0,0.0,0.0,450.0,880.4,0.0,0.0,1.958,0.605,2.564,31.289,2.003,0.561,emon,0.919,0.755,28.8,13.5,2.134
2026-09-25 10:50:16.579,9.0,0,97,3;23;2;97;0;0;0;11;0;0;0;9;0;0;0;0,1056,4822,3868;4116;4700;4822;1875;1295;1375;2250;1624;1362;1525;2117;1154;1106;1056;1182,1.0,0.0,880.4,0,0,0,0,0,0.0,0,0,0,0,0,0,0,0,0.0,0,0,0,0,0,0.0,0.0,4342.3,0,0,0,69.1,12.8,0.02,0.4,16.97,22.5,63.4,97.81998172336155,0.21928184582696605,7.542758151888847,5.422807430558734,0.4816004280414846,1100.6666666666667,0.0,0.0,0.0,0.0,53.69479229466783,0.1,0.0,0.0,0.0,0.0,450.0,880.4,0.0,0.0,1.958,0.605,2.564,31.289,2.003,0.561,emon,0.919,0.755,28.8,13.5,2.134
2026-09-25 10:50:17.580,8.4,0,98,3;11;2;98;0;0;0;8;0;0;0;12;0;0;0;0,978,4760,3930;3598;4679;4760;1199;1462;1218;2499;1638;1315;1230;2007;1166;978;998;1234,1.0,0.0,880.4,0,0,0,0,0,0.0,0,0,0,0,0,0,0,0,0.0,0,0,0,0,0,0.0,0.0,4342.3,0,0,0,64.1,12.8,0.02,0.4,16.97,22.5,63.4,95.24078085256177,0.00295881102901212,0.3756990917893343,0.037480695822904274,0.0,992.0232558139535,0.0,0.0,0.0,0.0,49.182737371949266,0.1,0.0,0.0,0.0,0.0,450.0,880.4,0.0,0.0,1.958,0.605,2.564,31.289,2.003,0.561,emon,0.919,0.755,28.8,13.5,2.134
2026-09-25 10:50:18.580,8.9,0,98,8;14;2;98;3;0;0;6;0;0;0;8;2;0;0;2,1101,4726,3904;3248;4649;4726;3171;1434;1203;2573;1241;1458;1498;1838;1101;1128;1103;1164,0.7,0.0,880.4,0,0,0,0,0,0.0,0,0,0,0,0,0,0,0,0.0,0,0,0,0,0,0.0,0.0,4342.3,0,0,0,68.1,13.33,0.01,0.4,17.48,22.5,63.4,94.53815205891927,0.0037448283142617177,0.41127105636729133,0.041077752597630024,0.0,817.0555555555555,0.0,0.0,0.0,0.0,50.82250623901685,0.1,0.0,0.0,0.0,0.0,450.0,880.4,0.0,0.0,1.958,0.605,2.564,31.289,2.003,0.561,emon,0.919,0.755,28.8,13.5,2.134
2026-09-25 10:50:19.581,7.9,0,94,5;16;2;94;0;0;0;3;0;0;0;8;0;0;0;0,1109,4646,3754;3642;4644;4646;1302;1237;1254;2068;1334;1222;1220;1965;1140;1172;1158;1109,0.7,0.0,880.4,0,0,0,0,0,0.0,0,0,0,0,0,0,0,0,0.0,0,0,0,0,0,0.0,0.0,4342.3,0,0,0,63.1,13.33,0.01,0.4,17.48,22.3,63.4,95.64133768081665,0.00284705173689872,0.38499435484409333,0.03846367653459311,0.0,1021.5,0.0,0.0,0.0,0.0,50.332196690142155,0.1,0.0,0.0,0.0,0.0,450.0,880.4,0.0,0.0,1.958,0.605,2.564,31.289,2.003,0.561,emon,0.919,0.755,28.8,13.5,2.134
2026-09-25 10:50:20.581,9.0,0,89,2;33;3;89;0;0;0;8;0;0;0;8;2;0;0;0,1005,4869,4142;4101;4761;4869;1703;1600;1289;1843;1797;1262;1284;2344;1151;1066;1005;1160,0.6,0.0,880.5,0,0,0,0,0,0.0,0,0,0,0,0,0,0,0,0.0,0,0,0,0,0,0.0,0.0,4343.3,0,0,0,79.1,13.33,0.01,0.4,17.48,22.3,63.4,95.3837503705706,0.0036479213685240773,0.45751848107292536,0.04573536273979005,0.0,966.8571428571429,0.0,0.0,0.0,0.0,50.34320718404793,0.1,0.0,0.0,0.0,0.0,450.0,880.5,0.0,0.0,1.958,0.605,2.564,31.289,2.003,0.561,emon,0.919,0.755,28.8,13.5,2.134
2026-09-25 10:50:21.581,8.4,0,94,5;15;0;94;0;0;0;8;2;0;0;11;0;0;0;0,1094,4773,4146;3575;4756;4773;1490;2081;1426;2026;1247;1684;1274;2080;1156;1127;1094;1126,0.5,0.0,880.5,0,0,0,0,0,0.0,0,0,0,0,0,0,0,0,0.0,0,0,0,0,0,0.0,0.0,4343.3,0,0,0,80.1,13.33,0.01,0.4,17.48,22.4,63.4,96.0773115158081,0.0027803459379356354,0.3783628319700559,0.037764530163258314,0.0,1015.6666666666666,0.0,0.0,0.0,0.0,50.32688338806232,0.1,0.0,0.0,0.0,0.0,450.0,880.5,0.0,0.0,1.958,0.605,2.564,31.289,2.003,0.561,emon,0.919,0.755,28.8,13.5,2.134
2026-09-25 10:50:22.582,8.1,0,95,14;5;2;95;0;0;0;5;2;0;0;8;0;0;0;0,1055,4734,4415;3278;4730;4734;1642;1793;1236;2006;1271;1313;1309;1798;1055;1192;1175;1163,0.5,0.0,878.5,0,0,0,0,0,0.0,0,0,0,0,0,0,0,0,0.0,0,0,0,0,0,0.0,0.0,4343.3,0,0,0,73.1,15.46,0.01,0.36,18.93,22.5,63.4,96.09207388070914,0.16438174632807764,4.265493273735046,3.260191228097448,0.12068546062912971,1091.3076923076924,0.0,0.0,0.0,0.0,50.3343877861133,0.1,0.0,0.0,0.0,0.0,450.0,878.5,0.0,0.0,1.775,0.743,2.518,28.095,1.798,0.72,emon,0.905,0.845,29.4,14.3,2.05
2026-09-25 10:50:23.582,8.7,0,94,5;21;2;94;2;0;0;6;0;0;0;9;0;0;0;2,958,4729,4167;3619;4729;4727;2548;1230;1690;2261;1262;1210;1202;1825;1028;958;1167;1171,0.3,0.0,878.5,0,0,0,0,0,0.0,0,0,0,0,0,0,0,0,0.0,0,0,0,0,0,0.0,0.0,4343.3,0,0,0,72.1,15.46,0.01,0.36,18.93,22.5,63.4,97.39014009328989,0.22592804591225174,6.824277101800992,4.482708006022642,0.375938098017986,1085.5384615384614,0.0,0.0,0.0,0.0,50.381351370077866,0.1,0.0,0.0,0.0,0.0,450.0,878.5,0.0,0.0,1.775,0.743,2.518,28.095,1.798,0.72,emon,0.905,0.845,29.4,14.3,2.05
2026-09-25 10:50:24.583,8.5,0,94,3;23;0;94;0;0;0;6;0;0;0;9;0;0;0;0,1095,4732,4189;3375;4729;4732;1956;1240;1262;1893;2568;1472;1455;2327;1168;1095;1118;1126,0.5,0.0,878.5,0,0,0,0,0,0.0,0,0,0,0,0,0,0,0,0.0,0,0,0,0,0,0.0,0.0,4343.3,0,0,0,72.1,15.46,0.01,0.36,18.93,22.5,63.4,97.34779065275845,0.2435872658117585,6.54855537496201,4.800658430087648,0.6202799987162732,1059.2739726027398,0.0,0.0,0.0,0.0,52.40542241726836,0.1,0.0,0.0,0.0,0.0,450.0,878.5,0.0,0.0,1.775,0.743,2.518,28.095,1.798,0.72,emon,0.905,0.845,29.4,14.3,2.05
2026-09-25 10:50:25.583,20.2,0,84,32;42;20;84;13;3;2;51;6;0;0;44;0;0;0;26,1304,4671,4498;4397;4560;4671;3119;2401;2469;3180;3115;3078;2625;3170;1392;1457;1304;2746,0.3,0.0,878.5,0,0,0,0,0,0.0,0,0,0,0,0,0,0,0,0.0,0,0,0,0,0,0.0,0.0,4343.3,0,0,0,65.1,16.29,0.01,0.35,19.61,22.6,63.4,96.49729675292969,0.041406387370079754,2.1939708626270296,1.6878884455561638,0.26465736389160155,1081.0,0.0,0.0,0.0,0.0,56.71125576734543,0.1,0.0,0.0,0.0,0.0,450.0,878.5,0.0,0.0,1.775,0.743,2.518,28.095,1.798,0.72,emon,0.905,0.845,29.4,14.3,2.05
2026-09-25 10:50:26.584,7.8,0,91,2;16;5;91;0;0;0;8;2;0;0;3;0;0;0;0,1100,4658,3502;3610;4658;4654;3013;1474;1520;2474;2129;1409;1377;1934;1100;1129;1147;1152,0.6,0.0,878.5,0,0,0,0,0,0.0,0,0,0,0,0,0,0,0,0.0,0,0,0,0,0,0.0,0.0,4343.3,0,0,0,72.1,16.29,0.01,0.35,19.61,22.4,63.4,95.1331636428833,0.0032114801462739704,0.41514246016740797,0.041452006064355375,0.0,932.75,0.0,0.0,0.0,0.0,50.34881279617548,0.1,0.0,0.0,0.0,0.0,450.0,878.5,0.0,0.0,1.775,0.743,2.518,28.095,1.798,0.72,emon,0.905,0.845,29.4,14.3,2.05
2026-09-25 10:50:27.584,7.9,0,94,5;12;0;94;0;0;0;8;0;0;0;8;0;0;0;0,1049,4777,3598;3412;4728;4777;2028;1370;1049;2239;1224;1234;1205;1893;1190;1182;1115;1283,0.8,0.0,878.5,0,0,0,0,0,0.0,0,0,0,0,0,0,0,0,0.0,0,0,0,0,0,0.0,0.0,4343.3,0,0,0,59.1,16.29,0.01,0.35,19.61,22.4,63.4,96.6845807393392,0.003290773066692054,0.43447145223617556,0.04340767525136471,0.0,1074.0,0.0,0.0,0.0,0.0,50.332591116428375,0.1,0.0,0.0,0.0,0.0,450.0,878.5,0.0,0.0,1.775,0.743,2.518,28.095,1.798,0.72,emon,0.905,0.845,29.4,14.3,2.05
2026-09-25 10:50:28.584,8.4,0,86,2;18;0;86;3;0;0;6;0;0;0;18;0;0;0;2,995,4845,3680;4119;4730;4845;2751;1388;1357;1867;2109;1479;1351;1954;1049;1008;995;1178,0.8,0.0,878.5,0,0,0,0,0,0.0,0,0,0,0,0,0,0,0,0.0,0,0,0,0,0,0.0,0.0,4343.3,0,0,0,68.1,16.29,0.01,0.35,19.61,22.4,63.4,96.7081468001656,0.00284274742918332,0.37430722752343054,0.037344091126452324,0.0,982.695652173913,0.0,0.0,0.0,0.0,50.414213387862496,0.1,0.0,0.0,0.0,0.0,450.0,878.5,0.0,0.0,1.775,0.743,2.518,28.095,1.798,0.72,emon,0.905,0.845,29.4,14.3,2.05
2026-09-25 10:50:29.584,9.3,0,64,2;41;14;64;2;0;0;12;2;0;0;10;0;0;0;3,1138,4872,3676;4491;4809;4872;2713;1333;1420;2341;2075;1399;1453;1883;1145;1187;1189;1138,0.6,0.0,878.5,0,0,0,0,0,0.0,0,0,0,0,0,0,0,0,0.0,0,0,0,0,0,0.0,0.0,4343.3,0,0,0,88.1,15.07,0.01,0.37,18.7,22.4,63.4,96.45565468924386,0.00350771665883561,0.4584628329390571,0.04585406193066211,0.0,1054.952380952381,0.0,0.0,0.0,0.0,50.31496966381868,0.1,0.0,0.0,0.0,0.0,450.0,878.5,0.0,0.0,1.775,0.743,2.518,28.095,1.798,0.72,emon,0.905,0.845,29.4,14.3,2.05
2026-09-25 10:50:30.585,9.2,0,86,11;25;0;86;3;0;0;8;0;0;0;14;0;0;0;0,1108,4844,4341;4198;4776;4844;2908;2579;1292;2083;1484;1155;1169;1926;1108;1136;1122;1182,0.8,0.0,878.5,0,0,0,0,0,0.0,0,0,0,0,0,0,0,0,0.0,0,0,0,0,0,0.0,0.0,4343.3,0,0,0,91.1,15.07,0.01,0.37,18.7,22.4,63.4,95.19381968180339,0.002559263550210744,0.35328413794438046,0.03516142520432671,0.0,909.4166666666666,0.0,0.0,0.0,0.0,50.34975749750932,0.1,0.0,0.0,0.0,0.0,450.0,878.5,0.0,0.0,1.775,0.743,2.518,28.095,1.798,0.72,emon,0.905,0.845,29.4,14.3,2.05
2026-09-25 10:50:31.585,8.5,0,78,6;32;3;78;2;0;0;6;0;0;0;8;0;0;0;0,1118,4907,3958;4589;4861;4907;1614;1219;1160;1700;2010;1326;1338;2138;1118;1144;1153;1147,0.8,0.0,878.4,0,0,0,0,0,0.0,0,0,0,0,0,0,0,0,0.0,0,0,0,0,0,0.0,0.0,4343.3,0,0,0,89.1,15.07,0.01,0.37,18.7,22.4,63.4,97.13651505727617,0.16020803915942827,5.028375238653213,3.4633873831185085,0.29325198234310224,1095.8253968253969,0.0,0.0,0.0,0.0,52.73886584052964,0.1,0.0,0.0,0.0,0.0,450.0,878.4,0.0,0.0,1.775,0.743,2.518,28.095,1.798,0.72,emon,0.905,0.845,29.4,14.3,2.05
2026-09-25 10:50:32.586,8.6,0,94,2;24;2;94;2;0;0;6;2;0;0;8;0;0;0;0,1061,4864,3990;4106;4621;4864;1580;1509;1255;2105;3036;1526;1787;1874;1166;1180;1061;1126,1.0,0.0,878.4,0,0,0,0,0,0.0,0,0,0,0,0,0,0,0,0.0,0,0,0,0,0,0.0,0.0,4343.3,0,0,0,90.1,15.07,0.01,0.37,18.7,22.4,63.4,97.1375278673674,0.3759731556484966,8.888245809235071,6.462222996118822,0.6938137002779465,1008.2105263157895,0.0,0.0,0.0,0.0,53.04410542861412,0.1,0.0,0.0,0.0,0.0,450.0,878.4,0.0,0.0,1.775,0.743,2.518,28.095,1.798,0.72,emon,0.905,0.845,29.4,14.3,2.05
2026-09-25 10:50:33.586,8.7,0,94,2;18;0;94;3;0;0;12;0;0;0;9;0;0;0;0,779,4827,3961;3836;4756;4827;1441;2197;1706;2089;1315;1229;1254;2213;1088;779;1199;1138,0.7,0.0,878.4,0,0,0,0,0,0.0,0,0,0,0,0,0,0,0,0.0,0,0,0,0,0,0.0,0.0,4343.3,0,0,0,87.1,18.26,0.01,0.33,20.97,22.4,63.4,97.24673432189148,0.2192344778193185,6.3183915293835975,4.635709411186444,0.5187753129315067,1109.3896103896104,0.0,0.0,0.0,0.0,50.99528319146726,0.1,0.0,0.0,0.0,0.0,450.0,878.4,0.0,0.0,1.775,0.743,2.518,28.095,1.798,0.72,emon,0.905,0.845,29.4,14.3,2.05
2026-09-25 10:50:34.596,9.8,0,75,6;40;8;75;3;0;0;8;6;0;0;8;0;0;0;3,963,4860,4496;4571;4687;4860;2213;2969;2667;1827;2494;1098;1256;1703;1041;974;963;1050,0.3,0.0,878.4,0,0,0,0,0,0.0,0,0,0,0,0,0,0,0,0.0,0,0,0,0,0,0.0,0.0,4343.3,0,0,0,87.1,18.26,0.01,0.33,20.97,22.6,63.4,96.55511474609375,0.002771381405182183,0.36388552486896514,0.03624086193740368,0.0,991.5,0.0,0.0,0.0,0.0,50.330304600298405,0.1,0.0,0.0,0.0,0.0,450.0,878.4,0.0,0.0,1.775,0.743,2.518,28.095,1.798,0.72,emon,0.905,0.845,29.4,14.3,2.05
2026-09-25 10:50:35.596,9.2,0,91,3;22;3;91;2;2;0;14;0;0;0;12;0;0;0;0,1060,4825,3183;4043;4713;4825;2711;2793;1312;1867;1850;1355;1464;1943;1160;1154;1060;1180,0.6,0.0,878.4,0,0,0,0,0,0.0,0,0,0,0,0,0,0,0,0.0,0,0,0,0,0,0.0,0.0,4343.3,0,0,0,88.1,18.26,0.01,0.33,20.97,22.4,63.4,95.94733428955078,0.05468385057781446,2.732144370992133,1.8634111405687128,0.28401764402998253,1046.872340425532,0.0,0.0,0.0,0.0,51.458957328441294,0.1,0.0,0.0,0.0,0.0,450.0,878.4,0.0,0.0,0.504,0.351,0.855,7.301,0.467,0.388,emon,0.908,0.918,28.3,15.6,1.822
2026-09-25 10:50:36.597,9.1,0,81,6;29;2;81;0;0;0;12;0;0;0;11;0;0;2;2,990,4800,3372;3830;4742;4800;1745;1714;2267;2577;2714;1952;1722;2356;990;1078;1182;1303,0.3,0.0,878.4,0,0,0,0,0,0.0,0,0,0,0,0,0,0,0,0.0,0,0,0,0,0,0.0,0.0,4343.3,0,0,0,84.1,18.26,0.01,0.33,20.97,22.4,63.4,96.66411749521892,0.003161128503658498,0.43154818067948025,0.043197267999251686,0.0,1144.8333333333333,0.0,0.0,0.0,0.0,50.360205475240946,0.1,0.0,0.0,0.0,0.0,450.0,878.4,0.0,0.0,0.504,0.351,0.855,7.301,0.467,0.388,emon,0.908,0.918,28.3,15.6,1.822
2026-09-25 10:50:37.597,9.6,0,95,12;17;0;95;2;2;0;12;0;0;0;11;0;0;0;2,1128,4730,3984;3126;4730;4729;1482;1747;1303;2791;1680;1278;1330;2398;1158;1188;1196;1128,0.4,0.0,878.4,0,0,0,0,0,0.0,0,0,0,0,0,0,0,0,0.0,0,0,0,0,0,0.0,0.0,4343.3,0,0,0,66.1,17.51,0.01,0.34,20.48,22.4,63.4,96.4798957824707,0.002810351271182299,0.39499198347330094,0.03943397980183363,0.0,1092.75,0.0,0.0,0.0,0.0,50.322366774082184,0.1,0.0,0.0,0.0,0.0,450.0,878.4,0.0,0.0,0.504,0.351,0.855,7.301,0.467,0.388,emon,0.908,0.918,28.3,15.6,1.822
2026-09-25 10:50:38.598,8.7,0,95,8;11;0;95;2;2;0;8;0;0;0;13;0;0;0;2,1081,4754,3656;3588;4729;4754;2141;1501;1573;2555;1835;1232;1365;1989;1202;1090;1081;1172,0.4,0.0,878.4,0,0,0,0,0,0.0,0,0,0,0,0,0,0,0,0.0,0,0,0,0,0,0.0,0.0,4343.3,0,0,0,62.1,17.51,0.01,0.34,20.48,22.4,63.4,96.68805713653565,0.0032944187114480883,0.42776997238397596,0.04275459749624133,0.0,1087.75,0.0,0.0,0.0,0.0,50.31067533046007,0.1,0.0,0.0,0.0,0.0,450.0,878.4,0.0,0.0,0.504,0.351,0.855,7.301,0.467,0.388,emon,0.908,0.918,28.3,15.6,1.822
2026-09-25 10:50:39.598,8.1,0,97,14;6;3;97;8;0;0;0;2;0;0;0;0;0;0;0,1032,4731,3280;3577;4731;4730;2750;1737;1439;1439;1528;1394;1459;1454;1178;1032;1166;1188,0.4,0.0,878.4,0,0,0,0,0,0.0,0,0,0,0,0,0,0,0,0.0,0,0,0,0,0,0.0,0.0,4343.3,0,0,0,72.1,17.51,0.01,0.34,20.48,22.5,63.4,96.96459376017252,0.0025570722529664634,0.36282818019390106,0.036176650474468865,0.0,1154.0,0.0,0.0,0.0,0.0,53.40007138550281,0.1,0.0,0.0,0.0,0.0,450.0,878.4,0.0,0.0,0.504,0.351,0.855,7.301,0.467,0.388,emon,0.908,0.918,28.3,15.6,1.822
2026-09-25 10:50:40.598,10.9,2,97,20;8;2;97;9;3;2;2;9;2;2;2;2;6;5;6,1211,4734,3920;3193;4729;4734;2295;2622;2816;2520;2598;2438;2738;2685;1536;1211;1241;1321,0.8,0.0,878.4,0,0,0,0,0,0.0,0,0,0,0,0,0,0,0,0.0,0,0,0,0,0,0.0,0.0,4343.3,0,0,0,70.1,17.51,0.01,0.34,20.48,22.5,63.4,97.02669712535122,0.1772756114716462,4.16785205822242,2.8964993074667036,0.10752297526944363,1135.842105263158,0.0,0.0,0.0,0.0,51.190141396041504,0.1,0.0,0.0,0.0,0.0,450.0,878.4,0.0,0.0,0.504,0.351,0.855,7.301,0.467,0.388,emon,0.908,0.918,28.3,15.6,1.822
2026-09-25 10:50:41.599,8.3,0,92,21;0;2;92;12;0;0;0;6;0;0;0;0;0;0;0,1018,4739,3142;2438;4729;4739;1939;1925;1585;1649;2338;1359;1210;1212;1081;1133;1018;1133,0.8,0.0,878.4,0,0,0,0,0,0.0,0,0,0,0,0,0,0,0,0.0,0,0,0,0,0,0.0,0.0,4343.3,0,0,0,68.1,12.82,0.01,0.38,16.59,22.5,63.4,97.81118094704368,0.21104162007316268,7.33778024261648,4.564037782360207,0.4910340324044228,1117.1818181818182,0.0,0.0,0.0,0.0,51.21495387418704,0.1,0.0,0.0,0.0,0.0,450.0,878.4,0.0,0.0,0.504,0.351,0.855,7.301,0.467,0.388,emon,0.908,0.918,28.3,15.6,1.822
2026-09-25 10:50:42.599,8.3,0,92,9;2;3;92;17;2;0;0;8;0;0;0;0;0;0;0,1167,4736,3477;3083;4736;4705;2469;3284;1544;1486;2404;1358;1273;1446;1187;1179;1188;1167,0.9,0.0,878.5,0,0,0,0,0,0.0,0,0,0,0,0,0,0,0,0.0,0,0,0,0,0,0.0,0.0,4343.3,0,0,0,61.1,12.82,0.01,0.38,16.59,22.5,63.4,97.10550146233545,0.25579806059050336,6.666065485510107,4.801166514725717,0.6151200924132478,1112.013698630137,0.0,0.0,0.0,0.0,51.05468142155099,0.1,0.0,0.0,0.0,0.0,450.0,878.5,0.0,0.0,0.504,0.351,0.855,7.301,0.467,0.388,emon,0.908,0.918,28.3,15.6,1.822
2026-09-25 10:50:43.600,9.5,0,98,22;11;0;98;14;2;0;0;6;0;0;0;0;0;0;0,1156,4749,3564;4359;4720;4749;2604;3053;1368;1305;1988;1165;1214;1211;1170;1191;1177;1156,0.9,0.0,877.5,0,0,0,0,0,0.0,0,0,0,0,0,0,0,0,0.0,0,0,0,0,0,0.0,0.0,4343.3,0,0,0,67.1,12.82,0.01,0.38,16.59,22.5,63.4,97.69707994058099,0.2810692401770109,7.97166020559593,5.5635260706636265,0.6653406973665869,1118.0140845070423,0.0,0.0,0.0,0.0,51.03842469965908,0.1,0.0,0.0,0.0,0.0,450.0,877.5,0.0,0.0,0.504,0.351,0.855,7.301,0.467,0.388,emon,0.908,0.918,28.3,15.6,1.822
2026-09-25 10:50:44.600,8.9,0,95,17;3;2;95;17;2;0;0;6;0;0;0;2;0;0;0,1136,4738,3708;3085;4729;4738;2450;1603;2929;1684;2003;2761;1694;1738;1480;1174;1166;1136,1.0,0.0,877.4,0,0,0,0,0,0.0,0,0,0,0,0,0,0,0,0.0,0,0,0,0,0,0.0,0.0,4343.3,0,0,0,71.1,12.82,0.01,0.38,16.59,22.5,63.4,96.13508293845437,0.04708822677970271,1.603739849545739,1.1172806828875432,0.07280381159348921,1092.1818181818182,0.0,0.0,0.0,0.0,50.31663302061233,0.1,0.0,0.0,0.0,0.0,450.0,877.4,0.0,0.0,0.504,0.351,0.855,7.301,0.467,0.388,emon,0.908,0.918,28.3,15.6,1.822
2026-09-25 10:50:45.600,8.8,0,97,16;2;6;97;6;2;0;0;9;2;0;0;2;0;0;0,1108,4886,3907;3339;4752;4886;2183;2056;1292;1211;2080;1430;1223;1236;1169;1108;1132;1183,0.7,0.0,878.4,0,0,0,0,0,0.0,0,0,0,0,0,0,0,0,0.0,0,0,0,0,0,0.0,0.0,4343.3,0,0,0,77.1,13.33,0.01,0.35,16.68,22.5,63.4,94.3645731608073,0.0033259930399556956,0.3957485357920329,0.03955857103897466,0.0,893.4444444444445,0.0,0.0,0.0,0.0,50.35414355662134,0.1,0.0,0.0,0.0,0.0,450.0,878.4,0.0,0.0,0.504,0.351,0.855,7.301,0.467,0.388,emon,0.908,0.918,28.3,15.6,1.822
2026-09-25 10:50:46.600,9.2,0,97,11;8;0;97;14;2;0;0;14;0;0;0;2;0;0;0,1053,4786,3739;3748;4648;4786;1901;1573;1163;1140;2340;2727;1824;1241;1474;1142;1456;1053,0.6,0.0,879.4,0,0,0,0,0,0.0,0,0,0,0,0,0,0,0,0.0,0,0,0,0,0,0.0,0.0,4343.3,0,0,0,84.1,13.33,0.01,0.35,16.68,22.5,63.4,96.23508071899414,0.0027819812318987465,0.39148199693723157,0.03907101135700941,0.0,1059.2272727272727,0.0,0.0,0.0,0.0,50.31511436944658,0.1,0.0,0.0,0.0,0.0,450.0,879.4,0.0,0.0,0.504,0.351,0.855,7.301,0.467,0.388,emon,0.908,0.918,28.3,15.6,1.822
2026-09-25 10:50:47.601,8.9,0,95,11;6;0;95;14;0;0;0;11;0;0;0;5;0;0;0,1142,4822,3974;4196;4587;4822;1903;1878;1166;1173;1912;1921;1808;1360;1398;1423;1572;1142,0.2,0.0,879.4,0,0,0,0,0,0.0,0,0,0,0,0,0,0,0,0.0,0,0,0,0,0,0.0,0.0,4343.3,0,0,0,60.1,13.33,0.01,0.35,16.68,22.6,63.4,95.10455643503289,0.0033783376596770004,0.41248027509764623,0.04124745608944642,0.0,999.0,0.0,0.0,0.0,0.0,50.3833892910104,0.1,0.0,0.0,0.0,0.0,450.0,879.4,0.0,0.0,0.603,0.351,0.954,9.073,0.581,0.373,emon,0.906,0.773,29.2,13.6,2.151
2026-09-25 10:50:48.601,9.1,0,94,18;8;2;94;12;3;0;0;9;0;0;0;0;0;0;0,1134,4664,3370;3868;4602;4664;1714;1714;1219;1231;1621;1246;1234;1262;1340;1156;1147;1134,0.5,0.0,879.4,0,0,0,0,0,0.0,0,0,0,0,0,0,0,0,0.0,0,0,0,0,0,0.0,0.0,4343.3,0,0,0,62.1,13.33,0.01,0.35,16.68,22.6,63.4,95.64463119506836,0.0030439139576628805,0.38000455051660537,0.038040246814489365,0.0,987.75,0.0,0.0,0.0,0.0,50.33849885612726,0.1,0.0,0.0,0.0,0.0,450.0,879.4,0.0,0.0,0.603,0.351,0.954,9.073,0.581,0.373,emon,0.906,0.773,29.2,13.6,2.151
2026-09-25 10:50:49.602,10.0,0,100,18;10;0;100;6;5;2;0;11;0;0;0;8;0;0;0,1389,4707,3301;3773;4661;4707;2178;2393;2272;3053;1823;2882;3133;2493;1603;1638;1483;1389,0.4,0.0,879.4,0,0,0,0,0,0.0,0,0,0,0,0,0,0,0,0.0,0,0,0,0,0,0.0,0.0,4343.3,0,0,0,51.1,13.3,0.01,0.39,17.26,22.6,63.4,97.38536217099144,0.16828771344652133,5.576192213902398,4.359933794372612,0.25249081572872545,1090.2698412698412,0.0,0.0,0.0,0.0,54.27322287550048,0.1,0.0,0.0,0.0,0.0,450.0,879.4,0.0,0.0,0.603,0.351,0.954,9.073,0.581,0.373,emon,0.906,0.773,29.2,13.6,2.151
2026-09-25 10:50:50.602,7.8,0,92,14;0;0;92;6;0;0;0;9;0;0;0;3;0;0;0,1127,4754,3624;2776;4709;4754;1753;2454;2056;1628;1542;1820;1995;1238;1282;1178;1181;1127,0.3,0.0,879.4,0,0,0,0,0,0.0,0,0,0,0,0,0,0,0,0.0,0,0,0,0,0,0.0,0.0,4343.3,0,0,0,54.1,13.3,0.01,0.39,17.26,22.6,63.4,97.08951388272372,0.20709446376104923,7.436279733614488,4.859724471311678,0.515216909992424,1079.0,0.0,0.0,0.0,0.0,51.26416389725425,0.1,0.0,0.0,0.0,0.0,450.0,879.4,0.0,0.0,0.603,0.351,0.954,9.073,0.581,0.373,emon,0.906,0.773,29.2,13.6,2.151
2026-09-25 10:50:51.603,25.6,2,91,28;31;12;91;43;25;9;9;32;8;12;2;65;28;14;2,1577,4534,3613;3755;3910;4534;1977;1844;1858;1640;2081;1967;2095;2397;1638;1577;1700;2192,6.1,0.0,971.1,0,0,0,0,0,0.0,0,0,0,0,0,0,0,0,0.0,0,0,0,0,0,0.0,0.0,4343.3,0,0,0,53.1,13.3,0.01,0.39,17.26,22.7,63.4,89.27053793784111,1.5958201814142445,8.835761231953098,7.500671516863569,0.29491926815000274,1140.6129032258063,0.0,0.0,0.0,0.0,52.58855865874718,0.2,0.0,0.0,0.0,0.0,450.0,941.0,0.0,0.0,0.603,0.351,0.954,9.073,0.581,0.373,emon,0.906,0.773,29.2,13.6,2.151
2026-09-25 10:50:52.603,10.8,0,95,14;11;5;95;9;6;2;0;8;2;0;0;19;2;2;0,1006,4600,3418;3714;4184;4600;2060;1769;1718;2731;1925;1359;1880;1920;1448;1245;1357;1006,1.6,0.0,965.0,0,0,0,0,0,0.0,0,0,0,0,0,0,0,0,0.0,0,0,0,0,0,0.0,0.0,4343.3,0,0,0,50.1,11.75,0.06,0.4,16.37,22.7,63.4,98.58585720062256,0.13629567173872298,3.6688170364747443,2.4965114607320475,0.33196288404772833,1116.9166666666667,0.0,0.0,0.0,0.0,53.80518023396532,0.6,0.0,0.0,0.0,0.0,450.0,965.0,0.0,0.0,0.603,0.351,0.954,9.073,0.581,0.373,emon,0.906,0.773,29.2,13.6,2.151
2026-09-25 10:50:53.612,11.1,0,86,19;16;4;86;18;3;2;2;9;3;0;0;14;0;2;0,878,4657,2839;3129;4510;4657;1653;1426;1996;1082;1510;1271;1437;878;1382;1180;1063;1479,1.6,0.0,965.0,0,0,0,0,0,0.0,0,0,0,0,0,0,0,0,0.0,0,0,0,0,0,0.0,0.0,4343.3,0,0,0,51.1,11.75,0.06,0.4,16.37,22.8,63.4,98.52224601463035,0.015222413381734103,0.8663944485010924,0.3826747703055541,0.01831384234958225,1112.3333333333333,0.0,0.0,0.0,0.0,50.84410685543661,0.3,0.0,0.0,0.0,0.0,450.0,965.0,0.0,0.0,0.603,0.351,0.954,9.073,0.581,0.373,emon,0.906,0.773,29.2,13.6,2.151
2026-09-25 10:50:54.612,9.9,0,92,15;16;2;92;8;0;2;0;9;0;0;0;12;2;2;0,993,4617,2750;3252;4356;4617;1775;1889;2802;1330;1803;1864;1079;993;1320;1153;1226;1168,1.6,0.0,965.0,0,0,0,0,0,0.0,0,0,0,0,0,0,0,0,0.0,0,0,0,0,0,0.0,0.0,4343.3,0,0,0,49.1,11.75,0.06,0.4,16.37,22.6,63.4,97.86271202273485,0.012807462213947097,0.7316164090865995,0.07412567144123519,0.0,1071.560975609756,0.0,0.0,0.0,0.0,50.41857381055995,0.3,0.0,0.0,0.0,0.0,450.0,963.0,0.0,0.0,0.603,0.351,0.954,9.073,0.581,0.373,emon,0.906,0.773,29.2,13.6,2.151
2026-09-25 10:50:55.613,11.1,0,94,12;12;5;94;14;2;0;0;9;6;0;0;22;2;0;0,1044,4712,2961;3754;4495;4712;1853;1791;1896;1289;1805;1414;1243;1162;2353;1837;1421;1044,1.7,0.0,963.0,0,0,0,0,0,0.0,0,0,0,0,0,0,0,0,0.0,0,0,0,0,0,0.0,0.0,4343.3,0,0,0,52.1,11.75,0.06,0.4,16.37,22.6,63.4,98.30614939907142,0.011456598288771746,0.7020486739643833,0.07102247523634057,0.00016519330899443543,1067.859649122807,0.0,0.0,0.0,0.0,50.53133741870784,0.3,0.0,0.0,0.0,0.0,450.0,955.0,0.0,0.0,0.603,0.351,0.954,9.073,0.581,0.373,emon,0.906,0.773,29.2,13.6,2.151
2026-09-25 10:50:56.613,11.8,0,89,28;14;6;89;8;3;3;0;16;2;0;0;14;3;3;0,1001,4684,3283;3446;4367;4684;2331;1660;1382;2004;1991;1442;1200;1267;1386;1197;1203;1001,1.7,0.0,955.0,0,0,0,0,0,0.0,0,0,0,0,0,0,0,0,0.0,0,0,0,0,0,0.0,0.0,4343.3,0,0,0,55.1,11.57,0.02,0.4,16.07,22.6,63.4,97.32553540743314,0.01535065149073489,0.9452193471101614,0.09570069213469441,0.0,1075.923076923077,0.0,0.0,0.0,0.0,51.399853411202244,0.3,0.0,0.0,0.0,0.0,450.0,948.8,0.0,0.0,0.603,0.351,0.954,9.073,0.581,0.373,emon,0.906,0.773,29.2,13.6,2.151
2026-09-25 10:50:57.613,11.1,0,92,26;9;2;92;12;2;2;0;14;0;0;0;16;2;0;0,1132,4707,3502;4100;4399;4707;2078;1785;1835;1132;1869;1573;1155;1303;1432;1218;1231;1464,2.1,0.0,942.5,0,0,0,0,0,0.0,0,0,0,0,0,0,0,0,0.0,0,0,0,0,0,0.0,0.0,4343.3,0,0,0,55.1,11.57,0.02,0.4,16.07,22.6,63.4,98.29747404618696,0.015864344722252677,0.95519821183248,0.09672179191627285,0.0,1110.8181818181818,0.0,0.0,0.0,0.0,50.55286447798664,0.3,0.0,0.0,0.0,0.0,450.0,942.5,0.0,0.0,0.603,0.351,0.954,9.073,0.581,0.373,emon,0.906,0.773,29.2,13.6,2.151
2026-09-25 10:50:58.614,12.3,0,88,17;15;5;88;22;3;0;2;19;0;0;0;14;8;3;2,1144,4666,3262;3575;4163;4666;2152;1626;1300;1185;2225;1954;2060;1442;1340;1180;1144;1335,1.5,0.0,942.5,0,0,0,0,0,0.0,0,0,0,0,0,0,0,0,0.0,0,0,0,0,0,0.0,0.0,4343.3,0,0,0,50.1,11.57,0.02,0.4,16.07,22.6,63.4,98.06864588713843,0.02756955512522235,1.6150719400279778,0.6122728096675282,0.02099630548349343,1033.297520661157,0.0,0.0,0.0,0.0,50.1041689739247,0.3,0.0,0.0,0.0,0.0,450.0,942.5,0.0,0.0,0.603,0.351,0.954,9.073,0.581,0.373,emon,0.906,0.773,29.2,13.6,2.151
2026-09-25 10:50:59.614,9.6,0,94,16;10;5;94;11;3;0;0;5;2;0;0;8;2;0;0,1079,4431,3285;3355;4263;4431;1995;1563;1474;1273;1733;1391;1164;1154;1435;1089;1079;1211,2.5,0.0,953.8,0,0,0,0,0,0.0,0,0,0,0,0,0,0,0,0.0,0,0,0,0,0,0.0,0.0,4343.3,0,0,0,44.1,11.57,0.02,0.4,16.07,22.6,63.4,98.44722636948283,0.10118226736035739,2.83144554699588,1.9220606603174129,0.1320812989336749,1109.2564102564102,0.0,0.0,0.0,0.0,51.77046557700532,0.3,0.0,0.0,0.0,0.0,450.0,953.8,0.0,0.0,2.899,0.74,3.64,50.223,3.214,0.426,emon,0.86,0.53,31.0,14.6,2.13
2026-09-25 10:51:00.614,12.2,0,95,27;14;5;95;20;5;0;0;14;0;0;0;15;0;0;0,954,4667,3499;3590;4447;4667;2104;2070;1597;1895;1853;1634;2145;1231;1378;1269;1274;954,1.4,0.0,951.8,0,0,0,0,0,0.0,0,0,0,0,0,0,0,0,0.0,0,0,0,0,0,0.0,0.0,4343.3,0,0,0,58.1,10.77,0.02,0.4,15.15,22.7,63.4,98.63931988758647,0.11138224399613014,2.8635831043408935,1.7108694431935525,0.16139097502277155,1081.8025477707006,0.0,0.0,0.0,0.0,52.83858430613378,0.3,0.0,0.0,0.0,0.0,450.0,951.8,0.0,0.0,2.899,0.74,3.64,50.223,3.214,0.426,emon,0.86,0.53,31.0,14.6,2.13
2026-09-25 10:51:01.615,11.8,0,92,25;9;3;92;17;8;0;0;16;3;0;0;14;0;2;0,1129,4759,3617;3530;4706;4759;2246;2006;1930;1129;2184;1782;1269;1279;1488;1585;1421;1587,1.3,0.0,951.8,0,0,0,0,0,0.0,0,0,0,0,0,0,0,0,0.0,0,0,0,0,0,0.0,0.0,4343.3,0,0,0,62.1,10.77,0.02,0.4,15.15,22.8,63.4,98.44904339698053,0.1434428690850074,3.966484756960023,2.6267179099302136,0.3492346004612984,1022.3870967741935,0.0,0.0,0.0,0.0,53.75751261004517,0.3,0.0,0.0,0.0,0.0,450.0,951.8,0.0,0.0,2.899,0.74,3.64,50.223,3.214,0.426,emon,0.86,0.53,31.0,14.6,2.13
2026-09-25 10:51:02.626,9.8,0,89,20;8;2;89;15;0;0;0;15;2;0;0;6;0;0;0,1145,4746,3630;3997;4632;4746;1947;1329;1310;1219;2054;1580;1607;1653;1476;1322;1145;1196,1.0,0.0,951.8,0,0,0,0,0,0.0,0,0,0,0,0,0,0,0,0.0,0,0,0,0,0,0.0,0.0,4343.3,0,0,0,64.1,10.77,0.02,0.4,15.15,22.8,63.4,97.84868653615315,0.38052321105108905,2.858112401328981,2.336097648794142,0.054638528575499855,1055.7708333333333,0.0,0.0,0.0,0.0,50.64378198950241,0.2,0.0,0.0,0.0,0.0,450.0,951.8,0.0,0.0,2.899,0.74,3.64,50.223,3.214,0.426,emon,0.86,0.53,31.0,14.6,2.13
2026-09-25 10:51:03.626,8.5,0,94,8;9;0;94;19;2;0;0;5;0;0;0;0;0;0;0,1150,4714,3239;3494;4453;4714;2289;2294;2512;1356;2251;1990;1469;1427;1156;1150;1188;1182,0.6,0.0,937.0,0,0,0,0,0,0.0,0,0,0,0,0,0,0,0,0.0,0,0,0,0,0,0.0,0.0,4343.3,0,0,0,56.1,10.77,0.02,0.4,15.15,22.7,63.4,95.11858896108774,0.004033238179265306,0.4049641994329599,0.04048675384659033,0.0,970.1538461538462,0.0,0.0,0.0,0.0,50.33944212817229,0.1,0.0,0.0,0.0,0.0,450.0,937.0,0.0,0.0,2.899,0.74,3.64,50.223,3.214,0.426,emon,0.86,0.53,31.0,14.6,2.13
2026-09-25 10:51:04.626,8.7,0,97,18;8;0;97;8;0;0;0;6;0;0;0;2;0;0;0,1185,4726,3495;3863;4700;4726;1952;1191;1279;1256;2643;1226;1357;1312;1309;1197;1971;1185,0.6,0.0,937.0,0,0,0,0,0,0.0,0,0,0,0,0,0,0,0,0.0,0,0,0,0,0,0.0,0.0,4343.3,0,0,0,61.1,12.85,0.02,0.4,17.11,22.7,63.4,96.767221624201,0.0031172444578260183,0.4217842370271683,0.042188699187880215,0.0,1151.2727272727273,0.0,0.0,0.0,0.0,52.445945256813005,0.1,0.0,0.0,0.0,0.0,450.0,937.0,0.0,0.0,2.899,0.74,3.64,50.223,3.214,0.426,emon,0.86,0.53,31.0,14.6,2.13
2026-09-25 10:51:05.627,8.1,0,91,14;5;2;91;8;2;0;0;9;0;0;0;0;0;0;0,931,4785,3606;4173;4729;4785;2120;2493;3002;2079;2171;1373;1740;1933;1186;1157;1110;931,0.8,0.0,938.0,0,0,0,0,0,0.0,0,0,0,0,0,0,0,0,0.0,0,0,0,0,0,0.0,0.0,4343.3,0,0,0,67.1,12.85,0.02,0.4,17.11,22.4,63.4,96.16156075217508,0.003244249785149639,0.4201546446843581,0.04191178134219213,0.0,1110.3636363636363,0.0,0.0,0.0,0.0,50.31182453036308,0.1,0.0,0.0,0.0,0.0,450.0,938.0,0.0,0.0,2.899,0.74,3.64,50.223,3.214,0.426,emon,0.86,0.53,31.0,14.6,2.13
2026-09-25 10:51:06.627,9.2,0,91,23;11;0;91;11;0;0;0;9;0;0;0;3;0;0;0,1136,4815,4161;4450;4749;4815;1749;1544;1609;1279;2007;2330;1206;1192;1484;1176;1136;1171,0.8,0.0,938.0,0,0,0,0,0,0.0,0,0,0,0,0,0,0,0,0.0,0,0,0,0,0,0.0,0.0,4343.3,0,0,0,74.1,12.85,0.02,0.4,17.11,22.4,63.4,95.98584920709783,0.0027768350555561483,0.3719972121444615,0.037100442092527046,0.0,1054.6818181818182,0.0,0.0,0.0,0.0,50.34983706406572,0.1,0.0,0.0,0.0,0.0,450.0,938.0,0.0,0.0,2.899,0.74,3.64,50.223,3.214,0.426,emon,0.86,0.53,31.0,14.6,2.13
2026-09-25 10:51:07.628,8.9,0,97,18;3;0;97;9;2;0;0;12;0;0;0;0;0;0;0,1078,4802,3490;3949;4732;4802;1728;2398;1162;1237;2264;2165;1474;1525;1128;1160;1154;1078,0.8,0.0,938.0,0,0,0,0,0,0.0,0,0,0,0,0,0,0,0,0.0,0,0,0,0,0,0.0,0.0,4343.3,0,0,0,72.1,12.85,0.02,0.4,17.11,22.5,63.4,97.28243184972692,0.17533708962232428,5.539860814809799,4.250783036290495,0.30291801911813243,1130.4814814814815,0.0,0.0,0.0,0.0,50.28300263153182,0.1,0.0,0.0,0.0,0.0,450.0,938.0,0.0,0.0,2.899,0.74,3.64,50.223,3.214,0.426,emon,0.86,0.53,31.0,14.6,2.13
2026-09-25 10:51:08.628,8.7,0,80,12;8;19;80;8;2;0;0;6;3;0;0;2;0;0;0,1167,4827,3457;4090;4827;4761;1670;1830;1973;1287;1855;1603;1210;1196;1177;1190;1167;1171,0.9,0.0,937.9,0,0,0,0,0,0.0,0,0,0,0,0,0,0,0,0.0,0,0,0,0,0,0.0,0.0,4343.3,0,0,0,80.1,14.51,0.01,0.36,18.08,22.5,63.4,95.98528591791789,0.19834226569704091,5.448138656715552,3.7476554742703834,0.2055203148823542,1063.5833333333333,0.0,0.0,0.0,0.0,50.308864092454314,0.1,0.0,0.0,0.0,0.0,450.0,937.9,0.0,0.0,2.899,0.74,3.64,50.223,3.214,0.426,emon,0.86,0.53,31.0,14.6,2.13
2026-09-25 10:51:09.629,14.1,0,89,15;33;3;89;2;30;9;2;0;27;6;0;0;9;0;0,1161,4775,4591;4380;4585;4775;2048;2870;3322;2958;2998;2841;3409;2840;1161;2843;1245;1321,0.6,0.0,937.9,0,0,0,0,0,0.0,0,0,0,0,0,0,0,0,0.0,0,0,0,0,0,0.0,0.0,4343.3,0,0,0,67.1,14.51,0.01,0.36,18.08,22.5,63.4,97.57765992930237,0.25127016834612986,5.6831077719238445,4.102260336752089,0.46526797027917394,1048.2957746478874,0.0,0.0,0.0,0.0,52.45376779160029,0.1,0.0,0.0,0.0,0.0,450.0,937.9,0.0,0.0,2.899,0.74,3.64,50.223,3.214,0.426,emon,0.86,0.53,31.0,14.6,2.13
2026-09-25 10:51:10.629,12.1,0,89,11;31;6;89;0;21;6;0;0;21;2;0;0;8;0;0,1003,4640,4222;4225;4475;4640;2050;3013;2916;2066;3036;3017;3062;3348;1003;2405;1122;1032,0.9,0.0,937.9,0,0,0,0,0,0.0,0,0,0,0,0,0,0,0,0.0,0,0,0,0,0,0.0,0.0,4343.3,0,0,0,78.1,14.51,0.01,0.36,18.08,22.5,63.4,98.09517230409564,0.27638176018301625,8.3419678658247,5.620438428257,0.675083298687682,1101.2727272727273,0.0,0.0,0.0,0.0,53.43137080244946,0.1,0.0,0.0,0.0,0.0,450.0,937.9,0.0,0.0,2.899,0.74,3.64,50.223,3.214,0.426,emon,0.86,0.53,31.0,14.6,2.13
2026-09-25 10:51:11.629,9.3,0,95,5;20;0;95;0;8;0;2;0;9;2;0;0;5;2;3,881,4694,3649;3756;4694;4669;3265;2005;1731;1755;1564;2319;1314;1957;927;1138;881;1024,1.0,0.0,937.9,0,0,0,0,0,0.0,0,0,0,0,0,0,0,0,0.0,0,0,0,0,0,0.0,0.0,4343.3,0,0,0,68.1,14.51,0.01,0.36,18.08,22.5,63.4,95.6439226323908,0.03777047240344638,1.546182551167228,0.9774872431192886,0.15539091283624823,992.1818181818181,0.0,0.0,0.0,0.0,50.357674199071795,0.1,0.0,0.0,0.0,0.0,450.0,937.9,0.0,0.0,1.032,0.597,1.629,17.26,1.105,0.524,emon,0.892,0.79,30.2,14.8,2.04
2026-09-25 10:51:12.630,8.4,0,94,8;14;2;94;0;13;0;0;0;5;0;0;0;0;0;0,1153,4720,4197;3654;4558;4720;1380;2058;2234;1296;1445;2255;1578;1354;1173;1193;1153;1193,0.6,0.0,937.8,0,0,0,0,0,0.0,0,0,0,0,0,0,0,0,0.0,0,0,0,0,0,0.0,0.0,4343.3,0,0,0,61.1,16.94,0.01,0.36,20.52,22.5,63.4,94.40749279658,0.002573811022254328,0.36356158802906674,0.03630986002584299,0.0,1144.8333333333333,0.0,0.0,0.0,0.0,50.307533814261355,0.1,0.0,0.0,0.0,0.0,450.0,937.8,0.0,0.0,1.032,0.597,1.629,17.26,1.105,0.524,emon,0.892,0.79,30.2,14.8,2.04
2026-09-25 10:51:13.630,8.7,0,72,12;30;3;72;0;11;0;0;0;11;0;0;0;0;0;0,1142,4873,4169;4351;4260;4873;1508;2503;2018;1462;1570;2777;1489;1380;1153;1169;1142;1178,0.6,0.0,937.8,0,0,0,0,0,0.0,0,0,0,0,0,0,0,0,0.0,0,0,0,0,0,0.0,0.0,4343.3,0,0,0,87.1,16.94,0.01,0.36,20.52,22.5,63.4,96.75005375255238,0.003070853153158995,0.4314514114098115,0.04313112702220678,0.0,1108.090909090909,0.0,0.0,0.0,0.0,50.316702699119396,0.1,0.0,0.0,0.0,0.0,450.0,937.8,0.0,0.0,1.032,0.597,1.629,17.26,1.105,0.524,emon,0.892,0.79,30.2,14.8,2.04
2026-09-25 10:51:14.631,9.4,0,91,5;27;2;91;0;12;0;0;0;9;0;0;0;4;0;0,1103,4876,4069;4079;4755;4876;2167;2684;2069;1820;2537;2154;1806;1769;1103;1366;1208;1171,0.3,0.0,937.8,0,0,0,0,0,0.0,0,0,0,0,0,0,0,0,0.0,0,0,0,0,0,0.0,0.0,4343.3,0,0,0,91.1,16.94,0.01,0.36,20.52,22.5,63.4,96.87714979383681,0.0030523710366752413,0.40210044384002686,0.04016150948074129,0.0,1165.6666666666667,0.0,0.0,0.0,0.0,50.281458756989906,0.1,0.0,0.0,0.0,0.0,450.0,937.8,0.0,0.0,1.032,0.597,1.629,17.26,1.105,0.524,emon,0.892,0.79,30.2,14.8,2.04
2026-09-25 10:51:15.631,8.9,0,91,6;28;2;91;0;8;0;0;0;8;0;0;0;0;0;0,1135,4753,3455;3855;4730;4753;1639;2100;1525;2740;1493;2077;1395;1421;1135;1519;1284;1237,0.5,0.0,937.9,0,0,0,0,0,0.0,0,0,0,0,0,0,0,0,0.0,0,0,0,0,0,0.0,0.0,4343.3,0,0,0,79.1,16.54,0.01,0.34,19.73,22.5,63.4,95.82186526343936,0.0029445154525871787,0.39632166283471243,0.03956731799102965,0.0,991.8571428571429,0.0,0.0,0.0,0.0,50.32069510292439,0.1,0.0,0.0,0.0,0.0,450.0,937.9,0.0,0.0,1.032,0.597,1.629,17.26,1.105,0.524,emon,0.892,0.79,30.2,14.8,2.04
2026-09-25 10:51:16.632,9.3,0,91,14;19;2;91;0;11;0;0;0;9;2;0;0;2;0;0,1121,4759,4336;4090;4732;4759;1599;2192;2728;1573;1391;2348;3328;1316;1168;1157;1140;1121,0.3,0.0,938.9,0,0,0,0,0,0.0,0,0,0,0,0,0,0,0,0.0,0,0,0,0,0,0.0,0.0,4343.3,0,0,0,78.1,16.54,0.01,0.34,19.73,22.5,63.4,96.26464801364475,0.003214717874976082,0.4243859011265967,0.04234901857044962,0.0,1103.1666666666667,0.0,0.0,0.0,0.0,50.30543770806657,0.1,0.0,0.0,0.0,0.0,450.0,938.9,0.0,0.0,1.032,0.597,1.629,17.26,1.105,0.524,emon,0.892,0.79,30.2,14.8,2.04
2026-09-25 10:51:17.632,8.5,0,95,5;16;2;95;0;14;2;0;0;3;0;0;0;0;0;0,1133,4917,4027;3929;4760;4917;1493;2459;2490;1318;1307;1779;1425;1328;1133;1137;1136;1160,0.7,0.0,938.9,0,0,0,0,0,0.0,0,0,0,0,0,0,0,0,0.0,0,0,0,0,0,0.0,0.0,4343.3,0,0,0,92.1,16.54,0.01,0.34,19.73,22.5,63.4,96.32240320021107,0.1724430750604839,5.585908040885003,3.9978850328874205,0.2868945936056515,1058.6774193548388,0.0,0.0,0.0,0.0,50.33132365850672,0.1,0.0,0.0,0.0,0.0,450.0,938.9,0.0,0.0,1.032,0.597,1.629,17.26,1.105,0.524,emon,0.892,0.79,30.2,14.8,2.04
2026-09-25 10:51:18.633,7.9,0,80,3;30;0;80;0;3;0;0;0;11;0;0;0;0;0;0,1002,4797,4220;4393;4190;4797;1533;2077;1565;1853;3138;2373;1629;2893;1002;1169;1184;1164,0.8,0.0,938.9,0,0,0,0,0,0.0,0,0,0,0,0,0,0,0,0.0,0,0,0,0,0,0.0,0.0,4343.3,0,0,0,84.1,16.54,0.01,0.34,19.73,22.5,63.4,96.97665890780362,0.22084879924924197,5.2853118312178236,3.804126477941419,0.5497095480730588,1111.121212121212,0.0,0.0,0.0,0.0,53.429931025613435,0.1,0.0,0.0,0.0,0.0,450.0,938.9,0.0,0.0,1.032,0.597,1.629,17.26,1.105,0.524,emon,0.892,0.79,30.2,14.8,2.04
2026-09-25 10:51:19.633,8.4,0,94,5;21;2;94;0;6;0;0;0;6;0;0;0;0;0;0,1024,4743,4062;3177;4729;4743;1139;1952;2413;1163;1439;2208;1265;1714;1024;1116;1076;1124,0.8,0.0,938.9,0,0,0,0,0,0.0,0,0,0,0,0,0,0,0,0.0,0,0,0,0,0,0.0,0.0,4343.3,0,0,0,81.1,17.0,0.01,0.33,19.89,22.5,63.4,97.3309335541307,0.1906417434005753,7.016230073937199,4.026825590157195,0.4858064637437724,1101.6315789473683,0.0,0.0,0.0,0.0,52.985749911059415,0.1,0.0,0.0,0.0,0.0,450.0,938.9,0.0,0.0,1.032,0.597,1.629,17.26,1.105,0.524,emon,0.892,0.79,30.2,14.8,2.04
2026-09-25 10:51:20.644,7.5,0,95,2;11;0;95;0;6;0;0;0;6;0;0;0;0;0;0,1135,4739,3753;2940;4730;4739;1179;2198;1629;1256;1612;2081;2221;1536;1135;1198;1190;1158,0.7,0.0,938.9,0,0,0,0,0,0.0,0,0,0,0,0,0,0,0,0.0,0,0,0,0,0,0.0,0.0,4343.3,0,0,0,82.1,17.0,0.01,0.33,19.89,22.6,63.4,96.23068361504133,0.13241711298415307,3.0250976647055428,2.506687155123367,0.3244204521179199,1133.8837209302326,0.0,0.0,0.0,0.0,51.49611432330553,0.1,0.0,0.0,0.0,0.0,450.0,938.9,0.0,0.0,1.032,0.597,1.629,17.26,1.105,0.524,emon,0.892,0.79,30.2,14.8,2.04
2026-09-25 10:51:21.644,8.4,0,92,8;12;2;92;0;11;2;0;0;6;0;0;0;2;0;0,1072,4735,3737;3331;4728;4735;1364;1862;1984;1454;1315;1721;1672;1287;1128;1145;1142;1072,0.9,0.0,938.9,0,0,0,0,0,0.0,0,0,0,0,0,0,0,0,0.0,0,0,0,0,0,0.0,0.0,4343.3,0,0,0,69.1,17.0,0.01,0.33,19.89,22.5,63.4,95.2969409718233,0.0028116345159052048,0.378030670039794,0.03774989900343558,0.0,1059.2941176470588,0.0,0.0,0.0,0.0,50.31618664895787,0.1,0.0,0.0,0.0,0.0,450.0,938.9,0.0,0.0,1.032,0.597,1.629,17.26,1.105,0.524,emon,0.892,0.79,30.2,14.8,2.04
2026-09-25 10:51:22.644,8.2,0,95,8;15;0;95;0;8;2;0;0;3;0;0;0;0;0;0,1122,4736,4303;3563;4729;4736;1426;1833;1573;1245;1666;1765;1303;1800;1122;1192;1169;1171,0.8,0.0,938.9,0,0,0,0,0,0.0,0,0,0,0,0,0,0,0,0.0,0,0,0,0,0,0.0,0.0,4343.3,0,0,0,65.1,17.0,0.01,0.33,19.89,22.5,63.4,96.47723156472911,0.003171074507839006,0.4257088420183762,0.04249359213787576,0.0,1083.7826086956522,0.0,0.0,0.0,0.0,52.49425422626993,0.1,0.0,0.0,0.0,0.0,450.0,938.9,0.0,0.0,1.032,0.597,1.629,17.26,1.105,0.524,emon,0.892,0.79,30.2,14.8,2.04
2026-09-25 10:51:23.645,8.2,0,95,6;16;0;95;0;5;0;0;0;9;0;0;0;0;0;0,1166,4738,3951;3381;4510;4738;1166;1944;1663;1243;1200;2513;1760;1421;1180;1182;1193;1188,0.8,0.0,938.9,0,0,0,0,0,0.0,0,0,0,0,0,0,0,0,0.0,0,0,0,0,0,0.0,0.0,4343.3,0,0,0,62.1,13.71,0.01,0.37,17.28,22.5,63.4,96.70912424723308,0.002631492744613853,0.39218034678035313,0.03919222164485189,0.0,1199.0,0.0,0.0,0.0,0.0,50.30099784003364,0.1,0.0,0.0,0.0,0.0,450.0,938.9,0.0,0.0,1.143,0.453,1.596,17.849,1.142,0.454,emon,0.911,0.777,29.3,13.8,2.133
2026-09-25 10:51:24.646,8.5,0,100,5;19;0;100;0;3;0;0;0;9;0;0;0;0;0;0,1178,4729,4104;3184;4729;4726;1305;2447;1544;1264;1206;2352;1732;1217;1196;1192;1178;1196,0.6,0.0,938.9,0,0,0,0,0,0.0,0,0,0,0,0,0,0,0,0.0,0,0,0,0,0,0.0,0.0,4343.3,0,0,0,70.1,13.71,0.01,0.37,17.28,22.5,63.4,95.70792319557883,0.00319221219450066,0.4132497615434907,0.0413172228092497,0.0,1012.6363636363636,0.0,0.0,0.0,0.0,50.56176494265144,0.1,0.0,0.0,0.0,0.0,450.0,938.9,0.0,0.0,1.143,0.453,1.596,17.849,1.142,0.454,emon,0.911,0.777,29.3,13.8,2.133
2026-09-25 10:51:25.646,8.5,0,94,2;26;0;94;0;8;2;0;2;3;0;0;0;0;0;0,1161,4728,3243;3454;4728;4724;1492;2681;2452;1383;2978;2297;2087;1187;1175;1161;1263;1188,0.4,0.0,938.9,0,0,0,0,0,0.0,0,0,0,0,0,0,0,0,0.0,0,0,0,0,0,0.0,0.0,4343.3,0,0,0,62.1,13.71,0.01,0.37,17.28,22.5,63.4,96.88099688575382,0.2089057699389135,4.660871861946015,3.616989612224556,0.1268924520506213,1107.3333333333333,0.0,0.0,0.0,0.0,50.298552105114574,0.1,0.0,0.0,0.0,0.0,450.0,938.9,0.0,0.0,1.143,0.453,1.596,17.849,1.142,0.454,emon,0.911,0.777,29.3,13.8,2.133
2026-09-25 10:51:26.646,8.5,0,97,6;18;2;97;0;6;0;0;0;5;0;0;0;2;0;0,1000,4743,3482;3631;4729;4743;1225;2243;1765;1221;1217;2140;1619;1216;1179;1211;1131;1000,0.4,0.0,938.9,0,0,0,0,0,0.0,0,0,0,0,0,0,0,0,0.0,0,0,0,0,0,0.0,0.0,4343.3,0,0,0,70.1,13.71,0.01,0.37,17.28,22.5,63.4,97.59641033107951,0.16352213439294846,4.289781683077247,2.8842451953786914,0.3920477979769141,1157.4745762711864,0.0,0.0,0.0,0.0,51.34657180662882,0.1,0.0,0.0,0.0,0.0,450.0,938.9,0.0,0.0,1.143,0.453,1.596,17.849,1.142,0.454,emon,0.911,0.777,29.3,13.8,2.133
2026-09-25 10:51:27.647,8.2,0,95,5;11;2;95;0;5;0;0;0;12;0;0;0;2;0;0,1122,4746,4145;3176;4729;4746;1400;2747;1358;1291;1548;2586;1274;1523;1145;1153;1122;1162,0.3,0.0,937.9,0,0,0,0,0,0.0,0,0,0,0,0,0,0,0,0.0,0,0,0,0,0,0.0,0.0,4343.3,0,0,0,72.1,13.07,0.01,0.35,16.41,22.5,63.4,97.42017255510602,0.2386587986356712,5.952626172559602,4.315444599304881,0.4161882274917194,1087.5714285714287,0.0,0.0,0.0,0.0,51.80003761393683,0.1,0.0,0.0,0.0,0.0,450.0,937.9,0.0,0.0,1.143,0.453,1.596,17.849,1.142,0.454,emon,0.911,0.777,29.3,13.8,2.133
2026-09-25 10:51:28.647,8.0,0,95,2;16;0;95;0;8;0;0;0;8;0;0;0;0;0;0,1153,4744,4181;3454;4732;4744;1761;2492;1499;1684;1313;2047;1551;1440;1190;1180;1153;1200,0.4,0.0,937.9,0,0,0,0,0,0.0,0,0,0,0,0,0,0,0,0.0,0,0,0,0,0,0.0,0.0,4343.3,0,0,0,67.1,13.07,0.01,0.35,16.41,22.5,63.4,96.49989676962093,0.33464380850711345,8.333502093748171,6.1548536801520655,0.9112554911562071,1046.9591836734694,0.0,0.0,0.0,0.0,49.316845243074454,0.1,0.0,0.0,0.0,0.0,450.0,937.9,0.0,0.0,1.143,0.453,1.596,17.849,1.142,0.454,emon,0.911,0.777,29.3,13.8,2.133
2026-09-25 10:51:29.659,8.5,0,92,3;14;2;92;0;12;2;0;0;11;0;0;0;0;0;0,1054,4783,3346;3304;4687;4783;2096;2062;2168;2284;1510;2529;1638;1865;1054;1149;1054;1060,0.5,0.0,937.9,0,0,0,0,0,0.0,0,0,0,0,0,0,0,0,0.0,0,0,0,0,0,0.0,0.0,4343.3,0,0,0,65.1,13.07,0.01,0.35,16.41,22.7,63.4,95.21763695610895,0.0034172998404958183,0.4224163856771257,0.042185104969475,0.0,971.2222222222222,0.0,0.0,0.0,0.0,50.35615871184402,0.1,0.0,0.0,0.0,0.0,450.0,937.9,0.0,0.0,1.143,0.453,1.596,17.849,1.142,0.454,emon,0.911,0.777,29.3,13.8,2.133
2026-09-25 10:51:30.659,9.2,0,94,16;21;3;94;0;5;0;0;0;9;0;0;0;0;0;0,1178,4734,3464;3452;4734;4678;1442;2092;1716;1516;1250;1916;1359;1258;1178;1202;1188;1198,0.3,0.0,937.9,0,0,0,0,0,0.0,0,0,0,0,0,0,0,0,0.0,0,0,0,0,0,0.0,0.0,4343.3,0,0,0,60.1,13.07,0.01,0.35,16.41,22.6,63.4,96.15059661865234,0.0029747991246126945,0.3766709012644632,0.03761517114582516,0.0,977.5714285714286,0.0,0.0,0.0,0.0,50.332875390847526,0.1,0.0,0.0,0.0,0.0,450.0,937.9,0.0,0.0,1.143,0.453,1.596,17.849,1.142,0.454,emon,0.911,0.777,29.3,13.8,2.133
2026-09-25 10:51:31.659,9.6,0,98,2;17;3;98;0;14;0;0;0;18;0;0;0;2;0;0,1116,4793,2658;3422;4627;4793;1444;2054;2054;1463;2300;2677;2942;3059;1116;1417;1136;1127,0.8,0.0,937.9,0,0,0,0,0,0.0,0,0,0,0,0,0,0,0,0.0,0,0,0,0,0,0.0,0.0,4343.3,0,0,0,53.1,12.02,0.01,0.39,16.03,22.6,63.4,95.35275736722079,0.043537904630118814,1.6576237150213935,1.0828191467814825,0.08701504360545766,1011.5,0.0,0.0,0.0,0.0,50.33830999108878,0.1,0.0,0.0,0.0,0.0,450.0,937.9,0.0,0.0,1.143,0.453,1.596,17.849,1.142,0.454,emon,0.911,0.777,29.3,13.8,2.133
2026-09-25 10:51:32.660,8.7,0,95,0;17;2;95;0;12;0;0;0;11;0;0;0;0;2;0,926,4779,2221;3375;4621;4779;1433;2346;1375;1489;2705;2291;1992;1920;1194;1189;926;1171,0.6,0.0,937.9,0,0,0,0,0,0.0,0,0,0,0,0,0,0,0,0.0,0,0,0,0,0,0.0,0.0,4343.3,0,0,0,51.1,12.02,0.01,0.39,16.03,22.6,63.4,96.27487633445047,0.0028139312053099275,0.3762803849848834,0.037582810121503746,0.0,1021.7272727272727,0.0,0.0,0.0,0.0,50.328531729904086,0.1,0.0,0.0,0.0,0.0,450.0,937.9,0.0,0.0,1.143,0.453,1.596,17.849,1.142,0.454,emon,0.911,0.777,29.3,13.8,2.133
2026-09-25 10:51:33.660,9.1,0,94,9;14;0;94;0;11;2;0;0;15;0;0;0;2;0;0,1140,4812,2406;3283;4573;4812;1360;2086;2561;1515;2479;1848;2570;2831;1140;1197;1199;1175,0.6,0.0,937.9,0,0,0,0,0,0.0,0,0,0,0,0,0,0,0,0.0,0,0,0,0,0,0.0,0.0,4343.3,0,0,0,52.1,12.02,0.01,0.39,16.03,22.6,63.4,96.89664973044881,0.07322073592899406,3.764331318894211,2.589080123877039,0.22502403211665853,1120.4285714285713,0.0,0.0,0.0,0.0,51.37961877608786,0.1,0.0,0.0,0.0,0.0,450.0,937.9,0.0,0.0,1.143,0.453,1.596,17.849,1.142,0.454,emon,0.911,0.777,29.3,13.8,2.133
2026-09-25 10:51:34.660,8.6,0,95,8;12;2;95;0;14;2;0;0;5;0;0;0;0;0;0,985,4811,3810;3367;4648;4811;1328;2026;1577;1648;1487;1694;1320;1553;1161;1154;1173;985,0.9,0.0,937.9,0,0,0,0,0,0.0,0,0,0,0,0,0,0,0,0.0,0,0,0,0,0,0.0,0.0,4343.3,0,0,0,55.1,12.02,0.01,0.39,16.03,22.6,63.4,97.56985417807975,0.21381750342254413,5.255936143601813,3.8355428665512945,0.14230304339151012,1044.121951219512,0.0,0.0,0.0,0.0,51.53821680458581,0.1,0.0,0.0,0.0,0.0,450.0,937.9,0.0,0.0,1.143,0.453,1.596,17.849,1.142,0.454,emon,0.911,0.777,29.3,13.8,2.133
2026-09-25 10:51:35.661,9.0,0,97,3;20;0;97;0;11;0;0;0;11;0;0;0;2;0;0,979,4718,3644;3436;4557;4718;1259;1977;1274;1305;1274;2147;1563;2078;979;1253;1095;1096,0.9,0.0,937.9,0,0,0,0,0,0.0,0,0,0,0,0,0,0,0,0.0,0,0,0,0,0,0.0,0.0,4343.3,0,0,0,51.1,10.03,0.01,0.4,14.18,22.6,63.4,97.39306268936548,0.12879515582850823,4.8141731570164366,2.8804213725125942,0.2302982967155866,1106.051282051282,0.0,0.0,0.0,0.0,53.04002762070069,0.1,0.0,0.0,0.0,0.0,450.0,937.9,0.0,0.0,2.521,0.756,3.277,42.532,2.722,0.555,emon,0.901,0.57,28.6,13.4,2.13
2026-09-25 10:51:36.661,8.7,0,97,8;9;2;97;0;8;5;2;0;5;2;2;0;2;0;0,1063,4868,4221;3593;4766;4868;1361;1689;2438;1931;1192;1817;1606;1371;1063;1307;1149;1134,0.8,0.0,937.9,0,0,0,0,0,0.0,0,0,0,0,0,0,0,0,0.0,0,0,0,0,0,0.0,0.0,4343.3,0,0,0,57.1,10.03,0.01,0.4,14.18,22.5,63.4,97.26099348656925,0.18097334258821735,6.146723783678478,4.138397238550731,0.3015400854048584,1084.1851851851852,0.0,0.0,0.0,0.0,52.25709055419321,0.1,0.0,0.0,0.0,0.0,450.0,937.9,0.0,0.0,2.521,0.756,3.277,42.532,2.722,0.555,emon,0.901,0.57,28.6,13.4,2.13
2026-09-25 10:51:37.662,9.5,0,97,3;14;5;97;0;12;2;0;0;15;2;0;0;0;2;0,1071,4869,3260;3972;4458;4869;1406;1999;1931;2665;1451;2141;2226;2443;1071;1173;1609;1191,1.0,0.0,937.9,0,0,0,0,0,0.0,0,0,0,0,0,0,0,0,0.0,0,0,0,0,0,0.0,0.0,4343.3,0,0,0,66.1,10.03,0.01,0.4,14.18,22.5,63.4,96.50934377034505,0.2284491673546533,6.906036626100541,4.687768780638774,0.6405126221974691,1080.3333333333333,0.0,0.0,0.0,0.0,51.64588744163513,0.1,0.0,0.0,0.0,0.0,450.0,937.9,0.0,0.0,2.521,0.756,3.277,42.532,2.722,0.555,emon,0.901,0.57,28.6,13.4,2.13
2026-09-25 10:51:38.662,8.4,0,95,6;14;2;95;0;6;0;0;0;9;2;0;0;0;0;0,1051,4766,3852;3349;4638;4766;1152;1951;2019;1510;1331;2050;1838;1233;1161;1268;1051;1170,0.4,0.0,937.9,0,0,0,0,0,0.0,0,0,0,0,0,0,0,0,0.0,0,0,0,0,0,0.0,0.0,4343.3,0,0,0,50.1,10.03,0.01,0.4,14.18,22.5,63.4,97.43895313351653,0.19123201721434502,6.197788729570632,4.07314567150938,0.614220179097597,1088.5348837209303,0.0,0.0,0.0,0.0,52.72426994872648,0.1,0.0,0.0,0.0,0.0,450.0,937.9,0.0,0.0,2.521,0.756,3.277,42.532,2.722,0.555,emon,0.901,0.57,28.6,13.4,2.13
2026-09-25 10:51:39.663,9.3,0,97,16;10;2;97;0;0;9;0;0;0;12;0;2;0;2;0,1106,4581,3265;3726;4566;4581;1353;1200;1978;1879;1206;1208;1796;1516;1189;1121;1106;1134,0.6,0.0,937.9,0,0,0,0,0,0.0,0,0,0,0,0,0,0,0,0.0,0,0,0,0,0,0.0,0.0,4343.3,0,0,0,46.1,10.8,0.01,0.4,14.92,22.5,63.4,96.01485616510564,0.0028619402649135077,0.38245756314559415,0.03810811127451333,0.0,1047.8636363636363,0.0,0.0,0.0,0.0,50.371055778454654,0.1,0.0,0.0,0.0,0.0,450.0,937.8,0.0,0.0,2.521,0.756,3.277,42.532,2.722,0.555,emon,0.901,0.57,28.6,13.4,2.13
2026-09-25 10:51:40.663,8.1,0,89,14;2;0;89;0;0;16;0;0;0;8;0;0;0;2;0,1046,4852,3984;3645;4743;4852;1766;1824;1830;2093;1648;1566;2285;1752;1117;1046;1190;1102,0.4,0.0,937.8,0,0,0,0,0,0.0,0,0,0,0,0,0,0,0,0.0,0,0,0,0,0,0.0,0.0,4343.3,0,0,0,66.1,10.8,0.01,0.4,14.92,22.6,63.4,96.23424495350231,0.0033964067009616306,0.4403961456634782,0.044042417356236416,0.0,1041.0454545454545,0.0,0.0,0.0,0.0,52.83282885700464,0.1,0.0,0.0,0.0,0.0,450.0,881.6,0.0,0.0,2.521,0.756,3.277,42.532,2.722,0.555,emon,0.901,0.57,28.6,13.4,2.13
2026-09-25 10:51:41.664,9.4,0,95,17;6;0;95;0;0;12;0;0;0;12;3;0;0;5;0,1002,4746,3545;3734;4729;4746;1563;1250;1986;2815;1403;1278;1961;1854;1126;1002;1444;1273,0.3,0.0,881.6,0,0,0,0,0,0.0,0,0,0,0,0,0,0,0,0.0,0,0,0,0,0,0.0,0.0,4343.3,0,0,0,61.1,10.8,0.01,0.4,14.92,22.6,63.4,95.7813590367635,0.0026644179597496986,0.3596044604976972,0.03587329418708881,0.0,1128.1666666666667,0.0,0.0,0.0,0.0,50.301697794348,0.1,0.0,0.0,0.0,0.0,450.0,881.6,0.0,0.0,2.521,0.756,3.277,42.532,2.722,0.555,emon,0.901,0.57,28.6,13.4,2.13
2026-09-25 10:51:42.664,9.0,0,95,11;12;5;95;0;0;6;0;0;0;8;0;0;0;6;0,1038,4667,3470;4200;4439;4667;1326;1295;1890;1865;1206;1195;1938;1789;1132;1043;1177;1038,0.5,0.0,881.6,0,0,0,0,0,0.0,0,0,0,0,0,0,0,0,0.0,0,0,0,0,0,0.0,0.0,4343.3,0,0,0,60.1,10.8,0.01,0.4,14.92,22.7,63.4,95.41119315407492,0.0032995220443064518,0.4197611483660611,0.04199633349410512,0.0,1055.8181818181818,0.0,0.0,0.0,0.0,50.32763998007233,0.1,0.0,0.0,0.0,0.0,450.0,881.6,0.0,0.0,2.521,0.756,3.277,42.532,2.722,0.555,emon,0.901,0.57,28.6,13.4,2.13
2026-09-25 10:51:43.665,9.9,0,97,18;6;2;97;0;0;11;2;0;0;18;0;2;0;3;0,1037,4862,3724;3643;4730;4862;2512;1238;2125;2452;2251;1459;2298;3351;1037;1190;1220;1197,0.4,0.0,881.6,0,0,0,0,0,0.0,0,0,0,0,0,0,0,0,0.0,0,0,0,0,0,0.0,0.0,4343.3,0,0,0,73.1,11.76,0.04,0.4,15.97,22.7,63.4,94.76878183538264,0.06429171305022795,3.395057140426202,2.653755474666303,0.12614695630459624,958.0909090909091,0.0,0.0,0.0,0.0,50.31893070990389,0.1,0.0,0.0,0.0,0.0,450.0,881.6,0.0,0.0,2.521,0.756,3.277,42.532,2.722,0.555,emon,0.901,0.57,28.6,13.4,2.13
2026-09-25 10:51:44.665,9.1,0,98,24;5;2;98;0;0;9;0;0;0;8;0;0;0;0;0,1117,4781,3787;3974;4741;4781;1525;1166;1671;1334;1626;1389;2007;1556;1135;1117;1184;1172,0.8,0.0,881.6,0,0,0,0,0,0.0,0,0,0,0,0,0,0,0,0.0,0,0,0,0,0,0.0,0.0,4343.3,0,0,0,66.1,11.76,0.04,0.4,15.97,22.4,63.4,97.0306862140524,0.26190381539696506,5.4854929257055804,4.384614050002961,0.4867995118015799,1060.2068965517242,0.0,0.0,0.0,0.0,53.79937877994159,0.1,0.0,0.0,0.0,0.0,450.0,881.6,0.0,0.0,2.521,0.756,3.277,42.532,2.722,0.555,emon,0.901,0.57,28.6,13.4,2.13
2026-09-25 10:51:45.665,8.2,0,97,14;5;2;97;0;0;8;0;0;0;6;0;0;0;2;0,1090,4775,3606;4150;4728;4775;1814;1355;2502;2161;1353;2043;2290;1394;1183;1101;1280;1090,0.8,0.0,881.6,0,0,0,0,0,0.0,0,0,0,0,0,0,0,0,0.0,0,0,0,0,0,0.0,0.0,4343.3,0,0,0,71.1,11.76,0.04,0.4,15.97,22.4,63.4,97.22760009765625,0.21638416498136082,5.78844766489795,4.120257863194728,0.5528784166166528,1026.049180327869,0.0,0.0,0.0,0.0,52.84408889051343,0.1,0.0,0.0,0.0,0.0,450.0,881.6,0.0,0.0,2.521,0.756,3.277,42.532,2.722,0.555,emon,0.901,0.57,28.6,13.4,2.13
2026-09-25 10:51:46.666,8.1,0,94,11;5;5;94;0;0;13;0;0;0;3;0;0;0;0;0,1121,4735,3271;3565;4729;4735;2487;1618;2189;1763;1463;1477;2420;2166;1132;1121;1132;1135,0.8,0.0,881.6,0,0,0,0,0,0.0,0,0,0,0,0,0,0,0,0.0,0,0,0,0,0,0.0,0.0,4343.3,0,0,0,67.1,11.76,0.04,0.4,15.97,22.5,63.4,97.70011644105654,0.22583534972855468,6.415888973990002,4.635929390234319,0.7522334660076209,1125.3513513513512,0.0,0.0,0.0,0.0,54.54892357499213,0.1,0.0,0.0,0.0,0.0,450.0,881.6,0.0,0.0,2.521,0.756,3.277,42.532,2.722,0.555,emon,0.901,0.57,28.6,13.4,2.13
2026-09-25 10:51:47.666,8.4,0,98,9;12;0;98;0;0;9;0;0;0;2;0;0;0;3;0,972,4741,3099;4290;4730;4741;1451;1193;1992;1981;1747;1848;1905;1558;1041;972;1084;1095,0.7,0.0,881.6,0,0,0,0,0,0.0,0,0,0,0,0,0,0,0,0.0,0,0,0,0,0,0.0,0.0,4343.3,0,0,0,72.1,14.21,0.01,0.37,17.73,22.6,63.4,97.1659751560377,0.22240396704949925,5.8398684915425125,4.146243947247664,0.7676227308937983,1104.7971014492753,0.0,0.0,0.0,0.0,53.00898729934209,0.1,0.0,0.0,0.0,0.0,450.0,881.6,0.0,0.0,0.919,0.566,1.486,14.693,0.94,0.546,emon,0.9,0.718,29.7,14.0,2.124
2026-09-25 10:51:48.667,13.2,0,91,22;21;5;91;0;0;22;5;2;0;26;2;0;0;14;3,1140,4741,4123;4588;4729;4741;3407;3271;2998;3370;2780;1867;3093;3366;1140;1237;2799;1199,0.8,0.0,881.6,0,0,0,0,0,0.0,0,0,0,0,0,0,0,0,0.0,0,0,0,0,0,0.0,0.0,4343.3,0,0,0,67.1,14.21,0.01,0.37,17.73,22.4,63.4,95.59538060968572,0.0027770242674953556,0.3828442489559,0.03823517830195752,0.0,1089.909090909091,0.0,0.0,0.0,0.0,52.44324232908812,0.1,0.0,0.0,0.0,0.0,450.0,881.6,0.0,0.0,0.919,0.566,1.486,14.693,0.94,0.546,emon,0.9,0.718,29.7,14.0,2.124
2026-09-25 10:51:49.667,12.0,0,89,21;11;11;89;0;0;17;5;2;0;23;0;0;2;11;0,975,4662,3740;4171;4488;4662;2820;1752;2763;3117;3378;1232;2695;2807;975;1163;2157;1237,0.5,0.0,881.6,0,0,0,0,0,0.0,0,0,0,0,0,0,0,0,0.0,0,0,0,0,0,0.0,0.0,4343.3,0,0,0,77.1,14.21,0.01,0.37,17.73,22.4,63.4,95.78000520405017,0.003521278047149903,0.4226240139258535,0.042172913292520924,0.0,954.2631578947369,0.0,0.0,0.0,0.0,50.32499471542082,0.1,0.0,0.0,0.0,0.0,450.0,881.6,0.0,0.0,0.919,0.566,1.486,14.693,0.94,0.546,emon,0.9,0.718,29.7,14.0,2.124
2026-09-25 10:51:50.667,8.5,0,98,20;2;0;98;0;0;11;0;0;0;3;0;0;0;2;0,1037,4731,3542;3641;4729;4731;1566;1256;2333;1455;1265;1367;1986;1337;1086;1037;1145;1152,0.7,0.0,881.6,0,0,0,0,0,0.0,0,0,0,0,0,0,0,0,0.0,0,0,0,0,0,0.0,0.0,4343.3,0,0,0,64.1,16.24,0.01,0.36,19.74,22.5,63.4,94.9332172870636,0.002802563874865882,0.37319326028227806,0.037214215844869614,0.0,1058.375,0.0,0.0,0.0,0.0,50.32515336852521,0.1,0.0,0.0,0.0,0.0,450.0,881.6,0.0,0.0,0.919,0.566,1.486,14.693,0.94,0.546,emon,0.9,0.718,29.7,14.0,2.124
2026-09-25 10:51:51.668,10.2,0,89,22;19;0;89;0;0;12;2;0;0;15;0;0;0;5;0,1045,4735,3899;4616;4727;4735;1533;1581;2291;2590;1362;1600;2104;1330;1045;1075;1270;1158,1.1,0.0,881.6,0,0,0,0,0,0.0,0,0,0,0,0,0,0,0,0.0,0,0,0,0,0,0.0,0.0,4343.3,0,0,0,78.1,16.24,0.01,0.36,19.74,22.5,63.4,96.64214712289663,0.2097255551077139,3.0011749157538783,1.269902236186541,0.18678342012258675,932.0769230769231,0.0,0.0,0.0,0.0,54.15199163281,0.2,0.0,0.0,0.0,0.0,450.0,881.6,0.0,0.0,0.919,0.566,1.486,14.693,0.94,0.546,emon,0.9,0.718,29.7,14.0,2.124
2026-09-25 10:51:52.668,8.8,0,94,20;3;0;94;0;0;8;0;0;0;9;0;0;0;6;0,1146,4760,3506;3890;4729;4760;2607;1665;2137;1478;1913;1496;2101;1812;1176;1170;1146;1189,0.3,0.0,881.6,0,0,0,0,0,0.0,0,0,0,0,0,0,0,0,0.0,0,0,0,0,0,0.0,0.0,4343.3,0,0,0,84.1,16.24,0.01,0.36,19.74,22.5,63.4,96.99344498770577,0.3005259830554548,6.414021866662162,5.609122029372624,0.2020923785915199,1099.0,0.0,0.0,0.0,0.0,50.298741086253095,0.1,0.0,0.0,0.0,0.0,450.0,881.6,0.0,0.0,0.919,0.566,1.486,14.693,0.94,0.546,emon,0.9,0.718,29.7,14.0,2.124
2026-09-25 10:51:53.668,8.7,0,94,20;5;0;94;0;0;16;0;0;0;5;0;0;0;0;0,912,4740,3072;4100;4730;4740;1299;1266;2462;1474;1272;1231;2202;1264;912;1069;1140;994,0.4,0.0,881.6,0,0,0,0,0,0.0,0,0,0,0,0,0,0,0,0.0,0,0,0,0,0,0.0,0.0,4343.3,0,0,0,79.1,16.24,0.01,0.36,19.74,22.5,63.4,97.40173016172467,0.17081312788650393,5.390016932379115,3.706173451956023,0.24402025974158084,1114.1515151515152,0.0,0.0,0.0,0.0,51.99556008929556,0.1,0.0,0.0,0.0,0.0,450.0,881.6,0.0,0.0,0.919,0.566,1.486,14.693,0.94,0.546,emon,0.9,0.718,29.7,14.0,2.124
2026-09-25 10:51:54.669,9.2,0,94,23;10;0;94;2;0;5;2;0;0;12;0;0;0;0;0,1050,4750,3127;4205;4729;4750;3510;2645;1836;3147;2240;2522;2069;2137;1067;1050;1126;1061,0.2,0.0,881.6,0,0,0,0,0,0.0,0,0,0,0,0,0,0,0,0.0,0,0,0,0,0,0.0,0.0,4343.3,0,0,0,81.1,16.25,0.01,0.34,19.21,22.5,63.4,97.70008126620588,0.28585835960533085,6.78109486555231,4.9343463938426355,0.78937528128254,1104.1724137931035,0.0,0.0,0.0,0.0,53.71198532910183,0.1,0.0,0.0,0.0,0.0,450.0,881.6,0.0,0.0,0.919,0.566,1.486,14.693,0.94,0.546,emon,0.9,0.718,29.7,14.0,2.124
2026-09-25 10:51:55.669,8.6,0,100,17;8;2;100;0;0;5;2;0;0;2;0;0;0;3;0,1135,4732,3214;4084;4729;4732;1693;1371;2333;2766;1386;1376;2182;1665;1154;1136;1138;1135,0.5,0.0,881.6,0,0,0,0,0,0.0,0,0,0,0,0,0,0,0,0.0,0,0,0,0,0,0.0,0.0,4343.3,0,0,0,80.1,16.25,0.01,0.34,19.21,22.5,63.4,97.58134977552626,0.18570253363189598,5.866125867433018,3.9299724703447687,0.4076283031039768,1161.2222222222222,0.0,0.0,0.0,0.0,52.56150068673823,0.1,0.0,0.0,0.0,0.0,450.0,881.6,0.0,0.0,0.919,0.566,1.486,14.693,0.94,0.546,emon,0.9,0.718,29.7,14.0,2.124
2026-09-25 10:51:56.688,8.8,0,97,21;8;0;97;0;0;8;2;0;0;6;0;0;0;0;0,1065,4772,3538;4132;4729;4772;1429;1353;1935;2168;1476;1423;2245;1389;1126;1065;1178;1176,0.6,0.0,881.6,0,0,0,0,0,0.0,0,0,0,0,0,0,0,0,0.0,0,0,0,0,0,0.0,0.0,4343.3,0,0,0,83.1,16.25,0.01,0.34,19.21,22.5,63.4,97.29495065862483,0.2329460407261539,6.946919253829754,5.18352278880775,0.5226126632434457,1165.6666666666667,0.0,0.0,0.0,0.0,51.852249548742265,0.1,0.0,0.0,0.0,0.0,450.0,881.6,0.0,0.0,0.919,0.566,1.486,14.693,0.94,0.546,emon,0.9,0.718,29.7,14.0,2.124
2026-09-25 10:51:57.689,9.4,0,95,24;12;3;95;0;0;8;0;0;0;6;0;2;0;0;0,812,4747,3024;4201;4729;4747;1846;1725;2036;1997;1301;1326;2246;1343;1111;812;1121;892,0.8,0.0,881.6,0,0,0,0,0,0.0,0,0,0,0,0,0,0,0,0.0,0,0,0,0,0,0.0,0.0,4343.3,0,0,0,81.1,16.25,0.01,0.34,19.21,22.5,63.4,96.06212180001395,0.0028370204603388196,0.3908130015645708,0.03908326778383482,0.0,1078.7619047619048,0.0,0.0,0.0,0.0,50.31550713096346,0.1,0.0,0.0,0.0,0.0,450.0,881.6,0.0,0.0,0.919,0.566,1.486,14.693,0.94,0.546,emon,0.9,0.718,29.7,14.0,2.124
2026-09-25 10:51:58.689,9.6,0,92,25;6;0;92;0;0;9;2;0;0;12;0;0;0;5;2,968,4744,3506;3986;4729;4744;2080;1803;1980;3189;1308;1922;2258;1738;1191;1113;968;1044,0.9,0.0,881.6,0,0,0,0,0,0.0,0,0,0,0,0,0,0,0,0.0,0,0,0,0,0,0.0,0.0,4343.3,0,0,0,78.1,15.51,0.01,0.33,18.31,22.5,63.4,96.0445908440484,0.0032117877918709484,0.4244812826315562,0.042389361187815666,0.0,1111.5,0.0,0.0,0.0,0.0,50.31115005827613,0.1,0.0,0.0,0.0,0.0,450.0,881.6,0.0,0.0,0.919,0.566,1.486,14.693,0.94,0.546,emon,0.9,0.718,29.7,14.0,2.124
2026-09-25 10:51:59.690,8.8,0,94,20;9;0;94;0;0;6;0;0;0;11;0;0;0;0;0,1165,4730,3186;4000;4730;4729;1963;1380;2071;1386;1251;1339;1849;1448;1165;1207;1230;1169,0.9,0.0,881.6,0,0,0,0,0,0.0,0,0,0,0,0,0,0,0,0.0,0,0,0,0,0,0.0,0.0,4343.3,0,0,0,65.1,15.51,0.01,0.33,18.31,22.5,63.4,95.30082441631116,0.002894189980763354,0.3728618433600978,0.03726660126918241,0.0,1037.157894736842,0.0,0.0,0.0,0.0,50.3406598364052,0.1,0.0,0.0,0.0,0.0,450.0,881.6,0.0,0.0,0.919,0.566,1.486,14.693,0.94,0.546,emon,0.9,0.718,29.7,14.0,2.124
2026-09-25 10:52:00.690,9.9,0,95,27;11;0;95;0;0;6;0;0;0;6;0;0;0;6;6,889,4749,3693;4107;4727;4749;2774;1876;2206;2216;1321;1775;2620;1370;889;1110;1221;1122,0.7,0.0,881.6,0,0,0,0,0,0.0,0,0,0,0,0,0,0,0,0.0,0,0,0,0,0,0.0,0.0,4343.3,0,0,0,68.1,15.51,0.01,0.33,18.31,22.5,63.4,96.43211929321289,0.08306966928299517,2.3868763673305513,0.830481436625123,0.1056304931640625,1074.0,0.0,0.0,0.0,0.0,50.320774939060215,0.1,0.0,0.0,0.0,0.0,450.0,881.6,0.0,0.0,0.654,0.377,1.03,8.718,0.558,0.472,emon,0.896,0.873,28.8,14.7,1.962
2026-09-25 10:52:01.690,9.5,0,95,24;11;3;95;0;0;3;3;0;0;8;2;0;0;3;0,1098,4729,3698;3927;4729;4726;3432;1351;2201;2363;2968;1457;2280;2972;1122;1098;1134;1155,0.8,0.0,881.6,0,0,0,0,0,0.0,0,0,0,0,0,0,0,0,0.0,0,0,0,0,0,0.0,0.0,4343.3,0,0,0,69.1,15.51,0.01,0.33,18.31,22.5,63.4,97.84921198305877,0.21374520072814726,6.784553574479145,5.39495370950064,0.4196223150128904,1153.3478260869565,0.0,0.0,0.0,0.0,52.47882493812105,0.1,0.0,0.0,0.0,0.0,450.0,881.6,0.0,0.0,0.654,0.377,1.03,8.718,0.558,0.472,emon,0.896,0.873,28.8,14.7,1.962
2026-09-25 10:52:02.690,9.5,0,97,23;13;0;97;0;0;3;3;0;0;12;0;0;0;2;0,1114,4729,3496;3860;4729;4728;1981;1284;2591;1428;1583;1941;2556;1527;1178;1168;1362;1114,0.9,0.0,881.6,0,0,0,0,0,0.0,0,0,0,0,0,0,0,0,0.0,0,0,0,0,0,0.0,0.0,4343.3,0,0,0,63.1,13.06,0.01,0.37,16.74,22.5,63.4,96.6972246170044,0.14864880012828507,4.374515652190894,2.9649601130513474,0.17366372569813393,1086.5,0.0,0.0,0.0,0.0,51.908492794726044,0.1,0.0,0.0,0.0,0.0,450.0,881.8,0.0,0.0,0.654,0.377,1.03,8.718,0.558,0.472,emon,0.896,0.873,28.8,14.7,1.962
2026-09-25 10:52:03.691,9.0,0,91,15;14;2;91;0;0;12;0;0;0;11;0;0;0;0;0,1058,4746,3017;4373;4729;4746;3079;3282;2505;1294;1266;1279;2093;1271;1191;1176;1178;1058,0.6,0.0,881.8,0,0,0,0,0,0.0,0,0,0,0,0,0,0,0,0.0,0,0,0,0,0,0.0,0.0,4343.3,0,0,0,67.1,13.06,0.01,0.37,16.74,22.5,63.4,96.85443074775465,0.24101883904288776,8.117884574514447,5.190471275512016,0.6178287657711542,1121.7272727272727,0.0,0.0,0.0,0.0,52.137509931217544,0.1,0.0,0.0,0.0,0.0,450.0,881.8,0.0,0.0,0.654,0.377,1.03,8.718,0.558,0.472,emon,0.896,0.873,28.8,14.7,1.962
2026-09-25 10:52:04.691,9.5,0,96,20;5;3;96;0;0;14;2;0;0;12;0;0;0;0;0,1029,4801,3952;4152;4729;4801;2597;1749;2094;2826;1305;1300;1891;2746;1110;1029;1169;1135,0.8,0.0,881.8,0,0,0,0,0,0.0,0,0,0,0,0,0,0,0,0.0,0,0,0,0,0,0.0,0.0,4343.3,0,0,0,77.1,13.06,0.01,0.37,16.74,22.6,63.4,97.6139561502557,0.22344114597715242,6.048353556739657,4.126372720899158,0.591651482133832,1131.2368421052631,0.0,0.0,0.0,0.0,53.20915466311731,0.1,0.0,0.0,0.0,0.0,450.0,880.8,0.0,0.0,0.654,0.377,1.03,8.718,0.558,0.472,emon,0.896,0.873,28.8,14.7,1.962
2026-09-25 10:52:05.710,8.8,0,82,26;13;6;82;0;0;8;2;0;0;3;0;0;0;2;0,1079,4872,4355;4247;4705;4872;1555;1338;1930;2270;1850;1286;1928;1678;1127;1079;1183;1128,0.2,0.0,880.8,0,0,0,0,0,0.0,0,0,0,0,0,0,0,0,0.0,0,0,0,0,0,0.0,0.0,4343.3,0,0,0,71.1,13.06,0.01,0.37,16.74,22.6,63.4,96.63157539367675,0.0027297023334540427,0.3890474200248718,0.038802737928926946,0.0,1144.0,0.0,0.0,0.0,0.0,50.29770660251379,0.1,0.0,0.0,0.0,0.0,450.0,880.8,0.0,0.0,0.654,0.377,1.03,8.718,0.558,0.472,emon,0.896,0.873,28.8,14.7,1.962
2026-09-25 10:52:06.710,9.9,0,84,15;14;13;84;0;0;16;0;0;0;16;0;0;0;0;0,1002,4720,3881;4305;4720;4717;2457;2754;1820;1143;1386;1633;1973;2901;1083;1002;1272;1164,0.4,0.0,880.8,0,0,0,0,0,0.0,0,0,0,0,0,0,0,0,0.0,0,0,0,0,0,0.0,0.0,4343.3,0,0,0,64.1,14.47,0.01,0.36,17.82,22.5,63.4,96.19500579833985,0.0030468789860606193,0.4037826105952263,0.040331443585455415,0.0,1036.5,0.0,0.0,0.0,0.0,50.331105632334946,0.1,0.0,0.0,0.0,0.0,450.0,880.8,0.0,0.0,0.654,0.377,1.03,8.718,0.558,0.472,emon,0.896,0.873,28.8,14.7,1.962
2026-09-25 10:52:07.711,9.0,0,88,15;14;5;88;0;0;16;0;0;0;5;0;0;0;2;0,1086,4791,3667;4116;4729;4791;2762;1992;2245;1641;2834;2362;2239;1288;1098;1086;1180;1149,0.7,0.0,880.8,0,0,0,0,0,0.0,0,0,0,0,0,0,0,0,0.0,0,0,0,0,0,0.0,0.0,4343.3,0,0,0,62.1,14.47,0.01,0.36,17.82,22.6,63.4,96.43399170906314,0.10385291766931093,5.19845357417099,2.2981229363490017,0.3520813565100393,951.4193548387096,0.0,0.0,0.0,0.0,51.955185525359646,0.1,0.0,0.0,0.0,0.0,450.0,880.8,0.0,0.0,0.654,0.377,1.03,8.718,0.558,0.472,emon,0.896,0.873,28.8,14.7,1.962
2026-09-25 10:52:08.711,9.3,0,94,12;14;5;94;0;0;5;9;2;2;3;5;0;0;0;0,1147,4733,3145;3650;4727;4733;2596;1677;1565;2395;1913;2140;1482;2636;1188;1180;1147;1185,0.4,0.0,880.8,0,0,0,0,0,0.0,0,0,0,0,0,0,0,0,0.0,0,0,0,0,0,0.0,0.0,4343.3,0,0,0,53.1,14.47,0.01,0.36,17.82,22.6,63.4,95.6571166628883,0.0029150009310493865,0.38083874327795847,0.038041516074112484,0.0,1057.3333333333333,0.0,0.0,0.0,0.0,50.31776228121349,0.1,0.0,0.0,0.0,0.0,450.0,880.8,0.0,0.0,0.654,0.377,1.03,8.718,0.558,0.472,emon,0.896,0.873,28.8,14.7,1.962
2026-09-25 10:52:09.711,9.8,0,95,3;20;0;95;0;0;0;11;0;0;6;12;3;2;0;5,1171,4733,3833;3587;4729;4733;1917;3103;1189;2084;1817;2588;1289;2234;1171;1171;1175;1220,1.2,0.0,881.8,0,0,0,0,0,0.0,0,0,0,0,0,0,0,0,0.0,0,0,0,0,0,0.0,0.0,4343.3,0,0,0,54.1,14.47,0.01,0.36,17.82,22.6,63.4,97.20545341855004,0.29308179428889636,6.5937787514357336,4.579797970618875,0.787765422126367,1086.5,0.0,0.0,0.0,0.0,52.7943467384293,0.2,0.0,0.0,0.0,0.0,450.0,881.8,0.0,0.0,0.654,0.377,1.03,8.718,0.558,0.472,emon,0.896,0.873,28.8,14.7,1.962
2026-09-25 10:52:10.712,8.7,0,97,5;9;3;97;2;0;0;6;0;0;2;14;0;0;0;2,885,4763,3854;2831;4600;4763;3131;1335;1318;1878;2690;1202;1284;2540;1089;1174;885;1143,0.7,0.0,880.8,0,0,0,0,0,0.0,0,0,0,0,0,0,0,0,0.0,0,0,0,0,0,0.0,0.0,4343.3,0,0,0,52.1,11.19,0.01,0.4,15.35,22.6,63.4,97.26277663490988,0.2256082054545087,6.946739818562161,5.242428856478496,0.37402924624356354,1144.4545454545455,0.0,0.0,0.0,0.0,50.28396272117441,0.1,0.0,0.0,0.0,0.0,450.0,880.8,0.0,0.0,0.654,0.377,1.03,8.718,0.558,0.472,emon,0.896,0.873,28.8,14.7,1.962
2026-09-25 10:52:11.712,9.3,0,92,6;18;0;92;0;0;0;18;0;0;0;9;3;2;0;0,1084,4846,3263;3925;4751;4846;1460;1418;1354;2160;2257;1196;1240;1618;1122;1138;1084;1159,0.8,0.0,880.8,0,0,0,0,0,0.0,0,0,0,0,0,0,0,0,0.0,0,0,0,0,0,0.0,0.0,4343.3,0,0,0,52.1,11.19,0.01,0.4,15.35,22.6,63.4,95.91673800524543,0.23463960683918283,5.512059079811854,3.87680408687276,0.48821413881309766,1043.8529411764705,0.0,0.0,0.0,0.0,53.34085148660576,0.1,0.0,0.0,0.0,0.0,450.0,880.8,0.0,0.0,0.654,0.377,1.03,8.718,0.558,0.472,emon,0.896,0.873,28.8,14.7,1.962
2026-09-25 10:52:12.712,9.1,0,97,6;24;2;97;0;0;0;6;0;0;3;6;0;0;0;2,1203,4790,3573;3318;4729;4790;1954;2045;1785;2155;1878;1576;1546;2048;1945;1203;1256;1367,0.8,0.0,880.8,0,0,0,0,0,0.0,0,0,0,0,0,0,0,0,0.0,0,0,0,0,0,0.0,0.0,4343.3,0,0,0,50.1,11.19,0.01,0.4,15.35,22.6,63.4,97.31555958035626,0.24027351705840777,8.870287746191025,4.983627366255733,0.7143986000431867,1101.5316455696202,0.0,0.0,0.0,0.0,52.263228935908664,0.1,0.0,0.0,0.0,0.0,450.0,880.8,0.0,0.0,2.377,0.797,3.174,39.952,2.557,0.617,emon,0.899,0.542,29.1,13.5,2.163
2026-09-25 10:52:13.713,9.0,0,92,6;26;3;92;0;0;0;6;0;0;2;6;0;0;0;2,881,4761,4277;3669;4730;4761;1475;1351;1375;1937;1556;2883;1249;2140;1073;1138;881;1369,1.2,0.0,881.8,0,0,0,0,0,0.0,0,0,0,0,0,0,0,0,0.0,0,0,0,0,0,0.0,0.0,4343.3,0,0,0,63.1,11.19,0.01,0.4,15.35,22.6,63.4,97.64589309692383,0.27176208747266906,6.921631846486068,4.783134707999302,0.7881641127680223,1122.1707317073171,0.0,0.0,0.0,0.0,51.57477363689644,0.1,0.0,0.0,0.0,0.0,450.0,881.8,0.0,0.0,2.377,0.797,3.174,39.952,2.557,0.617,emon,0.899,0.542,29.1,13.5,2.163
2026-09-25 10:52:14.732,9.3,0,95,4;27;3;95;0;0;0;8;0;0;0;8;2;0;0;3,1085,4784,3199;3757;4631;4784;3189;2911;1712;2005;2811;3237;1425;1906;1109;1109;1085;1207,1.1,0.0,882.1,0,0,0,0,0,0.0,0,0,0,0,0,0,0,0,0.0,0,0,0,0,0,0.0,0.0,4343.3,0,0,0,53.1,11.02,0.01,0.4,15.16,22.7,63.4,98.40462618458028,0.09751672292964494,4.052110985833771,1.9949406029618517,0.4931790354300518,1063.2857142857142,0.0,0.0,0.0,0.0,55.8114334864884,0.1,0.0,0.0,0.0,0.0,450.0,882.1,0.0,0.0,2.377,0.797,3.174,39.952,2.557,0.617,emon,0.899,0.542,29.1,13.5,2.163
2026-09-25 10:52:15.733,8.8,0,91,5;16;2;91;0;0;0;12;0;0;6;9;0;0;0;0,1078,4718,4176;3655;4718;4667;2291;1158;1228;1693;2453;1284;1249;1956;1133;1109;1078;1162,1.0,0.0,881.1,0,0,0,0,0,0.0,0,0,0,0,0,0,0,0,0.0,0,0,0,0,0,0.0,0.0,4343.3,0,0,0,46.1,11.02,0.01,0.4,15.16,22.6,63.4,97.12413238076603,0.05077717531479292,3.0845273198450314,0.6904663512592807,0.3242490431841682,1087.235294117647,0.0,0.0,0.0,0.0,52.282531949088856,0.1,0.0,0.0,0.0,0.0,450.0,881.1,0.0,0.0,2.377,0.797,3.174,39.952,2.557,0.617,emon,0.899,0.542,29.1,13.5,2.163
2026-09-25 10:52:16.733,8.6,0,95,3;14;4;95;0;0;0;8;0;0;3;9;0;0;0;0,910,4751,4210;3758;4728;4751;2677;1364;1282;2472;1512;1616;1359;2330;1061;1040;910;1110,0.4,0.0,883.8,0,0,0,0,0,0.0,0,0,0,0,0,0,0,0,0.0,0,0,0,0,0,0.0,0.0,4343.3,0,0,0,62.1,11.02,0.01,0.4,15.16,22.7,63.4,96.64903182983399,0.08398150724242441,4.295289528369904,1.7578628869727253,0.28648883700370786,1057.75,0.0,0.0,0.0,0.0,50.289262937381864,0.2,0.0,0.0,0.0,0.0,450.0,883.8,0.0,0.0,2.377,0.797,3.174,39.952,2.557,0.617,emon,0.899,0.542,29.1,13.5,2.163
2026-09-25 10:52:17.734,8.4,0,91,8;20;0;91;2;0;0;9;0;0;0;6;0;0;0;0,1088,4734,4236;3497;4571;4734;1404;1244;1246;1804;1978;1702;1195;1808;1149;1088;1138;1223,1.0,0.0,883.8,0,0,0,0,0,0.0,0,0,0,0,0,0,0,0,0.0,0,0,0,0,0,0.0,0.0,4343.3,0,0,0,64.1,11.02,0.01,0.4,15.16,22.6,63.4,96.91055533999489,0.0027717737414474997,0.3882083523841131,0.03873630258299056,0.0,1143.047619047619,0.0,0.0,0.0,0.0,50.30382646833147,0.1,0.0,0.0,0.0,0.0,450.0,883.8,0.0,0.0,2.377,0.797,3.174,39.952,2.557,0.617,emon,0.899,0.542,29.1,13.5,2.163
2026-09-25 10:52:18.734,9.4,0,94,2;19;5;94;0;0;0;12;2;0;2;12;0;0;0;3,1054,4731,3551;3777;4724;4731;1884;1416;1666;2536;2705;2166;1294;2097;1114;1153;1054;1181,0.3,0.0,883.8,0,0,0,0,0,0.0,0,0,0,0,0,0,0,0,0.0,0,0,0,0,0,0.0,0.0,4343.3,0,0,0,61.1,11.55,0.01,0.4,15.7,22.7,63.4,95.45514558490954,0.003521027889004663,0.4294300753819315,0.0428875466122439,0.0,1066.1052631578948,0.0,0.0,0.0,0.0,50.33257516434318,0.1,0.0,0.0,0.0,0.0,450.0,883.8,0.0,0.0,2.377,0.797,3.174,39.952,2.557,0.617,emon,0.899,0.542,29.1,13.5,2.163
2026-09-25 10:52:19.734,8.5,0,98,3;11;2;98;0;0;0;11;0;0;3;8;0;0;0;0,1120,4741,4020;3721;4728;4741;1283;1276;1226;2196;1621;2953;1255;2068;1194;1120;1190;1131,0.7,0.0,883.8,0,0,0,0,0,0.0,0,0,0,0,0,0,0,0,0.0,0,0,0,0,0,0.0,0.0,4343.3,0,0,0,61.1,11.55,0.01,0.4,15.7,22.4,63.4,97.1693875896397,0.19981069952152225,6.8281737018877005,4.588436655867011,0.5327846336720595,1066.1641791044776,0.0,0.0,0.0,0.0,54.14985662120492,0.1,0.0,0.0,0.0,0.0,450.0,883.8,0.0,0.0,2.377,0.797,3.174,39.952,2.557,0.617,emon,0.899,0.542,29.1,13.5,2.163
2026-09-25 10:52:20.734,8.5,0,65,6;29;2;65;0;0;0;12;2;0;0;22;0;0;0;0,1037,4636,4129;3710;3389;4636;1465;1430;1398;2228;1789;1727;1295;2431;1108;1037;1064;1256,1.0,0.0,883.8,0,0,0,0,0,0.0,0,0,0,0,0,0,0,0,0.0,0,0,0,0,0,0.0,0.0,5220.4,0,0,0,47.1,11.55,0.01,0.4,15.7,19.7,63.4,96.80924161275227,0.2786954586710116,6.991575078595252,4.996474067059656,0.4435279691602946,1046.0238095238096,0.0,0.0,0.0,0.0,51.560853870142076,0.2,0.0,0.0,0.0,0.0,450.0,881.1,0.0,0.0,2.377,0.797,3.174,39.952,2.557,0.617,emon,0.899,0.542,29.1,13.5,2.163
2026-09-25 10:52:21.735,3.2,0,22,0;16;0;22;0;0;0;6;0;0;0;6;0;0;0;0,1060,3593,3521;2130;3349;3593;1203;1126;1144;1157;1200;1181;1116;1161;1159;1060;1106;1189,0.6,0.0,883.8,0,0,0,0,0,0.0,0,0,0,0,0,0,0,0,0.0,0,0,0,0,0,0.0,0.0,5220.4,0,0,0,37.1,11.55,0.01,0.4,15.7,19.7,63.4,97.20519414023748,0.34647191460392185,11.18278853382383,8.776060585642146,1.2926786519764435,1115.6666666666667,0.0,0.0,0.0,0.0,52.77933871225705,0.2,0.0,0.0,0.0,0.0,450.0,883.8,0.0,0.0,2.377,0.797,3.174,39.952,2.557,0.617,emon,0.899,0.542,29.1,13.5,2.163
2026-09-25 10:52:22.735,4.2,0,27,0;24;0;27;0;0;0;8;0;0;0;9;0;0;0;0,1108,3475,1838;2146;2396;3475;1170;1270;1228;1289;1250;1178;1353;1339;1108;1148;1138;1151,1.0,0.0,883.8,0,0,0,0,0,0.0,0,0,0,0,0,0,0,0,0.0,0,0,0,0,0,0.0,0.0,5220.4,0,0,0,37.1,9.26,0.01,0.36,12.69,19.7,63.4,97.71754589415433,0.1346518067641004,5.928458147927334,3.130023356984582,0.5860382726317958,1121.3684210526317,0.0,0.0,0.0,0.0,52.13960145806011,0.1,0.0,0.0,0.0,0.0,450.0,883.8,0.0,0.0,2.377,0.797,3.174,39.952,2.557,0.617,emon,0.899,0.542,29.1,13.5,2.163
2026-09-25 10:52:23.735,4.9,0,35,0;22;0;35;0;0;0;8;0;0;0;12;0;0;0;0,1080,3272,2470;2227;3272;3186;1201;1161;1139;1354;1483;1343;1156;1221;1154;1080;1143;1138,1.8,0.0,883.8,0,0,0,0,0,0.0,0,0,0,0,0,0,0,0,0.0,0,0,0,0,0,0.0,0.0,5220.4,0,0,0,37.1,9.26,0.01,0.36,12.69,19.7,63.4,97.76195937395096,0.323283940325382,10.000773445004597,7.4118277304805815,1.4484634579857811,1163.84375,0.0,0.0,0.0,0.0,50.33558169554453,0.2,0.0,0.0,0.0,0.0,450.0,883.8,0.0,0.0,2.377,0.797,3.174,39.952,2.557,0.617,emon,0.899,0.542,29.1,13.5,2.163
2026-09-25 10:52:24.736,5.1,0,27,3;18;2;27;0;0;0;12;2;0;0;8;5;0;0;6,1110,2627,2611;2308;1721;2627;1184;1155;1999;1249;1139;1161;1118;1136;1110;1113;1166;1138,1.8,0.0,883.8,0,0,0,0,0,0.0,0,0,0,0,0,0,0,0,0.0,0,0,0,0,0,0.0,0.0,5220.4,0,0,0,32.1,9.26,0.01,0.36,12.69,19.7,63.4,96.212601842107,0.033728215401375515,2.5053335669878365,0.6444276718775163,0.10223171839842925,1140.8918918918919,0.0,0.0,0.0,0.0,54.270887714382766,0.2,0.0,0.0,0.0,0.0,450.0,883.8,0.0,0.0,2.377,0.797,3.174,39.952,2.557,0.617,emon,0.899,0.542,29.1,13.5,2.163
2026-09-25 10:52:25.736,3.9,0,23,5;21;0;23;2;0;0;5;0;0;0;8;0;0;0;0,1035,2941,2592;2386;2330;2941;2925;1223;1205;1377;2367;1221;1166;1784;1046;1156;1072;1035,1.3,0.0,881.1,0,0,0,0,0,0.0,0,0,0,0,0,0,0,0,0.0,0,0,0,0,0,0.0,0.0,5220.4,0,0,0,55.1,2.68,0.03,2.57,8.03,19.9,63.4,95.98482275009155,0.0017842579654825386,0.35867146775126457,0.0357948113232851,0.0,1156.8125,0.0,0.0,0.0,0.0,50.29566603992134,0.2,0.0,0.0,0.0,0.0,450.0,881.1,0.0,0.0,0.556,0.389,0.944,7.566,0.484,0.46,emon,0.928,0.857,27.2,18.3,1.485
2026-09-25 10:52:26.737,9.1,5,31,6;21;5;31;5;5;5;20;5;5;5;14;5;5;5;5,872,3773,3773;2725;3773;3435;2508;2681;2709;1925;2668;2610;2729;1840;1014;872;978;915,1.5,0.0,882.1,0,0,0,0,0,0.0,0,0,0,0,0,0,0,0,0.0,0,0,0,0,0,96.3,0.0,5463.4,0,0,0,61.1,2.68,0.03,2.57,8.03,19.9,63.4,96.72628064425487,0.06908642987826101,2.7629808063776986,2.010747422938639,0.37535464088871795,1058.433962264151,0.0,0.0,0.0,0.0,51.24579289049473,0.2,0.0,0.0,0.0,0.0,250.0,882.1,0.0,0.0,0.556,0.389,0.944,7.566,0.484,0.46,emon,0.928,0.857,27.2,18.3,1.485
2026-09-25 10:52:27.738,4.5,0,28,3;18;0;28;0;0;0;11;0;0;0;12;0;0;0;0,1046,3224,2971;1948;2471;3224;1159;1311;1197;1244;1215;1257;1412;1306;1068;1183;1060;1046,1.4,0.0,881.1,0,0,0,0,0,0.0,0,0,0,0,0,0,0,0,0.0,0,0,0,0,0,81.1,0.0,5508.7,0,0,0,39.1,2.68,0.03,2.57,8.03,19.9,63.4,97.0792708176833,0.034260541225711885,1.8752810757893783,0.44254654680307093,0.16721959692927507,1017.4615384615385,0.0,0.0,0.0,0.0,51.0898586087502,0.2,0.0,0.0,0.0,0.0,250.0,882.1,0.0,0.0,0.556,0.389,0.944,7.566,0.484,0.46,emon,0.928,0.857,27.2,18.3,1.485
2026-09-25 10:52:28.738,4.6,0,30,0;18;0;30;0;0;0;11;0;0;0;9;3;0;0;2,767,3275,1641;1985;2463;3275;1197;1212;1215;1164;1051;1199;1190;1178;997;767;973;1123,1.0,0.0,881.1,0,0,0,0,0,0.0,0,0,0,0,0,0,0,0,0.0,0,0,0,0,0,92.0,0.0,5508.7,0,0,0,36.1,2.68,0.03,2.57,8.03,19.9,63.4,97.43270382351345,0.21592512832204294,6.954394293493695,4.964917734306719,0.5348145072012105,1051.2222222222222,0.0,0.0,0.0,0.0,52.485314691729016,0.2,0.0,0.0,0.0,0.0,300.0,881.1,0.0,0.0,0.556,0.389,0.944,7.566,0.484,0.46,emon,0.928,0.857,27.2,18.3,1.485
2026-09-25 10:52:29.738,3.8,0,25,3;16;2;25;0;0;0;9;0;0;0;5;0;0;0;2,975,3683,2803;2539;1923;3683;1221;1210;1211;1253;1205;1201;1170;1179;1100;1121;975;1126,1.0,0.0,881.1,0,0,0,0,0,0.0,0,0,0,0,0,0,0,0,0.0,0,0,0,0,0,0.0,0.0,5508.7,0,0,0,35.1,3.53,0.02,9.6,19.71,19.9,63.4,97.59259525422127,0.1800833740647161,6.332509265791986,4.713612365346122,0.8580071695389286,1157.0645161290322,0.0,0.0,0.0,0.0,51.95408315139432,0.2,0.0,0.0,0.0,0.0,450.0,881.1,0.0,0.0,0.556,0.389,0.944,7.566,0.484,0.46,emon,0.928,0.857,27.2,18.3,1.485
2026-09-25 10:52:30.739,4.5,0,26,2;26;2;26;0;0;0;9;0;0;0;3;0;0;0;5,985,3414,1781;2713;1729;3414;1210;1213;1121;1268;1121;985;1125;1213;1140;1106;1073;1166,0.7,0.0,881.0,0,0,0,0,0,0.0,0,0,0,0,0,0,0,0,0.0,0,0,0,0,0,0.0,0.0,5508.7,0,0,0,36.1,3.53,0.02,9.6,19.71,19.9,63.4,97.20297260284424,0.22703305426693987,8.496585534885526,5.973670464660972,0.6565591603517532,1133.375,0.0,0.0,0.0,0.0,52.78633605577052,0.2,0.0,0.0,0.0,0.0,450.0,881.0,0.0,0.0,0.556,0.389,0.944,7.566,0.484,0.46,emon,0.928,0.857,27.2,18.3,1.485
2026-09-25 10:52:31.739,4.3,0,27,3;22;3;27;0;0;0;8;2;0;0;5;0;0;0;0,1081,3784,1808;2271;2094;3784;1119;1083;1158;1356;1178;1081;1106;1370;1190;1190;1176;1164,0.8,0.0,881.0,0,0,0,0,0,0.0,0,0,0,0,0,0,0,0,0.0,0,0,0,0,0,0.0,0.0,5508.7,0,0,0,35.1,3.53,0.02,9.6,19.71,19.9,63.4,97.50133735255191,0.24228462537754686,7.68449727119061,4.881859483099298,0.6278444086855048,1133.6491228070176,0.0,0.0,0.0,0.0,51.230278194212076,0.1,0.0,0.0,0.0,0.0,450.0,881.0,0.0,0.0,0.556,0.389,0.944,7.566,0.484,0.46,emon,0.928,0.857,27.2,18.3,1.485
2026-09-25 10:52:32.758,3.7,0,20,4;17;2;20;0;0;0;12;0;0;0;4;0;0;0;0,1088,3446,2965;2541;2352;3446;1308;1221;1183;1510;1138;1247;1201;1255;1144;1155;1088;1122,0.3,0.0,881.1,0,0,0,0,0,0.0,0,0,0,0,0,0,0,0,0.0,0,0,0,0,0,0.0,0.0,5508.7,0,0,0,35.1,3.53,0.02,9.6,19.71,20.0,63.4,96.72126070658366,0.010633713106573042,0.7912645116448402,0.10896171681169006,0.0,1162.888888888889,0.0,0.0,0.0,0.0,50.319677356216644,0.2,0.0,0.0,0.0,0.0,450.0,881.1,0.0,0.0,0.556,0.389,0.944,7.566,0.484,0.46,emon,0.928,0.857,27.2,18.3,1.485
2026-09-25 10:52:33.759,5.0,0,28,6;17;3;28;2;0;0;12;0;2;0;6;0;3;0;0,910,2963,2192;1846;1454;2963;1542;988;1737;1336;1071;1232;1179;1254;911;910;953;1124,0.9,0.0,881.1,0,0,0,0,0,0.0,0,0,0,0,0,0,0,0,0.0,0,0,0,0,0,81.3,0.0,5508.7,0,0,0,63.1,2.4,0.02,3.23,8.49,19.9,63.4,96.60598924424913,0.02536239461214454,1.8860729783773422,0.5201199365848744,0.04551233627178051,1126.7777777777778,0.0,0.0,0.0,0.0,50.317103816955175,0.1,0.0,0.0,0.0,0.0,450.0,881.1,0.0,0.0,0.556,0.389,0.944,7.566,0.484,0.46,emon,0.928,0.857,27.2,18.3,1.485
2026-09-25 10:52:34.759,6.2,0,33,5;15;2;33;2;2;2;11;2;4;3;11;2;3;0;5,1007,3062,2173;2041;1887;3062;1269;1330;1373;1231;1472;1558;1532;1425;1107;1118;1068;1007,0.8,0.0,881.1,0,0,0,0,0,0.0,0,0,0,0,0,0,0,0,0.0,0,0,0,0,0,93.8,0.0,5508.7,0,0,0,48.1,2.4,0.02,3.23,8.49,19.9,63.4,97.42186504861583,0.003283008396544534,0.3783986957176872,0.0378165695330371,0.0,1122.9130434782608,0.0,0.0,0.0,0.0,52.438571138226465,0.2,0.0,0.0,0.0,0.0,450.0,881.1,0.0,0.0,0.556,0.389,0.944,7.566,0.484,0.46,emon,0.928,0.857,27.2,18.3,1.485
2026-09-25 10:52:35.759,5.0,0,34,0;21;3;34;0;0;0;11;0;0;0;11;0;0;0;0,979,3086,1721;1979;2621;3086;1161;1169;1214;1297;1017;1198;1194;1253;1020;1014;1027;979,1.0,0.0,881.1,0,0,0,0,0,0.0,0,0,0,0,0,0,0,0,0.0,0,0,0,0,0,98.7,0.0,5508.7,0,0,0,39.1,2.4,0.02,3.23,8.49,19.9,63.4,97.5289681644763,0.07616186044494605,2.926350079350552,1.5164913143646919,0.29105631779816193,989.6779661016949,0.0,0.0,0.0,0.0,52.88237485188549,0.1,0.0,0.0,0.0,0.0,250.0,881.1,0.0,0.0,0.556,0.389,0.944,7.566,0.484,0.46,emon,0.928,0.857,27.2,18.3,1.485
2026-09-25 10:52:36.760,5.0,0,25,3;21;0;25;0;0;0;11;0;0;0;11;3;3;2;3,1104,3181,2412;2241;2474;3181;1129;1210;1159;1307;1139;1300;1122;1606;1175;1104;1134;1139,1.0,0.0,881.1,0,0,0,0,0,0.0,0,0,0,0,0,0,0,0,0.0,0,0,0,0,0,98.7,0.0,5508.7,0,0,0,34.1,2.4,0.02,3.23,8.49,19.9,63.4,96.634262179151,0.13060497291915027,6.656922102710347,4.109034755347688,0.5020792213854967,1116.283950617284,0.0,0.0,0.0,0.0,52.124743783179625,0.1,0.0,0.0,0.0,0.0,450.0,881.1,0.0,0.0,0.556,0.389,0.944,7.566,0.484,0.46,emon,0.928,0.857,27.2,18.3,1.485
2026-09-25 10:52:37.761,4.4,0,21,3;21;2;17;0;0;0;14;0;0;0;12;0;0;0;2,1058,3484,2126;2239;2321;3484;1212;1212;1183;1292;1058;1196;1213;1236;1193;1137;1154;1162,1.4,0.0,881.1,0,0,0,0,0,0.0,0,0,0,0,0,0,0,0,0.0,0,0,0,0,0,0.0,0.0,5508.7,0,0,0,34.1,3.21,0.02,9.07,18.6,19.9,63.4,97.72030027413074,0.2151624054969921,7.487504380720633,5.1813670941341075,0.8312506793457785,1102.0864197530864,0.0,0.0,0.0,0.0,53.45038579937852,0.2,0.0,0.0,0.0,0.0,450.0,881.1,0.0,0.0,32.437,8.833,41.27,12.356,0.791,40.479,emon,0.841,0.603,60.7,28.5,2.13
2026-09-25 10:52:38.761,5.1,0,32,8;8;5;32;6;0;0;11;5;0;0;3;5;0;0;0,1051,3486,2831;1828;2043;3486;1251;1140;1087;1159;1254;1113;1117;1168;1143;1116;1051;1124,1.2,0.0,881.1,0,0,0,0,0,0.0,0,0,0,0,0,0,0,0,0.0,0,0,0,0,0,0.0,0.0,5508.7,0,0,0,34.1,3.21,0.02,9.07,18.6,19.9,63.4,97.750076514024,0.1665182960736834,6.76574709925514,4.147579436871008,0.8525812201775037,1152.8461538461538,0.0,0.0,0.0,0.0,51.331705887300465,0.2,0.0,0.0,0.0,0.0,450.0,881.1,0.0,0.0,32.437,8.833,41.27,12.356,0.791,40.479,emon,0.841,0.603,60.7,28.5,2.13
2026-09-25 10:52:39.761,4.2,0,28,22;3;0;28;8;0;0;0;6;0;0;0;0;0;0;0,1038,3374,2321;2219;2497;3374;1216;1148;1140;1074;1167;1038;1148;1113;1161;1147;1076;1048,1.2,0.0,885.1,0,0,0,0,0,0.0,0,0,0,0,0,0,0,0,0.0,0,0,0,0,0,0.0,0.0,5508.7,0,0,0,34.1,3.21,0.02,9.07,18.6,19.9,63.4,97.4666737483098,0.3602565564519654,10.554883800561612,8.212055904819415,1.2655100751381654,1139.0,0.0,0.0,0.0,0.0,54.25957210614131,0.2,0.0,0.0,0.0,0.0,450.0,885.1,0.0,0.0,32.437,8.833,41.27,12.356,0.791,40.479,emon,0.841,0.603,60.7,28.5,2.13
2026-09-25 10:52:40.762,4.3,0,22,22;3;0;19;11;0;0;0;8;0;0;0;6;0;0;0,1008,3482,2151;2546;2448;3482;1163;1087;1171;1188;1231;1008;1167;1206;1099;1130;1062;1122,1.0,0.0,885.1,0,0,0,0,0,0.0,0,0,0,0,0,0,0,0,0.0,0,0,0,0,0,0.0,0.0,5508.7,0,0,0,39.1,3.21,0.02,9.07,18.6,19.9,63.4,97.8764658218775,0.152843656612393,6.708228590651455,3.725642248032949,0.8046658780967069,1142.5897435897436,0.0,0.0,0.0,0.0,54.2147103647391,0.2,0.0,0.0,0.0,0.0,450.0,885.1,0.0,0.0,32.437,8.833,41.27,12.356,0.791,40.479,emon,0.841,0.603,60.7,28.5,2.13
2026-09-25 10:52:41.762,3.5,0,25,12;3;2;25;9;0;0;0;3;0;0;0;2;0;0;0,1066,3058,2016;1925;2372;3058;1180;1155;1129;1182;1184;1175;1171;1066;1088;1121;1195;1192,0.7,0.0,881.1,0,0,0,0,0,0.0,0,0,0,0,0,0,0,0,0.0,0,0,0,0,0,87.7,0.0,5508.7,0,0,0,68.1,3.07,0.02,4.79,11.14,19.9,63.4,98.19414589621805,0.32315915447161203,9.34856337338987,6.477037626008193,1.2884472042623192,1111.121212121212,0.0,0.0,0.0,0.0,53.852974346415564,0.2,0.0,0.0,0.0,0.0,450.0,881.1,0.0,0.0,32.437,8.833,41.27,12.356,0.791,40.479,emon,0.841,0.603,60.7,28.5,2.13
2026-09-25 10:52:42.762,4.8,0,31,11;5;3;31;9;0;2;0;16;0;0;0;0;0;0;0,998,2980,2166;1967;2205;2980;1388;1276;1253;1338;1422;1445;1678;1612;1015;1113;998;1047,0.9,0.0,881.1,0,0,0,0,0,0.0,0,0,0,0,0,0,0,0,0.0,0,0,0,0,0,92.3,0.0,5508.7,0,0,0,39.1,3.07,0.02,4.79,11.14,19.9,63.4,97.41432817899263,0.08286051981760045,4.386056720981231,1.1275178341051706,0.2749918282175293,1065.5384615384614,0.0,0.0,0.0,0.0,52.40239283316411,0.1,0.0,0.0,0.0,0.0,450.0,881.1,0.0,0.0,32.437,8.833,41.27,12.356,0.791,40.479,emon,0.841,0.603,60.7,28.5,2.13
2026-09-25 10:52:43.763,4.6,0,30,12;3;2;30;14;0;0;0;12;0;0;0;0;0;0;0,955,3101,2199;2702;2834;3101;1217;1264;1078;1156;1283;1527;1282;1210;1030;1070;977;955,0.5,0.0,881.1,0,0,0,0,0,0.0,0,0,0,0,0,0,0,0,0.0,0,0,0,0,0,91.4,0.0,5508.7,0,0,0,35.1,3.07,0.02,4.79,11.14,19.9,63.4,97.7216796875,0.1258983792977233,5.880418082233518,2.349326719995588,0.6005916106514633,1074.78125,0.0,0.0,0.0,0.0,51.95118495775387,0.2,0.0,0.0,0.0,0.0,450.0,881.1,0.0,0.0,32.437,8.833,41.27,12.356,0.791,40.479,emon,0.841,0.603,60.7,28.5,2.13
2026-09-25 10:52:44.763,3.0,0,19,15;2;2;19;6;0;0;0;0;0;0;0;5;0;0;0,892,3182,2549;2532;2035;3182;1557;1420;1243;1220;1324;1869;938;1076;1081;1048;892;1151,0.5,0.0,881.3,0,0,0,0,0,0.0,0,0,0,0,0,0,0,0,0.0,0,0,0,0,0,0.0,0.0,5508.7,0,0,0,34.1,3.07,0.02,4.79,11.14,19.9,63.4,96.64661661783855,0.044566112410393544,1.8472888047496479,0.9066849808829526,0.34511269504825276,1091.7083333333333,0.0,0.0,0.0,0.0,50.345701498289905,0.2,0.0,0.0,0.0,0.0,450.0,881.3,0.0,0.0,32.437,8.833,41.27,12.356,0.791,40.479,emon,0.841,0.603,60.7,28.5,2.13
2026-09-25 10:52:45.763,3.1,0,17,16;2;5;17;2;0;0;0;6;0;0;0;2;0;0;0,1144,3401,2243;1784;3124;3401;1192;1236;1198;1224;1402;1387;1235;1268;1144;1148;1151;1144,0.8,0.0,881.3,0,0,0,0,0,0.0,0,0,0,0,0,0,0,0,0.0,0,0,0,0,0,0.0,0.0,5508.7,0,0,0,35.1,3.13,0.02,7.2,16.52,19.9,63.4,97.2081262557233,0.14389929147895242,5.735743478673403,4.104334802656878,0.622696114368126,1107.1967213114754,0.0,0.0,0.0,0.0,51.12595459330277,0.2,0.0,0.0,0.0,0.0,450.0,881.3,0.0,0.0,32.437,8.833,41.27,12.356,0.791,40.479,emon,0.841,0.603,60.7,28.5,2.13
2026-09-25 10:52:46.764,3.5,0,23,11;3;0;23;6;0;0;0;8;2;0;0;3;0;0;0,1061,3261,2156;2645;3062;3261;1191;1145;1209;1204;1155;1140;1123;1181;1087;1139;1100;1061,1.2,0.0,882.1,0,0,0,0,0,0.0,0,0,0,0,0,0,0,0,0.0,0,0,0,0,0,0.0,0.0,5508.7,0,0,0,36.1,3.13,0.02,7.2,16.52,19.9,63.4,97.57421937922841,0.18294025940662154,6.840108317505453,5.605022907948371,0.677687076816921,1105.701030927835,0.0,0.0,0.0,0.0,53.96229658667574,0.1,0.0,0.0,0.0,0.0,450.0,882.3,0.0,0.0,32.437,8.833,41.27,12.356,0.791,40.479,emon,0.841,0.603,60.7,28.5,2.13
2026-09-25 10:52:47.764,4.6,0,39,12;0;2;39;9;0;0;0;6;0;0;0;2;2;2;0,1145,3004,1981;2096;2035;3004;1182;1257;1207;1209;1342;1196;1190;1154;1181;1145;1169;1166,1.2,0.0,881.3,0,0,0,0,0,0.0,0,0,0,0,0,0,0,0,0.0,0,0,0,0,0,0.0,0.0,5508.7,0,0,0,35.1,3.13,0.02,7.2,16.52,19.9,63.4,97.73021359787774,0.17138529014077575,7.4898638270564915,5.225089796501951,0.8124461673997035,1156.2164948453608,0.0,0.0,0.0,0.0,53.95740954562561,0.2,0.0,0.0,0.0,0.0,450.0,881.1,0.0,0.0,32.437,8.833,41.27,12.356,0.791,40.479,emon,0.841,0.603,60.7,28.5,2.13
2026-09-25 10:52:48.765,2.5,0,22,2;0;0;22;9;0;0;0;5;0;0;0;2;2;0;0,1047,3087,2071;1489;2518;3087;1166;1092;1142;1209;1293;1247;1287;1128;1159;1047;1180;1063,1.2,0.0,881.3,0,0,0,0,0,0.0,0,0,0,0,0,0,0,0,0.0,0,0,0,0,0,0.0,0.0,5508.7,0,0,0,48.1,3.13,0.02,7.2,16.52,19.9,63.4,97.52005681991577,0.36986292318906633,8.555320331081749,6.21572394920513,1.1788999761454761,1070.875,0.0,0.0,0.0,0.0,51.75321924965829,0.2,0.0,0.0,0.0,0.0,450.0,881.3,0.0,0.0,32.437,8.833,41.27,12.356,0.791,40.479,emon,0.841,0.603,60.7,28.5,2.13
2026-09-25 10:52:49.765,4.2,0,27,26;0;0;27;11;0;0;0;2;0;0;0;2;0;0;0,1107,2838,2284;1762;1549;2838;1209;1203;1469;1459;1339;1527;1538;1810;1107;1158;1148;1209,1.0,0.0,881.2,0,0,0,0,0,0.0,0,0,0,0,0,0,0,0,0.0,0,0,0,0,0,89.9,0.0,5508.7,0,0,0,68.1,2.71,0.02,5.98,12.12,19.9,63.4,98.26693846384684,0.2170135762600694,6.230690957109133,3.6964241437924406,0.7200059942125032,1051.9166666666667,0.0,0.0,0.0,0.0,54.47305631743123,0.1,0.0,0.0,0.0,0.0,450.0,881.2,0.0,0.0,0.575,0.518,1.093,7.949,0.509,0.584,emon,0.91,0.937,26.0,17.5,1.489
2026-09-25 10:52:50.766,5.4,0,31,18;8;2;31;15;0;0;0;6;2;0;0;5;0;0;0,776,2844,1550;2806;1994;2844;1197;928;833;965;1165;1033;921;952;993;957;784;776,1.3,0.0,881.3,0,0,0,0,0,0.0,0,0,0,0,0,0,0,0,0.0,0,0,0,0,0,94.8,0.0,5508.7,0,0,0,38.1,2.71,0.02,5.98,12.12,19.9,63.4,97.83317229035613,0.053379346480496324,2.2266846527526907,0.780989703952105,0.08687686455714239,1046.4025974025974,0.0,0.0,0.0,0.0,54.94506772094733,0.2,0.0,0.0,0.0,0.0,450.0,881.3,0.0,0.0,0.575,0.518,1.093,7.949,0.509,0.584,emon,0.91,0.937,26.0,17.5,1.489
2026-09-25 10:52:51.766,26.5,0,80,57;44;30;80;36;23;6;5;39;31;14;8;37;5;10;0,2184,4626,4463;4626;4611;4546;3073;3332;3346;3409;3056;3231;3208;3391;2386;2184;2713;2222,1.3,0.0,881.2,0,0,0,0,0,0.0,0,0,0,0,0,0,0,0,0.0,0,0,0,0,0,92.5,0.0,4992.1,0,0,0,49.1,2.71,0.02,5.98,12.12,14.4,63.4,98.05733460925875,0.21713413361548667,5.450908092090062,2.457724906681549,0.5273070874668303,1041.857142857143,0.0,0.0,0.0,0.0,54.546675989741374,0.2,0.0,0.0,0.0,0.0,450.0,881.2,0.0,0.0,0.575,0.518,1.093,7.949,0.509,0.584,emon,0.91,0.937,26.0,17.5,1.489
2026-09-25 10:52:52.767,13.3,0,53,16;9;2;52;11;0;0;0;17;5;0;3;6;40;0;53,1179,4518,3728;4370;4518;4470;1954;1285;1252;1187;2061;2236;1179;1222;2574;2707;2190;2590,1.1,0.0,881.2,0,0,0,0,0,0.0,0,0,0,0,0,0,0,0,0.0,0,0,0,0,0,0.0,0.0,0.0,0,0,0,47.1,2.71,0.02,5.98,12.12,14.4,63.4,97.71906307287384,0.13302975835221445,6.53382917977216,2.8616200214284553,0.7111970541769999,1141.982456140351,0.0,0.0,0.0,0.0,53.03150755533001,0.2,0.0,0.0,0.0,0.0,450.0,881.2,0.0,0.0,0.575,0.518,1.093,7.949,0.509,0.584,emon,0.91,0.937,26.0,17.5,1.489
2026-09-25 10:52:53.767,18.1,0,97,48;47;5;97;23;3;0;0;27;9;0;0;3;0;0;28,1606,4719,4646;4714;4719;4718;2501;1759;1606;2483;2710;2528;2904;2001;2141;2107;2138;2854,0.9,0.0,881.2,0,0,0,0,0,0.0,0,0,0,0,0,0,0,0,0.0,0,0,0,0,0,0.0,0.0,0.0,0,0,0,68.1,9.23,0.03,6.24,22.78,14.4,63.4,97.7272921306331,0.22582135673203482,6.312662752663217,4.292205881327391,0.6275351338270234,1055.0975609756097,0.0,0.0,0.0,0.0,51.809638752443036,0.2,0.0,0.0,0.0,0.0,450.0,881.2,0.0,0.0,0.575,0.518,1.093,7.949,0.509,0.584,emon,0.91,0.937,26.0,17.5,1.489
2026-09-25 10:52:54.767,48.7,38,100,64;62;42;100;61;38;38;38;56;41;38;38;45;39;38;38,2717,4706,4633;4680;4678;4706;3333;3414;3428;3428;3304;3403;3424;3425;2717;2763;2767;2760,0.7,0.0,881.3,0,0,0,0,0,0.0,0,0,0,0,0,0,0,0,0.0,0,0,0,0,0,0.0,0.0,0.1,0,0,0,72.1,9.23,0.03,6.24,22.78,20.5,63.4,95.98852472719939,0.12991802187879448,5.437428756900456,2.3300516991673605,0.8921106431795203,1060.9565217391305,0.0,0.0,0.0,0.0,50.29698139623456,0.2,0.0,0.0,0.0,0.0,450.0,881.3,0.0,0.0,0.575,0.518,1.093,7.949,0.509,0.584,emon,0.91,0.937,26.0,17.5,1.489
2026-09-25 10:52:55.768,44.7,35,84,53;52;55;84;45;38;35;38;44;36;36;38;56;35;35;36,2660,4695,4516;4645;4686;4695;3186;3429;3428;3446;3247;3404;3416;3424;2660;2799;2811;2789,0.9,0.0,881.3,0,0,0,0,0,0.0,0,0,0,0,0,0,0,0,0.0,0,0,0,0,0,0.0,0.0,4343.4,0,0,0,71.1,9.23,0.03,6.24,22.78,22.3,63.4,98.08875997861226,0.26680619923475507,8.28553457123538,5.776029371850503,0.7270816204448541,1117.75,0.0,0.0,0.0,0.0,53.39070343202911,0.2,0.0,0.0,0.0,0.0,450.0,881.3,0.0,0.0,0.575,0.518,1.093,7.949,0.509,0.584,emon,0.91,0.937,26.0,17.5,1.489
2026-09-25 10:52:56.768,9.4,0,97,15;3;2;97;14;0;0;0;17;2;0;0;0;0;0;0,1071,4737,3311;3560;4729;4737;2484;1998;1378;1222;2389;2705;1734;1310;1193;1134;1089;1071,0.4,0.0,881.3,0,0,0,0,0,0.0,0,0,0,0,0,0,0,0,0.0,0,0,0,0,0,0.0,0.0,4349.6,0,0,0,71.1,9.23,0.03,6.24,22.78,22.4,63.4,97.7826904789094,0.23023598938329165,7.080037809187366,5.146533270076078,0.6436994729503509,1083.9462365591398,0.0,0.0,0.0,0.0,54.151123048957956,0.2,0.0,0.0,0.0,0.0,450.0,881.3,0.0,0.0,0.575,0.518,1.093,7.949,0.509,0.584,emon,0.91,0.937,26.0,17.5,1.489
2026-09-25 10:52:57.768,9.4,0,97,15;5;0;97;14;0;0;0;14;3;2;0;0;0;0;0,1106,4733,3209;3837;4730;4733;1928;1796;1222;1216;2510;2413;3288;1266;1139;1129;1111;1106,0.9,0.0,881.2,0,0,0,0,0,0.0,0,0,0,0,0,0,0,0,0.0,0,0,0,0,0,0.0,0.0,4349.6,0,0,0,70.1,22.12,0.02,0.38,27.1,22.5,63.4,97.32159985994038,0.22710635066032409,8.430711528188304,5.990286883515747,0.7500686065146798,1134.7894736842106,0.0,0.0,0.0,0.0,52.96578168178859,0.1,0.0,0.0,0.0,0.0,450.0,881.3,0.0,0.0,0.575,0.518,1.093,7.949,0.509,0.584,emon,0.91,0.937,26.0,17.5,1.489
2026-09-25 10:52:58.769,9.1,0,97,17;8;3;97;8;0;0;0;12;0;0;0;0;0;0;0,1127,4729,3457;4204;4729;4728;2295;2625;1375;1263;2476;1962;1875;1415;1133;1290;1269;1127,1.0,0.0,881.2,0,0,0,0,0,0.0,0,0,0,0,0,0,0,0,0.0,0,0,0,0,0,0.0,0.0,4349.6,0,0,0,68.1,22.12,0.02,0.38,27.1,22.6,63.4,97.51625870821769,0.2501729489937261,8.724551278248168,5.774626320783506,0.6416345189954563,1123.561403508772,0.0,0.0,0.0,0.0,52.12932926625536,0.1,0.0,0.0,0.0,0.0,450.0,881.2,0.0,0.0,0.575,0.518,1.093,7.949,0.509,0.584,emon,0.91,0.937,26.0,17.5,1.489
2026-09-25 10:52:59.769,9.1,0,94,16;2;5;94;12;0;0;0;14;0;0;0;3;0;0;0,1061,4729,3720;3949;4729;4728;2471;1623;1251;1212;2221;1477;1979;1824;1205;1123;1061;1130,0.9,0.0,881.3,0,0,0,0,0,0.0,0,0,0,0,0,0,0,0,0.0,0,0,0,0,0,0.0,0.0,4349.6,0,0,0,73.1,22.12,0.02,0.38,27.1,22.6,63.4,97.6177502648305,0.09278948915139693,5.141414536257922,1.659152892939115,0.34006811438475626,1084.593220338983,0.0,0.0,0.0,0.0,52.92958953471507,0.2,0.0,0.0,0.0,0.0,450.0,881.3,0.0,0.0,0.575,0.518,1.093,7.949,0.509,0.584,emon,0.91,0.937,26.0,17.5,1.489
2026-09-25 10:53:00.769,14.1,0,94,21;22;16;94;33;3;0;0;18;9;0;0;9;0;0;0,1060,4731,4016;4488;4727;4731;2937;3219;3136;2896;2887;3268;2908;2693;2239;1286;1115;1060,0.9,0.0,881.3,0,0,0,0,0,0.0,0,0,0,0,0,0,0,0,0.0,0,0,0,0,0,0.0,0.0,4349.6,0,0,0,75.1,15.26,0.02,0.35,18.53,22.5,63.4,96.97103542751736,0.11188532168011146,2.8431100536275795,1.0249838175734989,0.09922330857565005,1037.888888888889,0.0,0.0,0.0,0.0,52.21001806413686,0.1,0.0,0.0,0.0,0.0,450.0,881.3,0.0,0.0,0.575,0.518,1.093,7.949,0.509,0.584,emon,0.91,0.937,26.0,17.5,1.489
2026-09-25 10:53:01.769,24.8,0,88,43;48;34;88;34;22;5;0;48;28;3;6;37;2;0;0,2126,4686,4570;4544;4686;4642;3196;3351;2808;3316;3305;3383;3255;3209;2788;2532;2126;2167,1.2,0.0,881.3,0,0,0,0,0,0.0,0,0,0,0,0,0,0,0,0.0,0,0,0,0,0,0.0,0.0,4349.6,0,0,0,71.1,15.26,0.02,0.35,18.53,22.5,63.4,97.6595196723938,0.0716553528473014,2.945014434556166,1.11879428398485,0.5408552239338557,1044.8333333333333,0.0,0.0,0.0,0.0,52.484515607357025,0.2,0.0,0.0,0.0,0.0,450.0,881.3,0.0,0.0,1.081,0.672,1.753,15.291,0.979,0.774,emon,0.919,0.849,30.9,15.3,2.019
2026-09-25 10:53:02.770,17.7,0,94,33;31;22;94;13;13;5;5;23;13;8;3;19;2;0;0,1318,4722,4242;4530;4722;4691;2839;3340;3405;3434;2974;3357;3408;3448;2728;2457;1318;1368,1.0,0.0,881.3,0,0,0,0,0,0.0,0,0,0,0,0,0,0,0,0.0,0,0,0,0,0,0.0,0.0,4349.6,0,0,0,74.1,15.26,0.02,0.35,18.53,22.5,63.4,96.3066547535084,0.03960340262252699,2.172215106862563,0.8063385644582687,0.187496785764341,1038.8148148148148,0.0,0.0,0.0,0.0,50.303024183820796,0.1,0.0,0.0,0.0,0.0,450.0,881.3,0.0,0.0,1.081,0.672,1.753,15.291,0.979,0.774,emon,0.919,0.849,30.9,15.3,2.019
2026-09-25 10:53:03.770,8.7,0,94,9;6;3;94;12;2;0;0;11;0;0;0;2;0;0;0,906,4714,3197;4143;4671;4714;2202;2254;1335;1287;2162;1984;3154;1405;1170;1149;906;1009,1.3,0.0,881.3,0,0,0,0,0,0.0,0,0,0,0,0,0,0,0,0.0,0,0,0,0,0,0.0,0.0,4349.6,0,0,0,57.1,15.26,0.02,0.35,18.53,22.6,63.4,97.52135031563895,0.3487583831218736,11.347286853939295,8.462489605681705,0.9751914899264064,1110.607142857143,0.0,0.0,0.0,0.0,52.14614243965064,0.2,0.0,0.0,0.0,0.0,450.0,881.3,0.0,0.0,1.081,0.672,1.753,15.291,0.979,0.774,emon,0.919,0.849,30.9,15.3,2.019
2026-09-25 10:53:04.771,8.7,0,92,16;8;3;92;8;0;0;0;6;2;0;0;2;0;2;2,1117,4730,3408;3966;4687;4730;2081;1575;1502;1481;1936;1811;1827;1282;1161;1117;1147;1154,1.0,0.0,881.3,0,0,0,0,0,0.0,0,0,0,0,0,0,0,0,0.0,0,0,0,0,0,0.0,0.0,4349.6,0,0,0,56.1,18.81,0.01,0.39,23.04,22.6,63.4,97.22323608398438,0.26082930030145995,8.35102400051223,6.085873233899474,0.675544972340059,1130.6666666666667,0.0,0.0,0.0,0.0,51.44030863013533,0.2,0.0,0.0,0.0,0.0,450.0,881.3,0.0,0.0,1.081,0.672,1.753,15.291,0.979,0.774,emon,0.919,0.849,30.9,15.3,2.019
2026-09-25 10:53:05.771,8.5,0,83,17;6;0;83;12;0;0;0;14;3;0;0;0;0;0;0,1132,4689,3109;4114;4672;4689;2342;1404;1686;1877;2260;1601;1982;1281;1149;1186;1162;1132,0.8,0.0,881.3,0,0,0,0,0,0.0,0,0,0,0,0,0,0,0,0.0,0,0,0,0,0,0.0,0.0,4349.6,0,0,0,52.1,18.81,0.01,0.39,23.04,22.6,63.4,98.00727421222346,0.2222694238961333,8.083857053872382,5.760805563355731,0.8808054959419931,1136.6237623762377,0.0,0.0,0.0,0.0,55.76184896578883,0.2,0.0,0.0,0.0,0.0,450.0,881.3,0.0,0.0,1.081,0.672,1.753,15.291,0.979,0.774,emon,0.919,0.849,30.9,15.3,2.019
2026-09-25 10:53:06.772,9.2,0,89,17;6;6;89;14;0;0;0;12;2;0;0;0;0;0;0,1108,4875,3689;3643;4721;4875;2331;1540;1287;1326;1946;2024;2837;2317;1175;1108;1173;1111,0.8,0.0,881.3,0,0,0,0,0,0.0,0,0,0,0,0,0,0,0,0.0,0,0,0,0,0,0.0,0.0,4349.6,0,0,0,54.1,18.81,0.01,0.39,23.04,22.6,63.4,97.16357325581671,0.20921304143368474,7.115972638419531,4.944411415425898,0.940243653868307,1118.4174757281553,0.0,0.0,0.0,0.0,52.92066192467814,0.2,0.0,0.0,0.0,0.0,450.0,881.3,0.0,0.0,1.081,0.672,1.753,15.291,0.979,0.774,emon,0.919,0.849,30.9,15.3,2.019
2026-09-25 10:53:07.772,9.4,0,91,22;9;8;91;12;0;0;0;8;2;0;0;0;0;0;0,1124,4763,3488;3490;4731;4763;2198;2417;2817;1441;1885;2132;1874;2573;1433;1162;1124;1192,0.5,0.0,881.3,0,0,0,0,0,0.0,0,0,0,0,0,0,0,0,0.0,0,0,0,0,0,0.0,0.0,4349.6,0,0,0,54.1,18.81,0.01,0.39,23.04,22.6,63.4,97.29170893763637,0.2152926442108478,6.639084216173704,4.4653447845631895,0.8514908197763804,1092.6936936936936,0.0,0.0,0.0,0.0,51.628365932821154,0.1,0.0,0.0,0.0,0.0,450.0,881.3,0.0,0.0,1.081,0.672,1.753,15.291,0.979,0.774,emon,0.919,0.849,30.9,15.3,2.019
2026-09-25 10:53:08.773,9.1,0,97,9;5;3;97;8;8;0;0;3;6;2;0;2;3;0;0,859,4752,2842;3383;4728;4752;1649;2035;2746;1342;1664;2379;2869;2552;1135;1168;906;859,0.5,0.0,881.3,0,0,0,0,0,0.0,0,0,0,0,0,0,0,0,0.0,0,0,0,0,0,0.0,0.0,4349.6,0,0,0,52.1,10.99,0.02,0.39,15.17,22.6,63.4,96.64149607782778,0.05873435934452151,2.6476396767125614,0.9760191469196824,0.0936698291612708,1104.072463768116,0.0,0.0,0.0,0.0,51.52096844583318,0.2,0.0,0.0,0.0,0.0,450.0,881.3,0.0,0.0,1.081,0.672,1.753,15.291,0.979,0.774,emon,0.919,0.849,30.9,15.3,2.019
2026-09-25 10:53:09.773,8.4,0,95,3;12;3;95;2;5;2;0;0;11;0;0;0;2;0;0,1079,4727,3659;3228;4727;4693;1300;2141;2569;1387;1361;2111;2006;1725;1105;1152;1079;1139,0.5,0.0,881.3,0,0,0,0,0,0.0,0,0,0,0,0,0,0,0,0.0,0,0,0,0,0,0.0,0.0,4349.6,0,0,0,51.1,10.99,0.02,0.39,15.17,22.6,63.4,97.08141809351304,0.06978436721564162,3.039373314117684,1.0759781699846773,0.5244350972421029,1106.3529411764705,0.0,0.0,0.0,0.0,53.3351878633394,0.1,0.0,0.0,0.0,0.0,450.0,881.3,0.0,0.0,1.081,0.672,1.753,15.291,0.979,0.774,emon,0.919,0.849,30.9,15.3,2.019
2026-09-25 10:53:10.773,8.1,0,95,3;6;5;95;0;9;0;0;0;9;0;0;0;2;0;0,1023,4774,3823;3489;4664;4774;1277;2102;1234;1271;1342;2385;1282;1235;1023;1492;1122;1145,3.6,0.0,788.7,0,0,0,0,0,0.0,0,0,0,0,0,0,0,0,0.0,0,0,0,0,0,0.0,0.0,4349.6,0,0,0,56.1,10.99,0.02,0.39,15.17,22.6,63.4,97.0978783895803,0.013938558818555848,1.1501620134641959,0.20549891395277756,0.14165751393451248,1072.2558139534883,0.0,0.0,0.0,0.0,51.91462303663409,0.1,0.0,0.0,0.0,0.0,450.0,881.3,0.0,0.0,1.081,0.672,1.753,15.291,0.979,0.774,emon,0.919,0.849,30.9,15.3,2.019
2026-09-25 10:53:11.774,8.4,0,94,5;12;3;94;2;8;0;0;0;8;3;0;0;0;0;0,1084,4729,3938;3640;4729;4699;1384;2076;2099;2079;1223;2252;3218;2573;1127;1204;1084;1106,1.1,0.0,788.7,0,0,0,0,0,0.0,0,0,0,0,0,0,0,0,0.0,0,0,0,0,0,0.0,0.0,4349.6,0,0,0,51.1,10.99,0.02,0.39,15.17,22.6,63.4,96.23513101648402,0.09806800352547455,3.146527513309761,2.1529490775256246,0.2480695335953324,1092.5185185185185,0.0,0.0,0.0,0.0,50.29161963308299,0.2,0.0,0.0,0.0,0.0,450.0,788.7,0.0,0.0,1.081,0.672,1.753,15.291,0.979,0.774,emon,0.919,0.849,30.9,15.3,2.019
2026-09-25 10:53:12.774,9.9,0,98,6;18;3;98;2;8;0;0;0;12;3;2;0;4;2;0,1154,4777,3857;3697;4554;4777;1248;1974;1410;1319;1317;2113;2854;3031;1159;1841;1187;1154,0.8,0.0,788.7,0,0,0,0,0,0.0,0,0,0,0,0,0,0,0,0.0,0,0,0,0,0,0.0,0.0,4349.6,0,0,0,56.1,10.3,0.06,0.39,14.49,22.7,63.4,97.75507382479582,0.3211525502106683,9.894827920740301,7.93549153405157,0.9622176910200241,1122.6363636363637,0.0,0.0,0.0,0.0,51.19513233981349,0.1,0.0,0.0,0.0,0.0,450.0,788.7,0.0,0.0,1.081,0.672,1.753,15.291,0.979,0.774,emon,0.919,0.849,30.9,15.3,2.019
2026-09-25 10:53:13.775,8.6,0,94,6;13;5;94;0;8;0;0;0;6;3;0;0;2;0;0,1084,4786,3340;3494;4748;4786;1260;1847;1356;1229;1241;2189;2823;1283;1084;1182;1113;1163,0.8,0.0,788.7,0,0,0,0,0,0.0,0,0,0,0,0,0,0,0,0.0,0,0,0,0,0,0.0,0.0,4349.6,0,0,0,64.1,10.3,0.06,0.39,14.49,22.7,63.4,97.55949177949324,0.23386572969510502,7.3644561961941095,5.171726052527842,0.7441313577734906,1112.5869565217392,0.0,0.0,0.0,0.0,52.60986357117476,0.1,0.0,0.0,0.0,0.0,450.0,788.7,0.0,0.0,2.383,0.787,3.17,37.933,2.428,0.742,emon,0.91,0.83,28.7,13.3,2.161
2026-09-25 10:53:14.775,8.3,0,92,3;11;3;92;0;8;0;0;0;14;0;0;0;2;0;0,1136,4814,3459;3676;4749;4814;1191;2100;2227;1329;1434;2479;2302;1232;1140;1242;1154;1136,1.2,0.0,788.7,0,0,0,0,0,0.0,0,0,0,0,0,0,0,0,0.0,0,0,0,0,0,0.0,0.0,4349.6,0,0,0,69.1,10.3,0.06,0.39,14.49,22.7,63.4,97.74449952778063,0.21353825205005705,7.774697852762122,5.353185483774072,0.8031455190558182,1137.9473684210527,0.0,0.0,0.0,0.0,51.969487523091466,0.2,0.0,0.0,0.0,0.0,450.0,788.7,0.0,0.0,2.383,0.787,3.17,37.933,2.428,0.742,emon,0.91,0.83,28.7,13.3,2.161
2026-09-25 10:53:15.775,13.4,0,88,24;35;2;88;0;27;2;0;2;23;2;0;0;12;0;0,1211,4719,4575;4359;4719;4698;2010;2904;2337;2073;1879;2941;2428;2230;1211;1450;1242;1237,1.2,0.0,788.7,0,0,0,0,0,0.0,0,0,0,0,0,0,0,0,0.0,0,0,0,0,0,0.0,0.0,4349.6,0,0,0,60.1,10.3,0.06,0.39,14.49,24.3,63.4,98.63434338378906,1.9786947454214097,18.609690257072447,16.28849677491188,0.659857029536739,1089.4,0.0,0.0,0.0,0.0,54.7723538274765,0.3,0.0,0.0,0.0,0.0,250.0,874.9,0.0,0.0,2.383,0.787,3.17,37.933,2.428,0.742,emon,0.91,0.83,28.7,13.3,2.161
2026-09-25 10:53:16.776,7.1,0,65,5;18;5;65;0;6;0;0;0;14;0;0;0;2;0;0,964,4537,4070;3439;4385;4537;1173;1906;1700;1255;1195;2335;1860;1849;980;1179;1003;964,2.3,0.0,874.8,0,0,0,0,0,0.0,0,0,0,0,0,0,0,0,0.0,0,0,0,0,0,0.0,0.0,5865.4,0,0,0,48.1,14.42,0.02,0.39,18.6,20.5,63.4,97.65827466295912,0.5484053500604441,8.85609894236187,5.876613278353176,0.6007376886940525,1102.8961038961038,0.0,0.0,0.0,0.0,52.30181202640781,0.3,0.0,0.0,0.0,0.0,450.0,878.3,0.0,0.0,2.383,0.787,3.17,37.933,2.428,0.742,emon,0.91,0.83,28.7,13.3,2.161
2026-09-25 10:53:17.789,5.3,0,29,3;26;0;29;0;11;2;0;0;14;0;0;0;2;0;0,1009,3887,3556;3130;3887;3769;1158;1641;1491;1524;1009;1758;1936;1417;1149;1472;1178;1033,2.7,0.0,891.1,0,0,0,0,0,0.0,0,0,0,0,0,0,0,0,0.0,0,0,0,0,0,0.0,0.0,5865.4,0,0,0,41.1,14.42,0.02,0.39,18.6,20.7,63.4,98.21111214924328,0.9081718298242992,9.44722370751973,7.515107794109677,0.903851435359182,1184.7142857142858,0.0,0.0,0.0,0.0,53.07030262053013,0.4,0.0,0.0,0.0,0.0,450.0,889.9,0.0,0.0,2.383,0.787,3.17,37.933,2.428,0.742,emon,0.91,0.83,28.7,13.3,2.161
2026-09-25 10:53:18.789,9.5,0,33,8;33;8;29;3;18;2;6;5;16;2;5;0;14;3;0,1175,4454,4313;3526;4454;3833;3253;1945;3212;3392;3382;1910;3095;3368;2403;2418;2540;1175,2.3,0.0,900.3,0,0,0,0,0,0.0,0,0,0,0,0,0,0,0,0.0,0,0,0,0,0,0.0,0.0,5865.4,0,0,0,37.1,14.42,0.02,0.39,18.6,20.6,63.4,98.13035788626041,0.351251892145297,4.061261352854517,2.083478906547721,0.47503626753382805,1118.5754716981132,0.0,0.0,0.0,0.0,53.05467425884222,0.5,0.0,0.0,0.0,0.0,450.0,900.3,0.0,0.0,2.383,0.787,3.17,37.933,2.428,0.742,emon,0.91,0.83,28.7,13.3,2.161
2026-09-25 10:53:19.789,4.8,0,25,2;25;2;23;0;9;2;0;0;9;0;0;0;4;0;0,1093,3904,3392;3267;3751;3904;1249;2031;1189;1214;2044;1989;2588;1549;1093;1560;1259;1173,1.6,0.0,899.3,0,0,0,0,0,0.0,0,0,0,0,0,0,0,0,0.0,0,0,0,0,0,0.0,0.0,5865.4,0,0,0,39.1,14.42,0.02,0.39,18.6,20.6,63.4,98.033837890625,0.21660293666645886,2.6789311739305655,1.9466789286894104,0.19377363231162437,1118.7222222222222,0.0,0.0,0.0,0.0,53.656574943496125,0.3,0.0,0.0,0.0,0.0,450.0,899.3,0.0,0.0,2.383,0.787,3.17,37.933,2.428,0.742,emon,0.91,0.83,28.7,13.3,2.161
2026-09-25 10:53:20.790,4.0,0,23,2;22;0;23;0;6;0;0;0;9;0;0;0;2;0;0,955,3431,3012;2602;2883;3431;1093;1319;1095;1198;1137;1335;1365;1437;955;1117;1025;1141,1.6,0.0,899.3,0,0,0,0,0,0.0,0,0,0,0,0,0,0,0,0.0,0,0,0,0,0,0.0,0.0,5865.4,0,0,0,35.1,6.34,0.06,0.34,9.62,20.6,63.4,97.66030849499649,0.011528460836048457,1.0677323822727365,0.2727677430538984,0.16142012563984046,1121.752808988764,0.0,0.0,0.0,0.0,52.00486213086027,0.3,0.0,0.0,0.0,0.0,450.0,899.3,0.0,0.0,2.383,0.787,3.17,37.933,2.428,0.742,emon,0.91,0.83,28.7,13.3,2.161
2026-09-25 10:53:21.790,13.4,3,47,12;44;13;47;5;17;8;8;8;22;9;6;3;5;3;5,828,3984,3984;3438;3790;3880;3179;2318;3072;3199;2991;2366;2970;3071;828;981;872;834,1.0,0.0,897.5,0,0,0,0,0,0.0,0,0,0,0,0,0,0,0,0.0,0,0,0,0,0,0.0,0.0,6164.1,0,0,0,49.1,6.34,0.06,0.34,9.62,20.8,63.4,97.37013803614248,0.02406147706995506,1.5846921292567018,0.5254216023564043,0.21263680245616648,1135.6336633663366,0.0,0.0,0.0,0.0,50.78005410893129,0.2,0.0,0.0,0.0,0.0,450.0,897.5,0.0,0.0,2.383,0.787,3.17,37.933,2.428,0.742,emon,0.91,0.83,28.7,13.3,2.161
2026-09-25 10:53:22.790,7.1,0,45,6;24;6;45;0;12;2;0;0;19;0;0;0;0;0;0,723,3719,3306;3000;3436;3719;1248;1481;1574;1220;1195;1753;1838;2014;782;847;894;723,1.7,0.0,914.4,0,0,0,0,0,0.0,0,0,0,0,0,0,0,0,0.0,0,0,0,0,0,87.0,0.0,6198.1,0,0,0,62.1,6.34,0.06,0.34,9.62,20.8,63.4,95.52695723520506,0.3263777778612091,6.188339882760967,2.8721922536577105,0.7567411714784562,1035.926605504587,0.0,0.0,0.0,0.0,53.97333332942799,0.6,0.0,0.0,0.0,0.0,450.0,914.4,0.0,0.0,2.383,0.787,3.17,37.933,2.428,0.742,emon,0.91,0.83,28.7,13.3,2.161
2026-09-25 10:53:23.791,5.7,0,44,2;12;2;44;0;9;3;2;2;9;2;3;0;3;0;0,851,2848,1506;1794;2848;2491;1182;1318;1037;1068;1012;1169;1265;1066;903;1074;851;979,0.7,0.0,902.8,0,0,0,0,0,0.0,0,0,0,0,0,0,0,0,0.0,0,0,0,0,0,96.7,0.0,6213.3,0,0,0,62.1,5.09,0.09,15.91,26.07,20.8,63.4,98.46915544782367,0.33890841191320065,8.125527319583027,5.666550977953842,0.9858635945076292,1097.051948051948,0.0,0.0,0.0,0.0,52.326992652729736,0.1,0.0,0.0,0.0,0.0,450.0,902.8,0.0,0.0,2.383,0.787,3.17,37.933,2.428,0.742,emon,0.91,0.83,28.7,13.3,2.161
2026-09-25 10:53:24.791,5.1,0,32,3;17;0;32;0;8;0;2;0;11;3;0;0;6;0;0,805,2738,2180;1927;2617;2738;1180;1175;1177;1023;1182;1137;2218;1212;827;1012;859;805,1.3,0.0,898.8,0,0,0,0,0,0.0,0,0,0,0,0,0,0,0,0.0,0,0,0,0,0,99.7,0.0,6217.8,0,0,0,59.1,5.09,0.09,15.91,26.07,20.8,63.4,98.36276478237576,0.29456632388367626,6.880590133644916,4.794183151175578,0.7689811965877501,1033.7222222222222,0.0,0.0,0.0,0.0,53.92652146290574,0.1,0.0,0.0,0.0,0.0,450.0,902.8,0.0,0.0,2.383,0.787,3.17,37.933,2.428,0.742,emon,0.91,0.83,28.7,13.3,2.161
2026-09-25 10:53:25.791,4.0,0,28,8;15;2;28;0;3;0;0;0;5;2;0;0;2;0;0,561,2954,2711;2108;2930;2954;1208;1275;1083;1226;1201;1174;1164;1255;561;1066;1002;975,1.3,0.0,898.8,0,0,0,0,0,0.0,0,0,0,0,0,0,0,0,0.0,0,0,0,0,0,99.7,0.0,6217.8,0,0,0,56.1,5.09,0.09,15.91,26.07,20.8,63.4,98.33063047903555,0.2529649025743344,6.526105988908697,3.889643053179262,0.7223388318800263,1077.7037037037037,0.0,0.0,0.0,0.0,54.898491942151274,0.1,0.0,0.0,0.0,0.0,450.0,898.8,0.0,0.0,29.066,9.783,38.85,41.789,2.675,36.175,emon,0.816,0.53,65.9,30.7,2.147
2026-09-25 10:53:26.792,5.0,0,31,3;29;0;31;0;8;0;0;0;8;2;0;0;0;0;0,871,3196,2638;1975;2225;3196;1222;1205;1188;1214;1110;1182;1214;1137;1169;1130;1007;871,1.0,0.0,898.8,0,0,0,0,0,0.0,0,0,0,0,0,0,0,0,0.0,0,0,0,0,0,100.0,0.0,6223.3,0,0,0,52.1,5.09,0.09,15.91,26.07,20.8,63.4,97.38443219220197,0.28203623186736543,7.268605334891213,4.712751988700971,1.0933881056736465,1058.2592592592594,0.0,0.0,0.0,0.0,51.38635350915569,0.1,0.0,0.0,0.0,0.0,300.0,898.8,0.0,0.0,29.066,9.783,38.85,41.789,2.675,36.175,emon,0.816,0.53,65.9,30.7,2.147
2026-09-25 10:53:27.793,4.2,0,23,2;15;6;23;0;5;2;0;0;11;2;0;0;3;0;0,1034,2943,1557;1814;2590;2943;1224;1199;1215;1215;1247;1282;1187;1223;1132;1132;1044;1034,1.5,0.0,887.4,0,0,0,0,0,0.0,0,0,0,0,0,0,0,0,0.0,0,0,0,0,0,94.8,0.0,6233.9,0,0,0,51.1,2.51,0.02,21.65,30.87,20.8,63.4,97.08129339951735,0.032285374065395445,2.1384555238943834,0.5224844635679171,0.06646522191854623,1046.1153846153845,0.0,0.0,0.0,0.0,50.643880068682705,0.1,0.0,0.0,0.0,0.0,450.0,887.4,0.0,0.0,29.066,9.783,38.85,41.789,2.675,36.175,emon,0.816,0.53,65.9,30.7,2.147
2026-09-25 10:53:28.793,5.7,0,31,5;24;2;31;3;8;3;3;0;5;3;3;0;2;0;0,1026,3699,2956;2098;3699;3405;1158;1337;1094;1204;1171;1313;1194;1459;1161;1027;1026;1157,1.3,0.0,887.3,0,0,0,0,0,0.0,0,0,0,0,0,0,0,0,0.0,0,0,0,0,0,94.8,0.0,6250.6,0,0,0,44.1,2.51,0.02,21.65,30.87,20.8,63.4,98.31461885240343,0.002747017911773313,0.3492257120432677,0.03477723979287677,0.0,1021.2222222222222,0.0,0.0,0.0,0.0,54.07430661938809,0.2,0.0,0.0,0.0,0.0,450.0,887.3,0.0,0.0,29.066,9.783,38.85,41.789,2.675,36.175,emon,0.816,0.53,65.9,30.7,2.147
2026-09-25 10:53:29.794,3.4,0,23,0;18;2;23;0;3;0;0;0;5;3;0;0;0;0;0,781,3237,2379;2207;2439;3237;967;1387;1003;1067;881;1160;1555;935;839;1036;905;781,0.6,0.0,887.4,0,0,0,0,0,0.0,0,0,0,0,0,0,0,0,0.0,0,0,0,0,0,96.9,0.0,6250.6,0,0,0,44.1,2.51,0.02,21.65,30.87,20.8,63.4,97.82998152182135,0.05497990851946385,3.3142352830356274,2.4920387619607887,0.25582939470318,1024.3521126760563,0.0,0.0,0.0,0.0,52.3374838405092,0.1,0.0,0.0,0.0,0.0,450.0,887.4,0.0,0.0,29.066,9.783,38.85,41.789,2.675,36.175,emon,0.816,0.53,65.9,30.7,2.147
2026-09-25 10:53:30.794,11.5,2,41,20;28;16;41;6;12;8;8;9;9;9;2;2;8;3;3,858,3874,3756;3352;3874;3841;2754;1767;3032;2454;2916;2303;2872;2632;858;1217;960;1057,0.5,0.0,887.5,0,0,0,0,0,0.0,0,0,0,0,0,0,0,0,0.0,0,0,0,0,0,94.3,0.0,6273.6,0,0,0,46.1,2.51,0.02,21.65,30.87,20.8,63.4,97.47203350067139,0.47890801805936334,10.576389478785652,9.150281651810344,1.1215132520467574,1047.2142857142858,0.0,0.0,0.0,0.0,52.06041485017964,0.1,0.0,0.0,0.0,0.0,450.0,887.5,0.0,0.0,29.066,9.783,38.85,41.789,2.675,36.175,emon,0.816,0.53,65.9,30.7,2.147
2026-09-25 10:53:31.794,15.3,8,31,20;29;17;31;10;20;16;10;11;20;8;14;11;11;10;8,1924,4364,4364;3547;4361;4046;3229;2711;3348;3330;3309;2701;3300;3230;2229;2008;2046;1924,0.5,0.0,888.4,0,0,0,0,0,0.0,0,0,0,0,0,0,0,0,0.0,0,0,0,0,0,100.0,0.0,6273.6,0,0,0,47.1,4.5,0.02,16.16,27.49,20.8,63.4,98.62378506327785,0.21799268168505542,6.343706662571708,4.49725713983698,0.6344657637352167,1081.5581395348838,0.0,0.0,0.0,0.0,52.67551743897588,0.1,0.0,0.0,0.0,0.0,250.0,888.4,0.0,0.0,29.066,9.783,38.85,41.789,2.675,36.175,emon,0.816,0.53,65.9,30.7,2.147
2026-09-25 10:53:32.795,6.2,0,37,3;24;3;37;0;12;0;0;0;18;0;0;0;0;2;0,732,3064,2692;2686;2486;3064;754;1178;971;887;1035;1651;1071;1073;738;896;843;732,0.4,0.0,888.4,0,0,0,0,0,0.0,0,0,0,0,0,0,0,0,0.0,0,0,0,0,0,100.0,0.0,6311.2,0,0,0,36.1,4.5,0.02,16.16,27.49,20.8,63.4,98.21803179179152,0.32265930692346334,9.128955423015437,5.952759559789341,1.242595855503866,1042.150684931507,0.0,0.0,0.0,0.0,55.34878656043582,0.1,0.0,0.0,0.0,0.0,450.0,888.4,0.0,0.0,29.066,9.783,38.85,41.789,2.675,36.175,emon,0.816,0.53,65.9,30.7,2.147
2026-09-25 10:53:33.796,4.0,0,25,5;15;0;25;0;6;0;0;0;11;0;0;0;3;0;0,1117,3498,1893;2130;2307;3498;1203;1281;1241;1220;1207;1195;1192;1306;1117;1124;1172;1138,0.6,0.0,887.5,0,0,0,0,0,0.0,0,0,0,0,0,0,0,0,0.0,0,0,0,0,0,10.0,0.0,6311.2,0,0,0,33.1,4.5,0.02,16.16,27.49,20.8,63.4,97.60666510540506,0.19809325258348784,6.774352818209192,4.348371178883573,0.7040084580404927,1127.695652173913,0.0,0.0,0.0,0.0,53.494007634857425,0.2,0.0,0.0,0.0,0.0,450.0,887.5,0.0,0.0,29.066,9.783,38.85,41.789,2.675,36.175,emon,0.816,0.53,65.9,30.7,2.147
2026-09-25 10:53:34.800,4.2,0,25,3;17;2;25;0;9;0;0;0;11;0;0;0;2;0;0,939,3379,2611;1933;2082;3379;939;1265;1043;1140;1011;1198;1161;1011;1145;1171;1157;1184,0.6,0.0,887.5,0,0,0,0,0,0.0,0,0,0,0,0,0,0,0,0.0,0,0,0,0,0,0.0,0.0,6311.2,0,0,0,33.1,4.5,0.02,16.16,27.49,20.9,63.4,97.25988636846128,0.11735804870967632,6.158597680969515,3.587243390472039,0.43110459524652234,1172.1884057971015,0.0,0.0,0.0,0.0,52.50541293491488,0.2,0.0,0.0,0.0,0.0,450.0,887.5,0.0,0.0,29.066,9.783,38.85,41.789,2.675,36.175,emon,0.816,0.53,65.9,30.7,2.147
2026-09-25 10:53:35.800,3.8,0,25,0;22;0;25;0;8;0;0;0;6;0;0;0;0;0;0,950,3284,3164;2438;1743;3284;1567;1248;1296;1323;1014;1354;1142;1149;950;1124;1132;975,1.0,0.0,887.5,0,0,0,0,0,0.0,0,0,0,0,0,0,0,0,0.0,0,0,0,0,0,0.0,0.0,6311.2,0,0,0,33.1,3.15,0.02,1.57,10.52,20.8,63.4,96.39177335541824,0.023150132513396312,1.0111204796823963,0.38082050795442074,0.0,1155.896551724138,0.0,0.0,0.0,0.0,50.284598875148546,0.2,0.0,0.0,0.0,0.0,450.0,887.5,0.0,0.0,29.066,9.783,38.85,41.789,2.675,36.175,emon,0.816,0.53,65.9,30.7,2.147
2026-09-25 10:53:36.801,3.2,0,26,2;9;0;26;0;6;0;0;0;5;0;0;0;3;0;0,1078,3867,2544;2303;1922;3867;1204;1350;1115;1195;1121;1221;1136;1229;1140;1078;1129;1102,1.0,0.0,887.5,0,0,0,0,0,0.0,0,0,0,0,0,0,0,0,0.0,0,0,0,0,0,0.0,0.0,6311.2,0,0,0,38.1,3.15,0.02,1.57,10.52,20.8,63.4,96.80798454284668,0.002267656268668361,0.388366237282753,0.038755719643086196,0.0,1109.0,0.0,0.0,0.0,0.0,50.288658539950845,0.1,0.0,0.0,0.0,0.0,450.0,887.5,0.0,0.0,29.066,9.783,38.85,41.789,2.675,36.175,emon,0.816,0.53,65.9,30.7,2.147
2026-09-25 10:53:37.801,3.8,0,22,2;20;0;22;0;3;0;0;0;11;0;0;0;2;2;0,1053,4030,2779;2553;4030;3929;1113;1272;1475;1152;1077;1372;1484;1285;1053;1168;1168;1133,1.0,0.0,887.5,0,0,0,0,0,0.0,0,0,0,0,0,0,0,0,0.0,0,0,0,0,0,0.0,0.0,6311.2,0,0,0,37.1,3.15,0.02,1.57,10.52,20.8,63.4,96.2942756204044,0.03398443971116863,1.6103727466919844,0.620149093132247,0.019721451927633846,1099.735294117647,0.0,0.0,0.0,0.0,50.36149009010371,0.2,0.0,0.0,0.0,0.0,450.0,887.5,0.0,0.0,0.694,0.384,1.078,9.913,0.634,0.444,emon,0.931,0.885,26.7,17.9,1.494
2026-09-25 10:53:38.802,5.7,0,35,9;12;3;35;0;8;10;0;0;3;10;0;0;0;0;0,1005,2948,2641;1710;2948;2897;1171;1169;1273;2199;2088;1221;1483;1515;1049;1090;1029;1005,1.0,0.0,887.5,0,0,0,0,0,0.0,0,0,0,0,0,0,0,0,0.0,0,0,0,0,0,0.0,0.0,6311.2,0,0,0,63.1,3.15,0.02,1.57,10.52,20.8,63.4,97.9025578065352,0.2229294423410796,5.3507995652881535,3.7125843065706166,0.419756432421061,1041.6136363636363,0.0,0.0,0.0,0.0,50.23069484701211,0.1,0.0,0.0,0.0,0.0,250.0,887.4,0.0,0.0,0.694,0.384,1.078,9.913,0.634,0.444,emon,0.931,0.885,26.7,17.9,1.494
2026-09-25 10:53:39.803,5.4,0,47,14;3;2;47;0;0;6;0;0;0;11;0;2;0;2;0,869,2581,1969;1914;2581;2470;1205;1190;1290;1206;1176;1176;1444;1212;1092;869;1100;996,1.1,0.0,887.4,0,0,0,0,0,0.0,0,0,0,0,0,0,0,0,0.0,0,0,0,0,0,93.5,0.0,6311.2,0,0,0,64.1,2.7,0.02,10.47,17.47,20.8,63.4,98.02677401690416,0.4371402866049657,9.11149984220384,7.386893002237652,0.6603988362869746,1060.9718309859154,0.0,0.0,0.0,0.0,52.42887949229966,0.1,0.0,0.0,0.0,0.0,450.0,887.5,0.0,0.0,0.694,0.384,1.078,9.913,0.634,0.444,emon,0.931,0.885,26.7,17.9,1.494
2026-09-25 10:53:40.803,4.5,0,28,16;5;2;28;0;0;11;0;0;0;9;0;0;0;2;0,1017,2668,2004;2668;1794;2621;1197;1142;1338;1303;1171;1197;1626;1263;1017;1042;1035;1086,1.1,0.0,887.5,0,0,0,0,0,0.0,0,0,0,0,0,0,0,0,0.0,0,0,0,0,0,95.3,0.0,6311.2,0,0,0,61.1,2.7,0.02,10.47,17.47,20.8,63.4,97.64998999885891,0.2512665322890667,5.98494612749504,3.9403266956948717,0.7783559137935062,1067.4782608695652,0.0,0.0,0.0,0.0,52.51096994478417,0.2,0.0,0.0,0.0,0.0,300.0,887.5,0.0,0.0,0.694,0.384,1.078,9.913,0.634,0.444,emon,0.931,0.885,26.7,17.9,1.494
2026-09-25 10:53:41.803,3.2,0,20,17;5;2;20;0;0;5;0;0;0;3;0;0;0;0;0,1000,3326,1999;2490;2629;3326;1033;1184;1174;1153;1212;1204;1194;1221;1070;1000;1088;1098,1.0,0.0,887.5,0,0,0,0,0,0.0,0,0,0,0,0,0,0,0,0.0,0,0,0,0,0,97.9,0.0,6311.2,0,0,0,58.1,2.7,0.02,10.47,17.47,20.8,63.4,98.34037523491438,0.37009493362288487,8.808694606603579,6.4392151684868475,1.0478588464726737,1096.6744186046512,0.0,0.0,0.0,0.0,52.651716188116126,0.1,0.0,0.0,0.0,0.0,450.0,887.5,0.0,0.0,0.694,0.384,1.078,9.913,0.634,0.444,emon,0.931,0.885,26.7,17.9,1.494
2026-09-25 10:53:42.804,4.0,0,27,12;11;2;27;0;0;6;0;0;0;5;0;0;0;2;0,976,3250,2310;2259;2703;3250;1220;1217;1227;1140;1180;1176;1152;1075;1045;976;1156;1064,0.9,0.0,887.5,0,0,0,0,0,0.0,0,0,0,0,0,0,0,0,0.0,0,0,0,0,0,96.0,0.0,6311.2,0,0,0,55.1,2.7,0.02,10.47,17.47,20.8,63.4,98.36762193044027,0.1911133192188572,6.019985888898373,3.3670565955651304,0.8304063975811005,1036.9166666666667,0.0,0.0,0.0,0.0,54.74461792999258,0.2,0.0,0.0,0.0,0.0,450.0,887.5,0.0,0.0,0.694,0.384,1.078,9.913,0.634,0.444,emon,0.931,0.885,26.7,17.9,1.494
2026-09-25 10:53:43.825,2.6,0,20,6;5;2;20;0;0;6;0;0;0;3;0;0;0;0;0,939,3263,1875;1965;1561;3263;1166;1183;1126;1155;1168;1143;1144;1092;1020;983;1059;939,0.9,0.0,885.5,0,0,0,0,0,0.0,0,0,0,0,0,0,0,0,0.0,0,0,0,0,0,97.1,0.0,6311.2,0,0,0,53.1,2.53,0.02,23.43,32.23,20.9,63.4,97.27289513179234,0.08628953900188208,4.520185334341867,1.7365243311173149,0.8270750961133412,1099.892857142857,0.0,0.0,0.0,0.0,50.60711475208934,0.1,0.0,0.0,0.0,0.0,450.0,885.5,0.0,0.0,0.694,0.384,1.078,9.913,0.634,0.444,emon,0.931,0.885,26.7,17.9,1.494
2026-09-25 10:53:44.825,3.7,0,28,11;2;0;28;0;0;6;0;0;0;9;0;0;0;2;2,1088,3081,1813;2518;1436;3081;1207;1196;1243;1212;1197;1154;1190;1355;1105;1088;1119;1107,0.4,0.0,885.5,0,0,0,0,0,0.0,0,0,0,0,0,0,0,0,0.0,0,0,0,0,0,95.0,0.0,6311.2,0,0,0,47.1,2.53,0.02,23.43,32.23,20.8,63.4,97.32256378173828,0.0032283793669193985,0.4214657658338547,0.042104260101914405,0.0,1057.0,0.0,0.0,0.0,0.0,52.46600053489208,0.1,0.0,0.0,0.0,0.0,450.0,885.6,0.0,0.0,0.694,0.384,1.078,9.913,0.634,0.444,emon,0.931,0.885,26.7,17.9,1.494
2026-09-25 10:53:45.826,3.8,0,30,11;0;0;30;0;0;9;0;0;0;8;0;0;0;2;2,944,3187,2064;1687;2390;3187;1205;1202;1355;1185;1212;1220;1231;1208;1114;1127;1065;944,0.4,0.0,885.6,0,0,0,0,0,0.0,0,0,0,0,0,0,0,0,0.0,0,0,0,0,0,97.2,0.0,6311.2,0,0,0,46.1,2.53,0.02,23.43,32.23,20.8,63.4,97.66369595734969,0.07673251633431115,3.8282271092352658,1.9358380749497726,0.6445696820383486,1085.9565217391305,0.0,0.0,0.0,0.0,52.42087357329286,0.1,0.0,0.0,0.0,0.0,450.0,885.6,0.0,0.0,0.694,0.384,1.078,9.913,0.634,0.444,emon,0.931,0.885,26.7,17.9,1.494
2026-09-25 10:53:46.827,4.2,0,23,23;6;2;19;0;0;9;0;0;0;5;0;0;0;3;0,988,3172,2087;2496;2316;3172;1254;1223;1768;1223;1308;1200;1859;1981;1027;988;1037;1114,0.5,0.0,885.6,0,0,0,0,0,0.0,0,0,0,0,0,0,0,0,0.0,0,0,0,0,0,95.8,0.0,6311.2,0,0,0,46.1,2.53,0.02,23.43,32.23,20.8,63.4,97.82521974718249,0.18324659793083933,4.682848763224241,3.734225505107158,0.3837716341824145,999.6756756756756,0.0,0.0,0.0,0.0,52.983331456579066,0.2,0.0,0.0,0.0,0.0,450.0,885.5,0.0,0.0,0.694,0.384,1.078,9.913,0.634,0.444,emon,0.931,0.885,26.7,17.9,1.494
2026-09-25 10:53:47.827,12.9,3,39,33;12;14;39;8;9;15;11;9;9;14;11;3;5;8;8,2010,4164,3223;4164;4150;3801;3309;3292;2754;3234;3358;3305;2813;3322;2013;2026;2010;2019,0.8,0.0,885.5,0,0,0,0,0,0.0,0,0,0,0,0,0,0,0,0.0,0,0,0,0,0,94.1,0.0,6395.4,0,0,0,46.1,2.31,0.02,16.35,25.94,20.8,63.4,98.01484671603428,0.21476242169371565,5.596144028259127,3.9657624322042038,0.5612944055223064,1067.5393258426966,0.0,0.0,0.0,0.0,55.27085871241066,0.1,0.0,0.0,0.0,0.0,300.0,885.5,0.0,0.0,0.694,0.384,1.078,9.913,0.634,0.444,emon,0.931,0.885,26.7,17.9,1.494
2026-09-25 10:53:48.828,5.6,0,40,17;2;0;40;0;0;8;5;2;0;9;2;0;0;6;0,648,3817,2508;3817;2127;3039;667;759;1198;983;891;648;1162;977;857;845;973;887,1.0,0.0,885.4,0,0,0,0,0,0.0,0,0,0,0,0,0,0,0,0.0,0,0,0,0,0,93.5,0.0,6311.2,0,0,0,40.1,2.31,0.02,16.35,25.94,20.8,63.4,97.85917315071012,0.30195341203764176,8.197325996778629,5.541890560246912,1.0183494957077697,960.1111111111111,0.0,0.0,0.0,0.0,53.55077727985235,0.2,0.0,0.0,0.0,0.0,250.0,885.4,0.0,0.0,47.524,25.008,72.533,13.825,0.885,71.648,emon,0.852,0.604,73.5,34.0,2.16
2026-09-25 10:53:49.828,3.8,0,28,12;3;3;28;0;0;6;0;0;0;8;0;0;0;0;0,1075,2808,1944;1977;1330;2808;1254;1198;1416;1257;1265;1208;1209;1075;1156;1194;1149;1148,1.3,0.0,885.4,0,0,0,0,0,0.0,0,0,0,0,0,0,0,0,0.0,0,0,0,0,0,0.0,0.0,6311.2,0,0,0,31.1,2.31,0.02,16.35,25.94,20.7,63.4,97.38724797112602,0.18671399966271046,6.864906481600234,4.662850500799583,0.5828572062975061,1163.732142857143,0.0,0.0,0.0,0.0,52.15073430857488,0.2,0.0,0.0,0.0,0.0,450.0,885.4,0.0,0.0,47.524,25.008,72.533,13.825,0.885,71.648,emon,0.852,0.604,73.5,34.0,2.16
2026-09-25 10:53:50.828,3.1,0,21,21;0;0;19;0;0;6;0;0;0;3;0;0;0;0;0,993,2946,1754;1858;2360;2946;1168;1120;1137;1165;1222;1143;1186;1185;1069;993;1164;1127,1.3,0.0,885.4,0,0,0,0,0,0.0,0,0,0,0,0,0,0,0,0.0,0,0,0,0,0,0.0,0.0,6311.2,0,0,0,30.1,2.31,0.02,16.35,25.94,20.8,63.4,97.43722701072693,0.18812995246844366,8.897179563840231,5.359314744011499,1.0721114948391914,1143.2708333333333,0.0,0.0,0.0,0.0,52.43691999775668,0.1,0.0,0.0,0.0,0.0,450.0,885.4,0.0,0.0,47.524,25.008,72.533,13.825,0.885,71.648,emon,0.852,0.604,73.5,34.0,2.16
2026-09-25 10:53:51.829,3.7,0,28,17;2;0;28;0;0;8;0;0;0;5;0;0;0;0;0,1010,3741,2672;3023;3062;3741;1192;1010;1367;1218;1182;1124;1341;1390;1103;1097;1169;1153,1.2,0.0,885.4,0,0,0,0,0,0.0,0,0,0,0,0,0,0,0,0.0,0,0,0,0,0,0.0,0.0,6311.2,0,0,0,33.1,3.94,0.02,3.57,13.83,20.8,63.4,97.55027931928635,0.18677581823976652,6.330644901143387,4.071107029885752,0.6295338104719121,1112.671875,0.0,0.0,0.0,0.0,52.720409725559875,0.2,0.0,0.0,0.0,0.0,450.0,885.4,0.0,0.0,47.524,25.008,72.533,13.825,0.885,71.648,emon,0.852,0.604,73.5,34.0,2.16
2026-09-25 10:53:52.829,3.5,0,20,18;2;3;20;0;0;3;0;0;0;9;0;0;0;0;0,1014,3729,2274;3395;2518;3729;1014;1527;1207;1070;1271;1461;1243;1256;1131;1163;1162;1086,1.3,0.0,885.4,0,0,0,0,0,0.0,0,0,0,0,0,0,0,0,0.0,0,0,0,0,0,0.0,0.0,6311.2,0,0,0,31.1,3.94,0.02,3.57,13.83,20.8,63.4,96.84069951375325,0.10767743966425769,4.150628048926592,1.4849670225133498,0.5567689488331476,1114.625,0.0,0.0,0.0,0.0,50.33000336649517,0.1,0.0,0.0,0.0,0.0,450.0,885.4,0.0,0.0,47.524,25.008,72.533,13.825,0.885,71.648,emon,0.852,0.604,73.5,34.0,2.16
2026-09-25 10:53:53.830,3.8,0,30,16;2;0;30;0;0;5;0;0;0;6;2;0;0;0;0,1124,3596,2256;2492;3029;3596;1209;1187;1173;1196;1141;1214;1176;1164;1170;1197;1124;1145,1.0,0.0,885.4,0,0,0,0,0,0.0,0,0,0,0,0,0,0,0,0.0,0,0,0,0,0,0.0,0.0,6311.2,0,0,0,33.1,3.94,0.02,3.57,13.83,20.8,63.4,96.52972900867462,0.0022706846029905137,0.39584420062601566,0.039473600569181144,0.0,1107.59375,0.0,0.0,0.0,0.0,51.844791463110596,0.2,0.0,0.0,0.0,0.0,450.0,886.4,0.0,0.0,47.524,25.008,72.533,13.825,0.885,71.648,emon,0.852,0.604,73.5,34.0,2.16
2026-09-25 10:53:54.830,4.8,0,34,25;3;2;34;0;0;6;0;0;0;0;0;2;2;3;0,970,3192,2148;3192;2620;2997;1163;1045;1251;1145;1227;970;1204;1025;1019;985;1076;1057,0.8,0.0,886.4,0,0,0,0,0,0.0,0,0,0,0,0,0,0,0,0.0,0,0,0,0,0,0.0,0.0,6311.2,0,0,0,62.1,3.94,0.02,3.57,13.83,20.8,63.4,96.43865939549038,0.002783830959482917,0.3561854841453688,0.035416681319475174,0.0,1113.2857142857142,0.0,0.0,0.0,0.0,50.28049418915595,0.1,0.0,0.0,0.0,0.0,250.0,885.4,0.0,0.0,47.524,25.008,72.533,13.825,0.885,71.648,emon,0.852,0.604,73.5,34.0,2.16
2026-09-25 10:53:55.830,6.1,0,41,26;3;3;41;0;0;14;0;0;0;11;0;0;0;0;0,1007,3114,2163;2345;3114;2850;1076;1181;1160;1134;1007;1201;1286;1224;1147;1100;1048;1169,0.5,0.0,885.4,0,0,0,0,0,0.0,0,0,0,0,0,0,0,0,0.0,0,0,0,0,0,93.5,0.0,6311.2,0,0,0,64.1,2.36,0.02,6.7,11.93,20.8,63.4,97.89510455884431,0.29634937950054574,5.964278199955037,4.5889896939655666,0.4525828216420977,996.3684210526316,0.0,0.0,0.0,0.0,53.57412223174776,0.1,0.0,0.0,0.0,0.0,450.0,886.3,0.0,0.0,47.524,25.008,72.533,13.825,0.885,71.648,emon,0.852,0.604,73.5,34.0,2.16
2026-09-25 10:53:56.831,5.1,0,42,17;2;2;42;0;0;8;0;0;0;9;0;0;0;2;0,1020,2571,1932;2571;1959;2272;1141;1093;1171;1166;1196;1194;1135;1020;1149;1149;1094;1080,0.4,0.0,886.3,0,0,0,0,0,0.0,0,0,0,0,0,0,0,0,0.0,0,0,0,0,0,97.6,0.0,6311.2,0,0,0,61.1,2.36,0.02,6.7,11.93,20.7,63.4,97.478349641312,0.2599549001640489,6.10672884832981,4.312498575942808,0.49830248683344486,973.4186046511628,0.0,0.0,0.0,0.0,51.48302019786003,0.1,0.0,0.0,0.0,0.0,450.0,886.4,0.0,0.0,47.524,25.008,72.533,13.825,0.885,71.648,emon,0.852,0.604,73.5,34.0,2.16
2026-09-25 10:53:57.832,3.5,0,26,12;2;3;26;0;0;6;0;0;0;6;0;0;0;0;0,977,3644,1963;2102;2504;3644;1058;1190;1303;1198;1212;1214;1269;1211;977;1105;1085;1104,0.5,0.0,886.4,0,0,0,0,0,0.0,0,0,0,0,0,0,0,0,0.0,0,0,0,0,0,92.1,0.0,6311.2,0,0,0,59.1,2.36,0.02,6.7,11.93,20.7,63.4,98.45265411048807,0.28426875506517707,6.598671335046009,4.729415228810682,0.7867751795578227,1022.6559139784946,0.0,0.0,0.0,0.0,53.99220532531379,0.2,0.0,0.0,0.0,0.0,450.0,886.5,0.0,0.0,47.524,25.008,72.533,13.825,0.885,71.648,emon,0.852,0.604,73.5,34.0,2.16
2026-09-25 10:53:58.832,4.2,0,29,14;8;0;29;0;0;9;0;0;0;8;0;0;0;0;0,990,3050,2008;2862;2361;3050;2029;1214;1319;1336;1255;1290;1286;1254;1159;1093;1041;990,0.5,0.0,886.5,0,0,0,0,0,0.0,0,0,0,0,0,0,0,0,0.0,0,0,0,0,0,99.5,0.0,6311.2,0,0,0,58.1,2.68,0.02,24.66,34.05,20.8,63.4,97.81890646335297,0.22066603552764363,5.537078259793003,3.357680319388092,0.7134307860273176,1019.7964601769911,0.0,0.0,0.0,0.0,54.35172218414007,0.2,0.0,0.0,0.0,0.0,250.0,886.5,0.0,0.0,47.524,25.008,72.533,13.825,0.885,71.648,emon,0.852,0.604,73.5,34.0,2.16
2026-09-25 10:53:59.833,4.0,0,25,14;3;2;25;0;0;11;2;0;0;6;2;0;0;0;0,725,3375,1837;1819;1461;3375;946;1195;1182;1172;1148;1207;1214;1091;1017;725;1034;960,0.7,0.0,886.4,0,0,0,0,0,0.0,0,0,0,0,0,0,0,0,0.0,0,0,0,0,0,97.5,0.0,6311.2,0,0,0,53.1,2.68,0.02,24.66,34.05,20.7,63.4,97.84533978630515,0.3660639156970908,8.592650130917045,5.869780433090294,1.132990920193055,1046.6470588235295,0.0,0.0,0.0,0.0,50.86713641163181,0.1,0.0,0.0,0.0,0.0,450.0,886.4,0.0,0.0,47.524,25.008,72.533,13.825,0.885,71.648,emon,0.852,0.604,73.5,34.0,2.16
2026-09-25 10:54:00.833,5.3,0,34,22;3;3;34;0;0;6;0;0;0;9;0;0;0;6;2,906,3064,1861;1876;1449;3064;906;1116;1155;1192;1140;1119;1243;1185;1144;1012;1122;1151,1.0,0.0,886.5,0,0,0,0,0,0.0,0,0,0,0,0,0,0,0,0.0,0,0,0,0,0,91.6,0.0,6311.2,0,0,0,49.1,2.68,0.02,24.66,34.05,20.8,63.4,98.0738377793927,0.27625319357117134,6.983011127075303,5.044930997644072,1.257850666260608,1027.03738317757,0.0,0.0,0.0,0.0,51.836856774359106,0.2,0.0,0.0,0.0,0.0,450.0,886.5,0.0,0.0,41.682,7.294,48.977,10.141,0.649,48.328,emon,0.876,0.584,65.6,30.5,2.153
2026-09-25 10:54:01.833,4.4,0,23,23;5;2;22;0;0;9;0;0;0;9;0;0;0;0;0,965,3187,1992;1429;2789;3187;1142;1147;1201;1177;1176;1207;1239;1207;1139;965;1140;1069,0.8,0.0,886.4,0,0,0,0,0,0.0,0,0,0,0,0,0,0,0,0.0,0,0,0,0,0,96.8,0.0,6311.2,0,0,0,47.1,2.68,0.02,24.66,34.05,20.7,63.4,97.14633369445801,0.0028507825013043154,0.3535795393917296,0.03532549790624115,0.0,1062.888888888889,0.0,0.0,0.0,0.0,52.87243510368798,0.1,0.0,0.0,0.0,0.0,450.0,886.4,0.0,0.0,41.682,7.294,48.977,10.141,0.649,48.328,emon,0.876,0.584,65.6,30.5,2.153
2026-09-25 10:54:02.834,4.2,0,33,16;3;0;33;0;0;8;0;0;0;5;0;0;0;2;2,1037,2836,1747;2546;1810;2836;1150;1173;1188;1152;1173;1204;1219;1362;1112;1144;1128;1037,0.8,0.0,886.4,0,0,0,0,0,0.0,0,0,0,0,0,0,0,0,0.0,0,0,0,0,0,96.8,0.0,6311.2,0,0,0,47.1,2.33,0.02,17.21,26.2,20.7,63.4,97.2765677525447,0.0032992906949053016,0.4085513989512737,0.0407735242579992,0.0,1074.0,0.0,0.0,0.0,0.0,52.16017602842588,0.1,0.0,0.0,0.0,0.0,450.0,886.5,0.0,0.0,41.682,7.294,48.977,10.141,0.649,48.328,emon,0.876,0.584,65.6,30.5,2.153
2026-09-25 10:54:03.834,4.3,0,25,15;5;3;25;0;0;6;2;2;0;8;3;0;0;0;0,998,3598,2026;3094;3598;3053;2556;1224;1371;2059;2325;1250;1595;2368;1181;1199;1035;998,1.2,0.0,886.5,0,0,0,0,0,0.0,0,0,0,0,0,0,0,0,0.0,0,0,0,0,0,96.8,0.0,6311.2,0,0,0,48.1,2.33,0.02,17.21,26.2,20.8,63.4,96.96126837479441,0.1695343302379019,4.3494123847861035,3.3566876105768118,0.34265265141393203,1056.8947368421052,0.0,0.0,0.0,0.0,50.30441764663709,0.1,0.0,0.0,0.0,0.0,450.0,886.5,0.0,0.0,41.682,7.294,48.977,10.141,0.649,48.328,emon,0.876,0.584,65.6,30.5,2.153
2026-09-25 10:54:04.835,15.9,5,39,31;14;18;39;10;6;30;11;12;8;22;16;5;12;9;11,1944,4224,3447;4191;4224;3834;3392;3375;2488;3227;3329;3382;2404;3206;2297;2106;1944;2487,1.3,0.0,886.5,0,0,0,0,0,0.0,0,0,0,0,0,0,0,0,0.0,0,0,0,0,0,87.2,0.0,6437.5,0,0,0,38.1,2.33,0.02,17.21,26.2,20.8,63.4,98.34409797054597,0.2716742220158079,7.449827651182811,5.8485494450847995,0.8579426566955108,976.5862068965517,0.0,0.0,0.0,0.0,53.11421539034994,0.2,0.0,0.0,0.0,0.0,450.0,886.5,0.0,0.0,41.682,7.294,48.977,10.141,0.649,48.328,emon,0.876,0.584,65.6,30.5,2.153
2026-09-25 10:54:05.835,3.3,0,23,11;3;0;23;0;0;9;0;0;0;5;2;0;0;0;0,964,3289,1902;3234;1897;3289;1113;1188;1189;1107;1083;964;1215;997;1066;1020;1122;1121,1.3,0.0,886.5,0,0,0,0,0,0.0,0,0,0,0,0,0,0,0,0.0,0,0,0,0,0,94.2,0.0,6311.2,0,0,0,32.1,2.33,0.02,17.21,26.2,20.7,63.4,97.77624546397816,0.28716906386067753,7.486744463443756,5.7127877507697455,0.6639260238205845,1101.2727272727273,0.0,0.0,0.0,0.0,52.654551752250306,0.2,0.0,0.0,0.0,0.0,450.0,886.5,0.0,0.0,41.682,7.294,48.977,10.141,0.649,48.328,emon,0.876,0.584,65.6,30.5,2.153
2026-09-25 10:54:06.836,4.1,0,35,24;3;0;35;0;0;0;0;0;0;2;0;0;0;0;2,1051,3185,1854;1565;2522;3185;1118;1156;1189;1143;1112;1051;1255;1142;1175;1149;1162;1161,1.3,0.0,886.5,0,0,0,0,0,0.0,0,0,0,0,0,0,0,0,0.0,0,0,0,0,0,0.0,0.0,6311.2,0,0,0,32.1,3.74,0.03,9.26,21.83,20.7,63.4,97.6069860458374,0.19149089033453492,6.326899302591171,4.433545559079254,0.6224512559627848,1147.6607142857142,0.0,0.0,0.0,0.0,52.13084263514195,0.2,0.0,0.0,0.0,0.0,450.0,886.5,0.0,0.0,41.682,7.294,48.977,10.141,0.649,48.328,emon,0.876,0.584,65.6,30.5,2.153
2026-09-25 10:54:07.836,3.5,0,27,12;3;0;27;0;0;6;0;0;0;8;0;0;0;0;0,1084,3575,1931;2809;1994;3575;1186;1145;1274;1195;1190;1180;1233;1211;1084;1191;1163;1138,0.6,0.0,886.5,0,0,0,0,0,0.0,0,0,0,0,0,0,0,0,0.0,0,0,0,0,0,0.0,0.0,6311.2,0,0,0,32.1,3.74,0.03,9.26,21.83,20.7,63.4,97.67421146608748,0.17635026115941693,6.713977926463451,4.09587922593895,0.7434118295721007,1129.188679245283,0.0,0.0,0.0,0.0,54.06225272619499,0.1,0.0,0.0,0.0,0.0,450.0,886.5,0.0,0.0,41.682,7.294,48.977,10.141,0.649,48.328,emon,0.876,0.584,65.6,30.5,2.153
2026-09-25 10:54:08.837,4.5,0,23,20;12;2;23;0;0;3;3;0;0;2;5;0;0;0;2,1102,3309,1316;2168;2792;3309;1205;1184;1193;2035;1202;1149;1160;1647;1172;1153;1128;1102,0.7,0.0,886.5,0,0,0,0,0,0.0,0,0,0,0,0,0,0,0,0.0,0,0,0,0,0,0.0,0.0,6311.2,0,0,0,32.1,3.74,0.03,9.26,21.83,20.7,63.4,96.94805742746377,0.23004342232415653,7.812408111899732,5.123926491128752,1.0542789273951427,1141.1686746987953,0.0,0.0,0.0,0.0,50.956281954624565,0.1,0.0,0.0,0.0,0.0,450.0,886.5,0.0,0.0,41.682,7.294,48.977,10.141,0.649,48.328,emon,0.876,0.584,65.6,30.5,2.153
2026-09-25 10:54:09.837,3.1,0,26,3;12;0;26;0;0;0;2;0;0;0;6;0;0;0;0,1022,3144,2509;2109;1435;3144;1068;1206;1205;1233;1184;1159;1223;1218;1148;1090;1022;1160,0.7,0.0,886.5,0,0,0,0,0,0.0,0,0,0,0,0,0,0,0,0.0,0,0,0,0,0,0.0,0.0,6311.2,0,0,0,34.1,3.74,0.03,9.26,21.83,20.7,63.4,97.16778652147315,0.03569886150325638,2.255105222436203,0.7149621472619045,0.14406996879769468,1131.183908045977,0.0,0.0,0.0,0.0,50.892519744990885,0.1,0.0,0.0,0.0,0.0,450.0,886.5,0.0,0.0,41.682,7.294,48.977,10.141,0.649,48.328,emon,0.876,0.584,65.6,30.5,2.153
2026-09-25 10:54:10.838,3.7,0,31,3;15;0;31;0;0;0;6;0;0;0;2;0;0;0;2,951,3064,2127;1934;2497;3064;1592;1212;1240;1763;1221;1321;1322;1615;951;960;955;1038,0.7,0.0,886.5,0,0,0,0,0,0.0,0,0,0,0,0,0,0,0,0.0,0,0,0,0,0,14.1,0.0,6311.2,0,0,0,45.1,2.42,0.02,0.32,4.73,20.7,63.4,96.8900221044367,0.03439965992583893,3.0936293696815316,0.6603129463778301,0.23648647862401875,1154.6818181818182,0.0,0.0,0.0,0.0,51.44349532574415,0.2,0.0,0.0,0.0,0.0,450.0,886.5,0.0,0.0,41.682,7.294,48.977,10.141,0.649,48.328,emon,0.876,0.584,65.6,30.5,2.153
2026-09-25 10:54:11.838,5.0,0,36,2;17;3;36;0;0;0;12;0;0;0;11;0;0;0;0,981,2729,2729;2063;1472;2632;1383;1669;1138;1337;1560;1380;1208;1344;1020;1052;981;1055,0.8,0.0,886.5,0,0,0,0,0,0.0,0,0,0,0,0,0,0,0,0.0,0,0,0,0,0,91.8,0.0,6311.2,0,0,0,66.1,2.42,0.02,0.32,4.73,20.7,63.4,97.14906275822567,0.00295392399510512,0.3958660267866575,0.03940338658598753,0.0,1102.076923076923,0.0,0.0,0.0,0.0,49.50895525308756,0.2,0.0,0.0,0.0,0.0,450.0,886.5,0.0,0.0,41.682,7.294,48.977,10.141,0.649,48.328,emon,0.876,0.584,65.6,30.5,2.153
2026-09-25 10:54:12.838,5.0,0,44,2;15;2;44;0;0;0;5;2;0;0;3;0;0;0;8,770,2901,2431;1961;2625;2483;1598;1414;1394;1408;1151;2901;1328;1341;1023;770;838;1036,0.7,0.0,886.5,0,0,0,0,0,0.0,0,0,0,0,0,0,0,0,0.0,0,0,0,0,0,97.2,0.0,6311.2,0,0,0,62.1,2.42,0.02,0.32,4.73,20.7,63.4,98.87122987446033,0.24174531433616944,7.018932027252097,4.94395035518366,0.5826677502247325,970.0526315789474,0.0,0.0,0.0,0.0,53.02438147993464,0.2,0.0,0.0,0.0,0.0,450.0,886.5,0.0,0.0,13.368,5.049,18.417,13.215,0.846,17.571,emon,0.832,0.368,68.2,32.0,2.13
2026-09-25 10:54:13.838,3.5,0,27,2;15;2;27;2;0;0;5;0;0;0;3;0;0;0;2,961,3157,2463;2254;2607;3157;1269;1214;1181;1245;1218;1159;1157;1191;961;986;1169;968,0.9,0.0,886.5,0,0,0,0,0,0.0,0,0,0,0,0,0,0,0,0.0,0,0,0,0,0,99.7,0.0,6311.2,0,0,0,60.1,2.71,0.02,24.23,32.92,20.7,63.4,97.79880918305496,0.28596697805513593,6.895948359678531,5.116391269168977,0.7163725571262639,1061.0689655172414,0.0,0.0,0.0,0.0,52.03985297246354,0.1,0.0,0.0,0.0,0.0,450.0,886.5,0.0,0.0,13.368,5.049,18.417,13.215,0.846,17.571,emon,0.832,0.368,68.2,32.0,2.13
2026-09-25 10:54:14.839,4.5,0,27,2;25;3;27;0;0;0;8;0;0;0;6;0;0;0;2,795,3033,1856;1974;2037;3033;1097;1214;1160;1179;1208;1215;1217;1178;971;795;983;993,0.9,0.0,886.5,0,0,0,0,0,0.0,0,0,0,0,0,0,0,0,0.0,0,0,0,0,0,99.7,0.0,6311.2,0,0,0,58.1,2.71,0.02,24.23,32.92,20.7,63.4,97.9160045105734,0.3287274740308661,7.177552480388571,5.575690829505523,0.8336959445423642,1117.5185185185185,0.0,0.0,0.0,0.0,50.886848828674836,0.1,0.0,0.0,0.0,0.0,450.0,886.5,0.0,0.0,13.368,5.049,18.417,13.215,0.846,17.571,emon,0.832,0.368,68.2,32.0,2.13
2026-09-25 10:54:15.839,4.4,0,31,3;22;0;31;2;0;0;6;0;0;0;6;0;0;0;0,809,3535,2946;2125;2667;3535;1068;1219;1327;1483;1218;1155;1203;1196;1128;1006;809;1116,0.9,0.0,886.5,0,0,0,0,0,0.0,0,0,0,0,0,0,0,0,0.0,0,0,0,0,0,95.8,0.0,6311.2,0,0,0,54.1,2.71,0.02,24.23,32.92,20.8,63.4,98.03116528193156,0.2938852958589753,6.592535020783544,4.600583360375215,0.8430164866149426,993.2708333333334,0.0,0.0,0.0,0.0,55.54824561943921,0.1,0.0,0.0,0.0,0.0,450.0,886.5,0.0,0.0,13.368,5.049,18.417,13.215,0.846,17.571,emon,0.832,0.368,68.2,32.0,2.13
2026-09-25 10:54:16.840,4.6,0,27,5;22;3;27;0;0;0;11;0;0;0;3;0;0;0;3,831,3172,2026;1964;2612;3172;1194;1169;1184;1230;1177;1169;1139;1226;1110;1043;831;1068,1.0,0.0,886.4,0,0,0,0,0,0.0,0,0,0,0,0,0,0,0,0.0,0,0,0,0,0,98.7,0.0,6311.2,0,0,0,52.1,2.71,0.02,24.23,32.92,20.8,63.4,98.42186916999097,0.2812879075261079,6.8314513291390435,4.821082088358279,0.8743350428160069,1049.0,0.0,0.0,0.0,0.0,55.388632731477045,0.1,0.0,0.0,0.0,0.0,300.0,886.4,0.0,0.0,13.368,5.049,18.417,13.215,0.846,17.571,emon,0.832,0.368,68.2,32.0,2.13
2026-09-25 10:54:17.840,4.1,0,27,3;22;2;27;0;0;0;5;0;0;0;2;2;0;0;3,960,3146,2653;1907;3146;3098;1147;1199;1177;1174;1155;1227;1215;1178;960;1022;1138;1053,1.0,0.0,886.4,0,0,0,0,0,0.0,0,0,0,0,0,0,0,0,0.0,0,0,0,0,0,93.6,0.0,6311.2,0,0,0,47.1,2.65,0.02,18.92,28.62,20.8,63.4,98.0619816881545,0.24234212504234165,6.739985598211593,4.449168429095694,0.8649986741390634,1042.0851063829787,0.0,0.0,0.0,0.0,52.490579536145034,0.1,0.0,0.0,0.0,0.0,450.0,886.4,0.0,0.0,13.368,5.049,18.417,13.215,0.846,17.571,emon,0.832,0.368,68.2,32.0,2.13
2026-09-25 10:54:18.841,5.1,0,23,2;21;2;23;2;2;2;12;2;2;0;12;0;0;0;2,915,3160,2366;2222;2248;3160;1246;2128;1187;1283;1237;1487;1239;1175;1112;915;1085;1187,0.7,0.0,886.4,0,0,0,0,0,0.0,0,0,0,0,0,0,0,0,0.0,0,0,0,0,0,97.3,0.0,6311.2,0,0,0,47.1,2.65,0.02,18.92,28.62,20.8,63.4,97.16046300010076,0.05778683881674494,2.746350440714094,0.9049370823398469,0.17868256900045607,944.2380952380952,0.0,0.0,0.0,0.0,51.12407790573816,0.1,0.0,0.0,0.0,0.0,450.0,886.4,0.0,0.0,13.368,5.049,18.417,13.215,0.846,17.571,emon,0.832,0.368,68.2,32.0,2.13
2026-09-25 10:54:19.841,4.4,0,29,6;23;3;29;0;0;0;6;0;0;0;2;2;0;0;0,911,3281,1720;1876;2553;3281;1208;1200;1213;1232;1198;1110;1102;1270;927;1043;911;1071,0.7,0.0,886.5,0,0,0,0,0,0.0,0,0,0,0,0,0,0,0,0.0,0,0,0,0,0,96.3,0.0,6311.2,0,0,0,46.1,2.65,0.02,18.92,28.62,20.8,63.4,97.37551561991374,0.0025438972418972603,0.3523919398585955,0.03515065194418033,0.0,1044.8333333333333,0.0,0.0,0.0,0.0,50.601868616541225,0.2,0.0,0.0,0.0,0.0,450.0,886.5,0.0,0.0,13.368,5.049,18.417,13.215,0.846,17.571,emon,0.832,0.368,68.2,32.0,2.13
2026-09-25 10:54:20.842,15.8,6,41,18;37;17;41;11;11;11;25;11;6;8;20;12;9;6;11,1705,4192,4154;3683;4192;3833;2992;3168;3175;2469;3081;3121;3144;2701;1841;1727;1800;1705,0.5,0.0,886.5,0,0,0,0,0,0.0,0,0,0,0,0,0,0,0,0.0,0,0,0,0,0,61.0,0.0,6311.2,0,0,0,44.1,2.65,0.02,18.92,28.62,20.8,63.4,97.31337394714356,0.004081306484295055,0.47283119708299637,0.04725716095417738,0.0,971.5,0.0,0.0,0.0,0.0,50.263166055083275,0.1,0.0,0.0,0.0,0.0,450.0,886.5,0.0,0.0,13.368,5.049,18.417,13.215,0.846,17.571,emon,0.832,0.368,68.2,32.0,2.13
2026-09-25 10:54:21.842,12.6,0,43,23;37;12;43;20;2;2;19;8;3;0;23;0;0;0;11,1028,4559,4527;3763;4559;4082;3315;3240;3107;2730;3308;3328;3380;2902;1220;1204;1028;2698,0.4,0.0,886.4,0,0,0,0,0,0.0,0,0,0,0,0,0,0,0,0.0,0,0,0,0,0,98.6,0.0,6311.2,0,0,0,41.1,4.49,0.02,11.25,24.7,19.0,63.4,98.27198791503906,0.43025419511832297,8.395954137047132,6.572243120590294,0.7705584587874236,1067.5185185185185,0.0,0.0,0.0,0.0,52.12788946512673,0.2,0.0,0.0,0.0,0.0,300.0,886.4,0.0,0.0,13.368,5.049,18.417,13.215,0.846,17.571,emon,0.832,0.368,68.2,32.0,2.13
