timestamp,cpu_total_pct,cpu_core_min,cpu_core_max,cpu_cores_csv,cpu_freq_min_mhz,cpu_freq_max_mhz,cpu_freq_csv,igpu_pct,igpu_ded_mb,igpu_shared_mb,nvidia_gpu_pct,nvidia_mem_pct,nvidia_mem_used_mb,nvidia_mem_total_mb,nvidia_temp_c,nvidia_power_w,nvidia_sm_clk_mhz,nvidia_mem_clk_mhz,nvidia_pcie_gen,nvidia_pcie_width,nvidia_throttle,nvidia_pcie_rx_kbs,nvidia_pcie_tx_kbs,nvidia_pstate,nvidia_power_limit_w,nvidia_sm_clk_max_mhz,nvidia_mem_clk_max_mhz,nvidia_sm_clk_eff_pct,nvidia_mem_clk_eff_pct,nvidia_power_eff_pct,npu_pct,npu_ded_mb,npu_shared_mb,npu_process_count,npu_infer_ms,cpu_throttle_pct,soc_temp_c,rapl_cpu_w,rapl_igpu_w,rapl_npu_w,rapl_soc_w,ram_used_gb,ram_total_gb,l0_gpu_busy,l0_xve_active,l0_xve_stall,l0_xve_occupancy,l0_l3_stall,l0_gpu_freq_mhz,l0_mem_read_gbs,l0_mem_write_gbs,l0_compute_busy,l0_copy_busy,l0_render_busy,zes_gpu_busy,zes_compute_busy,zes_render_busy,zes_copy_busy,zes_media_busy,zes_freq_mhz,zes_mem_used_mb,zes_temp_c,zes_power_w,dram_read_gbs,dram_write_gbs,dram_total_gbs,l3miss_millions,ia_dram_bw_gbs,nonia_dram_bw_gbs,bw_source,dram_page_hit_rate_rd,dram_page_hit_rate_wr,dram_rd_latency_imc_clks,dram_rd_latency_ns,imc_freq_ghz
2026-09-17 21:56:25.397,23.4,0,100,50;50;0;100;0;0;100;0;0;0;50;0;0;0;25;0,1182,4640,4621;4586;4546;4640;3419;3189;3245;3264;3205;2676;2902;3390;1182;1317;1568;1308,0.0,0.0,0.0,0,0,0,0,0,0.0,0,0,0,0,0,0,0,0,0.0,0,0,0,0,0,0.0,0.0,0.0,0,0,0,74.1,0.0,0.0,0.0,0.0,15.9,63.4,90.13685509010598,4.851720920315495,20.767330946745695,21.371091136225946,0.753651088103652,1558.2592592592594,0.0,0.0,0.0,0.0,59.722665416145766,0.0,0.0,0.0,0.0,0.0,0.0,0.0,0.0,0.0,,,,,,,,,,,,
2026-09-17 21:56:26.398,19.2,0,81,40;27;16;81;0;0;80;8;3;2;20;5;5;0;22;0,1337,4717,4663;4618;4717;4704;3447;3430;3388;3313;3411;3220;2817;2844;1337;1351;1560;1660,7.3,0.0,952.0,0,0,0,0,0,0.0,0,0,0,0,0,0,0,0,0.0,0,0,0,0,0,0.0,0.0,0.0,0,0,0,70.1,0.0,0.0,0.0,0.0,15.9,63.4,91.28869920952856,4.03322392976704,19.27140700590966,19.30441853799794,0.9344459894664717,1053.878048780488,0.0,0.0,0.0,0.0,57.48907772389046,0.0,0.0,0.0,0.0,0.0,450.0,952.0,0.0,0.0,,,,,,,,,,,,
2026-09-17 21:56:27.398,23.1,4,92,48;68;23;92;5;9;26;9;11;8;29;11;5;4;14;6,1851,4723,4714;4723;4712;4722;3345;3402;3004;3303;3368;3257;2829;3321;2084;2580;1851;2726,7.0,0.0,942.3,0,0,0,0,0,0.0,0,0,0,0,0,0,0,0,0.0,0,0,0,0,0,0.0,0.0,0.0,0,0,0,80.1,29.63,0.4,0.4,34.74,16.0,63.4,99.65186121692396,4.174879379141821,20.679182622204088,20.82956876885401,1.3242681028517538,1139.958904109589,0.0,0.0,0.0,0.0,58.06489174574205,1.1,0.0,0.0,0.0,0.0,450.0,942.3,0.0,0.0,,,,,,,,,,,,
2026-09-17 21:56:28.399,21.3,0,88,47;61;22;88;4;0;19;26;2;0;38;3;6;2;18;6,1297,4689,4619;4646;4504;4689;2748;3269;2904;3232;3404;1835;2863;3032;1297;1360;1601;1474,7.7,0.0,963.8,0,0,0,0,0,0.0,0,0,0,0,0,0,0,0,0.0,0,0,0,0,0,0.0,0.0,0.0,0,0,0,79.1,29.63,0.4,0.4,34.74,16.0,63.4,92.77050698430915,4.125116333527196,19.632271796778628,19.6409142252646,1.3561471526296565,1110.0526315789473,0.0,0.0,0.0,0.0,57.9705642364331,1.1,0.0,0.0,0.0,0.0,450.0,964.1,0.0,0.0,,,,,,,,,,,,
2026-09-17 21:56:29.399,22.2,0,83,43;66;20;83;0;0;31;13;0;0;66;11;3;0;17;2,1189,4712,4693;4708;4673;4712;3441;2795;2824;3412;3433;3072;3286;3442;1200;1633;1472;1189,6.6,0.0,963.8,0,0,0,0,0,0.0,0,0,0,0,0,0,0,0,0.0,0,0,0,0,0,0.0,0.0,0.0,0,0,0,73.1,29.63,0.4,0.4,34.74,16.2,63.4,92.36454199693748,3.828507202387513,19.440227936450444,19.35830145901885,1.1100475511923509,1183.8484848484848,0.0,0.0,0.27548515743296337,0.012677685288358326,57.55207401717251,1.1,0.0,0.0,0.0,0.0,250.0,963.8,0.0,0.0,,,,,,,,,,,,
2026-09-17 21:56:30.400,22.7,0,96,18;84;19;92;2;0;17;9;2;0;96;9;0;0;14;0,1096,4727,4727;4719;4666;4717;3373;3450;2902;3224;3449;3449;3414;3448;1150;1096;1864;2113,6.9,0.0,955.8,0,0,0,0,0,0.0,0,0,0,0,0,0,0,0,0.0,0,0,0,0,0,0.0,0.0,0.0,0,0,0,74.1,29.63,0.4,0.4,34.74,16.2,63.4,91.33294952434042,3.998279413269104,19.427203493597716,19.407070244986404,1.0739321657136949,1075.9021739130435,0.0,0.0,0.0,0.0,56.83204435771736,1.0,0.0,0.0,0.0,0.0,450.0,963.8,0.0,0.0,,,,,,,,,,,,
2026-09-17 21:56:31.406,59.1,46,95,66;84;55;95;48;48;61;54;47;46;89;51;47;46;61;48,2497,4703,4688;4692;4686;4703;3432;3431;3298;3384;3431;3431;3414;3432;2641;2678;2497;2672,6.7,0.0,955.8,0,0,0,0,0,0.0,0,0,0,0,0,0,0,0,0.0,0,0,0,0,0,0.0,0.0,0.1,0,0,0,80.1,29.63,0.4,0.4,34.74,22.9,63.4,91.9109587378464,3.972243855788869,19.659488025963782,19.61157769095202,0.9367186909786053,1095.949602122016,0.0,0.0,0.0,0.0,57.61911008742191,1.0,0.0,0.0,0.0,0.0,450.0,955.8,0.0,0.0,,,,,,,,,,,,
2026-09-17 21:56:32.406,44.9,30,97,60;81;40;97;36;31;55;30;32;34;52;33;33;32;36;36,2509,4716,4703;4693;4697;4716;3430;3407;3198;3312;3429;3412;3210;3365;2632;2732;2509;2726,6.7,0.0,955.8,0,0,0,0,0,0.0,0,0,0,0,0,0,0,0,0.0,0,0,0,0,0,0.0,0.0,4343.4,0,0,0,85.1,29.63,0.4,0.4,34.74,24.1,63.4,99.48750385753611,4.052171323707397,19.797446036721297,19.947364460338246,1.1574999044921976,1121.7272727272727,0.0,0.0,0.0,0.0,58.037857460804325,1.0,0.0,0.0,0.0,0.0,450.0,955.8,0.0,0.0,,,,,,,,,,,,
2026-09-17 21:56:33.407,17.8,0,94,40;62;5;94;0;0;25;9;0;0;23;2;9;0;14;2,1150,4727,4726;4722;4727;4726;3408;3404;2729;3387;3325;3232;2613;3338;1194;1150;1575;1447,6.6,0.0,950.8,0,0,0,0,0,0.0,0,0,0,0,0,0,0,0,0.0,0,0,0,0,0,0.0,0.0,4349.6,0,0,0,81.1,29.63,0.4,0.4,34.74,24.2,63.4,99.68858852282249,3.957217707985737,19.804804312075422,19.773162252916013,1.1504937313354568,1090.9398907103825,0.0,0.0,0.0,0.0,58.21334696856271,1.1,0.0,0.0,0.0,0.0,250.0,955.8,0.0,0.0,,,,,,,,,,,,
2026-09-17 21:56:34.407,20.7,0,88,44;46;11;88;3;0;61;8;0;0;46;2;3;0;17;2,1217,4729,4716;4672;4729;4717;3327;3295;3175;3262;2900;3006;3189;3378;1217;1829;1632;1290,6.7,0.0,950.8,0,0,0,0,0,0.0,0,0,0,0,0,0,0,0,0.0,0,0,0,0,0,0.0,0.0,6269.0,0,0,0,65.1,29.63,0.4,0.4,34.74,26.6,63.4,99.74882440894135,3.9964130928145236,19.67116549902038,19.72047224522895,1.0130679893167935,1104.5408970976252,0.0,0.0,0.0,0.0,58.33305034568253,1.1,0.0,0.0,0.0,0.0,450.0,950.8,0.0,0.0,,,,,,,,,,,,
2026-09-17 21:56:35.408,13.2,0,92,48;23;3;92;0;0;22;0;0;0;9;0;0;0;12;2,1314,4729,4717;4706;4729;4725;3199;3235;2969;2961;3107;3091;2595;2687;1314;1950;1431;1515,7.1,0.0,950.8,0,0,0,0,0,0.0,0,0,0,0,0,0,0,0,0.0,0,0,0,0,0,0.0,0.0,6269.5,0,0,0,78.1,0.0,0.0,0.0,0.0,22.8,63.4,99.69365003096496,4.057681370155974,19.81223493845675,19.86404149320113,1.6550877571501525,1078.4502617801047,0.0,0.0,0.0,0.0,58.683574131295,1.1,0.0,0.0,0.0,0.0,450.0,950.8,0.0,0.0,,,,,,,,,,,,
2026-09-17 21:56:36.408,14.6,0,95,35;31;5;95;3;0;12;2;0;0;22;2;10;0;16;0,1225,4716,4703;4693;4685;4716;3322;3152;2778;3058;3259;2794;3000;3415;1225;1572;1686;1578,8.5,0.0,983.1,0,0,0,0,0,0.0,0,0,0,0,0,0,0,0,0.0,0,0,0,0,0,0.0,0.0,6269.5,0,0,0,78.1,0.0,0.0,0.0,0.0,22.8,63.4,99.51455083033994,4.1206981063337125,21.330847590981953,21.133731897103903,1.655427447441858,1151.5469168900804,0.0,0.0,0.0,0.0,57.160210060849586,1.1,0.0,0.0,0.0,0.0,450.0,950.8,0.0,0.0,,,,,,,,,,,,
2026-09-17 21:56:37.424,12.8,0,96,31;11;2;96;0;0;20;0;0;0;25;0;3;0;19;0,1100,4729,4663;4642;4729;4729;2477;1585;2821;3326;2211;1318;2818;3415;1100;1212;1401;1637,8.2,0.0,974.1,0,0,0,0,0,0.0,0,0,0,0,0,0,0,0,0.0,0,0,0,0,0,0.0,0.0,6269.5,0,0,0,78.1,0.0,0.0,0.0,0.0,23.0,63.4,99.32948485385167,3.9317265950598532,21.46961291720358,21.150989448881887,1.5185401606076891,1126.6685393258426,0.0,0.0,0.0,0.0,56.686725120865894,1.2,0.0,0.0,0.0,0.0,450.0,974.1,0.0,0.0,,,,,,,,,,,,
2026-09-17 21:56:38.424,17.8,0,88,48;38;14;88;8;3;17;9;2;3;30;12;0;0;14;0,1628,4715,4702;4707;4694;4715;3046;3010;2857;2857;3194;3062;2819;2867;1628;2250;1865;2290,8.5,0.0,1003.0,0,0,0,0,0,0.0,0,0,0,0,0,0,0,0,0.0,0,0,0,0,0,0.0,0.0,6269.5,0,0,0,77.1,0.0,0.0,0.0,0.0,22.9,63.4,99.40967629768787,3.9467404563257467,22.03192995783251,21.597054884392758,1.6230288458564273,1125.9340974212034,0.0,0.0,0.0,0.0,56.98927973334632,1.2,0.0,0.0,0.0,0.0,450.0,974.1,0.0,0.0,2.47,1.224,3.694,69.231,4.431,0,emon,0.815,0.816,49.4,23.1,2.14
2026-09-17 21:56:39.424,14.3,0,84,29;31;5;84;2;3;17;3;3;3;20;3;0;5;18;2,1290,4714,4689;4672;4687;4714;3221;3374;2875;2966;3382;3236;2778;3394;1290;1597;1326;2372,8.5,0.0,1003.0,0,0,0,0,0,0.0,0,0,0,0,0,0,0,0,0.0,0,0,0,0,0,0.0,0.0,6269.5,0,0,0,77.1,26.68,0.26,0.36,30.98,22.9,63.4,99.48914958255392,4.151922802244064,21.636662384154093,21.489753766127034,1.4559517658899315,1112.0985915492959,0.0,0.0,0.0,0.0,57.43065535652806,1.3,0.0,0.0,0.0,0.0,450.0,1001.7,0.0,0.0,2.47,1.224,3.694,69.231,4.431,0,emon,0.815,0.816,49.4,23.1,2.14
2026-09-17 21:56:40.425,13.8,0,91,32;17;3;91;2;0;38;3;0;0;27;0;0;0;10;0,1179,4672,4455;4639;4672;4641;3310;3358;3130;3321;2601;2642;2896;2705;1179;1831;1887;1940,9.1,0.0,1009.4,0,0,0,0,0,0.0,0,0,0,0,0,0,0,0,0.0,0,0,0,0,0,0.0,0.0,6269.5,0,0,0,70.1,26.68,0.26,0.36,30.98,23.9,63.4,98.98426215975893,0.6145980950006668,8.505634570589253,6.190805407540471,0.9437415875083602,1131.1568627450981,0.0,0.0,0.0,0.0,57.327191393223465,1.3,0.0,0.0,0.0,0.0,450.0,1009.4,0.0,0.0,2.47,1.224,3.694,69.231,4.431,0,emon,0.815,0.816,49.4,23.1,2.14
2026-09-17 21:56:41.426,11.1,2,97,22;2;2;97;2;2;11;5;2;2;12;2;5;2;12;2,616,4322,4125;4180;3929;4322;2870;2925;2297;2902;3229;3025;1845;2300;616;783;854;785,1.8,0.0,993.3,0,0,0,0,0,0.0,0,0,0,0,0,0,0,0,0.0,0,0,0,0,0,42.1,0.0,7317.6,0,0,0,66.1,26.68,0.26,0.36,30.98,23.9,63.4,98.87868881225586,0.010336886160075665,0.8309152126312256,0.08299148827791214,0.0,399.0,0.0,0.0,0.0,0.0,50.21036417782307,0.4,0.0,0.0,0.0,0.0,250.0,993.3,0.0,0.0,2.47,1.224,3.694,69.231,4.431,0,emon,0.815,0.816,49.4,23.1,2.14
2026-09-17 21:56:42.426,9.6,0,92,25;2;2;92;0;0;16;0;0;0;12;0;3;0;0;2,597,4325,3960;4183;4191;4325;1446;1905;2036;1699;1917;2000;1751;1382;597;648;714;737,0.6,0.0,980.8,0,0,0,0,0,0.0,0,0,0,0,0,0,0,0,0.0,0,0,0,0,0,96.5,0.0,7350.0,0,0,0,66.1,26.68,0.26,0.36,30.98,23.9,63.4,98.45697784423828,0.010404981672763824,0.7809702754020691,0.07876458764076233,0.0,399.0,0.0,0.0,0.0,0.0,50.281212240457535,0.0,0.0,0.0,0.0,0.0,250.0,993.3,0.0,0.0,2.47,1.224,3.694,69.231,4.431,0,emon,0.815,0.816,49.4,23.1,2.14
2026-09-17 21:56:43.427,8.2,0,71,71;0;0;49;0;0;6;0;0;0;2;0;3;0;0;0,600,4461,4461;4441;4027;4376;1463;1284;1546;1740;1837;1378;1784;1308;716;836;817;600,0.0,0.0,980.8,0,0,0,0,0,0.0,0,0,0,0,0,0,0,0,0.0,0,0,0,0,0,100.0,0.0,7350.0,0,0,0,76.1,19.27,0.02,8.71,34.66,23.9,63.4,98.75964736938477,0.010244375094771385,0.8760166168212891,0.08822906762361526,0.0,399.0,0.0,0.0,0.0,0.0,50.19370852410793,0.0,0.0,0.0,0.0,0.0,250.0,980.8,0.0,0.0,2.47,1.224,3.694,69.231,4.431,0,emon,0.815,0.816,49.4,23.1,2.14
2026-09-17 21:56:44.427,8.7,0,100,2;20;2;100;2;0;0;6;2;2;0;3;2;0;0;0,1027,4729,4717;4668;4729;4727;2426;2698;2670;1365;1866;2462;2380;1400;1027;1091;1137;1056,0.0,0.0,980.8,0,0,0,0,0,0.0,0,0,0,0,0,0,0,0,0.0,0,0,0,0,0,0.0,0.0,7350.0,0,0,0,81.1,19.27,0.02,8.71,34.66,23.9,63.4,96.79116439819336,0.006765634752810001,0.8951448798179626,0.08947993814945221,0.0,1199.0,0.0,0.0,0.0,0.0,50.18713800609112,0.0,0.0,0.0,0.0,0.0,450.0,980.8,0.0,0.0,2.47,1.224,3.694,69.231,4.431,0,emon,0.815,0.816,49.4,23.1,2.14
2026-09-17 21:56:45.428,8.2,0,97,0;12;2;97;0;0;0;6;0;0;0;8;6;0;0;0,954,4728,4442;4485;4728;4726;1694;1204;1385;1659;1176;1900;1861;1360;1038;1021;1032;954,0.0,0.0,980.8,0,0,0,0,0,0.0,0,0,0,0,0,0,0,0,0.0,0,0,0,0,0,0.0,0.0,7350.0,0,0,0,80.1,19.27,0.02,8.71,34.66,23.9,63.4,96.40885925292969,0.006917666178196669,0.9709858298301697,0.09759116172790527,0.0,1199.0,0.0,0.0,0.0,0.0,50.235993668437004,0.0,0.0,0.0,0.0,0.0,450.0,980.8,0.0,0.0,2.47,1.224,3.694,69.231,4.431,0,emon,0.815,0.816,49.4,23.1,2.14
2026-09-17 21:56:46.428,8.3,0,92,2;25;0;92;0;0;0;5;0;0;0;6;3;0;0;0,1013,4729,4629;4541;4729;4727;1225;1314;1429;1638;1376;1460;1313;1786;1029;1017;1026;1013,0.0,0.0,980.8,0,0,0,0,0,0.0,0,0,0,0,0,0,0,0,0.0,0,0,0,0,0,0.0,0.0,7350.0,0,0,0,80.1,19.27,0.02,8.71,34.66,23.8,63.4,95.85932159423828,2.1220741122961044,16.577939599752426,15.870026480406523,0.0,899.0,0.0,0.0,0.0,0.0,50.35282674431801,0.0,0.0,0.0,0.0,0.0,450.0,980.8,0.0,0.0,2.47,1.224,3.694,69.231,4.431,0,emon,0.815,0.816,49.4,23.1,2.14
2026-09-17 21:56:47.429,7.8,0,100,0;14;0;100;0;0;0;3;0;0;0;8;0;0;0;0,946,4728,4157;4525;4728;4727;2057;1227;1214;1654;2419;2049;1339;1739;1038;946;967;987,0.2,0.0,980.8,0,0,0,0,0,0.0,0,0,0,0,0,0,0,0,0.0,0,0,0,0,0,0.0,0.0,7350.0,0,0,0,80.1,21.87,0.0,0.32,23.91,23.8,63.4,98.38224411010742,0.006952251773327589,0.9329789876937866,0.09342242777347565,0.0,1199.0,0.0,0.0,0.0,0.0,50.1168317347765,0.0,0.0,0.0,0.0,0.0,450.0,980.8,0.0,0.0,2.47,1.224,3.694,69.231,4.431,0,emon,0.815,0.816,49.4,23.1,2.14
2026-09-17 21:56:48.429,7.8,0,97,3;17;2;97;0;0;0;2;0;0;0;5;0;0;0;0,842,4624,4209;4556;4501;4624;1420;1216;1207;1857;1815;1863;1666;1738;905;939;842;890,0.0,0.0,980.8,0,0,0,0,0,0.0,0,0,0,0,0,0,0,0,0.0,0,0,0,0,0,3.0,0.0,7350.0,0,0,0,79.1,21.87,0.0,0.32,23.91,23.8,63.4,97.23591995239258,0.007374023087322712,0.8898252248764038,0.0888054370880127,0.0,1199.0,0.0,0.0,0.0,0.0,50.2853247821331,0.0,0.0,0.0,0.0,0.0,450.0,980.8,0.0,0.0,2.47,1.224,3.694,69.231,4.431,0,emon,0.815,0.816,49.4,23.1,2.14
2026-09-17 21:56:49.430,11.3,0,98,9;37;3;98;0;0;0;19;0;0;2;9;3;0;0;0,631,4372,4183;4322;4112;4372;1651;1764;2382;1717;2292;2476;1766;1503;631;805;830;767,0.0,0.0,980.8,0,0,0,0,0,0.0,0,0,0,0,0,0,0,0,0.0,0,0,0,0,0,82.9,0.0,7355.9,0,0,0,68.1,21.87,0.0,0.32,23.91,24.0,63.4,96.76084899902344,0.008589224889874458,0.9165123105049133,0.09161839634180069,0.0,1149.0,0.0,0.0,0.0,0.0,50.161162570118904,0.0,0.0,0.0,0.0,0.0,250.0,980.8,0.0,0.0,2.47,1.224,3.694,69.231,4.431,0,emon,0.815,0.816,49.4,23.1,2.14
2026-09-17 21:56:50.431,9.6,0,73,3;54;0;73;0;0;0;5;0;0;0;5;6;0;0;8,623,4299,4299;4285;4290;4298;1342;1320;1337;1856;1706;1511;1447;1771;623;724;636;875,1.4,0.0,948.2,0,0,0,0,0,0.0,0,0,0,0,0,0,0,0,0.0,0,0,0,0,0,85.6,0.0,7371.2,0,0,0,66.1,21.87,0.0,0.32,23.91,24.1,63.4,91.33460998535156,2.993191490881145,19.313583850860596,17.652972012758255,0.010842094042648872,1199.0,0.0,0.0,0.0,0.0,50.07765363032619,0.0,0.0,0.0,0.0,0.0,250.0,980.8,0.0,0.0,0.335,0.649,0.984,12.632,0.808,0.176,emon,0.908,0.913,31.2,26.9,1.161
2026-09-17 21:56:51.431,8.9,0,80,0;80;0;38;0;0;0;12;0;0;0;6;5;0;0;2,459,4363,4225;4363;4135;4271;1675;1306;1239;1714;2693;1490;2889;1667;634;577;459;763,1.4,0.0,948.2,0,0,0,0,0,0.0,0,0,0,0,0,0,0,0,0.0,0,0,0,0,0,85.6,0.0,7371.2,0,0,0,68.1,18.19,0.0,21.11,40.19,24.2,63.4,97.77218627929688,0.010461914353072643,0.8693763017654419,0.08759509772062302,0.0,399.0,0.0,0.0,0.0,0.0,50.41870814561844,0.0,0.0,0.0,0.0,0.0,250.0,948.2,0.0,0.0,0.335,0.649,0.984,12.632,0.808,0.176,emon,0.908,0.913,31.2,26.9,1.161
2026-09-17 21:56:52.432,14.0,0,85,14;85;8;47;3;0;0;21;6;0;0;23;3;0;0;14,614,4326,4166;4326;4129;4226;3241;2113;2108;3079;3345;2083;2589;3036;631;649;614;830,0.0,0.0,948.2,0,0,0,0,0,0.0,0,0,0,0,0,0,0,0,0.0,0,0,0,0,0,81.5,0.0,7375.7,0,0,0,68.1,18.19,0.0,21.11,40.19,24.2,63.4,98.92178726196289,0.008423698134720325,0.9828726649284363,0.09805063903331757,0.0,1149.0,0.0,0.0,0.0,0.0,50.09102962166071,0.0,0.0,0.0,0.0,0.0,250.0,948.2,0.0,0.0,0.335,0.649,0.984,12.632,0.808,0.176,emon,0.908,0.913,31.2,26.9,1.161
2026-09-17 21:56:53.432,8.6,0,82,0;82;2;41;0;0;0;5;0;0;0;10;0;0;0;0,457,4458,3979;4327;4458;4255;2133;1283;1271;1795;1242;1331;1324;1499;618;767;457;657,0.0,0.0,944.2,0,0,0,0,0,0.0,0,0,0,0,0,0,0,0,0.0,0,0,0,0,0,99.9,0.0,7375.7,0,0,0,69.1,18.19,0.0,21.11,40.19,24.3,63.4,97.45152282714844,0.008080954663455486,0.9789745807647705,0.09846685826778412,0.0,1474.0,0.0,0.0,0.0,0.0,50.08706174790859,0.0,0.0,0.0,0.0,0.0,250.0,944.2,0.0,0.0,0.335,0.649,0.984,12.632,0.808,0.176,emon,0.908,0.913,31.2,26.9,1.161
2026-09-17 21:56:54.433,9.1,0,73,2;73;0;39;0;0;0;8;0;2;0;9;11;0;0;2,614,4344,4174;4344;4060;4252;2572;3294;3226;1790;3037;2653;3280;1877;824;622;614;784,0.0,0.0,944.2,0,0,0,0,0,0.0,0,0,0,0,0,0,0,0,0.0,0,0,0,0,0,98.6,0.0,7381.1,0,0,0,67.1,18.19,0.0,21.11,40.19,24.4,63.4,98.47921371459961,0.00836868304759264,0.9289637207984924,0.0928834080696106,0.0,1199.0,0.0,0.0,0.0,0.0,50.10221587121487,0.0,0.0,0.0,0.0,0.0,250.0,944.2,0.0,0.0,0.335,0.649,0.984,12.632,0.808,0.176,emon,0.908,0.913,31.2,26.9,1.161
2026-09-17 21:56:55.433,9.1,0,82,2;82;0;34;0;2;2;6;2;3;2;8;0;0;0;4,669,4364,4277;4364;4308;4265;2776;3280;3313;1959;3000;2311;3315;2290;669;688;683;871,0.0,0.0,944.2,0,0,0,0,0,0.0,0,0,0,0,0,0,0,0,0.0,0,0,0,0,0,91.3,0.0,7391.8,0,0,0,67.1,17.53,0.0,22.17,41.14,24.4,63.4,98.76398086547852,0.008520228788256645,0.999106228351593,0.09967751055955887,0.0,1149.0,0.0,0.0,0.0,0.0,50.04830531030893,0.0,0.0,0.0,0.0,0.0,250.0,944.2,0.0,0.0,0.335,0.649,0.984,12.632,0.808,0.176,emon,0.908,0.913,31.2,26.9,1.161
2026-09-17 21:56:56.434,8.9,0,88,2;88;0;31;0;0;0;9;0;0;0;6;6;0;0;0,453,4416,4242;4358;4416;4271;1225;1237;1235;1914;1307;1271;1241;1551;620;453;510;734,0.0,0.0,944.2,0,0,0,0,0,0.0,0,0,0,0,0,0,0,0,0.0,0,0,0,0,0,93.5,0.0,7391.8,0,0,0,67.1,17.53,0.0,22.17,41.14,24.5,63.4,97.18120956420898,0.008781150914728642,0.859620213508606,0.08651214838027954,0.0,1099.0,0.0,0.0,0.0,0.0,50.15109549462795,0.0,0.0,0.0,0.0,0.0,250.0,944.2,0.0,0.0,0.335,0.649,0.984,12.632,0.808,0.176,emon,0.908,0.913,31.2,26.9,1.161
2026-09-17 21:56:57.435,7.8,0,94,0;23;0;94;0;0;0;0;0;0;0;2;6;0;0;0,493,4371,3949;4141;4100;4371;1367;1304;1296;1577;1422;1310;1252;1492;620;493;800;628,0.0,0.0,944.2,0,0,0,0,0,0.0,0,0,0,0,0,0,0,0,0.0,0,0,0,0,0,100.0,0.0,7408.5,0,0,0,66.1,17.53,0.0,22.17,41.14,24.5,63.4,98.15641784667969,0.008764955215156078,0.899225652217865,0.09058517962694168,0.0,1149.0,0.0,0.0,0.0,0.0,50.09241556376219,0.0,0.0,0.0,0.0,0.0,250.0,944.2,0.0,0.0,0.335,0.649,0.984,12.632,0.808,0.176,emon,0.908,0.913,31.2,26.9,1.161
2026-09-17 21:56:58.435,9.3,0,72,8;46;0;72;0;0;0;5;0;0;0;6;3;0;0;9,630,4347,4189;4335;4237;4347;1550;2098;2097;2206;1736;1840;1864;1896;630;783;633;896,0.5,0.0,949.1,0,0,0,0,0,0.0,0,0,0,0,0,0,0,0,0.0,0,0,0,0,0,98.5,0.0,7408.5,0,0,0,64.1,17.53,0.0,22.17,41.14,24.6,63.4,95.28860219319661,1.7540988206552963,14.339262425899506,13.059940298398336,0.014229497076788297,1190.6666666666667,0.0,0.0,0.0,0.0,50.093215653051935,0.0,0.0,0.0,0.0,0.0,250.0,944.2,0.0,0.0,0.335,0.649,0.984,12.632,0.808,0.176,emon,0.908,0.913,31.2,26.9,1.161
2026-09-17 21:56:59.435,8.1,0,87,0;87;0;29;0;0;0;3;0;0;0;2;6;2;0;2,766,4364,4008;4364;3705;4208;1761;1740;2302;1496;1720;2236;1701;1567;776;790;777;766,0.0,0.0,949.1,0,0,0,0,0,0.0,0,0,0,0,0,0,0,0,0.0,0,0,0,0,0,100.0,0.0,7431.5,0,0,0,66.1,17.18,0.0,18.94,39.67,24.6,63.4,98.92791366577148,0.008417711593210697,0.8678178191184998,0.08678881078958511,0.0,1149.0,0.0,0.0,0.0,0.0,50.12700293958187,0.0,0.0,0.0,0.0,0.0,250.0,949.1,0.0,0.0,0.335,0.649,0.984,12.632,0.808,0.176,emon,0.908,0.913,31.2,26.9,1.161
2026-09-17 21:57:00.436,9.8,0,65,8;54;0;65;0;0;0;12;2;0;0;17;0;0;0;0,532,4327,4102;4327;4083;4259;1528;1145;1291;1934;2915;1587;1252;2218;615;587;532;761,0.1,0.0,945.1,0,0,0,0,0,0.0,0,0,0,0,0,0,0,0,0.0,0,0,0,0,0,100.0,0.0,7431.5,0,0,0,64.1,17.18,0.0,18.94,39.67,24.8,63.4,99.16896057128906,0.007947939448058605,0.8928694128990173,0.08976496011018753,0.0,1049.0,0.0,0.0,0.0,0.0,50.069140523672104,0.0,0.0,0.0,0.0,0.0,250.0,949.1,0.0,0.0,0.335,0.649,0.984,12.632,0.808,0.176,emon,0.908,0.913,31.2,26.9,1.161
2026-09-17 21:57:01.436,7.7,0,97,2;14;0;97;0;0;0;8;0;0;0;3;0;0;0;0,485,4358,3792;4075;4358;4331;1425;1451;1401;1915;1287;1151;1143;1617;605;485;518;648,0.2,0.0,945.1,0,0,0,0,0,0.0,0,0,0,0,0,0,0,0,0.0,0,0,0,0,0,100.0,0.0,7453.9,0,0,0,65.1,17.18,0.0,18.94,39.67,24.8,63.4,98.90548261006673,0.5040862429110954,11.987790217002233,7.745619231214126,0.4673487941424052,1032.3333333333333,0.0,0.0,0.0,0.0,50.13804994523525,0.0,0.0,0.0,0.0,0.0,250.0,945.1,0.0,0.0,42.322,22.882,65.204,20.936,1.34,63.864,emon,0.877,0.667,60.8,28.4,2.141
2026-09-17 21:57:02.437,9.5,0,95,0;35;0;95;0;0;0;8;0;0;0;6;5;0;0;3,462,4355,3956;4177;4338;4355;1221;1207;1277;1479;1220;1215;1217;1507;647;640;462;890,0.0,0.0,945.1,0,0,0,0,0,0.0,0,0,0,0,0,0,0,0,0.0,0,0,0,0,0,93.7,0.0,7453.9,0,0,0,67.1,17.02,0.0,17.57,38.56,24.8,63.4,99.07218551635742,0.0089420722797513,0.830193042755127,0.0834028348326683,0.0,1049.0,0.0,0.0,0.0,0.0,50.09205687046051,0.0,0.0,0.0,0.0,0.0,250.0,945.1,0.0,0.0,42.322,22.882,65.204,20.936,1.34,63.864,emon,0.877,0.667,60.8,28.4,2.141
2026-09-17 21:57:03.437,22.3,9,79,22;56;17;79;11;11;11;34;17;9;14;22;12;12;11;19,1500,4593,4593;4449;4579;4439;3430;3432;3439;3080;3412;3369;3381;3118;1500;2203;2134;2308,0.0,0.0,945.1,0,0,0,0,0,0.0,0,0,0,0,0,0,0,0,0.0,0,0,0,0,0,93.7,0.0,7453.9,0,0,0,67.1,17.02,0.0,17.57,38.56,24.8,63.4,98.85737609863281,0.008647534064948559,0.9176498651504517,0.09213028848171234,0.0,1149.0,0.0,0.0,0.0,0.0,50.19327361136675,0.0,0.0,0.0,0.0,0.0,250.0,945.1,0.0,0.0,42.322,22.882,65.204,20.936,1.34,63.864,emon,0.877,0.667,60.8,28.4,2.141
2026-09-17 21:57:04.437,8.1,0,70,2;70;0;43;0;0;0;11;0;0;0;0;3;0;0;2,515,4361,4361;4344;3798;4263;1326;1235;1214;1303;1208;1199;1211;1460;603;515;537;720,0.0,0.0,945.1,0,0,0,0,0,0.0,0,0,0,0,0,0,0,0,0.0,0,0,0,0,0,44.9,0.0,7490.2,0,0,0,68.1,17.02,0.0,17.57,38.56,24.8,63.4,99.03497695922852,0.010195937007665634,0.8244091272354126,0.08302928507328033,0.0,674.0,0.0,0.0,0.0,0.0,50.14339302480221,0.0,0.0,0.0,0.0,0.0,250.0,945.1,0.0,0.0,42.322,22.882,65.204,20.936,1.34,63.864,emon,0.877,0.667,60.8,28.4,2.141
2026-09-17 21:57:05.438,8.6,0,98,0;22;0;98;0;0;0;6;0;0;0;6;0;3;0;2,631,4332,4111;4229;4030;4332;2111;2477;2165;1568;1995;1910;2006;1706;631;777;774;816,0.0,0.0,945.1,0,0,0,0,0,0.0,0,0,0,0,0,0,0,0,0.0,0,0,0,0,0,93.5,0.0,7490.2,0,0,0,66.1,17.02,0.0,17.57,38.56,24.8,63.4,99.03497695922852,0.010195937007665634,0.8244091272354126,0.08302928507328033,0.0,674.0,0.0,0.0,0.0,0.0,50.14339302480221,0.0,0.0,0.0,0.0,0.0,250.0,945.1,0.0,0.0,42.322,22.882,65.204,20.936,1.34,63.864,emon,0.877,0.667,60.8,28.4,2.141
2026-09-17 21:57:06.439,9.5,0,94,0;27;0;94;0;0;0;5;0;0;0;11;13;0;0;2,630,4312,3915;4177;3984;4312;2355;1313;1315;1604;1635;1689;1467;1696;630;710;890;811,0.0,0.0,945.1,0,0,0,0,0,0.0,0,0,0,0,0,0,0,0,0.0,0,0,0,0,0,92.5,0.0,7490.2,0,0,0,65.1,18.59,0.0,6.0,35.11,24.8,63.4,97.6329517364502,0.008011984638869762,1.0049819350242615,0.10058341547846794,0.0,1174.0,0.0,0.0,0.0,0.0,50.14314742386341,0.0,0.0,0.0,0.0,0.0,250.0,945.1,0.0,0.0,42.322,22.882,65.204,20.936,1.34,63.864,emon,0.877,0.667,60.8,28.4,2.141
2026-09-17 21:57:07.439,9.1,0,96,3;27;0;96;2;0;0;6;0;0;0;3;2;0;0;8,643,4374,3806;4178;4359;4374;1134;1288;1285;1642;1361;1384;1309;1561;643;662;714;869,0.0,0.0,945.1,0,0,0,0,0,0.0,0,0,0,0,0,0,0,0,0.0,0,0,0,0,0,100.0,0.0,7490.2,0,0,0,67.1,18.59,0.0,6.0,35.11,24.8,63.4,98.59789657592773,0.007766690570861101,0.8828448057174683,0.08840075135231018,0.0,1199.0,0.0,0.0,0.0,0.0,50.09802958369255,0.0,0.0,0.0,0.0,0.0,250.0,945.1,0.0,0.0,42.322,22.882,65.204,20.936,1.34,63.864,emon,0.877,0.667,60.8,28.4,2.141
2026-09-17 21:57:08.440,9.7,0,94,2;22;0;94;0;0;0;11;0;0;0;9;2;3;0;12,638,4326,4156;4161;4093;4326;2265;1658;1650;1841;2320;1550;1461;1842;638;863;711;887,0.0,0.0,945.1,0,0,0,0,0,0.0,0,0,0,0,0,0,0,0,0.0,0,0,0,0,0,100.0,0.0,7490.2,0,0,0,65.1,18.59,0.0,6.0,35.11,24.8,63.4,98.76313400268555,0.008501870557665825,0.9428362250328064,0.09436164796352386,0.0,1049.0,0.0,0.0,0.0,0.0,50.15416248142719,0.0,0.0,0.0,0.0,0.0,250.0,945.1,0.0,0.0,42.322,22.882,65.204,20.936,1.34,63.864,emon,0.877,0.667,60.8,28.4,2.141
2026-09-17 21:57:09.440,8.8,0,97,2;16;2;97;0;0;0;5;0;0;0;12;8;0;0;0,540,4309,4220;4161;4057;4309;1187;1191;1202;1800;1312;1213;1434;1907;799;540;544;728,0.0,0.0,945.1,0,0,0,0,0,0.0,0,0,0,0,0,0,0,0,0.0,0,0,0,0,0,94.2,0.0,7490.2,0,0,0,65.1,18.59,0.0,6.0,35.11,24.8,63.4,98.2022705078125,0.00793326087296009,1.0341238975524902,0.10331334173679352,0.0,1174.0,0.0,0.0,0.0,0.0,50.089237950742245,0.0,0.0,0.0,0.0,0.0,250.0,945.1,0.0,0.0,42.322,22.882,65.204,20.936,1.34,63.864,emon,0.877,0.667,60.8,28.4,2.141
2026-09-17 21:57:10.441,7.9,0,88,0;19;0;88;0;0;0;5;0;0;0;6;3;0;0;6,605,4354,4158;4204;4345;4354;1239;1057;1036;1568;1327;1087;977;1495;605;792;671;929,0.0,0.0,945.1,0,0,0,0,0,0.0,0,0,0,0,0,0,0,0,0.0,0,0,0,0,0,93.7,0.0,7490.2,0,0,0,67.1,17.47,0.0,3.42,33.97,24.8,63.4,98.57779312133789,0.00786839984357357,1.040751576423645,0.1041572317481041,0.0,1199.0,0.0,0.0,0.0,0.0,50.123229414224625,0.0,0.0,0.0,0.0,0.0,250.0,945.1,0.0,0.0,42.322,22.882,65.204,20.936,1.34,63.864,emon,0.877,0.667,60.8,28.4,2.141
2026-09-17 21:57:11.442,9.0,0,96,0;19;2;96;0;0;0;9;0;0;0;9;6;2;0;2,578,4323,3947;4230;3859;4323;1429;1265;1188;1665;2041;1325;1405;2045;620;776;578;753,0.0,0.0,945.1,0,0,0,0,0,0.0,0,0,0,0,0,0,0,0,0.0,0,0,0,0,0,100.0,0.0,7490.2,0,0,0,66.1,17.47,0.0,3.42,33.97,24.8,63.4,98.00999450683594,0.010315481573343277,0.7856137752532959,0.07917562872171402,0.0,399.0,0.0,0.0,0.0,0.0,50.385496348142624,0.0,0.0,0.0,0.0,0.0,250.0,945.1,0.0,0.0,42.322,22.882,65.204,20.936,1.34,63.864,emon,0.877,0.667,60.8,28.4,2.141
2026-09-17 21:57:12.452,8.4,0,97,0;22;0;97;0;0;0;3;0;0;0;0;6;0;0;6,531,4432,4323;4133;4432;4340;1272;1387;1230;1488;1288;1317;1526;1312;605;764;531;932,0.0,0.0,945.1,0,0,0,0,0,0.0,0,0,0,0,0,0,0,0,0.0,0,0,0,0,0,100.0,0.0,7490.2,0,0,0,67.1,17.47,0.0,3.42,33.97,24.8,63.4,96.80485916137695,0.00827315729111433,1.0268303155899048,0.10248040407896042,0.0,1149.0,0.0,0.0,0.0,0.0,50.14245180785656,0.0,0.0,0.0,0.0,0.0,250.0,945.1,0.0,0.0,42.322,22.882,65.204,20.936,1.34,63.864,emon,0.877,0.667,60.8,28.4,2.141
2026-09-17 21:57:13.452,9.3,0,94,5;22;0;94;0;0;0;10;3;0;0;8;0;0;0;8,611,4359,4148;4182;4151;4359;1206;1235;1220;1400;1542;1234;1261;1627;611;794;875;892,0.0,0.0,945.1,0,0,0,0,0,0.0,0,0,0,0,0,0,0,0,0.0,0,0,0,0,0,93.6,0.0,7490.2,0,0,0,67.1,17.47,0.0,3.42,33.97,24.8,63.4,98.01498794555664,0.007970335893332958,0.9066947102546692,0.09050187468528748,0.0,1074.0,0.0,0.0,0.0,0.0,50.09369448572397,0.0,0.0,0.0,0.0,0.0,250.0,945.1,0.0,0.0,90.289,1.665,91.954,10.169,0.651,91.303,emon,0.898,0.739,41.5,19.3,2.149
2026-09-17 21:57:14.453,8.8,0,95,19;0;0;95;5;0;0;0;8;0;0;0;12;0;0;2,527,4418,4231;4412;4418;4356;1702;1234;1242;1255;1592;1985;1237;1301;793;717;527;802,0.0,0.0,945.1,0,0,0,0,0,0.0,0,0,0,0,0,0,0,0,0.0,0,0,0,0,0,93.3,0.0,7490.2,0,0,0,67.1,17.48,0.0,3.42,33.71,24.8,63.4,96.44449234008789,0.00803594570606947,0.9910613894462585,0.09897509962320328,0.0,1199.0,0.0,0.0,0.0,0.0,50.13808813691139,0.0,0.0,0.0,0.0,0.0,250.0,945.1,0.0,0.0,90.289,1.665,91.954,10.169,0.651,91.303,emon,0.898,0.739,41.5,19.3,2.149
2026-09-17 21:57:15.453,9.0,0,97,19;2;0;97;3;0;3;0;8;0;0;0;6;5;2;0,445,4347,4118;4345;3443;4347;1810;1295;1291;1421;1483;1143;1254;1240;610;527;460;445,0.0,0.0,945.1,0,0,0,0,0,0.0,0,0,0,0,0,0,0,0,0.0,0,0,0,0,0,93.6,0.0,7490.2,0,0,0,67.1,17.48,0.0,3.42,33.71,24.8,63.4,97.83319473266602,0.0079660564661026,0.8553600311279297,0.08598767220973969,0.0,1124.0,0.0,0.0,0.0,0.0,50.138684801757336,0.0,0.0,0.0,0.0,0.0,250.0,945.1,0.0,0.0,90.289,1.665,91.954,10.169,0.651,91.303,emon,0.898,0.739,41.5,19.3,2.149
2026-09-17 21:57:16.454,8.6,0,97,19;0;0;97;8;0;0;0;6;0;0;0;6;0;2;0,626,4353,4228;3898;3957;4353;1617;1296;1175;1191;1532;1967;1721;1203;626;636;702;711,0.0,0.0,945.1,0,0,0,0,0,0.0,0,0,0,0,0,0,0,0,0.0,0,0,0,0,0,93.6,0.0,7490.2,0,0,0,66.1,17.48,0.0,3.42,33.71,24.8,63.4,97.9881477355957,0.010136396624147892,0.8704903721809387,0.08750846236944199,0.0,399.0,0.0,0.0,0.0,0.0,50.35020160675049,0.0,0.0,0.0,0.0,0.0,250.0,945.1,0.0,0.0,90.289,1.665,91.954,10.169,0.651,91.303,emon,0.898,0.739,41.5,19.3,2.149
2026-09-17 21:57:17.454,9.0,0,97,26;0;0;97;3;0;0;0;3;0;0;0;15;0;0;0,489,4359,4098;4084;3965;4359;1755;1311;1307;1242;1470;1333;1626;1296;831;612;500;489,0.0,0.0,945.1,0,0,0,0,0,0.0,0,0,0,0,0,0,0,0,0.0,0,0,0,0,0,100.0,0.0,7490.2,0,0,0,66.1,17.48,0.0,3.42,33.71,24.8,63.4,98.92926788330078,0.008242722600698471,0.8969149589538574,0.09013624489307404,0.0,1099.0,0.0,0.0,0.0,0.0,50.02766702696681,0.0,0.0,0.0,0.0,0.0,250.0,945.1,0.0,0.0,90.289,1.665,91.954,10.169,0.651,91.303,emon,0.898,0.739,41.5,19.3,2.149
2026-09-17 21:57:18.455,8.4,0,95,22;2;0;95;2;0;0;0;8;0;0;0;2;5;0;0,518,4367,4182;3932;4036;4367;1523;1167;1191;1345;1700;1165;1276;1336;696;901;518;905,0.0,0.0,945.1,0,0,0,0,0,0.0,0,0,0,0,0,0,0,0,0.0,0,0,0,0,0,100.0,0.0,7490.2,0,0,0,66.1,17.5,0.0,3.41,33.77,24.8,63.4,97.76592636108398,0.007999293506145477,0.9858149886131287,0.09908802062273026,0.0,1199.0,0.0,0.0,0.0,0.0,50.08050722628832,0.0,0.0,0.0,0.0,0.0,250.0,945.1,0.0,0.0,90.289,1.665,91.954,10.169,0.651,91.303,emon,0.898,0.739,41.5,19.3,2.149
2026-09-17 21:57:19.455,8.7,0,98,20;2;0;98;6;0;0;0;6;0;0;0;6;0;0;0,520,4337,4200;4078;4163;4337;1762;1501;1271;1285;1590;1294;1367;1409;732;870;520;630,0.0,0.0,945.1,0,0,0,0,0,0.0,0,0,0,0,0,0,0,0,0.0,0,0,0,0,0,93.6,0.0,7490.2,0,0,0,66.1,17.5,0.0,3.41,33.77,24.8,63.4,98.79766464233398,0.008661889471113682,0.8717888593673706,0.08779025077819824,0.0,999.0,0.0,0.0,0.0,0.0,50.1242949962616,0.0,0.0,0.0,0.0,0.0,250.0,945.1,0.0,0.0,90.289,1.665,91.954,10.169,0.651,91.303,emon,0.898,0.739,41.5,19.3,2.149
2026-09-17 21:57:20.456,8.3,0,98,23;0;0;98;5;0;0;0;3;0;0;0;3;0;0;0,509,4367,4211;4231;3766;4367;1914;1232;1487;1900;1488;2437;1282;1309;626;571;509;530,0.0,0.0,945.1,0,0,0,0,0,0.0,0,0,0,0,0,0,0,0,0.0,0,0,0,0,0,93.9,0.0,7490.2,0,0,0,67.1,17.5,0.0,3.41,33.77,24.8,63.4,83.07823689778645,0.00671908197303613,0.5819882154464722,0.05863925814628601,0.0,399.0,0.0,0.0,0.0,0.0,33.58285723129908,0.0,0.0,0.0,0.0,0.0,250.0,945.1,0.0,0.0,90.289,1.665,91.954,10.169,0.651,91.303,emon,0.898,0.739,41.5,19.3,2.149
2026-09-17 21:57:21.465,9.6,0,98,15;5;2;98;14;0;0;0;12;0;0;0;8;0;0;0,470,4380,4105;4097;3595;4380;1575;2887;1383;1312;1777;1516;1262;1240;619;677;491;470,0.0,0.0,945.1,0,0,0,0,0,0.0,0,0,0,0,0,0,0,0,0.0,0,0,0,0,0,100.0,0.0,7490.2,0,0,0,67.1,17.5,0.0,3.41,33.77,24.8,63.4,98.86653518676758,0.008620633743703365,0.9673801064491272,0.09707405418157578,0.0,999.0,0.0,0.0,0.0,0.0,50.10811649262905,0.0,0.0,0.0,0.0,0.0,250.0,945.1,0.0,0.0,90.289,1.665,91.954,10.169,0.651,91.303,emon,0.898,0.739,41.5,19.3,2.149
2026-09-17 21:57:22.466,9.3,0,97,17;2;0;97;9;0;0;0;16;0;0;0;5;2;2;0,648,4336,4242;4105;4109;4336;1808;1374;1497;1384;1939;2252;1299;1666;721;798;785;648,0.0,0.0,945.1,0,0,0,0,0,0.0,0,0,0,0,0,0,0,0,0.0,0,0,0,0,0,100.0,0.0,7490.2,0,0,0,66.1,17.51,0.0,3.41,33.77,24.8,63.4,98.39098358154297,0.010124895721673965,0.8522573113441467,0.0859345942735672,0.0,399.0,0.0,0.0,0.0,0.0,50.299275517463684,0.0,0.0,0.0,0.0,0.0,250.0,945.1,0.0,0.0,90.289,1.665,91.954,10.169,0.651,91.303,emon,0.898,0.739,41.5,19.3,2.149
2026-09-17 21:57:23.467,8.0,0,95,12;5;0;95;3;0;0;0;8;0;0;0;5;0;0;0,641,4348,4206;4188;3823;4348;1536;1501;1578;1264;1457;1527;1975;1284;761;641;729;708,0.0,0.0,945.1,0,0,0,0,0,0.0,0,0,0,0,0,0,0,0,0.0,0,0,0,0,0,93.6,0.0,7490.2,0,0,0,66.1,17.51,0.0,3.41,33.77,24.8,63.4,98.72262573242188,0.008211025968194008,0.8433699011802673,0.08421968668699265,0.0,1199.0,0.0,0.0,0.0,0.0,50.1257760822773,0.0,0.0,0.0,0.0,0.0,250.0,945.1,0.0,0.0,90.289,1.665,91.954,10.169,0.651,91.303,emon,0.898,0.739,41.5,19.3,2.149
2026-09-17 21:57:24.467,9.8,0,95,27;0;0;95;5;0;0;0;8;0;0;0;20;0;0;2,522,4352,4222;4237;4352;4352;1562;2562;1224;1302;1791;2676;2518;1745;817;522;737;779,0.0,0.0,945.1,0,0,0,0,0,0.0,0,0,0,0,0,0,0,0,0.0,0,0,0,0,0,94.0,0.0,7490.2,0,0,0,66.1,17.51,0.0,3.41,33.77,24.8,63.4,99.12912368774414,0.008243745192885399,0.9899191856384277,0.09927951544523239,0.0,1199.0,0.0,0.0,0.0,0.0,50.04174470156431,0.0,0.0,0.0,0.0,0.0,250.0,945.1,0.0,0.0,90.289,1.665,91.954,10.169,0.651,91.303,emon,0.898,0.739,41.5,19.3,2.149
2026-09-17 21:57:25.468,8.5,0,93,24;0;0;93;3;0;0;0;9;0;0;0;6;0;0;0,489,4421,4218;3858;4421;4359;1613;1228;1186;1176;1728;1374;1220;1325;837;725;500;489,0.0,0.0,945.1,0,0,0,0,0,0.0,0,0,0,0,0,0,0,0,0.0,0,0,0,0,0,100.0,0.0,7490.2,0,0,0,66.1,17.51,0.0,3.41,33.77,24.8,63.4,97.4528579711914,0.00780152203515172,0.9651743769645691,0.09686967730522156,0.0,1199.0,0.0,0.0,0.0,0.0,50.112321227788925,0.0,0.0,0.0,0.0,0.0,250.0,945.1,0.0,0.0,90.293,1.663,91.956,11.514,0.737,91.219,emon,0.897,0.732,41.5,19.3,2.148
2026-09-17 21:57:26.468,9.6,0,80,39;0;0;80;8;0;0;0;14;0;0;0;12;0;0;0,542,4391,4224;4045;4391;4286;1888;1297;1234;1227;1525;1714;1376;1550;816;697;542;582,0.0,0.0,945.1,0,0,0,0,0,0.0,0,0,0,0,0,0,0,0,0.0,0,0,0,0,0,93.4,0.0,7490.2,0,0,0,65.1,17.48,0.0,3.42,33.7,24.8,63.4,98.04370880126953,0.008042010478675365,1.0475127696990967,0.10447871685028076,0.0,1199.0,0.0,0.0,0.0,0.0,50.217194601893425,0.0,0.0,0.0,0.0,0.0,250.0,945.1,0.0,0.0,90.293,1.663,91.956,11.514,0.737,91.219,emon,0.897,0.732,41.5,19.3,2.148
2026-09-17 21:57:27.469,8.5,0,80,80;5;0;31;8;0;0;0;3;0;0;0;9;0;0;0,547,4402,4363;3993;4402;4228;1447;1344;1193;1193;1427;1449;1196;1181;611;547;685;555,0.0,0.0,945.1,0,0,0,0,0,0.0,0,0,0,0,0,0,0,0,0.0,0,0,0,0,0,93.5,0.0,7490.2,0,0,0,67.1,17.48,0.0,3.42,33.7,24.8,63.4,97.41315460205078,0.00849455688148737,0.9063336253166199,0.0908256322145462,0.0,999.0,0.0,0.0,0.0,0.0,50.18205824494362,0.0,0.0,0.0,0.0,0.0,250.0,945.1,0.0,0.0,90.293,1.663,91.956,11.514,0.737,91.219,emon,0.897,0.732,41.5,19.3,2.148
2026-09-17 21:57:28.470,8.6,0,96,22;6;0;96;5;0;0;0;5;0;0;0;5;0;0;0,543,4381,4164;4067;4381;4371;1520;1260;1232;1266;1429;2103;2400;1939;683;774;548;543,0.0,0.0,945.1,0,0,0,0,0,0.0,0,0,0,0,0,0,0,0,0.0,0,0,0,0,0,93.5,0.0,7490.2,0,0,0,68.1,17.48,0.0,3.42,33.7,24.8,63.4,98.34011459350586,0.010196156799793243,0.7941903471946716,0.07961783558130264,0.0,649.0,0.0,0.0,0.0,0.0,50.18387225270271,0.0,0.0,0.0,0.0,0.0,250.0,945.1,0.0,0.0,90.293,1.663,91.956,11.514,0.737,91.219,emon,0.897,0.732,41.5,19.3,2.148
2026-09-17 21:57:29.470,8.4,0,95,18;0;0;95;6;0;0;0;9;0;0;0;5;0;0;0,602,4402,4193;3996;4402;4370;1515;1570;1229;1219;1736;1447;2134;1739;796;602;861;670,0.0,0.0,945.1,0,0,0,0,0,0.0,0,0,0,0,0,0,0,0,0.0,0,0,0,0,0,100.0,0.0,7490.2,0,0,0,67.1,17.48,0.0,3.42,33.7,24.8,63.4,98.70931243896484,0.008408600464463234,0.8815532922744751,0.08830530941486359,0.0,1049.0,0.0,0.0,0.0,0.0,50.139283418655396,0.0,0.0,0.0,0.0,0.0,250.0,945.1,0.0,0.0,90.293,1.663,91.956,11.514,0.737,91.219,emon,0.897,0.732,41.5,19.3,2.148
2026-09-17 21:57:30.494,9.3,0,98,11;4;3;98;11;0;0;0;15;0;0;0;6;0;0;0,478,4361,4226;4126;4347;4361;1540;1434;1227;1157;1544;1436;2064;1332;766;650;513;478,0.0,0.0,945.1,0,0,0,0,0,0.0,0,0,0,0,0,0,0,0,0.0,0,0,0,0,0,100.0,0.0,7490.2,0,0,0,66.1,17.46,0.0,3.42,33.75,24.9,63.4,98.70931243896484,0.008408600464463234,0.8815532922744751,0.08830530941486359,0.0,1049.0,0.0,0.0,0.0,0.0,50.139283418655396,0.0,0.0,0.0,0.0,0.0,250.0,945.1,0.0,0.0,90.293,1.663,91.956,11.514,0.737,91.219,emon,0.897,0.732,41.5,19.3,2.148
2026-09-17 21:57:31.494,8.6,0,98,18;2;0;98;6;0;0;0;8;0;0;0;3;2;0;0,481,4369,4255;4246;4306;4369;1590;1205;1206;1247;1407;1633;1375;1264;608;768;549;481,0.0,0.0,945.1,0,0,0,0,0,0.0,0,0,0,0,0,0,0,0,0.0,0,0,0,0,0,93.8,0.0,7490.2,0,0,0,67.1,17.46,0.0,3.42,33.75,24.8,63.4,98.20504760742188,0.008640467189252377,0.9457440376281738,0.0951380506157875,0.0,1199.0,0.0,0.0,0.0,0.0,50.18119688332081,0.0,0.0,0.0,0.0,0.0,250.0,945.1,0.0,0.0,90.293,1.663,91.956,11.514,0.737,91.219,emon,0.897,0.732,41.5,19.3,2.148
2026-09-17 21:57:32.494,8.4,0,98,17;3;0;98;5;0;0;0;9;0;0;0;2;0;0;0,560,4416,4193;4318;4416;4347;1599;1221;1197;1192;1511;1220;1213;1206;729;560;568;576,0.0,0.0,945.1,0,0,0,0,0,0.0,0,0,0,0,0,0,0,0,0.0,0,0,0,0,0,93.4,0.0,7490.2,0,0,0,67.1,17.46,0.0,3.42,33.75,24.8,63.4,98.46628189086914,0.008209590800106525,0.9996771216392517,0.09980979561805725,0.0,1199.0,0.0,0.0,0.0,0.0,50.160477221012115,0.0,0.0,0.0,0.0,0.0,250.0,945.1,0.0,0.0,90.293,1.663,91.956,11.514,0.737,91.219,emon,0.897,0.732,41.5,19.3,2.148
2026-09-17 21:57:33.495,8.2,0,97,22;0;0;97;6;0;0;0;3;0;0;0;2;0;2;0,562,4322,4198;4054;4113;4322;1971;1354;1473;1305;1514;1374;2144;2176;624;811;773;562,0.0,0.0,945.1,0,0,0,0,0,0.0,0,0,0,0,0,0,0,0,0.0,0,0,0,0,0,92.8,0.0,7490.2,0,0,0,65.1,17.46,0.0,3.42,33.75,24.8,63.4,97.99729537963867,0.010008401237428188,0.8236445188522339,0.08304689824581146,0.0,399.0,0.0,0.0,0.0,0.0,50.37531101703644,0.0,0.0,0.0,0.0,0.0,250.0,945.1,0.0,0.0,90.293,1.663,91.956,11.514,0.737,91.219,emon,0.897,0.732,41.5,19.3,2.148
2026-09-17 21:57:34.495,8.5,0,100,15;2;0;100;3;0;0;0;8;0;0;0;6;2;0;0,496,4337,4106;4084;4332;4337;1783;1711;1270;1205;1551;2595;1750;2396;823;740;496;497,0.0,0.0,945.1,0,0,0,0,0,0.0,0,0,0,0,0,0,0,0,0.0,0,0,0,0,0,100.0,0.0,7490.2,0,0,0,65.1,17.51,0.0,3.4,33.75,24.8,63.4,97.93008422851562,0.008148707449436188,1.0166831016540527,0.10223989933729172,0.0,1074.0,0.0,0.0,0.0,0.0,50.1027716845274,0.0,0.0,0.0,0.0,0.0,250.0,945.1,0.0,0.0,90.293,1.663,91.956,11.514,0.737,91.219,emon,0.897,0.732,41.5,19.3,2.148
2026-09-17 21:57:35.495,8.3,0,97,16;0;0;97;9;0;0;0;9;0;0;0;2;0;0;0,467,4360,4239;4026;3666;4360;1533;1228;1157;1224;1566;1303;1688;1788;633;543;508;467,0.0,0.0,945.1,0,0,0,0,0,0.0,0,0,0,0,0,0,0,0,0.0,0,0,0,0,0,93.5,0.0,7490.2,0,0,0,66.1,17.51,0.0,3.4,33.75,24.8,63.4,97.30176162719727,0.008165989071130753,0.8727545738220215,0.08731028437614441,0.0,1199.0,0.0,0.0,0.0,0.0,50.13883751630783,0.0,0.0,0.0,0.0,0.0,250.0,945.1,0.0,0.0,90.293,1.663,91.956,11.514,0.737,91.219,emon,0.897,0.732,41.5,19.3,2.148
2026-09-17 21:57:36.496,8.7,0,97,17;3;0;97;2;0;0;0;9;2;0;0;9;0;0;0,503,4356,4023;4249;4317;4356;1494;1219;1203;1204;1465;1278;1222;1225;820;503;795;537,0.0,0.0,945.1,0,0,0,0,0,0.0,0,0,0,0,0,0,0,0,0.0,0,0,0,0,0,93.3,0.0,7490.2,0,0,0,66.1,17.51,0.0,3.4,33.75,24.8,63.4,98.52660369873047,0.008022923022508621,1.0369747877120972,0.10415524244308472,0.0,1199.0,0.0,0.0,0.0,0.0,50.10611701011658,0.0,0.0,0.0,0.0,0.0,250.0,945.1,0.0,0.0,90.293,1.663,91.956,11.514,0.737,91.219,emon,0.897,0.732,41.5,19.3,2.148
2026-09-17 21:57:37.496,8.8,0,82,41;3;0;82;3;0;0;0;5;0;0;0;6;0;0;0,482,4345,4278;4173;3714;4345;1959;1586;1402;1305;1600;2310;1246;1367;632;574;503;482,0.0,0.0,945.1,0,0,0,0,0,0.0,0,0,0,0,0,0,0,0,0.0,0,0,0,0,0,93.5,0.0,7490.2,0,0,0,67.1,17.51,0.0,3.4,33.75,24.8,63.4,98.53462600708008,0.007677025627344847,0.9314392805099487,0.09355857968330383,0.0,1074.0,0.0,0.0,0.0,0.0,50.124744698405266,0.0,0.0,0.0,0.0,0.0,250.0,945.1,0.0,0.0,90.462,1.648,92.111,10.997,0.704,91.407,emon,0.897,0.743,41.9,19.5,2.145
2026-09-17 21:57:38.497,8.3,0,92,27;0;0;92;6;0;0;0;6;0;0;0;0;2;0;0,583,4365,4168;4143;4365;4326;1363;1592;1236;1239;1580;1258;1484;1235;608;790;674;583,0.0,0.0,945.1,0,0,0,0,0,0.0,0,0,0,0,0,0,0,0,0.0,0,0,0,0,0,100.0,0.0,7490.2,0,0,0,66.1,17.47,0.0,3.42,33.76,24.8,63.4,98.92643737792969,0.007976916618645191,0.9434760212898254,0.09457524120807648,0.0,1199.0,0.0,0.0,0.0,0.0,50.058905228972435,0.0,0.0,0.0,0.0,0.0,250.0,945.1,0.0,0.0,90.462,1.648,92.111,10.997,0.704,91.407,emon,0.897,0.743,41.9,19.5,2.145
2026-09-17 21:57:39.512,8.8,0,95,17;0;0;95;8;0;0;0;8;0;0;0;13;0;0;0,594,4419,4130;4361;4419;4318;1300;1358;1167;1276;1466;1446;1302;1488;827;724;594;771,0.0,0.0,945.1,0,0,0,0,0,0.0,0,0,0,0,0,0,0,0,0.0,0,0,0,0,0,100.0,0.0,7490.2,0,0,0,65.1,17.47,0.0,3.42,33.76,24.8,63.4,97.05693817138672,0.007872226648032665,0.9090295433998108,0.09072434157133102,0.0,1199.0,0.0,0.0,0.0,0.0,50.159186378121376,0.0,0.0,0.0,0.0,0.0,250.0,945.1,0.0,0.0,90.462,1.648,92.111,10.997,0.704,91.407,emon,0.897,0.743,41.9,19.5,2.145
2026-09-17 21:57:40.513,10.0,0,96,26;3;0;96;14;0;0;0;12;0;0;0;9;0;0;0,491,4334,4198;4046;3807;4334;1528;2326;1871;1745;1974;2035;1428;1436;795;544;784;491,0.0,0.0,945.1,0,0,0,0,0,0.0,0,0,0,0,0,0,0,0,0.0,0,0,0,0,0,93.7,0.0,7490.2,0,0,0,66.1,17.47,0.0,3.42,33.76,24.8,63.4,97.05693817138672,0.007872226648032665,0.9090295433998108,0.09072434157133102,0.0,1199.0,0.0,0.0,0.0,0.0,50.159186378121376,0.0,0.0,0.0,0.0,0.0,250.0,945.1,0.0,0.0,90.462,1.648,92.111,10.997,0.704,91.407,emon,0.897,0.743,41.9,19.5,2.145
2026-09-17 21:57:41.513,8.5,0,100,16;2;0;100;5;0;0;0;8;0;0;0;6;0;0;0,635,4349,4201;4180;4349;4338;1678;1270;1326;1301;1926;1295;1231;1237;651;694;635;699,0.0,0.0,945.1,0,0,0,0,0,0.0,0,0,0,0,0,0,0,0,0.0,0,0,0,0,0,93.7,0.0,7490.2,0,0,0,66.1,17.47,0.0,3.42,33.76,24.8,63.4,98.76884460449219,0.008481604047119617,0.7616622447967529,0.07587844133377075,0.0,1099.0,0.0,0.0,0.0,0.0,50.15295082330704,0.0,0.0,0.0,0.0,0.0,250.0,945.1,0.0,0.0,90.462,1.648,92.111,10.997,0.704,91.407,emon,0.897,0.743,41.9,19.5,2.145
2026-09-17 21:57:42.514,8.8,0,96,11;3;0;96;11;0;0;0;6;0;0;0;13;0;0;0,525,4372,4146;3981;4101;4372;1505;1508;1217;1234;1651;1905;1469;2140;819;787;525;602,0.0,0.0,945.1,0,0,0,0,0,0.0,0,0,0,0,0,0,0,0,0.0,0,0,0,0,0,93.7,0.0,7490.2,0,0,0,66.1,17.48,0.0,3.41,33.69,24.8,63.4,98.80084991455078,0.010052650235593319,0.9082701802253723,0.09141402691602707,0.0,399.0,0.0,0.0,0.0,0.0,50.24755550920963,0.0,0.0,0.0,0.0,0.0,250.0,945.1,0.0,0.0,90.462,1.648,92.111,10.997,0.704,91.407,emon,0.897,0.743,41.9,19.5,2.145
2026-09-17 21:57:43.514,8.6,0,97,21;2;0;97;5;2;0;0;5;2;0;0;5;2;0;0,497,4343,4223;4255;4317;4343;1811;1162;1553;1302;2087;1252;1363;1194;812;884;571;497,0.0,0.0,945.1,0,0,0,0,0,0.0,0,0,0,0,0,0,0,0,0.0,0,0,0,0,0,100.0,0.0,7490.2,0,0,0,66.1,17.48,0.0,3.41,33.69,24.8,63.4,98.5565414428711,0.010246021673083305,0.77878338098526,0.07756128162145615,0.0,399.0,0.0,0.0,0.0,0.0,50.26807525753975,0.0,0.0,0.0,0.0,0.0,250.0,945.1,0.0,0.0,90.462,1.648,92.111,10.997,0.704,91.407,emon,0.897,0.743,41.9,19.5,2.145
2026-09-17 21:57:44.515,8.7,0,95,0;20;0;95;0;3;0;0;0;11;0;0;9;0;0;0,457,4336,4321;4157;4118;4336;1160;1823;1301;1183;1305;1651;1913;1335;604;759;457;705,0.0,0.0,945.1,0,0,0,0,0,0.0,0,0,0,0,0,0,0,0,0.0,0,0,0,0,0,100.0,0.0,7490.2,0,0,0,66.1,17.48,0.0,3.41,33.69,24.8,63.4,98.54196166992188,0.01015359628945589,0.8092756271362305,0.08161742240190506,0.0,399.0,0.0,0.0,0.0,0.0,50.3298434317112,0.0,0.0,0.0,0.0,0.0,250.0,945.1,0.0,0.0,90.462,1.648,92.111,10.997,0.704,91.407,emon,0.897,0.743,41.9,19.5,2.145
2026-09-17 21:57:45.515,8.9,0,92,0;28;0;92;0;5;2;0;0;8;0;0;6;2;0;0,557,4343,4251;4185;4339;4343;1250;1691;1273;1469;1536;1614;1589;1374;599;832;557;639,0.0,0.0,945.1,0,0,0,0,0,0.0,0,0,0,0,0,0,0,0,0.0,0,0,0,0,0,94.0,0.0,7490.2,0,0,0,66.1,17.48,0.0,3.41,33.69,24.8,63.4,97.71476745605469,0.010144762694835663,0.8531441688537598,0.08514311164617538,0.0,399.0,0.0,0.0,0.0,0.0,50.4463948905468,0.0,0.0,0.0,0.0,0.0,250.0,945.1,0.0,0.0,90.462,1.648,92.111,10.997,0.704,91.407,emon,0.897,0.743,41.9,19.5,2.145
2026-09-17 21:57:46.515,8.3,0,100,2;18;0;100;0;3;0;0;0;3;0;0;6;0;0;0,490,4433,4277;4217;4433;4337;1209;1500;1216;1210;1209;1608;1216;1208;605;720;619;490,0.0,0.0,945.1,0,0,0,0,0,0.0,0,0,0,0,0,0,0,0,0.0,0,0,0,0,0,93.7,0.0,7490.2,0,0,0,66.1,17.47,0.0,3.42,33.76,24.8,63.4,97.1233024597168,0.008485401049256325,0.8779703974723816,0.08759123831987381,0.0,1199.0,0.0,0.0,0.0,0.0,50.17406544089317,0.0,0.0,0.0,0.0,0.0,250.0,945.1,0.0,0.0,90.462,1.648,92.111,10.997,0.704,91.407,emon,0.897,0.743,41.9,19.5,2.145
2026-09-17 21:57:47.516,8.7,0,94,2;25;0;94;0;9;0;0;0;8;2;0;0;0;0;0,569,4323,4134;4167;3472;4323;1145;1900;1290;1339;1271;1907;1281;1254;606;900;707;569,0.0,0.0,945.1,0,0,0,0,0,0.0,0,0,0,0,0,0,0,0,0.0,0,0,0,0,0,100.0,0.0,7490.2,0,0,0,66.1,17.47,0.0,3.42,33.76,24.8,63.4,98.8362808227539,0.008012081496417522,0.9123397469520569,0.09130314737558365,0.0,1149.0,0.0,0.0,0.0,0.0,50.13410057127476,0.0,0.0,0.0,0.0,0.0,250.0,945.1,0.0,0.0,90.462,1.648,92.111,10.997,0.704,91.407,emon,0.897,0.743,41.9,19.5,2.145
2026-09-17 21:57:48.517,8.7,0,97,0;23;0;97;0;5;0;0;0;5;0;0;6;3;0;0,529,4337,4337;4116;4327;4310;1282;1491;1478;1236;1227;1705;968;1254;594;907;753;529,0.0,0.0,945.1,0,0,0,0,0,0.0,0,0,0,0,0,0,0,0,0.0,0,0,0,0,0,100.0,0.0,7490.2,0,0,0,66.1,17.47,0.0,3.42,33.76,24.8,63.4,98.66925430297852,0.007829115726053715,1.0581510066986084,0.10634079575538635,0.0,1199.0,0.0,0.0,0.0,0.0,50.111303240060806,0.0,0.0,0.0,0.0,0.0,250.0,945.1,0.0,0.0,90.462,1.648,92.111,10.997,0.704,91.407,emon,0.897,0.743,41.9,19.5,2.145
2026-09-17 21:57:49.517,9.1,0,96,2;20;0;96;0;3;0;0;0;8;0;0;17;0;0;0,916,4716,4649;4494;4716;4621;1273;1580;1483;1246;1178;1513;1282;1196;916;929;938;962,0.0,0.0,945.1,0,0,0,0,0,0.0,0,0,0,0,0,0,0,0,0.0,0,0,0,0,0,23.5,0.0,7490.2,0,0,0,78.1,17.47,0.0,3.42,33.76,24.8,63.4,98.66925430297852,0.007829115726053715,1.0581510066986084,0.10634079575538635,0.0,1199.0,0.0,0.0,0.0,0.0,50.111303240060806,0.0,0.0,0.0,0.0,0.0,450.0,945.1,0.0,0.0,90.453,1.647,92.101,10.969,0.702,91.399,emon,0.896,0.736,41.9,19.5,2.148
2026-09-17 21:57:50.518,7.6,0,100,0;14;0;100;0;3;0;0;0;5;0;0;0;0;0;0,940,4729,4729;4638;4729;4726;1850;1672;1693;1714;1480;1730;1335;1300;1031;997;1003;940,0.5,0.0,948.2,0,0,0,0,0,0.0,0,0,0,0,0,0,0,0,0.0,0,0,0,0,0,0.0,0.0,7490.2,0,0,0,79.1,18.5,0.0,2.69,31.33,24.8,63.4,97.50299326578777,2.28993292649587,25.937327702840168,23.684200286865234,0.08450211087862651,1199.0,0.0,0.0,0.0,0.0,50.23400418957075,0.0,0.0,0.0,0.0,0.0,450.0,948.2,0.0,0.0,90.453,1.647,92.101,10.969,0.702,91.399,emon,0.896,0.736,41.9,19.5,2.148
2026-09-17 21:57:51.518,7.9,0,98,3;14;0;98;0;5;0;0;0;3;0;0;3;0;0;0,950,4728,4723;4693;4725;4728;1154;1592;1201;1222;1315;1741;1234;1086;1036;1029;950;1049,0.0,0.0,948.2,0,0,0,0,0,0.0,0,0,0,0,0,0,0,0,0.0,0,0,0,0,0,0.0,0.0,7490.2,0,0,0,79.1,18.5,0.0,2.69,31.33,24.8,63.4,95.70194244384766,0.0086805559694767,0.806358277797699,0.08064515888690948,0.0,899.0,0.0,0.0,0.0,0.0,50.45260301232338,0.0,0.0,0.0,0.0,0.0,450.0,948.2,0.0,0.0,90.453,1.647,92.101,10.969,0.702,91.399,emon,0.896,0.736,41.9,19.5,2.148
2026-09-17 21:57:52.518,7.9,0,98,0;12;0;98;0;2;0;0;0;5;0;0;3;6;0;0,933,4727,4706;4639;4727;4727;1198;1282;1731;1452;1293;1928;1755;1678;1032;1156;965;933,0.1,0.0,944.2,0,0,0,0,0,0.0,0,0,0,0,0,0,0,0,0.0,0,0,0,0,0,0.0,0.0,7490.2,0,0,0,80.1,18.5,0.0,2.69,31.33,24.8,63.4,97.82740020751953,0.006827204488217831,0.9225372672080994,0.0923997312784195,0.0,1199.0,0.0,0.0,0.0,0.0,50.19968521595001,0.0,0.0,0.0,0.0,0.0,450.0,944.2,0.0,0.0,90.453,1.647,92.101,10.969,0.702,91.399,emon,0.896,0.736,41.9,19.5,2.148
2026-09-17 21:57:53.519,8.8,0,98,0;28;0;98;0;6;0;0;0;2;0;0;6;0;0;0,868,4729,4294;4643;4729;4727;1098;1364;1205;1186;1036;1427;1615;1214;1039;954;959;868,0.0,0.0,944.2,0,0,0,0,0,0.0,0,0,0,0,0,0,0,0,0.0,0,0,0,0,0,0.0,0.0,7490.2,0,0,0,80.1,18.5,0.0,2.69,31.33,24.8,63.4,97.24879837036133,0.00902623776346445,0.8253392577171326,0.08292046189308167,0.0,599.0,0.0,0.0,0.0,0.0,50.381301552057266,0.0,0.0,0.0,0.0,0.0,450.0,944.2,0.0,0.0,90.453,1.647,92.101,10.969,0.702,91.399,emon,0.896,0.736,41.9,19.5,2.148
2026-09-17 21:57:54.520,10.3,0,97,5;15;3;97;3;5;6;3;3;8;3;3;8;2;2;0,1234,4723,4521;4407;4723;4470;3442;1990;2328;3414;3372;2231;3392;3427;1234;2442;2484;2634,0.0,0.0,944.2,0,0,0,0,0,0.0,0,0,0,0,0,0,0,0,0.0,0,0,0,0,0,0.0,0.0,7490.2,0,0,0,69.1,22.21,0.0,0.32,24.23,24.8,63.4,98.24992752075195,0.007270472124218941,0.7163890600204468,0.07171447575092316,0.0,1199.0,0.0,0.0,0.0,0.0,50.14942726492882,0.0,0.0,0.0,0.0,0.0,250.0,944.2,0.0,0.0,90.453,1.647,92.101,10.969,0.702,91.399,emon,0.896,0.736,41.9,19.5,2.148
2026-09-17 21:57:55.520,8.6,0,97,0;16;2;97;0;9;0;0;0;3;0;0;0;9;2;0,599,4364,3717;4207;4361;4364;1204;1376;1378;1204;1226;1589;1405;1288;599;850;661;707,0.0,0.0,944.2,0,0,0,0,0,0.0,0,0,0,0,0,0,0,0,0.0,0,0,0,0,0,97.3,0.0,7490.2,0,0,0,67.1,22.21,0.0,0.32,24.23,24.8,63.4,98.90856552124023,0.00846702791750431,0.8195436000823975,0.08244742453098297,0.0,1099.0,0.0,0.0,0.0,0.0,50.14580851793289,0.0,0.0,0.0,0.0,0.0,250.0,944.2,0.0,0.0,90.453,1.647,92.101,10.969,0.702,91.399,emon,0.896,0.736,41.9,19.5,2.148
2026-09-17 21:57:56.521,11.9,3,98,4;25;6;98;4;11;3;3;4;8;4;4;3;3;3;5,684,4363,4220;4105;4172;4363;3437;2071;3393;3428;3427;2460;3390;3399;684;763;764;849,0.0,0.0,944.2,0,0,0,0,0,0.0,0,0,0,0,0,0,0,0,0.0,0,0,0,0,0,86.3,0.0,7490.2,0,0,0,67.1,22.21,0.0,0.32,24.23,25.0,63.4,98.58892822265625,0.01017499528825283,0.7870729565620422,0.07935766875743866,0.0,399.0,0.0,0.0,0.0,0.0,50.16211578249931,0.0,0.0,0.0,0.0,0.0,250.0,944.2,0.0,0.0,90.453,1.647,92.101,10.969,0.702,91.399,emon,0.896,0.736,41.9,19.5,2.148
2026-09-17 21:57:57.523,20.4,5,74,16;74;11;71;6;39;8;10;5;22;13;10;14;8;9;11,2175,4707,4688;4399;4707;4423;3446;3071;3457;3433;3433;2851;3324;3415;2175;2706;2914;2759,0.0,0.0,944.2,0,0,0,0,0,0.0,0,0,0,0,0,0,0,0,0.0,0,0,0,0,0,64.9,0.0,7490.2,0,0,0,68.1,22.21,0.0,0.32,24.23,24.8,63.4,98.516845703125,0.008012820966541767,1.006665825843811,0.10053495317697525,0.0,999.0,0.0,0.0,0.0,0.0,50.18727184832096,0.0,0.0,0.0,0.0,0.0,250.0,944.2,0.0,0.0,90.453,1.647,92.101,10.969,0.702,91.399,emon,0.896,0.736,41.9,19.5,2.148
2026-09-17 21:57:58.524,8.6,0,97,2;18;0;97;0;10;0;0;0;6;0;0;3;0;0;3,635,4368,4248;4190;4367;4368;2482;1441;2326;2264;2391;1608;1606;2125;635;782;789;743,0.0,0.0,949.1,0,0,0,0,0,0.0,0,0,0,0,0,0,0,0,0.0,0,0,0,0,0,100.0,0.0,7490.2,0,0,0,67.1,18.79,0.0,11.71,37.27,24.8,63.4,98.75859069824219,3.440690755844116,27.444229125976562,24.202194213867188,0.00041346403304487467,1199.0,0.0,0.0,0.0,0.0,50.11642261594534,0.0,0.0,0.0,0.0,0.0,250.0,949.1,0.0,0.0,90.453,1.647,92.101,10.969,0.702,91.399,emon,0.896,0.736,41.9,19.5,2.148
2026-09-17 21:57:59.525,10.7,0,91,5;26;3;91;2;16;3;3;2;13;2;2;3;0;2;2,602,4326,4097;4172;4224;4326;3072;1783;3083;3115;3251;1768;2881;2725;602;709;670;663,0.0,0.0,949.1,0,0,0,0,0,0.0,0,0,0,0,0,0,0,0,0.0,0,0,0,0,0,93.6,0.0,7490.2,0,0,0,66.1,18.79,0.0,11.71,37.27,24.8,63.4,97.08794021606445,0.008071595802903175,0.947287380695343,0.09467607736587524,0.0,1149.0,0.0,0.0,0.0,0.0,50.16238275170326,0.0,0.0,0.0,0.0,0.0,250.0,949.1,0.0,0.0,90.453,1.647,92.101,10.969,0.702,91.399,emon,0.896,0.736,41.9,19.5,2.148
2026-09-17 21:58:00.525,11.4,0,96,11;19;3;96;0;5;2;0;0;17;2;0;0;22;6;2,644,4330,4109;4166;4199;4330;1390;1890;1454;2593;2939;1688;2197;2344;644;863;842;755,0.1,0.0,945.1,0,0,0,0,0,0.0,0,0,0,0,0,0,0,0,0.0,0,0,0,0,0,93.8,0.0,7490.2,0,0,0,65.1,18.79,0.0,11.71,37.27,24.8,63.4,97.4239730834961,0.00806647352874279,0.9656776189804077,0.09644990414381027,0.0,1199.0,0.0,0.0,0.0,0.0,50.15997911989689,0.0,0.0,0.0,0.0,0.0,250.0,945.1,0.0,0.0,90.453,1.647,92.101,10.969,0.702,91.399,emon,0.896,0.736,41.9,19.5,2.148
2026-09-17 21:58:01.526,8.5,0,100,5;12;0;100;0;9;0;0;0;0;0;0;6;3;0;0,515,4348,4010;4225;4348;4327;1287;1988;1544;1259;1339;1536;1479;1972;614;883;597;515,0.3,0.0,945.1,0,0,0,0,0,0.0,0,0,0,0,0,0,0,0,0.0,0,0,0,0,0,100.0,0.0,7490.2,0,0,0,65.1,18.79,0.0,11.71,37.27,24.8,63.4,98.78669662475586,0.640984247252345,14.224327945709229,9.166403245925903,0.6766603708267211,959.0,0.0,0.0,0.0,0.0,50.16920266449451,0.0,0.0,0.0,0.0,0.0,250.0,945.1,0.0,0.0,90.056,1.706,91.762,16.565,1.06,90.702,emon,0.892,0.681,42.1,19.6,2.149
2026-09-17 21:58:02.526,8.8,0,97,3;24;0;97;0;6;0;0;0;3;0;0;6;2;0;0,498,4334,4116;4160;3485;4334;1856;1761;1314;2049;2065;1468;1560;1523;598;794;658;498,0.0,0.0,945.1,0,0,0,0,0,0.0,0,0,0,0,0,0,0,0,0.0,0,0,0,0,0,93.1,0.0,7490.2,0,0,0,65.1,18.79,0.0,11.71,37.27,24.8,63.4,97.41563034057617,0.008218860253691673,0.9843218922615051,0.09838981181383133,0.0,1199.0,0.0,0.0,0.0,0.0,50.17342380434275,0.0,0.0,0.0,0.0,0.0,250.0,945.1,0.0,0.0,90.056,1.706,91.762,16.565,1.06,90.702,emon,0.892,0.681,42.1,19.6,2.149
2026-09-17 21:58:03.526,8.1,0,100,0;19;0;100;0;5;0;0;0;3;0;0;0;3;0;0,448,4333,4300;4133;3972;4333;1554;1794;1572;1936;3179;1668;1926;2941;602;892;650;448,0.0,0.0,945.1,0,0,0,0,0,0.0,0,0,0,0,0,0,0,0,0.0,0,0,0,0,0,93.8,0.0,7490.2,0,0,0,65.1,18.79,0.0,11.71,37.27,24.8,63.4,98.64425659179688,0.007829539477825165,1.0506134033203125,0.10544530302286148,0.0,1074.0,0.0,0.0,0.0,0.0,50.09702608734369,0.0,0.0,0.0,0.0,0.0,250.0,945.1,0.0,0.0,90.056,1.706,91.762,16.565,1.06,90.702,emon,0.892,0.681,42.1,19.6,2.149
2026-09-17 21:58:04.527,8.5,0,95,0;23;0;95;0;6;0;0;0;5;0;0;3;3;0;0,491,4344,3943;4173;4213;4344;1252;1864;1963;1247;1267;1438;1410;1222;613;842;594;491,0.0,0.0,945.1,0,0,0,0,0,0.0,0,0,0,0,0,0,0,0,0.0,0,0,0,0,0,93.7,0.0,7490.2,0,0,0,65.1,18.79,0.0,11.71,37.27,24.8,63.4,98.51740264892578,0.00792843196541071,0.9561746120452881,0.09582564979791641,0.0,1049.0,0.0,0.0,0.0,0.0,50.0522670224309,0.0,0.0,0.0,0.0,0.0,250.0,945.1,0.0,0.0,90.056,1.706,91.762,16.565,1.06,90.702,emon,0.892,0.681,42.1,19.6,2.149
2026-09-17 21:58:05.527,8.8,0,96,0;23;0;96;0;11;0;0;0;3;0;0;6;2;0;0,485,4321,4074;4144;3883;4321;1279;1826;1475;1265;1193;1701;1935;1702;608;749;552;485,0.0,0.0,945.1,0,0,0,0,0,0.0,0,0,0,0,0,0,0,0,0.0,0,0,0,0,0,100.0,0.0,7490.2,0,0,0,65.1,18.79,0.0,11.71,37.27,24.8,63.4,98.05553817749023,0.00821614358574152,0.9004133343696594,0.08982203900814056,0.0,1149.0,0.0,0.0,0.0,0.0,50.11827490478754,0.0,0.0,0.0,0.0,0.0,250.0,945.1,0.0,0.0,90.056,1.706,91.762,16.565,1.06,90.702,emon,0.892,0.681,42.1,19.6,2.149
2026-09-17 21:58:06.528,8.0,0,98,0;14;0;98;0;3;0;0;0;9;0;0;3;0;0;0,656,4376,4299;4195;4376;4358;1302;1626;1308;1317;1415;1891;1308;1354;656;683;733;724,0.0,0.0,945.1,0,0,0,0,0,0.0,0,0,0,0,0,0,0,0,0.0,0,0,0,0,0,100.0,0.0,7490.2,0,0,0,66.1,0.0,0.0,0.0,0.0,24.8,63.4,98.05553817749023,0.00821614358574152,0.9004133343696594,0.08982203900814056,0.0,1149.0,0.0,0.0,0.0,0.0,50.11827490478754,0.0,0.0,0.0,0.0,0.0,250.0,945.1,0.0,0.0,90.056,1.706,91.762,16.565,1.06,90.702,emon,0.892,0.681,42.1,19.6,2.149
2026-09-17 21:58:07.529,9.6,0,94,2;20;0;94;0;11;0;0;0;16;2;3;6;0;0;2,593,4328,4075;4151;2947;4328;1206;1651;2185;1256;1210;1731;1216;1445;593;681;649;720,0.0,0.0,945.1,0,0,0,0,0,0.0,0,0,0,0,0,0,0,0,0.0,0,0,0,0,0,93.4,0.0,7490.2,0,0,0,65.1,0.0,0.0,0.0,0.0,24.8,63.4,98.23746490478516,0.008285128511488438,0.856440544128418,0.08562621474266052,0.0,1149.0,0.0,0.0,0.0,0.0,50.116592422127724,0.0,0.0,0.0,0.0,0.0,250.0,945.1,0.0,0.0,90.056,1.706,91.762,16.565,1.06,90.702,emon,0.892,0.681,42.1,19.6,2.149
2026-09-17 21:58:08.529,8.6,0,96,0;20;0;96;0;6;0;0;0;12;0;0;3;0;0;0,477,4330,4212;4130;4155;4330;1973;1714;1228;2230;1481;1694;1563;1343;612;700;608;477,0.0,0.0,945.1,0,0,0,0,0,0.0,0,0,0,0,0,0,0,0,0.0,0,0,0,0,0,93.7,0.0,7490.2,0,0,0,65.1,0.0,0.0,0.0,0.0,24.7,63.4,98.87439346313477,0.008128775283694267,0.8844941854476929,0.08846590667963028,0.0,1149.0,0.0,0.0,0.0,0.0,50.067411094903946,0.0,0.0,0.0,0.0,0.0,250.0,945.1,0.0,0.0,90.056,1.706,91.762,16.565,1.06,90.702,emon,0.892,0.681,42.1,19.6,2.149
2026-09-17 21:58:09.530,9.0,0,96,3;22;0;96;0;8;0;0;0;10;0;0;6;0;0;0,505,4312,4122;4147;4139;4312;1286;1745;1396;1295;1245;1483;1458;2195;597;671;606;505,0.0,0.0,945.1,0,0,0,0,0,0.0,0,0,0,0,0,0,0,0,0.0,0,0,0,0,0,92.9,0.0,7490.2,0,0,0,65.1,0.0,0.0,0.0,0.0,24.8,63.4,98.4145622253418,0.008068583905696869,0.9366111755371094,0.0934683233499527,0.0,1074.0,0.0,0.0,0.0,0.0,50.08552469313145,0.0,0.0,0.0,0.0,0.0,250.0,945.1,0.0,0.0,90.056,1.706,91.762,16.565,1.06,90.702,emon,0.892,0.681,42.1,19.6,2.149
2026-09-17 21:58:10.531,8.8,0,98,2;20;2;98;0;6;0;0;0;3;0;0;9;2;0;0,606,4360,3896;4128;4360;4352;2146;1903;1838;1791;2774;1677;1992;2164;606;692;643;734,0.0,0.0,945.1,0,0,0,0,0,0.0,0,0,0,0,0,0,0,0,0.0,0,0,0,0,0,93.5,0.0,7490.2,0,0,0,66.1,17.37,0.0,3.41,33.56,24.8,63.4,98.80826950073242,0.008114002645015717,0.8933477401733398,0.08966264128684998,0.0,1024.0,0.0,0.0,0.0,0.0,50.10047027468681,0.0,0.0,0.0,0.0,0.0,250.0,945.1,0.0,0.0,90.056,1.706,91.762,16.565,1.06,90.702,emon,0.892,0.681,42.1,19.6,2.149
2026-09-17 21:58:11.531,8.8,0,95,0;14;0;95;0;8;0;0;0;13;0;0;6;5;0;0,558,4356,4298;4218;3827;4356;1505;1639;1432;1417;1608;1454;2134;1771;606;916;594;558,0.0,0.0,945.1,0,0,0,0,0,0.0,0,0,0,0,0,0,0,0,0.0,0,0,0,0,0,94.0,0.0,7490.2,0,0,0,66.1,17.37,0.0,3.41,33.56,24.8,63.4,98.64089965820312,0.01022224873304367,0.8062126040458679,0.08099542558193207,0.0,374.0,0.0,0.0,0.0,0.0,50.21594074368477,0.0,0.0,0.0,0.0,0.0,250.0,945.1,0.0,0.0,90.056,1.706,91.762,16.565,1.06,90.702,emon,0.892,0.681,42.1,19.6,2.149
2026-09-17 21:58:12.532,9.0,0,97,0;23;0;97;0;8;0;0;0;8;0;0;6;2;0;0,485,4361,4130;4111;4268;4361;1204;1493;1253;1377;1243;1858;1397;1335;607;860;658;485,0.0,0.0,945.1,0,0,0,0,0,0.0,0,0,0,0,0,0,0,0,0.0,0,0,0,0,0,100.0,0.0,7490.2,0,0,0,67.1,17.37,0.0,3.41,33.56,24.8,63.4,96.27579116821289,0.008135894313454628,0.9140682220458984,0.09144861996173859,0.0,1199.0,0.0,0.0,0.0,0.0,50.18739239871502,0.0,0.0,0.0,0.0,0.0,250.0,945.1,0.0,0.0,90.056,1.706,91.762,16.565,1.06,90.702,emon,0.892,0.681,42.1,19.6,2.149
2026-09-17 21:58:13.532,7.9,0,97,2;18;0;97;0;5;0;0;0;0;0;0;6;0;0;0,521,4311,4075;4061;3934;4311;2178;1665;2315;2191;1671;1386;2023;1591;601;702;688;521,0.0,0.0,945.1,0,0,0,0,0,0.0,0,0,0,0,0,0,0,0,0.0,0,0,0,0,0,100.0,0.0,7490.2,0,0,0,67.1,17.54,0.0,3.41,33.89,24.8,63.4,99.10234451293945,0.007894697599112988,0.9139949083328247,0.09134484827518463,0.0,1049.0,0.0,0.0,0.0,0.0,50.11252748966217,0.0,0.0,0.0,0.0,0.0,250.0,945.1,0.0,0.0,90.634,1.682,92.316,10.292,0.659,91.657,emon,0.898,0.736,41.7,19.4,2.146
2026-09-17 21:58:14.536,9.1,0,94,18;8;0;94;0;0;5;0;0;0;6;0;3;0;11;0,490,4355,4178;4067;4285;4355;1279;1182;1286;1219;1123;1068;1331;1186;605;516;952;490,0.0,0.0,945.1,0,0,0,0,0,0.0,0,0,0,0,0,0,0,0,0.0,0,0,0,0,0,93.6,0.0,7490.2,0,0,0,67.1,17.54,0.0,3.41,33.89,24.8,63.4,98.20442962646484,0.009067214094102383,0.8355394005775452,0.08329688757658005,0.0,1074.0,0.0,0.0,0.0,0.0,50.20595234632492,0.0,0.0,0.0,0.0,0.0,250.0,945.1,0.0,0.0,90.634,1.682,92.316,10.292,0.659,91.657,emon,0.898,0.736,41.7,19.4,2.146
2026-09-17 21:58:15.537,8.1,0,100,17;0;0;100;0;0;6;0;0;0;6;0;0;0;0;0,493,4406,4210;4093;4406;4365;1274;1297;1362;1774;1234;1431;1580;1281;598;493;810;564,0.0,0.0,945.1,0,0,0,0,0,0.0,0,0,0,0,0,0,0,0,0.0,0,0,0,0,0,93.7,0.0,7490.2,0,0,0,67.1,17.54,0.0,3.41,33.89,24.8,63.4,98.20442962646484,0.009067214094102383,0.8355394005775452,0.08329688757658005,0.0,1074.0,0.0,0.0,0.0,0.0,50.20595234632492,0.0,0.0,0.0,0.0,0.0,250.0,945.1,0.0,0.0,90.634,1.682,92.316,10.292,0.659,91.657,emon,0.898,0.736,41.7,19.4,2.146
2026-09-17 21:58:16.537,8.9,0,100,20;0;0;100;0;0;5;0;0;0;8;0;3;0;6;0,586,4336,4187;3992;4316;4336;1147;1190;1910;1317;1192;1205;1867;1446;603;586;929;607,0.0,0.0,945.1,0,0,0,0,0,0.0,0,0,0,0,0,0,0,0,0.0,0,0,0,0,0,93.2,0.0,7490.2,0,0,0,66.1,17.54,0.0,3.41,33.89,24.8,63.4,98.75847625732422,0.008245877921581268,1.049250841140747,0.10523122549057007,0.0,1099.0,0.0,0.0,0.0,0.0,50.11695574969053,0.0,0.0,0.0,0.0,0.0,250.0,945.1,0.0,0.0,90.634,1.682,92.316,10.292,0.659,91.657,emon,0.898,0.736,41.7,19.4,2.146
2026-09-17 21:58:17.538,10.1,0,98,31;0;0;98;0;0;6;2;0;0;6;0;9;0;8;0,543,4355,4199;3957;3966;4355;1430;1462;1898;1540;1790;1518;1479;1603;609;837;888;543,0.0,0.0,945.1,0,0,0,0,0,0.0,0,0,0,0,0,0,0,0,0.0,0,0,0,0,0,100.0,0.0,7490.2,0,0,0,67.1,17.51,0.0,3.4,33.9,24.8,63.4,97.57463455200195,0.008188801817595959,0.8758286833763123,0.08766142278909683,0.0,1099.0,0.0,0.0,0.0,0.0,50.14429621398449,0.0,0.0,0.0,0.0,0.0,250.0,945.1,0.0,0.0,90.634,1.682,92.316,10.292,0.659,91.657,emon,0.898,0.736,41.7,19.4,2.146
2026-09-17 21:58:18.539,7.9,0,100,16;2;0;100;0;0;5;0;0;0;5;0;0;0;0;0,500,4308,4177;4269;4277;4308;1622;1647;1551;1421;1201;1201;1503;1273;600;500;801;569,0.0,0.0,945.1,0,0,0,0,0,0.0,0,0,0,0,0,0,0,0,0.0,0,0,0,0,0,100.0,0.0,7490.2,0,0,0,65.1,17.51,0.0,3.4,33.9,24.8,63.4,99.11848068237305,0.010203096084296703,0.8210384249687195,0.08191733062267303,0.0,399.0,0.0,0.0,0.0,0.0,50.191691517829895,0.0,0.0,0.0,0.0,0.0,250.0,945.1,0.0,0.0,90.634,1.682,92.316,10.292,0.659,91.657,emon,0.898,0.736,41.7,19.4,2.146
2026-09-17 21:58:19.539,9.8,0,89,29;2;0;89;0;0;12;0;0;0;18;0;3;0;3;0,511,4351,4232;4109;3882;4351;1533;1250;1450;1293;1540;1285;1426;1470;597;511;676;523,0.0,0.0,945.1,0,0,0,0,0,0.0,0,0,0,0,0,0,0,0,0.0,0,0,0,0,0,100.0,0.0,7490.2,0,0,0,66.1,17.51,0.0,3.4,33.9,24.8,63.4,99.02646255493164,0.00848815031349659,0.9284777641296387,0.09259800612926483,0.0,1049.0,0.0,0.0,0.0,0.0,50.113676473498344,0.0,0.0,0.0,0.0,0.0,250.0,945.1,0.0,0.0,90.634,1.682,92.316,10.292,0.659,91.657,emon,0.898,0.736,41.7,19.4,2.146
2026-09-17 21:58:20.540,9.0,0,95,22;2;0;95;2;0;3;0;0;0;5;0;12;0;4;0,460,4363,4207;4245;4363;4339;1025;1286;1498;1224;1155;1156;1347;1750;599;460;931;602,0.0,0.0,945.1,0,0,0,0,0,0.0,0,0,0,0,0,0,0,0,0.0,0,0,0,0,0,93.8,0.0,7490.2,0,0,0,66.1,17.51,0.0,3.4,33.9,24.7,63.4,99.16132736206055,0.008464094251394272,0.847143292427063,0.0849224105477333,0.0,999.0,0.0,0.0,0.0,0.0,50.08679010719061,0.0,0.0,0.0,0.0,0.0,250.0,945.1,0.0,0.0,90.634,1.682,92.316,10.292,0.659,91.657,emon,0.898,0.736,41.7,19.4,2.146
2026-09-17 21:58:21.541,8.4,0,100,14;0;0;100;0;0;6;0;0;0;9;0;0;0;5;0,539,4373,4216;4334;4373;4355;1261;1331;1861;1292;1354;1331;1654;1315;602;539;911;539,0.0,0.0,945.1,0,0,0,0,0,0.0,0,0,0,0,0,0,0,0,0.0,0,0,0,0,0,93.7,0.0,7490.2,0,0,0,66.1,17.42,0.0,3.41,33.7,24.7,63.4,98.40404510498047,0.00903672818094492,0.8114787340164185,0.08094140887260437,0.0,1049.0,0.0,0.0,0.0,0.0,50.09986236691475,0.0,0.0,0.0,0.0,0.0,250.0,945.1,0.0,0.0,90.634,1.682,92.316,10.292,0.659,91.657,emon,0.898,0.736,41.7,19.4,2.146
2026-09-17 21:58:22.541,9.5,0,91,23;5;0;91;0;0;11;2;0;0;11;3;3;0;2;2,481,4325,4077;3946;4314;4325;1222;1240;1727;1495;1780;1141;2036;3080;609;481;782;795,0.0,0.0,945.1,0,0,0,0,0,0.0,0,0,0,0,0,0,0,0,0.0,0,0,0,0,0,93.8,0.0,7490.2,0,0,0,66.1,17.42,0.0,3.41,33.7,24.7,63.4,98.6520767211914,0.008212490007281303,0.9229991436004639,0.09264160692691803,0.0,1149.0,0.0,0.0,0.0,0.0,50.13961251080036,0.0,0.0,0.0,0.0,0.0,250.0,945.1,0.0,0.0,90.634,1.682,92.316,10.292,0.659,91.657,emon,0.898,0.736,41.7,19.4,2.146
2026-09-17 21:58:23.542,8.6,0,97,22;0;0;97;0;0;2;0;0;0;8;0;9;0;0;0,529,4350,4144;2935;3962;4350;1249;1478;1580;1237;1211;1150;1461;1216;587;549;800;529,0.0,0.0,945.1,0,0,0,0,0,0.0,0,0,0,0,0,0,0,0,0.0,0,0,0,0,0,100.0,0.0,7490.2,0,0,0,65.1,17.42,0.0,3.41,33.7,24.7,63.4,98.6520767211914,0.008212490007281303,0.9229991436004639,0.09264160692691803,0.0,1149.0,0.0,0.0,0.0,0.0,50.13961251080036,0.0,0.0,0.0,0.0,0.0,250.0,945.1,0.0,0.0,90.634,1.682,92.316,10.292,0.659,91.657,emon,0.898,0.736,41.7,19.4,2.146
2026-09-17 21:58:24.542,9.6,0,96,25;3;0;96;0;0;8;0;0;0;13;0;9;0;0;0,517,4315,4115;3972;4229;4315;1443;1358;1825;1475;1240;1185;1793;1190;601;517;630;766,0.0,0.0,945.1,0,0,0,0,0,0.0,0,0,0,0,0,0,0,0,0.0,0,0,0,0,0,94.6,0.0,7490.2,0,0,0,66.1,17.42,0.0,3.41,33.7,24.7,63.4,98.79648971557617,0.007952090352773666,0.8304309248924255,0.08329671621322632,0.0,1149.0,0.0,0.0,0.0,0.0,50.09302294254303,0.0,0.0,0.0,0.0,0.0,250.0,945.1,0.0,0.0,90.465,1.567,92.032,10.554,0.675,91.357,emon,0.897,0.735,41.9,19.5,2.15
2026-09-17 21:58:25.543,8.3,0,98,9;3;0;98;0;0;6;0;0;0;5;0;6;0;4;0,532,4361,4175;4109;4103;4361;1409;1190;1996;1967;1834;1107;1558;1827;601;806;919;532,0.0,0.0,945.1,0,0,0,0,0,0.0,0,0,0,0,0,0,0,0,0.0,0,0,0,0,0,93.7,0.0,7490.2,0,0,0,66.1,17.31,0.0,3.41,33.56,24.7,63.4,98.62919235229492,0.007990762591362,0.837548553943634,0.08350156247615814,0.0,1049.0,0.0,0.0,0.0,0.0,50.184971645474434,0.0,0.0,0.0,0.0,0.0,250.0,945.1,0.0,0.0,90.465,1.567,92.032,10.554,0.675,91.357,emon,0.897,0.735,41.9,19.5,2.15
2026-09-17 21:58:26.543,8.8,0,96,23;3;0;96;0;0;13;0;0;0;3;0;3;0;0;0,507,4361,4195;4130;3647;4361;1175;1138;1960;1206;1267;1462;1664;1211;602;507;902;653,0.0,0.0,945.1,0,0,0,0,0,0.0,0,0,0,0,0,0,0,0,0.0,0,0,0,0,0,93.4,0.0,7490.2,0,0,0,66.1,17.31,0.0,3.41,33.56,24.7,63.4,98.10773468017578,0.008057872764766216,0.8635704517364502,0.08635895699262619,0.0,1199.0,0.0,0.0,0.0,0.0,50.12637321650982,0.0,0.0,0.0,0.0,0.0,250.0,945.1,0.0,0.0,90.465,1.567,92.032,10.554,0.675,91.357,emon,0.897,0.735,41.9,19.5,2.15
2026-09-17 21:58:27.544,8.1,0,98,17;0;0;98;0;0;5;0;0;0;2;0;3;0;5;0,493,4361,4211;4093;3631;4361;1643;1404;1706;1702;1515;1229;1742;1414;615;583;884;493,0.0,0.0,945.1,0,0,0,0,0,0.0,0,0,0,0,0,0,0,0,0.0,0,0,0,0,0,100.0,0.0,7490.2,0,0,0,67.1,17.31,0.0,3.41,33.56,24.7,63.4,98.24899673461914,0.0100870281457901,0.7975267767906189,0.07992401719093323,0.0,399.0,0.0,0.0,0.0,0.0,50.315940737724304,0.0,0.0,0.0,0.0,0.0,250.0,945.1,0.0,0.0,90.465,1.567,92.032,10.554,0.675,91.357,emon,0.897,0.735,41.9,19.5,2.15
2026-09-17 21:58:28.544,8.8,0,98,17;0;0;98;0;0;9;0;0;0;3;0;6;0;6;0,465,4361,4259;4302;4361;4357;1652;1284;1581;1302;1406;1886;1597;2075;605;465;883;495,0.0,0.0,945.1,0,0,0,0,0,0.0,0,0,0,0,0,0,0,0,0.0,0,0,0,0,0,94.2,0.0,7490.2,0,0,0,66.1,17.31,0.0,3.41,33.56,24.7,63.4,98.08227920532227,0.010234956629574299,0.8460408449172974,0.08452092856168747,0.0,674.0,0.0,0.0,0.0,0.0,50.16026313602924,0.0,0.0,0.0,0.0,0.0,250.0,945.1,0.0,0.0,90.465,1.567,92.032,10.554,0.675,91.357,emon,0.897,0.735,41.9,19.5,2.15
2026-09-17 21:58:29.544,9.2,0,94,34;2;0;94;0;0;6;0;0;0;2;0;6;0;3;0,520,4388,4157;4106;4326;4388;1286;1332;1575;1274;1895;2287;1392;1637;628;520;909;551,0.0,0.0,945.1,0,0,0,0,0,0.0,0,0,0,0,0,0,0,0,0.0,0,0,0,0,0,92.5,0.0,7490.2,0,0,0,68.1,17.58,0.0,3.42,33.86,24.8,63.4,98.51335144042969,0.008264218457043171,0.8764218091964722,0.08815165609121323,0.0,1099.0,0.0,0.0,0.0,0.0,50.01655136793852,0.0,0.0,0.0,0.0,0.0,250.0,945.1,0.0,0.0,90.465,1.567,92.032,10.554,0.675,91.357,emon,0.897,0.735,41.9,19.5,2.15
2026-09-17 21:58:30.545,8.3,0,98,19;0;0;98;0;0;3;0;0;0;6;0;3;0;3;0,499,4308,4177;3495;3740;4308;1240;1337;1563;1296;1249;1327;1357;2210;619;499;902;790,0.0,0.0,945.1,0,0,0,0,0,0.0,0,0,0,0,0,0,0,0,0.0,0,0,0,0,0,93.8,0.0,7490.2,0,0,0,66.1,17.58,0.0,3.42,33.86,24.7,63.4,98.63531875610352,0.008399566635489464,0.8450044393539429,0.08477842062711716,0.0,999.0,0.0,0.0,0.0,0.0,50.184867829084396,0.0,0.0,0.0,0.0,0.0,250.0,945.1,0.0,0.0,90.465,1.567,92.032,10.554,0.675,91.357,emon,0.897,0.735,41.9,19.5,2.15
2026-09-17 21:58:31.545,7.8,0,91,91;0;0;23;0;0;6;0;0;0;5;0;0;0;0;0,476,4394,4359;3951;4394;4251;1216;1200;1469;1255;1236;1195;1483;1292;610;476;564;545,0.0,0.0,945.1,0,0,0,0,0,0.0,0,0,0,0,0,0,0,0,0.0,0,0,0,0,0,93.8,0.0,7490.2,0,0,0,68.1,17.58,0.0,3.42,33.86,24.7,63.4,98.68432998657227,0.008554859086871147,0.8893062472343445,0.08939623087644577,0.0,999.0,0.0,0.0,0.0,0.0,50.15859167277813,0.0,0.0,0.0,0.0,0.0,250.0,945.1,0.0,0.0,90.465,1.567,92.032,10.554,0.675,91.357,emon,0.897,0.735,41.9,19.5,2.15
2026-09-17 21:58:32.546,8.5,0,80,80;0;0;31;0;0;5;0;0;0;3;0;8;0;9;0,500,4364,4364;4168;4356;4302;1458;1683;1608;1533;1462;2226;1794;1715;669;535;888;500,0.0,0.0,945.1,0,0,0,0,0,0.0,0,0,0,0,0,0,0,0,0.0,0,0,0,0,0,100.0,0.0,7490.2,0,0,0,68.1,17.58,0.0,3.42,33.86,24.7,63.4,98.82223892211914,0.010412182658910751,0.7843512296676636,0.0789133831858635,0.0,399.0,0.0,0.0,0.0,0.0,50.1877663731575,0.0,0.0,0.0,0.0,0.0,250.0,945.1,0.0,0.0,90.465,1.567,92.032,10.554,0.675,91.357,emon,0.897,0.735,41.9,19.5,2.15
2026-09-17 21:58:33.546,9.5,0,97,97;2;0;25;0;0;12;0;0;0;12;0;0;0;3;0,495,4358,4358;4236;3714;4240;1450;1499;1913;1925;1492;1450;1718;1316;605;550;791;495,0.0,0.0,945.1,0,0,0,0,0,0.0,0,0,0,0,0,0,0,0,0.0,0,0,0,0,0,100.0,0.0,7490.2,0,0,0,69.1,17.54,0.0,3.41,33.83,24.7,63.4,98.61620712280273,0.008123562671244144,0.931199848651886,0.09350863099098206,0.0,1174.0,0.0,0.0,0.0,0.0,50.16231083869934,0.0,0.0,0.0,0.0,0.0,250.0,945.1,0.0,0.0,90.465,1.567,92.032,10.554,0.675,91.357,emon,0.897,0.735,41.9,19.5,2.15
2026-09-17 21:58:34.547,8.1,0,86,86;0;0;29;0;0;5;0;0;0;5;0;0;0;5;0,609,4391,4361;4391;4377;4232;1212;1258;1680;1339;1368;1160;1747;2011;609;800;885;742,0.0,0.0,945.1,0,0,0,0,0,0.0,0,0,0,0,0,0,0,0,0.0,0,0,0,0,0,93.0,0.0,7490.2,0,0,0,68.1,17.54,0.0,3.41,33.83,24.7,63.4,98.28727340698242,0.00874350592494011,0.8596285581588745,0.08614127337932587,0.0,1149.0,0.0,0.0,0.0,0.0,50.05087375640869,0.0,0.0,0.0,0.0,0.0,250.0,945.1,0.0,0.0,90.465,1.567,92.032,10.554,0.675,91.357,emon,0.897,0.735,41.9,19.5,2.15
2026-09-17 21:58:35.547,8.7,0,83,83;2;0;34;0;0;5;0;0;0;6;0;6;0;3;0,474,4344,4344;3992;4340;4195;1148;1176;1511;1204;1186;1205;1330;2542;602;474;886;514,0.0,0.0,945.1,0,0,0,0,0,0.0,0,0,0,0,0,0,0,0,0.0,0,0,0,0,0,100.0,0.0,7490.2,0,0,0,69.1,17.54,0.0,3.41,33.83,24.7,63.4,98.44140243530273,0.008452660404145718,0.7980442047119141,0.08046690374612808,0.0,1049.0,0.0,0.0,0.0,0.0,50.17623129487038,0.0,0.0,0.0,0.0,0.0,250.0,945.1,0.0,0.0,90.465,1.567,92.032,10.554,0.675,91.357,emon,0.897,0.735,41.9,19.5,2.15
2026-09-17 21:58:36.548,8.4,0,92,92;2;0;30;0;0;5;0;0;0;3;0;3;0;0;0,520,4346,4342;4164;4346;4166;1320;1380;1608;1486;1144;1173;1683;1811;601;568;771;520,0.0,0.0,945.1,0,0,0,0,0,0.0,0,0,0,0,0,0,0,0,0.0,0,0,0,0,0,100.0,0.0,7490.2,0,0,0,69.1,17.54,0.0,3.41,33.83,24.7,63.4,97.22128295898438,0.007833492942154408,0.8422977328300476,0.08475951850414276,0.0,1199.0,0.0,0.0,0.0,0.0,50.10639201104641,0.0,0.0,0.0,0.0,0.0,250.0,945.1,0.0,0.0,90.465,1.567,92.032,10.554,0.675,91.357,emon,0.897,0.735,41.9,19.5,2.15
2026-09-17 21:58:37.548,8.5,0,89,89;0;0;27;0;0;5;0;0;0;9;0;6;0;0;0,460,4353,4348;4062;4353;4211;1432;1066;1555;1276;1190;1192;1510;1231;598;460;727;742,0.0,0.0,945.1,0,0,0,0,0,0.0,0,0,0,0,0,0,0,0,0.0,0,0,0,0,0,94.0,0.0,7490.2,0,0,0,69.1,17.55,0.0,3.41,33.81,24.7,63.4,97.95219039916992,0.008120415732264519,0.8813078999519348,0.08858634531497955,0.0,1149.0,0.0,0.0,0.0,0.0,50.03729533404112,0.0,0.0,0.0,0.0,0.0,250.0,945.1,0.0,0.0,90.299,1.659,91.958,11.832,0.757,91.201,emon,0.896,0.728,41.9,19.5,2.146
2026-09-17 21:58:38.549,7.6,0,89,89;2;0;22;0;0;3;0;0;0;5;0;2;0;0;0,490,4348,4348;3892;3888;4160;1340;1600;1436;1312;1372;1382;1594;1511;677;490;685;494,0.0,0.0,945.1,0,0,0,0,0,0.0,0,0,0,0,0,0,0,0,0.0,0,0,0,0,0,94.9,0.0,7490.2,0,0,0,69.1,17.55,0.0,3.41,33.81,24.7,63.4,97.6264877319336,0.007927274331450462,0.9185848236083984,0.09216169267892838,0.0,1124.0,0.0,0.0,0.0,0.0,50.16263297945261,0.0,0.0,0.0,0.0,0.0,250.0,945.1,0.0,0.0,90.299,1.659,91.958,11.832,0.757,91.201,emon,0.896,0.728,41.9,19.5,2.146
2026-09-17 21:58:39.549,9.5,0,97,20;3;0;97;0;0;12;0;0;2;8;0;5;0;3;2,511,4369,4199;3841;4245;4369;1378;1275;1348;1732;1198;1224;1474;1245;609;619;855;511,0.0,0.0,945.1,0,0,0,0,0,0.0,0,0,0,0,0,0,0,0,0.0,0,0,0,0,0,100.0,0.0,7490.2,0,0,0,67.1,17.55,0.0,3.41,33.81,24.8,63.4,98.32307434082031,0.008421383798122406,1.0101521015167236,0.10081426799297333,0.0,999.0,0.0,0.0,0.0,0.0,50.179549381136894,0.0,0.0,0.0,0.0,0.0,250.0,945.1,0.0,0.0,90.299,1.659,91.958,11.832,0.757,91.201,emon,0.896,0.728,41.9,19.5,2.146
2026-09-17 21:58:40.550,8.3,0,97,20;0;0;97;0;0;6;0;0;0;5;0;5;0;0;0,542,4365,4074;4149;4354;4365;1339;1419;1863;1349;1265;1312;1527;1924;685;542;796;829,0.0,0.0,945.1,0,0,0,0,0,0.0,0,0,0,0,0,0,0,0,0.0,0,0,0,0,0,93.4,0.0,7490.2,0,0,0,66.1,17.55,0.0,3.41,33.81,24.8,63.4,97.69186019897461,0.010257299058139324,0.8709279298782349,0.08695447444915771,0.0,399.0,0.0,0.0,0.0,0.0,50.38189393281937,0.0,0.0,0.0,0.0,0.0,250.0,945.1,0.0,0.0,90.299,1.659,91.958,11.832,0.757,91.201,emon,0.896,0.728,41.9,19.5,2.146
2026-09-17 21:58:41.550,10.2,0,94,34;0;0;94;0;0;11;0;0;0;12;0;6;0;6;0,579,4346,4183;3816;4283;4346;1582;1537;1808;1523;1450;1544;1706;1160;605;579;912;770,0.0,0.0,945.1,0,0,0,0,0,0.0,0,0,0,0,0,0,0,0,0.0,0,0,0,0,0,92.7,0.0,7490.2,0,0,0,66.1,17.45,0.0,3.41,33.76,24.7,63.4,98.71897888183594,0.007999440655112267,0.9611179232597351,0.09633734822273254,0.0,1199.0,0.0,0.0,0.0,0.0,50.09484660625458,0.0,0.0,0.0,0.0,0.0,250.0,945.1,0.0,0.0,90.299,1.659,91.958,11.832,0.757,91.201,emon,0.896,0.728,41.9,19.5,2.146
2026-09-17 21:58:42.551,8.1,0,98,17;2;0;98;0;0;6;0;0;0;2;0;3;0;2;0,462,4340,4194;4263;4047;4340;1315;1521;1612;2540;1226;1229;1672;1246;587;462;775;655,0.0,0.0,945.1,0,0,0,0,0,0.0,0,0,0,0,0,0,0,0,0.0,0,0,0,0,0,94.1,0.0,7490.2,0,0,0,67.1,17.45,0.0,3.41,33.76,24.8,63.4,99.04069519042969,0.008111578412353992,0.8762449622154236,0.08776844292879105,0.0,1049.0,0.0,0.0,0.0,0.0,50.11533784121275,0.0,0.0,0.0,0.0,0.0,250.0,945.1,0.0,0.0,90.299,1.659,91.958,11.832,0.757,91.201,emon,0.896,0.728,41.9,19.5,2.146
2026-09-17 21:58:43.551,9.9,0,97,18;6;2;97;0;0;8;2;0;0;8;6;9;0;0;3,556,4353,4248;4104;4352;4353;1552;1219;1374;2070;1257;1335;1584;2305;601;556;869;770,0.0,0.0,945.1,0,0,0,0,0,0.0,0,0,0,0,0,0,0,0,0.0,0,0,0,0,0,94.1,0.0,7490.2,0,0,0,66.1,17.45,0.0,3.41,33.76,24.8,63.4,98.83369827270508,0.00848864670842886,0.8754171133041382,0.0877295583486557,0.0,1099.0,0.0,0.0,0.0,0.0,50.132145538926125,0.0,0.0,0.0,0.0,0.0,250.0,945.1,0.0,0.0,90.299,1.659,91.958,11.832,0.757,91.201,emon,0.896,0.728,41.9,19.5,2.146
2026-09-17 21:58:44.552,8.8,0,97,0;26;0;97;0;0;0;8;0;0;0;6;3;0;0;0,457,4428,4215;4099;4428;4363;1155;1194;1177;1574;1590;1171;1194;1500;606;463;457;766,0.0,0.0,945.1,0,0,0,0,0,0.0,0,0,0,0,0,0,0,0,0.0,0,0,0,0,0,100.0,0.0,7490.2,0,0,0,66.1,17.45,0.0,3.41,33.76,24.8,63.4,97.2890396118164,0.008103379048407078,0.9051194190979004,0.09108314663171768,0.0,1199.0,0.0,0.0,0.0,0.0,50.13972923159599,0.0,0.0,0.0,0.0,0.0,250.0,945.1,0.0,0.0,90.299,1.659,91.958,11.832,0.757,91.201,emon,0.896,0.728,41.9,19.5,2.146
2026-09-17 21:58:45.552,8.2,0,78,0;78;0;33;0;0;0;6;0;0;0;6;6;0;0;2,521,4342,4244;4342;4342;4241;1228;1263;1289;1742;1282;1645;1634;2264;606;521;525;796,0.0,0.0,945.1,0,0,0,0,0,0.0,0,0,0,0,0,0,0,0,0.0,0,0,0,0,0,93.0,0.0,7490.2,0,0,0,68.1,17.55,0.0,3.41,33.74,24.8,63.4,98.39297103881836,0.008513985201716423,1.048639178276062,0.10486289113759995,0.0,999.0,0.0,0.0,0.0,0.0,50.13224112987518,0.0,0.0,0.0,0.0,0.0,250.0,945.1,0.0,0.0,90.299,1.659,91.958,11.832,0.757,91.201,emon,0.896,0.728,41.9,19.5,2.146
2026-09-17 21:58:46.553,8.7,0,83,0;83;0;35;0;0;0;8;0;0;0;3;9;0;0;2,601,4373,4322;4373;3788;4261;1287;1367;1194;1386;1423;1300;1446;1661;601;648;712;894,0.0,0.0,945.1,0,0,0,0,0,0.0,0,0,0,0,0,0,0,0,0.0,0,0,0,0,0,94.1,0.0,7490.2,0,0,0,69.1,17.55,0.0,3.41,33.74,24.7,63.4,98.64008712768555,0.00819901842623949,0.9342086315155029,0.09392669796943665,0.0,1199.0,0.0,0.0,0.0,0.0,50.12182308733463,0.0,0.0,0.0,0.0,0.0,250.0,945.1,0.0,0.0,90.299,1.659,91.958,11.832,0.757,91.201,emon,0.896,0.728,41.9,19.5,2.146
2026-09-17 21:58:47.553,8.6,0,84,0;84;0;39;0;0;0;9;0;0;0;2;3;0;0;0,563,4334,4296;4334;4257;4181;1398;1782;1583;1594;1204;1145;1138;1502;604;619;563;871,0.0,0.0,945.1,0,0,0,0,0,0.0,0,0,0,0,0,0,0,0,0.0,0,0,0,0,0,93.8,0.0,7490.2,0,0,0,69.1,17.55,0.0,3.41,33.74,24.7,63.4,97.59604263305664,0.008217772468924522,1.0205211639404297,0.1021605059504509,0.0,1024.0,0.0,0.0,0.0,0.0,50.16739037632942,0.0,0.0,0.0,0.0,0.0,250.0,945.1,0.0,0.0,90.299,1.659,91.958,11.832,0.757,91.201,emon,0.896,0.728,41.9,19.5,2.146
2026-09-17 21:58:48.554,8.9,0,94,0;94;0;25;2;0;0;5;0;0;0;11;6;0;0;0,599,4422,4419;4354;4422;4215;1031;1246;1201;1393;1213;1248;1232;1540;600;599;650;753,0.0,0.0,945.1,0,0,0,0,0,0.0,0,0,0,0,0,0,0,0,0.0,0,0,0,0,0,100.0,0.0,7490.2,0,0,0,69.1,17.55,0.0,3.41,33.74,24.7,63.4,98.62616348266602,0.008284065872430801,0.9184883832931519,0.09154190868139267,0.0,1024.0,0.0,0.0,0.0,0.0,50.10474140197039,0.0,0.0,0.0,0.0,0.0,250.0,945.1,0.0,0.0,90.299,1.659,91.958,11.832,0.757,91.201,emon,0.896,0.728,41.9,19.5,2.146
2026-09-17 21:58:49.554,8.2,0,91,0;91;0;30;0;0;0;3;0;0;0;5;3;0;0;0,497,4350,4350;4340;4344;4239;1653;2039;2120;1399;2146;1241;1233;1534;630;577;497;792,0.0,0.0,945.1,0,0,0,0,0,0.0,0,0,0,0,0,0,0,0,0.0,0,0,0,0,0,94.1,0.0,7490.2,0,0,0,67.1,17.57,0.0,3.41,33.81,24.8,63.4,97.58208084106445,0.007982741110026836,0.9937130212783813,0.09979857504367828,0.0,1049.0,0.0,0.0,0.0,0.0,50.179819613695145,0.0,0.0,0.0,0.0,0.0,250.0,945.1,0.0,0.0,90.257,1.67,91.927,11.657,0.746,91.181,emon,0.897,0.727,42.0,19.5,2.149
2026-09-17 21:58:50.554,8.7,0,92,3;92;2;28;0;0;0;8;0;0;0;3;3;0;0;0,456,4334,4230;4334;4312;4160;1245;1317;1355;1689;1365;1421;2584;1656;605;475;456;666,0.5,0.0,948.2,0,0,0,0,0,0.0,0,0,0,0,0,0,0,0,0.0,0,0,0,0,0,94.1,0.0,7490.2,0,0,0,68.1,17.57,0.0,3.41,33.81,24.8,63.4,94.83075205485027,2.711159760442873,19.447679460048676,18.15707729260127,0.06952365741987403,1057.3333333333333,0.0,0.0,0.0,0.0,50.11732811729113,0.0,0.0,0.0,0.0,0.0,250.0,945.1,0.0,0.0,90.257,1.67,91.927,11.657,0.746,91.181,emon,0.897,0.727,42.0,19.5,2.149
2026-09-17 21:58:51.555,8.8,0,91,2;29;0;91;0;0;0;6;0;0;0;5;3;0;0;6,465,4361,4228;4241;4192;4361;1396;1413;1334;1503;1486;1280;1248;1693;637;465;758;908,0.0,0.0,948.2,0,0,0,0,0,0.0,0,0,0,0,0,0,0,0,0.0,0,0,0,0,0,100.0,0.0,7490.2,0,0,0,67.1,17.57,0.0,3.41,33.81,24.8,63.4,96.88615798950195,0.008159218356013298,0.8515647053718567,0.08526187390089035,0.0,1199.0,0.0,0.0,0.0,0.0,50.121736228466034,0.0,0.0,0.0,0.0,0.0,250.0,948.2,0.0,0.0,90.257,1.67,91.927,11.657,0.746,91.181,emon,0.897,0.727,42.0,19.5,2.149
2026-09-17 21:58:52.555,8.8,0,96,0;20;0;96;0;0;0;11;0;0;0;12;3;0;0;0,442,4473,4004;4101;4473;4346;1377;1470;1489;1718;1383;1542;1402;2264;618;460;442;804,0.1,0.0,944.2,0,0,0,0,0,0.0,0,0,0,0,0,0,0,0,0.0,0,0,0,0,0,94.9,0.0,7490.2,0,0,0,66.1,17.57,0.0,3.41,33.81,24.8,63.4,97.84884643554688,0.008057994768023491,0.902514636516571,0.0905730128288269,0.0,1149.0,0.0,0.0,0.0,0.0,50.143446549773216,0.0,0.0,0.0,0.0,0.0,250.0,948.2,0.0,0.0,90.257,1.67,91.927,11.657,0.746,91.181,emon,0.897,0.727,42.0,19.5,2.149
2026-09-17 21:58:53.556,9.1,0,98,0;29;0;98;0;0;0;9;0;0;0;3;3;0;0;2,575,4375,3970;4190;4375;4352;1414;1630;1556;1776;2677;1586;1214;1587;612;603;575;795,0.0,0.0,944.2,0,0,0,0,0,0.0,0,0,0,0,0,0,0,0,0.0,0,0,0,0,0,93.1,0.0,7490.2,0,0,0,66.1,17.43,0.0,3.41,33.74,24.8,63.4,97.86738204956055,0.010164556093513966,0.8734717965126038,0.08743704855442047,0.0,399.0,0.0,0.0,0.0,0.0,50.34158518910408,0.0,0.0,0.0,0.0,0.0,250.0,944.2,0.0,0.0,90.257,1.67,91.927,11.657,0.746,91.181,emon,0.897,0.727,42.0,19.5,2.149
2026-09-17 21:58:54.557,9.1,0,97,0;20;0;97;0;0;0;8;0;0;0;8;12;0;0;0,451,4347,4002;4109;4052;4347;1435;1310;1248;1510;1216;1609;1400;1660;588;451;466;684,0.0,0.0,944.2,0,0,0,0,0,0.0,0,0,0,0,0,0,0,0,0.0,0,0,0,0,0,93.2,0.0,7490.2,0,0,0,66.1,17.43,0.0,3.41,33.74,24.8,63.4,97.90418243408203,0.01024413388222456,0.8108550310134888,0.08116883039474487,0.0,399.0,0.0,0.0,0.0,0.0,50.339180290699005,0.0,0.0,0.0,0.0,0.0,250.0,944.2,0.0,0.0,90.257,1.67,91.927,11.657,0.746,91.181,emon,0.897,0.727,42.0,19.5,2.149
2026-09-17 21:58:55.557,9.7,0,94,2;30;2;94;0;2;2;11;0;2;2;5;5;0;0;2,603,4355,3630;4070;4347;4355;1387;1592;1467;1665;1328;1513;1526;1799;603;892;604;715,0.0,0.0,944.2,0,0,0,0,0,0.0,0,0,0,0,0,0,0,0,0.0,0,0,0,0,0,100.0,0.0,7490.2,0,0,0,66.1,17.43,0.0,3.41,33.74,24.8,63.4,98.58098983764648,0.008275513537228107,0.8361036777496338,0.08352632820606232,0.0,1149.0,0.0,0.0,0.0,0.0,50.085813373327255,0.0,0.0,0.0,0.0,0.0,250.0,944.2,0.0,0.0,90.257,1.67,91.927,11.657,0.746,91.181,emon,0.897,0.727,42.0,19.5,2.149
2026-09-17 21:58:56.558,8.9,0,92,2;22;0;92;0;0;0;9;0;0;0;8;3;0;0;6,478,4401,4137;4255;4401;4353;1215;1234;1234;1537;1530;1228;1252;1393;603;478;633;736,0.0,0.0,944.2,0,0,0,0,0,0.0,0,0,0,0,0,0,0,0,0.0,0,0,0,0,0,100.0,0.0,7490.2,0,0,0,65.1,17.43,0.0,3.41,33.74,24.7,63.4,97.93795013427734,0.010211939923465252,0.7911386489868164,0.07964581251144409,0.0,399.0,0.0,0.0,0.0,0.0,50.39933228492737,0.0,0.0,0.0,0.0,0.0,250.0,944.2,0.0,0.0,90.257,1.67,91.927,11.657,0.746,91.181,emon,0.897,0.727,42.0,19.5,2.149
2026-09-17 21:58:57.559,8.2,0,97,2;14;2;97;0;0;0;5;0;0;0;6;0;0;0;6,513,4362,4316;4139;4140;4362;1349;2194;1888;1884;1744;2146;1788;1771;602;513;588;902,0.0,0.0,944.2,0,0,0,0,0,0.0,0,0,0,0,0,0,0,0,0.0,0,0,0,0,0,100.0,0.0,7490.2,0,0,0,66.1,17.49,0.0,3.4,33.75,24.7,63.4,98.23202514648438,0.010191571898758411,0.8859335780143738,0.08915792405605316,0.0,924.0,0.0,0.0,0.0,0.0,50.21106173098087,0.0,0.0,0.0,0.0,0.0,250.0,944.2,0.0,0.0,90.257,1.67,91.927,11.657,0.746,91.181,emon,0.897,0.727,42.0,19.5,2.149
2026-09-17 21:58:58.559,12.8,0,94,14;66;2;94;0;0;0;11;0;0;0;11;0;0;0;6,635,4506,4431;4499;4424;4506;3196;3092;3099;1860;3149;3207;3206;1906;887;775;635;1002,0.0,0.0,944.2,0,0,0,0,0,0.0,0,0,0,0,0,0,0,0,0.0,0,0,0,0,0,100.0,0.0,7490.2,0,0,0,91.1,17.49,0.0,3.4,33.75,24.8,63.4,97.1327018737793,1.5895722188676398,15.035764396190643,13.538921318948269,0.06705047617045541,1515.6666666666667,0.0,0.0,0.0,0.0,50.037401923288904,0.0,0.0,0.0,0.0,0.0,250.0,944.2,0.0,0.0,90.257,1.67,91.927,11.657,0.746,91.181,emon,0.897,0.727,42.0,19.5,2.149
2026-09-17 21:58:59.559,16.6,0,98,15;85;2;98;3;0;0;16;0;0;0;12;2;0;0;34,1070,4647,4510;4647;4616;4571;3269;2927;3158;1809;2700;3388;3417;2054;1292;1070;1071;2238,0.0,0.0,949.1,0,0,0,0,0,0.0,0,0,0,0,0,0,0,0,0.0,0,0,0,0,0,0.0,0.0,7490.2,0,0,0,98.1,17.49,0.0,3.4,33.75,24.8,63.4,95.25287246704102,0.006846589036285877,0.9383357167243958,0.09378349781036377,0.0,1199.0,0.0,0.0,0.0,0.0,50.20527569949627,0.0,0.0,0.0,0.0,0.0,450.0,949.1,0.0,0.0,90.257,1.67,91.927,11.657,0.746,91.181,emon,0.897,0.727,42.0,19.5,2.149
2026-09-17 21:59:00.560,15.7,0,88,18;86;2;88;5;2;0;19;0;0;0;19;3;3;2;6,941,4613,4591;4613;4544;4580;3410;3427;3204;2157;3414;3326;3425;2247;1072;941;978;1244,0.0,0.0,945.1,0,0,0,0,0,0.0,0,0,0,0,0,0,0,0,0.0,0,0,0,0,0,0.0,0.0,7490.2,0,0,0,98.1,17.49,0.0,3.4,33.75,24.8,63.4,94.3926773071289,0.00898321159183979,0.8382365703582764,0.084386445581913,0.0,599.0,0.0,0.0,0.0,0.0,50.21761989593506,0.0,0.0,0.0,0.0,0.0,450.0,949.1,0.0,0.0,90.257,1.67,91.927,11.657,0.746,91.181,emon,0.897,0.727,42.0,19.5,2.149
2026-09-17 21:59:01.560,14.0,0,98,16;82;2;98;0;0;0;11;0;0;0;11;0;0;0;5,1043,4627,4596;4627;4550;4590;2922;2861;2371;2375;2723;3366;2840;2350;1059;1055;1043;1296,0.1,0.0,945.1,0,0,0,0,0,0.0,0,0,0,0,0,0,0,0,0.0,0,0,0,0,0,0.0,0.0,7490.2,0,0,0,97.1,17.49,0.0,3.4,33.75,24.8,63.4,97.79983291625976,0.7566037585958838,9.101381254196166,3.931954011321068,0.5953121781349182,1069.0,0.0,0.0,0.0,0.0,50.268821918964385,0.0,0.0,0.0,0.0,0.0,450.0,945.1,0.0,0.0,13.856,0.92,14.776,10.264,0.657,14.119,emon,0.897,0.743,159.1,103.9,1.532
2026-09-17 21:59:02.561,16.3,0,95,22;83;5;95;0;0;0;27;0;0;0;18;8;0;0;3,1011,4676,4461;4617;4676;4588;2969;2304;2363;2338;2853;3016;1669;2099;1075;1011;1011;1379,0.0,0.0,945.1,0,0,0,0,0,0.0,0,0,0,0,0,0,0,0,0.0,0,0,0,0,0,0.0,0.0,7380.5,0,0,0,98.1,17.49,0.0,3.4,33.75,24.8,63.4,96.89143371582031,0.007294243201613426,0.8415449857711792,0.08439735323190689,0.0,1199.0,0.0,0.0,0.0,0.0,50.103639364242554,0.0,0.0,0.0,0.0,0.0,450.0,945.1,0.0,0.0,13.856,0.92,14.776,10.264,0.657,14.119,emon,0.897,0.743,159.1,103.9,1.532
2026-09-17 21:59:03.561,8.5,0,92,2;92;0;32;0;0;0;5;0;0;0;2;3;0;0;0,872,4729,4729;4726;4417;4652;1610;1937;1893;1771;1941;1205;1438;1725;1034;872;942;1018,0.0,0.0,945.1,0,0,0,0,0,0.0,0,0,0,0,0,0,0,0,0.0,0,0,0,0,0,0.0,0.0,7380.5,0,0,0,85.1,17.49,0.0,3.4,33.75,24.8,63.4,97.59045028686523,0.008777029812335968,0.8132331967353821,0.08154143393039703,0.0,649.0,0.0,0.0,0.0,0.0,50.324642926454544,0.0,0.0,0.0,0.0,0.0,450.0,945.1,0.0,0.0,13.856,0.92,14.776,10.264,0.657,14.119,emon,0.897,0.743,159.1,103.9,1.532
2026-09-17 21:59:04.561,7.8,0,82,0;82;0;28;0;0;0;8;0;0;0;5;3;0;0;0,855,4734,4730;4726;4734;4722;1243;1271;1482;1279;1195;1172;1175;1355;1035;855;1008;876,0.0,0.0,945.1,0,0,0,0,0,0.0,0,0,0,0,0,0,0,0,0.0,0,0,0,0,0,0.0,0.0,7380.5,0,0,0,82.1,17.49,0.0,3.4,33.75,24.8,63.4,97.41868209838867,0.007194306701421738,0.9348549246788025,0.09346567094326019,0.0,1199.0,0.0,0.0,0.0,0.0,50.249135851860046,0.0,0.0,0.0,0.0,0.0,450.0,945.1,0.0,0.0,13.856,0.92,14.776,10.264,0.657,14.119,emon,0.897,0.743,159.1,103.9,1.532
2026-09-17 21:59:05.561,8.1,0,94,2;14;0;94;0;0;0;3;0;0;0;8;9;0;0;0,876,4729,4663;4637;4729;4722;1080;900;925;1323;960;966;975;2007;1033;919;876;984,0.0,0.0,945.1,0,0,0,0,0,0.0,0,0,0,0,0,0,0,0,0.0,0,0,0,0,0,0.0,0.0,7380.5,0,0,0,80.1,0.0,0.0,0.0,0.0,24.8,63.4,97.60874938964844,0.008798394352197647,0.8807772397994995,0.08800501376390457,0.0,599.0,0.0,0.0,0.0,0.0,50.38384789228439,0.0,0.0,0.0,0.0,0.0,450.0,945.1,0.0,0.0,13.856,0.92,14.776,10.264,0.657,14.119,emon,0.897,0.743,159.1,103.9,1.532
2026-09-17 21:59:06.562,8.3,0,100,0;20;2;100;0;0;0;3;0;0;0;5;3;0;0;0,1013,4726,4626;4647;4726;4726;1559;1399;1399;1264;1382;1356;2220;1974;1034;1034;1013;1038,0.0,0.0,945.1,0,0,0,0,0,0.0,0,0,0,0,0,0,0,0,0.0,0,0,0,0,0,0.0,0.0,7380.5,0,0,0,81.1,0.0,0.0,0.0,0.0,24.7,63.4,97.29122543334961,0.008351555094122887,0.8760541081428528,0.08823078125715256,0.0,599.0,0.0,0.0,0.0,0.0,50.37804505228996,0.0,0.0,0.0,0.0,0.0,450.0,945.1,0.0,0.0,13.856,0.92,14.776,10.264,0.657,14.119,emon,0.897,0.743,159.1,103.9,1.532
2026-09-17 21:59:07.562,9.4,0,100,8;16;3;100;3;0;2;6;3;0;0;5;2;0;0;5,1071,4729,3928;4485;4729;4723;2787;2786;2351;2213;2771;1612;2073;2239;1241;1105;1071;1224,0.0,0.0,945.1,0,0,0,0,0,0.0,0,0,0,0,0,0,0,0,0.0,0,0,0,0,0,0.0,0.0,7380.5,0,0,0,81.1,0.0,0.0,0.0,0.0,24.7,63.4,96.24350357055664,0.007174863014370203,0.9483162760734558,0.09463618695735931,0.0,1199.0,0.0,0.0,0.0,0.0,50.17187413573265,0.0,0.0,0.0,0.0,0.0,450.0,945.1,0.0,0.0,13.856,0.92,14.776,10.264,0.657,14.119,emon,0.897,0.743,159.1,103.9,1.532
2026-09-17 21:59:08.562,11.3,2,92,3;28;5;92;3;3;3;18;3;3;3;6;5;2;2;2,1400,4691,4630;4353;4691;4417;3339;3403;3383;1692;3363;3353;3333;1754;1400;2675;2692;2510,0.0,0.0,945.1,0,0,0,0,0,0.0,0,0,0,0,0,0,0,0,0.0,0,0,0,0,0,93.4,0.0,7380.5,0,0,0,69.1,0.0,0.0,0.0,0.0,24.7,63.4,98.7917251586914,0.00849849358201027,0.8141638040542603,0.08119423687458038,0.0,999.0,0.0,0.0,0.0,0.0,50.15333776175976,0.0,0.0,0.0,0.0,0.0,250.0,945.1,0.0,0.0,13.856,0.92,14.776,10.264,0.657,14.119,emon,0.897,0.743,159.1,103.9,1.532
2026-09-17 21:59:09.562,7.5,0,98,0;14;0;98;0;0;0;2;0;0;0;3;3;0;0;0,491,4438,3655;4079;4438;4376;2105;1183;1175;1415;1182;1182;1213;1577;618;603;491;842,0.0,0.0,945.1,0,0,0,0,0,0.0,0,0,0,0,0,0,0,0,0.0,0,0,0,0,0,93.4,0.0,7380.5,0,0,0,68.1,20.73,0.0,5.63,29.4,24.7,63.4,99.02796173095703,0.008921375498175621,0.8161778450012207,0.0819571390748024,0.0,1024.0,0.0,0.0,0.0,0.0,50.07244700193405,0.0,0.0,0.0,0.0,0.0,250.0,945.1,0.0,0.0,13.856,0.92,14.776,10.264,0.657,14.119,emon,0.897,0.743,159.1,103.9,1.532
2026-09-17 21:59:10.563,9.2,0,93,0;29;0;93;0;0;0;12;0;0;0;2;12;0;0;0,608,4358,4075;4172;4358;4355;1054;904;901;1307;1054;921;971;1411;608;742;703;879,0.0,0.0,945.1,0,0,0,0,0,0.0,0,0,0,0,0,0,0,0,0.0,0,0,0,0,0,97.7,0.0,7380.5,0,0,0,67.1,20.73,0.0,5.63,29.4,24.9,63.4,98.53084182739258,0.008794874884188175,0.8923642039299011,0.08988445997238159,0.0,1049.0,0.0,0.0,0.0,0.0,50.08130459487438,0.0,0.0,0.0,0.0,0.0,250.0,945.1,0.0,0.0,13.856,0.92,14.776,10.264,0.657,14.119,emon,0.897,0.743,159.1,103.9,1.532
2026-09-17 21:59:11.563,9.4,0,100,0;16;0;100;0;0;3;11;3;3;3;6;0;0;0;5,589,4289,3836;4107;3778;4289;1159;1139;1131;1496;1177;1194;1155;1499;589;659;653;881,0.0,0.0,945.1,0,0,0,0,0,0.0,0,0,0,0,0,0,0,0,0.0,0,0,0,0,0,96.5,0.0,7402.8,0,0,0,66.1,20.73,0.0,5.63,29.4,24.9,63.4,98.39010620117188,0.009785033762454987,0.8172788619995117,0.08212397247552872,0.0,399.0,0.0,0.0,0.0,0.0,50.330796897411346,0.0,0.0,0.0,0.0,0.0,250.0,945.1,0.0,0.0,13.856,0.92,14.776,10.264,0.657,14.119,emon,0.897,0.743,159.1,103.9,1.532
2026-09-17 21:59:12.564,8.6,0,95,0;18;2;95;0;0;0;8;0;0;0;9;3;0;0;2,492,4375,3974;4138;3940;4375;1356;1355;1345;1610;1179;1142;1257;2227;616;684;492;706,0.0,0.0,945.1,0,0,0,0,0,0.0,0,0,0,0,0,0,0,0,0.0,0,0,0,0,0,100.0,0.0,7402.8,0,0,0,68.1,20.73,0.0,5.63,29.4,24.9,63.4,98.98484420776367,0.007153384853154421,0.7367300391197205,0.07410701364278793,0.0,999.0,0.0,0.0,0.0,0.0,50.08160026371479,0.0,0.0,0.0,0.0,0.0,250.0,945.1,0.0,0.0,13.856,0.92,14.776,10.264,0.657,14.119,emon,0.897,0.743,159.1,103.9,1.532
2026-09-17 21:59:13.573,8.0,0,97,4;20;0;97;2;0;0;2;0;0;0;2;0;0;0;2,643,4332,4274;4152;3927;4332;1414;1448;1430;1568;1636;1103;1065;1659;643;752;755;784,0.0,0.0,945.1,0,0,0,0,0,0.0,0,0,0,0,0,0,0,0,0.0,0,0,0,0,0,94.9,0.0,7402.8,0,0,0,65.1,17.22,0.0,16.46,37.98,25.0,63.4,98.07752990722656,0.01026338990777731,0.8920565843582153,0.08946438878774643,0.0,399.0,0.0,0.0,0.0,0.0,50.33944499492645,0.0,0.0,0.0,0.0,0.0,250.0,945.1,0.0,0.0,41.209,24.752,65.961,9.854,0.631,65.33,emon,0.852,0.667,68.3,31.9,2.138
2026-09-17 21:59:14.574,8.1,0,95,22;0;0;95;3;0;0;0;3;0;0;0;5;2;0;0,492,4391,4287;4391;3540;4381;1552;1212;1311;1225;2079;1147;1245;1221;749;912;706;492,0.0,0.0,945.1,0,0,0,0,0,0.0,0,0,0,0,0,0,0,0,0.0,0,0,0,0,0,100.0,0.0,7426.5,0,0,0,67.1,17.22,0.0,16.46,37.98,25.0,63.4,98.05354309082031,0.008706417866051197,0.8540725111961365,0.085981085896492,0.0,1149.0,0.0,0.0,0.0,0.0,50.097898699343204,0.0,0.0,0.0,0.0,0.0,250.0,945.1,0.0,0.0,41.209,24.752,65.961,9.854,0.631,65.33,emon,0.852,0.667,68.3,31.9,2.138
2026-09-17 21:59:15.574,16.4,8,100,19;14;9;100;15;10;8;9;15;9;9;11;8;8;8;11,1351,4404,4314;4404;4398;4377;2790;3351;3365;3371;2339;3324;3313;3368;1351;1724;1810;1871,0.0,0.0,945.1,0,0,0,0,0,0.0,0,0,0,0,0,0,0,0,0.0,0,0,0,0,0,100.0,0.0,7426.5,0,0,0,65.1,17.22,0.0,16.46,37.98,25.3,63.4,98.0092658996582,0.008136039599776268,0.9657108187675476,0.09646181762218475,0.0,1199.0,0.0,0.0,0.0,0.0,50.105793468654156,0.0,0.0,0.0,0.0,0.0,250.0,945.1,0.0,0.0,41.209,24.752,65.961,9.854,0.631,65.33,emon,0.852,0.667,68.3,31.9,2.138
2026-09-17 21:59:16.575,14.3,3,91,29;19;6;91;20;5;5;3;9;3;6;5;12;3;5;6,2131,4700,4283;4487;4700;4381;2923;3439;3439;3399;2682;3283;3356;3390;2131;2874;2922;2945,0.0,0.0,945.1,0,0,0,0,0,0.0,0,0,0,0,0,0,0,0,0.0,0,0,0,0,0,70.0,0.0,7426.5,0,0,0,66.1,17.22,0.0,16.46,37.98,25.0,63.4,97.75520324707031,0.010218650102615356,0.8053665161132812,0.08096691220998764,0.0,399.0,0.0,0.0,0.0,0.0,50.398957163095474,0.0,0.0,0.0,0.0,0.0,250.0,945.1,0.0,0.0,41.209,24.752,65.961,9.854,0.631,65.33,emon,0.852,0.667,68.3,31.9,2.138
2026-09-17 21:59:17.575,8.2,0,97,17;3;0;97;3;0;0;0;0;0;0;0;11;0;0;0,594,4345,4195;4192;4219;4345;1337;1183;1152;1146;1548;2166;2288;2354;820;594;644;817,0.0,0.0,945.1,0,0,0,0,0,0.0,0,0,0,0,0,0,0,0,0.0,0,0,0,0,0,100.0,0.0,7426.5,0,0,0,66.1,18.44,0.0,13.45,38.53,25.0,63.4,97.74747085571289,0.010167875327169895,0.8642694354057312,0.08629938960075378,0.0,399.0,0.0,0.0,0.0,0.0,50.3852214217186,0.0,0.0,0.0,0.0,0.0,250.0,945.1,0.0,0.0,41.209,24.752,65.961,9.854,0.631,65.33,emon,0.852,0.667,68.3,31.9,2.138
2026-09-17 21:59:18.576,15.5,0,97,42;17;9;97;25;8;5;0;20;11;0;0;14;0;0;0,656,4725,4483;4725;4722;4458;2806;3423;3414;3376;2889;3407;3342;1720;2508;656;757;748,0.0,0.0,945.1,0,0,0,0,0,0.0,0,0,0,0,0,0,0,0,0.0,0,0,0,0,0,93.2,0.0,7426.5,0,0,0,68.1,18.44,0.0,13.45,38.53,22.7,63.4,98.00621032714844,0.008350212126970291,0.9285871386528015,0.0931895524263382,0.0,1049.0,0.0,0.0,0.0,0.0,50.06600897014141,0.0,0.0,0.0,0.0,0.0,250.0,945.1,0.0,0.0,41.209,24.752,65.961,9.854,0.631,65.33,emon,0.852,0.667,68.3,31.9,2.138
2026-09-17 21:59:19.576,31.2,0,86,68;61;33;86;68;26;6;3;66;21;2;3;47;6;0;3,2670,4729,4716;4726;4729;4721;3356;3384;3432;3429;3312;3419;3381;3421;2879;2922;2670;2769,0.0,0.0,945.1,0,0,0,0,0,0.0,0,0,0,0,0,0,0,0,0.0,0,0,0,0,0,0.0,0.0,1884.1,0,0,0,62.1,18.44,0.0,13.45,38.53,16.0,63.4,98.42321395874023,0.007556945085525513,0.9628739953041077,0.0962088480591774,0.0,1199.0,0.0,0.0,0.0,0.0,50.18657922744751,0.0,0.0,0.0,0.0,0.0,450.0,945.1,0.0,0.0,41.209,24.752,65.961,9.854,0.631,65.33,emon,0.852,0.667,68.3,31.9,2.138
2026-09-17 21:59:20.576,13.0,0,78,78;9;0;77;20;2;0;0;19;2;0;0;2;0;0;0,990,4724,4724;4723;4699;4586;2557;3417;3037;1631;3029;3391;1800;1715;1404;1372;1474;990,0.0,0.0,945.1,0,0,0,0,0,0.0,0,0,0,0,0,0,0,0,0.0,0,0,0,0,0,0.0,0.0,0.0,0,0,0,79.1,18.44,0.0,13.45,38.53,16.1,63.4,97.41769790649414,0.009184012189507484,0.8149411678314209,0.08216234296560287,0.0,549.0,0.0,0.0,0.0,0.0,50.44509690999985,0.0,0.0,0.0,0.0,0.0,450.0,945.1,0.0,0.0,41.209,24.752,65.961,9.854,0.631,65.33,emon,0.852,0.667,68.3,31.9,2.138
2026-09-17 21:59:21.577,21.1,0,95,72;30;2;95;38;5;2;0;75;6;0;0;11;2;2;0,1621,4729,4728;4726;4729;4728;3022;3101;3418;3437;3362;3426;3378;3381;1621;1894;1984;2087,0.0,0.0,945.1,0,0,0,0,0,0.0,0,0,0,0,0,0,0,0,0.0,0,0,0,0,0,0.0,0.0,0.0,0,0,0,78.1,23.24,0.0,1.36,31.19,16.2,63.4,98.35540008544922,0.007654203567653894,0.9313162565231323,0.0930575579404831,0.0,1199.0,0.0,0.0,0.0,0.0,50.18616895377636,0.0,0.0,0.0,0.0,0.0,450.0,945.1,0.0,0.0,41.209,24.752,65.961,9.854,0.631,65.33,emon,0.852,0.667,68.3,31.9,2.138
2026-09-17 21:59:22.586,44.5,31,100,93;40;33;100;45;32;32;32;75;32;32;32;40;33;31;31,2805,4727,4721;4727;4727;4722;3101;3445;3450;3450;3290;3450;3450;3450;2805;2982;2984;2987,0.0,0.0,945.1,0,0,0,0,0,0.0,0,0,0,0,0,0,0,0,0.0,0,0,0,0,0,0.0,0.0,0.0,0,0,0,82.1,23.24,0.0,1.36,31.19,22.3,63.4,96.69624710083008,0.009214879013597965,0.8406788110733032,0.08455229550600052,0.0,1199.0,0.0,0.0,0.0,0.0,50.27952840924263,0.0,0.0,0.0,0.0,0.0,450.0,945.1,0.0,0.0,41.209,24.752,65.961,9.854,0.631,65.33,emon,0.852,0.667,68.3,31.9,2.138
2026-09-17 21:59:23.586,49.7,36,98,88;54;40;98;54;42;38;39;58;42;39;40;46;43;40;36,2816,4729,4712;4699;4729;4723;3180;3435;3439;3447;3286;3450;3430;3451;2816;2982;2994;2993,0.0,0.0,945.1,0,0,0,0,0,0.0,0,0,0,0,0,0,0,0,0.0,0,0,0,0,0,0.0,0.0,4342.3,0,0,0,87.1,23.24,0.0,1.36,31.19,24.1,63.4,87.01106262207031,0.009607437998056412,0.869719922542572,0.0870523452758789,0.0,824.0,0.0,0.0,0.0,0.0,50.36999770998955,0.0,0.0,0.0,0.0,0.0,450.0,945.1,0.0,0.0,41.209,24.752,65.961,9.854,0.631,65.33,emon,0.852,0.667,68.3,31.9,2.138
2026-09-17 21:59:24.586,16.1,0,97,75;28;0;97;19;3;0;0;22;0;0;0;13;0;2;0,1009,4729,4716;4727;4729;4719;2254;3279;2879;2818;2438;3127;2904;3221;1575;1017;1009;1064,0.0,0.0,945.1,0,0,0,0,0,0.0,0,0,0,0,0,0,0,0,0.0,0,0,0,0,0,0.0,0.0,4349.6,0,0,0,86.1,23.24,0.0,1.36,31.19,24.8,63.4,97.87217712402344,0.007540335413068533,0.8517332077026367,0.0857217088341713,0.0,1199.0,0.0,0.0,0.0,0.0,50.15323415398598,0.0,0.0,0.0,0.0,0.0,450.0,945.1,0.0,0.0,41.209,24.752,65.961,9.854,0.631,65.33,emon,0.852,0.667,68.3,31.9,2.138
2026-09-17 21:59:25.587,17.7,0,92,45;12;0;92;23;3;0;0;86;2;0;3;16;0;0;0,1791,4721,4552;4696;4721;4708;2914;2760;2889;2805;3407;3076;3257;3252;1791;2239;2295;2305,0.0,0.0,945.1,0,0,0,0,0,0.0,0,0,0,0,0,0,0,0,0.0,0,0,0,0,0,0.0,0.0,6289.0,0,0,0,61.1,32.26,0.0,0.39,37.31,25.5,63.4,98.3866195678711,0.0072632040828466415,0.9621098637580872,0.09663445502519608,0.0,1199.0,0.0,0.0,0.0,0.0,50.13578863441944,0.0,0.0,0.0,0.0,0.0,450.0,945.1,0.0,0.0,9.555,8.074,17.629,34.047,2.179,15.45,emon,0.885,0.588,22.1,10.4,2.137
2026-09-17 21:59:26.588,9.3,0,91,22;2;0;91;8;0;0;0;25;0;0;0;0;2;0;0,969,4732,4656;4660;4732;4721;1387;2114;1635;1671;2959;2052;1872;1896;1047;1010;969;974,0.0,0.0,842.1,0,0,0,0,0,0.0,0,0,0,0,0,0,0,0,0.0,0,0,0,0,0,0.0,0.0,6269.5,0,0,0,81.1,32.26,0.0,0.39,37.31,22.8,63.4,97.39014053344727,0.005961293820291758,0.9581301808357239,0.09572257101535797,0.0,1199.0,0.0,0.0,0.0,0.0,50.25128021836281,0.0,0.0,0.0,0.0,0.0,450.0,842.1,0.0,0.0,9.555,8.074,17.629,34.047,2.179,15.45,emon,0.885,0.588,22.1,10.4,2.137
2026-09-17 21:59:27.588,8.1,0,100,11;2;0;100;3;0;0;0;6;0;0;0;5;3;0;0,899,4729,4693;4686;4729;4728;1642;2073;2040;2110;2175;2554;2529;2450;1133;1062;899;919,0.0,0.0,842.1,0,0,0,0,0,0.0,0,0,0,0,0,0,0,0,0.0,0,0,0,0,0,0.0,0.0,6269.5,0,0,0,82.1,32.26,0.0,0.39,37.31,22.8,63.4,98.44427490234375,0.0072268410585820675,0.9273754954338074,0.09283512085676193,0.0,1199.0,0.0,0.0,0.0,0.0,50.1573985517025,0.0,0.0,0.0,0.0,0.0,450.0,842.1,0.0,0.0,9.555,8.074,17.629,34.047,2.179,15.45,emon,0.885,0.588,22.1,10.4,2.137
2026-09-17 21:59:28.588,9.3,0,95,16;6;0;95;8;0;0;0;8;0;0;0;14;0;0;0,969,4728,4297;4727;4728;4727;1460;1380;1220;1157;1967;2489;1215;1214;1037;1037;1043;969,0.0,0.0,842.1,0,0,0,0,0,0.0,0,0,0,0,0,0,0,0,0.0,0,0,0,0,0,0.0,0.0,6269.5,0,0,0,81.1,32.26,0.0,0.39,37.31,22.8,63.4,97.2060432434082,0.006894667632877827,0.914940357208252,0.09175463020801544,0.0,1199.0,0.0,0.0,0.0,0.0,50.273034036159515,0.0,0.0,0.0,0.0,0.0,450.0,842.1,0.0,0.0,9.555,8.074,17.629,34.047,2.179,15.45,emon,0.885,0.588,22.1,10.4,2.137
2026-09-17 21:59:29.589,12.6,0,97,27;9;8;97;9;5;5;5;8;6;5;0;13;2;5;0,1694,4729,4715;4715;4729;4728;2166;3239;3356;3243;2690;3255;3388;3419;1789;2229;1694;1989,0.0,0.0,842.1,0,0,0,0,0,0.0,0,0,0,0,0,0,0,0,0.0,0,0,0,0,0,0.0,0.0,6269.5,0,0,0,81.1,21.67,0.01,0.33,23.97,22.8,63.4,97.07039642333984,0.007380068767815828,0.9394403696060181,0.09406939148902893,0.0,1199.0,0.0,0.0,0.0,0.0,50.26751571893692,0.0,0.0,0.0,0.0,0.0,450.0,842.1,0.0,0.0,9.555,8.074,17.629,34.047,2.179,15.45,emon,0.885,0.588,22.1,10.4,2.137
2026-09-17 21:59:30.589,8.5,0,94,14;8;0;94;6;0;0;0;12;0;0;0;2;0;0;0,958,4733,4725;4728;4733;4728;1255;2126;1831;2041;1526;2156;1952;1837;1034;988;994;958,0.0,0.0,842.1,0,0,0,0,0,0.0,0,0,0,0,0,0,0,0,0.0,0,0,0,0,0,0.0,0.0,6269.5,0,0,0,81.1,21.67,0.01,0.33,23.97,22.8,63.4,98.09711456298828,0.007300626486539841,0.8833146691322327,0.08886504173278809,0.0,1199.0,0.0,0.0,0.0,0.0,50.1758676469326,0.0,0.0,0.0,0.0,0.0,450.0,842.1,0.0,0.0,9.555,8.074,17.629,34.047,2.179,15.45,emon,0.885,0.588,22.1,10.4,2.137
2026-09-17 21:59:31.589,17.7,0,92,40;28;9;92;30;14;5;0;27;6;0;3;22;4;3;0,881,4405,4303;4170;3938;4405;3005;2981;2906;2909;3014;2952;2678;2871;1370;881;881;921,6.9,0.0,1005.9,0,0,0,0,0,0.0,0,0,0,0,0,0,0,0,0.0,0,0,0,0,0,22.9,0.0,7317.6,0,0,0,65.1,21.67,0.01,0.33,23.97,23.9,63.4,99.34499733120788,8.299419338431429,28.247959978440228,30.41219510722394,0.7283334509736639,889.1960784313726,0.0,0.0,0.0,0.0,53.135515124044,0.1,0.0,0.0,0.0,0.0,450.0,941.5,0.0,0.0,9.555,8.074,17.629,34.047,2.179,15.45,emon,0.885,0.588,22.1,10.4,2.137
2026-09-17 21:59:32.590,11.7,0,89,33;6;8;89;9;0;2;3;11;3;0;2;15;2;3;2,722,4386,4158;4127;4165;4386;1419;1598;1562;1459;1524;1504;1511;1597;823;722;766;748,0.6,0.0,1124.5,0,0,0,0,0,0.0,0,0,0,0,0,0,0,0,0.0,0,0,0,0,0,93.3,0.0,7350.0,0,0,0,68.1,21.67,0.01,0.33,23.97,23.9,63.4,98.7705078125,0.008598928339779377,0.9331116080284119,0.09324878454208374,0.0,1049.0,0.0,0.0,0.0,0.0,50.16238030791283,0.6,0.0,0.0,0.0,0.0,250.0,1124.5,0.0,0.0,9.555,8.074,17.629,34.047,2.179,15.45,emon,0.885,0.588,22.1,10.4,2.137
2026-09-17 21:59:33.591,8.1,0,98,19;0;0;98;3;0;0;0;6;0;0;0;3;0;0;0,517,4374,4114;3826;3695;4374;1317;1198;1213;1156;1472;1398;1209;1204;656;741;517;534,0.0,0.0,1115.0,0,0,0,0,0,0.0,0,0,0,0,0,0,0,0,0.0,0,0,0,0,0,95.1,0.0,7350.0,0,0,0,67.1,20.91,0.06,8.75,32.46,23.9,63.4,96.01090621948242,0.006512369029223919,1.0922507047653198,0.10944527387619019,0.0,1499.0,0.0,0.0,0.0,0.0,50.074044704437256,0.0,0.0,0.0,0.0,0.0,250.0,1115.0,0.0,0.0,9.555,8.074,17.629,34.047,2.179,15.45,emon,0.885,0.588,22.1,10.4,2.137
2026-09-17 21:59:34.591,8.5,0,98,11;5;2;98;8;0;0;0;8;0;0;0;3;0;2;0,737,4559,4252;4020;4444;4559;1992;2366;2549;1891;1554;2020;2993;2149;817;737;803;767,0.0,0.0,1115.0,0,0,0,0,0,0.0,0,0,0,0,0,0,0,0,0.0,0,0,0,0,0,95.1,0.0,7350.0,0,0,0,78.1,20.91,0.06,8.75,32.46,23.9,63.4,97.76618092854818,2.0225738703273235,15.427650912602742,12.815715956191221,1.193727141727383,915.6666666666666,0.0,0.0,0.0,0.0,50.23690520475308,0.0,0.0,0.0,0.0,0.0,450.0,1115.0,0.0,0.0,9.555,8.074,17.629,34.047,2.179,15.45,emon,0.885,0.588,22.1,10.4,2.137
2026-09-17 21:59:35.592,8.4,0,94,16;2;0;94;11;0;3;0;8;0;0;0;0;0;0;2,867,4729,4304;3507;4729;4725;1283;957;1219;1238;1348;1235;1239;1241;1040;1052;1040;867,1.4,0.0,1071.8,0,0,0,0,0,0.0,0,0,0,0,0,0,0,0,0.0,0,0,0,0,0,0.0,0.0,7350.0,0,0,0,79.1,20.91,0.06,8.75,32.46,23.9,63.4,98.3265266418457,0.0072165317833423615,0.9214803576469421,0.09198488295078278,0.0,1199.0,0.0,0.0,0.0,0.0,50.19396786391735,0.1,0.0,0.0,0.0,0.0,450.0,1071.8,0.0,0.0,9.555,8.074,17.629,34.047,2.179,15.45,emon,0.885,0.588,22.1,10.4,2.137
2026-09-17 21:59:36.592,9.3,0,97,26;6;3;97;8;0;0;0;3;0;0;0;6;0;0;0,924,4716,4486;4574;4716;4716;2186;2903;3134;3280;1935;2377;2072;2189;1205;1414;1293;924,0.0,0.0,1071.8,0,0,0,0,0,0.0,0,0,0,0,0,0,0,0,0.0,0,0,0,0,0,0.0,0.0,7350.0,0,0,0,78.1,20.91,0.06,8.75,32.46,23.9,63.4,95.42846298217773,0.006912329699844122,0.9277534484863281,0.09264831990003586,0.0,1199.0,0.0,0.0,0.0,0.0,50.26397725939751,0.0,0.0,0.0,0.0,0.0,450.0,1071.8,0.0,0.0,9.555,8.074,17.629,34.047,2.179,15.45,emon,0.885,0.588,22.1,10.4,2.137
2026-09-17 21:59:37.593,10.6,0,97,20;6;6;97;9;2;5;0;13;2;3;3;3;0;0;0,1116,4722,4683;4675;4662;4722;2597;3375;3390;3134;2432;3387;3409;3272;1116;2290;2161;1456,3.9,0.0,1039.0,0,0,0,0,0,0.0,0,0,0,0,0,0,0,0,0.0,0,0,0,0,0,0.0,0.0,7350.0,0,0,0,79.1,20.39,0.01,1.19,26.53,23.9,63.4,98.28523635864258,0.007477820850908756,0.9503412246704102,0.09560229629278183,0.0,1199.0,0.0,0.0,0.0,0.0,50.20073817670345,0.2,0.0,0.0,0.0,0.0,450.0,1039.0,0.0,0.0,3.144,0.682,3.826,13.473,0.862,2.964,emon,0.881,0.675,633.7,438.4,1.445
2026-09-17 21:59:38.593,13.5,3,94,23;11;8;94;13;9;5;3;20;6;5;5;6;3;3;3,1492,4711,4528;4585;4551;4711;2232;3218;3345;3353;2457;3279;3366;3306;1492;1938;1606;1767,2.9,0.0,1114.2,0,0,0,0,0,0.0,0,0,0,0,0,0,0,0,0.0,0,0,0,0,0,0.0,0.0,7350.0,0,0,0,79.1,20.39,0.01,1.19,26.53,23.9,63.4,97.03460752047025,0.3862838725057932,9.211856883305769,1.6998221616332347,0.0,1000.9230769230769,0.0,0.0,0.0,0.0,50.31404017943602,0.4,0.0,0.0,0.0,0.0,450.0,1114.2,0.0,0.0,3.144,0.682,3.826,13.473,0.862,2.964,emon,0.881,0.675,633.7,438.4,1.445
2026-09-17 21:59:39.594,9.7,0,95,29;3;2;95;8;0;0;0;14;0;0;0;3;0;0;0,664,4532,4250;4051;4434;4532;1459;1215;1294;1282;1555;1219;1266;1167;793;934;750;664,0.0,0.0,1114.3,0,0,0,0,0,0.0,0,0,0,0,0,0,0,0,0.0,0,0,0,0,0,0.0,0.0,7350.0,0,0,0,72.1,20.39,0.01,1.19,26.53,23.9,63.4,98.32609176635742,0.01027936302125454,0.9595668315887451,0.09667759388685226,0.0,649.0,0.0,0.0,0.0,0.0,50.19820310175419,0.0,0.0,0.0,0.0,0.0,250.0,1114.3,0.0,0.0,3.144,0.682,3.826,13.473,0.862,2.964,emon,0.881,0.675,633.7,438.4,1.445
2026-09-17 21:59:40.594,9.8,0,96,28;2;0;96;12;0;0;0;12;0;0;0;8;0;0;0,576,4375,4157;3961;4042;4375;1577;1363;1391;1662;1757;1232;2102;1349;836;576;688;760,0.0,0.0,1104.8,0,0,0,0,0,0.0,0,0,0,0,0,0,0,0,0.0,0,0,0,0,0,80.6,0.0,7355.9,0,0,0,68.1,20.39,0.01,1.19,26.53,24.0,63.4,98.51183414459229,4.913716115057468,16.577682927250862,15.881266784854233,1.325975688174367,989.625,0.0,0.0,0.0,0.0,50.14761435193941,0.0,0.0,0.0,0.0,0.0,250.0,1104.8,0.0,0.0,3.144,0.682,3.826,13.473,0.862,2.964,emon,0.881,0.675,633.7,438.4,1.445
2026-09-17 21:59:41.595,9.0,0,95,22;2;0;95;14;0;0;0;5;0;0;0;6;0;0;0,499,4504,4046;4198;4504;4402;1545;1614;1171;1225;1523;1408;1705;1263;851;499;817;517,0.6,0.0,1051.0,0,0,0,0,0,0.0,0,0,0,0,0,0,0,0,0.0,0,0,0,0,0,86.6,0.0,7371.2,0,0,0,68.1,20.54,0.04,13.01,35.55,24.1,63.4,98.10464477539062,0.008624465204775333,1.038321852684021,0.10374058783054352,0.0,1149.0,0.0,0.0,0.0,0.0,50.10819315165281,0.1,0.0,0.0,0.0,0.0,250.0,1051.0,0.0,0.0,3.144,0.682,3.826,13.473,0.862,2.964,emon,0.881,0.675,633.7,438.4,1.445
2026-09-17 21:59:42.595,8.2,0,97,22;2;0;97;5;0;0;0;0;0;0;0;5;2;0;0,464,4407,4034;4028;3432;4407;1658;2268;1277;1251;1589;1822;1244;1290;807;755;464;465,0.2,0.0,1051.0,0,0,0,0,0,0.0,0,0,0,0,0,0,0,0,0.0,0,0,0,0,0,87.8,0.0,7375.7,0,0,0,69.1,20.54,0.04,13.01,35.55,24.3,63.4,98.10464477539062,0.008624465204775333,1.038321852684021,0.10374058783054352,0.0,1149.0,0.0,0.0,0.0,0.0,50.10819315165281,0.0,0.0,0.0,0.0,0.0,250.0,1051.0,0.0,0.0,3.144,0.682,3.826,13.473,0.862,2.964,emon,0.881,0.675,633.7,438.4,1.445
2026-09-17 21:59:43.596,8.4,0,95,14;3;0;95;6;2;0;0;3;2;0;0;9;0;0;0,526,4465,4081;3804;4258;4465;1346;1661;1286;1300;1736;1199;2310;2277;829;723;729;526,0.1,0.0,1051.0,0,0,0,0,0,0.0,0,0,0,0,0,0,0,0,0.0,0,0,0,0,0,96.1,0.0,7375.7,0,0,0,70.1,20.54,0.04,13.01,35.55,24.4,63.4,98.63555755615235,4.353878739615903,15.626281759142875,15.120592993497848,1.310163935093442,984.0,0.0,0.0,0.0,0.0,50.15421352311969,0.1,0.0,0.0,0.0,0.0,250.0,1051.0,0.0,0.0,3.144,0.682,3.826,13.473,0.862,2.964,emon,0.881,0.675,633.7,438.4,1.445
2026-09-17 21:59:44.597,8.3,0,97,0;18;0;97;0;0;0;0;0;9;0;0;6;0;0;2,451,4459,3343;4003;4074;4459;1223;1498;1896;1221;1229;1654;1753;2418;629;801;451;762,0.0,0.0,1051.0,0,0,0,0,0,0.0,0,0,0,0,0,0,0,0,0.0,0,0,0,0,0,100.0,0.0,7381.1,0,0,0,70.1,20.54,0.04,13.01,35.55,24.4,63.4,98.21219635009766,0.009665880352258682,0.9397808909416199,0.09457264095544815,0.0,399.0,0.0,0.0,0.0,0.0,50.36574852466583,0.0,0.0,0.0,0.0,0.0,250.0,1051.0,0.0,0.0,3.144,0.682,3.826,13.473,0.862,2.964,emon,0.881,0.675,633.7,438.4,1.445
2026-09-17 21:59:45.597,9.0,0,94,0;17;0;94;0;11;0;0;0;12;0;0;9;0;0;0,539,4391,4024;3930;4391;4370;1126;1748;1161;1200;1321;2108;1580;1542;618;772;559;539,0.3,0.0,1051.0,0,0,0,0,0,0.0,0,0,0,0,0,0,0,0,0.0,0,0,0,0,0,100.0,0.0,7391.8,0,0,0,67.1,17.09,0.0,23.55,42.32,24.5,63.4,98.58361053466797,7.791214074784269,16.424767802158993,19.6838826884826,0.9389758677765107,1003.1666666666666,0.0,0.0,0.0,0.0,50.17688161010543,0.0,0.0,0.0,0.0,0.0,250.0,1051.0,0.0,0.0,3.144,0.682,3.826,13.473,0.862,2.964,emon,0.881,0.675,633.7,438.4,1.445
2026-09-17 21:59:46.598,11.6,2,100,9;17;6;100;3;9;3;6;3;11;3;2;6;2;3;2,613,4403,4108;4098;4140;4403;3019;2240;3179;3305;2389;1989;2997;2735;613;765;683;712,0.0,0.0,1051.0,0,0,0,0,0,0.0,0,0,0,0,0,0,0,0,0.0,0,0,0,0,0,99.2,0.0,7391.8,0,0,0,67.1,17.09,0.0,23.55,42.32,24.4,63.4,98.11054229736328,0.008381065912544727,0.8782159090042114,0.08812091499567032,0.0,1149.0,0.0,0.0,0.0,0.0,50.176670134067535,0.0,0.0,0.0,0.0,0.0,250.0,1051.0,0.0,0.0,3.144,0.682,3.826,13.473,0.862,2.964,emon,0.881,0.675,633.7,438.4,1.445
2026-09-17 21:59:47.598,8.2,0,96,2;17;0;96;0;6;0;0;0;8;0;0;3;0;0;0,470,4389,4066;4103;4345;4389;1557;1651;1679;2147;1943;2022;1294;1305;625;674;715;470,0.0,0.0,1051.0,0,0,0,0,0,0.0,0,0,0,0,0,0,0,0,0.0,0,0,0,0,0,99.2,0.0,7391.8,0,0,0,67.1,17.09,0.0,23.55,42.32,24.5,63.4,98.27915954589844,0.008318368345499039,0.9766918420791626,0.09743236750364304,0.0,1049.0,0.0,0.0,0.0,0.0,50.16656671464443,0.0,0.0,0.0,0.0,0.0,250.0,1051.0,0.0,0.0,3.144,0.682,3.826,13.473,0.862,2.964,emon,0.881,0.675,633.7,438.4,1.445
2026-09-17 21:59:48.599,8.3,0,97,0;23;0;97;0;5;0;0;0;5;0;0;0;3;0;0,546,4391,3591;3931;4391;4386;1840;1938;1924;1230;1179;1603;1199;1166;628;886;546;668,0.3,0.0,1051.0,0,0,0,0,0,0.0,0,0,0,0,0,0,0,0,0.0,0,0,0,0,0,100.0,0.0,7408.5,0,0,0,67.1,17.09,0.0,23.55,42.32,24.5,63.4,98.61053303309849,7.093708141307745,15.063120876039777,17.249798211668217,2.1260364163068255,966.8571428571429,0.0,0.0,0.0,0.0,50.16155050482069,0.1,0.0,0.0,0.0,0.0,250.0,1051.0,0.0,0.0,38.355,10.146,48.5,22.094,1.414,47.086,emon,0.909,0.669,52.0,24.2,2.146
2026-09-17 21:59:49.599,8.7,0,98,6;11;0;98;0;5;0;0;0;8;0;0;3;8;0;0,615,4409,3954;4033;4316;4409;1691;1717;2886;1299;1340;1801;2444;1402;615;910;668;791,0.6,0.0,1051.0,0,0,0,0,0,0.0,0,0,0,0,0,0,0,0,0.0,0,0,0,0,0,100.0,0.0,7408.5,0,0,0,66.1,17.32,0.0,19.0,39.81,24.6,63.4,99.16458892822266,0.008161108940839767,1.02129328250885,0.10239548981189728,0.0,1149.0,0.0,0.0,0.0,0.0,50.07639919221401,0.1,0.0,0.0,0.0,0.0,250.0,1051.0,0.0,0.0,38.355,10.146,48.5,22.094,1.414,47.086,emon,0.909,0.669,52.0,24.2,2.146
2026-09-17 21:59:50.610,8.3,0,97,5;18;2;97;0;3;0;0;0;2;0;0;0;8;0;0,625,4424,3960;3936;4198;4424;2310;1699;1908;2150;2311;1677;2190;1861;631;883;804;625,0.0,0.0,1051.0,0,0,0,0,0,0.0,0,0,0,0,0,0,0,0,0.0,0,0,0,0,0,96.9,0.0,7431.5,0,0,0,66.1,17.32,0.0,19.0,39.81,24.7,63.4,97.79501724243164,0.009898948483169079,0.8724996447563171,0.08721457421779633,0.0,399.0,0.0,0.0,0.0,0.0,50.37516137957573,0.1,0.0,0.0,0.0,0.0,250.0,1055.6,0.0,0.0,38.355,10.146,48.5,22.094,1.414,47.086,emon,0.909,0.669,52.0,24.2,2.146
2026-09-17 21:59:51.611,8.7,0,73,0;73;0;49;0;6;0;0;0;6;0;0;0;5;0;0,537,4381,4264;4381;4055;4326;1218;1283;1096;1212;1143;1193;1237;1215;611;915;537;556,0.0,0.0,1055.6,0,0,0,0,0,0.0,0,0,0,0,0,0,0,0,0.0,0,0,0,0,0,89.0,0.0,7448.3,0,0,0,67.1,17.32,0.0,19.0,39.81,24.8,63.4,97.79501724243164,0.009898948483169079,0.8724996447563171,0.08721457421779633,0.0,399.0,0.0,0.0,0.0,0.0,50.37516137957573,0.0,0.0,0.0,0.0,0.0,250.0,1055.6,0.0,0.0,38.355,10.146,48.5,22.094,1.414,47.086,emon,0.909,0.669,52.0,24.2,2.146
2026-09-17 21:59:52.611,8.0,0,60,2;54;0;60;0;5;2;0;0;0;0;0;3;3;0;0,565,4463,4080;4344;4257;4463;1206;1253;1053;1212;1373;1398;1269;1559;613;882;565;934,0.1,0.0,1051.6,0,0,0,0,0,0.0,0,0,0,0,0,0,0,0,0.0,0,0,0,0,0,97.9,0.0,7453.9,0,0,0,67.1,17.32,0.0,19.0,39.81,24.8,63.4,97.7531623840332,0.009969526901841164,0.9194238185882568,0.0926201194524765,0.0,399.0,0.0,0.0,0.0,0.0,50.40505430102348,0.0,0.0,0.0,0.0,0.0,250.0,1051.6,0.0,0.0,38.355,10.146,48.5,22.094,1.414,47.086,emon,0.909,0.669,52.0,24.2,2.146
2026-09-17 21:59:53.612,16.1,6,91,11;36;11;91;6;20;9;8;6;14;6;8;11;6;8;8,1480,4498,4491;4253;4498;4468;3364;2526;3324;3321;3398;2587;3357;3391;1480;1864;1906;1781,0.0,0.0,1051.6,0,0,0,0,0,0.0,0,0,0,0,0,0,0,0,0.0,0,0,0,0,0,93.6,0.0,7453.9,0,0,0,67.1,17.24,0.01,18.15,39.52,25.1,63.4,96.12342834472656,0.0074772704392671585,1.0341805219650269,0.10352320969104767,0.0,1499.0,0.0,0.0,0.0,0.0,50.12279161810875,0.0,0.0,0.0,0.0,0.0,250.0,1051.6,0.0,0.0,38.355,10.146,48.5,22.094,1.414,47.086,emon,0.909,0.669,52.0,24.2,2.146
2026-09-17 21:59:54.612,14.7,3,89,11;34;6;89;3;5;11;10;3;25;8;6;3;5;10;6,1759,4721,4566;4191;4721;4459;3409;2225;3347;3328;3447;2455;3298;3318;1759;2748;2906;2607,0.0,0.0,1051.6,0,0,0,0,0,0.0,0,0,0,0,0,0,0,0,0.0,0,0,0,0,0,69.5,0.0,7490.2,0,0,0,67.1,17.24,0.01,18.15,39.52,24.8,63.4,99.0240592956543,0.008128275163471699,1.0257610082626343,0.10291916131973267,0.0,999.0,0.0,0.0,0.0,0.0,50.111762188374996,0.0,0.0,0.0,0.0,0.0,250.0,1051.6,0.0,0.0,38.355,10.146,48.5,22.094,1.414,47.086,emon,0.909,0.669,52.0,24.2,2.146
2026-09-17 21:59:55.613,11.0,0,85,5;38;2;85;0;15;2;0;2;14;0;0;3;11;0;0,639,4311,3787;4165;3870;4311;2443;2274;2507;2430;2736;2208;2293;2573;639;838;741;816,0.0,0.0,1051.6,0,0,0,0,0,0.0,0,0,0,0,0,0,0,0,0.0,0,0,0,0,0,100.0,0.0,7490.2,0,0,0,64.1,17.24,0.01,18.15,39.52,24.9,63.4,98.35522545708551,3.3722253912645908,29.852792342503864,30.080525687999195,0.5603565760700602,1065.6666666666667,0.0,0.0,0.0,0.0,50.20628301509552,0.0,0.0,0.0,0.0,0.0,250.0,1051.6,0.0,0.0,38.355,10.146,48.5,22.094,1.414,47.086,emon,0.909,0.669,52.0,24.2,2.146
2026-09-17 21:59:56.614,10.2,0,91,3;91;3;34;0;8;0;0;0;11;2;0;9;3;0;0,615,4301,4059;4301;4032;4150;1379;1961;2207;1265;1264;2080;1577;1127;615;815;625;730,0.0,0.0,1062.9,0,0,0,0,0,0.0,0,0,0,0,0,0,0,0,0.0,0,0,0,0,0,94.2,0.0,7490.2,0,0,0,66.1,17.24,0.01,18.15,39.52,24.8,63.4,98.72999835014343,0.5553347214590758,12.009460259228945,7.100838917307556,0.9679685949813575,1009.9375,0.0,0.0,0.0,0.0,50.13014421449043,0.2,0.0,0.0,0.0,0.0,250.0,1056.9,0.0,0.0,38.355,10.146,48.5,22.094,1.414,47.086,emon,0.909,0.669,52.0,24.2,2.146
2026-09-17 21:59:57.614,10.1,0,68,9;68;0;45;0;12;2;0;0;17;0;0;3;6;0;0,603,4218,4103;4218;3944;4122;3108;2108;2131;1916;3128;2079;1894;1943;603;844;701;683,2.5,0.0,1035.2,0,0,0,0,0,0.0,0,0,0,0,0,0,0,0,0.0,0,0,0,0,0,95.3,0.0,7490.2,0,0,0,65.1,18.38,0.0,6.02,35.17,24.8,63.4,99.31332495661066,4.984463859331047,14.874229819467752,15.87279639400468,1.4458112205190834,967.8118811881188,0.0,0.0,0.0,0.0,52.547933782017466,0.2,0.0,0.0,0.0,0.0,250.0,1035.2,0.0,0.0,38.355,10.146,48.5,22.094,1.414,47.086,emon,0.909,0.669,52.0,24.2,2.146
2026-09-17 21:59:58.614,9.5,0,97,2;26;0;97;0;9;0;0;0;6;0;0;12;0;0;0,598,4331,4305;4204;4067;4331;1961;1648;1607;1753;1764;1653;1916;2062;598;717;666;681,0.1,0.0,1041.2,0,0,0,0,0,0.0,0,0,0,0,0,0,0,0,0.0,0,0,0,0,0,93.5,0.0,7490.2,0,0,0,66.1,18.38,0.0,6.02,35.17,24.8,63.4,99.26021957397461,0.008500833995640278,0.9596914649009705,0.09641041606664658,0.0,1049.0,0.0,0.0,0.0,0.0,50.14025395363569,0.1,0.0,0.0,0.0,0.0,250.0,1041.2,0.0,0.0,38.355,10.146,48.5,22.094,1.414,47.086,emon,0.909,0.669,52.0,24.2,2.146
2026-09-17 21:59:59.615,8.9,0,97,3;18;0;97;0;5;2;0;0;10;0;0;6;2;0;0,487,4355,3763;4186;3708;4355;1194;1629;1456;1208;1186;1773;1320;1216;596;842;487;502,0.2,0.0,1033.2,0,0,0,0,0,0.0,0,0,0,0,0,0,0,0,0.0,0,0,0,0,0,100.0,0.0,7490.2,0,0,0,66.1,18.38,0.0,6.02,35.17,24.8,63.4,99.26021957397461,0.008500833995640278,0.9596914649009705,0.09641041606664658,0.0,1049.0,0.0,0.0,0.0,0.0,50.14025395363569,0.0,0.0,0.0,0.0,0.0,250.0,1041.2,0.0,0.0,38.355,10.146,48.5,22.094,1.414,47.086,emon,0.909,0.669,52.0,24.2,2.146
2026-09-17 22:00:00.616,8.4,0,96,3;16;0;96;0;9;0;0;0;5;0;0;3;3;0;0,610,4350,3768;4098;3725;4350;1885;1879;1591;2007;953;1770;1445;1360;610;726;797;667,0.2,0.0,1033.2,0,0,0,0,0,0.0,0,0,0,0,0,0,0,0,0.0,0,0,0,0,0,100.0,0.0,7490.2,0,0,0,65.1,18.38,0.0,6.02,35.17,24.9,63.4,98.3063735961914,0.008163134567439556,0.9374064803123474,0.09351562708616257,0.0,1124.0,0.0,0.0,0.0,0.0,50.12889567017555,0.0,0.0,0.0,0.0,0.0,250.0,1033.2,0.0,0.0,90.029,1.115,91.145,15.358,0.983,90.162,emon,0.889,0.733,41.5,19.3,2.151
2026-09-17 22:00:01.616,9.3,0,92,3;23;2;92;0;8;0;0;0;11;0;0;3;6;0;0,609,4314,4032;4137;4022;4314;1201;1697;1183;2201;1239;1551;1524;1473;609;906;745;775,0.0,0.0,1033.2,0,0,0,0,0,0.0,0,0,0,0,0,0,0,0,0.0,0,0,0,0,0,94.0,0.0,7490.2,0,0,0,66.1,17.49,0.01,3.42,33.84,24.8,63.4,98.69079653422038,0.8330507725477219,11.565340161323547,6.0671479900678,0.5664236377924681,932.3333333333334,0.0,0.0,0.0,0.0,59.251421082143985,0.0,0.0,0.0,0.0,0.0,250.0,1027.0,0.0,0.0,90.029,1.115,91.145,15.358,0.983,90.162,emon,0.889,0.733,41.5,19.3,2.151
2026-09-17 22:00:02.617,8.4,0,95,2;20;0;95;0;6;0;0;0;11;0;0;0;0;0;0,599,4339,4034;4236;4143;4339;1246;1631;2392;1257;1594;2128;1389;1252;599;634;689;612,0.0,0.0,1027.0,0,0,0,0,0,0.0,0,0,0,0,0,0,0,0,0.0,0,0,0,0,0,93.8,0.0,7490.2,0,0,0,66.1,17.49,0.01,3.42,33.84,24.8,63.4,99.22941207885742,0.008279899135231972,0.9011949300765991,0.09011059999465942,0.0,1149.0,0.0,0.0,0.0,0.0,50.07398295402527,0.0,0.0,0.0,0.0,0.0,250.0,1027.0,0.0,0.0,90.029,1.115,91.145,15.358,0.983,90.162,emon,0.889,0.733,41.5,19.3,2.151
2026-09-17 22:00:03.618,8.7,0,97,8;16;0;97;0;6;0;0;0;3;0;0;3;6;0;0,602,4360,4227;4259;4134;4360;1479;2182;2695;2058;1356;1529;2411;1980;602;941;858;649,0.0,0.0,1027.0,0,0,0,0,0,0.0,0,0,0,0,0,0,0,0,0.0,0,0,0,0,0,94.0,0.0,7490.2,0,0,0,66.1,17.49,0.01,3.42,33.84,24.8,63.4,98.75648498535156,0.009311906062066555,0.8322154879570007,0.08320710062980652,0.0,999.0,0.0,0.0,0.0,0.0,50.20488774776459,0.0,0.0,0.0,0.0,0.0,250.0,1027.0,0.0,0.0,90.029,1.115,91.145,15.358,0.983,90.162,emon,0.889,0.733,41.5,19.3,2.151
2026-09-17 22:00:04.619,9.4,0,94,8;29;0;94;0;5;0;0;0;8;2;0;3;3;0;0,606,4347,4126;4171;3661;4347;2354;1924;1735;2143;2562;1728;2215;1961;606;795;679;762,0.0,0.0,1027.0,0,0,0,0,0,0.0,0,0,0,0,0,0,0,0,0.0,0,0,0,0,0,92.0,0.0,7490.2,0,0,0,66.1,17.57,0.0,3.41,33.85,24.8,63.4,98.72805404663086,0.009026126004755497,0.8447075486183167,0.08478957414627075,0.0,1074.0,0.0,0.0,0.0,0.0,50.159193098545074,0.0,0.0,0.0,0.0,0.0,250.0,1027.0,0.0,0.0,90.029,1.115,91.145,15.358,0.983,90.162,emon,0.889,0.733,41.5,19.3,2.151
2026-09-17 22:00:05.619,8.4,0,100,3;19;0;100;0;3;2;0;0;3;0;0;3;2;0;0,477,4328,4199;4121;3747;4328;1914;1639;1683;1897;2068;1548;1628;2154;589;792;677;477,0.0,0.0,1027.0,0,0,0,0,0,0.0,0,0,0,0,0,0,0,0,0.0,0,0,0,0,0,93.7,0.0,7490.2,0,0,0,66.1,17.57,0.0,3.41,33.85,24.8,63.4,98.91096115112305,0.008214758709073067,0.9154848456382751,0.09128380566835403,0.0,1124.0,0.0,0.0,0.0,0.0,50.101941742002964,0.0,0.0,0.0,0.0,0.0,250.0,1027.0,0.0,0.0,90.029,1.115,91.145,15.358,0.983,90.162,emon,0.889,0.733,41.5,19.3,2.151
2026-09-17 22:00:06.620,8.1,0,98,0;17;0;98;0;5;0;0;0;5;0;0;3;0;2;0,549,4370,4343;4153;4370;4334;1328;1565;1186;1402;1156;1397;1201;1191;595;735;549;574,0.0,0.0,1027.0,0,0,0,0,0,0.0,0,0,0,0,0,0,0,0,0.0,0,0,0,0,0,100.0,0.0,7490.2,0,0,0,66.1,17.57,0.0,3.41,33.85,24.8,63.4,98.53065490722656,0.010401257313787937,0.9511496424674988,0.09543806314468384,0.0,399.0,0.0,0.0,0.0,0.0,50.23728001117706,0.0,0.0,0.0,0.0,0.0,250.0,1027.0,0.0,0.0,90.029,1.115,91.145,15.358,0.983,90.162,emon,0.889,0.733,41.5,19.3,2.151
2026-09-17 22:00:07.628,8.6,0,95,2;28;0;95;0;8;0;0;0;0;0;0;3;2;0;0,480,4355,4109;4230;4345;4355;1301;1310;1776;1337;1261;1432;1166;1311;597;806;480;556,0.0,0.0,1027.0,0,0,0,0,0,0.0,0,0,0,0,0,0,0,0,0.0,0,0,0,0,0,93.7,0.0,7490.2,0,0,0,65.1,17.57,0.0,3.41,33.85,24.8,63.4,97.32226181030273,0.008129218593239784,0.9517013430595398,0.09510312229394913,0.0,1149.0,0.0,0.0,0.0,0.0,50.14469173550606,0.0,0.0,0.0,0.0,0.0,250.0,1027.0,0.0,0.0,90.029,1.115,91.145,15.358,0.983,90.162,emon,0.889,0.733,41.5,19.3,2.151
2026-09-17 22:00:08.628,8.4,0,98,2;19;0;98;0;3;0;0;0;12;0;0;0;0;0;0,459,4343,3629;4162;3658;4343;2619;1625;1514;1871;1216;2052;2894;2328;594;733;676;459,0.0,0.0,1027.0,0,0,0,0,0,0.0,0,0,0,0,0,0,0,0,0.0,0,0,0,0,0,94.8,0.0,7490.2,0,0,0,65.1,17.53,0.0,3.41,33.72,24.8,63.4,97.32226181030273,0.008129218593239784,0.9517013430595398,0.09510312229394913,0.0,1149.0,0.0,0.0,0.0,0.0,50.14469173550606,0.0,0.0,0.0,0.0,0.0,250.0,1027.0,0.0,0.0,90.029,1.115,91.145,15.358,0.983,90.162,emon,0.889,0.733,41.5,19.3,2.151
2026-09-17 22:00:09.629,7.8,0,97,0;17;0;97;0;2;0;0;0;2;0;0;3;5;0;0,585,4356,4188;4251;3724;4356;2269;1662;2582;1469;1301;1695;1735;1256;600;922;585;812,0.0,0.0,1027.0,0,0,0,0,0,0.0,0,0,0,0,0,0,0,0,0.0,0,0,0,0,0,93.4,0.0,7490.2,0,0,0,65.1,17.53,0.0,3.41,33.72,24.8,63.4,98.67412185668945,0.010384161956608295,0.8061930537223816,0.08098901808261871,0.0,399.0,0.0,0.0,0.0,0.0,50.223299354314804,0.0,0.0,0.0,0.0,0.0,250.0,1027.0,0.0,0.0,90.029,1.115,91.145,15.358,0.983,90.162,emon,0.889,0.733,41.5,19.3,2.151
2026-09-17 22:00:10.629,8.7,0,91,0;23;0;91;0;11;0;0;0;6;0;0;0;8;0;0,605,4378,4332;4253;4378;4345;1835;1479;1647;1743;1816;1530;1746;1754;605;907;677;700,0.0,0.0,1027.0,0,0,0,0,0,0.0,0,0,0,0,0,0,0,0,0.0,0,0,0,0,0,100.0,0.0,7490.2,0,0,0,66.1,17.53,0.0,3.41,33.72,24.8,63.4,98.52021408081055,0.008197632618248463,0.9001939296722412,0.09015438705682755,0.0,1149.0,0.0,0.0,0.0,0.0,50.17715108394623,0.0,0.0,0.0,0.0,0.0,250.0,1027.0,0.0,0.0,90.029,1.115,91.145,15.358,0.983,90.162,emon,0.889,0.733,41.5,19.3,2.151
2026-09-17 22:00:11.630,8.2,0,94,2;18;0;94;0;5;0;0;0;3;0;0;6;3;0;0,573,4346,4070;4140;4115;4346;1206;1723;1468;1669;1406;1772;1834;1659;608;823;717;573,0.0,0.0,1027.0,0,0,0,0,0,0.0,0,0,0,0,0,0,0,0,0.0,0,0,0,0,0,93.4,0.0,7490.2,0,0,0,66.1,17.53,0.0,3.41,33.72,24.8,63.4,99.00413513183594,0.00838069710880518,0.9098057150840759,0.0912075862288475,0.0,1049.0,0.0,0.0,0.0,0.0,50.07406437024474,0.0,0.0,0.0,0.0,0.0,250.0,1027.0,0.0,0.0,90.029,1.115,91.145,15.358,0.983,90.162,emon,0.889,0.733,41.5,19.3,2.151
2026-09-17 22:00:12.631,9.6,0,92,2;23;0;92;0;5;5;0;0;10;2;0;5;9;0;2,548,4362,4163;4261;4246;4362;1272;1558;1577;1369;1177;1613;1415;1231;606;898;548;816,0.0,0.0,1027.0,0,0,0,0,0,0.0,0,0,0,0,0,0,0,0,0.0,0,0,0,0,0,93.4,0.0,7490.2,0,0,0,66.1,17.51,0.0,3.42,33.72,24.8,63.4,98.88228225708008,0.00798087939620018,0.9429437518119812,0.09417057037353516,0.0,1074.0,0.0,0.0,0.0,0.0,50.10156233608723,0.0,0.0,0.0,0.0,0.0,250.0,1027.0,0.0,0.0,89.531,1.104,90.635,10.289,0.659,89.976,emon,0.893,0.765,41.9,19.5,2.143
2026-09-17 22:00:13.631,9.0,0,98,0;22;2;98;0;3;3;0;0;8;5;0;0;0;3;0,606,4344,4165;4167;3841;4344;1265;1763;2713;1201;1116;1596;1662;1174;606;777;776;639,0.0,0.0,1027.0,0,0,0,0,0,0.0,0,0,0,0,0,0,0,0,0.0,0,0,0,0,0,93.9,0.0,7490.2,0,0,0,66.1,17.51,0.0,3.42,33.72,24.8,63.4,97.85005187988281,0.010258504189550877,0.8256382346153259,0.08226390182971954,0.0,399.0,0.0,0.0,0.0,0.0,50.41153737902641,0.0,0.0,0.0,0.0,0.0,250.0,1027.0,0.0,0.0,89.531,1.104,90.635,10.289,0.659,89.976,emon,0.893,0.765,41.9,19.5,2.143
2026-09-17 22:00:14.632,8.9,0,97,27;0;0;97;0;0;5;0;0;0;5;0;3;0;6;0,509,4374,4109;3997;3723;4374;1220;1220;1990;1377;1749;1292;1527;1336;602;509;940;739,0.0,0.0,1027.0,0,0,0,0,0,0.0,0,0,0,0,0,0,0,0,0.0,0,0,0,0,0,93.9,0.0,7490.2,0,0,0,67.1,17.51,0.0,3.42,33.72,24.8,63.4,97.8149185180664,0.008192554116249084,0.8573635220527649,0.08634443581104279,0.0,1149.0,0.0,0.0,0.0,0.0,50.11448387801647,0.0,0.0,0.0,0.0,0.0,250.0,1027.0,0.0,0.0,89.531,1.104,90.635,10.289,0.659,89.976,emon,0.893,0.765,41.9,19.5,2.143
2026-09-17 22:00:15.632,8.1,0,97,15;2;0;97;0;0;9;0;0;0;6;0;0;0;0;0,486,4350,4211;4113;3736;4350;1182;1158;1571;1328;1259;1337;1572;1326;606;486;780;522,0.0,0.0,1027.0,0,0,0,0,0,0.0,0,0,0,0,0,0,0,0,0.0,0,0,0,0,0,100.0,0.0,7490.2,0,0,0,66.1,17.51,0.0,3.42,33.72,24.8,63.4,98.66961669921875,0.010370629839599133,0.8230666518211365,0.08197500556707382,0.0,399.0,0.0,0.0,0.0,0.0,50.267195120453835,0.0,0.0,0.0,0.0,0.0,250.0,1027.0,0.0,0.0,89.531,1.104,90.635,10.289,0.659,89.976,emon,0.893,0.765,41.9,19.5,2.143
2026-09-17 22:00:16.632,9.0,0,94,19;3;0;94;0;0;9;0;0;0;15;0;3;0;0;0,471,4348,4144;3918;4143;4348;1196;1212;1623;2835;1189;1179;1741;1193;606;493;710;471,0.0,0.0,1027.0,0,0,0,0,0,0.0,0,0,0,0,0,0,0,0,0.0,0,0,0,0,0,100.0,0.0,7490.2,0,0,0,66.1,17.58,0.0,3.4,33.77,24.8,63.4,98.66961669921875,0.010370629839599133,0.8230666518211365,0.08197500556707382,0.0,399.0,0.0,0.0,0.0,0.0,50.267195120453835,0.0,0.0,0.0,0.0,0.0,250.0,1027.0,0.0,0.0,89.531,1.104,90.635,10.289,0.659,89.976,emon,0.893,0.765,41.9,19.5,2.143
2026-09-17 22:00:17.632,8.6,0,98,20;0;0;98;0;0;11;0;0;0;3;0;3;0;2;0,480,4352,4198;4075;4321;4352;1758;1440;1586;1477;1358;1430;1766;2024;607;480;812;555,0.0,0.0,1027.0,0,0,0,0,0,0.0,0,0,0,0,0,0,0,0,0.0,0,0,0,0,0,93.4,0.0,7490.2,0,0,0,67.1,17.58,0.0,3.4,33.77,24.8,63.4,96.9536018371582,0.008151852525770664,0.9472296833992004,0.09525410085916519,0.0,1174.0,0.0,0.0,0.0,0.0,50.175395622849464,0.0,0.0,0.0,0.0,0.0,250.0,1027.0,0.0,0.0,89.531,1.104,90.635,10.289,0.659,89.976,emon,0.893,0.765,41.9,19.5,2.143
2026-09-17 22:00:18.633,8.9,0,97,22;0;0;97;0;0;11;0;0;0;6;0;6;0;0;0,448,4413,4259;4413;4352;4345;1231;1272;1744;1217;1178;1100;1528;1152;656;448;715;534,0.0,0.0,1027.0,0,0,0,0,0,0.0,0,0,0,0,0,0,0,0,0.0,0,0,0,0,0,93.9,0.0,7490.2,0,0,0,66.1,17.58,0.0,3.4,33.77,24.8,63.4,98.02533721923828,0.010065283626317978,0.8008935451507568,0.08081088215112686,0.0,399.0,0.0,0.0,0.0,0.0,50.40405720472336,0.0,0.0,0.0,0.0,0.0,250.0,1027.0,0.0,0.0,89.531,1.104,90.635,10.289,0.659,89.976,emon,0.893,0.765,41.9,19.5,2.143
2026-09-17 22:00:19.634,9.5,0,96,30;0;0;96;0;0;12;0;0;0;9;0;3;0;2;0,601,4366,3837;4018;4308;4366;1806;1326;1810;1659;1402;1292;1494;1372;601;734;920;689,0.0,0.0,1027.0,0,0,0,0,0,0.0,0,0,0,0,0,0,0,0,0.0,0,0,0,0,0,92.4,0.0,7490.2,0,0,0,67.1,17.58,0.0,3.4,33.77,24.8,63.4,98.07625961303711,0.01029965840280056,0.8132674098014832,0.08141400665044785,0.0,399.0,0.0,0.0,0.0,0.0,50.37064075469971,0.0,0.0,0.0,0.0,0.0,250.0,1027.0,0.0,0.0,89.531,1.104,90.635,10.289,0.659,89.976,emon,0.893,0.765,41.9,19.5,2.143
2026-09-17 22:00:20.634,9.0,0,98,25;0;0;98;0;0;5;0;0;0;9;0;3;0;3;0,504,4335,4205;3893;4311;4335;1414;1300;1582;1714;1260;1297;1728;1409;616;504;755;663,0.0,0.0,1027.0,0,0,0,0,0,0.0,0,0,0,0,0,0,0,0,0.0,0,0,0,0,0,100.0,0.0,7490.2,0,0,0,66.1,17.47,0.0,3.41,33.77,24.8,63.4,96.75029754638672,0.00796014815568924,0.9602011442184448,0.09586414694786072,0.0,1199.0,0.0,0.0,0.0,0.0,50.12101171910763,0.0,0.0,0.0,0.0,0.0,250.0,1027.0,0.0,0.0,89.531,1.104,90.635,10.289,0.659,89.976,emon,0.893,0.765,41.9,19.5,2.143
2026-09-17 22:00:21.634,9.6,0,95,23;3;0;95;2;0;11;2;0;0;9;0;9;0;0;0,489,4342,4242;4017;4312;4342;1345;1246;1551;1267;1276;1147;1529;1476;608;639;788;489,0.0,0.0,1027.0,0,0,0,0,0,0.0,0,0,0,0,0,0,0,0,0.0,0,0,0,0,0,100.0,0.0,7490.2,0,0,0,66.1,17.47,0.0,3.41,33.77,24.8,63.4,98.26069641113281,0.01035193633288145,0.821138322353363,0.08182723820209503,0.0,399.0,0.0,0.0,0.0,0.0,50.330308973789215,0.0,0.0,0.0,0.0,0.0,250.0,1027.0,0.0,0.0,89.531,1.104,90.635,10.289,0.659,89.976,emon,0.893,0.765,41.9,19.5,2.143
2026-09-17 22:00:22.634,9.1,0,100,28;2;0;100;0;0;3;0;0;0;5;0;6;0;3;0,495,4380,4220;4279;4380;4342;1623;1819;1497;1332;1688;1886;1409;1067;643;495;765;668,0.0,0.0,1027.0,0,0,0,0,0,0.0,0,0,0,0,0,0,0,0,0.0,0,0,0,0,0,94.2,0.0,7490.2,0,0,0,66.1,17.47,0.0,3.41,33.77,24.8,63.4,97.67012405395508,0.008335555903613567,0.8293481469154358,0.08287924528121948,0.0,1199.0,0.0,0.0,0.0,0.0,50.095539666712284,0.0,0.0,0.0,0.0,0.0,250.0,1027.0,0.0,0.0,89.531,1.104,90.635,10.289,0.659,89.976,emon,0.893,0.765,41.9,19.5,2.143
2026-09-17 22:00:23.635,9.8,0,97,17;2;0;97;0;0;9;0;0;0;17;0;8;0;3;3,524,4377,4189;4168;4360;4377;1413;1503;1520;1388;1515;1355;1965;1551;626;524;873;524,0.0,0.0,1027.0,0,0,0,0,0,0.0,0,0,0,0,0,0,0,0,0.0,0,0,0,0,0,93.9,0.0,7490.2,0,0,0,67.1,17.47,0.0,3.41,33.77,24.8,63.4,97.83536148071289,0.010195957496762276,0.9797487258911133,0.09811479598283768,0.0,399.0,0.0,0.0,0.0,0.0,50.41935569047928,0.0,0.0,0.0,0.0,0.0,250.0,1027.0,0.0,0.0,89.531,1.104,90.635,10.289,0.659,89.976,emon,0.893,0.765,41.9,19.5,2.143
2026-09-17 22:00:24.641,8.3,0,83,83;0;0;35;0;0;6;0;0;0;5;0;3;0;0;0,471,4350,4341;3929;4350;4175;1573;1756;1562;1347;1580;1532;1764;1553;631;471;717;529,0.0,0.0,1027.0,0,0,0,0,0,0.0,0,0,0,0,0,0,0,0,0.0,0,0,0,0,0,93.9,0.0,7490.2,0,0,0,68.1,17.55,0.0,3.41,33.86,24.8,63.4,98.28450393676758,0.00832667201757431,0.8312199711799622,0.08374252915382385,0.0,1049.0,0.0,0.0,0.0,0.0,50.10877989977598,0.0,0.0,0.0,0.0,0.0,250.0,1027.0,0.0,0.0,89.972,1.26,91.231,11.403,0.73,90.501,emon,0.891,0.792,42.1,19.6,2.144
2026-09-17 22:00:25.641,9.4,0,84,84;2;2;33;0;0;11;0;0;0;12;0;0;0;6;0,463,4398,4358;4119;4398;4275;1218;1246;1440;1237;1228;1264;1549;1235;616;463;954;640,0.0,0.0,1027.0,0,0,0,0,0,0.0,0,0,0,0,0,0,0,0,0.0,0,0,0,0,0,91.3,0.0,7490.2,0,0,0,69.1,17.55,0.0,3.41,33.86,24.8,63.4,98.28450393676758,0.00832667201757431,0.8312199711799622,0.08374252915382385,0.0,1049.0,0.0,0.0,0.0,0.0,50.10877989977598,0.0,0.0,0.0,0.0,0.0,250.0,1027.0,0.0,0.0,89.972,1.26,91.231,11.403,0.73,90.501,emon,0.891,0.792,42.1,19.6,2.144
2026-09-17 22:00:26.642,9.1,0,96,96;0;0;25;0;0;8;0;0;0;6;0;9;0;2;0,705,4371,4353;3717;4371;4231;1207;1155;1426;1204;1131;1533;1634;1316;720;705;806;791,0.0,0.0,1027.0,0,0,0,0,0,0.0,0,0,0,0,0,0,0,0,0.0,0,0,0,0,0,94.3,0.0,7490.2,0,0,0,69.1,17.55,0.0,3.41,33.86,24.8,63.4,96.96203994750977,0.008022677153348923,0.8873329162597656,0.08904311060905457,0.0,1099.0,0.0,0.0,0.0,0.0,50.15794558823109,0.0,0.0,0.0,0.0,0.0,250.0,1027.0,0.0,0.0,89.972,1.26,91.231,11.403,0.73,90.501,emon,0.891,0.792,42.1,19.6,2.144
2026-09-17 22:00:27.643,9.8,0,97,32;0;2;97;0;0;11;0;0;0;9;0;2;0;5;0,597,4357,4207;4235;4039;4357;1415;1571;1420;1473;1862;2470;1552;1708;636;597;877;732,0.0,0.0,1027.0,0,0,0,0,0,0.0,0,0,0,0,0,0,0,0,0.0,0,0,0,0,0,93.5,0.0,7490.2,0,0,0,67.1,17.55,0.0,3.41,33.86,24.8,63.4,98.68354034423828,0.008487113751471043,0.8626878261566162,0.0865321010351181,0.0,1049.0,0.0,0.0,0.0,0.0,50.172036826610565,0.0,0.0,0.0,0.0,0.0,250.0,1027.0,0.0,0.0,89.972,1.26,91.231,11.403,0.73,90.501,emon,0.891,0.792,42.1,19.6,2.144
2026-09-17 22:00:28.643,9.0,0,97,22;2;2;97;0;0;9;0;0;0;3;0;3;0;6;0,594,4366,4181;4026;4139;4366;1206;1256;1986;1170;1257;1293;1581;1329;603;594;911;728,0.0,0.0,1027.0,0,0,0,0,0,0.0,0,0,0,0,0,0,0,0,0.0,0,0,0,0,0,93.1,0.0,7490.2,0,0,0,67.1,17.56,0.0,3.41,33.88,24.8,63.4,99.05959701538086,0.008379088714718819,0.9016318917274475,0.09023018181324005,0.0,1099.0,0.0,0.0,0.0,0.0,50.10446718335152,0.0,0.0,0.0,0.0,0.0,250.0,1027.0,0.0,0.0,89.972,1.26,91.231,11.403,0.73,90.501,emon,0.891,0.792,42.1,19.6,2.144
2026-09-17 22:00:29.644,8.9,0,96,26;0;0;96;0;0;9;0;0;0;3;0;6;0;3;0,511,4343,4203;3936;4172;4343;1218;1204;1360;1402;1276;1949;1514;1435;603;511;792;538,0.0,0.0,1027.0,0,0,0,0,0,0.0,0,0,0,0,0,0,0,0,0.0,0,0,0,0,0,94.2,0.0,7490.2,0,0,0,66.1,17.56,0.0,3.41,33.88,24.8,63.4,98.0071792602539,0.008116682060062885,0.8472633957862854,0.08461495488882065,0.0,1199.0,0.0,0.0,0.0,0.0,50.2004212141037,0.0,0.0,0.0,0.0,0.0,250.0,1027.0,0.0,0.0,89.972,1.26,91.231,11.403,0.73,90.501,emon,0.891,0.792,42.1,19.6,2.144
2026-09-17 22:00:30.644,8.8,0,92,31;0;0;92;0;0;3;0;0;0;8;0;3;0;3;0,521,4335,4173;3561;3565;4335;1260;1337;1731;1401;1413;1328;1463;1487;605;555;860;521,0.0,0.0,1027.0,0,0,0,0,0,0.0,0,0,0,0,0,0,0,0,0.0,0,0,0,0,0,100.0,0.0,7490.2,0,0,0,65.1,17.56,0.0,3.41,33.88,24.8,63.4,99.12961959838867,0.0083044758066535,0.9067635536193848,0.09037806838750839,0.0,1074.0,0.0,0.0,0.0,0.0,50.080807499587536,0.0,0.0,0.0,0.0,0.0,250.0,1027.0,0.0,0.0,89.972,1.26,91.231,11.403,0.73,90.501,emon,0.891,0.792,42.1,19.6,2.144
2026-09-17 22:00:31.645,8.0,0,97,16;0;0;97;0;0;3;0;0;0;6;0;3;0;3;0,468,4398,4109;2956;4398;4337;1228;1245;1782;1329;1235;1772;1762;1290;605;573;887;468,0.0,0.0,1027.0,0,0,0,0,0,0.0,0,0,0,0,0,0,0,0,0.0,0,0,0,0,0,93.3,0.0,7490.2,0,0,0,66.1,17.56,0.0,3.41,33.88,24.8,63.4,97.71013641357422,0.010417914018034935,0.9240253567695618,0.09222661703824997,0.0,399.0,0.0,0.0,0.0,0.0,50.40872445702553,0.0,0.0,0.0,0.0,0.0,250.0,1027.0,0.0,0.0,89.972,1.26,91.231,11.403,0.73,90.501,emon,0.891,0.792,42.1,19.6,2.144
2026-09-17 22:00:32.645,9.3,0,97,23;2;0;97;0;0;8;0;0;0;12;0;3;0;3;0,596,4337,4200;3958;4321;4337;1168;1161;1666;1629;1206;1219;1660;1255;605;596;908;912,0.0,0.0,1027.0,0,0,0,0,0,0.0,0,0,0,0,0,0,0,0,0.0,0,0,0,0,0,93.4,0.0,7490.2,0,0,0,67.1,17.46,0.0,3.41,33.76,24.8,63.4,98.88638687133789,0.00799169298261404,0.998236894607544,0.0997912660241127,0.0,1124.0,0.0,0.0,0.0,0.0,50.121335960924625,0.0,0.0,0.0,0.0,0.0,250.0,1027.0,0.0,0.0,89.972,1.26,91.231,11.403,0.73,90.501,emon,0.891,0.792,42.1,19.6,2.144
2026-09-17 22:00:33.657,7.8,0,97,20;0;0;97;0;0;5;0;0;0;3;0;0;0;0;0,482,4353,4218;4254;4112;4353;1506;1221;1608;1444;1790;1184;1589;1340;605;482;660;486,0.0,0.0,1027.0,0,0,0,0,0,0.0,0,0,0,0,0,0,0,0,0.0,0,0,0,0,0,94.2,0.0,7490.2,0,0,0,67.1,17.46,0.0,3.41,33.76,24.9,63.4,96.38621139526367,0.007899010553956032,1.015150547027588,0.10171277076005936,0.0,1199.0,0.0,0.0,0.0,0.0,50.18139570951462,0.0,0.0,0.0,0.0,0.0,250.0,1027.0,0.0,0.0,89.972,1.26,91.231,11.403,0.73,90.501,emon,0.891,0.792,42.1,19.6,2.144
2026-09-17 22:00:34.657,8.7,0,97,22;0;0;97;0;0;9;0;0;0;8;0;3;0;0;0,571,4344,4057;3700;3862;4344;1234;1251;1994;1405;1341;1311;1566;1433;596;571;691;635,0.0,0.0,1027.0,0,0,0,0,0,0.0,0,0,0,0,0,0,0,0,0.0,0,0,0,0,0,100.0,0.0,7490.2,0,0,0,67.1,17.46,0.0,3.41,33.76,24.8,63.4,99.1375503540039,0.008507332764565945,0.8192794919013977,0.081767737865448,0.0,999.0,0.0,0.0,0.0,0.0,50.05571873486042,0.0,0.0,0.0,0.0,0.0,250.0,1027.0,0.0,0.0,89.972,1.26,91.231,11.403,0.73,90.501,emon,0.891,0.792,42.1,19.6,2.144
2026-09-17 22:00:35.658,9.7,0,98,25;2;2;98;0;0;14;0;0;0;12;0;3;0;0;0,437,4336,4052;4246;3781;4336;1497;1348;1750;1418;1469;2225;1936;1464;614;437;757;557,0.0,0.0,1027.0,0,0,0,0,0,0.0,0,0,0,0,0,0,0,0,0.0,0,0,0,0,0,92.8,0.0,7490.2,0,0,0,66.1,17.46,0.0,3.41,33.76,24.8,63.4,97.68397521972656,0.008442133665084839,0.7992021441459656,0.08027078956365585,0.0,999.0,0.0,0.0,0.0,0.0,50.21740347146988,0.0,0.0,0.0,0.0,0.0,250.0,1027.0,0.0,0.0,89.972,1.26,91.231,11.403,0.73,90.501,emon,0.891,0.792,42.1,19.6,2.144
2026-09-17 22:00:36.659,8.4,0,94,25;2;0;94;0;0;6;0;0;0;3;0;0;0;5;0,569,4393,4131;2150;4393;4335;1220;1205;1618;1953;1246;1335;1812;1420;606;594;920;569,0.0,0.0,1027.0,0,0,0,0,0,0.0,0,0,0,0,0,0,0,0,0.0,0,0,0,0,0,93.1,0.0,7490.2,0,0,0,66.1,17.47,0.0,3.41,33.7,24.8,63.4,98.19124221801758,0.007999456487596035,0.9306479692459106,0.09347335994243622,0.0,1199.0,0.0,0.0,0.0,0.0,50.05713026225567,0.0,0.0,0.0,0.0,0.0,250.0,1027.0,0.0,0.0,89.973,1.262,91.235,10.296,0.659,90.576,emon,0.892,0.8,42.4,19.7,2.148
2026-09-17 22:00:37.659,8.9,0,91,17;3;0;91;0;0;11;0;0;0;9;0;6;0;5;0,514,4346,4189;4145;4346;4329;1525;1286;1528;1401;1271;1327;1500;1304;591;514;949;687,0.0,0.0,1027.0,0,0,0,0,0,0.0,0,0,0,0,0,0,0,0,0.0,0,0,0,0,0,93.1,0.0,7490.2,0,0,0,66.1,17.47,0.0,3.41,33.7,24.8,63.4,98.55370712280273,0.008313817903399467,1.0021287202835083,0.10036321729421616,0.0,1049.0,0.0,0.0,0.0,0.0,50.14966191351414,0.0,0.0,0.0,0.0,0.0,250.0,1027.0,0.0,0.0,89.973,1.262,91.235,10.296,0.659,90.576,emon,0.892,0.8,42.4,19.7,2.148
2026-09-17 22:00:38.660,8.5,0,100,20;0;0;100;0;0;6;0;0;0;6;0;0;0;3;0,494,4370,4181;4225;4363;4370;1284;1166;1954;1355;1148;1167;1733;1571;599;494;899;919,0.0,0.0,1027.0,0,0,0,0,0,0.0,0,0,0,0,0,0,0,0,0.0,0,0,0,0,0,93.8,0.0,7490.2,0,0,0,67.1,17.47,0.0,3.41,33.7,24.8,63.4,97.1335334777832,0.008230559527873993,0.9286094307899475,0.09334515035152435,0.0,1149.0,0.0,0.0,0.0,0.0,50.169206976890564,0.0,0.0,0.0,0.0,0.0,250.0,1027.0,0.0,0.0,89.973,1.262,91.235,10.296,0.659,90.576,emon,0.892,0.8,42.4,19.7,2.148
2026-09-17 22:00:39.660,8.5,0,98,20;0;0;98;0;0;2;0;0;0;6;0;5;0;5;0,601,4429,4213;2153;3444;4429;2003;1224;2199;1704;1313;1360;1580;1288;692;601;923;611,0.0,0.0,1027.0,0,0,0,0,0,0.0,0,0,0,0,0,0,0,0,0.0,0,0,0,0,0,100.0,0.0,7490.2,0,0,0,71.1,17.47,0.0,3.41,33.7,24.8,63.4,99.21434020996094,0.008152766153216362,0.8990029692649841,0.08966097235679626,0.0,1149.0,0.0,0.0,0.0,0.0,50.046909518539906,0.0,0.0,0.0,0.0,0.0,250.0,1027.0,0.0,0.0,89.973,1.262,91.235,10.296,0.659,90.576,emon,0.892,0.8,42.4,19.7,2.148
2026-09-17 22:00:40.661,7.7,0,100,11;0;0;100;0;0;5;0;0;0;5;0;3;0;0;0,985,4728,4520;4146;4728;4727;1272;1227;1697;1360;1176;1114;1281;1564;1033;1011;985;995,0.0,0.0,1027.0,0,0,0,0,0,0.0,0,0,0,0,0,0,0,0,0.0,0,0,0,0,0,23.5,0.0,7490.2,0,0,0,80.1,18.36,0.0,2.77,31.53,24.8,63.4,97.26551818847656,0.008914276957511902,0.8377830386161804,0.08445774018764496,0.0,599.0,0.0,0.0,0.0,0.0,50.43048310279846,0.0,0.0,0.0,0.0,0.0,450.0,1027.0,0.0,0.0,89.973,1.262,91.235,10.296,0.659,90.576,emon,0.892,0.8,42.4,19.7,2.148
2026-09-17 22:00:41.661,8.6,0,98,23;0;0;98;0;0;8;0;0;0;5;0;3;0;0;0,984,4731,4558;4687;4731;4724;1221;1228;1469;1256;1256;1273;1353;1544;1033;1033;984;1045,0.0,0.0,1027.0,0,0,0,0,0,0.0,0,0,0,0,0,0,0,0,0.0,0,0,0,0,0,0.0,0.0,7490.2,0,0,0,80.1,18.36,0.0,2.77,31.53,24.8,63.4,93.85849380493164,0.008757716976106167,0.8751968741416931,0.08728455007076263,0.0,599.0,0.0,0.0,0.0,0.0,50.452226251363754,0.0,0.0,0.0,0.0,0.0,450.0,1027.0,0.0,0.0,89.973,1.262,91.235,10.296,0.659,90.576,emon,0.892,0.8,42.4,19.7,2.148
2026-09-17 22:00:42.664,8.0,0,97,17;0;0;97;0;0;3;0;0;0;3;0;0;0;8;0,968,4726,4706;4654;4673;4726;1210;1290;1334;1214;1257;1264;1244;1500;1031;983;1128;968,0.0,0.0,1027.0,0,0,0,0,0,0.0,0,0,0,0,0,0,0,0,0.0,0,0,0,0,0,0.0,0.0,7490.2,0,0,0,80.1,18.36,0.0,2.77,31.53,24.8,63.4,95.04125213623047,0.006964612286537886,0.914101243019104,0.09175336360931396,0.0,1199.0,0.0,0.0,0.0,0.0,50.20197005569935,0.0,0.0,0.0,0.0,0.0,450.0,1027.0,0.0,0.0,89.973,1.262,91.235,10.296,0.659,90.576,emon,0.892,0.8,42.4,19.7,2.148
2026-09-17 22:00:43.665,8.7,0,98,22;0;0;98;0;0;5;2;0;0;6;0;0;0;5;2,1013,4731,4368;4648;4731;4727;1380;1399;1270;1243;1268;1341;1412;1202;1038;1015;1151;1013,0.0,0.0,1027.0,0,0,0,0,0,0.0,0,0,0,0,0,0,0,0,0.0,0,0,0,0,0,0.0,0.0,7490.2,0,0,0,80.1,18.36,0.0,2.77,31.53,24.8,63.4,90.87884521484375,0.009103882126510143,0.8457484841346741,0.08447707444429398,0.0,874.0,0.0,0.0,0.0,0.0,50.347249925136566,0.0,0.0,0.0,0.0,0.0,450.0,1027.0,0.0,0.0,89.973,1.262,91.235,10.296,0.659,90.576,emon,0.892,0.8,42.4,19.7,2.148
2026-09-17 22:00:44.665,10.2,2,98,3;16;2;98;3;3;3;5;3;3;3;6;5;3;3;5,1565,4679,4549;4673;4679;4663;3386;3439;3329;1855;3429;3421;3399;2187;1565;2662;2703;1990,0.0,0.0,1027.0,0,0,0,0,0,0.0,0,0,0,0,0,0,0,0,0.0,0,0,0,0,0,0.0,0.0,7490.2,0,0,0,76.1,22.16,0.0,0.32,24.17,24.8,63.4,98.07536697387695,0.006843936163932085,0.9388524293899536,0.09408370405435562,0.0,1199.0,0.0,0.0,0.0,0.0,50.1884133964777,0.0,0.0,0.0,0.0,0.0,450.0,1027.0,0.0,0.0,89.973,1.262,91.235,10.296,0.659,90.576,emon,0.892,0.8,42.4,19.7,2.148
2026-09-17 22:00:45.666,9.9,0,70,0;52;0;70;0;0;0;6;0;0;0;9;12;0;0;9,509,4363,3189;4360;4324;4363;1221;1158;1407;2109;1215;1663;1743;1768;650;810;509;935,0.0,0.0,1027.0,0,0,0,0,0,0.0,0,0,0,0,0,0,0,0,0.0,0,0,0,0,0,97.7,0.0,7490.2,0,0,0,69.1,22.16,0.0,0.32,24.17,24.8,63.4,97.80741882324219,0.008330061100423336,0.9865386486053467,0.09864388406276703,0.0,1149.0,0.0,0.0,0.0,0.0,50.072192154824734,0.0,0.0,0.0,0.0,0.0,250.0,1027.0,0.0,0.0,89.973,1.262,91.235,10.296,0.659,90.576,emon,0.892,0.8,42.4,19.7,2.148
2026-09-17 22:00:46.666,8.0,0,92,0;92;0;23;0;0;0;5;0;0;0;3;0;0;0;5,551,4422,4291;4379;4422;4278;1912;1143;1192;1722;1749;1231;1258;1389;614;605;551;858,0.0,0.0,1027.0,0,0,0,0,0,0.0,0,0,0,0,0,0,0,0,0.0,0,0,0,0,0,92.1,0.0,7490.2,0,0,0,70.1,22.16,0.0,0.32,24.17,24.8,63.4,99.23919677734375,0.008429870009422302,0.8049772381782532,0.081023208796978,0.0,999.0,0.0,0.0,0.0,0.0,50.06693868339062,0.0,0.0,0.0,0.0,0.0,250.0,1027.0,0.0,0.0,89.973,1.262,91.235,10.296,0.659,90.576,emon,0.892,0.8,42.4,19.7,2.148
2026-09-17 22:00:47.667,26.8,14,66,27;61;22;66;19;16;17;39;16;19;16;33;20;17;14;28,1866,4601,4567;4418;4601;4438;3376;3428;3438;3177;3410;3386;3434;3074;1866;2186;2176;2091,0.0,0.0,1027.0,0,0,0,0,0,0.0,0,0,0,0,0,0,0,0,0.0,0,0,0,0,0,52.7,0.0,7490.2,0,0,0,66.1,22.16,0.0,0.32,24.17,24.8,63.4,97.83071899414062,0.00782355573028326,1.0910627841949463,0.10883644223213196,0.0,1199.0,0.0,0.0,0.0,0.0,50.18012520670891,0.0,0.0,0.0,0.0,0.0,250.0,1027.0,0.0,0.0,89.973,1.262,91.235,10.296,0.659,90.576,emon,0.892,0.8,42.4,19.7,2.148
2026-09-17 22:00:48.667,9.2,0,97,0;19;0;97;0;0;0;6;0;0;0;12;6;0;0;8,621,4319,4050;4212;4150;4319;2496;2627;2534;1618;2878;2668;2608;1618;621;762;787;870,0.0,0.0,1027.0,0,0,0,0,0,0.0,0,0,0,0,0,0,0,0,0.0,0,0,0,0,0,94.1,0.0,7490.2,0,0,0,67.1,18.76,0.0,11.95,36.99,24.8,63.4,97.41810989379883,0.008317927829921246,0.8520715236663818,0.08576002717018127,0.0,1199.0,0.0,0.0,0.0,0.0,50.132445111870766,0.0,0.0,0.0,0.0,0.0,250.0,1027.0,0.0,0.0,40.46,19.762,60.222,9.684,0.62,59.602,emon,0.853,0.679,60.9,28.4,2.141
2026-09-17 22:00:49.667,8.8,0,96,3;17;0;96;0;0;0;6;0;0;0;11;3;0;0;5,614,4334,4270;4112;4217;4334;3108;3117;3076;2040;3083;3164;3346;1659;614;729;762;882,0.0,0.0,1027.0,0,0,0,0,0,0.0,0,0,0,0,0,0,0,0,0.0,0,0,0,0,0,94.1,0.0,7490.2,0,0,0,67.1,18.76,0.0,11.95,36.99,24.8,63.4,99.39851379394531,0.00818923395127058,0.810714602470398,0.08077695965766907,0.0,999.0,0.0,0.0,0.0,0.0,50.1122450158,0.0,0.0,0.0,0.0,0.0,250.0,1027.0,0.0,0.0,40.46,19.762,60.222,9.684,0.62,59.602,emon,0.853,0.679,60.9,28.4,2.141
2026-09-17 22:00:50.668,9.3,0,94,0;22;0;94;0;0;0;2;0;0;0;6;10;3;3;9,669,4361,4202;4254;4354;4361;1557;1682;1658;1573;2073;2588;2584;1606;675;669;691;931,0.0,0.0,1027.0,0,0,0,0,0,0.0,0,0,0,0,0,0,0,0,0.0,0,0,0,0,0,93.3,0.0,7490.2,0,0,0,67.1,18.76,0.0,11.95,36.99,24.8,63.4,94.39555994669597,2.8397023786480227,20.203149557113647,18.88453998665015,0.08962578885257244,1040.6666666666667,0.0,0.0,0.0,0.0,50.092226415872574,0.0,0.0,0.0,0.0,0.0,250.0,1027.0,0.0,0.0,40.46,19.762,60.222,9.684,0.62,59.602,emon,0.853,0.679,60.9,28.4,2.141
2026-09-17 22:00:51.680,8.6,0,97,0;29;0;97;0;0;0;5;0;0;0;6;0;0;0;0,544,4417,4417;4214;4275;4352;1219;1532;1231;1638;1218;1290;1300;1362;626;651;544;745,0.0,0.0,1023.1,0,0,0,0,0,0.0,0,0,0,0,0,0,0,0,0.0,0,0,0,0,0,100.0,0.0,7490.2,0,0,0,67.1,18.76,0.0,11.95,36.99,24.8,63.4,98.97925567626953,0.008528907783329487,0.8618980646133423,0.08598116040229797,0.0,1024.0,0.0,0.0,0.0,0.0,50.13492502272129,0.0,0.0,0.0,0.0,0.0,250.0,1023.1,0.0,0.0,40.46,19.762,60.222,9.684,0.62,59.602,emon,0.853,0.679,60.9,28.4,2.141
2026-09-17 22:00:52.680,8.3,0,100,0;20;0;100;0;0;0;5;0;0;0;2;3;0;0;3,478,4339,3918;4141;3992;4339;1231;1305;1299;1503;1250;1254;1233;1736;613;752;478;859,0.0,0.0,1023.1,0,0,0,0,0,0.0,0,0,0,0,0,0,0,0,0.0,0,0,0,0,0,93.4,0.0,7490.2,0,0,0,67.1,17.46,0.0,3.42,33.82,24.8,63.4,96.14565658569336,0.008540760725736618,0.8906064033508301,0.08914227783679962,0.0,1199.0,0.0,0.0,0.0,0.0,50.14369398355484,0.0,0.0,0.0,0.0,0.0,250.0,1023.1,0.0,0.0,40.46,19.762,60.222,9.684,0.62,59.602,emon,0.853,0.679,60.9,28.4,2.141
2026-09-17 22:00:53.680,11.2,0,97,3;22;3;97;0;0;0;13;8;0;0;17;2;0;0;15,668,4307,4064;4213;4074;4307;2102;1727;1420;1880;1751;2333;1863;1733;700;672;668;851,0.0,0.0,1019.1,0,0,0,0,0,0.0,0,0,0,0,0,0,0,0,0.0,0,0,0,0,0,93.5,0.0,7490.2,0,0,0,65.1,17.46,0.0,3.42,33.82,24.8,63.4,98.9709587097168,0.0072507611475884914,0.9012340903282166,0.09064750373363495,0.0,1474.0,0.0,0.0,0.0,0.0,50.074906408786774,0.0,0.0,0.0,0.0,0.0,250.0,1019.1,0.0,0.0,40.46,19.762,60.222,9.684,0.62,59.602,emon,0.853,0.679,60.9,28.4,2.141
2026-09-17 22:00:54.681,8.5,0,98,2;17;0;98;0;0;0;2;0;0;0;5;6;0;0;6,471,4330,4270;4238;4318;4330;2063;1337;1364;1360;1284;1347;1237;1418;638;471;513;922,0.0,0.0,1019.1,0,0,0,0,0,0.0,0,0,0,0,0,0,0,0,0.0,0,0,0,0,0,100.0,0.0,7490.2,0,0,0,65.1,17.46,0.0,3.42,33.82,24.8,63.4,97.13753509521484,0.008503980934619904,0.8806288838386536,0.08865248411893845,0.0,1049.0,0.0,0.0,0.0,0.0,50.1220126748085,0.0,0.0,0.0,0.0,0.0,250.0,1019.1,0.0,0.0,40.46,19.762,60.222,9.684,0.62,59.602,emon,0.853,0.679,60.9,28.4,2.141
2026-09-17 22:00:55.682,10.4,0,95,2;25;0;95;0;0;0;11;0;2;0;11;12;0;0;9,518,4346,4150;4205;3735;4346;1670;1382;1346;1561;2234;1302;1329;1739;621;518;590;911,0.0,0.0,1019.1,0,0,0,0,0,0.0,0,0,0,0,0,0,0,0,0.0,0,0,0,0,0,100.0,0.0,7490.2,0,0,0,65.1,17.46,0.0,3.42,33.82,24.8,63.4,98.32222366333008,0.00819901842623949,0.8711994886398315,0.08735182881355286,0.0,1149.0,0.0,0.0,0.0,0.0,50.126249223947525,0.0,0.0,0.0,0.0,0.0,250.0,1019.1,0.0,0.0,40.46,19.762,60.222,9.684,0.62,59.602,emon,0.853,0.679,60.9,28.4,2.141
2026-09-17 22:00:56.683,9.1,0,98,2;22;0;98;0;0;0;8;0;0;0;10;0;0;0;6,613,4339,4050;4195;3582;4339;1326;1173;1163;1765;1584;1877;1274;1353;613;778;636;818,0.0,0.0,1019.1,0,0,0,0,0,0.0,0,0,0,0,0,0,0,0,0.0,0,0,0,0,0,93.6,0.0,7490.2,0,0,0,65.1,17.51,0.0,3.41,33.79,24.8,63.4,99.25824737548828,0.00836062990128994,0.9896970987319946,0.09960922598838806,0.0,1149.0,0.0,0.0,0.0,0.0,50.04025173932314,0.0,0.0,0.0,0.0,0.0,250.0,1019.1,0.0,0.0,40.46,19.762,60.222,9.684,0.62,59.602,emon,0.853,0.679,60.9,28.4,2.141
2026-09-17 22:00:57.683,8.6,0,95,5;17;0;95;0;0;0;8;0;0;0;2;6;0;0;5,487,4339,4152;4193;4043;4339;1247;1296;1393;2107;1526;1406;1294;1700;603;487;828;901,0.0,0.0,1019.1,0,0,0,0,0,0.0,0,0,0,0,0,0,0,0,0.0,0,0,0,0,0,94.2,0.0,7490.2,0,0,0,65.1,17.51,0.0,3.41,33.79,24.8,63.4,98.5820083618164,0.007992571219801903,0.8158336281776428,0.08148989081382751,0.0,1199.0,0.0,0.0,0.0,0.0,50.15547753870487,0.0,0.0,0.0,0.0,0.0,250.0,1019.1,0.0,0.0,40.46,19.762,60.222,9.684,0.62,59.602,emon,0.853,0.679,60.9,28.4,2.141
2026-09-17 22:00:58.684,9.0,0,98,2;23;0;98;0;0;0;5;0;0;0;6;3;2;2;3,663,4352,4241;4136;4348;4352;1201;1193;1215;1884;2246;1468;1886;1999;663;800;857;844,0.5,0.0,1024.0,0,0,0,0,0,0.0,0,0,0,0,0,0,0,0,0.0,0,0,0,0,0,100.0,0.0,7490.2,0,0,0,65.1,17.51,0.0,3.41,33.79,24.8,63.4,99.00801958356585,2.633816329230155,17.013825518744333,14.60517007112503,0.1070766754647983,1106.142857142857,0.0,0.0,0.0,0.0,57.26967172111784,0.0,0.0,0.0,0.0,0.0,250.0,1024.0,0.0,0.0,40.46,19.762,60.222,9.684,0.62,59.602,emon,0.853,0.679,60.9,28.4,2.141
2026-09-17 22:00:59.684,8.3,0,97,0;22;0;97;0;0;0;0;0;0;0;8;0;0;0;6,476,4344,3323;4064;4344;4303;1210;1208;1221;1779;1269;1320;1331;1589;601;476;487;872,0.0,0.0,1024.0,0,0,0,0,0,0.0,0,0,0,0,0,0,0,0,0.0,0,0,0,0,0,100.0,0.0,7490.2,0,0,0,65.1,17.51,0.0,3.41,33.79,24.8,63.4,98.9931526184082,0.008726374246180058,0.9567667245864868,0.0959692895412445,0.0,1049.0,0.0,0.0,0.0,0.0,50.14150509983301,0.0,0.0,0.0,0.0,0.0,250.0,1024.0,0.0,0.0,40.46,19.762,60.222,9.684,0.62,59.602,emon,0.853,0.679,60.9,28.4,2.141
2026-09-17 22:01:00.684,9.9,0,92,0;23;0;92;0;0;0;11;0;0;0;17;9;0;0;6,416,4318,3953;4185;4305;4318;2073;1587;1454;1808;1890;1718;2142;1769;633;416;428;867,0.0,0.0,1020.0,0,0,0,0,0,0.0,0,0,0,0,0,0,0,0,0.0,0,0,0,0,0,94.2,0.0,7490.2,0,0,0,66.1,17.32,0.0,3.42,33.55,24.8,63.4,99.19831085205078,0.006898181978613138,1.0472874641418457,0.10522817820310593,0.0,1499.0,0.0,0.0,0.0,0.0,50.08311212062836,0.0,0.0,0.0,0.0,0.0,250.0,1020.0,0.0,0.0,40.46,19.762,60.222,9.684,0.62,59.602,emon,0.853,0.679,60.9,28.4,2.141
2026-09-17 22:01:01.685,8.1,0,98,0;17;0;98;0;0;0;2;0;0;0;5;5;0;0;3,480,4350,3998;4139;4294;4350;1671;1429;1555;1450;1618;1527;1747;1624;653;547;480;912,0.0,0.0,1019.0,0,0,0,0,0,0.0,0,0,0,0,0,0,0,0,0.0,0,0,0,0,0,93.4,0.0,7490.2,0,0,0,67.1,17.32,0.0,3.42,33.55,24.8,63.4,98.71094131469727,0.7139768361424407,9.347136030594507,4.276342984288931,0.6262524873018265,978.1666666666666,0.0,0.0,0.0,0.0,50.11007074701289,0.0,0.0,0.0,0.0,0.0,250.0,1019.0,0.0,0.0,89.85,1.252,91.102,11.447,0.733,90.369,emon,0.891,0.777,42.3,19.7,2.146
2026-09-17 22:01:02.685,9.4,0,97,3;17;2;97;0;0;0;10;0;0;0;12;3;0;0;6,486,4345,3748;4182;3911;4345;1304;1391;1360;1540;1866;1960;2086;1550;627;486;897;917,0.0,0.0,1019.0,0,0,0,0,0,0.0,0,0,0,0,0,0,0,0,0.0,0,0,0,0,0,93.4,0.0,7490.2,0,0,0,67.1,17.32,0.0,3.42,33.55,24.8,63.4,97.04895782470703,0.008051845245063305,0.9505212903022766,0.09500793367624283,0.0,1199.0,0.0,0.0,0.0,0.0,50.18745443224907,0.0,0.0,0.0,0.0,0.0,250.0,1019.0,0.0,0.0,89.85,1.252,91.102,11.447,0.733,90.369,emon,0.891,0.777,42.3,19.7,2.146
2026-09-17 22:01:03.686,8.1,0,100,2;14;0;100;0;0;0;5;0;0;0;5;3;0;0;2,515,4354,4087;4184;4316;4354;1511;1480;1421;1773;1286;2041;1881;1719;625;674;515;875,0.0,0.0,1019.0,0,0,0,0,0,0.0,0,0,0,0,0,0,0,0,0.0,0,0,0,0,0,100.0,0.0,7490.2,0,0,0,67.1,17.32,0.0,3.42,33.55,24.8,63.4,98.75713348388672,0.008161455392837524,0.9339997172355652,0.09349638968706131,0.0,1149.0,0.0,0.0,0.0,0.0,50.14314430952072,0.0,0.0,0.0,0.0,0.0,250.0,1019.0,0.0,0.0,89.85,1.252,91.102,11.447,0.733,90.369,emon,0.891,0.777,42.3,19.7,2.146
2026-09-17 22:01:04.686,8.4,0,96,2;17;0;96;0;0;0;2;0;0;0;5;8;0;0;6,484,4348,4215;4216;4344;4348;1063;1327;1164;1421;1287;1213;2078;1387;609;521;484;919,0.0,0.0,1019.0,0,0,0,0,0,0.0,0,0,0,0,0,0,0,0,0.0,0,0,0,0,0,100.0,0.0,7490.2,0,0,0,67.1,17.43,0.0,3.41,33.78,24.8,63.4,98.08870697021484,0.010215525515377522,0.8178271651268005,0.08191925287246704,0.0,674.0,0.0,0.0,0.0,0.0,50.24352043867111,0.0,0.0,0.0,0.0,0.0,250.0,1019.0,0.0,0.0,89.85,1.252,91.102,11.447,0.733,90.369,emon,0.891,0.777,42.3,19.7,2.146
2026-09-17 22:01:05.686,9.3,0,81,2;81;0;39;0;0;0;8;0;0;0;6;6;0;0;8,610,4400,4354;4336;4400;4289;948;1034;1006;1564;1568;965;960;1441;610;812;769;943,0.0,0.0,1019.0,0,0,0,0,0,0.0,0,0,0,0,0,0,0,0,0.0,0,0,0,0,0,94.1,0.0,7490.2,0,0,0,67.1,17.43,0.0,3.41,33.78,24.8,63.4,99.47420501708984,0.008148960769176483,0.9702028036117554,0.09708737581968307,0.0,1099.0,0.0,0.0,0.0,0.0,50.059898890554905,0.0,0.0,0.0,0.0,0.0,250.0,1019.0,0.0,0.0,89.85,1.252,91.102,11.447,0.733,90.369,emon,0.891,0.777,42.3,19.7,2.146
2026-09-17 22:01:06.687,8.7,0,82,2;82;0;35;0;0;0;2;0;0;0;6;9;0;0;5,568,4358,4096;4358;4357;4157;1825;2605;1273;2398;1720;2836;1721;1769;602;790;568;907,0.0,0.0,1019.0,0,0,0,0,0,0.0,0,0,0,0,0,0,0,0,0.0,0,0,0,0,0,93.7,0.0,7490.2,0,0,0,68.1,17.43,0.0,3.41,33.78,24.7,63.4,97.02144622802734,0.007964277639985085,0.998300313949585,0.10036130249500275,0.0,1199.0,0.0,0.0,0.0,0.0,50.09500174224377,0.0,0.0,0.0,0.0,0.0,250.0,1019.0,0.0,0.0,89.85,1.252,91.102,11.447,0.733,90.369,emon,0.891,0.777,42.3,19.7,2.146
2026-09-17 22:01:07.688,8.7,0,73,3;73;0;42;0;0;0;3;0;0;0;3;6;0;0;8,497,4344,4257;4344;4224;4329;1335;1473;1402;2008;1702;1187;1176;1507;603;724;497;943,0.0,0.0,1019.0,0,0,0,0,0,0.0,0,0,0,0,0,0,0,0,0.0,0,0,0,0,0,92.4,0.0,7490.2,0,0,0,67.1,17.43,0.0,3.41,33.78,24.7,63.4,98.57366180419922,0.010341634042561054,0.8480016589164734,0.08529996871948242,0.0,399.0,0.0,0.0,0.0,0.0,50.29785791039467,0.0,0.0,0.0,0.0,0.0,250.0,1019.0,0.0,0.0,89.85,1.252,91.102,11.447,0.733,90.369,emon,0.891,0.777,42.3,19.7,2.146
2026-09-17 22:01:08.688,8.0,0,98,0;12;0;98;0;0;0;5;0;0;0;6;3;0;0;3,469,4332,3783;4158;4253;4332;1599;1217;1226;2027;1677;2000;1977;1528;605;793;469;835,0.0,0.0,1019.0,0,0,0,0,0,0.0,0,0,0,0,0,0,0,0,0.0,0,0,0,0,0,93.5,0.0,7490.2,0,0,0,67.1,17.47,0.0,3.42,33.85,24.7,63.4,98.21560668945312,0.008225694298744202,0.9626510143280029,0.0968281701207161,0.0,1049.0,0.0,0.0,0.0,0.0,50.204118341207504,0.0,0.0,0.0,0.0,0.0,250.0,1019.0,0.0,0.0,89.85,1.252,91.102,11.447,0.733,90.369,emon,0.891,0.777,42.3,19.7,2.146
2026-09-17 22:01:09.689,10.0,0,97,2;32;0;97;0;0;0;12;0;0;0;12;2;0;0;3,576,4333,4177;4122;4050;4333;1247;1216;1231;1737;1213;1113;1127;1423;609;576;831;831,0.0,0.0,1019.0,0,0,0,0,0,0.0,0,0,0,0,0,0,0,0,0.0,0,0,0,0,0,93.2,0.0,7490.2,0,0,0,66.1,17.47,0.0,3.42,33.85,24.8,63.4,98.90991973876953,0.010361028835177422,0.835051953792572,0.08427299559116364,0.0,399.0,0.0,0.0,0.0,0.0,50.2669118642807,0.0,0.0,0.0,0.0,0.0,250.0,1019.0,0.0,0.0,89.85,1.252,91.102,11.447,0.733,90.369,emon,0.891,0.777,42.3,19.7,2.146
2026-09-17 22:01:10.689,8.1,0,94,3;17;0;94;0;0;0;6;0;0;0;5;3;0;2;0,614,4357,4177;4198;4256;4357;2136;2359;2228;1521;1913;2064;1936;1520;614;668;819;749,0.0,0.0,1019.0,0,0,0,0,0,0.0,0,0,0,0,0,0,0,0,0.0,0,0,0,0,0,100.0,0.0,7490.2,0,0,0,66.1,17.47,0.0,3.42,33.85,24.8,63.4,97.89774703979492,0.008117817342281342,1.0150868892669678,0.1017303466796875,0.0,1124.0,0.0,0.0,0.0,0.0,50.136904679238796,0.0,0.0,0.0,0.0,0.0,250.0,1019.0,0.0,0.0,89.85,1.252,91.102,11.447,0.733,90.369,emon,0.891,0.777,42.3,19.7,2.146
2026-09-17 22:01:11.689,8.5,0,100,0;19;0;100;0;0;0;8;0;0;0;3;3;0;0;3,542,4367,4050;4192;4154;4367;1479;1254;1257;1550;2266;2715;1449;1833;622;863;542;805,0.0,0.0,1019.0,0,0,0,0,0,0.0,0,0,0,0,0,0,0,0,0.0,0,0,0,0,0,94.8,0.0,7490.2,0,0,0,66.1,17.47,0.0,3.42,33.85,24.8,63.4,98.6788558959961,0.008443440310657024,0.9172821044921875,0.09189042448997498,0.0,999.0,0.0,0.0,0.0,0.0,50.18993964791298,0.0,0.0,0.0,0.0,0.0,250.0,1019.0,0.0,0.0,89.85,1.252,91.102,11.447,0.733,90.369,emon,0.891,0.777,42.3,19.7,2.146
2026-09-17 22:01:12.690,9.3,0,97,3;20;0;97;0;0;0;9;0;0;0;9;3;0;0;8,610,4338,4306;4201;4324;4338;1308;1437;1367;1466;1400;1265;1325;1362;610;612;661;884,0.0,0.0,1019.0,0,0,0,0,0,0.0,0,0,0,0,0,0,0,0,0.0,0,0,0,0,0,93.9,0.0,7490.2,0,0,0,66.1,17.54,0.0,3.41,33.82,24.8,63.4,98.20354461669922,0.008319989778101444,0.892184853553772,0.08959377557039261,0.0,1199.0,0.0,0.0,0.0,0.0,50.16755111515522,0.0,0.0,0.0,0.0,0.0,250.0,1019.0,0.0,0.0,89.85,1.252,91.102,11.447,0.733,90.369,emon,0.891,0.777,42.3,19.7,2.146
2026-09-17 22:01:13.690,8.2,0,95,5;11;0;95;2;0;0;8;2;0;0;3;0;0;0;6,520,4339,4191;4190;4321;4339;1654;1205;1201;1884;2075;1421;1454;1653;606;662;520;938,0.0,0.0,1019.0,0,0,0,0,0,0.0,0,0,0,0,0,0,0,0,0.0,0,0,0,0,0,93.9,0.0,7490.2,0,0,0,65.1,17.54,0.0,3.41,33.82,24.7,63.4,99.13500595092773,0.008202946744859219,0.9441112279891968,0.09479829668998718,0.0,1049.0,0.0,0.0,0.0,0.0,50.09860733151436,0.0,0.0,0.0,0.0,0.0,250.0,1019.0,0.0,0.0,89.871,1.097,90.967,11.451,0.733,90.234,emon,0.891,0.775,42.5,19.8,2.144
2026-09-17 22:01:14.691,9.5,0,94,31;0;2;94;9;0;0;0;8;0;0;0;6;0;0;3,545,4345,4210;4009;3375;4345;1637;1862;1101;1139;1621;1419;1435;1165;690;674;551;545,0.0,0.0,1019.0,0,0,0,0,0,0.0,0,0,0,0,0,0,0,0,0.0,0,0,0,0,0,93.9,0.0,7490.2,0,0,0,66.1,17.54,0.0,3.41,33.82,24.7,63.4,98.7441177368164,0.010276774875819683,0.9317936897277832,0.0932285413146019,0.0,674.0,0.0,0.0,0.0,0.0,50.21034824848175,0.0,0.0,0.0,0.0,0.0,250.0,1019.0,0.0,0.0,89.871,1.097,90.967,11.451,0.733,90.234,emon,0.891,0.775,42.5,19.8,2.144
2026-09-17 22:01:15.692,7.8,0,98,16;0;0;98;2;0;0;0;3;0;0;0;6;0;0;0,539,4355,4185;3732;4070;4355;1621;1311;1488;1486;1596;1979;1618;1345;835;867;550;539,0.0,0.0,1019.0,0,0,0,0,0,0.0,0,0,0,0,0,0,0,0,0.0,0,0,0,0,0,100.0,0.0,7490.2,0,0,0,66.1,17.54,0.0,3.41,33.82,24.7,63.4,98.0291633605957,0.010221267119050026,0.8180673122406006,0.08196529000997543,0.0,399.0,0.0,0.0,0.0,0.0,50.33227467536926,0.0,0.0,0.0,0.0,0.0,250.0,1019.0,0.0,0.0,89.871,1.097,90.967,11.451,0.733,90.234,emon,0.891,0.775,42.5,19.8,2.144
2026-09-17 22:01:16.692,9.4,0,97,25;2;2;97;9;0;0;0;6;0;0;0;9;2;0;0,642,4372,4156;4372;3998;4316;1634;1321;1362;1500;1437;1323;1222;1789;750;704;835;642,0.0,0.0,1019.0,0,0,0,0,0,0.0,0,0,0,0,0,0,0,0,0.0,0,0,0,0,0,93.8,0.0,7490.2,0,0,0,65.1,17.46,0.0,3.42,33.69,24.7,63.4,96.68353652954102,0.008094703778624535,0.9123542308807373,0.0918043702840805,0.0,1199.0,0.0,0.0,0.0,0.0,50.14472039043903,0.0,0.0,0.0,0.0,0.0,250.0,1019.0,0.0,0.0,89.871,1.097,90.967,11.451,0.733,90.234,emon,0.891,0.775,42.5,19.8,2.144
2026-09-17 22:01:17.693,8.8,0,94,25;0;0;94;5;0;0;0;11;0;0;0;6;0;0;0,526,4404,4243;4324;4404;4373;1698;1212;1213;1145;1330;1510;1216;1217;627;635;843;526,0.0,0.0,1019.0,0,0,0,0,0,0.0,0,0,0,0,0,0,0,0,0.0,0,0,0,0,0,94.1,0.0,7490.2,0,0,0,66.1,17.46,0.0,3.42,33.69,24.7,63.4,98.10074615478516,0.008706703782081604,0.9810002446174622,0.09874523431062698,0.0,1049.0,0.0,0.0,0.0,0.0,50.175600588321686,0.0,0.0,0.0,0.0,0.0,250.0,1019.0,0.0,0.0,89.871,1.097,90.967,11.451,0.733,90.234,emon,0.891,0.775,42.5,19.8,2.144
2026-09-17 22:01:18.693,9.2,0,98,27;2;0;98;8;0;0;0;3;0;0;0;9;0;0;0,510,4340,4049;3760;4219;4340;1744;1424;1595;1272;1641;1313;1247;1613;827;561;868;510,0.0,0.0,1019.0,0,0,0,0,0,0.0,0,0,0,0,0,0,0,0,0.0,0,0,0,0,0,100.0,0.0,7490.2,0,0,0,67.1,17.46,0.0,3.42,33.69,24.7,63.4,98.77179336547852,0.008849546313285828,0.8256722092628479,0.08323013782501221,0.0,1049.0,0.0,0.0,0.0,0.0,50.151384606957436,0.0,0.0,0.0,0.0,0.0,250.0,1019.0,0.0,0.0,89.871,1.097,90.967,11.451,0.733,90.234,emon,0.891,0.775,42.5,19.8,2.144
2026-09-17 22:01:19.694,8.7,0,95,25;0;0;95;8;0;0;0;6;0;0;0;5;0;0;0,564,4356,4180;4084;4095;4356;1573;1263;1370;1537;1430;1243;1277;1243;746;564;949;569,0.0,0.0,1019.0,0,0,0,0,0,0.0,0,0,0,0,0,0,0,0,0.0,0,0,0,0,0,93.6,0.0,7490.2,0,0,0,66.1,17.46,0.0,3.42,33.69,24.7,63.4,97.6436653137207,0.010315481573343277,0.8083250522613525,0.0815390795469284,0.0,674.0,0.0,0.0,0.0,0.0,50.281606674194336,0.0,0.0,0.0,0.0,0.0,250.0,1019.0,0.0,0.0,89.871,1.097,90.967,11.451,0.733,90.234,emon,0.891,0.775,42.5,19.8,2.144
2026-09-17 22:01:20.694,9.4,0,98,23;0;0;98;12;0;0;0;3;0;0;0;12;0;0;2,714,4364,4251;4347;4323;4364;1531;1422;1262;1362;1780;1778;2009;1515;811;772;714;798,0.0,0.0,1019.0,0,0,0,0,0,0.0,0,0,0,0,0,0,0,0,0.0,0,0,0,0,0,93.1,0.0,7490.2,0,0,0,67.1,17.54,0.0,3.41,33.8,24.7,63.4,98.37596893310547,0.01029115915298462,0.8606749176979065,0.08606258034706116,0.0,399.0,0.0,0.0,0.0,0.0,50.292940586805344,0.0,0.0,0.0,0.0,0.0,250.0,1019.0,0.0,0.0,89.871,1.097,90.967,11.451,0.733,90.234,emon,0.891,0.775,42.5,19.8,2.144
2026-09-17 22:01:21.695,8.9,0,91,20;0;0;91;10;0;0;0;14;0;0;0;8;0;0;0,572,4356,4217;3968;4097;4356;1626;2532;1400;1413;1864;3152;2682;1693;689;591;684;572,0.0,0.0,1019.0,0,0,0,0,0,0.0,0,0,0,0,0,0,0,0,0.0,0,0,0,0,0,93.7,0.0,7490.2,0,0,0,67.1,17.54,0.0,3.41,33.8,24.7,63.4,98.06200408935547,0.010159581899642944,0.8162623047828674,0.08156797289848328,0.0,399.0,0.0,0.0,0.0,0.0,50.361251562833786,0.0,0.0,0.0,0.0,0.0,250.0,1019.0,0.0,0.0,89.871,1.097,90.967,11.451,0.733,90.234,emon,0.891,0.775,42.5,19.8,2.144
2026-09-17 22:01:22.696,10.2,0,98,19;6;3;98;8;2;0;2;6;3;3;2;5;2;6;0,660,4337,4196;4090;4173;4337;1984;3193;2875;3185;1906;3041;3321;2895;660;737;863;760,0.0,0.0,1019.0,0,0,0,0,0,0.0,0,0,0,0,0,0,0,0,0.0,0,0,0,0,0,100.0,0.0,7490.2,0,0,0,66.1,17.54,0.0,3.41,33.8,24.7,63.4,98.20808410644531,0.010255181230604649,0.8340023159980774,0.08351172506809235,0.0,649.0,0.0,0.0,0.0,0.0,50.15266951918602,0.0,0.0,0.0,0.0,0.0,250.0,1019.0,0.0,0.0,89.871,1.097,90.967,11.451,0.733,90.234,emon,0.891,0.775,42.5,19.8,2.144
2026-09-17 22:01:23.696,9.3,0,98,18;5;0;98;8;0;0;0;11;2;0;0;3;3;0;0,637,4313,4166;4085;4238;4313;1811;2707;3135;3148;1836;2050;3123;3137;637;764;758;793,0.0,0.0,1019.0,0,0,0,0,0,0.0,0,0,0,0,0,0,0,0,0.0,0,0,0,0,0,93.8,0.0,7490.2,0,0,0,65.1,17.54,0.0,3.41,33.8,24.7,63.4,97.73759078979492,0.008160235360264778,0.8581587672233582,0.08600381761789322,0.0,1149.0,0.0,0.0,0.0,0.0,50.14290414750576,0.0,0.0,0.0,0.0,0.0,250.0,1019.0,0.0,0.0,89.871,1.097,90.967,11.451,0.733,90.234,emon,0.891,0.775,42.5,19.8,2.144
2026-09-17 22:01:24.697,8.9,0,94,22;0;0;94;11;0;0;0;12;0;0;0;3;0;0;0,501,4395,4139;4028;4395;4348;1733;1424;2538;2668;1617;2539;2421;2620;625;641;853;501,0.0,0.0,1019.0,0,0,0,0,0,0.0,0,0,0,0,0,0,0,0,0.0,0,0,0,0,0,93.4,0.0,7490.2,0,0,0,66.1,17.68,0.0,3.41,33.93,24.7,63.4,97.28871536254883,0.008214449509978294,0.9049225449562073,0.09033934026956558,0.0,1199.0,0.0,0.0,0.0,0.0,50.12131851911545,0.0,0.0,0.0,0.0,0.0,250.0,1019.0,0.0,0.0,89.588,1.263,90.851,11.055,0.707,90.144,emon,0.891,0.788,42.3,19.8,2.141
2026-09-17 22:01:25.697,8.2,0,98,19;0;0;98;3;0;0;0;11;0;0;0;0;0;0;0,437,4347,4179;4204;3819;4347;1917;1718;1201;1233;1613;1864;3165;1781;622;527;523;437,0.0,0.0,1019.0,0,0,0,0,0,0.0,0,0,0,0,0,0,0,0,0.0,0,0,0,0,0,93.9,0.0,7490.2,0,0,0,66.1,17.68,0.0,3.41,33.93,24.7,63.4,97.07266998291016,0.007724926341325045,0.8881913423538208,0.08938053250312805,0.0,1199.0,0.0,0.0,0.0,0.0,50.16007073968649,0.0,0.0,0.0,0.0,0.0,250.0,1019.0,0.0,0.0,89.588,1.263,90.851,11.055,0.707,90.144,emon,0.891,0.788,42.3,19.8,2.141
2026-09-17 22:01:26.698,8.1,0,100,17;2;0;100;0;0;0;0;11;0;0;0;0;0;0;0,509,4370,4182;3967;4370;4321;1966;1113;1229;1169;1448;1879;1139;1544;617;595;509;533,0.0,0.0,1019.0,0,0,0,0,0,0.0,0,0,0,0,0,0,0,0,0.0,0,0,0,0,0,92.8,0.0,7490.2,0,0,0,66.1,17.68,0.0,3.41,33.93,24.7,63.4,98.52554321289062,0.008446437306702137,0.9610471129417419,0.09590792655944824,0.0,1049.0,0.0,0.0,0.0,0.0,50.12564814835787,0.0,0.0,0.0,0.0,0.0,250.0,1019.0,0.0,0.0,89.588,1.263,90.851,11.055,0.707,90.144,emon,0.891,0.788,42.3,19.8,2.141
2026-09-17 22:01:27.698,8.5,0,96,12;0;0;96;8;0;0;0;8;0;0;0;12;0;0;0,490,4358,4197;4127;4119;4358;1887;2081;1234;1222;1649;1724;1366;1204;818;628;573;490,0.0,0.0,1019.0,0,0,0,0,0,0.0,0,0,0,0,0,0,0,0,0.0,0,0,0,0,0,92.8,0.0,7490.2,0,0,0,66.1,17.68,0.0,3.41,33.93,24.7,63.4,98.93180465698242,0.01019021775573492,0.8267711997032166,0.08298270404338837,0.0,399.0,0.0,0.0,0.0,0.0,50.20864373445511,0.0,0.0,0.0,0.0,0.0,250.0,1019.0,0.0,0.0,89.588,1.263,90.851,11.055,0.707,90.144,emon,0.891,0.788,42.3,19.8,2.141
2026-09-17 22:01:28.698,8.8,0,98,25;2;0;98;2;0;0;0;12;0;0;0;2;0;0;0,704,4356,4196;3910;4301;4356;1946;1247;1475;1559;1537;1855;1283;1262;704;718;779;755,0.0,0.0,1019.0,0,0,0,0,0,0.0,0,0,0,0,0,0,0,0,0.0,0,0,0,0,0,94.1,0.0,7490.2,0,0,0,66.1,17.5,0.0,3.41,33.8,24.8,63.4,98.57207489013672,0.010214808396995068,0.7992538809776306,0.0795731171965599,0.0,399.0,0.0,0.0,0.0,0.0,50.22485399246216,0.0,0.0,0.0,0.0,0.0,250.0,1019.0,0.0,0.0,89.588,1.263,90.851,11.055,0.707,90.144,emon,0.891,0.788,42.3,19.8,2.141
2026-09-17 22:01:29.699,8.8,0,98,23;0;0;98;6;0;0;0;5;0;0;0;9;0;0;0,521,4367,4217;4025;4137;4367;1683;1178;1493;1259;1453;1118;1144;1456;718;521;733;557,0.0,0.0,1019.0,0,0,0,0,0,0.0,0,0,0,0,0,0,0,0,0.0,0,0,0,0,0,100.0,0.0,7490.2,0,0,0,67.1,17.5,0.0,3.41,33.8,24.8,63.4,97.15078353881836,0.008145006373524666,0.9985117316246033,0.09983950853347778,0.0,1199.0,0.0,0.0,0.0,0.0,50.11886848509312,0.0,0.0,0.0,0.0,0.0,250.0,1019.0,0.0,0.0,89.588,1.263,90.851,11.055,0.707,90.144,emon,0.891,0.788,42.3,19.8,2.141
2026-09-17 22:01:30.699,8.7,0,91,34;0;0;91;3;0;0;0;8;0;0;0;3;0;0;0,554,4333,4074;4190;4277;4333;1603;1263;1286;1262;1467;1497;1215;1226;608;702;554;561,0.0,0.0,1019.0,0,0,0,0,0,0.0,0,0,0,0,0,0,0,0,0.0,0,0,0,0,0,100.0,0.0,7490.2,0,0,0,66.1,17.5,0.0,3.41,33.8,24.8,63.4,98.05271911621094,0.010275410488247871,0.8097832798957825,0.08122234046459198,0.0,399.0,0.0,0.0,0.0,0.0,50.3352897465229,0.0,0.0,0.0,0.0,0.0,250.0,1019.0,0.0,0.0,89.588,1.263,90.851,11.055,0.707,90.144,emon,0.891,0.788,42.3,19.8,2.141
2026-09-17 22:01:31.700,8.9,0,94,22;0;0;94;9;0;0;0;8;0;0;0;9;0;0;0,444,4373,4224;3960;4373;4358;1693;1289;1362;1409;1753;1310;1216;1214;644;635;452;444,0.0,0.0,1019.0,0,0,0,0,0,0.0,0,0,0,0,0,0,0,0,0.0,0,0,0,0,0,93.1,0.0,7490.2,0,0,0,66.1,17.5,0.0,3.41,33.8,24.7,63.4,97.70291900634766,0.010346537455916405,0.8346495032310486,0.0841551274061203,0.0,674.0,0.0,0.0,0.0,0.0,50.251889646053314,0.0,0.0,0.0,0.0,0.0,250.0,1019.0,0.0,0.0,89.588,1.263,90.851,11.055,0.707,90.144,emon,0.891,0.788,42.3,19.8,2.141
2026-09-17 22:01:32.700,9.0,0,96,19;2;2;96;13;0;0;0;10;0;0;0;5;0;0;0,571,4359,4183;4351;4359;4340;1580;1338;1291;1313;1437;1222;1214;1222;612;729;653;571,0.0,0.0,1019.0,0,0,0,0,0,0.0,0,0,0,0,0,0,0,0,0.0,0,0,0,0,0,94.0,0.0,7490.2,0,0,0,65.1,17.51,0.0,3.41,33.77,24.7,63.4,97.78235626220703,0.007960022427141666,1.1267292499542236,0.11256520450115204,0.0,1199.0,0.0,0.0,0.0,0.0,50.081680461764336,0.0,0.0,0.0,0.0,0.0,250.0,1019.0,0.0,0.0,89.588,1.263,90.851,11.055,0.707,90.144,emon,0.891,0.788,42.3,19.8,2.141
2026-09-17 22:01:33.701,9.1,0,100,20;0;0;100;4;0;0;0;12;0;0;0;8;2;0;0,492,4332,4165;4038;4233;4332;1528;1641;1946;2361;1476;1837;1343;1808;816;697;570;492,0.0,0.0,1019.0,0,0,0,0,0,0.0,0,0,0,0,0,0,0,0,0.0,0,0,0,0,0,100.0,0.0,7490.2,0,0,0,66.1,17.51,0.0,3.41,33.77,24.7,63.4,97.9197006225586,0.008450143039226532,0.9351323246955872,0.0938994437456131,0.0,1099.0,0.0,0.0,0.0,0.0,50.159372091293335,0.0,0.0,0.0,0.0,0.0,250.0,1019.0,0.0,0.0,89.588,1.263,90.851,11.055,0.707,90.144,emon,0.891,0.788,42.3,19.8,2.141
2026-09-17 22:01:34.701,9.2,0,100,18;8;0;100;13;0;0;0;5;0;0;0;3;0;0;0,505,4376,4234;4299;4376;4337;1720;1220;1179;1426;1484;1159;967;1220;612;598;519;505,0.0,0.0,1019.0,0,0,0,0,0,0.0,0,0,0,0,0,0,0,0,0.0,0,0,0,0,0,94.2,0.0,7490.2,0,0,0,66.1,17.51,0.0,3.41,33.77,24.7,63.4,98.30779647827148,0.010407714173197746,0.9365574717521667,0.09430358558893204,0.0,399.0,0.0,0.0,0.0,0.0,50.29240986704826,0.0,0.0,0.0,0.0,0.0,250.0,1019.0,0.0,0.0,89.588,1.263,90.851,11.055,0.707,90.144,emon,0.891,0.788,42.3,19.8,2.141
2026-09-17 22:01:35.701,8.8,0,97,22;2;0;97;8;0;0;0;11;0;0;0;2;0;0;0,481,4344,4221;4270;4157;4344;1519;2440;1939;1606;1552;2087;1374;1606;699;783;481;498,0.0,0.0,1019.0,0,0,0,0,0,0.0,0,0,0,0,0,0,0,0,0.0,0,0,0,0,0,93.5,0.0,7490.2,0,0,0,66.1,17.51,0.0,3.41,33.77,24.7,63.4,97.35658264160156,0.008025740273296833,0.859908938407898,0.08611686527729034,0.0,1199.0,0.0,0.0,0.0,0.0,50.0823275744915,0.0,0.0,0.0,0.0,0.0,250.0,1019.0,0.0,0.0,89.588,1.263,90.851,11.055,0.707,90.144,emon,0.891,0.788,42.3,19.8,2.141
2026-09-17 22:01:36.715,8.3,0,96,17;0;0;96;6;0;0;0;11;0;0;0;3;0;0;0,454,4358,4234;4181;4317;4358;1540;1228;1325;1298;1449;1461;1602;1314;629;641;454;496,0.0,0.0,1019.0,0,0,0,0,0,0.0,0,0,0,0,0,0,0,0,0.0,0,0,0,0,0,93.6,0.0,7490.2,0,0,0,66.1,17.55,0.0,3.41,33.78,24.7,63.4,97.23246002197266,0.010176096111536026,0.9344703555107117,0.0935957133769989,0.0,649.0,0.0,0.0,0.0,0.0,50.36635687947273,0.0,0.0,0.0,0.0,0.0,250.0,1019.0,0.0,0.0,89.577,1.248,90.824,11.042,0.707,90.117,emon,0.892,0.785,42.1,19.6,2.145
2026-09-17 22:01:37.715,8.4,0,100,18;2;0;100;3;0;0;0;11;0;0;0;0;0;0;0,463,4361,4163;4308;4249;4361;1741;1382;2191;1479;2102;1589;1213;1673;623;490;463;507,0.0,0.0,1019.0,0,0,0,0,0,0.0,0,0,0,0,0,0,0,0,0.0,0,0,0,0,0,100.0,0.0,7490.2,0,0,0,66.1,17.55,0.0,3.41,33.78,24.7,63.4,97.23246002197266,0.010176096111536026,0.9344703555107117,0.0935957133769989,0.0,649.0,0.0,0.0,0.0,0.0,50.36635687947273,0.0,0.0,0.0,0.0,0.0,250.0,1019.0,0.0,0.0,89.577,1.248,90.824,11.042,0.707,90.117,emon,0.892,0.785,42.1,19.6,2.145
2026-09-17 22:01:38.716,8.4,0,97,19;2;0;97;8;0;0;0;2;0;0;0;8;0;0;0,515,4372,4265;4302;4282;4372;1276;1450;1320;1395;1562;1412;1281;1179;827;647;787;515,0.0,0.0,1019.0,0,0,0,0,0,0.0,0,0,0,0,0,0,0,0,0.0,0,0,0,0,0,100.0,0.0,7490.2,0,0,0,66.1,17.55,0.0,3.41,33.78,24.8,63.4,98.7512435913086,0.008357267826795578,0.9106929302215576,0.09095261245965958,0.0,1049.0,0.0,0.0,0.0,0.0,50.07144667953253,0.0,0.0,0.0,0.0,0.0,250.0,1019.0,0.0,0.0,89.577,1.248,90.824,11.042,0.707,90.117,emon,0.892,0.785,42.1,19.6,2.145
2026-09-17 22:01:39.716,8.8,0,98,25;5;0;98;6;0;0;0;6;0;0;0;0;0;0;0,481,4374,4071;4242;4311;4374;1513;1506;1430;1301;1770;1363;1309;1459;653;593;481;507,0.0,0.0,1019.0,0,0,0,0,0,0.0,0,0,0,0,0,0,0,0,0.0,0,0,0,0,0,100.0,0.0,7490.2,0,0,0,67.1,17.55,0.0,3.41,33.78,24.8,63.4,98.33623123168945,0.008263751864433289,0.8666684031486511,0.08709482103586197,0.0,1049.0,0.0,0.0,0.0,0.0,50.05799561738968,0.0,0.0,0.0,0.0,0.0,250.0,1019.0,0.0,0.0,89.577,1.248,90.824,11.042,0.707,90.117,emon,0.892,0.785,42.1,19.6,2.145
2026-09-17 22:01:40.717,7.3,0,98,14;0;0;98;3;0;0;0;2;0;0;0;0;0;0;0,543,4346,4213;3935;4036;4346;1428;1855;1438;1340;1534;2838;1336;1175;636;558;861;543,0.0,0.0,1019.0,0,0,0,0,0,0.0,0,0,0,0,0,0,0,0,0.0,0,0,0,0,0,93.3,0.0,7490.2,0,0,0,66.1,17.58,0.0,3.42,33.89,24.8,63.4,98.64736938476562,0.00840182788670063,0.8280301690101624,0.08257796615362167,0.0,1049.0,0.0,0.0,0.0,0.0,50.165277138352394,0.0,0.0,0.0,0.0,0.0,250.0,1019.0,0.0,0.0,89.577,1.248,90.824,11.042,0.707,90.117,emon,0.892,0.785,42.1,19.6,2.145
2026-09-17 22:01:41.718,8.8,0,96,22;2;0;96;9;0;0;0;6;0;0;0;6;0;0;0,500,4347,4188;4019;4248;4347;1526;1211;1209;1206;1461;1268;1208;1203;611;500;537;536,0.0,0.0,1019.0,0,0,0,0,0,0.0,0,0,0,0,0,0,0,0,0.0,0,0,0,0,0,95.3,0.0,7490.2,0,0,0,66.1,17.58,0.0,3.42,33.89,24.8,63.4,98.26140975952148,0.010379261337220669,0.8657146692276001,0.08679936081171036,0.0,399.0,0.0,0.0,0.0,0.0,50.28595706820488,0.0,0.0,0.0,0.0,0.0,250.0,1019.0,0.0,0.0,89.577,1.248,90.824,11.042,0.707,90.117,emon,0.892,0.785,42.1,19.6,2.145
2026-09-17 22:01:42.718,8.8,0,96,20;3;0;96;5;0;0;0;5;0;0;0;13;0;0;0,516,4324,4122;4003;3537;4324;1647;1740;1341;1419;1804;1064;1362;1132;674;795;516;634,0.0,0.0,1019.0,0,0,0,0,0,0.0,0,0,0,0,0,0,0,0,0.0,0,0,0,0,0,100.0,0.0,7490.2,0,0,0,66.1,17.58,0.0,3.42,33.89,24.8,63.4,98.29983520507812,0.008277857676148415,0.8893362879753113,0.08914007991552353,0.0,1074.0,0.0,0.0,0.0,0.0,50.222444236278534,0.0,0.0,0.0,0.0,0.0,250.0,1019.0,0.0,0.0,89.577,1.248,90.824,11.042,0.707,90.117,emon,0.892,0.785,42.1,19.6,2.145
2026-09-17 22:01:43.719,8.9,0,100,12;8;0;100;6;2;0;0;3;3;2;0;6;0;0;0,442,4297,4160;4011;4166;4297;1647;1390;1269;1372;1530;1458;1201;1401;633;700;550;442,0.0,0.0,1019.0,0,0,0,0,0,0.0,0,0,0,0,0,0,0,0,0.0,0,0,0,0,0,100.0,0.0,7490.2,0,0,0,65.1,17.58,0.0,3.42,33.89,24.8,63.4,98.7479133605957,0.010395082645118237,0.820665717124939,0.08216828852891922,0.0,399.0,0.0,0.0,0.0,0.0,50.21120509505272,0.0,0.0,0.0,0.0,0.0,250.0,1019.0,0.0,0.0,89.577,1.248,90.824,11.042,0.707,90.117,emon,0.892,0.785,42.1,19.6,2.145
2026-09-17 22:01:44.720,8.9,0,98,3;22;0;98;0;8;0;0;0;9;0;0;0;2;0;0,483,4343,4214;4215;3898;4343;1497;1894;1428;1875;1925;1361;1552;1518;613;885;543;483,0.0,0.0,1019.0,0,0,0,0,0,0.0,0,0,0,0,0,0,0,0,0.0,0,0,0,0,0,93.6,0.0,7490.2,0,0,0,66.1,17.38,0.0,3.41,33.59,24.8,63.4,97.64471435546875,0.008101465180516243,0.973780632019043,0.09744960814714432,0.0,1199.0,0.0,0.0,0.0,0.0,50.090502955019474,0.0,0.0,0.0,0.0,0.0,250.0,1019.0,0.0,0.0,89.577,1.248,90.824,11.042,0.707,90.117,emon,0.892,0.785,42.1,19.6,2.145
2026-09-17 22:01:45.720,8.5,0,100,0;19;0;100;0;5;0;0;0;11;0;0;0;2;0;0,500,4426,4418;4182;4426;4351;1262;1607;1231;1264;1193;1685;1976;1400;612;724;500;505,0.0,0.0,1019.0,0,0,0,0,0,0.0,0,0,0,0,0,0,0,0,0.0,0,0,0,0,0,93.7,0.0,7490.2,0,0,0,66.1,17.38,0.0,3.41,33.59,24.8,63.4,97.93853759765625,0.008198944851756096,0.8420482277870178,0.08443251997232437,0.0,1074.0,0.0,0.0,0.0,0.0,50.10227269679308,0.0,0.0,0.0,0.0,0.0,250.0,1019.0,0.0,0.0,89.577,1.248,90.824,11.042,0.707,90.117,emon,0.892,0.785,42.1,19.6,2.145
2026-09-17 22:01:46.721,8.1,0,97,9;11;0;97;0;3;0;0;0;6;0;0;3;0;0;0,487,4406,4054;4233;4406;4347;1380;1465;1803;1488;1197;1545;1220;2226;613;743;487;497,0.0,0.0,1019.0,0,0,0,0,0,0.0,0,0,0,0,0,0,0,0,0.0,0,0,0,0,0,93.0,0.0,7490.2,0,0,0,66.1,17.38,0.0,3.41,33.59,24.8,63.4,97.93853759765625,0.008198944851756096,0.8420482277870178,0.08443251997232437,0.0,1074.0,0.0,0.0,0.0,0.0,50.10227269679308,0.0,0.0,0.0,0.0,0.0,250.0,1019.0,0.0,0.0,89.577,1.248,90.824,11.042,0.707,90.117,emon,0.892,0.785,42.1,19.6,2.145
2026-09-17 22:01:47.721,9.4,0,94,2;29;0;94;0;8;0;0;0;6;0;0;6;6;0;0,491,4344,4155;4151;3708;4344;1263;1519;1312;1312;1209;1687;1198;1202;610;899;721;491,0.0,0.0,1019.0,0,0,0,0,0,0.0,0,0,0,0,0,0,0,0,0.0,0,0,0,0,0,93.8,0.0,7490.2,0,0,0,67.1,17.38,0.0,3.41,33.59,24.8,63.4,98.71701431274414,0.008239049464464188,0.9957395792007446,0.09969151765108109,0.0,1149.0,0.0,0.0,0.0,0.0,50.17136596888304,0.0,0.0,0.0,0.0,0.0,250.0,1019.0,0.0,0.0,89.577,1.248,90.824,11.042,0.707,90.117,emon,0.892,0.785,42.1,19.6,2.145
2026-09-17 22:01:48.722,9.9,0,96,2;35;3;96;0;8;0;0;0;9;0;0;6;0;0;0,637,4499,4369;4166;4499;4350;1692;1824;1509;1398;1418;2371;1971;1454;637;1495;1581;1037,0.0,0.0,1019.0,0,0,0,0,0,0.0,0,0,0,0,0,0,0,0,0.0,0,0,0,0,0,94.0,0.0,7490.2,0,0,0,67.1,17.52,0.0,3.41,33.78,24.8,63.4,98.32612228393555,0.008722610771656036,0.8721883893013,0.08772454410791397,0.0,1049.0,0.0,0.0,0.0,0.0,50.1904212385416,0.0,0.0,0.0,0.0,0.0,250.0,1019.0,0.0,0.0,89.645,1.26,90.905,10.24,0.655,90.25,emon,0.892,0.797,42.3,19.7,2.143
2026-09-17 22:01:49.722,14.7,0,91,8;91;2;91;0;16;3;0;0;12;3;0;0;6;2;2,911,4660,4660;4587;4651;4620;2271;2173;3326;2729;2768;2199;3427;2056;1057;1098;954;911,0.0,0.0,1019.0,0,0,0,0,0,0.0,0,0,0,0,0,0,0,0,0.0,0,0,0,0,0,0.0,0.0,7490.2,0,0,0,96.1,17.52,0.0,3.41,33.78,24.8,63.4,96.83925247192383,0.0069601512514054775,0.9024636149406433,0.09078890830278397,0.0,1199.0,0.0,0.0,0.0,0.0,50.18967752158642,0.0,0.0,0.0,0.0,0.0,450.0,1019.0,0.0,0.0,89.645,1.26,90.905,10.24,0.655,90.25,emon,0.892,0.797,42.3,19.7,2.143
2026-09-17 22:01:50.723,14.5,0,95,25;75;0;95;0;22;0;0;0;13;0;0;0;3;0;0,995,4670,4561;4670;4606;4575;2982;2393;3039;2912;1979;2000;3069;2331;1047;1047;1033;995,0.0,0.0,1022.1,0,0,0,0,0,0.0,0,0,0,0,0,0,0,0,0.0,0,0,0,0,0,0.0,0.0,7490.2,0,0,0,97.1,17.52,0.0,3.41,33.78,24.8,63.4,98.68601608276367,0.007342575117945671,0.9194215536117554,0.09230665862560272,0.0,1199.0,0.0,0.0,0.0,0.0,50.11477218568325,0.0,0.0,0.0,0.0,0.0,450.0,1022.1,0.0,0.0,89.645,1.26,90.905,10.24,0.655,90.25,emon,0.892,0.797,42.3,19.7,2.143
2026-09-17 22:01:51.723,14.8,0,100,12;85;0;100;0;14;2;0;0;11;2;0;9;2;0;0,892,4670,4541;4618;4670;4602;1464;2290;3422;2230;2130;1825;3388;2704;1006;1089;892;997,0.0,0.0,1022.1,0,0,0,0,0,0.0,0,0,0,0,0,0,0,0,0.0,0,0,0,0,0,0.0,0.0,7490.2,0,0,0,97.1,29.79,0.0,1.04,35.25,24.8,63.4,98.47228622436523,0.009018619544804096,0.8526196479797363,0.0856500118970871,0.0,599.0,0.0,0.0,0.0,0.0,50.25444453954697,0.0,0.0,0.0,0.0,0.0,450.0,1022.1,0.0,0.0,89.645,1.26,90.905,10.24,0.655,90.25,emon,0.892,0.797,42.3,19.7,2.143
2026-09-17 22:01:52.724,14.8,0,92,25;76;0;92;0;17;0;0;0;18;0;0;6;2;0;0,932,4627,4515;4627;4551;4585;1623;2228;1830;2129;2346;1914;2217;2589;1044;932;984;1033,0.0,0.0,1022.1,0,0,0,0,0,0.0,0,0,0,0,0,0,0,0,0.0,0,0,0,0,0,0.0,0.0,7490.2,0,0,0,98.1,29.79,0.0,1.04,35.25,24.8,63.4,97.6742172241211,0.006762392353266478,0.8653845191001892,0.08676520735025406,0.0,1199.0,0.0,0.0,0.0,0.0,50.23276671767235,0.0,0.0,0.0,0.0,0.0,450.0,1018.1,0.0,0.0,89.645,1.26,90.905,10.24,0.655,90.25,emon,0.892,0.797,42.3,19.7,2.143
2026-09-17 22:01:53.724,12.8,0,96,3;96;0;75;0;12;0;0;0;10;0;0;9;0;0;0,833,4675,4530;4661;4675;4572;2135;2059;3244;2766;1962;2065;3047;2939;1044;972;979;833,0.0,0.0,1018.1,0,0,0,0,0,0.0,0,0,0,0,0,0,0,0,0.0,0,0,0,0,0,0.0,0.0,7490.2,0,0,0,93.1,29.79,0.0,1.04,35.25,24.8,63.4,97.88561248779297,0.009186855517327785,0.8789672255516052,0.08840430527925491,0.0,549.0,0.0,0.0,0.0,0.0,50.34447330236435,0.0,0.0,0.0,0.0,0.0,450.0,1018.1,0.0,0.0,89.645,1.26,90.905,10.24,0.655,90.25,emon,0.892,0.797,42.3,19.7,2.143
2026-09-17 22:01:54.724,8.4,0,82,2;82;0;31;0;6;0;0;0;6;0;0;6;0;2;0,892,4732,4724;4726;4732;4729;1262;1262;1246;1322;1218;1442;1290;1228;1032;988;892;944,0.0,0.0,1018.1,0,0,0,0,0,0.0,0,0,0,0,0,0,0,0,0.0,0,0,0,0,0,0.0,0.0,7490.2,0,0,0,84.1,29.79,0.0,1.04,35.25,24.8,63.4,97.32596969604492,0.006974740419536829,1.038304090499878,0.10387203097343445,0.0,1199.0,0.0,0.0,0.0,0.0,50.26138547062874,0.0,0.0,0.0,0.0,0.0,450.0,1018.1,0.0,0.0,89.645,1.26,90.905,10.24,0.655,90.25,emon,0.892,0.797,42.3,19.7,2.143
2026-09-17 22:01:55.743,7.2,0,82,2;82;0;26;0;2;0;0;0;4;0;0;0;0;0;0,972,4730,4729;4723;4730;4724;1273;1553;1787;1329;1318;1598;1238;1366;1033;972;1025;1003,0.0,0.0,1018.1,0,0,0,0,0,0.0,0,0,0,0,0,0,0,0,0.0,0,0,0,0,0,0.0,0.0,7490.2,0,0,0,84.1,27.47,0.0,0.32,29.5,24.8,63.4,97.16864013671875,0.008812551386654377,0.841498851776123,0.08470132946968079,0.0,599.0,0.0,0.0,0.0,0.0,50.42606243491173,0.0,0.0,0.0,0.0,0.0,450.0,1018.1,0.0,0.0,89.645,1.26,90.905,10.24,0.655,90.25,emon,0.892,0.797,42.3,19.7,2.143
2026-09-17 22:01:56.743,8.4,0,96,3;17;2;96;0;3;0;0;0;5;0;0;9;0;0;0,952,4727,4727;4683;4682;4727;1289;1367;1457;1772;1339;1420;1701;1484;1031;1016;952;980,0.0,0.0,1018.1,0,0,0,0,0,0.0,0,0,0,0,0,0,0,0,0.0,0,0,0,0,0,0.0,0.0,7490.2,0,0,0,80.1,27.47,0.0,0.32,29.5,24.8,63.4,97.16864013671875,0.008812551386654377,0.841498851776123,0.08470132946968079,0.0,599.0,0.0,0.0,0.0,0.0,50.42606243491173,0.0,0.0,0.0,0.0,0.0,450.0,1018.1,0.0,0.0,89.645,1.26,90.905,10.24,0.655,90.25,emon,0.892,0.797,42.3,19.7,2.143
2026-09-17 22:01:57.743,7.4,0,97,0;19;0;97;0;3;0;0;0;0;0;0;0;0;0;0,977,4729,4715;4647;4729;4728;1184;1358;1955;1220;1179;1549;1232;1147;1035;990;977;1019,0.0,0.0,1018.1,0,0,0,0,0,0.0,0,0,0,0,0,0,0,0,0.0,0,0,0,0,0,0.0,0.0,7490.2,0,0,0,81.1,27.47,0.0,0.32,29.5,24.8,63.4,97.29364013671875,0.007365887984633446,0.9009324908256531,0.09028926491737366,0.0,1199.0,0.0,0.0,0.0,0.0,50.27384978532791,0.0,0.0,0.0,0.0,0.0,450.0,1018.1,0.0,0.0,89.645,1.26,90.905,10.24,0.655,90.25,emon,0.892,0.797,42.3,19.7,2.143
2026-09-17 22:01:58.744,10.8,2,100,6;16;3;100;3;11;3;3;3;8;3;3;2;3;4;2,1582,4702,4702;4614;4687;4652;3378;2004;3325;3430;3345;2471;3367;3431;1582;2239;2552;2238,0.4,0.0,1023.0,0,0,0,0,0,0.0,0,0,0,0,0,0,0,0,0.0,0,0,0,0,0,0.0,0.0,7490.2,0,0,0,75.1,27.47,0.0,0.32,29.5,24.8,63.4,96.80650520324707,1.7540343273431063,12.809870064258575,10.792669862508774,0.001245964434929192,1199.0,0.0,0.0,0.0,0.0,50.197448052465916,0.0,0.0,0.0,0.0,0.0,450.0,1023.0,0.0,0.0,89.645,1.26,90.905,10.24,0.655,90.25,emon,0.892,0.797,42.3,19.7,2.143
2026-09-17 22:01:59.744,9.2,0,97,0;21;0;97;0;12;2;0;0;13;0;0;3;0;0;0,605,4372,4340;4209;4344;4372;1187;1907;1162;1217;1293;1998;1236;1297;605;731;700;778,0.0,0.0,1023.0,0,0,0,0,0,0.0,0,0,0,0,0,0,0,0,0.0,0,0,0,0,0,100.0,0.0,7490.2,0,0,0,67.1,21.08,0.0,4.32,28.6,24.8,63.4,97.24394607543945,0.008846784010529518,0.8309552073478699,0.08290700614452362,0.0,599.0,0.0,0.0,0.0,0.0,50.45463511347771,0.0,0.0,0.0,0.0,0.0,250.0,1023.0,0.0,0.0,89.645,1.26,90.905,10.24,0.655,90.25,emon,0.892,0.797,42.3,19.7,2.143
2026-09-17 22:02:00.745,8.7,0,97,2;19;0;97;0;9;0;0;0;6;0;0;0;5;0;2,616,4362,4362;4237;4354;4355;1441;1718;1349;1221;1264;1593;1270;1246;616;926;660;783,0.2,0.0,1019.0,0,0,0,0,0,0.0,0,0,0,0,0,0,0,0,0.0,0,0,0,0,0,97.8,0.0,7490.2,0,0,0,67.1,21.08,0.0,4.32,28.6,24.8,63.4,98.0370864868164,0.008434955030679703,0.929183840751648,0.09276437759399414,0.0,1199.0,0.0,0.0,0.0,0.0,50.20154412090778,0.0,0.0,0.0,0.0,0.0,250.0,1019.0,0.0,0.0,0.375,0.636,1.011,10.968,0.702,0.309,emon,0.93,0.965,25.1,20.6,1.215
2026-09-17 22:02:01.746,9.7,0,97,8;20;0;97;0;8;0;0;0;10;2;0;0;11;0;0,600,4279,4098;4097;3537;4279;2084;1841;1716;1907;2445;1555;2068;3220;600;959;966;771,0.0,0.0,1018.9,0,0,0,0,0,0.0,0,0,0,0,0,0,0,0,0.0,0,0,0,0,0,92.4,0.0,7512.5,0,0,0,65.1,21.08,0.0,4.32,28.6,24.9,63.4,98.97620010375977,0.0103052519261837,0.8215179443359375,0.08263877779245377,0.0,399.0,0.0,0.0,0.0,0.0,50.12437631189823,0.0,0.0,0.0,0.0,0.0,250.0,1018.9,0.0,0.0,0.375,0.636,1.011,10.968,0.702,0.309,emon,0.93,0.965,25.1,20.6,1.215
2026-09-17 22:02:02.746,7.5,0,100,0;14;0;100;0;5;0;0;0;2;0;0;0;0;0;0,592,4391,4132;4258;4269;4391;1581;1728;2035;1903;1302;1497;1630;1300;620;701;592;605,0.0,0.0,1018.9,0,0,0,0,0,0.0,0,0,0,0,0,0,0,0,0.0,0,0,0,0,0,100.0,0.0,7402.8,0,0,0,68.1,21.08,0.0,4.32,28.6,24.9,63.4,98.78084182739258,0.008298949338495731,0.7933617234230042,0.07986005395650864,0.0,1049.0,0.0,0.0,0.0,0.0,50.13735883682966,0.0,0.0,0.0,0.0,0.0,250.0,1018.9,0.0,0.0,0.375,0.636,1.011,10.968,0.702,0.309,emon,0.93,0.965,25.1,20.6,1.215
2026-09-17 22:02:03.758,8.9,0,97,2;25;0;97;0;6;0;0;0;5;0;0;9;0;0;0,501,4362,4122;4230;4362;4320;1182;1441;1205;1199;1347;1411;1289;1261;582;802;836;501,0.0,0.0,1018.9,0,0,0,0,0,0.0,0,0,0,0,0,0,0,0,0.0,0,0,0,0,0,100.0,0.0,7402.8,0,0,0,66.1,17.25,0.0,16.28,37.91,24.9,63.4,97.44747161865234,0.007214590907096863,1.0526775121688843,0.10553915798664093,0.0,1149.0,0.0,0.0,0.0,0.0,50.12941321730614,0.0,0.0,0.0,0.0,0.0,300.0,1018.9,0.0,0.0,0.375,0.636,1.011,10.968,0.702,0.309,emon,0.93,0.965,25.1,20.6,1.215
2026-09-17 22:02:04.759,8.0,0,72,2;72;0;43;0;2;0;0;0;3;0;0;6;0;0;0,533,4347,4190;4347;3801;4301;1130;1587;1601;1182;1170;1487;1539;1211;615;750;742;533,0.0,0.0,1018.9,0,0,0,0,0,0.0,0,0,0,0,0,0,0,0,0.0,0,0,0,0,0,98.7,0.0,7426.5,0,0,0,69.1,17.25,0.0,16.28,37.91,25.0,63.4,97.44747161865234,0.007214590907096863,1.0526775121688843,0.10553915798664093,0.0,1149.0,0.0,0.0,0.0,0.0,50.12941321730614,0.0,0.0,0.0,0.0,0.0,250.0,1018.9,0.0,0.0,0.375,0.636,1.011,10.968,0.702,0.309,emon,0.93,0.965,25.1,20.6,1.215
2026-09-17 22:02:05.759,7.6,0,86,0;86;0;25;0;3;0;0;0;8;0;0;0;0;0;0,458,4456,4347;4368;4456;4305;1343;1283;1224;1247;1257;1538;1221;1212;613;744;581;458,0.0,0.0,1018.9,0,0,0,0,0,0.0,0,0,0,0,0,0,0,0,0.0,0,0,0,0,0,98.7,0.0,7426.5,0,0,0,68.1,17.25,0.0,16.28,37.91,25.0,63.4,98.84954452514648,0.007631057407706976,0.739438533782959,0.07430719584226608,0.0,1099.0,0.0,0.0,0.0,0.0,50.13415728509426,0.0,0.0,0.0,0.0,0.0,250.0,1018.9,0.0,0.0,0.375,0.636,1.011,10.968,0.702,0.309,emon,0.93,0.965,25.1,20.6,1.215
2026-09-17 22:02:06.760,22.6,9,90,22;90;19;46;11;34;9;12;14;18;16;16;18;12;12;11,1923,4586,4575;4412;4586;4457;3435;3168;3408;3436;3395;3069;3404;3423;1923;2262;2237;2255,0.0,0.0,1018.9,0,0,0,0,0,0.0,0,0,0,0,0,0,0,0,0.0,0,0,0,0,0,98.0,0.0,7426.5,0,0,0,68.1,17.25,0.0,16.28,37.91,25.0,63.4,98.17777252197266,0.009621857665479183,0.8551612496376038,0.08607941120862961,0.0,399.0,0.0,0.0,0.0,0.0,50.33072975277901,0.0,0.0,0.0,0.0,0.0,250.0,1018.9,0.0,0.0,0.375,0.636,1.011,10.968,0.702,0.309,emon,0.93,0.965,25.1,20.6,1.215
2026-09-17 22:02:07.761,8.7,0,80,3;80;0;31;0;3;0;0;0;8;0;0;10;2;2;0,658,4345,4269;4345;3345;4237;1507;1517;1466;1518;1433;1423;1518;1387;658;879;908;740,0.0,0.0,1018.9,0,0,0,0,0,0.0,0,0,0,0,0,0,0,0,0.0,0,0,0,0,0,59.1,0.0,7426.5,0,0,0,67.1,18.5,0.0,13.9,38.81,25.0,63.4,99.04179763793945,0.008191785775125027,0.854702353477478,0.08539789915084839,0.0,1049.0,0.0,0.0,0.0,0.0,50.1040800139308,0.0,0.0,0.0,0.0,0.0,250.0,1018.9,0.0,0.0,0.375,0.636,1.011,10.968,0.702,0.309,emon,0.93,0.965,25.1,20.6,1.215
2026-09-17 22:02:08.761,7.7,0,98,0;14;0;98;0;2;0;0;0;5;0;2;3;0;0;0,586,4400,4303;4191;4400;4357;1854;1489;1768;1371;2379;1774;1518;1319;594;848;586;607,0.0,0.0,1018.9,0,0,0,0,0,0.0,0,0,0,0,0,0,0,0,0.0,0,0,0,0,0,93.6,0.0,7426.5,0,0,0,65.1,18.5,0.0,13.9,38.81,25.0,63.4,98.61629867553711,0.010186883620917797,0.9533194899559021,0.09580782055854797,0.0,399.0,0.0,0.0,0.0,0.0,50.304638043046,0.0,0.0,0.0,0.0,0.0,250.0,1018.9,0.0,0.0,0.375,0.636,1.011,10.968,0.702,0.309,emon,0.93,0.965,25.1,20.6,1.215
2026-09-17 22:02:09.761,22.3,2,89,38;58;17;89;2;56;3;2;2;38;11;6;3;27;3;2,1182,4720,4720;4609;4710;4571;3385;3234;3362;3392;3251;3136;3397;3360;1182;2751;2532;2464,0.0,0.0,1018.9,0,0,0,0,0,0.0,0,0,0,0,0,0,0,0,0.0,0,0,0,0,0,94.5,0.0,7426.5,0,0,0,61.1,18.5,0.0,13.9,38.81,20.6,63.4,97.60017395019531,0.00971916038542986,0.8388864994049072,0.08461932092905045,0.0,449.0,0.0,0.0,0.0,0.0,50.43072873353958,0.0,0.0,0.0,0.0,0.0,450.0,1018.9,0.0,0.0,0.375,0.636,1.011,10.968,0.702,0.309,emon,0.93,0.965,25.1,20.6,1.215
2026-09-17 22:02:10.762,23.6,0,94,45;38;12;94;2;69;5;3;3;39;20;8;0;38;0;2,1752,4729,4702;4689;4729;4728;3417;3232;3433;3421;2985;3126;3209;3105;1752;2636;1833;2213,0.0,0.0,1018.9,0,0,0,0,0,0.0,0,0,0,0,0,0,0,0,0.0,0,0,0,0,0,0.0,0.0,1932.3,0,0,0,73.1,18.5,0.0,13.9,38.81,16.0,63.4,98.04254150390625,0.008767040446400642,0.8404850363731384,0.08436445146799088,0.0,599.0,0.0,0.0,0.0,0.0,50.30104041099548,0.0,0.0,0.0,0.0,0.0,450.0,1018.9,0.0,0.0,0.375,0.636,1.011,10.968,0.702,0.309,emon,0.93,0.965,25.1,20.6,1.215
2026-09-17 22:02:11.764,15.1,0,91,14;56;5;91;2;20;0;0;0;41;0;0;6;8;0;0,1223,4729,4712;4723;4729;4726;3446;2785;3001;3411;2632;3185;2346;2638;1223;1673;1559;1746,0.0,0.0,1018.9,0,0,0,0,0,0.0,0,0,0,0,0,0,0,0,0.0,0,0,0,0,0,0.0,0.0,0.0,0,0,0,79.1,22.55,0.0,1.58,31.26,16.1,63.4,97.70023345947266,0.007431891746819019,0.9095363020896912,0.09077335149049759,0.0,1199.0,0.0,0.0,0.0,0.0,50.24983111023903,0.0,0.0,0.0,0.0,0.0,450.0,1018.9,0.0,0.0,0.375,0.636,1.011,10.968,0.702,0.309,emon,0.93,0.965,25.1,20.6,1.215
2026-09-17 22:02:12.765,19.4,0,95,13;80;2;95;0;17;2;0;0;95;3;0;3;0;0;0,1001,4729,4727;4711;4729;4727;3362;2308;3438;3448;3452;3442;3452;3181;1169;2268;1343;1001,0.0,0.0,1018.9,0,0,0,0,0,0.0,0,0,0,0,0,0,0,0,0.0,0,0,0,0,0,0.0,0.0,0.0,0,0,0,77.1,22.55,0.0,1.58,31.26,16.2,63.4,97.70023345947266,0.007431891746819019,0.9095363020896912,0.09077335149049759,0.0,1199.0,0.0,0.0,0.0,0.0,50.24983111023903,0.0,0.0,0.0,0.0,0.0,450.0,1018.9,0.0,0.0,1.249,5.692,6.941,13.657,0.874,6.067,emon,0.894,0.921,1359.5,636.6,2.136
2026-09-17 22:02:13.771,64.8,58,96,60;92;58;96;58;73;58;58;58;80;58;58;58;59;58;58,2930,4728,4728;4712;4728;4716;3451;3318;3451;3451;3451;3382;3451;3451;2964;2930;2994;2994,0.0,0.0,1018.9,0,0,0,0,0,0.0,0,0,0,0,0,0,0,0,0.0,0,0,0,0,0,0.0,0.0,3141.8,0,0,0,85.1,22.55,0.0,1.58,31.26,23.5,63.4,97.71642684936523,0.007542048115283251,1.006953477859497,0.10108865052461624,0.0,1199.0,0.0,0.0,0.0,0.0,50.2442792057991,0.0,0.0,0.0,0.0,0.0,450.0,1018.9,0.0,0.0,1.249,5.692,6.941,13.657,0.874,6.067,emon,0.894,0.921,1359.5,636.6,2.136
2026-09-17 22:02:14.771,25.4,8,95,75;21;16;95;8;30;34;10;11;8;38;18;8;8;14;11,2399,4726,4693;4726;4720;4707;3384;3411;2838;3441;3394;3351;3153;3408;2540;2973;2399;2874,0.0,0.0,1018.9,0,0,0,0,0,0.0,0,0,0,0,0,0,0,0,0.0,0,0,0,0,0,0.0,0.0,4345.5,0,0,0,87.1,22.55,0.0,1.58,31.26,24.1,63.4,97.81820678710938,0.007593617308884859,0.8852182030677795,0.08873114734888077,0.0,1199.0,0.0,0.0,0.0,0.0,50.209306582808495,0.0,0.0,0.0,0.0,0.0,450.0,1018.9,0.0,0.0,1.249,5.692,6.941,13.657,0.874,6.067,emon,0.894,0.921,1359.5,636.6,2.136
2026-09-17 22:02:15.772,17.2,0,94,71;27;0;94;0;0;32;3;0;0;28;3;3;0;14;0,955,4729,4724;4729;4724;4723;3284;3281;2886;3370;2704;3266;3010;2068;1143;955;1876;1034,0.0,0.0,1018.9,0,0,0,0,0,0.0,0,0,0,0,0,0,0,0,0.0,0,0,0,0,0,0.0,0.0,4612.2,0,0,0,85.1,31.66,0.0,0.39,36.55,26.5,63.4,97.29669189453125,0.007528047543019056,0.9408266544342041,0.09463831037282944,0.0,1199.0,0.0,0.0,0.0,0.0,50.297096863389015,0.0,0.0,0.0,0.0,0.0,300.0,1018.9,0.0,0.0,1.249,5.692,6.941,13.657,0.874,6.067,emon,0.894,0.921,1359.5,636.6,2.136
2026-09-17 22:02:16.772,15.0,0,94,46;5;5;94;0;0;73;0;0;0;16;0;0;0;2;0,993,4729,4620;4728;4729;4725;2873;3129;3274;3379;1972;1744;2501;2822;1048;993;1408;1002,0.0,0.0,1018.9,0,0,0,0,0,0.0,0,0,0,0,0,0,0,0,0.0,0,0,0,0,0,0.0,0.0,6269.5,0,0,0,76.1,31.66,0.0,0.39,36.55,22.9,63.4,99.08584213256836,0.00760671915486455,0.902748703956604,0.09062706679105759,0.0,1199.0,0.0,0.0,0.0,0.0,50.112511828541756,0.0,0.0,0.0,0.0,0.0,450.0,1018.9,0.0,0.0,1.249,5.692,6.941,13.657,0.874,6.067,emon,0.894,0.921,1359.5,636.6,2.136
2026-09-17 22:02:17.773,9.2,0,95,95;4;0;17;3;0;3;3;3;3;8;3;3;0;2;0,983,4729,4728;4729;4729;4721;1225;1252;1800;1243;1214;1215;1889;1423;1028;983;1106;1016,0.0,0.0,1018.9,0,0,0,0,0,0.0,0,0,0,0,0,0,0,0,0.0,0,0,0,0,0,0.0,0.0,6269.5,0,0,0,85.1,31.66,0.0,0.39,36.55,22.8,63.4,98.68069458007812,0.007610432803630829,0.9017454981803894,0.09067131578922272,0.0,1199.0,0.0,0.0,0.0,0.0,50.1468396037817,0.0,0.0,0.0,0.0,0.0,450.0,1018.9,0.0,0.0,1.249,5.692,6.941,13.657,0.874,6.067,emon,0.894,0.921,1359.5,636.6,2.136
2026-09-17 22:02:18.773,8.4,0,74,74;3;0;35;0;0;8;0;0;0;2;0;9;0;0;3,983,4727,4727;4694;4726;4682;1320;1211;1558;1478;1260;1330;1520;1277;1036;1048;983;1067,0.0,0.0,1018.9,0,0,0,0,0,0.0,0,0,0,0,0,0,0,0,0.0,0,0,0,0,0,0.0,0.0,6269.5,0,0,0,82.1,31.66,0.0,0.39,36.55,22.8,63.4,95.25376510620117,0.008946751244366169,0.8468772768974304,0.08506887406110764,0.0,599.0,0.0,0.0,0.0,0.0,50.4092743396759,0.0,0.0,0.0,0.0,0.0,450.0,1018.9,0.0,0.0,1.249,5.692,6.941,13.657,0.874,6.067,emon,0.894,0.921,1359.5,636.6,2.136
2026-09-17 22:02:19.774,7.2,0,81,81;0;0;30;0;0;5;0;0;0;0;0;0;0;0;0,995,4732,4726;4726;4732;4676;1226;1224;1231;1396;1283;1172;1531;1273;1030;996;995;1001,0.0,0.0,1018.9,0,0,0,0,0,0.0,0,0,0,0,0,0,0,0,0.0,0,0,0,0,0,0.0,0.0,6269.5,0,0,0,83.1,23.13,0.0,0.33,25.61,22.8,63.4,91.70247268676758,0.008580837398767471,0.8314821720123291,0.08345606178045273,0.0,899.0,0.0,0.0,0.0,0.0,50.34492385387421,0.0,0.0,0.0,0.0,0.0,450.0,1018.9,0.0,0.0,1.249,5.692,6.941,13.657,0.874,6.067,emon,0.894,0.921,1359.5,636.6,2.136
2026-09-17 22:02:20.774,8.1,0,100,16;0;0;100;0;0;5;0;0;0;5;0;3;0;2;0,960,4729,4339;4729;4724;4719;1185;1142;1364;1807;1190;1185;1354;1477;1038;1040;960;1024,0.0,0.0,1018.9,0,0,0,0,0,0.0,0,0,0,0,0,0,0,0,0.0,0,0,0,0,0,0.0,0.0,6269.5,0,0,0,81.1,23.13,0.0,0.33,25.61,22.8,63.4,96.34836959838867,0.008686947636306286,1.0130141973495483,0.10150668025016785,0.0,599.0,0.0,0.0,0.0,0.0,50.446243315935135,0.0,0.0,0.0,0.0,0.0,450.0,1018.9,0.0,0.0,1.249,5.692,6.941,13.657,0.874,6.067,emon,0.894,0.921,1359.5,636.6,2.136
2026-09-17 22:02:21.776,8.8,0,98,20;0;0;98;0;0;11;0;0;0;3;0;2;2;2;3,999,4735,4632;4496;4735;4725;1227;1273;1421;1222;1237;1277;1225;1381;999;1016;1000;1025,0.0,0.0,1018.9,0,0,0,0,0,0.0,0,0,0,0,0,0,0,0,0.0,0,0,0,0,0,0.0,0.0,6269.5,0,0,0,80.1,23.13,0.0,0.33,25.61,22.8,63.4,97.44374465942383,0.008869661949574947,0.8509901165962219,0.08535197377204895,0.0,574.0,0.0,0.0,0.0,0.0,50.387560456991196,0.0,0.0,0.0,0.0,0.0,450.0,1018.9,0.0,0.0,1.249,5.692,6.941,13.657,0.874,6.067,emon,0.894,0.921,1359.5,636.6,2.136
2026-09-17 22:02:22.777,12.4,0,94,34;5;0;94;0;0;25;0;0;0;29;0;3;0;8;0,823,4704,4510;4704;4677;4480;2327;2014;2960;2709;2660;2246;2953;3285;823;906;2513;1554,0.0,0.0,1018.9,0,0,0,0,0,0.0,0,0,0,0,0,0,0,0,0.0,0,0,0,0,0,0.0,0.0,6478.1,0,0,0,68.1,23.13,0.0,0.33,25.61,23.7,63.4,97.44374465942383,0.008869661949574947,0.8509901165962219,0.08535197377204895,0.0,574.0,0.0,0.0,0.0,0.0,50.387560456991196,0.0,0.0,0.0,0.0,0.0,250.0,1018.9,0.0,0.0,1.249,5.692,6.941,13.657,0.874,6.067,emon,0.894,0.921,1359.5,636.6,2.136
2026-09-17 22:02:23.777,9.0,0,98,22;5;0;98;0;0;5;3;0;0;9;0;2;0;0;0,687,4336,4121;4194;4270;4336;2155;2073;1631;1798;2130;2079;1768;2148;687;769;722;794,0.0,0.0,1018.9,0,0,0,0,0,0.0,0,0,0,0,0,0,0,0,0.0,0,0,0,0,0,98.7,0.0,7350.0,0,0,0,66.1,20.91,0.0,7.19,30.73,23.7,63.4,98.53801727294922,0.010395330376923084,0.8228313326835632,0.08217024803161621,0.0,399.0,0.0,0.0,0.0,0.0,50.323920249938965,0.0,0.0,0.0,0.0,0.0,250.0,1018.9,0.0,0.0,1.249,5.692,6.941,13.657,0.874,6.067,emon,0.894,0.921,1359.5,636.6,2.136
2026-09-17 22:02:24.778,10.7,0,97,28;3;3;97;0;2;10;0;0;0;16;0;2;0;8;3,525,4340,4172;3955;4100;4340;1852;923;1627;1373;1370;1339;1668;1532;602;525;889;671,0.0,0.0,1018.9,0,0,0,0,0,0.0,0,0,0,0,0,0,0,0,0.0,0,0,0,0,0,95.9,0.0,7350.0,0,0,0,66.1,20.91,0.0,7.19,30.73,23.7,63.4,98.31147384643555,0.009030487388372421,0.872678279876709,0.0877247303724289,0.0,1049.0,0.0,0.0,0.0,0.0,50.18135741353035,0.0,0.0,0.0,0.0,0.0,250.0,1018.9,0.0,0.0,6.997,5.133,12.13,10.649,0.682,11.448,emon,0.923,0.97,29.0,17.1,1.698
2026-09-17 22:02:25.779,7.5,0,97,11;0;0;97;0;0;3;0;0;0;6;0;3;0;0;0,802,4718,4491;4469;4718;4639;1210;1290;1526;1222;1215;1116;1598;1210;910;864;1028;802,1.1,0.0,951.1,0,0,0,0,0,0.0,0,0,0,0,0,0,0,0,0.0,0,0,0,0,0,43.4,0.0,7350.0,0,0,0,78.1,20.91,0.0,7.19,30.73,23.7,63.4,98.03176879882812,0.010192123241722584,0.7990161776542664,0.08066024631261826,0.0,399.0,0.0,0.0,0.0,0.0,50.38515231013298,0.0,0.0,0.0,0.0,0.0,450.0,951.1,0.0,0.0,6.997,5.133,12.13,10.649,0.682,11.448,emon,0.923,0.97,29.0,17.1,1.698
2026-09-17 22:02:26.780,8.1,0,92,22;2;0;92;0;0;2;0;0;0;8;0;3;0;2;0,916,4729,4528;4625;4729;4727;1231;1214;1355;1225;1279;1323;1466;1554;1039;1045;916;1033,0.0,0.0,951.1,0,0,0,0,0,0.0,0,0,0,0,0,0,0,0,0.0,0,0,0,0,0,0.0,0.0,7350.0,0,0,0,80.1,20.91,0.0,7.19,30.73,23.7,63.4,97.4974250793457,0.007608708459883928,0.8733217120170593,0.08716420084238052,0.0,999.0,0.0,0.0,0.0,0.0,50.30065634846687,0.0,0.0,0.0,0.0,0.0,450.0,951.1,0.0,0.0,6.997,5.133,12.13,10.649,0.682,11.448,emon,0.923,0.97,29.0,17.1,1.698
2026-09-17 22:02:27.780,7.4,0,95,16;0;0;95;0;0;3;0;0;0;2;0;3;0;0;0,888,4729,4704;4729;4612;4723;1233;1266;1398;1430;1884;1219;1420;1342;1035;921;966;888,0.0,0.0,951.1,0,0,0,0,0,0.0,0,0,0,0,0,0,0,0,0.0,0,0,0,0,0,0.0,0.0,7350.0,0,0,0,80.1,20.25,0.01,1.49,27.49,23.7,63.4,98.49917221069336,0.007229003589600325,0.9178591966629028,0.09192394465208054,0.0,1199.0,0.0,0.0,0.0,0.0,50.15515600144863,0.0,0.0,0.0,0.0,0.0,450.0,951.1,0.0,0.0,6.997,5.133,12.13,10.649,0.682,11.448,emon,0.923,0.97,29.0,17.1,1.698
2026-09-17 22:02:28.780,8.2,0,89,28;0;2;89;0;0;6;0;0;0;6;0;0;0;0;0,935,4722,4642;4633;4484;4722;1212;1209;1235;1223;1208;1174;1209;2578;1032;952;955;935,0.0,0.0,951.1,0,0,0,0,0,0.0,0,0,0,0,0,0,0,0,0.0,0,0,0,0,0,0.0,0.0,7350.0,0,0,0,79.1,20.25,0.01,1.49,27.49,23.7,63.4,97.71034622192383,0.007395199500024319,0.889211118221283,0.08874239027500153,0.0,1199.0,0.0,0.0,0.0,0.0,50.19498309493065,0.0,0.0,0.0,0.0,0.0,450.0,951.1,0.0,0.0,6.997,5.133,12.13,10.649,0.682,11.448,emon,0.923,0.97,29.0,17.1,1.698
2026-09-17 22:02:29.781,7.3,0,95,11;6;0;95;0;0;2;0;0;0;0;0;3;0;0;0,929,4729,4724;4714;4729;4727;1290;1298;1420;1233;1236;1275;1535;1271;1025;1011;929;997,0.0,0.0,951.1,0,0,0,0,0,0.0,0,0,0,0,0,0,0,0,0.0,0,0,0,0,0,0.0,0.0,7350.0,0,0,0,80.1,20.25,0.01,1.49,27.49,23.7,63.4,95.96692276000977,0.008902140893042088,0.9536167979240417,0.09529409557580948,0.0,599.0,0.0,0.0,0.0,0.0,50.418512374162674,0.0,0.0,0.0,0.0,0.0,450.0,951.1,0.0,0.0,6.997,5.133,12.13,10.649,0.682,11.448,emon,0.923,0.97,29.0,17.1,1.698
2026-09-17 22:02:30.781,9.1,0,97,26;2;0;97;0;0;9;2;0;0;8;0;3;0;0;0,649,4428,4237;4037;4323;4428;1086;1177;1837;3086;1224;1212;1651;1742;705;669;723;649,0.0,0.0,951.1,0,0,0,0,0,0.0,0,0,0,0,0,0,0,0,0.0,0,0,0,0,0,99.1,0.0,7350.0,0,0,0,68.1,20.25,0.01,1.49,27.49,23.7,63.4,99.27540969848633,0.008900773711502552,0.997757613658905,0.09992658346891403,0.0,1049.0,0.0,0.0,0.0,0.0,50.090085953474045,0.0,0.0,0.0,0.0,0.0,250.0,951.1,0.0,0.0,6.997,5.133,12.13,10.649,0.682,11.448,emon,0.923,0.97,29.0,17.1,1.698
2026-09-17 22:02:31.781,9.3,0,78,78;0;0;45;0;0;14;0;0;0;8;0;3;0;2;0,444,4375,4375;4123;4373;4325;2049;2052;1632;2851;1804;1571;1416;1416;637;444;770;454,0.0,0.0,951.1,0,0,0,0,0,0.0,0,0,0,0,0,0,0,0,0.0,0,0,0,0,0,99.1,0.0,7350.0,0,0,0,69.1,20.53,0.0,10.47,32.23,23.9,63.4,99.27540969848633,0.008900773711502552,0.997757613658905,0.09992658346891403,0.0,1049.0,0.0,0.0,0.0,0.0,50.090085953474045,0.0,0.0,0.0,0.0,0.0,250.0,951.1,0.0,0.0,6.997,5.133,12.13,10.649,0.682,11.448,emon,0.923,0.97,29.0,17.1,1.698
2026-09-17 22:02:32.782,8.4,0,94,94;2;0;23;0;0;3;0;0;0;5;2;6;0;0;0,546,4376,4376;4339;4311;4252;1789;1898;1980;2642;2843;1845;2283;3259;619;546;732;587,0.0,0.0,951.1,0,0,0,0,0,0.0,0,0,0,0,0,0,0,0,0.0,0,0,0,0,0,91.5,0.0,7367.6,0,0,0,70.1,20.53,0.0,10.47,32.23,24.0,63.4,98.59073257446289,0.008466041646897793,0.8174983859062195,0.08146797865629196,0.0,1049.0,0.0,0.0,0.0,0.0,50.179310485720634,0.0,0.0,0.0,0.0,0.0,250.0,951.1,0.0,0.0,6.997,5.133,12.13,10.649,0.682,11.448,emon,0.923,0.97,29.0,17.1,1.698
2026-09-17 22:02:33.783,8.0,0,87,87;0;0;31;0;0;2;0;0;0;5;0;3;0;0;0,469,4403,4348;4403;4352;4196;1205;1174;1411;1281;1292;1370;1513;1295;610;469;720;621,0.0,0.0,951.1,0,0,0,0,0,0.0,0,0,0,0,0,0,0,0,0.0,0,0,0,0,0,97.4,0.0,7371.2,0,0,0,70.1,20.53,0.0,10.47,32.23,24.1,63.4,98.04792404174805,0.008462430909276009,0.8311662077903748,0.08337210863828659,0.0,1024.0,0.0,0.0,0.0,0.0,50.216437712311745,0.0,0.0,0.0,0.0,0.0,250.0,951.1,0.0,0.0,6.997,5.133,12.13,10.649,0.682,11.448,emon,0.923,0.97,29.0,17.1,1.698
2026-09-17 22:02:34.784,8.2,0,85,85;0;0;35;0;0;9;0;0;0;3;0;0;0;0;0,512,4355,4355;4217;4204;4241;1532;1755;1851;2066;1543;2083;2017;1509;623;512;826;759,0.0,0.0,951.1,0,0,0,0,0,0.0,0,0,0,0,0,0,0,0,0.0,0,0,0,0,0,100.0,0.0,7375.7,0,0,0,69.1,20.53,0.0,10.47,32.23,24.2,63.4,98.76823043823242,0.00834532082080841,0.8503196835517883,0.0857355147600174,0.0,1149.0,0.0,0.0,0.0,0.0,50.10774563252926,0.0,0.0,0.0,0.0,0.0,250.0,951.1,0.0,0.0,6.997,5.133,12.13,10.649,0.682,11.448,emon,0.923,0.97,29.0,17.1,1.698
2026-09-17 22:02:35.784,8.2,0,86,86;2;0;31;0;0;5;0;0;0;8;0;0;0;0;0,586,4385,4385;4203;4378;4300;1212;1183;1269;1274;1518;1241;1388;1305;619;586;645;833,0.0,0.0,951.1,0,0,0,0,0,0.0,0,0,0,0,0,0,0,0,0.0,0,0,0,0,0,99.5,0.0,7381.1,0,0,0,69.1,17.13,0.0,24.63,42.29,24.2,63.4,98.20719909667969,0.010499863885343075,0.8074620962142944,0.08059083670377731,0.0,399.0,0.0,0.0,0.0,0.0,50.37431126832962,0.0,0.0,0.0,0.0,0.0,250.0,951.1,0.0,0.0,6.997,5.133,12.13,10.649,0.682,11.448,emon,0.923,0.97,29.0,17.1,1.698
2026-09-17 22:02:36.785,8.0,0,88,88;3;0;27;0;0;3;0;0;0;3;0;3;0;0;2,597,4376,4376;4087;4368;4264;1190;1224;1559;1258;1226;1246;1666;1221;613;597;653;728,0.0,0.0,951.1,0,0,0,0,0,0.0,0,0,0,0,0,0,0,0,0.0,0,0,0,0,0,86.9,0.0,7391.8,0,0,0,69.1,17.13,0.0,24.63,42.29,24.4,63.4,96.65731048583984,0.008475412614643574,0.9004165530204773,0.09029652178287506,0.0,1199.0,0.0,0.0,0.0,0.0,50.15719501674175,0.0,0.0,0.0,0.0,0.0,250.0,951.1,0.0,0.0,32.771,6.69,39.461,18.94,1.212,38.249,emon,0.88,0.672,49.0,22.9,2.14
2026-09-17 22:02:37.785,8.1,0,95,95;0;0;22;0;0;5;0;0;0;5;0;0;0;2;2,467,4390,4390;4384;4332;4125;1348;1521;1842;1237;1201;1210;1654;1216;604;467;835;926,0.0,0.0,951.1,0,0,0,0,0,0.0,0,0,0,0,0,0,0,0,0.0,0,0,0,0,0,100.0,0.0,7391.8,0,0,0,69.1,17.13,0.0,24.63,42.29,24.4,63.4,96.43745422363281,0.008811681531369686,0.851764440536499,0.08559919148683548,0.0,1149.0,0.0,0.0,0.0,0.0,50.13658345490694,0.0,0.0,0.0,0.0,0.0,250.0,951.1,0.0,0.0,32.771,6.69,39.461,18.94,1.212,38.249,emon,0.88,0.672,49.0,22.9,2.14
2026-09-17 22:02:38.786,9.0,0,91,91;6;2;30;0;0;8;0;0;0;8;0;0;0;0;0,525,4384,4356;4155;4384;4240;1150;1098;1451;1171;1207;1202;1769;1220;619;525;631;706,0.0,0.0,951.1,0,0,0,0,0,0.0,0,0,0,0,0,0,0,0,0.0,0,0,0,0,0,82.8,0.0,7408.5,0,0,0,68.1,17.13,0.0,24.63,42.29,24.5,63.4,98.13626480102539,0.009095105342566967,0.8701092600822449,0.08762596547603607,0.0,1024.0,0.0,0.0,0.0,0.0,50.23911044001579,0.0,0.0,0.0,0.0,0.0,250.0,951.1,0.0,0.0,32.771,6.69,39.461,18.94,1.212,38.249,emon,0.88,0.672,49.0,22.9,2.14
2026-09-17 22:02:39.786,8.0,0,85,85;2;0;32;0;0;5;0;0;0;3;0;0;0;2;0,495,4376,4376;4084;4280;4294;1500;1633;1614;1480;1834;1398;1659;1598;616;495;632;586,0.0,0.0,951.1,0,0,0,0,0,0.0,0,0,0,0,0,0,0,0,0.0,0,0,0,0,0,93.5,0.0,7408.5,0,0,0,68.1,17.15,0.0,19.38,39.6,24.5,63.4,98.9552993774414,0.007807817310094833,0.9474906921386719,0.0952516570687294,0.0,1149.0,0.0,0.0,0.0,0.0,50.122885063290596,0.0,0.0,0.0,0.0,0.0,250.0,951.1,0.0,0.0,32.771,6.69,39.461,18.94,1.212,38.249,emon,0.88,0.672,49.0,22.9,2.14
2026-09-17 22:02:40.787,9.8,0,86,86;3;0;38;0;0;8;0;0;0;8;0;14;0;0;0,528,4351,4351;4282;4233;4229;1205;1290;1314;1274;1208;1245;1499;1253;608;528;653;534,0.0,0.0,951.1,0,0,0,0,0,0.0,0,0,0,0,0,0,0,0,0.0,0,0,0,0,0,90.5,0.0,7431.5,0,0,0,68.1,17.15,0.0,19.38,39.6,24.6,63.4,98.95989990234375,0.00886209774762392,0.8578363060951233,0.08629441261291504,0.0,1149.0,0.0,0.0,0.0,0.0,50.08140107244253,0.0,0.0,0.0,0.0,0.0,250.0,951.1,0.0,0.0,32.771,6.69,39.461,18.94,1.212,38.249,emon,0.88,0.672,49.0,22.9,2.14
2026-09-17 22:02:41.787,7.9,0,88,88;0;0;26;0;0;6;0;0;0;0;0;6;0;0;0,589,4392,4390;4343;4392;4268;1215;1214;1397;1200;1209;1209;1510;1399;618;589;821;674,0.0,0.0,951.1,0,0,0,0,0,0.0,0,0,0,0,0,0,0,0,0.0,0,0,0,0,0,97.9,0.0,7431.5,0,0,0,67.1,17.15,0.0,19.38,39.6,24.6,63.4,98.4282455444336,0.008847905322909355,0.8505709171295166,0.08514261245727539,0.0,1149.0,0.0,0.0,0.0,0.0,50.20002254843712,0.0,0.0,0.0,0.0,0.0,250.0,951.1,0.0,0.0,32.771,6.69,39.461,18.94,1.212,38.249,emon,0.88,0.672,49.0,22.9,2.14
2026-09-17 22:02:42.788,8.0,0,91,91;0;0;30;0;0;5;0;0;0;3;0;0;0;0;0,501,4364,4364;4141;4252;4219;1152;1161;1414;1186;1188;1214;1609;1353;611;501;634;798,0.0,0.0,951.1,0,0,0,0,0,0.0,0,0,0,0,0,0,0,0,0.0,0,0,0,0,0,97.4,0.0,7453.9,0,0,0,68.1,17.15,0.0,19.38,39.6,24.7,63.4,97.79927444458008,0.009800784289836884,0.8252073526382446,0.08308445662260056,0.0,399.0,0.0,0.0,0.0,0.0,50.44486066699028,0.0,0.0,0.0,0.0,0.0,250.0,951.1,0.0,0.0,32.771,6.69,39.461,18.94,1.212,38.249,emon,0.88,0.672,49.0,22.9,2.14
2026-09-17 22:02:43.789,8.0,0,54,54;11;2;47;0;0;3;4;0;0;0;2;0;0;3;3,479,4392,4392;4053;4335;4354;1681;1959;1233;2279;1243;1263;1195;1965;620;479;807;890,0.0,0.0,951.1,0,0,0,0,0,0.0,0,0,0,0,0,0,0,0,0.0,0,0,0,0,0,98.1,0.0,7453.9,0,0,0,66.1,17.27,0.0,18.77,39.37,24.7,63.4,98.46805572509766,0.01048246305435896,0.8303161859512329,0.08285899460315704,0.0,399.0,0.0,0.0,0.0,0.0,50.29612135887146,0.0,0.0,0.0,0.0,0.0,250.0,951.1,0.0,0.0,32.771,6.69,39.461,18.94,1.212,38.249,emon,0.88,0.672,49.0,22.9,2.14
2026-09-17 22:02:44.789,12.8,5,97,8;14;6;97;5;6;6;11;6;6;5;9;5;6;6;8,730,4409,4409;4303;4409;4397;3381;3358;3425;2371;3389;3371;3375;2936;730;1157;930;950,0.0,0.0,951.1,0,0,0,0,0,0.0,0,0,0,0,0,0,0,0,0.0,0,0,0,0,0,98.1,0.0,7453.9,0,0,0,66.1,17.27,0.0,18.77,39.37,25.0,63.4,98.50343704223633,0.010326463729143143,0.8453899025917053,0.08517484366893768,0.0,399.0,0.0,0.0,0.0,0.0,50.323616057634354,0.0,0.0,0.0,0.0,0.0,250.0,951.1,0.0,0.0,32.771,6.69,39.461,18.94,1.212,38.249,emon,0.88,0.672,49.0,22.9,2.14
2026-09-17 22:02:45.790,17.8,5,82,16;82;10;42;10;8;6;34;13;8;8;14;5;10;6;14,2243,4720,4706;4407;4720;4401;3445;3449;3444;2823;3398;3448;3450;2938;2243;2965;2965;2772,0.0,0.0,951.1,0,0,0,0,0,0.0,0,0,0,0,0,0,0,0,0.0,0,0,0,0,0,84.0,0.0,7714.4,0,0,0,66.1,17.27,0.0,18.77,39.37,24.8,63.4,98.23075866699219,0.009479569271206856,0.8758986592292786,0.08796316385269165,0.0,724.0,0.0,0.0,0.0,0.0,50.16266494989395,0.0,0.0,0.0,0.0,0.0,450.0,951.1,0.0,0.0,32.771,6.69,39.461,18.94,1.212,38.249,emon,0.88,0.672,49.0,22.9,2.14
2026-09-17 22:02:46.791,8.4,0,81,0;81;0;35;0;0;0;6;0;0;0;8;0;0;0;3,428,4328,4071;4328;3930;4166;1214;1201;1208;1439;1240;1343;1371;1606;605;428;441;910,0.0,0.0,951.1,0,0,0,0,0,0.0,0,0,0,0,0,0,0,0,0.0,0,0,0,0,0,100.0,0.0,7490.2,0,0,0,68.1,17.27,0.0,18.77,39.37,24.8,63.4,98.07774353027344,0.008548786863684654,0.9161280393600464,0.09205758571624756,0.0,1049.0,0.0,0.0,0.0,0.0,50.15589778125286,0.0,0.0,0.0,0.0,0.0,250.0,951.1,0.0,0.0,32.771,6.69,39.461,18.94,1.212,38.249,emon,0.88,0.672,49.0,22.9,2.14
2026-09-17 22:02:47.791,7.9,0,92,2;92;0;23;0;0;0;9;0;0;0;0;0;0;0;0,473,4351,4154;4351;4243;4207;1532;1755;1365;1527;1603;1636;1306;1732;610;479;473;684,0.0,0.0,951.1,0,0,0,0,0,0.0,0,0,0,0,0,0,0,0,0.0,0,0,0,0,0,93.8,0.0,7490.2,0,0,0,69.1,18.4,0.0,8.41,35.76,24.8,63.4,98.41252899169922,0.008447789587080479,0.9783884882926941,0.09824318438768387,0.0,1149.0,0.0,0.0,0.0,0.0,50.0584649592638,0.0,0.0,0.0,0.0,0.0,250.0,951.1,0.0,0.0,32.771,6.69,39.461,18.94,1.212,38.249,emon,0.88,0.672,49.0,22.9,2.14
2026-09-17 22:02:48.791,9.7,0,89,2;89;2;29;2;0;0;16;0;0;0;8;9;0;0;0,529,4380,4309;4374;4380;4279;1262;1565;1261;1638;1264;1857;1163;1675;609;597;529;635,0.0,0.0,951.1,0,0,0,0,0,0.0,0,0,0,0,0,0,0,0,0.0,0,0,0,0,0,93.8,0.0,7490.2,0,0,0,69.1,18.4,0.0,8.41,35.76,24.8,63.4,98.20067596435547,0.008387944661080837,0.9426528811454773,0.09416919946670532,0.0,1174.0,0.0,0.0,0.0,0.0,50.067256450653076,0.0,0.0,0.0,0.0,0.0,250.0,951.1,0.0,0.0,89.874,1.493,91.366,76.449,4.893,86.473,emon,0.873,0.688,36.2,16.9,2.145
2026-09-17 22:02:49.792,7.8,0,78,0;78;0;37;0;0;0;6;0;0;0;3;0;0;0;0,459,4316,4180;4316;3650;4195;1250;1251;1600;1616;1264;1216;1226;1652;597;838;459;667,0.0,0.0,951.1,0,0,0,0,0,0.0,0,0,0,0,0,0,0,0,0.0,0,0,0,0,0,94.5,0.0,7490.2,0,0,0,69.1,18.4,0.0,8.41,35.76,24.8,63.4,98.70069122314453,0.007909785956144333,1.0749350786209106,0.10730784386396408,0.0,1199.0,0.0,0.0,0.0,0.0,50.11343038827181,0.0,0.0,0.0,0.0,0.0,250.0,951.1,0.0,0.0,89.874,1.493,91.366,76.449,4.893,86.473,emon,0.873,0.688,36.2,16.9,2.145
2026-09-17 22:02:50.793,9.6,0,92,2;26;0;92;0;2;0;17;2;0;0;9;3;0;0;2,473,4367,4104;4122;4367;4346;1304;1214;1268;1534;1413;1423;1284;2076;599;829;473;626,0.6,0.0,954.2,0,0,0,0,0,0.0,0,0,0,0,0,0,0,0,0.0,0,0,0,0,0,100.0,0.0,7490.2,0,0,0,67.1,18.4,0.0,8.41,35.76,24.8,63.4,99.08025741577148,4.303370952606201,28.356999397277832,26.04008197784424,0.16028642997844145,1199.0,0.0,0.0,0.0,0.0,50.08899940177798,0.0,0.0,0.0,0.0,0.0,250.0,951.1,0.0,0.0,89.874,1.493,91.366,76.449,4.893,86.473,emon,0.873,0.688,36.2,16.9,2.145
2026-09-17 22:02:51.793,8.8,0,98,0;19;0;98;0;0;0;12;0;0;0;2;3;2;0;5,528,4341,4312;4116;3910;4341;1186;1525;1492;1596;1333;1630;1613;1494;603;831;528;935,0.0,0.0,954.2,0,0,0,0,0,0.0,0,0,0,0,0,0,0,0,0.0,0,0,0,0,0,82.4,0.0,7490.2,0,0,0,67.1,17.44,0.0,3.42,33.71,24.8,63.4,98.74133682250977,0.010204777121543884,0.8676739931106567,0.08650923520326614,0.0,399.0,0.0,0.0,0.0,0.0,50.23701839148998,0.0,0.0,0.0,0.0,0.0,250.0,954.2,0.0,0.0,89.874,1.493,91.366,76.449,4.893,86.473,emon,0.873,0.688,36.2,16.9,2.145
2026-09-17 22:02:52.794,9.0,0,98,0;28;0;98;0;0;0;6;0;0;0;8;3;0;0;0,533,4321,4210;4170;4267;4321;1397;1606;1501;1637;1753;1931;2259;1546;604;533;621;764,0.2,0.0,950.2,0,0,0,0,0,0.0,0,0,0,0,0,0,0,0,0.0,0,0,0,0,0,93.9,0.0,7490.2,0,0,0,66.1,17.44,0.0,3.42,33.71,24.8,63.4,97.31291198730469,0.008456200361251831,0.8914934396743774,0.08912310749292374,0.0,1049.0,0.0,0.0,0.0,0.0,50.152829468250275,0.0,0.0,0.0,0.0,0.0,250.0,954.2,0.0,0.0,89.874,1.493,91.366,76.449,4.893,86.473,emon,0.873,0.688,36.2,16.9,2.145
2026-09-17 22:02:53.794,8.8,0,98,2;23;0;98;0;0;0;12;0;0;0;3;3;0;0;0,472,4338,2285;3895;3742;4338;1524;1968;1406;1631;1626;1451;1425;1759;591;472;559;604,0.0,0.0,950.2,0,0,0,0,0,0.0,0,0,0,0,0,0,0,0,0.0,0,0,0,0,0,93.9,0.0,7490.2,0,0,0,66.1,17.44,0.0,3.42,33.71,24.8,63.4,98.02715301513672,0.010226775892078876,0.8224987983703613,0.0820094645023346,0.0,399.0,0.0,0.0,0.0,0.0,50.40372943878174,0.0,0.0,0.0,0.0,0.0,250.0,950.2,0.0,0.0,89.874,1.493,91.366,76.449,4.893,86.473,emon,0.873,0.688,36.2,16.9,2.145
2026-09-17 22:02:54.795,8.7,0,92,0;25;0;92;0;0;0;13;0;0;0;8;2;0;0;0,443,4354,4211;4174;4354;4315;1212;1205;1223;1931;1222;1251;1256;1482;635;520;443;689,0.0,0.0,950.2,0,0,0,0,0,0.0,0,0,0,0,0,0,0,0,0.0,0,0,0,0,0,100.0,0.0,7490.2,0,0,0,66.1,17.44,0.0,3.42,33.71,24.8,63.4,98.41704177856445,0.01020333543419838,0.8644309639930725,0.08660034835338593,0.0,399.0,0.0,0.0,0.0,0.0,50.34573379158974,0.0,0.0,0.0,0.0,0.0,250.0,950.2,0.0,0.0,89.874,1.493,91.366,76.449,4.893,86.473,emon,0.873,0.688,36.2,16.9,2.145
2026-09-17 22:02:55.796,8.7,0,96,0;96;0;25;0;0;0;9;0;0;0;8;0;0;0;2,536,4397,4397;4341;3702;4202;1980;1658;1898;1616;1967;1978;1181;1930;617;536;626;886,0.0,0.0,950.2,0,0,0,0,0,0.0,0,0,0,0,0,0,0,0,0.0,0,0,0,0,0,92.6,0.0,7490.2,0,0,0,68.1,17.4,0.0,3.41,33.66,24.8,63.4,98.96715545654297,0.008377480320632458,0.8283308148384094,0.08253517001867294,0.0,1024.0,0.0,0.0,0.0,0.0,50.10887236148119,0.0,0.0,0.0,0.0,0.0,250.0,950.2,0.0,0.0,89.874,1.493,91.366,76.449,4.893,86.473,emon,0.873,0.688,36.2,16.9,2.145
2026-09-17 22:02:56.796,8.3,0,92,0;92;0;23;0;0;0;5;0;0;0;6;6;0;0;0,461,4422,4154;4381;4422;4235;1206;1200;1197;1643;1311;1200;1215;1492;608;461;547;664,0.0,0.0,950.2,0,0,0,0,0,0.0,0,0,0,0,0,0,0,0,0.0,0,0,0,0,0,92.6,0.0,7490.2,0,0,0,69.1,17.4,0.0,3.41,33.66,24.8,63.4,98.69386291503906,0.010280008427798748,0.8183156847953796,0.08243634551763535,0.0,399.0,0.0,0.0,0.0,0.0,50.23656776547432,0.0,0.0,0.0,0.0,0.0,250.0,950.2,0.0,0.0,89.874,1.493,91.366,76.449,4.893,86.473,emon,0.873,0.688,36.2,16.9,2.145
2026-09-17 22:02:57.816,10.1,0,88,2;88;4;29;2;2;0;12;3;2;0;11;0;0;3;4,631,4351,4184;4351;4293;4214;3054;3277;2584;2020;3186;3123;2913;2209;631;820;805;893,0.0,0.0,950.2,0,0,0,0,0,0.0,0,0,0,0,0,0,0,0,0.0,0,0,0,0,0,100.0,0.0,7490.2,0,0,0,67.1,17.4,0.0,3.41,33.66,24.8,63.4,98.42719268798828,0.00830052699893713,0.9107105135917664,0.09128598868846893,0.0,1049.0,0.0,0.0,0.0,0.0,50.13318356871605,0.0,0.0,0.0,0.0,0.0,250.0,950.2,0.0,0.0,89.874,1.493,91.366,76.449,4.893,86.473,emon,0.873,0.688,36.2,16.9,2.145
2026-09-17 22:02:58.816,8.5,0,89,0;89;0;27;0;0;0;5;0;0;0;6;3;0;0;6,485,4392,4065;4337;4392;4208;2183;1650;1425;1762;1310;1380;1308;1622;627;485;523;912,0.6,0.0,955.2,0,0,0,0,0,0.0,0,0,0,0,0,0,0,0,0.0,0,0,0,0,0,94.5,0.0,7490.2,0,0,0,67.1,17.4,0.0,3.41,33.66,24.8,63.4,98.5461934407552,1.8759612161666155,14.738225122292837,13.043979369103909,0.07598515700859328,915.6666666666666,0.0,0.0,0.0,0.0,50.196572261552014,0.0,0.0,0.0,0.0,0.0,250.0,955.2,0.0,0.0,89.874,1.493,91.366,76.449,4.893,86.473,emon,0.873,0.688,36.2,16.9,2.145
2026-09-17 22:02:59.816,9.0,0,88,5;22;2;88;0;0;0;11;0;0;0;5;6;0;0;6,498,4341,4197;4255;3688;4341;1777;2259;1515;1678;1509;1613;1260;1947;599;498;833;878,0.0,0.0,955.2,0,0,0,0,0,0.0,0,0,0,0,0,0,0,0,0.0,0,0,0,0,0,94.4,0.0,7490.2,0,0,0,66.1,17.65,0.0,3.41,33.96,24.8,63.4,98.91290283203125,0.008292642422020435,0.8758039474487305,0.08739930391311646,0.0,1049.0,0.0,0.0,0.0,0.0,50.09705850481987,0.0,0.0,0.0,0.0,0.0,250.0,955.2,0.0,0.0,89.874,1.493,91.366,76.449,4.893,86.473,emon,0.873,0.688,36.2,16.9,2.145
2026-09-17 22:03:00.817,9.2,0,95,3;19;0;95;0;0;0;12;0;0;0;9;6;0;0;2,561,4325,4122;4152;4259;4325;1216;1230;1267;1685;1261;1285;1297;1549;596;677;561;765,0.1,0.0,951.2,0,0,0,0,0,0.0,0,0,0,0,0,0,0,0,0.0,0,0,0,0,0,100.0,0.0,7490.2,0,0,0,65.1,17.65,0.0,3.41,33.96,24.8,63.4,98.94121932983398,0.007338757161051035,0.9400685429573059,0.09393609315156937,0.0,1474.0,0.0,0.0,0.0,0.0,50.126086212694645,0.0,0.0,0.0,0.0,0.0,250.0,951.2,0.0,0.0,89.353,1.465,90.818,14.701,0.941,89.877,emon,0.884,0.752,42.9,20.0,2.143
2026-09-17 22:03:01.817,10.2,0,94,2;31;2;94;2;0;0;11;2;0;0;11;8;0;0;3,601,4361,4304;4111;4361;4311;1296;1237;1225;1757;1600;1330;1393;1851;601;630;718;748,0.1,0.0,951.2,0,0,0,0,0,0.0,0,0,0,0,0,0,0,0,0.0,0,0,0,0,0,93.6,0.0,7490.2,0,0,0,65.1,17.65,0.0,3.41,33.96,24.8,63.4,98.78255144755046,0.8079114865201215,8.509752849737803,3.474810004234314,0.5946925232807795,1082.3333333333333,0.0,0.0,0.0,0.0,50.14550752316912,0.0,0.0,0.0,0.0,0.0,250.0,951.2,0.0,0.0,89.353,1.465,90.818,14.701,0.941,89.877,emon,0.884,0.752,42.9,20.0,2.143
2026-09-17 22:03:02.818,8.0,0,98,0;20;0;98;0;0;0;3;0;0;0;3;3;0;0;0,537,4322,4189;4145;3840;4322;1760;1887;2164;1658;1683;1425;1424;2115;605;552;537;663,0.0,0.0,951.2,0,0,0,0,0,0.0,0,0,0,0,0,0,0,0,0.0,0,0,0,0,0,93.7,0.0,7490.2,0,0,0,65.1,17.4,0.0,3.42,33.6,24.8,63.4,98.90200805664062,0.008647151291370392,0.7961784601211548,0.0793430432677269,0.0,999.0,0.0,0.0,0.0,0.0,50.12314596772194,0.0,0.0,0.0,0.0,0.0,250.0,951.2,0.0,0.0,89.353,1.465,90.818,14.701,0.941,89.877,emon,0.884,0.752,42.9,20.0,2.143
2026-09-17 22:03:03.818,8.6,0,96,0;18;0;96;0;0;0;10;0;0;0;6;6;0;0;2,455,4338,3487;4185;4145;4338;1556;1647;1572;1588;1273;1218;1607;1850;597;455;458;782,0.0,0.0,951.2,0,0,0,0,0,0.0,0,0,0,0,0,0,0,0,0.0,0,0,0,0,0,94.4,0.0,7490.2,0,0,0,65.1,17.4,0.0,3.42,33.6,24.8,63.4,99.15064239501953,0.008320941589772701,0.9296020269393921,0.0934169664978981,0.0,999.0,0.0,0.0,0.0,0.0,50.12333557009697,0.0,0.0,0.0,0.0,0.0,250.0,951.2,0.0,0.0,89.353,1.465,90.818,14.701,0.941,89.877,emon,0.884,0.752,42.9,20.0,2.143
2026-09-17 22:03:04.819,15.9,2,69,18;55;11;69;8;8;3;23;6;6;5;19;8;2;5;11,598,4171,3843;4066;3781;4171;3052;3120;3100;2496;3054;3216;3125;2516;663;598;625;738,1.4,0.0,954.0,0,0,0,0,0,0.0,0,0,0,0,0,0,0,0,0.0,0,0,0,0,0,95.0,0.0,7490.2,0,0,0,62.1,17.4,0.0,3.42,33.6,24.8,63.4,99.63500982790578,2.601910733135075,13.818044227483322,12.365881395339965,0.6702869940228399,940.2244897959183,0.0,0.0,0.0,0.0,58.891966040523684,0.0,0.0,0.0,0.0,0.0,250.0,951.2,0.0,0.0,89.353,1.465,90.818,14.701,0.941,89.877,emon,0.884,0.752,42.9,20.0,2.143
2026-09-17 22:03:05.821,10.1,0,79,3;79;0;43;2;0;0;14;0;0;0;11;6;0;0;3,635,4241,3949;4241;3727;4085;2015;1450;1299;1937;2377;1523;1287;1997;635;723;683;821,1.3,0.0,964.6,0,0,0,0,0,0.0,0,0,0,0,0,0,0,0,0.0,0,0,0,0,0,95.1,0.0,7490.2,0,0,0,65.1,17.4,0.0,3.42,33.6,24.8,63.4,99.69167779162039,0.07064633668260345,3.5010211526178847,0.7369826734552976,0.5395880152921807,910.9281045751634,0.0,0.0,0.0,0.0,59.26903249065276,0.5,0.0,0.0,0.0,0.0,250.0,971.5,0.0,0.0,89.353,1.465,90.818,14.701,0.941,89.877,emon,0.884,0.752,42.9,20.0,2.143
2026-09-17 22:03:06.822,8.5,0,86,2;86;0;26;0;0;0;6;0;0;0;8;3;0;0;5,534,4362,4224;4362;3655;4210;1486;1627;1444;1591;1299;1201;1210;1468;626;549;534;907,0.1,0.0,960.6,0,0,0,0,0,0.0,0,0,0,0,0,0,0,0,0.0,0,0,0,0,0,93.8,0.0,7490.2,0,0,0,68.1,17.4,0.01,3.41,33.65,24.8,63.4,97.39527893066406,0.007835885509848595,0.8901322484016418,0.08908165246248245,0.0,1074.0,0.0,0.0,0.0,0.0,50.09319934993982,0.1,0.0,0.0,0.0,0.0,250.0,964.6,0.0,0.0,89.353,1.465,90.818,14.701,0.941,89.877,emon,0.884,0.752,42.9,20.0,2.143
2026-09-17 22:03:07.822,8.5,0,88,0;88;0;30;0;2;0;5;0;0;0;6;2;0;0;5,518,4405,4405;4351;4393;4267;1310;1258;1215;1615;1458;1221;1180;1854;606;584;518;881,0.0,0.0,960.6,0,0,0,0,0,0.0,0,0,0,0,0,0,0,0,0.0,0,0,0,0,0,93.7,0.0,7490.2,0,0,0,68.1,17.4,0.01,3.41,33.65,24.8,63.4,99.01608657836914,0.007005828898400068,1.0387475490570068,0.10408660024404526,0.0,1499.0,0.0,0.0,0.0,0.0,50.110569417476654,0.0,0.0,0.0,0.0,0.0,250.0,960.6,0.0,0.0,89.353,1.465,90.818,14.701,0.941,89.877,emon,0.884,0.752,42.9,20.0,2.143
2026-09-17 22:03:08.822,9.0,0,80,2;38;0;80;0;0;0;5;0;0;0;5;6;0;0;8,631,4336,4177;4214;4336;4304;1278;1371;1979;1480;1269;1211;1230;1421;631;771;779;923,0.0,0.0,960.6,0,0,0,0,0,0.0,0,0,0,0,0,0,0,0,0.0,0,0,0,0,0,100.0,0.0,7490.2,0,0,0,66.1,17.4,0.01,3.41,33.65,24.8,63.4,99.24661636352539,0.00884487759321928,0.9106420278549194,0.09130196273326874,0.0,1199.0,0.0,0.0,0.0,0.0,50.09780451655388,0.0,0.0,0.0,0.0,0.0,250.0,960.6,0.0,0.0,89.353,1.465,90.818,14.701,0.941,89.877,emon,0.884,0.752,42.9,20.0,2.143
2026-09-17 22:03:09.822,8.0,0,98,5;8;0;98;0;0;0;9;0;0;0;2;0;0;0;6,615,4344,4142;4129;3817;4344;1242;1062;1269;1414;1234;1241;1227;1526;624;780;615;915,0.0,0.0,960.6,0,0,0,0,0,0.0,0,0,0,0,0,0,0,0,0.0,0,0,0,0,0,100.0,0.0,7490.2,0,0,0,66.1,17.4,0.01,3.41,33.65,24.8,63.4,98.59236145019531,0.0080181322991848,0.9028071761131287,0.09023276716470718,0.0,1199.0,0.0,0.0,0.0,0.0,50.135447934269905,0.0,0.0,0.0,0.0,0.0,250.0,960.6,0.0,0.0,89.353,1.465,90.818,14.701,0.941,89.877,emon,0.884,0.752,42.9,20.0,2.143
2026-09-17 22:03:10.823,8.7,0,96,2;23;0;96;0;0;0;8;0;0;0;6;3;0;0;2,633,4372,4049;4247;4372;4354;1289;1137;1159;1640;1532;1189;1019;1667;633;678;703;906,0.0,0.0,960.6,0,0,0,0,0,0.0,0,0,0,0,0,0,0,0,0.0,0,0,0,0,0,93.7,0.0,7490.2,0,0,0,65.1,17.5,0.0,3.42,33.8,24.8,63.4,98.7370491027832,0.008060251362621784,0.952250063419342,0.09556327015161514,0.0,1174.0,0.0,0.0,0.0,0.0,50.096675366163254,0.0,0.0,0.0,0.0,0.0,250.0,960.6,0.0,0.0,89.353,1.465,90.818,14.701,0.941,89.877,emon,0.884,0.752,42.9,20.0,2.143
2026-09-17 22:03:11.824,8.6,0,97,0;17;0;97;0;0;0;3;0;0;0;5;8;0;0;8,531,4363,3964;4208;4161;4363;1746;2308;1337;1812;1255;1558;1267;1942;670;531;741;878,0.0,0.0,960.6,0,0,0,0,0,0.0,0,0,0,0,0,0,0,0,0.0,0,0,0,0,0,93.9,0.0,7490.2,0,0,0,67.1,17.5,0.0,3.42,33.8,24.8,63.4,96.81428527832031,0.008558747358620167,0.9079591035842896,0.09075118601322174,0.0,1199.0,0.0,0.0,0.0,0.0,50.20855540037155,0.0,0.0,0.0,0.0,0.0,250.0,960.6,0.0,0.0,89.872,1.447,91.319,10.651,0.682,90.637,emon,0.886,0.766,42.9,20.0,2.143
2026-09-17 22:03:12.824,12.4,0,86,8;39;6;86;5;3;0;17;6;2;0;12;6;2;0;5,683,4345,4113;4271;4242;4345;3279;3353;3075;2338;3344;3386;3220;2355;683;744;802;766,0.0,0.0,960.6,0,0,0,0,0,0.0,0,0,0,0,0,0,0,0,0.0,0,0,0,0,0,100.0,0.0,7490.2,0,0,0,66.1,17.5,0.0,3.42,33.8,24.8,63.4,97.6503791809082,0.008431081660091877,0.9658070802688599,0.09670057892799377,0.0,999.0,0.0,0.0,0.0,0.0,50.143847554922104,0.0,0.0,0.0,0.0,0.0,250.0,960.6,0.0,0.0,89.872,1.447,91.319,10.651,0.682,90.637,emon,0.886,0.766,42.9,20.0,2.143
2026-09-17 22:03:13.825,12.1,0,70,12;54;6;70;8;3;0;9;3;2;3;8;8;2;2;5,654,4335,4217;4335;4287;4324;2461;3264;2316;2427;2448;3077;2969;2816;656;761;654;770,0.0,0.0,960.6,0,0,0,0,0,0.0,0,0,0,0,0,0,0,0,0.0,0,0,0,0,0,100.0,0.0,7490.2,0,0,0,67.1,17.5,0.0,3.42,33.8,24.7,63.4,97.62921524047852,0.008066622540354729,0.999295175075531,0.10016137361526489,0.0,1049.0,0.0,0.0,0.0,0.0,50.08893568813801,0.0,0.0,0.0,0.0,0.0,250.0,960.6,0.0,0.0,89.872,1.447,91.319,10.651,0.682,90.637,emon,0.886,0.766,42.9,20.0,2.143
2026-09-17 22:03:14.825,8.0,0,94,22;0;0;94;2;0;0;0;5;0;0;0;6;0;0;0,503,4374,4017;4095;4352;4374;1463;1173;1217;1206;1765;2022;1230;1247;633;598;555;503,0.0,0.0,960.6,0,0,0,0,0,0.0,0,0,0,0,0,0,0,0,0.0,0,0,0,0,0,93.8,0.0,7490.2,0,0,0,68.1,17.95,0.0,3.41,34.24,24.7,63.4,98.4451789855957,0.00807358417659998,0.9981912970542908,0.10036801546812057,0.0,1199.0,0.0,0.0,0.0,0.0,50.16293619573116,0.0,0.0,0.0,0.0,0.0,250.0,960.6,0.0,0.0,89.872,1.447,91.319,10.651,0.682,90.637,emon,0.886,0.766,42.9,20.0,2.143
2026-09-17 22:03:15.825,8.4,0,95,17;5;0;95;9;0;0;0;3;0;0;0;5;0;0;0,460,4379,4024;4312;4346;4379;1696;1267;1217;1225;1539;1232;1628;1241;630;525;460;533,0.0,0.0,960.6,0,0,0,0,0,0.0,0,0,0,0,0,0,0,0,0.0,0,0,0,0,0,93.9,0.0,7490.2,0,0,0,67.1,17.95,0.0,3.41,34.24,24.7,63.4,98.03675079345703,0.010143023915588856,0.8824187517166138,0.08873321861028671,0.0,399.0,0.0,0.0,0.0,0.0,50.38090252876282,0.0,0.0,0.0,0.0,0.0,250.0,960.6,0.0,0.0,89.872,1.447,91.319,10.651,0.682,90.637,emon,0.886,0.766,42.9,20.0,2.143
2026-09-17 22:03:16.826,8.1,0,97,20;0;0;97;5;0;0;0;3;0;0;0;3;0;2;0,519,4372,4228;3742;4372;4335;1679;1131;1247;1198;1521;1273;1183;1624;641;519;779;763,0.0,0.0,960.6,0,0,0,0,0,0.0,0,0,0,0,0,0,0,0,0.0,0,0,0,0,0,93.1,0.0,7490.2,0,0,0,67.1,17.95,0.0,3.41,34.24,24.7,63.4,97.76847457885742,0.008338918909430504,0.9133909344673157,0.09192761033773422,0.0,1199.0,0.0,0.0,0.0,0.0,50.045620150864124,0.0,0.0,0.0,0.0,0.0,250.0,960.6,0.0,0.0,89.872,1.447,91.319,10.651,0.682,90.637,emon,0.886,0.766,42.9,20.0,2.143
2026-09-17 22:03:17.826,9.4,0,94,26;2;0;94;11;0;0;0;11;0;0;0;5;2;0;0,478,4358,4140;4054;4155;4358;1769;1600;1663;1928;1413;1558;2037;1244;709;501;478;549,0.0,0.0,960.6,0,0,0,0,0,0.0,0,0,0,0,0,0,0,0,0.0,0,0,0,0,0,92.5,0.0,7490.2,0,0,0,66.1,17.95,0.0,3.41,34.24,24.7,63.4,97.78205871582031,0.008828756399452686,0.9287071228027344,0.09316078573465347,0.0,1199.0,0.0,0.0,0.0,0.0,50.11245834082365,0.0,0.0,0.0,0.0,0.0,250.0,960.6,0.0,0.0,89.872,1.447,91.319,10.651,0.682,90.637,emon,0.886,0.766,42.9,20.0,2.143
2026-09-17 22:03:18.826,8.7,0,98,19;0;2;98;8;0;0;0;8;0;0;0;3;2;0;0,533,4347,4196;4337;3742;4347;1638;1485;1628;1197;1731;1229;1232;1251;611;798;562;533,0.0,0.0,960.6,0,0,0,0,0,0.0,0,0,0,0,0,0,0,0,0.0,0,0,0,0,0,94.6,0.0,7490.2,0,0,0,66.1,17.56,0.0,3.41,33.86,24.7,63.4,98.00572204589844,0.00810385961085558,1.0836143493652344,0.10820693522691727,0.0,1074.0,0.0,0.0,0.0,0.0,50.18915416300297,0.0,0.0,0.0,0.0,0.0,250.0,960.6,0.0,0.0,89.872,1.447,91.319,10.651,0.682,90.637,emon,0.886,0.766,42.9,20.0,2.143
2026-09-17 22:03:19.827,8.4,0,97,23;0;0;97;6;0;0;0;5;0;0;0;3;0;0;0,525,4366,4240;4223;4191;4366;1502;1294;1428;1291;1565;1632;1634;1281;604;569;538;525,0.0,0.0,960.6,0,0,0,0,0,0.0,0,0,0,0,0,0,0,0,0.0,0,0,0,0,0,100.0,0.0,7490.2,0,0,0,66.1,17.56,0.0,3.41,33.86,24.7,63.4,98.43097686767578,0.010162542574107647,0.8678811192512512,0.08646071702241898,0.0,399.0,0.0,0.0,0.0,0.0,50.260977417230606,0.0,0.0,0.0,0.0,0.0,250.0,960.6,0.0,0.0,89.872,1.447,91.319,10.651,0.682,90.637,emon,0.886,0.766,42.9,20.0,2.143
2026-09-17 22:03:20.828,9.8,0,94,28;3;0;94;14;0;0;0;9;0;0;0;9;0;0;0,482,4356,4214;4205;3850;4356;1587;1218;1305;1309;2211;1283;1783;1496;612;494;482;531,0.0,0.0,960.6,0,0,0,0,0,0.0,0,0,0,0,0,0,0,0,0.0,0,0,0,0,0,92.9,0.0,7490.2,0,0,0,66.1,17.56,0.0,3.41,33.86,24.7,63.4,98.13113021850586,0.008438479155302048,0.9802349209785461,0.09801848977804184,0.0,1049.0,0.0,0.0,0.0,0.0,50.187972486019135,0.0,0.0,0.0,0.0,0.0,250.0,960.6,0.0,0.0,89.872,1.447,91.319,10.651,0.682,90.637,emon,0.886,0.766,42.9,20.0,2.143
2026-09-17 22:03:21.828,8.3,0,98,16;0;0;98;3;0;0;0;3;0;0;0;12;0;0;0,574,4336,4186;4304;3940;4336;1604;1228;1388;1355;1579;1213;1489;1229;780;733;600;574,0.0,0.0,960.6,0,0,0,0,0,0.0,0,0,0,0,0,0,0,0,0.0,0,0,0,0,0,92.9,0.0,7490.2,0,0,0,65.1,17.56,0.0,3.41,33.86,24.7,63.4,98.61418533325195,0.00810756254941225,0.9006086587905884,0.09030816704034805,0.0,1199.0,0.0,0.0,0.0,0.0,50.12337873876095,0.0,0.0,0.0,0.0,0.0,250.0,960.6,0.0,0.0,89.872,1.447,91.319,10.651,0.682,90.637,emon,0.886,0.766,42.9,20.0,2.143
2026-09-17 22:03:22.829,8.4,0,92,19;5;0;92;6;0;0;0;8;0;0;0;3;0;0;0,456,4315,4210;4097;3946;4315;1579;1727;1406;1077;1817;1603;1059;1230;636;580;456;508,0.0,0.0,960.6,0,0,0,0,0,0.0,0,0,0,0,0,0,0,0,0.0,0,0,0,0,0,93.9,0.0,7490.2,0,0,0,66.1,17.58,0.0,3.41,33.77,24.7,63.4,97.62213897705078,0.007897132076323032,1.0469785928726196,0.10506865382194519,0.0,1149.0,0.0,0.0,0.0,0.0,50.12269724905491,0.0,0.0,0.0,0.0,0.0,250.0,960.6,0.0,0.0,89.872,1.447,91.319,10.651,0.682,90.637,emon,0.886,0.766,42.9,20.0,2.143
2026-09-17 22:03:23.829,9.1,0,95,27;2;0;95;12;0;0;0;6;0;0;0;5;0;0;0,509,4355,4228;4355;4329;4313;1432;1304;1360;1338;1573;1542;1464;2261;693;582;509;536,0.0,0.0,960.6,0,0,0,0,0,0.0,0,0,0,0,0,0,0,0,0.0,0,0,0,0,0,94.2,0.0,7490.2,0,0,0,66.1,17.58,0.0,3.41,33.77,24.7,63.4,98.99332427978516,0.008361083455383778,0.987289547920227,0.09912996739149094,0.0,1049.0,0.0,0.0,0.0,0.0,50.12227575480938,0.0,0.0,0.0,0.0,0.0,250.0,960.6,0.0,0.0,89.69,1.447,91.137,11.944,0.764,90.373,emon,0.886,0.754,42.8,20.0,2.143
2026-09-17 22:03:24.829,9.6,0,95,20;3;5;95;11;2;2;3;5;2;0;0;3;3;0;0,547,4337,4265;4201;4323;4337;1907;3229;3262;3241;1821;3097;3201;2362;614;819;547;547,0.0,0.0,960.6,0,0,0,0,0,0.0,0,0,0,0,0,0,0,0,0.0,0,0,0,0,0,100.0,0.0,7490.2,0,0,0,66.1,17.58,0.0,3.41,33.77,24.7,63.4,98.58880615234375,0.007924959994852543,1.091240406036377,0.10946707427501678,0.0,1199.0,0.0,0.0,0.0,0.0,50.16465789079666,0.0,0.0,0.0,0.0,0.0,250.0,960.6,0.0,0.0,89.69,1.447,91.137,11.944,0.764,90.373,emon,0.886,0.754,42.8,20.0,2.143
2026-09-17 22:03:25.830,9.3,0,95,17;6;0;95;8;0;0;0;6;2;0;0;14;2;0;0,464,4372,4230;4297;4189;4372;1693;1688;1577;2557;1594;2125;1458;1909;826;802;859;464,0.0,0.0,960.6,0,0,0,0,0,0.0,0,0,0,0,0,0,0,0,0.0,0,0,0,0,0,94.2,0.0,7490.2,0,0,0,65.1,17.58,0.0,3.41,33.77,24.7,63.4,98.97405242919922,0.00868435949087143,0.927981436252594,0.09263317286968231,0.0,999.0,0.0,0.0,0.0,0.0,50.086804166436195,0.0,0.0,0.0,0.0,0.0,250.0,960.6,0.0,0.0,89.69,1.447,91.137,11.944,0.764,90.373,emon,0.886,0.754,42.8,20.0,2.143
2026-09-17 22:03:26.831,9.3,0,97,23;3;2;97;10;0;0;0;8;0;0;0;6;0;0;0,609,4292,3862;4136;4088;4292;1772;2101;2364;2588;1771;1979;1928;2576;609;626;612;676,0.0,0.0,960.6,0,0,0,0,0,0.0,0,0,0,0,0,0,0,0,0.0,0,0,0,0,0,93.7,0.0,7490.2,0,0,0,66.1,17.58,0.0,3.41,33.84,24.7,63.4,97.69079208374023,0.010306094773113728,0.8593829870223999,0.08629045635461807,0.0,399.0,0.0,0.0,0.0,0.0,50.429083824157715,0.0,0.0,0.0,0.0,0.0,250.0,960.6,0.0,0.0,89.69,1.447,91.137,11.944,0.764,90.373,emon,0.886,0.754,42.8,20.0,2.143
2026-09-17 22:03:27.831,8.6,0,98,15;2;0;98;8;0;0;0;8;0;0;0;6;0;0;0,501,4350,4192;4290;3908;4350;1412;1207;1204;1212;1690;1231;1277;1250;607;610;537;501,0.0,0.0,960.6,0,0,0,0,0,0.0,0,0,0,0,0,0,0,0,0.0,0,0,0,0,0,100.0,0.0,7490.2,0,0,0,66.1,17.58,0.0,3.41,33.84,24.7,63.4,96.96096801757812,0.007906927727162838,1.0519342422485352,0.10557740181684494,0.0,1099.0,0.0,0.0,0.0,0.0,50.09156292676926,0.0,0.0,0.0,0.0,0.0,250.0,960.6,0.0,0.0,89.69,1.447,91.137,11.944,0.764,90.373,emon,0.886,0.754,42.8,20.0,2.143
2026-09-17 22:03:28.831,8.2,0,97,20;0;0;97;6;0;0;0;2;0;0;0;5;2;0;0,571,4341,4231;3773;4282;4341;1586;1822;1228;1231;1820;1289;1287;1274;810;685;901;571,0.0,0.0,960.6,0,0,0,0,0,0.0,0,0,0,0,0,0,0,0,0.0,0,0,0,0,0,94.6,0.0,7490.2,0,0,0,65.1,17.58,0.0,3.41,33.84,24.7,63.4,98.60527038574219,0.008264835923910141,1.0161784887313843,0.10179424285888672,0.0,1024.0,0.0,0.0,0.0,0.0,50.155527509748936,0.0,0.0,0.0,0.0,0.0,250.0,960.6,0.0,0.0,89.69,1.447,91.137,11.944,0.764,90.373,emon,0.886,0.754,42.8,20.0,2.143
2026-09-17 22:03:29.832,9.4,0,93,25;8;0;93;9;0;0;0;6;0;0;0;9;0;0;0,471,4361,4190;4238;4312;4361;1522;1209;1196;1209;1512;1206;1162;1300;603;796;471;478,0.0,0.0,960.6,0,0,0,0,0,0.0,0,0,0,0,0,0,0,0,0.0,0,0,0,0,0,93.0,0.0,7490.2,0,0,0,66.1,17.58,0.0,3.41,33.84,24.7,63.4,98.63926696777344,0.008222753182053566,0.8933624029159546,0.08959559351205826,0.0,974.0,0.0,0.0,0.0,0.0,50.100146651268005,0.0,0.0,0.0,0.0,0.0,250.0,960.6,0.0,0.0,89.69,1.447,91.137,11.944,0.764,90.373,emon,0.886,0.754,42.8,20.0,2.143
2026-09-17 22:03:30.832,8.6,0,97,20;2;0;97;8;0;0;0;5;0;0;0;6;0;0;0,478,4351,4198;3611;4256;4351;1574;1476;1290;1290;1740;1194;1053;1249;762;525;560;478,0.0,0.0,960.6,0,0,0,0,0,0.0,0,0,0,0,0,0,0,0,0.0,0,0,0,0,0,100.0,0.0,7490.2,0,0,0,65.1,17.46,0.0,3.41,33.64,24.7,63.4,97.18942260742188,0.008080944418907166,1.040581464767456,0.1041802316904068,0.0,1199.0,0.0,0.0,0.0,0.0,50.05708323419094,0.0,0.0,0.0,0.0,0.0,250.0,960.6,0.0,0.0,89.69,1.447,91.137,11.944,0.764,90.373,emon,0.886,0.754,42.8,20.0,2.143
2026-09-17 22:03:31.833,7.9,0,98,17;0;0;98;2;0;0;0;5;0;0;0;5;0;0;0,936,4735,4700;4679;4735;4727;1905;1290;1587;1149;1425;2083;1484;1502;1133;1038;936;1075,0.0,0.0,960.6,0,0,0,0,0,0.0,0,0,0,0,0,0,0,0,0.0,0,0,0,0,0,0.0,0.0,7490.2,0,0,0,80.1,17.46,0.0,3.41,33.64,24.7,63.4,97.68214416503906,0.006834719330072403,0.9744857549667358,0.09787187725305557,0.0,1199.0,0.0,0.0,0.0,0.0,50.23909071087837,0.0,0.0,0.0,0.0,0.0,450.0,960.6,0.0,0.0,89.69,1.447,91.137,11.944,0.764,90.373,emon,0.886,0.754,42.8,20.0,2.143
2026-09-17 22:03:32.833,7.7,0,96,17;2;0;96;3;0;0;0;2;0;0;0;4;0;0;0,980,4726,4607;3093;4684;4726;1393;2381;2438;2381;1608;2485;1969;2242;1018;987;980;985,0.0,0.0,960.6,0,0,0,0,0,0.0,0,0,0,0,0,0,0,0,0.0,0,0,0,0,0,0.0,0.0,7490.2,0,0,0,80.1,17.46,0.0,3.41,33.64,24.7,63.4,97.48974609375,0.008978033438324928,0.895709216594696,0.08969441801309586,0.0,599.0,0.0,0.0,0.0,0.0,50.40354177355766,0.0,0.0,0.0,0.0,0.0,450.0,960.6,0.0,0.0,89.69,1.447,91.137,11.944,0.764,90.373,emon,0.886,0.754,42.8,20.0,2.143
2026-09-17 22:03:33.834,8.4,0,98,22;0;0;98;3;0;0;0;8;0;0;0;3;0;0;0,995,4727,4570;4714;4723;4727;1237;1237;1333;1342;1641;1401;1629;1834;1282;1022;1018;995,0.0,0.0,960.6,0,0,0,0,0,0.0,0,0,0,0,0,0,0,0,0.0,0,0,0,0,0,0.0,0.0,7490.2,0,0,0,79.1,17.46,0.0,3.41,33.64,24.7,63.4,95.39956283569336,0.007283651269972324,1.0108070373535156,0.10120441764593124,0.0,1199.0,0.0,0.0,0.0,0.0,50.19387173652649,0.0,0.0,0.0,0.0,0.0,450.0,960.6,0.0,0.0,89.69,1.447,91.137,11.944,0.764,90.373,emon,0.886,0.754,42.8,20.0,2.143
2026-09-17 22:03:34.834,7.4,0,98,11;0;0;98;5;0;0;0;2;0;0;0;3;0;0;0,997,4733,4639;4504;4733;4728;1320;2243;1556;1550;1567;1381;1878;1926;1032;1003;1006;997,0.0,0.0,960.6,0,0,0,0,0,0.0,0,0,0,0,0,0,0,0,0.0,0,0,0,0,0,0.0,0.0,7490.2,0,0,0,80.1,21.06,0.0,1.03,26.2,24.7,63.4,97.31205749511719,0.007280362769961357,0.9724857807159424,0.09697861224412918,0.0,1199.0,0.0,0.0,0.0,0.0,50.23647093772888,0.0,0.0,0.0,0.0,0.0,450.0,960.6,0.0,0.0,89.69,1.447,91.137,11.944,0.764,90.373,emon,0.886,0.754,42.8,20.0,2.143
2026-09-17 22:03:35.835,10.7,2,98,23;4;3;98;12;3;2;4;6;2;2;3;5;2;2;2,1714,4728,4699;4569;4728;4720;1760;3294;3420;3410;2206;3405;3442;3338;1714;2299;2729;2838,0.0,0.0,960.6,0,0,0,0,0,0.0,0,0,0,0,0,0,0,0,0.0,0,0,0,0,0,0.0,0.0,7490.2,0,0,0,80.1,21.06,0.0,1.03,26.2,24.7,63.4,97.14623260498047,0.00903041660785675,0.8739496469497681,0.08721110969781876,0.0,599.0,0.0,0.0,0.0,0.0,50.434630662202835,0.0,0.0,0.0,0.0,0.0,450.0,960.6,0.0,0.0,89.69,1.447,91.137,11.944,0.764,90.373,emon,0.886,0.754,42.8,20.0,2.143
2026-09-17 22:03:36.835,8.0,0,97,20;0;0;97;5;0;0;0;3;0;0;0;3;0;0;0,502,4358,4029;4188;4283;4358;1454;1153;1260;1209;1601;1465;1304;1283;649;823;711;502,0.0,0.0,960.6,0,0,0,0,0,0.0,0,0,0,0,0,0,0,0,0.0,0,0,0,0,0,18.4,0.0,7490.2,0,0,0,68.1,21.06,0.0,1.03,26.2,24.7,63.4,99.1546630859375,0.00897621363401413,0.9214940071105957,0.09199820458889008,0.0,1049.0,0.0,0.0,0.0,0.0,50.07227482646704,0.0,0.0,0.0,0.0,0.0,250.0,960.6,0.0,0.0,0.272,0.381,0.653,12.994,0.832,0,emon,0.909,0.9,36.0,37.3,0.964
2026-09-17 22:03:37.836,8.6,0,83,36;5;2;83;5;0;0;0;5;0;0;0;3;0;0;0,436,4349,4210;4349;4142;4337;1444;1210;1219;1216;1577;1207;1214;1223;618;615;436;457,0.0,0.0,960.6,0,0,0,0,0,0.0,0,0,0,0,0,0,0,0,0.0,0,0,0,0,0,100.0,0.0,7490.2,0,0,0,67.1,19.79,0.0,8.19,31.38,24.7,63.4,98.26035690307617,0.00746100302785635,0.7538111805915833,0.07539539784193039,0.0,1049.0,0.0,0.0,0.0,0.0,50.135871678590775,0.0,0.0,0.0,0.0,0.0,250.0,960.6,0.0,0.0,0.272,0.381,0.653,12.994,0.832,0,emon,0.909,0.9,36.0,37.3,0.964
2026-09-17 22:03:38.836,25.0,11,94,40;23;20;94;34;20;15;11;29;18;15;17;24;17;14;11,2027,4626,4474;4626;4608;4452;3146;3432;3442;3432;2878;3410;3443;3443;2027;2417;2274;2244,0.0,0.0,960.6,0,0,0,0,0,0.0,0,0,0,0,0,0,0,0,0.0,0,0,0,0,0,98.3,0.0,7490.2,0,0,0,66.1,19.79,0.0,8.19,31.38,24.8,63.4,99.05807113647461,0.00871206820011139,0.9731923341751099,0.0972743108868599,0.0,999.0,0.0,0.0,0.0,0.0,50.100107312202454,0.0,0.0,0.0,0.0,0.0,250.0,960.6,0.0,0.0,0.272,0.381,0.653,12.994,0.832,0,emon,0.909,0.9,36.0,37.3,0.964
2026-09-17 22:03:39.836,9.2,0,80,80;0;0;38;13;0;0;0;5;0;0;0;6;2;3;0,796,4418,4349;4363;4418;4286;2033;1403;1775;1693;1733;1219;1242;2428;796;802;863;808,0.0,0.0,960.6,0,0,0,0,0,0.0,0,0,0,0,0,0,0,0,0.0,0,0,0,0,0,82.7,0.0,7490.2,0,0,0,68.1,19.79,0.0,8.19,31.38,24.8,63.4,97.43720245361328,0.008050988428294659,1.0065473318099976,0.10101384669542313,0.0,1199.0,0.0,0.0,0.0,0.0,50.09403331577778,0.0,0.0,0.0,0.0,0.0,250.0,960.6,0.0,0.0,0.272,0.381,0.653,12.994,0.832,0,emon,0.909,0.9,36.0,37.3,0.964
2026-09-17 22:03:40.837,8.4,0,86,25;0;0;86;5;0;0;0;5;0;0;0;14;0;0;0,612,4369,4318;4309;3878;4369;1778;1508;1735;1485;1532;2137;2019;1332;851;823;902;612,0.0,0.0,960.6,0,0,0,0,0,0.0,0,0,0,0,0,0,0,0,0.0,0,0,0,0,0,94.4,0.0,7490.2,0,0,0,67.1,19.79,0.0,8.19,31.38,24.8,63.4,98.18367004394531,0.008274571038782597,0.9730875492095947,0.0977526381611824,0.0,1199.0,0.0,0.0,0.0,0.0,50.09705466032028,0.0,0.0,0.0,0.0,0.0,250.0,960.6,0.0,0.0,0.272,0.381,0.653,12.994,0.832,0,emon,0.909,0.9,36.0,37.3,0.964
2026-09-17 22:03:41.838,11.4,0,95,37;3;2;95;17;2;2;2;11;2;2;2;6;2;0;0,585,4350,4140;3814;4161;4350;1873;1790;1393;1431;1934;1828;2003;2163;659;770;585;589,0.0,0.0,960.6,0,0,0,0,0,0.0,0,0,0,0,0,0,0,0,0.0,0,0,0,0,0,94.2,0.0,7490.2,0,0,0,68.1,18.62,0.0,5.93,35.34,24.7,63.4,98.54697036743164,0.00814855471253395,0.8842549324035645,0.08816853165626526,0.0,1049.0,0.0,0.0,0.0,0.0,50.2086706161499,0.0,0.0,0.0,0.0,0.0,250.0,960.6,0.0,0.0,0.272,0.381,0.653,12.994,0.832,0,emon,0.909,0.9,36.0,37.3,0.964
2026-09-17 22:03:42.838,8.0,0,100,16;0;0;100;6;0;0;0;3;0;0;0;3;0;0;0,509,4363,4152;3356;4226;4363;1817;1766;1501;1246;1875;1275;1253;1263;610;801;519;509,0.0,0.0,960.6,0,0,0,0,0,0.0,0,0,0,0,0,0,0,0,0.0,0,0,0,0,0,100.0,0.0,7490.2,0,0,0,67.1,18.62,0.0,5.93,35.34,24.7,63.4,98.93932723999023,0.00816693902015686,1.0004304647445679,0.10058849304914474,0.0,1024.0,0.0,0.0,0.0,0.0,50.1109434068203,0.0,0.0,0.0,0.0,0.0,250.0,960.6,0.0,0.0,0.272,0.381,0.653,12.994,0.832,0,emon,0.909,0.9,36.0,37.3,0.964
2026-09-17 22:03:43.839,9.1,0,97,14;12;0;97;5;0;0;0;5;6;0;0;6;0;0;0,472,4325,4158;4103;4252;4325;1791;1564;1338;1913;2057;1945;1891;1336;590;727;484;472,0.0,0.0,960.6,0,0,0,0,0,0.0,0,0,0,0,0,0,0,0,0.0,0,0,0,0,0,100.0,0.0,7490.2,0,0,0,66.1,18.62,0.0,5.93,35.34,24.7,63.4,98.23910140991211,0.0100927809253335,0.828596830368042,0.08334683626890182,0.0,399.0,0.0,0.0,0.0,0.0,50.315396428108215,0.0,0.0,0.0,0.0,0.0,250.0,960.6,0.0,0.0,0.272,0.381,0.653,12.994,0.832,0,emon,0.909,0.9,36.0,37.3,0.964
2026-09-17 22:03:44.840,9.2,0,97,5;26;0;97;0;5;0;0;0;8;0;0;6;2;0;0,602,4315,4019;4144;4127;4315;1224;1603;1273;1230;1143;1519;1170;1194;602;711;647;736,0.0,0.0,960.6,0,0,0,0,0,0.0,0,0,0,0,0,0,0,0,0.0,0,0,0,0,0,93.2,0.0,7490.2,0,0,0,65.1,18.62,0.0,5.93,35.34,24.7,63.4,98.05002975463867,0.01020857784897089,0.8604827523231506,0.08578143268823624,0.0,399.0,0.0,0.0,0.0,0.0,50.367194443941116,0.0,0.0,0.0,0.0,0.0,250.0,960.6,0.0,0.0,0.272,0.381,0.653,12.994,0.832,0,emon,0.909,0.9,36.0,37.3,0.964
2026-09-17 22:03:45.841,8.6,0,100,2;14;0;100;0;8;0;0;0;6;0;0;6;0;0;2,597,4353,4162;4163;4058;4353;1242;1661;1243;1251;1174;1637;1558;1234;597;735;697;928,0.0,0.0,960.6,0,0,0,0,0,0.0,0,0,0,0,0,0,0,0,0.0,0,0,0,0,0,93.1,0.0,7490.2,0,0,0,66.1,17.37,0.0,3.42,33.55,24.7,63.4,98.59188842773438,0.010213375091552734,0.9267082214355469,0.09254270046949387,0.0,399.0,0.0,0.0,0.0,0.0,50.26543480157852,0.0,0.0,0.0,0.0,0.0,250.0,960.6,0.0,0.0,0.272,0.381,0.653,12.994,0.832,0,emon,0.909,0.9,36.0,37.3,0.964
2026-09-17 22:03:46.841,8.6,0,97,2;12;0;97;0;6;0;0;0;11;0;0;9;0;0;0,551,4364,3891;3924;4354;4364;1193;2033;1379;1239;1375;1730;1468;1307;610;697;551;592,0.0,0.0,960.6,0,0,0,0,0,0.0,0,0,0,0,0,0,0,0,0.0,0,0,0,0,0,93.1,0.0,7490.2,0,0,0,65.1,17.37,0.0,3.42,33.55,24.7,63.4,98.32887649536133,0.008381087332963943,0.9651917815208435,0.09647294878959656,0.0,1024.0,0.0,0.0,0.0,0.0,50.21818754076958,0.0,0.0,0.0,0.0,0.0,250.0,960.6,0.0,0.0,0.272,0.381,0.653,12.994,0.832,0,emon,0.909,0.9,36.0,37.3,0.964
2026-09-17 22:03:47.842,9.1,0,98,2;17;0;98;0;15;0;0;0;12;0;0;0;0;0;0,535,4332,4260;4201;3952;4332;1471;1457;1384;1400;1174;1552;1321;1292;601;700;535;551,0.0,0.0,960.6,0,0,0,0,0,0.0,0,0,0,0,0,0,0,0,0.0,0,0,0,0,0,93.3,0.0,7490.2,0,0,0,66.1,17.37,0.0,3.42,33.55,24.7,63.4,98.59267807006836,0.008008841425180435,1.0034713745117188,0.10024463385343552,0.0,1149.0,0.0,0.0,0.0,0.0,50.114998906850815,0.0,0.0,0.0,0.0,0.0,250.0,960.6,0.0,0.0,0.272,0.381,0.653,12.994,0.832,0,emon,0.909,0.9,36.0,37.3,0.964
2026-09-17 22:03:48.842,8.5,0,97,2;16;0;97;0;11;0;0;0;5;0;0;6;0;0;0,483,4344,4069;4215;4034;4344;1375;1441;1234;2131;1403;1658;1264;2606;593;698;483;504,0.0,0.0,960.6,0,0,0,0,0,0.0,0,0,0,0,0,0,0,0,0.0,0,0,0,0,0,100.0,0.0,7490.2,0,0,0,66.1,17.37,0.0,3.42,33.55,24.7,63.4,98.12318420410156,0.01027185469865799,0.9144772887229919,0.09189444035291672,0.0,399.0,0.0,0.0,0.0,0.0,50.33771347999573,0.0,0.0,0.0,0.0,0.0,250.0,960.6,0.0,0.0,89.729,1.473,91.202,10.754,0.688,90.514,emon,0.886,0.766,42.9,20.0,2.143
2026-09-17 22:03:49.842,8.7,0,94,0;26;2;94;0;11;0;0;0;5;0;0;0;2;0;0,490,4348,3817;4188;3864;4348;1204;1611;1376;1814;1043;1463;1625;1095;601;779;490;605,0.0,0.0,960.6,0,0,0,0,0,0.0,0,0,0,0,0,0,0,0,0.0,0,0,0,0,0,93.1,0.0,7490.2,0,0,0,66.1,17.45,0.0,3.41,33.64,24.7,63.4,98.09567642211914,0.008089602924883366,1.0008132457733154,0.10008711367845535,0.0,1074.0,0.0,0.0,0.0,0.0,50.19664865732193,0.0,0.0,0.0,0.0,0.0,250.0,960.6,0.0,0.0,89.729,1.473,91.202,10.754,0.688,90.514,emon,0.886,0.766,42.9,20.0,2.143
2026-09-17 22:03:50.843,8.6,0,97,2;23;0;97;0;5;0;0;0;6;0;0;0;5;0;0,466,4348,4066;4215;3986;4348;1650;1870;3011;1564;1542;1949;1320;1425;596;909;559;466,0.6,0.0,955.3,0,0,0,0,0,0.0,0,0,0,0,0,0,0,0,0.0,0,0,0,0,0,94.4,0.0,7490.2,0,0,0,66.1,17.45,0.0,3.41,33.64,24.8,63.4,93.05533218383789,4.07511305809021,29.440088272094727,27.284093856811523,0.3222096181270899,1124.0,0.0,0.0,0.0,0.0,50.1238728184253,0.0,0.0,0.0,0.0,0.0,250.0,955.3,0.0,0.0,89.729,1.473,91.202,10.754,0.688,90.514,emon,0.886,0.766,42.9,20.0,2.143
2026-09-17 22:03:51.843,8.8,0,98,6;14;3;98;0;11;0;0;0;8;0;0;0;0;0;0,497,4342,4192;4222;3920;4342;1265;1544;3165;1283;1257;1664;1231;1242;601;689;518;497,0.0,0.0,955.3,0,0,0,0,0,0.0,0,0,0,0,0,0,0,0,0.0,0,0,0,0,0,100.0,0.0,7490.2,0,0,0,66.1,17.45,0.0,3.41,33.64,24.8,63.4,98.20207214355469,0.008152684196829796,1.0684610605239868,0.10698198527097702,0.0,1149.0,0.0,0.0,0.0,0.0,50.10869359225035,0.0,0.0,0.0,0.0,0.0,250.0,955.3,0.0,0.0,89.729,1.473,91.202,10.754,0.688,90.514,emon,0.886,0.766,42.9,20.0,2.143
2026-09-17 22:03:52.844,7.9,0,97,3;12;0;97;0;5;0;0;0;5;0;0;0;5;0;0,497,4354,3905;4142;4354;4334;1369;1851;1628;1378;1320;1659;1934;1410;611;902;667;497,0.1,0.0,951.3,0,0,0,0,0,0.0,0,0,0,0,0,0,0,0,0.0,0,0,0,0,0,94.8,0.0,7490.2,0,0,0,65.1,17.45,0.0,3.41,33.64,24.8,63.4,99.3227424621582,0.006843388080596924,1.0082100629806519,0.10125270485877991,0.0,1499.0,0.0,0.0,0.0,0.0,50.09600371867418,0.0,0.0,0.0,0.0,0.0,250.0,951.3,0.0,0.0,89.729,1.473,91.202,10.754,0.688,90.514,emon,0.886,0.766,42.9,20.0,2.143
2026-09-17 22:03:53.844,9.8,0,94,2;29;0;94;0;11;0;3;0;9;0;0;9;0;0;0,480,4367,4161;4161;3795;4367;1574;1588;2054;2054;1703;1722;1614;1876;608;800;486;480,0.0,0.0,951.3,0,0,0,0,0,0.0,0,0,0,0,0,0,0,0,0.0,0,0,0,0,0,93.6,0.0,7490.2,0,0,0,66.1,17.48,0.0,3.41,33.7,24.8,63.4,98.03943252563477,0.009628619067370892,0.8497861623764038,0.0852392241358757,0.0,949.0,0.0,0.0,0.0,0.0,50.265238136053085,0.0,0.0,0.0,0.0,0.0,250.0,951.3,0.0,0.0,89.729,1.473,91.202,10.754,0.688,90.514,emon,0.886,0.766,42.9,20.0,2.143
2026-09-17 22:03:54.845,8.1,0,100,0;14;0;100;0;9;0;0;0;6;0;0;0;0;0;0,485,4364,4238;4245;4364;4345;1193;1659;2232;1226;1487;1609;2075;1416;601;635;582;485,0.0,0.0,951.3,0,0,0,0,0,0.0,0,0,0,0,0,0,0,0,0.0,0,0,0,0,0,100.0,0.0,7490.2,0,0,0,66.1,17.48,0.0,3.41,33.7,24.8,63.4,98.52194595336914,0.008196637965738773,0.9539850950241089,0.09566326439380646,0.0,1199.0,0.0,0.0,0.0,0.0,50.1998870074749,0.0,0.0,0.0,0.0,0.0,250.0,951.3,0.0,0.0,89.729,1.473,91.202,10.754,0.688,90.514,emon,0.886,0.766,42.9,20.0,2.143
2026-09-17 22:03:55.845,9.1,0,97,3;20;0;97;0;14;0;0;0;8;0;0;0;3;0;0,497,4318,4142;4197;4102;4318;1218;1742;2989;1448;1794;1874;2979;2121;596;778;497;691,1.2,0.0,894.8,0,0,0,0,0,0.0,0,0,0,0,0,0,0,0,0.0,0,0,0,0,0,94.7,0.0,7490.2,0,0,0,66.1,17.48,0.0,3.41,33.7,24.8,63.4,97.74234008789062,0.007294903043657541,1.0016584396362305,0.09992443025112152,0.0,1499.0,0.0,0.0,0.0,0.0,50.09721028059721,0.0,0.0,0.0,0.0,0.0,250.0,894.8,0.0,0.0,89.729,1.473,91.202,10.754,0.688,90.514,emon,0.886,0.766,42.9,20.0,2.143
2026-09-17 22:03:56.846,8.9,0,98,0;26;0;98;0;2;0;0;0;9;0;0;6;0;0;0,491,4366,3749;4136;3846;4366;1572;1976;1243;1213;1635;1867;1246;1536;611;751;732;491,0.0,0.0,894.8,0,0,0,0,0,0.0,0,0,0,0,0,0,0,0,0.0,0,0,0,0,0,93.0,0.0,7490.2,0,0,0,67.1,17.48,0.0,3.41,33.7,24.7,63.4,97.84268188476562,0.010142313316464424,0.878587007522583,0.0875595435500145,0.0,399.0,0.0,0.0,0.0,0.0,50.35035890340805,0.0,0.0,0.0,0.0,0.0,250.0,894.8,0.0,0.0,89.729,1.473,91.202,10.754,0.688,90.514,emon,0.886,0.766,42.9,20.0,2.143
2026-09-17 22:03:57.847,9.0,0,95,2;22;0;95;0;11;0;0;0;8;0;0;6;0;0;0,610,4315,4115;4157;4044;4315;1891;1641;1508;1963;1821;1745;1924;1775;610;773;670;649,0.0,0.0,894.8,0,0,0,0,0,0.0,0,0,0,0,0,0,0,0,0.0,0,0,0,0,0,100.0,0.0,7490.2,0,0,0,66.1,17.49,0.0,3.41,33.85,24.8,63.4,98.65316390991211,0.008578091859817505,1.0168489217758179,0.10182493925094604,0.0,1099.0,0.0,0.0,0.0,0.0,50.17180387675762,0.0,0.0,0.0,0.0,0.0,250.0,894.8,0.0,0.0,89.729,1.473,91.202,10.754,0.688,90.514,emon,0.886,0.766,42.9,20.0,2.143
2026-09-17 22:03:58.847,8.3,0,98,0;22;0;98;0;5;0;0;0;3;0;0;3;2;0;0,553,4339,4136;4218;3960;4339;1245;1626;1426;1304;1205;1605;1204;1184;597;855;608;553,0.0,0.0,894.8,0,0,0,0,0,0.0,0,0,0,0,0,0,0,0,0.0,0,0,0,0,0,100.0,0.0,7490.2,0,0,0,66.1,17.49,0.0,3.41,33.85,24.8,63.4,98.22113037109375,0.010091886855661869,0.9118273854255676,0.09177082777023315,0.0,399.0,0.0,0.0,0.0,0.0,50.33976021409035,0.0,0.0,0.0,0.0,0.0,250.0,899.7,0.0,0.0,89.729,1.473,91.202,10.754,0.688,90.514,emon,0.886,0.766,42.9,20.0,2.143
2026-09-17 22:03:59.870,9.3,0,96,0;19;2;96;0;8;0;0;0;14;0;0;9;3;0;0,462,4347,4101;4162;4291;4347;2245;1541;1326;1484;1849;1655;1876;1692;600;895;788;462,0.0,0.0,899.7,0,0,0,0,0,0.0,0,0,0,0,0,0,0,0,0.0,0,0,0,0,0,94.3,0.0,7490.2,0,0,0,66.1,17.49,0.0,3.41,33.85,24.8,63.4,98.25589752197266,0.008149152621626854,0.9489420056343079,0.09462776780128479,0.0,1149.0,0.0,0.0,0.0,0.0,50.09087569266558,0.0,0.0,0.0,0.0,0.0,250.0,899.7,0.0,0.0,89.729,1.473,91.202,10.754,0.688,90.514,emon,0.886,0.766,42.9,20.0,2.143
2026-09-17 22:04:00.871,8.8,0,97,2;12;0;97;0;5;0;0;0;8;0;0;3;12;2;2,610,4360,4271;4162;4349;4360;1318;1814;1458;2171;1201;1585;2015;1291;610;874;738;753,0.1,0.0,895.7,0,0,0,0,0,0.0,0,0,0,0,0,0,0,0,0.0,0,0,0,0,0,94.4,0.0,7490.2,0,0,0,66.1,17.49,0.0,3.41,33.85,24.8,63.4,98.25589752197266,0.008149152621626854,0.9489420056343079,0.09462776780128479,0.0,1149.0,0.0,0.0,0.0,0.0,50.09087569266558,0.0,0.0,0.0,0.0,0.0,250.0,895.7,0.0,0.0,89.828,1.471,91.298,11.859,0.759,90.539,emon,0.886,0.756,42.5,19.8,2.145
2026-09-17 22:04:01.871,8.1,0,97,2;17;0;97;0;5;0;0;0;6;0;0;3;0;0;0,469,4335,3952;4167;3179;4335;1284;1521;1389;1299;1346;1819;1241;1296;596;751;542;469,0.2,0.0,894.7,0,0,0,0,0,0.0,0,0,0,0,0,0,0,0,0.0,0,0,0,0,0,100.0,0.0,7490.2,0,0,0,65.1,17.49,0.0,3.41,33.85,24.8,63.4,98.84759140014648,0.008193451911211014,0.9316527843475342,0.09330621361732483,0.0,1099.0,0.0,0.0,0.0,0.0,50.1578621417284,0.0,0.0,0.0,0.0,0.0,250.0,894.7,0.0,0.0,89.828,1.471,91.298,11.859,0.759,90.539,emon,0.886,0.756,42.5,19.8,2.145
2026-09-17 22:04:02.872,9.1,0,98,2;14;0;98;0;13;0;0;0;5;0;0;12;2;0;0,590,4326,3810;4251;3751;4326;1074;1811;1195;1161;1223;1483;1899;1305;597;806;713;590,0.0,0.0,894.7,0,0,0,0,0,0.0,0,0,0,0,0,0,0,0,0.0,0,0,0,0,0,94.1,0.0,7490.2,0,0,0,65.1,17.49,0.0,3.41,33.85,24.8,63.4,98.74952697753906,0.010330170392990112,0.8502495884895325,0.0854092538356781,0.0,399.0,0.0,0.0,0.0,0.0,50.259894609451294,0.0,0.0,0.0,0.0,0.0,250.0,894.7,0.0,0.0,89.828,1.471,91.298,11.859,0.759,90.539,emon,0.886,0.756,42.5,19.8,2.145
2026-09-17 22:04:03.873,8.2,0,97,0;22;0;97;0;5;0;0;0;4;0;0;3;0;0;0,477,4425,3938;4227;4425;4356;1186;1530;1173;1217;1189;1466;1217;1204;591;693;692;477,0.0,0.0,894.7,0,0,0,0,0,0.0,0,0,0,0,0,0,0,0,0.0,0,0,0,0,0,94.3,0.0,7490.2,0,0,0,66.1,17.49,0.0,3.41,33.85,24.7,63.4,99.04691314697266,0.008445186540484428,0.9882373213768005,0.09917578101158142,0.0,1024.0,0.0,0.0,0.0,0.0,50.05940472334623,0.0,0.0,0.0,0.0,0.0,250.0,894.7,0.0,0.0,89.828,1.471,91.298,11.859,0.759,90.539,emon,0.886,0.756,42.5,19.8,2.145
2026-09-17 22:04:04.873,8.6,0,92,0;28;0;92;0;6;0;0;0;6;0;0;3;2;0;0,569,4328,3767;4160;2849;4328;1290;2032;1403;1274;2090;1783;1498;2849;594;737;611;569,0.0,0.0,894.7,0,0,0,0,0,0.0,0,0,0,0,0,0,0,0,0.0,0,0,0,0,0,100.0,0.0,7490.2,0,0,0,65.1,17.49,0.0,3.41,33.85,24.7,63.4,98.43765258789062,0.008011046797037125,0.9644666910171509,0.09682416915893555,0.0,1199.0,0.0,0.0,0.0,0.0,50.11855700612068,0.0,0.0,0.0,0.0,0.0,250.0,894.7,0.0,0.0,89.828,1.471,91.298,11.859,0.759,90.539,emon,0.886,0.756,42.5,19.8,2.145
2026-09-17 22:04:05.874,8.7,0,95,0;20;2;95;0;14;0;0;0;5;0;0;3;0;0;0,458,4360,4267;4167;4358;4360;1215;1532;1275;1221;1347;1627;1147;1473;601;649;458;832,0.0,0.0,894.7,0,0,0,0,0,0.0,0,0,0,0,0,0,0,0,0.0,0,0,0,0,0,92.9,0.0,7490.2,0,0,0,66.1,0.0,0.0,0.0,0.0,24.7,63.4,97.35239028930664,0.00830322690308094,1.017513632774353,0.1022670790553093,0.0,1049.0,0.0,0.0,0.0,0.0,50.18625320494175,0.0,0.0,0.0,0.0,0.0,250.0,894.7,0.0,0.0,89.828,1.471,91.298,11.859,0.759,90.539,emon,0.886,0.756,42.5,19.8,2.145
2026-09-17 22:04:06.874,8.6,0,98,0;16;2;98;0;3;0;0;0;11;0;0;6;2;0;0,558,4324,4204;4226;4041;4324;1362;1789;1754;1737;1328;1723;1276;1307;600;786;558;600,0.0,0.0,894.7,0,0,0,0,0,0.0,0,0,0,0,0,0,0,0,0.0,0,0,0,0,0,93.2,0.0,7490.2,0,0,0,65.1,0.0,0.0,0.0,0.0,24.7,63.4,98.64883422851562,0.007961856201291084,1.0785738229751587,0.10814377665519714,0.0,1199.0,0.0,0.0,0.0,0.0,50.10180090367794,0.0,0.0,0.0,0.0,0.0,250.0,894.7,0.0,0.0,89.828,1.471,91.298,11.859,0.759,90.539,emon,0.886,0.756,42.5,19.8,2.145
2026-09-17 22:04:07.875,9.1,0,77,0;54;0;77;0;2;0;0;0;5;0;0;9;0;0;0,501,4361,3950;4277;4361;4324;1138;1754;1196;1189;1178;1536;1209;1497;592;591;641;501,0.0,0.0,894.7,0,0,0,0,0,0.0,0,0,0,0,0,0,0,0,0.0,0,0,0,0,0,100.0,0.0,7490.2,0,0,0,66.1,0.0,0.0,0.0,0.0,24.7,63.4,98.84156290690105,0.008214959253867468,1.0205045541127522,0.1020032266775767,0.0,999.0,0.0,0.0,0.0,0.0,66.75696630279224,0.0,0.0,0.0,0.0,0.0,250.0,894.7,0.0,0.0,89.828,1.471,91.298,11.859,0.759,90.539,emon,0.886,0.756,42.5,19.8,2.145
2026-09-17 22:04:08.875,8.0,0,86,3;86;0;25;0;6;0;0;0;8;0;0;0;0;0;0,456,4350,4245;4350;3793;4161;1274;1790;1588;1372;1346;1638;1370;1306;595;744;579;456,0.0,0.0,894.7,0,0,0,0,0,0.0,0,0,0,0,0,0,0,0,0.0,0,0,0,0,0,93.4,0.0,7490.2,0,0,0,67.1,0.0,0.0,0.0,0.0,24.7,63.4,98.87613296508789,0.008532381616532803,0.9646808505058289,0.09625016897916794,0.0,1024.0,0.0,0.0,0.0,0.0,50.129260554909706,0.0,0.0,0.0,0.0,0.0,250.0,894.7,0.0,0.0,89.828,1.471,91.298,11.859,0.759,90.539,emon,0.886,0.756,42.5,19.8,2.145
2026-09-17 22:04:09.876,8.8,0,85,6;85;0;32;0;8;0;0;0;6;0;0;3;0;0;0,472,4369,4266;4369;4263;4190;1660;1389;1576;1754;1810;1495;2134;2824;597;738;472;833,0.0,0.0,894.7,0,0,0,0,0,0.0,0,0,0,0,0,0,0,0,0.0,0,0,0,0,0,93.6,0.0,7490.2,0,0,0,68.1,17.47,0.0,3.41,33.67,24.7,63.4,98.87613296508789,0.008532381616532803,0.9646808505058289,0.09625016897916794,0.0,1024.0,0.0,0.0,0.0,0.0,50.129260554909706,0.0,0.0,0.0,0.0,0.0,250.0,894.7,0.0,0.0,89.828,1.471,91.298,11.859,0.759,90.539,emon,0.886,0.756,42.5,19.8,2.145
2026-09-17 22:04:10.876,8.0,0,80,2;33;0;80;0;9;0;0;0;2;0;0;3;0;0;0,604,4319,3791;4268;4010;4319;872;1535;883;881;966;1453;950;975;604;691;706;855,0.0,0.0,894.7,0,0,0,0,0,0.0,0,0,0,0,0,0,0,0,0.0,0,0,0,0,0,100.0,0.0,7490.2,0,0,0,67.1,17.47,0.0,3.41,33.67,24.7,63.4,98.44840621948242,0.007967529818415642,0.9836907982826233,0.09845929592847824,0.0,1199.0,0.0,0.0,0.0,0.0,50.14927476644516,0.0,0.0,0.0,0.0,0.0,250.0,894.7,0.0,0.0,89.828,1.471,91.298,11.859,0.759,90.539,emon,0.886,0.756,42.5,19.8,2.145
2026-09-17 22:04:11.877,9.9,0,92,2;29;2;92;2;11;0;0;0;9;2;2;3;6;0;0,545,4356,3868;4260;3782;4356;1226;1274;1513;1271;1269;1520;1262;1518;596;911;545;593,0.0,0.0,894.7,0,0,0,0,0,0.0,0,0,0,0,0,0,0,0,0.0,0,0,0,0,0,100.0,0.0,7490.2,0,0,0,66.1,17.47,0.0,3.41,33.67,24.7,63.4,99.1917953491211,0.008545571938157082,0.9017608165740967,0.09061148017644882,0.0,999.0,0.0,0.0,0.0,0.0,50.129716992378235,0.0,0.0,0.0,0.0,0.0,250.0,894.7,0.0,0.0,89.828,1.471,91.298,11.859,0.759,90.539,emon,0.886,0.756,42.5,19.8,2.145
2026-09-17 22:04:12.878,8.5,0,97,0;23;0;97;0;3;0;0;0;8;0;0;3;2;0;0,525,4332,3787;4173;3456;4332;2105;1563;1697;1667;2253;1747;1497;1880;604;770;547;525,0.0,0.0,894.7,0,0,0,0,0,0.0,0,0,0,0,0,0,0,0,0.0,0,0,0,0,0,100.0,0.0,7490.2,0,0,0,65.1,17.47,0.0,3.41,33.67,24.7,63.4,98.7458610534668,0.008362210355699062,0.9952333569526672,0.100105881690979,0.0,999.0,0.0,0.0,0.0,0.0,50.10740256309509,0.0,0.0,0.0,0.0,0.0,250.0,894.7,0.0,0.0,89.71,1.451,91.161,11.011,0.705,90.456,emon,0.886,0.754,42.6,19.8,2.149
2026-09-17 22:04:13.878,8.6,0,92,9;13;2;92;0;0;8;0;0;0;6;0;5;0;3;0,626,4314,4181;4132;3572;4314;1166;1912;2326;2529;1389;1359;1744;1279;626;718;892;652,0.0,0.0,894.7,0,0,0,0,0,0.0,0,0,0,0,0,0,0,0,0.0,0,0,0,0,0,93.8,0.0,7490.2,0,0,0,66.1,17.52,0.0,3.41,33.77,24.7,63.4,98.70146179199219,0.008213185705244541,0.897740364074707,0.09011038392782211,0.0,1174.0,0.0,0.0,0.0,0.0,50.0882562994957,0.0,0.0,0.0,0.0,0.0,250.0,894.7,0.0,0.0,89.71,1.451,91.161,11.011,0.705,90.456,emon,0.886,0.754,42.6,19.8,2.149
2026-09-17 22:04:14.879,9.6,0,92,20;5;0;92;0;0;8;0;0;0;10;0;3;0;10;6,608,4350,4240;4071;4148;4350;1729;1565;1674;1821;2028;1612;2095;2388;608;608;858;789,0.0,0.0,894.7,0,0,0,0,0,0.0,0,0,0,0,0,0,0,0,0.0,0,0,0,0,0,94.6,0.0,7490.2,0,0,0,66.1,17.52,0.0,3.41,33.77,24.7,63.4,98.04410171508789,0.01023378036916256,0.9116266369819641,0.09166333824396133,0.0,399.0,0.0,0.0,0.0,0.0,50.335133731365204,0.0,0.0,0.0,0.0,0.0,250.0,894.7,0.0,0.0,89.71,1.451,91.161,11.011,0.705,90.456,emon,0.886,0.754,42.6,19.8,2.149
2026-09-17 22:04:15.879,7.9,0,98,17;0;0;98;0;0;3;0;0;0;8;0;0;0;0;0,549,4330,4055;3927;4256;4330;1247;1624;1724;1100;1159;1183;1615;1475;609;549;651;815,0.0,0.0,894.7,0,0,0,0,0,0.0,0,0,0,0,0,0,0,0,0.0,0,0,0,0,0,100.0,0.0,7490.2,0,0,0,67.1,17.52,0.0,3.41,33.77,24.7,63.4,98.94893646240234,0.010257326997816563,0.9094173312187195,0.09102300554513931,0.0,399.0,0.0,0.0,0.0,0.0,50.23244869709015,0.0,0.0,0.0,0.0,0.0,250.0,894.7,0.0,0.0,89.71,1.451,91.161,11.011,0.705,90.456,emon,0.886,0.754,42.6,19.8,2.149
2026-09-17 22:04:16.879,8.8,0,97,25;2;2;97;0;0;6;0;0;0;8;0;0;0;0;2,553,4368,4280;3985;3803;4368;2123;1299;1592;2737;1853;1345;1864;2166;606;553;792;828,0.0,0.0,894.7,0,0,0,0,0,0.0,0,0,0,0,0,0,0,0,0.0,0,0,0,0,0,94.4,0.0,7490.2,0,0,0,67.1,17.52,0.0,3.41,33.77,24.7,63.4,97.89628982543945,0.010210737586021423,0.8920316100120544,0.08932559192180634,0.0,649.0,0.0,0.0,0.0,0.0,50.27563813328743,0.0,0.0,0.0,0.0,0.0,250.0,894.7,0.0,0.0,89.71,1.451,91.161,11.011,0.705,90.456,emon,0.886,0.754,42.6,19.8,2.149
2026-09-17 22:04:17.880,8.0,0,98,12;2;0;98;0;0;3;0;0;0;9;0;3;0;0;0,479,4421,4187;4226;4421;4346;1227;1227;1423;1234;1408;1500;1608;1800;602;513;747;479,0.0,0.0,894.7,0,0,0,0,0,0.0,0,0,0,0,0,0,0,0,0.0,0,0,0,0,0,92.9,0.0,7490.2,0,0,0,67.1,17.57,0.0,3.41,33.82,24.7,63.4,98.4933090209961,0.007986155338585377,0.987726628780365,0.09928113222122192,0.0,1099.0,0.0,0.0,0.0,0.0,50.07553593814373,0.0,0.0,0.0,0.0,0.0,250.0,894.7,0.0,0.0,89.71,1.451,91.161,11.011,0.705,90.456,emon,0.886,0.754,42.6,19.8,2.149
2026-09-17 22:04:18.881,8.5,0,94,20;2;0;94;0;0;9;0;0;0;6;0;3;0;2;0,582,4438,4217;4271;4438;4362;1777;1223;1677;1548;1646;1206;1589;1620;598;582;760;670,0.0,0.0,894.7,0,0,0,0,0,0.0,0,0,0,0,0,0,0,0,0.0,0,0,0,0,0,93.7,0.0,7490.2,0,0,0,66.1,17.57,0.0,3.41,33.82,24.7,63.4,98.4933090209961,0.007986155338585377,0.987726628780365,0.09928113222122192,0.0,1099.0,0.0,0.0,0.0,0.0,50.07553593814373,0.0,0.0,0.0,0.0,0.0,250.0,894.7,0.0,0.0,89.71,1.451,91.161,11.011,0.705,90.456,emon,0.886,0.754,42.6,19.8,2.149
2026-09-17 22:04:19.881,8.1,0,99,16;0;0;99;0;0;9;0;0;0;3;0;3;0;0;0,474,4415,4174;4228;4415;4349;1309;1308;1721;1137;1415;1468;1444;1255;652;474;780;578,0.0,0.0,894.7,0,0,0,0,0,0.0,0,0,0,0,0,0,0,0,0.0,0,0,0,0,0,93.6,0.0,7490.2,0,0,0,66.1,17.57,0.0,3.41,33.82,24.7,63.4,98.5601921081543,0.00827475544065237,1.0950160026550293,0.10953632742166519,0.0,1149.0,0.0,0.0,0.0,0.0,50.13062863051891,0.0,0.0,0.0,0.0,0.0,250.0,894.7,0.0,0.0,89.71,1.451,91.161,11.011,0.705,90.456,emon,0.886,0.754,42.6,19.8,2.149
2026-09-17 22:04:20.882,9.9,0,100,30;2;0;100;0;0;6;0;0;0;10;0;12;0;0;0,499,4337,4127;2880;3516;4337;1707;1906;2441;1622;2532;1402;1602;3234;619;499;833;714,0.0,0.0,894.7,0,0,0,0,0,0.0,0,0,0,0,0,0,0,0,0.0,0,0,0,0,0,0.0,0.0,7490.2,0,0,0,66.1,17.57,0.0,3.41,33.82,24.7,63.4,86.53095626831055,0.005502833053469658,0.5843550364176432,0.058487256368001304,0.0,1165.6666666666667,0.0,0.0,0.0,0.0,33.453222731749214,0.0,0.0,0.0,0.0,0.0,250.0,894.7,0.0,0.0,89.71,1.451,91.161,11.011,0.705,90.456,emon,0.886,0.754,42.6,19.8,2.149
2026-09-17 22:04:21.883,8.7,0,82,34;0;0;82;0;0;2;0;0;0;3;0;9;0;4;5,610,4331,4250;4217;4292;4331;1538;1210;1627;1811;1301;1361;1506;1244;610;710;782;853,0.0,0.0,894.7,0,0,0,0,0,0.0,0,0,0,0,0,0,0,0,0.0,0,0,0,0,0,93.6,0.0,7490.2,0,0,0,65.1,17.5,0.0,3.4,33.81,24.7,63.4,98.21292877197266,0.010132567025721073,0.8388698697090149,0.08377548307180405,0.0,399.0,0.0,0.0,0.0,0.0,50.36182561516762,0.0,0.0,0.0,0.0,0.0,250.0,894.7,0.0,0.0,89.71,1.451,91.161,11.011,0.705,90.456,emon,0.886,0.754,42.6,19.8,2.149
2026-09-17 22:04:22.883,9.6,0,91,91;0;0;28;0;0;11;0;0;0;9;0;6;0;6;2,557,4365,4365;4104;4335;4182;1189;1179;1803;1997;1236;1215;1790;1225;662;557;889;693,0.0,0.0,894.7,0,0,0,0,0,0.0,0,0,0,0,0,0,0,0,0.0,0,0,0,0,0,94.2,0.0,7490.2,0,0,0,68.1,17.5,0.0,3.4,33.81,24.7,63.4,98.64973068237305,0.00816390011459589,1.0498403310775757,0.10537605732679367,0.0,1199.0,0.0,0.0,0.0,0.0,50.11173628270626,0.0,0.0,0.0,0.0,0.0,250.0,894.7,0.0,0.0,89.71,1.451,91.161,11.011,0.705,90.456,emon,0.886,0.754,42.6,19.8,2.149
2026-09-17 22:04:23.884,8.4,0,81,81;0;0;37;0;0;6;0;0;0;8;0;3;0;0;0,476,4374,4374;4217;4244;4287;1203;1215;1507;1178;1128;1246;1397;1225;608;476;784;610,0.0,0.0,894.7,0,0,0,0,0,0.0,0,0,0,0,0,0,0,0,0.0,0,0,0,0,0,94.2,0.0,7490.2,0,0,0,68.1,17.5,0.0,3.4,33.81,24.7,63.4,98.88337707519531,0.008572131395339966,0.9827917814254761,0.09871185570955276,0.0,1074.0,0.0,0.0,0.0,0.0,50.154382951557636,0.0,0.0,0.0,0.0,0.0,250.0,894.7,0.0,0.0,89.71,1.451,91.161,11.011,0.705,90.456,emon,0.886,0.754,42.6,19.8,2.149
2026-09-17 22:04:24.884,8.5,0,82,82;2;2;35;0;0;11;0;0;0;5;0;0;0;0;0,611,4357,4326;4357;3796;4147;1563;1208;1867;1433;1297;1239;1536;2033;611;730;679;665,0.0,0.0,894.7,0,0,0,0,0,0.0,0,0,0,0,0,0,0,0,0.0,0,0,0,0,0,93.9,0.0,7490.2,0,0,0,67.1,17.5,0.0,3.4,33.81,24.7,63.4,98.58956146240234,0.008042498491704464,0.9636793732643127,0.09674031287431717,0.0,1149.0,0.0,0.0,0.0,0.0,50.11211410164833,0.0,0.0,0.0,0.0,0.0,250.0,894.7,0.0,0.0,89.617,1.431,91.048,11.204,0.717,90.331,emon,0.886,0.749,42.7,19.9,2.144
2026-09-17 22:04:25.885,7.8,0,92,12;5;0;92;0;0;5;0;0;0;8;0;3;0;0;0,508,4366,4091;4270;3349;4366;1623;1442;1550;1674;2060;1361;1487;1500;606;543;689;508,0.0,0.0,894.7,0,0,0,0,0,0.0,0,0,0,0,0,0,0,0,0.0,0,0,0,0,0,94.8,0.0,7490.2,0,0,0,67.1,17.53,0.0,3.41,33.77,24.7,63.4,98.50643157958984,0.008046216331422329,1.0089704990386963,0.10095396637916565,0.0,1049.0,0.0,0.0,0.0,0.0,50.12149589508772,0.0,0.0,0.0,0.0,0.0,250.0,894.7,0.0,0.0,89.617,1.431,91.048,11.204,0.717,90.331,emon,0.886,0.749,42.7,19.9,2.144
2026-09-17 22:04:26.886,8.7,0,96,22;2;0;96;0;0;9;0;0;0;9;0;0;0;0;2,475,4369,4211;3662;3756;4369;2012;2223;1480;2037;1977;1811;1591;1837;593;475;558;763,0.0,0.0,894.7,0,0,0,0,0,0.0,0,0,0,0,0,0,0,0,0.0,0,0,0,0,0,93.4,0.0,7490.2,0,0,0,66.1,17.53,0.0,3.41,33.77,24.7,63.4,98.50643157958984,0.008046216331422329,1.0089704990386963,0.10095396637916565,0.0,1049.0,0.0,0.0,0.0,0.0,50.12149589508772,0.0,0.0,0.0,0.0,0.0,250.0,894.7,0.0,0.0,89.617,1.431,91.048,11.204,0.717,90.331,emon,0.886,0.749,42.7,19.9,2.144
2026-09-17 22:04:27.886,8.3,0,98,16;0;0;98;0;0;9;0;0;0;9;0;0;0;0;0,459,4323,4208;4270;3636;4323;1173;1163;1721;1321;1212;1208;1694;1195;596;459;619;531,0.0,0.0,894.7,0,0,0,0,0,0.0,0,0,0,0,0,0,0,0,0.0,0,0,0,0,0,94.0,0.0,7490.2,0,0,0,65.1,17.53,0.0,3.41,33.77,24.7,63.4,98.81148910522461,0.009163163602352142,0.9234541654586792,0.09248554706573486,0.0,1049.0,0.0,0.0,0.0,0.0,50.138286873698235,0.0,0.0,0.0,0.0,0.0,250.0,894.7,0.0,0.0,89.617,1.431,91.048,11.204,0.717,90.331,emon,0.886,0.749,42.7,19.9,2.144
2026-09-17 22:04:28.886,10.2,0,92,32;2;0;92;0;0;13;0;0;0;8;0;9;0;8;0,443,4319,4146;4074;3388;4319;1296;1314;1561;1464;1256;1235;1417;1334;598;443;886;619,0.0,0.0,894.7,0,0,0,0,0,0.0,0,0,0,0,0,0,0,0,0.0,0,0,0,0,0,94.0,0.0,7490.2,0,0,0,65.1,17.53,0.0,3.41,33.77,24.7,63.4,98.91809463500977,0.00814739428460598,0.9695302844047546,0.09753650426864624,0.0,1049.0,0.0,0.0,0.0,0.0,50.1414912417531,0.0,0.0,0.0,0.0,0.0,250.0,894.7,0.0,0.0,89.617,1.431,91.048,11.204,0.717,90.331,emon,0.886,0.749,42.7,19.9,2.144
2026-09-17 22:04:29.887,9.4,0,98,24;2;2;98;0;0;5;2;0;0;11;0;3;0;5;0,498,4381,4068;4065;4381;4314;1187;1173;1525;1019;1190;1207;1608;1235;610;526;864;498,0.0,0.0,894.7,0,0,0,0,0,0.0,0,0,0,0,0,0,0,0,0.0,0,0,0,0,0,100.0,0.0,7490.2,0,0,0,64.1,17.46,0.0,3.4,33.72,24.7,63.4,98.31943130493164,0.008217927999794483,0.9832050800323486,0.09837864339351654,0.0,1099.0,0.0,0.0,0.0,0.0,50.2258553057909,0.0,0.0,0.0,0.0,0.0,250.0,894.7,0.0,0.0,89.617,1.431,91.048,11.204,0.717,90.331,emon,0.886,0.749,42.7,19.9,2.144
2026-09-17 22:04:30.887,8.2,0,98,16;2;0;98;0;0;5;0;0;0;5;0;6;0;0;0,549,4427,4230;4372;4427;4355;1151;1228;1562;1215;1887;1368;1466;1273;608;568;722;549,0.0,0.0,894.7,0,0,0,0,0,0.0,0,0,0,0,0,0,0,0,0.0,0,0,0,0,0,93.5,0.0,7490.2,0,0,0,66.1,17.46,0.0,3.4,33.72,24.7,63.4,97.01935958862305,0.008184007368981838,0.8890549540519714,0.08917340636253357,0.0,1199.0,0.0,0.0,0.0,0.0,50.127835996448994,0.0,0.0,0.0,0.0,0.0,250.0,894.7,0.0,0.0,89.617,1.431,91.048,11.204,0.717,90.331,emon,0.886,0.749,42.7,19.9,2.144
2026-09-17 22:04:31.888,9.0,0,97,20;3;0;97;0;0;8;3;0;0;6;0;0;0;6;0,468,4364,4127;3993;4156;4364;1335;1345;1907;1419;1251;1183;1531;1296;609;470;909;468,0.0,0.0,894.7,0,0,0,0,0,0.0,0,0,0,0,0,0,0,0,0.0,0,0,0,0,0,94.3,0.0,7490.2,0,0,0,66.1,17.46,0.0,3.4,33.72,24.8,63.4,98.94779586791992,0.008294031023979187,0.9808934926986694,0.09833499044179916,0.0,1024.0,0.0,0.0,0.0,0.0,50.122594974935055,0.0,0.0,0.0,0.0,0.0,250.0,894.7,0.0,0.0,89.617,1.431,91.048,11.204,0.717,90.331,emon,0.886,0.749,42.7,19.9,2.144
2026-09-17 22:04:32.888,8.1,0,94,23;2;0;94;0;0;5;0;0;0;3;0;3;0;0;0,572,4339,4084;3901;4085;4339;1433;1246;1938;1440;1289;1200;1572;1451;609;572;658;624,0.0,0.0,894.7,0,0,0,0,0,0.0,0,0,0,0,0,0,0,0,0.0,0,0,0,0,0,100.0,0.0,7490.2,0,0,0,66.1,17.46,0.0,3.4,33.72,24.8,63.4,98.59254455566406,0.008383055217564106,0.9178003072738647,0.09164677560329437,0.0,1199.0,0.0,0.0,0.0,0.0,50.14119499921799,0.0,0.0,0.0,0.0,0.0,250.0,894.7,0.0,0.0,89.617,1.431,91.048,11.204,0.717,90.331,emon,0.886,0.749,42.7,19.9,2.144
2026-09-17 22:04:33.889,9.5,0,91,38;0;0;91;0;0;11;0;0;0;9;0;3;0;0;0,619,4420,4136;3842;4420;4358;1240;1322;2069;1248;1331;1248;1465;1438;619;712;798;645,0.0,0.0,894.7,0,0,0,0,0,0.0,0,0,0,0,0,0,0,0,0.0,0,0,0,0,0,100.0,0.0,7490.2,0,0,0,66.1,17.48,0.0,3.4,33.74,24.7,63.4,97.64953994750977,0.00826265662908554,0.9136053323745728,0.09181606769561768,0.0,1199.0,0.0,0.0,0.0,0.0,50.12676617503166,0.0,0.0,0.0,0.0,0.0,250.0,894.7,0.0,0.0,89.617,1.431,91.048,11.204,0.717,90.331,emon,0.886,0.749,42.7,19.9,2.144
2026-09-17 22:04:34.890,7.3,0,71,41;2;0;71;0;0;3;0;0;0;2;0;0;0;0;0,531,4353,4328;3949;3844;4353;1274;2088;1741;1472;1639;1153;1652;1291;613;561;762;531,0.0,0.0,894.7,0,0,0,0,0,0.0,0,0,0,0,0,0,0,0,0.0,0,0,0,0,0,93.4,0.0,7490.2,0,0,0,66.1,17.48,0.0,3.4,33.74,24.7,63.4,98.16703414916992,0.008830544538795948,0.9452269673347473,0.09419247508049011,0.0,1174.0,0.0,0.0,0.0,0.0,50.20964017510414,0.0,0.0,0.0,0.0,0.0,250.0,894.7,0.0,0.0,89.617,1.431,91.048,11.204,0.717,90.331,emon,0.886,0.749,42.7,19.9,2.144
2026-09-17 22:04:35.891,9.9,0,93,29;2;0;93;2;0;16;0;0;0;9;0;9;0;0;0,604,4327,4227;3818;4128;4327;1443;1525;1561;1808;1423;1639;1566;1983;604;771;874;634,0.0,0.0,894.7,0,0,0,0,0,0.0,0,0,0,0,0,0,0,0,0.0,0,0,0,0,0,94.2,0.0,7490.2,0,0,0,66.1,17.48,0.0,3.4,33.74,24.7,63.4,98.16703414916992,0.008830544538795948,0.9452269673347473,0.09419247508049011,0.0,1174.0,0.0,0.0,0.0,0.0,50.20964017510414,0.0,0.0,0.0,0.0,0.0,250.0,894.7,0.0,0.0,89.617,1.431,91.048,11.204,0.717,90.331,emon,0.886,0.749,42.7,19.9,2.144
2026-09-17 22:04:36.891,8.7,0,100,14;0;0;100;0;0;9;0;0;0;9;0;6;0;0;0,486,4339,4116;4138;4241;4339;1506;1341;1597;1470;1236;1087;1527;1312;610;511;679;486,0.0,0.0,894.7,0,0,0,0,0,0.0,0,0,0,0,0,0,0,0,0.0,0,0,0,0,0,94.2,0.0,7490.2,0,0,0,66.1,17.48,0.0,3.4,33.74,24.7,63.4,98.70777893066406,0.010324155911803246,0.8570159673690796,0.08644168078899384,0.0,399.0,0.0,0.0,0.0,0.0,50.29490369558334,0.0,0.0,0.0,0.0,0.0,250.0,894.7,0.0,0.0,89.666,1.253,90.919,10.934,0.7,90.219,emon,0.887,0.765,42.7,19.9,2.147
2026-09-17 22:04:37.892,9.2,0,97,20;5;3;97;0;0;11;0;0;0;8;0;3;0;0;0,506,4334,4126;4295;4203;4334;1491;1681;1768;1900;1536;1324;1584;1409;613;506;702;610,0.0,0.0,894.7,0,0,0,0,0,0.0,0,0,0,0,0,0,0,0,0.0,0,0,0,0,0,100.0,0.0,7490.2,0,0,0,65.1,17.52,0.0,3.41,33.81,24.7,63.4,98.3175277709961,0.008288492448627949,1.0302376747131348,0.10303966701030731,0.0,1049.0,0.0,0.0,0.0,0.0,50.12390647083521,0.0,0.0,0.0,0.0,0.0,250.0,894.7,0.0,0.0,89.666,1.253,90.919,10.934,0.7,90.219,emon,0.887,0.765,42.7,19.9,2.147
2026-09-17 22:04:38.893,8.7,0,96,25;0;0;96;0;0;11;0;0;0;5;0;3;0;0;0,466,4346,4101;3863;3622;4346;2155;1152;1553;2650;1323;1215;1620;3147;604;466;727;589,0.0,0.0,894.7,0,0,0,0,0,0.0,0,0,0,0,0,0,0,0,0.0,0,0,0,0,0,93.8,0.0,7490.2,0,0,0,66.1,17.52,0.0,3.41,33.81,24.7,63.4,97.74932479858398,0.010264053009450436,0.8607473969459534,0.08583590388298035,0.0,399.0,0.0,0.0,0.0,0.0,50.39187082648277,0.0,0.0,0.0,0.0,0.0,250.0,894.7,0.0,0.0,89.666,1.253,90.919,10.934,0.7,90.219,emon,0.887,0.765,42.7,19.9,2.147
2026-09-17 22:04:39.893,8.5,0,98,22;0;0;98;0;0;5;0;0;0;9;0;0;0;2;0,594,4349,4235;3882;3819;4349;1601;2330;2095;1602;2289;1913;1698;1965;604;594;822;661,0.0,0.0,894.7,0,0,0,0,0,0.0,0,0,0,0,0,0,0,0,0.0,0,0,0,0,0,93.7,0.0,7490.2,0,0,0,66.1,17.52,0.0,3.41,33.81,24.7,63.4,97.93370819091797,0.010520996525883675,0.8816268444061279,0.08808977901935577,0.0,399.0,0.0,0.0,0.0,0.0,50.37756949663162,0.0,0.0,0.0,0.0,0.0,250.0,894.7,0.0,0.0,89.666,1.253,90.919,10.934,0.7,90.219,emon,0.887,0.765,42.7,19.9,2.147
2026-09-17 22:04:40.894,13.4,0,100,64;14;3;100;0;0;12;0;0;0;6;0;6;0;9;0,1061,4618,4604;4491;4618;4572;2582;1343;2585;3330;3144;3370;2360;3239;1061;1175;1344;1064,0.0,0.0,894.7,0,0,0,0,0,0.0,0,0,0,0,0,0,0,0,0.0,0,0,0,0,0,81.4,0.0,7490.2,0,0,0,93.1,17.52,0.0,3.41,33.81,24.8,63.4,99.00752258300781,0.008284511044621468,0.9761079549789429,0.0981169119477272,0.0,1049.0,0.0,0.0,0.0,0.0,50.1520619019866,0.0,0.0,0.0,0.0,0.0,250.0,894.7,0.0,0.0,89.666,1.253,90.919,10.934,0.7,90.219,emon,0.887,0.765,42.7,19.9,2.147
2026-09-17 22:04:41.894,13.6,0,94,94;6;9;86;0;0;9;2;0;0;11;0;0;0;0;0,1011,4698,4571;4442;4698;4600;3267;3053;3058;2067;3201;3019;2147;3233;1053;1011;1106;1158,0.0,0.0,894.7,0,0,0,0,0,0.0,0,0,0,0,0,0,0,0,0.0,0,0,0,0,0,0.0,0.0,7490.2,0,0,0,98.1,22.54,0.0,2.45,34.36,24.8,63.4,97.64434051513672,0.00885731354355812,0.9106504917144775,0.09153969585895538,0.0,599.0,0.0,0.0,0.0,0.0,50.335507959127426,0.0,0.0,0.0,0.0,0.0,450.0,894.7,0.0,0.0,89.666,1.253,90.919,10.934,0.7,90.219,emon,0.887,0.765,42.7,19.9,2.147
2026-09-17 22:04:42.895,15.0,0,92,92;6;45;60;0;0;11;3;0;0;8;0;9;0;6;0,991,4717,4717;4443;4594;4481;2782;3019;2106;3440;2077;2206;1666;2124;1053;991;1266;1252,0.0,0.0,894.7,0,0,0,0,0,0.0,0,0,0,0,0,0,0,0,0.0,0,0,0,0,0,0.0,0.0,7490.2,0,0,0,99.1,22.54,0.0,2.45,34.36,24.8,63.4,97.4456672668457,0.0074050878174602985,0.9302377104759216,0.09309253096580505,0.0,1199.0,0.0,0.0,0.0,0.0,50.21996435523033,0.0,0.0,0.0,0.0,0.0,450.0,894.7,0.0,0.0,89.666,1.253,90.919,10.934,0.7,90.219,emon,0.887,0.765,42.7,19.9,2.147
2026-09-17 22:04:43.895,14.2,0,62,58;39;62;42;0;0;6;6;0;0;3;2;6;0;0;3,1018,4650,4621;4650;4564;4617;3215;2675;2441;2370;2497;2444;1688;1777;1069;1064;1018;1206,0.0,0.0,894.7,0,0,0,0,0,0.0,0,0,0,0,0,0,0,0,0.0,0,0,0,0,0,0.0,0.0,7490.2,0,0,0,98.1,22.54,0.0,2.45,34.36,24.8,63.4,98.44084167480469,0.007312345784157515,0.9716051816940308,0.09742855280637741,0.0,1199.0,0.0,0.0,0.0,0.0,50.13915152847767,0.0,0.0,0.0,0.0,0.0,450.0,894.7,0.0,0.0,89.666,1.253,90.919,10.934,0.7,90.219,emon,0.887,0.765,42.7,19.9,2.147
2026-09-17 22:04:44.896,14.3,0,94,3;94;6;83;0;0;0;17;0;0;0;14;4;0;0;6,774,4642,4555;4632;4642;4574;1823;2216;2668;2289;3233;3070;2919;1728;1069;774;991;1158,0.0,0.0,894.7,0,0,0,0,0,0.0,0,0,0,0,0,0,0,0,0.0,0,0,0,0,0,0.0,0.0,7490.2,0,0,0,97.1,22.54,0.0,2.45,34.36,24.8,63.4,98.44084167480469,0.007312345784157515,0.9716051816940308,0.09742855280637741,0.0,1199.0,0.0,0.0,0.0,0.0,50.13915152847767,0.0,0.0,0.0,0.0,0.0,450.0,894.7,0.0,0.0,89.666,1.253,90.919,10.934,0.7,90.219,emon,0.887,0.765,42.7,19.9,2.147
2026-09-17 22:04:45.896,7.6,0,89,0;25;0;89;0;0;0;2;0;0;0;0;6;0;0;0,961,4725,4708;4600;4721;4725;1358;1697;1245;1334;1365;1482;1624;1330;1039;1095;961;1038,0.0,0.0,894.7,0,0,0,0,0,0.0,0,0,0,0,0,0,0,0,0.0,0,0,0,0,0,0.0,0.0,7490.2,0,0,0,82.1,32.49,0.0,0.32,34.55,24.8,63.4,98.00524520874023,0.00728760939091444,0.9448816180229187,0.09445159882307053,0.0,1199.0,0.0,0.0,0.0,0.0,50.18487510085106,0.0,0.0,0.0,0.0,0.0,450.0,894.7,0.0,0.0,89.666,1.253,90.919,10.934,0.7,90.219,emon,0.887,0.765,42.7,19.9,2.147
2026-09-17 22:04:46.896,8.3,0,97,2;20;2;97;0;0;0;8;0;0;0;5;0;0;0;0,977,4732,4721;4611;4732;4728;2267;1681;1325;1909;1209;1773;1177;1230;1033;977;1051;1010,0.0,0.0,894.7,0,0,0,0,0,0.0,0,0,0,0,0,0,0,0,0.0,0,0,0,0,0,0.0,0.0,7490.2,0,0,0,81.1,32.49,0.0,0.32,34.55,24.7,63.4,96.18760299682617,0.006789669394493103,1.016284465789795,0.10201539099216461,0.0,1199.0,0.0,0.0,0.0,0.0,50.242936328053474,0.0,0.0,0.0,0.0,0.0,450.0,894.7,0.0,0.0,89.666,1.253,90.919,10.934,0.7,90.219,emon,0.887,0.765,42.7,19.9,2.147
2026-09-17 22:04:47.897,7.4,0,98,2;8;0;98;2;0;0;3;0;0;0;3;3;0;0;0,939,4728,4670;4679;4728;4724;2131;1906;1927;1639;1413;1469;1204;1596;1035;1026;939;1043,0.0,0.0,894.7,0,0,0,0,0,0.0,0,0,0,0,0,0,0,0,0.0,0,0,0,0,0,0.0,0.0,7490.2,0,0,0,81.1,32.49,0.0,0.32,34.55,24.8,63.4,97.48941421508789,0.008767813444137573,0.9141339063644409,0.09184126555919647,0.0,599.0,0.0,0.0,0.0,0.0,50.36339572072029,0.0,0.0,0.0,0.0,0.0,450.0,894.7,0.0,0.0,89.666,1.253,90.919,10.934,0.7,90.219,emon,0.887,0.765,42.7,19.9,2.147
2026-09-17 22:04:48.897,7.8,0,97,0;14;0;97;0;0;0;6;0;0;0;5;3;0;0;0,855,4728,4728;4676;4726;4727;1232;1236;1232;1876;1537;1290;1279;1329;1038;1039;855;994,0.0,0.0,894.7,0,0,0,0,0,0.0,0,0,0,0,0,0,0,0,0.0,0,0,0,0,0,0.0,0.0,7490.2,0,0,0,81.1,32.49,0.0,0.32,34.55,24.7,63.4,97.50569534301758,0.007626712787896395,0.9886172413825989,0.09896481037139893,0.0,1199.0,0.0,0.0,0.0,0.0,50.2106361836195,0.0,0.0,0.0,0.0,0.0,450.0,894.7,0.0,0.0,0.28,0.533,0.813,12.398,0.793,0.02,emon,0.918,0.851,32.7,28.2,1.162
2026-09-17 22:04:49.899,7.4,0,95,0;16;0;95;0;0;0;5;0;0;0;3;0;0;0;0,1120,4726,4631;4623;4722;4726;2718;2956;2975;1658;2840;2977;2964;1465;1120;1774;1831;1702,0.0,0.0,894.7,0,0,0,0,0,0.0,0,0,0,0,0,0,0,0,0.0,0,0,0,0,0,0.0,0.0,7490.2,0,0,0,81.1,22.27,0.0,0.32,24.34,24.7,63.4,95.96279525756836,0.009317691437900066,0.9252790212631226,0.09297653287649155,0.0,874.0,0.0,0.0,0.0,0.0,50.41362911462784,0.0,0.0,0.0,0.0,0.0,450.0,894.7,0.0,0.0,0.28,0.533,0.813,12.398,0.793,0.02,emon,0.918,0.851,32.7,28.2,1.162
2026-09-17 22:04:50.899,9.7,2,82,3;82;2;37;3;2;2;5;2;2;2;8;2;3;2;2,1377,4709,4467;4351;4709;4224;3055;3288;3222;2049;3373;3224;3388;2124;1377;2607;2921;2569,0.6,0.0,897.8,0,0,0,0,0,0.0,0,0,0,0,0,0,0,0,0.0,0,0,0,0,0,0.5,0.0,7490.2,0,0,0,70.1,22.27,0.0,0.32,24.34,24.8,63.4,98.89121373494466,2.4613101252665124,19.057621041933697,17.584415326515835,0.03277604840695858,965.6666666666666,0.0,0.0,0.0,0.0,50.14938720936576,0.0,0.0,0.0,0.0,0.0,250.0,897.8,0.0,0.0,0.28,0.533,0.813,12.398,0.793,0.02,emon,0.918,0.851,32.7,28.2,1.162
2026-09-17 22:04:51.900,7.7,0,84,0;84;0;30;0;0;0;2;0;0;0;0;3;0;2;3,582,4428,4387;4339;4428;4183;1229;1228;1235;1527;1187;1201;1229;1273;619;582;850;939,0.0,0.0,897.8,0,0,0,0,0,0.0,0,0,0,0,0,0,0,0,0.0,0,0,0,0,0,100.0,0.0,7490.2,0,0,0,69.1,22.27,0.0,0.32,24.34,24.8,63.4,98.87781524658203,0.008613595739006996,1.0699036121368408,0.10708124190568924,0.0,1149.0,0.0,0.0,0.0,0.0,50.14351259917021,0.0,0.0,0.0,0.0,0.0,250.0,897.8,0.0,0.0,0.28,0.533,0.813,12.398,0.793,0.02,emon,0.918,0.851,32.7,28.2,1.162
2026-09-17 22:04:52.900,8.8,0,96,2;96;0;30;0;0;0;6;0;0;0;3;0;0;0;5,458,4371,4322;4371;3942;4296;1728;1610;2175;2115;1898;1546;1583;1638;623;475;458;892,0.1,0.0,893.8,0,0,0,0,0,0.0,0,0,0,0,0,0,0,0,0.0,0,0,0,0,0,100.0,0.0,7490.2,0,0,0,70.1,22.27,0.0,0.32,24.34,24.9,63.4,99.0057373046875,0.008840837515890598,0.9421102404594421,0.09463785588741302,0.0,1024.0,0.0,0.0,0.0,0.0,50.110690757632256,0.0,0.0,0.0,0.0,0.0,250.0,893.8,0.0,0.0,0.28,0.533,0.813,12.398,0.793,0.02,emon,0.918,0.851,32.7,28.2,1.162
2026-09-17 22:04:53.901,8.8,0,85,3;85;2;32;2;0;0;5;2;2;2;3;6;0;0;0,449,4353,3774;4353;3969;4274;1530;1401;1276;1416;1332;1334;1223;1293;609;489;449;875,0.0,0.0,893.8,0,0,0,0,0,0.0,0,0,0,0,0,0,0,0,0.0,0,0,0,0,0,85.2,0.0,7512.5,0,0,0,69.1,18.24,0.0,13.8,35.78,24.9,63.4,97.67272186279297,0.009576705284416676,1.059860110282898,0.10641799122095108,0.0,399.0,0.0,0.0,0.0,0.0,50.42429381608963,0.0,0.0,0.0,0.0,0.0,250.0,893.8,0.0,0.0,0.28,0.533,0.813,12.398,0.793,0.02,emon,0.918,0.851,32.7,28.2,1.162
2026-09-17 22:04:54.902,9.2,0,86,2;30;0;86;0;0;0;9;2;0;0;8;9;2;0;0,615,4350,3707;4262;4279;4350;1213;1211;1206;2167;1490;1289;1288;1631;615;647;862;667,0.0,0.0,893.8,0,0,0,0,0,0.0,0,0,0,0,0,0,0,0,0.0,0,0,0,0,0,99.9,0.0,7512.5,0,0,0,68.1,18.24,0.0,13.8,35.78,24.9,63.4,98.98154067993164,0.008114843629300594,0.8363717794418335,0.08376612514257431,0.0,1024.0,0.0,0.0,0.0,0.0,50.10176955163479,0.0,0.0,0.0,0.0,0.0,250.0,893.8,0.0,0.0,0.28,0.533,0.813,12.398,0.793,0.02,emon,0.918,0.851,32.7,28.2,1.162
2026-09-17 22:04:55.903,8.1,0,100,2;17;0;100;0;0;0;6;0;0;0;5;0;0;0;0,429,4331,4012;4224;4230;4331;1260;1414;1327;2151;1215;1187;1185;1836;605;429;552;842,0.0,0.0,893.8,0,0,0,0,0,0.0,0,0,0,0,0,0,0,0,0.0,0,0,0,0,0,100.0,0.0,7512.5,0,0,0,66.1,18.24,0.0,13.8,35.78,25.0,63.4,98.71876525878906,0.007844639010727406,0.7915953397750854,0.07927213609218597,0.0,1049.0,0.0,0.0,0.0,0.0,50.10438806563616,0.0,0.0,0.0,0.0,0.0,250.0,893.8,0.0,0.0,0.28,0.533,0.813,12.398,0.793,0.02,emon,0.918,0.851,32.7,28.2,1.162
2026-09-17 22:04:56.903,9.6,0,94,3;25;2;94;0;0;0;9;0;0;0;11;10;0;0;0,606,4374,4192;4211;4347;4374;1220;1209;1213;2101;1216;1219;1219;1334;606;626;611;647,0.0,0.0,893.8,0,0,0,0,0,0.0,0,0,0,0,0,0,0,0,0.0,0,0,0,0,0,100.0,0.0,7536.2,0,0,0,67.1,18.24,0.0,13.8,35.78,25.0,63.4,99.04800796508789,0.00865099299699068,0.9250131249427795,0.09260918945074081,0.0,1099.0,0.0,0.0,0.0,0.0,50.14730333536863,0.0,0.0,0.0,0.0,0.0,250.0,893.8,0.0,0.0,0.28,0.533,0.813,12.398,0.793,0.02,emon,0.918,0.851,32.7,28.2,1.162
2026-09-17 22:04:57.903,15.7,6,100,12;28;8;100;8;6;6;15;6;8;6;12;13;6;8;9,1535,4445,4445;4236;4417;4341;3396;3366;3427;2819;3411;3380;3419;2625;1535;1805;1838;1812,0.0,0.0,893.8,0,0,0,0,0,0.0,0,0,0,0,0,0,0,0,0.0,0,0,0,0,0,100.0,0.0,7536.2,0,0,0,65.1,17.36,0.0,17.94,39.51,25.3,63.4,97.99223709106445,0.009667118079960346,0.8890626430511475,0.08880797773599625,0.0,399.0,0.0,0.0,0.0,0.0,50.36841493844986,0.0,0.0,0.0,0.0,0.0,250.0,893.8,0.0,0.0,0.28,0.533,0.813,12.398,0.793,0.02,emon,0.918,0.851,32.7,28.2,1.162
2026-09-17 22:04:58.904,15.5,3,79,14;79;10;48;6;6;10;8;3;8;5;25;11;5;3;8,1988,4672,4672;4379;4667;4358;3417;3419;3431;2611;3438;3438;3441;2916;1988;2950;2943;2841,0.0,0.0,898.7,0,0,0,0,0,0.0,0,0,0,0,0,0,0,0,0.0,0,0,0,0,0,93.4,0.0,7536.2,0,0,0,67.1,17.36,0.0,17.94,39.51,25.0,63.4,98.41451358795166,1.5990528726251796,13.402631103992462,10.847872598096728,0.004063936281454517,1161.5,0.0,0.0,0.0,0.0,50.159294886514544,0.0,0.0,0.0,0.0,0.0,250.0,898.7,0.0,0.0,0.28,0.533,0.813,12.398,0.793,0.02,emon,0.918,0.851,32.7,28.2,1.162
2026-09-17 22:04:59.905,7.7,0,89,0;89;0;28;0;0;0;3;0;0;0;3;0;0;0;0,478,4330,4036;4330;4141;4127;1178;1097;1142;1766;1396;1150;1141;1514;644;498;478;647,0.0,0.0,898.7,0,0,0,0,0,0.0,0,0,0,0,0,0,0,0,0.0,0,0,0,0,0,93.9,0.0,7536.2,0,0,0,67.1,17.36,0.0,17.94,39.51,25.0,63.4,98.53349304199219,0.010244375094771385,0.8320858478546143,0.08352351933717728,0.0,399.0,0.0,0.0,0.0,0.0,50.315759778022766,0.0,0.0,0.0,0.0,0.0,250.0,898.7,0.0,0.0,48.998,27.353,76.351,9.769,0.625,75.726,emon,0.8,0.565,82.9,38.6,2.147
2026-09-17 22:05:00.905,14.5,0,81,12;81;9;50;5;0;0;20;3;2;2;28;6;0;0;14,556,4715,4668;4428;4715;4451;3402;2878;3262;2550;3399;3423;3419;2969;796;1287;556;2512,0.0,0.0,894.7,0,0,0,0,0,0.0,0,0,0,0,0,0,0,0,0.0,0,0,0,0,0,71.1,0.0,6792.5,0,0,0,66.1,17.36,0.0,17.94,39.51,23.0,63.4,97.98445383707683,0.7658102847635746,9.783123652140299,4.267399291197459,0.9970926443735758,1082.3333333333333,0.0,0.0,0.0,0.0,50.19602327545484,0.0,0.0,0.0,0.0,0.0,250.0,894.7,0.0,0.0,48.998,27.353,76.351,9.769,0.625,75.726,emon,0.8,0.565,82.9,38.6,2.147
2026-09-17 22:05:01.913,46.1,11,91,74;82;58;91;49;11;26;58;37;34;24;75;18;18;12;69,2888,4728,4728;4727;4726;4724;3424;3408;3430;3385;3429;3416;3277;3375;2907;2938;2888;2932,0.0,0.0,894.7,0,0,0,0,0,0.0,0,0,0,0,0,0,0,0,0.0,0,0,0,0,0,71.1,0.0,6792.5,0,0,0,61.1,17.36,0.0,17.94,39.51,18.1,63.4,98.37537384033203,0.43893473052109283,7.822959661483765,2.600653072198232,0.19245143234729767,1199.0,0.0,0.0,0.0,0.0,50.17595670123895,0.0,0.0,0.0,0.0,0.0,450.0,894.7,0.0,0.0,48.998,27.353,76.351,9.769,0.625,75.726,emon,0.8,0.565,82.9,38.6,2.147
