timestamp,cpu_total_pct,cpu_core_min,cpu_core_max,cpu_cores_csv,cpu_freq_min_mhz,cpu_freq_max_mhz,cpu_freq_csv,igpu_pct,igpu_ded_mb,igpu_shared_mb,nvidia_gpu_pct,nvidia_mem_pct,nvidia_mem_used_mb,nvidia_mem_total_mb,nvidia_temp_c,nvidia_power_w,nvidia_sm_clk_mhz,nvidia_mem_clk_mhz,nvidia_pcie_gen,nvidia_pcie_width,nvidia_throttle,nvidia_pcie_rx_kbs,nvidia_pcie_tx_kbs,nvidia_pstate,nvidia_power_limit_w,nvidia_sm_clk_max_mhz,nvidia_mem_clk_max_mhz,nvidia_sm_clk_eff_pct,nvidia_mem_clk_eff_pct,nvidia_power_eff_pct,npu_pct,npu_ded_mb,npu_shared_mb,npu_process_count,npu_infer_ms,cpu_throttle_pct,soc_temp_c,rapl_cpu_w,rapl_igpu_w,rapl_npu_w,rapl_soc_w,ram_used_gb,ram_total_gb,l0_gpu_busy,l0_xve_active,l0_xve_stall,l0_xve_occupancy,l0_l3_stall,l0_gpu_freq_mhz,l0_mem_read_gbs,l0_mem_write_gbs,l0_compute_busy,l0_copy_busy,l0_render_busy,zes_gpu_busy,zes_compute_busy,zes_render_busy,zes_copy_busy,zes_media_busy,zes_freq_mhz,zes_mem_used_mb,zes_temp_c,zes_power_w,dram_read_gbs,dram_write_gbs,dram_total_gbs,l3miss_millions,ia_dram_bw_gbs,nonia_dram_bw_gbs,bw_source,dram_page_hit_rate_rd,dram_page_hit_rate_wr,dram_rd_latency_imc_clks,dram_rd_latency_ns,imc_freq_ghz
2026-09-17 22:05:30.144,28.6,0,100,67;33;67;100;67;0;0;0;33;0;0;0;67;0;25;0,1493,4680,4663;4680;4670;4680;2896;3413;3254;2827;3076;3061;3408;3441;1754;1914;1514;1493,7.0,0.0,946.4,0,0,0,0,0,0.0,0,0,0,0,0,0,0,0,0.0,0,0,0,0,0,0.0,0.0,0.0,0,0,0,77.1,0.0,0.0,0.0,0.0,15.9,63.4,92.81501523653667,4.766448433200519,21.09539532661438,21.541335105895996,0.8098673205822706,1486.5,0.0,0.0,0.0,0.0,58.84708148986101,0.0,0.0,0.0,0.0,0.0,0.0,0.0,0.0,0.0,,,,,,,,,,,,
2026-09-17 22:05:31.145,17.7,0,94,62;48;8;94;34;2;0;0;19;3;2;0;11;0;0;0,1448,4727,4724;4727;4704;4726;2672;3028;1728;1595;2929;3020;3365;3392;1614;1595;2019;1448,7.0,0.0,946.4,0,0,0,0,0,0.0,0,0,0,0,0,0,0,0,0.0,0,0,0,0,0,0.0,0.0,0.0,0,0,0,80.1,0.0,0.0,0.0,0.0,15.9,63.4,94.321546754812,4.37539464188373,19.854918872903337,20.220153553279367,1.1138704600609506,1130.6272965879266,0.0,0.0,0.0,0.0,58.38561679792451,0.0,0.0,0.0,0.0,0.0,450.0,946.4,0.0,0.0,,,,,,,,,,,,
2026-09-17 22:05:32.145,21.3,2,100,51;61;14;100;33;11;2;2;23;14;3;5;15;3;2;3,2027,4725,4719;4725;4695;4687;2944;3392;3002;3395;3019;3333;3297;3172;2027;2414;2395;2427,6.9,0.0,932.0,0,0,0,0,0,0.0,0,0,0,0,0,0,0,0,0.0,0,0,0,0,0,0.0,0.0,0.0,0,0,0,80.1,31.61,0.23,0.4,36.45,15.9,63.4,99.1621643413197,4.432476527929147,20.672494504541,21.093247296179044,0.9392612574577368,1094.1871657754011,0.0,0.0,0.0,0.0,58.613125594063874,1.1,0.0,0.0,0.0,0.0,450.0,932.0,0.0,0.0,,,,,,,,,,,,
2026-09-17 22:05:33.145,18.1,0,92,59;42;5;92;33;2;0;0;27;11;0;0;19;0;0;0,1142,4701,4685;4682;4681;4701;2949;3365;3225;3128;2970;3271;3306;3071;1870;1657;1770;1142,8.2,0.0,940.0,0,0,0,0,0,0.0,0,0,0,0,0,0,0,0,0.0,0,0,0,0,0,0.0,0.0,0.0,0,0,0,78.1,31.61,0.23,0.4,36.45,16.0,63.4,91.62710514384068,4.256580768541715,19.647464698810918,19.937063629087298,1.197856790385548,1124.5725190839694,0.0,0.0,0.0,0.0,57.1142297736926,1.2,0.0,0.0,0.0,0.0,450.0,953.7,0.0,0.0,,,,,,,,,,,,
2026-09-17 22:05:34.146,20.3,0,94,58;52;11;94;28;5;0;0;55;14;0;0;6;0;2;0,1338,4710,4695;4704;4677;4710;2760;3404;2026;3157;3312;3390;3420;3348;1740;1362;1338;1400,6.9,0.0,940.0,0,0,0,0,0,0.0,0,0,0,0,0,0,0,0,0.0,0,0,0,0,0,0.0,0.0,0.0,0,0,0,74.1,31.61,0.23,0.4,36.45,16.1,63.4,92.7642201087203,4.072342380100678,19.675861150263476,19.850149863594723,1.1683435708133687,1169.159151193634,0.0,0.0,0.26609347086765406,0.01342596489175245,57.67623132220235,1.1,0.0,0.0,0.0,0.0,450.0,940.0,0.0,0.0,,,,,,,,,,,,
2026-09-17 22:05:35.146,24.0,0,97,57;61;14;97;76;12;0;0;38;14;0;2;14;0;0;0,1292,4726,4715;4726;4715;4723;3372;3352;3429;3439;3055;3253;3447;3423;2100;1485;1292;1325,6.6,0.0,960.9,0,0,0,0,0,0.0,0,0,0,0,0,0,0,0,0.0,0,0,0,0,0,0.0,0.0,0.0,0,0,0,69.1,31.61,0.23,0.4,36.45,16.8,63.4,93.17029369457347,4.505850201044735,19.75181154753711,20.26437426165149,0.9917894398994945,1101.2972972972973,0.0,0.0,0.0,0.0,57.9238888362775,1.0,0.0,0.0,0.0,0.0,450.0,960.9,0.0,0.0,,,,,,,,,,,,
2026-09-17 22:05:36.146,22.6,0,94,65;50;12;94;45;19;0;0;40;12;2;0;22;0;0;0,1474,4729,4726;4729;4727;4728;3184;3379;3257;3395;2972;3293;3446;3451;2087;1474;2067;1724,6.5,0.0,2031.4,0,0,0,0,0,0.0,0,0,0,0,0,0,0,0,0.0,0,0,0,0,0,0.0,0.0,0.0,0,0,0,74.1,28.96,0.28,0.39,33.87,18.5,63.4,92.91363712583993,4.36577387924852,19.82048150525485,20.20284445785401,1.1203542502958417,1118.4960212201593,0.0,0.0,0.0,0.0,57.36715286873301,1.1,0.0,0.0,0.0,0.0,450.0,1433.2,0.0,0.0,,,,,,,,,,,,
2026-09-17 22:05:37.147,18.6,0,95,45;55;9;95;34;2;0;0;28;9;2;2;17;0;0;0,827,4715,4702;4715;4676;4714;2910;3351;3377;3229;2880;3356;3374;3440;1758;1758;1373;827,6.4,0.0,3944.8,0,0,0,0,0,0.0,0,0,0,0,0,0,0,0,0.0,0,0,0,0,0,0.0,0.0,0.0,0,0,0,77.1,28.96,0.28,0.39,33.87,20.2,63.4,96.47513551362522,4.482004970156085,20.263133218775245,20.72235699099396,1.2738039566408745,1124.130890052356,0.0,0.0,0.0,0.0,58.71805321614389,1.0,0.0,0.0,0.0,0.0,450.0,3231.8,0.0,0.0,,,,,,,,,,,,
2026-09-17 22:05:38.147,31.0,0,86,50;53;27;86;41;29;29;3;34;32;24;25;27;19;14;0,2626,4681,4650;4662;4627;4681;3210;3373;3414;3305;3207;3353;3338;3392;2626;2853;2813;2703,6.6,0.0,4876.6,0,0,0,0,0,0.0,0,0,0,0,0,0,0,0,0.0,0,0,0,0,0,0.0,0.0,0.0,0,0,0,76.1,28.96,0.28,0.39,33.87,20.1,63.4,92.99082047454914,3.8669973777899926,19.323070250210748,19.38640821007164,1.1405144447170807,1223.67018469657,0.0,0.0,1.6002830223310591,0.0,56.56688771768009,1.0,0.0,0.0,0.0,0.0,450.0,4880.8,0.0,0.0,,,,,,,,,,,,
2026-09-17 22:05:39.147,12.1,0,86,36;6;8;86;16;0;0;0;16;0;0;0;25;0;0;0,985,4728,4716;4717;4723;4728;2376;3241;2306;2275;2683;3162;2339;3248;1431;1088;985;1040,7.0,0.0,4886.6,0,0,0,0,0,0.0,0,0,0,0,0,0,0,0,0.0,0,0,0,0,0,0.0,0.0,0.0,0,0,0,78.1,28.96,0.28,0.39,33.87,20.0,63.4,93.22472266648946,4.395315243068494,20.4230004059641,20.809740347611278,1.873816194422206,1167.0263157894738,0.0,0.0,0.0,0.0,57.72062413504249,1.1,0.2,0.0,0.0,0.0,450.0,4886.6,0.0,0.0,,,,,,,,,,,,
2026-09-17 22:05:40.148,11.1,0,98,30;8;2;98;18;0;0;0;12;0;0;0;9;0;0;0,1021,4729,4658;4642;4729;4729;2384;2893;1886;2022;2571;2962;2832;2390;1403;1162;1054;1021,7.1,0.0,4886.6,0,0,0,0,0,0.0,0,0,0,0,0,0,0,0,0.0,0,0,0,0,0,0.0,0.0,0.0,0,0,0,79.1,27.03,0.23,0.36,31.39,20.0,63.4,93.9801147290728,4.529612572174373,20.09264385293475,20.51392941212091,1.308532262709862,1093.4881889763778,0.0,0.0,0.0,0.0,58.37736150246906,1.1,0.0,0.0,0.0,0.0,450.0,4886.6,0.0,0.0,,,,,,,,,,,,
2026-09-17 22:05:41.148,18.7,0,86,47;36;9;86;42;6;2;9;30;9;6;2;11;0;3;0,1763,4709,4680;4693;4644;4709;3098;3385;3307;3378;2947;3402;3306;3415;1763;2267;2570;2070,8.9,0.0,4927.6,0,0,0,0,0,0.0,0,0,0,0,0,0,0,0,0.0,0,0,0,0,0,0.0,0.0,0.0,0,0,0,78.1,27.03,0.23,0.36,31.39,20.1,63.4,99.5028996034102,4.19626386529258,21.551178945736453,21.482597434215926,1.430113037047704,1160.221590909091,0.0,0.0,0.0,0.0,57.386206573722035,1.1,0.0,0.0,0.0,0.0,450.0,4886.6,0.0,0.0,,,,,,,,,,,,
2026-09-17 22:05:42.148,12.7,0,98,42;8;6;98;24;0;0;0;13;0;0;0;12;0;0;0,1335,4729,4720;4728;4729;4727;2830;3370;2888;3068;2818;3249;2783;2084;1587;1645;1335;1434,8.0,0.0,4914.1,0,0,0,0,0,0.0,0,0,0,0,0,0,0,0,0.0,0,0,0,0,0,0.0,0.0,0.0,0,0,0,78.1,27.03,0.23,0.36,31.39,20.1,63.4,99.32191855991437,4.019523973609536,21.79400147848982,21.41518443225199,1.5124041773348877,1118.918699186992,0.0,0.0,0.0,0.0,57.407350689657335,1.2,0.0,0.0,0.0,0.0,450.0,4914.1,0.0,0.0,,,,,,,,,,,,
2026-09-17 22:05:43.149,18.6,0,89,49;34;11;89;31;17;2;0;29;8;4;0;23;2;0;0,1391,4550,4429;4268;4186;4550;2758;3121;3286;3088;3103;3149;2924;3320;1928;1819;1885;1391,30.3,0.0,4927.1,0,0,0,0,0,0.0,0,0,0,0,0,0,0,0,0.0,0,0,0,0,0,0.0,0.0,0.0,0,0,0,71.1,27.03,0.23,0.36,31.39,20.2,63.4,99.33666946800167,3.606495072888395,21.860835625159503,21.078750659065275,1.3879318010908217,1168.4050991501417,0.0,0.0,0.0,0.0,56.60618768273602,1.2,0.0,0.0,0.0,0.0,450.0,4914.1,0.0,0.0,2.464,1.177,3.641,42.42,2.715,0.926,emon,0.813,0.804,32.3,15.1,2.139
2026-09-17 22:05:44.149,25.8,5,91,62;65;22;91;6;38;8;5;11;31;10;8;21;25;6;5,1380,4146,4130;4134;4047;4146;3117;2928;3021;2816;3166;2933;3129;3084;1505;1390;1428;1380,30.3,0.0,4927.1,0,0,0,0,0,0.0,0,0,0,0,0,0,0,0,0.0,0,0,0,0,0,0.0,0.0,0.0,0,0,0,59.1,24.69,3.15,0.37,33.76,20.2,63.4,98.30886856393782,8.193617971471326,31.597057573873588,30.317150827481566,15.112698451101213,1799.0,0.0,0.0,33.19267994074562,0.0,43.27626284346721,5.3,29.4,0.0,0.0,0.0,450.0,4953.6,0.0,0.0,2.464,1.177,3.641,42.42,2.715,0.926,emon,0.813,0.804,32.3,15.1,2.139
2026-09-17 22:05:45.149,18.6,0,83,38;70;9;83;0;36;2;0;2;22;5;3;0;26;2;2,979,4273,4179;4273;4130;4202;2730;2950;2920;2842;2677;2750;2895;2998;979;1495;1338;1042,100.0,0.0,4941.1,0,0,0,0,0,0.0,0,0,0,0,0,0,0,0,0.0,0,0,0,0,0,0.0,0.0,0.0,0,0,0,62.1,24.69,3.15,0.37,33.76,20.2,63.4,98.0719396853408,8.142618100590235,34.089647931401934,32.42357102788241,17.112748643693998,1799.0,0.0,0.0,35.3957437260161,1.6031533895264671,42.71531789409041,14.0,93.0,0.0,0.0,0.0,450.0,4934.6,0.0,0.0,2.464,1.177,3.641,42.42,2.715,0.926,emon,0.813,0.804,32.3,15.1,2.139
2026-09-17 22:05:46.150,9.4,0,77,6;77;0;33;0;16;0;0;0;8;0;0;9;2;0;0,929,4725,4678;4725;4600;4686;1383;1998;1771;1590;1313;1998;1994;1655;1022;1223;929;969,42.1,0.0,4951.0,0,0,0,0,0,0.0,0,0,0,0,0,0,0,0,0.0,0,0,0,0,0,0.0,0.0,0.0,0,0,0,80.1,24.69,3.15,0.37,33.76,20.2,63.4,88.31213523339534,0.022208964634362772,3.103078095809273,0.33102500546669616,0.49764546630414797,1111.8623188405797,0.0,0.0,0.0,0.0,56.87394365017721,10.3,67.5,0.0,0.0,0.0,450.0,4951.0,0.0,0.0,2.464,1.177,3.641,42.42,2.715,0.926,emon,0.813,0.804,32.3,15.1,2.139
2026-09-17 22:05:47.150,8.4,0,89,2;89;0;32;0;5;0;0;0;3;0;0;3;0;0;0,921,4728,4728;4714;3794;4672;1458;1344;2683;2860;1450;1378;1879;1695;1033;958;921;957,0.0,0.0,4951.0,0,0,0,0,0,0.0,0,0,0,0,0,0,0,0,0.0,0,0,0,0,0,0.0,0.0,0.0,0,0,0,84.1,24.69,3.15,0.37,33.76,20.2,63.4,64.00171947479248,0.006717837881296873,1.0419398546218872,0.10414256155490875,0.0,1199.0,0.0,0.0,0.0,0.0,50.074486542493105,0.2,0.0,0.0,0.0,0.0,450.0,4951.0,0.0,0.0,2.464,1.177,3.641,42.42,2.715,0.926,emon,0.813,0.804,32.3,15.1,2.139
2026-09-17 22:05:48.151,8.8,0,86,0;86;0;30;0;14;0;0;0;5;0;0;3;3;0;0,1018,4728,4728;4724;4720;4649;1238;1420;1722;1211;1161;1472;1486;1195;1033;1018;1018;1022,0.4,0.0,4938.5,0,0,0,0,0,0.0,0,0,0,0,0,0,0,0,0.0,0,0,0,0,0,0.0,0.0,0.0,0,0,0,83.1,21.73,2.75,0.34,29.05,20.2,63.4,98.00777816772461,0.008945874869823456,0.9193139672279358,0.09212438762187958,0.0,599.0,0.0,0.0,0.0,0.0,50.42062333226204,0.0,0.0,0.0,0.0,0.0,450.0,4938.5,0.0,0.0,2.464,1.177,3.641,42.42,2.715,0.926,emon,0.813,0.804,32.3,15.1,2.139
2026-09-17 22:05:49.151,8.8,0,88,2;88;0;31;0;6;3;0;0;2;3;3;0;3;0;0,1018,4723,4723;4717;4719;4678;1100;1488;1254;1711;1128;2094;1310;1750;1039;1064;1025;1018,0.0,0.0,4938.5,0,0,0,0,0,0.0,0,0,0,0,0,0,0,0,0.0,0,0,0,0,0,0.0,0.0,0.0,0,0,0,84.1,21.73,2.75,0.34,29.05,20.2,63.4,95.41122817993164,0.006899648811668158,1.0522947311401367,0.10541220754384995,0.0,1199.0,0.0,0.0,0.0,0.0,50.21517030894756,0.0,0.0,0.0,0.0,0.0,450.0,4938.5,0.0,0.0,2.464,1.177,3.641,42.42,2.715,0.926,emon,0.813,0.804,32.3,15.1,2.139
2026-09-17 22:05:50.152,10.4,0,83,8;83;0;43;0;12;2;0;0;15;0;0;3;0;0;0,1166,4619,4222;4619;4064;4395;2989;2648;3007;2898;2546;2532;2409;2602;1166;1394;1238;1327,0.0,0.0,4938.5,0,0,0,0,0,0.0,0,0,0,0,0,0,0,0,0.0,0,0,0,0,0,0.0,0.0,0.0,0,0,0,80.1,21.73,2.75,0.34,29.05,20.7,63.4,98.75760078430176,2.281461724487599,22.53813604172319,19.506700625410303,0.0012994572753086686,1192.75,0.0,0.0,12.5,0.0,50.14148494414985,0.0,0.0,0.0,0.0,0.0,450.0,4938.5,0.0,0.0,2.464,1.177,3.641,42.42,2.715,0.926,emon,0.813,0.804,32.3,15.1,2.139
2026-09-17 22:05:51.153,22.3,0,100,39;63;0;100;3;23;9;5;0;26;14;5;3;46;22;0,1544,4425,4360;4425;4170;4414;2778;2736;2925;2821;2678;2860;2920;2669;1628;1544;1789;1694,39.2,0.0,5754.2,0,0,0,0,0,0.0,0,0,0,0,0,0,0,0,0.0,0,0,0,0,0,0.0,0.0,0.0,0,0,0,68.1,21.73,2.75,0.34,29.05,25.7,63.4,78.51956452263727,4.742423657897032,11.996021482679579,9.446256143351397,0.5552308184964608,1799.0,0.0,0.0,50.096839511663546,0.0,16.845948321077028,3.7,12.3,0.0,0.0,0.0,450.0,5589.6,0.0,0.0,2.464,1.177,3.641,42.42,2.715,0.926,emon,0.813,0.804,32.3,15.1,2.139
2026-09-17 22:05:52.153,22.9,0,98,37;64;8;98;0;22;8;6;2;17;2;0;11;86;6;0,1166,4248,4248;4236;4170;4232;2375;2226;2035;2324;2693;2412;2256;2545;1166;1613;1452;1280,0.1,0.0,10655.0,0,0,0,0,0,0.0,0,0,0,0,0,0,0,0,0.0,0,0,0,0,0,0.0,0.0,0.0,0,0,0,63.1,21.67,6.91,0.34,32.02,25.8,63.4,100.002687726702,74.84798157807174,3.784967235156468,78.10415283484119,0.0008972789177538029,1799.0,0.0,0.0,78.71806905977428,0.0,7.276876301105533,8.1,55.6,0.0,0.0,0.0,450.0,10653.3,0.0,0.0,2.464,1.177,3.641,42.42,2.715,0.926,emon,0.813,0.804,32.3,15.1,2.139
2026-09-17 22:05:53.154,21.5,0,95,20;82;2;95;0;23;0;0;0;25;0;0;6;86;2;3,983,4246,4246;4233;3800;4189;1313;2043;1201;1195;1229;2166;1697;1391;1188;1552;1260;983,0.0,0.0,10619.2,0,0,0,0,0,0.0,0,0,0,0,0,0,0,0,0.0,0,0,0,0,0,0.0,0.0,0.0,0,0,0,65.1,21.67,6.91,0.34,32.02,25.8,63.4,100.00248894324669,69.35778856148514,6.884273510712844,71.70000500174669,0.1704875213595537,1849.0,0.0,0.0,77.07589470423184,0.0,7.877949062448281,14.3,100.0,0.0,0.0,0.0,450.0,10619.2,0.0,0.0,2.464,1.177,3.641,42.42,2.715,0.926,emon,0.813,0.804,32.3,15.1,2.139
2026-09-17 22:05:54.154,14.7,0,97,6;94;0;97;0;12;0;0;0;11;0;0;3;6;0;6,582,4547,4527;4502;4547;4439;1628;2175;3164;1854;1509;1962;3313;2475;582;1270;1010;746,0.0,0.0,10615.1,0,0,0,0,0,0.0,0,0,0,0,0,0,0,0,0.0,0,0,0,0,0,0.0,0.0,0.0,0,0,0,73.1,21.67,6.91,0.34,32.02,25.8,63.4,100.00046702793666,57.85682801563026,20.613567846161978,72.0957300577845,0.23872063844152894,1845.4285714285713,0.0,0.0,78.70715953253342,0.0,7.292628867285592,14.3,100.0,0.0,0.0,0.0,450.0,10615.1,0.0,0.0,2.464,1.177,3.641,42.42,2.715,0.926,emon,0.813,0.804,32.3,15.1,2.139
2026-09-17 22:05:55.155,14.3,0,97,11;88;0;97;0;12;2;0;0;12;0;0;6;2;0;0,569,4465,4345;4463;4456;4465;3331;2177;3107;2834;2456;2104;3286;3379;586;942;569;569,0.0,0.0,10615.1,0,0,0,0,0,0.0,0,0,0,0,0,0,0,0,0.0,0,0,0,0,0,0.0,0.0,0.0,0,0,0,72.1,21.67,6.91,0.34,32.02,25.8,63.4,100.00000305175782,94.46951293945312,5.52453236579895,99.08681411743164,0.00019932836294174195,1849.0,0.0,0.0,99.99999694824218,0.0,0.0,14.3,100.0,0.0,0.0,0.0,450.0,10615.1,0.0,0.0,18.148,5.306,23.454,47.06,3.012,20.442,emon,0.856,0.838,48.8,22.8,2.139
2026-09-17 22:05:56.155,14.2,0,94,19;83;0;94;0;11;0;0;0;9;2;0;6;3;0;0,505,4521,4463;4521;4449;4457;1645;1860;2807;2498;3346;2233;3255;3419;580;881;834;505,0.0,0.0,10615.1,0,0,0,0,0,0.0,0,0,0,0,0,0,0,0,0.0,0,0,0,0,0,0.0,0.0,0.0,0,0,0,73.1,18.94,24.88,0.35,48.79,25.8,63.4,100.00000076293945,95.11243438720703,4.8875696659088135,99.52712326049804,0.0,1849.0,0.0,0.0,100.00000076293945,0.0,0.0,14.3,100.0,0.0,0.0,0.0,450.0,10615.1,0.0,0.0,18.148,5.306,23.454,47.06,3.012,20.442,emon,0.856,0.838,48.8,22.8,2.139
2026-09-17 22:05:57.156,14.1,0,95,5;95;0;92;0;14;0;0;0;12;0;0;3;3;0;0,556,4488,4402;4486;4269;4488;2460;2075;3026;2595;2504;2278;2670;2574;573;1045;744;556,0.0,0.0,10615.1,0,0,0,0,0,0.0,0,0,0,0,0,0,0,0,0.0,0,0,0,0,0,0.0,0.0,0.0,0,0,0,70.1,18.94,24.88,0.35,48.79,25.8,63.4,99.99999694824218,81.67382297515869,18.092679595947267,92.20624694824218,0.3353877946734428,1844.0,0.0,0.0,100.00000610351563,0.0,0.0,14.3,100.0,0.0,0.0,0.0,450.0,10615.1,0.0,0.0,18.148,5.306,23.454,47.06,3.012,20.442,emon,0.856,0.838,48.8,22.8,2.139
2026-09-17 22:05:58.156,14.8,0,97,14;87;0;97;0;11;0;0;0;12;2;0;12;3;0;0,580,4458,4091;4458;3897;4388;1954;2075;2922;2631;1316;2604;3128;1352;580;1179;882;744,0.0,0.0,10615.1,0,0,0,0,0,0.0,0,0,0,0,0,0,0,0,0.0,0,0,0,0,0,0.0,0.0,0.0,0,0,0,69.1,18.94,24.88,0.35,48.79,25.7,63.4,99.97961086697049,49.028452979193794,21.34943069352044,63.81653202904595,0.20433249784602797,1846.2222222222222,0.0,0.0,66.86850935034454,0.0,11.31342469362749,14.3,100.0,0.0,0.0,0.0,450.0,10615.1,0.0,0.0,18.148,5.306,23.454,47.06,3.012,20.442,emon,0.856,0.838,48.8,22.8,2.139
2026-09-17 22:05:59.166,14.2,0,97,11;88;0;97;0;12;0;0;0;11;0;0;3;3;2;0,623,4559,4494;4559;4304;4529;3260;2234;3077;2803;1379;2557;2206;3177;623;1218;960;806,0.1,0.0,10620.0,0,0,0,0,0,0.0,0,0,0,0,0,0,0,0,0.0,0,0,0,0,0,0.0,0.0,0.0,0,0,0,71.1,18.94,24.88,0.35,48.79,25.7,63.4,99.999998304579,94.69172668457031,5.308278772566053,99.2578879462348,0.0,1849.0,0.0,0.0,99.999998304579,0.0,0.0,14.3,100.0,0.0,0.0,0.0,450.0,10620.0,0.0,0.0,18.148,5.306,23.454,47.06,3.012,20.442,emon,0.856,0.838,48.8,22.8,2.139
2026-09-17 22:06:00.166,15.1,0,95,13;86;0;95;0;12;0;0;0;17;0;0;9;5;5;0,618,4555,4432;4472;4555;4483;2970;2032;2875;3046;2795;2420;2845;2904;618;823;988;775,0.0,0.0,10620.0,0,0,0,0,0,0.0,0,0,0,0,0,0,0,0,0.0,0,0,0,0,0,0.0,0.0,0.0,0,0,0,68.1,19.52,24.68,0.34,48.83,25.7,63.4,99.9810540335519,51.94289691114266,26.469555054392135,71.83059165626764,0.2526312965159637,1809.7142857142858,0.0,0.0,78.70698630809784,0.0,7.312493714104805,14.3,100.0,0.0,0.0,0.0,450.0,10620.0,0.0,0.0,18.148,5.306,23.454,47.06,3.012,20.442,emon,0.856,0.838,48.8,22.8,2.139
2026-09-17 22:06:01.167,15.7,0,92,9;92;3;84;0;23;0;0;0;27;0;0;9;3;0;0,445,4521,4342;4473;4521;4449;1898;2127;2722;3214;1549;2606;2328;1681;620;1056;554;445,0.0,0.0,10615.6,0,0,0,0,0,0.0,0,0,0,0,0,0,0,0,0.0,0,0,0,0,0,0.0,0.0,0.0,0,0,0,67.1,19.52,24.68,0.34,48.83,25.7,63.4,99.9994376046317,74.44127054964858,4.167056024074554,77.74098480067083,0.001082899781782284,1799.0,0.0,0.0,78.7098027893475,0.0,7.275552166093673,14.3,100.0,0.0,0.0,0.0,450.0,10615.7,0.0,0.0,18.148,5.306,23.454,47.06,3.012,20.442,emon,0.856,0.838,48.8,22.8,2.139
2026-09-17 22:06:02.167,14.9,0,100,14;88;0;100;0;8;0;0;0;11;2;0;12;5;0;0,618,4530,4499;4496;4530;4514;3336;2016;3006;3372;3375;2832;2170;3321;618;1163;734;812,0.0,0.0,10615.0,0,0,0,0,0,0.0,0,0,0,0,0,0,0,0,0.0,0,0,0,0,0,0.0,0.0,0.0,0,0,0,70.1,19.52,24.68,0.34,48.83,25.7,63.4,99.99015045166016,73.49064290910385,3.4921313524246216,76.4542143470966,0.0010373262798304074,1799.0,0.0,0.0,77.06611034245445,0.0,7.831108597608713,14.3,99.9,0.0,0.0,0.0,450.0,10615.4,0.0,0.0,18.148,5.306,23.454,47.06,3.012,20.442,emon,0.856,0.838,48.8,22.8,2.139
2026-09-17 22:06:03.168,14.7,0,94,17;83;5;94;0;12;0;0;0;15;0;0;3;6;0;0,566,4488,4488;4480;4229;4472;2475;2116;3009;3155;2735;2026;3215;3305;566;973;779;624,0.0,0.0,10615.0,0,0,0,0,0,0.0,0,0,0,0,0,0,0,0,0.0,0,0,0,0,0,0.0,0.0,0.0,0,0,0,69.1,19.52,24.68,0.34,48.83,25.7,63.4,100.01153945922852,56.563393604542526,21.7992268374988,68.59798487275839,0.3476137604032244,1799.0,0.0,0.0,78.71619416986194,0.0,7.310577704704234,14.3,100.0,0.0,0.0,0.0,450.0,10615.0,0.0,0.0,18.148,5.306,23.454,47.06,3.012,20.442,emon,0.856,0.838,48.8,22.8,2.139
2026-09-17 22:06:04.168,14.3,0,98,8;91;2;98;0;12;0;0;0;8;0;0;6;3;0;0,571,4526,4470;4526;4367;4516;2381;2029;2818;2630;2066;2162;2960;1682;571;1134;836;678,0.0,0.0,10615.0,0,0,0,0,0,0.0,0,0,0,0,0,0,0,0,0.0,0,0,0,0,0,0.0,0.0,0.0,0,0,0,68.1,19.46,23.89,0.34,47.68,25.7,63.4,100.00782541128305,59.219348957189,17.753723300420322,75.42031237253777,0.0008632288742004535,1799.0,0.0,0.0,77.06760399158185,0.0,7.833591809639564,14.3,100.0,0.0,0.0,0.0,450.0,10615.0,0.0,0.0,18.148,5.306,23.454,47.06,3.012,20.442,emon,0.856,0.838,48.8,22.8,2.139
2026-09-17 22:06:05.169,14.2,0,97,3;97;2;92;0;14;0;0;0;14;0;0;3;2;0;0,583,4604,4504;4552;4604;4485;2279;2116;3089;3067;2507;2052;2902;3254;583;1065;839;678,0.0,0.0,10615.0,0,0,0,0,0,0.0,0,0,0,0,0,0,0,0,0.0,0,0,0,0,0,0.0,0.0,0.0,0,0,0,72.1,19.46,23.89,0.34,47.68,25.7,63.4,100.00000593397353,95.05811140272353,4.937545511457655,99.38829718695746,0.0002778534932682912,1799.0,0.0,0.0,99.99999576144748,0.0,0.0,14.3,100.0,0.0,0.0,0.0,450.0,10615.0,0.0,0.0,18.148,5.306,23.454,47.06,3.012,20.442,emon,0.856,0.838,48.8,22.8,2.139
2026-09-17 22:06:06.169,14.4,0,96,5;94;3;96;0;16;0;0;0;6;0;0;6;6;0;0,551,4482,4251;4482;4259;4442;1797;2133;3097;2420;2602;2073;3098;3225;571;1090;551;633,0.0,0.0,10615.0,0,0,0,0,0,0.0,0,0,0,0,0,0,0,0,0.0,0,0,0,0,0,0.0,0.0,0.0,0,0,0,72.1,19.46,23.89,0.34,47.68,25.7,63.4,99.99999694824218,96.05226058959961,3.947737193107605,99.57805252075195,0.0,1799.0,0.0,0.0,99.99999618530273,0.0,0.0,14.3,100.0,0.0,0.0,0.0,450.0,10615.0,0.0,0.0,18.148,5.306,23.454,47.06,3.012,20.442,emon,0.856,0.838,48.8,22.8,2.139
2026-09-17 22:06:07.170,14.1,0,98,9;91;0;98;0;11;0;0;0;6;0;0;6;3;0;0,527,4460,4423;4460;4408;4445;3258;2181;3084;2293;1572;2239;3179;3216;571;1111;783;527,0.0,0.0,10615.0,0,0,0,0,0,0.0,0,0,0,0,0,0,0,0,0.0,0,0,0,0,0,0.0,0.0,0.0,0,0,0,68.1,19.46,23.89,0.34,47.68,25.7,63.4,99.99999084472657,71.65884523391723,28.10853819847107,90.88086814880371,0.33016691065422493,1799.0,0.0,0.0,99.99999771118163,0.0,0.0,14.3,100.0,0.0,0.0,0.0,450.0,10615.0,0.0,0.0,17.454,4.086,21.54,12.254,0.784,20.756,emon,0.831,0.809,53.7,25.1,2.138
2026-09-17 22:06:08.170,15.0,0,94,16;88;3;94;0;12;0;2;0;17;0;0;3;5;0;0,552,4552,4450;4531;4392;4552;2655;1778;2981;2697;1764;2692;2624;1534;583;1344;1039;552,0.0,0.0,10615.0,0,0,0,0,0,0.0,0,0,0,0,0,0,0,0,0.0,0,0,0,0,0,0.0,0.0,0.0,0,0,0,71.1,19.53,23.71,0.34,47.78,25.7,63.4,100.00000593397353,94.41854349772136,5.5814561314053,99.07528008355035,0.0,1799.0,0.0,0.0,99.99999745686848,0.0,0.0,14.3,100.0,0.0,0.0,0.0,450.0,10615.0,0.0,0.0,17.454,4.086,21.54,12.254,0.784,20.756,emon,0.831,0.809,53.7,25.1,2.138
2026-09-17 22:06:09.180,15.1,0,92,8;92;5;88;0;20;0;0;0;20;0;0;3;3;3;0,533,4506,4506;4442;4316;4434;2654;1710;1857;2738;1846;2921;2944;1450;566;963;822;533,0.0,0.0,10615.0,0,0,0,0,0,0.0,0,0,0,0,0,0,0,0,0.0,0,0,0,0,0,0.0,0.0,0.0,0,0,0,71.1,19.53,23.71,0.34,47.78,25.7,63.4,100.00000305175782,95.2607192993164,4.739281702041626,99.52137603759766,0.0,1799.0,0.0,0.0,100.00000228881837,0.0,0.0,14.3,100.0,0.0,0.0,0.0,450.0,10615.0,0.0,0.0,17.454,4.086,21.54,12.254,0.784,20.756,emon,0.831,0.809,53.7,25.1,2.138
2026-09-17 22:06:10.181,14.5,0,98,5;95;0;98;0;14;0;0;0;9;0;0;6;3;0;0,447,4467,4419;4467;4232;4427;1803;1914;1916;2105;3152;2458;2909;3305;576;956;447;657,0.0,0.0,10615.0,0,0,0,0,0,0.0,0,0,0,0,0,0,0,0,0.0,0,0,0,0,0,0.0,0.0,0.0,0,0,0,70.1,19.53,23.71,0.34,47.78,25.7,63.4,99.992674607497,72.07571968679818,4.849289646515479,75.69208799990324,0.001394041795999958,1799.0,0.0,0.0,77.07040695444896,0.0,7.829718211307549,14.3,100.0,0.0,0.0,0.0,450.0,10615.0,0.0,0.0,17.454,4.086,21.54,12.254,0.784,20.756,emon,0.831,0.809,53.7,25.1,2.138
2026-09-17 22:06:11.181,15.1,0,94,3;89;2;94;0;22;0;0;0;19;0;0;6;8;0;0,586,4477,4278;4477;3997;4463;2092;2169;2121;1963;1989;2604;2747;2093;586;1270;986;761,0.0,0.0,10615.0,0,0,0,0,0,0.0,0,0,0,0,0,0,0,0,0.0,0,0,0,0,0,0.0,0.0,0.0,0,0,0,70.1,19.53,23.71,0.34,47.78,25.7,63.4,100.00132642473493,74.8904191032052,3.7388183729989186,78.07471583038568,0.000852965417185,1849.0,0.0,0.0,78.7137019712744,0.0,7.268067155565534,14.3,100.0,0.0,0.0,0.0,450.0,10615.0,0.0,0.0,17.454,4.086,21.54,12.254,0.784,20.756,emon,0.831,0.809,53.7,25.1,2.138
2026-09-17 22:06:12.182,14.8,0,98,12;87;0;98;0;20;0;0;0;9;2;0;3;3;2;0,511,4482,4228;4482;4260;4437;2544;1957;3188;3014;3271;2175;3343;2046;564;1089;819;511,0.0,0.0,10615.0,0,0,0,0,0,0.0,0,0,0,0,0,0,0,0,0.0,0,0,0,0,0,0.0,0.0,0.0,0,0,0,72.1,19.3,24.07,0.34,47.93,25.7,63.4,99.99791424091046,72.95360103987444,3.6123814307726345,76.12603775698405,0.014433500804723455,1845.1538461538462,0.0,0.0,77.07063457140556,0.0,7.831021856803161,14.3,100.0,0.0,0.0,0.0,450.0,10615.0,0.0,0.0,17.454,4.086,21.54,12.254,0.784,20.756,emon,0.831,0.809,53.7,25.1,2.138
2026-09-17 22:06:13.182,14.6,0,94,11;91;2;94;0;17;0;0;0;8;0;0;6;5;0;0,615,4502,4337;4502;4353;4462;2029;1915;3187;1669;1724;2223;2466;2565;615;1057;951;633,0.0,0.0,10615.0,0,0,0,0,0,0.0,0,0,0,0,0,0,0,0,0.0,0,0,0,0,0,0.0,0.0,0.0,0,0,0,72.1,19.3,24.07,0.34,47.93,25.7,63.4,99.98824427678035,54.93940548512798,21.851157353474544,69.77388304815842,0.2539716872673195,1837.4615384615386,0.0,0.0,77.06883698556787,0.0,7.833285125402304,14.3,100.0,0.0,0.0,0.0,450.0,10615.0,0.0,0.0,17.454,4.086,21.54,12.254,0.784,20.756,emon,0.831,0.809,53.7,25.1,2.138
2026-09-17 22:06:14.183,14.4,0,97,63;36;0;97;0;3;11;0;0;2;9;0;6;0;3;0,528,4449,4437;4434;4136;4449;1873;1714;1985;3199;2969;1316;2397;2834;567;528;1084;743,0.0,0.0,10615.0,0,0,0,0,0,0.0,0,0,0,0,0,0,0,0,0.0,0,0,0,0,0,0.0,0.0,0.0,0,0,0,69.1,19.3,24.07,0.34,47.93,25.7,63.4,99.99138259887695,73.55844937185091,4.510013810225895,77.2146859520248,0.007835358580840486,1849.0,0.0,0.0,78.70778722119783,0.0,7.286721726812955,14.3,100.0,0.0,0.0,0.0,450.0,10615.0,0.0,0.0,17.454,4.086,21.54,12.254,0.784,20.756,emon,0.831,0.809,53.7,25.1,2.138
2026-09-17 22:06:15.184,14.7,0,95,77;19;5;95;0;0;19;0;0;0;11;2;3;0;5;0,469,4530,4530;4416;4316;4492;2350;1284;2002;2705;3137;3052;2005;3253;574;547;1128;469,0.0,0.0,10615.0,0,0,0,0,0,0.0,0,0,0,0,0,0,0,0,0.0,0,0,0,0,0,0.0,0.0,0.0,0,0,0,71.1,19.3,24.07,0.34,47.93,25.7,63.4,99.99904687064034,74.94229404002961,3.6806508217539107,78.12680405378342,0.0009376760904810258,1799.0,0.0,0.0,78.70943475621087,0.0,7.271257536751883,14.3,100.0,0.0,0.0,0.0,450.0,10615.0,0.0,0.0,17.454,4.086,21.54,12.254,0.784,20.756,emon,0.831,0.809,53.7,25.1,2.138
2026-09-17 22:06:16.184,14.0,0,100,95;8;0;100;0;0;11;0;0;0;3;2;3;0;3;0,577,4487,4487;4473;4309;4417;2735;2124;2087;3274;2264;1959;2068;3416;577;704;1110;631,0.0,0.0,10615.0,0,0,0,0,0,0.0,0,0,0,0,0,0,0,0,0.0,0,0,0,0,0,0.0,0.0,0.0,0,0,0,73.1,19.72,24.16,0.34,48.41,25.7,63.4,100.0000015258789,75.67870788574218,24.098472929000856,92.20798797607422,0.32597534656524657,1809.0,0.0,0.0,100.0000015258789,0.0,0.0,14.3,100.0,0.0,0.0,0.0,450.0,10615.0,0.0,0.0,17.454,4.086,21.54,12.254,0.784,20.756,emon,0.831,0.809,53.7,25.1,2.138
2026-09-17 22:06:17.185,15.0,0,95,89;13;0;95;0;0;14;0;0;0;11;0;17;0;0;0,556,4480,4480;4476;3952;4441;2279;2119;1943;3214;1705;2083;2659;1377;556;573;779;616,0.0,0.0,10615.0,0,0,0,0,0,0.0,0,0,0,0,0,0,0,0,0.0,0,0,0,0,0,0.0,0.0,0.0,0,0,0,71.1,19.72,24.16,0.34,48.41,25.7,63.4,100.0,75.68570337295532,24.2582727432251,96.47728576660157,0.12720932202064433,1799.0,0.0,0.0,100.0,0.0,0.0,14.3,100.0,0.0,0.0,0.0,450.0,10615.0,0.0,0.0,17.454,4.086,21.54,12.254,0.784,20.756,emon,0.831,0.809,53.7,25.1,2.138
2026-09-17 22:06:18.185,14.5,0,98,92;11;0;98;0;0;9;0;0;0;9;0;9;0;2;2,559,4577,4520;4577;4568;4525;3160;2742;1968;2569;2533;2496;2776;3402;559;620;967;828,0.0,0.0,10615.0,0,0,0,0,0,0.0,0,0,0,0,0,0,0,0,0.0,0,0,0,0,0,0.0,0.0,0.0,0,0,0,71.1,19.72,24.16,0.34,48.41,25.7,63.4,99.999998304579,94.97665150960286,5.023341549767388,99.38523440890842,0.0,1799.0,0.0,0.0,99.999998304579,0.0,0.0,14.3,100.0,0.0,0.0,0.0,450.0,10615.0,0.0,0.0,17.454,4.086,21.54,12.254,0.784,20.756,emon,0.831,0.809,53.7,25.1,2.138
2026-09-17 22:06:19.186,14.5,0,92,92;5;2;91;0;0;14;2;0;0;14;0;9;0;5;0,551,4505,4505;4484;4198;4458;1999;2431;2146;3035;1766;2121;2659;2391;577;551;1017;641,0.0,0.0,10615.0,0,0,0,0,0,0.0,0,0,0,0,0,0,0,0,0.0,0,0,0,0,0,0.0,0.0,0.0,0,0,0,72.1,19.72,24.16,0.34,48.41,25.7,63.4,100.00275203159877,54.54662538718964,23.798282410417283,67.91572350263596,0.3730603207394389,1799.0,0.0,0.0,78.70648605482918,0.0,7.314046502645526,14.3,100.0,0.0,0.0,0.0,450.0,10615.0,0.0,0.0,14.321,3.834,18.154,11.086,0.71,17.444,emon,0.649,0.813,60.3,28.3,2.135
2026-09-17 22:06:20.187,14.6,0,95,89;9;0;95;0;0;16;0;0;0;16;0;3;0;6;0,469,4604,4469;4408;4604;4438;2427;2340;2271;2825;2442;1825;2570;2139;562;469;1065;711,0.0,0.0,10615.0,0,0,0,0,0,0.0,0,0,0,0,0,0,0,0,0.0,0,0,0,0,0,0.0,0.0,0.0,0,0,0,71.1,19.53,24.15,0.34,47.94,25.7,63.4,99.9847891671317,74.73446052947214,3.8546364988599504,77.88948656086411,0.00109407415480486,1799.0,0.0,0.0,78.72160505237323,0.0,7.268190801143646,14.3,100.0,0.0,0.0,0.0,450.0,10615.0,0.0,0.0,14.321,3.834,18.154,11.086,0.71,17.444,emon,0.649,0.813,60.3,28.3,2.135
2026-09-17 22:06:21.187,14.5,0,94,85;16;2;94;0;0;17;0;0;0;14;0;0;2;2;2,553,4567,4567;4422;4024;4448;1918;2370;1929;2126;1656;1942;2175;2089;553;850;980;967,0.0,0.0,10615.0,0,0,0,0,0,0.0,0,0,0,0,0,0,0,0,0.0,0,0,0,0,0,0.0,0.0,0.0,0,0,0,74.1,19.53,24.15,0.34,47.94,25.7,63.4,99.99910501333383,73.60897881609316,3.3774761786827674,76.46665323468355,0.001147193440164511,1799.0,0.0,0.0,77.08175017799323,0.0,7.832121015096513,14.3,100.0,0.0,0.0,0.0,450.0,10615.0,0.0,0.0,14.321,3.834,18.154,11.086,0.71,17.444,emon,0.649,0.813,60.3,28.3,2.135
2026-09-17 22:06:22.187,14.8,0,91,89;12;0;91;0;0;17;0;0;0;12;2;9;0;5;0,569,4485,4485;4166;4262;4465;3157;3028;2161;2938;2999;2298;2087;1526;569;752;1048;651,0.0,0.0,10615.0,0,0,0,0,0,0.0,0,0,0,0,0,0,0,0,0.0,0,0,0,0,0,0.0,0.0,0.0,0,0,0,71.1,19.53,24.15,0.34,47.94,25.7,63.4,99.99323272705078,56.41572235664353,21.861757780824387,71.39082297789199,0.4313794224388922,1799.0,0.0,0.0,78.7324487668063,0.0,7.307558046171574,14.3,100.0,0.0,0.0,0.0,450.0,10615.0,0.0,0.0,14.321,3.834,18.154,11.086,0.71,17.444,emon,0.649,0.813,60.3,28.3,2.135
2026-09-17 22:06:23.187,15.7,2,98,73;30;2;98;2;3;12;3;2;2;11;2;2;2;8;2,576,4474,4474;4315;4192;4438;2599;2932;2224;1827;2818;2772;2046;1708;576;787;888;684,0.0,0.0,10615.0,0,0,0,0,0,0.0,0,0,0,0,0,0,0,0,0.0,0,0,0,0,0,0.0,0.0,0.0,0,0,0,70.1,19.53,24.15,0.34,47.94,25.7,63.4,99.99447413853237,73.69415509620947,4.900671924863543,77.30681376584938,0.0011996944667771459,1799.0,0.0,0.0,78.70944609812328,0.0,7.266328402927944,14.3,100.0,0.0,0.0,0.0,450.0,10615.0,0.0,0.0,14.321,3.834,18.154,11.086,0.71,17.444,emon,0.649,0.813,60.3,28.3,2.135
2026-09-17 22:06:24.188,14.0,0,98,86;14;2;98;0;0;12;0;0;0;5;0;3;0;3;0,578,4528,4528;4338;4349;4457;3013;2823;2037;2153;1491;3038;2131;2753;578;913;1076;579,0.0,0.0,10615.0,0,0,0,0,0,0.0,0,0,0,0,0,0,0,0,0.0,0,0,0,0,0,0.0,0.0,0.0,0,0,0,71.1,19.55,23.47,0.34,47.58,25.7,63.4,100.01896197979266,73.35319499872051,3.6334159007439246,76.46556588434257,0.0008304592651816515,1799.0,0.0,0.0,77.07737570542555,0.0,7.856824636459351,14.3,100.0,0.0,0.0,0.0,450.0,10615.0,0.0,0.0,14.321,3.834,18.154,11.086,0.71,17.444,emon,0.649,0.813,60.3,28.3,2.135
2026-09-17 22:06:25.188,16.0,0,97,73;28;3;97;3;0;13;0;3;0;18;2;9;0;5;2,711,4464,4426;4316;3973;4464;2987;3181;2192;3234;3216;3239;2132;2977;711;1849;1390;1166,0.0,0.0,10615.0,0,0,0,0,0,0.0,0,0,0,0,0,0,0,0,0.0,0,0,0,0,0,0.0,0.0,0.0,0,0,0,70.1,19.55,23.47,0.34,47.58,25.7,63.4,100.00131116594586,69.60521859562557,8.773609408310481,72.74091421919209,0.24479824158229999,1799.0,0.0,0.0,78.71028395742178,0.0,7.279262180839266,14.3,100.0,0.0,0.0,0.0,450.0,10615.0,0.0,0.0,14.321,3.834,18.154,11.086,0.71,17.444,emon,0.649,0.813,60.3,28.3,2.135
2026-09-17 22:06:26.189,14.4,0,94,84;14;3;94;0;0;20;0;0;0;6;0;3;0;6;0,472,4472,4460;4472;4461;4459;1773;2443;2154;2895;1345;1417;2374;1746;587;472;1175;746,0.0,0.0,10615.0,0,0,0,0,0,0.0,0,0,0,0,0,0,0,0,0.0,0,0,0,0,0,0.0,0.0,0.0,0,0,0,70.1,19.55,23.47,0.34,47.58,25.7,63.4,99.986081804548,57.68830056900957,20.738023902688706,71.90141910633871,0.22725495725899236,1802.5714285714287,0.0,0.0,78.7009711715925,0.0,7.274728515318462,14.3,100.0,0.0,0.0,0.0,450.0,10615.0,0.0,0.0,14.321,3.834,18.154,11.086,0.71,17.444,emon,0.649,0.813,60.3,28.3,2.135
2026-09-17 22:06:27.189,14.2,0,97,87;11;2;97;0;0;9;3;0;0;6;0;6;0;6;0,467,4568,4568;4453;4182;4522;2994;3001;1950;3288;2218;2486;2516;3247;577;467;1277;637,0.0,0.0,10615.0,0,0,0,0,0,0.0,0,0,0,0,0,0,0,0,0.0,0,0,0,0,0,0.0,0.0,0.0,0,0,0,72.1,19.55,23.47,0.34,47.58,25.7,63.4,100.0107890537807,73.10556873612639,4.577688949448722,77.03029793394464,0.017366352790434445,1838.2857142857142,0.0,0.0,78.71582842724663,0.0,7.271227044718606,14.3,100.0,0.0,0.0,0.0,450.0,10615.0,0.0,0.0,14.321,3.834,18.154,11.086,0.71,17.444,emon,0.649,0.813,60.3,28.3,2.135
2026-09-17 22:06:28.189,14.8,0,92,86;14;0;92;0;0;19;0;0;0;12;2;3;0;8;0,613,4447,4447;4139;4107;4424;2685;2682;2280;1532;2650;2704;2513;3043;613;786;1111;770,0.0,0.0,10615.0,0,0,0,0,0,0.0,0,0,0,0,0,0,0,0,0.0,0,0,0,0,0,0.0,0.0,0.0,0,0,0,70.1,19.46,23.96,0.34,47.98,25.7,63.4,100.00000678168402,95.1910909016927,4.808905919392903,99.55612267388238,0.0,1849.0,0.0,0.0,99.999998304579,0.0,0.0,14.3,100.0,0.0,0.0,0.0,450.0,10615.0,0.0,0.0,14.321,3.834,18.154,11.086,0.71,17.444,emon,0.649,0.813,60.3,28.3,2.135
2026-09-17 22:06:29.190,14.2,0,98,81;19;0;98;0;0;14;0;0;0;6;0;9;0;0;0,569,4411,4411;4359;4165;4402;2673;2252;2173;3117;2854;2979;2006;2705;569;630;730;623,0.0,0.0,10615.0,0,0,0,0,0,0.0,0,0,0,0,0,0,0,0,0.0,0,0,0,0,0,0.0,0.0,0.0,0,0,0,67.1,19.46,23.96,0.34,47.98,25.7,63.4,100.00327137538365,74.02942399826965,4.602692271981921,77.6086688009756,0.0008073470089584589,1849.0,0.0,0.0,78.70863097693238,0.0,7.2669543363153934,14.3,100.0,0.0,0.0,0.0,450.0,10615.0,0.0,0.0,14.321,3.834,18.154,11.086,0.71,17.444,emon,0.649,0.813,60.3,28.3,2.135
2026-09-17 22:06:30.191,14.9,0,89,89;15;0;89;0;0;17;2;0;0;16;0;10;0;0;0,521,4582,4532;4471;4582;4502;2853;2894;2139;3350;3065;1846;2050;2649;561;620;726;521,0.0,0.0,10615.0,0,0,0,0,0,0.0,0,0,0,0,0,0,0,0,0.0,0,0,0,0,0,0.0,0.0,0.0,0,0,0,73.1,19.46,23.96,0.34,47.98,25.7,63.4,100.00633767934946,72.36444669145232,4.406872199131892,75.14958410538159,0.009801156012914501,1845.1538461538462,0.0,0.0,77.07756423935868,0.0,7.831708903496082,14.3,100.0,0.0,0.0,0.0,450.0,10615.0,0.0,0.0,3.312,2.753,6.065,11.075,0.709,5.356,emon,0.619,0.668,268.2,125.1,2.145
2026-09-17 22:06:31.191,14.8,0,95,92;14;2;95;0;0;8;0;0;0;16;0;9;0;2;0,501,4497,4491;4497;4319;4492;1818;1726;1928;2687;2191;2133;1882;3407;552;501;1003;565,0.0,0.0,10615.0,0,0,0,0,0,0.0,0,0,0,0,0,0,0,0,0.0,0,0,0,0,0,0.0,0.0,0.0,0,0,0,71.1,19.46,23.96,0.34,47.98,25.7,63.4,99.99768774850028,68.9703021755309,9.50278434583119,72.89731717322555,0.2377372646837362,1841.857142857143,0.0,0.0,78.70810538636786,0.0,7.270958074501583,14.3,100.0,0.0,0.0,0.0,450.0,10615.0,0.0,0.0,3.312,2.753,6.065,11.075,0.709,5.356,emon,0.619,0.668,268.2,125.1,2.145
2026-09-17 22:06:32.192,13.9,0,97,92;6;0;97;0;0;14;0;0;0;6;2;3;0;2;0,520,4496,4496;4468;4419;4433;3164;2988;2100;3316;2934;3083;1858;3242;556;520;896;717,0.0,0.0,10615.0,0,0,0,0,0,0.0,0,0,0,0,0,0,0,0,0.0,0,0,0,0,0,0.0,0.0,0.0,0,0,0,70.1,19.61,25.25,0.34,49.13,25.7,63.4,99.99688175746373,51.72697331869443,26.72091200522014,71.79508017642158,0.22970605962577142,1834.7142857142858,0.0,0.0,78.7084585800767,0.0,7.3131401773009985,14.3,100.0,0.0,0.0,0.0,450.0,10615.0,0.0,0.0,3.312,2.753,6.065,11.075,0.709,5.356,emon,0.619,0.668,268.2,125.1,2.145
2026-09-17 22:06:33.193,15.1,0,96,96;2;0;94;0;0;18;2;0;0;14;0;14;0;2;0,512,4500,4500;4454;4484;4435;2175;2308;2124;3424;2200;2982;2065;3070;569;512;939;591,0.0,0.0,10615.0,0,0,0,0,0,0.0,0,0,0,0,0,0,0,0,0.0,0,0,0,0,0,0.0,0.0,0.0,0,0,0,71.1,19.61,25.25,0.34,49.13,25.7,63.4,100.01510729108539,74.71126332346883,3.8934209772518704,77.90122525181089,0.0009254263381340674,1799.0,0.0,0.0,78.71563789301685,0.0,7.279151502464499,14.3,100.0,0.0,0.0,0.0,450.0,10615.0,0.0,0.0,3.312,2.753,6.065,11.075,0.709,5.356,emon,0.619,0.668,268.2,125.1,2.145
2026-09-17 22:06:34.193,14.9,0,95,85;17;0;95;0;0;8;0;0;0;17;2;6;0;8;0,612,4481,4481;4451;3925;4407;2441;2215;1947;1835;3455;3561;2110;3329;612;913;1415;812,0.0,0.0,10615.0,0,0,0,0,0,0.0,0,0,0,0,0,0,0,0,0.0,0,0,0,0,0,0.0,0.0,0.0,0,0,0,71.1,19.61,25.25,0.34,49.13,25.7,63.4,100.00937946026141,73.4606721475004,3.523435959449181,76.39932972192764,0.0019276791538756627,1799.0,0.0,0.0,77.08472431336457,0.0,7.827782346652104,14.3,100.0,0.0,0.0,0.0,450.0,10615.0,0.0,0.0,3.312,2.753,6.065,11.075,0.709,5.356,emon,0.619,0.668,268.2,125.1,2.145
2026-09-17 22:06:35.194,14.7,0,100,95;5;0;100;0;0;5;0;0;0;8;0;12;0;11;0,572,4564,4505;4564;4437;4425;2864;3312;2052;3163;3204;3534;2398;3130;572;584;1043;615,0.0,0.0,10615.0,0,0,0,0,0,0.0,0,0,0,0,0,0,0,0,0.0,0,0,0,0,0,0.0,0.0,0.0,0,0,0,72.1,19.61,25.25,0.34,49.13,25.7,63.4,99.99666431971959,53.63616055389866,24.78139932666506,70.53246513328382,0.34395959358256994,1799.0,0.0,0.0,78.71446020794767,0.0,7.308619226728167,14.3,100.0,0.0,0.0,0.0,450.0,10615.0,0.0,0.0,3.312,2.753,6.065,11.075,0.709,5.356,emon,0.619,0.668,268.2,125.1,2.145
2026-09-17 22:06:36.194,15.5,0,95,75;22;3;95;0;0;17;0;0;0;18;0;12;0;3;2,567,4487,4487;4417;4126;4444;2597;1567;1898;2432;2010;1616;2760;2934;567;671;968;746,0.0,0.0,10615.0,0,0,0,0,0,0.0,0,0,0,0,0,0,0,0,0.0,0,0,0,0,0,0.0,0.0,0.0,0,0,0,73.1,19.49,23.78,0.34,47.8,25.7,63.4,99.99716785975865,67.62112863973847,10.998223040785108,77.11627311153072,0.0008366851522753547,1841.857142857143,0.0,0.0,78.71145512908697,0.0,7.273433009029499,14.3,100.0,0.0,0.0,0.0,450.0,10615.0,0.0,0.0,3.312,2.753,6.065,11.075,0.709,5.356,emon,0.619,0.668,268.2,125.1,2.145
2026-09-17 22:06:37.194,14.0,0,94,86;12;0;94;0;0;14;3;0;0;9;0;0;0;5;0,522,4542,4539;4366;4274;4542;2581;2454;2087;3175;2157;2366;2435;2882;579;522;1091;670,0.0,0.0,10615.0,0,0,0,0,0,0.0,0,0,0,0,0,0,0,0,0.0,0,0,0,0,0,0.0,0.0,0.0,0,0,0,72.1,19.49,23.78,0.34,47.8,25.7,63.4,100.00880080003004,72.74401304054146,3.951912650695214,76.15243275692829,0.004252124989691835,1849.0,0.0,0.0,77.06851391608899,0.0,7.836792096495628,14.3,100.0,0.0,0.0,0.0,450.0,10615.0,0.0,0.0,3.312,2.753,6.065,11.075,0.709,5.356,emon,0.619,0.668,268.2,125.1,2.145
2026-09-17 22:06:38.208,14.3,0,95,80;16;3;95;0;0;14;0;0;0;14;0;3;0;5;0,564,4304,4304;4249;4294;4277;2861;2737;2149;3411;2605;2297;2632;2944;598;564;1166;817,0.0,0.0,10615.0,0,0,0,0,0,0.0,0,0,0,0,0,0,0,0,0.0,0,0,0,0,0,0.0,0.0,0.0,0,0,0,65.1,19.49,23.78,0.34,47.8,25.7,63.4,86.87590837478638,20.113536739349364,47.34516086578369,51.837964630126955,35.11011905670166,1799.0,0.0,0.0,75.09347447901965,0.0,0.0,14.3,99.8,0.0,0.0,0.0,450.0,10615.9,0.0,0.0,3.312,2.753,6.065,11.075,0.709,5.356,emon,0.619,0.668,268.2,125.1,2.145
2026-09-17 22:06:39.209,15.6,0,88,88;11;8;85;0;0;21;2;0;0;19;2;3;0;11;3,598,4287,4287;4278;4202;4276;2945;2684;2383;2600;3165;2823;2561;2700;598;640;1121;710,100.0,0.0,10616.0,0,0,0,0,0,0.0,0,0,0,0,0,0,0,0,0.0,0,0,0,0,0,0.0,0.0,0.0,0,0,0,65.1,19.49,23.78,0.34,47.8,25.7,63.4,73.72607037226359,16.40194431229805,37.949314546585086,41.63803098549445,28.347514597574868,1799.0,0.0,0.0,60.09479647077775,0.0,3.4095827024430037,14.2,99.6,0.0,0.0,0.0,450.0,10616.0,0.0,0.0,3.312,2.753,6.065,11.075,0.709,5.356,emon,0.619,0.668,268.2,125.1,2.145
2026-09-17 22:06:40.209,14.5,0,97,89;8;0;97;0;0;12;0;0;0;14;0;9;0;3;0,532,4351,4342;4329;4119;4351;3091;2393;2423;2427;3216;3259;2266;3232;600;532;1062;747,100.0,0.0,10616.0,0,0,0,0,0,0.0,0,0,0,0,0,0,0,0,0.0,0,0,0,0,0,0.0,0.0,0.0,0,0,0,66.1,19.03,18.7,0.37,45.3,25.7,63.4,84.04321285394522,17.753234459266352,41.660991595341606,45.62812427202096,31.005697397085335,1799.0,0.0,0.0,65.52693725062105,0.0,3.9188664400806794,14.2,99.4,0.0,0.0,0.0,450.0,10616.0,0.0,0.0,3.312,2.753,6.065,11.075,0.709,5.356,emon,0.619,0.668,268.2,125.1,2.145
2026-09-17 22:06:41.209,14.4,0,96,91;13;0;96;0;0;17;0;0;0;6;2;3;0;3;0,586,4357,4357;4254;3484;4348;1969;1859;2294;2216;1844;1587;2112;3268;586;659;1043;896,100.0,0.0,10616.0,0,0,0,0,0,0.0,0,0,0,0,0,0,0,0,0.0,0,0,0,0,0,0.0,0.0,0.0,0,0,0,67.1,19.03,18.7,0.37,45.3,25.7,63.4,79.6962867804936,17.899571794318035,41.04988902807236,45.00667090820415,30.889695848737443,1799.0,0.0,0.0,64.39594550670257,0.0,3.656485464423895,14.2,99.6,0.0,0.0,0.0,450.0,10616.0,0.0,0.0,3.312,2.753,6.065,11.075,0.709,5.356,emon,0.619,0.668,268.2,125.1,2.145
2026-09-17 22:06:42.210,14.9,0,97,92;3;0;97;0;0;18;0;0;0;16;0;6;0;6;0,596,4346,4346;4278;4108;4343;3044;3394;2430;3335;3144;2987;2238;3296;596;703;939;767,100.0,0.0,10616.0,0,0,0,0,0,0.0,0,0,0,0,0,0,0,0,0.0,0,0,0,0,0,0.0,0.0,0.0,0,0,0,65.1,19.03,18.7,0.37,45.3,25.7,63.4,75.83468124270439,17.11308462091256,40.12357149645686,43.90789009723812,29.940610885620117,1799.0,0.0,0.0,62.59134167880984,0.0,3.20031064003706,14.2,99.5,0.0,0.0,0.0,450.0,10616.0,0.0,0.0,112.327,0.985,113.312,14.009,0.897,112.415,emon,0.591,0.441,145.9,68.1,2.143
2026-09-17 22:06:43.210,15.2,0,97,89;9;0;97;0;0;19;0;0;0;14;0;10;0;5;0,632,4346,4346;4297;4136;4337;1782;2388;2437;3287;2674;2809;2187;3221;632;764;1294;1175,100.0,0.0,10616.0,0,0,0,0,0,0.0,0,0,0,0,0,0,0,0,0.0,0,0,0,0,0,0.0,0.0,0.0,0,0,0,66.1,19.03,18.7,0.37,45.3,25.7,63.4,76.40273167192936,17.26120046226424,40.11749932542443,43.94671171810478,29.992770552635193,1799.0,0.0,0.0,62.59658178384416,0.0,3.193714134860784,14.2,99.4,0.0,0.0,0.0,450.0,10616.0,0.0,0.0,112.327,0.985,113.312,14.009,0.897,112.415,emon,0.591,0.441,145.9,68.1,2.143
2026-09-17 22:06:44.211,14.2,0,98,24;74;0;98;0;0;2;14;0;0;3;4;3;0;0;5,612,4313,4291;4299;3986;4313;3072;2712;1947;2437;2828;2935;2122;2452;612;774;803;1054,80.7,0.0,10616.0,0,0,0,0,0,0.0,0,0,0,0,0,0,0,0,0.0,0,0,0,0,0,0.0,0.0,0.0,0,0,0,65.1,19.3,12.72,0.39,42.85,25.7,63.4,79.41493142445883,17.542117460165173,40.580525362491606,44.48215485066176,29.838247871398927,1799.0,0.0,0.0,63.449282219385104,0.0,3.411954895655314,14.2,99.3,0.0,0.0,0.0,450.0,10616.0,0.0,0.0,112.327,0.985,113.312,14.009,0.897,112.415,emon,0.591,0.441,145.9,68.1,2.143
2026-09-17 22:06:45.211,15.9,0,97,6;97;3;84;0;0;0;19;0;0;0;28;9;0;0;8,521,4231,4197;4231;4131;4203;2591;3016;3218;2245;2267;2138;2352;2670;591;521;567;1017,88.5,0.0,10616.0,0,0,0,0,0,0.0,0,0,0,0,0,0,0,0,0.0,0,0,0,0,0,0.0,0.0,0.0,0,0,0,65.1,19.3,12.72,0.39,42.85,25.7,63.4,77.00667436917622,19.642898241678875,45.313666661580406,49.714478174845375,34.145204067230225,1799.0,0.0,0.0,70.87749554558347,0.0,0.0,14.2,99.5,0.0,0.0,0.0,450.0,10616.0,0.0,0.0,112.327,0.985,113.312,14.009,0.897,112.415,emon,0.591,0.441,145.9,68.1,2.143
2026-09-17 22:06:46.212,14.9,0,95,3;95;0;94;0;0;0;19;0;0;0;12;11;0;0;5,637,4271,4139;4243;4271;4244;3279;2435;2356;2344;2826;2031;2186;2819;806;788;637;1013,100.0,0.0,10616.0,0,0,0,0,0,0.0,0,0,0,0,0,0,0,0,0.0,0,0,0,0,0,0.0,0.0,0.0,0,0,0,64.1,19.3,12.72,0.39,42.85,25.7,63.4,78.31949001948038,16.666233931171398,38.43189134597778,42.21529341141383,28.6988042195638,1799.0,0.0,0.0,63.43442662730813,0.0,3.3896709787348906,14.2,99.5,0.0,0.0,0.0,450.0,10616.0,0.0,0.0,112.327,0.985,113.312,14.009,0.897,112.415,emon,0.591,0.441,145.9,68.1,2.143
2026-09-17 22:06:47.212,15.2,0,98,4;98;2;88;0;0;2;20;0;0;0;17;3;0;0;9,498,4388,4239;4227;4388;4205;3114;2477;3439;2364;2848;1530;1702;2761;615;508;498;967,81.5,0.0,10616.0,0,0,0,0,0,0.0,0,0,0,0,0,0,0,0,0.0,0,0,0,0,0,0.0,0.0,0.0,0,0,0,64.1,19.3,12.72,0.39,42.85,25.7,63.4,77.81302057902018,17.121645678362498,39.55246024529139,43.42940200914939,29.41225134531657,1799.0,0.0,0.0,63.42611795850098,0.0,3.4095382382472357,14.2,99.5,0.0,0.0,0.0,450.0,10616.0,0.0,0.0,112.327,0.985,113.312,14.009,0.897,112.415,emon,0.591,0.441,145.9,68.1,2.143
2026-09-17 22:06:48.213,16.6,0,98,8;94;0;98;2;2;0;14;0;0;0;30;12;0;0;8,632,4204,4162;4204;3724;4196;3363;3092;3029;2273;2918;2562;2285;3199;632;651;809;1177,81.5,0.0,10616.0,0,0,0,0,0,0.0,0,0,0,0,0,0,0,0,0.0,0,0,0,0,0,0.0,0.0,0.0,0,0,0,64.1,18.52,12.63,0.39,41.96,24.9,63.4,75.54860940244463,16.629150544189745,39.3399423427052,42.87246954979168,29.437574704488117,1799.0,0.0,0.0,61.21070541162044,0.0,2.8400169499218464,14.2,99.3,0.0,0.0,0.0,450.0,10113.4,0.0,0.0,112.327,0.985,113.312,14.009,0.897,112.415,emon,0.591,0.441,145.9,68.1,2.143
2026-09-17 22:06:49.213,15.5,0,97,10;91;2;97;0;0;0;18;0;0;0;17;9;0;0;5,581,4424,4396;4355;4424;4359;3109;1794;3107;2195;2973;2654;2614;2335;599;581;609;1065,83.3,0.0,9573.3,0,0,0,0,0,0.0,0,0,0,0,0,0,0,0,0.0,0,0,0,0,0,0.0,0.0,0.0,0,0,0,66.1,18.52,12.63,0.39,41.96,24.9,63.4,77.98003724643162,17.72659950517118,40.73637874637331,44.75957688050611,30.093212400163925,1799.0,0.0,0.0,64.38182972677585,0.0,3.644230310406004,14.2,99.4,0.0,0.0,0.0,450.0,9573.3,0.0,0.0,112.327,0.985,113.312,14.009,0.897,112.415,emon,0.591,0.441,145.9,68.1,2.143
2026-09-17 22:06:50.214,14.5,0,98,2;98;0;95;0;0;0;20;0;0;0;8;3;0;0;5,613,4368,4368;4340;4163;4335;3380;3332;3185;2584;2613;2904;2804;1980;613;828;751;1117,100.0,0.0,9573.3,0,0,0,0,0,0.0,0,0,0,0,0,0,0,0,0.0,0,0,0,0,0,0.0,0.0,0.0,0,0,0,67.1,18.52,12.63,0.39,41.96,24.9,63.4,81.26719892652412,15.113327423404707,36.6841081412215,39.80517552871453,25.24032300007744,1799.0,0.0,0.0,55.40589604556168,0.0,8.054229551240018,14.2,99.3,0.0,0.0,0.0,450.0,9573.3,0.0,0.0,112.327,0.985,113.312,14.009,0.897,112.415,emon,0.591,0.441,145.9,68.1,2.143
2026-09-17 22:06:51.227,14.9,0,91,15;83;2;91;0;0;0;18;0;0;0;23;0;0;0;6,571,4344,4286;4344;4264;4344;3152;3278;3018;2276;2849;3336;2684;2283;591;571;633;1041,99.7,0.0,9576.4,0,0,0,0,0,0.0,0,0,0,0,0,0,0,0,0.0,0,0,0,0,0,0.0,0.0,0.0,0,0,0,67.1,18.52,12.63,0.39,41.96,24.7,63.4,79.20463809260616,17.481059680416905,40.065725675335635,44.067055796583496,29.916427894874854,1799.0,0.0,0.0,63.07861407970389,0.0,3.784829845582997,14.2,99.4,0.0,0.0,0.0,450.0,9576.4,0.0,0.0,112.327,0.985,113.312,14.009,0.897,112.415,emon,0.591,0.441,145.9,68.1,2.143
2026-09-17 22:06:52.227,14.3,0,92,3;91;2;92;2;0;0;22;0;0;0;9;3;0;0;5,592,4359,4359;4330;4197;4321;1501;3332;3004;2461;2820;3439;3452;2179;607;592;852;1396,100.0,0.0,9576.4,0,0,0,0,0,0.0,0,0,0,0,0,0,0,0,0.0,0,0,0,0,0,0.0,0.0,0.0,0,0,0,66.1,19.26,12.6,0.39,42.69,24.7,63.4,74.34702100072589,18.83992494855608,43.30067825317383,47.73222378322056,31.509101731436594,1799.0,0.0,0.0,67.90437819103578,0.0,0.0,14.2,99.6,0.0,0.0,0.0,450.0,9576.4,0.0,0.0,112.327,0.985,113.312,14.009,0.897,112.415,emon,0.591,0.441,145.9,68.1,2.143
2026-09-17 22:06:53.228,14.8,0,95,3;94;0;95;0;0;0;20;2;0;0;16;3;0;0;3,525,4304,4259;4304;3903;4298;3297;3196;3220;2401;1492;2268;2355;2258;591;826;525;949,100.0,0.0,9572.4,0,0,0,0,0,0.0,0,0,0,0,0,0,0,0,0.0,0,0,0,0,0,0.0,0.0,0.0,0,0,0,67.1,19.26,12.6,0.39,42.69,24.7,63.4,78.5683912890298,17.913479066919535,40.9099859212126,45.05325180345348,30.300894805363246,1799.0,0.0,0.0,64.35623194476855,0.0,3.634050884417125,14.2,99.4,0.0,0.0,0.0,450.0,9572.4,0.0,0.0,112.327,0.985,113.312,14.009,0.897,112.415,emon,0.591,0.441,145.9,68.1,2.143
2026-09-17 22:06:54.228,15.8,0,89,12;89;2;88;0;0;0;23;0;0;0;19;12;0;0;9,594,4321,4321;4261;4291;4241;3065;3280;3191;2146;3007;2450;1470;2918;594;683;781;1017,96.2,0.0,9572.4,0,0,0,0,0,0.0,0,0,0,0,0,0,0,0,0.0,0,0,0,0,0,0.0,0.0,0.0,0,0,0,64.1,19.26,12.6,0.39,42.69,24.7,63.4,82.8677368958791,18.642810817575082,42.37122881412506,46.627452317004405,31.757217566172283,1799.0,0.0,0.0,66.77122169841702,0.0,4.263618677854538,14.2,99.5,0.0,0.0,0.0,450.0,9572.4,0.0,0.0,111.873,0.932,112.805,13.673,0.875,111.93,emon,0.592,0.486,146.6,68.5,2.141
2026-09-17 22:06:55.229,14.8,0,94,10;91;0;94;0;0;0;19;0;0;0;9;9;0;0;5,559,4351,4241;4277;4351;4248;3394;3409;3095;2463;2739;3121;2940;2667;614;559;584;1006,66.7,0.0,9572.4,0,0,0,0,0,0.0,0,0,0,0,0,0,0,0,0.0,0,0,0,0,0,0.0,0.0,0.0,0,0,0,65.1,19.26,12.6,0.39,42.69,24.7,63.4,83.08929878473282,18.73768670624122,42.51094694932302,46.73351264744997,32.078399976094566,1799.0,0.0,0.0,66.77445783419535,0.0,4.262235795613378,14.3,99.8,0.0,0.0,0.0,450.0,9572.4,0.0,0.0,111.873,0.932,112.805,13.673,0.875,111.93,emon,0.592,0.486,146.6,68.5,2.141
2026-09-17 22:06:56.229,16.0,0,95,8;86;3;95;2;0;0;19;2;0;0;12;16;2;0;11,526,4236,4184;4236;3966;4213;2900;2286;2024;2230;2235;2324;2286;2811;599;743;526;1136,100.0,0.0,9568.4,0,0,0,0,0,0.0,0,0,0,0,0,0,0,0,0.0,0,0,0,0,0,0.0,0.0,0.0,0,0,0,66.1,18.84,12.74,0.39,42.44,24.7,63.4,77.49371428489685,17.585403612038743,39.5089848279953,43.49159839948018,29.633867200215658,1799.0,0.0,0.0,63.42946448413034,0.0,3.4088701248168944,14.2,99.5,0.0,0.0,0.0,450.0,9568.4,0.0,0.0,111.873,0.932,112.805,13.673,0.875,111.93,emon,0.592,0.486,146.6,68.5,2.141
2026-09-17 22:06:57.230,14.7,0,91,8;91;0;89;0;0;0;16;0;0;0;18;9;0;0;5,546,4247,4100;4247;4171;4218;3077;2859;1948;2356;2837;2336;1972;2875;642;614;546;1023,100.0,0.0,9568.4,0,0,0,0,0,0.0,0,0,0,0,0,0,0,0,0.0,0,0,0,0,0,0.0,0.0,0.0,0,0,0,66.1,18.84,12.74,0.39,42.44,24.7,63.4,79.77395752271016,17.751149656406294,40.35150914986928,44.39617948234081,30.286898803710937,1799.0,0.0,0.0,63.441782177736364,0.0,3.407108685125907,14.2,99.1,0.0,0.0,0.0,450.0,9568.4,0.0,0.0,111.873,0.932,112.805,13.673,0.875,111.93,emon,0.592,0.486,146.6,68.5,2.141
2026-09-17 22:06:58.231,16.0,0,91,11;91;2;84;0;0;0;32;0;0;0;16;16;0;0;5,833,4330,4144;4330;4269;4317;3294;3157;2794;2337;2867;2497;2449;2221;833;1087;1335;935,96.5,0.0,9573.3,0,0,0,0,0,0.0,0,0,0,0,0,0,0,0,0.0,0,0,0,0,0,0.0,0.0,0.0,0,0,0,66.1,18.84,12.74,0.39,42.44,24.7,63.4,74.69384358610425,18.097155570983887,41.158728327069966,45.37491362435477,31.008102416992188,1799.0,0.0,0.0,67.90116963508937,0.0,0.0,14.2,99.4,0.0,0.0,0.0,450.0,9568.4,0.0,0.0,111.873,0.932,112.805,13.673,0.875,111.93,emon,0.592,0.486,146.6,68.5,2.141
2026-09-17 22:06:59.231,15.0,0,92,13;84;2;92;0;0;2;14;2;0;0;20;6;0;0;6,516,4348,4320;4348;4247;4341;3449;3258;2870;2385;3362;2027;3377;2253;597;726;516;978,89.6,0.0,9573.3,0,0,0,0,0,0.0,0,0,0,0,0,0,0,0,0.0,0,0,0,0,0,0.0,0.0,0.0,0,0,0,66.1,18.84,12.74,0.39,42.44,24.7,63.4,76.86178043910435,20.201852798461914,45.4945311773391,50.249247233072914,34.076192220052086,1799.0,0.0,0.0,71.46547754747527,0.0,0.0,14.2,99.4,0.0,0.0,0.0,450.0,9573.3,0.0,0.0,111.873,0.932,112.805,13.673,0.875,111.93,emon,0.592,0.486,146.6,68.5,2.141
2026-09-17 22:07:00.232,16.9,0,91,12;84;5;91;0;0;0;31;2;0;0;27;5;0;0;14,699,4355,4333;4355;4290;4354;3270;3043;2995;2517;3380;2882;3125;2171;699;729;807;1010,100.0,0.0,9569.3,0,0,0,0,0,0.0,0,0,0,0,0,0,0,0,0.0,0,0,0,0,0,0.0,0.0,0.0,0,0,0,65.1,18.93,12.75,0.39,42.48,24.7,63.4,79.7363365650177,17.54705959468459,40.016291570663455,44.09727178762356,29.626026280721028,1799.0,0.0,0.0,63.451343190545835,0.0,3.396082806525131,14.2,99.4,0.0,0.0,0.0,450.0,9573.3,0.0,0.0,111.873,0.932,112.805,13.673,0.875,111.93,emon,0.592,0.486,146.6,68.5,2.141
2026-09-17 22:07:01.232,14.8,0,98,2;98;0;91;2;0;0;16;2;0;0;15;6;0;0;6,577,4340,4316;4340;4168;4330;3352;3382;3410;2288;3352;3264;3110;2317;616;577;877;1081,100.0,0.0,9569.3,0,0,0,0,0,0.0,0,0,0,0,0,0,0,0,0.0,0,0,0,0,0,0.0,0.0,0.0,0,0,0,67.1,18.93,12.75,0.39,42.48,24.7,63.4,85.78450777053833,13.03220242857933,32.7156573677063,34.51432189822197,21.679106931686402,1799.0,0.0,0.0,52.116725827082995,0.0,22.199198443128044,14.2,99.5,0.0,0.0,0.0,450.0,9569.3,0.0,0.0,111.873,0.932,112.805,13.673,0.875,111.93,emon,0.592,0.486,146.6,68.5,2.141
2026-09-17 22:07:02.233,14.9,0,96,3;96;3;90;2;0;0;23;0;0;0;9;9;0;0;4,586,4366,4272;4330;4366;4330;3368;3248;2830;2251;3244;3255;3064;2065;614;586;691;926,75.1,0.0,9569.3,0,0,0,0,0,0.0,0,0,0,0,0,0,0,0,0.0,0,0,0,0,0,0.0,0.0,0.0,0,0,0,66.1,18.93,12.75,0.39,42.48,24.7,63.4,89.47320279208097,18.985946481370114,43.34132526137612,47.78958564658057,32.03478795831854,1799.0,0.0,0.0,68.33798171478239,0.0,4.632851416414434,14.2,99.5,0.0,0.0,0.0,450.0,9569.3,0.0,0.0,111.873,0.932,112.805,13.673,0.875,111.93,emon,0.592,0.486,146.6,68.5,2.141
2026-09-17 22:07:03.233,15.9,0,96,6;96;3;91;0;0;0;25;2;0;0;14;10;2;0;6,638,4241,4206;4241;4162;4202;2644;2488;2995;2344;3134;3169;3186;2754;638;778;734;1265,100.0,0.0,9569.3,0,0,0,0,0,0.0,0,0,0,0,0,0,0,0,0.0,0,0,0,0,0,0.0,0.0,0.0,0,0,0,65.1,18.93,12.75,0.39,42.48,24.7,63.4,75.48232960700989,17.201583825883322,38.73615000503404,42.76411446556449,29.139487947736466,1799.0,0.0,0.0,60.81642096411503,0.0,3.6579931176134517,14.2,99.6,0.0,0.0,0.0,450.0,9569.3,0.0,0.0,111.873,0.932,112.805,13.673,0.875,111.93,emon,0.592,0.486,146.6,68.5,2.141
2026-09-17 22:07:04.239,14.5,0,98,0;98;0;97;0;0;0;14;2;0;0;11;6;0;0;5,468,4263,4137;4263;4128;4238;3126;2755;2250;2177;3391;2586;1886;2728;598;744;468;1012,92.4,0.0,9569.3,0,0,0,0,0,0.0,0,0,0,0,0,0,0,0,0.0,0,0,0,0,0,0.0,0.0,0.0,0,0,0,67.1,19.06,12.71,0.39,42.62,24.7,63.4,82.86357325773973,18.520956411062237,41.35191387396593,45.69837853599053,31.17397587115948,1799.0,0.0,0.0,65.51004617088117,0.0,3.9318691171132603,14.2,99.4,0.0,0.0,0.0,450.0,9569.3,0.0,0.0,111.873,0.932,112.805,13.673,0.875,111.93,emon,0.592,0.486,146.6,68.5,2.141
2026-09-17 22:07:05.240,15.7,0,94,6;94;6;84;0;0;2;20;0;0;2;15;9;2;2;9,655,4342,4287;4342;4264;4330;2841;2533;2635;2228;2194;2131;2597;2280;655;1843;1594;1482,100.0,0.0,9569.3,0,0,0,0,0,0.0,0,0,0,0,0,0,0,0,0.0,0,0,0,0,0,0.0,0.0,0.0,0,0,0,68.1,19.06,12.71,0.39,42.62,24.7,63.4,78.04120163122813,19.904611984888714,44.926414489746094,49.67145220438639,33.539755503336586,1799.0,0.0,0.0,70.88856680272147,0.0,0.0,14.2,99.5,0.0,0.0,0.0,450.0,9569.3,0.0,0.0,111.873,0.932,112.805,13.673,0.875,111.93,emon,0.592,0.486,146.6,68.5,2.141
2026-09-17 22:07:06.240,25.8,8,94,23;91;11;94;15;12;11;20;17;9;8;32;18;9;9;33,1508,4237,4058;4237;3944;4237;2781;3162;3330;2498;3131;3298;3328;2700;1508;1808;2204;2019,100.0,0.0,9569.3,0,0,0,0,0,0.0,0,0,0,0,0,0,0,0,0.0,0,0,0,0,0,0.0,0.0,0.0,0,0,0,62.1,19.06,12.71,0.39,42.62,24.7,63.4,75.32770126206535,18.059035982404435,41.67464440209525,45.11384201049805,30.861790554864065,1799.0,0.0,0.0,67.9101265299001,0.0,0.0,14.2,99.3,0.0,0.0,0.0,450.0,9569.3,0.0,0.0,111.763,1.005,112.768,13.335,0.853,111.915,emon,0.597,0.456,144.6,67.5,2.142
2026-09-17 22:07:07.241,24.0,0,95,38;64;11;95;3;5;3;61;9;3;2;28;10;2;0;50,1161,4147,3801;3921;3926;4147;2884;2997;2998;2990;2462;2981;3244;2694;1161;1848;1412;1750,76.4,0.0,9569.3,0,0,0,0,0,0.0,0,0,0,0,0,0,0,0,0.0,0,0,0,0,0,0.0,0.0,0.0,0,0,0,56.1,19.06,12.71,0.39,42.62,24.7,63.4,79.34908401966095,19.592381636301678,45.11581230163574,49.50676314036051,34.03727642695109,1799.0,0.0,0.0,70.88791932957247,0.0,0.0,14.1,99.0,0.0,0.0,0.0,450.0,9569.3,0.0,0.0,111.763,1.005,112.768,13.335,0.853,111.915,emon,0.597,0.456,144.6,67.5,2.142
2026-09-17 22:07:08.242,20.4,0,94,13;85;9;94;2;2;2;53;3;0;0;35;5;0;0;25,702,4219,3966;4177;4219;4181;2943;2401;2797;3050;3200;2946;3013;2474;792;933;702;1333,82.3,0.0,9569.3,0,0,0,0,0,0.0,0,0,0,0,0,0,0,0,0.0,0,0,0,0,0,0.0,0.0,0.0,0,0,0,58.1,18.66,12.56,0.39,42.3,24.7,63.4,81.80298472853268,16.346578752594617,37.19055425770142,40.946562317364354,27.805991116692038,1799.0,0.0,0.0,58.991378056761974,0.0,6.008315969915951,14.2,99.4,0.0,0.0,0.0,450.0,9569.3,0.0,0.0,111.763,1.005,112.768,13.335,0.853,111.915,emon,0.597,0.456,144.6,67.5,2.142
2026-09-17 22:07:09.242,18.9,0,91,11;85;2;91;0;0;0;53;0;0;0;28;8;0;0;27,735,4201,4201;4190;3761;4200;2959;3014;2874;3039;2665;2423;1710;2448;778;849;735;1199,82.7,0.0,9569.3,0,0,0,0,0,0.0,0,0,0,0,0,0,0,0,0.0,0,0,0,0,0,0.0,0.0,0.0,0,0,0,60.1,18.66,12.56,0.39,42.3,24.7,63.4,79.62985865275066,16.130324849517397,37.00704164902369,40.53157712519169,27.455563354492188,1799.0,0.0,0.0,63.43823866484066,0.0,3.412484963734945,14.2,99.2,0.0,0.0,0.0,450.0,9569.3,0.0,0.0,111.763,1.005,112.768,13.335,0.853,111.915,emon,0.597,0.456,144.6,67.5,2.142
2026-09-17 22:07:10.243,14.8,0,95,6;89;0;95;0;0;0;22;0;0;0;14;3;0;0;8,628,4186,4133;4186;4050;4169;2560;2609;2694;2621;2496;1965;2469;2124;628;701;817;1240,100.0,0.0,9569.3,0,0,0,0,0,0.0,0,0,0,0,0,0,0,0,0.0,0,0,0,0,0,0.0,0.0,0.0,0,0,0,64.1,18.66,12.56,0.39,42.3,24.7,63.4,72.82217476481483,16.058392528233874,36.3752376341394,40.11759446718774,26.858588354928152,1799.0,0.0,0.0,59.614223270898776,0.0,2.434988822610605,14.2,99.1,0.0,0.0,0.0,450.0,9569.3,0.0,0.0,111.763,1.005,112.768,13.335,0.853,111.915,emon,0.597,0.456,144.6,67.5,2.142
2026-09-17 22:07:11.243,16.0,0,95,9;88;3;95;0;0;0;19;2;0;0;20;9;0;2;9,626,4270,4143;4270;3893;4251;2839;2995;2776;2683;2131;2782;3305;2251;626;685;853;1052,96.9,0.0,9569.3,0,0,0,0,0,0.0,0,0,0,0,0,0,0,0,0.0,0,0,0,0,0,0.0,0.0,0.0,0,0,0,65.1,18.45,12.69,0.39,42.25,24.7,63.4,73.77249526977539,18.87458086013794,42.36437019935021,46.83935495523306,32.124693870544434,1799.0,0.0,0.0,69.26329262468677,0.0,0.0,14.2,99.4,0.0,0.0,0.0,450.0,9569.3,0.0,0.0,111.763,1.005,112.768,13.335,0.853,111.915,emon,0.597,0.456,144.6,67.5,2.142
2026-09-17 22:07:12.244,14.7,0,96,3;96;0;95;0;0;0;14;0;0;0;16;9;0;0;3,601,4362,4192;4362;4209;4326;3316;3185;2694;2378;3239;3075;3011;2388;673;601;697;928,96.1,0.0,9569.3,0,0,0,0,0,0.0,0,0,0,0,0,0,0,0,0.0,0,0,0,0,0,0.0,0.0,0.0,0,0,0,66.1,18.45,12.69,0.39,42.25,24.7,63.4,74.80586360051082,19.590853764460636,44.33453105046199,49.00435403677133,33.07051042410043,1799.0,0.0,0.0,69.26729891191309,0.0,0.0,14.2,99.4,0.0,0.0,0.0,450.0,9569.3,0.0,0.0,111.763,1.005,112.768,13.335,0.853,111.915,emon,0.597,0.456,144.6,67.5,2.142
2026-09-17 22:07:13.244,16.4,0,97,10;97;3;91;2;0;2;16;2;0;0;17;19;0;0;6,599,4353,4295;4353;3763;4349;2549;3002;3160;2231;2995;3002;1954;2297;599;608;787;1212,81.6,0.0,9569.3,0,0,0,0,0,0.0,0,0,0,0,0,0,0,0,0.0,0,0,0,0,0,0.0,0.0,0.0,0,0,0,67.1,18.45,12.69,0.39,42.25,24.7,63.4,77.73259407541026,19.502906135890793,43.00693926603898,47.871101213538125,31.63472673167353,1799.0,0.0,0.0,69.62517077330014,0.0,0.0,14.2,99.6,0.0,0.0,0.0,450.0,9569.3,0.0,0.0,111.763,1.005,112.768,13.335,0.853,111.915,emon,0.597,0.456,144.6,67.5,2.142
2026-09-17 22:07:14.245,14.0,0,92,79;19;0;92;15;0;0;3;6;0;0;2;8;0;0;0,567,4377,4349;4377;4136;4351;2299;3294;3343;1250;2243;2847;3370;2218;805;1978;904;567,81.6,0.0,9569.3,0,0,0,0,0,0.0,0,0,0,0,0,0,0,0,0.0,0,0,0,0,0,0.0,0.0,0.0,0,0,0,66.1,18.45,12.69,0.39,42.25,24.7,63.4,78.43467723846436,17.85652891717851,40.9835961484909,45.04901494085789,30.829696350097656,1799.0,0.0,0.0,64.10055520668625,0.0,4.075756521821022,14.2,99.4,0.0,0.0,0.0,450.0,9569.3,0.0,0.0,111.763,1.005,112.768,13.335,0.853,111.915,emon,0.597,0.456,144.6,67.5,2.142
2026-09-17 22:07:15.246,15.6,0,89,89;10;0;88;25;2;0;0;20;0;0;0;16;0;0;0,606,4368,4362;4342;4263;4368;2215;3346;2648;3013;2395;2747;2084;2698;872;631;761;606,100.0,0.0,9569.3,0,0,0,0,0,0.0,0,0,0,0,0,0,0,0,0.0,0,0,0,0,0,0.0,0.0,0.0,0,0,0,66.1,19.39,12.83,0.39,43.05,24.7,63.4,79.77796360424587,17.183748297027446,38.82875497852053,42.76330482055034,28.51512030192784,1799.0,0.0,0.0,64.38882599611368,0.0,3.6379334586007253,14.2,99.5,0.0,0.0,0.0,450.0,9569.3,0.0,0.0,111.763,1.005,112.768,13.335,0.853,111.915,emon,0.597,0.456,144.6,67.5,2.142
2026-09-17 22:07:16.246,10.1,0,89,89;2;0;47;8;2;0;0;5;0;0;0;10;0;0;0,891,4601,4579;4443;4601;4450;2439;3332;2366;1847;1808;1599;1744;2029;1082;891;955;942,100.0,0.0,9569.3,0,0,0,0,0,0.0,0,0,0,0,0,0,0,0,0.0,0,0,0,0,0,0.0,0.0,0.0,0,0,0,80.1,19.39,12.83,0.39,43.05,24.7,63.4,41.15863712628683,0.004018709063529968,0.751954714457194,0.0751311331987381,0.0,1765.6666666666667,0.0,0.0,0.002152778829137484,0.0,33.351896765331425,10.4,72.6,0.0,0.0,0.0,450.0,9569.3,0.0,0.0,111.763,1.005,112.768,13.335,0.853,111.915,emon,0.597,0.456,144.6,67.5,2.142
2026-09-17 22:07:17.247,8.4,0,83,83;0;0;30;11;0;0;0;8;0;0;0;3;0;0;0,984,4728,4725;4728;4725;4714;1364;1309;1241;2483;1428;1511;1826;1331;1037;1066;1035;984,0.0,0.0,9569.3,0,0,0,0,0,0.0,0,0,0,0,0,0,0,0,0.0,0,0,0,0,0,0.0,0.0,0.0,0,0,0,82.1,19.39,12.83,0.39,43.05,24.7,63.4,64.40798377990723,0.008733771741390228,0.8738572001457214,0.08714989572763443,0.0,899.0,0.0,0.0,0.0,0.0,50.098584678024054,0.0,0.0,0.0,0.0,0.0,450.0,9569.3,0.0,0.0,111.763,1.005,112.768,13.335,0.853,111.915,emon,0.597,0.456,144.6,67.5,2.142
2026-09-17 22:07:18.259,8.0,0,91,91;2;2;23;2;0;0;0;6;0;0;0;3;0;0;0,1016,4730,4720;4730;4730;4654;1354;1341;1234;1219;1437;1313;1517;1566;1034;1016;1038;1033,0.0,0.0,9569.3,0,0,0,0,0,0.0,0,0,0,0,0,0,0,0,0.0,0,0,0,0,0,0.0,0.0,0.0,0,0,0,80.1,19.39,12.83,0.39,43.05,24.7,63.4,97.1426887512207,0.008769897744059563,0.8699718117713928,0.08761505782604218,0.0,599.0,0.0,0.0,0.0,0.0,50.3735448718071,0.0,0.0,0.0,0.0,0.0,450.0,9569.3,0.0,0.0,0.402,0.627,1.029,15.591,0.998,0.031,emon,0.588,0.467,15035.6,13962.9,1.077
2026-09-17 22:07:19.259,7.8,0,83,83;0;0;27;9;0;0;0;3;0;0;0;2;0;0;0,1007,4732,4722;4721;4732;4688;1495;1232;1204;1202;1404;2128;1233;1231;1028;1058;1044;1007,0.0,0.0,9569.3,0,0,0,0,0,0.0,0,0,0,0,0,0,0,0,0.0,0,0,0,0,0,0.0,0.0,0.0,0,0,0,81.1,21.85,1.33,0.33,26.13,24.7,63.4,97.1426887512207,0.008769897744059563,0.8699718117713928,0.08761505782604218,0.0,599.0,0.0,0.0,0.0,0.0,50.3735448718071,0.0,0.0,0.0,0.0,0.0,450.0,9569.3,0.0,0.0,0.402,0.627,1.029,15.591,0.998,0.031,emon,0.588,0.467,15035.6,13962.9,1.077
2026-09-17 22:07:20.259,7.7,0,89,89;0;0;23;3;0;0;0;5;0;0;0;3;0;0;0,944,4729,4728;4729;4725;4688;1291;1240;1224;1229;1213;1208;1140;1175;1036;944;954;1024,0.0,0.0,9569.3,0,0,0,0,0,0.0,0,0,0,0,0,0,0,0,0.0,0,0,0,0,0,0.0,0.0,0.0,0,0,0,82.1,21.85,1.33,0.33,26.13,24.7,63.4,96.0667724609375,0.008727296255528927,0.8994452357292175,0.09041228145360947,0.0,899.0,0.0,0.0,0.0,0.0,50.33899024128914,0.0,0.0,0.0,0.0,0.0,450.0,9569.3,0.0,0.0,0.402,0.627,1.029,15.591,0.998,0.031,emon,0.588,0.467,15035.6,13962.9,1.077
2026-09-17 22:07:21.260,13.4,0,86,86;6;3;72;8;0;0;0;23;0;0;0;16;0;0;0,788,4569,4547;4365;4569;4470;2109;2487;2795;2722;2408;2220;3110;3121;1048;788;798;859,33.5,0.0,9653.4,0,0,0,0,0,0.0,0,0,0,0,0,0,0,0,0.0,0,0,0,0,0,0.0,0.0,0.0,0,0,0,72.1,21.85,1.33,0.33,26.13,25.1,63.4,90.70707511901855,56.538942992687225,9.353880067666372,55.675556580225624,0.9191558075447878,1799.0,0.0,0.0,83.34907050430775,14.199103037516275,0.0,4.2,21.2,0.0,0.0,0.0,450.0,9653.4,0.0,0.0,0.402,0.627,1.029,15.591,0.998,0.031,emon,0.588,0.467,15035.6,13962.9,1.077
2026-09-17 22:07:22.261,15.0,0,95,78;22;0;95;12;2;0;0;16;0;0;0;9;3;0;2,764,4500,4423;4231;4500;4445;2395;3215;3244;3361;2084;3271;3409;2889;851;795;764;869,0.0,0.0,9653.4,0,0,0,0,0,0.0,0,0,0,0,0,0,0,0,0.0,0,0,0,0,0,0.0,0.0,0.0,0,0,0,69.1,21.85,1.33,0.33,26.13,25.1,63.4,99.99999389648437,91.44367294311523,8.403139507770538,97.95508422851563,0.0652261346578598,1839.0,0.0,0.0,100.00000381469727,0.0,0.0,14.3,100.0,0.0,0.0,0.0,450.0,9653.4,0.0,0.0,0.402,0.627,1.029,15.591,0.998,0.031,emon,0.588,0.467,15035.6,13962.9,1.077
2026-09-17 22:07:23.261,17.8,0,94,85;15;0;94;25;2;2;0;28;0;0;0;35;0;0;0,928,4395,4395;4319;4343;4381;2394;3309;2467;3282;2411;3270;2526;2341;1841;1044;928;937,0.0,0.0,9695.3,0,0,0,0,0,0.0,0,0,0,0,0,0,0,0,0.0,0,0,0,0,0,0.0,0.0,0.0,0,0,0,65.1,20.49,15.67,0.34,39.75,25.1,63.4,99.99501037597656,70.2653495658619,6.603578906792861,75.31788262724876,0.05287918075919151,1849.0,0.0,0.0,77.0670948389631,0.0,7.824390199321967,14.3,99.9,0.0,0.0,0.0,450.0,9695.3,0.0,0.0,0.402,0.627,1.029,15.591,0.998,0.031,emon,0.588,0.467,15035.6,13962.9,1.077
2026-09-17 22:07:24.261,19.1,0,94,63;28;8;94;38;5;5;5;23;5;5;5;19;2;0;3,1294,4340,4250;4233;4048;4340;2905;3145;3134;2879;2649;3270;3254;3233;1294;1981;1431;2127,0.0,0.0,9695.3,0,0,0,0,0,0.0,0,0,0,0,0,0,0,0,0.0,0,0,0,0,0,0.0,0.0,0.0,0,0,0,62.1,20.49,15.67,0.34,39.75,25.0,63.4,99.99858638218471,72.15695970711697,6.2904768245560785,76.94866789983851,0.04970385690726938,1849.0,0.0,0.0,78.72106814331242,0.0,7.275462659940656,14.3,100.0,0.0,0.0,0.0,450.0,9695.3,0.0,0.0,0.402,0.627,1.029,15.591,0.998,0.031,emon,0.588,0.467,15035.6,13962.9,1.077
2026-09-17 22:07:25.262,20.1,0,89,65;18;8;74;89;5;0;0;31;2;0;0;30;0;0;0,834,4207,4153;4160;4150;4207;3255;3297;3072;2493;2657;2878;2027;2458;1334;954;834;868,0.6,0.0,9716.0,0,0,0,0,0,0.0,0,0,0,0,0,0,0,0,0.0,0,0,0,0,0,0.0,0.0,0.0,0,0,0,52.1,20.49,15.67,0.34,39.75,25.0,63.4,100.00132428383341,19.036550976915702,22.72550759449297,27.247296301838087,0.9805023656060387,1849.0,0.0,0.0,51.18525489456287,0.0,46.897705656651574,14.3,99.8,0.0,0.0,0.0,450.0,9696.3,0.0,0.0,0.402,0.627,1.029,15.591,0.998,0.031,emon,0.588,0.467,15035.6,13962.9,1.077
2026-09-17 22:07:26.262,18.5,0,92,76;29;8;92;33;2;3;0;31;2;0;0;16;4;0;0,568,4377,4377;4260;4106;4289;2892;3157;2929;3263;2665;3268;3122;3377;875;775;756;568,0.5,0.0,9770.0,0,0,0,0,0,0.0,0,0,0,0,0,0,0,0,0.0,0,0,0,0,0,0.0,0.0,0.0,0,0,0,65.1,20.49,15.67,0.34,39.75,24.9,63.4,100.01506108163998,16.101146887879917,21.218418433078078,23.480865398286195,1.0499333365209746,1849.0,0.0,0.0,48.84693449072614,0.0,49.79970539398592,14.2,96.5,0.0,0.0,0.0,450.0,9790.2,0.0,0.0,0.402,0.627,1.029,15.591,0.998,0.031,emon,0.588,0.467,15035.6,13962.9,1.077
2026-09-17 22:07:27.264,14.2,0,91,86;11;3;91;19;2;2;0;11;0;0;0;5;0;0;0,503,4483,4483;4400;4237;4374;2068;1745;1267;2240;2166;1529;1342;1615;803;687;503;607,0.5,0.0,9770.0,0,0,0,0,0,0.0,0,0,0,0,0,0,0,0,0.0,0,0,0,0,0,0.0,0.0,0.0,0,0,0,69.1,18.18,25.35,0.36,48.7,25.0,63.4,99.96112683240105,23.88816394273411,19.702118711436498,36.088575366117496,2.579114628904362,1849.0,0.0,0.0,50.85953990866683,0.0,46.89571316247876,14.3,99.3,0.0,0.0,0.0,450.0,9770.0,0.0,0.0,0.402,0.627,1.029,15.591,0.998,0.031,emon,0.588,0.467,15035.6,13962.9,1.077
2026-09-17 22:07:28.264,16.4,0,89,75;22;3;89;28;2;2;0;25;5;0;0;11;0;0;0,651,4359,4359;4321;4207;4219;2783;3018;3366;3263;2465;3107;3264;3232;893;944;651;676,0.5,0.0,9771.0,0,0,0,0,0,0.0,0,0,0,0,0,0,0,0,0.0,0,0,0,0,0,0.0,0.0,0.0,0,0,0,65.1,18.18,25.35,0.36,48.7,24.9,63.4,99.96493295310201,16.840313615471857,23.74104892440896,25.523500961710468,0.9831945779411214,1849.0,0.0,0.0,49.798053540127434,0.0009901638048282568,48.24356250626198,14.2,98.0,0.0,0.0,0.0,450.0,9800.0,0.0,0.0,0.402,0.627,1.029,15.591,0.998,0.031,emon,0.588,0.467,15035.6,13962.9,1.077
2026-09-17 22:07:29.265,13.9,0,97,89;10;0;97;8;2;0;0;14;0;0;0;3;0;0;0,528,4578,4458;4375;4578;4454;2794;3071;1689;3132;2039;2604;2654;2545;577;665;528;542,0.3,0.0,9800.0,0,0,0,0,0,0.0,0,0,0,0,0,0,0,0,0.0,0,0,0,0,0,0.0,0.0,0.0,0,0,0,70.1,18.18,25.35,0.36,48.7,24.9,63.4,100.00000254313152,90.732666015625,9.114207161797417,97.81654781765408,0.07693387733565436,1849.0,0.0,0.0,100.000001695421,0.0,0.0,14.3,99.7,0.0,0.0,0.0,450.0,9800.0,0.0,0.0,0.402,0.627,1.029,15.591,0.998,0.031,emon,0.588,0.467,15035.6,13962.9,1.077
2026-09-17 22:07:30.266,15.7,0,97,82;22;2;97;17;0;0;0;17;0;0;0;15;0;0;0,654,4316,4295;4316;4118;4289;2668;3067;2739;2546;2598;3350;1592;1858;1072;752;654;707,0.0,0.0,9800.0,0,0,0,0,0,0.0,0,0,0,0,0,0,0,0,0.0,0,0,0,0,0,0.0,0.0,0.0,0,0,0,62.1,18.18,25.35,0.36,48.7,24.9,63.4,96.58532546795412,11.690059628838156,33.042913270941916,32.00640970009014,19.643355981813933,1846.5770925110132,0.0,0.0,51.26383815025029,0.0,43.149438615436004,14.2,99.0,0.0,0.0,0.0,450.0,9762.3,0.0,0.0,11.587,3.247,14.834,30.662,1.962,12.872,emon,0.595,0.643,106.6,49.7,2.146
2026-09-17 22:07:31.266,16.9,0,91,86;12;5;91;30;0;0;0;30;0;0;0;18;0;0;0,565,4333,4319;4294;4325;4333;2638;3236;3031;2872;2460;2806;1859;2466;977;745;565;627,97.5,0.0,9771.5,0,0,0,0,0,0.0,0,0,0,0,0,0,0,0,0.0,0,0,0,0,0,0.0,0.0,0.0,0,0,0,63.1,19.12,20.28,0.37,46.38,24.9,63.4,96.26757814407348,12.781517322391272,36.71780600976944,35.66653726285696,18.80002510970272,1799.0,0.0,0.0,51.28523560174927,0.0,43.98350750677829,14.1,97.6,0.0,0.0,0.0,450.0,9771.4,0.0,0.0,11.587,3.247,14.834,30.662,1.962,12.872,emon,0.595,0.643,106.6,49.7,2.146
2026-09-17 22:07:32.267,16.1,0,95,88;14;3;95;23;0;0;0;20;0;0;0;10;3;0;0,733,4357,4350;4277;4238;4357;2598;3320;3268;3198;2629;2994;3190;3099;1003;1063;750;733,96.1,0.0,9771.4,0,0,0,0,0,0.0,0,0,0,0,0,0,0,0,0.0,0,0,0,0,0,0.0,0.0,0.0,0,0,0,62.1,19.12,20.28,0.37,46.38,24.9,63.4,97.12698997411513,9.667791722044768,30.15854283651911,27.128449117946893,16.102531360106934,1799.0,0.0,0.0,48.33568793911175,0.0,44.803964956861584,14.2,99.2,0.0,0.0,0.0,450.0,9766.2,0.0,0.0,11.587,3.247,14.834,30.662,1.962,12.872,emon,0.595,0.643,106.6,49.7,2.146
2026-09-17 22:07:33.268,16.8,0,91,89;8;3;91;28;5;0;0;27;2;0;0;17;0;0;0,585,4350,4345;4348;4242;4350;2395;3031;2374;2906;2587;3359;3066;2012;1017;624;585;723,98.8,0.0,9787.5,0,0,0,0,0,0.0,0,0,0,0,0,0,0,0,0.0,0,0,0,0,0,0.0,0.0,0.0,0,0,0,64.1,19.12,20.28,0.37,46.38,24.9,63.4,79.96517326091897,17.390114469935412,39.6238160585535,43.690377667032436,28.972080625336744,1799.0,0.0,0.0,62.193864035709154,0.0,3.525470368307212,14.2,98.7,0.0,0.0,0.0,450.0,9787.5,0.0,0.0,11.587,3.247,14.834,30.662,1.962,12.872,emon,0.595,0.643,106.6,49.7,2.146
2026-09-17 22:07:34.268,14.5,0,98,94;3;0;98;14;2;0;0;15;0;0;0;6;0;0;0,527,4365,4365;4355;4316;4361;2184;3146;2657;3129;2464;3147;3372;2718;790;797;600;527,100.0,0.0,9787.5,0,0,0,0,0,0.0,0,0,0,0,0,0,0,0,0.0,0,0,0,0,0,0.0,0.0,0.0,0,0,0,65.1,19.12,20.28,0.37,46.38,24.9,63.4,85.17554110747118,18.496729080421993,41.733913256571846,46.066593441825646,31.420503322894756,1799.0,0.0,0.0,65.53108328595184,0.0,3.9304364785516204,14.2,99.6,0.0,0.0,0.0,450.0,9787.5,0.0,0.0,11.587,3.247,14.834,30.662,1.962,12.872,emon,0.595,0.643,106.6,49.7,2.146
2026-09-17 22:07:35.269,15.1,0,94,94;6;3;92;19;0;0;0;12;0;0;0;15;0;0;0,648,4331,4331;4238;4254;4313;2358;3070;3183;1867;2178;3052;1658;2341;828;648;846;664,100.0,0.0,9787.5,0,0,0,0,0,0.0,0,0,0,0,0,0,0,0,0.0,0,0,0,0,0,0.0,0.0,0.0,0,0,0,65.1,19.42,12.77,0.39,42.93,24.9,63.4,73.75068471829097,20.18144877751668,44.733551025390625,49.649805863698326,33.730773289998375,1799.0,0.0,0.0,70.85110334663962,0.0,0.0,14.2,99.3,0.0,0.0,0.0,450.0,9787.5,0.0,0.0,11.587,3.247,14.834,30.662,1.962,12.872,emon,0.595,0.643,106.6,49.7,2.146
2026-09-17 22:07:36.270,18.0,0,83,73;19;3;83;17;6;5;0;41;5;0;3;29;3;2;0,856,4200,4136;3973;4200;4112;2315;2899;2367;3142;2231;3156;3026;3206;1114;1014;856;1167,100.0,0.0,9793.0,0,0,0,0,0,0.0,0,0,0,0,0,0,0,0,0.0,0,0,0,0,0,0.0,0.0,0.0,0,0,0,51.1,19.42,12.77,0.39,42.93,24.9,63.4,92.69203089631122,11.901986377030287,34.2063903082972,34.48116713827071,19.647415347463127,1799.0,0.0,0.0,49.07421257650561,0.0,30.926394035673106,14.2,98.1,0.0,0.0,0.0,250.0,9793.5,0.0,0.0,11.587,3.247,14.834,30.662,1.962,12.872,emon,0.595,0.643,106.6,49.7,2.146
2026-09-17 22:07:37.270,18.2,0,63,41;19;9;39;31;0;0;0;58;0;0;0;63;15;12;3,940,2692,1478;1584;1281;1573;1243;1182;940;975;1420;1534;2237;2692;1169;980;979;1033,0.0,0.0,9792.0,0,0,0,0,0,0.0,0,0,0,0,0,0,0,0,0.0,0,0,0,0,0,0.0,0.0,0.0,0,0,0,33.1,19.42,12.77,0.39,42.93,24.9,63.4,100.00000832297586,16.25978287783536,75.67249159379439,70.66909859397195,52.458434711803086,1799.0,0.0,0.0,100.00000832297586,0.0,0.0,14.2,99.3,0.0,0.0,0.0,450.0,9792.0,0.0,0.0,11.587,3.247,14.834,30.662,1.962,12.872,emon,0.595,0.643,106.6,49.7,2.146
2026-09-17 22:07:38.271,17.8,0,71,49;19;3;37;32;2;0;0;42;0;0;0;71;14;9;6,830,1599,1529;1599;1038;1452;1136;871;914;1102;1327;1184;1586;1332;1162;870;1118;830,0.0,0.0,9792.0,0,0,0,0,0,0.0,0,0,0,0,0,0,0,0,0.0,0,0,0,0,0,0.0,0.0,0.0,0,0,0,32.1,19.42,12.77,0.39,42.93,24.9,63.4,99.85056572991448,9.326488492129421,39.586870496337475,37.823736497276535,27.37373447418213,1799.0,0.0,0.0,62.26437190779158,0.0,37.91395467245162,14.3,99.8,0.0,0.0,0.0,450.0,9786.5,0.0,0.0,11.587,3.247,14.834,30.662,1.962,12.872,emon,0.595,0.643,106.6,49.7,2.146
2026-09-17 22:07:39.272,19.7,0,82,36;22;14;41;33;0;0;0;48;2;0;0;82;14;22;2,1128,1489,1419;1417;1128;1445;1155;1196;1489;1321;1267;1322;1314;1298;1314;1220;1271;1217,100.0,0.0,9785.4,0,0,0,0,0,0.0,0,0,0,0,0,0,0,0,0.0,0,0,0,0,0,0.0,0.0,0.0,0,0,0,31.1,6.87,10.02,0.39,25.54,24.9,63.4,94.63277259994956,10.502530441564673,50.584057583528406,47.199321690727686,33.56886791481691,1799.0,0.0,0.0,64.79573991845416,0.0,29.67399441859743,14.2,99.6,0.0,0.0,0.0,450.0,9783.9,0.0,0.0,11.587,3.247,14.834,30.662,1.962,12.872,emon,0.595,0.643,106.6,49.7,2.146
2026-09-17 22:07:40.272,17.6,0,66,44;6;0;35;42;0;0;0;66;0;0;0;62;9;9;9,963,1839,1360;1409;1571;1456;1408;1839;1135;1196;1363;1423;1181;1226;1098;963;1044;1201,99.1,0.0,9723.3,0,0,0,0,0,0.0,0,0,0,0,0,0,0,0,0.0,0,0,0,0,0,0.0,0.0,0.0,0,0,0,32.1,6.87,10.02,0.39,25.54,24.9,63.4,99.99999542236328,15.336939239501953,76.39785575866699,70.47346649169921,53.131520462036136,1799.0,0.0,0.0,100.00000534057617,0.0,0.0,14.3,99.9,0.0,0.0,0.0,450.0,9708.0,0.0,0.0,11.587,3.247,14.834,30.662,1.962,12.872,emon,0.595,0.643,106.6,49.7,2.146
2026-09-17 22:07:41.274,17.0,0,70,34;17;3;34;52;0;0;0;31;0;0;0;70;15;11;5,1019,1669,1589;1399;1651;1669;1330;1113;1240;1234;1176;1020;1068;1047;1169;1167;1019;1181,100.0,0.0,9708.0,0,0,0,0,0,0.0,0,0,0,0,0,0,0,0,0.0,0,0,0,0,0,0.0,0.0,0.0,0,0,0,32.1,6.87,10.02,0.39,25.54,24.9,63.4,98.23320013163041,12.154745112876503,48.6146139028121,46.254567691258025,30.921214911402487,1799.0,0.0,0.0,61.336072607060935,0.0,37.06492687008021,14.3,99.7,0.0,0.0,0.0,450.0,9708.0,0.0,0.0,11.587,3.247,14.834,30.662,1.962,12.872,emon,0.595,0.643,106.6,49.7,2.146
2026-09-17 22:07:42.274,16.7,0,62,44;17;0;42;50;0;3;0;31;0;0;0;62;6;9;3,965,1559,1067;1259;965;1319;1378;1474;1172;1559;1218;1231;1547;1272;1214;1135;1227;1050,0.0,0.0,9708.0,0,0,0,0,0,0.0,0,0,0,0,0,0,0,0,0.0,0,0,0,0,0,0.0,0.0,0.0,0,0,0,32.1,6.87,10.02,0.39,25.54,24.9,63.4,97.30670689874225,11.645943703802509,49.44082855184873,44.30953364695112,29.698019827405613,1799.0,0.0,0.0,63.98407165320694,0.0,33.6445289358073,14.3,100.0,0.0,0.0,0.0,450.0,9708.0,0.0,0.0,68.16,0.703,68.862,16.454,1.053,67.809,emon,0.632,0.445,206.9,97.0,2.132
2026-09-17 22:07:43.275,18.5,0,60,46;9;0;39;60;0;0;2;42;0;0;0;54;17;20;6,918,1357,1223;983;1089;1348;1357;1236;1225;1216;1198;1088;1166;1114;1102;918;964;1012,0.0,0.0,9708.0,0,0,0,0,0,0.0,0,0,0,0,0,0,0,0,0.0,0,0,0,0,0,0.0,0.0,0.0,0,0,0,31.1,2.08,9.2,0.39,19.22,24.9,63.4,94.65516520227705,12.835654548236302,49.7203116280692,47.61139965057373,33.80732070377895,1799.0,0.0,0.0,65.79818696486099,0.0,28.838338904909428,14.2,99.5,0.0,0.0,0.0,450.0,9708.3,0.0,0.0,68.16,0.703,68.862,16.454,1.053,67.809,emon,0.632,0.445,206.9,97.0,2.132
2026-09-17 22:07:44.275,18.5,0,51,16;36;3;45;11;41;4;0;0;32;0;0;29;51;23;5,1042,2901,2273;2318;2901;2501;1474;1666;2091;1935;1198;1537;1832;2032;1042;1113;1155;1076,0.0,0.0,9708.3,0,0,0,0,0,0.0,0,0,0,0,0,0,0,0,0.0,0,0,0,0,0,0.0,0.0,0.0,0,0,0,37.1,2.08,9.2,0.39,19.22,24.9,63.4,98.07714301347733,10.722567056460926,42.942201485546924,40.89574748343633,28.387681224698706,1799.0,0.0,0.0,56.35119557347692,0.0,38.148010401720946,14.3,99.5,0.0,0.0,0.0,450.0,9708.0,0.0,0.0,68.16,0.703,68.862,16.454,1.053,67.809,emon,0.632,0.445,206.9,97.0,2.132
2026-09-17 22:07:45.276,19.3,0,60,23;43;2;46;0;48;5;5;0;45;2;0;15;60;12;3,809,2037,1735;1280;1973;1493;1972;1525;2037;2007;1137;1279;1914;1892;1010;1074;1075;809,100.0,0.0,9746.5,0,0,0,0,0,0.0,0,0,0,0,0,0,0,0,0.0,0,0,0,0,0,0.0,0.0,0.0,0,0,0,33.1,2.08,9.2,0.39,19.22,24.9,63.4,83.36596609564388,13.883236857021556,61.47090822107651,57.9292090920841,42.46404356115005,1799.0,0.0,0.0,82.35915298321667,0.0,0.0,14.2,98.6,0.0,0.0,0.0,450.0,9746.5,0.0,0.0,68.16,0.703,68.862,16.454,1.053,67.809,emon,0.632,0.445,206.9,97.0,2.132
2026-09-17 22:07:46.281,17.1,0,63,21;35;6;44;0;29;2;0;0;48;0;0;9;63;16;2,879,1738,1407;1409;1149;1360;1317;1203;932;1345;1381;1295;1738;1289;987;1163;994;879,0.6,0.0,9714.7,0,0,0,0,0,0.0,0,0,0,0,0,0,0,0,0.0,0,0,0,0,0,0.0,0.0,0.0,0,0,0,32.1,2.08,9.2,0.39,19.22,24.9,63.4,95.54832056234049,10.04227677975283,46.65274745364522,43.76811172691889,30.50074078177297,1799.0,0.0,0.0,62.85100327408331,0.0,32.82334629993911,14.2,99.0,0.0,0.0,0.0,450.0,9714.7,0.0,0.0,68.16,0.703,68.862,16.454,1.053,67.809,emon,0.632,0.445,206.9,97.0,2.132
2026-09-17 22:07:47.281,17.1,0,56,22;41;14;38;0;27;0;0;0;39;0;0;6;56;23;8,723,1254,926;1095;723;997;1015;1152;1186;1155;1106;1254;1049;1173;1021;1235;1128;1187,0.2,0.0,9712.3,0,0,0,0,0,0.0,0,0,0,0,0,0,0,0,0.0,0,0,0,0,0,0.0,0.0,0.0,0,0,0,31.1,2.81,9.53,0.39,20.56,24.9,63.4,99.86752336675471,7.587741988169,32.77815973411568,30.461703777202107,18.384541563012384,1799.0,0.0,0.0,59.06514130150688,0.0,38.86503513839038,14.3,99.9,0.0,0.0,0.0,450.0,9712.3,0.0,0.0,68.16,0.703,68.862,16.454,1.053,67.809,emon,0.632,0.445,206.9,97.0,2.132
2026-09-17 22:07:48.282,22.5,2,63,22;49;8;51;3;44;5;5;2;63;6;3;8;45;17;31,1151,3592,2942;2054;3592;2012;3205;1547;2780;3198;3196;1605;3125;3017;1558;1320;1606;1151,100.0,0.0,9712.3,0,0,0,0,0,0.0,0,0,0,0,0,0,0,0,0.0,0,0,0,0,0,0.0,0.0,0.0,0,0,0,36.1,2.81,9.53,0.39,20.56,24.9,63.4,98.76842695160916,9.95369044921704,42.18265222248278,39.37927455915824,24.50867190800215,1799.0,0.0,0.0,56.70261082484534,0.0,42.4857427718425,14.2,99.4,0.0,0.0,0.0,450.0,9712.3,0.0,0.0,68.16,0.703,68.862,16.454,1.053,67.809,emon,0.632,0.445,206.9,97.0,2.132
2026-09-17 22:07:49.282,22.3,2,79,22;36;16;48;3;43;10;8;2;42;8;3;9;79;25;5,1383,3149,2608;2697;2609;3149;2859;1852;1903;2243;2932;1733;1723;2386;1383;1517;1560;1902,100.0,0.0,9712.3,0,0,0,0,0,0.0,0,0,0,0,0,0,0,0,0.0,0,0,0,0,0,0.0,0.0,0.0,0,0,0,35.1,2.81,9.53,0.39,20.56,25.0,63.4,99.1355250868304,9.656152761254953,35.81659731256037,33.38098069747118,16.884019999639076,1799.0,0.0,0.0,45.85859684995509,0.0,41.25706077525981,14.2,96.5,0.0,0.0,0.0,450.0,9812.1,0.0,0.0,68.16,0.703,68.862,16.454,1.053,67.809,emon,0.632,0.445,206.9,97.0,2.132
2026-09-17 22:07:50.294,22.3,0,71,25;41;20;35;0;60;3;4;3;42;3;2;21;71;15;12,790,1470,1173;1390;1361;1470;1202;1219;1166;1175;790;1309;889;806;1164;1340;1249;1079,100.0,0.0,9812.1,0,0,0,0,0,0.0,0,0,0,0,0,0,0,0,0.0,0,0,0,0,0,0.0,0.0,0.0,0,0,0,31.1,2.81,9.53,0.39,20.56,25.0,63.4,96.11137850761413,9.854549532346427,47.99881109237671,44.95270874917507,30.170508612394332,1799.0,0.0,0.0,60.239345507845286,0.0,12.225573642328381,14.3,99.7,0.0,0.0,0.0,450.0,9801.5,0.0,0.0,68.16,0.703,68.862,16.454,1.053,67.809,emon,0.632,0.445,206.9,97.0,2.132
2026-09-17 22:07:51.294,18.2,2,67,12;31;9;47;2;34;2;2;3;31;3;3;20;67;20;5,1022,2508,2011;1877;2118;2508;1520;1513;1812;1788;1022;1330;1204;1034;1126;1331;1160;1161,100.0,0.0,9793.5,0,0,0,0,0,0.0,0,0,0,0,0,0,0,0,0.0,0,0,0,0,0,0.0,0.0,0.0,0,0,0,34.1,4.43,9.63,0.39,22.67,24.9,63.4,99.46412156576133,10.306463751178908,42.81150410261499,42.269481734069714,17.994401559035374,1799.0,0.0,0.0,45.34064333240294,0.0,39.57681187674211,14.2,96.4,0.0,0.0,0.0,450.0,9802.2,0.0,0.0,68.16,0.703,68.862,16.454,1.053,67.809,emon,0.632,0.445,206.9,97.0,2.132
2026-09-17 22:07:52.295,16.8,0,58,11;39;5;34;0;58;5;0;0;36;0;0;8;56;12;6,864,1480,1060;1029;934;1083;1091;1354;1034;1480;1198;1160;1322;1077;936;1073;864;996,100.0,0.0,9802.2,0,0,0,0,0,0.0,0,0,0,0,0,0,0,0,0.0,0,0,0,0,0,0.0,0.0,0.0,0,0,0,31.1,4.43,9.63,0.39,22.67,24.9,63.4,92.68253682209895,16.061692384573128,68.76383561354417,65.20568495530348,47.87092091487004,1799.0,0.0,0.0,92.30982741054434,0.0,0.0,14.3,99.8,0.0,0.0,0.0,450.0,9798.2,0.0,0.0,68.16,0.703,68.862,16.454,1.053,67.809,emon,0.632,0.445,206.9,97.0,2.132
2026-09-17 22:07:53.296,19.5,0,88,14;48;0;55;0;53;5;0;0;25;0;0;3;88;12;9,1114,3195,2306;2391;2150;3195;1139;1526;1310;1901;1114;1531;1412;1877;1158;1555;1139;1175,100.0,0.0,9803.8,0,0,0,0,0,0.0,0,0,0,0,0,0,0,0,0.0,0,0,0,0,0,0.0,0.0,0.0,0,0,0,36.1,4.43,9.63,0.39,22.67,24.9,63.4,99.5963832795083,10.493298323363536,41.21981761450166,40.361475402707455,15.981282157315208,1799.0,0.0,0.0,45.20278553957086,0.0,40.97603949203403,14.2,94.7,0.0,0.0,0.0,450.0,9803.8,0.0,0.0,71.8,2.191,73.991,16.708,1.069,72.922,emon,0.622,0.405,198.4,92.9,2.136
2026-09-17 22:07:54.296,18.9,0,60,14;39;3;45;0;60;6;0;0;36;0;0;5;60;18;18,1021,2616,2616;1791;1564;2024;1267;1523;1673;2099;1243;1456;2143;1248;1045;1238;1021;1062,100.0,0.0,9814.3,0,0,0,0,0,0.0,0,0,0,0,0,0,0,0,0.0,0,0,0,0,0,0.0,0.0,0.0,0,0,0,31.1,4.43,9.63,0.39,22.67,24.9,63.4,97.89147532525374,9.741866174640705,40.04322294194495,39.221620822521906,15.361614259098388,1799.0,0.0,0.0,42.87600970073912,0.0,39.11946593293445,14.2,97.6,0.0,0.0,0.0,450.0,9797.4,0.0,0.0,71.8,2.191,73.991,16.708,1.069,72.922,emon,0.622,0.405,198.4,92.9,2.136
2026-09-17 22:07:55.297,19.2,0,70,11;35;11;51;0;44;0;2;0;47;2;0;15;70;12;8,882,1716,1150;1417;1051;1716;1176;1365;1293;1123;1024;1333;1632;882;1125;1228;1086;1142,100.0,0.0,9814.3,0,0,0,0,0,0.0,0,0,0,0,0,0,0,0,0.0,0,0,0,0,0,0.0,0.0,0.0,0,0,0,33.1,4.1,10.16,0.39,23.22,24.9,63.4,98.68547405563034,9.75980393828212,40.88921878387878,39.059729754507956,15.676532985049892,1799.0,0.0,0.0,46.32602924545185,0.0,38.1868472988744,14.2,97.4,0.0,0.0,0.0,450.0,9802.0,0.0,0.0,71.8,2.191,73.991,16.708,1.069,72.922,emon,0.622,0.405,198.4,92.9,2.136
2026-09-17 22:07:56.297,27.9,9,70,18;40;9;42;11;39;20;16;9;70;14;9;23;59;39;26,887,1784,1583;1558;1173;1784;1295;1222;1126;1351;1294;1335;1255;1350;918;1061;988;887,97.8,0.0,9798.0,0,0,0,0,0,0.0,0,0,0,0,0,0,0,0,0.0,0,0,0,0,0,0.0,0.0,0.0,0,0,0,32.1,4.1,10.16,0.39,23.22,24.9,63.4,93.94516253471375,11.529653757810593,60.835219621658325,56.36046099662781,39.04337500035763,1799.0,0.0,0.0,75.13407981570344,0.0,6.358854912221432,14.2,98.1,0.0,0.0,0.0,450.0,9806.7,0.0,0.0,71.8,2.191,73.991,16.708,1.069,72.922,emon,0.622,0.405,198.4,92.9,2.136
2026-09-17 22:07:57.298,20.8,0,66,15;66;3;54;0;38;0;0;0;61;0;0;18;52;19;6,844,2025,1595;1887;1192;2025;844;1355;1064;1035;1402;1465;1341;1002;1000;1080;961;1144,100.0,0.0,9806.7,0,0,0,0,0,0.0,0,0,0,0,0,0,0,0,0.0,0,0,0,0,0,0.0,0.0,0.0,0,0,0,35.1,4.1,10.16,0.39,23.22,24.9,63.4,99.3490452170372,10.346777586920842,42.590897419968165,40.71277687678466,15.900738399343272,1799.0,0.0,0.0,46.119631667314664,0.0,38.932461882419894,14.2,97.7,0.0,0.0,0.0,450.0,9806.7,0.0,0.0,71.8,2.191,73.991,16.708,1.069,72.922,emon,0.622,0.405,198.4,92.9,2.136
2026-09-17 22:07:58.299,19.2,0,56,23;37;15;46;0;38;5;2;0;42;0;0;22;56;11;11,893,1345,1135;1120;1257;1072;1089;1121;1045;1087;1345;1334;1066;1336;1111;1135;893;936,0.0,0.0,9811.6,0,0,0,0,0,0.0,0,0,0,0,0,0,0,0,0.0,0,0,0,0,0,0.0,0.0,0.0,0,0,0,31.1,4.1,10.16,0.39,23.22,24.9,63.4,94.83759395054409,10.161973730102181,39.9728972537177,38.22446001512664,25.494240098553046,1799.0,0.0,0.0,51.722746041230856,0.0,14.572202765728747,14.3,99.9,0.0,0.0,0.0,450.0,9811.6,0.0,0.0,71.8,2.191,73.991,16.708,1.069,72.922,emon,0.622,0.405,198.4,92.9,2.136
2026-09-17 22:07:59.300,17.4,0,62,9;45;11;36;0;47;2;2;0;62;0;0;12;42;6;3,763,1940,763;969;875;1089;1029;1127;963;1212;1082;1380;1725;1940;1091;1145;898;1142,22.0,0.0,9807.6,0,0,0,0,0,0.0,0,0,0,0,0,0,0,0,0.0,0,0,0,0,0,0.0,0.0,0.0,0,0,0,31.1,2.52,9.5,0.39,20.3,24.9,63.4,86.89613873617989,13.026026180812291,63.91814041137695,59.125600814819336,44.34989493233817,1799.0,0.0,0.0,85.7209722248039,0.0,0.0,14.2,99.5,0.0,0.0,0.0,450.0,9807.6,0.0,0.0,71.8,2.191,73.991,16.708,1.069,72.922,emon,0.622,0.405,198.4,92.9,2.136
2026-09-17 22:08:00.301,18.2,0,51,17;43;9;38;0;42;2;0;0;48;0;0;9;51;20;12,845,1201,952;988;1201;1069;1058;1131;920;1142;1104;1104;1082;1051;955;1038;923;845,22.0,0.0,9807.6,0,0,0,0,0,0.0,0,0,0,0,0,0,0,0,0.0,0,0,0,0,0,0.0,0.0,0.0,0,0,0,30.1,2.52,9.5,0.39,20.3,24.9,63.4,92.61949304433969,12.51234480050894,72.62715090238132,65.59056912935696,48.70823375995342,1799.0,0.0,0.0,92.3093107255319,0.0,0.0,14.2,99.6,0.0,0.0,0.0,450.0,9803.5,0.0,0.0,71.8,2.191,73.991,16.708,1.069,72.922,emon,0.622,0.405,198.4,92.9,2.136
2026-09-17 22:08:01.302,17.8,0,54,12;40;3;37;0;54;0;0;0;45;0;0;9;52;17;16,1040,2110,2093;1555;1744;1638;1444;1448;2110;2070;1480;1323;1588;1352;1040;1227;1127;1128,0.2,0.0,9803.5,0,0,0,0,0,0.0,0,0,0,0,0,0,0,0,0.0,0,0,0,0,0,0.0,0.0,0.0,0,0,0,31.1,2.52,9.5,0.39,20.3,24.9,63.4,100.02226095330225,10.557292142347114,42.386089956923705,41.81927677009204,18.66361778031828,1799.0,0.0,0.0,45.38550009075807,0.0,40.16920559931557,14.3,97.9,0.0,0.0,0.0,450.0,9803.5,0.0,0.0,71.8,2.191,73.991,16.708,1.069,72.922,emon,0.622,0.405,198.4,92.9,2.136
2026-09-17 22:08:02.362,19.4,0,54,22;47;3;54;0;47;2;3;0;43;0;0;7;54;15;13,1126,2079,1791;1949;1503;2079;1794;1433;1376;1389;1126;1245;1331;1550;1174;1340;1421;1172,100.0,0.0,9803.5,0,0,0,0,0,0.0,0,0,0,0,0,0,0,0,0.0,0,0,0,0,0,0.0,0.0,0.0,0,0,0,33.1,2.52,9.47,0.39,20.21,24.9,63.4,95.56424154554095,13.227612253810678,55.904000974836805,53.527354339048976,36.09274492519243,1799.0,0.0,0.0,71.54024975072215,0.0,14.423730212601921,14.2,96.0,0.0,0.0,0.0,450.0,9803.5,0.0,0.0,71.8,2.191,73.991,16.708,1.069,72.922,emon,0.622,0.405,198.4,92.9,2.136
2026-09-17 22:08:03.363,18.5,0,70,14;40;5;41;0;42;2;0;0;41;2;0;17;70;6;17,968,2439,2123;2172;1894;2439;1281;1448;1098;1351;1154;1376;1124;1154;968;1302;981;1167,0.0,0.0,9803.5,0,0,0,0,0,0.0,0,0,0,0,0,0,0,0,0.0,0,0,0,0,0,0.0,0.0,0.0,0,0,0,36.1,2.52,9.47,0.39,20.21,24.9,63.4,99.98920931134906,10.307994219235011,46.09232390948704,44.3491275702204,20.873148011925515,1799.0,0.0,0.0,50.159618344024885,0.0,36.09880888988046,14.2,96.4,0.0,0.0,0.0,450.0,9803.5,0.0,0.0,71.8,2.191,73.991,16.708,1.069,72.922,emon,0.622,0.405,198.4,92.9,2.136
2026-09-17 22:08:04.364,19.5,0,68,18;32;8;42;0;68;0;0;0;48;2;0;11;59;20;5,820,2210,1800;1406;2210;1919;820;1337;1811;1256;1394;1519;1058;1462;999;1311;1185;1050,2.2,0.0,9803.5,0,0,0,0,0,0.0,0,0,0,0,0,0,0,0,0.0,0,0,0,0,0,0.0,0.0,0.0,0,0,0,32.1,2.52,9.47,0.39,20.21,24.8,63.4,100.00515747070312,16.353946495056153,69.21632919311523,66.5149403889974,45.34573483864467,1799.0,0.0,0.0,86.6739116837581,0.0,13.457288805643717,14.3,98.0,0.0,0.0,0.0,450.0,9803.5,0.0,0.0,71.8,2.191,73.991,16.708,1.069,72.922,emon,0.622,0.405,198.4,92.9,2.136
2026-09-17 22:08:05.365,18.5,0,66,29;41;5;40;0;42;0;0;0;55;0;0;8;66;6;3,954,2790,1844;1951;2790;2683;1036;1238;1454;1251;1211;1437;1492;1296;1237;1525;1348;954,3.7,0.0,9803.5,0,0,0,0,0,0.0,0,0,0,0,0,0,0,0,0.0,0,0,0,0,0,0.0,0.0,0.0,0,0,0,35.1,2.52,9.47,0.39,20.21,24.8,63.4,100.00475561679939,10.539331581348028,42.18835205481603,41.63609877671951,15.4366482915759,1799.0,0.0,0.0,44.76905506665651,0.0,41.4645298033621,14.2,95.9,0.0,0.0,0.0,450.0,9803.5,0.0,0.0,65.718,2.019,67.737,36.954,2.365,65.372,emon,0.559,0.348,216.3,101.5,2.132
2026-09-17 22:08:06.379,18.3,0,54,9;49;5;44;0;54;3;0;0;49;0;0;14;38;24;5,744,1449,1070;1054;1449;1116;1221;1218;1020;1056;1130;1286;1263;1107;899;890;862;744,3.7,0.0,9803.5,0,0,0,0,0,0.0,0,0,0,0,0,0,0,0,0.0,0,0,0,0,0,0.0,0.0,0.0,0,0,0,31.1,3.52,9.77,0.39,21.79,24.8,63.4,100.0155746459961,10.51611375901848,64.14313278198242,57.43883218268554,43.875229899088545,1799.0,0.0,0.0,80.150341501832,0.0,6.793055747449398,14.3,100.0,0.0,0.0,0.0,450.0,9803.5,0.0,0.0,65.718,2.019,67.737,36.954,2.365,65.372,emon,0.559,0.348,216.3,101.5,2.132
2026-09-17 22:08:07.379,18.2,0,56,14;56;5;51;0;48;3;0;0;55;0;0;8;36;8;8,811,2369,2369;1838;2088;1966;811;1349;1001;1076;1526;1472;1802;1866;961;1355;1144;942,0.0,0.0,9803.5,0,0,0,0,0,0.0,0,0,0,0,0,0,0,0,0.0,0,0,0,0,0,0.0,0.0,0.0,0,0,0,35.1,3.52,9.77,0.39,21.79,24.8,63.4,93.06254927317302,11.94130257765452,70.75954055786133,63.64499378204346,48.535545667012535,1799.0,0.0,0.0,91.6746281106025,0.0,0.0,14.2,97.6,0.0,0.0,0.0,450.0,9803.5,0.0,0.0,65.718,2.019,67.737,36.954,2.365,65.372,emon,0.559,0.348,216.3,101.5,2.132
2026-09-17 22:08:08.380,20.1,0,71,8;47;5;48;0;39;0;2;0;71;2;0;21;61;17;3,910,2690,2690;1672;2508;2358;1068;1274;1245;959;1782;1401;1611;1564;1159;1286;1163;910,100.0,0.0,9803.5,0,0,0,0,0,0.0,0,0,0,0,0,0,0,0,0.0,0,0,0,0,0,0.0,0.0,0.0,0,0,0,33.1,3.52,9.77,0.39,21.79,24.8,63.4,98.73539238244715,11.730624034371175,45.61514650600057,46.067516101917754,20.278732862271053,1799.0,0.0,0.0,50.85865928174954,0.0,35.5836775447223,14.2,96.9,0.0,0.0,0.0,450.0,9803.5,0.0,0.0,65.718,2.019,67.737,36.954,2.365,65.372,emon,0.559,0.348,216.3,101.5,2.132
2026-09-17 22:08:09.380,20.1,0,62,25;62;14;56;0;35;3;2;0;34;5;2;8;62;8;6,926,2675,2675;2544;2075;2642;1407;1556;1113;926;1169;1520;1302;1792;978;1381;1269;1085,87.7,0.0,9826.1,0,0,0,0,0,0.0,0,0,0,0,0,0,0,0,0.0,0,0,0,0,0,0.0,0.0,0.0,0,0,0,36.1,3.52,9.77,0.39,21.79,24.8,63.4,98.71996034738672,10.863547767505391,44.21738807618163,42.45778051177964,17.841521182734002,1799.0,0.0,0.0,48.23099942762362,0.0,38.564805370169196,14.2,94.0,0.0,0.0,0.0,450.0,9830.7,0.0,0.0,65.718,2.019,67.737,36.954,2.365,65.372,emon,0.559,0.348,216.3,101.5,2.132
2026-09-17 22:08:10.438,16.7,0,54,7;51;8;46;0;51;0;0;0;24;0;2;10;54;12;3,781,1806,1182;1312;781;1033;1806;1358;1437;1564;1318;1122;1424;1215;1012;982;967;957,0.0,0.0,9830.7,0,0,0,0,0,0.0,0,0,0,0,0,0,0,0,0.0,0,0,0,0,0,0.0,0.0,0.0,0,0,0,31.1,4.02,9.77,0.39,22.32,24.8,63.4,99.99841512044271,9.727716218680143,65.09630664189656,57.618539012471835,43.99633967081706,1799.0,0.0,0.0,80.12831456586719,0.0,6.787513025601705,14.3,100.0,0.0,0.0,0.0,450.0,9830.7,0.0,0.0,65.718,2.019,67.737,36.954,2.365,65.372,emon,0.559,0.348,216.3,101.5,2.132
2026-09-17 22:08:11.439,20.2,0,65,16;53;6;55;0;58;2;0;0;43;0;0;5;65;17;3,1249,2858,2557;2411;2197;2858;1409;1581;1428;2059;1341;1521;1820;1491;1357;1303;1249;1306,15.3,0.0,9830.7,0,0,0,0,0,0.0,0,0,0,0,0,0,0,0,0.0,0,0,0,0,0,0.0,0.0,0.0,0,0,0,38.1,4.02,9.77,0.39,22.32,24.8,63.4,99.279852248479,9.487888700692295,40.490274840017236,38.92984315258586,14.388621509105324,1799.0,0.0,0.0,42.16414171110382,0.0,41.33847703008903,14.2,94.3,0.0,0.0,0.0,450.0,9830.7,0.0,0.0,65.718,2.019,67.737,36.954,2.365,65.372,emon,0.559,0.348,216.3,101.5,2.132
2026-09-17 22:08:12.439,19.0,0,67,12;61;3;67;0;64;0;0;0;33;0;0;8;42;9;5,865,2380,2265;2319;2235;2380;1315;1476;1798;1316;997;1263;1276;1077;869;1070;865;935,15.3,0.0,9830.7,0,0,0,0,0,0.0,0,0,0,0,0,0,0,0,0.0,0,0,0,0,0,0.0,0.0,0.0,0,0,0,34.1,4.02,9.77,0.39,22.32,24.8,63.4,100.01603792298515,10.789000105956253,42.52762432452643,41.01374094385021,16.470884325088196,1799.0,0.0,0.0,47.32768652415263,0.0,39.09149845437251,14.2,97.5,0.0,0.0,0.0,450.0,9830.7,0.0,0.0,65.718,2.019,67.737,36.954,2.365,65.372,emon,0.559,0.348,216.3,101.5,2.132
2026-09-17 22:08:13.440,16.4,0,49,5;37;5;35;0;49;5;0;0;31;2;0;14;41;19;21,731,1645,1192;1182;731;1216;1401;1347;1232;1645;1581;1206;899;1568;868;947;823;1000,0.4,0.0,9830.7,0,0,0,0,0,0.0,0,0,0,0,0,0,0,0,0.0,0,0,0,0,0,0.0,0.0,0.0,0,0,0,31.1,4.02,9.77,0.39,22.32,24.8,63.4,100.00000346790661,13.20179406079379,79.47727342085405,71.4551079489968,53.98877681385387,1799.0,0.0,0.0,100.00000346790661,0.0,0.0,14.3,100.0,0.0,0.0,0.0,450.0,9830.7,0.0,0.0,65.718,2.019,67.737,36.954,2.365,65.372,emon,0.559,0.348,216.3,101.5,2.132
2026-09-17 22:08:14.441,19.5,0,65,39;22;11;49;0;0;45;0;0;0;55;8;8;2;65;9,915,2685,1919;2052;2383;2685;1882;1342;1536;1632;1339;2494;1588;915;1047;1083;1235;1152,1.0,0.0,9826.7,0,0,0,0,0,0.0,0,0,0,0,0,0,0,0,0.0,0,0,0,0,0,0.0,0.0,0.0,0,0,0,35.1,4.1,9.99,0.39,22.76,24.8,63.4,99.44823652778575,10.325364521528089,35.06178569871616,34.60992513460661,16.567299233859075,1799.0,0.0,0.0,44.68040198426134,0.0,38.328079855669785,14.3,97.8,0.0,0.0,0.0,450.0,9836.0,0.0,0.0,65.718,2.019,67.737,36.954,2.365,65.372,emon,0.559,0.348,216.3,101.5,2.132
2026-09-17 22:08:15.441,17.2,0,64,51;22;3;33;0;0;34;3;0;0;41;2;14;2;64;8,761,1879,1532;1879;1792;1507;1129;1027;1104;761;1119;1099;1411;1153;1156;1245;1314;1083,0.2,0.0,9836.0,0,0,0,0,0,0.0,0,0,0,0,0,0,0,0,0.0,0,0,0,0,0,0.0,0.0,0.0,0,0,0,32.1,4.1,9.99,0.39,22.76,24.8,63.4,100.01182754516601,12.049751336574554,41.623353462219235,40.52478921890259,22.61754170379485,1799.0,0.0,0.0,52.20647539645434,0.0,32.36676694649788,14.3,99.6,0.0,0.0,0.0,450.0,9836.0,0.0,0.0,65.718,2.019,67.737,36.954,2.365,65.372,emon,0.559,0.348,216.3,101.5,2.132
2026-09-17 22:08:16.442,19.8,0,59,52;30;3;44;0;0;36;5;0;0;47;0;16;0;59;26,1042,3042,2345;2548;3042;2991;2222;1248;1772;1891;1804;1842;1762;1355;1042;1070;1438;1284,2.0,0.0,9848.4,0,0,0,0,0,0.0,0,0,0,0,0,0,0,0,0.0,0,0,0,0,0,0.0,0.0,0.0,0,0,0,36.1,4.1,9.99,0.39,22.76,24.9,63.4,99.70261068583389,9.928307501415599,33.46839816008418,33.19511247615874,14.815105523683771,1799.0,0.0,0.0,41.78970272587879,0.0,39.60859866505756,14.2,97.7,0.0,0.0,0.0,450.0,9858.9,0.0,0.0,76.31,1.084,77.394,31.697,2.029,75.365,emon,0.581,0.357,189.2,88.8,2.132
2026-09-17 22:08:17.442,17.2,0,57,33;8;5;40;0;0;28;0;0;0;57;3;15;15;51;22,919,1712,1385;1440;1564;1301;1521;1068;1187;1326;1490;1712;1419;1337;919;1131;1024;922,2.0,0.0,9848.4,0,0,0,0,0,0.0,0,0,0,0,0,0,0,0,0.0,0,0,0,0,0,0.0,0.0,0.0,0,0,0,31.1,4.1,9.99,0.39,22.76,24.9,63.4,92.80213836523203,13.170647987952599,72.09012016883263,65.7274392934946,49.07543974656325,1799.0,0.0,0.0,92.31038814525192,0.0,0.0,14.2,99.1,0.0,0.0,0.0,450.0,9858.9,0.0,0.0,76.31,1.084,77.394,31.697,2.029,75.365,emon,0.581,0.357,189.2,88.8,2.132
2026-09-17 22:08:18.443,18.8,0,63,33;20;9;38;2;0;37;3;0;0;63;3;18;11;52;11,843,2889,1387;1751;2889;1608;943;1177;1284;1347;1222;1233;1495;1144;1068;843;1148;974,100.0,0.0,9858.9,0,0,0,0,0,0.0,0,0,0,0,0,0,0,0,0.0,0,0,0,0,0,0.0,0.0,0.0,0,0,0,32.1,3.65,10.17,0.39,22.66,24.9,63.4,99.22868889341963,8.576801218577423,32.62347358592013,28.57185797372714,15.613341897684446,1799.0,0.0,0.0,43.2221559950646,0.0,40.47709599303297,14.3,99.2,0.0,0.0,0.0,450.0,9839.1,0.0,0.0,76.31,1.084,77.394,31.697,2.029,75.365,emon,0.581,0.357,189.2,88.8,2.132
2026-09-17 22:08:19.443,18.8,0,65,41;20;15;53;0;0;40;9;0;0;34;3;5;3;65;12,868,2586,2586;2301;2383;2493;1532;930;1655;1616;1422;1598;1773;2225;1207;868;1355;1070,100.0,0.0,9808.8,0,0,0,0,0,0.0,0,0,0,0,0,0,0,0,0.0,0,0,0,0,0,0.0,0.0,0.0,0,0,0,34.1,3.65,10.17,0.39,22.66,24.9,63.4,99.53593798398971,9.250135029469966,32.55364169687033,31.296778856553136,14.782020689540314,1799.0,0.0,0.0,41.48481217716471,0.0,39.75334523162297,14.3,96.9,0.0,0.0,0.0,450.0,9807.5,0.0,0.0,76.31,1.084,77.394,31.697,2.029,75.365,emon,0.581,0.357,189.2,88.8,2.132
2026-09-17 22:08:20.444,22.1,0,57,42;28;10;51;2;0;49;9;0;0;39;0;18;21;57;28,1105,2846,2076;2326;2846;2769;1975;1938;1587;1672;1906;1897;1548;2407;1220;1218;1418;1105,100.0,0.0,9813.5,0,0,0,0,0,0.0,0,0,0,0,0,0,0,0,0.0,0,0,0,0,0,0.0,0.0,0.0,0,0,0,36.1,3.65,10.17,0.39,22.66,24.9,63.4,100.02654129604123,9.206165875536653,36.21902294428843,35.57482835200598,19.58641852118637,1799.0,0.0,0.0,43.121659557629414,0.0,42.90793585661041,14.2,97.0,0.0,0.0,0.0,450.0,9804.4,0.0,0.0,76.31,1.084,77.394,31.697,2.029,75.365,emon,0.581,0.357,189.2,88.8,2.132
2026-09-17 22:08:21.445,18.9,0,59,37;22;0;46;0;0;34;0;0;0;46;0;41;8;59;8,1055,2542,1686;2353;2294;1786;2218;1253;1525;2542;1328;1146;1429;2334;1202;1055;1290;1129,2.1,0.0,9806.4,0,0,0,0,0,0.0,0,0,0,0,0,0,0,0,0.0,0,0,0,0,0,0.0,0.0,0.0,0,0,0,32.1,3.65,10.17,0.39,22.66,24.9,63.4,100.02279762994675,9.83970900234722,38.598921352908725,35.942173903896695,22.07198446456875,1799.0,0.0,0.0,47.81208062688599,0.0,37.86102309847783,14.2,98.2,0.0,0.0,0.0,450.0,9806.4,0.0,0.0,76.31,1.084,77.394,31.697,2.029,75.365,emon,0.581,0.357,189.2,88.8,2.132
2026-09-17 22:08:22.453,19.2,0,65,32;11;11;43;0;0;53;12;0;0;32;6;20;10;65;12,1000,1945,1538;1407;1476;1945;1782;1336;1534;1337;1278;1162;1447;1375;1063;1046;1192;1000,100.0,0.0,9811.0,0,0,0,0,0,0.0,0,0,0,0,0,0,0,0,0.0,0,0,0,0,0,0.0,0.0,0.0,0,0,0,32.1,5.11,10.64,0.39,25.09,24.9,63.4,99.5896693045783,8.4823555683951,26.562848744371014,23.848746349325094,15.974709448525724,1799.0,0.0,0.0,50.89408977390079,0.0,47.79303801047392,14.3,98.8,0.0,0.0,0.0,450.0,9811.0,0.0,0.0,76.31,1.084,77.394,31.697,2.029,75.365,emon,0.581,0.357,189.2,88.8,2.132
2026-09-17 22:08:23.453,19.3,0,79,40;11;9;34;2;0;79;3;0;0;39;2;22;8;45;17,1001,2213,1360;1536;1460;1448;2213;1282;1427;1693;1085;1080;1223;1230;1030;1001;1122;1009,100.0,0.0,9811.0,0,0,0,0,0,0.0,0,0,0,0,0,0,0,0,0.0,0,0,0,0,0,0.0,0.0,0.0,0,0,0,31.1,5.11,10.64,0.39,25.09,24.9,63.4,99.61118969961862,10.043785545835707,31.5509770186705,28.463969017683624,18.09836799710571,1799.0,0.0,0.0,51.13112017311478,0.0,47.74410733342125,14.3,99.6,0.0,0.0,0.0,450.0,9776.8,0.0,0.0,76.31,1.084,77.394,31.697,2.029,75.365,emon,0.581,0.357,189.2,88.8,2.132
2026-09-17 22:08:24.453,16.5,0,64,35;16;3;31;0;0;44;3;0;0;45;0;5;3;64;15,925,1746,1746;1667;1627;1645;1359;1315;1464;1398;1226;1211;1387;1181;1074;1109;1090;925,0.0,0.0,9776.8,0,0,0,0,0,0.0,0,0,0,0,0,0,0,0,0.0,0,0,0,0,0,0.0,0.0,0.0,0,0,0,31.1,5.11,10.64,0.39,25.09,24.9,63.4,99.9916425817153,9.601568261796936,40.07690914685235,36.04451311511152,23.024116350869264,1799.0,0.0,0.0,53.06137311744285,0.0,47.47514430179169,14.3,99.4,0.0,0.0,0.0,450.0,9776.8,0.0,0.0,76.31,1.084,77.394,31.697,2.029,75.365,emon,0.581,0.357,189.2,88.8,2.132
2026-09-17 22:08:25.454,21.5,0,66,62;16;6;52;0;0;38;2;0;0;66;0;17;6;66;13,986,3232,2357;2536;3197;3232;1954;2275;1812;1192;1565;1404;1602;1828;1138;986;1245;1103,0.1,0.0,9777.8,0,0,0,0,0,0.0,0,0,0,0,0,0,0,0,0.0,0,0,0,0,0,0.0,0.0,0.0,0,0,0,39.1,5.11,10.64,0.39,25.09,24.8,63.4,99.12912215568402,10.381181582722261,38.0236708721215,35.67564573739138,17.24485997209774,1799.0,0.0,0.0,48.23493213753035,0.0,47.29208863089757,14.2,97.7,0.0,0.0,0.0,450.0,9803.4,0.0,0.0,76.31,1.084,77.394,31.697,2.029,75.365,emon,0.581,0.357,189.2,88.8,2.132
2026-09-17 22:08:26.464,17.5,0,67,43;14;2;40;0;0;33;0;0;0;67;0;6;6;59;11,883,1844,1754;1360;1580;1615;1563;1279;1343;883;1844;1383;1436;1505;958;1046;1035;971,0.4,0.0,9801.6,0,0,0,0,0,0.0,0,0,0,0,0,0,0,0,0.0,0,0,0,0,0,0.0,0.0,0.0,0,0,0,32.1,3.8,10.39,0.39,23.1,24.9,63.4,99.99399307914402,10.443884369301731,34.49360703592715,32.61036160082921,19.47892382795639,1799.0,0.0,0.0,53.153884131299414,0.0,45.68118341685307,14.2,99.2,0.0,0.0,0.0,450.0,9801.6,0.0,0.0,76.31,1.084,77.394,31.697,2.029,75.365,emon,0.581,0.357,189.2,88.8,2.132
2026-09-17 22:08:27.465,18.4,0,63,42;12;2;33;0;0;36;0;0;0;63;0;14;3;62;27,818,1746,1409;1145;1224;1746;1137;1127;1225;1205;1653;1533;1416;1350;975;818;1036;897,69.3,0.0,9799.0,0,0,0,0,0,0.0,0,0,0,0,0,0,0,0,0.0,0,0,0,0,0,0.0,0.0,0.0,0,0,0,32.1,3.8,10.39,0.39,23.1,24.8,63.4,94.55332629340036,12.421559861728124,48.83584720066616,47.23230895996094,31.727088826043264,1799.0,0.0,0.0,65.78781216450568,0.0,28.8255154038162,14.2,99.5,0.0,0.0,0.0,450.0,9799.0,0.0,0.0,76.31,1.084,77.394,31.697,2.029,75.365,emon,0.581,0.357,189.2,88.8,2.132
2026-09-17 22:08:28.465,18.2,0,63,38;17;6;43;0;0;48;2;0;0;63;0;11;16;43;5,1128,2780,2695;2621;2478;2780;1299;1343;1868;1510;1514;1492;1977;2005;1162;1548;1412;1128,3.7,0.0,9813.5,0,0,0,0,0,0.0,0,0,0,0,0,0,0,0,0.0,0,0,0,0,0,0.0,0.0,0.0,0,0,0,41.1,3.8,10.39,0.39,23.1,24.8,63.4,76.50531429594213,1.5700559526554903,21.38553337617354,18.11579952558333,1.76669254400225,1237.6363636363637,0.0,0.0,0.0,0.0,51.36851932441244,2.0,12.0,0.0,0.0,0.0,450.0,9813.5,0.0,0.0,56.471,0.86,57.33,21.914,1.403,55.927,emon,0.601,0.408,254.8,119.5,2.131
2026-09-17 22:08:29.466,21.3,0,75,38;6;4;48;0;0;75;0;0;0;58;0;11;2;71;26,1239,1984,1714;1733;1984;1658;1373;1403;1515;1746;1869;1315;1497;1490;1239;1499;1387;1243,3.7,0.0,9813.5,0,0,0,0,0,0.0,0,0,0,0,0,0,0,0,0.0,0,0,0,0,0,0.0,0.0,0.0,0,0,0,32.1,3.8,10.39,0.39,23.1,24.8,63.4,98.19132566452026,0.2984272167086601,19.603175044059753,17.72209632396698,2.838982865214348,1199.0,0.0,0.0,0.0,0.0,50.1970025729388,0.0,0.0,0.0,0.0,0.0,450.0,9813.5,0.0,0.0,56.471,0.86,57.33,21.914,1.403,55.927,emon,0.601,0.408,254.8,119.5,2.131
2026-09-17 22:08:30.466,15.9,0,70,16;8;2;20;0;0;70;2;0;0;48;2;15;3;61;9,1173,2140,1585;1815;1309;1433;2140;1398;1516;1535;1367;1337;1490;1173;1227;1269;1371;1663,0.3,0.0,9813.5,0,0,0,0,0,0.0,0,0,0,0,0,0,0,0,0.0,0,0,0,0,0,0.0,0.0,0.0,0,0,0,31.1,3.81,3.32,0.35,11.6,24.8,63.4,97.47507438659667,0.3958229728974402,19.475288754701616,17.463779097050427,1.8629538536071777,1109.0,0.0,0.0,0.0,0.0,50.256261356174946,0.1,0.0,0.0,0.0,0.0,450.0,9780.0,0.0,0.0,56.471,0.86,57.33,21.914,1.403,55.927,emon,0.601,0.408,254.8,119.5,2.131
2026-09-17 22:08:31.467,20.8,0,70,29;18;9;44;2;2;70;6;2;0;55;5;8;12;48;23,1453,3846,3078;3371;3846;3377;2915;3289;2034;2910;2805;2708;1794;2471;1960;1453;2012;1892,1.3,0.0,9777.4,0,0,0,0,0,0.0,0,0,0,0,0,0,0,0,0.0,0,0,0,0,0,0.0,0.0,0.0,0,0,0,45.1,3.81,3.32,0.35,11.6,24.9,63.4,97.47376200358073,0.6279576877442499,13.227884602546691,9.520744123558204,0.9004023611545563,1189.0,0.0,0.0,0.0,0.0,50.301921389997005,0.7,0.0,0.0,0.0,0.0,450.0,9820.4,0.0,0.0,56.471,0.86,57.33,21.914,1.403,55.927,emon,0.601,0.408,254.8,119.5,2.131
2026-09-17 22:08:32.467,17.1,0,59,21;11;9;27;0;0;58;11;0;0;59;0;6;3;56;11,1208,2972,2336;2577;2596;2402;2442;2972;1954;2947;1940;2369;1598;2437;1434;1208;1851;1343,8.7,0.0,9820.3,0,0,0,0,0,0.0,0,0,0,0,0,0,0,0,0.0,0,0,0,0,0,0.0,0.0,0.0,0,0,0,34.1,3.81,3.32,0.35,11.6,24.9,63.4,98.09047564338235,1.6593816107248558,25.809804187101477,23.613846023293103,0.8415911338250974,1059.2941176470588,0.0,0.0,0.0,0.0,50.21147148223484,0.2,0.0,0.0,0.0,0.0,450.0,9820.3,0.0,0.0,56.471,0.86,57.33,21.914,1.403,55.927,emon,0.601,0.408,254.8,119.5,2.131
2026-09-17 22:08:33.467,17.5,0,78,30;16;0;37;0;0;78;0;0;0;43;0;12;5;44;14,1199,2909,1774;1974;2380;1569;2828;2909;1619;2732;2792;2567;1532;2465;1230;1290;1324;1199,0.1,0.0,9820.3,0,0,0,0,0,0.0,0,0,0,0,0,0,0,0,0.0,0,0,0,0,0,0.0,0.0,0.0,0,0,0,32.1,3.81,3.32,0.35,11.6,24.9,63.4,95.80370712280273,0.0054437327198684216,0.9908498525619507,0.09930609911680222,0.0,1199.0,0.0,0.0,0.0,0.0,50.210282400250435,0.2,0.0,0.0,0.0,0.0,450.0,9820.3,0.0,0.0,56.471,0.86,57.33,21.914,1.403,55.927,emon,0.601,0.408,254.8,119.5,2.131
2026-09-17 22:08:34.468,15.0,0,71,14;2;3;23;0;0;69;0;2;0;71;3;15;2;29;8,1067,1437,1282;1197;1322;1338;1379;1371;1437;1380;1199;1340;1417;1329;1165;1181;1231;1067,0.0,0.0,9804.3,0,0,0,0,0,0.0,0,0,0,0,0,0,0,0,0.0,0,0,0,0,0,0.0,0.0,0.0,0,0,0,31.1,5.02,0.09,0.32,7.85,24.9,63.4,98.20798110961914,0.00478636147454381,1.1073243618011475,0.11064840853214264,0.0,1199.0,0.0,0.0,0.0,0.0,50.16402851045132,0.0,0.0,0.0,0.0,0.0,450.0,9804.3,0.0,0.0,56.471,0.86,57.33,21.914,1.403,55.927,emon,0.601,0.408,254.8,119.5,2.131
2026-09-17 22:08:35.468,16.6,0,63,25;5;6;33;2;0;47;0;2;0;63;3;11;5;52;12,1043,2606,1734;1888;1715;2579;1238;1267;1453;2606;1346;1847;1644;1859;1474;1043;1401;1328,4.6,0.0,9804.3,0,0,0,0,0,0.0,0,0,0,0,0,0,0,0,0.0,0,0,0,0,0,0.0,0.0,0.0,0,0,0,37.1,5.02,0.09,0.32,7.85,24.9,63.4,97.2811393737793,0.006562048103660345,0.9756643176078796,0.0980098769068718,0.0,799.0,0.0,0.0,0.0,0.0,50.34675815701485,0.0,0.0,0.0,0.0,0.0,450.0,9804.3,0.0,0.0,56.471,0.86,57.33,21.914,1.403,55.927,emon,0.601,0.408,254.8,119.5,2.131
2026-09-17 22:08:36.469,17.1,0,73,25;0;0;47;0;0;62;2;0;0;73;0;11;6;34;14,1102,2864,1703;2864;2644;2449;1621;1327;1573;1439;1498;1769;1638;1854;1145;1102;1419;1301,4.6,0.0,9804.3,0,0,0,0,0,0.0,0,0,0,0,0,0,0,0,0.0,0,0,0,0,0,0.0,0.0,0.0,0,0,0,39.1,5.02,0.09,0.32,7.85,24.8,63.4,98.40261891682943,3.311945356056094,36.283056316375735,36.074751332004865,0.2277796761293818,1173.0,0.0,0.0,0.0,0.0,50.818001798590025,0.6,0.0,0.0,0.0,0.0,450.0,9804.3,0.0,0.0,56.471,0.86,57.33,21.914,1.403,55.927,emon,0.601,0.408,254.8,119.5,2.131
2026-09-17 22:08:37.470,16.1,0,78,36;11;2;25;0;0;70;0;0;0;78;2;8;2;25;0,1068,2706,1648;1706;2706;1731;1831;1938;2018;1923;1934;1463;1473;1653;1114;1168;1252;1068,7.0,0.0,9813.0,0,0,0,0,0,0.0,0,0,0,0,0,0,0,0,0.0,0,0,0,0,0,0.0,0.0,0.0,0,0,0,36.1,5.02,0.09,0.32,7.85,24.8,63.4,98.05913489846623,3.5983283160035224,36.20500318443074,36.02703435666421,0.27650497633251636,1196.6470588235295,0.0,0.0,0.0,0.0,50.7435519020347,0.5,0.0,0.0,0.0,0.0,450.0,9813.0,0.0,0.0,56.471,0.86,57.33,21.914,1.403,55.927,emon,0.601,0.408,254.8,119.5,2.131
2026-09-17 22:08:38.471,15.1,0,62,20;2;2;22;0;0;38;0;0;0;62;5;17;2;25;49,1113,1382,1113;1160;1165;1329;1154;1163;1246;1196;1334;1221;1368;1382;1219;1149;1307;1309,0.3,0.0,9806.5,0,0,0,0,0,0.0,0,0,0,0,0,0,0,0,0.0,0,0,0,0,0,0.0,0.0,0.0,0,0,0,31.1,3.02,0.06,0.32,5.34,24.8,63.4,98.2408561706543,0.007245136424899101,1.0215728282928467,0.10230854153633118,0.0,649.0,0.0,0.0,0.0,0.0,50.248013973236084,0.1,0.0,0.0,0.0,0.0,450.0,9806.5,0.0,0.0,56.471,0.86,57.33,21.914,1.403,55.927,emon,0.601,0.408,254.8,119.5,2.131
2026-09-17 22:08:39.471,15.0,0,77,16;0;0;30;0;0;54;0;0;0;77;0;15;2;29;17,1011,3348,1865;3348;1696;2178;1515;1715;1584;1529;1477;1491;1578;1619;1163;1011;1229;1186,0.0,0.0,9806.5,0,0,0,0,0,0.0,0,0,0,0,0,0,0,0,0.0,0,0,0,0,0,0.0,0.0,0.0,0,0,0,31.1,3.02,0.06,0.32,5.34,24.8,63.4,97.1319580078125,0.0056502725929021835,1.0313405990600586,0.10328833758831024,0.0,1199.0,0.0,0.0,0.0,0.0,50.270258992910385,0.0,0.0,0.0,0.0,0.0,450.0,9806.5,0.0,0.0,56.471,0.86,57.33,21.914,1.403,55.927,emon,0.601,0.408,254.8,119.5,2.131
2026-09-17 22:08:40.471,16.4,0,77,16;5;8;28;2;0;77;2;0;0;42;0;14;6;50;14,1214,2563,1575;2308;2383;2031;1635;2177;1534;2563;1536;1262;1490;1746;1250;1214;1430;1241,1.7,0.0,9815.8,0,0,0,0,0,0.0,0,0,0,0,0,0,0,0,0.0,0,0,0,0,0,0.0,0.0,0.0,0,0,0,34.1,3.02,0.06,0.32,5.34,24.8,63.4,98.64968737433938,3.5776100289624404,34.5702044543098,34.32784079190563,0.20566637997227885,1196.0588235294117,0.0,0.0,0.0,0.0,50.20076255894759,0.7,0.0,0.0,0.0,0.0,450.0,9806.5,0.0,0.0,0.628,0.927,1.555,8.262,0.529,1.026,emon,0.933,0.939,20.6,25.2,0.819
2026-09-17 22:08:41.472,16.2,0,65,37;12;0;30;0;0;65;0;0;0;46;0;6;3;53;6,1032,2005,1674;1934;2005;1593;1826;1607;1527;1836;1475;1416;1433;1568;1222;1032;1376;1099,0.5,0.0,9817.1,0,0,0,0,0,0.0,0,0,0,0,0,0,0,0,0.0,0,0,0,0,0,0.0,0.0,0.0,0,0,0,31.1,3.02,0.06,0.32,5.34,24.8,63.4,98.7286605834961,0.006992623209953308,0.9824970364570618,0.09876662492752075,0.0,699.0,0.0,0.0,0.0,0.0,50.146166518330574,0.2,0.0,0.0,0.0,0.0,450.0,9815.8,0.0,0.0,0.628,0.927,1.555,8.262,0.529,1.026,emon,0.933,0.939,20.6,25.2,0.819
2026-09-17 22:08:42.472,17.2,0,77,36;17;0;25;0;0;77;2;0;0;53;0;12;0;50;3,1279,2768,2284;2559;2768;2478;1855;1615;2032;1822;1315;1285;1641;1773;1279;1513;1726;1438,0.5,0.0,9817.1,0,0,0,0,0,0.0,0,0,0,0,0,0,0,0,0.0,0,0,0,0,0,0.0,0.0,0.0,0,0,0,37.1,2.92,0.06,0.31,5.22,24.8,63.4,98.91916852678571,1.3206976924623761,21.37726593017578,18.79824627467564,0.8654370601904312,1134.0,0.0,0.0,0.0,0.0,51.68284826363836,0.1,0.0,0.0,0.0,0.0,450.0,9819.7,0.0,0.0,0.628,0.927,1.555,8.262,0.529,1.026,emon,0.933,0.939,20.6,25.2,0.819
2026-09-17 22:08:43.472,22.0,0,73,40;22;6;42;0;2;73;6;8;3;38;3;12;8;62;27,1061,3640,3105;3009;2402;3640;1586;1550;2098;1811;1399;1383;1786;1768;1349;1061;2283;1745,3.7,0.0,9812.6,0,0,0,0,0,0.0,0,0,0,0,0,0,0,0,0.0,0,0,0,0,0,0.0,0.0,0.0,0,0,0,44.1,2.92,0.06,0.31,5.22,24.8,63.4,90.85745850494642,1.9380459867846143,21.30279664160833,19.516113990336216,0.4992111681291012,1170.7299578059071,0.0,0.0,0.0,0.0,52.20213384075947,0.3,0.0,0.0,0.0,0.0,450.0,9812.6,0.0,0.0,0.628,0.927,1.555,8.262,0.529,1.026,emon,0.933,0.939,20.6,25.2,0.819
2026-09-17 22:08:44.472,16.0,0,59,14;41;5;31;0;0;0;53;0;0;0;39;6;2;6;59,1319,3537,3240;3262;3058;3537;2267;1731;1319;1829;1870;1359;1391;1659;1691;1998;1328;2112,9.2,0.0,9815.3,0,0,0,0,0,0.0,0,0,0,0,0,0,0,0,0.0,0,0,0,0,0,0.0,0.0,0.0,0,0,0,46.1,2.92,0.06,0.31,5.22,24.8,63.4,98.75033673373136,2.9229400153412963,29.63367441928748,28.972924140140865,0.24141240756558324,1166.4242424242425,0.0,0.0,0.0,0.0,51.80619030287772,1.0,0.0,0.0,0.0,0.0,450.0,9815.3,0.0,0.0,0.628,0.927,1.555,8.262,0.529,1.026,emon,0.933,0.939,20.6,25.2,0.819
2026-09-17 22:08:45.472,11.8,0,60,8;23;3;25;0;0;0;27;0;0;0;60;2;5;0;36,989,3328,2640;2656;3328;3017;1185;1112;1121;1565;1721;2856;1475;1547;1105;1203;989;1340,4.8,0.0,9815.3,0,0,0,0,0,0.0,0,0,0,0,0,0,0,0,0.0,0,0,0,0,0,0.0,0.0,0.0,0,0,0,34.1,2.92,0.06,0.31,5.22,24.8,63.4,98.21903817549996,1.5649142943970535,25.185308243917383,23.398401161898736,1.9927198857087363,1160.9565217391305,0.0,0.0,0.0,0.0,50.22264948778826,0.7,0.0,0.0,0.0,0.0,450.0,9815.3,0.0,0.0,0.628,0.927,1.555,8.262,0.529,1.026,emon,0.933,0.939,20.6,25.2,0.819
2026-09-17 22:08:46.473,11.1,0,64,6;32;3;20;2;0;0;23;0;0;0;64;2;0;2;24,924,1917,1860;1779;1219;1917;924;1124;1134;1372;1381;1824;1639;1518;1020;1082;947;1175,1.3,0.0,9812.7,0,0,0,0,0,0.0,0,0,0,0,0,0,0,0,0.0,0,0,0,0,0,0.0,0.0,0.0,0,0,0,32.1,7.2,0.15,0.34,10.9,24.8,63.4,98.14027500152588,0.6853111489675939,12.648295921087264,7.675083155184984,0.9709269199534901,1144.625,0.0,0.0,0.0,0.0,50.262225344032046,0.6,0.0,0.0,0.0,0.0,450.0,9812.7,0.0,0.0,0.628,0.927,1.555,8.262,0.529,1.026,emon,0.933,0.939,20.6,25.2,0.819
2026-09-17 22:08:47.473,11.0,0,69,5;27;0;25;0;0;0;24;0;0;0;69;3;0;0;24,995,2198,1480;1672;2198;1636;1128;1134;1126;1352;1401;1377;1395;1492;1112;1206;995;1185,1.0,0.0,9777.4,0,0,0,0,0,0.0,0,0,0,0,0,0,0,0,0.0,0,0,0,0,0,0.0,0.0,0.0,0,0,0,32.1,7.2,0.15,0.34,10.9,24.8,63.4,98.38589701159248,0.22610650121651846,15.642605058078107,10.371408002129916,2.168466581866659,1150.7241379310344,0.0,0.0,0.0,0.0,51.9831480383873,0.2,0.0,0.0,0.0,0.0,450.0,9777.4,0.0,0.0,0.628,0.927,1.555,8.262,0.529,1.026,emon,0.933,0.939,20.6,25.2,0.819
2026-09-17 22:08:48.474,12.2,0,76,3;29;3;37;2;0;0;24;0;0;0;76;2;0;6;14,1068,4061,4061;2562;2342;2994;1246;1155;1160;1513;2782;1483;1850;1606;1068;1389;1186;1241,2.0,0.0,9799.1,0,0,0,0,0,0.0,0,0,0,0,0,0,0,0,0.0,0,0,0,0,0,0.0,0.0,0.0,0,0,0,32.1,7.2,0.15,0.34,10.9,24.9,63.4,97.32332420349121,0.39214218213843804,8.079468329747518,4.876732500890891,0.8670804103215536,1132.3333333333333,0.0,0.0,0.0,0.0,50.271831288933754,0.1,0.0,0.0,0.0,0.0,450.0,9777.4,0.0,0.0,0.628,0.927,1.555,8.262,0.529,1.026,emon,0.933,0.939,20.6,25.2,0.819
2026-09-17 22:08:49.474,12.3,0,62,0;29;0;28;2;0;0;36;0;0;0;62;8;3;0;28,833,3205,1805;2369;3205;3022;1774;1464;1502;1548;1440;1256;1201;1635;1079;833;858;1133,2.0,0.0,9799.1,0,0,0,0,0,0.0,0,0,0,0,0,0,0,0,0.0,0,0,0,0,0,0.0,0.0,0.0,0,0,0,33.1,7.2,0.15,0.34,10.9,25.3,63.4,98.25356814735814,0.678300207872924,13.165564373919839,9.32477104546208,0.8640921834464136,1164.7894736842106,0.0,0.0,0.0,0.0,52.87786483529367,0.4,0.0,0.0,0.0,0.0,450.0,9803.3,0.0,0.0,0.628,0.927,1.555,8.262,0.529,1.026,emon,0.933,0.939,20.6,25.2,0.819
2026-09-17 22:08:50.474,24.1,0,96,35;26;11;20;12;11;0;47;12;2;4;48;18;31;12;96,716,1582,1292;1553;1275;1582;782;764;891;1086;735;746;716;909;1270;1237;1150;1253,4.1,0.0,10021.4,0,0,0,0,0,0.0,0,0,0,0,0,0,0,0,0.0,0,0,0,0,0,0.0,0.0,0.0,0,0,0,39.1,3.48,2.63,0.32,8.56,25.3,63.4,100.00310921970802,24.795964564703688,23.303176255165777,39.48115435733071,1.5142162167290343,1799.632911392405,0.0,0.0,54.58048319212998,0.0,40.884539012480374,5.0,23.1,0.0,0.0,0.0,450.0,10019.7,0.0,0.0,0.628,0.927,1.555,8.262,0.529,1.026,emon,0.933,0.939,20.6,25.2,0.819
2026-09-17 22:08:51.475,26.4,3,95,43;33;14;42;8;3;3;33;18;6;6;54;14;31;18;95,736,2508,1946;1970;2400;2508;1143;861;852;1079;1064;915;736;1036;1280;1124;902;1106,0.1,0.0,9998.6,0,0,0,0,0,0.0,0,0,0,0,0,0,0,0,0.0,0,0,0,0,0,0.0,0.0,0.0,0,0,0,42.1,3.48,2.63,0.32,8.56,25.4,63.4,100.00884381859703,23.1000709930781,25.874290696287577,39.38753081568047,1.5039754453182337,1838.8230088495575,0.0,0.0,51.399539054305485,0.0,47.36440432746167,14.3,99.7,0.0,0.0,0.0,450.0,9998.6,0.0,0.0,0.628,0.927,1.555,8.262,0.529,1.026,emon,0.933,0.939,20.6,25.2,0.819
2026-09-17 22:08:52.475,23.1,0,82,23;42;8;28;11;3;0;55;5;6;0;34;27;19;27;82,818,1526,1437;1487;1384;1526;1325;853;838;1025;889;818;872;930;1045;1130;1068;1137,0.4,0.0,10030.7,0,0,0,0,0,0.0,0,0,0,0,0,0,0,0,0.0,0,0,0,0,0,0.0,0.0,0.0,0,0,0,43.1,3.48,2.63,0.32,8.56,25.2,63.4,99.9982996795137,22.700109475679,20.571334227667016,34.38836612261958,1.0852121419265424,1848.5762711864406,0.0,0.0,52.675426836441254,0.0,46.33887176065577,14.3,98.8,0.0,0.0,0.0,450.0,10034.7,0.0,0.0,12.438,4.592,17.03,24.793,1.587,15.443,emon,0.601,0.756,86.9,56.4,1.541
2026-09-17 22:08:53.476,20.1,0,64,17;30;6;30;5;2;0;64;9;0;0;53;23;20;15;49,1096,3567,3110;2439;3567;2919;2931;2947;2958;1601;1923;2670;2729;1423;1096;1156;1220;1301,0.4,0.0,9997.2,0,0,0,0,0,0.0,0,0,0,0,0,0,0,0,0.0,0,0,0,0,0,0.0,0.0,0.0,0,0,0,43.1,3.48,2.63,0.32,8.56,25.3,63.4,99.99608323838976,21.8931216078293,23.788258243931665,32.985222569604716,1.3435015263630905,1849.0,0.0,0.0,53.429950844424056,0.0,44.85620768905509,14.3,99.8,0.0,0.0,0.0,450.0,10030.7,0.0,0.0,12.438,4.592,17.03,24.793,1.587,15.443,emon,0.601,0.756,86.9,56.4,1.541
2026-09-17 22:08:54.476,18.3,0,62,16;33;8;26;5;0;0;50;8;2;3;59;8;13;2;62,948,2910,2739;2119;2712;2910;1246;957;948;1450;1316;1491;1006;1421;1120;1304;1393;1423,0.4,0.0,9997.2,0,0,0,0,0,0.0,0,0,0,0,0,0,0,0,0.0,0,0,0,0,0,0.0,0.0,0.0,0,0,0,45.1,3.92,24.8,0.34,33.27,25.3,63.4,99.99471715113499,22.04758936470257,23.784087089391853,36.14145614279734,0.657658461465865,1849.0,0.0,0.0,50.5009207299396,0.0,43.080459207005106,14.3,97.7,0.0,0.0,0.0,450.0,10037.6,0.0,0.0,12.438,4.592,17.03,24.793,1.587,15.443,emon,0.601,0.756,86.9,56.4,1.541
2026-09-17 22:08:55.477,16.9,0,59,12;30;0;22;6;0;0;52;3;2;0;58;8;15;3;59,942,2156,2083;1855;2156;1826;997;1174;1140;1121;2043;1469;1199;1335;1235;942;1535;1366,0.1,0.0,10037.5,0,0,0,0,0,0.0,0,0,0,0,0,0,0,0,0.0,0,0,0,0,0,0.0,0.0,0.0,0,0,0,43.1,3.92,24.8,0.34,33.27,25.2,63.4,100.0,90.35631980895997,9.562587070465089,98.52230072021484,0.09558987021446227,1844.0,0.0,0.0,99.99999237060547,0.0,0.0,14.3,99.1,0.0,0.0,0.0,450.0,10034.1,0.0,0.0,12.438,4.592,17.03,24.793,1.587,15.443,emon,0.601,0.756,86.9,56.4,1.541
2026-09-17 22:08:56.477,19.5,0,65,16;40;2;36;3;2;0;62;0;0;0;53;17;14;3;65,978,3179,2048;2311;2735;3179;1001;3004;1589;1276;1406;1019;1093;1475;1060;978;1046;1267,0.0,0.0,10034.1,0,0,0,0,0,0.0,0,0,0,0,0,0,0,0,0.0,0,0,0,0,0,0.0,0.0,0.0,0,0,0,42.1,3.92,24.8,0.34,33.27,25.0,63.4,100.00024254767449,19.626401914836286,30.35852970788767,38.75357317138504,0.5032659264385014,1841.4450549450548,0.0,0.0,42.477030497799106,0.0,42.476969875596915,14.3,99.7,0.0,0.0,0.0,450.0,10034.1,0.0,0.0,12.438,4.592,17.03,24.793,1.587,15.443,emon,0.601,0.756,86.9,56.4,1.541
2026-09-17 22:08:57.477,16.2,0,69,5;21;3;23;2;0;0;48;2;0;0;69;22;19;11;35,817,2815,1263;1345;1277;1960;886;2666;2815;1193;1345;2155;2164;1379;817;885;895;1046,2.6,0.0,10043.4,0,0,0,0,0,0.0,0,0,0,0,0,0,0,0,0.0,0,0,0,0,0,0.0,0.0,0.0,0,0,0,42.1,3.92,24.8,0.34,33.27,25.0,63.4,100.00895080566406,41.481584238167855,19.304261382420858,56.3847136259079,0.26055652410179087,1835.6666666666667,0.0,0.0,53.46893031671643,0.0,30.26755394861102,14.2,94.1,0.0,0.0,0.0,450.0,10038.8,0.0,0.0,12.438,4.592,17.03,24.793,1.587,15.443,emon,0.601,0.756,86.9,56.4,1.541
2026-09-17 22:08:58.478,15.8,0,69,3;22;5;20;5;0;0;55;2;0;0;69;9;19;5;39,836,2296,2296;1682;1337;1467;1087;1091;1159;1327;964;1468;1299;1412;836;844;841;1085,0.6,0.0,10049.6,0,0,0,0,0,0.0,0,0,0,0,0,0,0,0,0.0,0,0,0,0,0,0.0,0.0,0.0,0,0,0,41.1,2.88,24.95,0.35,32.12,25.1,63.4,100.00602983173572,39.04289713538693,14.647047271854,49.17038534150312,0.25695709869461625,1799.0,0.0,0.0,52.841792404406554,0.0,26.636651792432147,14.3,99.5,0.0,0.0,0.0,450.0,10043.4,0.0,0.0,12.438,4.592,17.03,24.793,1.587,15.443,emon,0.601,0.756,86.9,56.4,1.541
2026-09-17 22:08:59.478,16.7,0,68,14;26;8;20;0;0;0;56;0;0;0;68;22;14;2;37,931,1949,1949;1691;1929;1704;1939;1064;1123;1334;1336;1122;1077;1386;931;988;1083;1209,0.0,0.0,10049.6,0,0,0,0,0,0.0,0,0,0,0,0,0,0,0,0.0,0,0,0,0,0,0.0,0.0,0.0,0,0,0,41.1,2.88,24.95,0.35,32.12,25.0,63.4,99.99999653209339,90.01434846357866,9.905493887988003,98.59312785755505,0.08752715599606828,1812.6363636363637,0.0,0.0,99.99999653209339,0.0,0.0,14.3,99.8,0.0,0.0,0.0,450.0,10049.6,0.0,0.0,12.438,4.592,17.03,24.793,1.587,15.443,emon,0.601,0.756,86.9,56.4,1.541
2026-09-17 22:09:00.479,17.8,0,63,9;45;2;31;0;0;0;62;5;2;0;63;8;9;3;46,926,1688,1344;1652;1273;1688;1346;1350;1431;1437;1129;1397;1103;1282;926;1042;1063;1117,0.0,0.0,10049.6,0,0,0,0,0,0.0,0,0,0,0,0,0,0,0,0.0,0,0,0,0,0,0.0,0.0,0.0,0,0,0,40.1,2.88,24.95,0.35,32.12,25.0,63.4,100.028864111604,21.117659177483812,20.577446346229078,33.89610115417653,0.47478888260192725,1799.0,0.0,0.0,44.79123136193865,0.0,43.33344085498128,14.3,99.8,0.0,0.0,0.0,450.0,10035.3,0.0,0.0,12.438,4.592,17.03,24.793,1.587,15.443,emon,0.601,0.756,86.9,56.4,1.541
2026-09-17 22:09:01.479,20.2,0,69,28;38;6;30;0;0;0;69;2;0;0;56;11;14;6;62,930,3102,2801;2508;3102;3025;2398;1536;1345;1615;1568;1579;1646;1705;1450;953;930;1359,0.8,0.0,10010.8,0,0,0,0,0,0.0,0,0,0,0,0,0,0,0,0.0,0,0,0,0,0,0.0,0.0,0.0,0,0,0,40.1,2.88,24.95,0.35,32.12,25.1,63.4,100.01364415396151,18.33751892619617,22.88993481257632,31.029987173996787,0.49922555445190486,1799.0,0.0,0.0,42.179189053615985,0.0,42.49064519865271,14.3,98.7,0.0,0.0,0.0,450.0,10025.5,0.0,0.0,12.438,4.592,17.03,24.793,1.587,15.443,emon,0.601,0.756,86.9,56.4,1.541
2026-09-17 22:09:02.479,18.2,0,62,11;33;5;33;0;0;2;62;0;0;0;54;19;15;2;56,1093,3189,2846;2436;3180;3189;2296;2388;1548;1532;2203;1976;1093;1617;1537;1217;2019;1713,4.5,0.0,10026.4,0,0,0,0,0,0.0,0,0,0,0,0,0,0,0,0.0,0,0,0,0,0,0.0,0.0,0.0,0,0,0,40.1,2.88,24.95,0.35,32.12,25.1,63.4,99.99824065280099,19.641015461387617,24.841723616412608,33.99722039863209,0.5213713570407359,1799.0,0.0,0.0,44.72297178959404,0.0,37.987037204455895,14.2,96.1,0.0,0.0,0.0,450.0,10026.4,0.0,0.0,12.438,4.592,17.03,24.793,1.587,15.443,emon,0.601,0.756,86.9,56.4,1.541
2026-09-17 22:09:03.480,19.6,0,76,22;31;9;40;2;0;0;76;3;0;0;45;19;5;3;59,1111,2906,2381;2211;2774;2906;1224;2275;1223;1589;1377;1539;1277;1426;1112;1120;1111;1449,4.9,0.0,10026.4,0,0,0,0,0,0.0,0,0,0,0,0,0,0,0,0.0,0,0,0,0,0,0.0,0.0,0.0,0,0,0,40.1,2.88,24.95,0.35,32.12,25.0,63.4,99.99633267521858,19.030039497189136,22.753837927244604,32.645276301249396,1.276036547809099,1799.0,0.0,0.0,42.01359621496613,0.0,39.5126101314787,14.2,96.5,0.0,0.0,0.0,450.0,10026.4,0.0,0.0,12.438,4.592,17.03,24.793,1.587,15.443,emon,0.601,0.756,86.9,56.4,1.541
2026-09-17 22:09:04.480,16.9,0,68,6;26;2;30;0;0;0;68;0;2;2;64;9;8;8;48,828,3252,2084;1980;3252;2471;2012;1194;1213;1340;2144;2714;828;1477;856;962;883;1058,1.4,0.0,10050.6,0,0,0,0,0,0.0,0,0,0,0,0,0,0,0,0.0,0,0,0,0,0,0.0,0.0,0.0,0,0,0,40.1,2.88,24.95,0.35,32.12,25.0,63.4,99.9902697737499,17.313684480705408,20.671323399389944,26.215367025585586,0.9146760264631412,1799.0,0.0,0.0,50.7175811379159,0.0,47.92301935387934,14.2,97.3,0.0,0.0,0.0,450.0,10050.6,0.0,0.0,13.151,5.282,18.433,33.693,2.156,16.277,emon,0.567,0.611,102.6,54.3,1.89
2026-09-17 22:09:05.481,15.1,0,86,0;11;8;17;5;0;0;57;2;0;0;86;8;6;10;33,839,1829,1297;1205;1445;1318;841;895;875;1097;1829;1435;1335;1447;839;924;1097;1011,0.0,0.0,9994.2,0,0,0,0,0,0.0,0,0,0,0,0,0,0,0,0.0,0,0,0,0,0,0.0,0.0,0.0,0,0,0,40.1,2.88,24.95,0.35,32.12,25.0,63.4,100.01181956699916,70.78081944445148,10.000634695802416,78.54620015301875,0.10915357701014727,1809.7142857142858,0.0,0.0,85.78026954084635,0.0,14.423581795823988,14.3,99.3,0.0,0.0,0.0,450.0,9994.2,0.0,0.0,13.151,5.282,18.433,33.693,2.156,16.277,emon,0.567,0.611,102.6,54.3,1.89
2026-09-17 22:09:06.482,16.2,0,66,6;38;2;39;0;0;0;35;0;0;0;66;11;6;5;51,873,1444,1375;1312;1394;1261;1097;1072;1085;1149;1444;1238;1196;1443;873;1105;935;1095,0.0,0.0,9994.2,0,0,0,0,0,0.0,0,0,0,0,0,0,0,0,0.0,0,0,0,0,0,0.0,0.0,0.0,0,0,0,33.1,0.0,0.0,0.0,0.0,25.0,63.4,99.99649861653646,39.04639441004644,34.960166080792746,66.06306738952796,18.303123739222066,1799.0,0.0,0.0,86.72555481158197,0.0,13.461813925526803,14.3,100.0,0.0,0.0,0.0,450.0,9994.2,0.0,0.0,13.151,5.282,18.433,33.693,2.156,16.277,emon,0.567,0.611,102.6,54.3,1.89
2026-09-17 22:09:07.482,15.6,0,63,15;36;3;31;0;0;0;17;3;0;0;63;12;6;2;61,1024,1719,1707;1679;1302;1561;1686;1083;1080;1223;1180;1405;1719;1445;1151;1113;1024;1198,100.0,0.0,9995.2,0,0,0,0,0,0.0,0,0,0,0,0,0,0,0,0.0,0,0,0,0,0,0.0,0.0,0.0,0,0,0,32.1,0.0,0.0,0.0,0.0,25.0,63.4,97.98261799917117,10.930661523550912,37.98031813495762,35.964030571855034,24.181148704346064,1799.0,0.0,0.0,56.19575530734773,0.0,42.16146634470951,14.3,99.6,0.0,0.0,0.0,450.0,9995.2,0.0,0.0,13.151,5.282,18.433,33.693,2.156,16.277,emon,0.567,0.611,102.6,54.3,1.89
2026-09-17 22:09:08.483,21.2,0,90,29;47;2;52;0;0;0;40;2;0;2;53;8;12;5;90,1140,3322,2425;2243;3322;2881;1671;1228;1197;1614;1658;1772;1340;1545;1140;1287;1140;1265,77.0,0.0,9995.2,0,0,0,0,0,0.0,0,0,0,0,0,0,0,0,0.0,0,0,0,0,0,0.0,0.0,0.0,0,0,0,39.1,0.0,0.0,0.0,0.0,25.0,63.4,99.23946413500556,9.788340912866888,35.75236729147105,33.46653389159975,16.53331760252858,1799.0,0.0,0.0,47.13136741997783,0.0,47.105581118636124,14.2,99.3,0.0,0.0,0.0,450.0,9995.2,0.0,0.0,13.151,5.282,18.433,33.693,2.156,16.277,emon,0.567,0.611,102.6,54.3,1.89
2026-09-17 22:09:09.483,17.6,0,60,6;43;5;31;2;0;0;60;0;0;0;59;9;11;5;51,980,1980,1980;1693;1547;1676;980;1166;1123;1374;1760;1422;1256;1473;1062;1284;1214;1198,73.1,0.0,10021.2,0,0,0,0,0,0.0,0,0,0,0,0,0,0,0,0.0,0,0,0,0,0,0.0,0.0,0.0,0,0,0,32.1,0.0,0.0,0.0,0.0,25.0,63.4,98.92802680150056,10.745093087552306,34.08563894262681,32.83884684521801,19.32805237225376,1799.0,0.0,0.0,51.40765221370981,0.0,46.07222588117453,14.2,98.0,0.0,0.0,0.0,450.0,10021.2,0.0,0.0,13.151,5.282,18.433,33.693,2.156,16.277,emon,0.567,0.611,102.6,54.3,1.89
2026-09-17 22:09:10.484,18.2,0,58,16;42;2;39;2;0;0;58;5;5;3;48;11;13;5;43,838,1864,1158;1306;1210;1280;1479;1780;1864;1368;1048;1236;838;1220;1095;943;938;1139,0.3,0.0,9995.2,0,0,0,0,0,0.0,0,0,0,0,0,0,0,0,0.0,0,0,0,0,0,0.0,0.0,0.0,0,0,0,32.1,3.59,10.77,0.39,23.19,25.0,63.4,100.0136181640625,10.965083220315476,39.041786367694534,36.71015908802549,22.157195018132526,1799.0,0.0,0.0,57.46172681906571,0.0,43.052577215578374,14.3,99.3,0.0,0.0,0.0,450.0,9995.2,0.0,0.0,13.151,5.282,18.433,33.693,2.156,16.277,emon,0.567,0.611,102.6,54.3,1.89
2026-09-17 22:09:11.486,16.9,0,57,8;44;0;32;0;0;0;56;0;0;0;21;25;21;8;57,789,1372,1190;1186;1005;1041;1201;1152;1170;1372;1141;1097;991;1187;993;1053;789;1117,67.4,0.0,9995.4,0,0,0,0,0,0.0,0,0,0,0,0,0,0,0,0.0,0,0,0,0,0,0.0,0.0,0.0,0,0,0,31.1,3.59,10.77,0.39,23.19,25.0,63.4,98.40713999635082,9.629436497339757,34.6882566092378,30.718531183772168,20.917218547251267,1799.0,0.0,0.0,52.65902333315146,0.0,41.46418400179672,14.3,99.8,0.0,0.0,0.0,450.0,9995.2,0.0,0.0,13.151,5.282,18.433,33.693,2.156,16.277,emon,0.567,0.611,102.6,54.3,1.89
2026-09-17 22:09:12.494,16.0,0,60,9;47;8;39;0;0;0;38;0;0;0;24;15;11;4;60,903,1242,1116;903;1242;995;1098;1059;1088;1147;1065;1078;1093;1064;1031;1117;1003;1068,67.4,0.0,9995.4,0,0,0,0,0,0.0,0,0,0,0,0,0,0,0,0.0,0,0,0,0,0,0.0,0.0,0.0,0,0,0,30.1,3.59,10.77,0.39,23.19,25.0,63.4,100.00000554865056,11.750344926660711,81.4965608770197,72.24212715842508,54.476666537198156,1799.0,0.0,0.0,100.00000554865056,0.0,0.0,14.3,99.8,0.0,0.0,0.0,450.0,9995.4,0.0,0.0,13.151,5.282,18.433,33.693,2.156,16.277,emon,0.567,0.611,102.6,54.3,1.89
2026-09-17 22:09:13.495,18.0,0,63,8;32;3;45;6;2;0;63;5;0;2;23;18;17;5;58,977,1376,1362;1232;1376;1339;1331;1141;1156;1320;1263;1048;1058;1192;977;1144;1088;1177,0.0,0.0,9995.4,0,0,0,0,0,0.0,0,0,0,0,0,0,0,0,0.0,0,0,0,0,0,0.0,0.0,0.0,0,0,0,31.1,3.59,10.77,0.39,23.19,25.0,63.4,100.01244698108083,8.709596120149001,38.485899555851034,34.28364582779542,23.081627122113403,1799.0,0.0,0.0,57.87400258114745,0.0,42.64411621191764,14.3,99.9,0.0,0.0,0.0,450.0,9995.4,0.0,0.0,13.151,5.282,18.433,33.693,2.156,16.277,emon,0.567,0.611,102.6,54.3,1.89
2026-09-17 22:09:14.496,19.5,0,63,28;14;11;34;52;0;3;0;58;6;0;0;63;17;14;11,910,2978,2369;2873;2978;2755;1670;2063;1547;1293;1590;1705;1521;1826;1243;910;924;964,0.1,0.0,9995.4,0,0,0,0,0,0.0,0,0,0,0,0,0,0,0,0.0,0,0,0,0,0,0.0,0.0,0.0,0,0,0,35.1,1.61,9.32,0.39,18.89,25.0,63.4,99.29105758167687,10.816899179710905,37.320129808175004,36.38008593153745,17.51238538480866,1799.0,0.0,0.0,48.331844104254,0.0,47.22013262133699,14.3,99.6,0.0,0.0,0.0,450.0,9995.2,0.0,0.0,13.151,5.282,18.433,33.693,2.156,16.277,emon,0.567,0.611,102.6,54.3,1.89
2026-09-17 22:09:15.497,17.4,0,52,48;25;2;31;32;0;0;0;48;0;0;0;52;16;10;15,803,1725,1115;1139;1536;1195;1131;1188;1168;1138;1304;1651;1725;1183;1148;962;803;971,90.2,0.0,10035.4,0,0,0,0,0,0.0,0,0,0,0,0,0,0,0,0.0,0,0,0,0,0,0.0,0.0,0.0,0,0,0,31.1,1.61,9.32,0.39,18.89,25.0,63.4,99.99523435320172,10.356127729639411,64.4967908007758,57.744534253009725,42.84474532944815,1799.0,0.0,0.0,85.77296110561916,0.0,14.431476644107274,14.3,98.7,0.0,0.0,0.0,450.0,10035.4,0.0,0.0,13.151,5.282,18.433,33.693,2.156,16.277,emon,0.567,0.611,102.6,54.3,1.89
2026-09-17 22:09:16.497,18.4,0,67,30;27;4;38;28;2;0;0;43;0;2;0;67;17;23;15,845,1464,1030;845;916;1162;1107;1086;1204;1195;1272;1464;882;1258;1134;1003;1039;1039,100.0,0.0,9869.7,0,0,0,0,0,0.0,0,0,0,0,0,0,0,0,0.0,0,0,0,0,0,0.0,0.0,0.0,0,0,0,31.1,1.61,9.32,0.39,18.89,25.0,63.4,95.23280962775735,13.775837053051767,61.34973609447479,57.41760013822247,43.1266876669491,1799.0,0.0,0.0,82.42700689592782,0.0,11.886275268563836,14.3,100.0,0.0,0.0,0.0,450.0,10034.7,0.0,0.0,13.151,5.282,18.433,33.693,2.156,16.277,emon,0.567,0.611,102.6,54.3,1.89
2026-09-17 22:09:17.498,16.6,0,58,44;2;6;41;41;0;0;0;58;3;0;0;42;14;8;8,877,1553,1091;1151;1553;1245;1134;1204;1121;1128;1280;982;877;1320;1191;1007;981;1152,84.3,0.0,9869.9,0,0,0,0,0,0.0,0,0,0,0,0,0,0,0,0.0,0,0,0,0,0,0.0,0.0,0.0,0,0,0,31.1,1.61,9.32,0.39,18.89,25.0,63.4,97.73285358451133,12.390738563742055,44.79869909064714,43.26388453362986,29.007432489894157,1799.0,0.0,0.0,60.59911027139183,0.0,35.23296341304038,14.2,99.4,0.0,0.0,0.0,450.0,9869.9,0.0,0.0,53.12,0.797,53.917,40.836,2.613,51.304,emon,0.575,0.334,269.8,126.4,2.135
2026-09-17 22:09:18.499,16.1,0,48,38;12;3;48;30;0;0;0;33;0;0;0;44;22;11;15,872,1184,1014;1184;872;910;1106;1147;1180;1182;1128;1092;1000;1072;1183;998;1150;1111,84.3,0.0,9869.9,0,0,0,0,0,0.0,0,0,0,0,0,0,0,0,0.0,0,0,0,0,0,0.0,0.0,0.0,0,0,0,31.1,2.48,9.19,0.39,19.59,25.0,63.4,100.00826808384487,11.039770899273988,68.47770210674831,60.826274251299246,47.21386228288923,1799.0,0.0,0.0,85.78143424221447,0.0,14.440534820916842,14.2,99.7,0.0,0.0,0.0,450.0,9869.9,0.0,0.0,53.12,0.797,53.917,40.836,2.613,51.304,emon,0.575,0.334,269.8,126.4,2.135
2026-09-17 22:09:19.500,17.3,0,55,38;6;8;42;55;2;0;0;47;0;0;0;47;6;12;14,840,1888,1406;1888;1237;1403;1330;1017;1163;1183;1192;1542;1090;1015;1099;923;874;840,100.0,0.0,9869.9,0,0,0,0,0,0.0,0,0,0,0,0,0,0,0,0.0,0,0,0,0,0,0.0,0.0,0.0,0,0,0,31.1,2.48,9.19,0.39,19.59,25.0,63.4,99.9534421089368,8.76570310200063,41.01582186038677,38.51272043815026,25.987514205468006,1799.0,0.0,0.0,64.20568930109341,0.0,36.22304039660286,14.3,99.7,0.0,0.0,0.0,450.0,9868.2,0.0,0.0,53.12,0.797,53.917,40.836,2.613,51.304,emon,0.575,0.334,269.8,126.4,2.135
2026-09-17 22:09:20.501,25.0,3,74,48;41;14;50;39;12;4;3;41;19;8;5;74;18;17;8,1538,3658,2899;2958;3658;3550;1960;2462;2231;1937;2031;2065;2067;1963;1561;1667;1621;1538,0.4,0.0,9833.8,0,0,0,0,0,0.0,0,0,0,0,0,0,0,0,0.0,0,0,0,0,0,0.0,0.0,0.0,0,0,0,40.1,2.48,9.19,0.39,19.59,25.1,63.4,99.9921161717382,7.802583555614672,29.215662884750756,25.940353400660037,13.194477838235265,1799.0,0.0,0.0,43.263499065278225,0.0,45.385128596778515,14.3,99.6,0.0,0.0,0.0,450.0,9842.0,0.0,0.0,53.12,0.797,53.917,40.836,2.613,51.304,emon,0.575,0.334,269.8,126.4,2.135
2026-09-17 22:09:21.501,19.8,2,58,39;16;2;34;58;5;6;3;35;6;2;3;54;22;12;18,752,1325,1055;1094;1187;1136;1325;818;752;752;1052;914;842;812;1189;1164;1186;1122,100.0,0.0,9876.7,0,0,0,0,0,0.0,0,0,0,0,0,0,0,0,0.0,0,0,0,0,0,0.0,0.0,0.0,0,0,0,32.1,2.48,9.19,0.39,19.59,25.1,63.4,83.54011522168699,11.926939670482408,45.960579068764396,44.62994585931301,31.97112456611965,1799.0,0.0,0.0,69.66663007915992,0.0,4.4384546730181444,14.2,96.3,0.0,0.0,0.0,450.0,9876.7,0.0,0.0,53.12,0.797,53.917,40.836,2.613,51.304,emon,0.575,0.334,269.8,126.4,2.135
2026-09-17 22:09:22.502,18.5,0,74,43;19;8;35;63;0;0;0;27;2;3;2;74;8;5;9,939,1707,1399;1596;1657;1707;1422;1414;1267;1243;1240;1159;980;939;1321;1166;1045;1193,51.0,0.0,9860.7,0,0,0,0,0,0.0,0,0,0,0,0,0,0,0,0.0,0,0,0,0,0,0.0,0.0,0.0,0,0,0,32.1,3.69,9.64,0.39,21.7,24.9,63.4,94.23708546161652,15.17475082364399,53.56599509716034,52.98146307375282,38.003979444503784,1799.0,0.0,0.0,75.13010569429025,0.0,6.392100189696066,14.2,99.2,0.0,0.0,0.0,450.0,9876.7,0.0,0.0,53.12,0.797,53.917,40.836,2.613,51.304,emon,0.575,0.334,269.8,126.4,2.135
2026-09-17 22:09:23.503,16.3,0,63,38;8;6;38;63;0;0;0;52;0;0;0;31;12;9;3,1020,1602,1332;1429;1354;1192;1411;1299;1602;1165;1229;1380;1321;1148;1263;1020;1184;1027,51.0,0.0,9860.7,0,0,0,0,0,0.0,0,0,0,0,0,0,0,0,0.0,0,0,0,0,0,0.0,0.0,0.0,0,0,0,32.1,3.69,9.64,0.39,21.7,24.9,63.4,86.92673469781876,15.3303880085703,48.85783621072769,49.67789679542184,34.343037605285645,1799.0,0.0,0.0,70.11328435726463,0.0,5.120728497207165,14.3,99.7,0.0,0.0,0.0,450.0,9860.7,0.0,0.0,53.12,0.797,53.917,40.836,2.613,51.304,emon,0.575,0.334,269.8,126.4,2.135
2026-09-17 22:09:24.504,17.7,0,68,54;16;6;34;39;0;0;0;45;0;0;0;68;9;3;8,898,2060,1727;2024;1862;1617;1395;1683;1230;1343;1387;2060;1321;1317;1212;898;1188;1022,100.0,0.0,9860.7,0,0,0,0,0,0.0,0,0,0,0,0,0,0,0,0.0,0,0,0,0,0,0.0,0.0,0.0,0,0,0,34.1,3.69,9.64,0.39,21.7,24.9,63.4,99.9909180671938,11.953247567548626,50.288408563983054,47.64992709890489,27.588310983873182,1799.0,0.0,0.0,61.42195107180986,0.0,26.106882618640217,14.2,99.7,0.0,0.0,0.0,450.0,9860.7,0.0,0.0,53.12,0.797,53.917,40.836,2.613,51.304,emon,0.575,0.334,269.8,126.4,2.135
2026-09-17 22:09:25.504,17.9,0,64,33;15;8;31;34;0;0;0;64;3;0;0;53;23;2;19,962,2959,1575;1530;1521;1753;1386;1704;1229;1400;1563;1841;2574;2959;1155;1086;962;1075,100.0,0.0,9860.7,0,0,0,0,0,0.0,0,0,0,0,0,0,0,0,0.0,0,0,0,0,0,0.0,0.0,0.0,0,0,0,33.1,3.69,9.64,0.39,21.7,24.9,63.4,82.18785394941058,14.094085763385962,46.54855405149006,46.8542052251952,33.049309321812224,1799.0,0.0,0.0,66.77343084185296,0.0,4.874964453279972,14.3,99.5,0.0,0.0,0.0,450.0,9860.7,0.0,0.0,53.12,0.797,53.917,40.836,2.613,51.304,emon,0.575,0.334,269.8,126.4,2.135
2026-09-17 22:09:26.505,18.0,0,68,39;18;6;42;22;2;0;0;64;2;0;0;68;23;3;2,1024,2738,2423;2572;2682;2512;1589;1101;1735;2738;1610;1565;1782;2158;1413;1109;1389;1024,100.0,0.0,9863.0,0,0,0,0,0,0.0,0,0,0,0,0,0,0,0,0.0,0,0,0,0,0,0.0,0.0,0.0,0,0,0,34.1,2.65,10.1,0.39,21.35,24.8,63.4,99.98836269713284,10.798726383330129,42.33221530679025,41.86619383157149,17.01618692182462,1799.0,0.0,0.0,47.50873478424833,0.0,38.98707197264734,14.2,94.4,0.0,0.0,0.0,450.0,9863.0,0.0,0.0,53.12,0.797,53.917,40.836,2.613,51.304,emon,0.575,0.334,269.8,126.4,2.135
2026-09-17 22:09:27.517,18.2,0,66,38;12;9;36;27;0;0;0;66;2;0;0;51;20;12;18,842,1419,1079;1172;1224;992;1162;1049;1154;1159;1419;1305;1321;1345;945;842;898;938,22.2,0.0,9863.0,0,0,0,0,0,0.0,0,0,0,0,0,0,0,0,0.0,0,0,0,0,0,0.0,0.0,0.0,0,0,0,31.1,2.65,10.1,0.39,21.35,24.8,63.4,94.29899420457728,11.500858505420824,59.52206841637106,54.84013142743532,40.99983821195715,1799.0,0.0,0.0,76.58729965020629,0.0,6.018243756802643,14.3,99.7,0.0,0.0,0.0,450.0,9863.0,0.0,0.0,53.12,0.797,53.917,40.836,2.613,51.304,emon,0.575,0.334,269.8,126.4,2.135
2026-09-17 22:09:28.518,17.4,0,62,36;14;12;49;38;0;0;0;38;0;0;0;62;14;5;9,1008,2058,1613;2058;1518;1550;1241;1288;1346;1292;1305;1201;1639;1748;1296;1211;1008;1240,100.0,0.0,9871.6,0,0,0,0,0,0.0,0,0,0,0,0,0,0,0,0.0,0,0,0,0,0,0.0,0.0,0.0,0,0,0,32.1,2.65,10.1,0.39,21.35,24.8,63.4,99.49858008490668,8.46585558137132,26.57714060915841,24.80090240544743,15.44892884782619,1799.0,0.0,0.0,42.87052556882819,0.0,44.54398710640285,14.3,99.5,0.0,0.0,0.0,450.0,9871.6,0.0,0.0,53.12,0.797,53.917,40.836,2.613,51.304,emon,0.575,0.334,269.8,126.4,2.135
2026-09-17 22:09:29.519,21.2,0,88,52;45;5;49;45;2;0;0;34;0;0;2;88;6;2;11,1130,3025,2632;2751;2496;3025;1654;1130;2284;2212;1762;1459;2022;1486;1708;1625;1496;1379,100.0,0.0,9871.6,0,0,0,0,0,0.0,0,0,0,0,0,0,0,0,0.0,0,0,0,0,0,0.0,0.0,0.0,0,0,0,38.1,4.16,10.13,0.39,23.09,24.9,63.4,99.98338056684614,8.726191527818472,32.710339852460514,31.27453597527635,13.86932166418423,1799.0,0.0,0.0,40.15951630238418,0.0,42.21084577718857,14.2,98.2,0.0,0.0,0.0,450.0,9883.1,0.0,0.0,48.511,0.776,49.287,32.803,2.099,47.188,emon,0.573,0.351,291.7,136.5,2.137
2026-09-17 22:09:30.519,20.6,0,70,40;33;8;52;61;0;0;0;31;0;0;0;70;19;6;10,1142,3208,2479;2363;2751;3208;1868;1904;1512;1479;1736;2362;1972;1142;1553;1267;1170;1197,100.0,0.0,9868.1,0,0,0,0,0,0.0,0,0,0,0,0,0,0,0,0.0,0,0,0,0,0,0.0,0.0,0.0,0,0,0,37.1,4.16,10.13,0.39,23.09,24.9,63.4,99.98741475376514,9.663636945935666,34.19533432897078,34.09860262110693,15.132569742818372,1799.0,0.0,0.0,41.96686273424485,0.0,38.931533157561034,14.2,96.5,0.0,0.0,0.0,450.0,9868.1,0.0,0.0,48.511,0.776,49.287,32.803,2.099,47.188,emon,0.573,0.351,291.7,136.5,2.137
2026-09-17 22:09:31.519,19.3,0,70,54;17;6;34;67;5;0;0;28;2;0;0;70;12;11;3,1014,2688,1950;2051;2688;2597;1535;1394;1852;1934;1565;1453;2617;1730;1285;1014;1150;1073,3.9,0.0,9868.1,0,0,0,0,0,0.0,0,0,0,0,0,0,0,0,0.0,0,0,0,0,0,0.0,0.0,0.0,0,0,0,36.1,4.16,10.13,0.39,23.09,24.9,63.4,99.31805418606461,9.89090410168925,31.75805445334007,30.028463814998496,18.550554490551868,1799.0,0.0,0.0,48.45793744761433,0.0,47.059781963082585,14.2,97.1,0.0,0.0,0.0,450.0,9868.1,0.0,0.0,48.511,0.776,49.287,32.803,2.099,47.188,emon,0.573,0.351,291.7,136.5,2.137
2026-09-17 22:09:32.520,17.4,0,69,46;9;9;32;69;0;0;0;34;2;0;0;48;14;8;6,877,2241,1878;1669;1262;1513;1513;2113;2093;2241;1352;1986;1702;1902;1139;902;920;877,100.0,0.0,9838.2,0,0,0,0,0,0.0,0,0,0,0,0,0,0,0,0.0,0,0,0,0,0,0.0,0.0,0.0,0,0,0,33.1,4.16,10.13,0.39,23.09,24.9,63.4,99.69338073370592,10.075375007026178,30.494728479295407,27.730758229776654,17.658722104090003,1799.0,0.0,0.0,51.52881361930895,0.0,48.395963221520034,14.2,98.3,0.0,0.0,0.0,450.0,9838.2,0.0,0.0,48.511,0.776,49.287,32.803,2.099,47.188,emon,0.573,0.351,291.7,136.5,2.137
2026-09-17 22:09:33.521,19.3,0,54,43;24;8;43;49;0;0;0;42;6;0;0;54;9;23;8,997,1599,1516;1599;1409;1525;1415;1300;1303;1254;1261;1108;1124;1514;1200;997;1086;1110,100.0,0.0,9830.2,0,0,0,0,0,0.0,0,0,0,0,0,0,0,0,0.0,0,0,0,0,0,0.0,0.0,0.0,0,0,0,33.1,4.46,11.05,0.39,25.2,24.9,63.4,100.00168878259794,11.284169667006903,44.0290931647932,41.81677515636867,27.517096010889386,1799.0,0.0,0.0,57.82504428674887,0.0,42.621572569027165,14.2,99.6,0.0,0.0,0.0,450.0,9830.2,0.0,0.0,48.511,0.776,49.287,32.803,2.099,47.188,emon,0.573,0.351,291.7,136.5,2.137
2026-09-17 22:09:34.521,20.0,0,75,34;29;6;48;46;3;0;0;75;2;2;0;55;9;6;6,988,3833,2109;2267;3833;2723;1479;1871;1194;1164;1556;1567;1252;1962;1298;988;991;1072,0.5,0.0,9851.8,0,0,0,0,0,0.0,0,0,0,0,0,0,0,0,0.0,0,0,0,0,0,0.0,0.0,0.0,0,0,0,37.1,4.46,11.05,0.39,25.2,24.9,63.4,98.6000345547994,10.55132625811656,38.89656501619037,37.35165648087623,19.96756220123042,1799.0,0.0,0.0,58.077753448750876,0.0,40.98034380342954,14.2,99.5,0.0,0.0,0.0,450.0,9830.2,0.0,0.0,48.511,0.776,49.287,32.803,2.099,47.188,emon,0.573,0.351,291.7,136.5,2.137
2026-09-17 22:09:35.549,15.8,0,63,32;11;5;27;26;0;0;0;63;2;0;0;58;18;6;6,893,2068,1699;1863;1954;2068;1385;1259;1120;1120;1492;1104;1328;1286;1168;893;933;897,0.5,0.0,9851.8,0,0,0,0,0,0.0,0,0,0,0,0,0,0,0,0.0,0,0,0,0,0,0.0,0.0,0.0,0,0,0,33.1,4.46,11.05,0.39,25.2,25.0,63.4,99.57575537707355,10.668428893428509,36.829111551245056,34.86293098478167,18.823798761441925,1799.0,0.0,0.0,50.121734938716415,0.0,48.16637567561101,14.2,98.0,0.0,0.0,0.0,450.0,9857.1,0.0,0.0,48.511,0.776,49.287,32.803,2.099,47.188,emon,0.573,0.351,291.7,136.5,2.137
2026-09-17 22:09:36.550,20.0,0,67,43;19;6;57;45;2;0;0;48;9;0;0;67;12;6;6,1017,2751,2102;2474;2751;2653;1614;1233;1147;1162;1615;2389;1831;1651;1243;1126;1037;1017,61.5,0.0,9855.3,0,0,0,0,0,0.0,0,0,0,0,0,0,0,0,0.0,0,0,0,0,0,0.0,0.0,0.0,0,0,0,38.1,4.46,11.05,0.39,25.2,24.9,63.4,97.44110470086756,11.798367613100146,41.08850252796227,39.4336634102002,26.301727041392258,1799.0,0.0,0.0,57.86902594987408,0.0,39.80015654625338,14.3,99.6,0.0,0.0,0.0,450.0,9833.7,0.0,0.0,48.511,0.776,49.287,32.803,2.099,47.188,emon,0.573,0.351,291.7,136.5,2.137
2026-09-17 22:09:37.550,19.0,0,78,48;25;11;41;23;3;0;0;35;3;0;0;78;14;17;5,916,1346,1200;1146;1346;1063;1137;916;1013;1140;1207;1064;1147;1160;1200;1118;1120;1165,100.0,0.0,9867.1,0,0,0,0,0,0.0,0,0,0,0,0,0,0,0,0.0,0,0,0,0,0,0.0,0.0,0.0,0,0,0,32.1,4.18,10.49,0.39,23.72,24.9,63.4,94.18447586894035,10.148684034997132,65.57527298480272,58.194089418277144,44.498783349990845,1799.0,0.0,0.0,81.31310431379825,0.0,12.636684066783346,14.2,98.6,0.0,0.0,0.0,450.0,9867.1,0.0,0.0,48.511,0.776,49.287,32.803,2.099,47.188,emon,0.573,0.351,291.7,136.5,2.137
2026-09-17 22:09:38.551,18.9,0,68,53;22;2;33;41;0;0;0;59;2;0;0;68;9;5;9,1040,2118,1739;1685;2042;2118;1288;1057;1159;1065;1432;1503;1040;1217;1265;1106;1047;1233,0.2,0.0,9867.1,0,0,0,0,0,0.0,0,0,0,0,0,0,0,0,0.0,0,0,0,0,0,0.0,0.0,0.0,0,0,0,34.1,4.18,10.49,0.39,23.72,24.8,63.4,99.9972954318948,10.303114273445043,32.78025407823798,31.75886000560163,21.160263843732338,1799.0,0.0,0.0,51.5462423579812,0.0,47.70749786102868,14.3,99.7,0.0,0.0,0.0,450.0,9867.1,0.0,0.0,48.511,0.776,49.287,32.803,2.099,47.188,emon,0.573,0.351,291.7,136.5,2.137
2026-09-17 22:09:39.584,18.8,0,61,39;6;2;51;61;0;0;0;54;3;0;0;60;12;3;12,1085,3789,2139;3124;3789;2899;1515;2006;2280;2309;1658;2094;1802;1499;1396;1176;1085;1111,100.0,0.0,9855.3,0,0,0,0,0,0.0,0,0,0,0,0,0,0,0,0.0,0,0,0,0,0,0.0,0.0,0.0,0,0,0,36.1,4.18,10.49,0.39,23.72,25.0,63.4,99.58143853733682,11.414523519448235,43.71257231785701,41.03619978417698,20.183628692331478,1799.0,0.0,0.0,53.93850641528893,0.0,45.71012615031192,14.3,98.7,0.0,0.0,0.0,450.0,9852.6,0.0,0.0,48.511,0.776,49.287,32.803,2.099,47.188,emon,0.573,0.351,291.7,136.5,2.137
2026-09-17 22:09:40.585,18.5,0,52,52;22;2;47;48;0;0;0;42;0;0;0;52;16;10;6,804,1655,1547;1507;1109;1277;1421;1655;1210;1202;1238;1512;1037;1105;1128;944;804;1052,100.0,0.0,9855.3,0,0,0,0,0,0.0,0,0,0,0,0,0,0,0,0.0,0,0,0,0,0,0.0,0.0,0.0,0,0,0,32.1,4.18,10.49,0.39,23.72,24.9,63.4,98.9527369181315,11.276037580582003,38.33456357002258,37.06398296356201,25.188823175430297,1799.0,0.0,0.0,56.10916536654346,0.0,41.715315121426634,14.3,99.2,0.0,0.0,0.0,450.0,9855.3,0.0,0.0,54.245,0.877,55.123,32.888,2.105,53.018,emon,0.586,0.322,263.9,123.4,2.139
2026-09-17 22:09:41.586,18.0,0,67,49;18;8;23;56;0;0;0;43;5;0;0;67;12;5;2,1016,2127,1959;1662;1431;2127;1507;1196;1172;1159;1367;1174;1117;1178;1176;1033;1135;1016,100.0,0.0,9855.3,0,0,0,0,0,0.0,0,0,0,0,0,0,0,0,0.0,0,0,0,0,0,0.0,0.0,0.0,0,0,0,34.1,3.84,10.3,0.39,22.95,24.9,63.4,98.58800386667252,10.384695915952324,33.29429440677166,30.257644299417734,17.795649854168296,1799.0,0.0,0.0,51.64669116220437,0.0,46.51152875481843,14.3,99.7,0.0,0.0,0.0,450.0,9833.6,0.0,0.0,54.245,0.877,55.123,32.888,2.105,53.018,emon,0.586,0.322,263.9,123.4,2.139
2026-09-17 22:09:42.587,16.6,0,60,44;9;0;48;60;0;0;0;47;0;0;0;41;6;8;3,780,1716,1489;1322;1328;1148;1349;1412;1716;1310;1258;1370;1202;1194;964;835;780;933,100.0,0.0,9835.6,0,0,0,0,0,0.0,0,0,0,0,0,0,0,0,0.0,0,0,0,0,0,0.0,0.0,0.0,0,0,0,31.1,3.84,10.3,0.39,22.95,24.9,63.4,94.40013484393849,12.890948615036905,64.20211732387543,59.508838412516255,44.57980615952436,1799.0,0.0,0.0,82.41242190877743,0.0,11.887570100672106,14.2,98.7,0.0,0.0,0.0,450.0,9835.6,0.0,0.0,54.245,0.877,55.123,32.888,2.105,53.018,emon,0.586,0.322,263.9,123.4,2.139
2026-09-17 22:09:43.640,20.9,0,56,28;27;6;44;56;9;0;0;39;29;3;0;50;20;9;16,952,2871,2453;2122;2290;2871;1780;1210;1442;1283;1564;1269;1049;1350;1352;1193;1020;952,100.0,0.0,9831.5,0,0,0,0,0,0.0,0,0,0,0,0,0,0,0,0.0,0,0,0,0,0,0.0,0.0,0.0,0,0,0,35.1,3.84,10.3,0.39,22.95,25.0,63.4,100.00380982441224,10.109926961944167,34.69448975148873,32.257448747348135,17.51086893301665,1799.0,0.0,0.0,49.327428030822155,0.0,49.27113785774917,14.2,97.6,0.0,0.0,0.0,450.0,9858.9,0.0,0.0,54.245,0.877,55.123,32.888,2.105,53.018,emon,0.586,0.322,263.9,123.4,2.139
2026-09-17 22:09:44.641,16.4,0,51,6;40;3;31;0;38;2;0;0;48;0;0;9;51;23;12,948,2535,2351;1634;1763;1610;1519;1335;2535;1245;1468;1370;1143;1527;1130;1083;1047;948,0.0,0.0,9858.8,0,0,0,0,0,0.0,0,0,0,0,0,0,0,0,0.0,0,0,0,0,0,0.0,0.0,0.0,0,0,0,33.1,3.84,10.3,0.39,22.95,24.9,63.4,98.93155230646548,7.611600273167309,36.23922595511312,30.15967812308151,16.550924521425497,1799.0,0.0,0.0,51.13894392540881,0.0,44.01682183206104,14.2,99.4,0.0,0.0,0.0,450.0,9858.8,0.0,0.0,54.245,0.877,55.123,32.888,2.105,53.018,emon,0.586,0.322,263.9,123.4,2.139
2026-09-17 22:09:45.641,17.6,0,62,6;52;0;47;0;46;0;0;0;62;2;0;6;44;9;6,927,2190,2190;1536;1153;1625;1097;1298;1546;1507;1373;1530;1590;1918;1016;1000;927;945,0.2,0.0,9838.7,0,0,0,0,0,0.0,0,0,0,0,0,0,0,0,0.0,0,0,0,0,0,0.0,0.0,0.0,0,0,0,33.1,3.51,10.11,0.39,22.13,24.9,63.4,98.78385721157937,9.547349630671478,35.704418580027394,33.474236947994164,19.92654851318276,1799.0,0.0,0.0,51.1815083177784,0.0,45.70563087850424,14.2,99.2,0.0,0.0,0.0,450.0,9838.7,0.0,0.0,54.245,0.877,55.123,32.888,2.105,53.018,emon,0.586,0.322,263.9,123.4,2.139
2026-09-17 22:09:46.643,17.0,0,62,8;58;0;44;0;31;0;0;0;62;0;3;6;38;11;9,857,3192,1387;1519;3192;1533;1484;1190;1183;1279;1473;1439;1422;1483;857;932;898;873,100.0,0.0,9840.9,0,0,0,0,0,0.0,0,0,0,0,0,0,0,0,0.0,0,0,0,0,0,0.0,0.0,0.0,0,0,0,32.1,3.51,10.11,0.39,22.13,24.9,63.4,98.9359639134518,9.76427666135782,38.43354930849962,35.730278609103934,23.00315156786941,1799.0,0.0,0.0,52.41229170612817,0.0,42.2533690524759,14.2,99.2,0.0,0.0,0.0,450.0,9838.7,0.0,0.0,54.245,0.877,55.123,32.888,2.105,53.018,emon,0.586,0.322,263.9,123.4,2.139
2026-09-17 22:09:47.690,15.1,0,69,10;43;3;34;0;27;2;0;0;69;4;0;0;37;10;2,837,2249,2249;1490;2087;1718;1206;1195;1020;1204;1744;1498;1490;1564;873;998;837;887,100.0,0.0,9840.9,0,0,0,0,0,0.0,0,0,0,0,0,0,0,0,0.0,0,0,0,0,0,0.0,0.0,0.0,0,0,0,32.1,3.51,10.11,0.39,22.13,25.0,63.4,93.01759831110637,12.981823126475016,71.86208089192708,65.85042063395183,48.06411997477213,1799.0,0.0,0.0,91.67424534261227,0.0,0.0,14.3,99.6,0.0,0.0,0.0,450.0,9840.9,0.0,0.0,54.245,0.877,55.123,32.888,2.105,53.018,emon,0.586,0.322,263.9,123.4,2.139
2026-09-17 22:09:48.690,17.3,0,61,11;40;0;41;0;61;0;0;0;57;3;2;0;44;3;15,947,2383,2030;1529;2383;1656;1394;1349;1604;2032;1491;1547;1025;1333;947;1029;963;1017,100.0,0.0,9837.3,0,0,0,0,0,0.0,0,0,0,0,0,0,0,0,0.0,0,0,0,0,0,0.0,0.0,0.0,0,0,0,33.1,3.51,10.11,0.39,22.13,24.8,63.4,99.07017430944263,9.999693195783657,37.58238884300556,33.57952405343641,19.3113243191872,1799.0,0.0,0.0,52.95053900864397,0.0,44.27119244916705,14.2,99.0,0.0,0.0,0.0,450.0,9837.3,0.0,0.0,54.245,0.877,55.123,32.888,2.105,53.018,emon,0.586,0.322,263.9,123.4,2.139
2026-09-17 22:09:49.690,18.0,0,53,17;48;2;47;0;49;3;0;0;53;3;0;2;44;6;14,795,1691,1472;1691;1298;1618;1464;1320;1030;1504;1227;1397;1648;1467;795;935;820;900,0.0,0.0,9839.1,0,0,0,0,0,0.0,0,0,0,0,0,0,0,0,0.0,0,0,0,0,0,0.0,0.0,0.0,0,0,0,33.1,2.67,9.9,0.39,20.77,24.8,63.4,99.21987314577456,11.01221164541871,39.31200416882833,38.641065915563594,24.073901296627742,1799.0,0.0,0.0,51.97469319622205,0.0,45.838435419001684,14.3,99.6,0.0,0.0,0.0,450.0,9839.1,0.0,0.0,54.245,0.877,55.123,32.888,2.105,53.018,emon,0.586,0.322,263.9,123.4,2.139
2026-09-17 22:09:50.691,17.9,0,58,19;27;11;34;0;58;0;0;0;45;0;0;21;55;14;5,916,2008,2008;1529;1382;1554;1230;1443;1243;1152;1113;1272;974;1076;1139;1046;916;1038,100.0,0.0,9844.4,0,0,0,0,0,0.0,0,0,0,0,0,0,0,0,0.0,0,0,0,0,0,0.0,0.0,0.0,0,0,0,32.1,2.67,9.9,0.39,20.77,24.8,63.4,99.49850216026077,8.71017788477175,36.24198692144748,33.251234013788,21.799644061135584,1799.0,0.0,0.0,51.00853570851896,0.0,47.31579638877515,14.3,99.5,0.0,0.0,0.0,450.0,9844.4,0.0,0.0,54.245,0.877,55.123,32.888,2.105,53.018,emon,0.586,0.322,263.9,123.4,2.139
2026-09-17 22:09:51.728,15.7,0,62,14;37;2;33;0;62;0;0;0;51;0;0;3;38;6;6,737,1958,1573;1902;1958;1873;1266;1403;1664;1353;1130;1204;1264;1238;737;1089;1138;1063,0.5,0.0,9841.9,0,0,0,0,0,0.0,0,0,0,0,0,0,0,0,0.0,0,0,0,0,0,0.0,0.0,0.0,0,0,0,34.1,2.67,9.9,0.39,20.77,24.9,63.4,100.0125477288359,8.473658863014432,42.851736719890305,37.860234175318034,28.18638445677296,1799.0,0.0,0.0,54.94902119272319,0.0,45.53868770676122,14.3,99.3,0.0,0.0,0.0,450.0,9840.4,0.0,0.0,69.799,0.998,70.797,16.636,1.065,69.732,emon,0.607,0.437,206.1,96.4,2.137
2026-09-17 22:09:52.729,16.5,0,53,14;38;2;47;0;53;0;0;0;46;0;0;0;48;6;9,809,2510,1891;1680;2510;1733;1407;1458;1481;1424;1103;1188;1068;1221;809;1004;932;912,0.4,0.0,9836.4,0,0,0,0,0,0.0,0,0,0,0,0,0,0,0,0.0,0,0,0,0,0,0.0,0.0,0.0,0,0,0,33.1,2.67,9.9,0.39,20.77,24.8,63.4,99.9902427814625,10.585982814603657,38.30198103741363,34.688559143631544,20.341953163345654,1799.0,0.0,0.0,52.92969528245912,0.0,44.97967776878876,14.3,99.5,0.0,0.0,0.0,450.0,9837.9,0.0,0.0,69.799,0.998,70.797,16.636,1.065,69.732,emon,0.607,0.437,206.1,96.4,2.137
2026-09-17 22:09:53.729,16.7,0,66,3;33;0;45;0;57;0;0;0;66;0;0;0;36;9;18,892,1911,1547;1732;1911;1714;1165;1405;1098;1240;1343;1315;1428;1874;892;1054;921;918,0.4,0.0,9836.4,0,0,0,0,0,0.0,0,0,0,0,0,0,0,0,0.0,0,0,0,0,0,0.0,0.0,0.0,0,0,0,33.1,2.91,10.14,0.39,21.48,24.8,63.4,100.00330617872335,9.4648300221474,33.360186796067126,32.306181887827684,20.269248046833326,1799.0,0.0,0.0,51.84359615731006,0.0,45.479267429347125,14.2,99.1,0.0,0.0,0.0,450.0,9836.4,0.0,0.0,69.799,0.998,70.797,16.636,1.065,69.732,emon,0.607,0.437,206.1,96.4,2.137
2026-09-17 22:09:54.730,17.2,0,72,3;46;3;42;0;48;0;0;0;72;3;0;0;38;9;12,853,1790,1195;1538;1524;1790;1303;1238;1263;1271;1406;1504;1422;1374;1017;942;853;930,0.2,0.0,9836.4,0,0,0,0,0,0.0,0,0,0,0,0,0,0,0,0.0,0,0,0,0,0,0.0,0.0,0.0,0,0,0,32.1,2.91,10.14,0.39,21.48,24.8,63.4,98.82773839510403,9.140105508637102,38.286978644291324,33.58137738103455,21.692517745336133,1799.0,0.0,0.0,51.012763441778645,0.0,46.630023351899204,14.3,99.5,0.0,0.0,0.0,450.0,9836.4,0.0,0.0,69.799,0.998,70.797,16.636,1.065,69.732,emon,0.607,0.437,206.1,96.4,2.137
2026-09-17 22:09:55.750,18.0,0,77,12;45;2;38;0;44;0;0;0;77;3;0;2;34;12;19,939,2144,2144;1476;1663;1543;1048;1193;1297;1128;1385;1465;1131;1777;947;1022;1157;939,0.1,0.0,9837.5,0,0,0,0,0,0.0,0,0,0,0,0,0,0,0,0.0,0,0,0,0,0,0.0,0.0,0.0,0,0,0,32.1,2.91,10.14,0.39,21.48,24.9,63.4,100.0096810913086,11.190612891092897,38.53204210758209,36.73972918152809,26.27013265132904,1799.0,0.0,0.0,60.13996874217875,0.0,40.360220523782516,14.2,99.2,0.0,0.0,0.0,450.0,9837.5,0.0,0.0,69.799,0.998,70.797,16.636,1.065,69.732,emon,0.607,0.437,206.1,96.4,2.137
2026-09-17 22:09:56.751,16.9,0,72,11;32;6;28;0;36;2;0;0;72;0;2;8;49;16;9,928,2008,2008;1664;1197;1664;1228;1185;928;1198;1328;1460;1695;1376;1060;1065;1063;1138,38.5,0.0,9834.2,0,0,0,0,0,0.0,0,0,0,0,0,0,0,0,0.0,0,0,0,0,0,0.0,0.0,0.0,0,0,0,34.1,2.91,10.14,0.39,21.48,24.8,63.4,98.47294543584188,11.927667900376642,42.698764894406004,41.22807531952858,24.426176967223487,1799.0,0.0,0.0,56.77536843040337,0.0,38.71464460833268,14.2,99.2,0.0,0.0,0.0,450.0,9831.9,0.0,0.0,69.799,0.998,70.797,16.636,1.065,69.732,emon,0.607,0.437,206.1,96.4,2.137
2026-09-17 22:09:57.751,16.0,0,68,16;40;2;44;0;37;0;0;0;68;0;3;3;33;6;5,870,2222,1004;1293;2222;1607;1122;1240;1214;1123;1301;1510;1812;1505;1095;897;870;933,99.2,0.0,9838.2,0,0,0,0,0,0.0,0,0,0,0,0,0,0,0,0.0,0,0,0,0,0,0.0,0.0,0.0,0,0,0,32.1,2.71,10.16,0.39,21.36,24.8,63.4,97.99771738789745,11.894557784877948,41.18547420403392,41.31662861219387,25.45541796767988,1799.0,0.0,0.0,51.63444391551629,0.0,44.87351717721896,14.2,99.3,0.0,0.0,0.0,450.0,9834.2,0.0,0.0,69.799,0.998,70.797,16.636,1.065,69.732,emon,0.607,0.437,206.1,96.4,2.137
2026-09-17 22:09:58.751,17.1,0,68,3;42;0;39;0;66;2;0;0;68;0;0;2;34;14;6,704,2637,1711;1768;2637;1690;1628;1441;1045;1190;1221;1332;1405;1298;704;957;906;953,99.2,0.0,9838.2,0,0,0,0,0,0.0,0,0,0,0,0,0,0,0,0.0,0,0,0,0,0,0.0,0.0,0.0,0,0,0,32.1,2.71,10.16,0.39,21.36,24.8,63.4,99.4193780736295,10.769665724603447,41.785488519839895,38.94603062131091,24.960595328048495,1799.0,0.0,0.0,52.22408335100759,0.0,46.570781986973564,14.2,99.4,0.0,0.0,0.0,450.0,9843.1,0.0,0.0,69.799,0.998,70.797,16.636,1.065,69.732,emon,0.607,0.437,206.1,96.4,2.137
2026-09-17 22:09:59.778,15.9,0,67,8;41;0;36;0;67;0;0;0;52;0;0;4;36;4;6,802,2088,1342;1621;987;1640;1223;1410;1430;1158;1208;1355;2088;1271;802;974;904;927,87.1,0.0,9835.7,0,0,0,0,0,0.0,0,0,0,0,0,0,0,0,0.0,0,0,0,0,0,0.0,0.0,0.0,0,0,0,33.1,2.71,10.16,0.39,21.36,24.8,63.4,98.60041649324181,10.403282745122691,37.08668248931857,36.06429288530872,23.186224390038827,1799.0,0.0,0.0,51.25111208699072,0.0,45.68875273287926,14.2,98.7,0.0,0.0,0.0,450.0,9835.7,0.0,0.0,69.799,0.998,70.797,16.636,1.065,69.732,emon,0.607,0.437,206.1,96.4,2.137
2026-09-17 22:10:00.779,19.1,0,66,8;46;6;48;0;36;0;0;2;66;3;2;9;48;13;19,948,3142,2048;1450;1401;1680;1873;1352;1957;2320;2601;1368;1279;3142;959;1100;948;1044,100.0,0.0,9834.2,0,0,0,0,0,0.0,0,0,0,0,0,0,0,0,0.0,0,0,0,0,0,0.0,0.0,0.0,0,0,0,33.1,2.71,10.16,0.39,21.36,24.8,63.4,99.98840264713063,11.55087103018099,48.195343490909124,46.283429709427494,29.371009001234437,1799.0,0.0,0.0,61.8601335623192,0.0,32.674416632274024,14.2,99.4,0.0,0.0,0.0,450.0,9834.2,0.0,0.0,69.799,0.998,70.797,16.636,1.065,69.732,emon,0.607,0.437,206.1,96.4,2.137
2026-09-17 22:10:01.780,17.8,0,48,18;32;3;47;0;44;5;3;2;36;0;3;3;48;22;18,856,1968,1492;1411;1176;1574;1968;1515;980;952;856;1220;1291;961;1092;1230;932;1085,53.6,0.0,9837.0,0,0,0,0,0,0.0,0,0,0,0,0,0,0,0,0.0,0,0,0,0,0,0.0,0.0,0.0,0,0,0,33.1,2.71,10.16,0.39,21.36,24.8,63.4,99.04569419067685,10.777695166186826,39.148274771057736,37.626210149119395,23.997851893527084,1799.0,0.0,0.0,52.574036381225845,0.0,44.970124949968664,14.2,99.3,0.0,0.0,0.0,450.0,9837.0,0.0,0.0,69.799,0.998,70.797,16.636,1.065,69.732,emon,0.607,0.437,206.1,96.4,2.137
2026-09-17 22:10:02.781,16.6,0,77,3;22;6;45;0;77;3;0;0;47;0;0;9;39;8;6,825,2887,2887;1646;2726;1733;1645;1529;1491;1952;1069;1190;2146;1058;1055;990;825;1007,0.3,0.0,9835.8,0,0,0,0,0,0.0,0,0,0,0,0,0,0,0,0.0,0,0,0,0,0,0.0,0.0,0.0,0,0,0,33.1,2.71,10.16,0.39,21.36,24.8,63.4,99.13823855745382,9.464442169510535,36.65595871210098,35.211325689122596,22.960679899001942,1799.0,0.0,0.0,51.84818993025492,0.0,45.54517971636781,14.2,99.3,0.0,0.0,0.0,450.0,9835.8,0.0,0.0,72.418,1.008,73.426,16.268,1.041,72.385,emon,0.616,0.451,197.6,92.5,2.137
2026-09-17 22:10:03.793,17.5,0,63,11;42;2;48;0;51;0;0;0;63;0;0;5;38;6;15,926,1870,1870;1573;1438;1788;1225;1296;1264;1387;1392;1401;1468;1371;991;1000;926;986,100.0,0.0,9835.8,0,0,0,0,0,0.0,0,0,0,0,0,0,0,0,0.0,0,0,0,0,0,0.0,0.0,0.0,0,0,0,33.1,2.71,10.16,0.39,21.36,24.8,63.4,96.44276048686054,10.146536112520042,34.6479931567462,34.055760231299026,20.86629323156966,1799.0,0.0,0.0,51.462277665709124,0.0,38.74059062983237,14.2,99.5,0.0,0.0,0.0,450.0,9835.8,0.0,0.0,72.418,1.008,73.426,16.268,1.041,72.385,emon,0.616,0.451,197.6,92.5,2.137
2026-09-17 22:10:04.794,18.3,0,63,9;60;6;44;0;39;0;0;0;63;0;0;11;42;8;11,883,2851,2851;1773;1988;1657;1107;1229;1406;2014;1571;1496;2024;1613;948;1013;883;905,100.0,0.0,9835.8,0,0,0,0,0,0.0,0,0,0,0,0,0,0,0,0.0,0,0,0,0,0,0.0,0.0,0.0,0,0,0,34.1,2.71,10.16,0.39,21.36,24.8,63.4,98.7639509283978,10.348997546251917,43.653975092846416,42.034635023794316,26.022648261940997,1799.0,0.0,0.0,55.13230863633309,0.0,42.397541473926076,14.2,99.4,0.0,0.0,0.0,450.0,9835.8,0.0,0.0,72.418,1.008,73.426,16.268,1.041,72.385,emon,0.616,0.451,197.6,92.5,2.137
2026-09-17 22:10:05.795,16.5,0,67,11;45;5;39;0;25;0;0;0;67;4;0;3;44;6;16,921,2330,2330;1797;1612;1919;1173;1192;1188;1186;1374;1426;921;1245;1039;1132;1063;980,100.0,0.0,9832.9,0,0,0,0,0,0.0,0,0,0,0,0,0,0,0,0.0,0,0,0,0,0,0.0,0.0,0.0,0,0,0,33.1,0.0,0.0,0.0,0.0,24.8,63.4,99.97432989501954,10.069657526761294,37.80929415512085,36.103302147746085,23.193388053894044,1799.0,0.0,0.0,51.33281388308108,0.0,45.57405589906033,14.2,99.2,0.0,0.0,0.0,450.0,9832.9,0.0,0.0,72.418,1.008,73.426,16.268,1.041,72.385,emon,0.616,0.451,197.6,92.5,2.137
2026-09-17 22:10:06.795,21.9,0,84,9;48;2;84;0;47;0;0;0;59;0;0;2;70;22;8,1259,3891,3232;3301;1834;3891;1657;2088;2038;1994;1515;2289;1391;1340;1619;1975;1259;1448,100.0,0.0,9832.9,0,0,0,0,0,0.0,0,0,0,0,0,0,0,0,0.0,0,0,0,0,0,0.0,0.0,0.0,0,0,0,50.1,0.0,0.0,0.0,0.0,17.0,63.4,71.29585949579875,1.1844956213608384,21.995272656281788,19.18745115896066,3.413101512810196,1455.25,0.0,0.0,0.0,0.0,50.07304710103199,11.6,81.1,0.0,0.0,0.0,450.0,9248.8,0.0,0.0,72.418,1.008,73.426,16.268,1.041,72.385,emon,0.616,0.451,197.6,92.5,2.137
2026-09-17 22:10:07.795,17.3,0,71,3;58;2;48;0;45;0;0;0;71;0;0;2;39;5;5,1131,3327,3327;2278;2233;2468;1187;1410;1160;1173;1324;1572;1189;1131;1136;1482;1168;1240,0.0,0.0,1160.2,0,0,0,0,0,0.0,0,0,0,0,0,0,0,0,0.0,0,0,0,0,0,0.0,0.0,0.0,0,0,0,41.1,0.0,0.0,0.0,0.0,16.5,63.4,97.81794715294471,0.5780796786626944,17.006459181125347,13.483371678911723,2.053719053274164,1089.7692307692307,0.0,0.0,0.0,0.0,52.60171769628158,0.0,0.0,0.0,0.0,0.0,450.0,1160.2,0.0,0.0,72.418,1.008,73.426,16.268,1.041,72.385,emon,0.616,0.451,197.6,92.5,2.137
2026-09-17 22:10:08.796,22.0,0,78,12;58;6;62;0;69;0;0;0;28;0;0;9;78;18;9,1085,1911,1734;1875;1811;1806;1660;1510;1657;1747;1911;1245;1362;1510;1100;1215;1260;1085,0.6,0.0,1162.2,0,0,0,0,0,0.0,0,0,0,0,0,0,0,0,0.0,0,0,0,0,0,0.0,0.0,0.0,0,0,0,34.1,0.0,0.0,0.0,0.0,16.5,63.4,97.81794715294471,0.5780796786626944,17.006459181125347,13.483371678911723,2.053719053274164,1089.7692307692307,0.0,0.0,0.0,0.0,52.60171769628158,0.1,0.0,0.0,0.0,0.0,450.0,1162.2,0.0,0.0,72.418,1.008,73.426,16.268,1.041,72.385,emon,0.616,0.451,197.6,92.5,2.137
2026-09-17 22:10:09.796,21.5,0,75,11;56;2;38;0;75;0;0;0;58;2;0;2;61;25;16,1010,2780,2780;1757;1413;1717;1546;1519;1686;1801;1992;1383;1116;1579;1301;1127;1010;1011,0.5,0.0,1164.6,0,0,0,0,0,0.0,0,0,0,0,0,0,0,0,0.0,0,0,0,0,0,0.0,0.0,0.0,0,0,0,34.1,6.2,2.14,0.34,12.56,16.3,63.4,97.10320414667544,1.0646513088241867,18.94782905993254,16.08227817260701,1.7444050409426184,1094.6521739130435,0.0,0.0,0.0,0.0,48.071036178132765,0.2,0.0,0.0,0.0,0.0,450.0,1159.3,0.0,0.0,72.418,1.008,73.426,16.268,1.041,72.385,emon,0.616,0.451,197.6,92.5,2.137
2026-09-17 22:10:10.797,22.3,0,69,14;68;5;46;0;53;0;0;0;52;0;3;3;69;15;27,851,2072,2072;1836;1270;1697;1386;1484;1364;1397;851;1265;1145;853;910;1078;1131;1017,0.5,0.0,1164.6,0,0,0,0,0,0.0,0,0,0,0,0,0,0,0,0.0,0,0,0,0,0,0.0,0.0,0.0,0,0,0,35.1,6.2,2.14,0.34,12.56,16.3,63.4,98.3636778317965,0.5698832435569224,16.20792030600401,12.896007084216063,1.8934865190116956,1127.8461538461538,0.0,0.0,0.0,0.0,52.19093860685825,0.0,0.0,0.0,0.0,0.0,450.0,1164.6,0.0,0.0,72.418,1.008,73.426,16.268,1.041,72.385,emon,0.616,0.451,197.6,92.5,2.137
2026-09-17 22:10:11.797,21.8,0,89,5;45;5;52;0;89;0;0;0;31;0;0;5;60;33;24,1005,3180,3180;1800;1586;1877;1421;1472;1441;1425;1157;1280;1558;1135;1005;1185;1241;1149,1.3,0.0,1164.5,0,0,0,0,0,0.0,0,0,0,0,0,0,0,0,0.0,0,0,0,0,0,0.0,0.0,0.0,0,0,0,36.1,6.2,2.14,0.34,12.56,16.9,63.4,98.64227223950763,0.8369060470830909,20.591622779535694,18.344418620993924,3.9309714122900066,1158.3023255813953,0.0,0.0,0.0,0.0,51.4692645467991,0.1,0.0,0.0,0.0,0.0,450.0,1159.3,0.0,0.0,72.418,1.008,73.426,16.268,1.041,72.385,emon,0.616,0.451,197.6,92.5,2.137
2026-09-17 22:10:12.804,22.7,0,72,14;42;0;70;0;58;0;0;0;52;0;0;11;72;23;22,1125,2071,1622;1973;2071;1990;1367;1543;1454;1380;1225;1394;1426;1237;1125;1223;1205;1262,0.6,0.0,1636.6,0,0,0,0,0,0.0,0,0,0,0,0,0,0,0,0.0,0,0,0,0,0,0.0,0.0,0.0,0,0,0,36.1,6.2,2.14,0.34,12.56,17.6,63.4,97.80869211469378,0.9202812958974391,18.61761793068477,15.971078292599746,4.224491513605504,1177.5714285714287,0.0,0.0,0.0,0.0,50.22109513570155,0.1,0.0,0.0,0.0,0.0,450.0,1862.3,0.0,0.0,72.418,1.008,73.426,16.268,1.041,72.385,emon,0.616,0.451,197.6,92.5,2.137
2026-09-17 22:10:13.804,23.1,0,52,24;32;8;47;0;26;17;2;0;52;30;0;3;52;50;27,1155,2291,2051;1910;1540;2291;1388;1408;1332;1288;1441;1414;1425;1369;1155;1277;1166;1192,0.0,0.0,2480.5,0,0,0,0,0,0.0,0,0,0,0,0,0,0,0,0.0,0,0,0,0,0,0.0,0.0,0.0,0,0,0,35.1,3.65,0.01,0.32,6.42,18.2,63.4,97.80869211469378,0.9202812958974391,18.61761793068477,15.971078292599746,4.224491513605504,1177.5714285714287,0.0,0.0,0.0,0.0,50.22109513570155,0.0,0.0,0.0,0.0,0.0,450.0,2587.3,0.0,0.0,72.418,1.008,73.426,16.268,1.041,72.385,emon,0.616,0.451,197.6,92.5,2.137
2026-09-17 22:10:14.805,21.0,0,72,48;5;2;69;0;0;36;0;0;0;72;0;6;6;66;27,959,3926,1982;3926;3788;2135;1051;1026;1319;1149;1388;1379;1471;1454;998;959;1196;1365,0.0,0.0,3243.3,0,0,0,0,0,0.0,0,0,0,0,0,0,0,0,0.0,0,0,0,0,0,0.0,0.0,0.0,0,0,0,38.1,3.65,0.01,0.32,6.42,18.9,63.4,99.03367469424293,0.89188942526068,18.503425961449032,16.084867512895947,1.438145983102177,1199.0,0.0,0.0,0.0,0.0,52.71671468516191,0.1,0.0,0.0,0.0,0.0,450.0,3279.6,0.0,0.0,1.66,2.424,4.084,42.848,2.742,1.342,emon,0.937,0.973,28.0,22.5,1.245
2026-09-17 22:10:15.805,17.1,0,72,31;5;2;48;0;0;72;0;0;0;61;0;3;0;30;22,1148,2412,1688;2412;1306;1986;2151;1326;1484;1632;1166;1439;1458;1367;1148;1389;1292;1196,0.6,0.0,4123.9,0,0,0,0,0,0.0,0,0,0,0,0,0,0,0,0.0,0,0,0,0,0,0.0,0.0,0.0,0,0,0,34.1,3.65,0.01,0.32,6.42,19.5,63.4,98.5843240647089,0.8584918669158859,17.845132901555015,15.468281839575086,2.80672091313283,1149.0,0.0,0.0,0.0,0.0,52.699075439856166,0.1,0.0,0.0,0.0,0.0,450.0,4021.4,0.0,0.0,1.66,2.424,4.084,42.848,2.742,1.342,emon,0.937,0.973,28.0,22.5,1.245
2026-09-17 22:10:16.805,15.7,0,88,34;0;3;35;0;0;52;0;0;0;88;0;6;0;20;12,1081,2314,1989;2314;1746;2011;1676;1737;1468;1446;2055;2298;1533;1610;1113;1082;1465;1081,0.6,0.0,4123.9,0,0,0,0,0,0.0,0,0,0,0,0,0,0,0,0.0,0,0,0,0,0,0.0,0.0,0.0,0,0,0,36.1,3.65,0.01,0.32,6.42,20.2,63.4,96.29762013753255,1.020030578870016,19.97174309194088,17.073667698229354,3.1963692607193175,1136.5,0.0,0.0,0.0,0.0,50.230700834964715,0.1,0.0,0.0,0.0,0.0,450.0,4751.9,0.0,0.0,1.66,2.424,4.084,42.848,2.742,1.342,emon,0.937,0.973,28.0,22.5,1.245
2026-09-17 22:10:17.806,49.3,5,83,34;36;27;30;64;5;66;58;78;76;83;81;8;6;67;71,631,1750,1500;1513;1536;1750;689;703;734;691;635;631;717;644;1139;1026;1037;1052,0.7,0.0,5057.1,0,0,0,0,0,0.0,0,0,0,0,0,0,0,0,0.0,0,0,0,0,0,0.0,0.0,0.0,0,0,0,34.1,3.35,0.01,0.31,5.85,20.2,63.4,96.29762013753255,1.020030578870016,19.97174309194088,17.073667698229354,3.1963692607193175,1136.5,0.0,0.0,0.0,0.0,50.230700834964715,0.1,0.0,0.0,0.0,0.0,450.0,5057.1,0.0,0.0,1.66,2.424,4.084,42.848,2.742,1.342,emon,0.937,0.973,28.0,22.5,1.245
2026-09-17 22:10:18.807,46.0,3,86,17;19;23;30;52;34;55;48;80;80;73;86;3;20;54;62,621,1869,1615;1626;1682;1869;655;621;650;651;654;653;646;644;1013;1154;1032;1030,1.8,0.0,5054.1,0,0,0,0,0,0.0,0,0,0,0,0,0,0,0,0.0,0,0,0,0,0,0.0,0.0,0.0,0,0,0,33.1,3.35,0.01,0.31,5.85,20.2,63.4,96.13980272081163,0.3978662391503652,17.460082054138184,13.276470131344265,2.3207451734277935,990.6666666666666,0.0,0.0,0.0,0.0,50.27749510771699,0.2,0.0,0.0,0.0,0.0,450.0,5054.2,0.0,0.0,1.66,2.424,4.084,42.848,2.742,1.342,emon,0.937,0.973,28.0,22.5,1.245
2026-09-17 22:10:19.808,31.9,0,67,27;16;14;36;38;9;67;32;36;34;55;36;0;2;62;47,581,1977,1685;1504;1711;1977;831;610;1117;746;603;581;904;604;1082;1056;1182;1123,0.9,0.0,5054.3,0,0,0,0,0,0.0,0,0,0,0,0,0,0,0,0.0,0,0,0,0,0,0.0,0.0,0.0,0,0,0,34.1,3.35,0.01,0.31,5.85,20.1,63.4,98.15808000235722,0.4969437911503174,16.493138720987943,13.143290880958125,1.6078955493706824,1101.5862068965516,0.0,0.0,3.443731085493647,0.0,51.97078370963171,0.2,0.0,0.0,0.0,0.0,450.0,5043.0,0.0,0.0,1.66,2.424,4.084,42.848,2.742,1.342,emon,0.937,0.973,28.0,22.5,1.245
2026-09-17 22:10:20.808,10.4,0,71,14;2;0;34;0;0;71;0;0;0;25;0;0;0;14;6,956,1910,1910;1833;1326;1887;1392;1543;1604;1673;1198;1334;1343;1058;1198;956;1303;1088,0.1,0.0,5053.0,0,0,0,0,0,0.0,0,0,0,0,0,0,0,0,0.0,0,0,0,0,0,0.0,0.0,0.0,0,0,0,34.1,3.35,0.01,0.31,5.85,20.1,63.4,74.10479474748884,0.8676784804889134,19.54694496222905,16.825810923746655,2.8628712553797024,1161.857142857143,0.0,0.0,0.0,0.0,51.61707662152393,0.4,2.3,0.0,0.0,0.0,450.0,5053.0,0.0,0.0,1.66,2.424,4.084,42.848,2.742,1.342,emon,0.937,0.973,28.0,22.5,1.245
2026-09-17 22:10:21.809,15.5,2,62,23;6;5;27;3;2;62;6;5;2;44;9;10;8;22;16,686,3335,1726;2778;3335;1766;1371;1415;1529;1472;1085;686;1370;1330;973;1065;1147;1122,0.5,0.0,5059.4,0,0,0,0,0,0.0,0,0,0,0,0,0,0,0,0.0,0,0,0,0,0,0.0,0.0,0.0,0,0,0,33.1,2.72,0.04,0.31,4.94,20.1,63.4,74.10479474748884,0.8676784804889134,19.54694496222905,16.825810923746655,2.8628712553797024,1161.857142857143,0.0,0.0,0.0,0.0,51.61707662152393,0.1,0.0,0.0,0.0,0.0,450.0,5056.6,0.0,0.0,1.66,2.424,4.084,42.848,2.742,1.342,emon,0.937,0.973,28.0,22.5,1.245
2026-09-17 22:10:22.809,11.7,0,40,9;2;2;23;3;6;40;8;6;5;38;6;0;2;27;10,822,3218,1440;3218;1239;1789;1286;1315;1357;1261;982;822;1263;928;1106;980;1159;1075,0.5,0.0,5059.4,0,0,0,0,0,0.0,0,0,0,0,0,0,0,0,0.0,0,0,0,0,0,0.0,0.0,0.0,0,0,0,33.1,2.72,0.04,0.31,4.94,20.1,63.4,97.82946348190308,0.88871554879006,19.87929628044367,17.29075296362862,3.1215758274993277,1167.75,0.0,0.0,0.0,0.0,53.33336678426713,0.1,0.0,0.0,0.0,0.0,450.0,5059.4,0.0,0.0,1.66,2.424,4.084,42.848,2.742,1.342,emon,0.937,0.973,28.0,22.5,1.245
2026-09-17 22:10:23.810,23.4,8,66,36;23;8;31;14;9;31;9;11;11;66;15;18;14;45;32,1272,3339,2348;2695;3339;2737;1427;1427;1539;1468;1505;1377;1637;1587;1272;1319;1462;1286,1.4,0.0,5057.2,0,0,0,0,0,0.0,0,0,0,0,0,0,0,0,0.0,0,0,0,0,0,0.0,0.0,0.0,0,0,0,39.1,2.72,0.04,0.31,4.94,20.3,63.4,83.73134156117837,3.295866356922973,18.98640360881885,17.457123185197513,0.6381462942168582,1231.0833333333333,0.0,0.0,0.0,0.0,53.564711206941865,0.6,0.0,0.0,0.0,0.0,450.0,5278.9,0.0,0.0,1.66,2.424,4.084,42.848,2.742,1.342,emon,0.937,0.973,28.0,22.5,1.245
2026-09-17 22:10:24.810,15.2,0,58,28;17;3;44;0;0;31;0;2;0;35;3;8;2;58;12,1052,2057,1837;1867;2057;1990;1052;1086;1350;1143;1110;1182;1316;1675;1228;1196;1342;1284,9.1,0.0,5286.5,0,0,0,0,0,0.0,0,0,0,0,0,0,0,0,0.0,0,0,0,0,0,0.0,0.0,0.0,0,0,0,35.1,2.72,0.04,0.31,4.94,20.3,63.4,97.32739670212204,0.38586122500668235,9.424678578033104,7.681998891000812,0.6253474161400132,1135.036036036036,0.0,0.0,0.0,0.0,51.6354913790081,0.6,0.0,0.0,0.0,0.0,450.0,5287.5,0.0,0.0,1.66,2.424,4.084,42.848,2.742,1.342,emon,0.937,0.973,28.0,22.5,1.245
2026-09-17 22:10:25.811,19.0,0,76,41;26;8;48;0;0;28;0;0;0;49;8;8;3;76;9,1016,2139,1752;1940;2139;1814;1137;1016;1352;1232;1115;1124;1424;1122;1366;1236;1333;1312,25.6,0.0,5294.5,0,0,0,0,0,0.0,0,0,0,0,0,0,0,0,0.0,0,0,0,0,0,0.0,0.0,0.0,0,0,0,35.1,3.63,0.18,0.32,6.49,20.3,63.4,95.32495431851615,0.9686505461612782,7.105826509482969,5.158375885507782,0.7750839215802586,1605.8527918781726,0.0,0.0,22.580417407366923,0.0,34.83413418100546,7.7,51.9,0.0,0.0,0.0,450.0,5273.2,0.0,0.0,1.66,2.424,4.084,42.848,2.742,1.342,emon,0.937,0.973,28.0,22.5,1.245
2026-09-17 22:10:26.811,21.6,0,80,70;35;6;54;0;0;28;6;2;0;34;5;5;5;80;15,1023,2038,1604;1759;2038;1514;1130;1139;1162;1275;1023;1079;1158;1130;1154;1064;1318;1211,0.8,0.0,5262.3,0,0,0,0,0,0.0,0,0,0,0,0,0,0,0,0.0,0,0,0,0,0,0.0,0.0,0.0,0,0,0,35.1,3.63,0.18,0.32,6.49,20.3,63.4,100.00118283698895,3.908783587078604,25.168040538126707,21.520897820500508,19.49904764795596,1799.0,0.0,0.0,31.122802127622627,0.0,24.35253111588077,14.2,98.8,0.0,0.0,0.0,450.0,5262.3,0.0,0.0,1.66,2.424,4.084,42.848,2.742,1.342,emon,0.937,0.973,28.0,22.5,1.245
2026-09-17 22:10:27.812,22.8,0,94,52;57;14;48;0;0;31;2;2;0;40;5;11;3;94;8,1126,2076,1589;1523;2076;1703;1127;1126;1254;1320;1225;1137;1240;1380;1225;1244;1308;1234,0.9,0.0,5273.4,0,0,0,0,0,0.0,0,0,0,0,0,0,0,0,0.0,0,0,0,0,0,0.0,0.0,0.0,0,0,0,35.1,3.63,0.18,0.32,6.49,20.3,63.4,99.98364641413342,3.313475161306976,25.04022970296151,21.033327680944815,17.59880202442574,1799.0,0.0,0.0,33.33782255721367,0.0,28.42825021883338,14.2,98.6,0.0,0.0,0.0,450.0,5257.3,0.0,0.0,42.807,1.167,43.974,34.534,2.21,41.764,emon,0.898,0.866,95.8,46.9,2.044
2026-09-17 22:10:28.812,18.0,0,71,53;29;3;36;0;0;45;0;0;0;34;0;3;2;71;12,1104,1629,1629;1623;1245;1542;1179;1152;1284;1229;1105;1104;1257;1185;1177;1213;1263;1129,0.9,0.0,5273.4,0,0,0,0,0,0.0,0,0,0,0,0,0,0,0,0.0,0,0,0,0,0,0.0,0.0,0.0,0,0,0,35.1,3.63,0.18,0.32,6.49,20.3,63.4,77.89878437679205,1.5232262300855632,15.582432165964326,12.451990673679914,7.933873711963777,1519.5223880597016,0.0,0.0,12.859691167754162,0.0,39.09561073698395,11.9,79.5,0.0,0.0,0.0,450.0,5228.2,0.0,0.0,42.807,1.167,43.974,34.534,2.21,41.764,emon,0.898,0.866,95.8,46.9,2.044
2026-09-17 22:10:29.813,12.8,0,64,29;5;5;34;0;0;64;0;0;0;32;0;0;0;35;2,974,3180,1520;3180;1505;1700;1204;1318;1434;2323;1308;1158;1329;1704;1022;974;1246;1075,100.0,0.0,5215.9,0,0,0,0,0,0.0,0,0,0,0,0,0,0,0,0.0,0,0,0,0,0,0.0,0.0,0.0,0,0,0,33.1,3.22,6.97,0.38,17.45,20.3,63.4,65.16767227406405,0.15082864183932543,5.447439699756856,3.14001311148916,0.6815241657741539,1143.8979591836735,0.0,0.0,0.0,0.0,50.076504303104414,0.3,0.0,0.0,0.0,0.0,450.0,5212.8,0.0,0.0,42.807,1.167,43.974,34.534,2.21,41.764,emon,0.898,0.866,95.8,46.9,2.044
2026-09-17 22:10:30.813,12.7,0,63,29;5;0;28;0;0;63;0;0;0;26;2;5;2;41;3,1011,2786,1618;2786;1790;1743;1520;1293;1408;1478;1130;1143;1289;1810;1168;1011;1170;1029,2.6,0.0,5212.2,0,0,0,0,0,0.0,0,0,0,0,0,0,0,0,0.0,0,0,0,0,0,0.0,0.0,0.0,0,0,0,33.1,3.22,6.97,0.38,17.45,20.3,63.4,75.39908119097147,0.08511298915294752,4.190974511512338,1.586422453392042,0.4191409039170775,1118.1780821917807,0.0,0.0,0.0,0.0,50.81547542345034,0.3,0.0,0.0,0.0,0.0,450.0,5212.2,0.0,0.0,42.807,1.167,43.974,34.534,2.21,41.764,emon,0.898,0.866,95.8,46.9,2.044
2026-09-17 22:10:31.814,16.3,0,68,35;17;6;28;2;0;28;2;8;6;27;6;8;3;68;17,905,1760,1753;1646;1317;1760;934;905;1330;1074;1071;1062;1272;1005;1198;1244;1264;1190,4.0,0.0,5246.6,0,0,0,0,0,0.0,0,0,0,0,0,0,0,0,0.0,0,0,0,0,0,0.0,0.0,0.0,0,0,0,34.1,3.22,6.97,0.38,17.45,20.3,63.4,97.50301862444196,0.00870157541441066,1.2860665994031089,0.5594889138426099,0.07184383017676217,1064.0,0.0,0.0,0.0,0.0,50.25416116586754,0.4,0.0,0.0,0.0,0.0,450.0,5246.6,0.0,0.0,42.807,1.167,43.974,34.534,2.21,41.764,emon,0.898,0.866,95.8,46.9,2.044
2026-09-17 22:10:32.814,12.4,0,61,34;6;2;26;0;0;22;0;0;0;36;6;5;0;61;2,1154,2459,1718;2273;2459;1857;1233;1403;1257;1397;1469;1253;1244;1345;1199;1212;1333;1154,2.1,0.0,5228.7,0,0,0,0,0,0.0,0,0,0,0,0,0,0,0,0.0,0,0,0,0,0,0.0,0.0,0.0,0,0,0,33.1,3.22,6.97,0.38,17.45,20.3,63.4,97.91769843008004,0.24825349374555564,5.967178958011608,4.533233281188443,0.5851534711146801,1085.2745098039215,0.0,0.0,0.0,0.0,53.33412293271691,0.3,0.0,0.0,0.0,0.0,450.0,5229.8,0.0,0.0,42.807,1.167,43.974,34.534,2.21,41.764,emon,0.898,0.866,95.8,46.9,2.044
2026-09-17 22:10:33.815,15.0,0,70,33;20;8;32;0;0;19;0;0;0;31;8;8;5;70;8,1126,2509,1784;2042;2081;2509;1433;1347;1373;1513;1611;1374;1311;1172;1126;1502;1543;1494,2.1,0.0,5228.7,0,0,0,0,0,0.0,0,0,0,0,0,0,0,0,0.0,0,0,0,0,0,0.0,0.0,0.0,0,0,0,35.1,2.31,0.04,0.31,4.8,21.6,63.4,97.84872378473696,0.08064414271274986,3.905245980490809,2.18177543969258,0.6684802615124247,1126.1739130434783,0.0,0.0,0.0,0.0,52.521563020737275,2.4,3.1,0.0,0.0,0.0,450.0,5830.0,0.0,0.0,42.807,1.167,43.974,34.534,2.21,41.764,emon,0.898,0.866,95.8,46.9,2.044
2026-09-17 22:10:34.815,20.6,0,93,37;42;11;28;0;0;23;6;6;0;36;5;20;2;93;20,890,2546,1794;1826;2257;2546;895;890;1154;1110;945;905;1175;1063;1277;1324;1462;1863,26.4,0.0,6031.7,0,0,0,0,0,0.0,0,0,0,0,0,0,0,0,0.0,0,0,0,0,0,0.0,0.0,0.0,0,0,0,33.1,2.31,0.04,0.31,4.8,25.3,63.4,66.52575599938108,0.4326599975557704,4.834997093468382,2.9866807680380973,0.06197081447431916,1255.140350877193,0.0,0.0,0.0,0.0,49.24544209973854,1.1,5.6,0.0,0.0,0.0,450.0,6033.2,0.0,0.0,42.807,1.167,43.974,34.534,2.21,41.764,emon,0.898,0.866,95.8,46.9,2.044
2026-09-17 22:10:35.816,25.9,0,95,37;39;12;51;0;0;45;9;2;3;49;20;8;2;95;43,897,2824,1802;1829;2151;2824;905;897;947;973;1001;914;1188;1165;1249;1302;1451;1568,2.9,0.0,10932.4,0,0,0,0,0,0.0,0,0,0,0,0,0,0,0,0.0,0,0,0,0,0,0.0,0.0,0.0,0,0,0,41.1,2.31,0.04,0.31,4.8,25.8,63.4,99.99186216081891,72.91751679857927,5.775215404374259,78.09590901647296,0.0008438023505732417,1802.5714285714287,0.0,0.0,78.66533746543739,0.0,7.255286170435803,14.4,99.0,0.0,0.0,0.0,450.0,10898.1,0.0,0.0,42.807,1.167,43.974,34.534,2.21,41.764,emon,0.898,0.866,95.8,46.9,2.044
2026-09-17 22:10:36.817,22.4,0,78,38;22;5;34;0;0;53;0;3;0;56;8;31;12;78;17,865,2056,1552;1623;2056;1631;870;865;920;872;1134;1120;1311;1109;990;1188;1064;989,0.3,0.0,10899.9,0,0,0,0,0,0.0,0,0,0,0,0,0,0,0,0.0,0,0,0,0,0,0.0,0.0,0.0,0,0,0,42.1,2.31,0.04,0.31,4.8,25.8,63.4,99.99685808507408,25.902061269368705,22.104420532540576,37.596630593807234,1.953726272797212,1849.0,0.0,0.0,54.99427904554064,0.0,43.07514672906464,14.3,99.5,0.0,0.0,0.0,450.0,10899.9,0.0,0.0,42.807,1.167,43.974,34.534,2.21,41.764,emon,0.898,0.866,95.8,46.9,2.044
2026-09-17 22:10:37.817,16.8,0,78,16;11;0;17;0;0;78;2;0;0;54;0;23;11;49;8,906,1769,1758;1620;1250;1769;913;906;1172;1160;1115;1035;1301;1368;1074;1117;1153;985,0.0,0.0,10899.9,0,0,0,0,0,0.0,0,0,0,0,0,0,0,0,0.0,0,0,0,0,0,0.0,0.0,0.0,0,0,0,41.1,3.88,13.76,0.33,21.63,25.8,63.4,100.00278260972765,39.06816807472043,13.448263592190212,50.74510273668501,2.64702056590209,1849.0,0.0,0.0,58.55014404809723,0.0,41.91526101900753,14.3,99.7,0.0,0.0,0.0,450.0,10899.9,0.0,0.0,42.807,1.167,43.974,34.534,2.21,41.764,emon,0.898,0.866,95.8,46.9,2.044
2026-09-17 22:10:38.818,15.4,0,64,8;5;3;25;0;0;63;0;0;0;64;5;14;3;35;23,789,2246,1773;2246;1433;1806;1106;1123;1169;1098;1130;1048;1215;1079;844;789;938;881,0.0,0.0,10903.1,0,0,0,0,0,0.0,0,0,0,0,0,0,0,0,0.0,0,0,0,0,0,0.0,0.0,0.0,0,0,0,43.1,3.88,13.76,0.33,21.63,25.8,63.4,100.00000069358133,92.00400335138494,7.995996431870894,99.54388635808772,0.0,1849.0,0.0,0.0,100.00000069358133,0.0,0.0,14.3,99.8,0.0,0.0,0.0,450.0,10903.1,0.0,0.0,42.807,1.167,43.974,34.534,2.21,41.764,emon,0.898,0.866,95.8,46.9,2.044
2026-09-17 22:10:39.818,14.9,0,62,18;3;2;23;0;0;62;2;0;0;61;0;14;8;37;10,797,1807,1620;1807;1237;1653;1041;1049;1099;820;1282;1230;1296;1317;839;797;924;831,0.0,0.0,10903.1,0,0,0,0,0,0.0,0,0,0,0,0,0,0,0,0.0,0,0,0,0,0,0.0,0.0,0.0,0,0,0,43.1,3.88,13.76,0.33,21.63,25.8,63.4,100.00000208074397,75.21084456010298,24.590297308835115,93.19385424527255,0.31204659288579767,1844.4545454545455,0.0,0.0,100.00000069358133,0.0,0.0,14.3,99.8,0.0,0.0,0.0,450.0,10903.1,0.0,0.0,17.278,4.165,21.443,33.755,2.16,19.283,emon,0.618,0.656,93.3,72.8,1.281
2026-09-17 22:10:40.818,15.0,0,59,15;3;0;11;0;0;59;2;3;0;56;0;6;12;49;22,868,1923,1672;1225;1287;1796;1128;1197;1225;1289;1923;1205;1328;1084;868;950;968;1091,0.4,0.0,10901.6,0,0,0,0,0,0.0,0,0,0,0,0,0,0,0,0.0,0,0,0,0,0,0.0,0.0,0.0,0,0,0,40.1,3.88,13.76,0.33,21.63,25.8,63.4,100.00176696777343,32.035341560468076,22.692633271217346,48.31819593049586,1.1665320327114386,1847.75,0.0,0.0,57.61425034706481,0.0,37.7672319907093,14.3,99.7,0.0,0.0,0.0,450.0,10901.6,0.0,0.0,17.278,4.165,21.443,33.755,2.16,19.283,emon,0.618,0.656,93.3,72.8,1.281
2026-09-17 22:10:41.819,14.5,0,68,11;3;3;16;0;0;68;0;0;0;42;2;18;2;41;27,788,1636,1564;1636;1154;1606;1229;1199;1289;1230;1037;963;1142;923;788;837;999;802,0.3,0.0,10901.6,0,0,0,0,0,0.0,0,0,0,0,0,0,0,0,0.0,0,0,0,0,0,0.0,0.0,0.0,0,0,0,42.1,1.69,24.14,0.33,29.71,25.8,63.4,100.01138354362325,37.760268396995166,13.670419206010534,49.040636774073256,1.7341781681839457,1849.0,0.0,0.0,61.80398820933113,0.0,38.597983575918256,14.3,99.8,0.0,0.0,0.0,450.0,10901.6,0.0,0.0,17.278,4.165,21.443,33.755,2.16,19.283,emon,0.618,0.656,93.3,72.8,1.281
2026-09-17 22:10:42.819,17.0,0,72,27;3;2;19;0;0;72;2;0;0;70;3;8;8;45;14,883,1813,1571;1813;1251;1766;1259;1289;1291;1201;928;1209;1327;890;939;883;945;966,0.6,0.0,10894.6,0,0,0,0,0,0.0,0,0,0,0,0,0,0,0,0.0,0,0,0,0,0,0.0,0.0,0.0,0,0,0,41.1,1.69,24.14,0.33,29.71,25.8,63.4,100.00489562691995,22.584519690173924,22.21370759982507,37.19322809837397,2.336228284611837,1809.6796116504854,0.0,0.0,55.47981911586616,0.0,45.063914895383206,14.3,99.5,0.0,0.0,0.0,450.0,10894.6,0.0,0.0,17.278,4.165,21.443,33.755,2.16,19.283,emon,0.618,0.656,93.3,72.8,1.281
2026-09-17 22:10:43.820,16.7,0,52,11;18;2;35;0;0;33;20;0;0;52;29;27;3;20;18,804,1743,1474;1743;1678;1719;1078;1114;1043;1244;1174;1337;1496;1485;804;805;951;901,0.2,0.0,10894.7,0,0,0,0,0,0.0,0,0,0,0,0,0,0,0,0.0,0,0,0,0,0,0.0,0.0,0.0,0,0,0,38.1,1.69,24.14,0.33,29.71,25.8,63.4,99.99494864723899,34.19525720903819,16.650942013480446,47.63096491531892,1.4452990405409516,1799.0,0.0,0.0,60.10417834155431,0.0,40.32252769639784,14.3,99.5,0.0,0.0,0.0,450.0,10894.6,0.0,0.0,17.278,4.165,21.443,33.755,2.16,19.283,emon,0.618,0.656,93.3,72.8,1.281
2026-09-17 22:10:44.820,15.9,0,79,0;18;2;25;0;0;0;55;0;0;0;79;28;12;8;28,837,2917,2917;1663;1320;1648;1064;946;888;1116;1410;1410;1399;1368;837;930;927;903,0.0,0.0,10899.5,0,0,0,0,0,0.0,0,0,0,0,0,0,0,0,0.0,0,0,0,0,0,0.0,0.0,0.0,0,0,0,40.1,1.69,24.14,0.33,29.71,25.8,63.4,99.99945203719601,26.520738367712305,22.962755953111955,37.736363689985964,1.132924429749349,1799.0,0.0,0.0,56.5722453588049,0.0,40.69431202684368,14.3,99.8,0.0,0.0,0.0,450.0,10899.5,0.0,0.0,17.278,4.165,21.443,33.755,2.16,19.283,emon,0.618,0.656,93.3,72.8,1.281
2026-09-17 22:10:45.821,14.9,0,75,3;14;0;20;0;0;0;59;0;0;0;75;14;5;11;36,713,1673,1673;1672;713;1118;1502;1132;1109;1101;1336;1370;1300;1436;778;929;898;900,0.0,0.0,10899.5,0,0,0,0,0,0.0,0,0,0,0,0,0,0,0,0.0,0,0,0,0,0,0.0,0.0,0.0,0,0,0,39.1,1.74,23.55,0.33,28.85,25.8,63.4,99.9994308779938,24.30987080512098,19.980124107514968,39.9142185142546,2.077886067041563,1799.0,0.0,0.0,54.66877814598683,0.0,45.82786555098443,14.3,99.6,0.0,0.0,0.0,450.0,10894.8,0.0,0.0,17.278,4.165,21.443,33.755,2.16,19.283,emon,0.618,0.656,93.3,72.8,1.281
2026-09-17 22:10:46.821,19.1,0,73,2;11;0;29;10;5;6;73;6;6;3;73;20;12;14;34,898,1664,1565;1601;1104;1278;1114;898;908;1047;1594;1664;1387;1355;937;1042;1033;1003,0.4,0.0,10895.0,0,0,0,0,0,0.0,0,0,0,0,0,0,0,0,0.0,0,0,0,0,0,0.0,0.0,0.0,0,0,0,38.1,1.74,23.55,0.33,28.85,25.8,63.4,99.98627014160157,44.49941547938756,14.581062684740338,56.6437434060233,2.8809776951691934,1799.0,0.0,0.0,65.77805576010473,0.0,34.56953829920832,14.3,99.6,0.0,0.0,0.0,450.0,10895.0,0.0,0.0,17.278,4.165,21.443,33.755,2.16,19.283,emon,0.618,0.656,93.3,72.8,1.281
2026-09-17 22:10:47.822,15.9,0,75,5;25;2;28;0;0;3;75;0;0;6;58;15;6;0;31,816,1941,1941;1534;1829;1367;1256;1210;816;1160;1435;1321;1183;1313;838;909;915;932,0.3,0.0,10897.1,0,0,0,0,0,0.0,0,0,0,0,0,0,0,0,0.0,0,0,0,0,0,0.0,0.0,0.0,0,0,0,40.1,1.74,23.55,0.33,28.85,25.7,63.4,99.99999791925603,92.06963556463069,7.930358279835094,99.5357367775657,0.0,1799.0,0.0,0.0,99.99999791925603,0.0,0.0,14.3,99.7,0.0,0.0,0.0,450.0,10897.1,0.0,0.0,17.278,4.165,21.443,33.755,2.16,19.283,emon,0.618,0.656,93.3,72.8,1.281
2026-09-17 22:10:48.825,16.2,0,82,5;20;0;26;0;0;0;82;0;0;0;55;22;5;5;40,865,2006,1707;1444;1600;920;1366;1439;1511;1385;1767;1765;2006;1173;865;1018;876;981,0.1,0.0,10901.0,0,0,0,0,0,0.0,0,0,0,0,0,0,0,0,0.0,0,0,0,0,0,0.0,0.0,0.0,0,0,0,39.1,1.74,23.55,0.33,28.85,25.7,63.4,99.98902364877554,42.01407610453092,25.857774055921116,56.30747516338642,0.737741022155835,1799.0,0.0,0.0,69.27263442254983,0.0,31.022994906319163,14.3,99.8,0.0,0.0,0.0,450.0,10901.0,0.0,0.0,17.278,4.165,21.443,33.755,2.16,19.283,emon,0.618,0.656,93.3,72.8,1.281
2026-09-17 22:10:49.826,15.3,0,81,5;25;2;26;0;5;0;81;8;0;0;54;12;3;0;25,798,2379,2379;1592;1620;1566;1072;1201;1114;1236;874;1536;951;1203;827;798;924;929,0.0,0.0,10898.9,0,0,0,0,0,0.0,0,0,0,0,0,0,0,0,0.0,0,0,0,0,0,0.0,0.0,0.0,0,0,0,39.1,1.79,23.01,0.33,28.68,25.7,63.4,99.99520395914713,29.728785190110404,18.3451615190506,40.829519240061444,2.0188972711376847,1799.0,0.0,0.0,56.118111457076544,0.0,41.70936607625743,14.3,99.7,0.0,0.0,0.0,450.0,10898.9,0.0,0.0,17.278,4.165,21.443,33.755,2.16,19.283,emon,0.618,0.656,93.3,72.8,1.281
2026-09-17 22:10:50.827,16.3,0,75,5;15;2;20;3;2;3;75;0;0;0;51;20;18;16;31,813,1795,1551;1614;1193;1795;824;964;1261;1208;1094;1080;1134;1274;813;899;864;930,0.0,0.0,10898.9,0,0,0,0,0,0.0,0,0,0,0,0,0,0,0,0.0,0,0,0,0,0,0.0,0.0,0.0,0,0,0,40.1,1.79,23.01,0.33,28.68,25.7,63.4,100.00483907063803,74.078577987353,10.277087465922039,83.52964413960775,0.9434917762254675,1799.0,0.0,0.0,86.69787831654152,0.0,13.449309303874422,14.3,99.6,0.0,0.0,0.0,450.0,10902.0,0.0,0.0,17.278,4.165,21.443,33.755,2.16,19.283,emon,0.618,0.656,93.3,72.8,1.281
2026-09-17 22:10:51.827,14.9,0,83,3;6;0;12;8;0;0;83;0;0;0;42;14;29;5;36,843,2033,1576;1321;2033;1583;1184;1806;1068;1221;1144;1175;1156;1240;853;843;946;1052,0.0,0.0,10902.0,0,0,0,0,0,0.0,0,0,0,0,0,0,0,0,0.0,0,0,0,0,0,0.0,0.0,0.0,0,0,0,40.1,1.79,23.01,0.33,28.68,25.7,63.4,99.99999791925603,72.70673439719461,27.08148158680309,92.00272473421964,0.32353000221998873,1808.090909090909,0.0,0.0,99.99999791925603,0.0,0.0,14.3,99.7,0.0,0.0,0.0,450.0,10902.0,0.0,0.0,17.301,4.197,21.499,12.135,0.777,20.722,emon,0.604,0.573,91.2,77.3,1.18
2026-09-17 22:10:52.857,16.0,0,78,8;22;2;21;2;0;0;76;0;0;0;78;12;3;4;29,786,2004,2004;1524;1986;1589;1637;1208;1207;1255;1198;1203;1213;1291;925;786;991;1030,0.4,0.0,10898.1,0,0,0,0,0,0.0,0,0,0,0,0,0,0,0,0.0,0,0,0,0,0,0.0,0.0,0.0,0,0,0,41.1,1.58,23.27,0.33,28.43,25.7,63.4,99.99999791925603,75.64411102641712,24.338697736913506,97.77177706631747,0.08340331762288274,1830.8181818181818,0.0,0.0,99.99999791925603,0.0,0.0,14.3,99.6,0.0,0.0,0.0,450.0,10898.1,0.0,0.0,17.301,4.197,21.499,12.135,0.777,20.722,emon,0.604,0.573,91.2,77.3,1.18
2026-09-17 22:10:53.857,15.6,0,70,6;22;2;17;10;0;0;67;0;0;0;70;16;2;3;36,866,2243,2243;1595;2052;1739;1088;1111;1133;1202;1265;1199;1205;1395;905;866;921;927,0.4,0.0,10892.8,0,0,0,0,0,0.0,0,0,0,0,0,0,0,0,0.0,0,0,0,0,0,0.0,0.0,0.0,0,0,0,42.1,1.58,23.27,0.33,28.43,25.7,63.4,100.0530488420241,23.092967795208097,19.651519188786498,32.21013419278482,1.9459232287619743,1833.6534653465346,0.0,0.0,51.61005034228086,0.0,48.90068685850845,14.3,99.4,0.0,0.0,0.0,450.0,10892.8,0.0,0.0,17.301,4.197,21.499,12.135,0.777,20.722,emon,0.604,0.573,91.2,77.3,1.18
2026-09-17 22:10:54.858,16.0,0,82,3;6;0;20;3;0;2;69;3;0;0;82;19;14;12;24,813,2766,2766;1757;2256;1778;1245;1104;813;1079;847;1114;1200;1343;1017;827;954;980,0.2,0.0,10898.1,0,0,0,0,0,0.0,0,0,0,0,0,0,0,0,0.0,0,0,0,0,0,0.0,0.0,0.0,0,0,0,42.1,1.58,23.27,0.33,28.43,25.7,63.4,99.99999791925603,72.45635474811901,27.330402070825752,91.83729241111062,0.337812802835701,1835.3636363636363,0.0,0.0,99.99999791925603,0.0,0.0,14.3,99.8,0.0,0.0,0.0,450.0,10898.1,0.0,0.0,17.301,4.197,21.499,12.135,0.777,20.722,emon,0.604,0.573,91.2,77.3,1.18
2026-09-17 22:10:55.859,16.4,0,68,6;19;0;23;11;0;0;45;0;0;0;68;28;18;10;34,777,2425,2425;1638;1153;1779;1223;1141;1208;1039;1250;1223;1688;1370;821;777;901;811,0.0,0.0,10898.1,0,0,0,0,0,0.0,0,0,0,0,0,0,0,0,0.0,0,0,0,0,0,0.0,0.0,0.0,0,0,0,41.1,1.58,23.27,0.33,28.43,25.7,63.4,99.99999861283736,90.8969990123402,9.102991407567805,98.54393698952414,0.0,1849.0,0.0,0.0,99.99999930641867,0.0,0.0,14.3,99.8,0.0,0.0,0.0,450.0,10898.1,0.0,0.0,17.301,4.197,21.499,12.135,0.777,20.722,emon,0.604,0.573,91.2,77.3,1.18
2026-09-17 22:10:56.860,16.6,0,66,2;38;5;27;2;0;0;54;0;0;0;66;29;12;5;27,823,2520,2520;1499;1059;1536;865;1091;1046;1094;1277;1284;1149;1266;823;843;845;872,0.0,0.0,10898.1,0,0,0,0,0,0.0,0,0,0,0,0,0,0,0,0.0,0,0,0,0,0,0.0,0.0,0.0,0,0,0,42.1,1.74,24.45,0.33,29.97,25.7,63.4,100.00000069358133,91.49016709761186,8.509831948713822,99.45642575350675,0.0,1849.0,0.0,0.0,100.00000069358133,0.0,0.0,14.3,99.7,0.0,0.0,0.0,450.0,10898.0,0.0,0.0,17.301,4.197,21.499,12.135,0.777,20.722,emon,0.604,0.573,91.2,77.3,1.18
2026-09-17 22:10:57.860,15.6,0,86,2;23;2;26;6;0;0;86;2;0;0;56;14;0;2;33,783,2455,2027;1708;2455;1666;1213;1195;1229;1331;1489;1132;1290;1221;783;792;916;901,0.0,0.0,10898.0,0,0,0,0,0,0.0,0,0,0,0,0,0,0,0,0.0,0,0,0,0,0,0.0,0.0,0.0,0,0,0,41.1,1.74,24.45,0.33,29.97,25.7,63.4,100.00584093729655,18.526808154424845,22.026423911253612,31.525770019962994,1.8652604630454637,1829.7291666666667,0.0,0.0,51.70036754069952,0.0,47.32792804521464,14.3,99.4,0.0,0.0,0.0,450.0,10897.6,0.0,0.0,17.301,4.197,21.499,12.135,0.777,20.722,emon,0.604,0.573,91.2,77.3,1.18
2026-09-17 22:10:58.861,16.2,0,86,0;18;0;23;5;0;0;86;0;0;0;66;9;2;23;28,906,2303,2303;1693;1596;1781;1264;1440;1476;1221;1205;1263;1289;1346;906;944;953;1096,0.5,0.0,10897.6,0,0,0,0,0,0.0,0,0,0,0,0,0,0,0,0.0,0,0,0,0,0,0.0,0.0,0.0,0,0,0,39.1,1.74,24.45,0.33,29.97,25.7,63.4,99.99713757573342,27.2508810423568,15.468468448742717,38.13788767615143,1.968250574331832,1836.7551020408164,0.0,0.0,53.86227845819984,0.0,46.632383883512844,14.3,99.5,0.0,0.0,0.0,450.0,10897.6,0.0,0.0,17.301,4.197,21.499,12.135,0.777,20.722,emon,0.604,0.573,91.2,77.3,1.18
2026-09-17 22:10:59.861,15.3,0,78,0;23;2;17;5;0;0;78;0;0;0;43;19;27;3;28,711,2810,2810;1569;711;1563;1207;1071;1314;1321;1244;1159;1177;1314;842;752;890;911,0.4,0.0,10902.9,0,0,0,0,0,0.0,0,0,0,0,0,0,0,0,0.0,0,0,0,0,0,0.0,0.0,0.0,0,0,0,41.1,1.74,24.45,0.33,29.97,25.7,63.4,100.0000015258789,91.59060211181641,8.403390645980835,99.52382736206054,0.00024444900918751955,1799.0,0.0,0.0,100.00000076293945,0.0,0.0,14.3,99.8,0.0,0.0,0.0,450.0,10898.9,0.0,0.0,17.301,4.197,21.499,12.135,0.777,20.722,emon,0.604,0.573,91.2,77.3,1.18
2026-09-17 22:11:00.861,16.7,0,69,3;27;2;19;2;0;0;69;0;0;0;52;19;18;18;39,853,1570,1491;1570;1314;1426;889;1210;1222;1355;1147;1130;1071;1268;918;946;978;853,0.3,0.0,10893.5,0,0,0,0,0,0.0,0,0,0,0,0,0,0,0,0.0,0,0,0,0,0,0.0,0.0,0.0,0,0,0,40.1,1.74,24.45,0.33,29.97,25.7,63.4,99.99707458958481,22.226570558536686,25.739835912531074,38.99978924610398,2.8256801811378063,1799.0,0.0,0.0,57.71027872640865,0.0,42.80322982452129,14.3,99.8,0.0,0.0,0.0,450.0,10898.9,0.0,0.0,17.301,4.197,21.499,12.135,0.777,20.722,emon,0.604,0.573,91.2,77.3,1.18
2026-09-17 22:11:01.862,15.6,0,84,3;18;0;28;0;0;0;84;2;0;0;61;15;9;5;23,726,2408,2238;1095;2408;1302;1296;1087;1087;1306;914;1186;1172;1218;784;726;864;830,0.3,0.0,10893.5,0,0,0,0,0,0.0,0,0,0,0,0,0,0,0,0.0,0,0,0,0,0,0.0,0.0,0.0,0,0,0,39.1,1.74,24.45,0.33,29.97,25.7,63.4,100.04026508980057,23.572096680734482,19.291351201582927,35.882151823566886,2.0331920514066963,1799.0,0.0,0.0,51.140982864812635,0.0,47.378428937556976,14.3,99.5,0.0,0.0,0.0,450.0,10893.5,0.0,0.0,17.301,4.197,21.499,12.135,0.777,20.722,emon,0.604,0.573,91.2,77.3,1.18
2026-09-17 22:11:02.863,15.5,0,78,5;17;0;27;5;2;0;78;2;0;0;66;12;5;3;28,792,2855,1831;1769;2855;1486;922;928;1163;1319;981;988;1019;1220;792;792;937;832,0.2,0.0,10895.3,0,0,0,0,0,0.0,0,0,0,0,0,0,0,0,0.0,0,0,0,0,0,0.0,0.0,0.0,0,0,0,40.1,1.74,24.45,0.33,29.97,25.7,63.4,100.00003754465203,40.21672572705307,18.890547764928716,53.3293340739451,1.433598312396115,1799.0,0.0,0.0,63.22878797151344,0.0,37.141109782115564,14.3,99.5,0.0,0.0,0.0,450.0,10895.3,0.0,0.0,17.301,4.197,21.499,12.135,0.777,20.722,emon,0.604,0.573,91.2,77.3,1.18
2026-09-17 22:11:03.863,16.0,0,84,3;22;2;29;0;0;0;38;0;0;0;84;29;8;0;42,821,2345,2328;1741;2345;1637;1131;1385;1199;1161;1146;1324;1324;1372;821;917;901;978,0.2,0.0,10900.6,0,0,0,0,0,0.0,0,0,0,0,0,0,0,0,0.0,0,0,0,0,0,0.0,0.0,0.0,0,0,0,40.1,1.74,24.45,0.33,29.97,25.7,63.4,99.99450994420934,43.52107828082862,21.55734720936528,60.155347188313804,2.0969315083294298,1799.0,0.0,0.0,70.43686517107265,0.0,29.87448287286868,14.3,99.8,0.0,0.0,0.0,450.0,10900.6,0.0,0.0,17.362,4.27,21.632,14.614,0.935,20.697,emon,0.624,0.609,91.4,61.7,1.48
2026-09-17 22:11:04.864,16.7,0,72,5;21;9;22;0;0;3;57;0;0;0;72;19;16;5;39,797,2246,1194;1481;1352;1732;1179;947;1344;1144;1594;2246;1511;1355;797;1033;1001;982,0.4,0.0,10898.9,0,0,0,0,0,0.0,0,0,0,0,0,0,0,0,0.0,0,0,0,0,0,0.0,0.0,0.0,0,0,0,40.1,0.0,0.0,0.0,0.0,25.7,63.4,100.00648251385756,32.32893840375711,13.338011305097123,42.74764208936355,1.2634527618820486,1799.0,0.0,0.0,57.87041001604267,0.0,44.013916567663074,14.3,99.6,0.0,0.0,0.0,450.0,10900.6,0.0,0.0,17.362,4.27,21.632,14.614,0.935,20.697,emon,0.624,0.609,91.4,61.7,1.48
2026-09-17 22:11:05.864,15.4,0,74,2;15;0;20;0;0;0;74;0;0;0;71;6;5;15;38,807,2511,1464;1695;2511;1692;1136;1150;1160;1180;1110;1057;1036;1343;1126;807;1000;1118,0.5,0.0,10893.6,0,0,0,0,0,0.0,0,0,0,0,0,0,0,0,0.0,0,0,0,0,0,0.0,0.0,0.0,0,0,0,40.1,0.0,0.0,0.0,0.0,25.7,63.4,99.96728501138809,23.173618983247472,18.97083313631106,35.007616473904136,1.6980209422498187,1799.0,0.0,0.0,51.387726060472886,0.0,47.20320677934156,14.3,99.5,0.0,0.0,0.0,450.0,10893.6,0.0,0.0,17.362,4.27,21.632,14.614,0.935,20.697,emon,0.624,0.609,91.4,61.7,1.48
2026-09-17 22:11:06.865,15.8,0,78,2;19;0;20;0;0;0;66;0;0;0;78;20;6;11;31,809,2088,2088;1669;1587;1711;1064;1063;1095;1082;1649;1293;1290;1448;844;809;970;1039,0.3,0.0,10893.7,0,0,0,0,0,0.0,0,0,0,0,0,0,0,0,0.0,0,0,0,0,0,0.0,0.0,0.0,0,0,0,40.1,0.0,0.0,0.0,0.0,25.7,63.4,100.05160537643812,18.407279812628914,22.45827537219026,31.415831406540537,1.9187813427642282,1808.452736318408,0.0,0.0,51.877246337952045,0.0,47.6497732643414,14.3,99.5,0.0,0.0,0.0,450.0,10893.6,0.0,0.0,17.362,4.27,21.632,14.614,0.935,20.697,emon,0.624,0.609,91.4,61.7,1.48
2026-09-17 22:11:07.865,16.4,0,75,5;22;0;24;2;0;0;75;0;0;0;59;11;20;19;27,845,2356,2010;1676;2356;1713;1116;1168;1274;1210;1102;1349;1194;1290;891;845;877;1016,0.3,0.0,10893.7,0,0,0,0,0,0.0,0,0,0,0,0,0,0,0,0.0,0,0,0,0,0,0.0,0.0,0.0,0,0,0,41.1,0.0,0.0,0.0,0.0,25.7,63.4,99.99453138268512,56.34587678701981,12.064888062684432,66.47085579581882,1.694206470684351,1799.0,0.0,0.0,73.98004260424362,0.0,26.30329613650911,14.3,99.4,0.0,0.0,0.0,450.0,10893.7,0.0,0.0,17.362,4.27,21.632,14.614,0.935,20.697,emon,0.624,0.609,91.4,61.7,1.48
2026-09-17 22:11:08.865,15.7,0,84,0;22;0;16;0;0;0;84;0;0;0;51;23;10;16;30,752,1975,1756;1665;1975;1812;1363;1320;1355;1410;1288;1145;1147;1214;818;752;882;874,0.0,0.0,10899.0,0,0,0,0,0,0.0,0,0,0,0,0,0,0,0,0.0,0,0,0,0,0,0.0,0.0,0.0,0,0,0,41.1,1.85,22.93,0.33,28.57,25.7,63.4,100.0,92.16421508789062,7.830725366419012,99.51400201970881,0.00019426523199812934,1799.0,0.0,0.0,99.99999930641867,0.0,0.0,14.3,99.8,0.0,0.0,0.0,450.0,10899.0,0.0,0.0,17.362,4.27,21.632,14.614,0.935,20.697,emon,0.624,0.609,91.4,61.7,1.48
2026-09-17 22:11:09.866,15.8,0,80,8;27;3;18;0;0;0;80;0;0;0;60;11;5;9;31,784,2366,2125;1786;2150;1769;2366;1606;1563;1425;1154;1149;1138;1150;799;784;960;865,0.0,0.0,10898.8,0,0,0,0,0,0.0,0,0,0,0,0,0,0,0,0.0,0,0,0,0,0,0.0,0.0,0.0,0,0,0,40.1,1.85,22.93,0.33,28.57,25.7,63.4,99.98528024214733,22.12603149891395,19.55545081669771,33.199189359345766,1.828166401449921,1842.987341772152,0.0,0.0,51.394819844972425,0.0,47.39284077958085,14.3,99.8,0.0,0.0,0.0,450.0,10899.0,0.0,0.0,17.362,4.27,21.632,14.614,0.935,20.697,emon,0.624,0.609,91.4,61.7,1.48
2026-09-17 22:11:10.867,15.2,0,78,2;19;0;22;0;0;0;78;0;0;0;60;14;20;6;23,844,1815,1702;1572;1675;1815;1065;979;957;1268;1096;1100;1089;1146;844;954;930;907,0.5,0.0,10897.5,0,0,0,0,0,0.0,0,0,0,0,0,0,0,0,0.0,0,0,0,0,0,0.0,0.0,0.0,0,0,0,41.1,1.85,22.93,0.33,28.57,25.7,63.4,99.99481771280477,27.286662280262746,19.07916950393509,40.98973254646574,2.324019345178545,1799.0,0.0,0.0,52.83159453973461,0.0,45.45277135310044,14.3,99.5,0.0,0.0,0.0,450.0,10893.5,0.0,0.0,17.362,4.27,21.632,14.614,0.935,20.697,emon,0.624,0.609,91.4,61.7,1.48
2026-09-17 22:11:11.867,15.5,0,70,5;28;0;25;2;0;0;70;0;0;0;51;23;12;5;29,847,2426,1661;1674;2426;1828;1254;1384;1403;1361;2305;1536;1614;1352;847;855;871;927,0.5,0.0,10893.5,0,0,0,0,0,0.0,0,0,0,0,0,0,0,0,0.0,0,0,0,0,0,0.0,0.0,0.0,0,0,0,41.1,1.85,22.93,0.33,28.57,25.7,63.4,100.00221825926096,25.48984112340532,18.63965307626148,36.37509623789947,1.8494251211026946,1841.6174496644296,0.0,0.0,53.13574343530349,0.0,46.73401713096836,14.3,99.6,0.0,0.0,0.0,450.0,10897.5,0.0,0.0,17.362,4.27,21.632,14.614,0.935,20.697,emon,0.624,0.609,91.4,61.7,1.48
2026-09-17 22:11:12.867,16.8,0,72,2;24;0;34;0;0;0;64;0;0;0;72;19;11;9;34,780,2214,1852;1716;2214;1804;1519;1134;1146;1291;1369;1403;1446;1308;780;820;919;894,0.1,0.0,10898.8,0,0,0,0,0,0.0,0,0,0,0,0,0,0,0,0.0,0,0,0,0,0,0.0,0.0,0.0,0,0,0,41.1,2.02,23.56,0.33,29.44,25.7,63.4,100.01592854091099,57.05692241021565,25.80285906791687,76.12764712742397,1.6181383015822834,1845.4285714285713,0.0,0.0,85.73808141904217,0.0,14.404863609642884,14.3,99.5,0.0,0.0,0.0,450.0,10893.5,0.0,0.0,17.362,4.27,21.632,14.614,0.935,20.697,emon,0.624,0.609,91.4,61.7,1.48
2026-09-17 22:11:13.919,15.0,0,42,9;10;2;16;36;0;0;41;42;0;0;32;22;15;2;13,792,2491,1191;1770;2491;1571;978;1061;1119;1317;1347;1209;1175;1214;842;792;934;858,0.1,0.0,10898.8,0,0,0,0,0,0.0,0,0,0,0,0,0,0,0,0.0,0,0,0,0,0,0.0,0.0,0.0,0,0,0,42.1,2.02,23.56,0.33,29.44,25.7,63.4,100.00000138716264,88.98949571089311,11.00512526252053,98.25859485973011,1.4671784976433793e-06,1849.0,0.0,0.0,100.0,0.0,0.0,14.3,99.8,0.0,0.0,0.0,450.0,10898.8,0.0,0.0,17.362,4.27,21.632,14.614,0.935,20.697,emon,0.624,0.609,91.4,61.7,1.48
2026-09-17 22:11:14.920,14.8,0,66,14;0;0;20;66;0;0;0;57;0;0;2;28;18;15;16,728,3364,1682;3364;1390;1771;1294;1361;1189;1353;1167;1167;1195;871;788;778;792;728,0.0,0.0,10898.7,0,0,0,0,0,0.0,0,0,0,0,0,0,0,0,0.0,0,0,0,0,0,0.0,0.0,0.0,0,0,0,42.1,2.02,23.56,0.33,29.44,25.7,63.4,100.00546337309338,33.885009774339515,21.82502250728153,49.78156595215911,1.5350789524548287,1840.6666666666667,0.0,0.0,59.627949397035295,0.0,36.04342285883515,14.3,99.6,0.0,0.0,0.0,450.0,10898.7,0.0,0.0,17.362,4.27,21.632,14.614,0.935,20.697,emon,0.624,0.609,91.4,61.7,1.48
2026-09-17 22:11:15.920,15.0,0,74,8;0;2;21;62;0;0;0;74;0;3;0;38;14;12;5,989,2322,1842;2322;1676;1875;1159;1324;1191;1492;1296;1355;1083;1256;990;1089;989;1100,0.2,0.0,10898.8,0,0,0,0,0,0.0,0,0,0,0,0,0,0,0,0.0,0,0,0,0,0,0.0,0.0,0.0,0,0,0,40.1,2.02,23.56,0.33,29.44,25.7,63.4,100.00140029037554,19.478319699634735,22.483737566928173,33.21043929998121,2.0843647016926217,1832.678756476684,0.0,0.0,52.457973853067294,0.0,47.57186314490413,14.3,99.9,0.0,0.0,0.0,450.0,10898.7,0.0,0.0,17.11,4.121,21.231,9.739,0.623,20.608,emon,0.617,0.62,90.3,69.6,1.298
2026-09-17 22:11:16.921,15.5,0,78,18;0;0;30;64;2;0;0;78;0;0;0;27;22;6;2,785,1895,1895;1889;1294;1799;1185;845;1219;1257;1364;1359;1497;1525;1005;966;907;785,0.3,0.0,10898.8,0,0,0,0,0,0.0,0,0,0,0,0,0,0,0,0.0,0,0,0,0,0,0.0,0.0,0.0,0,0,0,41.1,1.74,24.19,0.33,29.42,25.7,63.4,99.99539235432943,46.62821631083886,12.881104000409444,57.626774191856384,1.9635659757535904,1820.6666666666667,0.0,0.0,66.75508542023599,0.0,33.61495884439525,14.3,99.4,0.0,0.0,0.0,450.0,10893.5,0.0,0.0,17.11,4.121,21.231,9.739,0.623,20.608,emon,0.617,0.62,90.3,69.6,1.298
2026-09-17 22:11:17.921,16.0,0,83,19;3;0;30;75;2;0;0;83;0;0;0;27;11;3;3,779,1597,1597;1098;1102;1569;1349;818;1477;988;1305;1354;1163;1226;828;824;923;779,0.6,0.0,10894.4,0,0,0,0,0,0.0,0,0,0,0,0,0,0,0,0.0,0,0,0,0,0,0.0,0.0,0.0,0,0,0,41.1,1.74,24.19,0.33,29.42,25.7,63.4,100.00329408191499,35.5093805785217,12.582818848746163,45.07710341423277,1.319405895048043,1818.8412698412699,0.0,0.0,58.837666573682945,0.0,41.59050616954176,14.3,99.8,0.0,0.0,0.0,450.0,10898.8,0.0,0.0,17.11,4.121,21.231,9.739,0.623,20.608,emon,0.617,0.62,90.3,69.6,1.298
2026-09-17 22:11:18.922,15.6,0,80,15;2;0;27;80;0;0;2;63;0;0;0;32;22;8;0,864,1949,1727;1949;1279;1588;1386;1680;1356;991;1205;1031;1297;1252;896;874;882;864,0.3,0.0,10893.4,0,0,0,0,0,0.0,0,0,0,0,0,0,0,0,0.0,0,0,0,0,0,0.0,0.0,0.0,0,0,0,39.1,1.74,24.19,0.33,29.42,25.7,63.4,99.99844354482798,24.726212378448018,18.969064666674686,36.405370117609316,1.7062469539374154,1812.076923076923,0.0,0.0,53.19347520047226,0.0,45.770556124701635,14.3,99.5,0.0,0.0,0.0,450.0,10894.4,0.0,0.0,17.11,4.121,21.231,9.739,0.623,20.608,emon,0.617,0.62,90.3,69.6,1.298
2026-09-17 22:11:19.922,15.7,0,86,23;0;0;25;86;3;0;0;67;3;0;0;28;3;3;9,809,1549,1458;1549;1315;1500;1417;1268;1366;1199;1182;1010;1090;1100;903;867;940;809,0.3,0.0,10893.4,0,0,0,0,0,0.0,0,0,0,0,0,0,0,0,0.0,0,0,0,0,0,0.0,0.0,0.0,0,0,0,40.1,1.74,24.19,0.33,29.42,25.7,63.4,100.00412953694662,23.27707066091502,18.151546125279534,34.78380262847576,1.6244582033302222,1799.0,0.0,0.0,51.78402002884023,0.0,48.18294357503582,14.3,99.5,0.0,0.0,0.0,450.0,10893.4,0.0,0.0,17.11,4.121,21.231,9.739,0.623,20.608,emon,0.617,0.62,90.3,69.6,1.298
2026-09-17 22:11:20.923,16.0,0,74,27;2;2;20;73;0;0;0;74;0;0;0;25;22;11;2,801,2902,1777;2902;1618;1802;1449;1404;1529;1356;1257;1383;1375;1571;819;801;898;808,0.2,0.0,10893.4,0,0,0,0,0,0.0,0,0,0,0,0,0,0,0,0.0,0,0,0,0,0,0.0,0.0,0.0,0,0,0,40.1,1.91,22.89,0.33,28.68,25.7,63.4,99.99612180648312,23.7680894167523,17.239672066063008,34.78834701890266,1.913033841037622,1810.5591397849462,0.0,0.0,52.27775214142817,0.0,47.704889021546606,14.3,99.4,0.0,0.0,0.0,450.0,10893.4,0.0,0.0,17.11,4.121,21.231,9.739,0.623,20.608,emon,0.617,0.62,90.3,69.6,1.298
2026-09-17 22:11:21.923,15.6,0,76,22;9;2;22;76;2;0;0;56;0;0;0;31;9;14;6,808,2221,1488;2221;1607;1710;1252;1301;1451;1285;1326;1560;1351;1307;1004;949;1013;808,0.1,0.0,10893.6,0,0,0,0,0,0.0,0,0,0,0,0,0,0,0,0.0,0,0,0,0,0,0.0,0.0,0.0,0,0,0,39.1,1.91,22.89,0.33,28.68,25.7,63.4,100.01208190917968,58.950220855077106,24.700480461120605,76.8038569132487,0.7286988820919457,1809.0,0.0,0.0,86.700323491171,0.0,13.445578166464596,14.3,99.4,0.0,0.0,0.0,450.0,10893.6,0.0,0.0,17.11,4.121,21.231,9.739,0.623,20.608,emon,0.617,0.62,90.3,69.6,1.298
2026-09-17 22:11:22.924,14.8,0,78,18;3;0;18;53;3;0;2;78;0;0;0;24;8;8;20,819,2732,1601;2055;2732;1858;1187;929;1007;819;1222;1217;1147;1179;1162;850;897;1010,0.3,0.0,10898.9,0,0,0,0,0,0.0,0,0,0,0,0,0,0,0,0.0,0,0,0,0,0,0.0,0.0,0.0,0,0,0,40.1,1.91,22.89,0.33,28.68,25.7,63.4,99.93299462761678,21.220694263682137,20.427035832908793,32.762969070337185,1.6680856565912057,1799.0,0.0,0.0,51.54307907904354,0.0,48.27677779125906,14.3,99.7,0.0,0.0,0.0,450.0,10898.9,0.0,0.0,17.11,4.121,21.231,9.739,0.623,20.608,emon,0.617,0.62,90.3,69.6,1.298
2026-09-17 22:11:23.924,16.6,0,70,35;2;2;28;52;5;0;0;70;0;0;0;36;6;17;14,819,2318,1493;1738;1855;1549;1254;1098;1167;1102;1496;2318;1676;1560;1118;819;886;1064,100.0,0.0,10894.5,0,0,0,0,0,0.0,0,0,0,0,0,0,0,0,0.0,0,0,0,0,0,0.0,0.0,0.0,0,0,0,32.1,1.91,22.89,0.33,28.68,25.7,63.4,99.37676749600993,10.506124188446186,30.53965769011479,27.434957132109307,12.673825518927195,1799.0,0.0,0.0,50.787027109945015,0.0,46.338315637269176,14.3,99.4,0.0,0.0,0.0,450.0,10893.6,0.0,0.0,17.11,4.121,21.231,9.739,0.623,20.608,emon,0.617,0.62,90.3,69.6,1.298
2026-09-17 22:11:24.926,17.2,0,52,48;17;3;30;31;3;0;0;48;0;0;0;52;23;15;5,912,2026,1579;1613;2026;1774;1187;1666;1207;1786;1419;1654;1828;1582;1102;1046;912;945,100.0,0.0,10898.0,0,0,0,0,0,0.0,0,0,0,0,0,0,0,0,0.0,0,0,0,0,0,0.0,0.0,0.0,0,0,0,31.1,2.1,17.77,0.35,25.24,25.7,63.4,98.37721426236003,9.215619868459997,38.16502456471586,36.79336370109466,23.625407045086224,1799.0,0.0,0.0,51.86555323954018,0.0,43.46691767074487,14.2,99.4,0.0,0.0,0.0,450.0,10894.6,0.0,0.0,17.11,4.121,21.231,9.739,0.623,20.608,emon,0.617,0.62,90.3,69.6,1.298
2026-09-17 22:11:25.926,16.8,0,53,43;11;5;44;36;3;0;0;53;0;0;0;52;11;9;2,539,1734,1504;1734;539;1617;1239;1086;1052;967;1429;1292;1195;1321;1105;965;1146;708,100.0,0.0,10898.0,0,0,0,0,0,0.0,0,0,0,0,0,0,0,0,0.0,0,0,0,0,0,0.0,0.0,0.0,0,0,0,31.1,2.1,17.77,0.35,25.24,25.7,63.4,100.00903950315534,7.085119990180388,37.06783724734277,31.611888339122135,25.96879290270083,1799.0,0.0,0.0,51.65444860162185,0.0,48.13270510618801,14.2,99.4,0.0,0.0,0.0,450.0,10898.0,0.0,0.0,17.11,4.121,21.231,9.739,0.623,20.608,emon,0.617,0.62,90.3,69.6,1.298
2026-09-17 22:11:26.927,17.3,0,82,41;8;0;43;52;2;0;0;82;0;3;0;31;6;9;0,825,2476,1658;2475;2476;1864;1319;1821;1169;1208;1525;1397;1328;1309;884;825;883;884,0.3,0.0,10807.0,0,0,0,0,0,0.0,0,0,0,0,0,0,0,0,0.0,0,0,0,0,0,0.0,0.0,0.0,0,0,0,32.1,2.1,17.77,0.35,25.24,25.7,63.4,99.31656200765705,10.45916712115914,40.04477081538962,37.623337709110416,24.727127996896453,1799.0,0.0,0.0,52.64786468742402,0.0,45.03606503769371,14.3,99.5,0.0,0.0,0.0,450.0,10807.0,0.0,0.0,17.11,4.121,21.231,9.739,0.623,20.608,emon,0.617,0.62,90.3,69.6,1.298
2026-09-17 22:11:27.928,16.8,0,72,45;2;6;37;72;0;0;0;45;0;0;0;27;25;3;6,895,2674,1589;2098;2674;1845;1461;1329;1248;1305;1306;1434;1309;1246;1018;1055;927;895,0.1,0.0,10807.1,0,0,0,0,0,0.0,0,0,0,0,0,0,0,0,0.0,0,0,0,0,0,0.0,0.0,0.0,0,0,0,33.1,2.1,17.77,0.35,25.24,25.7,63.4,99.39707961754921,9.333739352842363,39.37831159738394,35.468440759544954,23.41600302516077,1799.0,0.0,0.0,52.6832010473053,0.0,47.20058059238827,14.2,99.1,0.0,0.0,0.0,450.0,10807.1,0.0,0.0,67.47,0.942,68.412,14.781,0.946,67.466,emon,0.612,0.437,213.5,100.0,2.135
2026-09-17 22:11:28.929,17.9,0,78,40;9;4;37;78;5;0;0;41;0;0;0;36;12;19;5,879,2857,1462;2423;2857;1688;1424;1226;1507;1408;1396;2464;1460;1419;1002;905;972;879,0.3,0.0,10808.1,0,0,0,0,0,0.0,0,0,0,0,0,0,0,0,0.0,0,0,0,0,0,0.0,0.0,0.0,0,0,0,32.1,2.96,9.53,0.39,20.64,25.7,63.4,99.93687265569514,7.30878174987932,31.574965544722296,27.257676197498135,18.00234239164627,1799.0,0.0,0.0,50.125429186763036,0.0,48.45966744469816,14.2,99.3,0.0,0.0,0.0,450.0,10807.2,0.0,0.0,67.47,0.942,68.412,14.781,0.946,67.466,emon,0.612,0.437,213.5,100.0,2.135
2026-09-17 22:11:29.930,19.2,2,81,41;8;2;45;81;5;2;3;36;3;2;2;55;5;16;3,841,2243,1363;2243;1187;1510;1493;1430;1970;1527;1274;966;907;1142;1046;1113;939;841,50.7,0.0,10811.0,0,0,0,0,0,0.0,0,0,0,0,0,0,0,0,0.0,0,0,0,0,0,0.0,0.0,0.0,0,0,0,32.1,2.96,9.53,0.39,20.64,25.7,63.4,100.0001456968246,11.601746259197112,48.04763767796178,45.49227301536068,32.887891515368416,1799.0,0.0,0.0,67.78065867776111,0.0,32.54396368168372,14.2,99.3,0.0,0.0,0.0,450.0,10808.1,0.0,0.0,67.47,0.942,68.412,14.781,0.946,67.466,emon,0.612,0.437,213.5,100.0,2.135
2026-09-17 22:11:30.931,15.6,0,61,31;2;2;48;61;3;0;0;39;0;0;0;48;12;5;0,1007,2785,1830;2785;1355;1762;1390;1199;1300;1309;1204;1168;1183;1139;1034;1062;1036;1007,50.7,0.0,10811.0,0,0,0,0,0,0.0,0,0,0,0,0,0,0,0,0.0,0,0,0,0,0,0.0,0.0,0.0,0,0,0,34.1,2.96,9.53,0.39,20.64,25.7,63.4,97.84039284529224,8.29440400931203,37.595589751197444,33.78706964718238,22.18069967737181,1799.0,0.0,0.0,51.720121378289356,0.0,43.88614377690042,14.3,99.6,0.0,0.0,0.0,450.0,10811.0,0.0,0.0,67.47,0.942,68.412,14.781,0.946,67.466,emon,0.612,0.437,213.5,100.0,2.135
2026-09-17 22:11:31.931,16.5,0,62,46;8;5;39;62;0;0;0;48;0;0;0;28;11;11;6,846,2660,1863;2660;1221;1825;1430;1867;1273;1275;1326;1103;1157;1170;1004;960;967;846,47.8,0.0,10807.0,0,0,0,0,0,0.0,0,0,0,0,0,0,0,0,0.0,0,0,0,0,0,0.0,0.0,0.0,0,0,0,33.1,2.96,9.53,0.39,20.64,25.7,63.4,98.754407080393,8.29346976820478,37.12225790692385,33.89138010609402,22.8366953307201,1799.0,0.0,0.0,50.93671030542818,0.0,46.031168769012936,14.2,99.0,0.0,0.0,0.0,450.0,10807.0,0.0,0.0,67.47,0.942,68.412,14.781,0.946,67.466,emon,0.612,0.437,213.5,100.0,2.135
2026-09-17 22:11:32.932,17.8,0,54,42;11;6;54;36;2;0;0;42;2;0;0;50;15;21;4,812,2046,2046;1868;1811;1920;1362;2023;979;812;1359;1100;1222;1166;1149;1046;1005;918,0.3,0.0,10807.0,0,0,0,0,0,0.0,0,0,0,0,0,0,0,0,0.0,0,0,0,0,0,0.0,0.0,0.0,0,0,0,34.1,2.93,9.23,0.39,20.06,25.7,63.4,99.99516326453298,7.692544029075927,40.33898379884917,35.291264970722644,25.686617943233458,1799.0,0.0,0.0,51.85146030159254,0.0,47.70745433728136,14.2,99.1,0.0,0.0,0.0,450.0,10807.0,0.0,0.0,67.47,0.942,68.412,14.781,0.946,67.466,emon,0.612,0.437,213.5,100.0,2.135
2026-09-17 22:11:33.989,17.5,0,60,39;9;3;45;36;11;0;0;60;0;0;0;50;13;14;0,940,2517,1670;1976;2517;1896;1231;1150;1784;1193;1454;1830;1835;2080;1227;1160;940;1241,0.2,0.0,10761.6,0,0,0,0,0,0.0,0,0,0,0,0,0,0,0,0.0,0,0,0,0,0,0.0,0.0,0.0,0,0,0,34.1,2.93,9.23,0.39,20.06,25.0,63.4,99.9999902898615,18.331747965379193,72.74902690540661,69.94705755060369,53.80995663729581,1799.0,0.0,0.0,100.00000485506925,0.0,0.0,14.3,99.3,0.0,0.0,0.0,450.0,10807.0,0.0,0.0,67.47,0.942,68.412,14.781,0.946,67.466,emon,0.612,0.437,213.5,100.0,2.135
2026-09-17 22:11:34.990,16.4,0,66,50;6;0;34;45;0;0;0;66;0;0;0;38;11;9;3,848,2001,1486;2001;1301;1687;1286;1349;1252;1221;1415;1395;1476;1294;987;848;856;886,100.0,0.0,9770.7,0,0,0,0,0,0.0,0,0,0,0,0,0,0,0,0.0,0,0,0,0,0,0.0,0.0,0.0,0,0,0,33.1,2.93,9.23,0.39,20.06,25.0,63.4,98.276329530252,9.270728035888693,37.79228461755289,35.045429710332336,23.194031823556536,1799.0,0.0,0.0,52.37894906339378,0.0,42.98878692047681,14.3,99.7,0.0,0.0,0.0,450.0,9769.6,0.0,0.0,67.47,0.942,68.412,14.781,0.946,67.466,emon,0.612,0.437,213.5,100.0,2.135
2026-09-17 22:11:35.991,17.7,0,67,49;17;3;31;46;0;0;0;67;2;0;0;32;12;21;3,895,1638,1537;1365;1258;1638;1308;1574;1099;1123;1444;1304;1173;1292;989;895;1020;1243,100.0,0.0,9771.6,0,0,0,0,0,0.0,0,0,0,0,0,0,0,0,0.0,0,0,0,0,0,0.0,0.0,0.0,0,0,0,33.1,2.93,9.23,0.39,20.06,25.0,63.4,99.19754530865214,10.574956492488475,36.329234561712845,35.41580308753511,22.50205771908488,1799.0,0.0,0.0,51.45662980421001,0.0,44.11389857954759,14.2,99.4,0.0,0.0,0.0,450.0,9770.7,0.0,0.0,67.47,0.942,68.412,14.781,0.946,67.466,emon,0.612,0.437,213.5,100.0,2.135
2026-09-17 22:11:36.992,15.5,0,58,31;6;2;38;30;0;0;0;58;0;0;0;45;14;11;15,838,2234,1822;2234;2166;1777;1277;1208;1181;1189;1365;1618;1505;1192;927;855;838;868,100.0,0.0,9771.6,0,0,0,0,0,0.0,0,0,0,0,0,0,0,0,0.0,0,0,0,0,0,0.0,0.0,0.0,0,0,0,32.1,3.02,9.57,0.39,20.9,24.8,63.4,100.00072784423828,11.302430605888366,43.23613831003507,41.97032564934343,27.675856591264406,1799.0,0.0,0.0,56.770571366262935,0.0,42.150753036798356,14.3,99.6,0.0,0.0,0.0,450.0,9771.6,0.0,0.0,67.47,0.942,68.412,14.781,0.946,67.466,emon,0.612,0.437,213.5,100.0,2.135
2026-09-17 22:11:38.040,18.3,0,66,46;11;2;43;66;3;3;0;36;0;0;0;49;15;17;3,732,1902,1523;1594;732;1771;1484;1483;1531;1902;1274;1449;1507;1452;1016;1022;846;809,0.0,0.0,9770.5,0,0,0,0,0,0.0,0,0,0,0,0,0,0,0,0.0,0,0,0,0,0,0.0,0.0,0.0,0,0,0,32.1,3.02,9.57,0.39,20.9,24.8,63.4,98.47237491203566,8.093595528312154,41.59138096894248,37.0751584900259,28.080073487960686,1799.0,0.0,0.0,53.485543154436556,0.0,44.46116749884488,14.3,99.8,0.0,0.0,0.0,450.0,9770.5,0.0,0.0,67.47,0.942,68.412,14.781,0.946,67.466,emon,0.612,0.437,213.5,100.0,2.135
2026-09-17 22:11:39.041,17.0,0,68,37;6;2;46;68;0;0;0;48;2;0;0;31;20;8;5,1030,2475,1744;2475;2116;1619;1495;1575;2241;1706;1183;1030;1189;1105;1048;1138;1031;1223,100.0,0.0,9764.2,0,0,0,0,0,0.0,0,0,0,0,0,0,0,0,0.0,0,0,0,0,0,0.0,0.0,0.0,0,0,0,33.1,3.02,9.57,0.39,20.9,24.8,63.4,99.25719304275513,9.678229930885136,39.113555654525754,33.810036958932876,22.404358210086823,1799.0,0.0,0.0,53.71848651179671,0.0,44.41073890092323,14.2,99.2,0.0,0.0,0.0,450.0,9764.2,0.0,0.0,67.47,0.942,68.412,14.781,0.946,67.466,emon,0.612,0.437,213.5,100.0,2.135
2026-09-17 22:11:40.043,17.0,0,80,36;6;2;45;80;0;0;0;34;0;0;0;44;12;14;0,894,2320,1564;2193;1979;1650;1544;2320;1607;1528;1226;1433;1088;1095;1026;972;894;919,0.3,0.0,9764.1,0,0,0,0,0,0.0,0,0,0,0,0,0,0,0,0.0,0,0,0,0,0,0.0,0.0,0.0,0,0,0,32.1,3.02,9.57,0.39,20.9,24.7,63.4,99.52839350827875,9.802365573053372,36.87168961030277,34.41659167552377,23.487360759234843,1799.0,0.0,0.0,49.88182315827014,0.0,49.260518839581636,14.2,99.3,0.0,0.0,0.0,450.0,9764.3,0.0,0.0,70.313,0.914,71.227,16.696,1.069,70.158,emon,0.605,0.454,206.7,97.0,2.132
2026-09-17 22:11:41.044,17.0,0,53,44;11;2;38;53;6;0;0;39;0;2;0;42;3;17;16,914,1999,1641;1701;1615;1481;1309;1120;1282;1164;1268;1999;914;1021;1116;956;1033;1246,0.4,0.0,9768.0,0,0,0,0,0,0.0,0,0,0,0,0,0,0,0,0.0,0,0,0,0,0,0.0,0.0,0.0,0,0,0,31.1,2.86,9.44,0.39,20.35,24.7,63.4,97.09624387300931,10.818988544608539,41.019076580267686,39.61871234614115,25.61203219798895,1799.0,0.0,0.0,55.49159954462487,0.0,38.83331023448731,14.2,99.3,0.0,0.0,0.0,450.0,9765.1,0.0,0.0,70.313,0.914,71.227,16.696,1.069,70.158,emon,0.605,0.454,206.7,97.0,2.132
2026-09-17 22:11:42.046,18.4,0,58,34;9;3;53;58;2;0;0;49;0;0;0;46;17;21;2,763,2443,1476;1954;1433;1461;1390;1526;2023;1561;1289;2014;1970;2443;1155;940;989;763,100.0,0.0,9767.0,0,0,0,0,0,0.0,0,0,0,0,0,0,0,0,0.0,0,0,0,0,0,0.0,0.0,0.0,0,0,0,31.1,2.86,9.44,0.39,20.35,24.7,63.4,98.46209698392634,9.416814031667615,36.491915267810484,34.32592904306295,24.557166107913904,1799.0,0.0,0.0,56.23903996126498,0.0,40.80420151041999,14.2,99.4,0.0,0.0,0.0,450.0,9768.0,0.0,0.0,70.313,0.914,71.227,16.696,1.069,70.158,emon,0.605,0.454,206.7,97.0,2.132
2026-09-17 22:11:43.047,16.2,0,75,22;11;0;36;50;0;0;0;75;0;0;0;49;8;8;2,824,1825,1507;1576;1712;1583;1352;1367;1356;1181;1432;1825;1323;1150;1090;879;975;824,100.0,0.0,9767.0,0,0,0,0,0,0.0,0,0,0,0,0,0,0,0,0.0,0,0,0,0,0,0.0,0.0,0.0,0,0,0,31.1,2.86,9.44,0.39,20.35,24.7,63.4,99.1534825861454,10.561447798058257,40.05659032905741,37.95014469179192,23.55905503673213,1799.0,0.0,0.0,53.68834427433363,0.0,44.150821539363406,14.3,99.5,0.0,0.0,0.0,450.0,9767.0,0.0,0.0,70.313,0.914,71.227,16.696,1.069,70.158,emon,0.605,0.454,206.7,97.0,2.132
2026-09-17 22:11:44.048,17.6,0,42,29;24;11;28;13;23;3;0;27;37;0;0;21;42;19;5,859,1804,1400;1508;1598;1804;1458;1224;1266;1143;1455;1467;1247;1235;895;942;859;859,60.3,0.0,9765.3,0,0,0,0,0,0.0,0,0,0,0,0,0,0,0,0.0,0,0,0,0,0,0.0,0.0,0.0,0,0,0,32.1,2.86,9.44,0.39,20.35,24.7,63.4,99.42007476296918,10.144763084144556,37.81981404142818,35.7805174670514,24.27860502744543,1799.0,0.0,0.0,51.86253055500472,0.0,46.947673718324744,14.2,99.3,0.0,0.0,0.0,450.0,9765.3,0.0,0.0,70.313,0.914,71.227,16.696,1.069,70.158,emon,0.605,0.454,206.7,97.0,2.132
2026-09-17 22:11:45.049,16.8,0,52,5;52;6;41;0;49;3;0;0;44;0;0;3;42;9;15,910,2043,2043;1694;1436;1256;1007;1281;1541;1194;1165;1385;1129;1157;910;1067;915;994,0.0,0.0,9765.4,0,0,0,0,0,0.0,0,0,0,0,0,0,0,0,0.0,0,0,0,0,0,0.0,0.0,0.0,0,0,0,33.1,2.46,9.21,0.39,19.6,24.7,63.4,99.39446249940342,10.788028725100807,37.58953263078417,36.02626734176525,22.652463400894007,1799.0,0.0,0.0,50.51086983311557,0.0,46.43929782938435,14.2,99.3,0.0,0.0,0.0,450.0,9765.4,0.0,0.0,70.313,0.914,71.227,16.696,1.069,70.158,emon,0.605,0.454,206.7,97.0,2.132
2026-09-17 22:11:46.107,17.0,0,70,3;34;0;29;0;40;0;0;0;70;0;0;9;52;17;18,849,1627,1612;1360;1626;1627;1167;1319;1151;1174;1326;1458;1622;1290;1093;1071;1076;849,0.5,0.0,9768.4,0,0,0,0,0,0.0,0,0,0,0,0,0,0,0,0.0,0,0,0,0,0,0.0,0.0,0.0,0,0,0,32.1,2.46,9.21,0.39,19.6,24.7,63.4,99.99565756661552,10.747593218939645,48.86733801705497,44.86170253753662,33.403224556786675,1799.0,0.0,0.0,65.80435337583934,0.0,34.58313450379033,14.3,99.7,0.0,0.0,0.0,450.0,9765.3,0.0,0.0,70.313,0.914,71.227,16.696,1.069,70.158,emon,0.605,0.454,206.7,97.0,2.132
2026-09-17 22:11:47.107,27.8,5,64,14;52;11;50;5;38;18;16;14;61;18;13;14;64;42;17,727,1999,1656;1529;1999;1590;811;1145;994;1024;980;1295;1067;1056;727;974;964;751,100.0,0.0,9767.4,0,0,0,0,0,0.0,0,0,0,0,0,0,0,0,0.0,0,0,0,0,0,0.0,0.0,0.0,0,0,0,33.1,2.46,9.21,0.39,19.6,24.7,63.4,99.99766843459186,9.396829432794167,34.980416900094816,31.953385404365903,19.845421331318313,1799.0,0.0,0.0,52.341753119400785,0.0,46.07148741400624,14.3,99.6,0.0,0.0,0.0,450.0,9768.4,0.0,0.0,70.313,0.914,71.227,16.696,1.069,70.158,emon,0.605,0.454,206.7,97.0,2.132
2026-09-17 22:11:48.109,16.9,0,85,5;46;2;42;0;85;0;0;0;42;0;0;0;29;11;9,858,1747,1290;1747;1444;1500;1354;1474;1609;1339;1068;1243;972;1054;862;954;858;866,100.0,0.0,9767.4,0,0,0,0,0,0.0,0,0,0,0,0,0,0,0,0.0,0,0,0,0,0,0.0,0.0,0.0,0,0,0,32.1,2.46,9.21,0.39,19.6,24.6,63.4,99.46648079367245,10.22742631839698,37.954431493142074,34.71773231485311,22.807068591433413,1799.0,0.0,0.0,53.036430398604885,0.0,41.6244854678526,14.2,99.3,0.0,0.0,0.0,450.0,9767.4,0.0,0.0,70.313,0.914,71.227,16.696,1.069,70.158,emon,0.605,0.454,206.7,97.0,2.132
2026-09-17 22:11:49.109,16.1,0,53,11;34;8;39;0;53;2;0;0;47;2;0;2;40;12;8,879,1907,1878;1713;1319;1602;1408;1542;1907;1487;1296;1218;1068;1769;879;1086;1015;993,100.0,0.0,9768.3,0,0,0,0,0,0.0,0,0,0,0,0,0,0,0,0.0,0,0,0,0,0,0.0,0.0,0.0,0,0,0,32.1,2.65,9.26,0.39,19.89,24.6,63.4,100.00013327892916,7.743594029113466,40.34576175941361,36.02939871339886,27.08556279981578,1799.0,0.0,0.0,53.20249802789674,0.0,47.33241337983377,14.3,99.7,0.0,0.0,0.0,450.0,9768.3,0.0,0.0,70.313,0.914,71.227,16.696,1.069,70.158,emon,0.605,0.454,206.7,97.0,2.132
2026-09-17 22:11:50.110,16.6,0,69,11;36;0;42;0;69;0;0;0;36;2;0;2;44;19;3,946,2414,1639;1714;2414;1602;1362;1456;1483;1506;1137;1251;1114;1628;1142;1147;946;1058,0.3,0.0,9764.1,0,0,0,0,0,0.0,0,0,0,0,0,0,0,0,0.0,0,0,0,0,0,0.0,0.0,0.0,0,0,0,32.1,2.65,9.26,0.39,19.89,24.8,63.4,100.01340273111174,9.27385933145807,36.27707437359461,32.65167688821802,19.768952454965895,1799.0,0.0,0.0,53.59282525649091,0.0,44.04446012793384,14.3,99.4,0.0,0.0,0.0,450.0,9764.1,0.0,0.0,70.313,0.914,71.227,16.696,1.069,70.158,emon,0.605,0.454,206.7,97.0,2.132
2026-09-17 22:11:51.111,15.6,0,60,2;35;5;42;0;60;0;0;0;34;0;0;2;46;17;6,832,1655,1312;1602;1516;1655;1551;1470;1452;1346;1086;1229;956;1005;1108;1083;1166;832,0.2,0.0,9769.2,0,0,0,0,0,0.0,0,0,0,0,0,0,0,0,0.0,0,0,0,0,0,0.0,0.0,0.0,0,0,0,32.1,2.65,9.26,0.39,19.89,24.7,63.4,100.00269485365415,9.016738524832201,36.404403455502596,32.459494189286595,21.826626735732805,1799.0,0.0,0.0,52.63195910357626,0.0,45.85096411591086,14.3,99.5,0.0,0.0,0.0,450.0,9769.2,0.0,0.0,70.313,0.914,71.227,16.696,1.069,70.158,emon,0.605,0.454,206.7,97.0,2.132
2026-09-17 22:11:52.112,17.1,0,58,11;50;3;43;0;58;0;0;0;36;0;0;6;48;8;9,908,2813,1919;1694;2813;1715;1367;1440;1345;1475;1202;1241;1825;1033;908;1131;954;1052,100.0,0.0,9769.1,0,0,0,0,0,0.0,0,0,0,0,0,0,0,0,0.0,0,0,0,0,0,0.0,0.0,0.0,0,0,0,33.1,2.65,9.26,0.39,19.89,24.7,63.4,98.1086038723588,8.469818617246347,35.39215795571605,31.77239956318711,19.82119482375371,1799.0,0.0,0.0,51.15683632119908,0.0,44.229460943794344,14.3,99.5,0.0,0.0,0.0,450.0,9767.4,0.0,0.0,71.158,0.975,72.133,18.515,1.185,70.948,emon,0.613,0.438,204.7,95.8,2.136
2026-09-17 22:11:53.113,17.4,0,62,11;44;5;42;0;47;0;0;0;62;0;0;14;39;2;14,822,3309,1840;1284;3309;1680;1121;1294;974;993;1252;1295;1297;1147;822;1138;985;1077,100.0,0.0,9767.4,0,0,0,0,0,0.0,0,0,0,0,0,0,0,0,0.0,0,0,0,0,0,0.0,0.0,0.0,0,0,0,32.1,2.62,9.35,0.39,19.94,24.7,63.4,98.47466620944795,10.848450915178372,44.14938945240445,41.008279129862785,30.08678340533423,1799.0,0.0,0.0,55.68321928402616,0.0,38.56542273962837,14.2,99.2,0.0,0.0,0.0,450.0,9765.1,0.0,0.0,71.158,0.975,72.133,18.515,1.185,70.948,emon,0.613,0.438,204.7,95.8,2.136
2026-09-17 22:11:54.114,15.9,0,65,10;46;0;37;0;38;0;0;0;65;3;0;2;34;16;3,698,3185,2122;1480;3185;1686;1074;1251;995;1113;1270;1458;1219;1103;698;954;915;851,100.0,0.0,9767.4,0,0,0,0,0,0.0,0,0,0,0,0,0,0,0,0.0,0,0,0,0,0,0.0,0.0,0.0,0,0,0,33.1,2.62,9.35,0.39,19.94,24.7,63.4,98.32672598069175,9.536162469111252,36.081439760693335,33.06627045153526,20.963541433294793,1799.0,0.0,0.0,52.744427443204216,0.0,44.343764053011434,14.2,99.5,0.0,0.0,0.0,450.0,9767.4,0.0,0.0,71.158,0.975,72.133,18.515,1.185,70.948,emon,0.613,0.438,204.7,95.8,2.136
2026-09-17 22:11:55.115,26.7,8,72,16;28;8;31;11;45;22;17;8;57;14;17;14;72;42;27,797,1585,1245;1585;1046;1547;846;1126;1018;1018;952;1304;969;931;797;1127;1033;1010,91.7,0.0,9763.4,0,0,0,0,0,0.0,0,0,0,0,0,0,0,0,0.0,0,0,0,0,0,0.0,0.0,0.0,0,0,0,32.1,2.62,9.35,0.39,19.94,24.6,63.4,99.99204156631814,9.830827235356253,38.00482798855108,34.783235990365306,21.791068271500116,1799.0,0.0,0.0,52.759935837056965,0.0,45.7361723870711,14.2,99.3,0.0,0.0,0.0,450.0,9763.4,0.0,0.0,71.158,0.975,72.133,18.515,1.185,70.948,emon,0.613,0.438,204.7,95.8,2.136
2026-09-17 22:11:56.115,26.2,6,68,12;28;6;30;16;49;27;24;8;55;12;14;16;68;31;23,776,1864,1864;1578;1518;1733;1068;1192;1222;1193;1541;1282;1435;1463;794;1021;920;776,0.1,0.0,9763.4,0,0,0,0,0,0.0,0,0,0,0,0,0,0,0,0.0,0,0,0,0,0,0.0,0.0,0.0,0,0,0,32.1,2.62,9.35,0.39,19.94,24.6,63.4,99.99076060350029,9.800829213346642,38.76092543464681,35.54517243537291,24.480136751680007,1799.0,0.0,0.0,51.95405317069987,0.0,48.156783650134095,14.3,99.5,0.0,0.0,0.0,450.0,9763.4,0.0,0.0,71.158,0.975,72.133,18.515,1.185,70.948,emon,0.613,0.438,204.7,95.8,2.136
2026-09-17 22:11:57.159,17.4,0,52,12;43;2;38;0;52;2;0;0;45;0;0;10;42;28;6,1022,1829,1683;1789;1320;1719;1829;1336;1407;1754;1695;1207;1406;1539;1137;1022;1131;1049,0.4,0.0,9763.4,0,0,0,0,0,0.0,0,0,0,0,0,0,0,0,0.0,0,0,0,0,0,0.0,0.0,0.0,0,0,0,33.1,2.58,9.55,0.39,20.43,24.6,63.4,98.84310759276879,10.413048856778115,36.62139086607026,35.75669162157105,24.76011592440489,1799.0,0.0,0.0,52.561516052861585,0.0,43.631987772100175,14.2,99.3,0.0,0.0,0.0,450.0,9763.4,0.0,0.0,71.158,0.975,72.133,18.515,1.185,70.948,emon,0.613,0.438,204.7,95.8,2.136
2026-09-17 22:11:58.160,17.7,0,67,12;32;2;31;0;67;8;0;0;38;0;0;6;49;29;8,1004,1793,1409;1503;1222;1793;1313;1444;1079;1333;1449;1235;1282;1385;1038;1052;1032;1004,100.0,0.0,9771.4,0,0,0,0,0,0.0,0,0,0,0,0,0,0,0,0.0,0,0,0,0,0,0.0,0.0,0.0,0,0,0,32.1,2.58,9.55,0.39,20.43,24.6,63.4,99.02644338804421,10.143222937878875,36.651848195754376,35.593909184726854,23.37619357149011,1799.0,0.0,0.0,49.608017475536265,0.0,43.943544629017175,14.2,99.4,0.0,0.0,0.0,450.0,9763.4,0.0,0.0,71.158,0.975,72.133,18.515,1.185,70.948,emon,0.613,0.438,204.7,95.8,2.136
2026-09-17 22:11:59.161,18.2,0,54,12;45;5;47;0;54;2;0;0;45;2;0;0;42;22;15,878,2091,2091;1550;1518;1409;1277;1393;1661;1299;1245;1176;1165;1198;878;1061;1008;928,100.0,0.0,9771.4,0,0,0,0,0,0.0,0,0,0,0,0,0,0,0,0.0,0,0,0,0,0,0.0,0.0,0.0,0,0,0,32.1,2.58,9.55,0.39,20.43,24.6,63.4,99.19350816839832,9.294436722109884,39.92708764439922,37.82050943305179,25.1724245170668,1799.0,0.0,0.0,52.640595317171034,0.0,45.379294431107326,14.3,99.4,0.0,0.0,0.0,450.0,9771.4,0.0,0.0,71.158,0.975,72.133,18.515,1.185,70.948,emon,0.613,0.438,204.7,95.8,2.136
2026-09-17 22:12:00.162,17.2,0,55,11;34;8;47;0;51;2;0;0;39;0;0;2;55;22;6,958,1684,1661;1684;1554;1628;1268;1376;1096;1232;1170;1308;1190;1142;958;1075;1033;1116,0.4,0.0,9773.1,0,0,0,0,0,0.0,0,0,0,0,0,0,0,0,0.0,0,0,0,0,0,0.0,0.0,0.0,0,0,0,32.1,2.58,9.55,0.39,20.43,24.6,63.4,99.48773997244628,8.803285610355923,37.42567517559814,33.538413789938204,23.04923947476377,1799.0,0.0,0.0,52.31466634174222,0.0,46.61659976055175,14.3,99.6,0.0,0.0,0.0,450.0,9773.1,0.0,0.0,71.158,0.975,72.133,18.515,1.185,70.948,emon,0.613,0.438,204.7,95.8,2.136
2026-09-17 22:12:01.193,16.8,0,57,9;57;0;41;0;53;0;0;0;33;0;0;3;52;12;9,1049,1877,1877;1626;1689;1795;1164;1341;1306;1166;1133;1227;1172;1055;1105;1335;1049;1086,90.7,0.0,9767.1,0,0,0,0,0,0.0,0,0,0,0,0,0,0,0,0.0,0,0,0,0,0,0.0,0.0,0.0,0,0,0,33.1,2.72,9.74,0.39,20.83,24.7,63.4,97.70471320917576,11.779733991825287,38.145877537903964,37.194946968996966,25.843807533935266,1799.0,0.0,0.0,54.463524013642726,0.0,40.26638434303407,14.2,99.3,0.0,0.0,0.0,450.0,9767.1,0.0,0.0,71.158,0.975,72.133,18.515,1.185,70.948,emon,0.613,0.438,204.7,95.8,2.136
2026-09-17 22:12:02.194,16.4,0,54,8;46;0;30;0;54;0;0;0;52;0;0;6;48;15;3,867,2863,2863;1992;1750;1738;1142;1338;1534;1164;1186;1359;1132;1463;892;1107;923;867,41.4,0.0,9768.3,0,0,0,0,0,0.0,0,0,0,0,0,0,0,0,0.0,0,0,0,0,0,0.0,0.0,0.0,0,0,0,33.1,2.72,9.74,0.39,20.83,24.7,63.4,100.01888509114583,11.725866554093857,41.05356757005056,39.69063464919726,24.690063114662966,1799.0,0.0,0.0,53.4712980723381,0.0,41.93359712352203,14.2,99.4,0.0,0.0,0.0,450.0,9768.3,0.0,0.0,71.158,0.975,72.133,18.515,1.185,70.948,emon,0.613,0.438,204.7,95.8,2.136
2026-09-17 22:12:03.195,17.0,0,71,6;46;0;44;0;35;0;0;0;71;0;0;0;39;18;12,843,2768,1639;1848;2768;1820;1398;1312;1385;1377;1561;1492;1624;1448;900;1042;974;843,0.3,0.0,9770.3,0,0,0,0,0,0.0,0,0,0,0,0,0,0,0,0.0,0,0,0,0,0,0.0,0.0,0.0,0,0,0,33.1,2.72,9.74,0.39,20.83,24.6,63.4,100.08966213161662,9.064080276605436,37.792493484788025,34.719593741757386,23.25544232786712,1799.0,0.0,0.0,49.27321687213666,0.0,47.05438195729057,14.3,99.8,0.0,0.0,0.0,450.0,9770.3,0.0,0.0,79.514,0.977,80.491,17.151,1.098,79.393,emon,0.609,0.407,183.8,85.2,2.159
2026-09-17 22:12:04.195,16.8,0,63,14;48;0;29;0;38;0;0;0;63;0;0;3;35;25;14,907,1882,1274;1329;1597;1550;1275;1266;1882;1299;1343;1488;1365;1362;907;1073;966;915,100.0,0.0,9769.3,0,0,0,0,0,0.0,0,0,0,0,0,0,0,0,0.0,0,0,0,0,0,0.0,0.0,0.0,0,0,0,32.1,2.72,9.74,0.39,20.83,24.6,63.4,100.01157090643875,10.227534593326679,35.16572827031883,35.163316122570244,22.51777027334486,1799.0,0.0,0.0,52.23813001324712,0.0,45.28067636237319,14.2,99.4,0.0,0.0,0.0,450.0,9770.4,0.0,0.0,79.514,0.977,80.491,17.151,1.098,79.393,emon,0.609,0.407,183.8,85.2,2.159
2026-09-17 22:12:05.267,15.7,0,56,16;38;6;31;0;28;4;0;0;56;0;0;1;44;17;10,812,2252,1492;1391;2252;1662;1404;1334;1133;1874;1392;1386;1771;1601;812;1112;1057;870,100.0,0.0,9769.3,0,0,0,0,0,0.0,0,0,0,0,0,0,0,0,0.0,0,0,0,0,0,0.0,0.0,0.0,0,0,0,32.1,2.88,9.69,0.39,20.87,24.7,63.4,100.01151612747547,11.041343510843987,43.73860525530438,41.78006510679112,29.883724769880605,1799.0,0.0,0.0,62.907754800304076,0.0,37.55696625777011,14.2,99.4,0.0,0.0,0.0,450.0,9769.3,0.0,0.0,79.514,0.977,80.491,17.151,1.098,79.393,emon,0.609,0.407,183.8,85.2,2.159
2026-09-17 22:12:06.268,17.6,0,77,3;35;0;45;0;55;0;0;0;77;0;0;5;31;19;11,861,2963,2963;1582;1238;1557;1696;1269;1210;1449;1361;1462;1317;1387;861;1002;905;990,0.1,0.0,9774.5,0,0,0,0,0,0.0,0,0,0,0,0,0,0,0,0.0,0,0,0,0,0,0.0,0.0,0.0,0,0,0,32.1,2.88,9.69,0.39,20.87,24.7,63.4,99.14590706995556,9.222947754182055,33.68369978373604,31.52437115050686,19.326905652148916,1799.0,0.0,0.0,51.94231896134027,0.0,45.50685078398289,14.3,99.7,0.0,0.0,0.0,450.0,9774.5,0.0,0.0,79.514,0.977,80.491,17.151,1.098,79.393,emon,0.609,0.407,183.8,85.2,2.159
2026-09-17 22:12:07.269,16.6,0,52,11;43;3;41;0;52;0;0;0;45;0;2;3;32;21;12,819,1956,1956;1551;1135;1538;1189;1401;978;1120;1717;1452;1389;941;819;1078;940;850,18.6,0.0,9764.2,0,0,0,0,0,0.0,0,0,0,0,0,0,0,0,0.0,0,0,0,0,0,0.0,0.0,0.0,0,0,0,33.1,2.88,9.69,0.39,20.87,24.7,63.4,99.95130529032124,9.087553036864847,36.27068815583532,32.93827928065068,20.815759378473288,1799.0,0.0,0.0,51.43086329325066,0.0,47.36561208289226,14.2,99.2,0.0,0.0,0.0,450.0,9764.2,0.0,0.0,79.514,0.977,80.491,17.151,1.098,79.393,emon,0.609,0.407,183.8,85.2,2.159
2026-09-17 22:12:08.270,16.7,0,50,14;48;0;43;0;45;0;0;0;48;0;0;5;50;8;6,861,2552,1691;1572;1594;1540;1180;1405;1840;2552;1154;1386;1203;1183;1072;1042;908;861,0.1,0.0,9765.7,0,0,0,0,0,0.0,0,0,0,0,0,0,0,0,0.0,0,0,0,0,0,0.0,0.0,0.0,0,0,0,32.1,2.88,9.69,0.39,20.87,24.7,63.4,99.26678852552779,11.345316720299758,44.463106206628716,42.213276606513546,29.042186127619797,1799.0,0.0,0.0,55.17256718735849,0.0,41.96205871335676,14.3,99.5,0.0,0.0,0.0,450.0,9765.7,0.0,0.0,79.514,0.977,80.491,17.151,1.098,79.393,emon,0.609,0.407,183.8,85.2,2.159
2026-09-17 22:12:09.315,17.5,0,64,10;49;4;42;0;64;2;0;0;37;0;0;0;49;17;4,763,1997,1997;1382;1897;1664;1133;1346;1104;1424;1150;1127;1542;1142;904;1010;982;763,39.4,0.0,9769.7,0,0,0,0,0,0.0,0,0,0,0,0,0,0,0,0.0,0,0,0,0,0,0.0,0.0,0.0,0,0,0,31.1,2.88,9.69,0.39,20.87,24.7,63.4,98.42478521246659,11.582008260906788,48.353911918506284,46.07988956518341,35.50090019326461,1799.0,0.0,0.0,59.72392301682971,0.0,38.93484211057837,14.2,99.5,0.0,0.0,0.0,450.0,9769.1,0.0,0.0,79.514,0.977,80.491,17.151,1.098,79.393,emon,0.609,0.407,183.8,85.2,2.159
2026-09-17 22:12:10.317,17.0,0,64,12;39;5;33;0;64;0;3;0;44;0;0;6;37;16;12,952,2298,1590;1300;2298;1622;1186;1414;1105;1344;1135;1245;1149;1050;997;1167;952;972,0.4,0.0,9771.5,0,0,0,0,0,0.0,0,0,0,0,0,0,0,0,0.0,0,0,0,0,0,0.0,0.0,0.0,0,0,0,32.1,2.88,9.69,0.39,20.87,24.7,63.4,100.0023167386968,9.507408923558653,37.62139403249355,35.21161579003835,22.68482086728228,1799.0,0.0,0.0,54.369901978658476,0.0,44.02115157185439,14.3,99.6,0.0,0.0,0.0,450.0,9769.7,0.0,0.0,79.514,0.977,80.491,17.151,1.098,79.393,emon,0.609,0.407,183.8,85.2,2.159
2026-09-17 22:12:11.318,16.7,0,62,9;34;3;42;0;62;5;2;0;38;0;0;3;40;6;23,889,1569,1379;1439;1568;1569;1393;1443;1175;1416;952;1200;1291;960;889;1248;975;940,0.4,0.0,9771.5,0,0,0,0,0,0.0,0,0,0,0,0,0,0,0,0.0,0,0,0,0,0,0.0,0.0,0.0,0,0,0,32.1,2.88,9.69,0.39,20.87,24.6,63.4,97.36494168148765,10.749511655172498,38.824710959120644,38.51503977141803,24.6566661332227,1799.0,0.0,0.0,54.506073087816354,0.0,40.887466007928026,14.3,99.7,0.0,0.0,0.0,450.0,9771.5,0.0,0.0,79.514,0.977,80.491,17.151,1.098,79.393,emon,0.609,0.407,183.8,85.2,2.159
2026-09-17 22:12:12.319,18.5,0,66,6;51;5;46;0;40;0;0;0;66;0;0;6;36;21;19,938,2064,1044;1601;1028;1788;1779;1305;1796;1965;2064;1486;1997;1761;938;1127;961;1149,0.0,0.0,9769.4,0,0,0,0,0,0.0,0,0,0,0,0,0,0,0,0.0,0,0,0,0,0,0.0,0.0,0.0,0,0,0,32.1,2.88,9.69,0.39,20.87,24.6,63.4,100.0021121017332,10.11700338528802,37.783576639444846,35.33381822421329,21.85432935128276,1799.0,0.0,0.0,53.78120728658618,0.0,45.13163365039432,14.3,99.6,0.0,0.0,0.0,450.0,9769.4,0.0,0.0,79.514,0.977,80.491,17.151,1.098,79.393,emon,0.609,0.407,183.8,85.2,2.159
2026-09-17 22:12:13.363,16.8,0,60,15;60;0;31;0;41;3;0;0;56;0;0;6;36;12;9,812,2362,2362;1659;1391;1817;1195;1238;882;1142;1199;1328;1162;1177;862;1015;964;812,0.0,0.0,9767.7,0,0,0,0,0,0.0,0,0,0,0,0,0,0,0,0.0,0,0,0,0,0,0.0,0.0,0.0,0,0,0,32.1,0.0,0.0,0.0,0.0,24.8,63.4,99.97479117257255,8.32118066675695,34.51341061251504,32.03795211783477,19.21284773581262,1799.0,0.0,0.0,55.81037279545728,0.0,41.80081953276001,14.3,99.6,0.0,0.0,0.0,450.0,9767.7,0.0,0.0,79.514,0.977,80.491,17.151,1.098,79.393,emon,0.609,0.407,183.8,85.2,2.159
2026-09-17 22:12:14.364,20.6,3,52,17;13;6;44;6;8;48;8;11;14;52;6;17;3;52;25,742,1758,1726;1758;1225;1735;788;868;1280;789;1214;1286;1424;1225;932;742;1076;912,0.3,0.0,9767.7,0,0,0,0,0,0.0,0,0,0,0,0,0,0,0,0.0,0,0,0,0,0,0.0,0.0,0.0,0,0,0,32.1,0.0,0.0,0.0,0.0,24.6,63.4,99.99617565187634,10.761837475972934,42.72329032726777,39.57799050199171,25.909014009512386,1799.0,0.0,0.0,53.947433756958915,0.0,45.72227348232155,14.2,99.2,0.0,0.0,0.0,450.0,9767.7,0.0,0.0,79.514,0.977,80.491,17.151,1.098,79.393,emon,0.609,0.407,183.8,85.2,2.159
2026-09-17 22:12:15.365,18.4,0,71,45;8;2;52;3;0;43;2;0;0;71;0;5;2;46;17,918,2354,1455;1821;1830;1467;980;1443;1282;1305;1630;2354;1520;2195;1052;1337;1060;918,98.2,0.0,9764.3,0,0,0,0,0,0.0,0,0,0,0,0,0,0,0,0.0,0,0,0,0,0,0.0,0.0,0.0,0,0,0,32.1,0.0,0.0,0.0,0.0,24.6,63.4,98.47377753644376,7.196806556011575,33.25722955078692,29.808734540178165,20.572208262798753,1799.0,0.0,0.0,50.402964341026305,0.0,46.40019417981583,14.2,99.2,0.0,0.0,0.0,450.0,9764.3,0.0,0.0,71.32,0.955,72.275,18.416,1.179,71.096,emon,0.603,0.388,206.6,96.6,2.139
2026-09-17 22:12:16.365,17.6,0,58,58;14;6;34;0;0;42;0;0;0;56;0;12;5;43;12,886,2096,1824;2096;2038;1855;1379;1257;1287;1619;1801;1598;1455;1653;886;932;1108;906,98.2,0.0,9764.3,0,0,0,0,0,0.0,0,0,0,0,0,0,0,0,0.0,0,0,0,0,0,0.0,0.0,0.0,0,0,0,33.1,0.0,0.0,0.0,0.0,24.6,63.4,98.53817921569667,8.430162467384116,36.408052422336695,32.79359381914753,23.044928591122332,1799.0,0.0,0.0,51.66995919632639,0.0,46.291274606486226,14.2,99.3,0.0,0.0,0.0,450.0,9764.3,0.0,0.0,71.32,0.955,72.275,18.416,1.179,71.096,emon,0.603,0.388,206.6,96.6,2.139
2026-09-17 22:12:17.421,17.2,0,61,46;15;0;40;0;0;61;2;0;0;41;0;7;0;53;10,874,2025,1876;1358;1309;1442;1426;1412;1371;2025;1283;1281;1244;1299;877;874;1129;978,100.0,0.0,9764.4,0,0,0,0,0,0.0,0,0,0,0,0,0,0,0,0.0,0,0,0,0,0,0.0,0.0,0.0,0,0,0,33.1,2.98,9.68,0.39,20.88,24.6,63.4,97.80515237081619,12.072806696097055,42.97341089589255,42.638336397352674,30.067155100050428,1799.0,0.0,0.0,59.57862199628947,0.0,36.15894249901889,14.2,99.2,0.0,0.0,0.0,450.0,9764.4,0.0,0.0,71.32,0.955,72.275,18.416,1.179,71.096,emon,0.603,0.388,206.6,96.6,2.139
2026-09-17 22:12:18.422,17.5,0,73,45;9;4;47;0;0;73;2;0;2;39;0;5;6;38;10,828,2639,1475;2639;1418;1559;1338;1417;1437;1710;1046;1664;1314;1168;995;828;1165;879,100.0,0.0,9768.0,0,0,0,0,0,0.0,0,0,0,0,0,0,0,0,0.0,0,0,0,0,0,0.0,0.0,0.0,0,0,0,33.1,2.98,9.68,0.39,20.88,24.6,63.4,98.9261881178552,10.959421278571117,42.36072746868972,40.0341129214554,24.81269389517851,1799.0,0.0,0.0,51.76632109773857,0.0,44.45315909441102,14.3,99.5,0.0,0.0,0.0,450.0,9768.0,0.0,0.0,71.32,0.955,72.275,18.416,1.179,71.096,emon,0.603,0.388,206.6,96.6,2.139
2026-09-17 22:12:19.423,16.6,0,78,34;8;3;34;0;0;78;0;0;0;38;0;3;2;45;22,938,1740,1425;1740;1547;1526;1477;1500;1491;1535;1194;1192;1284;1199;946;991;1148;938,100.0,0.0,9770.1,0,0,0,0,0,0.0,0,0,0,0,0,0,0,0,0.0,0,0,0,0,0,0.0,0.0,0.0,0,0,0,32.1,2.98,9.68,0.39,20.88,24.6,63.4,96.84311155110848,8.099449832696749,34.092058128669485,30.82678427703741,19.111979466103833,1799.0,0.0,0.0,53.920692872412566,0.0,41.59009484473747,14.3,99.5,0.0,0.0,0.0,450.0,9770.1,0.0,0.0,71.32,0.955,72.275,18.416,1.179,71.096,emon,0.603,0.388,206.6,96.6,2.139
2026-09-17 22:12:20.423,17.8,0,83,49;11;3;35;0;0;83;0;0;0;30;0;3;6;52;12,914,2072,1424;1749;1894;1614;2072;1476;1557;1637;1300;1507;1377;1740;954;914;1119;978,100.0,0.0,9768.2,0,0,0,0,0,0.0,0,0,0,0,0,0,0,0,0.0,0,0,0,0,0,0.0,0.0,0.0,0,0,0,32.1,2.67,9.51,0.39,20.25,24.6,63.4,99.42706653617677,7.706297109829306,41.099217110446524,35.48219541886023,26.63573113399408,1799.0,0.0,0.0,52.500059999716804,0.0,46.24112638714788,14.2,99.1,0.0,0.0,0.0,450.0,9768.2,0.0,0.0,71.32,0.955,72.275,18.416,1.179,71.096,emon,0.603,0.388,206.6,96.6,2.139
2026-09-17 22:12:21.424,17.3,0,66,30;6;3;34;0;0;66;6;0;0;45;0;6;3;54;24,895,1892,1402;1068;1892;1586;1345;1334;1474;1208;1173;1276;1315;1369;895;1132;1094;1119,100.0,0.0,9764.3,0,0,0,0,0,0.0,0,0,0,0,0,0,0,0,0.0,0,0,0,0,0,0.0,0.0,0.0,0,0,0,32.1,2.67,9.51,0.39,20.25,24.6,63.4,100.00042984166096,11.73912952268093,40.94469412577521,40.24605802853697,23.34712642984292,1799.0,0.0,0.0,52.68793568078947,0.0,43.78399904215272,14.2,99.3,0.0,0.0,0.0,450.0,9765.9,0.0,0.0,71.32,0.955,72.275,18.416,1.179,71.096,emon,0.603,0.388,206.6,96.6,2.139
2026-09-17 22:12:22.425,16.3,0,83,40;5;0;41;0;0;42;0;0;0;83;0;5;2;36;8,960,1949,1497;1949;1838;1515;1315;1131;1229;1928;1397;1412;1473;1885;1118;960;1147;1037,100.0,0.0,9764.3,0,0,0,0,0,0.0,0,0,0,0,0,0,0,0,0.0,0,0,0,0,0,0.0,0.0,0.0,0,0,0,32.1,2.67,9.51,0.39,20.25,24.6,63.4,99.14016472567683,9.513801327412542,37.49005842105202,34.94435055191102,22.033588079217335,1799.0,0.0,0.0,52.31713444248814,0.0,44.969348241449666,14.2,99.1,0.0,0.0,0.0,450.0,9764.3,0.0,0.0,71.32,0.955,72.275,18.416,1.179,71.096,emon,0.603,0.388,206.6,96.6,2.139
2026-09-17 22:12:23.425,18.2,0,71,43;6;5;39;3;0;42;5;0;0;71;6;9;5;44;14,913,2347,1725;1589;1726;1595;1296;1413;1235;1132;2196;2347;1520;1404;948;913;1099;971,0.2,0.0,9766.2,0,0,0,0,0,0.0,0,0,0,0,0,0,0,0,0.0,0,0,0,0,0,0.0,0.0,0.0,0,0,0,32.1,2.67,9.51,0.39,20.25,24.6,63.4,99.99836931946457,8.904472245163815,38.39252436161041,34.755247771179164,23.189810903782966,1799.0,0.0,0.0,51.75232760762415,0.0,48.2799694645671,14.3,99.5,0.0,0.0,0.0,450.0,9766.2,0.0,0.0,71.32,0.955,72.275,18.416,1.179,71.096,emon,0.603,0.388,206.6,96.6,2.139
2026-09-17 22:12:24.431,17.8,0,56,54;9;2;35;0;0;35;2;0;0;56;0;22;11;52;8,903,3359,1518;2334;3359;1752;1364;1444;1299;2054;1479;1476;1471;2308;1108;903;1067;1031,0.3,0.0,9764.4,0,0,0,0,0,0.0,0,0,0,0,0,0,0,0,0.0,0,0,0,0,0,0.0,0.0,0.0,0,0,0,32.1,2.56,9.6,0.39,20.36,24.6,63.4,99.51584309819101,7.172133075555618,40.008709664407704,34.572724452830606,25.994373890325086,1799.0,0.0,0.0,49.55323365335379,0.0,47.877912383709734,14.3,99.3,0.0,0.0,0.0,450.0,9764.4,0.0,0.0,71.32,0.955,72.275,18.416,1.179,71.096,emon,0.603,0.388,206.6,96.6,2.139
2026-09-17 22:12:25.431,16.5,0,68,38;5;0;48;0;0;48;0;0;0;68;0;8;2;35;12,858,2501,1479;2501;2399;1566;1399;1386;1302;1499;1459;1386;1437;1682;1026;858;1050;902,0.2,0.0,9766.4,0,0,0,0,0,0.0,0,0,0,0,0,0,0,0,0.0,0,0,0,0,0,0.0,0.0,0.0,0,0,0,32.1,2.56,9.6,0.39,20.36,24.6,63.4,99.99937580249927,10.04439614062416,40.390093297134214,37.17170064427234,21.62687408797627,1799.0,0.0,0.0,53.1955723772774,0.0,44.816101316531594,14.2,99.4,0.0,0.0,0.0,450.0,9765.4,0.0,0.0,71.32,0.955,72.275,18.416,1.179,71.096,emon,0.603,0.388,206.6,96.6,2.139
2026-09-17 22:12:26.432,16.3,0,66,47;2;3;36;0;0;55;0;0;0;66;0;2;2;34;16,843,2090,1504;2090;1786;1708;1290;1348;1422;1399;1258;1214;1433;1251;872;843;1109;944,0.4,0.0,9772.7,0,0,0,0,0,0.0,0,0,0,0,0,0,0,0,0.0,0,0,0,0,0,0.0,0.0,0.0,0,0,0,33.1,2.56,9.6,0.39,20.36,24.6,63.4,100.01148759557846,11.235529427089668,37.05039916393605,35.467430782444936,22.03772998246503,1799.0,0.0,0.0,54.392121458235394,0.0,44.04727115726773,14.2,99.4,0.0,0.0,0.0,450.0,9767.6,0.0,0.0,63.557,0.917,64.474,18.498,1.184,63.29,emon,0.604,0.405,228.9,107.4,2.131
2026-09-17 22:12:27.432,9.3,0,66,9;0;0;25;0;0;66;0;0;0;23;0;0;3;12;9,938,3158,1604;1824;3158;1823;1346;1391;1456;1392;1226;1169;1378;1198;1107;938;1116;1140,0.4,0.0,9772.7,0,0,0,0,0,0.0,0,0,0,0,0,0,0,0,0.0,0,0,0,0,0,0.0,0.0,0.0,0,0,0,31.1,2.56,9.6,0.39,20.36,24.6,63.4,69.14074305216471,0.38787286592026554,18.113333563804627,13.402490888635317,2.300767437602626,1544.3333333333333,0.0,0.0,0.0,0.0,49.455304717620216,8.1,56.5,0.0,0.0,0.0,450.0,9772.7,0.0,0.0,63.557,0.917,64.474,18.498,1.184,63.29,emon,0.604,0.405,228.9,107.4,2.131
2026-09-17 22:12:28.437,12.3,0,72,11;6;2;17;5;5;72;5;5;3;26;0;14;2;12;14,785,2465,1483;2465;1105;1767;1424;1394;1509;1420;919;953;1343;981;987;785;1037;995,1.3,0.0,9765.3,0,0,0,0,0,0.0,0,0,0,0,0,0,0,0,0.0,0,0,0,0,0,0.0,0.0,0.0,0,0,0,31.1,2.42,5.35,0.35,13.06,24.6,63.4,68.58927036237112,0.30099330501795946,14.712329399736621,9.133977072337006,2.06295169662696,1157.2278481012659,0.0,0.0,0.0,0.0,49.48267127630077,0.2,0.0,0.0,0.0,0.0,450.0,9765.3,0.0,0.0,63.557,0.917,64.474,18.498,1.184,63.29,emon,0.604,0.405,228.9,107.4,2.131
2026-09-17 22:12:29.437,9.2,0,72,14;0;0;17;0;0;72;0;0;0;23;0;0;0;17;3,1077,2760,1687;2760;1443;1918;1518;1559;1481;1792;1360;1359;1295;1380;1092;1133;1220;1077,0.7,0.0,9765.3,0,0,0,0,0,0.0,0,0,0,0,0,0,0,0,0.0,0,0,0,0,0,0.0,0.0,0.0,0,0,0,30.1,2.42,5.35,0.35,13.06,24.6,63.4,97.44338359003481,0.8469598033748891,18.566959147867948,15.614583739120027,2.1148524718098445,1033.7826086956522,0.0,0.0,0.0,0.0,52.415726842439696,0.1,0.0,0.0,0.0,0.0,450.0,9765.3,0.0,0.0,63.557,0.917,64.474,18.498,1.184,63.29,emon,0.604,0.405,228.9,107.4,2.131
2026-09-17 22:12:30.438,9.1,0,66,25;6;0;23;0;0;66;0;0;0;11;0;3;0;11;2,873,2086,1820;2086;896;1888;1298;1653;1393;1284;1226;1224;1346;1228;873;1039;1167;1037,0.0,0.0,9770.6,0,0,0,0,0,0.0,0,0,0,0,0,0,0,0,0.0,0,0,0,0,0,0.0,0.0,0.0,0,0,0,31.1,2.42,5.35,0.35,13.06,24.6,63.4,98.2306088386698,0.6262685579267588,18.66471484113247,16.134246732960356,3.32246351762219,1176.659574468085,0.0,0.0,0.0,0.0,53.52557982536072,0.1,0.0,0.0,0.0,0.0,450.0,9770.6,0.0,0.0,63.557,0.917,64.474,18.498,1.184,63.29,emon,0.604,0.405,228.9,107.4,2.131
2026-09-17 22:12:31.439,9.1,0,41,28;2;0;23;0;0;41;0;0;0;38;0;2;0;14;0,1069,2239,1801;1571;1564;1862;1336;1563;1351;1554;1362;1740;1474;2239;1087;1181;1228;1069,0.7,0.0,9770.6,0,0,0,0,0,0.0,0,0,0,0,0,0,0,0,0.0,0,0,0,0,0,0.0,0.0,0.0,0,0,0,32.1,2.42,5.35,0.35,13.06,24.6,63.4,97.58450947637144,0.49107410661552264,18.917334988497306,14.53752177564994,2.205460016757412,1167.840579710145,0.0,0.0,0.0,0.0,51.01638770621756,0.1,0.0,0.0,0.0,0.0,450.0,9770.6,0.0,0.0,63.557,0.917,64.474,18.498,1.184,63.29,emon,0.604,0.405,228.9,107.4,2.131
2026-09-17 22:12:32.442,16.3,0,75,18;8;0;33;2;0;57;0;0;0;75;0;15;12;34;6,891,2466,1785;1989;1215;2419;897;891;1152;1139;2074;2295;1434;2466;1029;943;1099;1098,0.4,0.0,9852.3,0,0,0,0,0,0.0,0,0,0,0,0,0,0,0,0.0,0,0,0,0,0,0.0,0.0,0.0,0,0,0,39.1,2.16,4.0,0.31,8.24,25.0,63.4,100.00022098935884,32.12268272801784,17.94148555500754,45.28053679060319,2.7882320741725914,1799.8620689655172,0.0,0.0,55.27511137068785,0.0,41.74537507712608,6.3,33.5,0.0,0.0,0.0,450.0,9849.4,0.0,0.0,63.557,0.917,64.474,18.498,1.184,63.29,emon,0.604,0.405,228.9,107.4,2.131
2026-09-17 22:12:33.443,15.9,0,86,24;6;0;14;0;0;63;2;0;0;86;0;11;9;27;12,898,2573,1548;1707;2573;1838;979;996;1027;1145;1407;1432;1427;2302;898;1108;980;953,0.4,0.0,9852.3,0,0,0,0,0,0.0,0,0,0,0,0,0,0,0,0.0,0,0,0,0,0,0.0,0.0,0.0,0,0,0,42.1,2.16,4.0,0.31,8.24,25.0,63.4,99.99692415509905,25.085598850636078,24.16989028113229,36.03617056331464,1.2615574262229658,1845.4285714285713,0.0,0.0,55.83426533160465,0.0,41.815238908173534,14.3,99.6,0.0,0.0,0.0,450.0,9852.3,0.0,0.0,63.557,0.917,64.474,18.498,1.184,63.29,emon,0.604,0.405,228.9,107.4,2.131
2026-09-17 22:12:34.443,15.7,0,70,26;3;0;14;0;0;61;0;0;0;70;0;13;5;34;25,959,1968,1783;1687;1231;1968;1223;1136;1096;1447;1161;1156;1287;1288;959;1078;1017;1016,0.6,0.0,9852.3,0,0,0,0,0,0.0,0,0,0,0,0,0,0,0,0.0,0,0,0,0,0,0.0,0.0,0.0,0,0,0,44.1,2.16,4.0,0.31,8.24,25.0,63.4,99.99750883682914,25.045115544693545,22.671291388895202,37.99238621070981,2.452022206503898,1849.0,0.0,0.0,54.42975542182103,0.0,44.95065165874985,14.3,99.6,0.0,0.0,0.0,450.0,9852.2,0.0,0.0,63.557,0.917,64.474,18.498,1.184,63.29,emon,0.604,0.405,228.9,107.4,2.131
2026-09-17 22:12:35.444,16.1,0,80,26;2;2;20;0;0;55;2;0;0;80;0;21;3;30;17,913,2010,1567;1653;2010;1829;1045;1083;1146;913;1326;1337;1368;1329;916;958;1065;961,0.0,0.0,9852.2,0,0,0,0,0,0.0,0,0,0,0,0,0,0,0,0.0,0,0,0,0,0,0.0,0.0,0.0,0,0,0,44.1,2.16,4.0,0.31,8.24,24.9,63.4,100.01295578647667,17.30437471665127,23.778174281959803,32.3204311835514,2.0482097156040457,1849.0,0.0,0.0,50.12887117945963,0.0,48.42888268987648,14.3,99.6,0.0,0.0,0.0,450.0,9852.3,0.0,0.0,63.557,0.917,64.474,18.498,1.184,63.29,emon,0.604,0.405,228.9,107.4,2.131
2026-09-17 22:12:36.452,15.5,0,72,17;8;2;22;3;0;50;2;0;0;72;2;10;21;23;19,816,2323,1515;1968;2323;1742;816;984;1222;1142;1257;1206;1376;1111;974;859;1055;970,0.0,0.0,9852.2,0,0,0,0,0,0.0,0,0,0,0,0,0,0,0,0.0,0,0,0,0,0,0.0,0.0,0.0,0,0,0,44.1,1.84,24.99,0.34,30.41,24.9,63.4,100.00036216027958,21.868336987604877,18.453573539084996,32.83078988349622,1.5523462051636125,1849.0,0.0,0.0,51.15931769399712,0.0,48.42256936287546,14.3,99.6,0.0,0.0,0.0,450.0,9849.4,0.0,0.0,63.557,0.917,64.474,18.498,1.184,63.29,emon,0.604,0.405,228.9,107.4,2.131
2026-09-17 22:12:37.453,15.6,0,80,20;3;0;22;0;0;80;0;0;0;55;0;17;9;25;19,956,2432,1812;2432;1665;1874;1088;1078;1361;956;1426;1083;1210;1168;974;1195;1014;1148,0.3,0.0,9849.4,0,0,0,0,0,0.0,0,0,0,0,0,0,0,0,0.0,0,0,0,0,0,0.0,0.0,0.0,0,0,0,44.1,1.84,24.99,0.34,30.41,24.9,63.4,99.99537041705588,22.34000643313579,22.690032147324604,33.459292524145994,1.3103869114243223,1849.0,0.0,0.0,54.03697916009139,0.0,44.74629240392353,14.3,99.4,0.0,0.0,0.0,450.0,9849.4,0.0,0.0,63.557,0.917,64.474,18.498,1.184,63.29,emon,0.604,0.405,228.9,107.4,2.131
2026-09-17 22:12:38.453,17.3,0,69,28;3;0;23;0;0;69;0;0;0;62;0;30;13;42;6,1048,2169,1437;2169;1381;2033;1587;1443;1401;1544;1387;1176;1283;1198;1076;1121;1048;1119,0.5,0.0,9851.2,0,0,0,0,0,0.0,0,0,0,0,0,0,0,0,0.0,0,0,0,0,0,0.0,0.0,0.0,0,0,0,43.1,1.84,24.99,0.34,30.41,24.7,63.4,99.98606649071279,25.161846859662823,20.10422454578708,36.90192017501051,1.8756148233313603,1849.0,0.0,0.0,54.65992964138136,0.0,44.84626558120601,14.3,99.4,0.0,0.0,0.0,450.0,9851.1,0.0,0.0,63.557,0.917,64.474,18.498,1.184,63.29,emon,0.604,0.405,228.9,107.4,2.131
2026-09-17 22:12:39.453,14.9,0,82,24;3;0;9;0;0;82;0;0;0;57;0;22;2;36;5,829,2383,1568;2383;2000;1900;1222;1164;1393;1227;1153;1171;1202;1195;862;829;1021;1021,0.5,0.0,9851.2,0,0,0,0,0,0.0,0,0,0,0,0,0,0,0,0.0,0,0,0,0,0,0.0,0.0,0.0,0,0,0,43.1,1.84,24.99,0.34,30.41,24.7,63.4,100.00570094028366,23.283720380095676,22.32474511026222,37.017068895502625,2.382355455906461,1847.1308411214952,0.0,0.0,52.437861501622216,0.0,45.23328105790843,14.3,99.5,0.0,0.0,0.0,450.0,9851.2,0.0,0.0,9.369,3.277,12.646,9.931,0.636,12.01,emon,0.551,0.696,116.1,90.9,1.277
2026-09-17 22:12:40.454,15.7,0,70,28;3;3;37;0;0;70;0;0;0;54;0;9;5;25;17,791,2360,1522;1818;1407;1586;1534;1786;1297;2360;1295;1793;1167;1330;974;791;1120;940,0.4,0.0,9853.4,0,0,0,0,0,0.0,0,0,0,0,0,0,0,0,0.0,0,0,0,0,0,0.0,0.0,0.0,0,0,0,42.1,1.96,24.97,0.34,30.57,24.7,63.4,99.97413652398613,22.4746336191631,18.78790511776892,33.95639416357774,1.8258026958033808,1839.7303370786517,0.0,0.0,51.25142551237702,0.0,48.10500405451349,14.3,99.6,0.0,0.0,0.0,450.0,9851.6,0.0,0.0,9.369,3.277,12.646,9.931,0.636,12.01,emon,0.551,0.696,116.1,90.9,1.277
2026-09-17 22:12:41.454,16.9,0,59,40;13;6;39;2;0;59;0;0;0;33;2;11;6;48;12,962,2676,1795;2676;1782;1880;1499;1501;1418;2256;1613;1776;1221;1003;979;962;1073;999,0.2,0.0,9851.6,0,0,0,0,0,0.0,0,0,0,0,0,0,0,0,0.0,0,0,0,0,0,0.0,0.0,0.0,0,0,0,33.1,1.96,24.97,0.34,30.57,24.7,63.4,99.99697024580361,15.79236656644692,36.4857980703962,42.10231082227783,20.518060598400947,1806.2463768115942,0.0,0.0,52.296667095732644,0.0,41.12437661375399,14.3,99.5,0.0,0.0,0.0,450.0,9851.6,0.0,0.0,9.369,3.277,12.646,9.931,0.636,12.01,emon,0.551,0.696,116.1,90.9,1.277
2026-09-17 22:12:42.455,16.9,0,56,48;12;6;48;0;0;39;0;0;0;56;0;9;3;39;8,941,2699,1613;1772;1480;1692;2699;1236;1331;1128;1212;1964;1411;1247;1194;941;1127;985,100.0,0.0,9849.4,0,0,0,0,0,0.0,0,0,0,0,0,0,0,0,0.0,0,0,0,0,0,0.0,0.0,0.0,0,0,0,31.1,1.96,24.97,0.34,30.57,24.7,63.4,98.2672947232086,10.867445853096202,39.91049932371272,37.851084849917065,24.413870673879085,1799.0,0.0,0.0,54.55517939159112,0.0,42.99008407331712,14.2,99.3,0.0,0.0,0.0,450.0,9852.8,0.0,0.0,9.369,3.277,12.646,9.931,0.636,12.01,emon,0.551,0.696,116.1,90.9,1.277
2026-09-17 22:12:43.457,16.3,0,55,43;20;2;33;0;0;28;3;0;0;52;3;17;2;55;5,887,1638,1408;1246;1183;1638;1068;1083;1200;1004;1145;1201;1471;1134;1073;887;1141;985,93.0,0.0,9854.3,0,0,0,0,0,0.0,0,0,0,0,0,0,0,0,0.0,0,0,0,0,0,0.0,0.0,0.0,0,0,0,31.1,1.96,24.97,0.34,30.57,24.7,63.4,98.54464447605717,10.391200474001938,36.63205256225827,35.87703567770151,22.868037723394966,1799.0,0.0,0.0,52.36101490504167,0.0,43.25818952911399,14.2,99.3,0.0,0.0,0.0,450.0,9854.3,0.0,0.0,9.369,3.277,12.646,9.931,0.636,12.01,emon,0.551,0.696,116.1,90.9,1.277
2026-09-17 22:12:44.458,17.9,0,56,12;56;0;48;2;2;2;28;3;2;2;37;14;23;6;51,922,1990,1410;1505;1990;1604;1141;1055;1138;1241;1614;1080;1143;1376;922;1043;1124;1091,93.0,0.0,9854.3,0,0,0,0,0,0.0,0,0,0,0,0,0,0,0,0.0,0,0,0,0,0,0.0,0.0,0.0,0,0,0,30.1,2.64,10.7,0.39,20.77,24.7,63.4,100.00221236121845,8.083062282315192,37.899119400723094,33.93321386035432,23.235625539552718,1799.0,0.0,0.0,52.53375153850644,0.0,46.954213315466724,14.2,99.1,0.0,0.0,0.0,450.0,9854.4,0.0,0.0,9.369,3.277,12.646,9.931,0.636,12.01,emon,0.551,0.696,116.1,90.9,1.277
2026-09-17 22:12:45.459,15.6,0,83,12;27;2;28;0;0;0;38;0;0;0;83;6;3;14;38,937,1763,1495;1631;1168;1763;1105;1164;1138;1136;1307;1563;1543;1541;996;937;1076;1038,0.8,0.0,9849.4,0,0,0,0,0,0.0,0,0,0,0,0,0,0,0,0.0,0,0,0,0,0,0.0,0.0,0.0,0,0,0,30.1,2.64,10.7,0.39,20.77,24.7,63.4,98.24325275692073,9.365838747386904,38.04527258872986,36.24709405326708,24.13103346839125,1799.0,0.0,0.0,53.53239190981681,0.0,42.40537614731993,14.3,99.2,0.0,0.0,0.0,450.0,9851.2,0.0,0.0,9.369,3.277,12.646,9.931,0.636,12.01,emon,0.551,0.696,116.1,90.9,1.277
2026-09-17 22:12:46.460,17.6,0,53,11;38;0;47;0;0;6;45;0;0;0;53;10;20;6;46,920,1971,1224;1313;1971;1469;1256;972;1156;1156;1208;1236;1180;1454;1116;920;1136;1104,100.0,0.0,9851.2,0,0,0,0,0,0.0,0,0,0,0,0,0,0,0,0.0,0,0,0,0,0,0.0,0.0,0.0,0,0,0,31.1,2.64,10.7,0.39,20.77,24.7,63.4,100.0200322110888,11.108014810174494,38.92378255850832,38.47470576305624,23.99300066712247,1799.0,0.0,0.0,56.48340074636672,0.0,41.24414666917765,14.3,99.6,0.0,0.0,0.0,450.0,9856.4,0.0,0.0,9.369,3.277,12.646,9.931,0.636,12.01,emon,0.551,0.696,116.1,90.9,1.277
2026-09-17 22:12:47.461,16.6,0,54,16;54;0;51;0;0;3;48;0;0;2;37;17;3;0;35,951,2302,1728;1711;1497;1617;1256;1184;1245;1377;1562;2302;2038;1287;1110;978;951;1108,100.0,0.0,9856.4,0,0,0,0,0,0.0,0,0,0,0,0,0,0,0,0.0,0,0,0,0,0,0.0,0.0,0.0,0,0,0,33.1,2.64,10.7,0.39,20.77,24.7,63.4,99.99097820660016,9.600684914935112,39.79268882920345,36.987716571570516,26.08046172116254,1799.0,0.0,0.0,54.15774288037708,0.0,45.442951477655704,14.3,99.5,0.0,0.0,0.0,450.0,9856.4,0.0,0.0,9.369,3.277,12.646,9.931,0.636,12.01,emon,0.551,0.696,116.1,90.9,1.277
2026-09-17 22:12:48.512,16.0,0,52,10;33;0;51;0;0;0;48;0;0;2;52;6;16;2;38,876,2637,936;1481;2637;1542;1179;1194;1281;1364;1467;1872;1433;1297;1170;1028;876;1081,100.0,0.0,9856.4,0,0,0,0,0,0.0,0,0,0,0,0,0,0,0,0.0,0,0,0,0,0,0.0,0.0,0.0,0,0,0,32.1,2.62,9.48,0.39,20.14,24.7,63.4,99.99912457133449,11.436332277173912,40.4281400608462,40.08772737290277,24.98883327123774,1799.0,0.0,0.0,54.75221764802023,0.0,42.27211817895338,14.3,99.6,0.0,0.0,0.0,450.0,9856.4,0.0,0.0,9.369,3.277,12.646,9.931,0.636,12.01,emon,0.551,0.696,116.1,90.9,1.277
2026-09-17 22:12:49.512,18.0,0,65,6;33;0;42;0;0;3;65;0;0;2;50;14;16;3;55,838,2180,2180;1885;1798;1794;1488;1282;1287;1364;1433;1134;1131;1322;1079;1098;838;1062,0.5,0.0,9851.1,0,0,0,0,0,0.0,0,0,0,0,0,0,0,0,0.0,0,0,0,0,0,0.0,0.0,0.0,0,0,0,35.1,2.62,9.48,0.39,20.14,24.7,63.4,98.71528204067333,10.745834387448692,40.20133452157717,36.79718994288831,21.129989626817405,1799.0,0.0,0.0,55.49999183061457,0.0,42.29813235569998,14.3,99.5,0.0,0.0,0.0,450.0,9856.4,0.0,0.0,9.369,3.277,12.646,9.931,0.636,12.01,emon,0.551,0.696,116.1,90.9,1.277
2026-09-17 22:12:50.512,16.3,0,52,17;42;11;38;5;2;0;52;0;0;0;25;11;12;3;45,878,1874,1873;1779;1874;1780;1114;1358;1226;1421;1105;1013;983;1185;1040;998;878;1006,0.5,0.0,9851.1,0,0,0,0,0,0.0,0,0,0,0,0,0,0,0,0.0,0,0,0,0,0,0.0,0.0,0.0,0,0,0,34.1,2.62,9.48,0.39,20.14,24.7,63.4,99.3763476103739,8.789581871329764,36.56601428362279,32.441207487988315,21.308687841677976,1799.0,0.0,0.0,49.19531770556971,0.0,43.16833323287795,14.2,99.2,0.0,0.0,0.0,450.0,9854.2,0.0,0.0,81.985,0.962,82.947,14.903,0.954,81.993,emon,0.607,0.428,178.4,82.6,2.158
2026-09-17 22:12:51.513,17.2,0,58,10;35;9;55;0;0;0;54;2;0;0;38;9;3;2;58,883,2141,1539;1609;1526;1883;1261;1118;1274;1447;2141;1163;1158;1299;1089;883;1063;1077,0.4,0.0,9854.2,0,0,0,0,0,0.0,0,0,0,0,0,0,0,0,0.0,0,0,0,0,0,0.0,0.0,0.0,0,0,0,34.1,2.62,9.48,0.39,20.14,24.7,63.4,100.00856632862276,9.890605168534641,39.78403130781303,37.05558519846606,23.244790179636873,1799.0,0.0,0.0,54.500985577675394,0.0,44.11630786630263,14.2,99.2,0.0,0.0,0.0,450.0,9802.1,0.0,0.0,81.985,0.962,82.947,14.903,0.954,81.993,emon,0.607,0.428,178.4,82.6,2.158
2026-09-17 22:12:52.514,17.7,0,56,14;48;8;47;2;0;0;43;2;0;0;56;8;15;3;38,859,1924,1733;1609;1481;1581;1906;1317;1458;1312;1924;1662;1391;1360;1044;1110;859;1097,0.0,0.0,9802.1,0,0,0,0,0,0.0,0,0,0,0,0,0,0,0,0.0,0,0,0,0,0,0.0,0.0,0.0,0,0,0,34.1,3.14,9.47,0.39,20.7,24.7,63.4,99.95844432285854,9.10701363723326,42.842484827552525,38.97950563021004,22.9681958180819,1820.4285714285713,0.0,0.0,57.25566397527083,0.0,41.47564441226704,14.3,99.6,0.0,0.0,0.0,450.0,9800.0,0.0,0.0,81.985,0.962,82.947,14.903,0.954,81.993,emon,0.607,0.428,178.4,82.6,2.158
2026-09-17 22:12:53.515,16.6,0,67,2;47;2;44;0;0;0;32;2;0;0;67;17;8;3;43,1072,2224,2224;1502;2007;1442;1314;1072;1116;1231;1548;1327;1384;1453;1248;1135;1200;1145,5.1,0.0,9796.1,0,0,0,0,0,0.0,0,0,0,0,0,0,0,0,0.0,0,0,0,0,0,0.0,0.0,0.0,0,0,0,33.1,3.14,9.47,0.39,20.7,24.7,63.4,98.17272720887111,11.12777683047506,39.42687116061839,38.712644591533504,22.729211874879322,1799.0,0.0,0.0,52.043781389486796,0.0,42.72665817099183,14.2,99.4,0.0,0.0,0.0,450.0,9794.1,0.0,0.0,81.985,0.962,82.947,14.903,0.954,81.993,emon,0.607,0.428,178.4,82.6,2.158
2026-09-17 22:12:54.516,18.4,0,74,3;45;0;57;0;0;0;34;0;0;0;74;15;12;0;53,918,2039,1885;1447;2039;1686;1115;1086;1129;1226;1507;1375;1432;1489;918;969;967;1051,96.9,0.0,9799.4,0,0,0,0,0,0.0,0,0,0,0,0,0,0,0,0.0,0,0,0,0,0,0.0,0.0,0.0,0,0,0,33.1,3.14,9.47,0.39,20.7,24.7,63.4,99.22691358368972,10.036378794221271,39.75205396920785,37.05989594038191,23.572418647764742,1799.0,0.0,0.0,54.140404717161736,0.0,41.84659633124336,14.3,99.5,0.0,0.0,0.0,450.0,9799.4,0.0,0.0,81.985,0.962,82.947,14.903,0.954,81.993,emon,0.607,0.428,178.4,82.6,2.158
2026-09-17 22:12:55.517,16.7,0,67,8;45;5;45;0;0;0;28;3;0;0;67;16;3;5;43,777,3665,1821;1628;3665;1477;1209;1158;1197;1242;1783;1582;1288;1540;910;968;777;1033,96.9,0.0,9799.4,0,0,0,0,0,0.0,0,0,0,0,0,0,0,0,0.0,0,0,0,0,0,0.0,0.0,0.0,0,0,0,33.1,3.14,9.47,0.39,20.7,24.7,63.4,98.43405937526536,10.142655770577814,37.59204203771508,36.39380711939024,23.40207401695459,1799.0,0.0,0.0,51.414866338075015,0.0,43.95727154187878,14.2,99.1,0.0,0.0,0.0,450.0,9752.9,0.0,0.0,81.985,0.962,82.947,14.903,0.954,81.993,emon,0.607,0.428,178.4,82.6,2.158
2026-09-17 22:12:56.517,16.9,0,50,5;50;5;48;0;0;0;42;2;0;0;41;19;15;3;42,986,2538,2152;1555;2538;1894;2245;1232;1292;1424;986;1749;1470;1334;1138;1087;1080;1032,100.0,0.0,9643.1,0,0,0,0,0,0.0,0,0,0,0,0,0,0,0,0.0,0,0,0,0,0,0.0,0.0,0.0,0,0,0,33.1,2.66,9.52,0.4,20.33,24.7,63.4,99.99991750717163,8.676834618876455,49.2657860070467,40.1624530418776,23.15539800398983,1799.0,0.0,0.0,62.560766290000174,0.0,34.75313573252242,14.3,99.6,0.0,0.0,0.0,450.0,9644.3,0.0,0.0,81.985,0.962,82.947,14.903,0.954,81.993,emon,0.607,0.428,178.4,82.6,2.158
2026-09-17 22:12:57.518,17.1,0,66,8;52;2;58;0;0;0;66;0;0;0;30;2;9;12;36,876,1690,1358;1427;978;1690;1390;1233;1363;1423;1231;1202;1183;1357;986;876;919;1105,0.1,0.0,9644.3,0,0,0,0,0,0.0,0,0,0,0,0,0,0,0,0.0,0,0,0,0,0,0.0,0.0,0.0,0,0,0,32.1,2.66,9.52,0.4,20.33,24.7,63.4,97.9480833473305,9.745139124453999,38.521126269052424,34.79629393744593,20.554151320209105,1799.0,0.0,0.0,51.16221142842551,0.0,45.099138788957134,14.2,99.4,0.0,0.0,0.0,450.0,9643.1,0.0,0.0,81.985,0.962,82.947,14.903,0.954,81.993,emon,0.607,0.428,178.4,82.6,2.158
2026-09-17 22:12:58.520,17.6,0,59,16;38;3;40;0;0;0;59;0;0;0;37;16;29;2;42,837,1991,1692;1518;1104;1951;1991;1248;1264;1449;1140;1157;1175;1267;1004;1010;837;1100,100.0,0.0,9651.0,0,0,0,0,0,0.0,0,0,0,0,0,0,0,0,0.0,0,0,0,0,0,0.0,0.0,0.0,0,0,0,33.1,2.66,9.52,0.4,20.33,24.7,63.4,98.75705715101593,8.52147483285263,38.116475260075255,33.134948704011585,21.32765818583236,1799.0,0.0,0.0,50.49200940626312,0.0,41.903247904410684,14.3,99.4,0.0,0.0,0.0,450.0,9647.9,0.0,0.0,81.985,0.962,82.947,14.903,0.954,81.993,emon,0.607,0.428,178.4,82.6,2.158
2026-09-17 22:12:59.520,18.1,0,59,9;42;0;35;0;0;0;59;2;0;0;44;17;18;8;56,888,2142,1955;1750;2045;1614;1485;1334;1353;1479;2142;1424;990;1392;992;999;888;1021,0.3,0.0,9647.8,0,0,0,0,0,0.0,0,0,0,0,0,0,0,0,0.0,0,0,0,0,0,0.0,0.0,0.0,0,0,0,32.1,2.66,9.52,0.4,20.33,24.7,63.4,100.01827006124371,7.671549634947137,38.08544075129619,33.17173594678167,23.650417926885076,1799.0,0.0,0.0,50.399473591051276,0.0,48.18374062523319,14.3,99.5,0.0,0.0,0.0,450.0,9646.8,0.0,0.0,81.985,0.962,82.947,14.903,0.954,81.993,emon,0.607,0.428,178.4,82.6,2.158
2026-09-17 22:13:00.521,18.8,0,66,11;42;11;36;3;2;0;43;5;5;2;40;11;20;5;66,997,2092,1597;1391;2092;1532;1257;1106;1286;1401;1069;1053;1030;1181;1098;1095;997;1172,0.3,0.0,9647.8,0,0,0,0,0,0.0,0,0,0,0,0,0,0,0,0.0,0,0,0,0,0,0.0,0.0,0.0,0,0,0,31.1,2.83,9.17,0.39,19.77,24.7,63.4,98.6407821723393,9.819498278213931,43.80874684197562,38.934430914052896,22.915560108476452,1799.0,0.0,0.0,55.79949430701589,0.0,41.822508002958365,14.3,99.4,0.0,0.0,0.0,450.0,9641.8,0.0,0.0,81.985,0.962,82.947,14.903,0.954,81.993,emon,0.607,0.428,178.4,82.6,2.158
2026-09-17 22:13:01.521,15.8,0,48,14;46;6;29;0;0;0;41;2;0;2;48;16;6;5;39,1009,2079,1798;1907;1862;2079;1139;1148;1146;1259;1248;2011;1316;1411;1019;1009;1097;1103,0.5,0.0,9641.8,0,0,0,0,0,0.0,0,0,0,0,0,0,0,0,0.0,0,0,0,0,0,0.0,0.0,0.0,0,0,0,32.1,2.83,9.17,0.39,19.77,24.7,63.4,99.03843992647498,8.195344522745922,37.07413927698978,32.72850563721449,22.25435298034037,1799.0,0.0,0.0,50.639338510562524,0.0,46.44474564223814,14.2,98.7,0.0,0.0,0.0,450.0,9643.0,0.0,0.0,81.985,0.962,82.947,14.903,0.954,81.993,emon,0.607,0.428,178.4,82.6,2.158
2026-09-17 22:13:02.522,16.0,0,67,8;38;2;41;0;0;0;34;2;0;0;67;11;8;3;44,1007,2521,1747;1504;1867;1243;1160;1218;2521;1241;1784;2359;2481;1508;1033;1007;1213;1087,85.2,0.0,9643.0,0,0,0,0,0,0.0,0,0,0,0,0,0,0,0,0.0,0,0,0,0,0,0.0,0.0,0.0,0,0,0,31.1,2.83,9.17,0.39,19.77,24.7,63.4,98.13849497333015,9.885652925415906,37.97034274302807,36.52534168313459,22.650087553201264,1799.0,0.0,0.0,52.651824525509454,0.0,43.68803765427495,14.2,99.1,0.0,0.0,0.0,450.0,9646.2,0.0,0.0,50.17,0.916,51.086,17.01,1.089,49.997,emon,0.61,0.397,292.3,135.2,2.162
2026-09-17 22:13:03.577,16.4,0,63,8;47;2;43;0;0;0;38;3;0;0;63;13;8;2;37,867,2686,2686;1681;2005;1571;1625;1153;1138;1244;1549;1524;1400;1415;968;945;867;1155,6.2,0.0,9646.2,0,0,0,0,0,0.0,0,0,0,0,0,0,0,0,0.0,0,0,0,0,0,0.0,0.0,0.0,0,0,0,33.1,2.83,9.17,0.39,19.77,24.8,63.4,95.07646120511569,11.600427659112938,66.80509511862273,60.2895969172924,48.47086921105018,1799.0,0.0,0.0,92.3266608600433,0.0,0.0,14.3,99.6,0.0,0.0,0.0,450.0,9644.9,0.0,0.0,50.17,0.916,51.086,17.01,1.089,49.997,emon,0.61,0.397,292.3,135.2,2.162
2026-09-17 22:13:04.578,17.2,0,62,17;32;8;53;0;0;0;32;2;0;0;62;9;17;2;41,1005,1618,1483;1431;1593;1372;1122;1070;1098;1343;1618;1396;1288;1447;1005;1076;1191;1047,100.0,0.0,9643.5,0,0,0,0,0,0.0,0,0,0,0,0,0,0,0,0.0,0,0,0,0,0,0.0,0.0,0.0,0,0,0,32.1,2.86,9.14,0.4,19.74,24.7,63.4,98.74249198338757,8.668238095250237,38.309900817805776,33.846706563275156,20.471258129975567,1799.0,0.0,0.0,56.2799638567671,0.0,40.09912594559655,14.3,99.5,0.0,0.0,0.0,450.0,9643.5,0.0,0.0,50.17,0.916,51.086,17.01,1.089,49.997,emon,0.61,0.397,292.3,135.2,2.162
2026-09-17 22:13:05.578,17.1,0,55,6;25;9;55;0;0;0;23;2;6;2;55;20;25;10;35,1061,1598,1383;1456;1598;1403;1207;1272;1366;1321;1216;1207;1223;1412;1122;1151;1061;1107,100.0,0.0,9641.8,0,0,0,0,0,0.0,0,0,0,0,0,0,0,0,0.0,0,0,0,0,0,0.0,0.0,0.0,0,0,0,32.1,2.86,9.14,0.4,19.74,24.7,63.4,97.52201347176089,9.094755553854032,35.09721616320654,32.44973528043393,19.28620950563238,1799.0,0.0,0.0,51.50027193850838,0.0,44.46867511864007,14.2,99.3,0.0,0.0,0.0,450.0,9643.5,0.0,0.0,50.17,0.916,51.086,17.01,1.089,49.997,emon,0.61,0.397,292.3,135.2,2.162
2026-09-17 22:13:06.579,16.3,0,69,8;30;2;49;0;0;0;69;0;0;0;38;6;6;6;48,966,2062,2062;1590;1849;1568;1737;1454;1609;1483;1227;1844;1599;1420;1005;966;1065;1074,100.0,0.0,9641.8,0,0,0,0,0,0.0,0,0,0,0,0,0,0,0,0.0,0,0,0,0,0,0.0,0.0,0.0,0,0,0,33.1,2.86,9.14,0.4,19.74,24.7,63.4,98.51713192758481,9.245435654408922,38.59461984801884,35.4745830818395,24.459892968962755,1799.0,0.0,0.0,53.00308219234128,0.0,44.140756623561956,14.2,99.3,0.0,0.0,0.0,450.0,9644.4,0.0,0.0,50.17,0.916,51.086,17.01,1.089,49.997,emon,0.61,0.397,292.3,135.2,2.162
2026-09-17 22:13:07.614,16.7,0,61,11;61;3;59;0;0;0;34;3;0;0;27;11;18;3;36,902,1738,1423;1382;1738;1680;1165;1197;1170;1283;1059;1241;1200;1325;981;932;902;1131,100.0,0.0,9644.4,0,0,0,0,0,0.0,0,0,0,0,0,0,0,0,0.0,0,0,0,0,0,0.0,0.0,0.0,0,0,0,33.1,2.86,9.14,0.4,19.74,24.8,63.4,99.95658774997877,12.444621941317683,53.999854792719304,49.68149927388067,38.8934210901675,1799.0,0.0,0.0,73.92775982245803,0.0,26.295151296677826,14.3,99.7,0.0,0.0,0.0,450.0,9647.3,0.0,0.0,50.17,0.916,51.086,17.01,1.089,49.997,emon,0.61,0.397,292.3,135.2,2.162
2026-09-17 22:13:08.615,18.9,0,60,15;53;11;42;0;0;0;60;3;0;0;37;23;6;5;47,913,2418,1532;1338;1813;1610;1386;1230;1319;1454;2418;1204;1164;1335;1090;982;913;1115,0.0,0.0,9647.3,0,0,0,0,0,0.0,0,0,0,0,0,0,0,0,0.0,0,0,0,0,0,0.0,0.0,0.0,0,0,0,33.1,2.55,9.26,0.4,19.61,24.7,63.4,96.71263771924106,8.332564679600976,42.52236039205031,37.400316927107895,23.040966084870426,1799.0,0.0,0.0,54.64258471121165,0.0,38.34097802706562,14.3,99.4,0.0,0.0,0.0,450.0,9646.0,0.0,0.0,50.17,0.916,51.086,17.01,1.089,49.997,emon,0.61,0.397,292.3,135.2,2.162
2026-09-17 22:13:09.615,16.7,0,78,9;46;8;35;0;0;0;78;0;2;0;28;8;5;5;45,834,2602,2213;1633;2602;1839;1350;1286;1422;1491;1274;1007;1663;1254;963;1260;834;1092,75.6,0.0,9643.2,0,0,0,0,0,0.0,0,0,0,0,0,0,0,0,0.0,0,0,0,0,0,0.0,0.0,0.0,0,0,0,34.1,2.55,9.26,0.4,19.61,24.7,63.4,99.15181304079242,9.661453154028715,37.984671999922895,34.75495036763955,20.10299895558737,1799.0,0.0,0.0,54.10526545663917,0.0,43.77553189735416,14.2,99.2,0.0,0.0,0.0,450.0,9641.8,0.0,0.0,50.17,0.916,51.086,17.01,1.089,49.997,emon,0.61,0.397,292.3,135.2,2.162
2026-09-17 22:13:10.616,16.7,0,62,2;47;0;39;0;0;0;62;5;0;0;49;17;12;6;27,942,2246,2246;1876;2028;1889;1309;1334;1348;1432;1022;1525;1234;1297;973;943;942;1035,100.0,0.0,9644.9,0,0,0,0,0,0.0,0,0,0,0,0,0,0,0,0.0,0,0,0,0,0,0.0,0.0,0.0,0,0,0,34.1,2.55,9.26,0.4,19.61,24.7,63.4,99.7018104479151,11.505604919959403,41.465708947821874,41.02981828326739,25.642585865872938,1799.0,0.0,0.0,54.452718018829934,0.0,44.08967208334151,14.2,99.2,0.0,0.0,0.0,450.0,9644.9,0.0,0.0,50.17,0.916,51.086,17.01,1.089,49.997,emon,0.61,0.397,292.3,135.2,2.162
2026-09-17 22:13:11.642,15.9,0,55,12;46;2;38;0;0;0;34;0;0;0;55;6;10;3;48,874,1965,1884;1674;1965;1602;1089;990;1040;1209;1770;1951;1664;1427;980;874;887;1032,100.0,0.0,9644.9,0,0,0,0,0,0.0,0,0,0,0,0,0,0,0,0.0,0,0,0,0,0,0.0,0.0,0.0,0,0,0,33.1,2.55,9.26,0.4,19.61,24.8,63.4,87.32546955744425,10.59919163386027,64.42302290598552,57.597137959798175,45.63023465474446,1799.0,0.0,0.0,86.67033628647526,0.0,0.0,14.2,99.4,0.0,0.0,0.0,450.0,9644.7,0.0,0.0,50.17,0.916,51.086,17.01,1.089,49.997,emon,0.61,0.397,292.3,135.2,2.162
2026-09-17 22:13:12.643,15.5,0,58,11;38;5;38;0;0;0;19;9;0;0;58;17;16;3;36,1034,2411,2282;1419;2411;1566;1176;1193;1132;1426;1253;1349;1328;1377;1034;1054;1120;1130,0.5,0.0,9644.7,0,0,0,0,0,0.0,0,0,0,0,0,0,0,0,0.0,0,0,0,0,0,0.0,0.0,0.0,0,0,0,32.1,3.07,9.27,0.39,20.2,24.7,63.4,100.00000485506925,15.136267098513516,77.57904989069158,71.3110518022017,55.876556396484375,1799.0,0.0,0.0,99.99999861283736,0.0,0.0,14.3,99.6,0.0,0.0,0.0,450.0,9646.0,0.0,0.0,50.17,0.916,51.086,17.01,1.089,49.997,emon,0.61,0.397,292.3,135.2,2.162
2026-09-17 22:13:13.644,16.8,0,47,9;40;2;47;6;0;0;25;16;2;0;46;34;6;5;32,942,2097,2097;1401;1622;1611;1085;1101;1146;1211;1316;1045;1276;1378;1115;966;942;1029,100.0,0.0,9646.0,0,0,0,0,0,0.0,0,0,0,0,0,0,0,0,0.0,0,0,0,0,0,0.0,0.0,0.0,0,0,0,32.1,3.07,9.27,0.39,20.2,24.7,63.4,98.41070199416856,8.966659333256972,36.09799901004565,33.999229057549925,19.022798320878362,1799.0,0.0,0.0,51.820017310920946,0.0,44.811034453634804,14.2,99.4,0.0,0.0,0.0,450.0,9644.0,0.0,0.0,50.17,0.916,51.086,17.01,1.089,49.997,emon,0.61,0.397,292.3,135.2,2.162
2026-09-17 22:13:14.645,17.8,0,71,42;16;8;51;33;2;0;3;71;2;0;0;40;8;5;6,959,1954,1669;1689;1695;1523;1101;1954;1140;1113;1451;1461;1192;1270;1140;984;978;959,0.1,0.0,9644.0,0,0,0,0,0,0.0,0,0,0,0,0,0,0,0,0.0,0,0,0,0,0,0.0,0.0,0.0,0,0,0,33.1,3.07,9.27,0.39,20.2,24.7,63.4,100.00371963258773,12.33211952589807,42.555792544569286,41.835405494485585,28.264252628953685,1799.0,0.0,0.0,57.25756695133353,0.0,40.05409111941679,14.3,99.7,0.0,0.0,0.0,450.0,9646.9,0.0,0.0,57.254,0.89,58.144,14.85,0.95,57.194,emon,0.612,0.444,255.1,119.6,2.133
2026-09-17 22:13:15.646,15.9,0,57,27;8;0;26;39;0;0;6;57;3;0;0;44;20;20;5,836,2003,1259;1681;2003;1321;1176;1117;1022;1121;1303;1033;1299;1282;1107;1079;1188;836,0.0,0.0,9646.9,0,0,0,0,0,0.0,0,0,0,0,0,0,0,0,0.0,0,0,0,0,0,0.0,0.0,0.0,0,0,0,32.1,3.07,9.27,0.39,20.2,24.7,63.4,99.99999861283736,12.315070759166371,80.58349054509944,71.60645363547586,57.80684488469904,1799.0,0.0,0.0,99.99999861283736,0.0,0.0,14.3,99.7,0.0,0.0,0.0,450.0,9652.2,0.0,0.0,57.254,0.89,58.144,14.85,0.95,57.194,emon,0.612,0.444,255.1,119.6,2.133
2026-09-17 22:13:16.646,17.5,0,63,47;14;0;33;63;0;0;5;54;3;0;0;42;16;3;2,864,1971,1388;1971;1727;1788;1381;1176;1317;1224;1299;1489;1147;997;1087;1022;913;864,100.0,0.0,9652.0,0,0,0,0,0,0.0,0,0,0,0,0,0,0,0,0.0,0,0,0,0,0,0.0,0.0,0.0,0,0,0,33.1,2.4,9.12,0.4,19.24,24.7,63.4,98.5489105297969,8.4890814968743,42.30758346594297,37.36896393574201,23.27961174169412,1799.0,0.0,0.0,57.039710547201906,0.0,38.83046552366359,14.2,99.2,0.0,0.0,0.0,450.0,9649.1,0.0,0.0,57.254,0.89,58.144,14.85,0.95,57.194,emon,0.612,0.444,255.1,119.6,2.133
2026-09-17 22:13:17.648,17.3,0,70,39;8;3;42;70;2;2;0;36;0;2;0;51;20;3;2,907,1798,1584;1535;1798;1664;1494;1119;1526;1309;1445;1172;907;1209;1066;1046;933;1006,100.0,0.0,9652.0,0,0,0,0,0,0.0,0,0,0,0,0,0,0,0,0.0,0,0,0,0,0,0.0,0.0,0.0,0,0,0,32.1,2.4,9.12,0.4,19.24,24.7,63.4,99.39055464959914,8.61211154313097,37.509631679904075,33.688136609523525,22.537670745352102,1799.0,0.0,0.0,49.79061268969709,0.0,47.513985945045924,14.2,99.1,0.0,0.0,0.0,450.0,9642.8,0.0,0.0,57.254,0.89,58.144,14.85,0.95,57.194,emon,0.612,0.444,255.1,119.6,2.133
2026-09-17 22:13:18.648,17.0,0,56,48;25;0;40;56;2;0;0;42;2;0;0;39;10;6;3,987,2459,1438;1538;2459;1674;1460;1584;1458;1320;1210;1005;1030;1174;1159;1027;987;1021,100.0,0.0,9642.8,0,0,0,0,0,0.0,0,0,0,0,0,0,0,0,0.0,0,0,0,0,0,0.0,0.0,0.0,0,0,0,32.1,2.4,9.12,0.4,19.24,24.7,63.4,98.73129189980996,9.907955241477671,38.02559497781299,36.179934418533705,23.449570820188605,1799.0,0.0,0.0,51.46795940679196,0.0,45.01334393165259,14.2,99.2,0.0,0.0,0.0,450.0,9641.6,0.0,0.0,57.254,0.89,58.144,14.85,0.95,57.194,emon,0.612,0.444,255.1,119.6,2.133
2026-09-17 22:13:19.649,15.5,0,70,41;6;5;40;70;0;0;0;38;0;0;0;33;11;3;2,837,1907,1817;1907;837;1890;1497;1819;1555;1626;1188;1112;1030;940;1160;1089;973;1004,100.0,0.0,9641.6,0,0,0,0,0,0.0,0,0,0,0,0,0,0,0,0.0,0,0,0,0,0,0.0,0.0,0.0,0,0,0,34.1,2.4,9.12,0.4,19.24,24.7,63.4,99.99919183570218,8.36641952452665,43.695684119924366,38.76291896133538,30.20476107748158,1799.0,0.0,0.0,56.73738526322329,0.0,43.74747464327214,14.3,99.4,0.0,0.0,0.0,450.0,9643.8,0.0,0.0,57.254,0.89,58.144,14.85,0.95,57.194,emon,0.612,0.444,255.1,119.6,2.133
2026-09-17 22:13:20.651,17.0,0,67,30;6;0;60;67;0;0;0;37;0;0;0;44;12;3;14,1029,2551,1554;1371;2551;1667;1463;1353;1198;1029;1344;1213;1205;1064;1249;1081;1164;1112,100.0,0.0,9643.8,0,0,0,0,0,0.0,0,0,0,0,0,0,0,0,0.0,0,0,0,0,0,0.0,0.0,0.0,0,0,0,33.1,2.84,9.35,0.4,20.05,24.7,63.4,97.49601337156798,10.475074988924653,43.81038769452196,40.05756557379898,24.980529938790777,1799.0,0.0,0.0,55.34948622560324,0.0,41.18299250044606,14.2,99.3,0.0,0.0,0.0,450.0,9643.8,0.0,0.0,57.254,0.89,58.144,14.85,0.95,57.194,emon,0.612,0.444,255.1,119.6,2.133
2026-09-17 22:13:21.651,16.3,0,58,33;14;0;40;25;0;0;0;58;11;2;0;47;28;0;3,875,1912,1669;1912;1722;1729;1277;1575;875;995;1431;1316;1236;1441;1030;992;1009;1132,100.0,0.0,9641.6,0,0,0,0,0,0.0,0,0,0,0,0,0,0,0,0.0,0,0,0,0,0,0.0,0.0,0.0,0,0,0,33.1,2.84,9.35,0.4,20.05,24.7,63.4,99.16972008244744,9.954535538451104,38.945541684997494,34.420073933257115,20.649714660477535,1799.0,0.0,0.0,52.69221521689203,0.0,46.05999600847025,14.2,99.3,0.0,0.0,0.0,450.0,9643.8,0.0,0.0,57.254,0.89,58.144,14.85,0.95,57.194,emon,0.612,0.444,255.1,119.6,2.133
2026-09-17 22:13:22.665,17.2,0,71,32;11;3;50;46;3;6;0;71;2;0;0;36;9;3;3,877,2232,1894;1489;2232;2041;1383;1583;1073;1209;1419;1288;1163;1198;1072;1051;916;877,100.0,0.0,9642.0,0,0,0,0,0,0.0,0,0,0,0,0,0,0,0,0.0,0,0,0,0,0,0.0,0.0,0.0,0,0,0,34.1,2.84,9.35,0.4,20.05,24.8,63.4,98.6309787026287,7.045218906317749,40.96059519357055,35.15316849316124,27.825490251944885,1799.0,0.0,0.0,53.396859519781856,0.0,45.65148297216623,14.2,98.9,0.0,0.0,0.0,450.0,9642.0,0.0,0.0,57.254,0.89,58.144,14.85,0.95,57.194,emon,0.612,0.444,255.1,119.6,2.133
2026-09-17 22:13:23.666,15.8,0,74,40;8;5;42;39;0;0;0;74;0;0;2;25;11;5;3,873,2049,1334;2049;2047;1790;1242;1544;1200;1152;1395;1854;1544;1245;1113;1024;934;873,100.0,0.0,9642.0,0,0,0,0,0,0.0,0,0,0,0,0,0,0,0,0.0,0,0,0,0,0,0.0,0.0,0.0,0,0,0,33.1,2.84,9.35,0.4,20.05,24.7,63.4,100.00000138716264,11.248428084633566,82.76602242209695,72.50439938631925,59.01319711858576,1799.0,0.0,0.0,100.00000138716264,0.0,0.0,14.2,98.9,0.0,0.0,0.0,450.0,9642.0,0.0,0.0,57.254,0.89,58.144,14.85,0.95,57.194,emon,0.612,0.444,255.1,119.6,2.133
2026-09-17 22:13:24.667,16.9,0,73,38;5;5;42;34;0;0;0;73;0;0;0;48;14;9;3,928,2178,1517;2178;1182;1462;1178;1073;1127;928;1358;1485;1285;1196;1181;1101;1129;1063,100.0,0.0,9647.1,0,0,0,0,0,0.0,0,0,0,0,0,0,0,0,0.0,0,0,0,0,0,0.0,0.0,0.0,0,0,0,33.1,3.01,9.22,0.39,19.99,24.7,63.4,98.39895780499165,9.474432804460566,38.44916402605864,36.07750402247677,22.495795241946606,1799.0,0.0,0.0,52.99622185200524,0.0,44.61682801338032,14.3,99.7,0.0,0.0,0.0,450.0,9647.1,0.0,0.0,57.254,0.89,58.144,14.85,0.95,57.194,emon,0.612,0.444,255.1,119.6,2.133
2026-09-17 22:13:25.667,15.9,0,51,34;12;2;38;51;2;0;0;36;0;0;0;49;17;11;3,986,2017,1578;1686;2017;1876;1380;1414;1306;1575;1280;1429;1465;1267;1108;1013;1184;986,0.4,0.0,9640.8,0,0,0,0,0,0.0,0,0,0,0,0,0,0,0,0.0,0,0,0,0,0,0.0,0.0,0.0,0,0,0,33.1,3.01,9.22,0.39,19.99,24.7,63.4,99.31833332777023,9.585024526181062,36.41792864600817,34.7217953334459,22.507389542957146,1799.0,0.0,0.0,52.9002197070707,0.0,45.57311522299288,14.2,99.2,0.0,0.0,0.0,450.0,9640.8,0.0,0.0,57.254,0.89,58.144,14.85,0.95,57.194,emon,0.612,0.444,255.1,119.6,2.133
2026-09-17 22:13:26.719,16.2,0,58,53;10;3;39;58;0;0;0;26;0;1;0;43;21;6;0,1010,2176,1577;1651;2176;1868;1433;2024;1787;1992;1323;1407;1080;1715;1159;1048;1020;1010,0.2,0.0,9640.8,0,0,0,0,0,0.0,0,0,0,0,0,0,0,0,0.0,0,0,0,0,0,0.0,0.0,0.0,0,0,0,33.1,3.01,9.22,0.39,19.99,24.8,63.4,99.9956380603383,7.5353060793493265,44.65795244102918,38.75905421317456,29.618143497161494,1799.0,0.0,0.0,55.45002904310099,0.0,46.01657681693087,14.2,99.2,0.0,0.0,0.0,450.0,9640.8,0.0,0.0,63.758,0.947,64.705,17.677,1.131,63.574,emon,0.607,0.384,228.8,105.8,2.163
2026-09-17 22:13:27.720,16.9,0,60,43;11;0;41;60;0;0;0;51;0;0;0;38;19;8;0,921,2115,2115;2109;1714;2056;1467;1587;1598;1410;1361;1091;1281;1104;1064;987;921;1148,0.5,0.0,9641.9,0,0,0,0,0,0.0,0,0,0,0,0,0,0,0,0.0,0,0,0,0,0,0.0,0.0,0.0,0,0,0,35.1,3.01,9.22,0.39,19.99,24.7,63.4,100.0005412382238,5.308293936930659,44.86276519336119,36.624243201085314,30.045307140390413,1799.0,0.0,0.0,54.72978128883166,0.0,46.59749832459777,14.3,99.4,0.0,0.0,0.0,450.0,9640.8,0.0,0.0,63.758,0.947,64.705,17.677,1.131,63.574,emon,0.607,0.384,228.8,105.8,2.163
2026-09-17 22:13:28.720,15.8,0,67,49;11;0;27;67;0;0;0;30;0;0;0;34;20;14;0,926,2889,1283;1605;2889;1832;1400;1169;1267;1376;1229;1441;1188;1171;1069;926;999;989,0.5,0.0,9641.9,0,0,0,0,0,0.0,0,0,0,0,0,0,0,0,0.0,0,0,0,0,0,0.0,0.0,0.0,0,0,0,34.1,3.16,9.49,0.39,20.69,24.7,63.4,95.65227996441256,9.980697365567448,40.217087765774096,39.54615645900548,23.573545741388596,1799.0,0.0,0.0,54.2685152387067,0.0,40.11298949307966,14.3,99.3,0.0,0.0,0.0,450.0,9641.9,0.0,0.0,63.758,0.947,64.705,17.677,1.131,63.574,emon,0.607,0.384,228.8,105.8,2.163
2026-09-17 22:13:29.721,18.4,0,61,44;9;5;38;61;0;0;0;36;0;2;3;59;24;9;5,866,2639,1329;1306;2639;1509;1356;1675;1692;1793;1250;1187;1273;1003;1101;995;1019;866,100.0,0.0,9645.1,0,0,0,0,0,0.0,0,0,0,0,0,0,0,0,0.0,0,0,0,0,0,0.0,0.0,0.0,0,0,0,33.1,3.16,9.49,0.39,20.69,24.7,63.4,98.15729393181226,8.452085158926375,34.46666218583466,31.595703780228366,18.63777416162457,1799.0,0.0,0.0,49.03126004749103,0.0,45.87585846198865,14.2,99.2,0.0,0.0,0.0,450.0,9645.1,0.0,0.0,63.758,0.947,64.705,17.677,1.131,63.574,emon,0.607,0.384,228.8,105.8,2.163
2026-09-17 22:13:30.721,17.3,0,48,42;5;2;42;47;0;0;0;48;0;0;0;48;16;22;5,939,2175,1745;2175;1210;1771;1431;1807;1249;1313;1434;1051;1619;1489;1153;966;1207;939,58.2,0.0,9640.8,0,0,0,0,0,0.0,0,0,0,0,0,0,0,0,0.0,0,0,0,0,0,0.0,0.0,0.0,0,0,0,33.1,3.16,9.49,0.39,20.69,24.7,63.4,98.61618673695928,6.42254416740178,40.590771323284216,34.46882576366837,27.2043812021745,1799.0,0.0,0.0,54.09680866778095,0.0,43.80423059016479,14.2,99.2,0.0,0.0,0.0,450.0,9640.8,0.0,0.0,63.758,0.947,64.705,17.677,1.131,63.574,emon,0.607,0.384,228.8,105.8,2.163
2026-09-17 22:13:31.722,17.9,2,70,44;14;5;44;34;2;2;2;70;8;2;2;38;9;8;5,972,1925,1279;1761;1827;1443;1343;1609;1881;1633;1439;1249;1829;1925;1081;972;1025;999,0.0,0.0,9642.3,0,0,0,0,0,0.0,0,0,0,0,0,0,0,0,0.0,0,0,0,0,0,0.0,0.0,0.0,0,0,0,33.1,2.56,9.25,0.39,19.66,24.7,63.4,99.99816385904948,11.02859164873759,73.15688959757487,64.52376327514648,50.76348304748535,1799.0,0.0,0.0,86.68676151285568,0.0,13.455585169792176,14.2,99.1,0.0,0.0,0.0,450.0,9642.3,0.0,0.0,63.758,0.947,64.705,17.677,1.131,63.574,emon,0.607,0.384,228.8,105.8,2.163
2026-09-17 22:13:32.723,16.6,0,62,42;6;5;46;33;0;2;2;62;8;0;2;42;6;5;8,943,2587,1547;1577;2587;1537;1210;1025;1002;1038;1389;1493;1353;1318;1163;1011;1038;943,100.0,0.0,9645.7,0,0,0,0,0,0.0,0,0,0,0,0,0,0,0,0.0,0,0,0,0,0,0.0,0.0,0.0,0,0,0,33.1,2.56,9.25,0.39,19.66,24.7,63.4,97.31066114703815,11.25787768396549,44.20228682458401,42.915621103098,27.883433272460632,1799.0,0.0,0.0,54.274435509649464,0.0,39.2962242460126,14.3,99.7,0.0,0.0,0.0,450.0,9645.7,0.0,0.0,63.758,0.947,64.705,17.677,1.131,63.574,emon,0.607,0.384,228.8,105.8,2.163
2026-09-17 22:13:33.733,15.3,0,72,43;0;0;49;25;0;0;0;72;2;0;0;29;18;2;4,864,1618,1568;1195;1280;1618;1252;1298;1287;1227;1403;1239;1452;1297;987;949;864;909,100.0,0.0,9645.7,0,0,0,0,0,0.0,0,0,0,0,0,0,0,0,0.0,0,0,0,0,0,0.0,0.0,0.0,0,0,0,33.1,2.56,9.25,0.39,19.66,24.8,63.4,99.99660007084641,11.522182182086823,38.96391438769403,37.19735464606887,23.79094630841897,1799.0,0.0,0.0,54.32333510595365,0.0,44.33536460965189,14.2,99.4,0.0,0.0,0.0,450.0,9646.2,0.0,0.0,63.758,0.947,64.705,17.677,1.131,63.574,emon,0.607,0.384,228.8,105.8,2.163
2026-09-17 22:13:34.734,17.3,0,73,38;5;0;40;33;0;0;0;73;0;0;2;44;23;18;2,930,2071,1320;1809;1846;1657;1398;1605;1657;1576;1518;2071;1797;1280;1061;963;930;969,0.5,0.0,9646.2,0,0,0,0,0,0.0,0,0,0,0,0,0,0,0,0.0,0,0,0,0,0,0.0,0.0,0.0,0,0,0,33.1,2.56,9.25,0.39,19.66,24.7,63.4,92.14525421460469,9.687362313270569,76.21334966023763,66.20248826344807,54.5848970413208,1799.0,0.0,0.0,91.66863495872046,0.0,0.0,14.3,99.6,0.0,0.0,0.0,450.0,9646.2,0.0,0.0,63.758,0.947,64.705,17.677,1.131,63.574,emon,0.607,0.384,228.8,105.8,2.163
2026-09-17 22:13:35.735,15.9,0,69,38;6;5;29;43;0;0;0;69;0;0;0;44;12;6;2,959,3333,1567;1454;1625;1784;1158;1275;1417;1476;1514;3333;1404;1412;1052;959;969;960,100.0,0.0,9649.4,0,0,0,0,0,0.0,0,0,0,0,0,0,0,0,0.0,0,0,0,0,0,0.0,0.0,0.0,0,0,0,33.1,2.51,8.97,0.4,19.03,24.7,63.4,96.54438657420022,8.93569147859567,50.344276160001755,43.93410086631775,27.044289321372553,1799.0,0.0,0.0,64.39149870776704,0.0,25.278945374481346,14.2,99.5,0.0,0.0,0.0,450.0,9649.4,0.0,0.0,63.758,0.947,64.705,17.677,1.131,63.574,emon,0.607,0.384,228.8,105.8,2.163
2026-09-17 22:13:36.736,16.7,0,68,56;9;0;49;68;0;0;0;23;0;0;0;40;13;6;3,957,1738,1112;1639;1461;1592;1412;1465;1602;1472;1309;1738;1062;1348;1105;981;1027;957,6.4,0.0,9649.4,0,0,0,0,0,0.0,0,0,0,0,0,0,0,0,0.0,0,0,0,0,0,0.0,0.0,0.0,0,0,0,32.1,2.51,8.97,0.4,19.03,24.7,63.4,98.1109372118245,11.073753482095249,39.617986850116566,38.35514801611071,23.962446692602143,1799.0,0.0,0.0,52.25683579543281,0.0,42.77248993688527,14.2,99.3,0.0,0.0,0.0,450.0,9649.4,0.0,0.0,63.758,0.947,64.705,17.677,1.131,63.574,emon,0.607,0.384,228.8,105.8,2.163
2026-09-17 22:13:37.800,16.9,0,67,48;10;7;42;67;0;0;0;35;2;0;0;25;30;3;2,883,2214,1350;2214;1302;1379;1429;1350;1345;1377;1210;1725;1099;1064;1023;1055;883;1028,30.9,0.0,9647.7,0,0,0,0,0,0.0,0,0,0,0,0,0,0,0,0.0,0,0,0,0,0,0.0,0.0,0.0,0,0,0,32.1,2.51,8.97,0.4,19.03,24.8,63.4,98.10907608584354,8.936346904227609,39.015971821232846,35.41353984537878,22.7678768983797,1799.0,0.0,0.0,51.708564324726005,0.0,43.59734486916786,14.3,99.4,0.0,0.0,0.0,450.0,9647.7,0.0,0.0,63.22,0.943,64.162,13.106,0.839,63.323,emon,0.609,0.406,230.8,106.9,2.159
2026-09-17 22:13:38.801,16.4,0,59,35;9;5;41;59;0;0;0;34;0;0;2;45;23;8;2,927,2567,1358;1296;1306;1334;1407;1321;1328;1304;1321;2567;1016;1353;1029;1027;1018;927,0.3,0.0,9646.0,0,0,0,0,0,0.0,0,0,0,0,0,0,0,0,0.0,0,0,0,0,0,0.0,0.0,0.0,0,0,0,32.1,2.51,8.97,0.4,19.03,24.7,63.4,99.99999791925603,10.840448422865434,82.83217412775213,72.29677859219638,59.24026454578746,1799.0,0.0,0.0,100.00000277432528,0.0,0.0,14.2,99.3,0.0,0.0,0.0,450.0,9647.7,0.0,0.0,63.22,0.943,64.162,13.106,0.839,63.323,emon,0.609,0.406,230.8,106.9,2.159
2026-09-17 22:13:39.802,15.9,0,46,46;11;0;42;46;0;0;0;29;0;0;0;31;31;12;6,872,1564,1308;1461;1230;1510;1278;1146;1354;1255;1276;1148;1111;1564;1078;1081;1043;872,0.3,0.0,9646.0,0,0,0,0,0,0.0,0,0,0,0,0,0,0,0,0.0,0,0,0,0,0,0.0,0.0,0.0,0,0,0,32.1,2.19,8.97,0.4,18.74,24.7,63.4,99.98175898960659,11.048551518736142,51.09243300642286,48.482869003500255,31.14686788790859,1799.0,0.0,0.0,62.96281660263028,0.0,31.753333061711913,14.3,99.7,0.0,0.0,0.0,450.0,9646.0,0.0,0.0,63.22,0.943,64.162,13.106,0.839,63.323,emon,0.609,0.406,230.8,106.9,2.159
2026-09-17 22:13:40.803,16.7,0,49,36;8;3;45;47;2;0;0;49;0;0;0;42;22;12;2,998,1779,1305;1779;1682;1482;1393;1588;1221;1062;1301;1620;1126;1090;1102;1047;998;1182,100.0,0.0,9646.0,0,0,0,0,0,0.0,0,0,0,0,0,0,0,0,0.0,0,0,0,0,0,0.0,0.0,0.0,0,0,0,31.1,2.19,8.97,0.4,18.74,24.7,63.4,99.18322172811476,9.19600905220703,40.519229163557796,36.30202245952214,23.47182210383274,1799.0,0.0,0.0,52.66675159324876,0.0,45.37459861603108,14.3,99.8,0.0,0.0,0.0,450.0,9646.0,0.0,0.0,63.22,0.943,64.162,13.106,0.839,63.323,emon,0.609,0.406,230.8,106.9,2.159
2026-09-17 22:13:41.804,18.0,2,52,42;11;9;45;38;6;2;2;52;2;3;5;44;22;5;3,827,2180,1395;2180;1024;1811;1204;1051;1027;1077;1409;1031;1119;994;1143;1020;827;932,100.0,0.0,9640.8,0,0,0,0,0,0.0,0,0,0,0,0,0,0,0,0.0,0,0,0,0,0,0.0,0.0,0.0,0,0,0,33.1,2.19,8.97,0.4,18.74,24.7,63.4,99.1135908441806,7.904461725281739,44.196350924465634,39.08010367406617,30.166134733945952,1799.0,0.0,0.0,55.15733213814984,0.0,44.42602814190992,14.2,99.2,0.0,0.0,0.0,450.0,9646.0,0.0,0.0,63.22,0.943,64.162,13.106,0.839,63.323,emon,0.609,0.406,230.8,106.9,2.159
2026-09-17 22:13:42.804,16.8,0,71,36;9;5;41;34;0;0;0;71;0;0;0;47;20;3;3,971,1979,1507;1896;1979;1564;1387;1564;1624;1503;1475;1522;1488;1879;1092;971;1120;992,100.0,0.0,9645.3,0,0,0,0,0,0.0,0,0,0,0,0,0,0,0,0.0,0,0,0,0,0,0.0,0.0,0.0,0,0,0,33.1,2.19,8.97,0.4,18.74,24.7,63.4,86.70090426717486,11.701918738228935,67.15952355521065,60.7318308694022,48.04212597438267,1799.0,0.0,0.0,85.71975362447223,0.0,0.0,14.3,99.4,0.0,0.0,0.0,450.0,9645.3,0.0,0.0,63.22,0.943,64.162,13.106,0.839,63.323,emon,0.609,0.406,230.8,106.9,2.159
2026-09-17 22:13:43.805,21.3,3,47,30;29;11;39;11;20;3;5;47;31;6;9;33;31;25;12,1024,2181,1719;1849;2181;1785;1236;1241;1256;1143;1395;1444;1537;1583;1045;1129;1024;1071,0.0,0.0,9640.8,0,0,0,0,0,0.0,0,0,0,0,0,0,0,0,0.0,0,0,0,0,0,0.0,0.0,0.0,0,0,0,33.1,2.47,9.12,0.39,19.3,24.7,63.4,99.99560728527251,11.022149832985763,47.449803060009366,44.65255307512624,28.544073595887138,1799.0,0.0,0.0,59.63895319472067,0.0,36.061242309252215,14.2,99.2,0.0,0.0,0.0,450.0,9640.8,0.0,0.0,63.22,0.943,64.162,13.106,0.839,63.323,emon,0.609,0.406,230.8,106.9,2.159
2026-09-17 22:13:44.805,32.6,3,80,62;65;49;54;3;39;21;10;3;47;39;8;3;80;31;8,954,1997,1750;1808;1657;1997;954;1316;1136;1080;1272;1235;1156;1344;1093;1216;1167;1072,0.0,0.0,9640.8,0,0,0,0,0,0.0,0,0,0,0,0,0,0,0,0.0,0,0,0,0,0,0.0,0.0,0.0,0,0,0,35.1,2.47,9.12,0.39,19.3,24.7,63.4,99.94283349664362,9.181411915391616,30.92860985661412,30.041609223898465,17.349495451326842,1799.0,0.0,0.0,50.57673573022423,0.0,46.03262216000957,14.3,99.7,0.0,0.0,0.0,450.0,9643.7,0.0,0.0,63.22,0.943,64.162,13.106,0.839,63.323,emon,0.609,0.406,230.8,106.9,2.159
2026-09-17 22:13:45.806,18.5,0,51,12;50;12;41;0;45;3;0;0;51;8;0;8;45;8;12,876,1861,1861;1580;1618;1677;1199;1398;960;1192;876;1306;970;1819;1014;1084;1061;940,0.4,0.0,9643.7,0,0,0,0,0,0.0,0,0,0,0,0,0,0,0,0.0,0,0,0,0,0,0.0,0.0,0.0,0,0,0,34.1,2.47,9.12,0.39,19.3,24.7,63.4,93.79410863320032,10.256628753741582,49.60986326535543,45.69892859458923,35.15581277211507,1799.0,0.0,0.0,66.74667585163067,0.0,26.91818942176936,14.3,99.6,0.0,0.0,0.0,450.0,9643.7,0.0,0.0,63.22,0.943,64.162,13.106,0.839,63.323,emon,0.609,0.406,230.8,106.9,2.159
2026-09-17 22:13:46.806,22.7,0,77,12;61;5;49;0;64;2;0;0;51;8;0;11;77;10;14,1053,2335,2261;2202;2335;1965;1225;1502;1471;1375;1220;1249;1089;1196;1053;1240;1208;1100,100.0,0.0,9640.8,0,0,0,0,0,0.0,0,0,0,0,0,0,0,0,0.0,0,0,0,0,0,0.0,0.0,0.0,0,0,0,36.1,2.47,9.12,0.39,19.3,24.7,63.4,97.45580707435255,10.304986107784012,39.545380691687264,36.29509523980044,27.75798165070376,1799.0,0.0,0.0,54.744301357496255,0.0,43.899878045570006,14.2,99.0,0.0,0.0,0.0,450.0,9640.8,0.0,0.0,63.22,0.943,64.162,13.106,0.839,63.323,emon,0.609,0.406,230.8,106.9,2.159
2026-09-17 22:13:47.807,19.9,0,67,26;66;8;38;0;44;2;0;0;45;0;0;5;67;12;6,969,2153,2123;2153;2073;2118;1166;1287;1370;1181;1208;1218;1017;1187;1128;1215;1161;969,100.0,0.0,9640.8,0,0,0,0,0,0.0,0,0,0,0,0,0,0,0,0.0,0,0,0,0,0,0.0,0.0,0.0,0,0,0,36.1,4.19,10.26,0.39,23.53,24.7,63.4,99.44843393756497,10.700471999063607,37.99037425652627,35.55986059925729,22.74003827887223,1799.0,0.0,0.0,51.74954601512441,0.0,45.2769457115682,14.2,99.1,0.0,0.0,0.0,450.0,9640.8,0.0,0.0,63.22,0.943,64.162,13.106,0.839,63.323,emon,0.609,0.406,230.8,106.9,2.159
2026-09-17 22:13:48.807,17.0,0,73,15;37;0;30;0;73;2;0;0;47;0;0;3;48;6;11,945,2749,1677;2050;2749;2258;1407;1559;1088;2122;1101;1425;1173;1268;1202;1191;1130;945,100.0,0.0,9640.8,0,0,0,0,0,0.0,0,0,0,0,0,0,0,0,0.0,0,0,0,0,0,0.0,0.0,0.0,0,0,0,36.1,4.19,10.26,0.39,23.53,24.7,63.4,80.65602784156799,0.672037747874856,18.631343668699266,16.137071504443885,2.3664355324886857,1326.5,0.0,0.0,0.0,0.0,52.81459644958377,14.3,99.4,0.0,0.0,0.0,450.0,9640.8,0.0,0.0,63.22,0.943,64.162,13.106,0.839,63.323,emon,0.609,0.406,230.8,106.9,2.159
2026-09-17 22:13:49.808,15.5,0,84,8;22;3;18;0;84;0;0;0;78;0;0;0;12;19;3,1122,3658,3658;2103;1379;1939;2037;1651;1751;1934;2291;1855;1805;2483;1122;1417;1205;1209,0.0,0.0,9642.7,0,0,0,0,0,0.0,0,0,0,0,0,0,0,0,0.0,0,0,0,0,0,0.0,0.0,0.0,0,0,0,39.1,4.19,10.26,0.39,23.53,24.7,63.4,63.240995216369626,0.48464476466178896,16.646127891540527,14.432706451416015,4.573572778701783,1159.0,0.0,0.0,0.0,0.0,50.06896141767502,0.9,5.8,0.0,0.0,0.0,450.0,9642.7,0.0,0.0,88.571,1.096,89.667,22.876,1.464,88.203,emon,0.61,0.406,163.1,76.5,2.134
2026-09-17 22:13:50.808,15.3,0,86,2;23;0;32;0;71;0;0;0;86;0;0;3;16;11;2,1100,1963,1703;1849;1787;1963;1614;1719;1610;1598;1536;1790;1542;1880;1346;1414;1100;1145,0.6,0.0,9645.6,0,0,0,0,0,0.0,0,0,0,0,0,0,0,0,0.0,0,0,0,0,0,0.0,0.0,0.0,0,0,0,35.1,4.19,10.26,0.39,23.53,24.7,63.4,96.08876991271973,2.9866552352905273,29.769474029541016,27.502860069274902,0.04642994701862335,1349.0,0.0,0.0,0.0,0.0,50.16018100082874,0.1,0.0,0.0,0.0,0.0,450.0,9645.6,0.0,0.0,88.571,1.096,89.667,22.876,1.464,88.203,emon,0.61,0.406,163.1,76.5,2.134
2026-09-17 22:13:51.808,14.4,0,83,3;35;3;17;0;64;0;0;0;83;0;0;0;16;8;2,1015,2011,2011;1780;1256;1827;1257;1459;1292;1305;1389;1577;1411;1335;1047;1255;1211;1015,0.6,0.0,9645.6,0,0,0,0,0,0.0,0,0,0,0,0,0,0,0,0.0,0,0,0,0,0,0.0,0.0,0.0,0,0,0,35.1,3.45,1.23,0.32,7.47,24.7,63.4,97.87436135609944,0.929078281003361,19.87415650486946,17.028410945708554,3.4771156254331195,1149.0,0.0,0.0,0.0,0.0,50.226205253352724,0.1,0.0,0.0,0.0,0.0,450.0,9645.6,0.0,0.0,88.571,1.096,89.667,22.876,1.464,88.203,emon,0.61,0.406,163.1,76.5,2.134
2026-09-17 22:13:52.809,15.1,0,80,0;20;2;22;0;66;0;0;0;80;3;0;13;25;6;6,1066,2723,2723;1712;1235;1696;1337;1452;1644;1292;1767;1874;1326;2381;1212;1317;1066;1121,1.1,0.0,9649.5,0,0,0,0,0,0.0,0,0,0,0,0,0,0,0,0.0,0,0,0,0,0,0.0,0.0,0.0,0,0,0,34.1,3.45,1.23,0.32,7.47,24.7,63.4,98.46492919921874,0.8365185344325644,19.433872655459812,17.262482796822276,2.2959849959039795,1144.7142857142858,0.0,0.0,0.0,0.0,51.66769632782255,0.1,0.0,0.0,0.0,0.0,450.0,9645.5,0.0,0.0,88.571,1.096,89.667,22.876,1.464,88.203,emon,0.61,0.406,163.1,76.5,2.134
2026-09-17 22:13:53.809,14.7,0,77,3;30;2;23;0;77;14;0;0;77;0;0;0;6;3;0,1145,4038,4038;1776;3558;1806;1588;1676;1417;1506;1599;1851;1681;1393;1164;1236;1182;1145,0.9,0.0,9645.5,0,0,0,0,0,0.0,0,0,0,0,0,0,0,0,0.0,0,0,0,0,0,0.0,0.0,0.0,0,0,0,36.1,3.45,1.23,0.32,7.47,24.7,63.4,97.02823448181152,0.2513672678420941,13.657536427179972,8.02594381570816,2.5459094047546387,1065.6666666666667,0.0,0.0,0.0,0.0,50.28814189881086,0.1,0.0,0.0,0.0,0.0,450.0,9645.5,0.0,0.0,88.571,1.096,89.667,22.876,1.464,88.203,emon,0.61,0.406,163.1,76.5,2.134
2026-09-17 22:13:54.810,16.0,0,80,3;29;0;28;0;80;0;0;0;78;0;0;5;20;11;3,1034,3449,3449;1888;2655;2155;1510;1910;1472;1433;1894;2034;2134;2075;1613;1273;1175;1034,0.9,0.0,9636.8,0,0,0,0,0,0.0,0,0,0,0,0,0,0,0,0.0,0,0,0,0,0,0.0,0.0,0.0,0,0,0,37.1,3.45,1.23,0.32,7.47,24.7,63.4,96.30783348083496,0.2044953524135053,10.927535510063171,5.098002184927464,2.3022520079743116,1127.75,0.0,0.0,0.0,0.0,50.28381010964513,0.1,0.0,0.0,0.0,0.0,450.0,9636.8,0.0,0.0,88.571,1.096,89.667,22.876,1.464,88.203,emon,0.61,0.406,163.1,76.5,2.134
2026-09-17 22:13:55.811,19.8,2,61,8;30;3;37;2;53;6;14;3;61;4;4;11;41;27;14,1043,1842,1713;1780;1677;1842;1317;1564;1419;1363;1300;1490;1513;1346;1066;1250;1134;1043,0.9,0.0,9636.9,0,0,0,0,0,0.0,0,0,0,0,0,0,0,0,0.0,0,0,0,0,0,0.0,0.0,0.0,0,0,0,35.1,3.36,0.01,0.31,5.4,24.7,63.4,97.39249375287224,0.28478367473272714,16.225316594628726,10.991739323910545,1.6195818349061644,1199.0,0.0,0.0,0.0,0.0,50.24798223025658,0.1,0.0,0.0,0.0,0.0,450.0,9636.8,0.0,0.0,88.571,1.096,89.667,22.876,1.464,88.203,emon,0.61,0.406,163.1,76.5,2.134
2026-09-17 22:13:56.811,19.0,2,82,8;29;10;25;5;82;3;5;3;66;6;2;16;22;13;11,1164,2047,1891;2047;1953;1779;1342;1495;1417;1411;1164;1644;1220;1183;1220;1290;1201;1228,0.0,0.0,9637.0,0,0,0,0,0,0.0,0,0,0,0,0,0,0,0,0.0,0,0,0,0,0,0.0,0.0,0.0,0,0,0,36.1,3.36,0.01,0.31,5.4,24.7,63.4,99.22555088352513,0.5998737636852909,17.19138414473147,14.751647604075638,1.332574441843364,1166.5675675675675,0.0,0.0,0.0,0.0,51.665390622349,0.1,0.0,0.0,0.0,0.0,450.0,9637.0,0.0,0.0,88.571,1.096,89.667,22.876,1.464,88.203,emon,0.61,0.406,163.1,76.5,2.134
2026-09-17 22:13:57.834,15.1,0,80,0;27;3;37;0;72;0;0;0;80;2;0;0;12;9;0,1259,2567,1875;1898;2054;1953;1878;1620;2567;1834;1973;1858;1669;1556;1259;1399;1436;1295,0.0,0.0,9637.0,0,0,0,0,0,0.0,0,0,0,0,0,0,0,0,0.0,0,0,0,0,0,0.0,0.0,0.0,0,0,0,37.1,3.36,0.01,0.31,5.4,24.7,63.4,97.77850269135975,0.9425829928811817,18.801303344113485,16.3391995011341,2.514926952172703,1124.0,0.0,0.0,0.0,0.0,52.65834079682827,0.1,0.0,0.0,0.0,0.0,450.0,9637.0,0.0,0.0,88.571,1.096,89.667,22.876,1.464,88.203,emon,0.61,0.406,163.1,76.5,2.134
2026-09-17 22:13:58.835,15.3,0,80,2;20;0;29;0;78;0;0;0;80;2;3;0;22;8;2,1030,2041,2041;1763;1265;1925;1194;1477;1176;1338;1602;1820;1437;1283;1060;1366;1240;1030,1.8,0.0,9647.0,0,0,0,0,0,0.0,0,0,0,0,0,0,0,0,0.0,0,0,0,0,0,0.0,0.0,0.0,0,0,0,37.1,3.36,0.01,0.31,5.4,24.7,63.4,97.36661911010742,0.42508047819137573,16.332753658294678,13.12199354171753,4.94217050075531,1199.0,0.0,0.0,0.0,0.0,50.249708004295826,0.1,0.0,0.0,0.0,0.0,450.0,9647.0,0.0,0.0,88.571,1.096,89.667,22.876,1.464,88.203,emon,0.61,0.406,163.1,76.5,2.134
2026-09-17 22:13:59.835,15.9,0,83,0;32;0;34;0;83;0;0;0;72;0;0;0;25;6;2,1050,2516,2516;2052;2183;2044;1452;1620;1709;1524;1318;1616;1250;1297;1050;1288;1290;1501,1.1,0.0,9641.7,0,0,0,0,0,0.0,0,0,0,0,0,0,0,0,0.0,0,0,0,0,0,0.0,0.0,0.0,0,0,0,36.1,3.34,0.01,0.31,5.31,24.7,63.4,95.75561021013958,0.1908396017260668,9.670225550488729,4.446526643706531,1.3981086600844452,1094.121951219512,0.0,0.0,0.0,0.0,51.46726384032063,0.1,0.0,0.0,0.0,0.0,450.0,9641.7,0.0,0.0,88.571,1.096,89.667,22.876,1.464,88.203,emon,0.61,0.406,163.1,76.5,2.134
2026-09-17 22:14:00.836,16.0,0,63,10;25;3;30;0;63;0;0;0;61;0;0;2;43;20;0,1084,2148,1396;1892;1583;1844;1451;1477;1412;1506;1912;1557;2148;1555;1084;1495;1458;1263,1.6,0.0,9637.7,0,0,0,0,0,0.0,0,0,0,0,0,0,0,0,0.0,0,0,0,0,0,0.0,0.0,0.0,0,0,0,35.1,3.34,0.01,0.31,5.31,24.7,63.4,97.3033841451009,0.1299377828836441,9.028630097707113,2.2256550590197244,2.1337055762608848,1199.0,0.0,0.0,0.0,0.0,50.26249201595783,0.1,0.0,0.0,0.0,0.0,450.0,9637.7,0.0,0.0,88.571,1.096,89.667,22.876,1.464,88.203,emon,0.61,0.406,163.1,76.5,2.134
2026-09-17 22:14:01.836,16.3,0,92,3;21;3;35;0;62;5;0;0;92;2;0;5;27;0;6,1133,2002,2002;1884;1983;1853;1458;1611;1254;1282;1536;1770;1444;1481;1219;1381;1144;1133,0.2,0.0,9643.0,0,0,0,0,0,0.0,0,0,0,0,0,0,0,0,0.0,0,0,0,0,0,0.0,0.0,0.0,0,0,0,35.1,3.34,0.01,0.31,5.31,24.7,63.4,98.98213750665838,0.7801763626718612,17.130163434780005,15.020294259443428,2.1049635957531407,1162.6363636363637,0.0,0.0,0.0,0.0,55.01289577736999,0.1,0.0,0.0,0.0,0.0,450.0,9643.0,0.0,0.0,0.473,0.475,0.948,9.649,0.618,0.33,emon,0.915,0.9,28.8,26.7,1.078
2026-09-17 22:14:02.837,15.8,0,75,5;19;5;23;0;65;0;0;0;75;0;0;0;44;9;8,1213,2608,2608;1672;1400;1840;1260;1453;1352;1361;1404;1600;1444;1430;1245;1393;1213;1272,0.0,0.0,9643.9,0,0,0,0,0,0.0,0,0,0,0,0,0,0,0,0.0,0,0,0,0,0,0.0,0.0,0.0,0,0,0,32.1,3.34,0.01,0.31,5.31,24.7,63.4,97.26978197964755,0.3605719655752182,15.403155500238592,11.405959194356745,6.13118688897653,1199.0,0.0,0.0,0.0,0.0,50.25221333043142,0.1,0.0,0.0,0.0,0.0,450.0,9643.9,0.0,0.0,0.473,0.475,0.948,9.649,0.618,0.33,emon,0.915,0.9,28.8,26.7,1.078
2026-09-17 22:14:03.837,16.0,0,83,9;22;2;28;3;62;2;0;0;83;0;0;0;36;8;2,1002,3042,3042;1740;1500;1843;1310;1618;1375;1424;2007;1546;1585;1908;1002;1389;1140;1176,0.0,0.0,9643.9,0,0,0,0,0,0.0,0,0,0,0,0,0,0,0,0.0,0,0,0,0,0,0.0,0.0,0.0,0,0,0,33.1,3.01,0.01,0.31,5.11,24.7,63.4,97.1377629366788,0.312862976538864,15.457723064856095,11.148747258565642,2.8279828791591255,1156.9545454545455,0.0,0.0,0.0,0.0,50.27109717306766,0.1,0.0,0.0,0.0,0.0,450.0,9637.7,0.0,0.0,0.473,0.475,0.948,9.649,0.618,0.33,emon,0.915,0.9,28.8,26.7,1.078
2026-09-17 22:14:04.838,14.3,0,77,0;12;0;31;0;70;0;0;0;77;0;0;2;19;18;0,1120,2347,2347;1645;1120;1811;1670;1531;1729;1489;1324;1542;1428;1557;1127;1344;1221;1121,0.2,0.0,9637.7,0,0,0,0,0,0.0,0,0,0,0,0,0,0,0,0.0,0,0,0,0,0,0.0,0.0,0.0,0,0,0,32.1,3.01,0.01,0.31,5.11,24.7,63.4,98.73907063802083,0.9942497146626313,20.307447707653047,17.53282376577457,3.305390522039185,1162.3333333333333,0.0,0.0,0.0,0.0,53.66955312689145,0.1,0.0,0.0,0.0,0.0,450.0,9643.0,0.0,0.0,0.473,0.475,0.948,9.649,0.618,0.33,emon,0.915,0.9,28.8,26.7,1.078
2026-09-17 22:14:05.838,10.0,0,65,3;23;0;23;0;28;0;0;0;65;0;0;0;12;3;3,1094,3031,3031;1636;2999;1808;1226;1518;1218;1215;1250;1614;1274;1226;1094;1556;1162;1203,0.5,0.0,9643.0,0,0,0,0,0,0.0,0,0,0,0,0,0,0,0,0.0,0,0,0,0,0,0.0,0.0,0.0,0,0,0,31.1,3.01,0.01,0.31,5.11,24.7,63.4,98.63185188987039,0.6497892172668468,19.180745579979636,17.005271346731618,0.9966162780977108,1108.090909090909,0.0,0.0,0.0,0.0,55.025699041106485,0.1,0.0,0.0,0.0,0.0,450.0,9643.0,0.0,0.0,0.473,0.475,0.948,9.649,0.618,0.33,emon,0.915,0.9,28.8,26.7,1.078
2026-09-17 22:14:06.839,10.0,0,56,6;22;2;18;0;56;0;0;0;34;0;0;3;14;0;3,928,1800,1307;1476;1591;1800;1174;1416;1256;1189;1252;1325;1258;1239;1039;1217;1082;928,1.0,0.0,9643.0,0,0,0,0,0,0.0,0,0,0,0,0,0,0,0,0.0,0,0,0,0,0,0.0,0.0,0.0,0,0,0,30.1,3.01,0.01,0.31,5.11,24.7,63.4,97.16952795140884,0.3995389202609658,14.579015114728142,10.215415203396011,2.3849424299071815,1112.235294117647,0.0,0.0,0.0,0.0,50.256074370487646,0.1,0.0,0.0,0.0,0.0,450.0,9637.7,0.0,0.0,0.473,0.475,0.948,9.649,0.618,0.33,emon,0.915,0.9,28.8,26.7,1.078
2026-09-17 22:14:07.839,9.3,0,66,0;23;0;19;0;66;0;0;0;37;0;0;0;5;0;0,1107,2516,2516;1745;2013;1828;1573;1530;1563;1625;1183;1397;1182;1186;1195;1160;1107;1170,1.6,0.0,9637.8,0,0,0,0,0,0.0,0,0,0,0,0,0,0,0,0.0,0,0,0,0,0,0.0,0.0,0.0,0,0,0,30.1,2.23,0.01,0.31,3.99,24.7,63.4,96.82345672607421,0.312086134031415,15.420012607574463,10.662761404514313,3.02270064951852,1178.0,0.0,0.0,0.0,0.0,50.26641587018967,0.1,0.0,0.0,0.0,0.0,450.0,9637.8,0.0,0.0,0.473,0.475,0.948,9.649,0.618,0.33,emon,0.915,0.9,28.8,26.7,1.078
2026-09-17 22:14:08.839,9.5,0,72,0;19;0;20;0;72;0;0;0;36;0;0;0;3;0;2,1089,3513,3513;1666;3137;1917;1446;1513;1724;1805;1281;1487;1304;1298;1169;1158;1089;1091,0.8,0.0,9637.8,0,0,0,0,0,0.0,0,0,0,0,0,0,0,0,0.0,0,0,0,0,0,0.0,0.0,0.0,0,0,0,31.1,2.23,0.01,0.31,3.99,24.7,63.4,97.09923621586391,0.11996997660025954,9.326353345598493,3.2468592524528503,1.281330766422408,1144.5357142857142,0.0,0.0,0.0,0.0,50.28181401693395,0.1,0.0,0.0,0.0,0.0,450.0,9637.8,0.0,0.0,0.473,0.475,0.948,9.649,0.618,0.33,emon,0.915,0.9,28.8,26.7,1.078
2026-09-17 22:14:09.840,9.4,0,62,8;27;0;22;0;62;0;0;0;25;0;0;0;8;0;0,1110,3405,1555;1587;3405;1851;1414;1436;1368;1393;1176;1264;1110;1196;1156;1212;1154;1141,0.8,0.0,9637.8,0,0,0,0,0,0.0,0,0,0,0,0,0,0,0,0.0,0,0,0,0,0,0.0,0.0,0.0,0,0,0,30.1,2.23,0.01,0.31,3.99,24.7,63.4,97.72660706259988,0.5807431235867129,18.68100189078938,15.939561694860458,3.426025580796043,1178.5454545454545,0.0,0.0,0.0,0.0,52.603658533909105,0.1,0.0,0.0,0.0,0.0,450.0,9640.3,0.0,0.0,0.473,0.475,0.948,9.649,0.618,0.33,emon,0.915,0.9,28.8,26.7,1.078
2026-09-17 22:14:10.840,14.0,0,70,2;20;0;29;0;70;0;0;0;48;0;2;8;29;8;9,807,2792,2202;2187;2066;2792;1118;1423;1106;998;1813;1338;1692;1363;807;1098;892;914,0.0,0.0,9640.3,0,0,0,0,0,0.0,0,0,0,0,0,0,0,0,0.0,0,0,0,0,0,0.0,0.0,0.0,0,0,0,38.1,2.23,0.01,0.31,3.99,25.2,63.4,92.60694769712595,5.52809638565836,13.229472162631842,15.316891172614236,2.08276113953616,1381.6923076923076,0.0,0.0,13.493659234754606,17.43527189584879,50.22921202070431,3.3,10.2,0.0,0.0,0.0,450.0,9855.8,0.0,0.0,0.473,0.475,0.948,9.649,0.618,0.33,emon,0.915,0.9,28.8,26.7,1.078
2026-09-17 22:14:11.840,15.5,0,86,6;19;0;8;0;41;0;0;0;86;0;0;9;40;22;16,844,2428,1761;1445;2428;1552;1116;1136;1119;1171;1360;1342;1252;1315;1324;1038;847;844,0.4,0.0,9858.9,0,0,0,0,0,0.0,0,0,0,0,0,0,0,0,0.0,0,0,0,0,0,0.0,0.0,0.0,0,0,0,42.1,2.28,6.43,0.31,10.89,25.2,63.4,100.00444750104631,44.7079229090895,14.48291162763323,57.14591767447335,3.0079739867376962,1849.0,0.0,0.0,65.77520663067699,0.0,34.55108686675012,14.3,99.6,0.0,0.0,0.0,450.0,9858.9,0.0,0.0,0.473,0.475,0.948,9.649,0.618,0.33,emon,0.915,0.9,28.8,26.7,1.078
2026-09-17 22:14:12.841,17.1,0,64,8;34;2;25;0;46;0;0;3;64;9;0;0;50;20;12,691,1945,1602;1733;1536;1945;691;1074;752;704;1073;1290;1198;1096;1027;1019;917;1024,0.5,0.0,9858.9,0,0,0,0,0,0.0,0,0,0,0,0,0,0,0,0.0,0,0,0,0,0,0.0,0.0,0.0,0,0,0,43.1,2.28,6.43,0.31,10.89,25.2,63.4,100.00314500596788,30.91115525075131,16.016717188888126,43.779975505338776,1.3775646129118588,1849.0,0.0,0.0,57.057313155719186,0.0,42.02759346706096,14.3,99.5,0.0,0.0,0.0,450.0,9857.8,0.0,0.0,0.473,0.475,0.948,9.649,0.618,0.33,emon,0.915,0.9,28.8,26.7,1.078
2026-09-17 22:14:13.842,22.9,0,52,52;28;12;26;0;22;29;0;0;35;15;0;23;52;45;28,836,1706,1706;1605;1457;1559;836;855;955;841;889;1147;888;879;1015;996;1096;910,0.5,0.0,9857.8,0,0,0,0,0,0.0,0,0,0,0,0,0,0,0,0.0,0,0,0,0,0,0.0,0.0,0.0,0,0,0,43.1,2.28,6.43,0.31,10.89,25.1,63.4,99.99999465942383,90.74221763610839,9.172542309761047,98.50213928222657,0.09874705672264099,1849.0,0.0,0.0,99.99999465942383,0.0,0.0,14.3,99.6,0.0,0.0,0.0,450.0,9857.8,0.0,0.0,0.473,0.475,0.948,9.649,0.618,0.33,emon,0.915,0.9,28.8,26.7,1.078
2026-09-17 22:14:14.882,17.0,0,79,21;9;2;19;0;3;60;0;4;0;79;0;17;15;27;17,899,2663,1707;2663;2290;1909;899;966;974;971;1296;1054;1411;1130;953;1044;1093;1077,0.0,0.0,9863.0,0,0,0,0,0,0.0,0,0,0,0,0,0,0,0,0.0,0,0,0,0,0,0.0,0.0,0.0,0,0,0,43.1,2.28,6.43,0.31,10.89,25.1,63.4,99.99999923706055,88.92427368164063,10.989611911773682,98.5063850402832,0.09975732849088673,1849.0,0.0,0.0,99.99999923706055,0.0,0.0,14.3,99.7,0.0,0.0,0.0,450.0,9863.0,0.0,0.0,11.997,4.25,16.247,7.686,0.492,15.755,emon,0.61,0.714,95.2,61.9,1.539
2026-09-17 22:14:15.883,15.1,0,82,20;6;0;16;0;3;81;0;0;0;82;0;14;2;17;2,893,2639,1624;1978;1805;1740;957;916;893;1259;2639;1280;1352;2315;1093;1065;981;962,0.0,0.0,9863.0,0,0,0,0,0,0.0,0,0,0,0,0,0,0,0,0.0,0,0,0,0,0,0.0,0.0,0.0,0,0,0,42.1,2.16,25.41,0.34,31.5,25.1,63.4,99.9976491119902,31.814914909144075,20.090061603966404,43.568349836994024,1.5996776501553418,1849.0,0.0,0.0,57.735268560822234,0.0,39.3339883028701,14.3,99.8,0.0,0.0,0.0,450.0,9861.0,0.0,0.0,11.997,4.25,16.247,7.686,0.492,15.755,emon,0.61,0.714,95.2,61.9,1.539
2026-09-17 22:14:16.883,15.2,0,77,15;3;0;12;0;6;76;0;0;0;77;0;17;3;25;9,992,2187,1405;1595;2187;1950;1296;1129;1329;1795;992;1135;1235;1166;1009;1011;1056;1148,0.0,0.0,9861.0,0,0,0,0,0,0.0,0,0,0,0,0,0,0,0,0.0,0,0,0,0,0,0.0,0.0,0.0,0,0,0,42.1,2.16,25.41,0.34,31.5,24.9,63.4,99.96133937998715,27.854457617888592,14.789167129076445,39.43176021178564,2.0145526142934194,1849.0,0.0,0.0,53.96823404269277,0.0,46.46044696103539,14.3,99.4,0.0,0.0,0.0,450.0,9855.8,0.0,0.0,11.997,4.25,16.247,7.686,0.492,15.755,emon,0.61,0.714,95.2,61.9,1.539
2026-09-17 22:14:17.884,16.2,0,78,23;3;2;17;0;0;78;0;0;0;48;0;30;14;34;11,890,3231,1561;1361;3231;1882;1248;1344;1407;1893;1087;1143;1259;890;924;912;1056;904,0.3,0.0,9855.8,0,0,0,0,0,0.0,0,0,0,0,0,0,0,0,0.0,0,0,0,0,0,0.0,0.0,0.0,0,0,0,42.1,2.16,25.41,0.34,31.5,24.9,63.4,99.99660574671734,30.679216682058144,14.906937961118768,41.64538569874074,1.5011936080507395,1835.7469879518073,0.0,0.0,56.75311305766633,0.0,43.75229874557259,14.3,99.5,0.0,0.0,0.0,450.0,9855.8,0.0,0.0,11.997,4.25,16.247,7.686,0.492,15.755,emon,0.61,0.714,95.2,61.9,1.539
2026-09-17 22:14:18.889,15.7,0,66,17;2;0;17;0;0;66;2;0;0;55;11;17;8;36;22,1013,2923,1852;2018;2923;1738;1484;1409;1371;1287;1121;1407;1244;1190;1032;1046;1035;1013,0.4,0.0,9855.8,0,0,0,0,0,0.0,0,0,0,0,0,0,0,0,0.0,0,0,0,0,0,0.0,0.0,0.0,0,0,0,41.1,2.16,25.41,0.34,31.5,24.9,63.4,99.99795106399891,28.594076961798724,17.202805061673008,39.31899391565212,1.5439803406628672,1821.093023255814,0.0,0.0,55.93168542195155,0.0,44.55036296000327,14.3,99.4,0.0,0.0,0.0,450.0,9855.8,0.0,0.0,11.997,4.25,16.247,7.686,0.492,15.755,emon,0.61,0.714,95.2,61.9,1.539
2026-09-17 22:14:19.889,16.0,0,71,21;3;0;25;0;0;71;0;0;0;56;8;16;12;29;16,835,2399,1560;2086;2399;1235;1522;1641;1561;1825;1356;1137;1250;835;875;863;1034;1029,0.2,0.0,9855.8,0,0,0,0,0,0.0,0,0,0,0,0,0,0,0,0.0,0,0,0,0,0,0.0,0.0,0.0,0,0,0,41.1,1.96,24.62,0.34,30.38,24.9,63.4,100.00435330220405,24.43469595238073,15.976076469516123,35.00344706598102,1.9928467687364322,1806.2847682119204,0.0,0.0,50.48754636906334,0.0,48.83354166816167,14.3,99.5,0.0,0.0,0.0,450.0,9855.8,0.0,0.0,11.997,4.25,16.247,7.686,0.492,15.755,emon,0.61,0.714,95.2,61.9,1.539
2026-09-17 22:14:20.890,15.7,0,78,17;2;2;16;2;0;78;0;0;0;56;0;20;8;36;16,945,1687,1687;1606;1139;1452;1157;1230;1283;1095;1154;1162;1225;1135;1091;945;1058;1089,0.0,0.0,9859.8,0,0,0,0,0,0.0,0,0,0,0,0,0,0,0,0.0,0,0,0,0,0,0.0,0.0,0.0,0,0,0,40.1,1.96,24.62,0.34,30.38,24.9,63.4,99.9999900817871,88.7609016418457,11.151450133323669,98.46928176879882,0.09811806112294334,1799.0,0.0,0.0,99.99999160766602,0.0,0.0,14.3,99.9,0.0,0.0,0.0,450.0,9859.8,0.0,0.0,11.997,4.25,16.247,7.686,0.492,15.755,emon,0.61,0.714,95.2,61.9,1.539
2026-09-17 22:14:21.891,16.4,0,81,30;3;0;25;0;0;40;5;0;0;81;2;14;11;25;27,899,1862,1528;1263;1663;1862;983;946;1097;899;1291;963;1371;1401;976;1128;974;1018,0.0,0.0,9859.8,0,0,0,0,0,0.0,0,0,0,0,0,0,0,0,0.0,0,0,0,0,0,0.0,0.0,0.0,0,0,0,40.1,1.96,24.62,0.34,30.38,24.9,63.4,100.00191216719777,61.266215324401855,13.474059556659899,71.61960220336914,1.5139660900948864,1799.0,0.0,0.0,78.99825025889042,0.0,21.22943857279365,14.3,99.6,0.0,0.0,0.0,450.0,9860.8,0.0,0.0,11.997,4.25,16.247,7.686,0.492,15.755,emon,0.61,0.714,95.2,61.9,1.539
2026-09-17 22:14:22.891,14.7,0,78,25;3;0;14;0;0;59;0;0;0;78;5;16;5;23;8,815,2046,1439;2046;815;1531;1052;1074;1082;1111;1253;1271;1339;1233;906;871;1144;1094,0.0,0.0,9860.8,0,0,0,0,0,0.0,0,0,0,0,0,0,0,0,0.0,0,0,0,0,0,0.0,0.0,0.0,0,0,0,39.1,1.96,24.62,0.34,30.38,24.9,63.4,100.00000305175782,90.21137771606445,9.709062266349793,98.49533157348633,0.09908576235757209,1799.0,0.0,0.0,100.00000381469727,0.0,0.0,14.3,99.8,0.0,0.0,0.0,450.0,9861.8,0.0,0.0,11.997,4.25,16.247,7.686,0.492,15.755,emon,0.61,0.714,95.2,61.9,1.539
2026-09-17 22:14:23.892,14.7,0,65,17;6;3;17;0;0;36;0;0;0;65;3;11;18;39;18,832,1908,1631;1234;1203;1908;1042;1103;1103;1125;1279;1247;1271;974;832;989;1014;1006,0.3,0.0,9861.8,0,0,0,0,0,0.0,0,0,0,0,0,0,0,0,0.0,0,0,0,0,0,0.0,0.0,0.0,0,0,0,40.1,1.77,23.95,0.34,29.17,24.9,63.4,99.99542606238163,26.869935722682964,21.573764331413038,40.3580576488466,2.155327140579395,1799.0,0.0,0.0,56.16999692032396,0.0,42.8027439051275,14.3,99.8,0.0,0.0,0.0,450.0,9861.8,0.0,0.0,11.997,4.25,16.247,7.686,0.492,15.755,emon,0.61,0.714,95.2,61.9,1.539
2026-09-17 22:14:24.892,15.7,0,80,14;3;2;11;0;0;46;0;2;0;80;2;24;8;44;17,833,1880,1729;1880;1239;1679;1155;1025;1117;1110;1299;1227;1379;1293;947;833;1053;896,0.5,0.0,9860.7,0,0,0,0,0,0.0,0,0,0,0,0,0,0,0,0.0,0,0,0,0,0,0.0,0.0,0.0,0,0,0,40.1,1.77,23.95,0.34,29.17,24.9,63.4,99.94512703305199,29.02588861635221,16.37969395376387,41.722949127711004,2.499843045686638,1799.0,0.0,0.0,54.86916605482942,0.0,46.89232375570854,14.3,99.6,0.0,0.0,0.0,450.0,9860.7,0.0,0.0,11.997,4.25,16.247,7.686,0.492,15.755,emon,0.61,0.714,95.2,61.9,1.539
2026-09-17 22:14:25.893,17.0,0,72,25;2;0;28;0;0;59;0;0;0;72;0;16;5;34;31,881,2693,1586;1983;881;1203;1078;1019;1105;2693;1258;1329;1402;1699;994;885;1010;1037,0.6,0.0,9777.1,0,0,0,0,0,0.0,0,0,0,0,0,0,0,0,0.0,0,0,0,0,0,0.0,0.0,0.0,0,0,0,40.1,1.77,23.95,0.34,29.17,24.9,63.4,100.00000069358133,90.53505290638317,9.388150626962835,98.5504379272461,0.0892086456316809,1799.0,0.0,0.0,100.0,0.0,0.0,14.3,99.7,0.0,0.0,0.0,450.0,9777.1,0.0,0.0,11.997,4.25,16.247,7.686,0.492,15.755,emon,0.61,0.714,95.2,61.9,1.539
2026-09-17 22:14:26.893,15.8,0,65,35;2;6;25;0;0;65;0;0;0;45;0;3;6;48;18,671,2313,1585;1240;671;1458;1528;1356;1336;1462;2313;1201;1296;1164;960;1117;1111;1090,0.6,0.0,9777.1,0,0,0,0,0,0.0,0,0,0,0,0,0,0,0,0.0,0,0,0,0,0,0.0,0.0,0.0,0,0,0,35.1,1.77,23.95,0.34,29.17,24.9,63.4,100.0000015258789,50.397297620773315,36.8184675693512,78.32528190612793,20.55291800986015,1804.0,0.0,0.0,100.00000228881837,0.0,0.0,14.3,99.7,0.0,0.0,0.0,450.0,9783.3,0.0,0.0,11.113,3.343,14.457,12.724,0.814,13.643,emon,0.567,0.659,101.6,79.0,1.285
2026-09-17 22:14:27.894,15.7,0,52,40;3;0;48;0;0;45;0;0;0;34;0;13;0;52;16,864,2403,1694;2116;1903;1632;1190;1305;1402;2403;864;1141;1381;1231;972;920;1067;922,0.2,0.0,9783.3,0,0,0,0,0,0.0,0,0,0,0,0,0,0,0,0.0,0,0,0,0,0,0.0,0.0,0.0,0,0,0,31.1,1.84,21.88,0.34,27.96,24.9,63.4,99.9998360312446,9.255741585349634,36.96258792849206,34.93366496081757,24.182266246548014,1799.0,0.0,0.0,52.07842272697582,0.0,46.8482584118367,14.3,99.6,0.0,0.0,0.0,450.0,9772.9,0.0,0.0,11.113,3.343,14.457,12.724,0.814,13.643,emon,0.567,0.659,101.6,79.0,1.285
2026-09-17 22:14:28.895,15.8,0,65,42;2;0;48;0;0;65;0;0;0;31;0;3;8;31;22,1012,2939,1789;2699;2939;1848;1490;2746;1452;1974;1156;1126;1405;1599;1118;1012;1104;1207,100.0,0.0,9772.9,0,0,0,0,0,0.0,0,0,0,0,0,0,0,0,0.0,0,0,0,0,0,0.0,0.0,0.0,0,0,0,32.1,1.84,21.88,0.34,27.96,24.9,63.4,99.99484966470183,7.109260883637898,46.87750342080919,40.30558632646533,31.119267857760835,1799.0,0.0,0.0,54.05613106353168,0.0,46.42860104760317,14.2,99.1,0.0,0.0,0.0,450.0,9772.9,0.0,0.0,11.113,3.343,14.457,12.724,0.814,13.643,emon,0.567,0.659,101.6,79.0,1.285
2026-09-17 22:14:29.896,16.9,0,61,34;6;4;52;0;0;61;0;0;0;31;2;20;9;38;12,920,1834,1834;1109;1237;1720;1242;1204;1372;1097;1156;1171;1395;1510;984;920;1079;1054,100.0,0.0,9772.9,0,0,0,0,0,0.0,0,0,0,0,0,0,0,0,0.0,0,0,0,0,0,0.0,0.0,0.0,0,0,0,32.1,1.84,21.88,0.34,27.96,24.9,63.4,99.05263301579639,7.436253269061898,42.81786656259286,36.59275889607391,29.871757524784165,1799.0,0.0,0.0,54.67288620328305,0.0,44.906697096352936,14.2,99.2,0.0,0.0,0.0,450.0,9772.9,0.0,0.0,11.113,3.343,14.457,12.724,0.814,13.643,emon,0.567,0.659,101.6,79.0,1.285
2026-09-17 22:14:30.896,16.4,0,58,44;10;5;58;0;0;45;0;0;0;35;2;9;3;44;8,999,1704,1594;1704;1255;1654;1216;1236;1372;1250;1200;1201;1249;1399;1193;1205;1228;999,100.0,0.0,9772.9,0,0,0,0,0,0.0,0,0,0,0,0,0,0,0,0.0,0,0,0,0,0,0.0,0.0,0.0,0,0,0,31.1,1.84,21.88,0.34,27.96,24.9,63.4,94.37228861977073,14.228669759105234,63.83517186781939,59.54157557206995,45.71290644477396,1799.0,0.0,0.0,82.39215690204325,0.0,11.871046457381453,14.2,99.4,0.0,0.0,0.0,450.0,9772.9,0.0,0.0,11.113,3.343,14.457,12.724,0.814,13.643,emon,0.567,0.659,101.6,79.0,1.285
2026-09-17 22:14:31.897,16.3,0,69,51;5;2;42;0;0;31;0;0;0;69;0;3;2;52;5,1004,2279,1519;1133;2279;1567;1153;1107;1180;1353;1968;1389;1506;1805;1004;1042;1109;1036,100.0,0.0,9775.8,0,0,0,0,0,0.0,0,0,0,0,0,0,0,0,0.0,0,0,0,0,0,0.0,0.0,0.0,0,0,0,32.1,3.12,9.61,0.4,20.79,24.9,63.4,98.49255659088256,12.0048716481302,41.643300603306486,40.12075262481258,26.562357688707017,1799.0,0.0,0.0,55.66514735237237,0.0,38.62558431784072,14.2,99.5,0.0,0.0,0.0,450.0,9775.8,0.0,0.0,11.113,3.343,14.457,12.724,0.814,13.643,emon,0.567,0.659,101.6,79.0,1.285
2026-09-17 22:14:32.898,16.2,0,65,42;6;0;55;0;0;38;2;0;0;65;5;8;0;25;16,852,1971,1606;1511;1442;1606;1019;1177;1122;1015;1854;1971;1446;1194;930;852;984;922,100.0,0.0,9775.8,0,0,0,0,0,0.0,0,0,0,0,0,0,0,0,0.0,0,0,0,0,0,0.0,0.0,0.0,0,0,0,31.1,3.12,9.61,0.4,20.79,24.9,63.4,99.99306443158318,10.953508797813864,46.43704708884744,44.03363079183242,30.638725019114858,1799.0,0.0,0.0,64.77359701161656,0.0,35.60628981833778,14.3,99.8,0.0,0.0,0.0,450.0,9775.7,0.0,0.0,11.113,3.343,14.457,12.724,0.814,13.643,emon,0.567,0.659,101.6,79.0,1.285
2026-09-17 22:14:33.900,17.3,0,50,46;6;3;50;2;0;42;0;0;3;41;2;16;6;48;12,953,2316,1447;2316;1651;1755;1352;1131;1387;1149;1180;1684;1352;1173;997;987;1091;953,0.0,0.0,9775.7,0,0,0,0,0,0.0,0,0,0,0,0,0,0,0,0.0,0,0,0,0,0,0.0,0.0,0.0,0,0,0,32.1,3.12,9.61,0.4,20.79,24.9,63.4,88.39172200361888,12.279627652217945,53.584681351979576,50.446382562319435,37.342491149902344,1799.0,0.0,0.0,70.87146861284661,0.0,16.81958003349852,14.2,99.2,0.0,0.0,0.0,450.0,9775.7,0.0,0.0,11.113,3.343,14.457,12.724,0.814,13.643,emon,0.567,0.659,101.6,79.0,1.285
2026-09-17 22:14:34.902,16.4,0,58,44;18;0;34;0;0;34;0;0;0;58;0;2;11;47;14,958,1949,1384;1219;1949;1610;1252;1166;1289;1093;1732;1665;1445;1618;958;959;1033;991,57.7,0.0,9775.7,0,0,0,0,0,0.0,0,0,0,0,0,0,0,0,0.0,0,0,0,0,0,0.0,0.0,0.0,0,0,0,31.1,3.12,9.61,0.4,20.79,24.9,63.4,99.99999445134944,15.649187521501021,76.75120371038264,71.44958981600675,54.973514556884766,1799.0,0.0,0.0,100.00000346790661,0.0,0.0,14.3,99.8,0.0,0.0,0.0,450.0,9775.7,0.0,0.0,11.113,3.343,14.457,12.724,0.814,13.643,emon,0.567,0.659,101.6,79.0,1.285
2026-09-17 22:14:35.903,16.9,2,52,32;6;2;36;3;2;52;2;2;3;48;3;6;2;35;37,875,2939,1759;2215;2939;1773;1354;1621;1337;1377;1322;1121;1359;1529;944;875;1106;1135,100.0,0.0,9775.7,0,0,0,0,0,0.0,0,0,0,0,0,0,0,0,0.0,0,0,0,0,0,0.0,0.0,0.0,0,0,0,32.1,2.68,9.28,0.39,19.72,24.9,63.4,98.97676039118515,8.131534018646926,38.66648058012912,34.91270015474997,24.173760694522706,1799.0,0.0,0.0,51.68282177755609,0.0,46.7405822300381,14.2,98.9,0.0,0.0,0.0,450.0,9772.8,0.0,0.0,11.113,3.343,14.457,12.724,0.814,13.643,emon,0.567,0.659,101.6,79.0,1.285
2026-09-17 22:14:36.904,17.4,0,72,39;12;6;38;0;0;72;0;0;2;30;2;14;2;42;22,829,2983,1687;1995;2983;1652;1685;1447;1438;1702;1430;829;1353;1014;894;868;1050;1003,100.0,0.0,9724.1,0,0,0,0,0,0.0,0,0,0,0,0,0,0,0,0.0,0,0,0,0,0,0.0,0.0,0.0,0,0,0,32.1,2.68,9.28,0.39,19.72,24.9,63.4,95.2123909707655,11.016142269302355,42.99312143995051,41.70837603430999,28.032875199066964,1799.0,0.0,0.0,54.47071774652342,0.0,38.938001815722124,14.2,99.3,0.0,0.0,0.0,450.0,9647.1,0.0,0.0,11.113,3.343,14.457,12.724,0.814,13.643,emon,0.567,0.659,101.6,79.0,1.285
2026-09-17 22:14:37.905,16.7,0,62,38;6;5;52;0;0;62;0;2;0;42;0;5;3;41;13,977,2109,1534;1191;1005;1599;2109;1304;1428;1730;1197;1515;1263;1512;977;1031;992;1033,100.0,0.0,9724.1,0,0,0,0,0,0.0,0,0,0,0,0,0,0,0,0.0,0,0,0,0,0,0.0,0.0,0.0,0,0,0,32.1,2.68,9.28,0.39,19.72,24.9,63.4,92.25219229857127,11.961182475090027,71.9674711227417,64.88567447662354,50.76191012064616,1799.0,0.0,0.0,91.67012113239616,0.0,0.0,14.3,99.6,0.0,0.0,0.0,450.0,9612.8,0.0,0.0,11.113,3.343,14.457,12.724,0.814,13.643,emon,0.567,0.659,101.6,79.0,1.285
2026-09-17 22:14:38.967,15.3,0,64,36;7;0;38;0;0;64;0;0;0;40;0;1;13;33;13,1006,3099,1543;1602;3099;1686;1338;1351;1513;1569;1535;1117;1262;1345;1025;1080;1045;1006,12.6,0.0,9612.8,0,0,0,0,0,0.0,0,0,0,0,0,0,0,0,0.0,0,0,0,0,0,0.0,0.0,0.0,0,0,0,32.1,2.68,9.28,0.39,19.72,24.9,63.4,93.97456051457313,13.645931122764464,48.6846404229441,46.2558245562738,33.79743524520628,1799.0,0.0,0.0,67.84558047258085,0.0,26.069814393142163,14.2,99.1,0.0,0.0,0.0,450.0,9609.4,0.0,0.0,67.726,0.702,68.428,18.858,1.207,67.221,emon,0.613,0.384,214.1,100.3,2.134
2026-09-17 22:14:39.968,17.4,0,71,34;6;6;40;3;0;71;2;2;0;42;2;3;5;45;19,989,2644,1777;2644;1007;1826;1319;1346;1438;1348;1283;1312;1320;1500;989;1092;1081;1088,17.6,0.0,9609.4,0,0,0,0,0,0.0,0,0,0,0,0,0,0,0,0.0,0,0,0,0,0,0.0,0.0,0.0,0,0,0,32.1,2.81,9.76,0.4,20.72,24.9,63.4,99.98121363680127,7.539387214946355,37.769804802299106,32.62206280644231,22.32321266060424,1799.0,0.0,0.0,51.75147995919409,0.0,47.418415962192576,14.3,99.3,0.0,0.0,0.0,450.0,9607.3,0.0,0.0,67.726,0.702,68.428,18.858,1.207,67.221,emon,0.613,0.384,214.1,100.3,2.134
2026-09-17 22:14:40.969,17.4,0,53,52;8;3;32;0;0;44;0;0;0;53;0;9;17;53;8,1001,1982,1369;1982;1560;1681;1241;1409;1390;1360;1001;1270;1413;1289;1021;1199;1133;1119,0.5,0.0,9612.5,0,0,0,0,0,0.0,0,0,0,0,0,0,0,0,0.0,0,0,0,0,0,0.0,0.0,0.0,0,0,0,31.1,2.81,9.76,0.4,20.72,24.9,63.4,95.144149853633,10.81388669518324,47.67264304405604,44.71909216199166,33.97312824122417,1799.0,0.0,0.0,64.18406566313635,0.0,31.03576190117271,14.2,99.5,0.0,0.0,0.0,450.0,9612.5,0.0,0.0,67.726,0.702,68.428,18.858,1.207,67.221,emon,0.613,0.384,214.1,100.3,2.134
2026-09-17 22:14:41.970,17.2,0,61,45;11;3;50;0;0;30;2;0;0;52;0;11;3;61;8,939,2022,1986;2022;1488;1623;1020;1154;1220;1222;1172;1146;1471;1438;1014;939;1130;1007,0.5,0.0,9607.2,0,0,0,0,0,0.0,0,0,0,0,0,0,0,0,0.0,0,0,0,0,0,0.0,0.0,0.0,0,0,0,32.1,2.81,9.76,0.4,20.72,24.9,63.4,99.16690920875186,7.223454239077511,41.95557174228487,35.96519980913117,28.867780542480094,1799.0,0.0,0.0,53.46660307413854,0.0,46.17896553580019,14.2,99.4,0.0,0.0,0.0,450.0,9607.2,0.0,0.0,67.726,0.702,68.428,18.858,1.207,67.221,emon,0.613,0.384,214.1,100.3,2.134
2026-09-17 22:14:43.032,17.6,0,56,52;23;1;41;0;0;28;0;0;0;53;0;11;4;56;12,991,2003,1513;1529;1588;1916;1085;991;1176;2003;1860;1580;1420;1829;1026;1141;1149;1070,0.2,0.0,9607.3,0,0,0,0,0,0.0,0,0,0,0,0,0,0,0,0.0,0,0,0,0,0,0.0,0.0,0.0,0,0,0,33.1,2.85,9.67,0.39,20.62,24.7,63.4,99.99148559570312,14.261022690397043,53.413515971257134,51.06513544229361,38.90433362814096,1799.0,0.0,0.0,69.3201730614528,0.0,31.047963826930825,14.3,99.5,0.0,0.0,0.0,450.0,9607.3,0.0,0.0,67.726,0.702,68.428,18.858,1.207,67.221,emon,0.613,0.384,214.1,100.3,2.134
2026-09-17 22:14:44.033,17.2,0,42,20;35;2;34;4;0;21;24;0;0;22;42;14;6;24;26,790,1932,1932;1371;963;1693;1348;1094;1518;1162;1193;1303;1310;1413;978;790;1048;1031,0.2,0.0,9607.3,0,0,0,0,0,0.0,0,0,0,0,0,0,0,0,0.0,0,0,0,0,0,0.0,0.0,0.0,0,0,0,31.1,2.85,9.67,0.39,20.62,24.7,63.4,99.99263261915087,7.890159883060968,41.124489491636105,35.3437893243728,25.254873112495336,1799.0,0.0,0.0,53.26774369854923,0.0,45.862485245528994,14.3,99.6,0.0,0.0,0.0,450.0,9609.0,0.0,0.0,67.726,0.702,68.428,18.858,1.207,67.221,emon,0.613,0.384,214.1,100.3,2.134
2026-09-17 22:14:45.034,16.7,0,83,11;39;2;44;0;0;0;42;2;0;0;83;5;2;6;32,735,1748,1447;1485;1315;1557;1605;1083;1179;1278;1748;1451;1383;1471;886;868;735;971,0.0,0.0,9609.0,0,0,0,0,0,0.0,0,0,0,0,0,0,0,0,0.0,0,0,0,0,0,0.0,0.0,0.0,0,0,0,32.1,2.85,9.67,0.39,20.62,24.7,63.4,99.1650574715411,7.243757981929134,38.5136668569729,33.259056288199346,26.707223496048666,1799.0,0.0,0.0,51.77334923459767,0.0,46.563508856546726,14.2,99.3,0.0,0.0,0.0,450.0,9607.2,0.0,0.0,67.726,0.702,68.428,18.858,1.207,67.221,emon,0.613,0.384,214.1,100.3,2.134
2026-09-17 22:14:46.035,17.0,0,58,18;40;8;39;2;0;0;37;2;0;0;41;11;9;8;58,932,2131,1828;1654;2131;1599;1130;1135;1169;1271;1761;1221;1154;1404;1093;932;964;1148,0.2,0.0,9608.2,0,0,0,0,0,0.0,0,0,0,0,0,0,0,0,0.0,0,0,0,0,0,0.0,0.0,0.0,0,0,0,31.1,2.85,9.67,0.39,20.62,24.7,63.4,100.0167236328125,11.843096861158902,37.81264389067326,35.905719960073256,26.861269132146294,1799.0,0.0,0.0,58.62453053252033,0.0,41.897895894608325,14.3,99.6,0.0,0.0,0.0,450.0,9609.4,0.0,0.0,67.726,0.702,68.428,18.858,1.207,67.221,emon,0.613,0.384,214.1,100.3,2.134
2026-09-17 22:14:47.091,17.0,0,73,6;44;6;43;0;0;3;73;0;0;0;45;9;2;0;43,843,1933,1702;1576;1933;1616;1801;1210;1203;1346;1270;1234;1260;1357;909;854;843;1083,0.5,0.0,9612.5,0,0,0,0,0,0.0,0,0,0,0,0,0,0,0,0.0,0,0,0,0,0,0.0,0.0,0.0,0,0,0,31.1,2.76,9.83,0.4,20.79,24.9,63.4,92.64476504692665,12.697178107041578,73.02074549748347,66.30170734112079,52.31850902850811,1799.0,0.0,0.0,92.30952810252515,0.0,0.0,14.3,99.6,0.0,0.0,0.0,450.0,9612.5,0.0,0.0,67.726,0.702,68.428,18.858,1.207,67.221,emon,0.613,0.384,214.1,100.3,2.134
2026-09-17 22:14:48.093,17.2,0,70,9;38;8;45;0;0;3;70;0;0;0;31;15;8;3;45,774,1934,1934;1705;1782;1459;1691;1624;1317;1398;1174;1067;1102;1353;911;846;774;1019,100.0,0.0,9612.5,0,0,0,0,0,0.0,0,0,0,0,0,0,0,0,0.0,0,0,0,0,0,0.0,0.0,0.0,0,0,0,32.1,2.76,9.83,0.4,20.79,24.7,63.4,98.41984395287994,8.344271904040669,38.28311803427517,33.54810099927788,20.967776344882118,1799.0,0.0,0.0,51.40298137007456,0.0,44.134862756932456,14.2,99.3,0.0,0.0,0.0,450.0,9612.5,0.0,0.0,67.726,0.702,68.428,18.858,1.207,67.221,emon,0.613,0.384,214.1,100.3,2.134
2026-09-17 22:14:49.093,16.8,0,73,11;47;0;34;0;0;0;73;0;0;0;41;14;8;2;39,1028,1916,1091;1316;1392;1452;1164;1748;1369;1428;1139;1112;1916;1288;1028;1048;1055;1161,100.0,0.0,9612.5,0,0,0,0,0,0.0,0,0,0,0,0,0,0,0,0.0,0,0,0,0,0,0.0,0.0,0.0,0,0,0,31.1,2.76,9.83,0.4,20.79,24.7,63.4,95.26185834102141,8.93835096481519,50.47580268444159,45.724182630196594,34.22629179098667,1799.0,0.0,0.0,64.18906006479683,0.0,31.036457206792154,14.2,99.2,0.0,0.0,0.0,450.0,9612.5,0.0,0.0,67.726,0.702,68.428,18.858,1.207,67.221,emon,0.613,0.384,214.1,100.3,2.134
2026-09-17 22:14:50.094,16.1,0,56,14;39;0;27;0;0;3;56;0;0;0;30;16;25;9;38,928,2139,1616;1538;2139;1537;1307;1412;1238;1413;1180;1140;1150;1213;947;1001;928;1094,100.0,0.0,9612.5,0,0,0,0,0,0.0,0,0,0,0,0,0,0,0,0.0,0,0,0,0,0,0.0,0.0,0.0,0,0,0,32.1,2.76,9.83,0.4,20.79,24.7,63.4,99.9905445611299,8.553363725431819,43.65411724973081,39.27995913108783,28.0880082603266,1799.0,0.0,0.0,53.89761850582922,0.0,40.685046742689266,14.3,99.4,0.0,0.0,0.0,450.0,9610.3,0.0,0.0,59.392,0.976,60.369,12.762,0.817,59.552,emon,0.613,0.384,246.1,114.5,2.149
2026-09-17 22:14:51.095,16.1,0,57,6;47;0;39;3;0;3;22;0;0;0;57;14;5;11;51,921,3613,3613;1855;1094;1573;1632;1554;1197;1291;1366;2591;1321;1467;963;937;921;1087,0.3,0.0,9609.4,0,0,0,0,0,0.0,0,0,0,0,0,0,0,0,0.0,0,0,0,0,0,0.0,0.0,0.0,0,0,0,32.1,2.66,9.31,0.4,19.78,24.7,63.4,100.00418352724901,8.561822838247267,36.77791913409731,34.844935579308824,22.21706736087799,1799.0,0.0,0.0,56.836973510724285,0.0,40.64768033947029,14.3,99.8,0.0,0.0,0.0,450.0,9612.3,0.0,0.0,59.392,0.976,60.369,12.762,0.817,59.552,emon,0.613,0.384,246.1,114.5,2.149
2026-09-17 22:14:52.095,16.5,0,70,5;31;0;30;5;0;3;31;0;0;0;70;16;8;5;61,837,2518,2518;1358;1760;1461;1181;2008;1218;1180;1363;1382;1393;1496;1110;1061;837;1111,0.4,0.0,9612.3,0,0,0,0,0,0.0,0,0,0,0,0,0,0,0,0.0,0,0,0,0,0,0.0,0.0,0.0,0,0,0,31.1,2.66,9.31,0.4,19.78,24.7,63.4,100.00391979606785,10.481339480043674,40.186448857188225,38.09227862642432,27.462768329649556,1799.0,0.0,0.0,59.25508673899636,0.0,39.11780637283122,14.3,99.6,0.0,0.0,0.0,450.0,9608.2,0.0,0.0,59.392,0.976,60.369,12.762,0.817,59.552,emon,0.613,0.384,246.1,114.5,2.149
2026-09-17 22:14:53.096,16.2,0,72,3;33;0;45;0;0;3;38;2;0;0;72;12;15;0;36,928,2815,2815;1592;2778;1572;1460;1320;1317;1328;1393;1374;1357;1471;928;1114;955;1098,100.0,0.0,9605.3,0,0,0,0,0,0.0,0,0,0,0,0,0,0,0,0.0,0,0,0,0,0,0.0,0.0,0.0,0,0,0,31.1,2.66,9.31,0.4,19.78,24.7,63.4,98.49480310199768,6.265358058427732,41.32787580752936,34.32759253058847,28.755359682232495,1799.0,0.0,0.0,52.88537135654987,0.0,44.59337131094916,14.2,99.0,0.0,0.0,0.0,450.0,9605.3,0.0,0.0,59.392,0.976,60.369,12.762,0.817,59.552,emon,0.613,0.384,246.1,114.5,2.149
2026-09-17 22:14:54.096,17.2,0,61,6;45;5;48;2;0;0;31;0;0;0;61;14;16;0;48,910,1569,1441;1569;1420;1372;1517;1119;1119;1315;1300;1319;1311;1485;924;1033;910;1050,0.4,0.0,9606.5,0,0,0,0,0,0.0,0,0,0,0,0,0,0,0,0.0,0,0,0,0,0,0.0,0.0,0.0,0,0,0,32.1,2.66,9.31,0.4,19.78,24.7,63.4,99.99999930641867,12.470306049693715,80.90359393033114,72.37323275479403,57.47922966696999,1799.0,0.0,0.0,100.00000416148792,0.0,0.0,14.3,99.6,0.0,0.0,0.0,450.0,9606.5,0.0,0.0,59.392,0.976,60.369,12.762,0.817,59.552,emon,0.613,0.384,246.1,114.5,2.149
2026-09-17 22:14:55.096,17.6,0,55,14;42;3;41;0;0;0;45;0;0;0;55;9;9;9;54,916,1751,1489;1558;976;1671;1076;1751;1404;1342;1482;1372;1281;1448;1002;916;1066;1089,0.4,0.0,9606.5,0,0,0,0,0,0.0,0,0,0,0,0,0,0,0,0.0,0,0,0,0,0,0.0,0.0,0.0,0,0,0,31.1,2.58,9.35,0.4,19.71,24.7,63.4,98.73578352380443,9.007818968072645,39.733538743712614,36.66881462768022,25.195113263332058,1799.0,0.0,0.0,52.141212739251756,0.0,45.00558021154643,14.2,99.2,0.0,0.0,0.0,450.0,9607.5,0.0,0.0,59.392,0.976,60.369,12.762,0.817,59.552,emon,0.613,0.384,246.1,114.5,2.149
2026-09-17 22:14:56.097,16.0,0,54,14;39;2;34;2;0;0;54;0;0;0;33;18;10;2;51,882,3396,1835;1829;3396;1722;1318;1273;1193;1335;2055;1108;1131;1152;1074;916;882;1122,46.9,0.0,9607.5,0,0,0,0,0,0.0,0,0,0,0,0,0,0,0,0.0,0,0,0,0,0,0.0,0.0,0.0,0,0,0,32.1,2.58,9.35,0.4,19.71,24.7,63.4,98.74397986250766,7.159819502547822,39.66213447819738,34.17035213331966,26.200388924231984,1799.0,0.0,0.0,52.318535309886265,0.0,46.765273391153094,14.2,99.2,0.0,0.0,0.0,450.0,9607.5,0.0,0.0,59.392,0.976,60.369,12.762,0.817,59.552,emon,0.613,0.384,246.1,114.5,2.149
2026-09-17 22:14:57.098,16.0,0,50,5;33;2;50;0;0;0;45;0;0;0;34;11;26;2;49,1022,2022,2022;1656;1387;1841;1978;1946;1422;1451;1237;1228;1201;1221;1121;1022;1153;1147,0.2,0.0,9606.4,0,0,0,0,0,0.0,0,0,0,0,0,0,0,0,0.0,0,0,0,0,0,0.0,0.0,0.0,0,0,0,33.1,2.58,9.35,0.4,19.71,24.7,63.4,98.47421636089446,6.376359673778689,43.99283950243677,36.63840932821825,30.36967888450812,1799.0,0.0,0.0,54.1037406483813,0.0,44.83082988715931,14.2,99.1,0.0,0.0,0.0,450.0,9606.4,0.0,0.0,59.392,0.976,60.369,12.762,0.817,59.552,emon,0.613,0.384,246.1,114.5,2.149
2026-09-17 22:14:58.141,16.4,0,68,12;41;3;39;0;0;0;68;0;0;0;34;9;3;13;40,1032,1985,1500;1761;1681;1620;1985;1399;1215;1431;1614;1070;1088;1368;1049;1034;1032;1123,100.0,0.0,9605.5,0,0,0,0,0,0.0,0,0,0,0,0,0,0,0,0.0,0,0,0,0,0,0.0,0.0,0.0,0,0,0,32.1,2.58,9.35,0.4,19.71,24.9,63.4,99.38611643852727,7.961798823372115,36.83462262591047,34.19024840852306,22.942265985473508,1799.0,0.0,0.0,50.434347729712364,0.0,46.23386548119635,14.2,99.2,0.0,0.0,0.0,450.0,9605.4,0.0,0.0,59.392,0.976,60.369,12.762,0.817,59.552,emon,0.613,0.384,246.1,114.5,2.149
2026-09-17 22:14:59.142,16.6,0,69,6;43;0;46;5;0;0;69;0;0;0;25;14;5;5;48,987,2462,2099;1558;2055;1327;1799;2462;1351;1504;1143;1250;987;1358;1019;1027;1032;1077,100.0,0.0,9613.4,0,0,0,0,0,0.0,0,0,0,0,0,0,0,0,0.0,0,0,0,0,0,0.0,0.0,0.0,0,0,0,32.1,2.91,9.6,0.4,20.5,24.7,63.4,99.99532904991737,10.897888252583261,45.69772985715132,43.283871409755484,29.541787143853995,1799.0,0.0,0.0,55.486531370047196,0.0,40.486661784116976,14.2,99.0,0.0,0.0,0.0,450.0,9610.4,0.0,0.0,59.392,0.976,60.369,12.762,0.817,59.552,emon,0.613,0.384,246.1,114.5,2.149
2026-09-17 22:15:00.143,17.9,0,57,8;42;3;43;3;0;0;53;0;0;4;36;12;9;15;57,893,2907,2671;1406;2907;1650;1308;1161;1268;1376;1314;1768;893;1244;1058;1165;1238;1170,100.0,0.0,9611.1,0,0,0,0,0,0.0,0,0,0,0,0,0,0,0,0.0,0,0,0,0,0,0.0,0.0,0.0,0,0,0,32.1,2.91,9.6,0.4,20.5,24.7,63.4,98.66711588048223,9.207495004828296,42.74898819425213,40.060688374647455,28.58116872097129,1799.0,0.0,0.0,56.8054771098628,0.0,40.86970477522212,14.3,99.6,0.0,0.0,0.0,450.0,9613.4,0.0,0.0,59.392,0.976,60.369,12.762,0.817,59.552,emon,0.613,0.384,246.1,114.5,2.149
2026-09-17 22:15:01.144,16.1,0,54,8;42;3;42;5;0;0;32;2;0;0;54;14;8;8;41,880,2029,2029;1523;1354;1524;1165;1113;1109;1210;1583;1247;1246;1376;984;982;880;1077,100.0,0.0,9611.1,0,0,0,0,0,0.0,0,0,0,0,0,0,0,0,0.0,0,0,0,0,0,0.0,0.0,0.0,0,0,0,32.1,2.91,9.6,0.4,20.5,24.7,63.4,100.00874895927234,10.21572891718302,35.932877137110786,34.83724854848324,23.60746352489178,1799.0,0.0,0.0,61.6707937652484,0.0,33.6697695799232,14.3,99.6,0.0,0.0,0.0,450.0,9611.1,0.0,0.0,59.392,0.976,60.369,12.762,0.817,59.552,emon,0.613,0.384,246.1,114.5,2.149
2026-09-17 22:15:02.173,18.0,0,63,3;56;2;55;6;0;0;37;2;0;2;63;9;6;4;42,988,3222,3222;1510;1965;1562;1399;1273;1657;1223;2421;1401;1318;1507;1275;1095;988;1180,100.0,0.0,9611.1,0,0,0,0,0,0.0,0,0,0,0,0,0,0,0,0.0,0,0,0,0,0,0.0,0.0,0.0,0,0,0,32.1,2.91,9.6,0.4,20.5,24.7,63.4,99.99999930641867,11.543529293753885,81.99531069668856,72.48571499911222,58.23246626420455,1799.0,0.0,0.0,99.99999791925603,0.0,0.0,14.2,99.5,0.0,0.0,0.0,450.0,9611.1,0.0,0.0,60.028,0.958,60.986,12.068,0.772,60.214,emon,0.612,0.385,241.6,111.8,2.161
2026-09-17 22:15:03.174,16.3,0,55,9;52;0;41;2;0;0;41;0;0;0;55;21;2;0;40,853,2874,2186;1622;2847;1814;2874;1800;1219;1247;1969;1246;1237;1380;1201;979;853;1106,100.0,0.0,9609.7,0,0,0,0,0,0.0,0,0,0,0,0,0,0,0,0.0,0,0,0,0,0,0.0,0.0,0.0,0,0,0,33.1,2.52,9.23,0.4,19.46,24.7,63.4,99.09613674649826,7.087137950163406,35.19859902818616,30.545665245503187,21.491667160009875,1799.0,0.0,0.0,50.62368343835428,0.0,47.11241011623625,14.3,99.5,0.0,0.0,0.0,450.0,9611.1,0.0,0.0,60.028,0.958,60.986,12.068,0.772,60.214,emon,0.612,0.385,241.6,111.8,2.161
2026-09-17 22:15:04.175,16.0,0,59,3;31;3;59;0;0;0;20;0;0;0;55;6;6;16;56,835,2247,2247;1249;1080;1341;1935;1313;1205;1366;1532;1406;1282;1413;981;835;1255;1156,0.4,0.0,9609.3,0,0,0,0,0,0.0,0,0,0,0,0,0,0,0,0.0,0,0,0,0,0,0.0,0.0,0.0,0,0,0,32.1,2.52,9.23,0.4,19.46,24.7,63.4,97.49358658414138,9.628553866555816,41.43600435633408,39.54724374570345,28.326649752396502,1799.0,0.0,0.0,60.608326291959536,0.0,34.840391430276405,14.2,99.2,0.0,0.0,0.0,450.0,9606.4,0.0,0.0,60.028,0.958,60.986,12.068,0.772,60.214,emon,0.612,0.385,241.6,111.8,2.161
2026-09-17 22:15:05.176,17.6,0,69,9;28;0;50;3;0;0;38;0;3;2;69;16;17;9;39,1004,2881,2881;1404;1861;1499;1270;2553;1004;1385;1240;1170;1164;1470;1126;1131;1091;1081,100.0,0.0,9612.5,0,0,0,0,0,0.0,0,0,0,0,0,0,0,0,0.0,0,0,0,0,0,0.0,0.0,0.0,0,0,0,31.1,2.52,9.23,0.4,19.46,24.7,63.4,94.03614830970764,10.738123588263988,60.97841715812683,55.697386026382446,44.69823548197746,1799.0,0.0,0.0,81.28963899728842,0.0,12.609905040084413,14.3,99.6,0.0,0.0,0.0,450.0,9609.3,0.0,0.0,60.028,0.958,60.986,12.068,0.772,60.214,emon,0.612,0.385,241.6,111.8,2.161
2026-09-17 22:15:06.202,16.9,0,76,22;48;6;32;2;0;0;76;0;0;0;26;4;17;6;32,888,1908,1681;1466;1254;1575;1434;1613;1908;1483;996;1031;945;1273;1131;888;1122;1131,3.4,0.0,9617.6,0,0,0,0,0,0.0,0,0,0,0,0,0,0,0,0.0,0,0,0,0,0,0.0,0.0,0.0,0,0,0,32.1,2.63,9.13,0.4,19.38,24.7,63.4,93.57647396967961,11.67610971744244,74.02920444195087,66.39984189547025,52.78681945800781,1799.0,0.0,0.0,92.31534827615206,0.0,0.0,14.3,99.4,0.0,0.0,0.0,450.0,9612.4,0.0,0.0,60.028,0.958,60.986,12.068,0.772,60.214,emon,0.612,0.385,241.6,111.8,2.161
2026-09-17 22:15:07.203,15.0,0,66,5;36;0;38;0;0;0;66;0;0;0;41;11;6;2;36,771,1568,1447;1568;1024;1516;1442;1245;1324;1453;1172;1140;1193;1258;1115;1048;771;1105,3.4,0.0,9617.6,0,0,0,0,0,0.0,0,0,0,0,0,0,0,0,0.0,0,0,0,0,0,0.0,0.0,0.0,0,0,0,32.1,2.63,9.13,0.4,19.38,24.7,63.4,97.67026813568607,11.667170488005203,42.08752399106179,39.99576889603369,24.980285661745697,1799.0,0.0,0.0,56.59112407294132,0.0,37.45557379791664,14.3,99.6,0.0,0.0,0.0,450.0,9617.6,0.0,0.0,60.028,0.958,60.986,12.068,0.772,60.214,emon,0.612,0.385,241.6,111.8,2.161
2026-09-17 22:15:08.204,16.5,0,70,3;38;6;36;2;2;0;70;0;0;0;50;9;6;0;44,863,1919,1861;1618;1500;1880;1811;1578;1508;1414;1662;1832;1919;1263;993;985;863;1113,0.4,0.0,9614.8,0,0,0,0,0,0.0,0,0,0,0,0,0,0,0,0.0,0,0,0,0,0,0.0,0.0,0.0,0,0,0,32.1,2.63,9.13,0.4,19.38,24.7,63.4,98.3540061541966,8.918981774710119,45.36935588930334,40.79062608735902,31.306149765849113,1799.0,0.0,0.0,59.02464571182749,0.0,39.6264678014745,14.3,99.6,0.0,0.0,0.0,450.0,9614.8,0.0,0.0,60.028,0.958,60.986,12.068,0.772,60.214,emon,0.612,0.385,241.6,111.8,2.161
2026-09-17 22:15:09.205,17.4,0,75,11;37;0;41;0;0;0;75;2;0;0;38;12;14;4;44,970,1911,1541;1417;1305;1595;1695;1911;1662;1440;1138;1152;1745;1297;1020;970;1005;1099,0.5,0.0,9609.6,0,0,0,0,0,0.0,0,0,0,0,0,0,0,0,0.0,0,0,0,0,0,0.0,0.0,0.0,0,0,0,32.1,2.63,9.13,0.4,19.38,24.7,63.4,93.07676306477299,12.043845426153254,50.51980366530242,48.2738679073475,34.960236646510936,1799.0,0.0,0.0,70.43495599121822,0.0,22.42460378887093,14.3,99.5,0.0,0.0,0.0,450.0,9614.8,0.0,0.0,60.028,0.958,60.986,12.068,0.772,60.214,emon,0.612,0.385,241.6,111.8,2.161
2026-09-17 22:15:10.273,18.1,0,59,14;56;6;53;2;0;0;46;0;0;0;29;7;9;7;59,840,1805,1698;1491;1627;1608;1805;1219;1282;1386;1300;1165;1200;1363;1098;873;840;1047,100.0,0.0,9614.8,0,0,0,0,0,0.0,0,0,0,0,0,0,0,0,0.0,0,0,0,0,0,0.0,0.0,0.0,0,0,0,31.1,2.64,9.46,0.4,20.01,24.7,63.4,99.99999861283736,11.184872237118809,82.82822210138494,72.92856389825994,58.926285136829726,1799.0,0.0,0.0,100.0000069358132,0.0,0.0,14.2,99.4,0.0,0.0,0.0,450.0,9609.6,0.0,0.0,60.028,0.958,60.986,12.068,0.772,60.214,emon,0.612,0.385,241.6,111.8,2.161
2026-09-17 22:15:11.274,16.0,0,59,13;44;3;34;0;0;0;28;0;0;0;59;13;10;2;51,887,1620,1620;1334;887;1413;1075;915;939;1277;1359;1381;1434;1441;1050;971;1149;1205,100.0,0.0,9614.8,0,0,0,0,0,0.0,0,0,0,0,0,0,0,0,0.0,0,0,0,0,0,0.0,0.0,0.0,0,0,0,31.1,2.64,9.46,0.4,20.01,24.7,63.4,100.01859393751765,10.590524626267424,40.21233480091555,36.094228067850494,22.871086049869835,1799.0,0.0,0.0,55.52292013218828,0.0,42.56366222335537,14.3,99.8,0.0,0.0,0.0,450.0,9614.8,0.0,0.0,60.028,0.958,60.986,12.068,0.772,60.214,emon,0.612,0.385,241.6,111.8,2.161
2026-09-17 22:15:12.274,15.0,0,62,3;39;0;44;0;0;0;28;0;0;0;62;11;9;0;44,1106,2734,2262;1546;1452;1153;2734;1425;1464;1390;1234;1844;1252;1423;1106;1152;1147;1170,100.0,0.0,9614.8,0,0,0,0,0,0.0,0,0,0,0,0,0,0,0,0.0,0,0,0,0,0,0.0,0.0,0.0,0,0,0,31.1,2.64,9.46,0.4,20.01,24.7,63.4,94.5348082951137,12.27288726227624,51.84457533700125,48.881062507629395,37.28259767804827,1799.0,0.0,0.0,65.76189570666423,0.0,28.82612928939278,14.3,99.6,0.0,0.0,0.0,450.0,9614.8,0.0,0.0,60.028,0.958,60.986,12.068,0.772,60.214,emon,0.612,0.385,241.6,111.8,2.161
2026-09-17 22:15:13.275,17.1,0,59,3;48;9;43;2;0;0;40;0;0;0;59;8;15;3;43,892,2680,2680;1539;1780;1594;1198;1313;1262;1220;1638;1348;1386;1446;1007;1124;892;1087,100.0,0.0,9614.8,0,0,0,0,0,0.0,0,0,0,0,0,0,0,0,0.0,0,0,0,0,0,0.0,0.0,0.0,0,0,0,32.1,2.64,9.46,0.4,20.01,24.7,63.4,95.51401291614356,8.584265383436929,40.55177792005761,36.05631404456704,26.94814825196599,1799.0,0.0,0.0,55.92724415486906,0.0,39.88310096976266,14.2,99.2,0.0,0.0,0.0,450.0,9614.8,0.0,0.0,60.028,0.958,60.986,12.068,0.772,60.214,emon,0.612,0.385,241.6,111.8,2.161
2026-09-17 22:15:14.338,17.9,0,60,43;10;0;54;26;0;0;8;60;0;0;3;38;16;14;14,1048,2566,1382;2566;1569;1423;1095;1175;1147;1322;1389;1654;1930;2085;1134;1049;1175;1048,100.0,0.0,9609.8,0,0,0,0,0,0.0,0,0,0,0,0,0,0,0,0.0,0,0,0,0,0,0.0,0.0,0.0,0,0,0,31.1,2.49,9.57,0.4,20.06,24.7,63.4,81.25779193242391,10.021928628285727,65.14875971476236,58.30834401448568,46.09422022501628,1799.0,0.0,0.0,80.00480537321418,0.0,0.0,14.2,98.8,0.0,0.0,0.0,450.0,9607.3,0.0,0.0,61.512,0.945,62.457,13.831,0.885,61.572,emon,0.608,0.348,240.0,111.1,2.16
2026-09-17 22:15:15.339,16.4,0,55,41;3;3;45;55;2;3;0;30;0;0;0;52;11;16;2,812,1733,1672;1733;1488;1656;1443;1408;1220;1236;1285;1191;1211;1204;1140;1003;1037;812,100.0,0.0,9608.8,0,0,0,0,0,0.0,0,0,0,0,0,0,0,0,0.0,0,0,0,0,0,0.0,0.0,0.0,0,0,0,32.1,2.49,9.57,0.4,20.06,24.7,63.4,99.52632908163399,8.081290110482334,36.604615492700354,32.4709349037538,22.571656329548123,1799.0,0.0,0.0,51.362555407194115,0.0,47.22479961137773,14.2,99.3,0.0,0.0,0.0,450.0,9609.9,0.0,0.0,61.512,0.945,62.457,13.831,0.885,61.572,emon,0.608,0.348,240.0,111.1,2.16
2026-09-17 22:15:16.340,17.4,0,61,44;11;2;38;61;2;2;0;40;0;0;0;46;19;6;11,927,3137,1884;1633;3137;1959;1507;1106;927;1378;1329;1668;1220;1192;1155;1055;965;1005,100.0,0.0,9608.8,0,0,0,0,0,0.0,0,0,0,0,0,0,0,0,0.0,0,0,0,0,0,0.0,0.0,0.0,0,0,0,33.1,2.49,9.57,0.4,20.06,24.7,63.4,99.36517362466594,5.699739850182461,43.13197896944597,35.44015071976105,28.020063901757634,1799.0,0.0,0.0,53.80419562060711,0.0,46.693452539903596,14.2,99.2,0.0,0.0,0.0,450.0,9608.8,0.0,0.0,61.512,0.945,62.457,13.831,0.885,61.572,emon,0.608,0.348,240.0,111.1,2.16
2026-09-17 22:15:17.340,15.6,0,67,44;6;2;30;67;0;0;0;42;0;0;0;41;14;5;0,854,2094,1505;2094;1334;1903;1439;1500;1593;1682;1107;1121;1042;1558;1392;1219;854;1351,100.0,0.0,9608.8,0,0,0,0,0,0.0,0,0,0,0,0,0,0,0,0.0,0,0,0,0,0,0.0,0.0,0.0,0,0,0,32.1,2.49,9.57,0.4,20.06,24.7,63.4,100.01265402401195,11.231195811255306,40.24732765496946,38.060587104629064,28.266411442382662,1799.0,0.0,0.0,60.90233206061427,0.0,39.591885311419084,14.2,99.1,0.0,0.0,0.0,450.0,9608.8,0.0,0.0,61.512,0.945,62.457,13.831,0.885,61.572,emon,0.608,0.348,240.0,111.1,2.16
2026-09-17 22:15:18.361,16.7,0,64,46;9;3;45;64;0;0;0;45;3;0;0;39;9;3;2,929,2454,1527;2454;1124;1491;1364;1266;1167;1163;1304;2116;1213;1048;1118;1195;929;1449,0.0,0.0,9608.8,0,0,0,0,0,0.0,0,0,0,0,0,0,0,0,0.0,0,0,0,0,0,0.0,0.0,0.0,0,0,0,32.1,2.99,9.5,0.39,20.42,24.7,63.4,93.32820876439412,11.269684871037802,74.64963626861572,66.6499474843343,53.39809354146322,1799.0,0.0,0.0,91.67904923607905,0.0,0.0,14.3,99.5,0.0,0.0,0.0,450.0,9608.8,0.0,0.0,61.512,0.945,62.457,13.831,0.885,61.572,emon,0.608,0.348,240.0,111.1,2.16
2026-09-17 22:15:19.362,16.2,0,54,54;0;3;36;52;0;0;0;33;2;0;0;36;27;14;3,876,2659,1435;2659;1454;1633;1481;1467;1317;1317;1231;1232;1210;1299;1130;995;1276;876,100.0,0.0,9613.8,0,0,0,0,0,0.0,0,0,0,0,0,0,0,0,0.0,0,0,0,0,0,0.0,0.0,0.0,0,0,0,31.1,2.99,9.5,0.39,20.42,24.7,63.4,98.45833355903625,11.016450813315808,40.165020544052126,38.3244515889883,25.045699511490763,1799.0,0.0,0.0,52.913319821856916,0.0,44.41405105750816,14.3,99.7,0.0,0.0,0.0,450.0,9614.0,0.0,0.0,61.512,0.945,62.457,13.831,0.885,61.572,emon,0.608,0.348,240.0,111.1,2.16
2026-09-17 22:15:20.363,16.7,0,60,33;8;2;38;36;2;0;0;60;3;0;2;41;25;14;6,864,2333,1462;2333;1281;1611;1157;1221;1205;1150;1361;1126;1958;864;1141;1066;1039;1003,100.0,0.0,9608.6,0,0,0,0,0,0.0,0,0,0,0,0,0,0,0,0.0,0,0,0,0,0,0.0,0.0,0.0,0,0,0,31.1,2.99,9.5,0.39,20.42,24.7,63.4,98.60455521765877,6.357400200822774,41.88654340891277,35.40753226530026,28.496461102232228,1799.0,0.0,0.0,53.06256409461254,0.0,45.30541993141142,14.2,99.0,0.0,0.0,0.0,450.0,9613.8,0.0,0.0,61.512,0.945,62.457,13.831,0.885,61.572,emon,0.608,0.348,240.0,111.1,2.16
2026-09-17 22:15:21.364,16.7,0,58,39;16;14;50;23;0;2;0;58;0;0;0;42;14;5;5,850,1594,1353;1437;1258;1594;1168;1065;862;1087;1467;1121;1354;1396;1120;993;850;875,100.0,0.0,9608.6,0,0,0,0,0,0.0,0,0,0,0,0,0,0,0,0.0,0,0,0,0,0,0.0,0.0,0.0,0,0,0,31.1,2.99,9.5,0.39,20.42,24.7,63.4,92.55581307411194,10.996464282274246,52.831029671889084,48.30708305652325,36.305765903913056,1799.0,0.0,0.0,69.29510682986046,0.0,23.292110348250738,14.2,99.2,0.0,0.0,0.0,450.0,9608.6,0.0,0.0,61.512,0.945,62.457,13.831,0.885,61.572,emon,0.608,0.348,240.0,111.1,2.16
2026-09-17 22:15:22.365,17.0,0,54,44;16;5;36;40;0;0;0;54;0;0;2;45;11;19;2,815,1967,1667;1967;1378;1820;1234;1200;1448;1060;1350;1162;1132;1227;1094;1088;1155;815,28.8,0.0,9610.3,0,0,0,0,0,0.0,0,0,0,0,0,0,0,0,0.0,0,0,0,0,0,0.0,0.0,0.0,0,0,0,32.1,2.67,9.21,0.4,19.57,24.7,63.4,93.35164840404803,10.02394650532649,76.65742610051082,67.342286330003,54.251311375544624,1799.0,0.0,0.0,92.31438392228804,0.0,0.0,14.2,99.2,0.0,0.0,0.0,450.0,9608.6,0.0,0.0,61.512,0.945,62.457,13.831,0.885,61.572,emon,0.608,0.348,240.0,111.1,2.16
2026-09-17 22:15:23.366,16.8,0,81,40;11;2;38;31;2;0;0;81;2;0;0;41;11;6;6,918,2487,1666;2487;1859;1646;1340;1247;1161;1028;1508;1404;1392;1421;1143;1121;951;918,28.8,0.0,9610.3,0,0,0,0,0,0.0,0,0,0,0,0,0,0,0,0.0,0,0,0,0,0,0.0,0.0,0.0,0,0,0,32.1,2.67,9.21,0.4,19.57,24.7,63.4,99.99770891056504,8.99254372401033,39.18892050454783,35.057818142844496,24.361681640203393,1799.0,0.0,0.0,51.28990678235802,0.0,47.459238298765776,14.3,99.6,0.0,0.0,0.0,450.0,9610.3,0.0,0.0,61.512,0.945,62.457,13.831,0.885,61.572,emon,0.608,0.348,240.0,111.1,2.16
2026-09-17 22:15:24.367,16.5,0,70,43;11;0;52;23;2;0;0;70;0;0;0;32;24;6;0,959,2452,1179;1923;1338;1634;1267;1225;1727;1130;1428;2452;1408;1398;1091;1083;959;1009,0.2,0.0,9608.8,0,0,0,0,0,0.0,0,0,0,0,0,0,0,0,0.0,0,0,0,0,0,0.0,0.0,0.0,0,0,0,31.1,2.67,9.21,0.4,19.57,24.7,63.4,95.67789198802068,10.142779241769741,43.65529665121665,41.207642880005714,29.970933486253788,1799.0,0.0,0.0,61.61678893387747,0.0,33.61432040571648,14.3,99.3,0.0,0.0,0.0,450.0,9608.8,0.0,0.0,61.512,0.945,62.457,13.831,0.885,61.572,emon,0.608,0.348,240.0,111.1,2.16
2026-09-17 22:15:25.367,16.0,0,69,49;2;3;37;69;2;0;0;37;0;0;0;38;8;5;6,912,2793,1780;2538;2793;1929;1428;1252;1365;1237;1364;1805;1067;1236;1110;1046;912;953,19.4,0.0,9610.4,0,0,0,0,0,0.0,0,0,0,0,0,0,0,0,0.0,0,0,0,0,0,0.0,0.0,0.0,0,0,0,32.1,2.67,9.21,0.4,19.57,24.7,63.4,98.49457846581936,8.933877440053038,37.695018507540226,33.79175582295284,24.94808537978679,1799.0,0.0,0.0,57.94319309135608,0.0,40.96952098363634,14.2,99.2,0.0,0.0,0.0,450.0,9610.4,0.0,0.0,61.512,0.945,62.457,13.831,0.885,61.572,emon,0.608,0.348,240.0,111.1,2.16
2026-09-17 22:15:26.368,15.6,0,62,41;8;2;39;62;5;0;0;36;0;0;0;39;16;2;0,985,2018,1588;2018;1723;1785;1404;985;1118;1016;1210;1219;1494;1221;1092;1191;1001;1039,100.0,0.0,9614.0,0,0,0,0,0,0.0,0,0,0,0,0,0,0,0,0.0,0,0,0,0,0,0.0,0.0,0.0,0,0,0,32.1,2.85,9.75,0.39,20.75,24.7,63.4,99.04906151029799,9.97879897368451,37.31655717355133,34.60371936240582,20.775425581016925,1799.0,0.0,0.0,55.66713906672191,0.0,44.83497761161907,14.2,99.3,0.0,0.0,0.0,450.0,9608.8,0.0,0.0,60.211,0.991,61.202,15.082,0.965,60.237,emon,0.615,0.351,242.4,112.2,2.16
2026-09-17 22:15:27.370,16.6,0,61,54;5;0;44;61;3;0;0;44;0;0;0;22;17;15;0,921,2874,1673;2874;1653;1556;1438;1426;1422;1500;1160;1126;921;1124;1028;1019;1081;963,0.1,0.0,9613.9,0,0,0,0,0,0.0,0,0,0,0,0,0,0,0,0.0,0,0,0,0,0,0.0,0.0,0.0,0,0,0,32.1,2.85,9.75,0.39,20.75,24.7,63.4,100.00709835099585,10.389922777075826,39.37204695336612,35.59286183339578,22.43479072716501,1799.0,0.0,0.0,55.68136310859089,0.0,43.74861415865319,14.2,99.5,0.0,0.0,0.0,450.0,9614.0,0.0,0.0,60.211,0.991,61.202,15.082,0.965,60.237,emon,0.615,0.351,242.4,112.2,2.16
2026-09-17 22:15:28.370,15.9,0,56,44;14;0;45;56;0;0;0;34;0;0;0;40;19;2;2,894,2549,1366;1604;1553;1530;1425;1957;1882;2549;1177;1099;1179;1043;1089;1081;894;896,0.1,0.0,9613.9,0,0,0,0,0,0.0,0,0,0,0,0,0,0,0,0.0,0,0,0,0,0,0.0,0.0,0.0,0,0,0,31.1,2.85,9.75,0.39,20.75,24.7,63.4,92.76827781699424,9.748249347157186,41.73406950137673,39.075321295945606,29.27681585799816,1799.0,0.0,0.0,62.8660486271215,0.0,28.147946723763894,14.3,99.6,0.0,0.0,0.0,450.0,9613.9,0.0,0.0,60.211,0.991,61.202,15.082,0.965,60.237,emon,0.615,0.351,242.4,112.2,2.16
2026-09-17 22:15:29.373,16.5,0,58,45;5;2;55;52;2;0;0;58;2;0;0;28;9;8;2,940,2505,1537;2431;1169;1464;1375;2505;1164;1301;1179;1108;1274;1168;1194;1045;996;940,47.8,0.0,9613.9,0,0,0,0,0,0.0,0,0,0,0,0,0,0,0,0.0,0,0,0,0,0,0.0,0.0,0.0,0,0,0,31.1,2.85,9.75,0.39,20.75,24.7,63.4,99.99999861283736,10.816042856736617,83.75563326748934,73.54152956875888,58.99128861860795,1799.0,0.0,0.0,99.99999861283736,0.0,0.0,14.2,99.0,0.0,0.0,0.0,450.0,9613.9,0.0,0.0,60.211,0.991,61.202,15.082,0.965,60.237,emon,0.615,0.351,242.4,112.2,2.16
2026-09-17 22:15:30.374,17.1,0,59,49;10;2;39;46;0;0;0;59;0;0;0;44;8;11;5,967,2302,1636;2302;967;1749;1195;1282;1269;1355;1388;1889;1489;969;1138;1174;1020;1160,0.3,0.0,9609.8,0,0,0,0,0,0.0,0,0,0,0,0,0,0,0,0.0,0,0,0,0,0,0.0,0.0,0.0,0,0,0,31.1,2.69,9.44,0.39,19.99,24.7,63.4,98.70432075718105,11.319131141215962,39.58522626377592,37.52465899158644,25.47974801724214,1799.0,0.0,0.0,52.471574221739246,0.0,44.728907267376755,14.2,99.4,0.0,0.0,0.0,450.0,9609.8,0.0,0.0,60.211,0.991,61.202,15.082,0.965,60.237,emon,0.615,0.351,242.4,112.2,2.16
2026-09-17 22:15:31.374,17.0,0,67,36;8;2;45;31;6;0;0;67;3;0;0;48;19;8;0,953,2235,1728;2009;2235;1614;1302;1059;1460;1555;1443;1081;2039;1432;1038;963;953;987,100.0,0.0,9608.6,0,0,0,0,0,0.0,0,0,0,0,0,0,0,0,0.0,0,0,0,0,0,0.0,0.0,0.0,0,0,0,31.1,2.69,9.44,0.39,19.99,24.7,63.4,99.32334687159612,7.748831358208106,39.84053471271808,35.011733244703365,28.111134280722876,1799.0,0.0,0.0,53.215973174029315,0.0,45.8760725706212,14.2,99.2,0.0,0.0,0.0,450.0,9609.8,0.0,0.0,60.211,0.991,61.202,15.082,0.965,60.237,emon,0.615,0.351,242.4,112.2,2.16
2026-09-17 22:15:32.375,17.6,0,61,55;18;2;39;32;2;0;0;61;2;0;0;48;14;5;5,776,1969,1787;1613;1969;1861;1195;927;899;776;1374;1007;1117;1308;1156;1010;1060;1078,100.0,0.0,9609.8,0,0,0,0,0,0.0,0,0,0,0,0,0,0,0,0.0,0,0,0,0,0,0.0,0.0,0.0,0,0,0,33.1,2.69,9.44,0.39,19.99,24.7,63.4,98.0456251441216,9.95900255840804,38.00522416951705,35.99370051342614,25.836656784068566,1799.0,0.0,0.0,54.230151563350645,0.0,43.266646807647426,14.3,99.5,0.0,0.0,0.0,450.0,9608.6,0.0,0.0,60.211,0.991,61.202,15.082,0.965,60.237,emon,0.615,0.351,242.4,112.2,2.16
2026-09-17 22:15:33.398,17.7,0,61,44;3;4;41;43;0;0;0;61;0;0;0;40;18;23;8,888,2619,1424;1499;2619;1690;1372;1430;888;1259;1520;1353;1308;1430;1048;942;1128;1189,100.0,0.0,9608.4,0,0,0,0,0,0.0,0,0,0,0,0,0,0,0,0.0,0,0,0,0,0,0.0,0.0,0.0,0,0,0,31.1,2.69,9.44,0.39,19.99,24.7,63.4,98.60012205096258,8.447066306096056,43.52362601998924,39.10958971666253,29.25456076066779,1799.0,0.0,0.0,58.08783525677965,0.0,40.9609080875249,14.2,99.0,0.0,0.0,0.0,450.0,9609.8,0.0,0.0,60.211,0.991,61.202,15.082,0.965,60.237,emon,0.615,0.351,242.4,112.2,2.16
2026-09-17 22:15:34.400,16.1,0,71,46;5;2;41;38;2;0;0;71;0;0;0;32;11;6;5,760,1767,1282;1722;760;1545;1248;1767;1163;1195;1455;1313;1327;1001;1087;1064;1070;1136,100.0,0.0,9608.4,0,0,0,0,0,0.0,0,0,0,0,0,0,0,0,0.0,0,0,0,0,0,0.0,0.0,0.0,0,0,0,31.1,2.9,9.7,0.39,20.65,24.7,63.4,99.18429547649319,10.390062244498502,38.839821350523984,35.513779480231264,22.853731862316696,1799.0,0.0,0.0,52.664962857267106,0.0,44.49239357875971,14.2,99.0,0.0,0.0,0.0,450.0,9607.3,0.0,0.0,60.211,0.991,61.202,15.082,0.965,60.237,emon,0.615,0.351,242.4,112.2,2.16
2026-09-17 22:15:35.400,19.5,0,81,43;11;0;81;52;5;0;0;47;2;0;0;60;8;3;0,1333,4250,4083;4250;4186;4227;1954;1615;2030;2229;2423;2969;1882;2042;2256;1333;1584;1751,0.0,0.0,9609.1,0,0,0,0,0,0.0,0,0,0,0,0,0,0,0,0.0,0,0,0,0,0,0.0,0.0,0.0,0,0,0,48.1,2.9,9.7,0.39,20.65,16.3,63.4,57.28252902958128,0.6215647910204198,16.01133653852675,12.750565373235279,3.8027988457017474,1478.1666666666667,0.0,0.0,0.0,0.0,47.25055413850997,13.2,91.9,0.0,0.0,0.0,450.0,9025.0,0.0,0.0,60.211,0.991,61.202,15.082,0.965,60.237,emon,0.615,0.351,242.4,112.2,2.16
2026-09-17 22:15:36.401,17.9,0,58,58;12;6;52;56;2;0;0;57;2;0;0;28;5;3;6,869,1919,1919;1882;1654;1919;1481;1290;1485;1473;1399;1625;1328;1548;1292;1054;869;877,0.0,0.0,935.2,0,0,0,0,0,0.0,0,0,0,0,0,0,0,0,0.0,0,0,0,0,0,0.0,0.0,0.0,0,0,0,34.1,2.9,9.7,0.39,20.65,16.4,63.4,67.28568363189697,0.6477752178907394,21.46486735343933,19.655879497528076,6.337963700294495,1136.5,0.0,0.0,0.0,0.0,50.05962150916457,0.1,0.0,0.0,0.0,0.0,450.0,935.2,0.0,0.0,60.211,0.991,61.202,15.082,0.965,60.237,emon,0.615,0.351,242.4,112.2,2.16
2026-09-17 22:15:37.401,21.9,0,68,61;12;10;58;68;2;0;0;57;0;0;0;57;15;6;5,1007,2589,1861;2589;1860;1789;1450;2083;2315;1637;1326;1434;1392;1362;1180;1156;1020;1007,0.8,0.0,940.1,0,0,0,0,0,0.0,0,0,0,0,0,0,0,0,0.0,0,0,0,0,0,0.0,0.0,0.0,0,0,0,32.1,2.9,9.7,0.39,20.65,16.4,63.4,97.23029613494873,1.0002149657035868,20.08271950483322,16.98991366537909,3.825494362633132,1117.75,0.0,0.0,0.0,0.0,50.25416210169593,0.0,0.0,0.0,0.0,0.0,450.0,937.2,0.0,0.0,60.211,0.991,61.202,15.082,0.965,60.237,emon,0.615,0.351,242.4,112.2,2.16
2026-09-17 22:15:38.403,21.7,0,67,55;14;6;67;60;0;0;0;57;0;0;0;50;10;17;11,971,3132,1736;1580;3132;2078;1387;1292;1195;1206;1329;1260;1313;1188;1255;1295;971;1142,0.9,0.0,940.1,0,0,0,0,0,0.0,0,0,0,0,0,0,0,0,0.0,0,0,0,0,0,0.0,0.0,0.0,0,0,0,33.1,6.57,1.23,0.34,11.22,16.1,63.4,98.42430151076545,0.792097461742482,19.443522839319137,16.95358257811694,3.0419779351006064,1171.6190476190477,0.0,0.0,0.0,0.0,52.7012133552205,0.1,0.0,0.0,0.0,0.0,450.0,940.1,0.0,0.0,1.443,0.725,2.169,25.714,1.646,0.523,emon,0.902,0.979,27.7,26.7,1.038
2026-09-17 22:15:39.403,21.2,0,70,69;8;6;70;59;6;0;0;53;0;0;0;36;22;8;2,1063,2410,1816;2052;2410;1867;1454;1262;2039;1395;1357;1374;1217;1228;1185;1097;1063;1065,1.1,0.0,933.6,0,0,0,0,0,0.0,0,0,0,0,0,0,0,0,0.0,0,0,0,0,0,0.0,0.0,0.0,0,0,0,33.1,6.57,1.23,0.34,11.22,16.4,63.4,97.80821105957031,0.43851457140098016,15.527633078893025,11.815569988886516,1.7712951830402017,1160.3333333333333,0.0,0.0,0.0,0.0,52.15513333837191,0.1,0.0,0.0,0.0,0.0,450.0,938.2,0.0,0.0,1.443,0.725,2.169,25.714,1.646,0.523,emon,0.902,0.979,27.7,26.7,1.038
2026-09-17 22:15:40.404,22.4,0,78,41;17;2;45;42;9;2;0;78;0;0;0;70;11;31;11,1080,2031,1931;1823;2031;1748;1431;1634;1873;1271;1500;1366;1345;1355;1281;1080;1164;1226,0.1,0.0,1558.3,0,0,0,0,0,0.0,0,0,0,0,0,0,0,0,0.0,0,0,0,0,0,0.0,0.0,0.0,0,0,0,32.1,6.57,1.23,0.34,11.22,17.1,63.4,98.30665686191657,0.8805240290955856,21.13983772045527,18.678627876135018,3.3112820460810326,1199.0,0.0,0.0,0.0,0.0,51.5268074457462,0.1,0.0,0.0,0.0,0.0,450.0,1184.6,0.0,0.0,1.443,0.725,2.169,25.714,1.646,0.523,emon,0.902,0.979,27.7,26.7,1.038
2026-09-17 22:15:41.404,20.5,0,56,49;9;9;56;42;5;0;0;55;0;0;0;50;34;15;3,1176,3061,1978;2412;3061;2139;1424;1463;1358;1524;1470;2326;1323;1375;1184;1176;1206;1241,0.1,0.0,1558.3,0,0,0,0,0,0.0,0,0,0,0,0,0,0,0,0.0,0,0,0,0,0,0.0,0.0,0.0,0,0,0,33.1,6.57,1.23,0.34,11.22,17.8,63.4,97.7158613204956,0.7301154161492983,18.150620023409527,15.508479565382004,4.109525622955213,1167.75,0.0,0.0,0.0,0.0,50.23359862590829,0.1,0.0,0.0,0.0,0.0,450.0,1826.0,0.0,0.0,1.443,0.725,2.169,25.714,1.646,0.523,emon,0.902,0.979,27.7,26.7,1.038
2026-09-17 22:15:42.405,22.3,0,68,55;17;5;44;38;2;0;0;68;0;0;0;64;39;27;0,1119,3204,1965;2568;3204;2094;1348;2341;1338;1346;1437;1657;1337;1366;1326;1202;1274;1119,0.0,0.0,2412.4,0,0,0,0,0,0.0,0,0,0,0,0,0,0,0,0.0,0,0,0,0,0,0.0,0.0,0.0,0,0,0,33.1,3.87,0.01,0.32,6.57,18.5,63.4,97.17842483520508,0.42797431349754333,15.996026039123535,13.054767608642578,4.413412094116211,1299.0,0.0,0.0,0.0,0.0,50.26298061013222,0.1,0.0,0.0,0.0,0.0,450.0,2588.8,0.0,0.0,1.443,0.725,2.169,25.714,1.646,0.523,emon,0.902,0.979,27.7,26.7,1.038
2026-09-17 22:15:43.412,16.1,0,75,47;8;2;31;50;0;0;0;75;2;0;0;22;5;16;2,1012,2594,1957;2594;2024;1894;1420;1173;1739;1586;1538;1212;1406;1521;1446;1142;1192;1012,0.3,0.0,3296.2,0,0,0,0,0,0.0,0,0,0,0,0,0,0,0,0.0,0,0,0,0,0,0.0,0.0,0.0,0,0,0,33.1,3.87,0.01,0.32,6.57,19.2,63.4,97.15393924713135,0.4828895628452301,21.720911026000977,19.248363256454468,5.0016703605651855,1199.0,0.0,0.0,0.0,0.0,50.25962148606777,0.1,0.0,0.0,0.0,0.0,450.0,3324.3,0.0,0.0,1.443,0.725,2.169,25.714,1.646,0.523,emon,0.902,0.979,27.7,26.7,1.038
2026-09-17 22:15:44.413,14.7,0,61,8;47;2;36;0;61;0;0;0;59;0;0;0;17;6;0,1081,3846,2309;1931;3846;2141;1271;1434;1587;1409;1446;1456;1539;1440;1123;1202;1250;1081,0.5,0.0,4216.3,0,0,0,0,0,0.0,0,0,0,0,0,0,0,0,0.0,0,0,0,0,0,0.0,0.0,0.0,0,0,0,34.1,3.87,0.01,0.32,6.57,19.9,63.4,97.45632982254028,1.3683999146451242,21.204001255333424,17.88662096299231,2.0822424764191965,1099.0,0.0,0.0,0.0,0.0,50.226923268288374,0.1,0.0,0.0,0.0,0.0,450.0,4111.6,0.0,0.0,1.443,0.725,2.169,25.714,1.646,0.523,emon,0.902,0.979,27.7,26.7,1.038
2026-09-17 22:15:45.413,38.9,10,69,32;40;18;30;44;66;41;41;36;69;38;43;16;58;42;10,598,2030,1604;2030;1574;1950;640;899;644;649;598;983;632;625;940;1174;1037;782,1.4,0.0,4830.5,0,0,0,0,0,0.0,0,0,0,0,0,0,0,0,0.0,0,0,0,0,0,0.0,0.0,0.0,0,0,0,33.1,3.87,0.01,0.32,6.57,20.1,63.4,97.66101474296755,0.4640773876184007,17.545398640923384,12.926559722096455,1.8169868043865214,1153.878048780488,0.0,0.0,0.0,0.0,52.719545377827274,0.1,0.0,0.0,0.0,0.0,450.0,4837.8,0.0,0.0,1.443,0.725,2.169,25.714,1.646,0.523,emon,0.902,0.979,27.7,26.7,1.038
2026-09-17 22:15:46.413,54.0,3,91,31;31;28;30;88;91;86;86;25;70;72;69;3;73;69;12,572,1692,1454;1506;1460;1692;573;573;572;573;687;688;694;685;967;1024;1022;1039,1.4,0.0,4830.5,0,0,0,0,0,0.0,0,0,0,0,0,0,0,0,0.0,0,0,0,0,0,0.0,0.0,0.0,0,0,0,32.1,3.24,0.01,0.31,5.59,20.1,63.4,97.45507469177247,0.6466245129704475,18.917293071746826,15.747543048858642,4.411051698122174,1069.0,0.0,0.0,0.0,0.0,50.231355386972425,0.1,0.0,0.0,0.0,0.0,450.0,4832.5,0.0,0.0,1.443,0.725,2.169,25.714,1.646,0.523,emon,0.902,0.979,27.7,26.7,1.038
2026-09-17 22:15:47.457,44.5,3,80,23;27;18;31;69;80;69;71;31;59;52;57;3;61;52;9,596,1776,1588;1524;1671;1776;652;792;686;669;596;746;670;662;1023;1079;1065;1095,0.1,0.0,4832.5,0,0,0,0,0,0.0,0,0,0,0,0,0,0,0,0.0,0,0,0,0,0,0.0,0.0,0.0,0,0,0,32.1,3.24,0.01,0.31,5.59,20.3,63.4,98.57637078421456,0.5165161482623911,16.52643245458603,13.214527276477643,1.7697777063897644,1073.107142857143,0.0,0.0,0.0,0.0,52.075366609064595,0.1,0.0,0.0,0.0,0.0,450.0,4832.5,0.0,0.0,1.443,0.725,2.169,25.714,1.646,0.523,emon,0.902,0.979,27.7,26.7,1.038
2026-09-17 22:15:48.458,12.5,0,62,3;29;2;30;0;62;0;3;0;27;3;0;6;19;17;0,1037,2686,2182;1746;2686;1898;1855;1424;1423;1037;1207;1329;1236;1765;1339;1279;1232;1214,0.3,0.0,4829.5,0,0,0,0,0,0.0,0,0,0,0,0,0,0,0,0.0,0,0,0,0,0,0.0,0.0,0.0,0,0,0,32.1,3.24,0.01,0.31,5.59,20.0,63.4,74.04924079699394,0.41398192409615264,17.023045088825686,13.218037144072952,2.0424562032731512,1459.8974358974358,0.0,0.0,2.5651272223928037,0.0,50.168572291636316,0.4,2.2,0.0,0.0,0.0,450.0,4836.2,0.0,0.0,1.443,0.725,2.169,25.714,1.646,0.523,emon,0.902,0.979,27.7,26.7,1.038
2026-09-17 22:15:49.458,9.8,0,54,0;29;0;23;0;42;0;0;0;54;0;0;0;10;0;0,1005,2957,2159;1909;2957;1843;1429;1615;1317;1245;1354;1470;1312;1327;1130;1005;1046;1059,0.9,0.0,4839.6,0,0,0,0,0,0.0,0,0,0,0,0,0,0,0,0.0,0,0,0,0,0,0.0,0.0,0.0,0,0,0,32.1,3.24,0.01,0.31,5.59,20.0,63.4,70.60855743212578,0.8392840845940205,19.32535861700009,16.8864161387468,2.9430664497761962,1183.6153846153845,0.0,0.0,0.0,0.0,51.43762713193129,0.1,0.0,0.0,0.0,0.0,450.0,4839.2,0.0,0.0,1.443,0.725,2.169,25.714,1.646,0.523,emon,0.902,0.979,27.7,26.7,1.038
2026-09-17 22:15:50.458,9.7,0,75,0;29;3;12;0;23;0;0;0;75;0;0;0;6;2;4,1004,2248,2248;1801;1322;1959;1101;1437;1144;1102;1379;1452;1395;1372;1051;1235;1048;1004,1.8,0.0,4841.2,0,0,0,0,0,0.0,0,0,0,0,0,0,0,0,0.0,0,0,0,0,0,0.0,0.0,0.0,0,0,0,32.1,2.38,0.04,0.31,4.33,20.0,63.4,96.71076281865437,0.4702380556457986,15.862964699665705,10.697455206265053,2.589662800547861,1208.375,0.0,0.0,0.0,0.0,50.2580110616982,0.1,0.0,0.0,0.0,0.0,450.0,4840.9,0.0,0.0,0.421,0.857,1.277,17.816,1.14,0.137,emon,0.903,0.916,36.8,37.6,0.979
2026-09-17 22:15:51.487,8.9,0,60,0;23;0;18;0;29;0;0;0;60;0;0;0;11;2;0,1141,1839,1329;1839;1348;1811;1297;1386;1361;1265;1385;1324;1315;1291;1199;1274;1173;1141,1.1,0.0,4843.8,0,0,0,0,0,0.0,0,0,0,0,0,0,0,0,0.0,0,0,0,0,0,0.0,0.0,0.0,0,0,0,31.1,2.38,0.04,0.31,4.33,20.0,63.4,98.05697377522786,0.739462098816321,21.063593977973575,18.674435143314657,3.307087660645179,1185.904761904762,0.0,0.0,0.0,0.0,52.70568909034843,0.2,0.0,0.0,0.0,0.0,450.0,4843.8,0.0,0.0,0.421,0.857,1.277,17.816,1.14,0.137,emon,0.903,0.916,36.8,37.6,0.979
2026-09-17 22:15:52.487,10.0,0,58,2;12;3;28;0;27;2;0;0;58;0;0;0;14;11;5,1052,2460,2460;1905;1451;1771;1052;1340;1471;1548;1705;1384;1335;1433;1147;1249;1208;1263,1.1,0.0,4843.8,0,0,0,0,0,0.0,0,0,0,0,0,0,0,0,0.0,0,0,0,0,0,0.0,0.0,0.0,0,0,0,31.1,2.38,0.04,0.31,4.33,20.0,63.4,97.9651107788086,0.43718168413455505,14.988950480585514,11.943039277541464,1.6920218803579041,1128.7101449275362,0.0,0.0,0.0,0.0,52.50015760526277,0.1,0.0,0.0,0.0,0.0,450.0,4842.0,0.0,0.0,0.421,0.857,1.277,17.816,1.14,0.137,emon,0.903,0.916,36.8,37.6,0.979
2026-09-17 22:15:53.488,13.9,0,73,0;31;2;38;2;32;2;2;2;73;2;2;6;23;8;0,1133,2211,2211;1848;1398;1787;1349;1463;1612;1316;1314;1523;1374;2052;1174;1168;1163;1133,0.9,0.0,4835.4,0,0,0,0,0,0.0,0,0,0,0,0,0,0,0,0.0,0,0,0,0,0,0.0,0.0,0.0,0,0,0,32.1,2.38,0.04,0.31,4.33,20.0,63.4,95.590012587753,1.4837315100446051,14.766101474271101,11.041647136211395,1.7098382157113805,1506.8431372549019,0.0,0.0,27.5044272467494,0.0,46.37461930012946,0.1,0.0,0.0,0.0,0.0,450.0,4837.8,0.0,0.0,0.421,0.857,1.277,17.816,1.14,0.137,emon,0.903,0.916,36.8,37.6,0.979
2026-09-17 22:15:54.489,17.2,0,58,10;41;10;48;0;45;2;0;0;58;0;0;6;45;5;8,861,2558,2558;2047;2385;1965;1188;1280;1401;1099;1295;1405;1300;2008;861;1205;927;1101,13.9,0.0,4848.8,0,0,0,0,0,0.0,0,0,0,0,0,0,0,0,0.0,0,0,0,0,0,0.0,0.0,0.0,0,0,0,33.1,2.17,1.21,0.32,5.82,20.0,63.4,99.37673668655349,6.78571449091405,43.14853087619499,35.255470487254634,29.25842643442081,1799.0,0.0,0.0,52.59921414413156,0.0,47.90827039820004,12.5,86.6,0.0,0.0,0.0,450.0,4848.7,0.0,0.0,0.421,0.857,1.277,17.816,1.14,0.137,emon,0.903,0.916,36.8,37.6,0.979
2026-09-17 22:15:55.551,20.7,3,63,18;33;3;38;6;48;6;10;7;43;3;6;11;63;19;17,743,1560,1315;1560;1137;1525;1114;1328;1109;1073;794;1306;885;743;1189;1163;1146;1161,100.0,0.0,4848.6,0,0,0,0,0,0.0,0,0,0,0,0,0,0,0,0.0,0,0,0,0,0,0.0,0.0,0.0,0,0,0,32.1,2.17,1.21,0.32,5.82,20.0,63.4,99.98639015529467,9.628273619257886,57.612511365310006,50.18906421246736,41.62561016497405,1799.0,0.0,0.0,73.96336317564483,0.0,26.300797079079885,14.2,98.9,0.0,0.0,0.0,450.0,4848.6,0.0,0.0,0.421,0.857,1.277,17.816,1.14,0.137,emon,0.903,0.916,36.8,37.6,0.979
2026-09-17 22:15:56.552,16.8,0,63,12;39;0;43;2;63;2;0;0;45;3;0;5;42;8;6,995,2587,2587;1867;2473;1864;1822;1421;1008;1225;1112;1381;995;1108;1032;1137;1124;1045,100.0,0.0,4862.3,0,0,0,0,0,0.0,0,0,0,0,0,0,0,0,0.0,0,0,0,0,0,0.0,0.0,0.0,0,0,0,33.1,2.17,1.21,0.32,5.82,20.0,63.4,98.87790446873953,8.257210455613057,42.67011733582387,37.204391024935134,26.981461333518727,1799.0,0.0,0.0,51.602551983063215,2.060777885233157,47.199474653218246,14.4,98.8,0.0,0.0,0.0,450.0,4864.6,0.0,0.0,0.421,0.857,1.277,17.816,1.14,0.137,emon,0.903,0.916,36.8,37.6,0.979
2026-09-17 22:15:57.552,10.1,0,56,2;26;3;20;0;56;0;0;0;27;0;0;0;25;2;0,898,2326,2326;1746;1414;1719;1210;1394;1380;1284;1174;1363;1171;1183;898;1205;1117;927,0.3,0.0,4864.1,0,0,0,0,0,0.0,0,0,0,0,0,0,0,0,0.0,0,0,0,0,0,0.0,0.0,0.0,0,0,0,31.1,2.17,1.21,0.32,5.82,20.0,63.4,73.84870867459279,0.5259318081134895,18.592887444316215,15.650560857833556,3.747672700982119,1499.0,0.0,0.0,0.0,0.0,51.091342360905884,10.2,70.9,0.0,0.0,0.0,450.0,4864.1,0.0,0.0,0.421,0.857,1.277,17.816,1.14,0.137,emon,0.903,0.916,36.8,37.6,0.979
2026-09-17 22:15:58.552,8.5,0,61,6;17;0;25;0;61;0;0;0;16;0;0;0;11;0;0,1010,1972,1553;1972;1325;1693;1395;1452;1626;1369;1205;1419;1213;1205;1029;1112;1025;1010,0.3,0.0,4864.1,0,0,0,0,0,0.0,0,0,0,0,0,0,0,0,0.0,0,0,0,0,0,0.0,0.0,0.0,0,0,0,31.1,3.0,6.19,0.37,15.54,20.0,63.4,96.82366265190973,0.5721691846847534,18.97893746693929,16.27589480082194,7.538232485453288,1149.0,0.0,0.0,0.0,0.0,50.25450237426493,0.1,0.0,0.0,0.0,0.0,450.0,4870.6,0.0,0.0,0.421,0.857,1.277,17.816,1.14,0.137,emon,0.903,0.916,36.8,37.6,0.979
2026-09-17 22:15:59.553,8.1,0,42,2;12;0;9;0;42;2;0;0;33;2;0;2;19;8;0,1050,2944,2944;1693;1779;1827;1264;1458;1398;1294;1151;1266;1098;1136;1050;1226;1263;1201,0.0,0.0,4870.6,0,0,0,0,0,0.0,0,0,0,0,0,0,0,0,0.0,0,0,0,0,0,0.0,0.0,0.0,0,0,0,31.1,3.0,6.19,0.37,15.54,20.1,63.4,97.65622901916504,1.1119400687748566,21.210248455405235,17.917794728651643,2.113065080851811,1027.125,0.0,0.0,0.0,0.0,50.2411386333406,0.1,0.0,0.0,0.0,0.0,450.0,4875.8,0.0,0.0,0.421,0.857,1.277,17.816,1.14,0.137,emon,0.903,0.916,36.8,37.6,0.979
2026-09-17 22:16:00.553,9.5,0,70,0;12;0;20;0;23;0;0;0;70;0;0;0;19;4;2,1165,2340,1493;1931;2061;1855;1271;1424;2340;1420;1309;1426;1358;1339;1165;1324;1490;1272,0.7,0.0,4875.9,0,0,0,0,0,0.0,0,0,0,0,0,0,0,0,0.0,0,0,0,0,0,0.0,0.0,0.0,0,0,0,31.1,3.0,6.19,0.37,15.54,20.1,63.4,98.05550372783955,0.47245587097624175,18.360824408897987,14.198528011945578,1.7598220974529306,1119.0,0.0,0.0,0.0,0.0,52.65944389815514,0.1,0.0,0.0,0.0,0.0,450.0,4871.9,0.0,0.0,0.421,0.857,1.277,17.816,1.14,0.137,emon,0.903,0.916,36.8,37.6,0.979
2026-09-17 22:16:01.554,10.0,0,66,5;30;5;20;0;23;0;2;0;66;2;0;0;6;2;0,908,1918,1643;1918;1678;1894;1234;1285;1234;1016;1472;1517;1549;1394;908;1188;1066;1058,1.2,0.0,4863.2,0,0,0,0,0,0.0,0,0,0,0,0,0,0,0,0.0,0,0,0,0,0,0.0,0.0,0.0,0,0,0,31.1,3.0,6.19,0.37,15.54,20.1,63.4,97.81404523347554,0.41302236692097627,16.46840274333954,12.340088245272636,2.08244325462116,1175.842105263158,0.0,0.0,0.0,0.0,51.898333696628875,0.2,0.0,0.0,0.0,0.0,450.0,4863.2,0.0,0.0,0.421,0.857,1.277,17.816,1.14,0.137,emon,0.903,0.916,36.8,37.6,0.979
2026-09-17 22:16:02.554,17.0,0,78,2;37;0;55;0;42;0;0;0;78;0;0;8;34;9;6,967,2913,1707;2031;2913;2272;1225;1465;1342;1463;1432;1611;1339;1425;998;1513;967;1051,69.4,0.0,5674.5,0,0,0,0,0,0.0,0,0,0,0,0,0,0,0,0.0,0,0,0,0,0,0.0,0.0,0.0,0,0,0,32.1,3.0,6.19,0.37,15.54,24.1,63.4,76.15457503284726,1.3692366757563181,12.510238817759923,10.989713191986084,4.715622621255794,1799.0,0.0,0.0,39.272436012713506,0.0,35.84720445012629,3.4,11.1,0.0,0.0,0.0,450.0,5674.5,0.0,0.0,0.581,0.702,1.283,9.525,0.61,0.673,emon,0.933,0.92,21.8,18.5,1.179
2026-09-17 22:16:03.554,25.6,0,82,29;37;25;57;0;31;15;4;0;57;10;10;15;82;31;4,774,3268,1923;2011;2225;3268;774;1113;1065;944;875;1107;954;950;1031;1462;1507;1465,2.7,0.0,10570.0,0,0,0,0,0,0.0,0,0,0,0,0,0,0,0,0.0,0,0,0,0,0,0.0,0.0,0.0,0,0,0,41.1,3.0,6.19,0.37,15.54,25.7,63.4,99.99742727204571,26.481218388553444,13.144682215893363,37.061293663002374,1.8651802893728018,1799.0,0.0,0.0,54.44656621837827,0.0,46.04447698553903,1.4,8.9,0.0,0.0,0.0,450.0,9841.1,0.0,0.0,0.581,0.702,1.283,9.525,0.61,0.673,emon,0.933,0.92,21.8,18.5,1.179
2026-09-17 22:16:04.555,22.1,0,88,41;47;6;38;0;38;0;0;0;55;2;0;11;88;19;9,831,1904,1902;1719;1904;1684;874;1005;930;879;858;997;857;831;1123;1110;995;1226,2.7,0.0,10570.0,0,0,0,0,0,0.0,0,0,0,0,0,0,0,0,0.0,0,0,0,0,0,0.0,0.0,0.0,0,0,0,40.1,3.0,6.19,0.37,15.54,25.7,63.4,99.96191092460386,24.52860956892912,20.87712366830918,37.58620239589964,2.0298987919757625,1841.3387096774193,0.0,0.0,52.53420569937706,0.0,46.316104682463234,14.4,99.3,0.0,0.0,0.0,450.0,10569.7,0.0,0.0,0.581,0.702,1.283,9.525,0.61,0.673,emon,0.933,0.92,21.8,18.5,1.179
2026-09-17 22:16:05.555,20.2,0,79,24;34;2;35;0;45;5;0;0;52;5;0;5;79;29;10,805,1946,1894;1857;1946;1834;887;1133;867;884;849;961;805;846;1294;1229;1222;1004,0.0,0.0,10569.9,0,0,0,0,0,0.0,0,0,0,0,0,0,0,0,0.0,0,0,0,0,0,0.0,0.0,0.0,0,0,0,43.1,3.0,6.19,0.37,15.54,25.7,63.4,100.00454634849471,26.093307531758615,20.14582548117397,38.32609933373904,2.3144338246255014,1849.0,0.0,0.0,53.66011248054829,0.0,44.84793246367369,14.3,99.6,0.0,0.0,0.0,450.0,10572.1,0.0,0.0,0.581,0.702,1.283,9.525,0.61,0.673,emon,0.933,0.92,21.8,18.5,1.179
2026-09-17 22:16:06.555,15.6,0,82,2;19;0;25;0;82;6;0;2;67;0;0;2;30;11;6,819,2761,2347;1622;2761;1786;1270;1255;1361;1301;819;1233;1254;1064;1816;1219;1059;1144,0.2,0.0,10570.2,0,0,0,0,0,0.0,0,0,0,0,0,0,0,0,0.0,0,0,0,0,0,0.0,0.0,0.0,0,0,0,42.1,0.0,0.0,0.0,0.0,25.7,63.4,100.00851485308479,18.21378268949578,23.20716868428623,32.2073986013146,1.718212991995867,1847.8235294117646,0.0,0.0,50.13529935372884,0.0,48.118143603095554,14.3,99.7,0.0,0.0,0.0,450.0,10570.2,0.0,0.0,0.581,0.702,1.283,9.525,0.61,0.673,emon,0.933,0.92,21.8,18.5,1.179
2026-09-17 22:16:07.556,14.7,0,80,0;9;0;19;0;80;16;0;2;57;0;2;2;19;26;5,854,1870,1398;1676;1870;1816;1315;1267;1329;1367;1188;1127;1271;854;958;1093;1025;1035,0.4,0.0,10575.5,0,0,0,0,0,0.0,0,0,0,0,0,0,0,0,0.0,0,0,0,0,0,0.0,0.0,0.0,0,0,0,41.1,0.0,0.0,0.0,0.0,25.7,63.4,99.99591506154914,51.70108717836832,23.209760013379547,69.90203516106857,1.472886523911879,1849.0,0.0,0.0,78.99477809677391,0.0,21.22674628998012,14.3,99.6,0.0,0.0,0.0,450.0,10575.5,0.0,0.0,0.581,0.702,1.283,9.525,0.61,0.673,emon,0.933,0.92,21.8,18.5,1.179
2026-09-17 22:16:08.568,21.4,0,69,6;20;0;27;9;69;15;11;3;58;11;9;17;38;28;20,864,1697,1599;1498;1697;1574;1087;1159;1126;1087;1410;1305;1355;1400;864;1029;1038;1016,0.4,0.0,10573.2,0,0,0,0,0,0.0,0,0,0,0,0,0,0,0,0.0,0,0,0,0,0,0.0,0.0,0.0,0,0,0,43.1,0.0,0.0,0.0,0.0,25.7,63.4,99.9947400300399,52.23133031311242,14.132243322289508,64.8893802476966,1.8284361325710525,1849.0,0.0,0.0,73.96541048023526,0.0,30.63720952368496,14.3,99.7,0.0,0.0,0.0,450.0,10573.2,0.0,0.0,0.581,0.702,1.283,9.525,0.61,0.673,emon,0.933,0.92,21.8,18.5,1.179
2026-09-17 22:16:09.569,18.4,2,66,2;20;2;28;3;61;5;6;2;66;8;6;9;41;25;12,812,1820,1241;1795;1157;1820;1302;1249;1322;1382;963;1303;1143;1071;812;956;885;931,0.0,0.0,10573.2,0,0,0,0,0,0.0,0,0,0,0,0,0,0,0,0.0,0,0,0,0,0,0.0,0.0,0.0,0,0,0,43.1,0.0,0.0,0.0,0.0,25.7,63.4,99.99854770783455,17.07598825906133,33.61994226421079,40.257954270849304,1.9839719557203352,1828.032258064516,0.0,0.0,56.575287786162185,0.0,40.71809188278729,14.3,99.8,0.0,0.0,0.0,450.0,10573.2,0.0,0.0,0.581,0.702,1.283,9.525,0.61,0.673,emon,0.933,0.92,21.8,18.5,1.179
2026-09-17 22:16:10.570,14.5,0,67,2;13;0;25;0;62;3;0;0;67;2;0;9;38;11;2,835,2832,2178;1643;2832;1785;1008;1136;845;1075;1176;1195;1180;1204;835;1013;1033;860,0.0,0.0,10573.2,0,0,0,0,0,0.0,0,0,0,0,0,0,0,0,0.0,0,0,0,0,0,0.0,0.0,0.0,0,0,0,40.1,1.91,24.12,0.33,29.91,25.7,63.4,100.00186736008217,25.916838515453556,21.835354939274403,39.050409146766555,1.7872940515347904,1849.0,0.0,0.0,55.28424585368698,0.0,42.90730246363526,14.3,99.7,0.0,0.0,0.0,450.0,10573.2,0.0,0.0,0.581,0.702,1.283,9.525,0.61,0.673,emon,0.933,0.92,21.8,18.5,1.179
2026-09-17 22:16:11.570,16.2,0,70,2;31;0;25;0;64;0;5;0;70;0;0;2;40;13;8,792,2825,2825;1413;1396;1709;1021;1119;1014;792;1278;1369;1489;1296;1105;1045;1048;913,0.0,0.0,10573.2,0,0,0,0,0,0.0,0,0,0,0,0,0,0,0,0.0,0,0,0,0,0,0.0,0.0,0.0,0,0,0,41.1,1.91,24.12,0.33,29.91,25.7,63.4,99.99818370156659,24.25612746217026,17.399771167846495,35.398340164722796,1.827124742594475,1827.443113772455,0.0,0.0,52.211597924183465,0.0,47.78373140038565,14.3,99.6,0.0,0.0,0.0,450.0,10573.2,0.0,0.0,0.581,0.702,1.283,9.525,0.61,0.673,emon,0.933,0.92,21.8,18.5,1.179
2026-09-17 22:16:12.570,16.1,0,62,5;21;2;27;0;62;2;0;0;62;6;0;8;46;14;5,824,1725,1725;1714;1627;1623;1081;1128;1095;1177;1121;1312;824;1054;1041;1059;1101;1128,0.0,0.0,10569.1,0,0,0,0,0,0.0,0,0,0,0,0,0,0,0,0.0,0,0,0,0,0,0.0,0.0,0.0,0,0,0,40.1,1.91,24.12,0.33,29.91,25.7,63.4,100.00113431869015,48.351207868706794,12.941100135926277,59.42203372524631,2.8284536273248735,1799.0,0.0,0.0,67.81405984021482,0.0,32.53330141468694,14.3,99.5,0.0,0.0,0.0,450.0,10569.0,0.0,0.0,0.581,0.702,1.283,9.525,0.61,0.673,emon,0.933,0.92,21.8,18.5,1.179
2026-09-17 22:16:13.571,15.4,0,66,4;21;0;18;0;40;12;0;0;66;17;2;9;34;19;5,876,1896,1822;1645;1896;1539;1092;1196;1041;1062;1315;1358;1335;940;1244;997;938;876,0.3,0.0,10569.1,0,0,0,0,0,0.0,0,0,0,0,0,0,0,0,0.0,0,0,0,0,0,0.0,0.0,0.0,0,0,0,38.1,1.74,23.14,0.34,28.71,25.7,63.4,100.00265065361472,24.447623341262123,18.48771533282364,36.0242221054128,1.4386801087975447,1799.0,0.0,0.0,52.3282412590685,0.0,46.04143439344584,14.3,99.7,0.0,0.0,0.0,450.0,10569.1,0.0,0.0,0.581,0.702,1.283,9.525,0.61,0.673,emon,0.933,0.92,21.8,18.5,1.179
2026-09-17 22:16:14.572,16.3,0,78,23;6;8;22;0;0;66;0;0;0;78;0;9;6;34;8,824,1922,1781;1922;1577;1788;1103;1120;1196;1346;1284;1275;1487;1264;1034;886;999;824,0.4,0.0,10573.8,0,0,0,0,0,0.0,0,0,0,0,0,0,0,0,0.0,0,0,0,0,0,0.0,0.0,0.0,0,0,0,40.1,1.74,23.14,0.34,28.71,25.7,63.4,99.99924458248515,30.846032474347403,19.27803142809532,44.06964416004403,1.2761250745036155,1799.0,0.0,0.0,56.44540273433577,0.0,41.2134063846339,14.3,99.6,0.0,0.0,0.0,450.0,10573.8,0.0,0.0,5.947,3.58,9.527,6.221,0.398,9.129,emon,0.579,0.596,147.2,108.7,1.354
2026-09-17 22:16:15.572,15.0,0,72,17;0;0;29;0;0;62;0;2;0;72;6;14;5;30;3,896,3200,1915;3200;2139;1520;1039;1135;1214;1876;1357;1702;1378;945;896;933;1090;1045,0.4,0.0,10573.8,0,0,0,0,0,0.0,0,0,0,0,0,0,0,0,0.0,0,0,0,0,0,0.0,0.0,0.0,0,0,0,39.1,1.74,23.14,0.34,28.71,25.7,63.4,99.9991341167026,17.97352477719283,23.543796260323788,34.17739851690001,2.2651578282335927,1799.0,0.0,0.0,51.513699488711104,0.0,47.358193742250315,14.3,99.6,0.0,0.0,0.0,450.0,10573.4,0.0,0.0,5.947,3.58,9.527,6.221,0.398,9.129,emon,0.579,0.596,147.2,108.7,1.354
2026-09-17 22:16:16.572,16.7,0,83,24;5;0;27;2;0;83;0;2;0;55;2;14;5;44;6,818,1739,1734;1519;1221;1739;1377;1352;1391;1331;1073;1099;1352;1343;892;818;1075;978,0.2,0.0,10568.1,0,0,0,0,0,0.0,0,0,0,0,0,0,0,0,0.0,0,0,0,0,0,0.0,0.0,0.0,0,0,0,37.1,1.74,23.14,0.34,28.71,25.7,63.4,100.00391515096028,30.903114973369874,16.161739190419514,43.754994536439575,1.3835976292431373,1799.0,0.0,0.0,57.687889731404454,0.0,42.76663532815501,14.3,99.5,0.0,0.0,0.0,450.0,10570.1,0.0,0.0,5.947,3.58,9.527,6.221,0.398,9.129,emon,0.579,0.596,147.2,108.7,1.354
2026-09-17 22:16:17.573,15.7,0,77,17;6;3;16;0;0;77;0;0;0;71;0;6;3;41;12,906,2158,1560;1703;1160;1249;1047;938;1103;1152;1306;1321;1358;2158;927;906;1069;1063,0.0,0.0,10570.1,0,0,0,0,0,0.0,0,0,0,0,0,0,0,0,0.0,0,0,0,0,0,0.0,0.0,0.0,0,0,0,40.1,1.91,23.26,0.33,28.61,25.7,63.4,100.0028173568401,36.61995467276095,18.653688377522407,48.50448805252288,1.0019499724532694,1799.0,0.0,0.0,59.68083831115051,0.0,36.52181982850906,14.3,99.7,0.0,0.0,0.0,450.0,10575.4,0.0,0.0,5.947,3.58,9.527,6.221,0.398,9.129,emon,0.579,0.596,147.2,108.7,1.354
2026-09-17 22:16:18.573,15.8,0,78,26;5;0;26;0;0;78;0;0;0;52;3;17;2;29;15,851,1610,1557;1346;1610;1568;1334;1280;1204;1018;1226;1166;1261;901;851;1120;1115;952,0.4,0.0,10572.2,0,0,0,0,0,0.0,0,0,0,0,0,0,0,0,0.0,0,0,0,0,0,0.0,0.0,0.0,0,0,0,40.1,1.91,23.26,0.33,28.61,25.7,63.4,99.99932689398108,22.283376711223955,27.143469315179637,41.49013792083297,2.240246473982091,1799.0,0.0,0.0,56.44927521703214,0.0,41.204549755193526,14.3,99.7,0.0,0.0,0.0,450.0,10572.2,0.0,0.0,5.947,3.58,9.527,6.221,0.398,9.129,emon,0.579,0.596,147.2,108.7,1.354
2026-09-17 22:16:19.574,14.7,0,62,26;0;0;23;0;0;59;0;0;0;62;2;20;5;28;9,826,2666,1498;2666;1305;1601;1142;1147;1156;1104;915;1088;1233;826;1018;1032;974;1144,0.3,0.0,10572.2,0,0,0,0,0,0.0,0,0,0,0,0,0,0,0,0.0,0,0,0,0,0,0.0,0.0,0.0,0,0,0,38.1,1.91,23.26,0.33,28.61,25.7,63.4,100.00032109227674,31.95024107814092,19.503395974636078,44.22506078692346,1.0712069969680482,1799.0,0.0,0.0,57.00401110541686,0.0,40.02129089256684,14.3,99.8,0.0,0.0,0.0,450.0,10572.2,0.0,0.0,5.947,3.58,9.527,6.221,0.398,9.129,emon,0.579,0.596,147.2,108.7,1.354
2026-09-17 22:16:20.574,15.8,0,77,27;2;0;22;0;0;72;0;0;2;77;2;5;5;25;16,865,1997,1969;1997;1852;1984;957;976;1116;1133;1312;969;1420;1013;917;865;1019;1033,0.6,0.0,10567.0,0,0,0,0,0,0.0,0,0,0,0,0,0,0,0,0.0,0,0,0,0,0,0.0,0.0,0.0,0,0,0,41.1,1.91,23.26,0.33,28.61,25.7,63.4,100.0036750639845,28.158975815412983,13.241118818321484,38.33237158292092,1.4993586080873873,1814.4362416107383,0.0,0.0,53.15098229053761,0.0,47.09379291138593,14.3,99.7,0.0,0.0,0.0,450.0,10572.2,0.0,0.0,5.947,3.58,9.527,6.221,0.398,9.129,emon,0.579,0.596,147.2,108.7,1.354
2026-09-17 22:16:21.575,16.5,0,70,33;11;0;29;0;0;58;0;0;0;70;2;11;2;39;10,835,2578,1599;1812;2578;1842;1347;1342;1206;1345;1248;1414;1395;965;841;835;957;895,0.6,0.0,10567.0,0,0,0,0,0,0.0,0,0,0,0,0,0,0,0,0.0,0,0,0,0,0,0.0,0.0,0.0,0,0,0,41.1,2.02,22.95,0.34,28.82,25.7,63.4,100.00061162312825,16.89256465583193,25.34484421484398,32.818250359910905,1.5643424631667917,1819.4545454545455,0.0,0.0,51.6381352299147,0.0,46.74449857953662,14.3,99.4,0.0,0.0,0.0,450.0,10567.0,0.0,0.0,5.947,3.58,9.527,6.221,0.398,9.129,emon,0.579,0.596,147.2,108.7,1.354
2026-09-17 22:16:22.575,16.2,0,71,20;8;0;26;0;0;67;0;0;2;71;0;23;3;30;9,789,2000,1718;1895;2000;1781;1171;1081;1195;1049;1349;1257;1360;1455;867;789;968;1129,0.2,0.0,10567.0,0,0,0,0,0,0.0,0,0,0,0,0,0,0,0,0.0,0,0,0,0,0,0.0,0.0,0.0,0,0,0,41.1,2.02,22.95,0.34,28.82,25.7,63.4,100.00830221795417,22.95172189056946,18.428273613576764,34.81998070474569,1.6020848939570222,1849.0,0.0,0.0,50.76224802659111,0.0,49.643940581905824,14.3,99.5,0.0,0.0,0.0,450.0,10567.1,0.0,0.0,5.947,3.58,9.527,6.221,0.398,9.129,emon,0.579,0.596,147.2,108.7,1.354
2026-09-17 22:16:23.576,15.4,0,86,9;3;0;14;0;0;65;2;0;0;86;0;20;5;32;11,859,1729,1729;1307;859;1697;1155;1240;1143;1173;1294;1234;1445;1348;1018;1058;1032;1129,0.1,0.0,10567.1,0,0,0,0,0,0.0,0,0,0,0,0,0,0,0,0.0,0,0,0,0,0,0.0,0.0,0.0,0,0,0,42.1,2.02,22.95,0.34,28.82,25.7,63.4,99.99655177675444,34.47455818784134,17.498504361201977,48.06461358532823,2.65215055861687,1849.0,0.0,0.0,56.98840336132281,0.0,39.99698037301704,14.3,99.6,0.0,0.0,0.0,450.0,10570.0,0.0,0.0,5.947,3.58,9.527,6.221,0.398,9.129,emon,0.579,0.596,147.2,108.7,1.354
2026-09-17 22:16:24.576,16.4,0,79,17;2;3;20;0;0;59;0;0;0;79;0;19;2;31;30,879,2336,1858;2284;2336;1759;1177;1183;1163;2202;1383;1389;1397;1524;879;945;1059;938,0.0,0.0,10570.0,0,0,0,0,0,0.0,0,0,0,0,0,0,0,0,0.0,0,0,0,0,0,0.0,0.0,0.0,0,0,0,41.1,2.02,22.95,0.34,28.82,25.7,63.4,100.05184183302958,21.764993790228655,20.133536095831804,35.27361560133612,2.1665780576491716,1835.3057324840765,0.0,0.0,52.99885265343336,0.0,47.396036900325754,14.3,99.7,0.0,0.0,0.0,450.0,10570.0,0.0,0.0,5.947,3.58,9.527,6.221,0.398,9.129,emon,0.579,0.596,147.2,108.7,1.354
2026-09-17 22:16:25.576,15.9,0,74,23;0;0;25;0;0;74;0;0;2;69;0;17;3;29;14,1032,2167,1588;2167;1568;1703;1509;1236;1305;1658;1686;1032;1200;1345;1173;1113;1157;1120,0.4,0.0,10568.6,0,0,0,0,0,0.0,0,0,0,0,0,0,0,0,0.0,0,0,0,0,0,0.0,0.0,0.0,0,0,0,40.1,1.95,24.09,0.33,29.64,25.7,63.4,99.99388529459635,27.5085387019544,20.29991210434172,40.674783031808005,2.8140087453907148,1843.4444444444443,0.0,0.0,54.54124701494972,0.0,43.71636641635847,14.3,99.4,0.0,0.0,0.0,450.0,10568.6,0.0,0.0,5.947,3.58,9.527,6.221,0.398,9.129,emon,0.579,0.596,147.2,108.7,1.354
2026-09-17 22:16:26.577,16.0,0,91,18;0;3;28;0;0;91;0;3;3;69;2;5;5;12;17,945,2129,1737;1795;2129;1717;1157;1296;1326;1099;1477;1057;1276;1383;968;1088;945;1059,0.5,0.0,10567.1,0,0,0,0,0,0.0,0,0,0,0,0,0,0,0,0.0,0,0,0,0,0,0.0,0.0,0.0,0,0,0,41.1,1.95,24.09,0.33,29.64,25.7,63.4,99.99742230006626,22.971347686721543,20.466615859099797,34.43088260037558,1.6162434563140518,1804.0,0.0,0.0,52.9692572733853,0.0,46.841696459774354,14.3,99.6,0.0,0.0,0.0,450.0,10568.6,0.0,0.0,17.563,4.254,21.816,10.335,0.661,21.155,emon,0.857,0.808,48.5,33.3,1.456
2026-09-17 22:16:27.578,15.2,0,80,14;8;3;26;0;0;80;0;0;0;47;0;13;2;32;18,739,2694,1405;2694;2095;1696;1221;1318;1311;1075;1179;1244;1169;1102;1062;739;960;967,0.5,0.0,10567.1,0,0,0,0,0,0.0,0,0,0,0,0,0,0,0,0.0,0,0,0,0,0,0.0,0.0,0.0,0,0,0,40.1,1.95,24.09,0.33,29.64,25.7,63.4,100.00813900340687,29.21408654321832,23.678590918129142,44.9594243477014,1.1806697480920278,1799.0,0.0,0.0,56.93575180185408,0.0,36.90998764788062,14.3,99.6,0.0,0.0,0.0,450.0,10572.4,0.0,0.0,17.563,4.254,21.816,10.335,0.661,21.155,emon,0.857,0.808,48.5,33.3,1.456
2026-09-17 22:16:28.578,15.7,0,68,27;2;0;25;0;0;68;6;0;0;60;2;22;2;25;16,841,2594,1637;1698;2594;1696;1500;1329;1156;1296;1308;1834;1318;841;964;1042;1039;934,0.2,0.0,10572.4,0,0,0,0,0,0.0,0,0,0,0,0,0,0,0,0.0,0,0,0,0,0,0.0,0.0,0.0,0,0,0,40.1,1.95,24.09,0.33,29.64,25.7,63.4,99.99883720911846,23.29562301027053,17.98847816027508,33.90526367600409,1.7716518969460133,1799.0,0.0,0.0,51.93519198577465,0.0,47.031515076311,14.3,99.6,0.0,0.0,0.0,450.0,10572.3,0.0,0.0,17.563,4.254,21.816,10.335,0.661,21.155,emon,0.857,0.808,48.5,33.3,1.456
2026-09-17 22:16:29.578,15.6,0,67,16;3;0;22;0;0;56;5;0;0;67;13;11;13;29;14,923,1679,1616;1308;1057;1679;1187;1024;1377;939;1249;1286;1350;1210;1222;1176;1017;923,0.3,0.0,10567.1,0,0,0,0,0,0.0,0,0,0,0,0,0,0,0,0.0,0,0,0,0,0,0.0,0.0,0.0,0,0,0,40.1,1.9,23.03,0.34,28.79,25.7,63.4,99.95544527014907,22.254698011786584,20.576349912857523,36.559004012723356,1.337566791655857,1799.0,0.0,0.0,52.181950749069145,0.0,45.31780497975785,14.3,99.4,0.0,0.0,0.0,450.0,10568.8,0.0,0.0,17.563,4.254,21.816,10.335,0.661,21.155,emon,0.857,0.808,48.5,33.3,1.456
2026-09-17 22:16:30.579,15.9,0,75,28;5;0;22;0;0;60;0;0;0;75;2;10;3;29;23,991,1917,1686;1917;1062;1859;1129;991;1073;994;1349;1327;1390;1363;1182;1187;1095;1053,0.0,0.0,10568.8,0,0,0,0,0,0.0,0,0,0,0,0,0,0,0,0.0,0,0,0,0,0,0.0,0.0,0.0,0,0,0,39.1,1.9,23.03,0.34,28.79,25.7,63.4,100.00194890875565,23.433365781791508,23.704185634851456,42.43356743298079,2.694601894867925,1800.3157894736842,0.0,0.0,54.06389683832439,0.0,42.829413361354,14.3,99.7,0.0,0.0,0.0,450.0,10568.8,0.0,0.0,17.563,4.254,21.816,10.335,0.661,21.155,emon,0.857,0.808,48.5,33.3,1.456
2026-09-17 22:16:31.579,15.2,0,68,22;6;0;31;0;0;62;0;0;0;68;0;6;2;38;8,738,1911,1904;1911;1315;1656;1127;1113;1180;1235;1151;1041;1283;1247;941;738;940;1102,0.5,0.0,10570.8,0,0,0,0,0,0.0,0,0,0,0,0,0,0,0,0.0,0,0,0,0,0,0.0,0.0,0.0,0,0,0,40.1,1.9,23.03,0.34,28.79,25.7,63.4,99.99918728430295,26.077538401801682,21.13531665315906,39.556941908250735,2.7317180514100543,1799.0,0.0,0.0,54.46631828611445,0.0,44.06595081309854,14.3,99.6,0.0,0.0,0.0,450.0,10570.8,0.0,0.0,17.563,4.254,21.816,10.335,0.661,21.155,emon,0.857,0.808,48.5,33.3,1.456
2026-09-17 22:16:32.580,15.6,0,78,20;6;0;23;0;0;45;0;3;0;78;0;20;2;35;17,842,2007,1550;1366;1439;1432;1137;1141;1206;1361;1331;2007;1390;1758;1062;842;1008;1138,0.5,0.0,10567.1,0,0,0,0,0,0.0,0,0,0,0,0,0,0,0,0.0,0,0,0,0,0,0.0,0.0,0.0,0,0,0,40.1,1.9,23.03,0.34,28.79,25.7,63.4,99.9679907146253,23.193730151717013,17.57837121235697,33.770111803867316,1.4794298593399091,1799.0,0.0,0.0,51.17741336061276,0.0,47.927791887981456,14.3,99.6,0.0,0.0,0.0,450.0,10570.8,0.0,0.0,17.563,4.254,21.816,10.335,0.661,21.155,emon,0.857,0.808,48.5,33.3,1.456
2026-09-17 22:16:33.603,15.2,0,70,30;3;0;18;0;0;70;3;0;0;63;3;9;2;17;26,707,2689,1605;1659;1953;1249;1087;1080;1107;1278;2689;1925;1415;1217;951;707;1022;990,0.5,0.0,10567.1,0,0,0,0,0,0.0,0,0,0,0,0,0,0,0,0.0,0,0,0,0,0,0.0,0.0,0.0,0,0,0,39.1,1.88,22.83,0.34,28.54,25.7,63.4,99.87850456237793,32.87828985303641,20.681028962135315,48.65997952222824,2.0312779502768534,1799.0,0.0,0.0,60.08324191803113,0.0,40.52528343097765,14.3,99.4,0.0,0.0,0.0,450.0,10569.1,0.0,0.0,17.563,4.254,21.816,10.335,0.661,21.155,emon,0.857,0.808,48.5,33.3,1.456
2026-09-17 22:16:34.604,15.2,0,77,17;5;0;25;0;0;66;0;0;0;77;2;6;5;29;13,992,2228,1664;2228;1995;1736;1066;1120;1107;992;1217;1247;1381;1246;1011;997;1130;1050,0.2,0.0,10569.1,0,0,0,0,0,0.0,0,0,0,0,0,0,0,0,0.0,0,0,0,0,0,0.0,0.0,0.0,0,0,0,40.1,1.88,22.83,0.34,28.54,25.7,63.4,99.99378413944454,26.72077743032599,20.459223772143268,39.37151690924561,2.241452554020785,1804.4945054945056,0.0,0.0,52.85515280568379,0.0,43.33558796175227,14.3,99.6,0.0,0.0,0.0,450.0,10569.0,0.0,0.0,17.563,4.254,21.816,10.335,0.661,21.155,emon,0.857,0.808,48.5,33.3,1.456
2026-09-17 22:16:35.604,15.4,0,76,16;3;0;25;0;0;76;0;0;0;44;2;19;2;51;9,819,1838,1644;1596;1495;1838;1069;1016;1303;1121;1686;1265;1282;1224;927;819;1005;1068,0.0,0.0,10569.0,0,0,0,0,0,0.0,0,0,0,0,0,0,0,0,0.0,0,0,0,0,0,0.0,0.0,0.0,0,0,0,41.1,1.88,22.83,0.34,28.54,25.7,63.4,99.9988534109933,25.266747232870895,19.676008139337814,38.15914221095438,1.8499668110103322,1803.6218487394958,0.0,0.0,53.89921045081862,0.0,44.9127817301992,14.3,99.6,0.0,0.0,0.0,450.0,10569.1,0.0,0.0,17.563,4.254,21.816,10.335,0.661,21.155,emon,0.857,0.808,48.5,33.3,1.456
2026-09-17 22:16:36.605,16.3,0,82,20;5;2;22;0;0;82;0;0;0;67;0;16;5;29;15,802,2494,1775;1486;2494;2045;1269;1136;1341;1534;1151;1190;1371;1207;1250;802;1004;1354,0.0,0.0,10574.4,0,0,0,0,0,0.0,0,0,0,0,0,0,0,0,0.0,0,0,0,0,0,0.0,0.0,0.0,0,0,0,40.1,1.88,22.83,0.34,28.54,25.7,63.4,99.99560464543404,19.98175196615617,22.04857999129261,30.321293567742803,1.1497114795116077,1799.0,0.0,0.0,52.66242107442285,0.0,45.00484338509443,14.3,99.5,0.0,0.0,0.0,450.0,10573.2,0.0,0.0,17.563,4.254,21.816,10.335,0.661,21.155,emon,0.857,0.808,48.5,33.3,1.456
2026-09-17 22:16:37.607,15.7,0,83,23;8;2;27;0;0;83;0;0;0;58;0;11;5;26;9,827,2520,2014;2142;2520;1884;827;1552;1279;2319;1260;1246;1438;1302;1082;950;1001;959,0.3,0.0,10568.0,0,0,0,0,0,0.0,0,0,0,0,0,0,0,0,0.0,0,0,0,0,0,0.0,0.0,0.0,0,0,0,41.1,2.26,23.44,0.34,29.39,25.8,63.4,99.99848641847309,19.331787815311383,21.785559916182567,28.592071090775885,1.0335118180166893,1822.0263157894738,0.0,0.0,52.12249023359312,0.0,46.47091714190394,14.3,99.5,0.0,0.0,0.0,450.0,10568.0,0.0,0.0,17.563,4.254,21.816,10.335,0.661,21.155,emon,0.857,0.808,48.5,33.3,1.456
2026-09-17 22:16:38.607,17.5,0,58,39;3;3;33;2;0;58;0;2;0;48;0;30;11;34;16,857,4108,1834;3709;4108;2102;1210;1026;1249;1722;857;1165;1284;1631;962;948;1014;1111,0.1,0.0,10642.1,0,0,0,0,0,0.0,0,0,0,0,0,0,0,0,0.0,0,0,0,0,0,0.0,0.0,0.0,0,0,0,41.1,2.26,23.44,0.34,29.39,25.7,63.4,100.00337383497201,13.018498708987371,25.429038978332162,22.890714777079502,1.1789863603641397,1801.5495750708214,0.0,0.0,50.31216705794428,0.0,49.28758347069079,14.2,98.6,0.0,0.0,0.0,450.0,10642.1,0.0,0.0,17.689,4.381,22.07,10.002,0.64,21.43,emon,0.853,0.793,49.6,29.5,1.681
2026-09-17 22:16:39.608,14.9,0,72,28;3;0;12;0;0;72;0;0;0;53;3;13;3;24;27,836,1403,1403;1245;1064;1233;1165;1117;1123;1037;1265;1084;1181;836;1068;901;1031;916,0.1,0.0,10642.1,0,0,0,0,0,0.0,0,0,0,0,0,0,0,0,0.0,0,0,0,0,0,0.0,0.0,0.0,0,0,0,40.1,2.26,23.44,0.34,29.39,25.7,63.4,100.01412309919085,43.67858020077858,17.397581212861198,58.65480121416705,0.9092808478909968,1831.857142857143,0.0,0.0,65.79636656029948,0.0,34.58152059416108,14.3,99.9,0.0,0.0,0.0,450.0,10642.1,0.0,0.0,17.689,4.381,22.07,10.002,0.64,21.43,emon,0.853,0.793,49.6,29.5,1.681
2026-09-17 22:16:40.608,16.3,0,54,21;5;3;20;0;0;54;5;0;0;45;0;19;11;47;31,892,2461,1476;2004;2461;1544;1103;985;1100;1293;1138;1111;1359;1291;922;892;990;1020,0.1,0.0,10642.1,0,0,0,0,0,0.0,0,0,0,0,0,0,0,0,0.0,0,0,0,0,0,0.0,0.0,0.0,0,0,0,42.1,2.26,23.44,0.34,29.39,25.7,63.4,100.00954290536734,49.95300380738739,15.035470572801737,63.421688749813114,0.6621330815385311,1849.0,0.0,0.0,69.30351325124502,0.0,31.04716199582862,14.3,100.0,0.0,0.0,0.0,450.0,10642.1,0.0,0.0,17.689,4.381,22.07,10.002,0.64,21.43,emon,0.853,0.793,49.6,29.5,1.681
2026-09-17 22:16:41.611,18.0,0,69,16;6;3;32;0;0;69;8;0;0;62;2;5;6;49;30,865,2446,2123;2446;2309;2397;1482;895;1107;865;1083;1075;1451;1334;1015;1035;1122;1137,0.3,0.0,10620.5,0,0,0,0,0,0.0,0,0,0,0,0,0,0,0,0.0,0,0,0,0,0,0.0,0.0,0.0,0,0,0,41.1,2.06,23.64,0.34,29.74,25.9,63.4,99.99805101297669,17.57049699792228,25.324123495716158,26.166487072105124,1.0641649155561828,1841.7966101694915,0.0,0.0,54.38848848148028,0.0,46.1728488927917,14.3,98.3,0.0,0.0,0.0,450.0,10650.8,0.0,0.0,17.689,4.381,22.07,10.002,0.64,21.43,emon,0.853,0.793,49.6,29.5,1.681
2026-09-17 22:16:42.612,15.6,0,77,22;2;3;27;0;0;61;2;0;0;77;0;9;5;33;10,854,2809,1821;2809;1993;1758;1115;1038;1079;1197;1360;1350;1422;1327;1047;854;1039;1005,0.4,0.0,10648.3,0,0,0,0,0,0.0,0,0,0,0,0,0,0,0,0.0,0,0,0,0,0,0.0,0.0,0.0,0,0,0,40.1,2.06,23.64,0.34,29.74,25.7,63.4,99.93877779427221,17.485533737494627,20.837716422848782,25.17829804103506,1.1371720084383832,1810.2288135593221,0.0,0.0,50.15458492203063,0.0,49.65376635674905,14.2,98.9,0.0,0.0,0.0,450.0,10626.5,0.0,0.0,17.689,4.381,22.07,10.002,0.64,21.43,emon,0.853,0.793,49.6,29.5,1.681
2026-09-17 22:16:43.612,17.4,0,66,26;11;5;32;2;0;42;15;0;0;66;12;14;2;34;18,827,3708,2433;2508;3708;2602;2144;1372;1288;1122;1193;1995;1527;1332;827;873;976;1033,0.5,0.0,10628.3,0,0,0,0,0,0.0,0,0,0,0,0,0,0,0,0.0,0,0,0,0,0,0.0,0.0,0.0,0,0,0,42.1,2.06,23.64,0.34,29.74,25.7,63.4,99.98493607838948,16.266625479205025,23.64898568143447,25.579353802237716,1.4186471531251246,1802.030303030303,0.0,0.0,50.139326142138366,0.00265530271060539,48.57858116521751,14.3,98.3,0.0,0.0,0.0,450.0,10644.5,0.0,0.0,17.689,4.381,22.07,10.002,0.64,21.43,emon,0.853,0.793,49.6,29.5,1.681
2026-09-17 22:16:44.612,17.8,0,67,11;26;3;31;0;0;0;67;2;0;0;58;20;12;2;54,1044,2918,2384;2235;2253;2918;1334;1862;1186;1351;1109;1372;1854;1469;1044;1066;1202;1113,1.2,0.0,10638.8,0,0,0,0,0,0.0,0,0,0,0,0,0,0,0,0.0,0,0,0,0,0,0.0,0.0,0.0,0,0,0,40.1,2.06,23.64,0.34,29.74,25.7,63.4,99.99650471785972,17.04314459820583,25.573279352794433,28.224722381155328,1.1595037639314703,1804.603448275862,0.0,0.0,51.409571494420405,0.0,47.87749789524687,14.2,98.3,0.0,0.0,0.0,450.0,10638.7,0.0,0.0,17.689,4.381,22.07,10.002,0.64,21.43,emon,0.853,0.793,49.6,29.5,1.681
2026-09-17 22:16:45.613,17.5,0,81,6;32;0;31;0;0;0;81;3;0;0;70;16;9;2;31,978,3277,2672;2251;3277;2650;2665;2768;1339;1218;1559;2866;3008;1426;1101;978;1053;1166,1.2,0.0,10638.8,0,0,0,0,0,0.0,0,0,0,0,0,0,0,0,0.0,0,0,0,0,0,0.0,0.0,0.0,0,0,0,40.1,3.55,22.84,0.35,30.78,25.7,63.4,99.99952999296643,18.425880873203276,23.746940776279995,27.967427237828574,1.1253098299198472,1804.0,0.0,0.0,52.51382311384548,0.0,48.055753205774664,14.2,97.4,0.0,0.0,0.0,450.0,10646.9,0.0,0.0,17.689,4.381,22.07,10.002,0.64,21.43,emon,0.853,0.793,49.6,29.5,1.681
2026-09-17 22:16:46.613,24.1,2,91,41;79;18;91;10;10;5;30;19;13;5;31;10;6;2;18,1525,4354,4175;4354;4067;4329;3265;3281;3370;2561;2919;3226;3320;2913;1656;1809;2065;1525,1.2,0.0,10707.1,0,0,0,0,0,0.0,0,0,0,0,0,0,0,0,0.0,0,0,0,0,0,0.0,0.0,0.0,0,0,0,59.1,3.55,22.84,0.35,30.78,25.7,63.4,100.00161717006138,16.290216999514296,21.931412465572357,23.351105369499752,0.6235247334329013,1810.2857142857142,0.0,0.0,46.77401473098301,0.0,46.116588360999636,14.3,98.2,0.0,0.0,0.0,450.0,10721.7,0.0,0.0,17.689,4.381,22.07,10.002,0.64,21.43,emon,0.853,0.793,49.6,29.5,1.681
2026-09-17 22:16:47.614,15.8,0,92,15;91;2;92;0;0;0;22;2;0;0;23;0;3;0;3,781,4465,4341;4465;4039;4443;3357;3277;3385;2464;3155;3218;3369;2300;781;1018;842;1119,0.1,0.0,10723.8,0,0,0,0,0,0.0,0,0,0,0,0,0,0,0,0.0,0,0,0,0,0,0.0,0.0,0.0,0,0,0,68.1,3.55,22.84,0.35,30.78,25.7,63.4,99.98958295934341,30.86690077234936,20.763708580942716,39.18337872887359,0.8088882872937521,1840.1764705882354,0.0,0.0,59.01202291206402,0.0,29.737413295079023,14.3,99.7,0.0,0.0,0.0,450.0,10714.8,0.0,0.0,17.689,4.381,22.07,10.002,0.64,21.43,emon,0.853,0.793,49.6,29.5,1.681
2026-09-17 22:16:48.614,14.5,0,95,11;88;0;95;2;0;0;16;3;0;0;16;0;0;0;2,591,4542,4435;4542;4372;4490;3162;2434;2117;2152;2253;3003;3240;2270;597;591;658;875,0.7,0.0,10713.4,0,0,0,0,0,0.0,0,0,0,0,0,0,0,0,0.0,0,0,0,0,0,0.0,0.0,0.0,0,0,0,69.1,3.55,22.84,0.35,30.78,25.7,63.4,99.99556027925931,71.74004636411198,4.3631278826640205,75.4475690997564,0.011056542432365509,1849.0,0.0,0.0,77.06557564523358,0.0,7.829252927349164,14.3,99.7,0.0,0.0,0.0,450.0,10713.4,0.0,0.0,17.689,4.381,22.07,10.002,0.64,21.43,emon,0.853,0.793,49.6,29.5,1.681
2026-09-17 22:16:49.614,15.6,0,95,15;87;3;95;0;0;0;22;3;0;0;18;0;0;0;6,698,4421,4365;4409;4116;4421;3199;2981;3109;2476;2622;2678;2300;2212;879;988;698;1176,0.1,0.0,10705.4,0,0,0,0,0,0.0,0,0,0,0,0,0,0,0,0.0,0,0,0,0,0,0.0,0.0,0.0,0,0,0,67.1,18.55,23.98,0.36,47.38,25.7,63.4,100.01305203174982,19.456626701388714,16.261204709218244,26.869005362114567,0.7914777779016703,1849.0,0.0,0.0,41.93414639544446,0.0,43.15695881346278,14.3,99.3,0.0,0.0,0.0,450.0,10709.4,0.0,0.0,17.689,4.381,22.07,10.002,0.64,21.43,emon,0.853,0.793,49.6,29.5,1.681
2026-09-17 22:16:50.615,16.8,0,91,25;86;5;91;0;0;0;29;0;0;0;26;0;0;0;8,733,4387,4291;4387;4120;4375;3001;3017;3337;2649;3080;3418;3416;2556;889;761;733;1269,0.5,0.0,10711.6,0,0,0,0,0,0.0,0,0,0,0,0,0,0,0,0.0,0,0,0,0,0,0.0,0.0,0.0,0,0,0,68.1,18.55,23.98,0.36,47.38,25.7,63.4,99.9794370560419,9.809311365481422,18.23411917739681,14.543484062405437,0.7878188390611849,1818.047619047619,0.0,0.0,40.122424522236024,0.0,47.42501378435995,14.2,98.2,0.0,0.0,0.0,450.0,10734.2,0.0,0.0,17.428,4.087,21.515,11.5,0.736,20.779,emon,0.807,0.735,55.1,25.8,2.132
2026-09-17 22:16:51.615,16.3,0,89,17;86;2;89;0;0;0;28;6;0;0;22;0;0;0;12,698,4391,4315;4391;4011;4369;2956;2622;2986;2596;3235;2880;2479;2530;698;877;709;1176,0.1,0.0,10734.1,0,0,0,0,0,0.0,0,0,0,0,0,0,0,0,0.0,0,0,0,0,0,0.0,0.0,0.0,0,0,0,66.1,18.55,23.98,0.36,47.38,25.7,63.4,99.97599793754158,10.373733567072387,14.04588751840671,12.498479718283342,0.6122035847351776,1815.7779632721201,0.0,0.0,36.94839039647513,0.0,50.85743122495969,14.2,98.7,0.0,0.0,0.0,450.0,10720.6,0.0,0.0,17.428,4.087,21.515,11.5,0.736,20.779,emon,0.807,0.735,55.1,25.8,2.132
2026-09-17 22:16:52.616,17.1,0,94,19;85;5;94;0;0;0;25;3;0;0;28;3;0;0;13,785,4395,4326;4395;4154;4382;3126;3084;2433;2634;3324;3197;3060;2432;824;785;1117;1025,100.0,0.0,10724.1,0,0,0,0,0,0.0,0,0,0,0,0,0,0,0,0.0,0,0,0,0,0,0.0,0.0,0.0,0,0,0,65.1,18.55,23.98,0.36,47.38,25.7,63.4,78.9793081442515,17.536661767556023,40.465382059415184,44.46589234670003,30.227401987711588,1799.0,0.0,0.0,63.43664599930246,0.0,3.4098458528518676,14.1,98.5,0.0,0.0,0.0,450.0,10724.1,0.0,0.0,17.428,4.087,21.515,11.5,0.736,20.779,emon,0.807,0.735,55.1,25.8,2.132
2026-09-17 22:16:53.620,15.3,0,94,6;64;2;94;2;0;0;23;0;0;0;49;0;0;0;6,735,4414,4331;4367;4192;4414;3133;2359;1503;2417;3423;3397;3311;3118;747;748;735;1084,95.4,0.0,10716.1,0,0,0,0,0,0.0,0,0,0,0,0,0,0,0,0.0,0,0,0,0,0,0.0,0.0,0.0,0,0,0,56.1,19.2,19.05,0.38,45.53,25.7,63.4,79.48837203245897,18.340767895265554,42.20224162248465,46.38669216632843,31.811195373535156,1799.0,0.0,0.0,65.48110260241307,0.0,3.9352519803035717,14.2,99.3,0.0,0.0,0.0,450.0,10716.1,0.0,0.0,17.428,4.087,21.515,11.5,0.736,20.779,emon,0.807,0.735,55.1,25.8,2.132
2026-09-17 22:16:54.621,14.1,0,97,8;68;0;97;0;0;0;9;0;0;0;39;0;0;0;5,730,4418,4327;4394;4213;4418;3261;3072;2747;2101;3298;3179;3161;2939;741;730;791;985,100.0,0.0,10716.1,0,0,0,0,0,0.0,0,0,0,0,0,0,0,0,0.0,0,0,0,0,0,0.0,0.0,0.0,0,0,0,61.1,19.2,19.05,0.38,45.53,25.7,63.4,78.30200588703156,16.76940929394082,39.060520614896504,42.74944777254547,29.349529811314174,1799.0,0.0,0.0,60.854807551052154,0.0,3.6524930372834206,14.2,99.4,0.0,0.0,0.0,450.0,10716.1,0.0,0.0,17.428,4.087,21.515,11.5,0.736,20.779,emon,0.807,0.735,55.1,25.8,2.132
2026-09-17 22:16:55.621,15.3,0,94,22;76;5;94;0;0;0;23;2;0;0;14;0;3;0;6,703,4402,4398;4397;4309;4402;3290;2736;2592;2297;3106;3400;2335;2408;703;801;752;1083,36.5,0.0,10716.1,0,0,0,0,0,0.0,0,0,0,0,0,0,0,0,0.0,0,0,0,0,0,0.0,0.0,0.0,0,0,0,63.1,19.2,19.05,0.38,45.53,25.7,63.4,83.9166345000267,18.096743725201424,42.42692389587561,46.27598678320646,31.865198930104572,1799.0,0.0,0.0,66.78321196651086,0.0,4.263543877129753,14.2,99.5,0.0,0.0,0.0,450.0,10716.1,0.0,0.0,17.428,4.087,21.515,11.5,0.736,20.779,emon,0.807,0.735,55.1,25.8,2.132
2026-09-17 22:16:56.622,14.9,0,96,15;83;2;96;0;0;0;27;2;2;0;14;0;0;0;0,885,4460,4451;4455;4344;4460;2997;3077;2889;2192;2793;1842;3015;2498;937;970;1075;885,96.0,0.0,10716.1,0,0,0,0,0,0.0,0,0,0,0,0,0,0,0,0.0,0,0,0,0,0,0.0,0.0,0.0,0,0,0,66.1,19.2,19.05,0.38,45.53,25.7,63.4,79.61765816632439,17.33842472762198,41.31203631793751,44.82601567796048,30.02461389669128,1799.0,0.0,0.0,61.84346656887518,0.0,8.941934225589861,14.2,99.1,0.0,0.0,0.0,450.0,10716.1,0.0,0.0,17.428,4.087,21.515,11.5,0.736,20.779,emon,0.807,0.735,55.1,25.8,2.132
2026-09-17 22:16:57.622,14.5,0,97,8;91;0;97;0;0;0;15;0;0;0;14;0;0;0;8,699,4467,4415;4467;4177;4463;3423;3383;2960;2236;2184;2052;2880;2778;789;890;699;1145,100.0,0.0,10716.1,0,0,0,0,0,0.0,0,0,0,0,0,0,0,0,0.0,0,0,0,0,0,0.0,0.0,0.0,0,0,0,67.1,19.04,12.74,0.39,42.55,25.7,63.4,77.40157585484641,17.870425367894182,41.45960790344647,45.33506514877081,30.992358480181014,1799.0,0.0,0.0,64.37541798635253,0.0,3.660307765007019,14.2,99.4,0.0,0.0,0.0,450.0,10716.1,0.0,0.0,17.428,4.087,21.515,11.5,0.736,20.779,emon,0.807,0.735,55.1,25.8,2.132
2026-09-17 22:16:58.623,15.3,0,95,11;89;3;95;2;0;0;23;0;2;0;17;0;0;0;3,707,4452,4423;4452;4347;4450;3376;3338;3312;2247;3373;2754;2509;2711;707;845;709;1008,95.2,0.0,10700.4,0,0,0,0,0,0.0,0,0,0,0,0,0,0,0,0.0,0,0,0,0,0,0.0,0.0,0.0,0,0,0,68.1,19.04,12.74,0.39,42.55,25.7,63.4,78.887022120612,17.827074175201624,41.38966097576277,45.37015546272908,30.619822910853795,1799.0,0.0,0.0,64.38892494075533,0.0,3.656311293265649,14.2,99.3,0.0,0.0,0.0,450.0,10700.4,0.0,0.0,17.428,4.087,21.515,11.5,0.736,20.779,emon,0.807,0.735,55.1,25.8,2.132
2026-09-17 22:16:59.623,15.2,0,94,12;86;2;94;2;0;0;18;2;0;0;18;0;0;0;9,778,4413,4383;4413;4258;4409;3155;3312;1850;1877;3243;3243;2923;2292;821;778;787;1107,95.2,0.0,10700.4,0,0,0,0,0,0.0,0,0,0,0,0,0,0,0,0.0,0,0,0,0,0,0.0,0.0,0.0,0,0,0,67.1,19.04,12.74,0.39,42.55,25.7,63.4,77.12876846915798,16.67720727688682,38.72575330734253,42.41345757951862,28.89475561443128,1799.0,0.0,0.0,60.637219492836216,0.0,2.688645883610374,14.2,99.1,0.0,0.0,0.0,450.0,10700.4,0.0,0.0,17.428,4.087,21.515,11.5,0.736,20.779,emon,0.807,0.735,55.1,25.8,2.132
2026-09-17 22:17:00.646,15.9,0,96,9;93;3;96;2;0;0;16;3;0;2;20;2;0;0;10,710,4398,4358;4398;4136;4392;3323;2426;3009;2032;2407;2335;1643;2490;848;848;710;1103,100.0,0.0,10700.4,0,0,0,0,0,0.0,0,0,0,0,0,0,0,0,0.0,0,0,0,0,0,0.0,0.0,0.0,0,0,0,66.1,19.04,12.74,0.39,42.55,25.7,63.4,74.3757230106153,16.65667506993601,38.589450795399515,42.331717276259475,28.45023576836837,1799.0,0.0,0.0,60.61731820075626,0.0,2.691441397917898,14.2,99.2,0.0,0.0,0.0,450.0,10696.3,0.0,0.0,17.428,4.087,21.515,11.5,0.736,20.779,emon,0.807,0.735,55.1,25.8,2.132
2026-09-17 22:17:01.647,16.8,0,92,13;91;2;92;0;0;0;28;2;0;0;28;0;0;0;14,647,4432,4378;4404;4432;4402;2700;3200;2331;2137;2736;3381;2705;2335;857;841;647;1231,97.5,0.0,10696.3,0,0,0,0,0,0.0,0,0,0,0,0,0,0,0,0.0,0,0,0,0,0,0.0,0.0,0.0,0,0,0,66.1,19.04,12.74,0.39,42.55,25.7,63.4,80.41822719573975,14.865594982617983,36.94378224567131,39.2101583260077,25.593740940093994,1799.0,0.0,0.0,55.67448877446629,0.0,16.853139524570807,14.2,99.2,0.0,0.0,0.0,450.0,10693.8,0.0,0.0,111.65,0.998,112.648,6.996,0.448,112.2,emon,0.591,0.529,148.7,69.7,2.133
2026-09-17 22:17:02.647,16.0,0,95,6;34;6;95;0;0;0;32;0;0;0;75;0;0;0;6,834,4367,3951;4160;4192;4367;3116;2971;2930;2858;3238;3338;3374;3364;845;834;838;1517,88.7,0.0,9865.4,0,0,0,0,0,0.0,0,0,0,0,0,0,0,0,0.0,0,0,0,0,0,0.0,0.0,0.0,0,0,0,49.1,19.04,12.74,0.39,42.55,25.0,63.4,81.9058411916097,18.64219757320825,42.78729528685411,47.03534284917017,32.39850362141927,1799.0,0.0,0.0,66.77021949649013,0.0,4.261116741225123,14.2,99.5,0.0,0.0,0.0,450.0,9651.1,0.0,0.0,111.65,0.998,112.648,6.996,0.448,112.2,emon,0.591,0.529,148.7,69.7,2.133
2026-09-17 22:17:03.647,15.0,0,98,2;59;0;98;0;0;0;22;0;0;0;53;0;0;0;5,776,4439,3804;4334;4135;4439;2932;2495;3294;2330;2919;2843;3285;3336;1025;776;842;1128,87.9,0.0,9651.1,0,0,0,0,0,0.0,0,0,0,0,0,0,0,0,0.0,0,0,0,0,0,0.0,0.0,0.0,0,0,0,56.1,19.04,12.74,0.39,42.55,25.0,63.4,80.47197058995565,17.72808391181752,40.54731287558874,44.5539227510492,30.44931780497233,1809.0,0.0,0.0,63.455605168640616,0.0,3.407875837261478,14.2,99.4,0.0,0.0,0.0,450.0,9651.1,0.0,0.0,111.65,0.998,112.648,6.996,0.448,112.2,emon,0.591,0.529,148.7,69.7,2.133
2026-09-17 22:17:04.648,14.5,0,96,8;95;2;96;0;0;0;11;2;0;0;12;3;0;0;3,810,4447,4396;4443;4061;4447;3359;2759;2847;2315;3110;2544;3048;2628;1324;1103;810;886,80.6,0.0,9651.1,0,0,0,0,0,0.0,0,0,0,0,0,0,0,0,0.0,0,0,0,0,0,0.0,0.0,0.0,0,0,0,68.1,19.04,12.74,0.39,42.55,25.0,63.4,73.87689138139997,15.981578016094863,36.608274817466736,40.19213877022266,27.41038327898298,1814.7142857142858,0.0,0.0,60.093740130109445,0.0,2.9259027549198695,14.2,99.4,0.0,0.0,0.0,450.0,9651.1,0.0,0.0,111.65,0.998,112.648,6.996,0.448,112.2,emon,0.591,0.529,148.7,69.7,2.133
2026-09-17 22:17:05.648,14.5,0,92,12;86;3;92;0;0;0;25;0;0;0;11;0;0;0;2,736,4460,4385;4460;4127;4454;2718;2997;2217;2337;2975;2486;2105;2458;774;736;838;831,88.4,0.0,9651.1,0,0,0,0,0,0.0,0,0,0,0,0,0,0,0,0.0,0,0,0,0,0,0.0,0.0,0.0,0,0,0,69.1,0.0,0.0,0.0,0.0,24.8,63.4,80.89530695401706,18.460873352614446,41.497834485310776,45.82676288485527,31.13816628089318,1799.0,0.0,0.0,65.48474319651723,0.0,3.938749854381268,14.2,99.4,0.0,0.0,0.0,450.0,9651.1,0.0,0.0,111.65,0.998,112.648,6.996,0.448,112.2,emon,0.591,0.529,148.7,69.7,2.133
2026-09-17 22:17:06.649,14.6,0,94,8;94;3;92;0;0;0;17;2;0;0;11;0;0;0;6,603,4463,4399;4463;4401;4461;3402;3320;3353;2147;3048;1550;2164;2661;1030;757;603;1249,100.0,0.0,9651.1,0,0,0,0,0,0.0,0,0,0,0,0,0,0,0,0.0,0,0,0,0,0,0.0,0.0,0.0,0,0,0,70.1,0.0,0.0,0.0,0.0,24.8,63.4,77.51114198565483,17.110387529159198,39.29989509657025,43.27536334376782,29.20789510011673,1799.0,0.0,0.0,62.60231785499491,0.0,3.195004530949518,14.2,99.5,0.0,0.0,0.0,450.0,9651.1,0.0,0.0,111.65,0.998,112.648,6.996,0.448,112.2,emon,0.591,0.529,148.7,69.7,2.133
2026-09-17 22:17:07.658,14.4,0,92,5;91;5;92;0;0;0;22;2;0;0;14;0;0;0;2,776,4457,4330;4457;4049;4456;3319;3390;3069;2413;2949;2291;2302;2290;1040;776;891;968,100.0,0.0,9651.1,0,0,0,0,0,0.0,0,0,0,0,0,0,0,0,0.0,0,0,0,0,0,0.0,0.0,0.0,0,0,0,69.1,0.0,0.0,0.0,0.0,24.8,63.4,76.84442816575368,17.563900903519244,40.01006282567978,44.02875832716624,30.217280197143555,1799.0,0.0,0.0,63.42570028148281,0.0,3.416442744930585,14.2,99.1,0.0,0.0,0.0,450.0,9651.1,0.0,0.0,111.65,0.998,112.648,6.996,0.448,112.2,emon,0.591,0.529,148.7,69.7,2.133
2026-09-17 22:17:08.658,16.0,0,97,14;88;2;97;0;0;0;20;2;0;0;15;5;0;0;13,575,4399,4343;4399;4214;4385;3161;2979;3245;2162;2969;3165;3180;2470;838;685;575;984,98.8,0.0,9649.0,0,0,0,0,0,0.0,0,0,0,0,0,0,0,0,0.0,0,0,0,0,0,0.0,0.0,0.0,0,0,0,67.1,0.0,0.0,0.0,0.0,24.6,63.4,80.09862053169394,13.320761811058476,35.20483680941024,37.47503739482951,24.51573966939951,1799.0,0.0,0.0,51.080277385928156,0.0,18.11397847181399,14.2,99.1,0.0,0.0,0.0,450.0,9649.0,0.0,0.0,111.65,0.998,112.648,6.996,0.448,112.2,emon,0.591,0.529,148.7,69.7,2.133
2026-09-17 22:17:09.658,14.8,0,97,3;97;0;97;0;0;0;23;0;2;0;14;0;0;0;2,688,4420,4291;4420;4161;4418;2796;3162;2925;2353;3082;3217;3085;2486;800;688;834;921,94.1,0.0,9645.0,0,0,0,0,0,0.0,0,0,0,0,0,0,0,0,0.0,0,0,0,0,0,0.0,0.0,0.0,0,0,0,67.1,20.02,12.72,0.39,43.54,24.6,63.4,84.51286902030309,18.744055601690587,42.00155898928642,46.435367455706,31.723853429158527,1799.0,0.0,0.0,66.79276346415281,0.0,4.261451949675878,14.2,99.5,0.0,0.0,0.0,450.0,9645.0,0.0,0.0,111.65,0.998,112.648,6.996,0.448,112.2,emon,0.591,0.529,148.7,69.7,2.133
2026-09-17 22:17:10.659,16.4,2,98,5;98;2;95;2;2;3;22;2;3;3;14;2;2;2;8,837,4411,4302;4411;3898;4377;2539;3056;3094;2269;3232;3122;2688;2329;841;837;974;1031,81.2,0.0,9645.0,0,0,0,0,0,0.0,0,0,0,0,0,0,0,0,0.0,0,0,0,0,0,0.0,0.0,0.0,0,0,0,66.1,20.02,12.72,0.39,43.54,24.6,63.4,73.5225919975954,17.323659957824823,39.38777744068819,43.3397245271241,29.35905636058134,1799.0,0.0,0.0,61.846217470462705,0.0,3.0079882425420426,14.1,99.0,0.0,0.0,0.0,450.0,9645.0,0.0,0.0,111.65,0.998,112.648,6.996,0.448,112.2,emon,0.591,0.529,148.7,69.7,2.133
2026-09-17 22:17:11.659,14.7,0,92,14;86;0;92;0;2;0;14;0;0;0;22;0;0;0;6,723,4408,4362;4408;4274;4407;2802;3341;2419;1978;3277;2693;3034;2448;751;723;758;980,96.1,0.0,9645.0,0,0,0,0,0,0.0,0,0,0,0,0,0,0,0,0.0,0,0,0,0,0,0.0,0.0,0.0,0,0,0,66.1,20.02,12.72,0.39,43.54,24.6,63.4,82.36252619669987,18.586378157747767,41.62835378371752,45.98564880627852,31.52385476919321,1799.0,0.0,0.0,65.49885865494322,0.0,3.9406017761390943,14.2,99.4,0.0,0.0,0.0,450.0,9645.0,0.0,0.0,111.65,0.998,112.648,6.996,0.448,112.2,emon,0.591,0.529,148.7,69.7,2.133
2026-09-17 22:17:12.659,14.9,0,93,12;93;3;91;0;0;0;15;3;0;0;17;0;0;0;5,819,4435,4379;4435;4274;4428;3398;3151;3009;2148;3158;3196;1731;2279;819;842;1038;966,100.0,0.0,9645.0,0,0,0,0,0,0.0,0,0,0,0,0,0,0,0,0.0,0,0,0,0,0,0.0,0.0,0.0,0,0,0,68.1,20.02,12.72,0.39,43.54,24.6,63.4,73.34018059571584,17.054051626421924,39.19079328245587,43.141388435744574,29.168099615308975,1799.0,0.0,0.0,61.192918555293645,0.0,2.8427213960223727,14.2,99.2,0.0,0.0,0.0,450.0,9645.0,0.0,0.0,111.65,0.998,112.648,6.996,0.448,112.2,emon,0.591,0.529,148.7,69.7,2.133
2026-09-17 22:17:13.659,13.9,0,98,20;78;2;98;6;0;0;5;2;0;0;3;2;0;0;8,846,4443,4386;4443;4128;4423;2020;3277;1983;2109;2609;2484;2845;2381;939;901;846;1002,100.0,0.0,9645.0,0,0,0,0,0,0.0,0,0,0,0,0,0,0,0,0.0,0,0,0,0,0,0.0,0.0,0.0,0,0,0,68.1,19.9,12.75,0.39,43.45,24.7,63.4,76.5538037866354,16.977893800241873,38.24316534399986,42.43574389675632,28.02798181772232,1799.0,0.0,0.0,62.59579456062056,0.0,3.182873245328665,14.2,99.3,0.0,0.0,0.0,450.0,9645.0,0.0,0.0,111.295,1.011,112.306,7.764,0.497,111.809,emon,0.592,0.518,147.4,69.2,2.13
2026-09-17 22:17:14.678,14.9,0,91,85;16;2;91;17;0;0;3;17;0;2;0;6;0;0;0,568,4446,4438;4316;4116;4446;2144;2976;2513;1416;2696;1512;3285;3192;1155;901;721;568,100.0,0.0,9645.0,0,0,0,0,0,0.0,0,0,0,0,0,0,0,0,0.0,0,0,0,0,0,0.0,0.0,0.0,0,0,0,68.1,19.9,12.75,0.39,43.45,24.6,63.4,78.35909223556519,17.845203655802955,40.248199665546416,44.32933084219694,30.506302261352538,1799.0,0.0,0.0,63.439622436712185,0.0,3.416736283401648,14.2,99.3,0.0,0.0,0.0,450.0,9645.0,0.0,0.0,111.295,1.011,112.306,7.764,0.497,111.809,emon,0.592,0.518,147.4,69.2,2.13
2026-09-17 22:17:15.679,14.2,0,95,89;5;2;95;17;0;0;0;9;3;0;0;6;0;0;0,597,4442,4439;4371;4232;4442;2409;3295;2299;1470;2714;1501;2124;2168;1016;897;875;597,100.0,0.0,9645.0,0,0,0,0,0,0.0,0,0,0,0,0,0,0,0,0.0,0,0,0,0,0,0.0,0.0,0.0,0,0,0,67.1,19.9,12.75,0.39,43.45,24.6,63.4,73.54641483624776,18.727540016174316,42.58630879720052,46.97737579345703,31.891362635294595,1799.0,0.0,0.0,66.71415341297785,0.0,0.0,14.2,99.3,0.0,0.0,0.0,450.0,9645.0,0.0,0.0,111.295,1.011,112.306,7.764,0.497,111.809,emon,0.592,0.518,147.4,69.2,2.13
2026-09-17 22:17:16.680,14.3,0,92,89;6;3;92;12;0;0;0;16;3;0;0;6;0;0;0,720,4458,4458;4401;4318;4447;2313;2870;2457;1453;2633;3203;1598;1603;982;772;720;746,100.0,0.0,9645.0,0,0,0,0,0,0.0,0,0,0,0,0,0,0,0,0.0,0,0,0,0,0,0.0,0.0,0.0,0,0,0,67.1,19.9,12.75,0.39,43.45,24.6,63.4,71.37836753694634,16.342968792286946,36.85455090748636,40.677435883173814,27.700237374556693,1799.0,0.0,0.0,57.993753489756365,0.0,2.6928728944376896,14.2,99.2,0.0,0.0,0.0,450.0,9645.0,0.0,0.0,111.295,1.011,112.306,7.764,0.497,111.809,emon,0.592,0.518,147.4,69.2,2.13
2026-09-17 22:17:17.680,14.9,0,96,96;8;2;92;11;0;0;3;19;2;2;2;5;0;0;0,645,4438,4438;4390;4365;4433;1927;3177;2699;1240;2590;3241;2457;3064;982;905;781;645,100.0,0.0,9645.0,0,0,0,0,0,0.0,0,0,0,0,0,0,0,0,0.0,0,0,0,0,0,0.0,0.0,0.0,0,0,0,67.1,20.06,12.81,0.39,43.69,24.6,63.4,81.69441662663999,18.30087460597734,41.76432101622872,45.99024314984031,30.911223867665168,1799.0,0.0,0.0,65.32633214784057,0.0,4.449530694714707,14.2,99.6,0.0,0.0,0.0,450.0,9645.0,0.0,0.0,111.295,1.011,112.306,7.764,0.497,111.809,emon,0.592,0.518,147.4,69.2,2.13
2026-09-17 22:17:18.681,14.4,0,92,92;9;3;92;12;0;0;0;16;0;0;0;5;0;0;0,731,4427,4424;4424;4427;4419;2195;3033;2589;1241;2349;2685;2149;2463;1085;803;1063;731,96.3,0.0,9645.0,0,0,0,0,0,0.0,0,0,0,0,0,0,0,0,0.0,0,0,0,0,0,0.0,0.0,0.0,0,0,0,68.1,20.06,12.81,0.39,43.69,24.6,63.4,76.60596023665533,17.06218582050254,38.77000083857112,42.791463350256286,28.784576098124187,1799.0,0.0,0.0,61.21575335527046,0.0,2.842605266306135,14.2,99.2,0.0,0.0,0.0,450.0,9645.3,0.0,0.0,111.295,1.011,112.306,7.764,0.497,111.809,emon,0.592,0.518,147.4,69.2,2.13
2026-09-17 22:17:19.681,15.4,0,89,86;16;3;89;12;2;2;8;22;2;0;3;0;2;0;0,698,4428,4428;4425;4356;4425;2058;2311;3104;1326;2334;2772;3159;3179;771;928;698;831,100.0,0.0,9645.3,0,0,0,0,0,0.0,0,0,0,0,0,0,0,0,0.0,0,0,0,0,0,0.0,0.0,0.0,0,0,0,68.1,20.06,12.81,0.39,43.69,24.6,63.4,84.5862565774184,18.469876348040998,41.4002559368427,45.78509314644795,31.29850050119253,1799.0,0.0,0.0,65.51769554715317,0.0,3.933321916140043,14.2,99.5,0.0,0.0,0.0,450.0,9645.3,0.0,0.0,111.295,1.011,112.306,7.764,0.497,111.809,emon,0.592,0.518,147.4,69.2,2.13
2026-09-17 22:17:20.682,15.2,0,91,83;17;5;91;12;0;0;3;23;5;2;0;3;0;0;0,716,4419,4419;4385;4303;4412;2057;3164;3377;1316;2624;3324;3242;3123;1289;945;809;716,100.0,0.0,9645.3,0,0,0,0,0,0.0,0,0,0,0,0,0,0,0,0.0,0,0,0,0,0,0.0,0.0,0.0,0,0,0,67.1,20.06,12.81,0.39,43.69,24.6,63.4,77.39745745062828,17.759722295420943,39.1498076915741,43.37711513182148,29.66310477256775,1799.0,0.0,0.0,62.60647846898064,0.0,3.2015436440706253,14.2,99.3,0.0,0.0,0.0,450.0,9645.3,0.0,0.0,111.295,1.011,112.306,7.764,0.497,111.809,emon,0.592,0.518,147.4,69.2,2.13
2026-09-17 22:17:21.699,14.8,0,96,83;15;2;96;11;2;0;0;17;5;0;0;8;0;0;0,772,4427,4425;4389;4358;4427;2307;2265;3308;1384;2276;2761;2794;3060;1131;840;868;772,89.2,0.0,9645.3,0,0,0,0,0,0.0,0,0,0,0,0,0,0,0,0.0,0,0,0,0,0,0.0,0.0,0.0,0,0,0,67.1,20.08,12.84,0.4,43.72,24.6,63.4,77.81969060897828,17.814240147545934,40.196220910549165,44.43927343388398,29.806561533610026,1799.0,0.0,0.0,63.43358237023155,0.0,3.397196015715599,14.2,99.3,0.0,0.0,0.0,450.0,9645.3,0.0,0.0,111.295,1.011,112.306,7.764,0.497,111.809,emon,0.592,0.518,147.4,69.2,2.13
2026-09-17 22:17:22.700,14.2,0,95,88;9;0;95;17;0;0;0;11;2;0;0;5;0;0;0,830,4439,4435;4436;4313;4439;2257;2599;2279;1408;2845;3273;2805;2311;1200;949;1009;830,89.8,0.0,9645.3,0,0,0,0,0,0.0,0,0,0,0,0,0,0,0,0.0,0,0,0,0,0,0.0,0.0,0.0,0,0,0,67.1,20.08,12.84,0.4,43.72,24.6,63.4,74.01517226145818,19.66408927624042,43.99630663945125,48.731948559100815,33.04592293959398,1799.0,0.0,0.0,69.2651286315746,0.0,0.0,14.2,99.5,0.0,0.0,0.0,450.0,9645.3,0.0,0.0,111.295,1.011,112.306,7.764,0.497,111.809,emon,0.592,0.518,147.4,69.2,2.13
2026-09-17 22:17:23.700,14.3,0,92,92;6;3;88;22;0;0;0;11;2;0;0;5;0;0;0,588,4463,4463;4267;4205;4447;2306;3168;3376;1399;2717;3166;2262;2093;1079;1012;588;681,97.0,0.0,9645.3,0,0,0,0,0,0.0,0,0,0,0,0,0,0,0,0.0,0,0,0,0,0,0.0,0.0,0.0,0,0,0,68.1,20.08,12.84,0.4,43.72,24.6,63.4,73.76524736141336,18.45442719295107,41.42754627096242,45.88470274826576,30.927829084725214,1799.0,0.0,0.0,65.57518258035697,0.0,0.0,14.2,99.6,0.0,0.0,0.0,450.0,9645.3,0.0,0.0,111.295,1.011,112.306,7.764,0.497,111.809,emon,0.592,0.518,147.4,69.2,2.13
2026-09-17 22:17:24.701,14.8,0,94,92;3;0;94;17;0;0;0;20;2;0;0;6;0;2;0,676,4463,4448;4453;4463;4452;2403;3313;2987;1475;2680;2598;2809;1880;1057;740;1333;676,100.0,0.0,9645.3,0,0,0,0,0,0.0,0,0,0,0,0,0,0,0,0.0,0,0,0,0,0,0.0,0.0,0.0,0,0,0,68.1,20.08,12.84,0.4,43.72,24.6,63.4,79.36122646331788,17.940371505574635,40.17631164391835,44.44696344335874,30.342856216430665,1799.0,0.0,0.0,63.44842582345009,0.0,3.408133379618327,14.2,99.3,0.0,0.0,0.0,450.0,9645.3,0.0,0.0,111.295,1.011,112.306,7.764,0.497,111.809,emon,0.592,0.518,147.4,69.2,2.13
2026-09-17 22:17:25.702,15.1,0,95,89;11;0;95;17;0;0;3;12;0;0;0;6;2;6;0,668,4445,4445;4417;4198;4443;2410;2370;2706;1394;2805;2454;2776;1766;1051;831;952;668,89.7,0.0,9645.3,0,0,0,0,0,0.0,0,0,0,0,0,0,0,0,0.0,0,0,0,0,0,0.0,0.0,0.0,0,0,0,67.1,20.09,12.86,0.39,43.78,24.6,63.4,78.41072222590446,17.472032245394075,39.42766074463725,43.630094088148326,29.158725798130035,1799.0,0.0,0.0,62.60897494177334,0.0,3.1958744302392006,14.2,99.5,0.0,0.0,0.0,450.0,9645.3,0.0,0.0,112.577,1.017,113.594,10.075,0.645,112.949,emon,0.59,0.439,147.0,68.3,2.152
2026-09-17 22:17:26.702,15.7,0,97,88;14;2;97;20;3;0;2;12;3;2;3;5;0;0;0,845,4429,4429;4326;4210;4416;2259;3288;3093;2588;2561;3208;2826;3140;1058;845;1470;933,100.0,0.0,9645.3,0,0,0,0,0,0.0,0,0,0,0,0,0,0,0,0.0,0,0,0,0,0,0.0,0.0,0.0,0,0,0,67.1,20.09,12.86,0.39,43.78,24.6,63.4,79.08834700584411,17.39803531082968,39.7508229692777,43.77338524063428,29.339275741577147,1799.0,0.0,0.0,63.43816076759249,0.0,3.4132872502009075,14.2,99.3,0.0,0.0,0.0,450.0,9645.3,0.0,0.0,112.577,1.017,113.594,10.075,0.645,112.949,emon,0.59,0.439,147.0,68.3,2.152
2026-09-17 22:17:27.702,15.2,0,94,94;5;5;91;22;0;0;3;17;0;0;0;5;2;0;0,798,4422,4422;4419;4412;4417;2251;3250;2810;1400;2302;2930;3341;3173;1028;896;798;820,100.0,0.0,9645.3,0,0,0,0,0,0.0,0,0,0,0,0,0,0,0,0.0,0,0,0,0,0,0.0,0.0,0.0,0,0,0,67.1,20.09,12.86,0.39,43.78,24.6,63.4,87.23586912155152,17.703511226829143,39.65833416779836,43.89118174960216,29.633319028218587,1799.0,0.0,0.0,63.50684258826077,0.0,3.397153059889873,14.2,99.4,0.0,0.0,0.0,450.0,9645.3,0.0,0.0,112.577,1.017,113.594,10.075,0.645,112.949,emon,0.59,0.439,147.0,68.3,2.152
2026-09-17 22:17:28.733,15.2,0,94,93;8;2;94;16;0;0;0;24;2;0;0;6;0;0;0,739,4427,4427;4391;3987;4403;2232;2847;2323;1408;2445;2068;3159;3345;1082;913;739;1111,89.4,0.0,9645.3,0,0,0,0,0,0.0,0,0,0,0,0,0,0,0,0.0,0,0,0,0,0,0.0,0.0,0.0,0,0,0,68.1,20.09,12.86,0.39,43.78,24.6,63.4,75.05364352464676,17.85241554028471,39.138245448470116,43.696755385026336,28.89797753095627,1799.0,0.0,0.0,62.586168553098105,0.0,3.197392520145513,14.2,99.6,0.0,0.0,0.0,450.0,9645.3,0.0,0.0,112.577,1.017,113.594,10.075,0.645,112.949,emon,0.59,0.439,147.0,68.3,2.152
2026-09-17 22:17:29.734,13.5,0,94,25;6;0;94;11;0;0;0;59;2;0;0;19;0;0;0,745,4464,4167;4298;4155;4464;2245;2887;2143;1236;3357;3309;2895;2943;1658;1736;745;1120,96.9,0.0,9645.3,0,0,0,0,0,0.0,0,0,0,0,0,0,0,0,0.0,0,0,0,0,0,0.0,0.0,0.0,0,0,0,57.1,20.21,12.87,0.39,43.91,24.6,63.4,77.17257873217265,18.992813682556154,42.547018941243486,47.117884572347,31.857931900024415,1799.0,0.0,0.0,66.7426459863782,0.0,0.0,14.2,99.3,0.0,0.0,0.0,450.0,9645.3,0.0,0.0,112.577,1.017,113.594,10.075,0.645,112.949,emon,0.59,0.439,147.0,68.3,2.152
2026-09-17 22:17:30.734,7.7,0,97,12;0;0;97;8;0;0;3;3;0;0;0;0;0;0;0,987,4726,4640;4514;4724;4726;1429;1326;1577;1187;1821;1256;1378;1286;1091;1120;1101;987,36.7,0.0,9645.3,0,0,0,0,0,0.0,0,0,0,0,0,0,0,0,0.0,0,0,0,0,0,0.0,0.0,0.0,0,0,0,79.1,20.21,12.87,0.39,43.91,24.6,63.4,79.35623618272635,15.160824090170745,34.41961285701165,38.03552122757985,25.406515561617336,1799.0,0.0,0.0,54.01757914318632,0.0,7.880002919297952,9.2,64.5,0.0,0.0,0.0,450.0,9645.3,0.0,0.0,112.577,1.017,113.594,10.075,0.645,112.949,emon,0.59,0.439,147.0,68.3,2.152
2026-09-17 22:17:31.734,8.2,0,97,17;2;0;97;5;0;0;0;11;0;0;0;0;0;0;0,1020,4729,4494;4693;4729;4727;1709;1361;2074;1242;1879;1297;1429;1338;1069;1036;1020;1021,0.0,0.0,9645.3,0,0,0,0,0,0.0,0,0,0,0,0,0,0,0,0.0,0,0,0,0,0,0.0,0.0,0.0,0,0,0,79.1,20.21,12.87,0.39,43.91,24.6,63.4,97.59130477905273,0.006398425437510014,1.0522749423980713,0.10504967719316483,0.0,1399.0,0.0,0.0,0.0,0.0,50.247100472450256,0.0,0.0,0.0,0.0,0.0,450.0,9645.3,0.0,0.0,112.577,1.017,113.594,10.075,0.645,112.949,emon,0.59,0.439,147.0,68.3,2.152
2026-09-17 22:17:32.735,8.2,0,97,22;0;0;97;5;2;0;0;6;0;0;0;0;0;0;0,1091,4729,4559;4321;4729;4726;1463;1184;2001;1201;1423;1953;1865;2182;1147;1112;1093;1091,0.0,0.0,9645.3,0,0,0,0,0,0.0,0,0,0,0,0,0,0,0,0.0,0,0,0,0,0,0.0,0.0,0.0,0,0,0,78.1,20.92,2.14,0.33,26.59,24.6,63.4,96.25550842285156,0.008882857859134674,0.944029688835144,0.09497743099927902,0.0,899.0,0.0,0.0,0.0,0.0,50.30587702989578,0.0,0.0,0.0,0.0,0.0,450.0,9645.3,0.0,0.0,112.577,1.017,113.594,10.075,0.645,112.949,emon,0.59,0.439,147.0,68.3,2.152
2026-09-17 22:17:33.735,8.2,0,96,21;0;3;96;6;0;0;3;3;0;0;0;0;0;0;0,1088,4728,4678;4669;4728;4727;1422;1814;1899;1307;1732;1849;1805;1906;1114;1088;1093;1094,0.0,0.0,9645.3,0,0,0,0,0,0.0,0,0,0,0,0,0,0,0,0.0,0,0,0,0,0,0.0,0.0,0.0,0,0,0,79.1,20.92,2.14,0.33,26.59,24.6,63.4,97.5333023071289,0.00796547345817089,0.9174776673316956,0.09146954864263535,0.0,1199.0,0.0,0.0,0.0,0.0,50.249296084046364,0.0,0.0,0.0,0.0,0.0,450.0,9645.3,0.0,0.0,112.577,1.017,113.594,10.075,0.645,112.949,emon,0.59,0.439,147.0,68.3,2.152
2026-09-17 22:17:34.736,10.0,0,97,35;5;2;97;11;0;0;0;11;0;0;0;0;0;0;0,919,4654,4512;4512;4283;4654;2207;1999;1401;1316;2717;1793;1634;1570;1006;970;919;989,0.0,0.0,9645.3,0,0,0,0,0,0.0,0,0,0,0,0,0,0,0,0.0,0,0,0,0,0,0.0,0.0,0.0,0,0,0,75.1,20.92,2.14,0.33,26.59,25.0,63.4,87.9306510925293,18.959020511992275,1.9216977596282958,19.679247176647188,0.03678438514471054,1559.0,0.0,0.0,40.01738195121288,16.85105743408203,20.104062789678572,0.0,0.0,0.0,0.0,0.0,450.0,9645.3,0.0,0.0,112.577,1.017,113.594,10.075,0.645,112.949,emon,0.59,0.439,147.0,68.3,2.152
2026-09-17 22:17:35.736,14.0,0,96,96;3;3;95;9;0;0;0;16;2;0;0;0;0;0;0,640,4543,4543;4464;4368;4528;1880;2449;2216;1085;2411;3080;2783;2379;926;714;640;877,0.0,0.0,9729.4,0,0,0,0,0,0.0,0,0,0,0,0,0,0,0,0.0,0,0,0,0,0,0.0,0.0,0.0,0,0,0,72.1,20.92,2.14,0.33,26.59,25.0,63.4,100.00849092923679,72.29321565235463,4.5217061042785645,75.81584591934315,0.029408149471027382,1822.076923076923,0.0,0.0,77.08064722040525,0.0,7.870591498911381,5.7,31.9,0.0,0.0,0.0,450.0,9729.4,0.0,0.0,112.577,1.017,113.594,10.075,0.645,112.949,emon,0.59,0.439,147.0,68.3,2.152
2026-09-17 22:17:36.736,14.6,0,94,78;23;2;94;14;0;0;0;19;3;0;0;2;0;0;0,718,4578,4548;4484;4578;4519;2009;2485;2702;1189;2155;3236;2777;3136;1051;724;718;810,0.0,0.0,9729.4,0,0,0,0,0,0.0,0,0,0,0,0,0,0,0,0.0,0,0,0,0,0,0.0,0.0,0.0,0,0,0,72.1,21.15,13.9,0.34,38.23,25.0,63.4,99.99447577340263,64.75188620734427,13.72901599747794,76.42480124746051,0.07628288372818913,1849.0,0.0,0.0,78.70887390470931,0.0,7.301118823300515,14.3,100.0,0.0,0.0,0.0,450.0,9729.4,0.0,0.0,112.577,1.017,113.594,10.075,0.645,112.949,emon,0.59,0.439,147.0,68.3,2.152
2026-09-17 22:17:37.736,14.2,0,97,94;5;2;97;12;2;0;0;12;2;0;0;0;2;0;0,841,4555,4512;4477;4555;4553;2067;1510;2963;1098;2146;2676;3331;2474;957;953;890;841,0.0,0.0,9729.4,0,0,0,0,0,0.0,0,0,0,0,0,0,0,0,0.0,0,0,0,0,0,0.0,0.0,0.0,0,0,0,72.1,21.15,13.9,0.34,38.23,25.0,63.4,99.99999152289496,93.77154710557726,6.066601514816284,98.32654571533203,0.054912658201323614,1849.0,0.0,0.0,100.00000084771051,0.0,0.0,14.3,100.0,0.0,0.0,0.0,450.0,9729.4,0.0,0.0,9.502,3.089,12.592,5.282,0.338,12.254,emon,0.906,0.962,50.5,23.7,2.128
2026-09-17 22:17:38.737,14.2,0,93,93;5;2;92;11;0;0;0;17;2;0;0;6;0;0;0,734,4562,4547;4562;4339;4511;1678;3092;2336;1013;2394;3365;3192;3192;1024;1003;1023;734,0.0,0.0,9729.4,0,0,0,0,0,0.0,0,0,0,0,0,0,0,0,0.0,0,0,0,0,0,0.0,0.0,0.0,0,0,0,73.1,21.15,13.9,0.34,38.23,25.0,63.4,99.9999984741211,88.6247314453125,11.206652569770814,97.96474685668946,0.07414437162515242,1849.0,0.0,0.0,99.9999900817871,0.0,0.0,14.3,100.0,0.0,0.0,0.0,450.0,9729.4,0.0,0.0,9.502,3.089,12.592,5.282,0.338,12.254,emon,0.906,0.962,50.5,23.7,2.128
2026-09-17 22:17:39.737,14.8,0,94,79;23;2;94;18;0;0;3;12;5;0;0;0;0;0;0,807,4546,4509;4442;4373;4546;1996;3120;2498;1110;2193;3280;3075;3066;868;942;807;852,0.0,0.0,9729.4,0,0,0,0,0,0.0,0,0,0,0,0,0,0,0,0.0,0,0,0,0,0,0.0,0.0,0.0,0,0,0,72.1,21.15,13.9,0.34,38.23,25.0,63.4,100.00000508626302,93.99478658040364,5.909819139374627,98.68553076850043,0.0423524335445917,1849.0,0.0,0.0,100.00000423855252,0.0,0.0,14.3,100.0,0.0,0.0,0.0,450.0,9729.4,0.0,0.0,9.502,3.089,12.592,5.282,0.338,12.254,emon,0.906,0.962,50.5,23.7,2.128
2026-09-17 22:17:40.738,14.1,0,98,75;22;0;98;11;2;0;3;9;2;0;0;3;0;0;0,690,4558,4528;4517;4223;4558;2038;2978;3054;1268;2336;2806;3394;2645;1549;842;690;728,0.0,0.0,9729.4,0,0,0,0,0,0.0,0,0,0,0,0,0,0,0,0.0,0,0,0,0,0,0.0,0.0,0.0,0,0,0,72.1,20.28,26.11,0.35,50.71,25.0,63.4,99.99999771118163,88.867041015625,10.94970133304596,97.3905143737793,0.09553966291859979,1849.0,0.0,0.0,99.99999771118163,0.0,0.0,14.3,100.0,0.0,0.0,0.0,450.0,9729.4,0.0,0.0,9.502,3.089,12.592,5.282,0.338,12.254,emon,0.906,0.962,50.5,23.7,2.128
2026-09-17 22:17:41.738,14.4,0,97,91;11;2;97;14;0;0;0;16;0;0;0;0;0;0;0,763,4555,4536;4398;4423;4555;1994;2576;2923;1114;2643;3352;1686;1923;995;763;974;834,0.0,0.0,9729.4,0,0,0,0,0,0.0,0,0,0,0,0,0,0,0,0.0,0,0,0,0,0,0.0,0.0,0.0,0,0,0,71.1,20.28,26.11,0.35,50.71,24.7,63.4,99.99762901893028,66.86311168854053,10.008012001331036,74.62283393167533,0.08663306495425506,1849.0,0.0,0.0,77.06728746340825,0.0,7.831089249024024,14.3,100.0,0.0,0.0,0.0,450.0,9729.4,0.0,0.0,9.502,3.089,12.592,5.282,0.338,12.254,emon,0.906,0.962,50.5,23.7,2.128
2026-09-17 22:17:42.738,14.0,0,92,89;6;2;92;16;0;0;3;14;0;0;0;2;0;0;0,723,4529,4529;4449;4066;4519;2187;3305;2231;1173;2744;2221;1708;1294;1198;911;723;901,0.0,0.0,9729.4,0,0,0,0,0,0.0,0,0,0,0,0,0,0,0,0.0,0,0,0,0,0,0.0,0.0,0.0,0,0,0,70.1,20.28,26.11,0.35,50.71,24.7,63.4,100.01039069039481,71.42854998313955,7.058883513723101,76.45716547540256,0.0750197423289397,1849.0,0.0,0.0,78.69816775832858,0.0,7.2628050446510315,14.3,100.0,0.0,0.0,0.0,450.0,9729.4,0.0,0.0,9.502,3.089,12.592,5.282,0.338,12.254,emon,0.906,0.962,50.5,23.7,2.128
2026-09-17 22:17:43.739,14.6,0,95,73;27;3;95;6;9;0;0;5;11;0;0;0;3;0;0,728,4490,4490;4422;4160;4481;2251;2480;3043;1371;2309;2467;2936;2772;839;867;728;766,0.0,0.0,9729.4,0,0,0,0,0,0.0,0,0,0,0,0,0,0,0,0.0,0,0,0,0,0,0.0,0.0,0.0,0,0,0,67.1,20.28,26.11,0.35,50.71,24.7,63.4,79.44060866038005,17.084041141939384,39.501915944947136,42.81818157048137,29.578646483244718,1811.962962962963,0.0,0.0,63.072646551110125,0.0,3.7922351545205824,14.3,100.0,0.0,0.0,0.0,450.0,9729.4,0.0,0.0,9.502,3.089,12.592,5.282,0.338,12.254,emon,0.906,0.962,50.5,23.7,2.128
2026-09-17 22:17:44.739,14.8,0,97,3;97;2;92;0;20;0;0;0;18;2;0;0;3;0;0,760,4456,4318;4456;4285;4449;2607;2388;2849;1472;2182;2385;3200;2472;760;867;918;1041,97.5,0.0,9729.4,0,0,0,0,0,0.0,0,0,0,0,0,0,0,0,0.0,0,0,0,0,0,0.0,0.0,0.0,0,0,0,68.1,19.99,20.99,0.37,47.68,24.7,63.4,86.2646067792719,19.25372261393138,43.61630027944391,48.17755823514678,32.43208278309215,1799.0,0.0,0.0,68.31249323825945,0.0,4.647193670272827,14.2,99.4,0.0,0.0,0.0,450.0,9729.4,0.0,0.0,9.502,3.089,12.592,5.282,0.338,12.254,emon,0.906,0.962,50.5,23.7,2.128
2026-09-17 22:17:45.739,14.6,0,92,9;91;0;92;0;19;0;0;0;19;2;0;0;0;2;0,692,4421,4371;4421;4385;4409;3173;2069;3297;1434;3052;2357;2945;3081;749;865;911;692,100.0,0.0,9729.3,0,0,0,0,0,0.0,0,0,0,0,0,0,0,0,0.0,0,0,0,0,0,0.0,0.0,0.0,0,0,0,65.1,19.99,20.99,0.37,47.68,24.7,63.4,76.52061497248135,19.46981165959285,44.02585190993089,48.55763860849234,33.05725647852971,1799.0,0.0,0.0,69.28292561164842,0.0,0.0,14.2,99.6,0.0,0.0,0.0,450.0,9729.3,0.0,0.0,9.502,3.089,12.592,5.282,0.338,12.254,emon,0.906,0.962,50.5,23.7,2.128
2026-09-17 22:17:46.740,14.9,0,91,9;89;0;91;0;20;2;0;0;20;0;0;2;6;0;0,822,4415,4368;4415;4265;4413;2909;2371;1627;1445;3008;2326;2478;2825;828;1034;822;1047,96.9,0.0,9729.3,0,0,0,0,0,0.0,0,0,0,0,0,0,0,0,0.0,0,0,0,0,0,0.0,0.0,0.0,0,0,0,66.1,19.99,20.99,0.37,47.68,24.7,63.4,75.87765605109078,18.471034118107386,42.41471481323242,46.21004615511213,31.757703168051584,1799.0,0.0,0.0,67.91594136985285,0.0,0.0,14.2,99.5,0.0,0.0,0.0,450.0,9729.3,0.0,0.0,9.502,3.089,12.592,5.282,0.338,12.254,emon,0.906,0.962,50.5,23.7,2.128
2026-09-17 22:17:47.740,14.3,0,94,8;89;2;94;0;19;0;0;0;12;3;0;0;2;0;0,764,4415,4325;4415;4362;4403;2779;2307;3010;1389;2927;2483;3387;3027;1038;917;764;876,87.1,0.0,9729.3,0,0,0,0,0,0.0,0,0,0,0,0,0,0,0,0.0,0,0,0,0,0,0.0,0.0,0.0,0,0,0,65.1,19.99,20.99,0.37,47.68,24.7,63.4,74.78920733011685,19.468528454120342,43.926227863018326,48.530338287353516,32.71230022723858,1799.0,0.0,0.0,69.26978103529949,0.0,0.0,14.2,99.4,0.0,0.0,0.0,450.0,9729.3,0.0,0.0,9.502,3.089,12.592,5.282,0.338,12.254,emon,0.906,0.962,50.5,23.7,2.128
2026-09-17 22:17:48.740,14.5,0,97,5;97;2;95;0;11;0;0;0;16;2;0;0;5;0;0,749,4404,4317;4404;4321;4404;3049;2182;2919;1382;2993;2549;3130;3257;749;884;857;979,95.4,0.0,9729.3,0,0,0,0,0,0.0,0,0,0,0,0,0,0,0,0.0,0,0,0,0,0,0.0,0.0,0.0,0,0,0,63.1,19.89,12.82,0.4,43.39,24.7,63.4,81.13709774017335,16.901936790316054,38.26157692670822,42.237368870278196,28.65240338643392,1799.0,0.0,0.0,63.466779955476525,0.0,3.394540619601806,14.2,99.3,0.0,0.0,0.0,450.0,9729.3,0.0,0.0,9.502,3.089,12.592,5.282,0.338,12.254,emon,0.906,0.962,50.5,23.7,2.128
2026-09-17 22:17:49.741,14.7,0,92,5;92;0;89;0;11;0;0;0;31;0;0;0;6;0;2,755,4429,4190;4429;4110;4428;3302;1987;2718;1482;2274;2875;3044;2446;776;1063;755;893,96.6,0.0,9729.3,0,0,0,0,0,0.0,0,0,0,0,0,0,0,0,0.0,0,0,0,0,0,0.0,0.0,0.0,0,0,0,67.1,19.89,12.82,0.4,43.39,24.7,63.4,72.33527608712514,16.523230408706393,37.098620894882416,41.000940764943756,27.780901167127823,1799.0,0.0,0.0,58.43085507324172,0.0,2.84016135122834,14.2,99.5,0.0,0.0,0.0,450.0,9729.3,0.0,0.0,112.817,1.013,113.83,8.779,0.562,113.268,emon,0.586,0.445,147.2,68.4,2.153
2026-09-17 22:17:50.741,15.1,0,91,5;91;0;89;0;20;2;0;0;22;0;2;0;11;0;0,650,4433,4347;4433;3699;4428;2210;2274;3325;1374;1484;2875;2950;1451;650;995;660;764,100.0,0.0,9736.5,0,0,0,0,0,0.0,0,0,0,0,0,0,0,0,0.0,0,0,0,0,0,0.0,0.0,0.0,0,0,0,67.1,19.89,12.82,0.4,43.39,24.7,63.4,78.51097367791569,17.418509046218414,39.540895483073065,43.59158190033015,29.723745570463294,1799.0,0.0,0.0,61.87903263814309,0.0,3.0098824803443516,14.2,99.3,0.0,0.0,0.0,450.0,9736.5,0.0,0.0,112.817,1.013,113.83,8.779,0.562,113.268,emon,0.586,0.445,147.2,68.4,2.153
2026-09-17 22:17:51.741,14.2,0,94,15;88;2;94;0;12;0;0;0;12;0;0;0;2;2;0,725,4473,4435;4473;4415;4473;2431;2123;2905;1368;1299;2629;2011;2821;833;967;839;725,89.2,0.0,9736.5,0,0,0,0,0,0.0,0,0,0,0,0,0,0,0,0.0,0,0,0,0,0,0.0,0.0,0.0,0,0,0,68.1,19.89,12.82,0.4,43.39,24.7,63.4,77.72119382711557,19.475964546203613,43.96147478543795,48.64069366455078,32.529714584350586,1799.0,0.0,0.0,69.29044169115906,0.0,0.0,14.2,99.5,0.0,0.0,0.0,450.0,9736.5,0.0,0.0,112.817,1.013,113.83,8.779,0.562,113.268,emon,0.586,0.445,147.2,68.4,2.153
2026-09-17 22:17:52.742,14.2,0,97,6;63;0;97;0;42;0;0;0;12;0;0;0;6;0;0,794,4436,4412;4403;4367;4436;3150;2943;3410;1822;2883;2712;2579;2958;980;1002;898;794,100.0,0.0,9732.5,0,0,0,0,0,0.0,0,0,0,0,0,0,0,0,0.0,0,0,0,0,0,0.0,0.0,0.0,0,0,0,59.1,20.0,12.84,0.4,43.61,24.7,63.4,74.22016536272488,19.756723990807167,44.082113412710335,48.79504717313326,33.21656373830942,1799.0,0.0,0.0,69.26660590088711,0.0,0.0,14.2,99.3,0.0,0.0,0.0,450.0,9732.5,0.0,0.0,112.817,1.013,113.83,8.779,0.562,113.268,emon,0.586,0.445,147.2,68.4,2.153
2026-09-17 22:17:53.742,14.7,0,91,3;34;2;91;0;85;0;0;0;12;2;2;0;3;2;0,724,4443,4335;4215;4318;4443;3059;3344;3374;2941;1530;2683;3071;3052;724;984;898;964,100.0,0.0,9678.2,0,0,0,0,0,0.0,0,0,0,0,0,0,0,0,0.0,0,0,0,0,0,0.0,0.0,0.0,0,0,0,49.1,20.0,12.84,0.4,43.61,24.7,63.4,77.35940768501975,20.53344050320712,46.42594892328436,51.36546585776589,34.27403710105202,1799.0,0.0,0.0,72.75807518054816,0.0,0.0,14.2,99.5,0.0,0.0,0.0,450.0,9732.5,0.0,0.0,112.817,1.013,113.83,8.779,0.562,113.268,emon,0.586,0.445,147.2,68.4,2.153
2026-09-17 22:17:54.743,15.1,0,95,11;78;5;95;0;23;0;3;0;16;0;0;0;8;2;0,710,4417,4411;4400;4286;4417;3249;2538;3386;1426;2928;2397;3286;2858;864;1249;710;910,100.0,0.0,9678.2,0,0,0,0,0,0.0,0,0,0,0,0,0,0,0,0.0,0,0,0,0,0,0.0,0.0,0.0,0,0,0,64.1,20.0,12.84,0.4,43.61,24.7,63.4,75.79334529240926,20.230727831522625,44.580971240997314,49.52991135915121,33.537315368652344,1799.0,0.0,0.0,70.87085262096177,0.0,0.0,14.2,99.5,0.0,0.0,0.0,450.0,9678.2,0.0,0.0,112.817,1.013,113.83,8.779,0.562,113.268,emon,0.586,0.445,147.2,68.4,2.153
2026-09-17 22:17:55.743,15.0,0,91,6;85;2;91;0;23;0;3;0;24;0;0;0;6;0;0,670,4414,4384;4409;4212;4414;3339;2358;2689;1417;2897;2592;3215;2873;670;1053;996;845,100.0,0.0,9678.2,0,0,0,0,0,0.0,0,0,0,0,0,0,0,0,0.0,0,0,0,0,0,0.0,0.0,0.0,0,0,0,66.1,20.0,12.84,0.4,43.61,24.7,63.4,72.31689613005695,18.443439595839557,40.979138767018036,45.515992781695196,30.792344598209155,1799.0,0.0,0.0,64.75977654612677,0.0,0.0,14.2,99.6,0.0,0.0,0.0,450.0,9678.2,0.0,0.0,112.817,1.013,113.83,8.779,0.562,113.268,emon,0.586,0.445,147.2,68.4,2.153
2026-09-17 22:17:56.744,14.6,0,91,5;31;0;91;0;8;0;6;0;91;0;3;0;0;0;0,707,4405,4334;4167;4020;4405;2845;2261;2135;1191;3464;3394;3277;3428;1128;939;707;743,100.0,0.0,9678.2,0,0,0,0,0,0.0,0,0,0,0,0,0,0,0,0.0,0,0,0,0,0,0.0,0.0,0.0,0,0,0,48.1,17.43,12.8,0.39,41.08,24.7,63.4,75.26890468597412,17.291973356778424,38.75413474440575,42.89298270435797,28.805989583333332,1799.0,0.0,0.0,61.20629237240387,0.0,2.8425870405303106,14.2,99.3,0.0,0.0,0.0,450.0,9678.2,0.0,0.0,112.817,1.013,113.83,8.779,0.562,113.268,emon,0.586,0.445,147.2,68.4,2.153
2026-09-17 22:17:57.772,14.2,0,97,4;91;0;97;0;14;0;0;0;14;0;2;0;6;0;0,825,4424,4379;4422;4424;4415;2686;2072;3252;1394;2669;2345;3155;3417;825;1020;894;843,82.0,0.0,9678.2,0,0,0,0,0,0.0,0,0,0,0,0,0,0,0,0.0,0,0,0,0,0,0.0,0.0,0.0,0,0,0,66.1,17.43,12.8,0.39,41.08,24.7,63.4,75.4664638743681,17.375048909171976,37.87643555683248,42.281526910469815,28.10595439462101,1799.0,0.0,0.0,61.863203623825136,0.0,3.0122845146585915,14.2,99.5,0.0,0.0,0.0,450.0,9678.2,0.0,0.0,112.817,1.013,113.83,8.779,0.562,113.268,emon,0.586,0.445,147.2,68.4,2.153
2026-09-17 22:17:58.772,15.5,0,95,10;91;2;95;0;12;2;2;2;18;2;2;0;8;3;0,875,4426,4371;4426;4195;4422;3113;1972;3315;1346;2454;2496;3336;2666;1063;1176;1009;875,81.8,0.0,9678.2,0,0,0,0,0,0.0,0,0,0,0,0,0,0,0,0.0,0,0,0,0,0,0.0,0.0,0.0,0,0,0,66.1,17.43,12.8,0.39,41.08,24.7,63.4,74.85173028448354,15.628933799655542,36.58606884790503,39.87515121309654,25.68618032724961,1799.0,0.0,0.0,56.644452996956915,0.0,4.43973134846791,14.2,99.1,0.0,0.0,0.0,450.0,9683.1,0.0,0.0,112.817,1.013,113.83,8.779,0.562,113.268,emon,0.586,0.445,147.2,68.4,2.153
2026-09-17 22:17:59.773,14.5,0,92,6;92;0;92;0;20;0;0;0;17;3;0;0;0;0;0,875,4453,4397;4451;4356;4453;3031;2221;3213;1362;1853;2711;3338;1685;875;992;955;875,97.1,0.0,9683.1,0,0,0,0,0,0.0,0,0,0,0,0,0,0,0,0.0,0,0,0,0,0,0.0,0.0,0.0,0,0,0,67.1,17.43,12.8,0.39,41.08,24.7,63.4,76.01084198270526,18.847366128649032,42.94713878631592,47.3622339793614,31.2718916620527,1799.0,0.0,0.0,67.91535566747189,0.0,0.0,14.2,99.4,0.0,0.0,0.0,450.0,9683.1,0.0,0.0,112.817,1.013,113.83,8.779,0.562,113.268,emon,0.586,0.445,147.2,68.4,2.153
2026-09-17 22:18:00.773,14.5,0,91,14;88;3;91;0;15;2;0;0;17;2;0;0;0;2;0,777,4418,4398;4415;4015;4418;2204;2169;1734;1438;2259;2856;2966;2402;777;1179;1348;818,100.0,0.0,9679.1,0,0,0,0,0,0.0,0,0,0,0,0,0,0,0,0.0,0,0,0,0,0,0.0,0.0,0.0,0,0,0,66.1,19.68,12.74,0.4,43.23,24.7,63.4,69.59633717817418,18.39244214226218,40.578815684599036,45.0843547372257,30.56435068915872,1799.0,0.0,0.0,64.74134483933449,0.0,0.0,14.2,99.4,0.0,0.0,0.0,450.0,9679.1,0.0,0.0,112.422,1.087,113.509,9.05,0.579,112.93,emon,0.588,0.478,146.8,68.2,2.15
2026-09-17 22:18:01.773,14.9,0,91,5;84;3;91;0;23;2;3;0;22;2;0;0;5;0;0,828,4440,4345;4434;4056;4440;2828;2608;3093;1611;3239;2821;2954;2377;848;1253;874;828,100.0,0.0,9679.1,0,0,0,0,0,0.0,0,0,0,0,0,0,0,0,0.0,0,0,0,0,0,0.0,0.0,0.0,0,0,0,64.1,19.68,12.74,0.4,43.23,24.7,63.4,70.32252074690426,18.415146154515885,40.93598208707922,45.42134902056526,30.679970460779526,1799.0,0.0,0.0,64.74588458722128,0.0,0.0,14.1,98.9,0.0,0.0,0.0,450.0,9679.1,0.0,0.0,112.422,1.087,113.509,9.05,0.579,112.93,emon,0.588,0.478,146.8,68.2,2.15
2026-09-17 22:18:02.774,15.1,0,94,16;85;2;94;0;16;0;0;0;22;0;0;0;8;0;0,887,4458,4410;4458;3899;4458;2506;2218;3141;1447;2113;2677;2880;2279;1120;1012;887;1015,100.0,0.0,9679.1,0,0,0,0,0,0.0,0,0,0,0,0,0,0,0,0.0,0,0,0,0,0,0.0,0.0,0.0,0,0,0,67.1,19.68,12.74,0.4,43.23,24.7,63.4,68.81441739026238,18.315856148214902,40.95971129922306,45.50129161161535,30.394505893482883,1799.0,0.0,0.0,64.73617340416155,0.0,0.0,14.2,99.2,0.0,0.0,0.0,450.0,9679.1,0.0,0.0,112.422,1.087,113.509,9.05,0.579,112.93,emon,0.588,0.478,146.8,68.2,2.15
2026-09-17 22:18:03.774,14.2,0,95,8;92;2;95;0;14;0;0;0;6;0;0;0;9;0;0,676,4440,4359;4437;4298;4440;3380;2372;3196;1451;2603;2199;2883;2474;746;1013;813;676,96.4,0.0,9679.1,0,0,0,0,0,0.0,0,0,0,0,0,0,0,0,0.0,0,0,0,0,0,0.0,0.0,0.0,0,0,0,67.1,19.68,12.74,0.4,43.23,24.7,63.4,80.4128465205431,17.80618551580119,39.556538578122854,43.92899903515354,29.571690678596497,1799.0,0.0,0.0,62.624628692050464,0.0,3.19875660026446,14.2,99.2,0.0,0.0,0.0,450.0,9679.1,0.0,0.0,112.422,1.087,113.509,9.05,0.579,112.93,emon,0.588,0.478,146.8,68.2,2.15
2026-09-17 22:18:04.774,14.0,0,92,9;91;2;92;0;14;2;0;0;11;0;0;0;3;0;0,856,4426,4384;4426;4117;4410;2412;2233;3322;1404;2300;2382;3185;2966;978;986;856;913,100.0,0.0,9679.1,0,0,0,0,0,0.0,0,0,0,0,0,0,0,0,0.0,0,0,0,0,0,0.0,0.0,0.0,0,0,0,66.1,19.92,12.84,0.39,43.55,24.7,63.4,73.30220533370972,19.47649803161621,43.08757095336914,47.97907196044922,32.26969268798828,1799.0,0.0,0.0,68.03490957885981,0.0,0.0,14.2,99.4,0.0,0.0,0.0,450.0,9679.1,0.0,0.0,112.422,1.087,113.509,9.05,0.579,112.93,emon,0.588,0.478,146.8,68.2,2.15
2026-09-17 22:18:05.775,15.9,2,98,9;72;5;98;2;8;3;2;2;41;2;2;2;5;2;3,709,4405,4356;4386;4185;4405;3024;2249;3098;1550;3348;3061;3351;3340;709;947;767;759,74.1,0.0,9679.1,0,0,0,0,0,0.0,0,0,0,0,0,0,0,0,0.0,0,0,0,0,0,0.0,0.0,0.0,0,0,0,57.1,19.92,12.84,0.39,43.55,24.7,63.4,76.17518094607762,19.128340789249965,43.000617027282715,47.69033132280622,31.95266056060791,1799.0,0.0,0.0,67.91842208203992,0.0,0.0,14.2,99.4,0.0,0.0,0.0,450.0,9679.1,0.0,0.0,112.422,1.087,113.509,9.05,0.579,112.93,emon,0.588,0.478,146.8,68.2,2.15
2026-09-17 22:18:06.775,14.9,0,97,16;84;2;97;0;12;2;0;0;14;2;0;0;11;0;0,610,4410,4371;4410;4368;4393;2331;1972;2826;1323;1131;2617;2886;2552;610;1297;796;640,44.8,0.0,9679.1,0,0,0,0,0,0.0,0,0,0,0,0,0,0,0,0.0,0,0,0,0,0,0.0,0.0,0.0,0,0,0,67.1,19.92,12.84,0.39,43.55,24.7,63.4,81.92654941082,20.21437749862671,44.21886520385742,49.337167739868164,33.33408603668213,1799.0,0.0,0.0,70.09140254338271,0.0,0.0,14.2,99.4,0.0,0.0,0.0,450.0,9679.1,0.0,0.0,112.422,1.087,113.509,9.05,0.579,112.93,emon,0.588,0.478,146.8,68.2,2.15
2026-09-17 22:18:07.776,14.7,0,94,3;94;2;94;0;16;2;0;0;20;0;0;0;5;0;0,885,4411,4369;4411;3972;4410;2627;2264;2638;1372;2880;2528;3263;3182;1048;1077;885;948,100.0,0.0,9679.1,0,0,0,0,0,0.0,0,0,0,0,0,0,0,0,0.0,0,0,0,0,0,0.0,0.0,0.0,0,0,0,66.1,19.92,12.84,0.39,43.55,24.7,63.4,80.96112887064616,22.386075019836426,49.6458371480306,55.185569763183594,37.4256903330485,1799.0,0.0,0.0,77.80061428497235,0.0,0.0,14.2,99.5,0.0,0.0,0.0,450.0,9679.1,0.0,0.0,112.422,1.087,113.509,9.05,0.579,112.93,emon,0.588,0.478,146.8,68.2,2.15
2026-09-17 22:18:08.776,14.3,0,92,9;86;0;92;0;9;2;0;0;23;2;0;0;5;0;0,806,4469,4424;4466;4469;4464;2769;2025;3175;1293;1396;3016;2314;3175;879;1014;882;806,67.2,0.0,9679.1,0,0,0,0,0,0.0,0,0,0,0,0,0,0,0,0.0,0,0,0,0,0,0.0,0.0,0.0,0,0,0,68.1,19.52,12.87,0.39,43.22,24.7,63.4,77.57620659896305,19.641791207449778,42.96587099347796,47.94485773359026,32.40248285021101,1799.0,0.0,0.0,67.92777572199702,0.0,0.0,14.2,99.2,0.0,0.0,0.0,450.0,9679.1,0.0,0.0,112.422,1.087,113.509,9.05,0.579,112.93,emon,0.588,0.478,146.8,68.2,2.15
2026-09-17 22:18:09.777,15.2,0,98,11;86;0;98;0;14;3;6;0;18;0;0;0;5;0;2,696,4468,4392;4468;4249;4455;3353;2068;2838;1379;1868;3181;3232;2247;696;1141;731;996,100.0,0.0,9679.1,0,0,0,0,0,0.0,0,0,0,0,0,0,0,0,0.0,0,0,0,0,0,0.0,0.0,0.0,0,0,0,68.1,19.52,12.87,0.39,43.22,24.7,63.4,73.45104013170514,17.936935860770088,39.63081730433873,44.09860621861049,29.717796434674945,1799.0,0.0,0.0,62.94108281241996,0.0,0.0,14.2,99.2,0.0,0.0,0.0,450.0,9679.1,0.0,0.0,112.422,1.087,113.509,9.05,0.579,112.93,emon,0.588,0.478,146.8,68.2,2.15
2026-09-17 22:18:10.778,14.1,0,92,9;92;0;92;0;14;0;0;0;11;0;2;0;5;0;0,754,4479,4344;4479;4094;4472;1970;2186;2113;1332;1578;2400;2176;2218;799;1030;857;754,100.0,0.0,9679.1,0,0,0,0,0,0.0,0,0,0,0,0,0,0,0,0.0,0,0,0,0,0,0.0,0.0,0.0,0,0,0,70.1,19.52,12.87,0.39,43.22,24.7,63.4,75.20159010092418,20.53333036104838,45.049779097239174,50.19160683949789,34.04975907007853,1799.0,0.0,0.0,70.86623059709866,0.0,0.0,14.2,99.3,0.0,0.0,0.0,450.0,9679.1,0.0,0.0,112.422,1.087,113.509,9.05,0.579,112.93,emon,0.588,0.478,146.8,68.2,2.15
2026-09-17 22:18:11.778,14.3,0,92,9;83;0;92;0;26;0;3;0;11;0;0;0;5;0;0,796,4458,4412;4454;4203;4458;2985;2381;3099;1450;2217;2551;2874;2195;796;1410;891;1127,59.7,0.0,9679.1,0,0,0,0,0,0.0,0,0,0,0,0,0,0,0,0.0,0,0,0,0,0,0.0,0.0,0.0,0,0,0,69.1,19.52,12.87,0.39,43.22,24.7,63.4,71.52380489167713,16.932565347313705,38.02094968443825,42.11335727146694,28.181295758201962,1799.0,0.0,0.0,59.60835762091336,0.0,2.434975851149786,14.2,99.2,0.0,0.0,0.0,450.0,9679.1,0.0,0.0,112.422,1.087,113.509,9.05,0.579,112.93,emon,0.588,0.478,146.8,68.2,2.15
2026-09-17 22:18:12.779,14.8,0,88,0;68;0;88;0;55;0;3;0;12;0;0;0;9;2;0,591,4434,4339;4337;4434;4417;3314;3163;3437;2002;2498;2392;3062;1878;819;1091;1107;591,100.0,0.0,9679.1,0,0,0,0,0,0.0,0,0,0,0,0,0,0,0,0.0,0,0,0,0,0,0.0,0.0,0.0,0,0,0,62.1,19.76,12.83,0.39,43.4,24.7,63.4,79.03684269298206,21.14825292067094,46.1083119132302,51.52240128950639,34.71799815784801,1799.0,0.0,0.0,72.77036007070406,0.0,0.0,14.2,99.6,0.0,0.0,0.0,450.0,9679.1,0.0,0.0,112.422,1.087,113.509,9.05,0.579,112.93,emon,0.588,0.478,146.8,68.2,2.15
2026-09-17 22:18:13.779,14.5,0,91,36;60;0;91;0;13;9;0;0;8;12;0;0;3;0;0,804,4440,4440;4436;4404;4429;3200;2345;2245;1417;3407;2036;2394;3352;840;1038;885;804,100.0,0.0,9679.1,0,0,0,0,0,0.0,0,0,0,0,0,0,0,0,0.0,0,0,0,0,0,0.0,0.0,0.0,0,0,0,69.1,19.76,12.83,0.39,43.4,24.7,63.4,69.27961662080553,18.223312271965874,39.98726463317871,44.62360848320855,29.878474076588947,1799.0,0.0,0.0,63.92691136606865,0.0,0.0,14.2,99.2,0.0,0.0,0.0,450.0,9679.1,0.0,0.0,112.707,1.026,113.733,6.965,0.446,113.287,emon,0.592,0.516,146.5,68.1,2.15
2026-09-17 22:18:14.779,17.1,0,95,78;28;8;95;3;2;16;6;3;3;19;3;2;0;6;2,981,4393,4393;4309;4109;4393;2993;3101;2416;2560;2864;2816;2655;3237;1817;1513;981;1553,100.0,0.0,9679.1,0,0,0,0,0,0.0,0,0,0,0,0,0,0,0,0.0,0,0,0,0,0,0.0,0.0,0.0,0,0,0,66.1,19.76,12.83,0.39,43.4,24.7,63.4,68.86100811116836,18.64275909872616,41.129743463852826,45.793883828555835,30.818811753216913,1799.0,0.0,0.0,64.73403209782042,0.0,0.0,14.2,99.2,0.0,0.0,0.0,450.0,9679.1,0.0,0.0,112.707,1.026,113.733,6.965,0.446,113.287,emon,0.592,0.516,146.5,68.1,2.15
2026-09-17 22:18:15.780,14.9,0,95,95;6;2;86;0;0;23;0;0;0;16;0;0;0;11;0,770,4423,4419;4391;4343;4423;2654;3240;2390;1432;3126;3223;2383;3084;828;770;1067;798,100.0,0.0,9679.1,0,0,0,0,0,0.0,0,0,0,0,0,0,0,0,0.0,0,0,0,0,0,0.0,0.0,0.0,0,0,0,67.1,19.76,12.83,0.39,43.4,24.7,63.4,71.4246768610818,18.665762288229807,40.96062088012695,45.769857951572966,30.90930720738002,1799.0,0.0,0.0,67.88251669758132,0.0,0.0,14.2,99.2,0.0,0.0,0.0,450.0,9679.1,0.0,0.0,112.707,1.026,113.733,6.965,0.446,113.287,emon,0.592,0.516,146.5,68.1,2.15
2026-09-17 22:18:16.780,14.3,0,95,92;8;2;95;0;0;12;3;2;0;11;0;0;0;3;0,760,4430,4430;4387;4271;4418;3341;3285;2362;1694;3285;2801;2365;3366;760;765;950;767,82.5,0.0,9679.1,0,0,0,0,0,0.0,0,0,0,0,0,0,0,0,0.0,0,0,0,0,0,0.0,0.0,0.0,0,0,0,68.1,19.86,12.89,0.4,43.58,24.7,63.4,73.95283171108791,19.75445250102452,42.96924563816616,48.07898684910366,32.283110346112935,1799.0,0.0,0.0,67.90152112873537,0.0,0.0,14.2,99.3,0.0,0.0,0.0,450.0,9679.1,0.0,0.0,112.707,1.026,113.733,6.965,0.446,113.287,emon,0.592,0.516,146.5,68.1,2.15
2026-09-17 22:18:17.782,14.8,0,94,91;11;2;94;0;0;19;3;0;0;11;0;0;0;8;0,667,4472,4462;4472;4325;4462;3025;3099;2216;1350;2364;2136;2769;2352;667;820;1002;774,75.1,0.0,9679.1,0,0,0,0,0,0.0,0,0,0,0,0,0,0,0,0.0,0,0,0,0,0,0.0,0.0,0.0,0,0,0,69.1,19.86,12.89,0.4,43.58,24.7,63.4,76.83348795345852,19.70132507596697,42.8360470363072,47.97934695652553,32.24006502968924,1799.0,0.0,0.0,67.92516886283245,0.0,0.0,14.2,99.6,0.0,0.0,0.0,450.0,9679.1,0.0,0.0,112.707,1.026,113.733,6.965,0.446,113.287,emon,0.592,0.516,146.5,68.1,2.15
2026-09-17 22:18:18.783,14.3,0,92,92;3;0;91;0;0;23;0;0;0;14;0;0;0;5;0,786,4457,4457;4395;4109;4453;2182;3320;2433;1566;2516;1370;2554;3006;898;786;946;807,74.9,0.0,9679.1,0,0,0,0,0,0.0,0,0,0,0,0,0,0,0,0.0,0,0,0,0,0,0.0,0.0,0.0,0,0,0,70.1,19.86,12.89,0.4,43.58,24.7,63.4,75.7266007065773,17.256795878347475,37.70064441487193,42.03972473135218,28.139927625656128,1799.0,0.0,0.0,62.601177209988236,0.0,3.1968091195158195,14.2,99.3,0.0,0.0,0.0,450.0,9679.1,0.0,0.0,112.707,1.026,113.733,6.965,0.446,113.287,emon,0.592,0.516,146.5,68.1,2.15
2026-09-17 22:18:19.783,14.5,0,94,83;17;0;94;0;0;20;2;0;0;12;3;0;0;0;0,762,4470,4470;4420;4236;4464;2602;2823;2310;2405;2755;1290;2472;3361;762;770;1104;856,100.0,0.0,9679.1,0,0,0,0,0,0.0,0,0,0,0,0,0,0,0,0.0,0,0,0,0,0,0.0,0.0,0.0,0,0,0,69.1,19.86,12.89,0.4,43.58,24.7,63.4,71.9633558690548,18.122190237045288,39.892454624176025,44.53548264503479,29.850825786590576,1799.0,0.0,0.0,65.67138553259429,0.0,0.0,14.2,99.2,0.0,0.0,0.0,450.0,9679.1,0.0,0.0,112.707,1.026,113.733,6.965,0.446,113.287,emon,0.592,0.516,146.5,68.1,2.15
2026-09-17 22:18:20.783,14.6,0,94,94;8;0;92;0;0;16;0;0;0;18;2;0;0;5;0,815,4456,4456;4412;4326;4450;2344;2984;2347;1701;2722;2534;2623;3287;818;815;965;948,93.1,0.0,9679.1,0,0,0,0,0,0.0,0,0,0,0,0,0,0,0,0.0,0,0,0,0,0,0.0,0.0,0.0,0,0,0,69.1,20.19,12.89,0.39,43.87,24.7,63.4,70.59243071079254,18.816406786441803,41.11921548843384,46.054486989974976,30.881739914417267,1799.0,0.0,0.0,65.66048910538666,0.0,0.0,14.2,99.1,0.0,0.0,0.0,450.0,9679.1,0.0,0.0,112.707,1.026,113.733,6.965,0.446,113.287,emon,0.592,0.516,146.5,68.1,2.15
2026-09-17 22:18:21.784,15.7,0,97,88;11;2;97;0;0;25;0;0;0;17;0;2;0;11;0,863,4584,4521;4500;4584;4583;3290;3331;2511;1354;3343;2706;2525;3227;863;1001;1180;1065,15.5,0.0,9679.1,0,0,0,0,0,0.0,0,0,0,0,0,0,0,0,0.0,0,0,0,0,0,0.0,0.0,0.0,0,0,0,92.1,20.19,12.89,0.39,43.87,24.7,63.4,63.53329578638077,10.850114059448241,25.561642456054688,28.189669799804687,19.033380126953126,1799.0,0.0,0.0,40.1451680525206,0.0,0.0,9.6,66.9,0.0,0.0,0.0,450.0,9679.1,0.0,0.0,112.707,1.026,113.733,6.965,0.446,113.287,emon,0.592,0.516,146.5,68.1,2.15
2026-09-17 22:18:22.784,14.4,0,98,74;26;2;98;0;0;9;0;0;0;17;0;0;0;3;0,941,4662,4600;4513;4662;4627;3203;2117;2113;1282;3184;3127;1956;3005;941;1007;1107;1078,0.0,0.0,9679.1,0,0,0,0,0,0.0,0,0,0,0,0,0,0,0,0.0,0,0,0,0,0,0.0,0.0,0.0,0,0,0,97.1,20.19,12.89,0.39,43.87,24.7,63.4,65.06303596496582,0.00865397322922945,0.9455365538597107,0.09483354538679123,0.0,924.0,0.0,0.0,0.0,0.0,50.09970714896917,0.0,0.0,0.0,0.0,0.0,450.0,9679.1,0.0,0.0,112.707,1.026,113.733,6.965,0.446,113.287,emon,0.592,0.516,146.5,68.1,2.15
2026-09-17 22:18:23.784,14.6,0,95,86;14;3;95;0;0;14;3;0;0;16;0;0;0;2;0,995,4613,4613;4590;4542;4601;3156;2492;2287;1367;2874;2550;2075;2888;995;1000;1114;1113,0.0,0.0,9679.1,0,0,0,0,0,0.0,0,0,0,0,0,0,0,0,0.0,0,0,0,0,0,0.0,0.0,0.0,0,0,0,96.1,20.19,12.89,0.39,43.87,24.7,63.4,61.714701652526855,0.008064615540206432,0.927372932434082,0.0926080271601677,0.0,1199.0,0.0,0.0,0.0,0.0,50.08824525773525,0.0,0.0,0.0,0.0,0.0,450.0,9679.1,0.0,0.0,112.707,1.026,113.733,6.965,0.446,113.287,emon,0.592,0.516,146.5,68.1,2.15
2026-09-17 22:18:24.800,14.1,0,88,75;28;2;88;0;2;22;0;0;0;8;0;0;0;3;0,889,4657,4545;4405;4485;4657;2494;1383;2382;1375;2192;2942;1727;2445;1126;889;1178;1029,0.0,0.0,9679.1,0,0,0,0,0,0.0,0,0,0,0,0,0,0,0,0.0,0,0,0,0,0,0.0,0.0,0.0,0,0,0,99.1,30.19,3.23,0.34,37.86,24.7,63.4,97.17584991455078,0.006805356126278639,0.9985660910606384,0.0999094545841217,0.0,1199.0,0.0,0.0,0.0,0.0,50.202744364738464,0.0,0.0,0.0,0.0,0.0,450.0,9679.1,0.0,0.0,112.707,1.026,113.733,6.965,0.446,113.287,emon,0.592,0.516,146.5,68.1,2.15
2026-09-17 22:18:25.800,13.8,0,86,49;6;0;70;0;0;8;0;0;0;86;0;0;0;0;2,972,4508,4363;4494;4500;4508;2892;1223;1932;1172;3217;3294;3366;3230;972;1087;1094;1008,0.0,0.0,9679.1,0,0,0,0,0,0.0,0,0,0,0,0,0,0,0,0.0,0,0,0,0,0,0.0,0.0,0.0,0,0,0,97.1,30.19,3.23,0.34,37.86,24.7,63.4,95.7844352722168,0.007095156703144312,1.0329134464263916,0.10342264175415039,0.0,1199.0,0.0,0.0,0.0,0.0,50.23095238208771,0.0,0.0,0.0,0.0,0.0,450.0,9679.1,0.0,0.0,0.483,0.672,1.155,5.869,0.376,0.779,emon,0.91,0.946,25.9,21.3,1.215
2026-09-17 22:18:26.800,8.8,0,88,22;0;0;88;0;0;3;0;0;0;22;2;0;0;2;3,1062,4715,4596;4326;4694;4715;1634;1867;1588;1108;1490;1295;3223;2862;1062;1071;1460;1237,0.0,0.0,9679.1,0,0,0,0,0,0.0,0,0,0,0,0,0,0,0,0.0,0,0,0,0,0,0.0,0.0,0.0,0,0,0,80.1,30.19,3.23,0.34,37.86,24.7,63.4,98.31391525268555,0.007374120410531759,1.015310525894165,0.10161065310239792,0.0,1199.0,0.0,0.0,0.0,0.0,50.16586750745773,0.0,0.0,0.0,0.0,0.0,450.0,9679.1,0.0,0.0,0.483,0.672,1.155,5.869,0.376,0.779,emon,0.91,0.946,25.9,21.3,1.215
2026-09-17 22:18:27.801,8.0,0,97,20;2;0;97;0;0;5;0;0;0;5;0;0;0;0;0,1018,4729,4592;4729;4726;4725;1348;1309;1627;1199;1311;1325;1677;1373;1159;1018;1155;1141,0.0,0.0,9679.1,0,0,0,0,0,0.0,0,0,0,0,0,0,0,0,0.0,0,0,0,0,0,0.0,0.0,0.0,0,0,0,80.1,30.19,3.23,0.34,37.86,24.7,63.4,97.47005462646484,0.008357216604053974,0.8579676747322083,0.08626804500818253,0.0,1199.0,0.0,0.0,0.0,0.0,50.258667662739754,0.0,0.0,0.0,0.0,0.0,450.0,9679.1,0.0,0.0,0.483,0.672,1.155,5.869,0.376,0.779,emon,0.91,0.946,25.9,21.3,1.215
2026-09-17 22:18:28.801,7.3,0,100,12;0;0;100;0;0;5;0;0;0;0;0;0;0;0;0,946,4729,4412;4601;4729;4727;1325;1248;1853;1177;1449;1276;1552;1461;946;989;1086;965,0.0,0.0,9679.1,0,0,0,0,0,0.0,0,0,0,0,0,0,0,0,0.0,0,0,0,0,0,0.0,0.0,0.0,0,0,0,81.1,25.5,0.0,0.32,27.49,24.7,63.4,97.83980941772461,0.008526242338120937,0.9356176853179932,0.09376831352710724,0.0,1199.0,0.0,0.0,0.0,0.0,50.21672843396664,0.0,0.0,0.0,0.0,0.0,450.0,9679.1,0.0,0.0,0.483,0.672,1.155,5.869,0.376,0.779,emon,0.91,0.946,25.9,21.3,1.215
2026-09-17 22:18:29.801,7.8,0,95,16;0;0;95;0;0;10;0;0;0;5;0;0;0;0;0,1052,4728,4706;4581;4728;4727;1656;1143;1840;1211;1472;1173;1490;1431;1097;1052;1146;1122,0.0,0.0,9679.1,0,0,0,0,0,0.0,0,0,0,0,0,0,0,0,0.0,0,0,0,0,0,0.0,0.0,0.0,0,0,0,81.1,25.5,0.0,0.32,27.49,24.7,63.4,96.4336166381836,0.0072629619389772415,1.0464825630187988,0.10496151447296143,0.0,1199.0,0.0,0.0,0.0,0.0,50.20961356163025,0.0,0.0,0.0,0.0,0.0,450.0,9679.1,0.0,0.0,0.483,0.672,1.155,5.869,0.376,0.779,emon,0.91,0.946,25.9,21.3,1.215
2026-09-17 22:18:30.801,8.7,0,100,14;5;0;100;0;0;8;6;0;0;5;0;0;0;3;0,1012,4729,4682;4725;4729;4727;1100;1114;1509;1180;1554;1202;1358;1355;1105;1012;1224;1049,0.0,0.0,9679.1,0,0,0,0,0,0.0,0,0,0,0,0,0,0,0,0.0,0,0,0,0,0,0.0,0.0,0.0,0,0,0,81.1,25.5,0.0,0.32,27.49,24.7,63.4,97.05480575561523,0.008317354135215282,0.9864362478256226,0.09921202808618546,0.0,599.0,0.0,0.0,0.0,0.0,50.416506201028824,0.0,0.0,0.0,0.0,0.0,450.0,9679.1,0.0,0.0,0.483,0.672,1.155,5.869,0.376,0.779,emon,0.91,0.946,25.9,21.3,1.215
2026-09-17 22:18:31.802,13.6,0,98,64;17;0;98;0;0;22;0;0;0;12;0;0;0;3;0,797,4549,4494;4134;4136;4549;3054;3025;2581;1588;3075;2716;2129;3246;797;968;914;830,17.4,0.0,9897.1,0,0,0,0,0,0.0,0,0,0,0,0,0,0,0,0.0,0,0,0,0,0,0.0,0.0,0.0,0,0,0,72.1,25.5,0.0,0.32,27.49,25.2,63.4,99.99999618530273,91.68555526733398,8.228997349739075,98.4759147644043,0.09485632181167603,1834.0,0.0,0.0,100.00000457763672,0.0,0.0,8.3,48.3,0.0,0.0,0.0,450.0,9897.1,0.0,0.0,0.483,0.672,1.155,5.869,0.376,0.779,emon,0.91,0.946,25.9,21.3,1.215
2026-09-17 22:18:32.807,14.1,0,96,91;8;3;96;2;0;14;0;2;0;12;0;0;0;0;0,885,4571,4571;4541;4496;4524;3203;2829;2037;1353;2054;2236;2114;3060;961;886;885;908,0.0,0.0,9897.1,0,0,0,0,0,0.0,0,0,0,0,0,0,0,0,0.0,0,0,0,0,0,0.0,0.0,0.0,0,0,0,75.1,21.64,5.96,0.33,30.1,25.2,63.4,99.99999771118163,91.90806274414062,8.015768837928771,98.53106536865235,0.09921106879264699,1849.0,0.0,0.0,99.99999771118163,0.0,0.0,14.3,100.0,0.0,0.0,0.0,450.0,9897.1,0.0,0.0,0.483,0.672,1.155,5.869,0.376,0.779,emon,0.91,0.946,25.9,21.3,1.215
2026-09-17 22:18:33.808,14.3,0,97,77;23;2;97;0;0;14;3;0;0;5;3;0;0;6;0,711,4537,4537;4404;3826;4405;2829;3183;2164;1251;3006;2868;1933;3129;711;727;1032;833,0.0,0.0,9897.1,0,0,0,0,0,0.0,0,0,0,0,0,0,0,0,0.0,0,0,0,0,0,0.0,0.0,0.0,0,0,0,75.1,21.64,5.96,0.33,30.1,25.2,63.4,99.99447359357562,71.92795325376626,6.423181440149035,77.20753689110279,0.07185907897395996,1849.0,0.0,0.0,78.72485869377851,0.0,7.277329256492002,14.3,100.0,0.0,0.0,0.0,450.0,9897.1,0.0,0.0,0.483,0.672,1.155,5.869,0.376,0.779,emon,0.91,0.946,25.9,21.3,1.215
2026-09-17 22:18:34.808,14.5,0,97,78;21;2;97;0;0;16;6;0;0;8;2;0;0;2;2,762,4537,4537;4349;4438;4522;2079;2249;2328;1292;2802;2550;2063;2654;793;762;1164;883,0.0,0.0,9897.1,0,0,0,0,0,0.0,0,0,0,0,0,0,0,0,0.0,0,0,0,0,0,0.0,0.0,0.0,0,0,0,73.1,21.64,5.96,0.33,30.1,25.1,63.4,99.98912702287946,72.22545684787578,6.3490674665996005,77.32771909343344,0.07039113149845175,1849.0,0.0,0.0,78.70389686311994,0.0,7.283317296366606,14.3,100.0,0.0,0.0,0.0,450.0,9897.1,0.0,0.0,0.483,0.672,1.155,5.869,0.376,0.779,emon,0.91,0.946,25.9,21.3,1.215
2026-09-17 22:18:35.808,14.2,0,97,75;26;2;97;0;0;12;0;0;0;8;0;0;0;6;2,767,4539,4539;4471;4488;4523;2943;2309;2200;1540;1512;1420;2121;2075;767;791;1135;997,0.0,0.0,9897.1,0,0,0,0,0,0.0,0,0,0,0,0,0,0,0,0.0,0,0,0,0,0,0.0,0.0,0.0,0,0,0,73.1,21.64,5.96,0.33,30.1,25.1,63.4,100.00272805350167,72.22634105517396,6.334592606340136,77.34593333516803,0.07058376639075245,1849.0,0.0,0.0,78.71776248993618,0.0,7.269151174330285,14.3,100.0,0.0,0.0,0.0,450.0,9897.1,0.0,0.0,0.483,0.672,1.155,5.869,0.376,0.779,emon,0.91,0.946,25.9,21.3,1.215
2026-09-17 22:18:36.808,15.0,0,98,82;19;0;98;0;0;16;0;0;0;11;0;0;0;15;0,842,4493,4493;4465;4097;4476;1332;1212;2058;1170;1972;1406;2522;2632;874;842;1188;882,0.0,0.0,9897.1,0,0,0,0,0,0.0,0,0,0,0,0,0,0,0,0.0,0,0,0,0,0,0.0,0.0,0.0,0,0,0,72.1,20.09,25.97,0.35,50.53,25.1,63.4,99.99338967459542,72.2567573543638,6.299492137772696,77.40218849267278,0.07190029798740787,1849.0,0.0,0.0,78.71958784971919,0.0,7.2742748771395,14.3,100.0,0.0,0.0,0.0,450.0,9897.1,0.0,0.0,0.483,0.672,1.155,5.869,0.376,0.779,emon,0.91,0.946,25.9,21.3,1.215
2026-09-17 22:18:37.809,22.2,0,97,85;17;5;97;0;0;35;0;3;3;15;5;0;0;89;2,915,4225,4225;4058;3634;4161;1301;1297;2039;1648;1221;1290;2323;1276;927;915;1531;1054,0.0,0.0,9897.1,0,0,0,0,0,0.0,0,0,0,0,0,0,0,0,0.0,0,0,0,0,0,0.0,0.0,0.0,0,0,0,63.1,20.09,25.97,0.35,50.53,24.8,63.4,100.00000228881837,91.60256576538086,8.31198308467865,98.47227249145507,0.09845417889664532,1849.0,0.0,0.0,100.00000305175782,0.0,0.0,14.3,100.0,0.0,0.0,0.0,450.0,9897.1,0.0,0.0,11.32,3.329,14.649,6.577,0.421,14.228,emon,0.599,0.783,100.6,46.7,2.154
2026-09-17 22:18:38.809,15.5,0,98,80;20;2;98;0;0;11;3;0;0;14;0;0;0;13;6,717,4496,4496;4427;4399;4482;2008;1707;2178;1381;1777;2083;2246;2502;717;746;1099;921,0.0,0.0,9897.1,0,0,0,0,0,0.0,0,0,0,0,0,0,0,0,0.0,0,0,0,0,0,0.0,0.0,0.0,0,0,0,69.1,20.09,25.97,0.35,50.53,24.9,63.4,100.0,91.15212800767686,8.757867813110352,98.37899525960286,0.11027911440841207,1849.0,0.0,0.0,100.00000762939453,0.0,0.0,14.3,100.0,0.0,0.0,0.0,450.0,9897.1,0.0,0.0,11.32,3.329,14.649,6.577,0.421,14.228,emon,0.599,0.783,100.6,46.7,2.154
2026-09-17 22:18:39.810,13.9,0,95,88;13;5;95;0;0;12;0;0;0;3;0;0;0;6;0,812,4593,4539;4543;4593;4541;2582;1525;2089;1449;1557;1471;2471;2551;812;1017;1050;920,0.0,0.0,9897.1,0,0,0,0,0,0.0,0,0,0,0,0,0,0,0,0.0,0,0,0,0,0,0.0,0.0,0.0,0,0,0,70.1,20.09,25.97,0.35,50.53,24.9,63.4,99.99999465942383,86.04027442932129,13.822443866729737,97.51343154907227,0.19818734228610993,1839.0,0.0,0.0,99.99999465942383,0.0,0.0,14.3,100.0,0.0,0.0,0.0,450.0,9897.1,0.0,0.0,11.32,3.329,14.649,6.577,0.421,14.228,emon,0.599,0.783,100.6,46.7,2.154
2026-09-17 22:18:40.828,14.2,0,97,78;23;0;97;0;0;11;3;0;0;12;0;0;0;3;0,803,4523,4509;4371;4340;4523;2937;2127;2058;1268;1799;1522;2042;2586;866;803;980;817,0.0,0.0,9897.1,0,0,0,0,0,0.0,0,0,0,0,0,0,0,0,0.0,0,0,0,0,0,0.0,0.0,0.0,0,0,0,72.1,18.64,25.74,0.35,49.07,24.9,63.4,100.00000305175782,91.80010452270508,8.109615874290466,98.43709411621094,0.09589501357040717,1799.0,0.0,0.0,100.00000457763672,0.0,0.0,14.3,100.0,0.0,0.0,0.0,450.0,9897.1,0.0,0.0,11.32,3.329,14.649,6.577,0.421,14.228,emon,0.599,0.783,100.6,46.7,2.154
2026-09-17 22:18:41.828,14.3,0,95,86;14;5;95;0;0;12;3;0;0;8;0;0;0;5;0,772,4538,4538;4501;4501;4510;1842;3118;1987;1237;1822;1460;1807;2265;1124;950;1096;772,0.0,0.0,9897.1,0,0,0,0,0,0.0,0,0,0,0,0,0,0,0,0.0,0,0,0,0,0,0.0,0.0,0.0,0,0,0,71.1,18.64,25.74,0.35,49.07,24.9,63.4,99.98829474815956,70.56514146071501,6.327183622580308,75.65335518809465,0.07479150744797362,1799.0,0.0,0.0,77.0660782536635,0.0,7.828914404775087,14.3,100.0,0.0,0.0,0.0,450.0,9895.8,0.0,0.0,11.32,3.329,14.649,6.577,0.421,14.228,emon,0.599,0.783,100.6,46.7,2.154
2026-09-17 22:18:42.828,14.0,0,100,77;21;2;100;2;0;11;0;0;0;10;0;0;0;3;0,867,4516,4516;4471;4425;4478;3075;1808;2187;1540;3222;2668;1927;3276;903;867;1019;868,0.0,0.0,9895.8,0,0,0,0,0,0.0,0,0,0,0,0,0,0,0,0.0,0,0,0,0,0,0.0,0.0,0.0,0,0,0,70.1,18.64,25.74,0.35,49.07,24.9,63.4,99.99588339669364,72.39555573762793,6.162541202136448,77.34227790577071,0.06897911041076961,1799.0,0.0,0.0,78.70761380823595,0.0,7.276843359959977,14.3,100.0,0.0,0.0,0.0,450.0,9895.8,0.0,0.0,11.32,3.329,14.649,6.577,0.421,14.228,emon,0.599,0.783,100.6,46.7,2.154
2026-09-17 22:18:43.829,14.0,0,96,51;49;0;96;0;0;8;12;0;0;5;3;0;0;0;0,641,4540,4540;4532;4116;4510;2952;2886;2266;1995;3181;2390;2122;1729;641;705;1279;882,0.0,0.0,9895.8,0,0,0,0,0,0.0,0,0,0,0,0,0,0,0,0.0,0,0,0,0,0,0.0,0.0,0.0,0,0,0,70.1,19.83,24.61,0.35,48.77,24.9,63.4,99.98996244158063,72.37443177801158,6.173856326511928,77.21817054599524,0.06976118171587586,1799.0,0.0,0.0,78.70033562150118,0.0,7.274267932666199,14.3,100.0,0.0,0.0,0.0,450.0,9895.8,0.0,0.0,11.32,3.329,14.649,6.577,0.421,14.228,emon,0.599,0.783,100.6,46.7,2.154
2026-09-17 22:18:44.829,13.8,0,100,16;85;0;100;0;0;0;12;0;0;0;5;0;0;0;3,609,4550,4486;4550;4342;4506;3117;3242;3337;1943;3202;3197;3300;1999;745;609;685;1007,0.0,0.0,9895.8,0,0,0,0,0,0.0,0,0,0,0,0,0,0,0,0.0,0,0,0,0,0,0.0,0.0,0.0,0,0,0,70.1,19.83,24.61,0.35,48.77,24.9,63.4,100.00050408499581,72.49517553286361,6.0597390958241055,77.36954748949834,0.07112281621708202,1799.0,0.0,0.0,78.71170924098364,0.0,7.274858730179923,14.3,100.0,0.0,0.0,0.0,450.0,9895.8,0.0,0.0,11.32,3.329,14.649,6.577,0.421,14.228,emon,0.599,0.783,100.6,46.7,2.154
2026-09-17 22:18:45.830,14.0,0,97,8;91;3;97;0;2;0;17;0;0;0;6;0;0;0;2,671,4542,4542;4541;4276;4483;2962;1462;1864;2102;2088;1663;1766;2306;836;749;671;912,0.0,0.0,9895.8,0,0,0,0,0,0.0,0,0,0,0,0,0,0,0,0.0,0,0,0,0,0,0.0,0.0,0.0,0,0,0,71.1,19.83,24.61,0.35,48.77,24.9,63.4,100.01113187349759,69.7517884530557,6.618603660510137,75.15293141397146,0.08144023893580127,1799.0,0.0,0.0,77.07790332115613,0.0,7.828785236065205,14.3,100.0,0.0,0.0,0.0,450.0,9895.8,0.0,0.0,11.32,3.329,14.649,6.577,0.421,14.228,emon,0.599,0.783,100.6,46.7,2.154
2026-09-17 22:18:46.830,14.3,0,95,9;91;0;95;0;0;0;16;0;0;0;12;0;0;0;5,908,4560,4552;4560;4336;4553;2494;3428;3425;2109;2394;1278;1482;2350;936;908;951;975,0.0,0.0,9895.8,0,0,0,0,0,0.0,0,0,0,0,0,0,0,0,0.0,0,0,0,0,0,0.0,0.0,0.0,0,0,0,71.1,19.83,24.61,0.35,48.77,24.9,63.4,99.98972496619591,67.80408347655947,9.000008959036608,74.37604045638672,0.08165650320454286,1799.0,0.0,0.0,77.07973955686276,0.0,7.828602704864282,14.3,100.0,0.0,0.0,0.0,450.0,9895.8,0.0,0.0,11.32,3.329,14.649,6.577,0.421,14.228,emon,0.599,0.783,100.6,46.7,2.154
2026-09-17 22:18:47.830,15.2,0,98,16;88;2;98;2;0;0;17;0;0;0;17;0;0;0;5,708,4435,4412;4435;4037;4427;3140;3125;2940;2194;2676;1785;2017;2808;785;736;708;1213,100.0,0.0,9896.8,0,0,0,0,0,0.0,0,0,0,0,0,0,0,0,0.0,0,0,0,0,0,0.0,0.0,0.0,0,0,0,66.1,19.76,21.62,0.36,47.33,24.9,63.4,71.87639700571695,19.28725020090739,42.23439458211263,47.378117116292316,31.444877243041994,1799.0,0.0,0.0,66.7032342435792,0.0,0.0,14.2,99.2,0.0,0.0,0.0,450.0,9896.8,0.0,0.0,11.32,3.329,14.649,6.577,0.421,14.228,emon,0.599,0.783,100.6,46.7,2.154
2026-09-17 22:18:48.836,15.1,0,97,6;91;0;97;0;0;0;28;0;0;0;17;0;0;0;3,690,4455,4368;4455;4392;4453;2969;2889;3210;2161;2215;2645;2769;2670;690;722;816;930,100.0,0.0,9896.8,0,0,0,0,0,0.0,0,0,0,0,0,0,0,0,0.0,0,0,0,0,0,0.0,0.0,0.0,0,0,0,67.1,19.76,21.62,0.36,47.33,24.9,63.4,73.87509652284476,20.001545172471268,44.172194700974686,49.453718625582184,32.644895847027115,1799.0,0.0,0.0,69.26398831949784,0.0,0.0,14.2,99.4,0.0,0.0,0.0,450.0,9896.8,0.0,0.0,11.32,3.329,14.649,6.577,0.421,14.228,emon,0.599,0.783,100.6,46.7,2.154
2026-09-17 22:18:49.836,14.0,0,95,5;95;0;94;0;0;0;11;2;0;0;12;0;0;0;5,791,4432,4349;4432;3903;4431;3061;3334;2957;1934;3128;2907;3082;2399;791;899;862;1196,82.5,0.0,9896.8,0,0,0,0,0,0.0,0,0,0,0,0,0,0,0,0.0,0,0,0,0,0,0.0,0.0,0.0,0,0,0,67.1,19.76,21.62,0.36,47.33,24.9,63.4,80.052672068278,18.512579415769626,39.838131646315254,44.81942368745804,29.672676213582356,1799.0,0.0,0.0,63.45165506849686,0.0,3.4074439922968547,14.2,99.5,0.0,0.0,0.0,450.0,9896.8,0.0,0.0,113.588,0.787,114.374,8.88,0.568,113.806,emon,0.588,0.627,111.7,51.7,2.16
2026-09-17 22:18:50.837,16.0,0,95,9;91;2;95;2;0;0;28;2;0;0;16;0;0;0;12,712,4411,4363;4411;4285;4404;3334;3276;3032;2293;3043;3224;2819;2340;853;712;895;1101,97.3,0.0,9900.0,0,0,0,0,0,0.0,0,0,0,0,0,0,0,0,0.0,0,0,0,0,0,0.0,0.0,0.0,0,0,0,68.1,19.76,21.62,0.36,47.33,24.9,63.4,84.28006172180176,16.23109015824739,37.8284196048975,41.636611092835665,26.168961147218944,1799.0,0.0,0.0,55.202985326293856,0.0,7.652880166471005,14.2,99.4,0.0,0.0,0.0,450.0,9900.0,0.0,0.0,113.588,0.787,114.374,8.88,0.568,113.806,emon,0.588,0.627,111.7,51.7,2.16
2026-09-17 22:18:51.837,14.6,0,88,14;83;0;88;0;0;0;22;3;0;0;19;0;0;0;5,665,4417,4416;4416;4244;4417;3076;2907;3124;2058;3426;2970;2949;2359;739;795;665;1032,75.4,0.0,9900.0,0,0,0,0,0,0.0,0,0,0,0,0,0,0,0,0.0,0,0,0,0,0,0.0,0.0,0.0,0,0,0,67.1,19.86,13.03,0.39,43.7,24.9,63.4,77.79162202941046,17.751105231905562,38.72577629155583,43.497242303772104,29.057907210456,1799.0,0.0,0.0,61.23586401860747,0.0,2.840944492672053,14.2,99.3,0.0,0.0,0.0,450.0,9900.0,0.0,0.0,113.588,0.787,114.374,8.88,0.568,113.806,emon,0.588,0.627,111.7,51.7,2.16
2026-09-17 22:18:52.838,14.3,0,95,11;91;0;95;0;0;0;12;0;0;0;11;0;0;0;8,594,4410,4377;4410;4090;4407;2820;2830;3249;2264;3062;2999;3251;2298;666;594;662;1148,92.2,0.0,9896.0,0,0,0,0,0,0.0,0,0,0,0,0,0,0,0,0.0,0,0,0,0,0,0.0,0.0,0.0,0,0,0,67.1,19.86,13.03,0.39,43.7,24.9,63.4,75.54416779315832,17.420268314185016,38.15381874098922,42.85332138971849,28.206878951101594,1799.0,0.0,0.0,60.70247826959486,0.0,3.104359322876641,14.2,99.3,0.0,0.0,0.0,450.0,9896.0,0.0,0.0,113.588,0.787,114.374,8.88,0.568,113.806,emon,0.588,0.627,111.7,51.7,2.16
2026-09-17 22:18:53.838,13.9,0,94,8;88;3;94;0;0;0;11;0;0;0;13;0;0;0;6,864,4423,4420;4423;4337;4420;2722;3151;2887;1993;2596;3188;3300;2228;917;914;864;986,92.2,0.0,9896.0,0,0,0,0,0,0.0,0,0,0,0,0,0,0,0,0.0,0,0,0,0,0,0.0,0.0,0.0,0,0,0,68.1,19.86,13.03,0.39,43.7,24.9,63.4,79.7983582190105,18.818830462372198,40.60821812067713,45.6359485425055,30.520388875688827,1799.0,0.0,0.0,64.40321155464542,0.0,3.654446423985064,14.2,99.4,0.0,0.0,0.0,450.0,9896.0,0.0,0.0,113.588,0.787,114.374,8.88,0.568,113.806,emon,0.588,0.627,111.7,51.7,2.16
2026-09-17 22:18:54.839,14.9,0,95,12;86;3;95;0;0;0;25;0;0;0;17;0;0;0;0,854,4431,4360;4431;4339;4429;2498;2903;3078;2452;2406;2948;2276;2448;856;854;943;870,89.6,0.0,9896.0,0,0,0,0,0,0.0,0,0,0,0,0,0,0,0,0.0,0,0,0,0,0,0.0,0.0,0.0,0,0,0,67.1,19.86,13.03,0.39,43.7,24.9,63.4,71.08723036944866,17.74289819598198,39.366552233695984,43.63601589202881,29.28697168827057,1799.0,0.0,0.0,65.66060899640433,0.0,0.0,14.2,99.2,0.0,0.0,0.0,450.0,9896.0,0.0,0.0,113.588,0.787,114.374,8.88,0.568,113.806,emon,0.588,0.627,111.7,51.7,2.16
2026-09-17 22:18:55.839,14.8,0,97,6;94;0;97;0;0;2;18;0;0;0;12;0;0;0;8,692,4400,4299;4400;4071;4384;3208;2960;3383;2178;3283;3246;2224;2381;706;900;692;1090,82.2,0.0,9896.0,0,0,0,0,0,0.0,0,0,0,0,0,0,0,0,0.0,0,0,0,0,0,0.0,0.0,0.0,0,0,0,68.1,19.84,13.0,0.4,43.68,24.9,63.4,77.62199117456164,18.87685071161416,40.77076637319156,45.92204450124076,30.511852400643484,1799.0,0.0,0.0,64.37597331431296,0.0,3.649108341761998,14.2,99.2,0.0,0.0,0.0,450.0,9896.0,0.0,0.0,113.588,0.787,114.374,8.88,0.568,113.806,emon,0.588,0.627,111.7,51.7,2.16
2026-09-17 22:18:56.840,14.2,0,97,20;79;2;97;0;0;0;14;0;0;0;14;0;0;0;2,765,4427,4385;4427;4400;4423;2981;3072;2734;2048;3100;2793;3061;2202;765;785;783;936,100.0,0.0,9896.0,0,0,0,0,0,0.0,0,0,0,0,0,0,0,0,0.0,0,0,0,0,0,0.0,0.0,0.0,0,0,0,66.1,19.84,13.0,0.4,43.68,24.9,63.4,76.60371512174606,18.230909820762463,39.505627766251564,44.405990187544376,29.40948987007141,1799.0,0.0,0.0,62.595870382501744,0.0,3.19856226304546,14.2,99.2,0.0,0.0,0.0,450.0,9895.3,0.0,0.0,113.588,0.787,114.374,8.88,0.568,113.806,emon,0.588,0.627,111.7,51.7,2.16
2026-09-17 22:18:57.840,15.0,0,97,5;91;0;97;0;0;0;17;0;0;0;22;2;0;0;6,865,4412,4412;4409;4369;4405;3274;3239;3152;2268;2729;2114;3027;2410;1317;913;865;1043,97.3,0.0,9730.3,0,0,0,0,0,0.0,0,0,0,0,0,0,0,0,0.0,0,0,0,0,0,0.0,0.0,0.0,0,0,0,67.1,19.84,13.0,0.4,43.68,24.9,63.4,75.4683981736501,17.70044768884157,37.97342138290405,42.713504993915556,28.700813166300456,1799.0,0.0,0.0,60.099767468776555,0.0,3.406090224161744,14.2,99.4,0.0,0.0,0.0,450.0,9730.3,0.0,0.0,113.588,0.787,114.374,8.88,0.568,113.806,emon,0.588,0.627,111.7,51.7,2.16
2026-09-17 22:18:58.840,15.0,0,95,14;85;2;95;0;0;0;23;0;0;0;14;0;0;0;6,662,4428,4392;4427;4412;4428;3324;3352;3383;2341;3413;3117;3058;2217;903;662;784;932,100.0,0.0,9735.2,0,0,0,0,0,0.0,0,0,0,0,0,0,0,0,0.0,0,0,0,0,0,0.0,0.0,0.0,0,0,0,67.1,19.84,13.0,0.4,43.68,24.9,63.4,78.45892441657281,17.865220651901776,38.208376888305914,43.16834216973474,28.795035823698967,1799.0,0.0,0.0,61.40868871490802,0.0,3.298042721325351,14.2,99.5,0.0,0.0,0.0,450.0,9735.2,0.0,0.0,113.588,0.787,114.374,8.88,0.568,113.806,emon,0.588,0.627,111.7,51.7,2.16
2026-09-17 22:18:59.841,14.4,0,95,9;92;2;95;2;0;0;8;0;0;0;17;0;0;0;5,573,4462,4390;4444;4462;4436;3267;2867;2526;2548;3263;3072;3186;2380;863;658;573;1063,100.0,0.0,9735.2,0,0,0,0,0,0.0,0,0,0,0,0,0,0,0,0.0,0,0,0,0,0,0.0,0.0,0.0,0,0,0,67.1,19.8,12.97,0.39,43.6,24.9,63.4,76.88630905151368,18.574416440104446,39.96267304817835,45.1148758644859,30.05279197692871,1799.0,0.0,0.0,63.42769637318949,0.0,3.4088144565622014,14.2,99.3,0.0,0.0,0.0,450.0,9735.2,0.0,0.0,113.588,0.787,114.374,8.88,0.568,113.806,emon,0.588,0.627,111.7,51.7,2.16
2026-09-17 22:19:00.841,15.7,0,95,17;52;5;95;0;0;0;14;0;0;0;61;2;0;0;6,818,4420,4385;4308;4272;4420;2191;2013;2036;1871;3135;3270;3317;3170;1015;925;818;998,60.0,0.0,9731.2,0,0,0,0,0,0.0,0,0,0,0,0,0,0,0,0.0,0,0,0,0,0,0.0,0.0,0.0,0,0,0,50.1,19.8,12.97,0.39,43.6,24.9,63.4,78.82723774228778,18.27451377997308,40.16800048095839,44.41804697577442,29.892965725490026,1799.0,0.0,0.0,64.37834934291563,0.0,3.6513006687164307,14.2,99.5,0.0,0.0,0.0,450.0,9731.2,0.0,0.0,113.588,0.787,114.374,8.88,0.568,113.806,emon,0.588,0.627,111.7,51.7,2.16
2026-09-17 22:19:01.841,14.8,0,91,0;43;3;91;0;0;0;8;0;0;0;89;2;0;0;2,801,4397,4268;4179;4243;4397;3136;3358;3095;2186;3357;2551;3211;3379;801;819;837;836,90.6,0.0,9731.2,0,0,0,0,0,0.0,0,0,0,0,0,0,0,0,0.0,0,0,0,0,0,0.0,0.0,0.0,0,0,0,45.1,19.8,12.97,0.39,43.6,24.9,63.4,78.20659591470447,20.17621442249843,42.51869664873396,48.34615353175572,31.709071568080358,1799.0,0.0,0.0,67.92960965939399,0.0,0.0,14.2,99.4,0.0,0.0,0.0,450.0,9731.2,0.0,0.0,113.49,1.061,114.55,7.757,0.496,114.054,emon,0.591,0.49,146.3,67.8,2.156
2026-09-17 22:19:02.842,13.9,0,95,0;22;0;95;0;0;0;6;0;0;0;94;0;0;0;5,739,4378,4314;4079;4155;4378;3083;2856;3034;2082;3299;3399;3387;3392;892;739;796;1069,97.4,0.0,9731.2,0,0,0,0,0,0.0,0,0,0,0,0,0,0,0,0.0,0,0,0,0,0,0.0,0.0,0.0,0,0,0,45.1,19.8,12.97,0.39,43.6,24.9,63.4,75.90390694525934,18.204372461975343,38.39844754818947,43.59412792373088,28.72721985847719,1799.0,0.0,0.0,61.39750502799307,0.0,3.2992047879003708,14.2,99.5,0.0,0.0,0.0,450.0,9731.2,0.0,0.0,113.49,1.061,114.55,7.757,0.496,114.054,emon,0.591,0.49,146.3,67.8,2.156
2026-09-17 22:19:03.842,14.9,0,91,3;86;2;91;0;2;0;17;2;0;0;33;0;2;0;3,860,4420,4416;4399;4398;4420;2416;3239;3284;1992;3308;3233;3208;3014;860;1071;986;1155,100.0,0.0,9731.2,0,0,0,0,0,0.0,0,0,0,0,0,0,0,0,0.0,0,0,0,0,0,0.0,0.0,0.0,0,0,0,62.1,16.38,13.1,0.4,40.29,24.7,63.4,75.44284360749381,16.915249062868366,36.073522857257295,40.836002447775435,27.092166219438827,1799.0,0.0,0.0,60.816974428482354,0.0,3.6508905666747262,14.2,99.5,0.0,0.0,0.0,450.0,9731.2,0.0,0.0,113.49,1.061,114.55,7.757,0.496,114.054,emon,0.591,0.49,146.3,67.8,2.156
2026-09-17 22:19:04.843,14.5,0,97,5;94;3;97;0;0;0;20;0;0;0;6;0;0;0;8,706,4406,4286;4406;4382;4405;2714;3239;3035;2298;2960;3228;2767;2081;769;706;753;962,98.1,0.0,9731.2,0,0,0,0,0,0.0,0,0,0,0,0,0,0,0,0.0,0,0,0,0,0,0.0,0.0,0.0,0,0,0,67.1,16.38,13.1,0.4,40.29,24.7,63.4,77.90928258895875,18.869968907535075,39.73671958843867,45.144167247414586,29.685602951049805,1799.0,0.0,0.0,63.427246974781156,0.0,3.3980693419774375,14.2,99.4,0.0,0.0,0.0,450.0,9731.2,0.0,0.0,113.49,1.061,114.55,7.757,0.496,114.054,emon,0.591,0.49,146.3,67.8,2.156
2026-09-17 22:19:05.843,14.8,0,97,12;85;0;97;0;2;0;21;2;0;0;15;0;0;0;3,801,4412,4385;4403;4259;4412;2937;1792;3016;2348;1511;3119;3061;2082;904;801;826;974,100.0,0.0,9731.2,0,0,0,0,0,0.0,0,0,0,0,0,0,0,0,0.0,0,0,0,0,0,0.0,0.0,0.0,0,0,0,65.1,16.38,13.1,0.4,40.29,24.7,63.4,79.4974412282308,18.835128454864027,39.675468297799426,45.09031407982111,29.745880381266275,1799.0,0.0,0.0,63.44673280268908,0.0,3.408069533854723,14.2,99.2,0.0,0.0,0.0,450.0,9731.2,0.0,0.0,113.49,1.061,114.55,7.757,0.496,114.054,emon,0.591,0.49,146.3,67.8,2.156
2026-09-17 22:19:06.843,14.7,0,98,11;89;2;98;2;0;0;17;0;0;0;14;2;0;0;2,827,4424,4370;4423;4045;4424;3419;2972;3154;2256;3335;2886;2847;2131;827;901;926;952,100.0,0.0,9731.2,0,0,0,0,0,0.0,0,0,0,0,0,0,0,0,0.0,0,0,0,0,0,0.0,0.0,0.0,0,0,0,66.1,16.38,13.1,0.4,40.29,24.7,63.4,77.20923400647712,17.305185320674244,37.01341223355496,41.868414570436336,27.35999075571696,1799.0,0.0,0.0,60.71391769543742,0.0,3.0978477746248245,14.2,99.3,0.0,0.0,0.0,450.0,9731.2,0.0,0.0,113.49,1.061,114.55,7.757,0.496,114.054,emon,0.591,0.49,146.3,67.8,2.156
2026-09-17 22:19:07.844,14.3,0,97,8;94;0;97;0;0;0;9;0;0;0;20;0;0;0;0,767,4423,4346;4423;4241;4423;2258;2492;2166;2049;3227;2146;2290;2319;767;858;805;825,100.0,0.0,9731.2,0,0,0,0,0,0.0,0,0,0,0,0,0,0,0,0.0,0,0,0,0,0,0.0,0.0,0.0,0,0,0,68.1,19.86,13.11,0.4,43.79,24.7,63.4,78.72900571141925,18.583429505183762,40.53686905332974,45.69559663321291,29.645077024187362,1799.0,0.0,0.0,64.38096160521465,0.0,3.6537927463650703,14.2,99.5,0.0,0.0,0.0,450.0,9731.2,0.0,0.0,113.49,1.061,114.55,7.757,0.496,114.054,emon,0.591,0.49,146.3,67.8,2.156
2026-09-17 22:19:08.845,14.6,0,95,8;91;3;95;2;0;0;17;0;0;0;11;0;0;0;6,744,4451,4423;4446;4392;4451;2981;2343;2418;2535;3114;2920;2902;2188;748;744;771;1073,90.7,0.0,9731.2,0,0,0,0,0,0.0,0,0,0,0,0,0,0,0,0.0,0,0,0,0,0,0.0,0.0,0.0,0,0,0,68.1,19.86,13.11,0.4,43.79,24.7,63.4,78.22475641114372,18.680039605358616,40.14894990410124,45.43927496086274,29.339090211050852,1799.0,0.0,0.0,64.37683483199882,0.0,3.651883781754545,14.2,99.4,0.0,0.0,0.0,450.0,9731.2,0.0,0.0,113.49,1.061,114.55,7.757,0.496,114.054,emon,0.591,0.49,146.3,67.8,2.156
2026-09-17 22:19:09.845,14.9,0,95,11;95;2;92;0;3;0;17;0;0;0;17;2;0;0;0,812,4451,4451;4449;4437;4448;2615;2533;2802;1873;2690;3297;2933;2217;812;952;892;842,100.0,0.0,9731.2,0,0,0,0,0,0.0,0,0,0,0,0,0,0,0,0.0,0,0,0,0,0,0.0,0.0,0.0,0,0,0,70.1,19.86,13.11,0.4,43.79,24.7,63.4,83.57604869206746,19.803884344485898,41.903559724489845,47.584217416743435,31.192041714986164,1799.0,0.0,0.0,66.77657647399853,0.0,4.243458906499048,14.2,99.4,0.0,0.0,0.0,450.0,9731.2,0.0,0.0,113.49,1.061,114.55,7.757,0.496,114.054,emon,0.591,0.49,146.3,67.8,2.156
2026-09-17 22:19:10.846,15.0,0,92,14;92;3;91;0;0;0;16;0;0;0;14;5;0;0;5,785,4449,4409;4449;4280;4439;2026;3219;2361;2330;2348;2864;3103;2304;941;801;785;915,100.0,0.0,9731.2,0,0,0,0,0,0.0,0,0,0,0,0,0,0,0,0.0,0,0,0,0,0,0.0,0.0,0.0,0,0,0,69.1,19.86,13.11,0.4,43.79,24.7,63.4,77.90287184715271,18.10022452629774,38.57871609224993,43.7368239414166,28.86533754012164,1799.0,0.0,0.0,61.87911429916344,0.0,3.010367675739176,14.2,99.5,0.0,0.0,0.0,450.0,9731.2,0.0,0.0,113.49,1.061,114.55,7.757,0.496,114.054,emon,0.591,0.49,146.3,67.8,2.156
2026-09-17 22:19:11.846,14.8,0,98,2;98;5;97;0;0;2;11;0;2;0;16;6;0;0;0,614,4446,4248;4444;4310;4446;2636;2938;2109;2540;2872;2288;1454;2322;1169;614;901;952,100.0,0.0,9731.2,0,0,0,0,0,0.0,0,0,0,0,0,0,0,0,0.0,0,0,0,0,0,0.0,0.0,0.0,0,0,0,70.1,19.94,12.99,0.39,43.76,24.7,63.4,77.57775948842367,18.57165249614045,39.483588639895125,44.816929711401464,29.3487060546875,1799.0,0.0,0.0,63.426379927123584,0.0,3.4118667140603067,14.2,99.3,0.0,0.0,0.0,450.0,9731.2,0.0,0.0,113.49,1.061,114.55,7.757,0.496,114.054,emon,0.591,0.49,146.3,67.8,2.156
2026-09-17 22:19:12.847,14.1,0,98,11;88;0;98;0;0;0;19;0;0;0;5;0;0;0;5,812,4443,4384;4443;4123;4430;2118;2208;2899;2148;2670;2736;2684;2252;812;934;923;976,97.7,0.0,9731.2,0,0,0,0,0,0.0,0,0,0,0,0,0,0,0,0.0,0,0,0,0,0,0.0,0.0,0.0,0,0,0,68.1,19.94,12.99,0.39,43.76,24.7,63.4,79.31951478675559,18.783943292684853,39.695815753053736,45.058369628257225,29.82674252545392,1799.0,0.0,0.0,63.074959116815414,0.0,3.790374018251896,14.2,99.4,0.0,0.0,0.0,450.0,9731.2,0.0,0.0,113.49,1.061,114.55,7.757,0.496,114.054,emon,0.591,0.49,146.3,67.8,2.156
2026-09-17 22:19:13.847,14.6,0,95,43;56;3;95;6;0;0;8;5;0;0;11;0;0;0;6,761,4421,4421;4415;4166;4421;2363;3416;3382;2033;2394;2777;2233;2447;890;835;761;932,74.9,0.0,9731.2,0,0,0,0,0,0.0,0,0,0,0,0,0,0,0,0.0,0,0,0,0,0,0.0,0.0,0.0,0,0,0,67.1,19.94,12.99,0.39,43.76,24.7,63.4,78.77456535611834,18.852737715168455,40.644821516105104,45.91807772911021,30.15089443751744,1799.0,0.0,0.0,64.38695326074958,0.0,3.654205184429884,14.2,99.3,0.0,0.0,0.0,450.0,9731.2,0.0,0.0,113.556,1.073,114.629,7.94,0.508,114.121,emon,0.592,0.458,146.2,67.7,2.16
2026-09-17 22:19:14.848,15.7,0,91,87;9;2;91;19;0;0;3;23;0;2;2;6;3;3;3,755,4406,4405;4365;4212;4406;2253;3086;3146;1334;2463;3195;2235;2995;1173;828;793;755,100.0,0.0,9731.2,0,0,0,0,0,0.0,0,0,0,0,0,0,0,0,0.0,0,0,0,0,0,0.0,0.0,0.0,0,0,0,67.1,19.94,12.99,0.39,43.76,24.7,63.4,71.96530328856574,17.41043054532363,36.946414752138985,41.99454757033123,27.63646051618788,1799.0,0.0,0.0,58.430035243198894,0.0,2.828995141925083,14.2,99.3,0.0,0.0,0.0,450.0,9731.2,0.0,0.0,113.556,1.073,114.629,7.94,0.508,114.121,emon,0.592,0.458,146.2,67.7,2.16
2026-09-17 22:19:15.848,15.2,0,92,86;8;0;92;19;0;0;9;25;2;0;0;2;0;2;0,810,4424,4424;4385;4014;4417;2180;2926;3072;1262;2468;3397;2453;2061;934;820;1089;810,100.0,0.0,9731.2,0,0,0,0,0,0.0,0,0,0,0,0,0,0,0,0.0,0,0,0,0,0,0.0,0.0,0.0,0,0,0,66.1,19.9,13.06,0.39,43.79,24.7,63.4,75.87785895665486,18.860014926021297,40.02349628607432,45.416583546996115,30.098029963175456,1799.0,0.0,0.0,63.417805296058454,0.0,3.4115514107048512,14.2,99.2,0.0,0.0,0.0,450.0,9731.2,0.0,0.0,113.556,1.073,114.629,7.94,0.508,114.121,emon,0.592,0.458,146.2,67.7,2.16
2026-09-17 22:19:16.849,14.7,0,90,89;6;0;90;8;2;0;6;27;0;0;0;8;0;0;0,763,4419,4419;4272;4136;4391;2031;3149;2952;1233;2529;2071;2898;2564;1062;763;857;1006,99.1,0.0,9731.2,0,0,0,0,0,0.0,0,0,0,0,0,0,0,0,0.0,0,0,0,0,0,0.0,0.0,0.0,0,0,0,66.1,19.9,13.06,0.39,43.79,24.7,63.4,75.50692532612727,20.709722225482647,43.4116565997784,49.60916284414438,32.54473700890174,1799.0,0.0,0.0,69.27561025264171,0.0,0.0,14.2,99.3,0.0,0.0,0.0,450.0,9731.2,0.0,0.0,113.556,1.073,114.629,7.94,0.508,114.121,emon,0.592,0.458,146.2,67.7,2.16
2026-09-17 22:19:17.849,14.8,0,95,86;14;3;95;12;0;0;0;18;2;0;0;6;0;0;0,825,4448,4427;4383;4227;4448;2391;2642;2584;1247;2477;3272;2806;3081;1032;905;825;858,90.8,0.0,9731.2,0,0,0,0,0,0.0,0,0,0,0,0,0,0,0,0.0,0,0,0,0,0,0.0,0.0,0.0,0,0,0,68.1,19.9,13.06,0.39,43.79,24.7,63.4,76.87981847127278,18.747403843607753,39.88412530819575,45.40717758486668,29.377557245890298,1799.0,0.0,0.0,63.43010023248692,0.0,3.4089874903361004,14.2,99.3,0.0,0.0,0.0,450.0,9731.2,0.0,0.0,113.556,1.073,114.629,7.94,0.508,114.121,emon,0.592,0.458,146.2,67.7,2.16
2026-09-17 22:19:18.849,15.0,0,92,85;8;2;92;11;0;0;6;30;0;0;0;6;0;0;0,735,4438,4436;4433;4286;4438;2290;3110;3039;1224;2642;3301;2744;2123;993;874;735;789,100.0,0.0,9731.2,0,0,0,0,0,0.0,0,0,0,0,0,0,0,0,0.0,0,0,0,0,0,0.0,0.0,0.0,0,0,0,67.1,19.9,13.06,0.39,43.79,24.7,63.4,78.9213546884471,18.731601629855817,40.27317385426883,45.15276782728475,30.17937870683341,1799.0,0.0,0.0,65.60147465863426,0.0,3.526368338486244,14.2,99.3,0.0,0.0,0.0,450.0,9731.2,0.0,0.0,113.556,1.073,114.629,7.94,0.508,114.121,emon,0.592,0.458,146.2,67.7,2.16
2026-09-17 22:19:19.850,15.0,0,85,82;17;5;85;22;2;0;0;22;0;0;0;6;0;0;0,722,4431,4430;4424;4314;4431;2327;3271;2679;1229;2445;3018;2945;2563;1047;829;820;722,100.0,0.0,9731.2,0,0,0,0,0,0.0,0,0,0,0,0,0,0,0,0.0,0,0,0,0,0,0.0,0.0,0.0,0,0,0,67.1,19.97,13.0,0.39,43.8,24.7,63.4,76.48425788145799,18.408081185896524,38.63776904803056,44.122151653927105,29.050878084622898,1799.0,0.0,0.0,61.64048136587147,0.0,3.916895494581415,14.2,99.4,0.0,0.0,0.0,450.0,9731.2,0.0,0.0,113.556,1.073,114.629,7.94,0.508,114.121,emon,0.592,0.458,146.2,67.7,2.16
2026-09-17 22:19:20.850,14.5,0,91,86;8;3;91;11;0;0;3;22;2;0;0;6;0;0;0,793,4459,4432;4459;4430;4426;2379;3197;2561;1276;2377;2852;2230;2323;1020;793;810;947,98.7,0.0,9731.2,0,0,0,0,0,0.0,0,0,0,0,0,0,0,0,0.0,0,0,0,0,0,0.0,0.0,0.0,0,0,0,66.1,19.97,13.0,0.39,43.8,24.7,63.4,78.03561334049,17.385070090866922,36.79340911963407,41.860843838904714,27.4218931759105,1799.0,0.0,0.0,61.892535709173366,0.0,3.0084072983111527,14.2,99.5,0.0,0.0,0.0,450.0,9731.2,0.0,0.0,113.556,1.073,114.629,7.94,0.508,114.121,emon,0.592,0.458,146.2,67.7,2.16
2026-09-17 22:19:21.850,14.4,0,97,88;10;2;97;12;2;0;0;11;0;0;0;9;0;0;0,682,4424,4424;4413;4402;4423;2457;3264;2419;1326;2232;3078;2977;3062;1054;1012;715;682,98.7,0.0,9731.2,0,0,0,0,0,0.0,0,0,0,0,0,0,0,0,0.0,0,0,0,0,0,0.0,0.0,0.0,0,0,0,67.1,19.97,13.0,0.39,43.8,24.7,63.4,80.41903409957885,17.8329336467199,37.66585478385289,42.918481501440205,28.337574640909832,1799.0,0.0,0.0,63.45579160327713,0.0,3.412852401534716,14.2,99.2,0.0,0.0,0.0,450.0,9731.2,0.0,0.0,113.556,1.073,114.629,7.94,0.508,114.121,emon,0.592,0.458,146.2,67.7,2.16
2026-09-17 22:19:22.850,14.6,0,92,81;12;0;92;25;0;0;3;20;0;0;0;2;0;0;0,763,4423,4423;4366;4279;4422;2440;2855;2534;1287;2402;3026;1916;2042;1244;910;763;884,99.1,0.0,9731.2,0,0,0,0,0,0.0,0,0,0,0,0,0,0,0,0.0,0,0,0,0,0,0.0,0.0,0.0,0,0,0,65.1,19.97,13.0,0.39,43.8,24.7,63.4,77.19507503509521,21.221370094700863,45.40911303068462,51.66606561761154,33.32094955444336,1799.0,0.0,0.0,73.70848957998187,0.0,0.0,14.2,99.6,0.0,0.0,0.0,450.0,9731.2,0.0,0.0,113.556,1.073,114.629,7.94,0.508,114.121,emon,0.592,0.458,146.2,67.7,2.16
2026-09-17 22:19:23.851,14.8,0,95,88;6;5;95;16;2;0;0;18;0;2;0;6;0;0;0,721,4415,4414;4313;4410;4415;2312;2591;2567;1274;2305;2985;2877;3083;1217;1624;721;786,90.6,0.0,9731.2,0,0,0,0,0,0.0,0,0,0,0,0,0,0,0,0.0,0,0,0,0,0,0.0,0.0,0.0,0,0,0,66.1,19.87,13.09,0.39,43.76,24.7,63.4,76.10041230375117,21.704383676702324,44.819152485240586,51.4976771961559,33.56064388968728,1799.0,0.0,0.0,72.75090753761205,0.0,0.0,14.2,99.3,0.0,0.0,0.0,450.0,9731.2,0.0,0.0,113.556,1.073,114.629,7.94,0.508,114.121,emon,0.592,0.458,146.2,67.7,2.16
2026-09-17 22:19:24.851,14.7,0,94,77;19;0;94;15;2;0;0;23;0;0;0;5;0;0;0,781,4423,4418;4397;3591;4423;2248;3151;3254;1295;2365;3104;2857;3286;1044;889;808;781,98.9,0.0,9731.2,0,0,0,0,0,0.0,0,0,0,0,0,0,0,0,0.0,0,0,0,0,0,0.0,0.0,0.0,0,0,0,66.1,19.87,13.09,0.39,43.76,24.7,63.4,76.3918600877126,18.487894972165424,39.99633063077927,45.20387367258469,29.8654229482015,1799.0,0.0,0.0,63.42757559008896,0.0,3.4143386855721474,14.2,99.4,0.0,0.0,0.0,450.0,9731.2,0.0,0.0,113.556,1.073,114.629,7.94,0.508,114.121,emon,0.592,0.458,146.2,67.7,2.16
2026-09-17 22:19:25.852,18.2,0,98,98;3;0;88;29;5;3;3;58;2;0;0;3;0;0;0,976,4708,4597;4606;4708;4599;2956;3414;3393;1497;3241;3441;3311;3348;2282;1027;1237;976,89.9,0.0,9147.1,0,0,0,0,0,0.0,0,0,0,0,0,0,0,0,0.0,0,0,0,0,0,0.0,0.0,0.0,0,0,0,74.1,19.87,13.09,0.39,43.76,16.2,63.4,64.59115524291992,11.682957940362394,25.78329758644104,28.748869848251342,19.235496520996094,1769.0,0.0,0.0,40.0012370957993,0.0,20.001406803913415,14.2,99.2,0.0,0.0,0.0,450.0,9731.2,0.0,0.0,113.073,1.063,114.136,9.61,0.615,113.521,emon,0.589,0.445,146.5,68.0,2.153
